ISO-10303-21;
HEADER;
FILE_DESCRIPTION (( 'STEP AP214' ),
    '1' );
FILE_NAME ('2027-Acrylic.STEP',
    '2026-09-21T20:10:01',
    ( '' ),
    ( '' ),
    'SwSTEP 2.0',
    'SolidWorks 2026',
    '' );
FILE_SCHEMA (( 'AUTOMOTIVE_DESIGN' ));
ENDSEC;

DATA;
#1 = B_SPLINE_CURVE_WITH_KNOTS ( 'NONE', 3,
 ( #2568, #140, #2324, #2908 ),
 .UNSPECIFIED., .F., .F.,
 ( 4, 4 ),
 ( 0.3105004705214383653, 1.000000000000000000 ),
 .UNSPECIFIED. ) ;
#2 = CARTESIAN_POINT ( 'NONE',  ( 0.6670199568501411491, 1.506290679048967629, 0.1181102362204724532 ) ) ;
#3 = CARTESIAN_POINT ( 'NONE',  ( 3.450374252454345037, 0.9075070660998963978, 0.05905511811023622659 ) ) ;
#4 = CARTESIAN_POINT ( 'NONE',  ( 2.136309745402125149, 3.446031332105807365, 0.1181102362204724532 ) ) ;
#5 = CARTESIAN_POINT ( 'NONE',  ( 0.000000000000000000, 2.106710039370078835, 0.1181102362204724532 ) ) ;
#6 = B_SPLINE_CURVE_WITH_KNOTS ( 'NONE', 3,
 ( #2173, #754, #129, #84 ),
 .UNSPECIFIED., .F., .F.,
 ( 4, 4 ),
 ( 0.1710381504367589622, 1.000000000000000000 ),
 .UNSPECIFIED. ) ;
#7 = ORIENTED_EDGE ( 'NONE', *, *, #1171, .T. ) ;
#8 = VERTEX_POINT ( 'NONE', #487 ) ;
#9 = CARTESIAN_POINT ( 'NONE',  ( 4.909358984080811616, 0.09254090603421960548, 0.1181102362204724532 ) ) ;
#10 = EDGE_CURVE ( 'NONE', #2792, #3790, #171, .T. ) ;
#11 = EDGE_CURVE ( 'NONE', #4067, #1342, #3026, .T. ) ;
#12 = DIRECTION ( 'NONE',  ( 1.000000000000000000, 0.000000000000000000, 0.000000000000000000 ) ) ;
#13 = LINE ( 'NONE', #984, #3538 ) ;
#14 = CARTESIAN_POINT ( 'NONE',  ( 2.080417445798828258, 3.560693284765268807, 0.05905511811023622659 ) ) ;
#15 = ORIENTED_EDGE ( 'NONE', *, *, #3558, .T. ) ;
#16 = EDGE_CURVE ( 'NONE', #3308, #2768, #3674, .T. ) ;
#17 = CARTESIAN_POINT ( 'NONE',  ( 4.793311811023622582, 1.372818503937008217, 0.000000000000000000 ) ) ;
#18 = ORIENTED_EDGE ( 'NONE', *, *, #1252, .T. ) ;
#19 = ORIENTED_EDGE ( 'NONE', *, *, #3948, .T. ) ;
#20 = CARTESIAN_POINT ( 'NONE',  ( 0.8058036688313809925, 1.985966154392951655, 0.000000000000000000 ) ) ;
#21 = ORIENTED_EDGE ( 'NONE', *, *, #2731, .F. ) ;
#22 = CARTESIAN_POINT ( 'NONE',  ( 5.251709055118110037, 2.414856259842519837, 0.1181102362204724532 ) ) ;
#23 = DIRECTION ( 'NONE',  ( 0.1833940677872823721, 0.9830394783020841576, 0.000000000000000000 ) ) ;
#24 = CARTESIAN_POINT ( 'NONE',  ( 1.908017755590551534, 2.106710039370078835, 0.000000000000000000 ) ) ;
#25 = EDGE_LOOP ( 'NONE', ( #896, #4299, #3699, #3732 ) ) ;
#26 = CARTESIAN_POINT ( 'NONE',  ( 2.099675629606299498, 1.669219598425196960, 0.1181102362204724532 ) ) ;
#27 = CARTESIAN_POINT ( 'NONE',  ( 1.629765661829896795, 3.606907744607045885, 0.1181102362204724532 ) ) ;
#28 = ADVANCED_FACE ( 'NONE', ( #154 ), #1256, .F. ) ;
#29 = EDGE_CURVE ( 'NONE', #3154, #4377, #1663, .T. ) ;
#30 = VERTEX_POINT ( 'NONE', #2112 ) ;
#31 = B_SPLINE_SURFACE_WITH_KNOTS ( 'NONE', 3, 1, ( 
 ( #4382, #2634 ),
 ( #584, #2343 ),
 ( #1995, #1627 ),
 ( #294, #3721 ) ),
 .UNSPECIFIED., .F., .F., .F.,
 ( 4, 4 ),
 ( 2, 2 ),
 ( 0.000000000000000000, 1.000000000000000000 ),
 ( 0.000000000000000000, 1.000000000000000000 ),
 .UNSPECIFIED. ) ;
#32 = CARTESIAN_POINT ( 'NONE',  ( 0.7167363779527559098, 0.7402551181102362543, 0.1181102362204724532 ) ) ;
#33 = CARTESIAN_POINT ( 'NONE',  ( 3.488060162796679187, 2.079767046007343190, 0.1181102362204724532 ) ) ;
#34 = VERTEX_POINT ( 'NONE', #1021 ) ;
#35 = B_SPLINE_CURVE_WITH_KNOTS ( 'NONE', 3,
 ( #4216, #1480, #1459, #60 ),
 .UNSPECIFIED., .F., .F.,
 ( 4, 4 ),
 ( 0.000000000000000000, 1.000000000000000000 ),
 .UNSPECIFIED. ) ;
#36 = CARTESIAN_POINT ( 'NONE',  ( 2.814616672190511260, 0.8524973220412135344, 0.000000000000000000 ) ) ;
#37 = LINE ( 'NONE', #608, #4109 ) ;
#38 = VERTEX_POINT ( 'NONE', #3476 ) ;
#39 = EDGE_CURVE ( 'NONE', #34, #1440, #3493, .T. ) ;
#40 = ORIENTED_EDGE ( 'NONE', *, *, #613, .T. ) ;
#41 = DIRECTION ( 'NONE',  ( -0.000000000000000000, 0.000000000000000000, 1.000000000000000000 ) ) ;
#42 = ORIENTED_EDGE ( 'NONE', *, *, #1443, .T. ) ;
#43 = AXIS2_PLACEMENT_3D ( 'NONE', #3080, #1024, #4462 ) ;
#44 = CARTESIAN_POINT ( 'NONE',  ( 0.000000000000000000, 2.775596385826771595, 0.000000000000000000 ) ) ;
#45 = CARTESIAN_POINT ( 'NONE',  ( 3.302202030877718020, 1.514101488188976052, 0.1181102362204724532 ) ) ;
#46 = CARTESIAN_POINT ( 'NONE',  ( 2.345849531244832864, 2.865962983192124724, 0.1181102362204724532 ) ) ;
#47 = DIRECTION ( 'NONE',  ( 0.000000000000000000, -0.000000000000000000, -1.000000000000000000 ) ) ;
#48 = CIRCLE ( 'NONE', #626, 0.02755905511811047870 ) ;
#49 = VECTOR ( 'NONE', #723, 39.37007874015748143 ) ;
#50 = ORIENTED_EDGE ( 'NONE', *, *, #4090, .F. ) ;
#51 = ORIENTED_EDGE ( 'NONE', *, *, #4096, .T. ) ;
#52 = DIRECTION ( 'NONE',  ( -0.000000000000000000, 0.000000000000000000, 1.000000000000000000 ) ) ;
#53 = VECTOR ( 'NONE', #1277, 39.37007874015748143 ) ;
#54 = VECTOR ( 'NONE', #1727, 39.37007874015748143 ) ;
#55 = CARTESIAN_POINT ( 'NONE',  ( 0.04715960629921259889, 2.896697598425197473, 0.1181102362204724532 ) ) ;
#56 = AXIS2_PLACEMENT_3D ( 'NONE', #2288, #1576, #4304 ) ;
#57 = DIRECTION ( 'NONE',  ( 0.000000000000000000, 0.000000000000000000, -1.000000000000000000 ) ) ;
#58 = DIRECTION ( 'NONE',  ( 0.2681464118402657748, -0.9633781717566527458, 0.000000000000000000 ) ) ;
#59 = VERTEX_POINT ( 'NONE', #300 ) ;
#60 = CARTESIAN_POINT ( 'NONE',  ( 0.2847733858267716411, 2.447542480314961022, 0.1181102362204724532 ) ) ;
#61 = CARTESIAN_POINT ( 'NONE',  ( 0.8442592125984252904, 0.2939051181102362298, 0.1181102362204724532 ) ) ;
#62 = AXIS2_PLACEMENT_3D ( 'NONE', #2140, #4091, #905 ) ;
#63 = VERTEX_POINT ( 'NONE', #4478 ) ;
#64 = AXIS2_PLACEMENT_3D ( 'NONE', #330, #2408, #3826 ) ;
#65 = CARTESIAN_POINT ( 'NONE',  ( 5.355396850393701946, 3.553867125984252251, 0.000000000000000000 ) ) ;
#66 = ORIENTED_EDGE ( 'NONE', *, *, #234, .F. ) ;
#67 = LINE ( 'NONE', #3880, #2820 ) ;
#68 = EDGE_CURVE ( 'NONE', #3776, #868, #3158, .T. ) ;
#69 = ADVANCED_FACE ( 'NONE', ( #1748 ), #4116, .F. ) ;
#70 = VERTEX_POINT ( 'NONE', #24 ) ;
#71 = CARTESIAN_POINT ( 'NONE',  ( 3.854345147520894521, 3.206636943960361030, 0.000000000000000000 ) ) ;
#72 = CARTESIAN_POINT ( 'NONE',  ( 3.439905877247497301, -0.07659755241642189627, 0.000000000000000000 ) ) ;
#73 = ADVANCED_FACE ( 'NONE', ( #2797 ), #2049, .F. ) ;
#74 = CARTESIAN_POINT ( 'NONE',  ( 3.617370816464731575, 3.425058420156666728, 0.000000000000000000 ) ) ;
#75 = CARTESIAN_POINT ( 'NONE',  ( 5.462799911449456758, 5.344942815983156237, 0.1181102362204724532 ) ) ;
#76 = ORIENTED_EDGE ( 'NONE', *, *, #114, .F. ) ;
#77 = ORIENTED_EDGE ( 'NONE', *, *, #2227, .T. ) ;
#78 = CARTESIAN_POINT ( 'NONE',  ( 3.428161929133858532, 0.4360153543307087043, 0.1181102362204724532 ) ) ;
#79 = CARTESIAN_POINT ( 'NONE',  ( 1.729989171373806034, -0.5611574331023199136, 0.000000000000000000 ) ) ;
#80 = CARTESIAN_POINT ( 'NONE',  ( 3.428161929133858532, 0.4360153543307087043, 0.1181102362204724532 ) ) ;
#81 = DIRECTION ( 'NONE',  ( 0.000000000000000000, -0.000000000000000000, -1.000000000000000000 ) ) ;
#82 = ORIENTED_EDGE ( 'NONE', *, *, #2403, .T. ) ;
#83 = DIRECTION ( 'NONE',  ( 1.000000000000000000, 0.000000000000000000, 0.000000000000000000 ) ) ;
#84 = CARTESIAN_POINT ( 'NONE',  ( 4.793311811023622582, 1.372818503937008217, 0.000000000000000000 ) ) ;
#85 = VERTEX_POINT ( 'NONE', #4158 ) ;
#86 = CARTESIAN_POINT ( 'NONE',  ( 1.098632834645669298, 0.04024291338582677846, 0.1181102362204724532 ) ) ;
#87 = FACE_OUTER_BOUND ( 'NONE', #2774, .T. ) ;
#88 = VERTEX_POINT ( 'NONE', #2778 ) ;
#89 = LINE ( 'NONE', #4290, #3259 ) ;
#90 = VERTEX_POINT ( 'NONE', #2093 ) ;
#91 = EDGE_CURVE ( 'NONE', #3277, #1109, #4178, .T. ) ;
#92 = EDGE_CURVE ( 'NONE', #2845, #3389, #1060, .T. ) ;
#93 = LINE ( 'NONE', #791, #3021 ) ;
#94 = CARTESIAN_POINT ( 'NONE',  ( 2.734781535433071120, 3.584122244094487986, 0.1181102362204724532 ) ) ;
#95 = CARTESIAN_POINT ( 'NONE',  ( 4.832369685039370033, 1.022982677165354515, 0.1181102362204724532 ) ) ;
#96 = ORIENTED_EDGE ( 'NONE', *, *, #2683, .F. ) ;
#97 = EDGE_CURVE ( 'NONE', #2211, #2345, #2675, .T. ) ;
#98 = DIRECTION ( 'NONE',  ( 1.000000000000000000, 0.000000000000000000, 0.000000000000000000 ) ) ;
#99 = CARTESIAN_POINT ( 'NONE',  ( 4.100602095883235876, 1.714747270605580631, 0.1181102362204724671 ) ) ;
#100 = VERTEX_POINT ( 'NONE', #3118 ) ;
#101 = CARTESIAN_POINT ( 'NONE',  ( 1.944557519370078813, 2.333435236220472664, 0.000000000000000000 ) ) ;
#102 = CARTESIAN_POINT ( 'NONE',  ( 2.094890444966869048, 1.011633662972358572, 0.000000000000000000 ) ) ;
#103 = CARTESIAN_POINT ( 'NONE',  ( 5.251709055118110037, 2.414856259842519837, 0.1181102362204724532 ) ) ;
#104 = DIRECTION ( 'NONE',  ( -0.000000000000000000, -0.000000000000000000, -1.000000000000000000 ) ) ;
#105 = VERTEX_POINT ( 'NONE', #3077 ) ;
#106 = CARTESIAN_POINT ( 'NONE',  ( 4.926066141732283299, 1.588236968503937252, 0.000000000000000000 ) ) ;
#107 = CARTESIAN_POINT ( 'NONE',  ( 1.880458700472441347, 2.134269094488189022, 0.000000000000000000 ) ) ;
#108 = ORIENTED_EDGE ( 'NONE', *, *, #1229, .T. ) ;
#109 = CARTESIAN_POINT ( 'NONE',  ( 1.972116574488189222, 2.079150984251968648, 0.1181102362204724532 ) ) ;
#110 = ORIENTED_EDGE ( 'NONE', *, *, #4369, .F. ) ;
#111 = B_SPLINE_SURFACE_WITH_KNOTS ( 'NONE', 3, 1, ( 
 ( #3116, #2433 ),
 ( #3055, #2000 ),
 ( #319, #1382 ),
 ( #4, #1402 ) ),
 .UNSPECIFIED., .F., .F., .F.,
 ( 4, 4 ),
 ( 2, 2 ),
 ( 0.000000000000000000, 0.8590043082958951359 ),
 ( 0.000000000000000000, 1.000000000000000000 ),
 .UNSPECIFIED. ) ;
#112 = LINE ( 'NONE', #2549, #4325 ) ;
#113 = DIRECTION ( 'NONE',  ( 1.000000000000000000, 0.000000000000000000, 0.000000000000000000 ) ) ;
#114 = EDGE_CURVE ( 'NONE', #2715, #1214, #1768, .T. ) ;
#115 = CARTESIAN_POINT ( 'NONE',  ( 2.894249662104146470, 0.8594956149372176002, 0.000000000000000000 ) ) ;
#116 = VERTEX_POINT ( 'NONE', #639 ) ;
#117 = VECTOR ( 'NONE', #4235, 39.37007874015748143 ) ;
#118 = CARTESIAN_POINT ( 'NONE',  ( 5.197130314960630493, 4.377235236220473169, 0.000000000000000000 ) ) ;
#119 = DIRECTION ( 'NONE',  ( -0.000000000000000000, -0.000000000000000000, -1.000000000000000000 ) ) ;
#120 = CIRCLE ( 'NONE', #1049, 0.1275590551181104981 ) ;
#121 = EDGE_CURVE ( 'NONE', #199, #2269, #2027, .T. ) ;
#122 = ADVANCED_FACE ( 'NONE', ( #4459 ), #2397, .F. ) ;
#123 = DIMENSIONAL_EXPONENTS ( 1.000000000000000000, 0.000000000000000000, 0.000000000000000000, 0.000000000000000000, 0.000000000000000000, 0.000000000000000000, 0.000000000000000000 ) ;
#124 = AXIS2_PLACEMENT_3D ( 'NONE', #3883, #763, #2158 ) ;
#125 = CLOSED_SHELL ( 'NONE', ( #1247, #690, #1925, #148, #3424, #1114, #1372, #1754, #1504, #1471, #2783, #4472, #2791, #1584, #122, #2624, #3282, #615, #3559, #2293, #2431, #2816, #1983, #3757, #2138, #2569, #913, #1892, #977, #4174, #474, #808, #2979, #3181, #172, #4279, #1279, #3780, #1978, #724, #1551, #3730, #528, #2895, #2841, #642, #1307, #2597, #3583, #2015, #310, #3670, #2871, #507, #230, #4451, #3233, #1694, #3923, #3893, #4258, #1287, #3393, #1814, #28, #4335, #2485, #3314, #149, #2730, #1917, #2566, #2060, #2064, #1192, #2325, #2896, #4145, #4115, #3869, #830, #3124, #3702, #3119, #1924, #292, #3519, #346, #4473, #3724, #781, #1759, #1497, #4070, #3444, #529, #2674, #4480, #69, #3091, #3066, #2763, #3092, #4141, #3366, #1614, #620, #473, #3979, #73, #1446, #2511, #4250, #4481, #1783, #3442, #203, #1366, #3006, #2059, #4431, #4003, #590, #2347, #3531 ) ) ;
#126 = ORIENTED_EDGE ( 'NONE', *, *, #4392, .F. ) ;
#127 = FACE_OUTER_BOUND ( 'NONE', #3218, .T. ) ;
#128 = LINE ( 'NONE', #778, #3329 ) ;
#129 = CARTESIAN_POINT ( 'NONE',  ( 4.754899872910218761, 1.513014522749034141, 0.000000000000000000 ) ) ;
#130 = DIRECTION ( 'NONE',  ( -0.9633781717566526348, -0.2681464118402657748, 0.000000000000000000 ) ) ;
#131 = AXIS2_PLACEMENT_3D ( 'NONE', #1541, #4416, #1613 ) ;
#132 = VECTOR ( 'NONE', #3267, 39.37007874015748143 ) ;
#133 = CARTESIAN_POINT ( 'NONE',  ( 0.6486851968503937194, 1.924837755905511871, 0.000000000000000000 ) ) ;
#134 = DIRECTION ( 'NONE',  ( -0.000000000000000000, 0.000000000000000000, 1.000000000000000000 ) ) ;
#135 = CIRCLE ( 'NONE', #1575, 0.1275590551181104981 ) ;
#136 = VERTEX_POINT ( 'NONE', #975 ) ;
#137 = FACE_OUTER_BOUND ( 'NONE', #1076, .T. ) ;
#138 = ORIENTED_EDGE ( 'NONE', *, *, #1774, .T. ) ;
#139 = AXIS2_PLACEMENT_3D ( 'NONE', #541, #297, #3363 ) ;
#140 = CARTESIAN_POINT ( 'NONE',  ( 2.584461630334182747, 0.8589621062549067654, 0.000000000000000000 ) ) ;
#141 = CIRCLE ( 'NONE', #4128, 0.02755905511811020808 ) ;
#142 = DIRECTION ( 'NONE',  ( 0.000000000000000000, 0.000000000000000000, 1.000000000000000000 ) ) ;
#143 = CARTESIAN_POINT ( 'NONE',  ( 2.814616672190511260, 0.8524973220412135344, 0.000000000000000000 ) ) ;
#144 = ORIENTED_EDGE ( 'NONE', *, *, #450, .F. ) ;
#145 = VECTOR ( 'NONE', #4301, 39.37007874015748143 ) ;
#146 = CARTESIAN_POINT ( 'NONE',  ( 5.136474409448819500, 4.528952952755905592, 0.000000000000000000 ) ) ;
#147 = FACE_OUTER_BOUND ( 'NONE', #2985, .T. ) ;
#148 = ADVANCED_FACE ( 'NONE', ( #1339 ), #2736, .T. ) ;
#149 = ADVANCED_FACE ( 'NONE', ( #3814 ), #3653, .F. ) ;
#150 = EDGE_LOOP ( 'NONE', ( #2359, #2468, #378, #731 ) ) ;
#151 = DIRECTION ( 'NONE',  ( 0.000000000000000000, -0.000000000000000000, -1.000000000000000000 ) ) ;
#152 = CARTESIAN_POINT ( 'NONE',  ( 5.662496062992127044, 3.542033661417322676, 0.000000000000000000 ) ) ;
#153 = DIRECTION ( 'NONE',  ( 1.000000000000000000, 0.000000000000000000, 0.000000000000000000 ) ) ;
#154 = FACE_OUTER_BOUND ( 'NONE', #4017, .T. ) ;
#155 = EDGE_CURVE ( 'NONE', #1623, #674, #1913, .T. ) ;
#156 = CARTESIAN_POINT ( 'NONE',  ( 0.000000000000000000, 1.541660543307086684, 0.1181102362204724532 ) ) ;
#157 = DIRECTION ( 'NONE',  ( 0.000000000000000000, -1.000000000000000000, 0.000000000000000000 ) ) ;
#158 = ORIENTED_EDGE ( 'NONE', *, *, #3145, .T. ) ;
#159 = CARTESIAN_POINT ( 'NONE',  ( 3.329761085995828207, 1.541660543307086684, 0.1181102362204724532 ) ) ;
#160 = VERTEX_POINT ( 'NONE', #2528 ) ;
#161 = DIRECTION ( 'NONE',  ( -0.000000000000000000, -0.000000000000000000, -1.000000000000000000 ) ) ;
#162 = DIRECTION ( 'NONE',  ( 0.000000000000000000, -0.000000000000000000, -1.000000000000000000 ) ) ;
#163 = CARTESIAN_POINT ( 'NONE',  ( 2.376754713219551451, 0.8011040263867884592, 0.1181102362204724532 ) ) ;
#164 = ORIENTED_EDGE ( 'NONE', *, *, #2065, .T. ) ;
#165 = CARTESIAN_POINT ( 'NONE',  ( 4.466587007874016635, 0.2578145669291339037, 0.000000000000000000 ) ) ;
#166 = CARTESIAN_POINT ( 'NONE',  ( 2.415004198122984835, 2.803155440944882226, 0.000000000000000000 ) ) ;
#167 = VERTEX_POINT ( 'NONE', #3885 ) ;
#168 = LINE ( 'NONE', #939, #4322 ) ;
#169 = DIRECTION ( 'NONE',  ( 0.000000000000000000, 0.000000000000000000, 1.000000000000000000 ) ) ;
#170 = CARTESIAN_POINT ( 'NONE',  ( 4.100609935011651608, 2.552379900811421187, 0.1181102362204724532 ) ) ;
#171 = LINE ( 'NONE', #3265, #2305 ) ;
#172 = ADVANCED_FACE ( 'NONE', ( #3933 ), #2280, .F. ) ;
#173 = CARTESIAN_POINT ( 'NONE',  ( 5.504610778162942530, 5.331833637462747966, 0.000000000000000000 ) ) ;
#174 = DIRECTION ( 'NONE',  ( 1.000000000000000000, 0.000000000000000000, 0.000000000000000000 ) ) ;
#175 = VERTEX_POINT ( 'NONE', #765 ) ;
#176 = DIRECTION ( 'NONE',  ( -1.000000000000000000, 0.000000000000000000, 0.000000000000000000 ) ) ;
#177 = VERTEX_POINT ( 'NONE', #75 ) ;
#178 = EDGE_CURVE ( 'NONE', #3031, #2794, #3975, .T. ) ;
#179 = EDGE_CURVE ( 'NONE', #1519, #3171, #3245, .T. ) ;
#180 = ORIENTED_EDGE ( 'NONE', *, *, #388, .F. ) ;
#181 = CARTESIAN_POINT ( 'NONE',  ( 2.490383954750978734, 0.7431410380958324291, 0.1181102362204724532 ) ) ;
#182 = DIRECTION ( 'NONE',  ( 0.000000000000000000, -1.000000000000000000, 0.000000000000000000 ) ) ;
#183 = CARTESIAN_POINT ( 'NONE',  ( 0.3438328346456693274, 4.263877362204724797, 0.000000000000000000 ) ) ;
#184 = ORIENTED_EDGE ( 'NONE', *, *, #1528, .T. ) ;
#185 = CARTESIAN_POINT ( 'NONE',  ( 4.762624651742674686, 1.828573427550545860, 0.05905511811023622659 ) ) ;
#186 = CARTESIAN_POINT ( 'NONE',  ( 2.339371069028487682, 2.892749753178713856, 0.000000000000000000 ) ) ;
#187 = CARTESIAN_POINT ( 'NONE',  ( 2.490383954750978734, 0.7431410380958324291, 0.05905511811023622659 ) ) ;
#188 = ORIENTED_EDGE ( 'NONE', *, *, #553, .T. ) ;
#189 = DIRECTION ( 'NONE',  ( -1.000000000000000000, 0.000000000000000000, 0.000000000000000000 ) ) ;
#190 = LINE ( 'NONE', #3009, #53 ) ;
#191 = AXIS2_PLACEMENT_3D ( 'NONE', #4434, #1291, #2687 ) ;
#192 = VECTOR ( 'NONE', #1609, 39.37007874015748143 ) ;
#193 = LINE ( 'NONE', #173, #2311 ) ;
#194 = FACE_OUTER_BOUND ( 'NONE', #1163, .T. ) ;
#195 = VERTEX_POINT ( 'NONE', #1862 ) ;
#196 = LINE ( 'NONE', #1306, #353 ) ;
#197 = VECTOR ( 'NONE', #3365, 39.37007874015748143 ) ;
#198 = CIRCLE ( 'NONE', #1488, 0.02755905511811020808 ) ;
#199 = VERTEX_POINT ( 'NONE', #3253 ) ;
#200 = VECTOR ( 'NONE', #894, 39.37007874015748143 ) ;
#201 = EDGE_CURVE ( 'NONE', #1711, #2242, #882, .T. ) ;
#202 = VERTEX_POINT ( 'NONE', #3912 ) ;
#203 = ADVANCED_FACE ( 'NONE', ( #1428 ), #793, .T. ) ;
#204 = LINE ( 'NONE', #1606, #3908 ) ;
#205 = DIRECTION ( 'NONE',  ( 0.000000000000000000, 0.000000000000000000, -1.000000000000000000 ) ) ;
#206 = CARTESIAN_POINT ( 'NONE',  ( 0.000000000000000000, 1.541660543307086684, 0.1181102362204724532 ) ) ;
#207 = AXIS2_PLACEMENT_3D ( 'NONE', #4346, #2830, #4256 ) ;
#208 = EDGE_LOOP ( 'NONE', ( #1789, #3465, #2133, #3916 ) ) ;
#209 = CIRCLE ( 'NONE', #2756, 0.02755905511811047870 ) ;
#210 = B_SPLINE_SURFACE_WITH_KNOTS ( 'NONE', 3, 1, ( 
 ( #314, #1761 ),
 ( #2123, #393 ),
 ( #2876, #2854 ),
 ( #3898, #3962 ) ),
 .UNSPECIFIED., .F., .F., .F.,
 ( 4, 4 ),
 ( 2, 2 ),
 ( 0.1411526523680503853, 1.000000000000000000 ),
 ( 0.000000000000000000, 1.000000000000000000 ),
 .UNSPECIFIED. ) ;
#211 = EDGE_CURVE ( 'NONE', #521, #2134, #3604, .T. ) ;
#212 = CARTESIAN_POINT ( 'NONE',  ( 0.000000000000000000, 2.775596385826771595, 0.1181102362204724532 ) ) ;
#213 = DIRECTION ( 'NONE',  ( -0.02232566940930677188, -0.9997507511802260494, 0.000000000000000000 ) ) ;
#214 = DIRECTION ( 'NONE',  ( -0.000000000000000000, 0.000000000000000000, 1.000000000000000000 ) ) ;
#215 = B_SPLINE_SURFACE_WITH_KNOTS ( 'NONE', 3, 1, ( 
 ( #2864, #1451 ),
 ( #1841, #1175 ),
 ( #2571, #3226 ),
 ( #2478, #2225 ) ),
 .UNSPECIFIED., .F., .F., .F.,
 ( 4, 4 ),
 ( 2, 2 ),
 ( 0.000000000000000000, 0.9389423421198528352 ),
 ( 0.000000000000000000, 1.000000000000000000 ),
 .UNSPECIFIED. ) ;
#216 = ORIENTED_EDGE ( 'NONE', *, *, #3671, .F. ) ;
#217 = CARTESIAN_POINT ( 'NONE',  ( 2.335716377795114429, 1.426622691621056038, 0.000000000000000000 ) ) ;
#218 = CARTESIAN_POINT ( 'NONE',  ( 0.9725150138493307006, 0.03199806405963178529, 0.1181102362204724532 ) ) ;
#219 = DIRECTION ( 'NONE',  ( -0.000000000000000000, 0.000000000000000000, 1.000000000000000000 ) ) ;
#220 = CYLINDRICAL_SURFACE ( 'NONE', #1063, 0.02755905511811020808 ) ;
#221 = FACE_OUTER_BOUND ( 'NONE', #3319, .T. ) ;
#222 = ORIENTED_EDGE ( 'NONE', *, *, #503, .F. ) ;
#223 = DIRECTION ( 'NONE',  ( 0.000000000000000000, 0.000000000000000000, -1.000000000000000000 ) ) ;
#224 = VERTEX_POINT ( 'NONE', #2551 ) ;
#225 = DIRECTION ( 'NONE',  ( 0.000000000000000000, -0.000000000000000000, 1.000000000000000000 ) ) ;
#226 = LINE ( 'NONE', #2223, #3384 ) ;
#227 = CARTESIAN_POINT ( 'NONE',  ( 1.908017755590551534, 2.333435236220472664, 0.000000000000000000 ) ) ;
#228 = CARTESIAN_POINT ( 'NONE',  ( 0.5148119685039370674, 4.612122637795275537, 0.1181102362204724532 ) ) ;
#229 = EDGE_CURVE ( 'NONE', #1585, #3096, #1257, .T. ) ;
#230 = ADVANCED_FACE ( 'NONE', ( #4207 ), #215, .F. ) ;
#231 = CARTESIAN_POINT ( 'NONE',  ( 1.859997691266500164, 3.636893515309219893, 0.000000000000000000 ) ) ;
#232 = LINE ( 'NONE', #1246, #4471 ) ;
#233 = DIRECTION ( 'NONE',  ( -0.000000000000000000, -0.000000000000000000, -1.000000000000000000 ) ) ;
#234 = EDGE_CURVE ( 'NONE', #1078, #1797, #771, .T. ) ;
#235 = ORIENTED_EDGE ( 'NONE', *, *, #11, .T. ) ;
#236 = DIRECTION ( 'NONE',  ( 1.000000000000000000, 0.000000000000000000, 0.000000000000000000 ) ) ;
#237 = CARTESIAN_POINT ( 'NONE',  ( 4.795487133006938407, 0.1500258090578374393, 0.05905511811023622659 ) ) ;
#238 = CARTESIAN_POINT ( 'NONE',  ( 1.615032047244094437, 3.940995472440945502, 0.1181102362204724532 ) ) ;
#239 = CARTESIAN_POINT ( 'NONE',  ( 3.303220683998364660, 1.500454054644830393, 0.1181102362204724532 ) ) ;
#240 = DIRECTION ( 'NONE',  ( 1.000000000000000000, 0.000000000000000000, 0.000000000000000000 ) ) ;
#241 = ORIENTED_EDGE ( 'NONE', *, *, #258, .F. ) ;
#242 = LINE ( 'NONE', #4402, #2462 ) ;
#243 = ORIENTED_EDGE ( 'NONE', *, *, #3478, .T. ) ;
#244 = B_SPLINE_SURFACE_WITH_KNOTS ( 'NONE', 3, 1, ( 
 ( #3340, #3019 ),
 ( #1242, #2950 ),
 ( #2659, #4044 ),
 ( #1221, #2570 ) ),
 .UNSPECIFIED., .F., .F., .F.,
 ( 4, 4 ),
 ( 2, 2 ),
 ( 0.000000000000000000, 0.8732491571693179466 ),
 ( 0.000000000000000000, 1.000000000000000000 ),
 .UNSPECIFIED. ) ;
#245 = VERTEX_POINT ( 'NONE', #2844 ) ;
#246 = CARTESIAN_POINT ( 'NONE',  ( 4.044353149606299880, 0.3633629921259842743, 0.000000000000000000 ) ) ;
#247 = CARTESIAN_POINT ( 'NONE',  ( 2.071929983495680805, 0.6973585207874659631, 0.1181102362204724532 ) ) ;
#248 = CARTESIAN_POINT ( 'NONE',  ( 0.5148119685039370674, 4.612122637795275537, 0.000000000000000000 ) ) ;
#249 = B_SPLINE_SURFACE_WITH_KNOTS ( 'NONE', 3, 1, ( 
 ( #3716, #1259 ),
 ( #1944, #4034 ),
 ( #1920, #3039 ),
 ( #4400, #2266 ) ),
 .UNSPECIFIED., .F., .F., .F.,
 ( 4, 4 ),
 ( 2, 2 ),
 ( 0.000000000000000000, 1.000000000000000000 ),
 ( 0.000000000000000000, 1.000000000000000000 ),
 .UNSPECIFIED. ) ;
#250 = CARTESIAN_POINT ( 'NONE',  ( 0.2721564566929133844, 3.485636811023621995, 0.000000000000000000 ) ) ;
#251 = CARTESIAN_POINT ( 'NONE',  ( 4.858257480314960297, 1.756363346456693009, 0.1181102362204724532 ) ) ;
#252 = DIRECTION ( 'NONE',  ( 0.3391971625797189915, -0.9407153049131642408, 0.000000000000000000 ) ) ;
#253 = CARTESIAN_POINT ( 'NONE',  ( 5.455396062992125650, 2.761503503937008386, 0.000000000000000000 ) ) ;
#254 = CARTESIAN_POINT ( 'NONE',  ( 4.858257480314960297, 1.756363346456693009, 0.1181102362204724532 ) ) ;
#255 = ORIENTED_EDGE ( 'NONE', *, *, #1583, .F. ) ;
#256 = VERTEX_POINT ( 'NONE', #1492 ) ;
#257 = LINE ( 'NONE', #2696, #1707 ) ;
#258 = EDGE_CURVE ( 'NONE', #90, #4198, #742, .T. ) ;
#259 = EDGE_CURVE ( 'NONE', #2933, #899, #3165, .T. ) ;
#260 = CARTESIAN_POINT ( 'NONE',  ( 2.343002089070563176, 1.453201253098566958, 0.1181102362204724532 ) ) ;
#261 = CARTESIAN_POINT ( 'NONE',  ( 1.798519526670627533, 3.212735598208155352, 0.1181102362204724532 ) ) ;
#262 = CIRCLE ( 'NONE', #399, 0.02755905511811020808 ) ;
#263 = DIRECTION ( 'NONE',  ( 0.000000000000000000, 0.000000000000000000, -1.000000000000000000 ) ) ;
#264 = DIRECTION ( 'NONE',  ( 1.000000000000000000, 0.000000000000000000, 0.000000000000000000 ) ) ;
#265 = VERTEX_POINT ( 'NONE', #3977 ) ;
#266 = CARTESIAN_POINT ( 'NONE',  ( 2.443697689659045214, 0.2940749330170677189, 0.1181102362204724532 ) ) ;
#267 = ORIENTED_EDGE ( 'NONE', *, *, #4227, .F. ) ;
#268 = AXIS2_PLACEMENT_3D ( 'NONE', #1096, #3722, #631 ) ;
#269 = AXIS2_PLACEMENT_3D ( 'NONE', #4057, #219, #940 ) ;
#270 = VERTEX_POINT ( 'NONE', #1930 ) ;
#271 = B_SPLINE_CURVE_WITH_KNOTS ( 'NONE', 3,
 ( #3212, #3616, #99, #1474 ),
 .UNSPECIFIED., .F., .F.,
 ( 4, 4 ),
 ( 0.09453881552354684303, 1.000000000000000222 ),
 .UNSPECIFIED. ) ;
#272 = FACE_OUTER_BOUND ( 'NONE', #382, .T. ) ;
#273 = CARTESIAN_POINT ( 'NONE',  ( 2.147616080243297532, 0.8387088206537389734, 0.1181102362204724532 ) ) ;
#274 = EDGE_LOOP ( 'NONE', ( #77, #2545, #1260, #744 ) ) ;
#275 = VECTOR ( 'NONE', #3665, 39.37007874015748143 ) ;
#276 = CIRCLE ( 'NONE', #3248, 0.1275590551181102206 ) ;
#277 = CARTESIAN_POINT ( 'NONE',  ( 1.098634015748031656, 0.04023818897637792408, 0.1181102362204724532 ) ) ;
#278 = DIRECTION ( 'NONE',  ( -0.000000000000000000, -0.000000000000000000, -1.000000000000000000 ) ) ;
#279 = VECTOR ( 'NONE', #4190, 39.37007874015748143 ) ;
#280 = PLANE ( 'NONE',  #3107 ) ;
#281 = VERTEX_POINT ( 'NONE', #3634 ) ;
#282 = ORIENTED_EDGE ( 'NONE', *, *, #3843, .F. ) ;
#283 = ORIENTED_EDGE ( 'NONE', *, *, #923, .T. ) ;
#284 = CARTESIAN_POINT ( 'NONE',  ( 4.820394094488190007, 1.838705078740157539, 0.000000000000000000 ) ) ;
#285 = CARTESIAN_POINT ( 'NONE',  ( 4.417581889763779301, 3.992921850393700733, 0.000000000000000000 ) ) ;
#286 = EDGE_CURVE ( 'NONE', #4230, #671, #4022, .T. ) ;
#287 = EDGE_CURVE ( 'NONE', #604, #4310, #2011, .T. ) ;
#288 = LINE ( 'NONE', #2747, #636 ) ;
#289 = ORIENTED_EDGE ( 'NONE', *, *, #4391, .T. ) ;
#290 = CARTESIAN_POINT ( 'NONE',  ( 2.734781535433071120, 3.584122244094487986, 0.000000000000000000 ) ) ;
#291 = ORIENTED_EDGE ( 'NONE', *, *, #1248, .F. ) ;
#292 = ADVANCED_FACE ( 'NONE', ( #1560 ), #862, .F. ) ;
#293 = ORIENTED_EDGE ( 'NONE', *, *, #3343, .T. ) ;
#294 = CARTESIAN_POINT ( 'NONE',  ( 5.136474409448819500, 4.528952952755905592, 0.1181102362204724532 ) ) ;
#295 = CARTESIAN_POINT ( 'NONE',  ( 3.321263777293349762, 2.803155440944882226, 0.000000000000000000 ) ) ;
#296 = ORIENTED_EDGE ( 'NONE', *, *, #1148, .F. ) ;
#297 = DIRECTION ( 'NONE',  ( -0.000000000000000000, -0.000000000000000000, -1.000000000000000000 ) ) ;
#298 = DIRECTION ( 'NONE',  ( 0.9527883017438382174, -0.3036353932928320676, 0.000000000000000000 ) ) ;
#299 = CARTESIAN_POINT ( 'NONE',  ( 0.7398190014593554187, 0.1826887459110669576, 0.000000000000000000 ) ) ;
#300 = CARTESIAN_POINT ( 'NONE',  ( 5.062072440944882068, 2.559978307086614002, 0.1181102362204724532 ) ) ;
#301 = ORIENTED_EDGE ( 'NONE', *, *, #16, .T. ) ;
#302 = ORIENTED_EDGE ( 'NONE', *, *, #1722, .T. ) ;
#303 = CARTESIAN_POINT ( 'NONE',  ( 3.082484525502038331, 2.874430835471860401, 0.1181102362204724532 ) ) ;
#304 = DIRECTION ( 'NONE',  ( 1.000000000000000000, 7.495718723356557873E-15, 0.000000000000000000 ) ) ;
#305 = CARTESIAN_POINT ( 'NONE',  ( 5.462799911449456758, 5.344942815983157125, 0.1181102362204723977 ) ) ;
#306 = FACE_OUTER_BOUND ( 'NONE', #2339, .T. ) ;
#307 = ORIENTED_EDGE ( 'NONE', *, *, #3497, .F. ) ;
#308 = CARTESIAN_POINT ( 'NONE',  ( 1.615032047244094437, 3.940995472440945502, 0.1181102362204724532 ) ) ;
#309 = EDGE_CURVE ( 'NONE', #1273, #688, #1976, .T. ) ;
#310 = ADVANCED_FACE ( 'NONE', ( #3360 ), #3772, .F. ) ;
#311 = VERTEX_POINT ( 'NONE', #2618 ) ;
#312 = VERTEX_POINT ( 'NONE', #1630 ) ;
#313 = CARTESIAN_POINT ( 'NONE',  ( 2.584461630286509326, 0.8589621062585589550, 0.1181102362204724532 ) ) ;
#314 = CARTESIAN_POINT ( 'NONE',  ( 3.444115127050976000, 3.385483283007476807, 0.1181102362204724809 ) ) ;
#315 = EDGE_CURVE ( 'NONE', #160, #3723, #1243, .T. ) ;
#316 = EDGE_CURVE ( 'NONE', #4189, #4439, #2890, .T. ) ;
#317 = ORIENTED_EDGE ( 'NONE', *, *, #3175, .T. ) ;
#318 = DIRECTION ( 'NONE',  ( 0.000000000000000000, 0.000000000000000000, -1.000000000000000000 ) ) ;
#319 = CARTESIAN_POINT ( 'NONE',  ( 2.322326687537573875, 3.536705833526368803, 0.1181102362204724532 ) ) ;
#320 = CARTESIAN_POINT ( 'NONE',  ( 0.6486851968503937194, 1.924837755905511871, 0.1181102362204724532 ) ) ;
#321 = ORIENTED_EDGE ( 'NONE', *, *, #3835, .T. ) ;
#322 = ORIENTED_EDGE ( 'NONE', *, *, #1113, .T. ) ;
#323 = DIRECTION ( 'NONE',  ( 0.000000000000000000, 0.000000000000000000, -1.000000000000000000 ) ) ;
#324 = DIRECTION ( 'NONE',  ( -0.000000000000000000, -0.000000000000000000, -1.000000000000000000 ) ) ;
#325 = B_SPLINE_CURVE_WITH_KNOTS ( 'NONE', 3,
 ( #1772, #2463, #1134, #2135 ),
 .UNSPECIFIED., .F., .F.,
 ( 4, 4 ),
 ( 0.1000549881769160349, 1.000000000000000000 ),
 .UNSPECIFIED. ) ;
#326 = ORIENTED_EDGE ( 'NONE', *, *, #971, .F. ) ;
#327 = PLANE ( 'NONE',  #1210 ) ;
#328 = DIRECTION ( 'NONE',  ( -0.000000000000000000, 0.000000000000000000, 1.000000000000000000 ) ) ;
#329 = ORIENTED_EDGE ( 'NONE', *, *, #287, .T. ) ;
#330 = CARTESIAN_POINT ( 'NONE',  ( 3.568963819212598754, 0.000000000000000000, 0.1181102362204724532 ) ) ;
#331 = ORIENTED_EDGE ( 'NONE', *, *, #2870, .T. ) ;
#332 = VERTEX_POINT ( 'NONE', #163 ) ;
#333 = DIRECTION ( 'NONE',  ( -0.000000000000000000, 0.000000000000000000, 1.000000000000000000 ) ) ;
#334 = VECTOR ( 'NONE', #3866, 39.37007874015748143 ) ;
#335 = ORIENTED_EDGE ( 'NONE', *, *, #1977, .F. ) ;
#336 = B_SPLINE_CURVE_WITH_KNOTS ( 'NONE', 3,
 ( #1387, #2401, #2781, #1321 ),
 .UNSPECIFIED., .F., .F.,
 ( 4, 4 ),
 ( 0.3105004705214383653, 1.000000000000000000 ),
 .UNSPECIFIED. ) ;
#337 = VECTOR ( 'NONE', #2498, 39.37007874015748143 ) ;
#338 = EDGE_CURVE ( 'NONE', #3740, #1325, #4316, .T. ) ;
#339 = EDGE_CURVE ( 'NONE', #1938, #2150, #4385, .T. ) ;
#340 = FACE_OUTER_BOUND ( 'NONE', #2363, .T. ) ;
#341 = CARTESIAN_POINT ( 'NONE',  ( 0.000000000000000000, 2.333436023622047273, 0.1181102362204724532 ) ) ;
#342 = CARTESIAN_POINT ( 'NONE',  ( 0.8442592125984252904, 0.2939051181102362298, 0.1181102362204724532 ) ) ;
#343 = AXIS2_PLACEMENT_3D ( 'NONE', #935, #214, #2983 ) ;
#344 = CARTESIAN_POINT ( 'NONE',  ( 0.7205617429796316031, 0.05659167798928618071, 0.1181102362204724532 ) ) ;
#345 = ORIENTED_EDGE ( 'NONE', *, *, #3429, .T. ) ;
#346 = ADVANCED_FACE ( 'NONE', ( #2327 ), #4045, .T. ) ;
#347 = CIRCLE ( 'NONE', #849, 0.02755905511811047870 ) ;
#348 = ORIENTED_EDGE ( 'NONE', *, *, #2450, .T. ) ;
#349 = CARTESIAN_POINT ( 'NONE',  ( 0.04715960629921259889, 2.896697598425197473, 0.000000000000000000 ) ) ;
#350 = DIRECTION ( 'NONE',  ( 1.000000000000000000, 0.000000000000000000, 0.000000000000000000 ) ) ;
#351 = FACE_OUTER_BOUND ( 'NONE', #3681, .T. ) ;
#352 = CARTESIAN_POINT ( 'NONE',  ( 0.4513369034814044278, 2.397479577691937980, 0.1181102362204724532 ) ) ;
#353 = VECTOR ( 'NONE', #3698, 39.37007874015748143 ) ;
#354 = ORIENTED_EDGE ( 'NONE', *, *, #3204, .F. ) ;
#355 = CARTESIAN_POINT ( 'NONE',  ( 2.972768820437380999, 0.8733882794940975858, 0.1181102362204724532 ) ) ;
#356 = VERTEX_POINT ( 'NONE', #107 ) ;
#357 = ORIENTED_EDGE ( 'NONE', *, *, #2040, .T. ) ;
#358 = CARTESIAN_POINT ( 'NONE',  ( 2.039066602282721963, 0.3997117219488930395, 0.000000000000000000 ) ) ;
#359 = VERTEX_POINT ( 'NONE', #3555 ) ;
#360 = LINE ( 'NONE', #4136, #1489 ) ;
#361 = B_SPLINE_CURVE_WITH_KNOTS ( 'NONE', 3,
 ( #3069, #4452, #3445, #4172 ),
 .UNSPECIFIED., .F., .F.,
 ( 4, 4 ),
 ( 0.09453881552354684303, 1.000000000000000222 ),
 .UNSPECIFIED. ) ;
#362 = DIRECTION ( 'NONE',  ( -0.3391971625797190470, 0.9407153049131642408, 0.000000000000000000 ) ) ;
#363 = EDGE_CURVE ( 'NONE', #38, #2953, #2595, .T. ) ;
#364 = CARTESIAN_POINT ( 'NONE',  ( 1.798519526670627977, 3.212735598208155352, 0.000000000000000000 ) ) ;
#365 = EDGE_CURVE ( 'NONE', #4328, #1476, #1548, .T. ) ;
#366 = ORIENTED_EDGE ( 'NONE', *, *, #3781, .F. ) ;
#367 = ORIENTED_EDGE ( 'NONE', *, *, #2257, .T. ) ;
#368 = DIRECTION ( 'NONE',  ( -0.000000000000000000, -0.000000000000000000, 1.000000000000000000 ) ) ;
#369 = CARTESIAN_POINT ( 'NONE',  ( 3.302292669036325901, 1.511868197177497875, 0.1181102362204724532 ) ) ;
#370 = EDGE_CURVE ( 'NONE', #4221, #595, #1150, .T. ) ;
#371 = FACE_OUTER_BOUND ( 'NONE', #449, .T. ) ;
#372 = CARTESIAN_POINT ( 'NONE',  ( 2.014812424519556444, -0.6078935408562687881, 0.1181102362204724532 ) ) ;
#373 = ORIENTED_EDGE ( 'NONE', *, *, #1675, .F. ) ;
#374 = FACE_OUTER_BOUND ( 'NONE', #1405, .T. ) ;
#375 = ORIENTED_EDGE ( 'NONE', *, *, #418, .F. ) ;
#376 = ORIENTED_EDGE ( 'NONE', *, *, #3843, .T. ) ;
#377 = CARTESIAN_POINT ( 'NONE',  ( 2.130461963536770753, 1.541660543307086684, 0.1181102362204724532 ) ) ;
#378 = ORIENTED_EDGE ( 'NONE', *, *, #3262, .F. ) ;
#379 = CARTESIAN_POINT ( 'NONE',  ( 4.175221737752986328, 3.777945536994632203, 0.1181102362204724532 ) ) ;
#380 = CARTESIAN_POINT ( 'NONE',  ( 0.9725150138502675068, 0.03199806405969298634, 0.000000000000000000 ) ) ;
#381 = CARTESIAN_POINT ( 'NONE',  ( 3.276171533363320787, 2.852735505070764344, 0.1181102362204724532 ) ) ;
#382 = EDGE_LOOP ( 'NONE', ( #3180, #2603, #126, #1191, #66, #3710, #4238, #4356, #4496, #1732, #4082, #1923, #736, #1429, #3830, #2398, #3913, #96, #3999, #917, #3188, #4482, #3729, #2858, #2755, #2375, #2200, #3560, #2930, #267, #2560, #4461 ) ) ;
#383 = ORIENTED_EDGE ( 'NONE', *, *, #774, .F. ) ;
#384 = FACE_OUTER_BOUND ( 'NONE', #3842, .T. ) ;
#385 = LINE ( 'NONE', #3798, #2811 ) ;
#386 = B_SPLINE_CURVE_WITH_KNOTS ( 'NONE', 3,
 ( #3032, #1251, #869, #2671 ),
 .UNSPECIFIED., .F., .F.,
 ( 4, 4 ),
 ( 0.000000000000000000, 0.9259086976058836793 ),
 .UNSPECIFIED. ) ;
#387 = EDGE_CURVE ( 'NONE', #3308, #1088, #4246, .T. ) ;
#388 = EDGE_CURVE ( 'NONE', #1730, #3012, #1750, .T. ) ;
#389 = CARTESIAN_POINT ( 'NONE',  ( 5.711162607992576135, 4.762439025808969717, 0.1181102362204724532 ) ) ;
#390 = LINE ( 'NONE', #3550, #3900 ) ;
#391 = VERTEX_POINT ( 'NONE', #4305 ) ;
#392 = DIRECTION ( 'NONE',  ( 0.000000000000000000, 0.000000000000000000, 1.000000000000000000 ) ) ;
#393 = CARTESIAN_POINT ( 'NONE',  ( 3.231001708845286480, 3.515002042995030163, 0.000000000000000000 ) ) ;
#394 = ORIENTED_EDGE ( 'NONE', *, *, #2865, .T. ) ;
#395 = FACE_OUTER_BOUND ( 'NONE', #3556, .T. ) ;
#396 = ORIENTED_EDGE ( 'NONE', *, *, #1838, .F. ) ;
#397 = CARTESIAN_POINT ( 'NONE',  ( 1.470010787401574648, 0.2367854330708661914, 0.000000000000000000 ) ) ;
#398 = VERTEX_POINT ( 'NONE', #3600 ) ;
#399 = AXIS2_PLACEMENT_3D ( 'NONE', #2851, #2260, #3641 ) ;
#400 = CARTESIAN_POINT ( 'NONE',  ( 3.952695647311156080, 3.540628709671579610, 0.000000000000000000 ) ) ;
#401 = CARTESIAN_POINT ( 'NONE',  ( 3.711077581966083283, 3.569478419275450509, 0.1181102362204724532 ) ) ;
#402 = CARTESIAN_POINT ( 'NONE',  ( 2.734781535433071120, 0.8524988188976376779, 0.000000000000000000 ) ) ;
#403 = VECTOR ( 'NONE', #2432, 39.37007874015748143 ) ;
#404 = ORIENTED_EDGE ( 'NONE', *, *, #2944, .T. ) ;
#405 = VERTEX_POINT ( 'NONE', #3626 ) ;
#406 = DIRECTION ( 'NONE',  ( 0.000000000000000000, 0.000000000000000000, 1.000000000000000000 ) ) ;
#407 = VECTOR ( 'NONE', #324, 39.37007874015748143 ) ;
#408 = CIRCLE ( 'NONE', #1136, 0.1275590551181099708 ) ;
#409 = CARTESIAN_POINT ( 'NONE',  ( 2.420259100869300628, 1.514101488188976496, 0.000000000000000000 ) ) ;
#410 = AXIS2_PLACEMENT_3D ( 'NONE', #3136, #4476, #974 ) ;
#411 = CARTESIAN_POINT ( 'NONE',  ( 1.809894414007323871, 3.386290311727979230, 0.000000000000000000 ) ) ;
#412 = CARTESIAN_POINT ( 'NONE',  ( -0.1466480498608165595, 0.5170241290322937777, 0.1181102362204724532 ) ) ;
#413 = EDGE_LOOP ( 'NONE', ( #760, #110, #2563, #354 ) ) ;
#414 = DIRECTION ( 'NONE',  ( -0.000000000000000000, -0.000000000000000000, 1.000000000000000000 ) ) ;
#415 = CARTESIAN_POINT ( 'NONE',  ( 3.488661850708661749, 2.360995078740157460, 0.000000000000000000 ) ) ;
#416 = AXIS2_PLACEMENT_3D ( 'NONE', #2357, #1044, #3103 ) ;
#417 = VERTEX_POINT ( 'NONE', #3966 ) ;
#418 = EDGE_CURVE ( 'NONE', #311, #674, #4479, .T. ) ;
#419 = EDGE_CURVE ( 'NONE', #1519, #4076, #557, .T. ) ;
#420 = VECTOR ( 'NONE', #3766, 39.37007874015748143 ) ;
#421 = DIRECTION ( 'NONE',  ( -0.000000000000000000, -0.000000000000000000, -1.000000000000000000 ) ) ;
#422 = DIRECTION ( 'NONE',  ( 0.000000000000000000, 0.000000000000000000, -1.000000000000000000 ) ) ;
#423 = ORIENTED_EDGE ( 'NONE', *, *, #2257, .F. ) ;
#424 = DIRECTION ( 'NONE',  ( -0.000000000000000000, -0.000000000000000000, 1.000000000000000000 ) ) ;
#425 = ORIENTED_EDGE ( 'NONE', *, *, #179, .F. ) ;
#426 = EDGE_CURVE ( 'NONE', #4241, #2771, #4117, .T. ) ;
#427 = CARTESIAN_POINT ( 'NONE',  ( 2.388007653722031609, 2.797615755989000252, 0.1181102362204724532 ) ) ;
#428 = CARTESIAN_POINT ( 'NONE',  ( 5.269246456692913583, 4.058046259842519987, 0.000000000000000000 ) ) ;
#429 = DIRECTION ( 'NONE',  ( 0.9644220878982604495, -0.2643672377091380032, 0.000000000000000000 ) ) ;
#430 = CARTESIAN_POINT ( 'NONE',  ( 5.251709055118110037, 2.414856259842519837, 0.1181102362204724532 ) ) ;
#431 = B_SPLINE_SURFACE_WITH_KNOTS ( 'NONE', 3, 1, ( 
 ( #2770, #1031 ),
 ( #2808, #2424 ),
 ( #3421, #4193 ),
 ( #2016, #1740 ) ),
 .UNSPECIFIED., .F., .F., .F.,
 ( 4, 4 ),
 ( 2, 2 ),
 ( 0.000000000000000000, 1.000000000000000000 ),
 ( 0.000000000000000000, 1.000000000000000000 ),
 .UNSPECIFIED. ) ;
#432 = ORIENTED_EDGE ( 'NONE', *, *, #2175, .T. ) ;
#433 = CYLINDRICAL_SURFACE ( 'NONE', #2002, 0.02755905511811047870 ) ;
#434 = CARTESIAN_POINT ( 'NONE',  ( 1.944557519370078813, 2.333435236220472664, 0.1181102362204724532 ) ) ;
#435 = B_SPLINE_CURVE_WITH_KNOTS ( 'NONE', 3,
 ( #1075, #2022, #3407, #2707 ),
 .UNSPECIFIED., .F., .F.,
 ( 4, 4 ),
 ( 0.000000000000000000, 0.8740380947049889437 ),
 .UNSPECIFIED. ) ;
#436 = VERTEX_POINT ( 'NONE', #1811 ) ;
#437 = B_SPLINE_CURVE_WITH_KNOTS ( 'NONE', 3,
 ( #1473, #2553, #2867, #3935 ),
 .UNSPECIFIED., .F., .F.,
 ( 4, 4 ),
 ( 0.000000000000000000, 0.9789216604948685063 ),
 .UNSPECIFIED. ) ;
#438 = CARTESIAN_POINT ( 'NONE',  ( 1.436121328598420233, 3.816491450136187957, 0.000000000000000000 ) ) ;
#439 = CARTESIAN_POINT ( 'NONE',  ( 0.000000000000000000, 1.541660543307086684, 0.1181102362204724532 ) ) ;
#440 = LINE ( 'NONE', #1829, #3693 ) ;
#441 = CARTESIAN_POINT ( 'NONE',  ( 0.6486851968503937194, 1.924837755905511871, 0.1181102362204724532 ) ) ;
#442 = ORIENTED_EDGE ( 'NONE', *, *, #1953, .T. ) ;
#443 = CARTESIAN_POINT ( 'NONE',  ( 5.270687401574803310, 3.026987755905512500, 0.000000000000000000 ) ) ;
#444 = CARTESIAN_POINT ( 'NONE',  ( 2.816695396909712379, 1.543242015657738442, 0.1181102362204724532 ) ) ;
#445 = EDGE_CURVE ( 'NONE', #2179, #1590, #3284, .T. ) ;
#446 = ORIENTED_EDGE ( 'NONE', *, *, #2426, .F. ) ;
#447 = EDGE_CURVE ( 'NONE', #4358, #1309, #2732, .T. ) ;
#448 = CARTESIAN_POINT ( 'NONE',  ( 2.150820312099343212, 2.822244145795393511, 0.1181102362204724532 ) ) ;
#449 = EDGE_LOOP ( 'NONE', ( #1036, #4097, #2761, #824 ) ) ;
#450 = EDGE_CURVE ( 'NONE', #4139, #4173, #629, .T. ) ;
#451 = EDGE_CURVE ( 'NONE', #175, #3740, #2524, .T. ) ;
#452 = LINE ( 'NONE', #740, #3164 ) ;
#453 = DIRECTION ( 'NONE',  ( 1.000000000000000000, -7.495718723356557873E-15, 0.000000000000000000 ) ) ;
#454 = CARTESIAN_POINT ( 'NONE',  ( 4.820861811023622323, 0.7992161417322835026, 0.1181102362204724532 ) ) ;
#455 = ORIENTED_EDGE ( 'NONE', *, *, #3530, .T. ) ;
#456 = CARTESIAN_POINT ( 'NONE',  ( 3.753690247579624995, 3.284994481315985926, 0.1181102362204724671 ) ) ;
#457 = CARTESIAN_POINT ( 'NONE',  ( 3.541404764094488122, 2.305876968503937086, 0.000000000000000000 ) ) ;
#458 = ORIENTED_EDGE ( 'NONE', *, *, #3804, .T. ) ;
#459 = CARTESIAN_POINT ( 'NONE',  ( 2.171717821536510939, 2.852202302707155024, 0.000000000000000000 ) ) ;
#460 = CARTESIAN_POINT ( 'NONE',  ( 4.100609935011651608, 2.552379900811421187, 0.1181102362204724532 ) ) ;
#461 = CARTESIAN_POINT ( 'NONE',  ( 4.635065596624563966, 1.828573427550545860, 0.1181102362204724532 ) ) ;
#462 = CARTESIAN_POINT ( 'NONE',  ( 0.4758540944881889945, 1.307385826771653381, 0.1181102362204724532 ) ) ;
#463 = VERTEX_POINT ( 'NONE', #465 ) ;
#464 = CARTESIAN_POINT ( 'NONE',  ( 3.543855555670991642, 0.6160026818032170448, 0.1181102362204724532 ) ) ;
#465 = CARTESIAN_POINT ( 'NONE',  ( 3.283142128782491120, 1.471670971498325819, 0.1181102362204724532 ) ) ;
#466 = ORIENTED_EDGE ( 'NONE', *, *, #4168, .F. ) ;
#467 = CARTESIAN_POINT ( 'NONE',  ( 2.080417445798828258, 3.560693284765268807, 0.1181102362204724532 ) ) ;
#468 = ORIENTED_EDGE ( 'NONE', *, *, #3639, .T. ) ;
#469 = DIRECTION ( 'NONE',  ( 1.000000000000000000, 0.000000000000000000, 0.000000000000000000 ) ) ;
#470 = CARTESIAN_POINT ( 'NONE',  ( 3.403580074699721347, 0.2660812947055359867, 0.000000000000000000 ) ) ;
#471 = DIRECTION ( 'NONE',  ( 1.000000000000000000, 0.000000000000000000, 0.000000000000000000 ) ) ;
#472 = CARTESIAN_POINT ( 'NONE',  ( 3.914103661417323465, 3.847636811023622094, 0.1181102362204724532 ) ) ;
#473 = ADVANCED_FACE ( 'NONE', ( #87 ), #2178, .F. ) ;
#474 = ADVANCED_FACE ( 'NONE', ( #3241 ), #2921, .F. ) ;
#475 = ORIENTED_EDGE ( 'NONE', *, *, #2902, .F. ) ;
#476 = VECTOR ( 'NONE', #3888, 39.37007874015748143 ) ;
#477 = MANIFOLD_SOLID_BREP ( 'Fillet8', #125 ) ;
#478 = DIRECTION ( 'NONE',  ( -0.000000000000000000, -0.000000000000000000, -1.000000000000000000 ) ) ;
#479 = CARTESIAN_POINT ( 'NONE',  ( 2.443697689659045214, 0.2940749330170677189, 0.1181102362204724532 ) ) ;
#480 = AXIS2_PLACEMENT_3D ( 'NONE', #4475, #318, #2349 ) ;
#481 = AXIS2_PLACEMENT_3D ( 'NONE', #1773, #2032, #1067 ) ;
#482 = B_SPLINE_CURVE_WITH_KNOTS ( 'NONE', 3,
 ( #2190, #2827, #3190, #1137 ),
 .UNSPECIFIED., .F., .F.,
 ( 4, 4 ),
 ( 0.000000000000000000, 0.9259086976058841234 ),
 .UNSPECIFIED. ) ;
#483 = ORIENTED_EDGE ( 'NONE', *, *, #3949, .F. ) ;
#484 = DIRECTION ( 'NONE',  ( -0.3036353932928320121, -0.9527883017438379953, 0.000000000000000000 ) ) ;
#485 = CARTESIAN_POINT ( 'NONE',  ( 5.504610778162939866, 5.331833637462750630, 0.000000000000000000 ) ) ;
#486 = CARTESIAN_POINT ( 'NONE',  ( 1.908017755590551534, 2.305876181102362477, 0.1181102362204724532 ) ) ;
#487 = CARTESIAN_POINT ( 'NONE',  ( 3.488661850708661749, 2.648037330708661319, 0.000000000000000000 ) ) ;
#488 = CIRCLE ( 'NONE', #2010, 0.02755905511811047870 ) ;
#489 = AXIS2_PLACEMENT_3D ( 'NONE', #3104, #4489, #2101 ) ;
#490 = CARTESIAN_POINT ( 'NONE',  ( 0.5067914960629921195, 2.083459015748031717, 0.000000000000000000 ) ) ;
#491 = CARTESIAN_POINT ( 'NONE',  ( 3.302292669036325901, 1.511868197177497875, 0.1181102362204724532 ) ) ;
#492 = VERTEX_POINT ( 'NONE', #2969 ) ;
#493 = CARTESIAN_POINT ( 'NONE',  ( 1.944557519370078813, 2.333435236220472664, 0.1181102362204724532 ) ) ;
#494 = ORIENTED_EDGE ( 'NONE', *, *, #4170, .T. ) ;
#495 = VECTOR ( 'NONE', #3523, 39.37007874015748143 ) ;
#496 = DIRECTION ( 'NONE',  ( -0.000000000000000000, -0.000000000000000000, -1.000000000000000000 ) ) ;
#497 = CARTESIAN_POINT ( 'NONE',  ( 1.944557519370078813, 2.079150984251968648, 0.1181102362204724532 ) ) ;
#498 = VECTOR ( 'NONE', #3354, 39.37007874015748854 ) ;
#499 = CARTESIAN_POINT ( 'NONE',  ( 2.369260034394212511, 1.444833348559001251, 0.000000000000000000 ) ) ;
#500 = CARTESIAN_POINT ( 'NONE',  ( 0.8250180224292228415, 1.849356355839143706, 0.1181102362204724532 ) ) ;
#501 = ORIENTED_EDGE ( 'NONE', *, *, #3781, .T. ) ;
#502 = CARTESIAN_POINT ( 'NONE',  ( 3.428161929133858532, 0.4360153543307087043, 0.000000000000000000 ) ) ;
#503 = EDGE_CURVE ( 'NONE', #1133, #2491, #4412, .T. ) ;
#504 = CARTESIAN_POINT ( 'NONE',  ( 0.01117062992125984235, 3.924353346456692648, 0.1181102362204724532 ) ) ;
#505 = ORIENTED_EDGE ( 'NONE', *, *, #3228, .F. ) ;
#506 = DIRECTION ( 'NONE',  ( 1.000000000000000000, 0.000000000000000000, 0.000000000000000000 ) ) ;
#507 = ADVANCED_FACE ( 'NONE', ( #1622 ), #572, .F. ) ;
#508 = DIRECTION ( 'NONE',  ( -0.000000000000000000, -0.000000000000000000, -1.000000000000000000 ) ) ;
#509 = CARTESIAN_POINT ( 'NONE',  ( 3.758720060333228474, 3.122214463287400488, 0.1181102362204724532 ) ) ;
#510 = ORIENTED_EDGE ( 'NONE', *, *, #2147, .T. ) ;
#511 = LINE ( 'NONE', #3374, #1288 ) ;
#512 = DIRECTION ( 'NONE',  ( -1.000000000000000000, 0.000000000000000000, 0.000000000000000000 ) ) ;
#513 = ORIENTED_EDGE ( 'NONE', *, *, #2709, .T. ) ;
#514 = DIRECTION ( 'NONE',  ( -0.000000000000000000, 0.000000000000000000, 1.000000000000000000 ) ) ;
#515 = ORIENTED_EDGE ( 'NONE', *, *, #3139, .T. ) ;
#516 = ORIENTED_EDGE ( 'NONE', *, *, #114, .T. ) ;
#517 = CARTESIAN_POINT ( 'NONE',  ( 0.7663340157480316162, 4.428827755905511587, 0.000000000000000000 ) ) ;
#518 = LINE ( 'NONE', #1536, #2006 ) ;
#519 = CARTESIAN_POINT ( 'NONE',  ( 4.957952358604902798, 2.326893973494981616, 0.000000000000000000 ) ) ;
#520 = CARTESIAN_POINT ( 'NONE',  ( 0.8442592125984252904, 0.2939051181102362298, 0.1181102362204724532 ) ) ;
#521 = VERTEX_POINT ( 'NONE', #1212 ) ;
#522 = CARTESIAN_POINT ( 'NONE',  ( 3.488661850708661749, 2.360995078740157460, 0.1181102362204724532 ) ) ;
#523 = CARTESIAN_POINT ( 'NONE',  ( 5.455396062992125650, 2.761503503937008386, 0.1181102362204724532 ) ) ;
#524 = VERTEX_POINT ( 'NONE', #3990 ) ;
#525 = DIRECTION ( 'NONE',  ( 0.000000000000000000, -0.000000000000000000, 1.000000000000000000 ) ) ;
#526 = DIRECTION ( 'NONE',  ( -0.1500217546982688388, -0.9886826958722664260, 0.000000000000000000 ) ) ;
#527 = CARTESIAN_POINT ( 'NONE',  ( 4.882251181102362558, 4.371042716535433748, 0.000000000000000000 ) ) ;
#528 = ADVANCED_FACE ( 'NONE', ( #221 ), #249, .F. ) ;
#529 = ADVANCED_FACE ( 'NONE', ( #194 ), #4355, .F. ) ;
#530 = LINE ( 'NONE', #239, #3827 ) ;
#531 = ORIENTED_EDGE ( 'NONE', *, *, #1620, .T. ) ;
#532 = CARTESIAN_POINT ( 'NONE',  ( 4.643394171561097572, 1.783236851386307942, 0.1181102362204724532 ) ) ;
#533 = ORIENTED_EDGE ( 'NONE', *, *, #2505, .F. ) ;
#534 = EDGE_CURVE ( 'NONE', #2054, #3379, #2156, .T. ) ;
#535 = ORIENTED_EDGE ( 'NONE', *, *, #4334, .F. ) ;
#536 = FACE_OUTER_BOUND ( 'NONE', #2785, .T. ) ;
#537 = DIRECTION ( 'NONE',  ( 0.000000000000000000, 0.000000000000000000, 1.000000000000000000 ) ) ;
#538 = CARTESIAN_POINT ( 'NONE',  ( 5.269246456692913583, 4.058046259842519987, 0.1181102362204724532 ) ) ;
#539 = CARTESIAN_POINT ( 'NONE',  ( 3.321263777293349762, 2.803155440944882226, 0.1181102362204724532 ) ) ;
#540 = VERTEX_POINT ( 'NONE', #916 ) ;
#541 = CARTESIAN_POINT ( 'NONE',  ( 5.478703649694878663, 5.322435647595638031, 0.05905511811023622659 ) ) ;
#542 = CARTESIAN_POINT ( 'NONE',  ( 4.248489763779527806, 0.2908318897637795497, 0.1181102362204724532 ) ) ;
#543 = CARTESIAN_POINT ( 'NONE',  ( 1.972116574488189222, 2.360994291338582851, 0.1181102362204724532 ) ) ;
#544 = ORIENTED_EDGE ( 'NONE', *, *, #1615, .F. ) ;
#545 = CARTESIAN_POINT ( 'NONE',  ( 0.4758540944881889945, 1.307385826771653381, 0.1181102362204724532 ) ) ;
#546 = VECTOR ( 'NONE', #3797, 39.37007874015748143 ) ;
#547 = CARTESIAN_POINT ( 'NONE',  ( 0.02100567842198927671, 4.408221720188596038, 0.1181102362204724532 ) ) ;
#548 = VECTOR ( 'NONE', #1183, 39.37007874015748143 ) ;
#549 = FACE_OUTER_BOUND ( 'NONE', #3873, .T. ) ;
#550 = ORIENTED_EDGE ( 'NONE', *, *, #3700, .F. ) ;
#551 = CARTESIAN_POINT ( 'NONE',  ( 3.617370816464783090, 3.425058420156746664, 0.1181102362204724532 ) ) ;
#552 = CIRCLE ( 'NONE', #1353, 0.1275590551181104981 ) ;
#553 = EDGE_CURVE ( 'NONE', #3805, #1109, #3643, .T. ) ;
#554 = PRESENTATION_LAYER_ASSIGNMENT (  '', '', ( #1061 ) ) ;
#555 = EDGE_CURVE ( 'NONE', #2366, #3776, #4032, .T. ) ;
#556 = EDGE_LOOP ( 'NONE', ( #544, #2384, #1893, #3963 ) ) ;
#557 = B_SPLINE_CURVE_WITH_KNOTS ( 'NONE', 3,
 ( #2149, #1099, #852, #2198 ),
 .UNSPECIFIED., .F., .F.,
 ( 4, 4 ),
 ( 0.02699138459714946897, 1.000000000000000000 ),
 .UNSPECIFIED. ) ;
#558 = AXIS2_PLACEMENT_3D ( 'NONE', #4093, #3094, #1662 ) ;
#559 = ORIENTED_EDGE ( 'NONE', *, *, #2541, .T. ) ;
#560 = DIRECTION ( 'NONE',  ( -0.000000000000000000, -0.000000000000000000, 1.000000000000000000 ) ) ;
#561 = CARTESIAN_POINT ( 'NONE',  ( 1.398475354330708686, 0.05983385826771653315, 0.000000000000000000 ) ) ;
#562 = EDGE_CURVE ( 'NONE', #88, #160, #1990, .T. ) ;
#563 = CARTESIAN_POINT ( 'NONE',  ( 5.062072440944882068, 2.559978307086614002, 0.1181102362204724532 ) ) ;
#564 = AXIS2_PLACEMENT_3D ( 'NONE', #3320, #2328, #3707 ) ;
#565 = CARTESIAN_POINT ( 'NONE',  ( 4.832369685039370033, 1.022982677165354515, 0.000000000000000000 ) ) ;
#566 = EDGE_LOOP ( 'NONE', ( #1616, #937, #751, #4342 ) ) ;
#567 = CIRCLE ( 'NONE', #3471, 0.02755905511811020808 ) ;
#568 = B_SPLINE_SURFACE_WITH_KNOTS ( 'NONE', 3, 1, ( 
 ( #4292, #2250 ),
 ( #3631, #517 ),
 ( #1817, #1905 ),
 ( #3289, #2948 ) ),
 .UNSPECIFIED., .F., .F., .F.,
 ( 4, 4 ),
 ( 2, 2 ),
 ( 0.000000000000000000, 1.000000000000000000 ),
 ( 0.000000000000000000, 1.000000000000000000 ),
 .UNSPECIFIED. ) ;
#569 = CARTESIAN_POINT ( 'NONE',  ( 3.541404764094488122, 2.134269881889763631, 0.1181102362204724532 ) ) ;
#570 = CARTESIAN_POINT ( 'NONE',  ( 4.044353149606299880, 0.3633629921259842743, 0.1181102362204724532 ) ) ;
#571 = CARTESIAN_POINT ( 'NONE',  ( 1.809894414007323871, 3.386290311727979230, 0.000000000000000000 ) ) ;
#572 = B_SPLINE_SURFACE_WITH_KNOTS ( 'NONE', 3, 1, ( 
 ( #2610, #2013 ),
 ( #1577, #3400 ),
 ( #3303, #3011 ),
 ( #942, #4327 ) ),
 .UNSPECIFIED., .F., .F., .F.,
 ( 4, 4 ),
 ( 2, 2 ),
 ( 0.09428828005262004930, 1.000000000000000000 ),
 ( 0.000000000000000000, 1.000000000000000000 ),
 .UNSPECIFIED. ) ;
#573 = ORIENTED_EDGE ( 'NONE', *, *, #2588, .T. ) ;
#574 = CARTESIAN_POINT ( 'NONE',  ( 1.615032047244094437, 3.940995472440945502, 0.1181102362204724532 ) ) ;
#575 = CARTESIAN_POINT ( 'NONE',  ( 0.7205617429778419236, 0.05659167798955949680, 0.000000000000000000 ) ) ;
#576 = CARTESIAN_POINT ( 'NONE',  ( 0.3800012712911377544, 5.336629991817027907, 0.1181102362204724532 ) ) ;
#577 = CYLINDRICAL_SURFACE ( 'NONE', #56, 0.02755905511811047870 ) ;
#578 = CARTESIAN_POINT ( 'NONE',  ( 0.2721564566929133844, 3.485636811023621995, 0.000000000000000000 ) ) ;
#579 = ORIENTED_EDGE ( 'NONE', *, *, #3227, .T. ) ;
#580 = DIRECTION ( 'NONE',  ( 1.000000000000000000, 0.000000000000000000, 0.000000000000000000 ) ) ;
#581 = ORIENTED_EDGE ( 'NONE', *, *, #4233, .T. ) ;
#582 = EDGE_CURVE ( 'NONE', #2102, #3277, #1418, .T. ) ;
#583 = ORIENTED_EDGE ( 'NONE', *, *, #2229, .F. ) ;
#584 = CARTESIAN_POINT ( 'NONE',  ( 4.641471259842520070, 4.191513976377953199, 0.1181102362204724532 ) ) ;
#585 = CARTESIAN_POINT ( 'NONE',  ( 1.836141377952756004, 0.4816696850393701324, 0.1181102362204724532 ) ) ;
#586 = CARTESIAN_POINT ( 'NONE',  ( 2.840455108566711573, 0.5927037616992754110, 0.1181102362204724532 ) ) ;
#587 = CARTESIAN_POINT ( 'NONE',  ( 1.908017755590551534, 2.134269094488189022, 0.1181102362204724532 ) ) ;
#588 = B_SPLINE_CURVE_WITH_KNOTS ( 'NONE', 3,
 ( #4384, #1266, #3291, #1975 ),
 .UNSPECIFIED., .F., .F.,
 ( 4, 4 ),
 ( 0.000000000000000000, 1.000000000000000000 ),
 .UNSPECIFIED. ) ;
#589 = EDGE_CURVE ( 'NONE', #2102, #3805, #1648, .T. ) ;
#590 = ADVANCED_FACE ( 'NONE', ( #1757 ), #3824, .F. ) ;
#591 = CARTESIAN_POINT ( 'NONE',  ( 1.098632834645669298, 0.04024291338582677846, 0.1181102362204724532 ) ) ;
#592 = DIRECTION ( 'NONE',  ( 1.000000000000000000, 0.000000000000000000, 0.000000000000000000 ) ) ;
#593 = LINE ( 'NONE', #543, #2083 ) ;
#594 = CARTESIAN_POINT ( 'NONE',  ( 4.893498425196851187, 1.672812952755905469, 0.000000000000000000 ) ) ;
#595 = VERTEX_POINT ( 'NONE', #1738 ) ;
#596 = ORIENTED_EDGE ( 'NONE', *, *, #2380, .F. ) ;
#597 = CARTESIAN_POINT ( 'NONE',  ( 1.230387952755905623, 4.013449015748031812, 0.000000000000000000 ) ) ;
#598 = PRODUCT_CONTEXT ( 'NONE', #3659, 'mechanical' ) ;
#599 = CARTESIAN_POINT ( 'NONE',  ( 1.859997691266500164, 3.636893515309219449, 0.000000000000000000 ) ) ;
#600 = CARTESIAN_POINT ( 'NONE',  ( 0.000000000000000000, 1.541660543307086684, 0.000000000000000000 ) ) ;
#601 = DIRECTION ( 'NONE',  ( -0.000000000000000000, 0.000000000000000000, 1.000000000000000000 ) ) ;
#602 = ORIENTED_EDGE ( 'NONE', *, *, #2703, .T. ) ;
#603 = CARTESIAN_POINT ( 'NONE',  ( 1.972116574488189222, 2.648037330708661319, 0.1181102362204724532 ) ) ;
#604 = VERTEX_POINT ( 'NONE', #1374 ) ;
#605 = B_SPLINE_SURFACE_WITH_KNOTS ( 'NONE', 3, 1, ( 
 ( #1098, #784 ),
 ( #2903, #2148 ),
 ( #1441, #490 ),
 ( #3599, #133 ) ),
 .UNSPECIFIED., .F., .F., .F.,
 ( 4, 4 ),
 ( 2, 2 ),
 ( 0.000000000000000000, 1.000000000000000000 ),
 ( 0.000000000000000000, 1.000000000000000000 ),
 .UNSPECIFIED. ) ;
#606 = ORIENTED_EDGE ( 'NONE', *, *, #1081, .F. ) ;
#607 = CARTESIAN_POINT ( 'NONE',  ( 5.455396062992125650, 2.761503503937008386, 0.000000000000000000 ) ) ;
#608 = CARTESIAN_POINT ( 'NONE',  ( 4.100607086614173724, 2.218303110236220288, 0.1181102362204724532 ) ) ;
#609 = ORIENTED_EDGE ( 'NONE', *, *, #178, .T. ) ;
#610 = FACE_OUTER_BOUND ( 'NONE', #3128, .T. ) ;
#611 = FACE_OUTER_BOUND ( 'NONE', #4448, .T. ) ;
#612 = CARTESIAN_POINT ( 'NONE',  ( 0.7167363779527559098, 0.7402551181102362543, 0.1181102362204724532 ) ) ;
#613 = EDGE_CURVE ( 'NONE', #2211, #2430, #276, .T. ) ;
#614 = CARTESIAN_POINT ( 'NONE',  ( 4.820394094488190007, 1.838705078740157539, 0.000000000000000000 ) ) ;
#615 = ADVANCED_FACE ( 'NONE', ( #711 ), #1324, .F. ) ;
#616 = ORIENTED_EDGE ( 'NONE', *, *, #3007, .T. ) ;
#617 = VERTEX_POINT ( 'NONE', #3062 ) ;
#618 = CARTESIAN_POINT ( 'NONE',  ( 5.662496062992127044, 3.542033661417322676, 0.000000000000000000 ) ) ;
#619 = CARTESIAN_POINT ( 'NONE',  ( 1.368958031496063210, 2.218303110236220288, 0.1181102362204724532 ) ) ;
#620 = ADVANCED_FACE ( 'NONE', ( #2383 ), #3783, .F. ) ;
#621 = AXIS2_PLACEMENT_3D ( 'NONE', #1436, #81, #3872 ) ;
#622 = DIRECTION ( 'NONE',  ( 0.000000000000000000, -0.000000000000000000, 1.000000000000000000 ) ) ;
#623 = ORIENTED_EDGE ( 'NONE', *, *, #2587, .T. ) ;
#624 = CARTESIAN_POINT ( 'NONE',  ( 3.275752267038861909, 1.498220763633351771, 0.1181102362204724532 ) ) ;
#625 = ORIENTED_EDGE ( 'NONE', *, *, #2370, .F. ) ;
#626 = AXIS2_PLACEMENT_3D ( 'NONE', #295, #4069, #3770 ) ;
#627 = CIRCLE ( 'NONE', #4330, 0.02755905511811020808 ) ;
#628 = ORIENTED_EDGE ( 'NONE', *, *, #555, .T. ) ;
#629 = CIRCLE ( 'NONE', #2307, 0.02755905511811047870 ) ;
#630 = CARTESIAN_POINT ( 'NONE',  ( 2.014812424519556444, -0.6078935408562687881, 0.1181102362204724532 ) ) ;
#631 = DIRECTION ( 'NONE',  ( 1.000000000000000000, 0.000000000000000000, 0.000000000000000000 ) ) ;
#632 = ORIENTED_EDGE ( 'NONE', *, *, #4124, .T. ) ;
#633 = AXIS2_PLACEMENT_3D ( 'NONE', #206, #182, #162 ) ;
#634 = PLANE ( 'NONE',  #2458 ) ;
#635 = DIRECTION ( 'NONE',  ( 1.000000000000000000, 0.000000000000000000, 0.000000000000000000 ) ) ;
#636 = VECTOR ( 'NONE', #1009, 39.37007874015748143 ) ;
#637 = B_SPLINE_CURVE_WITH_KNOTS ( 'NONE', 3,
 ( #1932, #3074, #251, #2710 ),
 .UNSPECIFIED., .F., .F.,
 ( 4, 4 ),
 ( 0.000000000000000000, 1.000000000000000000 ),
 .UNSPECIFIED. ) ;
#638 = FACE_OUTER_BOUND ( 'NONE', #943, .T. ) ;
#639 = CARTESIAN_POINT ( 'NONE',  ( 3.294172138127543725, 2.808209608167366422, 0.000000000000000000 ) ) ;
#640 = EDGE_LOOP ( 'NONE', ( #743, #158, #4159, #4066 ) ) ;
#641 = VECTOR ( 'NONE', #1764, 39.37007874015748143 ) ;
#642 = ADVANCED_FACE ( 'NONE', ( #1670 ), #4021, .F. ) ;
#643 = EDGE_CURVE ( 'NONE', #417, #1023, #1394, .T. ) ;
#644 = ORIENTED_EDGE ( 'NONE', *, *, #3097, .F. ) ;
#645 = LINE ( 'NONE', #3818, #2737 ) ;
#646 = CARTESIAN_POINT ( 'NONE',  ( 4.926066141732283299, 1.588236968503937252, 0.1181102362204724532 ) ) ;
#647 = EDGE_CURVE ( 'NONE', #1348, #3796, #3501, .T. ) ;
#648 = EDGE_CURVE ( 'NONE', #1532, #1348, #4080, .T. ) ;
#649 = CARTESIAN_POINT ( 'NONE',  ( 3.403580074699721347, 0.2660812947055359867, 0.1181102362204724532 ) ) ;
#650 = DIRECTION ( 'NONE',  ( -0.000000000000000000, -0.000000000000000000, -1.000000000000000000 ) ) ;
#651 = ORIENTED_EDGE ( 'NONE', *, *, #2738, .T. ) ;
#652 = PLANE ( 'NONE',  #64 ) ;
#653 = ORIENTED_EDGE ( 'NONE', *, *, #4140, .T. ) ;
#654 = B_SPLINE_CURVE_WITH_KNOTS ( 'NONE', 3,
 ( #441, #847, #1526, #462 ),
 .UNSPECIFIED., .F., .F.,
 ( 4, 4 ),
 ( 0.000000000000000000, 1.000000000000000000 ),
 .UNSPECIFIED. ) ;
#655 = ORIENTED_EDGE ( 'NONE', *, *, #4343, .T. ) ;
#656 = CARTESIAN_POINT ( 'NONE',  ( 2.668821132985532252, 0.8524993618106532223, 0.1181102362204724532 ) ) ;
#657 = DIRECTION ( 'NONE',  ( 0.000000000000000000, 0.000000000000000000, -1.000000000000000000 ) ) ;
#658 = ORIENTED_EDGE ( 'NONE', *, *, #672, .F. ) ;
#659 = CARTESIAN_POINT ( 'NONE',  ( 0.3350919249751397877, 5.329112795499582056, 0.1181102362204724532 ) ) ;
#660 = FACE_OUTER_BOUND ( 'NONE', #3028, .T. ) ;
#661 = CARTESIAN_POINT ( 'NONE',  ( 2.994993092916211630, 0.7477801816046227845, 0.05905511811023622659 ) ) ;
#662 = ORIENTED_EDGE ( 'NONE', *, *, #1106, .T. ) ;
#663 = ORIENTED_EDGE ( 'NONE', *, *, #3368, .T. ) ;
#664 = DIRECTION ( 'NONE',  ( -1.000000000000000000, 0.000000000000000000, 0.000000000000000000 ) ) ;
#665 = LINE ( 'NONE', #4443, #1424 ) ;
#666 = ORIENTED_EDGE ( 'NONE', *, *, #4374, .F. ) ;
#667 = DIRECTION ( 'NONE',  ( 0.000000000000000000, -0.000000000000000000, -1.000000000000000000 ) ) ;
#668 = CARTESIAN_POINT ( 'NONE',  ( 2.157709124446636206, 1.509967030382331599, 0.000000000000000000 ) ) ;
#669 = ORIENTED_EDGE ( 'NONE', *, *, #1558, .F. ) ;
#670 = CARTESIAN_POINT ( 'NONE',  ( 3.753690247579622774, 3.284994481315981929, 0.1181102362204724532 ) ) ;
#671 = VERTEX_POINT ( 'NONE', #1029 ) ;
#672 = EDGE_CURVE ( 'NONE', #105, #3159, #3147, .T. ) ;
#673 = EDGE_CURVE ( 'NONE', #2794, #2102, #850, .T. ) ;
#674 = VERTEX_POINT ( 'NONE', #2787 ) ;
#675 = CARTESIAN_POINT ( 'NONE',  ( 2.275684880960550771, 0.6029691693919638773, 0.000000000000000000 ) ) ;
#676 = EDGE_LOOP ( 'NONE', ( #1159, #3514, #3907, #2590 ) ) ;
#677 = DIRECTION ( 'NONE',  ( 0.000000000000000000, -0.000000000000000000, -1.000000000000000000 ) ) ;
#678 = CARTESIAN_POINT ( 'NONE',  ( 4.926066141732283299, 1.588236968503937252, 0.000000000000000000 ) ) ;
#679 = DIRECTION ( 'NONE',  ( -0.000000000000000000, -0.000000000000000000, -1.000000000000000000 ) ) ;
#680 = EDGE_LOOP ( 'NONE', ( #2215, #1626, #466, #803 ) ) ;
#681 = ORIENTED_EDGE ( 'NONE', *, *, #4344, .T. ) ;
#682 = LINE ( 'NONE', #2800, #546 ) ;
#683 = CARTESIAN_POINT ( 'NONE',  ( 0.4758540944881889945, 1.307385826771653381, 0.1181102362204724532 ) ) ;
#684 = CARTESIAN_POINT ( 'NONE',  ( 5.662496062992127044, 3.542033661417322676, 0.1181102362204724532 ) ) ;
#685 = CARTESIAN_POINT ( 'NONE',  ( 2.071929983495681693, 0.6973585207874670733, 0.000000000000000000 ) ) ;
#686 = ORIENTED_EDGE ( 'NONE', *, *, #1775, .T. ) ;
#687 = CARTESIAN_POINT ( 'NONE',  ( 4.813688697942941630, 0.02377203455384251443, 0.1181102362204724532 ) ) ;
#688 = VERTEX_POINT ( 'NONE', #2078 ) ;
#689 = VECTOR ( 'NONE', #3261, 39.37007874015748143 ) ;
#690 = ADVANCED_FACE ( 'NONE', ( #306 ), #2806, .F. ) ;
#691 = VERTEX_POINT ( 'NONE', #668 ) ;
#692 = EDGE_CURVE ( 'NONE', #3592, #3784, #1347, .T. ) ;
#693 = LINE ( 'NONE', #3856, #1433 ) ;
#694 = AXIS2_PLACEMENT_3D ( 'NONE', #1543, #4371, #3620 ) ;
#695 = ORIENTED_EDGE ( 'NONE', *, *, #2113, .T. ) ;
#696 = VECTOR ( 'NONE', #161, 39.37007874015748143 ) ;
#697 = AXIS2_PLACEMENT_3D ( 'NONE', #931, #422, #512 ) ;
#698 = EDGE_CURVE ( 'NONE', #3959, #1184, #198, .T. ) ;
#699 = CARTESIAN_POINT ( 'NONE',  ( 1.908017755590551534, 2.106710039370078835, 0.1181102362204724532 ) ) ;
#700 = LINE ( 'NONE', #1701, #4262 ) ;
#701 = CIRCLE ( 'NONE', #343, 0.02755905511811047870 ) ;
#702 = CARTESIAN_POINT ( 'NONE',  ( 4.349705923296398602, 4.422019640425284948, 0.1181102362204724671 ) ) ;
#703 = AXIS2_PLACEMENT_3D ( 'NONE', #2313, #601, #240 ) ;
#704 = ORIENTED_EDGE ( 'NONE', *, *, #1675, .T. ) ;
#705 = AXIS2_PLACEMENT_3D ( 'NONE', #1919, #3646, #1600 ) ;
#706 = ORIENTED_EDGE ( 'NONE', *, *, #2034, .T. ) ;
#707 = DIRECTION ( 'NONE',  ( 0.000000000000000000, -0.000000000000000000, -1.000000000000000000 ) ) ;
#708 = FACE_OUTER_BOUND ( 'NONE', #4296, .T. ) ;
#709 = VECTOR ( 'NONE', #2662, 39.37007874015748143 ) ;
#710 = DIRECTION ( 'NONE',  ( -0.000000000000000000, -0.000000000000000000, 1.000000000000000000 ) ) ;
#711 = FACE_OUTER_BOUND ( 'NONE', #875, .T. ) ;
#712 = VECTOR ( 'NONE', #2815, 39.37007874015748854 ) ;
#713 = EDGE_LOOP ( 'NONE', ( #4418, #3196, #4306, #2081 ) ) ;
#714 = CYLINDRICAL_SURFACE ( 'NONE', #1217, 0.1275590551181102206 ) ;
#715 = ORIENTED_EDGE ( 'NONE', *, *, #643, .F. ) ;
#716 = VERTEX_POINT ( 'NONE', #750 ) ;
#717 = DIRECTION ( 'NONE',  ( 0.000000000000000000, 1.000000000000000000, -0.000000000000000000 ) ) ;
#718 = ORIENTED_EDGE ( 'NONE', *, *, #1838, .T. ) ;
#719 = B_SPLINE_SURFACE_WITH_KNOTS ( 'NONE', 3, 1, ( 
 ( #2192, #2119 ),
 ( #1092, #3549 ),
 ( #389, #1756 ),
 ( #1478, #729 ) ),
 .UNSPECIFIED., .F., .F., .F.,
 ( 4, 4 ),
 ( 2, 2 ),
 ( 0.000000000000000000, 0.9805900507926043064 ),
 ( 0.000000000000000000, 1.000000000000000000 ),
 .UNSPECIFIED. ) ;
#720 = EDGE_CURVE ( 'NONE', #1762, #4062, #777, .T. ) ;
#721 = LINE ( 'NONE', #45, #1863 ) ;
#722 = CARTESIAN_POINT ( 'NONE',  ( 3.810073224253964774, 3.710462734072836444, 0.1181102362204724532 ) ) ;
#723 = DIRECTION ( 'NONE',  ( -0.000000000000000000, -0.000000000000000000, -1.000000000000000000 ) ) ;
#724 = ADVANCED_FACE ( 'NONE', ( #3896 ), #3694, .F. ) ;
#725 = EDGE_CURVE ( 'NONE', #2104, #1437, #1093, .T. ) ;
#726 = ORIENTED_EDGE ( 'NONE', *, *, #1447, .T. ) ;
#727 = DIRECTION ( 'NONE',  ( 1.000000000000000000, -5.947623346206143462E-14, 0.000000000000000000 ) ) ;
#728 = CARTESIAN_POINT ( 'NONE',  ( 4.820861811023622323, 0.7992161417322835026, 0.1181102362204724532 ) ) ;
#729 = CARTESIAN_POINT ( 'NONE',  ( 5.504610778162938090, 5.331833637462754183, 0.000000000000000000 ) ) ;
#730 = CARTESIAN_POINT ( 'NONE',  ( 3.450374252454345037, 0.9075070660998963978, 0.05905511811023622659 ) ) ;
#731 = ORIENTED_EDGE ( 'NONE', *, *, #4008, .F. ) ;
#732 = FACE_OUTER_BOUND ( 'NONE', #566, .T. ) ;
#733 = CARTESIAN_POINT ( 'NONE',  ( 3.058154855136722805, 2.795077067490846723, 0.1181102362204724532 ) ) ;
#734 = ORIENTED_EDGE ( 'NONE', *, *, #1223, .F. ) ;
#735 = CARTESIAN_POINT ( 'NONE',  ( 2.388007653722031609, 2.797615755989000252, 0.1181102362204724532 ) ) ;
#736 = ORIENTED_EDGE ( 'NONE', *, *, #1680, .F. ) ;
#737 = CARTESIAN_POINT ( 'NONE',  ( 2.130461963536770753, 1.514101488188976496, 0.1181102362204724532 ) ) ;
#738 = ORIENTED_EDGE ( 'NONE', *, *, #1081, .T. ) ;
#739 = CARTESIAN_POINT ( 'NONE',  ( 3.296549441010502957, 2.820952564436488341, 0.1181102362204724532 ) ) ;
#740 = CARTESIAN_POINT ( 'NONE',  ( 3.356186464276504022, 0.8214839697780865757, 0.000000000000000000 ) ) ;
#741 = DIRECTION ( 'NONE',  ( -0.000000000000000000, -0.000000000000000000, 1.000000000000000000 ) ) ;
#742 = LINE ( 'NONE', #4226, #2082 ) ;
#743 = ORIENTED_EDGE ( 'NONE', *, *, #2682, .T. ) ;
#744 = ORIENTED_EDGE ( 'NONE', *, *, #2846, .T. ) ;
#745 = FACE_OUTER_BOUND ( 'NONE', #978, .T. ) ;
#746 = EDGE_CURVE ( 'NONE', #1310, #3428, #1160, .T. ) ;
#747 = EDGE_CURVE ( 'NONE', #1691, #909, #2898, .T. ) ;
#748 = LINE ( 'NONE', #3232, #3458 ) ;
#749 = CARTESIAN_POINT ( 'NONE',  ( 1.972116574488189222, 2.079150984251968648, 0.1181102362204724532 ) ) ;
#750 = CARTESIAN_POINT ( 'NONE',  ( 1.972116574488189222, 2.360994291338582851, 0.1181102362204724532 ) ) ;
#751 = ORIENTED_EDGE ( 'NONE', *, *, #3335, .F. ) ;
#752 = EDGE_CURVE ( 'NONE', #3370, #3592, #2193, .T. ) ;
#753 = CARTESIAN_POINT ( 'NONE',  ( 4.349705923296398602, 4.422019640425284948, 0.1181102362204724671 ) ) ;
#754 = CARTESIAN_POINT ( 'NONE',  ( 4.689217258811950728, 1.662726898255853625, 0.000000000000000000 ) ) ;
#755 = ORIENTED_EDGE ( 'NONE', *, *, #2404, .F. ) ;
#756 = DIRECTION ( 'NONE',  ( 1.000000000000000000, 0.000000000000000000, 0.000000000000000000 ) ) ;
#757 = CARTESIAN_POINT ( 'NONE',  ( 3.031189774757862665, 1.541794090900347136, 0.1181102362204724532 ) ) ;
#758 = EDGE_LOOP ( 'NONE', ( #3619, #3229, #1123, #2584 ) ) ;
#759 = DIRECTION ( 'NONE',  ( -1.000000000000000000, 0.000000000000000000, 0.000000000000000000 ) ) ;
#760 = ORIENTED_EDGE ( 'NONE', *, *, #451, .F. ) ;
#761 = VECTOR ( 'NONE', #1889, 39.37007874015748143 ) ;
#762 = DIRECTION ( 'NONE',  ( 1.000000000000000000, 0.000000000000000000, 0.000000000000000000 ) ) ;
#763 = DIRECTION ( 'NONE',  ( 0.000000000000000000, -0.000000000000000000, -1.000000000000000000 ) ) ;
#764 = DIRECTION ( 'NONE',  ( 0.000000000000000000, -0.000000000000000000, -1.000000000000000000 ) ) ;
#765 = CARTESIAN_POINT ( 'NONE',  ( 3.119212190384889283, 1.426042758130817489, 0.1181102362204724532 ) ) ;
#766 = VERTEX_POINT ( 'NONE', #2557 ) ;
#767 = ORIENTED_EDGE ( 'NONE', *, *, #3228, .T. ) ;
#768 = LINE ( 'NONE', #2531, #476 ) ;
#769 = AXIS2_PLACEMENT_3D ( 'NONE', #1565, #2692, #908 ) ;
#770 = CARTESIAN_POINT ( 'NONE',  ( 4.957952358604902798, 2.326893973494981616, 0.1181102362204724532 ) ) ;
#771 = B_SPLINE_CURVE_WITH_KNOTS ( 'NONE', 3,
 ( #3612, #2889, #2500, #3862 ),
 .UNSPECIFIED., .F., .F.,
 ( 4, 4 ),
 ( 0.000000000000000000, 1.000000000000000000 ),
 .UNSPECIFIED. ) ;
#772 = VECTOR ( 'NONE', #2920, 39.37007874015748143 ) ;
#773 = EDGE_CURVE ( 'NONE', #492, #890, #2212, .T. ) ;
#774 = EDGE_CURVE ( 'NONE', #3995, #3078, #1205, .T. ) ;
#775 = ORIENTED_EDGE ( 'NONE', *, *, #2262, .F. ) ;
#776 = CARTESIAN_POINT ( 'NONE',  ( 4.355882947045185638, -0.04222821879130904399, 0.000000000000000000 ) ) ;
#777 = LINE ( 'NONE', #439, #2074 ) ;
#778 = CARTESIAN_POINT ( 'NONE',  ( 1.908017755590551534, 2.106710039370078835, 0.1181102362204724532 ) ) ;
#779 = CARTESIAN_POINT ( 'NONE',  ( 4.100607086614173724, 2.218303110236220288, 0.1181102362204724532 ) ) ;
#780 = ORIENTED_EDGE ( 'NONE', *, *, #2739, .T. ) ;
#781 = ADVANCED_FACE ( 'NONE', ( #2537 ), #3524, .T. ) ;
#782 = EDGE_CURVE ( 'NONE', #4084, #1030, #2456, .T. ) ;
#783 = VECTOR ( 'NONE', #4307, 39.37007874015748143 ) ;
#784 = CARTESIAN_POINT ( 'NONE',  ( 0.2847733858267716411, 2.447542480314961022, 0.000000000000000000 ) ) ;
#785 = CARTESIAN_POINT ( 'NONE',  ( 2.829538631305691609, 1.541660543307086684, 0.1181102362204724532 ) ) ;
#786 = ORIENTED_EDGE ( 'NONE', *, *, #809, .T. ) ;
#787 = CARTESIAN_POINT ( 'NONE',  ( 3.450374252454345037, 0.9075070660998963978, 0.000000000000000000 ) ) ;
#788 = ORIENTED_EDGE ( 'NONE', *, *, #2598, .T. ) ;
#789 = B_SPLINE_CURVE_WITH_KNOTS ( 'NONE', 3,
 ( #1013, #3106, #3803, #308 ),
 .UNSPECIFIED., .F., .F.,
 ( 4, 4 ),
 ( 0.1526864431564143865, 1.000000000000000222 ),
 .UNSPECIFIED. ) ;
#790 = CARTESIAN_POINT ( 'NONE',  ( 3.568963819212598754, 2.134269881889763631, 0.1181102362204724532 ) ) ;
#791 = CARTESIAN_POINT ( 'NONE',  ( 0.5148119685039370674, 4.612122637795275537, 0.1181102362204724532 ) ) ;
#792 = CARTESIAN_POINT ( 'NONE',  ( 4.754899872910218761, 1.513014522749034141, 0.1181102362204724532 ) ) ;
#793 = CYLINDRICAL_SURFACE ( 'NONE', #2591, 0.02755905511811020808 ) ;
#794 = B_SPLINE_SURFACE_WITH_KNOTS ( 'NONE', 3, 1, ( 
 ( #4200, #2773 ),
 ( #2793, #1379 ),
 ( #1719, #2754 ),
 ( #1743, #3111 ) ),
 .UNSPECIFIED., .F., .F., .F.,
 ( 4, 4 ),
 ( 2, 2 ),
 ( 0.000000000000000000, 1.000000000000000000 ),
 ( 0.000000000000000000, 1.000000000000000000 ),
 .UNSPECIFIED. ) ;
#795 = ORIENTED_EDGE ( 'NONE', *, *, #339, .T. ) ;
#796 = CARTESIAN_POINT ( 'NONE',  ( 3.275752267038861909, 1.498220763633351771, 0.1181102362204724532 ) ) ;
#797 = CARTESIAN_POINT ( 'NONE',  ( 1.979587219797415365, 3.482561485431520776, 0.000000000000000000 ) ) ;
#798 = VERTEX_POINT ( 'NONE', #2576 ) ;
#799 = DIRECTION ( 'NONE',  ( -0.000000000000000000, -0.000000000000000000, -1.000000000000000000 ) ) ;
#800 = PLANE ( 'NONE',  #1355 ) ;
#801 = CARTESIAN_POINT ( 'NONE',  ( 5.504610778162939866, 5.331833637462750630, 0.000000000000000000 ) ) ;
#802 = CARTESIAN_POINT ( 'NONE',  ( 2.985732064232623717, 3.584121905965611088, 0.1181102362204724532 ) ) ;
#803 = ORIENTED_EDGE ( 'NONE', *, *, #4286, .T. ) ;
#804 = CARTESIAN_POINT ( 'NONE',  ( 0.8250180224292228415, 1.849356355839143706, 0.000000000000000000 ) ) ;
#805 = CARTESIAN_POINT ( 'NONE',  ( 2.816695396909712379, 1.543242015657738442, 0.000000000000000000 ) ) ;
#806 = ORIENTED_EDGE ( 'NONE', *, *, #4064, .T. ) ;
#807 = DIRECTION ( 'NONE',  ( 1.000000000000000000, 0.000000000000000000, 0.000000000000000000 ) ) ;
#808 = ADVANCED_FACE ( 'NONE', ( #2831 ), #800, .F. ) ;
#809 = EDGE_CURVE ( 'NONE', #4198, #3985, #408, .T. ) ;
#810 = ORIENTED_EDGE ( 'NONE', *, *, #258, .T. ) ;
#811 = B_SPLINE_CURVE_WITH_KNOTS ( 'NONE', 3,
 ( #261, #3123, #1706, #2744 ),
 .UNSPECIFIED., .F., .F.,
 ( 4, 4 ),
 ( 0.09428828005262082645, 1.000000000000000000 ),
 .UNSPECIFIED. ) ;
#812 = DIRECTION ( 'NONE',  ( -1.000000000000000000, 0.000000000000000000, 0.000000000000000000 ) ) ;
#813 = EDGE_CURVE ( 'NONE', #2771, #4062, #390, .T. ) ;
#814 = CARTESIAN_POINT ( 'NONE',  ( 4.689217258811950728, 1.662726898255853625, 0.1181102362204724532 ) ) ;
#815 = UNCERTAINTY_MEASURE_WITH_UNIT (LENGTH_MEASURE( 1.000000000000000082E-05 ), #2672, 'distance_accuracy_value', 'NONE');
#816 = CARTESIAN_POINT ( 'NONE',  ( 0.6576947493751834628, 1.116873518515059782, 0.1181102362204724532 ) ) ;
#817 = ORIENTED_EDGE ( 'NONE', *, *, #2318, .T. ) ;
#818 = CARTESIAN_POINT ( 'NONE',  ( 3.058154855136722805, 2.795077067490846723, 0.000000000000000000 ) ) ;
#819 = FACE_OUTER_BOUND ( 'NONE', #680, .T. ) ;
#820 = ORIENTED_EDGE ( 'NONE', *, *, #1113, .F. ) ;
#821 = CARTESIAN_POINT ( 'NONE',  ( 3.321263777293349762, 2.775596385826771595, 0.1181102362204724532 ) ) ;
#822 = DIRECTION ( 'NONE',  ( -0.000000000000000000, 0.000000000000000000, 1.000000000000000000 ) ) ;
#823 = CARTESIAN_POINT ( 'NONE',  ( 0.000000000000000000, 2.775596385826771595, 0.1181102362204724532 ) ) ;
#824 = ORIENTED_EDGE ( 'NONE', *, *, #3173, .T. ) ;
#825 = LINE ( 'NONE', #3532, #4120 ) ;
#826 = DIRECTION ( 'NONE',  ( 1.000000000000000000, 0.000000000000000000, 0.000000000000000000 ) ) ;
#827 = ORIENTED_EDGE ( 'NONE', *, *, #1522, .T. ) ;
#828 = DIRECTION ( 'NONE',  ( -0.000000000000000000, 0.000000000000000000, -1.000000000000000000 ) ) ;
#829 = ORIENTED_EDGE ( 'NONE', *, *, #4368, .F. ) ;
#830 = ADVANCED_FACE ( 'NONE', ( #127 ), #3167, .F. ) ;
#831 = EDGE_CURVE ( 'NONE', #3723, #4221, #920, .T. ) ;
#832 = CARTESIAN_POINT ( 'NONE',  ( 2.814616672190511260, 0.8524973220412135344, 0.1181102362204724532 ) ) ;
#833 = DIRECTION ( 'NONE',  ( 0.9698726352278501661, -0.2436125436757832774, 0.000000000000000000 ) ) ;
#834 = CARTESIAN_POINT ( 'NONE',  ( 5.355396850393701946, 3.553867125984252251, 0.000000000000000000 ) ) ;
#835 = CARTESIAN_POINT ( 'NONE',  ( 0.7167363779527559098, 0.7402551181102362543, 0.1181102362204724532 ) ) ;
#836 = ORIENTED_EDGE ( 'NONE', *, *, #4308, .F. ) ;
#837 = AXIS2_PLACEMENT_3D ( 'NONE', #3481, #2098, #1687 ) ;
#838 = EDGE_CURVE ( 'NONE', #398, #1442, #262, .T. ) ;
#839 = CARTESIAN_POINT ( 'NONE',  ( 1.944557519370078813, 2.106710039370078835, 0.000000000000000000 ) ) ;
#840 = CARTESIAN_POINT ( 'NONE',  ( 4.823529387747520047, 2.107373611081008402, 0.1181102362204724532 ) ) ;
#841 = CIRCLE ( 'NONE', #124, 0.02755905511811020808 ) ;
#842 = B_SPLINE_CURVE_WITH_KNOTS ( 'NONE', 3,
 ( #2833, #3236, #3216, #1161 ),
 .UNSPECIFIED., .F., .F.,
 ( 4, 4 ),
 ( 0.000000000000000000, 0.9149645353079356447 ),
 .UNSPECIFIED. ) ;
#843 = VECTOR ( 'NONE', #3162, 39.37007874015748143 ) ;
#844 = AXIS2_PLACEMENT_3D ( 'NONE', #2371, #3751, #1383 ) ;
#845 = EDGE_LOOP ( 'NONE', ( #3043, #3490, #1826, #3825 ) ) ;
#846 = DIRECTION ( 'NONE',  ( 0.000000000000000000, 0.000000000000000000, -1.000000000000000000 ) ) ;
#847 = CARTESIAN_POINT ( 'NONE',  ( 0.5662225984251968436, 1.727081850393701101, 0.1181102362204724532 ) ) ;
#848 = ORIENTED_EDGE ( 'NONE', *, *, #2176, .T. ) ;
#849 = AXIS2_PLACEMENT_3D ( 'NONE', #1629, #2273, #2996 ) ;
#850 = CIRCLE ( 'NONE', #2814, 0.1275590551181102206 ) ;
#851 = DIRECTION ( 'NONE',  ( 0.000000000000000000, 0.000000000000000000, -1.000000000000000000 ) ) ;
#852 = CARTESIAN_POINT ( 'NONE',  ( 0.02100567842198928711, 4.408221720188596038, 0.000000000000000000 ) ) ;
#853 = VECTOR ( 'NONE', #1515, 39.37007874015748143 ) ;
#854 = ORIENTED_EDGE ( 'NONE', *, *, #1977, .T. ) ;
#855 = LINE ( 'NONE', #2564, #3691 ) ;
#856 = ORIENTED_EDGE ( 'NONE', *, *, #1171, .F. ) ;
#857 = AXIS2_PLACEMENT_3D ( 'NONE', #4467, #1412, #1047 ) ;
#858 = ORIENTED_EDGE ( 'NONE', *, *, #11, .F. ) ;
#859 = CARTESIAN_POINT ( 'NONE',  ( 3.515612348852827473, 2.106710826771653444, 0.1181102362204724532 ) ) ;
#860 = DIRECTION ( 'NONE',  ( 1.000000000000000000, 0.000000000000000000, 0.000000000000000000 ) ) ;
#861 = FACE_OUTER_BOUND ( 'NONE', #2208, .T. ) ;
#862 = CYLINDRICAL_SURFACE ( 'NONE', #4185, 0.02755905511811020808 ) ;
#863 = ORIENTED_EDGE ( 'NONE', *, *, #952, .F. ) ;
#864 = CARTESIAN_POINT ( 'NONE',  ( 1.836141377952756004, 0.4816696850393701324, 0.1181102362204724532 ) ) ;
#865 = CARTESIAN_POINT ( 'NONE',  ( 4.355882947045116360, -0.04222821879128865058, 0.000000000000000000 ) ) ;
#866 = EDGE_CURVE ( 'NONE', #436, #1494, #2604, .T. ) ;
#867 = EDGE_CURVE ( 'NONE', #281, #1821, #4056, .T. ) ;
#868 = VERTEX_POINT ( 'NONE', #4321 ) ;
#869 = CARTESIAN_POINT ( 'NONE',  ( 1.651179904228214923, 1.246761753263092354, 0.000000000000000000 ) ) ;
#870 = CARTESIAN_POINT ( 'NONE',  ( 0.8455009088841166642, 0.03751125168172964042, 0.000000000000000000 ) ) ;
#871 = CARTESIAN_POINT ( 'NONE',  ( 1.880458700472441347, 2.305876181102362477, 0.1181102362204724532 ) ) ;
#872 = EDGE_CURVE ( 'NONE', #1440, #2953, #3155, .T. ) ;
#873 = CARTESIAN_POINT ( 'NONE',  ( 2.125288292309573279, 2.803155440944882226, 0.1181102362204724532 ) ) ;
#874 = LENGTH_MEASURE_WITH_UNIT ( LENGTH_MEASURE( 0.02539999999999999897 ), #2358 );
#875 = EDGE_LOOP ( 'NONE', ( #1350, #1102, #3487, #2070 ) ) ;
#876 = CARTESIAN_POINT ( 'NONE',  ( 5.136474409448819500, 4.528952952755905592, 0.1181102362204724532 ) ) ;
#877 = EDGE_LOOP ( 'NONE', ( #3967, #4276, #1842, #1286 ) ) ;
#878 = ORIENTED_EDGE ( 'NONE', *, *, #1583, .T. ) ;
#879 = DIRECTION ( 'NONE',  ( -0.000000000000000000, 0.000000000000000000, 1.000000000000000000 ) ) ;
#880 = CARTESIAN_POINT ( 'NONE',  ( 2.601478149606299528, 1.541660543307086684, 0.000000000000000000 ) ) ;
#881 = FACE_OUTER_BOUND ( 'NONE', #845, .T. ) ;
#882 = B_SPLINE_CURVE_WITH_KNOTS ( 'NONE', 3,
 ( #3273, #1518, #1156, #454 ),
 .UNSPECIFIED., .F., .F.,
 ( 4, 4 ),
 ( 0.000000000000000000, 1.000000000000000000 ),
 .UNSPECIFIED. ) ;
#883 = CARTESIAN_POINT ( 'NONE',  ( 0.2721564566929133844, 3.485636811023621995, 0.1181102362204724532 ) ) ;
#884 = ORIENTED_EDGE ( 'NONE', *, *, #3892, .T. ) ;
#885 = LINE ( 'NONE', #4213, #1653 ) ;
#886 = DIRECTION ( 'NONE',  ( -0.000000000000000000, -0.000000000000000000, 1.000000000000000000 ) ) ;
#887 = CARTESIAN_POINT ( 'NONE',  ( 2.490383954750978734, 0.7431410380958324291, 0.000000000000000000 ) ) ;
#888 = EDGE_CURVE ( 'NONE', #3347, #1354, #4351, .T. ) ;
#889 = EDGE_CURVE ( 'NONE', #2575, #245, #3326, .T. ) ;
#890 = VERTEX_POINT ( 'NONE', #1939 ) ;
#891 = CARTESIAN_POINT ( 'NONE',  ( 3.515612348852827473, 2.106710826771653444, 0.000000000000000000 ) ) ;
#892 = CARTESIAN_POINT ( 'NONE',  ( 2.972768820437380999, 0.8733882794940973637, 0.1181102362204724532 ) ) ;
#893 = EDGE_CURVE ( 'NONE', #3160, #3959, #1597, .T. ) ;
#894 = DIRECTION ( 'NONE',  ( -0.1833940677872823999, -0.9830394783020841576, 0.000000000000000000 ) ) ;
#895 =( CONVERSION_BASED_UNIT ( 'INCH', #874 ) LENGTH_UNIT ( ) NAMED_UNIT ( #123 ) );
#896 = ORIENTED_EDGE ( 'NONE', *, *, #1027, .F. ) ;
#897 = DIRECTION ( 'NONE',  ( -1.000000000000000000, 0.000000000000000000, 0.000000000000000000 ) ) ;
#898 = ORIENTED_EDGE ( 'NONE', *, *, #3645, .T. ) ;
#899 = VERTEX_POINT ( 'NONE', #3005 ) ;
#900 = DIRECTION ( 'NONE',  ( -0.9560727306556285887, 0.2931295510464442255, 0.000000000000000000 ) ) ;
#901 = CARTESIAN_POINT ( 'NONE',  ( 1.693798976377952847, 0.1589303149606299259, 0.000000000000000000 ) ) ;
#902 = CARTESIAN_POINT ( 'NONE',  ( 4.957952358604902798, 2.326893973494981616, 0.1181102362204724532 ) ) ;
#903 = DIRECTION ( 'NONE',  ( 0.000000000000000000, 0.000000000000000000, 1.000000000000000000 ) ) ;
#904 = ORIENTED_EDGE ( 'NONE', *, *, #888, .F. ) ;
#905 = DIRECTION ( 'NONE',  ( 1.000000000000000000, -4.283267841918033521E-15, 0.000000000000000000 ) ) ;
#906 = CARTESIAN_POINT ( 'NONE',  ( 3.194512851847567170, 1.142014197934250186, 0.1181102362204724532 ) ) ;
#907 = B_SPLINE_CURVE_WITH_KNOTS ( 'NONE', 3,
 ( #1878, #1166, #464, #2516 ),
 .UNSPECIFIED., .F., .F.,
 ( 4, 4 ),
 ( 0.000000000000000000, 0.8307899681424752991 ),
 .UNSPECIFIED. ) ;
#908 = DIRECTION ( 'NONE',  ( 1.000000000000000000, 0.000000000000000000, 0.000000000000000000 ) ) ;
#909 = VERTEX_POINT ( 'NONE', #891 ) ;
#910 = CARTESIAN_POINT ( 'NONE',  ( 1.005576929133858322, 4.228670275590551419, 0.000000000000000000 ) ) ;
#911 = CIRCLE ( 'NONE', #3452, 0.1275590551181104981 ) ;
#912 = CARTESIAN_POINT ( 'NONE',  ( 1.979587219797415365, 3.482561485431521220, 0.000000000000000000 ) ) ;
#913 = ADVANCED_FACE ( 'NONE', ( #1915 ), #2986, .F. ) ;
#914 = VECTOR ( 'NONE', #1128, 39.37007874015748143 ) ;
#915 = CARTESIAN_POINT ( 'NONE',  ( 0.000000000000000000, 0.000000000000000000, 0.1181102362204724532 ) ) ;
#916 = CARTESIAN_POINT ( 'NONE',  ( 2.147616080243297532, 0.8387088206537389734, 0.000000000000000000 ) ) ;
#917 = ORIENTED_EDGE ( 'NONE', *, *, #3227, .F. ) ;
#918 = CARTESIAN_POINT ( 'NONE',  ( 0.000000000000000000, 2.106710826771653444, 0.1181102362204724532 ) ) ;
#919 = AXIS2_PLACEMENT_3D ( 'NONE', #887, #1595, #4051 ) ;
#920 = CIRCLE ( 'NONE', #621, 0.02755905511811047870 ) ;
#921 = ORIENTED_EDGE ( 'NONE', *, *, #3001, .F. ) ;
#922 = B_SPLINE_CURVE_WITH_KNOTS ( 'NONE', 3,
 ( #3931, #3540, #1490, #3207 ),
 .UNSPECIFIED., .F., .F.,
 ( 4, 4 ),
 ( 0.000000000000000000, 1.000000000000000000 ),
 .UNSPECIFIED. ) ;
#923 = EDGE_CURVE ( 'NONE', #85, #2179, #1272, .T. ) ;
#924 = EDGE_CURVE ( 'NONE', #2345, #2104, #386, .T. ) ;
#925 = CIRCLE ( 'NONE', #4187, 0.02755905511811020808 ) ;
#926 = ORIENTED_EDGE ( 'NONE', *, *, #3892, .F. ) ;
#927 = CARTESIAN_POINT ( 'NONE',  ( 3.541404764094488122, 2.333436023622047273, 0.1181102362204724532 ) ) ;
#928 = CARTESIAN_POINT ( 'NONE',  ( 1.693798976377952847, 0.1589303149606299259, 0.1181102362204724532 ) ) ;
#929 = CARTESIAN_POINT ( 'NONE',  ( 5.136474409448819500, 4.528952952755905592, 0.1181102362204724532 ) ) ;
#930 = AXIS2_PLACEMENT_3D ( 'NONE', #71, #4474, #1792 ) ;
#931 = CARTESIAN_POINT ( 'NONE',  ( 2.130461963536770753, 1.514101488188976496, 0.1181102362204724532 ) ) ;
#932 = AXIS2_PLACEMENT_3D ( 'NONE', #3769, #333, #2429 ) ;
#933 = CYLINDRICAL_SURFACE ( 'NONE', #564, 0.1275590551181102206 ) ;
#934 = FACE_OUTER_BOUND ( 'NONE', #2259, .T. ) ;
#935 = CARTESIAN_POINT ( 'NONE',  ( 3.269457801844696476, 2.826006731658972981, 0.000000000000000000 ) ) ;
#936 = ORIENTED_EDGE ( 'NONE', *, *, #2089, .T. ) ;
#937 = ORIENTED_EDGE ( 'NONE', *, *, #4096, .F. ) ;
#938 = ORIENTED_EDGE ( 'NONE', *, *, #426, .T. ) ;
#939 = CARTESIAN_POINT ( 'NONE',  ( 0.000000000000000000, 1.541660543307086684, 0.000000000000000000 ) ) ;
#940 = DIRECTION ( 'NONE',  ( 1.000000000000000000, 0.000000000000000000, 0.000000000000000000 ) ) ;
#941 = CARTESIAN_POINT ( 'NONE',  ( 5.462799911449456758, 5.344942815983156237, 0.000000000000000000 ) ) ;
#942 = CARTESIAN_POINT ( 'NONE',  ( 1.368958031496063210, 2.218303110236220288, 0.1181102362204724532 ) ) ;
#943 = EDGE_LOOP ( 'NONE', ( #3200, #42, #2502, #1581 ) ) ;
#944 = CARTESIAN_POINT ( 'NONE',  ( 1.368961312274912911, 1.709607049116631527, 0.1181102362204724532 ) ) ;
#945 = ORIENTED_EDGE ( 'NONE', *, *, #2427, .F. ) ;
#946 = EDGE_CURVE ( 'NONE', #2885, #1314, #168, .T. ) ;
#947 = VERTEX_POINT ( 'NONE', #2645 ) ;
#948 = EDGE_CURVE ( 'NONE', #2837, #3796, #4180, .T. ) ;
#949 = DIRECTION ( 'NONE',  ( -0.000000000000000000, -0.000000000000000000, -1.000000000000000000 ) ) ;
#950 = CARTESIAN_POINT ( 'NONE',  ( 0.01117062992125984235, 3.924353346456692648, 0.1181102362204724532 ) ) ;
#951 = ORIENTED_EDGE ( 'NONE', *, *, #1308, .T. ) ;
#952 = EDGE_CURVE ( 'NONE', #2142, #1342, #2802, .T. ) ;
#953 = CARTESIAN_POINT ( 'NONE',  ( 1.693798976377952847, 0.1589303149606299259, 0.1181102362204724532 ) ) ;
#954 = CARTESIAN_POINT ( 'NONE',  ( 2.335716377795114429, 1.426622691621056038, 0.000000000000000000 ) ) ;
#955 = CARTESIAN_POINT ( 'NONE',  ( 5.662496062992127044, 3.542033661417322676, 0.000000000000000000 ) ) ;
#956 = CARTESIAN_POINT ( 'NONE',  ( 3.322815197336234316, 0.9075070660998963978, 0.05905511811023622659 ) ) ;
#957 = VERTEX_POINT ( 'NONE', #1964 ) ;
#958 = ORIENTED_EDGE ( 'NONE', *, *, #1529, .T. ) ;
#959 = DIRECTION ( 'NONE',  ( 0.9719770823705193852, 0.2350756289930805154, 0.000000000000000000 ) ) ;
#960 = FACE_OUTER_BOUND ( 'NONE', #3414, .T. ) ;
#961 = CARTESIAN_POINT ( 'NONE',  ( 0.000000000000000000, 2.333435236220472664, 0.1181102362204724532 ) ) ;
#962 =( NAMED_UNIT ( * ) PLANE_ANGLE_UNIT ( ) SI_UNIT ( $, .RADIAN. ) );
#963 = ORIENTED_EDGE ( 'NONE', *, *, #4228, .F. ) ;
#964 = CARTESIAN_POINT ( 'NONE',  ( 1.368958031496063210, 2.218303110236220288, 0.000000000000000000 ) ) ;
#965 = ORIENTED_EDGE ( 'NONE', *, *, #3343, .F. ) ;
#966 = ORIENTED_EDGE ( 'NONE', *, *, #3117, .F. ) ;
#967 = CARTESIAN_POINT ( 'NONE',  ( 3.119212190384889283, 1.426042758130817489, 0.000000000000000000 ) ) ;
#968 = CARTESIAN_POINT ( 'NONE',  ( 5.251709055118110037, 2.414856259842519837, 0.000000000000000000 ) ) ;
#969 = ORIENTED_EDGE ( 'NONE', *, *, #3638, .T. ) ;
#970 = EDGE_CURVE ( 'NONE', #3171, #4359, #4421, .T. ) ;
#971 = EDGE_CURVE ( 'NONE', #2150, #1762, #120, .T. ) ;
#972 = CARTESIAN_POINT ( 'NONE',  ( 0.7167363779527559098, 0.7402551181102362543, 0.000000000000000000 ) ) ;
#973 = CARTESIAN_POINT ( 'NONE',  ( 3.389284135565997946, 1.019486127362228878, 0.1181102362204724671 ) ) ;
#974 = DIRECTION ( 'NONE',  ( 1.000000000000000000, 0.000000000000000000, 0.000000000000000000 ) ) ;
#975 = CARTESIAN_POINT ( 'NONE',  ( 2.394001155545651738, 1.522469392728542870, 0.000000000000000000 ) ) ;
#976 = EDGE_CURVE ( 'NONE', #3370, #3764, #257, .T. ) ;
#977 = ADVANCED_FACE ( 'NONE', ( #1207 ), #1617, .F. ) ;
#978 = EDGE_LOOP ( 'NONE', ( #3334, #4440, #1461, #3254 ) ) ;
#979 = ORIENTED_EDGE ( 'NONE', *, *, #4334, .T. ) ;
#980 = CYLINDRICAL_SURFACE ( 'NONE', #2373, 0.02755905511811047870 ) ;
#981 = CARTESIAN_POINT ( 'NONE',  ( 4.820861811023622323, 0.7992161417322835026, 0.1181102362204724532 ) ) ;
#982 = VECTOR ( 'NONE', #3986, 39.37007874015748143 ) ;
#983 = B_SPLINE_CURVE_WITH_KNOTS ( 'NONE', 3,
 ( #9, #4098, #3141, #4442 ),
 .UNSPECIFIED., .F., .F.,
 ( 4, 4 ),
 ( 0.04096998847746195771, 1.000000000000000000 ),
 .UNSPECIFIED. ) ;
#984 = CARTESIAN_POINT ( 'NONE',  ( 4.663315524479685337, 1.908629718901625916, 0.000000000000000000 ) ) ;
#985 = CARTESIAN_POINT ( 'NONE',  ( 1.972116574488189222, 0.000000000000000000, 0.1181102362204724532 ) ) ;
#986 = ORIENTED_EDGE ( 'NONE', *, *, #2118, .F. ) ;
#987 = CARTESIAN_POINT ( 'NONE',  ( 2.814616672190511260, 0.8524973220412135344, 0.1181102362204724532 ) ) ;
#988 = VERTEX_POINT ( 'NONE', #2934 ) ;
#989 = VECTOR ( 'NONE', #2185, 39.37007874015748854 ) ;
#990 = AXIS2_PLACEMENT_3D ( 'NONE', #2069, #1365, #1403 ) ;
#991 = ORIENTED_EDGE ( 'NONE', *, *, #4002, .T. ) ;
#992 = COLOUR_RGB ( '',1.000000000000000000, 1.000000000000000000, 1.000000000000000000 ) ;
#993 = CARTESIAN_POINT ( 'NONE',  ( 1.940266574803149568, 0.3308110236220472289, 0.1181102362204724532 ) ) ;
#994 = FACE_OUTER_BOUND ( 'NONE', #2435, .T. ) ;
#995 = CIRCLE ( 'NONE', #1870, 0.02755905511811020808 ) ;
#996 = CARTESIAN_POINT ( 'NONE',  ( 1.979587219797415365, 3.482561485431520776, 0.000000000000000000 ) ) ;
#997 = PLANE ( 'NONE',  #3244 ) ;
#998 = AXIS2_PLACEMENT_3D ( 'NONE', #3848, #57, #3871 ) ;
#999 = CARTESIAN_POINT ( 'NONE',  ( 0.7407615748031496361, 0.5870023622047244594, 0.000000000000000000 ) ) ;
#1000 = DIRECTION ( 'NONE',  ( -0.000000000000000000, -0.000000000000000000, -1.000000000000000000 ) ) ;
#1001 = ORIENTED_EDGE ( 'NONE', *, *, #2007, .T. ) ;
#1002 = CIRCLE ( 'NONE', #2243, 0.02755905511811020808 ) ;
#1003 = ORIENTED_EDGE ( 'NONE', *, *, #1837, .F. ) ;
#1004 = CARTESIAN_POINT ( 'NONE',  ( -0.5294350206369167200, 2.198920229603386289, 0.1181102362204724532 ) ) ;
#1005 = EDGE_CURVE ( 'NONE', #1310, #2475, #3756, .T. ) ;
#1006 = EDGE_CURVE ( 'NONE', #2529, #1282, #1042, .T. ) ;
#1007 = DIRECTION ( 'NONE',  ( -1.000000000000000000, 0.000000000000000000, 0.000000000000000000 ) ) ;
#1008 = AXIS2_PLACEMENT_3D ( 'NONE', #3621, #169, #1544 ) ;
#1009 = DIRECTION ( 'NONE',  ( -0.000000000000000000, -0.000000000000000000, -1.000000000000000000 ) ) ;
#1010 = CARTESIAN_POINT ( 'NONE',  ( 0.7663340157480316162, 4.428827755905511587, 0.1181102362204724532 ) ) ;
#1011 = ORIENTED_EDGE ( 'NONE', *, *, #1335, .T. ) ;
#1012 = EDGE_CURVE ( 'NONE', #3985, #1236, #983, .T. ) ;
#1013 = CARTESIAN_POINT ( 'NONE',  ( 1.979587219797415365, 3.482561485431520776, 0.1181102362204724532 ) ) ;
#1014 = EDGE_LOOP ( 'NONE', ( #1549, #3148, #1997, #4104 ) ) ;
#1015 = ORIENTED_EDGE ( 'NONE', *, *, #4449, .T. ) ;
#1016 = CARTESIAN_POINT ( 'NONE',  ( 1.836141377952756004, 0.4816696850393701324, 0.000000000000000000 ) ) ;
#1017 = ORIENTED_EDGE ( 'NONE', *, *, #2506, .F. ) ;
#1018 = CARTESIAN_POINT ( 'NONE',  ( 0.7167363779527559098, 0.7402551181102362543, 0.000000000000000000 ) ) ;
#1019 = CARTESIAN_POINT ( 'NONE',  ( 3.351301274095412452, 1.669219598425196960, 0.000000000000000000 ) ) ;
#1020 = CARTESIAN_POINT ( 'NONE',  ( 0.7407615748031496361, 0.5870023622047244594, 0.1181102362204724532 ) ) ;
#1021 = CARTESIAN_POINT ( 'NONE',  ( 3.914103661417323465, 3.847636811023622094, 0.1181102362204724532 ) ) ;
#1022 = ORIENTED_EDGE ( 'NONE', *, *, #39, .F. ) ;
#1023 = VERTEX_POINT ( 'NONE', #303 ) ;
#1024 = DIRECTION ( 'NONE',  ( -0.000000000000000000, 0.000000000000000000, 1.000000000000000000 ) ) ;
#1025 = CARTESIAN_POINT ( 'NONE',  ( 0.000000000000000000, 2.333435236220472664, 0.1181102362204724532 ) ) ;
#1026 = EDGE_CURVE ( 'NONE', #1184, #2041, #3733, .T. ) ;
#1027 = EDGE_CURVE ( 'NONE', #2269, #405, #3163, .T. ) ;
#1028 = CARTESIAN_POINT ( 'NONE',  ( 4.820861811023622323, 0.7992161417322835026, 0.000000000000000000 ) ) ;
#1029 = CARTESIAN_POINT ( 'NONE',  ( 0.8442592125984252904, 0.2939051181102362298, 0.000000000000000000 ) ) ;
#1030 = VERTEX_POINT ( 'NONE', #2437 ) ;
#1031 = CARTESIAN_POINT ( 'NONE',  ( 4.820861811023622323, 0.7992161417322835026, 0.000000000000000000 ) ) ;
#1032 = ORIENTED_EDGE ( 'NONE', *, *, #3930, .T. ) ;
#1033 = EDGE_CURVE ( 'NONE', #3784, #3764, #645, .T. ) ;
#1034 = ORIENTED_EDGE ( 'NONE', *, *, #4391, .F. ) ;
#1035 = CARTESIAN_POINT ( 'NONE',  ( 5.766315069472105925, 4.138799533080570470, 0.1181102362204724532 ) ) ;
#1036 = ORIENTED_EDGE ( 'NONE', *, *, #4392, .T. ) ;
#1037 = CARTESIAN_POINT ( 'NONE',  ( 3.361102795590551473, 2.648037330708661319, 0.000000000000000000 ) ) ;
#1038 = DIRECTION ( 'NONE',  ( -0.000000000000000000, -0.000000000000000000, -1.000000000000000000 ) ) ;
#1039 = CARTESIAN_POINT ( 'NONE',  ( 5.462799911449456758, 5.344942815983156237, 0.1181102362204724809 ) ) ;
#1040 = ORIENTED_EDGE ( 'NONE', *, *, #2947, .T. ) ;
#1041 = ORIENTED_EDGE ( 'NONE', *, *, #3924, .T. ) ;
#1042 = LINE ( 'NONE', #3122, #2221 ) ;
#1043 = LINE ( 'NONE', #646, #407 ) ;
#1044 = DIRECTION ( 'NONE',  ( -0.000000000000000000, 0.000000000000000000, 1.000000000000000000 ) ) ;
#1045 = DIRECTION ( 'NONE',  ( 0.000000000000000000, 0.000000000000000000, -1.000000000000000000 ) ) ;
#1046 = ORIENTED_EDGE ( 'NONE', *, *, #3765, .T. ) ;
#1047 = DIRECTION ( 'NONE',  ( 1.000000000000000000, 0.000000000000000000, 0.000000000000000000 ) ) ;
#1048 = ORIENTED_EDGE ( 'NONE', *, *, #2703, .F. ) ;
#1049 = AXIS2_PLACEMENT_3D ( 'NONE', #3348, #3371, #506 ) ;
#1050 = ORIENTED_EDGE ( 'NONE', *, *, #1278, .T. ) ;
#1051 = CARTESIAN_POINT ( 'NONE',  ( 2.840455108566711573, 0.5927037616992754110, 0.1181102362204724532 ) ) ;
#1052 = AXIS2_PLACEMENT_3D ( 'NONE', #497, #3632, #1885 ) ;
#1053 = EDGE_CURVE ( 'NONE', #3453, #2708, #336, .T. ) ;
#1054 = EDGE_CURVE ( 'NONE', #436, #398, #3059, .T. ) ;
#1055 = VERTEX_POINT ( 'NONE', #618 ) ;
#1056 = VECTOR ( 'NONE', #2379, 39.37007874015748143 ) ;
#1057 = CARTESIAN_POINT ( 'NONE',  ( 0.8250180224292251729, 1.849356355839148813, 0.000000000000000000 ) ) ;
#1058 = DIRECTION ( 'NONE',  ( -0.000000000000000000, 0.000000000000000000, 1.000000000000000000 ) ) ;
#1059 = DIRECTION ( 'NONE',  ( 1.000000000000000000, 0.000000000000000000, 0.000000000000000000 ) ) ;
#1060 = LINE ( 'NONE', #3432, #54 ) ;
#1061 = STYLED_ITEM ( 'NONE', ( #1281 ), #477 ) ;
#1062 = EDGE_LOOP ( 'NONE', ( #1305, #1809, #3711, #1422 ) ) ;
#1063 = AXIS2_PLACEMENT_3D ( 'NONE', #1967, #4375, #1258 ) ;
#1064 = B_SPLINE_CURVE_WITH_KNOTS ( 'NONE', 3,
 ( #2390, #1035, #2042, #3426 ),
 .UNSPECIFIED., .F., .F.,
 ( 4, 4 ),
 ( 0.000000000000000000, 0.9805900507926043064 ),
 .UNSPECIFIED. ) ;
#1065 = ORIENTED_EDGE ( 'NONE', *, *, #4251, .F. ) ;
#1066 = CARTESIAN_POINT ( 'NONE',  ( 0.01117062992125984235, 3.924353346456692648, 0.1181102362204724532 ) ) ;
#1067 = DIRECTION ( 'NONE',  ( -0.9698726352278501661, 0.2436125436757833329, 0.000000000000000000 ) ) ;
#1068 = VECTOR ( 'NONE', #3584, 39.37007874015748143 ) ;
#1069 = ORIENTED_EDGE ( 'NONE', *, *, #3809, .F. ) ;
#1070 = CYLINDRICAL_SURFACE ( 'NONE', #998, 0.02755905511811047870 ) ;
#1071 = CARTESIAN_POINT ( 'NONE',  ( 2.071929983495681693, 0.6973585207874670733, 0.1181102362204724532 ) ) ;
#1072 = AXIS2_PLACEMENT_3D ( 'NONE', #3243, #3928, #807 ) ;
#1073 = ORIENTED_EDGE ( 'NONE', *, *, #3944, .T. ) ;
#1074 = DIRECTION ( 'NONE',  ( 0.2010114255420338836, -0.9795888968345646264, 0.000000000000000000 ) ) ;
#1075 = CARTESIAN_POINT ( 'NONE',  ( 1.940266574803149568, 0.3308110236220472289, 0.1181102362204724532 ) ) ;
#1076 = EDGE_LOOP ( 'NONE', ( #836, #3288, #2168, #658 ) ) ;
#1077 = CARTESIAN_POINT ( 'NONE',  ( 0.6670199568501411491, 1.506290679048967629, 0.000000000000000000 ) ) ;
#1078 = VERTEX_POINT ( 'NONE', #284 ) ;
#1079 = DIRECTION ( 'NONE',  ( 1.000000000000000000, 0.000000000000000000, 0.000000000000000000 ) ) ;
#1080 = VERTEX_POINT ( 'NONE', #2005 ) ;
#1081 = EDGE_CURVE ( 'NONE', #4105, #3152, #682, .T. ) ;
#1082 = EDGE_CURVE ( 'NONE', #3480, #1310, #2585, .T. ) ;
#1083 = DIRECTION ( 'NONE',  ( -0.000000000000000000, -0.000000000000000000, -1.000000000000000000 ) ) ;
#1084 = CARTESIAN_POINT ( 'NONE',  ( 4.417581889763779301, 3.992921850393700733, 0.1181102362204724532 ) ) ;
#1085 = CARTESIAN_POINT ( 'NONE',  ( 4.820861811023622323, 0.7992161417322835026, 0.1181102362204724532 ) ) ;
#1086 = ORIENTED_EDGE ( 'NONE', *, *, #1278, .F. ) ;
#1087 = EDGE_CURVE ( 'NONE', #1602, #4358, #3047, .T. ) ;
#1088 = VERTEX_POINT ( 'NONE', #4183 ) ;
#1089 = CARTESIAN_POINT ( 'NONE',  ( 0.2847733858267716411, 2.447542480314961022, 0.000000000000000000 ) ) ;
#1090 = CARTESIAN_POINT ( 'NONE',  ( 1.368958031496063210, 2.218303110236220288, 0.000000000000000000 ) ) ;
#1091 = ORIENTED_EDGE ( 'NONE', *, *, #1837, .T. ) ;
#1092 = CARTESIAN_POINT ( 'NONE',  ( 5.766315069472105925, 4.138799533080570470, 0.1181102362204724532 ) ) ;
#1093 = LINE ( 'NONE', #102, #117 ) ;
#1094 = ORIENTED_EDGE ( 'NONE', *, *, #3205, .T. ) ;
#1095 = CARTESIAN_POINT ( 'NONE',  ( 1.944557519370078813, 2.079150984251968648, 0.000000000000000000 ) ) ;
#1096 = CARTESIAN_POINT ( 'NONE',  ( 3.329761085995828207, 1.514101488188976052, 0.000000000000000000 ) ) ;
#1097 = ORIENTED_EDGE ( 'NONE', *, *, #3201, .T. ) ;
#1098 = CARTESIAN_POINT ( 'NONE',  ( 0.2847733858267716411, 2.447542480314961022, 0.1181102362204724532 ) ) ;
#1099 = CARTESIAN_POINT ( 'NONE',  ( 0.1321305963413642315, 4.889772430467427711, 0.000000000000000000 ) ) ;
#1100 = EDGE_LOOP ( 'NONE', ( #3168, #1605, #216, #1034 ) ) ;
#1101 = DIRECTION ( 'NONE',  ( 0.000000000000000000, 0.000000000000000000, 1.000000000000000000 ) ) ;
#1102 = ORIENTED_EDGE ( 'NONE', *, *, #2784, .T. ) ;
#1103 = CARTESIAN_POINT ( 'NONE',  ( 1.908017755590551534, 2.134269094488189022, 0.000000000000000000 ) ) ;
#1104 = DIRECTION ( 'NONE',  ( 0.000000000000000000, 0.000000000000000000, -1.000000000000000000 ) ) ;
#1105 = CARTESIAN_POINT ( 'NONE',  ( 0.2721564566929133844, 3.485636811023621995, 0.1181102362204724532 ) ) ;
#1106 = EDGE_CURVE ( 'NONE', #3285, #1487, #2554, .T. ) ;
#1107 = DIRECTION ( 'NONE',  ( 0.000000000000000000, 0.000000000000000000, 1.000000000000000000 ) ) ;
#1108 = EDGE_CURVE ( 'NONE', #3159, #909, #2661, .T. ) ;
#1109 = VERTEX_POINT ( 'NONE', #1343 ) ;
#1110 = ORIENTED_EDGE ( 'NONE', *, *, #924, .F. ) ;
#1111 = DIRECTION ( 'NONE',  ( -0.000000000000000000, -0.000000000000000000, -1.000000000000000000 ) ) ;
#1112 = LINE ( 'NONE', #2507, #1569 ) ;
#1113 = EDGE_CURVE ( 'NONE', #1730, #3308, #2742, .T. ) ;
#1114 = ADVANCED_FACE ( 'NONE', ( #2718 ), #980, .T. ) ;
#1115 = ORIENTED_EDGE ( 'NONE', *, *, #752, .F. ) ;
#1116 = CARTESIAN_POINT ( 'NONE',  ( 4.764190944881890211, 0.4324905511811023562, 0.000000000000000000 ) ) ;
#1117 = CARTESIAN_POINT ( 'NONE',  ( 1.940266574803149568, 0.3308110236220472289, 0.000000000000000000 ) ) ;
#1118 = CARTESIAN_POINT ( 'NONE',  ( 0.3800012712911366997, 5.336629991817026131, 0.1181102362204724532 ) ) ;
#1119 = FACE_OUTER_BOUND ( 'NONE', #1654, .T. ) ;
#1120 = ORIENTED_EDGE ( 'NONE', *, *, #1087, .T. ) ;
#1121 = CARTESIAN_POINT ( 'NONE',  ( 5.062072440944882068, 2.559978307086614002, 0.000000000000000000 ) ) ;
#1122 = CARTESIAN_POINT ( 'NONE',  ( 2.601478149606299528, 1.541660543307086684, 0.1181102362204724532 ) ) ;
#1123 = ORIENTED_EDGE ( 'NONE', *, *, #229, .F. ) ;
#1124 = B_SPLINE_CURVE_WITH_KNOTS ( 'NONE', 3,
 ( #106, #3925, #1462, #2197 ),
 .UNSPECIFIED., .F., .F.,
 ( 4, 4 ),
 ( 0.000000000000000000, 1.000000000000000000 ),
 .UNSPECIFIED. ) ;
#1125 = LINE ( 'NONE', #1835, #4058 ) ;
#1126 = VERTEX_POINT ( 'NONE', #2052 ) ;
#1127 = VECTOR ( 'NONE', #2116, 39.37007874015748143 ) ;
#1128 = DIRECTION ( 'NONE',  ( -0.2425356250478824527, 0.9701425001424445194, 0.000000000000000000 ) ) ;
#1129 = CARTESIAN_POINT ( 'NONE',  ( 2.994993092916211630, 0.7477801816046227845, 0.1181102362204724532 ) ) ;
#1130 = CARTESIAN_POINT ( 'NONE',  ( 4.852519685039370145, 1.156720472440945002, 0.000000000000000000 ) ) ;
#1131 = VECTOR ( 'NONE', #4457, 39.37007874015748143 ) ;
#1132 = AXIS2_PLACEMENT_3D ( 'NONE', #661, #1000, #3451 ) ;
#1133 = VERTEX_POINT ( 'NONE', #3435 ) ;
#1134 = CARTESIAN_POINT ( 'NONE',  ( 4.175221737752986328, 3.777945536994632203, 0.000000000000000000 ) ) ;
#1135 = VECTOR ( 'NONE', #3450, 39.37007874015748143 ) ;
#1136 = AXIS2_PLACEMENT_3D ( 'NONE', #1181, #2238, #1847 ) ;
#1137 = CARTESIAN_POINT ( 'NONE',  ( 2.094890444966929000, 1.011633662972326819, 0.1181102362204724532 ) ) ;
#1138 = VECTOR ( 'NONE', #362, 39.37007874015748143 ) ;
#1139 = EDGE_CURVE ( 'NONE', #4076, #1126, #1736, .T. ) ;
#1140 = EDGE_CURVE ( 'NONE', #1704, #1602, #4485, .T. ) ;
#1141 = ORIENTED_EDGE ( 'NONE', *, *, #315, .F. ) ;
#1142 = CARTESIAN_POINT ( 'NONE',  ( 3.283142128782491564, 1.471670971498325819, 0.000000000000000000 ) ) ;
#1143 = DIRECTION ( 'NONE',  ( -0.000000000000000000, -0.000000000000000000, -1.000000000000000000 ) ) ;
#1144 = CARTESIAN_POINT ( 'NONE',  ( 5.766315069472105925, 4.138799533080570470, 0.000000000000000000 ) ) ;
#1145 = FACE_OUTER_BOUND ( 'NONE', #3601, .T. ) ;
#1146 = AXIS2_PLACEMENT_3D ( 'NONE', #2367, #1998, #4072 ) ;
#1147 = ORIENTED_EDGE ( 'NONE', *, *, #1385, .F. ) ;
#1148 = EDGE_CURVE ( 'NONE', #4181, #2496, #3590, .T. ) ;
#1149 = CARTESIAN_POINT ( 'NONE',  ( 2.420259100869300628, 1.514101488188976496, 0.1181102362204724532 ) ) ;
#1150 = LINE ( 'NONE', #3926, #1718 ) ;
#1151 = ORIENTED_EDGE ( 'NONE', *, *, #893, .F. ) ;
#1152 = CARTESIAN_POINT ( 'NONE',  ( 2.734781535433071120, 3.584122244094487986, 0.1181102362204724532 ) ) ;
#1153 = ORIENTED_EDGE ( 'NONE', *, *, #1637, .T. ) ;
#1154 = DIRECTION ( 'NONE',  ( 0.000000000000000000, 0.000000000000000000, 1.000000000000000000 ) ) ;
#1155 = DIRECTION ( 'NONE',  ( 0.000000000000000000, -0.000000000000000000, -1.000000000000000000 ) ) ;
#1156 = CARTESIAN_POINT ( 'NONE',  ( 4.832369685039370033, 1.022982677165354515, 0.1181102362204724532 ) ) ;
#1157 = CARTESIAN_POINT ( 'NONE',  ( 3.763351583724381388, 0.1314239504178682794, 0.1181102362204724532 ) ) ;
#1158 = DIRECTION ( 'NONE',  ( -0.000000000000000000, -0.000000000000000000, 1.000000000000000000 ) ) ;
#1159 = ORIENTED_EDGE ( 'NONE', *, *, #1248, .T. ) ;
#1160 = LINE ( 'NONE', #2487, #2658 ) ;
#1161 = CARTESIAN_POINT ( 'NONE',  ( 4.663315524479670238, 1.908629718901607042, 0.000000000000000000 ) ) ;
#1162 = CARTESIAN_POINT ( 'NONE',  ( 3.854345147520894521, 3.206636943960361030, 0.05905511811023622659 ) ) ;
#1163 = EDGE_LOOP ( 'NONE', ( #2877, #1141, #3178, #2866 ) ) ;
#1164 = EDGE_CURVE ( 'NONE', #4317, #2054, #2504, .T. ) ;
#1165 = EDGE_CURVE ( 'NONE', #3238, #2039, #1844, .T. ) ;
#1166 = CARTESIAN_POINT ( 'NONE',  ( 3.782047015258013900, 0.4565625807489973043, 0.1181102362204724532 ) ) ;
#1167 = CARTESIAN_POINT ( 'NONE',  ( 1.711086579475996183, 3.305616125163409524, 0.1181102362204724532 ) ) ;
#1168 = ORIENTED_EDGE ( 'NONE', *, *, #97, .T. ) ;
#1169 = CARTESIAN_POINT ( 'NONE',  ( 3.322815197336234316, 0.9075070660998963978, 0.1181102362204724532 ) ) ;
#1170 = ORIENTED_EDGE ( 'NONE', *, *, #1415, .T. ) ;
#1171 = EDGE_CURVE ( 'NONE', #3294, #1634, #3417, .T. ) ;
#1172 = CARTESIAN_POINT ( 'NONE',  ( 1.098632834645669298, 0.04024291338582677152, 0.1181102362204724532 ) ) ;
#1173 = DIRECTION ( 'NONE',  ( 0.000000000000000000, 0.000000000000000000, 1.000000000000000000 ) ) ;
#1174 = UNCERTAINTY_MEASURE_WITH_UNIT (LENGTH_MEASURE( 1.000000000000000082E-05 ), #895, 'distance_accuracy_value', 'NONE');
#1175 = CARTESIAN_POINT ( 'NONE',  ( 0.4166452775837257150, 0.9177295604023272269, 0.000000000000000000 ) ) ;
#1176 = ORIENTED_EDGE ( 'NONE', *, *, #2705, .T. ) ;
#1177 = CARTESIAN_POINT ( 'NONE',  ( 3.428161929133858532, 0.4360153543307087043, 0.1181102362204724532 ) ) ;
#1178 = B_SPLINE_CURVE_WITH_KNOTS ( 'NONE', 3,
 ( #1483, #65, #443, #1832 ),
 .UNSPECIFIED., .F., .F.,
 ( 4, 4 ),
 ( 0.000000000000000000, 1.000000000000000000 ),
 .UNSPECIFIED. ) ;
#1179 = DIRECTION ( 'NONE',  ( 0.1150760398562655357, -0.9933566857131426175, 0.000000000000000000 ) ) ;
#1180 = EDGE_LOOP ( 'NONE', ( #1419, #1665, #3853, #513 ) ) ;
#1181 = CARTESIAN_POINT ( 'NONE',  ( 4.795487133006938407, 0.1500258090578374393, 0.1181102362204724532 ) ) ;
#1182 = CARTESIAN_POINT ( 'NONE',  ( 0.8455009088841166642, 0.03751125168172964042, 0.1181102362204724532 ) ) ;
#1183 = DIRECTION ( 'NONE',  ( 0.08103655955936710231, -0.9967111296733779380, 0.000000000000000000 ) ) ;
#1184 = VERTEX_POINT ( 'NONE', #2483 ) ;
#1185 = LINE ( 'NONE', #1899, #3035 ) ;
#1186 = FILL_AREA_STYLE ('',( #2217 ) ) ;
#1187 = EDGE_LOOP ( 'NONE', ( #2121, #2191, #3537, #1539 ) ) ;
#1188 = DIRECTION ( 'NONE',  ( 1.000000000000000000, 0.000000000000000000, 0.000000000000000000 ) ) ;
#1189 = ORIENTED_EDGE ( 'NONE', *, *, #3145, .F. ) ;
#1190 = EDGE_CURVE ( 'NONE', #4119, #116, #3890, .T. ) ;
#1191 = ORIENTED_EDGE ( 'NONE', *, *, #3725, .F. ) ;
#1192 = ADVANCED_FACE ( 'NONE', ( #384 ), #3003, .F. ) ;
#1193 = LINE ( 'NONE', #3206, #853 ) ;
#1194 = CARTESIAN_POINT ( 'NONE',  ( 1.940266574803149568, 0.3308110236220472289, 0.000000000000000000 ) ) ;
#1195 = FACE_OUTER_BOUND ( 'NONE', #2351, .T. ) ;
#1196 = CARTESIAN_POINT ( 'NONE',  ( 3.478828535269582911, 1.666371757130466369, 0.1181102362204724532 ) ) ;
#1197 = ORIENTED_EDGE ( 'NONE', *, *, #1308, .F. ) ;
#1198 = AXIS2_PLACEMENT_3D ( 'NONE', #26, #707, #4143 ) ;
#1199 = EDGE_CURVE ( 'NONE', #2496, #256, #325, .T. ) ;
#1200 = CARTESIAN_POINT ( 'NONE',  ( 3.206871789647982585, 0.6859442007639970917, 0.000000000000000000 ) ) ;
#1201 = CARTESIAN_POINT ( 'NONE',  ( 5.251709055118110037, 2.414856259842519837, 0.1181102362204724532 ) ) ;
#1202 = AXIS2_PLACEMENT_3D ( 'NONE', #3609, #3313, #2251 ) ;
#1203 = VECTOR ( 'NONE', #1900, 39.37007874015748143 ) ;
#1204 = CIRCLE ( 'NONE', #3969, 0.1275590551181104981 ) ;
#1205 = CIRCLE ( 'NONE', #4331, 0.02755905511811020808 ) ;
#1206 = ORIENTED_EDGE ( 'NONE', *, *, #4168, .T. ) ;
#1207 = FACE_OUTER_BOUND ( 'NONE', #1187, .T. ) ;
#1208 = APPLICATION_PROTOCOL_DEFINITION ( 'draft international standard', 'automotive_design', 1998, #3659 ) ;
#1209 = CARTESIAN_POINT ( 'NONE',  ( 4.909358984080811616, 0.09254090603421960548, 0.000000000000000000 ) ) ;
#1210 = AXIS2_PLACEMENT_3D ( 'NONE', #649, #1669, #3038 ) ;
#1211 = CARTESIAN_POINT ( 'NONE',  ( 4.349705923296398602, 4.422019640425284948, 0.000000000000000000 ) ) ;
#1212 = CARTESIAN_POINT ( 'NONE',  ( 3.726786092402783801, 3.206636943960361030, 0.000000000000000000 ) ) ;
#1213 = VECTOR ( 'NONE', #496, 39.37007874015748143 ) ;
#1214 = VERTEX_POINT ( 'NONE', #3161 ) ;
#1215 = CARTESIAN_POINT ( 'NONE',  ( 0.2597182677165354447, 3.873392322834645629, 0.000000000000000000 ) ) ;
#1216 = EDGE_LOOP ( 'NONE', ( #2685, #1846, #1003, #501 ) ) ;
#1217 = AXIS2_PLACEMENT_3D ( 'NONE', #2103, #2038, #3463 ) ;
#1218 = CARTESIAN_POINT ( 'NONE',  ( 4.248489763779527806, 0.2908318897637795497, 0.1181102362204724532 ) ) ;
#1219 = CARTESIAN_POINT ( 'NONE',  ( 2.829538631305691609, 1.541660543307086684, 0.1181102362204724809 ) ) ;
#1220 = AXIS2_PLACEMENT_3D ( 'NONE', #3987, #1642, #4372 ) ;
#1221 = CARTESIAN_POINT ( 'NONE',  ( 1.809894414007340968, 3.386290311727957913, 0.1181102362204724532 ) ) ;
#1222 = CARTESIAN_POINT ( 'NONE',  ( 0.5148119685039370674, 4.612122637795275537, 0.000000000000000000 ) ) ;
#1223 = EDGE_CURVE ( 'NONE', #2475, #1314, #2146, .T. ) ;
#1224 = EDGE_CURVE ( 'NONE', #3453, #3446, #1431, .T. ) ;
#1225 = EDGE_LOOP ( 'NONE', ( #1636, #1695, #2392, #3268 ) ) ;
#1226 = CARTESIAN_POINT ( 'NONE',  ( 1.043476294575092389, 0.2608690736569720392, 0.1181102362204724532 ) ) ;
#1227 = CARTESIAN_POINT ( 'NONE',  ( 1.968478129924527753, 0.5701823769493700178, 0.000000000000000000 ) ) ;
#1228 = CYLINDRICAL_SURFACE ( 'NONE', #2886, 0.1275590551181102206 ) ;
#1229 = EDGE_CURVE ( 'NONE', #1487, #524, #768, .T. ) ;
#1230 = ORIENTED_EDGE ( 'NONE', *, *, #2817, .F. ) ;
#1231 = DIRECTION ( 'NONE',  ( 0.000000000000000000, 1.000000000000000000, 0.000000000000000000 ) ) ;
#1232 = DIRECTION ( 'NONE',  ( 0.000000000000000000, 0.000000000000000000, 1.000000000000000000 ) ) ;
#1233 = CARTESIAN_POINT ( 'NONE',  ( 0.2721564566929133844, 3.485636811023621995, 0.000000000000000000 ) ) ;
#1234 = CARTESIAN_POINT ( 'NONE',  ( 4.874069698653331173, 4.928941520739157589, 0.000000000000000000 ) ) ;
#1235 = CARTESIAN_POINT ( 'NONE',  ( 3.541404764094488122, 2.305876968503937086, 0.1181102362204724532 ) ) ;
#1236 = VERTEX_POINT ( 'NONE', #2826 ) ;
#1237 = DIRECTION ( 'NONE',  ( 1.000000000000000000, 0.000000000000000000, 0.000000000000000000 ) ) ;
#1238 = ORIENTED_EDGE ( 'NONE', *, *, #2565, .F. ) ;
#1239 = ORIENTED_EDGE ( 'NONE', *, *, #3307, .F. ) ;
#1240 = CARTESIAN_POINT ( 'NONE',  ( 5.251709055118110037, 2.414856259842519837, 0.000000000000000000 ) ) ;
#1241 = CARTESIAN_POINT ( 'NONE',  ( 3.031189774757862665, 1.541794090900347136, 0.1181102362204724532 ) ) ;
#1242 = CARTESIAN_POINT ( 'NONE',  ( 1.436121328598427560, 3.816491450136180852, 0.1181102362204724532 ) ) ;
#1243 = LINE ( 'NONE', #2637, #2884 ) ;
#1244 = ORIENTED_EDGE ( 'NONE', *, *, #3978, .F. ) ;
#1245 = LINE ( 'NONE', #1660, #4125 ) ;
#1246 = CARTESIAN_POINT ( 'NONE',  ( 3.439905877247497301, -0.07659755241642189627, 0.1181102362204724532 ) ) ;
#1247 = ADVANCED_FACE ( 'NONE', ( #745 ), #433, .F. ) ;
#1248 = EDGE_CURVE ( 'NONE', #1494, #899, #3189, .T. ) ;
#1249 = DIRECTION ( 'NONE',  ( -1.000000000000000000, 0.000000000000000000, 0.000000000000000000 ) ) ;
#1250 = ORIENTED_EDGE ( 'NONE', *, *, #2984, .T. ) ;
#1251 = CARTESIAN_POINT ( 'NONE',  ( 1.368961312274912911, 1.709607049116631527, 0.000000000000000000 ) ) ;
#1252 = EDGE_CURVE ( 'NONE', #1487, #4198, #3361, .T. ) ;
#1253 = EDGE_CURVE ( 'NONE', #2575, #4359, #437, .T. ) ;
#1254 = FACE_OUTER_BOUND ( 'NONE', #2246, .T. ) ;
#1255 = B_SPLINE_SURFACE_WITH_KNOTS ( 'NONE', 3, 1, ( 
 ( #2195, #2240 ),
 ( #3622, #2559 ),
 ( #1896, #4237 ),
 ( #4260, #3940 ) ),
 .UNSPECIFIED., .F., .F., .F.,
 ( 4, 4 ),
 ( 2, 2 ),
 ( 0.09453881552354684303, 1.000000000000000000 ),
 ( 0.000000000000000000, 1.000000000000000000 ),
 .UNSPECIFIED. ) ;
#1256 = B_SPLINE_SURFACE_WITH_KNOTS ( 'NONE', 3, 1, ( 
 ( #4303, #4284 ),
 ( #1271, #594 ),
 ( #254, #1982 ),
 ( #4417, #614 ) ),
 .UNSPECIFIED., .F., .F., .F.,
 ( 4, 4 ),
 ( 2, 2 ),
 ( 0.000000000000000000, 1.000000000000000000 ),
 ( 0.000000000000000000, 1.000000000000000000 ),
 .UNSPECIFIED. ) ;
#1257 = B_SPLINE_CURVE_WITH_KNOTS ( 'NONE', 3,
 ( #430, #3209, #1796, #2207 ),
 .UNSPECIFIED., .F., .F.,
 ( 4, 4 ),
 ( 0.000000000000000000, 1.000000000000000000 ),
 .UNSPECIFIED. ) ;
#1258 = DIRECTION ( 'NONE',  ( -1.000000000000000000, 0.000000000000000000, 0.000000000000000000 ) ) ;
#1259 = CARTESIAN_POINT ( 'NONE',  ( 5.136474409448819500, 4.528952952755905592, 0.000000000000000000 ) ) ;
#1260 = ORIENTED_EDGE ( 'NONE', *, *, #3930, .F. ) ;
#1261 = CARTESIAN_POINT ( 'NONE',  ( 4.793311811023622582, 1.372818503937008217, 0.000000000000000000 ) ) ;
#1262 = ORIENTED_EDGE ( 'NONE', *, *, #1391, .F. ) ;
#1263 = ORIENTED_EDGE ( 'NONE', *, *, #838, .T. ) ;
#1264 = CARTESIAN_POINT ( 'NONE',  ( 3.085897103702708311, 1.443244596966402282, 0.1181102362204724532 ) ) ;
#1265 = CARTESIAN_POINT ( 'NONE',  ( 2.816695396909712379, 1.543242015657738442, 0.1181102362204724809 ) ) ;
#1266 = CARTESIAN_POINT ( 'NONE',  ( 4.984959448818897521, 2.013946417322834748, 0.1181102362204724532 ) ) ;
#1267 = DIRECTION ( 'NONE',  ( -0.000000000000000000, -0.000000000000000000, 1.000000000000000000 ) ) ;
#1268 = CARTESIAN_POINT ( 'NONE',  ( 2.125288292309573279, 2.803155440944882226, 0.000000000000000000 ) ) ;
#1269 = CARTESIAN_POINT ( 'NONE',  ( 2.147616080243297532, 0.8387088206537389734, 0.000000000000000000 ) ) ;
#1270 = DIRECTION ( 'NONE',  ( -0.000000000000000000, 0.000000000000000000, 1.000000000000000000 ) ) ;
#1271 = CARTESIAN_POINT ( 'NONE',  ( 4.893498425196851187, 1.672812952755905469, 0.1181102362204724532 ) ) ;
#1272 = CIRCLE ( 'NONE', #694, 0.02755905511811047870 ) ;
#1273 = VERTEX_POINT ( 'NONE', #818 ) ;
#1274 = CARTESIAN_POINT ( 'NONE',  ( 0.000000000000000000, 2.775596385826771595, 0.1181102362204724532 ) ) ;
#1275 = VECTOR ( 'NONE', #4394, 39.37007874015748143 ) ;
#1276 = FACE_OUTER_BOUND ( 'NONE', #3203, .T. ) ;
#1277 = DIRECTION ( 'NONE',  ( 0.000000000000000000, 0.000000000000000000, 1.000000000000000000 ) ) ;
#1278 = EDGE_CURVE ( 'NONE', #1708, #688, #1856, .T. ) ;
#1279 = ADVANCED_FACE ( 'NONE', ( #3956 ), #4424, .F. ) ;
#1280 = LINE ( 'NONE', #2265, #200 ) ;
#1281 = PRESENTATION_STYLE_ASSIGNMENT (( #2699 ) ) ;
#1282 = VERTEX_POINT ( 'NONE', #3683 ) ;
#1283 = CARTESIAN_POINT ( 'NONE',  ( 2.099675629606299498, 2.775596385826771595, 0.1181102362204724532 ) ) ;
#1284 = VECTOR ( 'NONE', #3396, 39.37007874015748143 ) ;
#1285 = AXIS2_PLACEMENT_3D ( 'NONE', #985, #2767, #3484 ) ;
#1286 = ORIENTED_EDGE ( 'NONE', *, *, #211, .F. ) ;
#1287 = ADVANCED_FACE ( 'NONE', ( #4318 ), #2028, .F. ) ;
#1288 = VECTOR ( 'NONE', #851, 39.37007874015748143 ) ;
#1289 = ORIENTED_EDGE ( 'NONE', *, *, #1528, .F. ) ;
#1290 = FACE_BOUND ( 'NONE', #2461, .T. ) ;
#1291 = DIRECTION ( 'NONE',  ( 1.000000000000000000, 0.000000000000000000, -0.000000000000000000 ) ) ;
#1292 = EDGE_LOOP ( 'NONE', ( #2181, #2087, #375, #2540 ) ) ;
#1293 = AXIS2_PLACEMENT_3D ( 'NONE', #3249, #1467, #2926 ) ;
#1294 = AXIS2_PLACEMENT_3D ( 'NONE', #1465, #2495, #3628 ) ;
#1295 = PRODUCT_DEFINITION_SHAPE ( 'NONE', 'NONE',  #3663 ) ;
#1296 = FACE_OUTER_BOUND ( 'NONE', #4165, .T. ) ;
#1297 = LINE ( 'NONE', #1682, #4179 ) ;
#1298 = CARTESIAN_POINT ( 'NONE',  ( 0.6486851968503937194, 1.924837755905511871, 0.000000000000000000 ) ) ;
#1299 = ORIENTED_EDGE ( 'NONE', *, *, #2088, .T. ) ;
#1300 = ORIENTED_EDGE ( 'NONE', *, *, #1005, .F. ) ;
#1301 = ORIENTED_EDGE ( 'NONE', *, *, #1615, .T. ) ;
#1302 = DIRECTION ( 'NONE',  ( 0.000000000000000000, 0.000000000000000000, 1.000000000000000000 ) ) ;
#1303 = CARTESIAN_POINT ( 'NONE',  ( 0.3350919249751397877, 5.329112795499582056, 0.1181102362204724532 ) ) ;
#1304 = LINE ( 'NONE', #305, #2019 ) ;
#1305 = ORIENTED_EDGE ( 'NONE', *, *, #3639, .F. ) ;
#1306 = CARTESIAN_POINT ( 'NONE',  ( 5.269246456692913583, 4.058046259842519987, 0.1181102362204724532 ) ) ;
#1307 = ADVANCED_FACE ( 'NONE', ( #3364 ), #3052, .F. ) ;
#1308 = EDGE_CURVE ( 'NONE', #8, #2001, #1933, .T. ) ;
#1309 = VERTEX_POINT ( 'NONE', #3275 ) ;
#1310 = VERTEX_POINT ( 'NONE', #2255 ) ;
#1311 = CARTESIAN_POINT ( 'NONE',  ( 4.044353149606299880, 0.3633629921259842743, 0.1181102362204724532 ) ) ;
#1312 = CARTESIAN_POINT ( 'NONE',  ( 5.086706689229273159, 1.152683709685425884, 0.1181102362204724671 ) ) ;
#1313 = EDGE_CURVE ( 'NONE', #1023, #2655, #1931, .T. ) ;
#1314 = VERTEX_POINT ( 'NONE', #3345 ) ;
#1315 = CARTESIAN_POINT ( 'NONE',  ( 1.615032047244094437, 3.940995472440945502, 0.000000000000000000 ) ) ;
#1316 = DIRECTION ( 'NONE',  ( 1.000000000000000000, 0.000000000000000000, 0.000000000000000000 ) ) ;
#1317 = FACE_OUTER_BOUND ( 'NONE', #1958, .T. ) ;
#1318 = ORIENTED_EDGE ( 'NONE', *, *, #1728, .T. ) ;
#1319 = VERTEX_POINT ( 'NONE', #4387 ) ;
#1320 = ORIENTED_EDGE ( 'NONE', *, *, #3809, .T. ) ;
#1321 = CARTESIAN_POINT ( 'NONE',  ( 2.734781535433071120, 0.8524988188976376779, 0.1181102362204724532 ) ) ;
#1322 = CARTESIAN_POINT ( 'NONE',  ( 3.450374252454345037, 0.9075070660998963978, 0.1181102362204724532 ) ) ;
#1323 = CARTESIAN_POINT ( 'NONE',  ( 3.094925255419156862, 0.8270573879133089612, 0.1181102362204724532 ) ) ;
#1324 = PLANE ( 'NONE',  #1285 ) ;
#1325 = VERTEX_POINT ( 'NONE', #4001 ) ;
#1326 = CARTESIAN_POINT ( 'NONE',  ( 3.231001708845286480, 3.515002042995030163, 0.000000000000000000 ) ) ;
#1327 = VERTEX_POINT ( 'NONE', #839 ) ;
#1328 = EDGE_LOOP ( 'NONE', ( #326, #3004, #2818, #625 ) ) ;
#1329 = DIRECTION ( 'NONE',  ( -0.000000000000000000, -0.000000000000000000, -1.000000000000000000 ) ) ;
#1330 = CARTESIAN_POINT ( 'NONE',  ( 5.478703649694878663, 5.322435647595638031, 0.000000000000000000 ) ) ;
#1331 = ORIENTED_EDGE ( 'NONE', *, *, #1475, .T. ) ;
#1332 = B_SPLINE_SURFACE_WITH_KNOTS ( 'NONE', 3, 1, ( 
 ( #2949, #4383 ),
 ( #1265, #4019 ),
 ( #1219, #2616 ),
 ( #1955, #880 ) ),
 .UNSPECIFIED., .F., .F., .F.,
 ( 4, 4 ),
 ( 2, 2 ),
 ( 0.02814836718562773593, 1.000000000000000000 ),
 ( 0.000000000000000000, 1.000000000000000000 ),
 .UNSPECIFIED. ) ;
#1333 = B_SPLINE_CURVE_WITH_KNOTS ( 'NONE', 3,
 ( #3950, #832, #2222, #1556 ),
 .UNSPECIFIED., .F., .F.,
 ( 4, 4 ),
 ( 0.000000000000000000, 0.7604030635073959488 ),
 .UNSPECIFIED. ) ;
#1334 = EDGE_CURVE ( 'NONE', #105, #2150, #232, .T. ) ;
#1335 = EDGE_CURVE ( 'NONE', #691, #988, #3636, .T. ) ;
#1336 = CARTESIAN_POINT ( 'NONE',  ( 0.8442592125984252904, 0.2939051181102362298, 0.1181102362204724532 ) ) ;
#1337 = DIRECTION ( 'NONE',  ( -0.000000000000000000, 0.000000000000000000, 1.000000000000000000 ) ) ;
#1338 = CARTESIAN_POINT ( 'NONE',  ( 2.679209387925861385, -0.4881492568024124457, 0.1181102362204724532 ) ) ;
#1339 = FACE_OUTER_BOUND ( 'NONE', #150, .T. ) ;
#1340 = ORIENTED_EDGE ( 'NONE', *, *, #1959, .T. ) ;
#1341 = EDGE_CURVE ( 'NONE', #2001, #4139, #2663, .T. ) ;
#1342 = VERTEX_POINT ( 'NONE', #1612 ) ;
#1343 = CARTESIAN_POINT ( 'NONE',  ( 0.2721564566929133844, 3.485636811023621995, 0.000000000000000000 ) ) ;
#1344 = DIRECTION ( 'NONE',  ( -0.000000000000000000, 0.000000000000000000, 1.000000000000000000 ) ) ;
#1345 = VECTOR ( 'NONE', #1667, 39.37007874015748143 ) ;
#1346 = CARTESIAN_POINT ( 'NONE',  ( 3.085897103702708311, 1.443244596966402282, 0.000000000000000000 ) ) ;
#1347 = LINE ( 'NONE', #1710, #4188 ) ;
#1348 = VERTEX_POINT ( 'NONE', #2573 ) ;
#1349 = CARTESIAN_POINT ( 'NONE',  ( 3.444115127050976000, 3.385483283007476807, 0.000000000000000000 ) ) ;
#1350 = ORIENTED_EDGE ( 'NONE', *, *, #4251, .T. ) ;
#1351 = CIRCLE ( 'NONE', #2304, 0.1275590551181102206 ) ;
#1352 = B_SPLINE_CURVE_WITH_KNOTS ( 'NONE', 3,
 ( #1105, #3492, #1860, #3564 ),
 .UNSPECIFIED., .F., .F.,
 ( 4, 4 ),
 ( 0.000000000000000000, 1.000000000000000000 ),
 .UNSPECIFIED. ) ;
#1353 = AXIS2_PLACEMENT_3D ( 'NONE', #1322, #2719, #4099 ) ;
#1354 = VERTEX_POINT ( 'NONE', #186 ) ;
#1355 = AXIS2_PLACEMENT_3D ( 'NONE', #1524, #3960, #4300 ) ;
#1356 = B_SPLINE_CURVE_WITH_KNOTS ( 'NONE', 3,
 ( #1269, #2982, #1227, #3982 ),
 .UNSPECIFIED., .F., .F.,
 ( 4, 4 ),
 ( 0.2179443242169794570, 1.000000000000000000 ),
 .UNSPECIFIED. ) ;
#1357 = CARTESIAN_POINT ( 'NONE',  ( 2.039066602282721963, 0.3997117219488930395, 0.1181102362204724532 ) ) ;
#1358 = EDGE_LOOP ( 'NONE', ( #3105, #3510, #2813, #2907 ) ) ;
#1359 = VECTOR ( 'NONE', #2492, 39.37007874015748143 ) ;
#1360 = CARTESIAN_POINT ( 'NONE',  ( 0.7167363779527559098, 0.7402551181102362543, 0.1181102362204724532 ) ) ;
#1361 = CARTESIAN_POINT ( 'NONE',  ( 0.4758540944881889945, 1.307385826771653381, 0.000000000000000000 ) ) ;
#1362 = VECTOR ( 'NONE', #560, 39.37007874015748143 ) ;
#1363 = CARTESIAN_POINT ( 'NONE',  ( 3.115546718101722679, 2.893081235429614928, 0.1181102362204724532 ) ) ;
#1364 = EDGE_CURVE ( 'NONE', #540, #1770, #1356, .T. ) ;
#1365 = DIRECTION ( 'NONE',  ( 0.000000000000000000, 0.000000000000000000, 1.000000000000000000 ) ) ;
#1366 = ADVANCED_FACE ( 'NONE', ( #934 ), #2621, .F. ) ;
#1367 = ORIENTED_EDGE ( 'NONE', *, *, #97, .F. ) ;
#1368 = CIRCLE ( 'NONE', #1949, 0.02755905511811020808 ) ;
#1369 = ORIENTED_EDGE ( 'NONE', *, *, #2479, .F. ) ;
#1370 = CARTESIAN_POINT ( 'NONE',  ( 0.01117062992125984235, 3.924353346456692648, 0.000000000000000000 ) ) ;
#1371 = CARTESIAN_POINT ( 'NONE',  ( 2.734781535433071120, 3.584122244094487986, 0.1181102362204724532 ) ) ;
#1372 = ADVANCED_FACE ( 'NONE', ( #2640 ), #3615, .F. ) ;
#1373 = DIRECTION ( 'NONE',  ( 0.2425356250478824527, -0.9701425001424444083, 0.000000000000000000 ) ) ;
#1374 = CARTESIAN_POINT ( 'NONE',  ( 3.294172138127543725, 2.808209608167366422, 0.1181102362204724532 ) ) ;
#1375 = EDGE_LOOP ( 'NONE', ( #2579, #307, #1508, #4209 ) ) ;
#1376 = CARTESIAN_POINT ( 'NONE',  ( 2.734781535433071120, 0.8524988188976376779, 0.000000000000000000 ) ) ;
#1377 = ORIENTED_EDGE ( 'NONE', *, *, #1591, .T. ) ;
#1378 = EDGE_LOOP ( 'NONE', ( #2619, #2494, #2666, #1876 ) ) ;
#1379 = CARTESIAN_POINT ( 'NONE',  ( 0.5662225984251968436, 1.727081850393701101, 0.000000000000000000 ) ) ;
#1380 = ORIENTED_EDGE ( 'NONE', *, *, #4146, .F. ) ;
#1381 = DIRECTION ( 'NONE',  ( -0.000000000000000000, -0.000000000000000000, -1.000000000000000000 ) ) ;
#1382 = CARTESIAN_POINT ( 'NONE',  ( 2.322326687537573875, 3.536705833526368803, 0.000000000000000000 ) ) ;
#1383 = DIRECTION ( 'NONE',  ( -1.000000000000000000, 0.000000000000000000, 0.000000000000000000 ) ) ;
#1384 = ORIENTED_EDGE ( 'NONE', *, *, #976, .F. ) ;
#1385 = EDGE_CURVE ( 'NONE', #688, #1023, #3054, .T. ) ;
#1386 = ORIENTED_EDGE ( 'NONE', *, *, #4031, .F. ) ;
#1387 = CARTESIAN_POINT ( 'NONE',  ( 2.507763867256391332, 0.8695105406822132288, 0.1181102362204724532 ) ) ;
#1388 = CARTESIAN_POINT ( 'NONE',  ( 4.100609935011651608, 2.552379900811421187, 0.000000000000000000 ) ) ;
#1389 = B_SPLINE_CURVE_WITH_KNOTS ( 'NONE', 2,
 ( #1336, #2639, #4111 ),
 .UNSPECIFIED., .F., .F.,
 ( 3, 3 ),
 ( 0.000000000000000000, 1.000000000000000000 ),
 .UNSPECIFIED. ) ;
#1390 = EDGE_CURVE ( 'NONE', #8, #3784, #911, .T. ) ;
#1391 = EDGE_CURVE ( 'NONE', #4173, #88, #360, .T. ) ;
#1392 = VERTEX_POINT ( 'NONE', #699 ) ;
#1393 = DIRECTION ( 'NONE',  ( 0.000000000000000000, 0.000000000000000000, -1.000000000000000000 ) ) ;
#1394 = LINE ( 'NONE', #372, #3607 ) ;
#1395 = ORIENTED_EDGE ( 'NONE', *, *, #1475, .F. ) ;
#1396 = LINE ( 'NONE', #1692, #420 ) ;
#1397 = ORIENTED_EDGE ( 'NONE', *, *, #68, .F. ) ;
#1398 = ORIENTED_EDGE ( 'NONE', *, *, #1223, .T. ) ;
#1399 = CARTESIAN_POINT ( 'NONE',  ( 2.376754713367634775, 0.8011040266770880214, 0.000000000000000000 ) ) ;
#1400 = VERTEX_POINT ( 'NONE', #659 ) ;
#1401 = CARTESIAN_POINT ( 'NONE',  ( 2.178196283752855678, 2.825415532720565448, 0.000000000000000000 ) ) ;
#1402 = CARTESIAN_POINT ( 'NONE',  ( 2.136309745402125149, 3.446031332105807365, 0.000000000000000000 ) ) ;
#1403 = DIRECTION ( 'NONE',  ( 1.000000000000000000, 0.000000000000000000, 0.000000000000000000 ) ) ;
#1404 = ORIENTED_EDGE ( 'NONE', *, *, #3429, .F. ) ;
#1405 = EDGE_LOOP ( 'NONE', ( #4454, #2126, #2446, #4337 ) ) ;
#1406 = CARTESIAN_POINT ( 'NONE',  ( 4.248489763779527806, 0.2908318897637795497, 0.000000000000000000 ) ) ;
#1407 = DIRECTION ( 'NONE',  ( 0.000000000000000000, -0.000000000000000000, -1.000000000000000000 ) ) ;
#1408 = ORIENTED_EDGE ( 'NONE', *, *, #2480, .T. ) ;
#1409 = FACE_OUTER_BOUND ( 'NONE', #1378, .T. ) ;
#1410 = DIRECTION ( 'NONE',  ( -0.000000000000000000, 0.000000000000000000, 1.000000000000000000 ) ) ;
#1411 = VERTEX_POINT ( 'NONE', #1661 ) ;
#1412 = DIRECTION ( 'NONE',  ( -0.000000000000000000, 0.000000000000000000, 1.000000000000000000 ) ) ;
#1413 = DIRECTION ( 'NONE',  ( -0.000000000000000000, -0.000000000000000000, -1.000000000000000000 ) ) ;
#1414 = ORIENTED_EDGE ( 'NONE', *, *, #1784, .T. ) ;
#1415 = EDGE_CURVE ( 'NONE', #1325, #1730, #1635, .T. ) ;
#1416 = EDGE_CURVE ( 'NONE', #30, #1938, #2589, .T. ) ;
#1417 = VECTOR ( 'NONE', #1752, 39.37007874015748143 ) ;
#1418 = B_SPLINE_CURVE_WITH_KNOTS ( 'NONE', 3,
 ( #4426, #352, #4101, #3438 ),
 .UNSPECIFIED., .F., .F.,
 ( 4, 4 ),
 ( 0.04885885728210192375, 1.000000000000000000 ),
 .UNSPECIFIED. ) ;
#1419 = ORIENTED_EDGE ( 'NONE', *, *, #234, .T. ) ;
#1420 = FACE_OUTER_BOUND ( 'NONE', #1014, .T. ) ;
#1421 = VECTOR ( 'NONE', #1999, 39.37007874015748143 ) ;
#1422 = ORIENTED_EDGE ( 'NONE', *, *, #2925, .F. ) ;
#1423 = EDGE_CURVE ( 'NONE', #4173, #3723, #3023, .T. ) ;
#1424 = VECTOR ( 'NONE', #2053, 39.37007874015748854 ) ;
#1425 = FACE_OUTER_BOUND ( 'NONE', #2855, .T. ) ;
#1426 = CARTESIAN_POINT ( 'NONE',  ( 3.329761085995828207, 1.541660543307086684, 0.000000000000000000 ) ) ;
#1427 = VECTOR ( 'NONE', #1173, 39.37007874015748143 ) ;
#1428 = FACE_OUTER_BOUND ( 'NONE', #3905, .T. ) ;
#1429 = ORIENTED_EDGE ( 'NONE', *, *, #2479, .T. ) ;
#1430 = ORIENTED_EDGE ( 'NONE', *, *, #10, .T. ) ;
#1431 = LINE ( 'NONE', #1495, #334 ) ;
#1432 = CARTESIAN_POINT ( 'NONE',  ( 0.2847733858267716411, 2.447542480314961022, 0.1181102362204724532 ) ) ;
#1433 = VECTOR ( 'NONE', #1329, 39.37007874015748143 ) ;
#1434 = ORIENTED_EDGE ( 'NONE', *, *, #1390, .T. ) ;
#1435 = CARTESIAN_POINT ( 'NONE',  ( 1.629765661829896795, 3.606907744607045885, 0.000000000000000000 ) ) ;
#1436 = CARTESIAN_POINT ( 'NONE',  ( 3.541404764094488122, 2.305876968503937086, 0.1181102362204724532 ) ) ;
#1437 = VERTEX_POINT ( 'NONE', #1724 ) ;
#1438 = CARTESIAN_POINT ( 'NONE',  ( 4.820861811023622323, 0.7992161417322835026, 0.000000000000000000 ) ) ;
#1439 = CARTESIAN_POINT ( 'NONE',  ( 3.296549441010502068, 2.820952564436488785, 0.000000000000000000 ) ) ;
#1440 = VERTEX_POINT ( 'NONE', #3115 ) ;
#1441 = CARTESIAN_POINT ( 'NONE',  ( 0.5067914960629921195, 2.083459015748031717, 0.1181102362204724532 ) ) ;
#1442 = VERTEX_POINT ( 'NONE', #2025 ) ;
#1443 = EDGE_CURVE ( 'NONE', #405, #2332, #3075, .T. ) ;
#1444 = CARTESIAN_POINT ( 'NONE',  ( 2.343002089070563176, 1.453201253098566958, 0.000000000000000000 ) ) ;
#1445 = ORIENTED_EDGE ( 'NONE', *, *, #3398, .F. ) ;
#1446 = ADVANCED_FACE ( 'NONE', ( #3410 ), #4112, .F. ) ;
#1447 = EDGE_CURVE ( 'NONE', #224, #2142, #4414, .T. ) ;
#1448 = LINE ( 'NONE', #44, #3466 ) ;
#1449 = DIRECTION ( 'NONE',  ( 1.000000000000000000, 0.000000000000000000, 0.000000000000000000 ) ) ;
#1450 = CARTESIAN_POINT ( 'NONE',  ( 4.793311811023622582, 1.372818503937008217, 0.1181102362204724532 ) ) ;
#1451 = CARTESIAN_POINT ( 'NONE',  ( 0.4758540944881889945, 1.307385826771653381, 0.000000000000000000 ) ) ;
#1452 = ORIENTED_EDGE ( 'NONE', *, *, #3804, .F. ) ;
#1453 = ORIENTED_EDGE ( 'NONE', *, *, #178, .F. ) ;
#1454 = CARTESIAN_POINT ( 'NONE',  ( 4.355882947045116360, -0.04222821879128865058, 0.1181102362204724532 ) ) ;
#1455 = CARTESIAN_POINT ( 'NONE',  ( 0.01117062992125984235, 3.924353346456692648, 0.000000000000000000 ) ) ;
#1456 = CARTESIAN_POINT ( 'NONE',  ( 3.428161929133858532, 0.4360153543307087043, 0.000000000000000000 ) ) ;
#1457 = CARTESIAN_POINT ( 'NONE',  ( 2.039066602234451686, 0.3997117219152304668, 0.000000000000000000 ) ) ;
#1458 = ORIENTED_EDGE ( 'NONE', *, *, #3065, .F. ) ;
#1459 = CARTESIAN_POINT ( 'NONE',  ( 0.04715960629921259889, 2.896697598425197473, 0.1181102362204724532 ) ) ;
#1460 = CARTESIAN_POINT ( 'NONE',  ( 3.303220683998364660, 1.500454054644830393, 0.000000000000000000 ) ) ;
#1461 = ORIENTED_EDGE ( 'NONE', *, *, #2629, .F. ) ;
#1462 = CARTESIAN_POINT ( 'NONE',  ( 4.858257480314960297, 1.756363346456693009, 0.000000000000000000 ) ) ;
#1463 = CARTESIAN_POINT ( 'NONE',  ( 1.711086579475996183, 3.305616125163409524, 0.05905511811023625435 ) ) ;
#1464 = ORIENTED_EDGE ( 'NONE', *, *, #2542, .T. ) ;
#1465 = CARTESIAN_POINT ( 'NONE',  ( 3.351301274095412452, 1.669219598425196960, 0.1181102362204724532 ) ) ;
#1466 = ORIENTED_EDGE ( 'NONE', *, *, #3342, .F. ) ;
#1467 = DIRECTION ( 'NONE',  ( 0.000000000000000000, -0.000000000000000000, -1.000000000000000000 ) ) ;
#1468 = DIRECTION ( 'NONE',  ( -1.000000000000000000, 0.000000000000000000, 0.000000000000000000 ) ) ;
#1469 = CARTESIAN_POINT ( 'NONE',  ( 3.952695647311156080, 3.540628709671579610, 0.1181102362204724532 ) ) ;
#1470 = DIRECTION ( 'NONE',  ( 1.000000000000000000, 3.965082230804134559E-14, 0.000000000000000000 ) ) ;
#1471 = ADVANCED_FACE ( 'NONE', ( #2046 ), #997, .F. ) ;
#1472 = EDGE_CURVE ( 'NONE', #492, #136, #1297, .T. ) ;
#1473 = CARTESIAN_POINT ( 'NONE',  ( 1.615032047244094437, 3.940995472440945502, 0.1181102362204724532 ) ) ;
#1474 = CARTESIAN_POINT ( 'NONE',  ( 4.100607086614173724, 2.218303110236220288, 0.1181102362204724532 ) ) ;
#1475 = EDGE_CURVE ( 'NONE', #2105, #2345, #4437, .T. ) ;
#1476 = VERTEX_POINT ( 'NONE', #2395 ) ;
#1477 = B_SPLINE_SURFACE_WITH_KNOTS ( 'NONE', 3, 1, ( 
 ( #1311, #246 ),
 ( #3996, #4086 ),
 ( #2271, #2656 ),
 ( #4042, #3703 ) ),
 .UNSPECIFIED., .F., .F., .F.,
 ( 4, 4 ),
 ( 2, 2 ),
 ( 0.000000000000000000, 0.8307899686903590375 ),
 ( 0.000000000000000000, 1.000000000000000000 ),
 .UNSPECIFIED. ) ;
#1478 = CARTESIAN_POINT ( 'NONE',  ( 5.504610778162938090, 5.331833637462754183, 0.1181102362204724532 ) ) ;
#1479 = DIRECTION ( 'NONE',  ( 0.000000000000000000, 1.000000000000000000, -0.000000000000000000 ) ) ;
#1480 = CARTESIAN_POINT ( 'NONE',  ( 0.0008446456692913387014, 3.416323818897638365, 0.1181102362204724532 ) ) ;
#1481 = CARTESIAN_POINT ( 'NONE',  ( 4.100607086614173724, 2.218303110236220288, 0.1181102362204724532 ) ) ;
#1482 = ORIENTED_EDGE ( 'NONE', *, *, #747, .T. ) ;
#1483 = CARTESIAN_POINT ( 'NONE',  ( 5.269246456692913583, 4.058046259842519987, 0.000000000000000000 ) ) ;
#1484 = CARTESIAN_POINT ( 'NONE',  ( 2.994993092916211630, 0.7477801816046227845, 0.000000000000000000 ) ) ;
#1485 = ORIENTED_EDGE ( 'NONE', *, *, #2731, .T. ) ;
#1486 = DIRECTION ( 'NONE',  ( -0.000000000000000000, 0.000000000000000000, 1.000000000000000000 ) ) ;
#1487 = VERTEX_POINT ( 'NONE', #3773 ) ;
#1488 = AXIS2_PLACEMENT_3D ( 'NONE', #2056, #151, #2915 ) ;
#1489 = VECTOR ( 'NONE', #3812, 39.37007874015748143 ) ;
#1490 = CARTESIAN_POINT ( 'NONE',  ( 5.270687401574803310, 3.026987755905512500, 0.1181102362204724532 ) ) ;
#1491 = CARTESIAN_POINT ( 'NONE',  ( 3.914103661417323465, 3.847636811023622094, 0.1181102362204724532 ) ) ;
#1492 = CARTESIAN_POINT ( 'NONE',  ( 4.417581889763779301, 3.992921850393700733, 0.000000000000000000 ) ) ;
#1493 = AXIS2_PLACEMENT_3D ( 'NONE', #1401, #1058, #1449 ) ;
#1494 = VERTEX_POINT ( 'NONE', #954 ) ;
#1495 = CARTESIAN_POINT ( 'NONE',  ( 2.507763867256290080, 0.8695105406822269956, 0.1181102362204724532 ) ) ;
#1496 = AXIS2_PLACEMENT_3D ( 'NONE', #2166, #2913, #2574 ) ;
#1497 = ADVANCED_FACE ( 'NONE', ( #611 ), #3430, .T. ) ;
#1498 = AXIS2_PLACEMENT_3D ( 'NONE', #1463, #2904, #1852 ) ;
#1499 = EDGE_CURVE ( 'NONE', #4377, #1821, #2287, .T. ) ;
#1500 = LINE ( 'NONE', #3517, #4114 ) ;
#1501 = AXIS2_PLACEMENT_3D ( 'NONE', #156, #3240, #2543 ) ;
#1502 = ORIENTED_EDGE ( 'NONE', *, *, #4118, .F. ) ;
#1503 = DIRECTION ( 'NONE',  ( 0.9633781717566526348, 0.2681464118402657193, 0.000000000000000000 ) ) ;
#1504 = ADVANCED_FACE ( 'NONE', ( #2711 ), #3748, .F. ) ;
#1505 = CARTESIAN_POINT ( 'NONE',  ( 5.129921653543306981, 2.207590511811023948, 0.1181102362204724532 ) ) ;
#1506 = PLANE ( 'NONE',  #2668 ) ;
#1507 = CIRCLE ( 'NONE', #3829, 0.02755905511811020808 ) ;
#1508 = ORIENTED_EDGE ( 'NONE', *, *, #4064, .F. ) ;
#1509 = VECTOR ( 'NONE', #424, 39.37007874015748143 ) ;
#1510 = DIRECTION ( 'NONE',  ( -0.000000000000000000, 0.000000000000000000, 1.000000000000000000 ) ) ;
#1511 = CARTESIAN_POINT ( 'NONE',  ( 0.000000000000000000, 2.106710826771653444, 0.1181102362204724532 ) ) ;
#1512 = ORIENTED_EDGE ( 'NONE', *, *, #2588, .F. ) ;
#1513 = CARTESIAN_POINT ( 'NONE',  ( 3.303311322156972540, 1.498220763633351771, 0.000000000000000000 ) ) ;
#1514 = VERTEX_POINT ( 'NONE', #2067 ) ;
#1515 = DIRECTION ( 'NONE',  ( 0.000000000000000000, 0.000000000000000000, 1.000000000000000000 ) ) ;
#1516 = CARTESIAN_POINT ( 'NONE',  ( 3.115546718101722679, 2.893081235429614928, 0.000000000000000000 ) ) ;
#1517 = FACE_OUTER_BOUND ( 'NONE', #676, .T. ) ;
#1518 = CARTESIAN_POINT ( 'NONE',  ( 4.852519685039370145, 1.156720472440945002, 0.1181102362204724532 ) ) ;
#1519 = VERTEX_POINT ( 'NONE', #2129 ) ;
#1520 = CARTESIAN_POINT ( 'NONE',  ( 0.02100567842198928711, 4.408221720188596038, 0.000000000000000000 ) ) ;
#1521 = FACE_OUTER_BOUND ( 'NONE', #2308, .T. ) ;
#1522 = EDGE_CURVE ( 'NONE', #3805, #617, #1351, .T. ) ;
#1523 = ORIENTED_EDGE ( 'NONE', *, *, #3139, .F. ) ;
#1524 = CARTESIAN_POINT ( 'NONE',  ( 3.439905877247497301, -0.07659755241642189627, 0.1181102362204724532 ) ) ;
#1525 = DIRECTION ( 'NONE',  ( 1.000000000000000000, 0.000000000000000000, 0.000000000000000000 ) ) ;
#1526 = CARTESIAN_POINT ( 'NONE',  ( 0.5080418897637795084, 1.519214133858267868, 0.1181102362204724532 ) ) ;
#1527 = ORIENTED_EDGE ( 'NONE', *, *, #1252, .F. ) ;
#1528 = EDGE_CURVE ( 'NONE', #2220, #256, #2110, .T. ) ;
#1529 = EDGE_CURVE ( 'NONE', #3159, #1938, #3183, .T. ) ;
#1530 = CARTESIAN_POINT ( 'NONE',  ( 3.031806394055661880, 2.775596385826771595, 0.1181102362204724532 ) ) ;
#1531 = CARTESIAN_POINT ( 'NONE',  ( 2.829538631305691609, 1.541660543307086684, 0.000000000000000000 ) ) ;
#1532 = VERTEX_POINT ( 'NONE', #3838 ) ;
#1533 = DIRECTION ( 'NONE',  ( 0.1500217546982688388, 0.9886826958722664260, 0.000000000000000000 ) ) ;
#1534 = ORIENTED_EDGE ( 'NONE', *, *, #2840, .F. ) ;
#1535 = ORIENTED_EDGE ( 'NONE', *, *, #3373, .T. ) ;
#1536 = CARTESIAN_POINT ( 'NONE',  ( 2.369260034394212511, 1.444833348559000807, 0.1181102362204724532 ) ) ;
#1537 = LINE ( 'NONE', #1956, #2017 ) ;
#1538 = CARTESIAN_POINT ( 'NONE',  ( 4.852519685039370145, 1.156720472440945002, 0.000000000000000000 ) ) ;
#1539 = ORIENTED_EDGE ( 'NONE', *, *, #1391, .T. ) ;
#1540 = CARTESIAN_POINT ( 'NONE',  ( 0.8442592125984252904, 0.2939051181102362298, 0.000000000000000000 ) ) ;
#1541 = CARTESIAN_POINT ( 'NONE',  ( -0.5294350206369167200, 2.198920229603386289, 0.1181102362204724532 ) ) ;
#1542 = ORIENTED_EDGE ( 'NONE', *, *, #2623, .F. ) ;
#1543 = CARTESIAN_POINT ( 'NONE',  ( 3.329761085995828207, 1.514101488188976052, 0.1181102362204724532 ) ) ;
#1544 = DIRECTION ( 'NONE',  ( 1.000000000000000000, 0.000000000000000000, 0.000000000000000000 ) ) ;
#1545 = DIRECTION ( 'NONE',  ( 0.000000000000000000, -0.000000000000000000, 1.000000000000000000 ) ) ;
#1546 = ORIENTED_EDGE ( 'NONE', *, *, #4309, .F. ) ;
#1547 = CYLINDRICAL_SURFACE ( 'NONE', #705, 0.02755905511811020808 ) ;
#1548 = LINE ( 'NONE', #3943, #1203 ) ;
#1549 = ORIENTED_EDGE ( 'NONE', *, *, #1499, .T. ) ;
#1550 = CARTESIAN_POINT ( 'NONE',  ( 0.01117062992125984235, 3.924353346456692648, 0.000000000000000000 ) ) ;
#1551 = ADVANCED_FACE ( 'NONE', ( #1425 ), #2356, .F. ) ;
#1552 = EDGE_CURVE ( 'NONE', #1309, #195, #452, .T. ) ;
#1553 = ORIENTED_EDGE ( 'NONE', *, *, #1637, .F. ) ;
#1554 = B_SPLINE_CURVE_WITH_KNOTS ( 'NONE', 3,
 ( #1810, #4219, #1077, #804 ),
 .UNSPECIFIED., .F., .F.,
 ( 4, 4 ),
 ( 0.000000000000000000, 0.9320720754966513866 ),
 .UNSPECIFIED. ) ;
#1555 = ORIENTED_EDGE ( 'NONE', *, *, #1385, .T. ) ;
#1556 = CARTESIAN_POINT ( 'NONE',  ( 2.972768820437380999, 0.8733882794940973637, 0.1181102362204724532 ) ) ;
#1557 = DIRECTION ( 'NONE',  ( 0.08103655955936710231, -0.9967111296733779380, 0.000000000000000000 ) ) ;
#1558 = EDGE_CURVE ( 'NONE', #85, #4241, #721, .T. ) ;
#1559 = CARTESIAN_POINT ( 'NONE',  ( 1.944557519370078813, 2.106710039370078835, 0.1181102362204724532 ) ) ;
#1560 = FACE_OUTER_BOUND ( 'NONE', #1100, .T. ) ;
#1561 = VERTEX_POINT ( 'NONE', #2842 ) ;
#1562 = VECTOR ( 'NONE', #1111, 39.37007874015748143 ) ;
#1563 = CARTESIAN_POINT ( 'NONE',  ( 4.813688697943022454, 0.02377203455385414749, 0.1181102362204724532 ) ) ;
#1564 = CARTESIAN_POINT ( 'NONE',  ( 3.488661850708661749, 0.000000000000000000, 0.000000000000000000 ) ) ;
#1565 = CARTESIAN_POINT ( 'NONE',  ( 1.908017755590551534, 2.305876181102362477, 0.000000000000000000 ) ) ;
#1566 = AXIS2_PLACEMENT_3D ( 'NONE', #181, #1906, #860 ) ;
#1567 = B_SPLINE_CURVE_WITH_KNOTS ( 'NONE', 3,
 ( #3884, #4245, #380, #3185 ),
 .UNSPECIFIED., .F., .F.,
 ( 4, 4 ),
 ( 0.1724688720393877384, 1.000000000000000000 ),
 .UNSPECIFIED. ) ;
#1568 = DIMENSIONAL_EXPONENTS ( 1.000000000000000000, 0.000000000000000000, 0.000000000000000000, 0.000000000000000000, 0.000000000000000000, 0.000000000000000000, 0.000000000000000000 ) ;
#1569 = VECTOR ( 'NONE', #3958, 39.37007874015748143 ) ;
#1570 = VECTOR ( 'NONE', #1045, 39.37007874015748143 ) ;
#1571 = ORIENTED_EDGE ( 'NONE', *, *, #1784, .F. ) ;
#1572 = DIRECTION ( 'NONE',  ( -0.000000000000000000, -0.000000000000000000, -1.000000000000000000 ) ) ;
#1573 =( NAMED_UNIT ( * ) SI_UNIT ( $, .STERADIAN. ) SOLID_ANGLE_UNIT ( ) );
#1574 = CARTESIAN_POINT ( 'NONE',  ( 2.035162985624059839, 0.8989218927658794156, 0.1181102362204724532 ) ) ;
#1575 = AXIS2_PLACEMENT_3D ( 'NONE', #1129, #1155, #453 ) ;
#1576 = DIRECTION ( 'NONE',  ( 0.000000000000000000, 0.000000000000000000, -1.000000000000000000 ) ) ;
#1577 = CARTESIAN_POINT ( 'NONE',  ( 1.525648744053453187, 2.955869089052619358, 0.1181102362204724532 ) ) ;
#1578 = VECTOR ( 'NONE', #799, 39.37007874015748143 ) ;
#1579 = ORIENTED_EDGE ( 'NONE', *, *, #613, .F. ) ;
#1580 = FACE_OUTER_BOUND ( 'NONE', #1375, .T. ) ;
#1581 = ORIENTED_EDGE ( 'NONE', *, *, #4039, .T. ) ;
#1582 = CIRCLE ( 'NONE', #1072, 0.1275590551181104981 ) ;
#1583 = EDGE_CURVE ( 'NONE', #1532, #2837, #93, .T. ) ;
#1584 = ADVANCED_FACE ( 'NONE', ( #3562 ), #2819, .F. ) ;
#1585 = VERTEX_POINT ( 'NONE', #22 ) ;
#1586 = DIRECTION ( 'NONE',  ( 1.000000000000000000, 0.000000000000000000, 0.000000000000000000 ) ) ;
#1587 = LINE ( 'NONE', #3250, #1641 ) ;
#1588 = DIRECTION ( 'NONE',  ( 0.000000000000000000, 0.000000000000000000, 1.000000000000000000 ) ) ;
#1589 = CARTESIAN_POINT ( 'NONE',  ( 0.2597182677165354447, 3.873392322834645629, 0.1181102362204724532 ) ) ;
#1590 = VERTEX_POINT ( 'NONE', #2476 ) ;
#1591 = EDGE_CURVE ( 'NONE', #3347, #3160, #1857, .T. ) ;
#1592 = EDGE_CURVE ( 'NONE', #4261, #417, #4404, .T. ) ;
#1593 = CYLINDRICAL_SURFACE ( 'NONE', #139, 0.02755905511811047870 ) ;
#1594 = CARTESIAN_POINT ( 'NONE',  ( 4.044353149606299880, 0.3633629921259842743, 0.000000000000000000 ) ) ;
#1595 = DIRECTION ( 'NONE',  ( -0.000000000000000000, 0.000000000000000000, 1.000000000000000000 ) ) ;
#1596 = ORIENTED_EDGE ( 'NONE', *, *, #91, .T. ) ;
#1597 = LINE ( 'NONE', #1640, #982 ) ;
#1598 = CARTESIAN_POINT ( 'NONE',  ( 1.098632834645669298, 0.04024291338582677846, 0.1181102362204724532 ) ) ;
#1599 = CARTESIAN_POINT ( 'NONE',  ( 0.2896698111042775858, 2.939671458628353662, 0.000000000000000000 ) ) ;
#1600 = DIRECTION ( 'NONE',  ( -1.000000000000000000, 0.000000000000000000, 0.000000000000000000 ) ) ;
#1601 = CARTESIAN_POINT ( 'NONE',  ( 4.762624651742674686, 1.828573427550545860, 0.000000000000000000 ) ) ;
#1602 = VERTEX_POINT ( 'NONE', #3224 ) ;
#1603 = CARTESIAN_POINT ( 'NONE',  ( 4.793311811023622582, 1.372818503937008217, 0.1181102362204724532 ) ) ;
#1604 = ORIENTED_EDGE ( 'NONE', *, *, #2978, .F. ) ;
#1605 = ORIENTED_EDGE ( 'NONE', *, *, #4314, .F. ) ;
#1606 = CARTESIAN_POINT ( 'NONE',  ( 3.488661850708661749, 0.000000000000000000, 0.1181102362204724532 ) ) ;
#1607 = CARTESIAN_POINT ( 'NONE',  ( 3.094925255419156862, 0.8270573879133089612, 0.1181102362204724532 ) ) ;
#1608 = LINE ( 'NONE', #1559, #1721 ) ;
#1609 = DIRECTION ( 'NONE',  ( -0.3391971625797190470, 0.9407153049131642408, 0.000000000000000000 ) ) ;
#1610 = B_SPLINE_CURVE_WITH_KNOTS ( 'NONE', 3,
 ( #3153, #3132, #3509, #3489 ),
 .UNSPECIFIED., .F., .F.,
 ( 4, 4 ),
 ( 0.000000000000000000, 1.000000000000000000 ),
 .UNSPECIFIED. ) ;
#1611 = LINE ( 'NONE', #2690, #1798 ) ;
#1612 = CARTESIAN_POINT ( 'NONE',  ( 3.322815197336234316, 0.9075070660998963978, 0.000000000000000000 ) ) ;
#1613 = DIRECTION ( 'NONE',  ( -0.9719770823705193852, -0.2350756289930804599, 0.000000000000000000 ) ) ;
#1614 = ADVANCED_FACE ( 'NONE', ( #2795 ), #2457, .T. ) ;
#1615 = EDGE_CURVE ( 'NONE', #4310, #4119, #112, .T. ) ;
#1616 = ORIENTED_EDGE ( 'NONE', *, *, #2764, .F. ) ;
#1617 = PLANE ( 'NONE',  #3743 ) ;
#1618 = FACE_OUTER_BOUND ( 'NONE', #2556, .T. ) ;
#1619 = CARTESIAN_POINT ( 'NONE',  ( 0.1321305963413640094, 4.889772430467426823, 0.1181102362204724532 ) ) ;
#1620 = EDGE_CURVE ( 'NONE', #312, #3389, #841, .T. ) ;
#1621 = FACE_BOUND ( 'NONE', #2839, .T. ) ;
#1622 = FACE_OUTER_BOUND ( 'NONE', #3051, .T. ) ;
#1623 = VERTEX_POINT ( 'NONE', #4272 ) ;
#1624 = CARTESIAN_POINT ( 'NONE',  ( 2.094890444966989396, 1.011633662972295067, 0.1181102362204724532 ) ) ;
#1625 = ORIENTED_EDGE ( 'NONE', *, *, #976, .T. ) ;
#1626 = ORIENTED_EDGE ( 'NONE', *, *, #893, .T. ) ;
#1627 = CARTESIAN_POINT ( 'NONE',  ( 4.882251181102362558, 4.371042716535433748, 0.000000000000000000 ) ) ;
#1628 = CARTESIAN_POINT ( 'NONE',  ( 1.968478129924527753, 0.5701823769493700178, 0.1181102362204724532 ) ) ;
#1629 = CARTESIAN_POINT ( 'NONE',  ( 3.516220905826772380, 2.360995078740157460, 0.000000000000000000 ) ) ;
#1630 = CARTESIAN_POINT ( 'NONE',  ( 1.972116574488189222, 2.360994291338582851, 0.000000000000000000 ) ) ;
#1631 = LINE ( 'NONE', #3022, #709 ) ;
#1632 = CARTESIAN_POINT ( 'NONE',  ( 3.094925255342722892, 0.8270573880096571129, 0.1181102362204724532 ) ) ;
#1633 = FACE_OUTER_BOUND ( 'NONE', #4196, .T. ) ;
#1634 = VERTEX_POINT ( 'NONE', #428 ) ;
#1635 = CIRCLE ( 'NONE', #4175, 0.02755905511811047870 ) ;
#1636 = ORIENTED_EDGE ( 'NONE', *, *, #92, .T. ) ;
#1637 = EDGE_CURVE ( 'NONE', #1319, #59, #922, .T. ) ;
#1638 = EDGE_CURVE ( 'NONE', #1806, #391, #4176, .T. ) ;
#1639 = ORIENTED_EDGE ( 'NONE', *, *, #2840, .T. ) ;
#1640 = CARTESIAN_POINT ( 'NONE',  ( 2.150820312099343656, 2.822244145795392622, 0.1181102362204724532 ) ) ;
#1641 = VECTOR ( 'NONE', #833, 39.37007874015748143 ) ;
#1642 = DIRECTION ( 'NONE',  ( 0.000000000000000000, 0.000000000000000000, -1.000000000000000000 ) ) ;
#1643 = FACE_OUTER_BOUND ( 'NONE', #2897, .T. ) ;
#1644 = CIRCLE ( 'NONE', #2951, 0.02755905511811020808 ) ;
#1645 = AXIS2_PLACEMENT_3D ( 'NONE', #539, #3292, #3654 ) ;
#1646 = EDGE_CURVE ( 'NONE', #2953, #3635, #3339, .T. ) ;
#1647 = CARTESIAN_POINT ( 'NONE',  ( 2.125288292309573279, 2.775596385826771595, 0.000000000000000000 ) ) ;
#1648 = LINE ( 'NONE', #2748, #3822 ) ;
#1649 = ORIENTED_EDGE ( 'NONE', *, *, #1224, .F. ) ;
#1650 = CARTESIAN_POINT ( 'NONE',  ( 0.3438328346456693274, 4.263877362204724797, 0.000000000000000000 ) ) ;
#1651 = AXIS2_PLACEMENT_3D ( 'NONE', #3942, #1510, #2561 ) ;
#1652 = ORIENTED_EDGE ( 'NONE', *, *, #3307, .T. ) ;
#1653 = VECTOR ( 'NONE', #2509, 39.37007874015748143 ) ;
#1654 = EDGE_LOOP ( 'NONE', ( #3287, #2387, #188, #1816 ) ) ;
#1655 = FACE_BOUND ( 'NONE', #3567, .T. ) ;
#1656 = CARTESIAN_POINT ( 'NONE',  ( 5.139799744262353087, 0.5490210346335827607, 0.1181102362204724671 ) ) ;
#1657 = ORIENTED_EDGE ( 'NONE', *, *, #2944, .F. ) ;
#1658 = AXIS2_PLACEMENT_3D ( 'NONE', #961, #3126, #622 ) ;
#1659 = VECTOR ( 'NONE', #1074, 39.37007874015748854 ) ;
#1660 = CARTESIAN_POINT ( 'NONE',  ( 3.726786092402783801, 3.206636943960361030, 0.05905511811023622659 ) ) ;
#1661 = CARTESIAN_POINT ( 'NONE',  ( 2.388007653722031609, 2.797615755989000252, 0.000000000000000000 ) ) ;
#1662 = DIRECTION ( 'NONE',  ( 1.000000000000000000, 1.982541115402047716E-14, 0.000000000000000000 ) ) ;
#1663 = LINE ( 'NONE', #320, #4110 ) ;
#1664 = CIRCLE ( 'NONE', #4132, 0.1275590551181104981 ) ;
#1665 = ORIENTED_EDGE ( 'NONE', *, *, #2643, .F. ) ;
#1666 = ORIENTED_EDGE ( 'NONE', *, *, #3036, .T. ) ;
#1667 = DIRECTION ( 'NONE',  ( -0.000000000000000000, -0.000000000000000000, -1.000000000000000000 ) ) ;
#1668 = CARTESIAN_POINT ( 'NONE',  ( 0.8100862175012867317, 4.888145927824384174, 0.1181102362204724532 ) ) ;
#1669 = DIRECTION ( 'NONE',  ( 0.9967111296733779380, 0.08103655955936711619, -0.000000000000000000 ) ) ;
#1670 = FACE_OUTER_BOUND ( 'NONE', #2522, .T. ) ;
#1671 = ORIENTED_EDGE ( 'NONE', *, *, #4286, .F. ) ;
#1672 = LINE ( 'NONE', #4166, #1659 ) ;
#1673 = ORIENTED_EDGE ( 'NONE', *, *, #2183, .T. ) ;
#1674 = EDGE_CURVE ( 'NONE', #1184, #3347, #226, .T. ) ;
#1675 = EDGE_CURVE ( 'NONE', #1708, #2715, #1587, .T. ) ;
#1676 = EDGE_LOOP ( 'NONE', ( #3210, #3402, #3850, #878 ) ) ;
#1677 = CARTESIAN_POINT ( 'NONE',  ( 4.683044488188977006, 0.2666637795275590417, 0.1181102362204724532 ) ) ;
#1678 = LINE ( 'NONE', #950, #3745 ) ;
#1679 = EDGE_LOOP ( 'NONE', ( #4218, #2679, #2352, #3701, #282, #2248, #1751, #1855, #3260, #2824, #3369, #2029, #3955, #2409, #1546, #1831, #856, #3738 ) ) ;
#1680 = EDGE_CURVE ( 'NONE', #3446, #1623, #1, .T. ) ;
#1681 = CARTESIAN_POINT ( 'NONE',  ( 1.615032047244094437, 3.940995472440945502, 0.000000000000000000 ) ) ;
#1682 = CARTESIAN_POINT ( 'NONE',  ( 2.394001155545651738, 1.522469392728542648, 0.1181102362204724532 ) ) ;
#1683 = DIRECTION ( 'NONE',  ( -1.000000000000000000, 0.000000000000000000, 0.000000000000000000 ) ) ;
#1684 = CARTESIAN_POINT ( 'NONE',  ( 1.525648744053453187, 2.955869089052619358, 0.000000000000000000 ) ) ;
#1685 = ORIENTED_EDGE ( 'NONE', *, *, #946, .F. ) ;
#1686 = ORIENTED_EDGE ( 'NONE', *, *, #2784, .F. ) ;
#1687 = DIRECTION ( 'NONE',  ( 1.000000000000000000, 0.000000000000000000, 0.000000000000000000 ) ) ;
#1688 = CARTESIAN_POINT ( 'NONE',  ( 4.762624651742674686, 1.828573427550545860, 0.1181102362204724532 ) ) ;
#1689 = CARTESIAN_POINT ( 'NONE',  ( 2.099675629606299498, 2.775596385826771595, 0.000000000000000000 ) ) ;
#1690 = DIRECTION ( 'NONE',  ( -0.000000000000000000, -0.000000000000000000, -1.000000000000000000 ) ) ;
#1691 = VERTEX_POINT ( 'NONE', #3651 ) ;
#1692 = CARTESIAN_POINT ( 'NONE',  ( 2.152664263963085300, 2.806326827870055052, 0.1181102362204724532 ) ) ;
#1693 = EDGE_LOOP ( 'NONE', ( #3443, #3816, #2924, #3355 ) ) ;
#1694 = ADVANCED_FACE ( 'NONE', ( #4293 ), #2720, .F. ) ;
#1695 = ORIENTED_EDGE ( 'NONE', *, *, #2346, .T. ) ;
#1696 = EDGE_CURVE ( 'NONE', #332, #3453, #4254, .T. ) ;
#1697 = FACE_OUTER_BOUND ( 'NONE', #1216, .T. ) ;
#1698 = ORIENTED_EDGE ( 'NONE', *, *, #2399, .T. ) ;
#1699 = EDGE_CURVE ( 'NONE', #1590, #1946, #2927, .T. ) ;
#1700 = CARTESIAN_POINT ( 'NONE',  ( 0.5080418897637795084, 1.519214133858267868, 0.000000000000000000 ) ) ;
#1701 = CARTESIAN_POINT ( 'NONE',  ( 2.125288292309573279, 2.775596385826771595, 0.1181102362204724532 ) ) ;
#1702 = CARTESIAN_POINT ( 'NONE',  ( 1.368958031496063210, 2.218303110236220288, 0.000000000000000000 ) ) ;
#1703 = ORIENTED_EDGE ( 'NONE', *, *, #2235, .T. ) ;
#1704 = VERTEX_POINT ( 'NONE', #4339 ) ;
#1705 = CARTESIAN_POINT ( 'NONE',  ( 3.031189774757863109, 1.541794090900346692, 0.1181102362204724532 ) ) ;
#1706 = CARTESIAN_POINT ( 'NONE',  ( 1.368958744654897863, 2.596495162600437112, 0.1181102362204724532 ) ) ;
#1707 = VECTOR ( 'NONE', #236, 39.37007874015748143 ) ;
#1708 = VERTEX_POINT ( 'NONE', #1516 ) ;
#1709 = DIRECTION ( 'NONE',  ( -0.000000000000000000, -0.000000000000000000, -1.000000000000000000 ) ) ;
#1710 = CARTESIAN_POINT ( 'NONE',  ( 0.000000000000000000, 2.775596385826771595, 0.000000000000000000 ) ) ;
#1711 = VERTEX_POINT ( 'NONE', #3951 ) ;
#1712 = CARTESIAN_POINT ( 'NONE',  ( 2.894249662104146470, 0.8594956149372176002, 0.1181102362204724532 ) ) ;
#1713 = ORIENTED_EDGE ( 'NONE', *, *, #1054, .T. ) ;
#1714 = AXIS2_PLACEMENT_3D ( 'NONE', #1839, #3491, #1793 ) ;
#1715 = AXIS2_PLACEMENT_3D ( 'NONE', #2937, #2918, #4389 ) ;
#1716 = VECTOR ( 'NONE', #3774, 39.37007874015748143 ) ;
#1717 = ORIENTED_EDGE ( 'NONE', *, *, #1313, .T. ) ;
#1718 = VECTOR ( 'NONE', #157, 39.37007874015748143 ) ;
#1719 = CARTESIAN_POINT ( 'NONE',  ( 0.5080418897637795084, 1.519214133858267868, 0.1181102362204724532 ) ) ;
#1720 = ORIENTED_EDGE ( 'NONE', *, *, #553, .F. ) ;
#1721 = VECTOR ( 'NONE', #2297, 39.37007874015748143 ) ;
#1722 = EDGE_CURVE ( 'NONE', #3544, #3790, #2665, .T. ) ;
#1723 = CARTESIAN_POINT ( 'NONE',  ( 0.6576947493751834628, 1.116873518515059782, 0.1181102362204724532 ) ) ;
#1724 = CARTESIAN_POINT ( 'NONE',  ( 2.094890444966929000, 1.011633662972326819, 0.1181102362204724532 ) ) ;
#1725 = CIRCLE ( 'NONE', #62, 0.1275590551181104981 ) ;
#1726 = CARTESIAN_POINT ( 'NONE',  ( 0.000000000000000000, 1.541660543307086684, 0.1181102362204724532 ) ) ;
#1727 = DIRECTION ( 'NONE',  ( 1.000000000000000000, 0.000000000000000000, 0.000000000000000000 ) ) ;
#1728 = EDGE_CURVE ( 'NONE', #3428, #265, #3891, .T. ) ;
#1729 = EDGE_CURVE ( 'NONE', #3285, #311, #3271, .T. ) ;
#1730 = VERTEX_POINT ( 'NONE', #1241 ) ;
#1731 = CIRCLE ( 'NONE', #3184, 0.02755905511811047870 ) ;
#1732 = ORIENTED_EDGE ( 'NONE', *, *, #2008, .F. ) ;
#1733 = DIRECTION ( 'NONE',  ( -0.000000000000000000, -0.000000000000000000, 1.000000000000000000 ) ) ;
#1734 = B_SPLINE_CURVE_WITH_KNOTS ( 'NONE', 3,
 ( #2330, #3728, #4026, #1890 ),
 .UNSPECIFIED., .F., .F.,
 ( 4, 4 ),
 ( 0.000000000000000000, 1.000000000000000000 ),
 .UNSPECIFIED. ) ;
#1735 = LINE ( 'NONE', #2782, #2594 ) ;
#1736 = B_SPLINE_CURVE_WITH_KNOTS ( 'NONE', 3,
 ( #1370, #2762, #349, #1089 ),
 .UNSPECIFIED., .F., .F.,
 ( 4, 4 ),
 ( 0.000000000000000000, 1.000000000000000000 ),
 .UNSPECIFIED. ) ;
#1737 = CARTESIAN_POINT ( 'NONE',  ( 1.880458700472441347, 0.000000000000000000, 0.000000000000000000 ) ) ;
#1738 = CARTESIAN_POINT ( 'NONE',  ( 3.568963819212598754, 2.134269881889763631, 0.1181102362204724532 ) ) ;
#1739 = ORIENTED_EDGE ( 'NONE', *, *, #3924, .F. ) ;
#1740 = CARTESIAN_POINT ( 'NONE',  ( 4.683044488188977006, 0.2666637795275590417, 0.000000000000000000 ) ) ;
#1741 = ORIENTED_EDGE ( 'NONE', *, *, #2065, .F. ) ;
#1742 = ORIENTED_EDGE ( 'NONE', *, *, #2227, .F. ) ;
#1743 = CARTESIAN_POINT ( 'NONE',  ( 0.4758540944881889945, 1.307385826771653381, 0.1181102362204724532 ) ) ;
#1744 = ORIENTED_EDGE ( 'NONE', *, *, #4430, .F. ) ;
#1745 = CARTESIAN_POINT ( 'NONE',  ( 0.6670199568501411491, 1.506290679048967629, 0.000000000000000000 ) ) ;
#1746 = CARTESIAN_POINT ( 'NONE',  ( 3.753690247579620110, 3.284994481315978820, 0.1181102362204724532 ) ) ;
#1747 = DIRECTION ( 'NONE',  ( 0.000000000000000000, -0.000000000000000000, -1.000000000000000000 ) ) ;
#1748 = FACE_OUTER_BOUND ( 'NONE', #2681, .T. ) ;
#1749 = ORIENTED_EDGE ( 'NONE', *, *, #1620, .F. ) ;
#1750 = B_SPLINE_CURVE_WITH_KNOTS ( 'NONE', 3,
 ( #757, #444, #785, #1122 ),
 .UNSPECIFIED., .F., .F.,
 ( 4, 4 ),
 ( 0.02814836718562773593, 1.000000000000000000 ),
 .UNSPECIFIED. ) ;
#1751 = ORIENTED_EDGE ( 'NONE', *, *, #4031, .T. ) ;
#1752 = DIRECTION ( 'NONE',  ( 0.9719770823705193852, 0.2350756289930805154, 0.000000000000000000 ) ) ;
#1753 = EDGE_CURVE ( 'NONE', #2832, #890, #518, .T. ) ;
#1754 = ADVANCED_FACE ( 'NONE', ( #2635 ), #1332, .F. ) ;
#1755 = PLANE ( 'NONE',  #481 ) ;
#1756 = CARTESIAN_POINT ( 'NONE',  ( 5.711162607992576135, 4.762439025808969717, 0.000000000000000000 ) ) ;
#1757 = FACE_OUTER_BOUND ( 'NONE', #1062, .T. ) ;
#1758 = ORIENTED_EDGE ( 'NONE', *, *, #1148, .T. ) ;
#1759 = ADVANCED_FACE ( 'NONE', ( #3997 ), #2272, .F. ) ;
#1760 = CARTESIAN_POINT ( 'NONE',  ( 2.972768820437380999, 0.8733882794940975858, 0.000000000000000000 ) ) ;
#1761 = CARTESIAN_POINT ( 'NONE',  ( 3.444115127050976000, 3.385483283007476807, 0.000000000000000000 ) ) ;
#1762 = VERTEX_POINT ( 'NONE', #2975 ) ;
#1763 = ORIENTED_EDGE ( 'NONE', *, *, #2113, .F. ) ;
#1764 = DIRECTION ( 'NONE',  ( 0.000000000000000000, 0.000000000000000000, -1.000000000000000000 ) ) ;
#1765 = ORIENTED_EDGE ( 'NONE', *, *, #1696, .F. ) ;
#1766 = CARTESIAN_POINT ( 'NONE',  ( 4.175221737752986328, 3.777945536994632203, 0.000000000000000000 ) ) ;
#1767 = FACE_OUTER_BOUND ( 'NONE', #2407, .T. ) ;
#1768 = LINE ( 'NONE', #381, #3027 ) ;
#1769 = B_SPLINE_SURFACE_WITH_KNOTS ( 'NONE', 3, 1, ( 
 ( #2727, #2086 ),
 ( #313, #3468 ),
 ( #656, #4153 ),
 ( #4495, #4106 ) ),
 .UNSPECIFIED., .F., .F., .F.,
 ( 4, 4 ),
 ( 2, 2 ),
 ( 0.3105004703266120991, 1.000000000000000000 ),
 ( 0.000000000000000000, 1.000000000000000000 ),
 .UNSPECIFIED. ) ;
#1770 = VERTEX_POINT ( 'NONE', #4361 ) ;
#1771 = ORIENTED_EDGE ( 'NONE', *, *, #1591, .F. ) ;
#1772 = CARTESIAN_POINT ( 'NONE',  ( 3.753690247579622774, 3.284994481315981929, 0.000000000000000000 ) ) ;
#1773 = CARTESIAN_POINT ( 'NONE',  ( 0.8661303240570773498, 3.458089494901217531, 0.1181102362204724532 ) ) ;
#1774 = EDGE_CURVE ( 'NONE', #1442, #988, #2296, .T. ) ;
#1775 = EDGE_CURVE ( 'NONE', #1985, #1514, #37, .T. ) ;
#1776 = FACE_OUTER_BOUND ( 'NONE', #3462, .T. ) ;
#1777 = DIRECTION ( 'NONE',  ( -0.000000000000000000, -0.000000000000000000, 1.000000000000000000 ) ) ;
#1778 = ORIENTED_EDGE ( 'NONE', *, *, #3758, .T. ) ;
#1779 = DIRECTION ( 'NONE',  ( 1.000000000000000000, 0.000000000000000000, 0.000000000000000000 ) ) ;
#1780 = CARTESIAN_POINT ( 'NONE',  ( 2.136309748294955568, 3.446031333515926054, 0.000000000000000000 ) ) ;
#1781 = ORIENTED_EDGE ( 'NONE', *, *, #2865, .F. ) ;
#1782 = VECTOR ( 'NONE', #2309, 39.37007874015748143 ) ;
#1783 = ADVANCED_FACE ( 'NONE', ( #3358 ), #3170, .T. ) ;
#1784 = EDGE_CURVE ( 'NONE', #1590, #4241, #2152, .T. ) ;
#1785 = CARTESIAN_POINT ( 'NONE',  ( 0.3350919249751397877, 5.329112795499582944, 0.1181102362204724809 ) ) ;
#1786 = ORIENTED_EDGE ( 'NONE', *, *, #3503, .T. ) ;
#1787 = LINE ( 'NONE', #3269, #2533 ) ;
#1788 = VECTOR ( 'NONE', #4217, 39.37007874015748143 ) ;
#1789 = ORIENTED_EDGE ( 'NONE', *, *, #1053, .F. ) ;
#1790 = VECTOR ( 'NONE', #2234, 39.37007874015748143 ) ;
#1791 = AXIS2_PLACEMENT_3D ( 'NONE', #730, #1690, #3084 ) ;
#1792 = DIRECTION ( 'NONE',  ( 1.000000000000000000, 0.000000000000000000, 0.000000000000000000 ) ) ;
#1793 = DIRECTION ( 'NONE',  ( 1.000000000000000000, 0.000000000000000000, 0.000000000000000000 ) ) ;
#1794 = CARTESIAN_POINT ( 'NONE',  ( 3.568963819212598754, 2.134269881889763631, 0.000000000000000000 ) ) ;
#1795 = CIRCLE ( 'NONE', #410, 0.02755905511811047870 ) ;
#1796 = CARTESIAN_POINT ( 'NONE',  ( 5.593585039370078782, 3.145923188976377460, 0.1181102362204724532 ) ) ;
#1797 = VERTEX_POINT ( 'NONE', #968 ) ;
#1798 = VECTOR ( 'NONE', #2981, 39.37007874015748143 ) ;
#1799 = ORIENTED_EDGE ( 'NONE', *, *, #1843, .F. ) ;
#1800 = CARTESIAN_POINT ( 'NONE',  ( 0.02100567842198928711, 4.408221720188596038, 0.1181102362204724532 ) ) ;
#1801 = DIRECTION ( 'NONE',  ( 1.000000000000000000, 0.000000000000000000, 0.000000000000000000 ) ) ;
#1802 = VECTOR ( 'NONE', #3149, 39.37007874015748143 ) ;
#1803 = DIRECTION ( 'NONE',  ( -0.2425356250478824527, 0.9701425001424445194, 0.000000000000000000 ) ) ;
#1804 = CARTESIAN_POINT ( 'NONE',  ( 2.275684880729342829, 0.6029691691933540820, 0.000000000000000000 ) ) ;
#1805 = AXIS2_PLACEMENT_3D ( 'NONE', #237, #2577, #3008 ) ;
#1806 = VERTEX_POINT ( 'NONE', #2365 ) ;
#1807 = CARTESIAN_POINT ( 'NONE',  ( 5.462799911449456758, 5.344942815983156237, 0.1181102362204724532 ) ) ;
#1808 = CARTESIAN_POINT ( 'NONE',  ( 3.428161929133858532, 0.4360153543307087043, 0.000000000000000000 ) ) ;
#1809 = ORIENTED_EDGE ( 'NONE', *, *, #1033, .F. ) ;
#1810 = CARTESIAN_POINT ( 'NONE',  ( 0.7167363779527559098, 0.7402551181102362543, 0.000000000000000000 ) ) ;
#1811 = CARTESIAN_POINT ( 'NONE',  ( 2.335716377795114429, 1.426622691621056038, 0.1181102362204724532 ) ) ;
#1812 = ORIENTED_EDGE ( 'NONE', *, *, #370, .F. ) ;
#1813 = DIRECTION ( 'NONE',  ( -0.000000000000000000, 0.000000000000000000, 1.000000000000000000 ) ) ;
#1814 = ADVANCED_FACE ( 'NONE', ( #2809 ), #3082, .F. ) ;
#1815 = EDGE_CURVE ( 'NONE', #4401, #4230, #4121, .T. ) ;
#1816 = ORIENTED_EDGE ( 'NONE', *, *, #91, .F. ) ;
#1817 = CARTESIAN_POINT ( 'NONE',  ( 1.005576929133858322, 4.228670275590551419, 0.1181102362204724532 ) ) ;
#1818 = DIRECTION ( 'NONE',  ( -0.000000000000000000, -0.000000000000000000, -1.000000000000000000 ) ) ;
#1819 = CARTESIAN_POINT ( 'NONE',  ( 3.444115127050976000, 3.385483283007476807, 0.1181102362204724532 ) ) ;
#1820 = CARTESIAN_POINT ( 'NONE',  ( 0.3601103342554934916, 5.317555083092547541, 0.05905511811023619190 ) ) ;
#1821 = VERTEX_POINT ( 'NONE', #1996 ) ;
#1822 = B_SPLINE_CURVE_WITH_KNOTS ( 'NONE', 3,
 ( #3042, #3333, #3305, #551 ),
 .UNSPECIFIED., .F., .F.,
 ( 4, 4 ),
 ( 0.000000000000000000, 0.8007385342521364802 ),
 .UNSPECIFIED. ) ;
#1823 = ORIENTED_EDGE ( 'NONE', *, *, #4030, .F. ) ;
#1824 = CARTESIAN_POINT ( 'NONE',  ( 0.3350919249751398987, 5.329112795499583832, 0.1181102362204724532 ) ) ;
#1825 = CARTESIAN_POINT ( 'NONE',  ( 0.6184677461302547918, 0.1433798999260150198, 0.1181102362204724532 ) ) ;
#1826 = ORIENTED_EDGE ( 'NONE', *, *, #2317, .F. ) ;
#1827 = CYLINDRICAL_SURFACE ( 'NONE', #2530, 0.1275590551181104981 ) ;
#1828 = CARTESIAN_POINT ( 'NONE',  ( 3.978232119384030430, 2.873573821385489779, 0.000000000000000000 ) ) ;
#1829 = CARTESIAN_POINT ( 'NONE',  ( 2.679209387925861385, -0.4881492568024124457, 0.1181102362204724532 ) ) ;
#1830 = CARTESIAN_POINT ( 'NONE',  ( 3.403580074699721347, 0.2660812947055359867, 0.1181102362204724532 ) ) ;
#1831 = ORIENTED_EDGE ( 'NONE', *, *, #3007, .F. ) ;
#1832 = CARTESIAN_POINT ( 'NONE',  ( 5.062072440944882068, 2.559978307086614002, 0.000000000000000000 ) ) ;
#1833 = CARTESIAN_POINT ( 'NONE',  ( 2.601478149606299528, 1.541660543307086684, 0.000000000000000000 ) ) ;
#1834 = VERTEX_POINT ( 'NONE', #4087 ) ;
#1835 = CARTESIAN_POINT ( 'NONE',  ( 0.000000000000000000, 2.106710039370078835, 0.1181102362204724532 ) ) ;
#1836 = ORIENTED_EDGE ( 'NONE', *, *, #1753, .F. ) ;
#1837 = EDGE_CURVE ( 'NONE', #2741, #332, #435, .T. ) ;
#1838 = EDGE_CURVE ( 'NONE', #3592, #4119, #48, .T. ) ;
#1839 = CARTESIAN_POINT ( 'NONE',  ( 3.031806394055661880, 2.803155440944882226, 0.1181102362204724532 ) ) ;
#1840 = CARTESIAN_POINT ( 'NONE',  ( 0.5067914960629921195, 2.083459015748031717, 0.1181102362204724532 ) ) ;
#1841 = CARTESIAN_POINT ( 'NONE',  ( 0.4166452775837257150, 0.9177295604023272269, 0.1181102362204724532 ) ) ;
#1842 = ORIENTED_EDGE ( 'NONE', *, *, #2863, .F. ) ;
#1843 = EDGE_CURVE ( 'NONE', #3588, #4076, #1678, .T. ) ;
#1844 = LINE ( 'NONE', #1865, #3309 ) ;
#1845 = CYLINDRICAL_SURFACE ( 'NONE', #1496, 0.1275590551181102206 ) ;
#1846 = ORIENTED_EDGE ( 'NONE', *, *, #3949, .T. ) ;
#1847 = DIRECTION ( 'NONE',  ( 1.000000000000000000, 0.000000000000000000, 0.000000000000000000 ) ) ;
#1848 = CARTESIAN_POINT ( 'NONE',  ( 4.820394094488190007, 1.838705078740157539, 0.1181102362204724532 ) ) ;
#1849 = CARTESIAN_POINT ( 'NONE',  ( 0.4513369042161958777, 2.397479575227627002, 0.1181102362204724948 ) ) ;
#1850 = ORIENTED_EDGE ( 'NONE', *, *, #2919, .T. ) ;
#1851 = FACE_OUTER_BOUND ( 'NONE', #4071, .T. ) ;
#1852 = DIRECTION ( 'NONE',  ( -1.000000000000000000, 0.000000000000000000, 0.000000000000000000 ) ) ;
#1853 = EDGE_LOOP ( 'NONE', ( #455, #4041, #1812, #3187 ) ) ;
#1854 = CARTESIAN_POINT ( 'NONE',  ( 2.343002089070563176, 1.453201253098566958, 0.1181102362204724532 ) ) ;
#1855 = ORIENTED_EDGE ( 'NONE', *, *, #447, .F. ) ;
#1856 = CIRCLE ( 'NONE', #3018, 0.02755905511811047870 ) ;
#1857 = CIRCLE ( 'NONE', #1493, 0.02755905511811020808 ) ;
#1858 = CARTESIAN_POINT ( 'NONE',  ( 3.617370816464783090, 3.425058420156746664, 0.1181102362204724532 ) ) ;
#1859 = DIRECTION ( 'NONE',  ( 0.000000000000000000, 0.000000000000000000, 1.000000000000000000 ) ) ;
#1860 = CARTESIAN_POINT ( 'NONE',  ( 0.3438328346456693274, 4.263877362204724797, 0.1181102362204724532 ) ) ;
#1861 = EDGE_CURVE ( 'NONE', #3605, #3673, #4194, .T. ) ;
#1862 = CARTESIAN_POINT ( 'NONE',  ( 3.356186464276504022, 0.8214839697780869088, 0.1181102362204724532 ) ) ;
#1863 = VECTOR ( 'NONE', #3909, 39.37007874015748143 ) ;
#1864 = EDGE_LOOP ( 'NONE', ( #3627, #348, #706, #2290 ) ) ;
#1865 = CARTESIAN_POINT ( 'NONE',  ( 1.880458700472441347, 2.305876181102362477, 0.1181102362204724532 ) ) ;
#1866 = CIRCLE ( 'NONE', #4046, 0.02755905511811047870 ) ;
#1867 = DIRECTION ( 'NONE',  ( -0.3036353932928320121, -0.9527883017438379953, 0.000000000000000000 ) ) ;
#1868 = EDGE_CURVE ( 'NONE', #1080, #4401, #3310, .T. ) ;
#1869 = EDGE_CURVE ( 'NONE', #2410, #4429, #1935, .T. ) ;
#1870 = AXIS2_PLACEMENT_3D ( 'NONE', #1149, #3197, #756 ) ;
#1871 = ORIENTED_EDGE ( 'NONE', *, *, #2902, .T. ) ;
#1872 = DIRECTION ( 'NONE',  ( -1.000000000000000000, 0.000000000000000000, 0.000000000000000000 ) ) ;
#1873 = DIRECTION ( 'NONE',  ( 1.000000000000000000, 0.000000000000000000, 0.000000000000000000 ) ) ;
#1874 = CARTESIAN_POINT ( 'NONE',  ( 0.4513369042161958777, 2.397479575227627002, 0.000000000000000000 ) ) ;
#1875 = CIRCLE ( 'NONE', #2314, 0.02755905511811020808 ) ;
#1876 = ORIENTED_EDGE ( 'NONE', *, *, #534, .F. ) ;
#1877 = VECTOR ( 'NONE', #2546, 39.37007874015748143 ) ;
#1878 = CARTESIAN_POINT ( 'NONE',  ( 4.044353149606299880, 0.3633629921259842743, 0.1181102362204724532 ) ) ;
#1879 = DIRECTION ( 'NONE',  ( 0.000000000000000000, -1.000000000000000000, 0.000000000000000000 ) ) ;
#1880 = ORIENTED_EDGE ( 'NONE', *, *, #4124, .F. ) ;
#1881 = FACE_OUTER_BOUND ( 'NONE', #1328, .T. ) ;
#1882 = ORIENTED_EDGE ( 'NONE', *, *, #4090, .T. ) ;
#1883 = AXIS2_PLACEMENT_3D ( 'NONE', #3504, #392, #1779 ) ;
#1884 = CARTESIAN_POINT ( 'NONE',  ( 1.798519526670624424, 3.212735598208151799, 0.1181102362204724671 ) ) ;
#1885 = DIRECTION ( 'NONE',  ( 1.000000000000000000, 0.000000000000000000, 0.000000000000000000 ) ) ;
#1886 = CARTESIAN_POINT ( 'NONE',  ( 4.417581889763779301, 3.992921850393700733, 0.1181102362204724532 ) ) ;
#1887 = CARTESIAN_POINT ( 'NONE',  ( 4.820861811023622323, 0.7992161417322835026, 0.000000000000000000 ) ) ;
#1888 = ORIENTED_EDGE ( 'NONE', *, *, #2204, .T. ) ;
#1889 = DIRECTION ( 'NONE',  ( 0.000000000000000000, -1.000000000000000000, 0.000000000000000000 ) ) ;
#1890 = CARTESIAN_POINT ( 'NONE',  ( 1.940266574803149568, 0.3308110236220472289, 0.000000000000000000 ) ) ;
#1891 = EDGE_CURVE ( 'NONE', #766, #405, #2278, .T. ) ;
#1892 = ADVANCED_FACE ( 'NONE', ( #994 ), #3017, .F. ) ;
#1893 = ORIENTED_EDGE ( 'NONE', *, *, #2147, .F. ) ;
#1894 = DIRECTION ( 'NONE',  ( 0.000000000000000000, 1.000000000000000000, 0.000000000000000000 ) ) ;
#1895 = CARTESIAN_POINT ( 'NONE',  ( 3.031806394055661880, 2.803155440944882226, 0.000000000000000000 ) ) ;
#1896 = CARTESIAN_POINT ( 'NONE',  ( 4.100602095883235876, 1.714747270605580631, 0.1181102362204724671 ) ) ;
#1897 = EDGE_LOOP ( 'NONE', ( #2702, #2051, #3629, #4023 ) ) ;
#1898 = EDGE_CURVE ( 'NONE', #417, #1273, #2344, .T. ) ;
#1899 = CARTESIAN_POINT ( 'NONE',  ( 3.056928969043925193, 1.523583616966010856, 0.1181102362204724532 ) ) ;
#1900 = DIRECTION ( 'NONE',  ( 0.000000000000000000, 0.000000000000000000, -1.000000000000000000 ) ) ;
#1901 = ORIENTED_EDGE ( 'NONE', *, *, #4118, .T. ) ;
#1902 = CARTESIAN_POINT ( 'NONE',  ( 1.651179904228215367, 1.246761753263092132, 0.1181102362204724532 ) ) ;
#1903 = EDGE_LOOP ( 'NONE', ( #609, #2451, #4131, #1485, #2145, #3719, #4005, #4102, #817, #2772, #3881, #4160, #2625 ) ) ;
#1904 = EDGE_LOOP ( 'NONE', ( #4311, #2471, #1001, #1604 ) ) ;
#1905 = CARTESIAN_POINT ( 'NONE',  ( 1.005576929133858322, 4.228670275590551419, 0.000000000000000000 ) ) ;
#1906 = DIRECTION ( 'NONE',  ( 0.000000000000000000, -0.000000000000000000, -1.000000000000000000 ) ) ;
#1907 = CARTESIAN_POINT ( 'NONE',  ( 4.663315524479654250, 1.908629718901588834, 0.1181102362204724532 ) ) ;
#1908 = CARTESIAN_POINT ( 'NONE',  ( 0.3438328346456693274, 4.263877362204724797, 0.1181102362204724532 ) ) ;
#1909 = ORIENTED_EDGE ( 'NONE', *, *, #426, .F. ) ;
#1910 = CARTESIAN_POINT ( 'NONE',  ( 3.763351583724401372, 0.1314239504178503770, 0.000000000000000000 ) ) ;
#1911 = CARTESIAN_POINT ( 'NONE',  ( 3.108832986583098368, 2.866352462017823566, 0.1181102362204724532 ) ) ;
#1912 = CARTESIAN_POINT ( 'NONE',  ( 4.909358984080810728, 0.09254090603421998018, 0.1181102362204724532 ) ) ;
#1913 = B_SPLINE_CURVE_WITH_KNOTS ( 'NONE', 3,
 ( #402, #143, #115, #2161 ),
 .UNSPECIFIED., .F., .F.,
 ( 4, 4 ),
 ( 0.000000000000000000, 0.7604030635073959488 ),
 .UNSPECIFIED. ) ;
#1914 = ORIENTED_EDGE ( 'NONE', *, *, #2450, .F. ) ;
#1915 = FACE_OUTER_BOUND ( 'NONE', #2107, .T. ) ;
#1916 = CARTESIAN_POINT ( 'NONE',  ( 1.615032047244094437, 3.940995472440945502, 0.000000000000000000 ) ) ;
#1917 = ADVANCED_FACE ( 'NONE', ( #2043 ), #210, .F. ) ;
#1918 = EDGE_CURVE ( 'NONE', #2689, #2695, #3469, .T. ) ;
#1919 = CARTESIAN_POINT ( 'NONE',  ( 2.415004198122984835, 2.803155440944882226, 0.1181102362204724532 ) ) ;
#1920 = CARTESIAN_POINT ( 'NONE',  ( 5.241725590551181035, 4.219105314960629904, 0.1181102362204724532 ) ) ;
#1921 = ORIENTED_EDGE ( 'NONE', *, *, #3863, .T. ) ;
#1922 = CARTESIAN_POINT ( 'NONE',  ( 4.689217258739049043, 1.662726898422020705, 0.1181102362204724532 ) ) ;
#1923 = ORIENTED_EDGE ( 'NONE', *, *, #155, .F. ) ;
#1924 = ADVANCED_FACE ( 'NONE', ( #4324 ), #3237, .F. ) ;
#1925 = ADVANCED_FACE ( 'NONE', ( #2490 ), #3217, .F. ) ;
#1926 = EDGE_LOOP ( 'NONE', ( #3014, #1535, #3390, #2567 ) ) ;
#1927 = FACE_OUTER_BOUND ( 'NONE', #4427, .T. ) ;
#1928 = DIRECTION ( 'NONE',  ( 1.000000000000000000, 0.000000000000000000, 0.000000000000000000 ) ) ;
#1929 = CARTESIAN_POINT ( 'NONE',  ( 5.355396850393701946, 3.553867125984252251, 0.1181102362204724532 ) ) ;
#1930 = CARTESIAN_POINT ( 'NONE',  ( 5.504610778162939866, 5.331833637462750630, 0.1181102362204724532 ) ) ;
#1931 = CIRCLE ( 'NONE', #4253, 0.02755905511811047870 ) ;
#1932 = CARTESIAN_POINT ( 'NONE',  ( 4.926066141732283299, 1.588236968503937252, 0.1181102362204724532 ) ) ;
#1933 = LINE ( 'NONE', #1564, #761 ) ;
#1934 = PLANE ( 'NONE',  #131 ) ;
#1935 = CIRCLE ( 'NONE', #2377, 0.02755905511811047870 ) ;
#1936 = AXIS2_PLACEMENT_3D ( 'NONE', #1338, #3813, #23 ) ;
#1937 = AXIS2_PLACEMENT_3D ( 'NONE', #1511, #1879, #4288 ) ;
#1938 = VERTEX_POINT ( 'NONE', #3527 ) ;
#1939 = CARTESIAN_POINT ( 'NONE',  ( 2.369260034394212511, 1.444833348559001251, 0.1181102362204724532 ) ) ;
#1940 = CYLINDRICAL_SURFACE ( 'NONE', #1805, 0.1275590551181104981 ) ;
#1941 = LINE ( 'NONE', #3328, #1284 ) ;
#1942 = AXIS2_PLACEMENT_3D ( 'NONE', #915, #2312, #3010 ) ;
#1943 = CARTESIAN_POINT ( 'NONE',  ( 0.000000000000000000, 2.775596385826771595, 0.1181102362204724532 ) ) ;
#1944 = CARTESIAN_POINT ( 'NONE',  ( 5.197130314960630493, 4.377235236220473169, 0.1181102362204724532 ) ) ;
#1945 = VECTOR ( 'NONE', #1973, 39.37007874015748143 ) ;
#1946 = VERTEX_POINT ( 'NONE', #1460 ) ;
#1947 = CARTESIAN_POINT ( 'NONE',  ( 3.293704722175239130, 2.803155440944882226, 0.000000000000000000 ) ) ;
#1948 = ORIENTED_EDGE ( 'NONE', *, *, #1558, .T. ) ;
#1949 = AXIS2_PLACEMENT_3D ( 'NONE', #1095, #2489, #2899 ) ;
#1950 = EDGE_CURVE ( 'NONE', #3154, #281, #654, .T. ) ;
#1951 = ORIENTED_EDGE ( 'NONE', *, *, #1815, .F. ) ;
#1952 = B_SPLINE_CURVE_WITH_KNOTS ( 'NONE', 3,
 ( #2843, #4294, #1840, #2206 ),
 .UNSPECIFIED., .F., .F.,
 ( 4, 4 ),
 ( 0.000000000000000000, 1.000000000000000000 ),
 .UNSPECIFIED. ) ;
#1953 = EDGE_CURVE ( 'NONE', #2179, #4085, #4302, .T. ) ;
#1954 = CARTESIAN_POINT ( 'NONE',  ( 1.940266574803149568, 0.3308110236220472289, 0.1181102362204724532 ) ) ;
#1955 = CARTESIAN_POINT ( 'NONE',  ( 2.601478149606299528, 1.541660543307086684, 0.1181102362204724809 ) ) ;
#1956 = CARTESIAN_POINT ( 'NONE',  ( 3.758720060333229362, 3.122214463287399155, 0.000000000000000000 ) ) ;
#1957 = CARTESIAN_POINT ( 'NONE',  ( 3.194512851847567170, 1.142014197934250186, 0.1181102362204724532 ) ) ;
#1958 = EDGE_LOOP ( 'NONE', ( #666, #3806, #3712, #510 ) ) ;
#1959 = EDGE_CURVE ( 'NONE', #1985, #359, #3090, .T. ) ;
#1960 = DIRECTION ( 'NONE',  ( 0.000000000000000000, 0.000000000000000000, 1.000000000000000000 ) ) ;
#1961 = CARTESIAN_POINT ( 'NONE',  ( 0.8442592125984252904, 0.2939051181102362298, 0.1181102362204724532 ) ) ;
#1962 = CARTESIAN_POINT ( 'NONE',  ( 0.2847733858267716411, 2.447542480314961022, 0.000000000000000000 ) ) ;
#1963 = EDGE_LOOP ( 'NONE', ( #1882, #255, #21, #1596 ) ) ;
#1964 = CARTESIAN_POINT ( 'NONE',  ( 3.726786092402783801, 3.206636943960361030, 0.1181102362204724532 ) ) ;
#1965 = CYLINDRICAL_SURFACE ( 'NONE', #2608, 0.02755905511811020808 ) ;
#1966 = CARTESIAN_POINT ( 'NONE',  ( 0.3800012712911377544, 5.336629991817027907, 0.000000000000000000 ) ) ;
#1967 = CARTESIAN_POINT ( 'NONE',  ( 1.944557519370078813, 2.360994291338582851, 0.1181102362204724532 ) ) ;
#1968 = SURFACE_SIDE_STYLE ('',( #2581 ) ) ;
#1969 = ORIENTED_EDGE ( 'NONE', *, *, #3097, .T. ) ;
#1970 = FACE_OUTER_BOUND ( 'NONE', #3972, .T. ) ;
#1971 = ORIENTED_EDGE ( 'NONE', *, *, #752, .T. ) ;
#1972 = ORIENTED_EDGE ( 'NONE', *, *, #720, .T. ) ;
#1973 = DIRECTION ( 'NONE',  ( -0.000000000000000000, -0.000000000000000000, -1.000000000000000000 ) ) ;
#1974 = DIRECTION ( 'NONE',  ( 1.000000000000000000, -3.965082230804095431E-14, 0.000000000000000000 ) ) ;
#1975 = CARTESIAN_POINT ( 'NONE',  ( 5.251709055118110037, 2.414856259842519837, 0.1181102362204724532 ) ) ;
#1976 = LINE ( 'NONE', #3316, #2153 ) ;
#1977 = EDGE_CURVE ( 'NONE', #4401, #1770, #2936, .T. ) ;
#1978 = ADVANCED_FACE ( 'NONE', ( #3195 ), #1255, .F. ) ;
#1979 = CARTESIAN_POINT ( 'NONE',  ( 2.507763867256391332, 0.8695105406822132288, 0.1181102362204724532 ) ) ;
#1980 = DIRECTION ( 'NONE',  ( -0.9407153049131643519, -0.3391971625797190470, 0.000000000000000000 ) ) ;
#1981 = CARTESIAN_POINT ( 'NONE',  ( 0.5067914960629921195, 2.083459015748031717, 0.000000000000000000 ) ) ;
#1982 = CARTESIAN_POINT ( 'NONE',  ( 4.858257480314960297, 1.756363346456693009, 0.000000000000000000 ) ) ;
#1983 = ADVANCED_FACE ( 'NONE', ( #1145 ), #1506, .F. ) ;
#1984 = ORIENTED_EDGE ( 'NONE', *, *, #1869, .F. ) ;
#1985 = VERTEX_POINT ( 'NONE', #779 ) ;
#1986 = CARTESIAN_POINT ( 'NONE',  ( 0.3800012712911368662, 5.336629991817028795, 0.000000000000000000 ) ) ;
#1987 = SHAPE_DEFINITION_REPRESENTATION ( #1295, #2321 ) ;
#1988 = CARTESIAN_POINT ( 'NONE',  ( 4.635065596624563966, 1.828573427550545860, 0.000000000000000000 ) ) ;
#1989 = CARTESIAN_POINT ( 'NONE',  ( 2.152664263963085300, 2.806326827870055496, 0.1181102362204724532 ) ) ;
#1990 = LINE ( 'NONE', #3375, #2233 ) ;
#1991 = ORIENTED_EDGE ( 'NONE', *, *, #201, .F. ) ;
#1992 = LINE ( 'NONE', #266, #498 ) ;
#1993 = ORIENTED_EDGE ( 'NONE', *, *, #1006, .T. ) ;
#1994 = ORIENTED_EDGE ( 'NONE', *, *, #3071, .T. ) ;
#1995 = CARTESIAN_POINT ( 'NONE',  ( 4.882251181102362558, 4.371042716535433748, 0.1181102362204724532 ) ) ;
#1996 = CARTESIAN_POINT ( 'NONE',  ( 0.4758540944881889945, 1.307385826771653381, 0.000000000000000000 ) ) ;
#1997 = ORIENTED_EDGE ( 'NONE', *, *, #1950, .F. ) ;
#1998 = DIRECTION ( 'NONE',  ( 0.000000000000000000, 0.000000000000000000, -1.000000000000000000 ) ) ;
#1999 = DIRECTION ( 'NONE',  ( 0.000000000000000000, 0.000000000000000000, 1.000000000000000000 ) ) ;
#2000 = CARTESIAN_POINT ( 'NONE',  ( 2.526952545045002996, 3.584124949619868605, 0.000000000000000000 ) ) ;
#2001 = VERTEX_POINT ( 'NONE', #415 ) ;
#2002 = AXIS2_PLACEMENT_3D ( 'NONE', #796, #406, #2165 ) ;
#2003 = ORIENTED_EDGE ( 'NONE', *, *, #555, .F. ) ;
#2004 = ORIENTED_EDGE ( 'NONE', *, *, #2235, .F. ) ;
#2005 = CARTESIAN_POINT ( 'NONE',  ( 2.147616080243297532, 0.8387088206537389734, 0.1181102362204724532 ) ) ;
#2006 = VECTOR ( 'NONE', #4313, 39.37007874015748143 ) ;
#2007 = EDGE_CURVE ( 'NONE', #3630, #4189, #6, .T. ) ;
#2008 = EDGE_CURVE ( 'NONE', #311, #524, #3739, .T. ) ;
#2009 = CARTESIAN_POINT ( 'NONE',  ( 2.345849531244832864, 2.865962983192124724, 0.1181102362204724532 ) ) ;
#2010 = AXIS2_PLACEMENT_3D ( 'NONE', #2303, #1270, #3276 ) ;
#2011 = CIRCLE ( 'NONE', #1645, 0.02755905511811047870 ) ;
#2012 = DIRECTION ( 'NONE',  ( 0.000000000000000000, 1.000000000000000000, -0.000000000000000000 ) ) ;
#2013 = CARTESIAN_POINT ( 'NONE',  ( 1.798519526670631530, 3.212735598208158905, 0.000000000000000000 ) ) ;
#2014 = ORIENTED_EDGE ( 'NONE', *, *, #2683, .T. ) ;
#2015 = ADVANCED_FACE ( 'NONE', ( #1119 ), #4059, .F. ) ;
#2016 = CARTESIAN_POINT ( 'NONE',  ( 4.683044488188977006, 0.2666637795275590417, 0.1181102362204724532 ) ) ;
#2017 = VECTOR ( 'NONE', #1588, 39.37007874015748143 ) ;
#2018 = ORIENTED_EDGE ( 'NONE', *, *, #813, .T. ) ;
#2019 = VECTOR ( 'NONE', #2055, 39.37007874015748143 ) ;
#2020 = EDGE_LOOP ( 'NONE', ( #2003, #1512, #4142, #1397 ) ) ;
#2021 = DIRECTION ( 'NONE',  ( -0.2931295510464441700, -0.9560727306556284777, 0.000000000000000000 ) ) ;
#2022 = CARTESIAN_POINT ( 'NONE',  ( 2.039066602234451686, 0.3997117219152304668, 0.1181102362204724532 ) ) ;
#2023 = ORIENTED_EDGE ( 'NONE', *, *, #10, .F. ) ;
#2024 = CARTESIAN_POINT ( 'NONE',  ( 1.222194638909789077, 4.422441863345863311, 0.000000000000000000 ) ) ;
#2025 = CARTESIAN_POINT ( 'NONE',  ( 2.156353164435709235, 1.501030898407373693, 0.1181102362204724532 ) ) ;
#2026 = FACE_OUTER_BOUND ( 'NONE', #2436, .T. ) ;
#2027 = LINE ( 'NONE', #2713, #49 ) ;
#2028 = B_SPLINE_SURFACE_WITH_KNOTS ( 'NONE', 3, 1, ( 
 ( #1632, #2231 ),
 ( #4297, #1200 ),
 ( #4049, #2329 ),
 ( #1177, #502 ) ),
 .UNSPECIFIED., .F., .F., .F.,
 ( 4, 4 ),
 ( 2, 2 ),
 ( 0.1357070727482609929, 1.000000000000000000 ),
 ( 0.000000000000000000, 1.000000000000000000 ),
 .UNSPECIFIED. ) ;
#2029 = ORIENTED_EDGE ( 'NONE', *, *, #2007, .F. ) ;
#2030 = ORIENTED_EDGE ( 'NONE', *, *, #4368, .T. ) ;
#2031 = CARTESIAN_POINT ( 'NONE',  ( 4.683044488188977006, 0.2666637795275590417, 0.000000000000000000 ) ) ;
#2032 = DIRECTION ( 'NONE',  ( 0.2436125436757833329, 0.9698726352278501661, -0.000000000000000000 ) ) ;
#2033 = EDGE_CURVE ( 'NONE', #2041, #4328, #4184, .T. ) ;
#2034 = EDGE_CURVE ( 'NONE', #2960, #2650, #2717, .T. ) ;
#2035 = CARTESIAN_POINT ( 'NONE',  ( 0.6184677461302547918, 0.1433798999260150198, 0.000000000000000000 ) ) ;
#2036 = DIRECTION ( 'NONE',  ( 1.000000000000000000, 0.000000000000000000, 0.000000000000000000 ) ) ;
#2037 = ORIENTED_EDGE ( 'NONE', *, *, #946, .T. ) ;
#2038 = DIRECTION ( 'NONE',  ( -0.000000000000000000, -0.000000000000000000, -1.000000000000000000 ) ) ;
#2039 = VERTEX_POINT ( 'NONE', #871 ) ;
#2040 = EDGE_CURVE ( 'NONE', #256, #3294, #3957, .T. ) ;
#2041 = VERTEX_POINT ( 'NONE', #3350 ) ;
#2042 = CARTESIAN_POINT ( 'NONE',  ( 5.711162607992576135, 4.762439025808969717, 0.1181102362204724532 ) ) ;
#2043 = FACE_OUTER_BOUND ( 'NONE', #2333, .T. ) ;
#2044 = VERTEX_POINT ( 'NONE', #3034 ) ;
#2045 = DIRECTION ( 'NONE',  ( 0.000000000000000000, -0.000000000000000000, 1.000000000000000000 ) ) ;
#2046 = FACE_OUTER_BOUND ( 'NONE', #1897, .T. ) ;
#2047 = DIRECTION ( 'NONE',  ( -1.000000000000000000, 0.000000000000000000, 0.000000000000000000 ) ) ;
#2048 = PRODUCT_DEFINITION_CONTEXT ( 'detailed design', #2362, 'design' ) ;
#2049 = CYLINDRICAL_SURFACE ( 'NONE', #1132, 0.1275590551181104981 ) ;
#2050 = VERTEX_POINT ( 'NONE', #892 ) ;
#2051 = ORIENTED_EDGE ( 'NONE', *, *, #1753, .T. ) ;
#2052 = CARTESIAN_POINT ( 'NONE',  ( 0.2847733858267716411, 2.447542480314961022, 0.000000000000000000 ) ) ;
#2053 = DIRECTION ( 'NONE',  ( -0.1150760398562655357, 0.9933566857131426175, 0.000000000000000000 ) ) ;
#2054 = VERTEX_POINT ( 'NONE', #1988 ) ;
#2055 = DIRECTION ( 'NONE',  ( -0.000000000000000000, -0.000000000000000000, -1.000000000000000000 ) ) ;
#2056 = CARTESIAN_POINT ( 'NONE',  ( 2.178196283752855678, 2.825415532720565448, 0.1181102362204724532 ) ) ;
#2057 = ORIENTED_EDGE ( 'NONE', *, *, #3498, .T. ) ;
#2058 = CARTESIAN_POINT ( 'NONE',  ( 0.8442592125984252904, 0.2939051181102362298, 0.1181102362204724532 ) ) ;
#2059 = ADVANCED_FACE ( 'NONE', ( #960 ), #2284, .F. ) ;
#2060 = ADVANCED_FACE ( 'NONE', ( #1643 ), #2182, .F. ) ;
#2061 = ORIENTED_EDGE ( 'NONE', *, *, #4030, .T. ) ;
#2062 = ORIENTED_EDGE ( 'NONE', *, *, #286, .T. ) ;
#2063 = CARTESIAN_POINT ( 'NONE',  ( 2.376754713367634775, 0.8011040266770880214, 0.1181102362204724532 ) ) ;
#2064 = ADVANCED_FACE ( 'NONE', ( #1254 ), #2829, .F. ) ;
#2065 = EDGE_CURVE ( 'NONE', #1400, #3588, #2441, .T. ) ;
#2066 = ORIENTED_EDGE ( 'NONE', *, *, #1139, .T. ) ;
#2067 = CARTESIAN_POINT ( 'NONE',  ( 4.100607086614173724, 2.218303110236220288, 0.000000000000000000 ) ) ;
#2068 = CYLINDRICAL_SURFACE ( 'NONE', #3684, 0.02755905511811047870 ) ;
#2069 = CARTESIAN_POINT ( 'NONE',  ( 3.108832986583098368, 2.866352462017823566, 0.1181102362204724532 ) ) ;
#2070 = ORIENTED_EDGE ( 'NONE', *, *, #2427, .T. ) ;
#2071 = ORIENTED_EDGE ( 'NONE', *, *, #3175, .F. ) ;
#2072 = CARTESIAN_POINT ( 'NONE',  ( 4.044353149606299880, 0.3633629921259842743, 0.000000000000000000 ) ) ;
#2073 = DIRECTION ( 'NONE',  ( -0.000000000000000000, -0.000000000000000000, 1.000000000000000000 ) ) ;
#2074 = VECTOR ( 'NONE', #2510, 39.37007874015748143 ) ;
#2075 = AXIS2_PLACEMENT_3D ( 'NONE', #1274, #1231, #525 ) ;
#2076 = ORIENTED_EDGE ( 'NONE', *, *, #3944, .F. ) ;
#2077 = CARTESIAN_POINT ( 'NONE',  ( 0.3800012712911366997, 5.336629991817026131, 0.000000000000000000 ) ) ;
#2078 = CARTESIAN_POINT ( 'NONE',  ( 3.082484525502038331, 2.874430835471860401, 0.000000000000000000 ) ) ;
#2079 = EDGE_LOOP ( 'NONE', ( #4248, #1239, #3576, #2062 ) ) ;
#2080 = CARTESIAN_POINT ( 'NONE',  ( 2.734781535433071120, 0.8524988188976376779, 0.1181102362204724532 ) ) ;
#2081 = ORIENTED_EDGE ( 'NONE', *, *, #3787, .T. ) ;
#2082 = VECTOR ( 'NONE', #1107, 39.37007874015748143 ) ;
#2083 = VECTOR ( 'NONE', #2622, 39.37007874015748143 ) ;
#2084 = ORIENTED_EDGE ( 'NONE', *, *, #419, .T. ) ;
#2085 = AXIS2_PLACEMENT_3D ( 'NONE', #1601, #2990, #4376 ) ;
#2086 = CARTESIAN_POINT ( 'NONE',  ( 2.507763867191476592, 0.8695105406911409762, 0.000000000000000000 ) ) ;
#2087 = ORIENTED_EDGE ( 'NONE', *, *, #3373, .F. ) ;
#2088 = EDGE_CURVE ( 'NONE', #617, #2794, #190, .T. ) ;
#2089 = EDGE_CURVE ( 'NONE', #2655, #1214, #1941, .T. ) ;
#2090 = DIRECTION ( 'NONE',  ( -1.000000000000000000, 0.000000000000000000, 0.000000000000000000 ) ) ;
#2091 = CIRCLE ( 'NONE', #207, 0.1275590551181099708 ) ;
#2092 = LINE ( 'NONE', #3475, #1138 ) ;
#2093 = CARTESIAN_POINT ( 'NONE',  ( 4.813688697942941630, 0.02377203455384251443, 0.000000000000000000 ) ) ;
#2094 = ORIENTED_EDGE ( 'NONE', *, *, #365, .F. ) ;
#2095 = AXIS2_PLACEMENT_3D ( 'NONE', #787, #1486, #2906 ) ;
#2096 = EDGE_CURVE ( 'NONE', #1437, #1080, #3172, .T. ) ;
#2097 = VERTEX_POINT ( 'NONE', #2697 ) ;
#2098 = DIRECTION ( 'NONE',  ( 0.000000000000000000, -0.000000000000000000, -1.000000000000000000 ) ) ;
#2099 = CARTESIAN_POINT ( 'NONE',  ( 3.450374252454345037, 0.9075070660998963978, 0.1181102362204724532 ) ) ;
#2100 = LINE ( 'NONE', #1346, #2236 ) ;
#2101 = DIRECTION ( 'NONE',  ( 1.000000000000000000, 0.000000000000000000, 0.000000000000000000 ) ) ;
#2102 = VERTEX_POINT ( 'NONE', #2673 ) ;
#2103 = CARTESIAN_POINT ( 'NONE',  ( 2.035162985624059839, 0.8989218927658794156, 0.05905511811023622659 ) ) ;
#2104 = VERTEX_POINT ( 'NONE', #2336 ) ;
#2105 = VERTEX_POINT ( 'NONE', #619 ) ;
#2106 = FACE_OUTER_BOUND ( 'NONE', #208, .T. ) ;
#2107 = EDGE_LOOP ( 'NONE', ( #2725, #2670, #1384, #1971 ) ) ;
#2108 = B_SPLINE_CURVE_WITH_KNOTS ( 'NONE', 3,
 ( #683, #3457, #4463, #3436 ),
 .UNSPECIFIED., .F., .F.,
 ( 4, 4 ),
 ( 0.000000000000000000, 0.9389423396805531841 ),
 .UNSPECIFIED. ) ;
#2109 = CARTESIAN_POINT ( 'NONE',  ( 0.6576947493751834628, 1.116873518515059782, 0.000000000000000000 ) ) ;
#2110 = LINE ( 'NONE', #3585, #337 ) ;
#2111 = PLANE ( 'NONE',  #3464 ) ;
#2112 = CARTESIAN_POINT ( 'NONE',  ( 3.351301274095412452, 1.541660543307086684, 0.000000000000000000 ) ) ;
#2113 = EDGE_CURVE ( 'NONE', #1476, #1354, #2226, .T. ) ;
#2114 = ORIENTED_EDGE ( 'NONE', *, *, #3558, .F. ) ;
#2115 = EDGE_LOOP ( 'NONE', ( #4215, #2911, #3744, #686 ) ) ;
#2116 = DIRECTION ( 'NONE',  ( -0.000000000000000000, -0.000000000000000000, -1.000000000000000000 ) ) ;
#2117 = CARTESIAN_POINT ( 'NONE',  ( 2.322326689659057752, 3.536705834017991990, 0.1181102362204724532 ) ) ;
#2118 = EDGE_CURVE ( 'NONE', #2491, #2105, #811, .T. ) ;
#2119 = CARTESIAN_POINT ( 'NONE',  ( 5.662496062992127044, 3.542033661417322676, 0.000000000000000000 ) ) ;
#2120 = CARTESIAN_POINT ( 'NONE',  ( 1.005576929133858322, 4.228670275590551419, 0.1181102362204724532 ) ) ;
#2121 = ORIENTED_EDGE ( 'NONE', *, *, #562, .T. ) ;
#2122 = CYLINDRICAL_SURFACE ( 'NONE', #1883, 0.02755905511811047870 ) ;
#2123 = CARTESIAN_POINT ( 'NONE',  ( 3.231001708845286480, 3.515002042995030163, 0.1181102362204724809 ) ) ;
#2124 = ORIENTED_EDGE ( 'NONE', *, *, #3563, .F. ) ;
#2125 = CARTESIAN_POINT ( 'NONE',  ( 5.062072440944882068, 2.559978307086614002, 0.1181102362204724532 ) ) ;
#2126 = ORIENTED_EDGE ( 'NONE', *, *, #725, .F. ) ;
#2127 = LINE ( 'NONE', #2474, #2684 ) ;
#2128 = ORIENTED_EDGE ( 'NONE', *, *, #746, .F. ) ;
#2129 = CARTESIAN_POINT ( 'NONE',  ( 0.3350919249751394546, 5.329112795499583832, 0.000000000000000000 ) ) ;
#2130 = CARTESIAN_POINT ( 'NONE',  ( 2.152664263963085300, 2.806326827870055496, 0.000000000000000000 ) ) ;
#2131 = DIRECTION ( 'NONE',  ( -1.000000000000000000, 0.000000000000000000, 0.000000000000000000 ) ) ;
#2132 = PRODUCT ( '2027-Acrylic', '2027-Acrylic', '', ( #598 ) ) ;
#2133 = ORIENTED_EDGE ( 'NONE', *, *, #1680, .T. ) ;
#2134 = VERTEX_POINT ( 'NONE', #3714 ) ;
#2135 = CARTESIAN_POINT ( 'NONE',  ( 4.417581889763779301, 3.992921850393700733, 0.000000000000000000 ) ) ;
#2136 = CARTESIAN_POINT ( 'NONE',  ( 5.462799911449456758, 5.344942815983156237, 0.000000000000000000 ) ) ;
#2137 = EDGE_CURVE ( 'NONE', #1236, #2650, #1043, .T. ) ;
#2138 = ADVANCED_FACE ( 'NONE', ( #708 ), #1755, .F. ) ;
#2139 = ORIENTED_EDGE ( 'NONE', *, *, #4228, .T. ) ;
#2140 = CARTESIAN_POINT ( 'NONE',  ( 3.854345147520894521, 3.206636943960361030, 0.1181102362204724532 ) ) ;
#2141 = CARTESIAN_POINT ( 'NONE',  ( 4.100609935011651608, 2.552379900811421187, 0.000000000000000000 ) ) ;
#2142 = VERTEX_POINT ( 'NONE', #4144 ) ;
#2143 = DIRECTION ( 'NONE',  ( 0.000000000000000000, -0.000000000000000000, -1.000000000000000000 ) ) ;
#2144 = CARTESIAN_POINT ( 'NONE',  ( 3.206871789722488764, 0.6859442006740618103, 0.000000000000000000 ) ) ;
#2145 = ORIENTED_EDGE ( 'NONE', *, *, #648, .T. ) ;
#2146 = CIRCLE ( 'NONE', #3382, 0.1275590551181102206 ) ;
#2147 = EDGE_CURVE ( 'NONE', #116, #604, #3482, .T. ) ;
#2148 = CARTESIAN_POINT ( 'NONE',  ( 0.3842946456692913348, 2.259420039370078737, 0.000000000000000000 ) ) ;
#2149 = CARTESIAN_POINT ( 'NONE',  ( 0.3350919249751394546, 5.329112795499583832, 0.000000000000000000 ) ) ;
#2150 = VERTEX_POINT ( 'NONE', #2464 ) ;
#2151 = CARTESIAN_POINT ( 'NONE',  ( 2.125288292309573279, 2.775596385826771595, 0.1181102362204724532 ) ) ;
#2152 = CIRCLE ( 'NONE', #268, 0.02755905511811047870 ) ;
#2153 = VECTOR ( 'NONE', #4363, 39.37007874015748854 ) ;
#2154 = ORIENTED_EDGE ( 'NONE', *, *, #1592, .T. ) ;
#2155 = VECTOR ( 'NONE', #1867, 39.37007874015748854 ) ;
#2156 = CIRCLE ( 'NONE', #2085, 0.1275590551181104981 ) ;
#2157 = CARTESIAN_POINT ( 'NONE',  ( 3.296549441010502957, 2.820952564436488341, 0.000000000000000000 ) ) ;
#2158 = DIRECTION ( 'NONE',  ( 1.000000000000000000, 0.000000000000000000, 0.000000000000000000 ) ) ;
#2159 = CARTESIAN_POINT ( 'NONE',  ( 3.711077581966083283, 3.569478419275450509, 0.000000000000000000 ) ) ;
#2160 = AXIS2_PLACEMENT_3D ( 'NONE', #4197, #3507, #3554 ) ;
#2161 = CARTESIAN_POINT ( 'NONE',  ( 2.972768820437380999, 0.8733882794940973637, 0.000000000000000000 ) ) ;
#2162 = B_SPLINE_CURVE_WITH_KNOTS ( 'NONE', 3,
 ( #2636, #3633, #3998, #2976 ),
 .UNSPECIFIED., .F., .F.,
 ( 4, 4 ),
 ( 0.1724688720393877384, 1.000000000000000000 ),
 .UNSPECIFIED. ) ;
#2163 = ORIENTED_EDGE ( 'NONE', *, *, #39, .T. ) ;
#2164 = VECTOR ( 'NONE', #225, 39.37007874015748143 ) ;
#2165 = DIRECTION ( 'NONE',  ( 1.000000000000000000, 0.000000000000000000, 0.000000000000000000 ) ) ;
#2166 = CARTESIAN_POINT ( 'NONE',  ( 2.099675629606299498, 2.648037330708661319, 0.1181102362204724532 ) ) ;
#2167 = VECTOR ( 'NONE', #2316, 39.37007874015748143 ) ;
#2168 = ORIENTED_EDGE ( 'NONE', *, *, #1108, .F. ) ;
#2169 = CARTESIAN_POINT ( 'NONE',  ( 0.000000000000000000, 2.775596385826771595, 0.000000000000000000 ) ) ;
#2170 = DIRECTION ( 'NONE',  ( -0.000000000000000000, 0.000000000000000000, 1.000000000000000000 ) ) ;
#2171 =( GEOMETRIC_REPRESENTATION_CONTEXT ( 3 ) GLOBAL_UNCERTAINTY_ASSIGNED_CONTEXT ( ( #815 ) ) GLOBAL_UNIT_ASSIGNED_CONTEXT ( ( #2672, #2605, #1573 ) ) REPRESENTATION_CONTEXT ( 'NONE', 'WORKASPACE' ) );
#2172 = FACE_OUTER_BOUND ( 'NONE', #1180, .T. ) ;
#2173 = CARTESIAN_POINT ( 'NONE',  ( 4.643394171637385881, 1.783236851185674654, 0.000000000000000000 ) ) ;
#2174 = EDGE_LOOP ( 'NONE', ( #535, #3832, #2614, #1022 ) ) ;
#2175 = EDGE_CURVE ( 'NONE', #595, #2044, #3025, .T. ) ;
#2176 = EDGE_CURVE ( 'NONE', #167, #3993, #3499, .T. ) ;
#2177 = DIRECTION ( 'NONE',  ( -0.000000000000000000, -0.000000000000000000, -1.000000000000000000 ) ) ;
#2178 = CYLINDRICAL_SURFACE ( 'NONE', #1498, 0.1275590551181102206 ) ;
#2179 = VERTEX_POINT ( 'NONE', #369 ) ;
#2180 = LINE ( 'NONE', #109, #1509 ) ;
#2181 = ORIENTED_EDGE ( 'NONE', *, *, #2769, .F. ) ;
#2182 = B_SPLINE_SURFACE_WITH_KNOTS ( 'NONE', 3, 1, ( 
 ( #3734, #912 ),
 ( #3988, #599 ),
 ( #2264, #3662 ),
 ( #238, #1916 ) ),
 .UNSPECIFIED., .F., .F., .F.,
 ( 4, 4 ),
 ( 2, 2 ),
 ( 0.1526864431564139424, 1.000000000000000000 ),
 ( 0.000000000000000000, 1.000000000000000000 ),
 .UNSPECIFIED. ) ;
#2183 = EDGE_CURVE ( 'NONE', #2242, #1704, #2654, .T. ) ;
#2184 = CARTESIAN_POINT ( 'NONE',  ( 3.269457801844696476, 2.826006731658972981, 0.1181102362204724532 ) ) ;
#2185 = DIRECTION ( 'NONE',  ( -0.02232566940930677188, -0.9997507511802260494, 0.000000000000000000 ) ) ;
#2186 = CARTESIAN_POINT ( 'NONE',  ( 3.753690247579622774, 3.284994481315981929, 0.1181102362204724532 ) ) ;
#2187 = DIRECTION ( 'NONE',  ( 1.000000000000000000, 0.000000000000000000, 0.000000000000000000 ) ) ;
#2188 = ORIENTED_EDGE ( 'NONE', *, *, #4146, .T. ) ;
#2189 = DIRECTION ( 'NONE',  ( -0.000000000000000000, -0.000000000000000000, 1.000000000000000000 ) ) ;
#2190 = CARTESIAN_POINT ( 'NONE',  ( 1.368958031496063210, 2.218303110236220288, 0.1181102362204724532 ) ) ;
#2191 = ORIENTED_EDGE ( 'NONE', *, *, #315, .T. ) ;
#2192 = CARTESIAN_POINT ( 'NONE',  ( 5.662496062992127044, 3.542033661417322676, 0.1181102362204724532 ) ) ;
#2193 = LINE ( 'NONE', #821, #3174 ) ;
#2194 = CARTESIAN_POINT ( 'NONE',  ( 1.836141377952756004, 0.4816696850393701324, 0.1181102362204724532 ) ) ;
#2195 = CARTESIAN_POINT ( 'NONE',  ( 3.389284135565327816, 1.019486127361863392, 0.1181102362204724671 ) ) ;
#2196 = ORIENTED_EDGE ( 'NONE', *, *, #1341, .T. ) ;
#2197 = CARTESIAN_POINT ( 'NONE',  ( 4.820394094488190007, 1.838705078740157539, 0.000000000000000000 ) ) ;
#2198 = CARTESIAN_POINT ( 'NONE',  ( 0.01117062992125984235, 3.924353346456692648, 0.000000000000000000 ) ) ;
#2199 = EDGE_CURVE ( 'NONE', #1348, #1133, #3143, .T. ) ;
#2200 = ORIENTED_EDGE ( 'NONE', *, *, #3447, .F. ) ;
#2201 = LINE ( 'NONE', #2923, #3833 ) ;
#2202 = ORIENTED_EDGE ( 'NONE', *, *, #309, .T. ) ;
#2203 = EDGE_CURVE ( 'NONE', #2695, #2332, #4336, .T. ) ;
#2204 = EDGE_CURVE ( 'NONE', #195, #4067, #3603, .T. ) ;
#2205 = DIRECTION ( 'NONE',  ( 0.000000000000000000, -0.000000000000000000, -1.000000000000000000 ) ) ;
#2206 = CARTESIAN_POINT ( 'NONE',  ( 0.6486851968503937194, 1.924837755905511871, 0.1181102362204724532 ) ) ;
#2207 = CARTESIAN_POINT ( 'NONE',  ( 5.662496062992127044, 3.542033661417322676, 0.1181102362204724532 ) ) ;
#2208 = EDGE_LOOP ( 'NONE', ( #3367, #898, #3058, #3088 ) ) ;
#2209 = CARTESIAN_POINT ( 'NONE',  ( 3.108832986583098368, 2.866352462017823566, 0.000000000000000000 ) ) ;
#2210 = LINE ( 'NONE', #3546, #843 ) ;
#2211 = VERTEX_POINT ( 'NONE', #2801 ) ;
#2212 = LINE ( 'NONE', #4257, #3318 ) ;
#2213 = LINE ( 'NONE', #4259, #4349 ) ;
#2214 = DIRECTION ( 'NONE',  ( 0.000000000000000000, -0.000000000000000000, 1.000000000000000000 ) ) ;
#2215 = ORIENTED_EDGE ( 'NONE', *, *, #2229, .T. ) ;
#2216 = CYLINDRICAL_SURFACE ( 'NONE', #2160, 0.02755905511811020808 ) ;
#2217 = FILL_AREA_STYLE_COLOUR ( '', #992 ) ;
#2218 = ORIENTED_EDGE ( 'NONE', *, *, #4199, .F. ) ;
#2219 = CYLINDRICAL_SURFACE ( 'NONE', #2964, 0.1275590551181104981 ) ;
#2220 = VERTEX_POINT ( 'NONE', #4186 ) ;
#2221 = VECTOR ( 'NONE', #1733, 39.37007874015748143 ) ;
#2222 = CARTESIAN_POINT ( 'NONE',  ( 2.894249662104146470, 0.8594956149372176002, 0.1181102362204724532 ) ) ;
#2223 = CARTESIAN_POINT ( 'NONE',  ( 2.171717821536510939, 2.852202302707154580, 0.000000000000000000 ) ) ;
#2224 = FACE_OUTER_BOUND ( 'NONE', #2780, .T. ) ;
#2225 = CARTESIAN_POINT ( 'NONE',  ( 0.6184677470798763954, 0.1433798969944155011, 0.000000000000000000 ) ) ;
#2226 = CIRCLE ( 'NONE', #269, 0.02755905511811020808 ) ;
#2227 = EDGE_CURVE ( 'NONE', #1327, #70, #385, .T. ) ;
#2228 = VECTOR ( 'NONE', #1267, 39.37007874015748143 ) ;
#2229 = EDGE_CURVE ( 'NONE', #2788, #3160, #665, .T. ) ;
#2230 = ORIENTED_EDGE ( 'NONE', *, *, #3368, .F. ) ;
#2231 = CARTESIAN_POINT ( 'NONE',  ( 3.094925255342722892, 0.8270573880096571129, 0.000000000000000000 ) ) ;
#2232 = VECTOR ( 'NONE', #4239, 39.37007874015748143 ) ;
#2233 = VECTOR ( 'NONE', #264, 39.37007874015748143 ) ;
#2234 = DIRECTION ( 'NONE',  ( -0.000000000000000000, -0.000000000000000000, -1.000000000000000000 ) ) ;
#2235 = EDGE_CURVE ( 'NONE', #4067, #224, #552, .T. ) ;
#2236 = VECTOR ( 'NONE', #1393, 39.37007874015748143 ) ;
#2237 = ORIENTED_EDGE ( 'NONE', *, *, #3336, .F. ) ;
#2238 = DIRECTION ( 'NONE',  ( -0.000000000000000000, 0.000000000000000000, 1.000000000000000000 ) ) ;
#2239 = CARTESIAN_POINT ( 'NONE',  ( 0.9725150138493307006, 0.03199806405963178529, 0.000000000000000000 ) ) ;
#2240 = CARTESIAN_POINT ( 'NONE',  ( 3.389284135565327816, 1.019486127361863392, -1.707404996040164512E-17 ) ) ;
#2241 = CIRCLE ( 'NONE', #932, 0.02755905511811020808 ) ;
#2242 = VERTEX_POINT ( 'NONE', #981 ) ;
#2243 = AXIS2_PLACEMENT_3D ( 'NONE', #737, #41, #1079 ) ;
#2244 = CARTESIAN_POINT ( 'NONE',  ( 0.000000000000000000, 2.775596385826771595, 0.1181102362204724532 ) ) ;
#2245 = CARTESIAN_POINT ( 'NONE',  ( 3.510363494389712624, 3.494490009256717045, 0.000000000000000000 ) ) ;
#2246 = EDGE_LOOP ( 'NONE', ( #3420, #3857, #2970, #2275 ) ) ;
#2247 = CARTESIAN_POINT ( 'NONE',  ( 4.909358984080811616, 0.09254090603421960548, 0.1181102362204724532 ) ) ;
#2248 = ORIENTED_EDGE ( 'NONE', *, *, #952, .T. ) ;
#2249 = ORIENTED_EDGE ( 'NONE', *, *, #3256, .F. ) ;
#2250 = CARTESIAN_POINT ( 'NONE',  ( 0.5148119685039370674, 4.612122637795275537, 0.000000000000000000 ) ) ;
#2251 = DIRECTION ( 'NONE',  ( 1.000000000000000000, 0.000000000000000000, 0.000000000000000000 ) ) ;
#2252 = FACE_OUTER_BOUND ( 'NONE', #3870, .T. ) ;
#2253 = DIRECTION ( 'NONE',  ( 1.000000000000000000, 0.000000000000000000, 0.000000000000000000 ) ) ;
#2254 = ORIENTED_EDGE ( 'NONE', *, *, #2534, .T. ) ;
#2255 = CARTESIAN_POINT ( 'NONE',  ( 1.972116574488189222, 1.669219598425196960, 0.1181102362204724532 ) ) ;
#2256 = EDGE_CURVE ( 'NONE', #1514, #2134, #3570, .T. ) ;
#2257 = EDGE_CURVE ( 'NONE', #281, #2366, #2108, .T. ) ;
#2258 = CARTESIAN_POINT ( 'NONE',  ( 5.593585039370078782, 3.145923188976377460, 0.1181102362204724532 ) ) ;
#2259 = EDGE_LOOP ( 'NONE', ( #2514, #1744, #2331, #775 ) ) ;
#2260 = DIRECTION ( 'NONE',  ( 0.000000000000000000, -0.000000000000000000, -1.000000000000000000 ) ) ;
#2261 = EDGE_CURVE ( 'NONE', #4317, #2488, #1204, .T. ) ;
#2262 = EDGE_CURVE ( 'NONE', #1442, #2933, #1735, .T. ) ;
#2263 = LENGTH_MEASURE_WITH_UNIT ( LENGTH_MEASURE( 0.02539999999999999897 ), #4395 );
#2264 = CARTESIAN_POINT ( 'NONE',  ( 1.738465617195334767, 3.789719812829052792, 0.1181102362204724532 ) ) ;
#2265 = CARTESIAN_POINT ( 'NONE',  ( 2.679209387925861385, -0.4881492568024124457, 0.000000000000000000 ) ) ;
#2266 = CARTESIAN_POINT ( 'NONE',  ( 5.269246456692913583, 4.058046259842519987, 0.000000000000000000 ) ) ;
#2267 = ORIENTED_EDGE ( 'NONE', *, *, #1416, .T. ) ;
#2268 = CARTESIAN_POINT ( 'NONE',  ( 4.762624651742674686, 1.828573427550545860, 0.1181102362204724532 ) ) ;
#2269 = VERTEX_POINT ( 'NONE', #797 ) ;
#2270 = ORIENTED_EDGE ( 'NONE', *, *, #2821, .F. ) ;
#2271 = CARTESIAN_POINT ( 'NONE',  ( 3.543855555356829612, 0.6160026820135099390, 0.1181102362204724532 ) ) ;
#2272 = CYLINDRICAL_SURFACE ( 'NONE', #2440, 0.02755905511811047870 ) ;
#2273 = DIRECTION ( 'NONE',  ( 0.000000000000000000, -0.000000000000000000, -1.000000000000000000 ) ) ;
#2274 = CARTESIAN_POINT ( 'NONE',  ( 2.183600325345574689, 1.496896440600727907, 0.000000000000000000 ) ) ;
#2275 = ORIENTED_EDGE ( 'NONE', *, *, #889, .T. ) ;
#2276 = LINE ( 'NONE', #2169, #279 ) ;
#2277 = DIRECTION ( 'NONE',  ( 0.000000000000000000, -0.000000000000000000, 1.000000000000000000 ) ) ;
#2278 = B_SPLINE_CURVE_WITH_KNOTS ( 'NONE', 3,
 ( #2728, #4107, #3505, #1780 ),
 .UNSPECIFIED., .F., .F.,
 ( 4, 4 ),
 ( 0.000000000000000000, 0.8590043038429787670 ),
 .UNSPECIFIED. ) ;
#2279 = LINE ( 'NONE', #2350, #3317 ) ;
#2280 = B_SPLINE_SURFACE_WITH_KNOTS ( 'NONE', 3, 1, ( 
 ( #3186, #3565 ),
 ( #3513, #1130 ),
 ( #95, #2910 ),
 ( #1085, #1887 ) ),
 .UNSPECIFIED., .F., .F., .F.,
 ( 4, 4 ),
 ( 2, 2 ),
 ( 0.000000000000000000, 1.000000000000000000 ),
 ( 0.000000000000000000, 1.000000000000000000 ),
 .UNSPECIFIED. ) ;
#2281 = ORIENTED_EDGE ( 'NONE', *, *, #3306, .T. ) ;
#2282 = CARTESIAN_POINT ( 'NONE',  ( 3.914103661417323465, 3.847636811023622094, 0.000000000000000000 ) ) ;
#2283 = APPLICATION_PROTOCOL_DEFINITION ( 'draft international standard', 'automotive_design', 1998, #2362 ) ;
#2284 = CYLINDRICAL_SURFACE ( 'NONE', #2306, 0.02755905511811047870 ) ;
#2285 = EDGE_CURVE ( 'NONE', #4221, #2097, #2210, .T. ) ;
#2286 = EDGE_CURVE ( 'NONE', #136, #2832, #3936, .T. ) ;
#2287 = B_SPLINE_CURVE_WITH_KNOTS ( 'NONE', 3,
 ( #2368, #3386, #1700, #1361 ),
 .UNSPECIFIED., .F., .F.,
 ( 4, 4 ),
 ( 0.000000000000000000, 1.000000000000000000 ),
 .UNSPECIFIED. ) ;
#2288 = CARTESIAN_POINT ( 'NONE',  ( 3.031806394055661880, 2.803155440944882226, 0.1181102362204724532 ) ) ;
#2289 = DIRECTION ( 'NONE',  ( 1.000000000000000000, -8.566535683836085975E-15, 0.000000000000000000 ) ) ;
#2290 = ORIENTED_EDGE ( 'NONE', *, *, #2137, .F. ) ;
#2291 = CARTESIAN_POINT ( 'NONE',  ( 3.275752267038861909, 1.498220763633351771, 0.000000000000000000 ) ) ;
#2292 = EDGE_LOOP ( 'NONE', ( #3937, #3376, #4243, #4013 ) ) ;
#2293 = ADVANCED_FACE ( 'NONE', ( #819 ), #4278, .F. ) ;
#2294 = ORIENTED_EDGE ( 'NONE', *, *, #2372, .T. ) ;
#2295 = DIRECTION ( 'NONE',  ( 0.000000000000000000, -1.000000000000000000, 0.000000000000000000 ) ) ;
#2296 = LINE ( 'NONE', #3676, #3598 ) ;
#2297 = DIRECTION ( 'NONE',  ( 0.000000000000000000, 0.000000000000000000, -1.000000000000000000 ) ) ;
#2298 = DIRECTION ( 'NONE',  ( -0.000000000000000000, -0.000000000000000000, 1.000000000000000000 ) ) ;
#2299 = ORIENTED_EDGE ( 'NONE', *, *, #867, .T. ) ;
#2300 = AXIS2_PLACEMENT_3D ( 'NONE', #3657, #3708, #592 ) ;
#2301 = FACE_OUTER_BOUND ( 'NONE', #4450, .T. ) ;
#2302 = CARTESIAN_POINT ( 'NONE',  ( 4.248489763779527806, 0.2908318897637795497, 0.000000000000000000 ) ) ;
#2303 = CARTESIAN_POINT ( 'NONE',  ( 3.321263777293349762, 2.803155440944882226, 0.1181102362204724532 ) ) ;
#2304 = AXIS2_PLACEMENT_3D ( 'NONE', #4205, #2205, #4244 ) ;
#2305 = VECTOR ( 'NONE', #130, 39.37007874015748143 ) ;
#2306 = AXIS2_PLACEMENT_3D ( 'NONE', #2628, #2310, #4373 ) ;
#2307 = AXIS2_PLACEMENT_3D ( 'NONE', #2493, #2880, #174 ) ;
#2308 = EDGE_LOOP ( 'NONE', ( #2066, #533, #4269, #2749 ) ) ;
#2309 = DIRECTION ( 'NONE',  ( 0.000000000000000000, 0.000000000000000000, -1.000000000000000000 ) ) ;
#2310 = DIRECTION ( 'NONE',  ( 0.000000000000000000, 0.000000000000000000, -1.000000000000000000 ) ) ;
#2311 = VECTOR ( 'NONE', #2580, 39.37007874015748143 ) ;
#2312 = DIRECTION ( 'NONE',  ( -0.000000000000000000, 0.000000000000000000, 1.000000000000000000 ) ) ;
#2313 = CARTESIAN_POINT ( 'NONE',  ( 0.7398190014593554187, 0.1826887459110669576, 0.1181102362204724532 ) ) ;
#2314 = AXIS2_PLACEMENT_3D ( 'NONE', #3483, #667, #2442 ) ;
#2315 = ORIENTED_EDGE ( 'NONE', *, *, #3808, .F. ) ;
#2316 = DIRECTION ( 'NONE',  ( -1.000000000000000000, 0.000000000000000000, 0.000000000000000000 ) ) ;
#2317 = EDGE_CURVE ( 'NONE', #59, #3991, #2337, .T. ) ;
#2318 = EDGE_CURVE ( 'NONE', #2105, #1437, #482, .T. ) ;
#2319 = ORIENTED_EDGE ( 'NONE', *, *, #1334, .T. ) ;
#2320 = AXIS2_PLACEMENT_3D ( 'NONE', #2612, #223, #176 ) ;
#2321 = ADVANCED_BREP_SHAPE_REPRESENTATION ( '2027-Acrylic', ( #477, #1008 ), #2171 ) ;
#2322 = B_SPLINE_SURFACE_WITH_KNOTS ( 'NONE', 3, 1, ( 
 ( #2080, #1376 ),
 ( #987, #36 ),
 ( #1712, #3486 ),
 ( #355, #1760 ) ),
 .UNSPECIFIED., .F., .F., .F.,
 ( 4, 4 ),
 ( 2, 2 ),
 ( 0.000000000000000000, 0.7604030635073960598 ),
 ( 0.000000000000000000, 1.000000000000000000 ),
 .UNSPECIFIED. ) ;
#2323 = CARTESIAN_POINT ( 'NONE',  ( 0.7205617429801288720, 0.05659167798921023451, 0.1181102362204724532 ) ) ;
#2324 = CARTESIAN_POINT ( 'NONE',  ( 2.668821133004170676, 0.8524993618106532223, 0.000000000000000000 ) ) ;
#2325 = ADVANCED_FACE ( 'NONE', ( #1521 ), #2465, .F. ) ;
#2326 = DIRECTION ( 'NONE',  ( -0.2010114255420338836, 0.9795888968345646264, 0.000000000000000000 ) ) ;
#2327 = FACE_OUTER_BOUND ( 'NONE', #4171, .T. ) ;
#2328 = DIRECTION ( 'NONE',  ( 0.000000000000000000, 0.000000000000000000, 1.000000000000000000 ) ) ;
#2329 = CARTESIAN_POINT ( 'NONE',  ( 3.370555784714111880, 0.4883629228064597094, 0.000000000000000000 ) ) ;
#2330 = CARTESIAN_POINT ( 'NONE',  ( 1.098632834645669298, 0.04024291338582677846, 0.000000000000000000 ) ) ;
#2331 = ORIENTED_EDGE ( 'NONE', *, *, #259, .F. ) ;
#2332 = VERTEX_POINT ( 'NONE', #4212 ) ;
#2333 = EDGE_LOOP ( 'NONE', ( #3383, #3799, #3828, #2481 ) ) ;
#2334 = CARTESIAN_POINT ( 'NONE',  ( 0.7663340157480316162, 4.428827755905511587, 0.000000000000000000 ) ) ;
#2335 = DIRECTION ( 'NONE',  ( 0.000000000000000000, -0.000000000000000000, -1.000000000000000000 ) ) ;
#2336 = CARTESIAN_POINT ( 'NONE',  ( 2.094890444966928555, 1.011633662972327263, 0.000000000000000000 ) ) ;
#2337 = B_SPLINE_CURVE_WITH_KNOTS ( 'NONE', 3,
 ( #4232, #770, #840, #3591 ),
 .UNSPECIFIED., .F., .F.,
 ( 4, 4 ),
 ( 0.000000000000000000, 0.9149645353079356447 ),
 .UNSPECIFIED. ) ;
#2338 = DIRECTION ( 'NONE',  ( -0.000000000000000000, 0.000000000000000000, 1.000000000000000000 ) ) ;
#2339 = EDGE_LOOP ( 'NONE', ( #2004, #235, #863, #2704 ) ) ;
#2340 = CARTESIAN_POINT ( 'NONE',  ( 3.510363494389712624, 3.494490009256717045, 0.05905511811023622659 ) ) ;
#2341 = ORIENTED_EDGE ( 'NONE', *, *, #2372, .F. ) ;
#2342 = ORIENTED_EDGE ( 'NONE', *, *, #259, .T. ) ;
#2343 = CARTESIAN_POINT ( 'NONE',  ( 4.641471259842520070, 4.191513976377953199, 0.000000000000000000 ) ) ;
#2344 = LINE ( 'NONE', #733, #2743 ) ;
#2345 = VERTEX_POINT ( 'NONE', #1090 ) ;
#2346 = EDGE_CURVE ( 'NONE', #3389, #3993, #3258, .T. ) ;
#2347 = ADVANCED_FACE ( 'NONE', ( #147 ), #1845, .F. ) ;
#2348 = CARTESIAN_POINT ( 'NONE',  ( 1.940266574803149568, 0.3308110236220472289, 0.1181102362204724532 ) ) ;
#2349 = DIRECTION ( 'NONE',  ( -1.000000000000000000, 0.000000000000000000, 0.000000000000000000 ) ) ;
#2350 = CARTESIAN_POINT ( 'NONE',  ( 0.2847733858267716411, 2.447542480314961022, 0.1181102362204724532 ) ) ;
#2351 = EDGE_LOOP ( 'NONE', ( #2315, #4379, #4149, #2825 ) ) ;
#2352 = ORIENTED_EDGE ( 'NONE', *, *, #211, .T. ) ;
#2353 = EDGE_LOOP ( 'NONE', ( #858, #2740, #3649, #1386 ) ) ;
#2354 = CARTESIAN_POINT ( 'NONE',  ( 1.972116574488189222, 1.669219598425196960, 0.000000000000000000 ) ) ;
#2355 = DIRECTION ( 'NONE',  ( 0.000000000000000000, -0.000000000000000000, -1.000000000000000000 ) ) ;
#2356 = B_SPLINE_SURFACE_WITH_KNOTS ( 'NONE', 3, 1, ( 
 ( #1746, #3511 ),
 ( #3859, #400 ),
 ( #379, #1766 ),
 ( #3156, #2525 ) ),
 .UNSPECIFIED., .F., .F., .F.,
 ( 4, 4 ),
 ( 2, 2 ),
 ( 0.1000549881769160349, 1.000000000000000000 ),
 ( 0.000000000000000000, 1.000000000000000000 ),
 .UNSPECIFIED. ) ;
#2357 = CARTESIAN_POINT ( 'NONE',  ( 2.035162985624059839, 0.8989218927658794156, 0.000000000000000000 ) ) ;
#2358 =( LENGTH_UNIT ( ) NAMED_UNIT ( * ) SI_UNIT ( $, .METRE. ) );
#2359 = ORIENTED_EDGE ( 'NONE', *, *, #2261, .F. ) ;
#2360 = CARTESIAN_POINT ( 'NONE',  ( 0.2721564566929133844, 3.485636811023621995, 0.000000000000000000 ) ) ;
#2361 = ORIENTED_EDGE ( 'NONE', *, *, #1950, .T. ) ;
#2362 = APPLICATION_CONTEXT ( 'automotive_design' ) ;
#2363 = EDGE_LOOP ( 'NONE', ( #1850, #1299, #1453, #1652 ) ) ;
#2364 = CARTESIAN_POINT ( 'NONE',  ( 1.230387952755905623, 4.013449015748031812, 0.000000000000000000 ) ) ;
#2365 = CARTESIAN_POINT ( 'NONE',  ( 1.098634015748031656, 0.04023818897637792408, 0.000000000000000000 ) ) ;
#2366 = VERTEX_POINT ( 'NONE', #1825 ) ;
#2367 = CARTESIAN_POINT ( 'NONE',  ( 1.944557519370078813, 2.079150984251968648, 0.1181102362204724532 ) ) ;
#2368 = CARTESIAN_POINT ( 'NONE',  ( 0.6486851968503937194, 1.924837755905511871, 0.000000000000000000 ) ) ;
#2369 = CARTESIAN_POINT ( 'NONE',  ( 5.251709055118110037, 2.414856259842519837, 0.1181102362204724532 ) ) ;
#2370 = EDGE_CURVE ( 'NONE', #1762, #30, #1112, .T. ) ;
#2371 = CARTESIAN_POINT ( 'NONE',  ( 4.762624651742674686, 1.828573427550545860, 0.05905511811023622659 ) ) ;
#2372 = EDGE_CURVE ( 'NONE', #224, #1985, #271, .T. ) ;
#2373 = AXIS2_PLACEMENT_3D ( 'NONE', #2376, #323, #664 ) ;
#2374 = VERTEX_POINT ( 'NONE', #2484 ) ;
#2375 = ORIENTED_EDGE ( 'NONE', *, *, #3472, .F. ) ;
#2376 = CARTESIAN_POINT ( 'NONE',  ( 3.329761085995828207, 1.514101488188976052, 0.1181102362204724532 ) ) ;
#2377 = AXIS2_PLACEMENT_3D ( 'NONE', #1330, #3049, #1974 ) ;
#2378 = VECTOR ( 'NONE', #2901, 39.37007874015748143 ) ;
#2379 = DIRECTION ( 'NONE',  ( 1.000000000000000000, 0.000000000000000000, 0.000000000000000000 ) ) ;
#2380 = EDGE_CURVE ( 'NONE', #136, #2529, #1644, .T. ) ;
#2381 = AXIS2_PLACEMENT_3D ( 'NONE', #2099, #1407, #304 ) ;
#2382 = CARTESIAN_POINT ( 'NONE',  ( 2.150820312099343212, 2.822244145795393511, 0.000000000000000000 ) ) ;
#2383 = FACE_OUTER_BOUND ( 'NONE', #25, .T. ) ;
#2384 = ORIENTED_EDGE ( 'NONE', *, *, #287, .F. ) ;
#2385 = DIRECTION ( 'NONE',  ( 0.000000000000000000, 1.000000000000000000, -0.000000000000000000 ) ) ;
#2386 = CIRCLE ( 'NONE', #558, 0.02755905511811047870 ) ;
#2387 = ORIENTED_EDGE ( 'NONE', *, *, #589, .T. ) ;
#2388 = AXIS2_PLACEMENT_3D ( 'NONE', #630, #900, #2021 ) ;
#2389 = ORIENTED_EDGE ( 'NONE', *, *, #370, .T. ) ;
#2390 = CARTESIAN_POINT ( 'NONE',  ( 5.662496062992127044, 3.542033661417322676, 0.1181102362204724532 ) ) ;
#2391 = CARTESIAN_POINT ( 'NONE',  ( 4.926066141732283299, 1.588236968503937252, -3.414809992080329023E-17 ) ) ;
#2392 = ORIENTED_EDGE ( 'NONE', *, *, #2176, .F. ) ;
#2393 = CIRCLE ( 'NONE', #857, 0.02755905511811047870 ) ;
#2394 = PRODUCT_DEFINITION_FORMATION_WITH_SPECIFIED_SOURCE ( 'ANY', '', #2132, .NOT_KNOWN. ) ;
#2395 = CARTESIAN_POINT ( 'NONE',  ( 2.372846075645785646, 2.871502668148008031, 0.000000000000000000 ) ) ;
#2396 = CARTESIAN_POINT ( 'NONE',  ( 0.7167363779527559098, 0.7402551181102362543, 0.000000000000000000 ) ) ;
#2397 = PLANE ( 'NONE',  #3522 ) ;
#2398 = ORIENTED_EDGE ( 'NONE', *, *, #2534, .F. ) ;
#2399 = EDGE_CURVE ( 'NONE', #4075, #3294, #2532, .T. ) ;
#2400 = ORIENTED_EDGE ( 'NONE', *, *, #3036, .F. ) ;
#2401 = CARTESIAN_POINT ( 'NONE',  ( 2.584461630334182747, 0.8589621062549067654, 0.1181102362204724532 ) ) ;
#2402 = CARTESIAN_POINT ( 'NONE',  ( 3.294172138127543725, 2.808209608167366422, 0.1181102362204724532 ) ) ;
#2403 = EDGE_CURVE ( 'NONE', #2097, #160, #1866, .T. ) ;
#2404 = EDGE_CURVE ( 'NONE', #59, #3280, #748, .T. ) ;
#2405 = CARTESIAN_POINT ( 'NONE',  ( 5.062072440944882068, 2.559978307086614002, 0.000000000000000000 ) ) ;
#2406 = DIRECTION ( 'NONE',  ( 1.000000000000000000, 0.000000000000000000, 0.000000000000000000 ) ) ;
#2407 = EDGE_LOOP ( 'NONE', ( #4466, #3767, #1502, #2163 ) ) ;
#2408 = DIRECTION ( 'NONE',  ( 1.000000000000000000, 0.000000000000000000, -0.000000000000000000 ) ) ;
#2409 = ORIENTED_EDGE ( 'NONE', *, *, #534, .T. ) ;
#2410 = VERTEX_POINT ( 'NONE', #2136 ) ;
#2411 = CARTESIAN_POINT ( 'NONE',  ( 0.8442592125984252904, 0.2939051181102362298, 0.000000000000000000 ) ) ;
#2412 = ORIENTED_EDGE ( 'NONE', *, *, #1674, .F. ) ;
#2413 = CARTESIAN_POINT ( 'NONE',  ( 0.000000000000000000, 1.541660543307086684, 0.1181102362204724532 ) ) ;
#2414 = CARTESIAN_POINT ( 'NONE',  ( 0.6184677461302547918, 0.1433798999260150198, 0.000000000000000000 ) ) ;
#2415 = CARTESIAN_POINT ( 'NONE',  ( 4.349705923296398602, 4.422019640425284948, -5.122214988120493535E-17 ) ) ;
#2416 = ORIENTED_EDGE ( 'NONE', *, *, #1313, .F. ) ;
#2417 = ORIENTED_EDGE ( 'NONE', *, *, #1140, .F. ) ;
#2418 = DIRECTION ( 'NONE',  ( -0.9644220878982604495, 0.2643672377091379477, 0.000000000000000000 ) ) ;
#2419 = CARTESIAN_POINT ( 'NONE',  ( 1.230387952755905623, 4.013449015748031812, 0.1181102362204724532 ) ) ;
#2420 = B_SPLINE_CURVE_WITH_KNOTS ( 'NONE', 3,
 ( #1349, #1326, #3440, #290 ),
 .UNSPECIFIED., .F., .F.,
 ( 4, 4 ),
 ( 0.1411526523680503853, 0.9999999999999998890 ),
 .UNSPECIFIED. ) ;
#2421 = CARTESIAN_POINT ( 'NONE',  ( 0.6486851968503937194, 1.924837755905511871, 0.1181102362204724532 ) ) ;
#2422 = DIRECTION ( 'NONE',  ( -0.000000000000000000, -0.000000000000000000, -1.000000000000000000 ) ) ;
#2423 = EDGE_LOOP ( 'NONE', ( #383, #1542, #3941, #1671 ) ) ;
#2424 = CARTESIAN_POINT ( 'NONE',  ( 4.811379527559055624, 0.6148433070866141659, 0.000000000000000000 ) ) ;
#2425 = ORIENTED_EDGE ( 'NONE', *, *, #2954, .F. ) ;
#2426 = EDGE_CURVE ( 'NONE', #1088, #2529, #1500, .T. ) ;
#2427 = EDGE_CURVE ( 'NONE', #716, #312, #593, .T. ) ;
#2428 = VERTEX_POINT ( 'NONE', #3658 ) ;
#2429 = DIRECTION ( 'NONE',  ( 1.000000000000000000, 0.000000000000000000, 0.000000000000000000 ) ) ;
#2430 = VERTEX_POINT ( 'NONE', #571 ) ;
#2431 = ADVANCED_FACE ( 'NONE', ( #2958 ), #1934, .F. ) ;
#2432 = DIRECTION ( 'NONE',  ( 1.000000000000000000, 0.000000000000000000, 0.000000000000000000 ) ) ;
#2433 = CARTESIAN_POINT ( 'NONE',  ( 2.734781535433071120, 3.584122244094487986, 0.000000000000000000 ) ) ;
#2434 = CARTESIAN_POINT ( 'NONE',  ( 4.874069698653331173, 4.928941520739157589, 0.1181102362204724809 ) ) ;
#2435 = EDGE_LOOP ( 'NONE', ( #2547, #3886, #951, #2196 ) ) ;
#2436 = EDGE_LOOP ( 'NONE', ( #144, #3525, #1781, #1262 ) ) ;
#2437 = CARTESIAN_POINT ( 'NONE',  ( 2.376754713219551451, 0.8011040263867884592, 0.000000000000000000 ) ) ;
#2438 = CARTESIAN_POINT ( 'NONE',  ( 2.526952546122349208, 3.584124949619854839, 0.1181102362204724532 ) ) ;
#2439 = AXIS2_PLACEMENT_3D ( 'NONE', #3496, #2848, #727 ) ;
#2440 = AXIS2_PLACEMENT_3D ( 'NONE', #2657, #537, #1928 ) ;
#2441 = B_SPLINE_CURVE_WITH_KNOTS ( 'NONE', 3,
 ( #1303, #1619, #547, #3301 ),
 .UNSPECIFIED., .F., .F.,
 ( 4, 4 ),
 ( 0.02699138459715035715, 1.000000000000000000 ),
 .UNSPECIFIED. ) ;
#2442 = DIRECTION ( 'NONE',  ( 1.000000000000000000, 0.000000000000000000, 0.000000000000000000 ) ) ;
#2443 = DIRECTION ( 'NONE',  ( -0.000000000000000000, -0.000000000000000000, -1.000000000000000000 ) ) ;
#2444 = ORIENTED_EDGE ( 'NONE', *, *, #1529, .F. ) ;
#2445 = CARTESIAN_POINT ( 'NONE',  ( 3.516220905826772380, 2.333436023622047273, 0.1181102362204724532 ) ) ;
#2446 = ORIENTED_EDGE ( 'NONE', *, *, #3201, .F. ) ;
#2447 = CIRCLE ( 'NONE', #769, 0.02755905511811020808 ) ;
#2448 = VECTOR ( 'NONE', #2997, 39.37007874015748143 ) ;
#2449 = VECTOR ( 'NONE', #2073, 39.37007874015748143 ) ;
#2450 = EDGE_CURVE ( 'NONE', #3985, #2960, #3024, .T. ) ;
#2451 = ORIENTED_EDGE ( 'NONE', *, *, #673, .T. ) ;
#2452 = EDGE_CURVE ( 'NONE', #463, #175, #2932, .T. ) ;
#2453 = CARTESIAN_POINT ( 'NONE',  ( 0.8442592125984252904, 0.2939051181102362298, 0.000000000000000000 ) ) ;
#2454 = ORIENTED_EDGE ( 'NONE', *, *, #2380, .T. ) ;
#2455 = EDGE_CURVE ( 'NONE', #1126, #4377, #2714, .T. ) ;
#2456 = B_SPLINE_CURVE_WITH_KNOTS ( 'NONE', 3,
 ( #1117, #1457, #1804, #3919 ),
 .UNSPECIFIED., .F., .F.,
 ( 4, 4 ),
 ( 0.000000000000000000, 0.8740380947049889437 ),
 .UNSPECIFIED. ) ;
#2457 = CYLINDRICAL_SURFACE ( 'NONE', #3521, 0.1275590551181102206 ) ;
#2458 = AXIS2_PLACEMENT_3D ( 'NONE', #212, #3837, #2045 ) ;
#2459 = DIRECTION ( 'NONE',  ( -0.000000000000000000, -0.000000000000000000, 1.000000000000000000 ) ) ;
#2460 = DIRECTION ( 'NONE',  ( 0.000000000000000000, 0.000000000000000000, 1.000000000000000000 ) ) ;
#2461 = EDGE_LOOP ( 'NONE', ( #1065, #531, #4108, #1408, #505, #3068, #1742, #681, #2552, #1398, #1685, #1094, #2076, #2342, #291, #1041, #3413, #2454, #446, #3108, #301, #4182, #302, #2023, #51, #581, #4229, #1414, #938, #3110, #2267, #2444, #3112, #3502, #3151, #3945, #82, #2723, #394, #1197, #1434, #3488, #718, #3876, #3133, #4406, #373, #1050, #4370, #1015, #3970, #4077, #2218, #695, #904, #1377, #583, #243, #3405, #2030 ) ) ;
#2462 = VECTOR ( 'NONE', #3377, 39.37007874015748143 ) ;
#2463 = CARTESIAN_POINT ( 'NONE',  ( 3.952695647311156080, 3.540628709671579610, 0.000000000000000000 ) ) ;
#2464 = CARTESIAN_POINT ( 'NONE',  ( 3.478828535269582911, 1.666371757130466591, 0.1181102362204724532 ) ) ;
#2465 = B_SPLINE_SURFACE_WITH_KNOTS ( 'NONE', 3, 1, ( 
 ( #504, #1455 ),
 ( #4298, #2869 ),
 ( #55, #2555 ),
 ( #1432, #2849 ) ),
 .UNSPECIFIED., .F., .F., .F.,
 ( 4, 4 ),
 ( 2, 2 ),
 ( 0.000000000000000000, 1.000000000000000000 ),
 ( 0.000000000000000000, 1.000000000000000000 ),
 .UNSPECIFIED. ) ;
#2466 = CARTESIAN_POINT ( 'NONE',  ( 4.663315524479670238, 1.908629718901607042, 0.000000000000000000 ) ) ;
#2467 = CARTESIAN_POINT ( 'NONE',  ( 2.147616080243297976, 0.8387088206537399726, 0.1181102362204724532 ) ) ;
#2468 = ORIENTED_EDGE ( 'NONE', *, *, #1164, .T. ) ;
#2469 = DIRECTION ( 'NONE',  ( 0.000000000000000000, 0.000000000000000000, -1.000000000000000000 ) ) ;
#2470 = DIRECTION ( 'NONE',  ( -0.000000000000000000, -0.000000000000000000, -1.000000000000000000 ) ) ;
#2471 = ORIENTED_EDGE ( 'NONE', *, *, #4008, .T. ) ;
#2472 = CARTESIAN_POINT ( 'NONE',  ( 5.270687401574803310, 3.026987755905512500, 0.000000000000000000 ) ) ;
#2473 = ORIENTED_EDGE ( 'NONE', *, *, #4089, .T. ) ;
#2474 = CARTESIAN_POINT ( 'NONE',  ( 1.972116574488189222, 0.000000000000000000, 0.1181102362204724532 ) ) ;
#2475 = VERTEX_POINT ( 'NONE', #2664 ) ;
#2476 = CARTESIAN_POINT ( 'NONE',  ( 3.302292669036325901, 1.511868197177497875, 0.000000000000000000 ) ) ;
#2477 = CARTESIAN_POINT ( 'NONE',  ( 3.056928969043925193, 1.523583616966010856, 0.000000000000000000 ) ) ;
#2478 = CARTESIAN_POINT ( 'NONE',  ( 0.6184677470798763954, 0.1433798969944155011, 0.1181102362204724532 ) ) ;
#2479 = EDGE_CURVE ( 'NONE', #3446, #1030, #2745, .T. ) ;
#2480 = EDGE_CURVE ( 'NONE', #2845, #3238, #2447, .T. ) ;
#2481 = ORIENTED_EDGE ( 'NONE', *, *, #4039, .F. ) ;
#2482 = ORIENTED_EDGE ( 'NONE', *, *, #2642, .F. ) ;
#2483 = CARTESIAN_POINT ( 'NONE',  ( 2.171717821536510939, 2.852202302707155024, 0.1181102362204724532 ) ) ;
#2484 = CARTESIAN_POINT ( 'NONE',  ( 2.415004198122984835, 2.775596385826771595, 0.000000000000000000 ) ) ;
#2485 = ADVANCED_FACE ( 'NONE', ( #3685 ), #4208, .F. ) ;
#2486 = DIRECTION ( 'NONE',  ( 0.000000000000000000, 0.000000000000000000, 1.000000000000000000 ) ) ;
#2487 = CARTESIAN_POINT ( 'NONE',  ( 1.972116574488189222, 0.000000000000000000, 0.1181102362204724532 ) ) ;
#2488 = VERTEX_POINT ( 'NONE', #3709 ) ;
#2489 = DIRECTION ( 'NONE',  ( 0.000000000000000000, -0.000000000000000000, -1.000000000000000000 ) ) ;
#2490 = FACE_OUTER_BOUND ( 'NONE', #4223, .T. ) ;
#2491 = VERTEX_POINT ( 'NONE', #3002 ) ;
#2492 = DIRECTION ( 'NONE',  ( -0.000000000000000000, 0.000000000000000000, -1.000000000000000000 ) ) ;
#2493 = CARTESIAN_POINT ( 'NONE',  ( 3.516220905826772380, 2.360995078740157460, 0.1181102362204724532 ) ) ;
#2494 = ORIENTED_EDGE ( 'NONE', *, *, #4140, .F. ) ;
#2495 = DIRECTION ( 'NONE',  ( 0.000000000000000000, 0.000000000000000000, 1.000000000000000000 ) ) ;
#2496 = VERTEX_POINT ( 'NONE', #3297 ) ;
#2497 = CARTESIAN_POINT ( 'NONE',  ( 4.643394171637385881, 1.783236851185674654, 0.000000000000000000 ) ) ;
#2498 = DIRECTION ( 'NONE',  ( -0.000000000000000000, -0.000000000000000000, -1.000000000000000000 ) ) ;
#2499 = FACE_OUTER_BOUND ( 'NONE', #2572, .T. ) ;
#2500 = CARTESIAN_POINT ( 'NONE',  ( 5.129921653543306981, 2.207590511811023948, 0.000000000000000000 ) ) ;
#2501 = B_SPLINE_SURFACE_WITH_KNOTS ( 'NONE', 3, 1, ( 
 ( #1848, #4236 ),
 ( #3194, #2853 ),
 ( #1505, #3939 ),
 ( #103, #3169 ) ),
 .UNSPECIFIED., .F., .F., .F.,
 ( 4, 4 ),
 ( 2, 2 ),
 ( 0.000000000000000000, 1.000000000000000000 ),
 ( 0.000000000000000000, 1.000000000000000000 ),
 .UNSPECIFIED. ) ;
#2502 = ORIENTED_EDGE ( 'NONE', *, *, #2203, .F. ) ;
#2503 = VERTEX_POINT ( 'NONE', #3323 ) ;
#2504 = LINE ( 'NONE', #2912, #1127 ) ;
#2505 = EDGE_CURVE ( 'NONE', #100, #1126, #2279, .T. ) ;
#2506 = EDGE_CURVE ( 'NONE', #3673, #2715, #701, .T. ) ;
#2507 = CARTESIAN_POINT ( 'NONE',  ( 3.351301274095412452, 1.541660543307086684, 0.000000000000000000 ) ) ;
#2508 = ORIENTED_EDGE ( 'NONE', *, *, #2452, .F. ) ;
#2509 = DIRECTION ( 'NONE',  ( -0.000000000000000000, -0.000000000000000000, 1.000000000000000000 ) ) ;
#2510 = DIRECTION ( 'NONE',  ( -1.000000000000000000, 0.000000000000000000, 0.000000000000000000 ) ) ;
#2511 = ADVANCED_FACE ( 'NONE', ( #1633 ), #1228, .F. ) ;
#2512 = CARTESIAN_POINT ( 'NONE',  ( 2.099675629606299498, 2.648037330708661319, 0.000000000000000000 ) ) ;
#2513 = DIRECTION ( 'NONE',  ( -1.000000000000000000, 0.000000000000000000, 0.000000000000000000 ) ) ;
#2514 = ORIENTED_EDGE ( 'NONE', *, *, #838, .F. ) ;
#2515 = VECTOR ( 'NONE', #2277, 39.37007874015748143 ) ;
#2516 = CARTESIAN_POINT ( 'NONE',  ( 3.356186464276504022, 0.8214839697780869088, 0.1181102362204724532 ) ) ;
#2517 = DIRECTION ( 'NONE',  ( 1.000000000000000000, 0.000000000000000000, 0.000000000000000000 ) ) ;
#2518 = ORIENTED_EDGE ( 'NONE', *, *, #698, .F. ) ;
#2519 = DIRECTION ( 'NONE',  ( 1.000000000000000000, 0.000000000000000000, 0.000000000000000000 ) ) ;
#2520 = AXIS2_PLACEMENT_3D ( 'NONE', #486, #1545, #153 ) ;
#2521 = AXIS2_PLACEMENT_3D ( 'NONE', #4295, #3953, #2187 ) ;
#2522 = EDGE_LOOP ( 'NONE', ( #3547, #2804, #3467, #335 ) ) ;
#2523 = AXIS2_PLACEMENT_3D ( 'NONE', #1574, #4010, #4353 ) ;
#2524 = CIRCLE ( 'NONE', #3030, 0.02755905511811047870 ) ;
#2525 = CARTESIAN_POINT ( 'NONE',  ( 4.417581889763779301, 3.992921850393700733, 0.000000000000000000 ) ) ;
#2526 = LINE ( 'NONE', #2550, #3754 ) ;
#2527 = CIRCLE ( 'NONE', #416, 0.1275590551181102206 ) ;
#2528 = CARTESIAN_POINT ( 'NONE',  ( 3.541404764094488122, 2.333436023622047273, 0.000000000000000000 ) ) ;
#2529 = VERTEX_POINT ( 'NONE', #2641 ) ;
#2530 = AXIS2_PLACEMENT_3D ( 'NONE', #185, #3918, #2805 ) ;
#2531 = CARTESIAN_POINT ( 'NONE',  ( 3.428161929133858532, 0.4360153543307087043, 0.1181102362204724532 ) ) ;
#2532 = LINE ( 'NONE', #3915, #1790 ) ;
#2533 = VECTOR ( 'NONE', #1101, 39.37007874015748143 ) ;
#2534 = EDGE_CURVE ( 'NONE', #391, #4084, #1734, .T. ) ;
#2535 = ORIENTED_EDGE ( 'NONE', *, *, #4374, .T. ) ;
#2536 = CARTESIAN_POINT ( 'NONE',  ( 3.321263777293349762, 2.775596385826771595, 0.1181102362204724532 ) ) ;
#2537 = FACE_OUTER_BOUND ( 'NONE', #2693, .T. ) ;
#2538 = DIRECTION ( 'NONE',  ( -0.1833940677872823999, -0.9830394783020841576, 0.000000000000000000 ) ) ;
#2539 = DIRECTION ( 'NONE',  ( 0.000000000000000000, 1.000000000000000000, 0.000000000000000000 ) ) ;
#2540 = ORIENTED_EDGE ( 'NONE', *, *, #1729, .F. ) ;
#2541 = EDGE_CURVE ( 'NONE', #4310, #3370, #488, .T. ) ;
#2542 = EDGE_CURVE ( 'NONE', #524, #90, #4390, .T. ) ;
#2543 = DIRECTION ( 'NONE',  ( 0.000000000000000000, -0.000000000000000000, -1.000000000000000000 ) ) ;
#2544 = DIRECTION ( 'NONE',  ( -0.000000000000000000, 0.000000000000000000, 1.000000000000000000 ) ) ;
#2545 = ORIENTED_EDGE ( 'NONE', *, *, #4314, .T. ) ;
#2546 = DIRECTION ( 'NONE',  ( -0.000000000000000000, -0.000000000000000000, -1.000000000000000000 ) ) ;
#2547 = ORIENTED_EDGE ( 'NONE', *, *, #3706, .F. ) ;
#2548 = B_SPLINE_SURFACE_WITH_KNOTS ( 'NONE', 3, 1, ( 
 ( #993, #3807 ),
 ( #1357, #358 ),
 ( #3789, #675 ),
 ( #2063, #1399 ) ),
 .UNSPECIFIED., .F., .F., .F.,
 ( 4, 4 ),
 ( 2, 2 ),
 ( 0.000000000000000000, 0.8740380951320150249 ),
 ( 0.000000000000000000, 1.000000000000000000 ),
 .UNSPECIFIED. ) ;
#2549 = CARTESIAN_POINT ( 'NONE',  ( 3.293704722175239130, 2.803155440944882226, 0.1181102362204724532 ) ) ;
#2550 = CARTESIAN_POINT ( 'NONE',  ( 4.820394094488190007, 1.838705078740157539, 0.1181102362204724532 ) ) ;
#2551 = CARTESIAN_POINT ( 'NONE',  ( 3.389284135565662659, 1.019486127362046135, 0.1181102362204724532 ) ) ;
#2552 = ORIENTED_EDGE ( 'NONE', *, *, #4002, .F. ) ;
#2553 = CARTESIAN_POINT ( 'NONE',  ( 1.222194638909789077, 4.422441863345863311, 0.1181102362204724532 ) ) ;
#2554 = B_SPLINE_CURVE_WITH_KNOTS ( 'NONE', 3,
 ( #3455, #4122, #3415, #3395 ),
 .UNSPECIFIED., .F., .F.,
 ( 4, 4 ),
 ( 0.1357070729449658675, 1.000000000000000000 ),
 .UNSPECIFIED. ) ;
#2555 = CARTESIAN_POINT ( 'NONE',  ( 0.04715960629921259889, 2.896697598425197473, 0.000000000000000000 ) ) ;
#2556 = EDGE_LOOP ( 'NONE', ( #1534, #3087, #2014, #3894 ) ) ;
#2557 = CARTESIAN_POINT ( 'NONE',  ( 2.734781535433071120, 3.584122244094487986, 0.000000000000000000 ) ) ;
#2558 = DIRECTION ( 'NONE',  ( -0.000000000000000000, -0.000000000000000000, 1.000000000000000000 ) ) ;
#2559 = CARTESIAN_POINT ( 'NONE',  ( 3.824144620756458668, 1.256724032117815026, -1.707404996040164512E-17 ) ) ;
#2560 = ORIENTED_EDGE ( 'NONE', *, *, #363, .T. ) ;
#2561 = DIRECTION ( 'NONE',  ( 1.000000000000000000, 0.000000000000000000, 0.000000000000000000 ) ) ;
#2562 = CARTESIAN_POINT ( 'NONE',  ( 3.782047015258013900, 0.4565625807489973043, 0.000000000000000000 ) ) ;
#2563 = ORIENTED_EDGE ( 'NONE', *, *, #1722, .F. ) ;
#2564 = CARTESIAN_POINT ( 'NONE',  ( 2.415004198122984835, 2.775596385826771595, 0.1181102362204724532 ) ) ;
#2565 = EDGE_CURVE ( 'NONE', #2374, #1411, #627, .T. ) ;
#2566 = ADVANCED_FACE ( 'NONE', ( #638 ), #111, .F. ) ;
#2567 = ORIENTED_EDGE ( 'NONE', *, *, #3582, .T. ) ;
#2568 = CARTESIAN_POINT ( 'NONE',  ( 2.507763867256391332, 0.8695105406822132288, 0.000000000000000000 ) ) ;
#2569 = ADVANCED_FACE ( 'NONE', ( #1317 ), #3793, .F. ) ;
#2570 = CARTESIAN_POINT ( 'NONE',  ( 1.809894414007340968, 3.386290311727957913, 0.000000000000000000 ) ) ;
#2571 = CARTESIAN_POINT ( 'NONE',  ( 0.4966240194162590549, 0.5195265099140117249, 0.1181102362204724532 ) ) ;
#2572 = EDGE_LOOP ( 'NONE', ( #2847, #1445, #1763, #2094 ) ) ;
#2573 = CARTESIAN_POINT ( 'NONE',  ( 1.230387952755905623, 4.013449015748031812, 0.1181102362204724532 ) ) ;
#2574 = DIRECTION ( 'NONE',  ( 1.000000000000000000, 0.000000000000000000, 0.000000000000000000 ) ) ;
#2575 = VERTEX_POINT ( 'NONE', #2735 ) ;
#2576 = CARTESIAN_POINT ( 'NONE',  ( 3.488661850708661749, 2.648037330708661319, 0.1181102362204724532 ) ) ;
#2577 = DIRECTION ( 'NONE',  ( -0.000000000000000000, -0.000000000000000000, -1.000000000000000000 ) ) ;
#2578 = CARTESIAN_POINT ( 'NONE',  ( 3.978232119384030430, 2.873573821385489779, 0.1181102362204724532 ) ) ;
#2579 = ORIENTED_EDGE ( 'NONE', *, *, #363, .F. ) ;
#2580 = DIRECTION ( 'NONE',  ( 0.000000000000000000, 0.000000000000000000, 1.000000000000000000 ) ) ;
#2581 = SURFACE_STYLE_FILL_AREA ( #1186 ) ;
#2582 = ORIENTED_EDGE ( 'NONE', *, *, #2033, .T. ) ;
#2583 = CYLINDRICAL_SURFACE ( 'NONE', #1294, 0.1275590551181104981 ) ;
#2584 = ORIENTED_EDGE ( 'NONE', *, *, #2643, .T. ) ;
#2585 = CIRCLE ( 'NONE', #1198, 0.1275590551181102206 ) ;
#2586 = B_SPLINE_CURVE_WITH_KNOTS ( 'NONE', 3,
 ( #1677, #3380, #1218, #2615 ),
 .UNSPECIFIED., .F., .F.,
 ( 4, 4 ),
 ( 0.000000000000000000, 1.000000000000000000 ),
 .UNSPECIFIED. ) ;
#2587 = EDGE_CURVE ( 'NONE', #1392, #2503, #4477, .T. ) ;
#2588 = EDGE_CURVE ( 'NONE', #2428, #2366, #4177, .T. ) ;
#2589 = CIRCLE ( 'NONE', #4405, 0.1275590551181104981 ) ;
#2590 = ORIENTED_EDGE ( 'NONE', *, *, #866, .T. ) ;
#2591 = AXIS2_PLACEMENT_3D ( 'NONE', #1820, #2823, #2131 ) ;
#2592 = CARTESIAN_POINT ( 'NONE',  ( 1.398475354330708686, 0.05983385826771653315, 0.1181102362204724532 ) ) ;
#2593 = CARTESIAN_POINT ( 'NONE',  ( 5.062072440944882068, 2.559978307086614002, 0.000000000000000000 ) ) ;
#2594 = VECTOR ( 'NONE', #4162, 39.37007874015748143 ) ;
#2595 = CIRCLE ( 'NONE', #3819, 0.1275590551181104981 ) ;
#2596 = ORIENTED_EDGE ( 'NONE', *, *, #4007, .F. ) ;
#2597 = ADVANCED_FACE ( 'NONE', ( #4113 ), #4380, .F. ) ;
#2598 = EDGE_CURVE ( 'NONE', #3012, #1282, #3387, .T. ) ;
#2599 = CARTESIAN_POINT ( 'NONE',  ( 1.836141377952756004, 0.4816696850393701324, 0.000000000000000000 ) ) ;
#2600 = VECTOR ( 'NONE', #3625, 39.37007874015748143 ) ;
#2601 = CARTESIAN_POINT ( 'NONE',  ( 3.428161929133858532, 0.4360153543307087043, 0.000000000000000000 ) ) ;
#2602 = CIRCLE ( 'NONE', #930, 0.1275590551181104981 ) ;
#2603 = ORIENTED_EDGE ( 'NONE', *, *, #1869, .T. ) ;
#2604 = LINE ( 'NONE', #217, #1782 ) ;
#2605 =( NAMED_UNIT ( * ) PLANE_ANGLE_UNIT ( ) SI_UNIT ( $, .RADIAN. ) );
#2606 = CARTESIAN_POINT ( 'NONE',  ( 4.926066141732283299, 1.588236968503937252, 0.000000000000000000 ) ) ;
#2607 = AXIS2_PLACEMENT_3D ( 'NONE', #2291, #4378, #580 ) ;
#2608 = AXIS2_PLACEMENT_3D ( 'NONE', #260, #1232, #3349 ) ;
#2609 = CARTESIAN_POINT ( 'NONE',  ( 3.329761085995828207, 1.514101488188976052, 0.1181102362204724532 ) ) ;
#2610 = CARTESIAN_POINT ( 'NONE',  ( 1.798519526670631530, 3.212735598208158905, 0.1181102362204724532 ) ) ;
#2611 = ORIENTED_EDGE ( 'NONE', *, *, #970, .F. ) ;
#2612 = CARTESIAN_POINT ( 'NONE',  ( 3.515612348852827473, 2.079151771653543257, 0.1181102362204724532 ) ) ;
#2613 = ORIENTED_EDGE ( 'NONE', *, *, #2452, .T. ) ;
#2614 = ORIENTED_EDGE ( 'NONE', *, *, #3045, .T. ) ;
#2615 = CARTESIAN_POINT ( 'NONE',  ( 4.044353149606299880, 0.3633629921259842743, 0.1181102362204724532 ) ) ;
#2616 = CARTESIAN_POINT ( 'NONE',  ( 2.829538631305691609, 1.541660543307086684, 0.000000000000000000 ) ) ;
#2617 = PLANE ( 'NONE',  #4483 ) ;
#2618 = CARTESIAN_POINT ( 'NONE',  ( 3.094925255419156862, 0.8270573879133089612, 0.000000000000000000 ) ) ;
#2619 = ORIENTED_EDGE ( 'NONE', *, *, #1164, .F. ) ;
#2620 = CARTESIAN_POINT ( 'NONE',  ( 2.972768820437380999, 0.8733882794940975858, 0.000000000000000000 ) ) ;
#2621 = CYLINDRICAL_SURFACE ( 'NONE', #2300, 0.02755905511811020808 ) ;
#2622 = DIRECTION ( 'NONE',  ( 0.000000000000000000, 0.000000000000000000, -1.000000000000000000 ) ) ;
#2623 = EDGE_CURVE ( 'NONE', #3246, #3995, #700, .T. ) ;
#2624 = ADVANCED_FACE ( 'NONE', ( #660 ), #280, .F. ) ;
#2625 = ORIENTED_EDGE ( 'NONE', *, *, #3520, .T. ) ;
#2626 = DIRECTION ( 'NONE',  ( -0.000000000000000000, 0.000000000000000000, 1.000000000000000000 ) ) ;
#2627 = FACE_OUTER_BOUND ( 'NONE', #556, .T. ) ;
#2628 = CARTESIAN_POINT ( 'NONE',  ( 3.269457801844696476, 2.826006731658972981, 0.1181102362204724532 ) ) ;
#2629 = EDGE_CURVE ( 'NONE', #4085, #202, #2386, .T. ) ;
#2630 = CARTESIAN_POINT ( 'NONE',  ( 2.099675629606299498, 2.648037330708661319, 0.1181102362204724532 ) ) ;
#2631 = ORIENTED_EDGE ( 'NONE', *, *, #16, .F. ) ;
#2632 = CYLINDRICAL_SURFACE ( 'NONE', #2320, 0.02755905511811047870 ) ;
#2633 = ORIENTED_EDGE ( 'NONE', *, *, #1199, .T. ) ;
#2634 = CARTESIAN_POINT ( 'NONE',  ( 4.417581889763779301, 3.992921850393700733, 0.000000000000000000 ) ) ;
#2635 = FACE_OUTER_BOUND ( 'NONE', #4210, .T. ) ;
#2636 = CARTESIAN_POINT ( 'NONE',  ( 0.7205617429801288720, 0.05659167798921023451, 0.1181102362204724532 ) ) ;
#2637 = CARTESIAN_POINT ( 'NONE',  ( 3.541404764094488122, 2.333436023622047273, 0.1181102362204724532 ) ) ;
#2638 = ORIENTED_EDGE ( 'NONE', *, *, #286, .F. ) ;
#2639 = CARTESIAN_POINT ( 'NONE',  ( 0.7407615748031496361, 0.5870023622047244594, 0.1181102362204724532 ) ) ;
#2640 = FACE_OUTER_BOUND ( 'NONE', #640, .T. ) ;
#2641 = CARTESIAN_POINT ( 'NONE',  ( 2.420259100869300628, 1.541660543307086684, 0.000000000000000000 ) ) ;
#2642 = EDGE_CURVE ( 'NONE', #270, #177, #1795, .T. ) ;
#2643 = EDGE_CURVE ( 'NONE', #1585, #1797, #2796, .T. ) ;
#2644 = VERTEX_POINT ( 'NONE', #3749 ) ;
#2645 = CARTESIAN_POINT ( 'NONE',  ( 4.044353149606299880, 0.3633629921259842743, 0.1181102362204724532 ) ) ;
#2646 = CARTESIAN_POINT ( 'NONE',  ( 5.086706689229273159, 1.152683709685425884, 0.000000000000000000 ) ) ;
#2647 = EDGE_CURVE ( 'NONE', #868, #2428, #3029, .T. ) ;
#2648 = FACE_OUTER_BOUND ( 'NONE', #4035, .T. ) ;
#2649 =( NAMED_UNIT ( * ) SI_UNIT ( $, .STERADIAN. ) SOLID_ANGLE_UNIT ( ) );
#2650 = VERTEX_POINT ( 'NONE', #678 ) ;
#2651 = CARTESIAN_POINT ( 'NONE',  ( 1.368961312274912911, 1.709607049116631527, 0.000000000000000000 ) ) ;
#2652 = B_SPLINE_CURVE_WITH_KNOTS ( 'NONE', 3,
 ( #996, #231, #3656, #1315 ),
 .UNSPECIFIED., .F., .F.,
 ( 4, 4 ),
 ( 0.1526864431564143865, 1.000000000000000222 ),
 .UNSPECIFIED. ) ;
#2653 = ORIENTED_EDGE ( 'NONE', *, *, #2175, .F. ) ;
#2654 = B_SPLINE_CURVE_WITH_KNOTS ( 'NONE', 3,
 ( #728, #3820, #3142, #3101 ),
 .UNSPECIFIED., .F., .F.,
 ( 4, 4 ),
 ( 0.000000000000000000, 1.000000000000000000 ),
 .UNSPECIFIED. ) ;
#2655 = VERTEX_POINT ( 'NONE', #1363 ) ;
#2656 = CARTESIAN_POINT ( 'NONE',  ( 3.543855555356829612, 0.6160026820135099390, 0.000000000000000000 ) ) ;
#2657 = CARTESIAN_POINT ( 'NONE',  ( 3.111822328641260071, 1.452592550265843441, 0.1181102362204724532 ) ) ;
#2658 = VECTOR ( 'NONE', #1479, 39.37007874015748143 ) ;
#2659 = CARTESIAN_POINT ( 'NONE',  ( 1.629765661829910783, 3.606907744607031230, 0.1181102362204724532 ) ) ;
#2660 = DIRECTION ( 'NONE',  ( -0.000000000000000000, 0.000000000000000000, 1.000000000000000000 ) ) ;
#2661 = CIRCLE ( 'NONE', #837, 0.02755905511811047870 ) ;
#2662 = DIRECTION ( 'NONE',  ( 0.000000000000000000, -1.000000000000000000, 0.000000000000000000 ) ) ;
#2663 = LINE ( 'NONE', #522, #2515 ) ;
#2664 = CARTESIAN_POINT ( 'NONE',  ( 1.972116574488189222, 1.669219598425196960, 0.000000000000000000 ) ) ;
#2665 = CIRCLE ( 'NONE', #1202, 0.02755905511811047870 ) ;
#2666 = ORIENTED_EDGE ( 'NONE', *, *, #3257, .F. ) ;
#2667 = VECTOR ( 'NONE', #3137, 39.37007874015748143 ) ;
#2668 = AXIS2_PLACEMENT_3D ( 'NONE', #823, #2539, #2214 ) ;
#2669 = AXIS2_PLACEMENT_3D ( 'NONE', #1484, #134, #3220 ) ;
#2670 = ORIENTED_EDGE ( 'NONE', *, *, #1033, .T. ) ;
#2671 = CARTESIAN_POINT ( 'NONE',  ( 2.094890444966928555, 1.011633662972327263, 0.000000000000000000 ) ) ;
#2672 =( CONVERSION_BASED_UNIT ( 'INCH', #2263 ) LENGTH_UNIT ( ) NAMED_UNIT ( #1568 ) );
#2673 = CARTESIAN_POINT ( 'NONE',  ( 0.8058036688313809925, 1.985966154392951655, 0.1181102362204724948 ) ) ;
#2674 = ADVANCED_FACE ( 'NONE', ( #2026 ), #2068, .T. ) ;
#2675 = B_SPLINE_CURVE_WITH_KNOTS ( 'NONE', 3,
 ( #364, #1684, #3840, #1702 ),
 .UNSPECIFIED., .F., .F.,
 ( 4, 4 ),
 ( 0.09428828005262004930, 1.000000000000000000 ),
 .UNSPECIFIED. ) ;
#2676 = LINE ( 'NONE', #2244, #2600 ) ;
#2677 = CARTESIAN_POINT ( 'NONE',  ( 0.8058036688313809925, 1.985966154392951655, 0.000000000000000000 ) ) ;
#2678 = AXIS2_PLACEMENT_3D ( 'NONE', #1268, #3726, #4413 ) ;
#2679 = ORIENTED_EDGE ( 'NONE', *, *, #3563, .T. ) ;
#2680 = CARTESIAN_POINT ( 'NONE',  ( 4.643394171561097572, 1.783236851386307942, 0.000000000000000000 ) ) ;
#2681 = EDGE_LOOP ( 'NONE', ( #2416, #1147, #1086, #2270 ) ) ;
#2682 = EDGE_CURVE ( 'NONE', #3544, #2768, #2092, .T. ) ;
#2683 = EDGE_CURVE ( 'NONE', #868, #1806, #1567, .T. ) ;
#2684 = VECTOR ( 'NONE', #717, 39.37007874015748143 ) ;
#2685 = ORIENTED_EDGE ( 'NONE', *, *, #782, .T. ) ;
#2686 = FACE_OUTER_BOUND ( 'NONE', #713, .T. ) ;
#2687 = DIRECTION ( 'NONE',  ( -0.000000000000000000, 0.000000000000000000, -1.000000000000000000 ) ) ;
#2688 = CIRCLE ( 'NONE', #3473, 0.02755905511811047870 ) ;
#2689 = VERTEX_POINT ( 'NONE', #1819 ) ;
#2690 = CARTESIAN_POINT ( 'NONE',  ( 3.444115127050976000, 3.385483283007476807, 0.1181102362204724671 ) ) ;
#2691 = DIRECTION ( 'NONE',  ( 0.000000000000000000, 0.000000000000000000, -1.000000000000000000 ) ) ;
#2692 = DIRECTION ( 'NONE',  ( -0.000000000000000000, 0.000000000000000000, 1.000000000000000000 ) ) ;
#2693 = EDGE_LOOP ( 'NONE', ( #3879, #1189, #2631, #820 ) ) ;
#2694 = VERTEX_POINT ( 'NONE', #3839 ) ;
#2695 = VERTEX_POINT ( 'NONE', #94 ) ;
#2696 = CARTESIAN_POINT ( 'NONE',  ( 0.000000000000000000, 2.775596385826771595, 0.1181102362204724532 ) ) ;
#2697 = CARTESIAN_POINT ( 'NONE',  ( 3.568963819212598754, 2.305876968503937086, 0.000000000000000000 ) ) ;
#2698 = DIRECTION ( 'NONE',  ( 0.000000000000000000, -0.000000000000000000, -1.000000000000000000 ) ) ;
#2699 = SURFACE_STYLE_USAGE ( .BOTH. , #1968 ) ;
#2700 = ORIENTED_EDGE ( 'NONE', *, *, #1775, .F. ) ;
#2701 = CARTESIAN_POINT ( 'NONE',  ( 3.488661850708661749, 2.360995078740157460, 0.1181102362204724532 ) ) ;
#2702 = ORIENTED_EDGE ( 'NONE', *, *, #2286, .T. ) ;
#2703 = EDGE_CURVE ( 'NONE', #2039, #167, #925, .T. ) ;
#2704 = ORIENTED_EDGE ( 'NONE', *, *, #1447, .F. ) ;
#2705 = EDGE_CURVE ( 'NONE', #4181, #2220, #3954, .T. ) ;
#2706 = CARTESIAN_POINT ( 'NONE',  ( 2.420259100869300628, 1.514101488188976496, 0.1181102362204724532 ) ) ;
#2707 = CARTESIAN_POINT ( 'NONE',  ( 2.376754713219551451, 0.8011040263867884592, 0.1181102362204724532 ) ) ;
#2708 = VERTEX_POINT ( 'NONE', #4206 ) ;
#2709 = EDGE_CURVE ( 'NONE', #1834, #1078, #2526, .T. ) ;
#2710 = CARTESIAN_POINT ( 'NONE',  ( 4.820394094488190007, 1.838705078740157539, 0.1181102362204724532 ) ) ;
#2711 = FACE_OUTER_BOUND ( 'NONE', #3844, .T. ) ;
#2712 = CARTESIAN_POINT ( 'NONE',  ( 1.908017755590551534, 2.134269094488189022, 0.1181102362204724532 ) ) ;
#2713 = CARTESIAN_POINT ( 'NONE',  ( 1.979587219797415143, 3.482561485431518999, 0.1181102362204724671 ) ) ;
#2714 = B_SPLINE_CURVE_WITH_KNOTS ( 'NONE', 3,
 ( #1962, #4004, #1981, #1298 ),
 .UNSPECIFIED., .F., .F.,
 ( 4, 4 ),
 ( 0.000000000000000000, 1.000000000000000000 ),
 .UNSPECIFIED. ) ;
#2715 = VERTEX_POINT ( 'NONE', #4274 ) ;
#2716 = ORIENTED_EDGE ( 'NONE', *, *, #338, .T. ) ;
#2717 = B_SPLINE_CURVE_WITH_KNOTS ( 'NONE', 3,
 ( #1209, #3644, #2646, #2606 ),
 .UNSPECIFIED., .F., .F.,
 ( 4, 4 ),
 ( 0.04096998847746195771, 1.000000000000000000 ),
 .UNSPECIFIED. ) ;
#2718 = FACE_OUTER_BOUND ( 'NONE', #3221, .T. ) ;
#2719 = DIRECTION ( 'NONE',  ( 0.000000000000000000, -0.000000000000000000, -1.000000000000000000 ) ) ;
#2720 = B_SPLINE_SURFACE_WITH_KNOTS ( 'NONE', 3, 1, ( 
 ( #1172, #3290 ),
 ( #2592, #561 ),
 ( #928, #901 ),
 ( #3973, #1194 ) ),
 .UNSPECIFIED., .F., .F., .F.,
 ( 4, 4 ),
 ( 2, 2 ),
 ( 0.000000000000000000, 1.000000000000000000 ),
 ( 0.000000000000000000, 1.000000000000000000 ),
 .UNSPECIFIED. ) ;
#2721 = CARTESIAN_POINT ( 'NONE',  ( 5.136474409448819500, 4.528952952755905592, 0.000000000000000000 ) ) ;
#2722 = CARTESIAN_POINT ( 'NONE',  ( 2.147616080243297976, 0.8387088206537399726, 0.000000000000000000 ) ) ;
#2723 = ORIENTED_EDGE ( 'NONE', *, *, #562, .F. ) ;
#2724 = CARTESIAN_POINT ( 'NONE',  ( 3.568963819212598754, 2.305876968503937086, 0.1181102362204724532 ) ) ;
#2725 = ORIENTED_EDGE ( 'NONE', *, *, #692, .T. ) ;
#2726 = VERTEX_POINT ( 'NONE', #1794 ) ;
#2727 = CARTESIAN_POINT ( 'NONE',  ( 2.507763867191476592, 0.8695105406911409762, 0.1181102362204724532 ) ) ;
#2728 = CARTESIAN_POINT ( 'NONE',  ( 2.734781535433071120, 3.584122244094487986, 0.000000000000000000 ) ) ;
#2729 = ORIENTED_EDGE ( 'NONE', *, *, #3589, .T. ) ;
#2730 = ADVANCED_FACE ( 'NONE', ( #1767 ), #2966, .F. ) ;
#2731 = EDGE_CURVE ( 'NONE', #3277, #1532, #1352, .T. ) ;
#2732 = B_SPLINE_CURVE_WITH_KNOTS ( 'NONE', 3,
 ( #3878, #2562, #4265, #3578 ),
 .UNSPECIFIED., .F., .F.,
 ( 4, 4 ),
 ( 0.000000000000000000, 0.8307899681424752991 ),
 .UNSPECIFIED. ) ;
#2733 = CYLINDRICAL_SURFACE ( 'NONE', #1146, 0.02755905511811020808 ) ;
#2734 = DIRECTION ( 'NONE',  ( -0.000000000000000000, 0.000000000000000000, 1.000000000000000000 ) ) ;
#2735 = CARTESIAN_POINT ( 'NONE',  ( 1.615032047244094437, 3.940995472440945502, 0.1181102362204724532 ) ) ;
#2736 = CYLINDRICAL_SURFACE ( 'NONE', #844, 0.1275590551181104981 ) ;
#2737 = VECTOR ( 'NONE', #368, 39.37007874015748143 ) ;
#2738 = EDGE_CURVE ( 'NONE', #2488, #1711, #3791, .T. ) ;
#2739 = EDGE_CURVE ( 'NONE', #100, #3154, #1952, .T. ) ;
#2740 = ORIENTED_EDGE ( 'NONE', *, *, #2204, .F. ) ;
#2741 = VERTEX_POINT ( 'NONE', #4225 ) ;
#2742 = LINE ( 'NONE', #1705, #1345 ) ;
#2743 = VECTOR ( 'NONE', #657, 39.37007874015748143 ) ;
#2744 = CARTESIAN_POINT ( 'NONE',  ( 1.368958031496063210, 2.218303110236220288, 0.1181102362204724532 ) ) ;
#2745 = CIRCLE ( 'NONE', #919, 0.1275590551181104981 ) ;
#2746 =( GEOMETRIC_REPRESENTATION_CONTEXT ( 3 ) GLOBAL_UNCERTAINTY_ASSIGNED_CONTEXT ( ( #1174 ) ) GLOBAL_UNIT_ASSIGNED_CONTEXT ( ( #895, #962, #2649 ) ) REPRESENTATION_CONTEXT ( 'NONE', 'WORKASPACE' ) );
#2747 = CARTESIAN_POINT ( 'NONE',  ( 2.147616080243297976, 0.8387088206537393065, 0.1181102362204724254 ) ) ;
#2748 = CARTESIAN_POINT ( 'NONE',  ( 0.8058036688313806595, 1.985966154392951211, 0.1181102362204724254 ) ) ;
#2749 = ORIENTED_EDGE ( 'NONE', *, *, #1843, .T. ) ;
#2750 = CARTESIAN_POINT ( 'NONE',  ( 3.302202030877718020, 1.514101488188976052, 0.000000000000000000 ) ) ;
#2751 = AXIS2_PLACEMENT_3D ( 'NONE', #2609, #2338, #3330 ) ;
#2752 = ORIENTED_EDGE ( 'NONE', *, *, #2370, .T. ) ;
#2753 = ORIENTED_EDGE ( 'NONE', *, *, #3868, .T. ) ;
#2754 = CARTESIAN_POINT ( 'NONE',  ( 0.5080418897637795084, 1.519214133858267868, 0.000000000000000000 ) ) ;
#2755 = ORIENTED_EDGE ( 'NONE', *, *, #179, .T. ) ;
#2756 = AXIS2_PLACEMENT_3D ( 'NONE', #2789, #3086, #83 ) ;
#2757 = CARTESIAN_POINT ( 'NONE',  ( 3.082484525502037886, 2.874430835471859513, 0.1181102362204724532 ) ) ;
#2758 = CARTESIAN_POINT ( 'NONE',  ( 3.516220905826772380, 2.360995078740157460, 0.1181102362204724532 ) ) ;
#2759 = DIRECTION ( 'NONE',  ( 0.000000000000000000, -1.000000000000000000, 0.000000000000000000 ) ) ;
#2760 = ORIENTED_EDGE ( 'NONE', *, *, #121, .T. ) ;
#2761 = ORIENTED_EDGE ( 'NONE', *, *, #3901, .F. ) ;
#2762 = CARTESIAN_POINT ( 'NONE',  ( 0.0008446456692913387014, 3.416323818897638365, 0.000000000000000000 ) ) ;
#2763 = ADVANCED_FACE ( 'NONE', ( #2499 ), #3512, .F. ) ;
#2764 = EDGE_CURVE ( 'NONE', #4015, #202, #3586, .T. ) ;
#2765 = CARTESIAN_POINT ( 'NONE',  ( 3.758720060333228474, 3.122214463287400488, 0.000000000000000000 ) ) ;
#2766 = FACE_OUTER_BOUND ( 'NONE', #1225, .T. ) ;
#2767 = DIRECTION ( 'NONE',  ( -1.000000000000000000, 0.000000000000000000, 0.000000000000000000 ) ) ;
#2768 = VERTEX_POINT ( 'NONE', #2477 ) ;
#2769 = EDGE_CURVE ( 'NONE', #2050, #3285, #135, .T. ) ;
#2770 = CARTESIAN_POINT ( 'NONE',  ( 4.820861811023622323, 0.7992161417322835026, 0.1181102362204724532 ) ) ;
#2771 = VERTEX_POINT ( 'NONE', #1426 ) ;
#2772 = ORIENTED_EDGE ( 'NONE', *, *, #2096, .T. ) ;
#2773 = CARTESIAN_POINT ( 'NONE',  ( 0.6486851968503937194, 1.924837755905511871, 0.000000000000000000 ) ) ;
#2774 = EDGE_LOOP ( 'NONE', ( #222, #2872, #1579, #3015 ) ) ;
#2775 = CARTESIAN_POINT ( 'NONE',  ( 3.321263777293349762, 2.775596385826771595, 0.000000000000000000 ) ) ;
#2776 = CARTESIAN_POINT ( 'NONE',  ( 1.729989171373806034, -0.5611574331023199136, 0.1181102362204724532 ) ) ;
#2777 = CARTESIAN_POINT ( 'NONE',  ( 0.8442592125984252904, 0.2939051181102362298, 0.000000000000000000 ) ) ;
#2778 = CARTESIAN_POINT ( 'NONE',  ( 3.516220905826772380, 2.333436023622047273, 0.000000000000000000 ) ) ;
#2779 = ORIENTED_EDGE ( 'NONE', *, *, #1728, .F. ) ;
#2780 = EDGE_LOOP ( 'NONE', ( #2037, #317, #4192, #2941 ) ) ;
#2781 = CARTESIAN_POINT ( 'NONE',  ( 2.668821133004170676, 0.8524993618106532223, 0.1181102362204724532 ) ) ;
#2782 = CARTESIAN_POINT ( 'NONE',  ( 2.156353164435709235, 1.501030898407373249, 0.000000000000000000 ) ) ;
#2783 = ADVANCED_FACE ( 'NONE', ( #1517 ), #2111, .F. ) ;
#2784 = EDGE_CURVE ( 'NONE', #2644, #4154, #3225, .T. ) ;
#2785 = EDGE_LOOP ( 'NONE', ( #357, #4133, #1230, #184 ) ) ;
#2786 = CARTESIAN_POINT ( 'NONE',  ( 1.880458700472441347, 2.305876181102362477, 0.000000000000000000 ) ) ;
#2787 = CARTESIAN_POINT ( 'NONE',  ( 2.972768820437380999, 0.8733882794940973637, 0.000000000000000000 ) ) ;
#2788 = VERTEX_POINT ( 'NONE', #2130 ) ;
#2789 = CARTESIAN_POINT ( 'NONE',  ( 3.515612348852827473, 2.079151771653543257, 0.1181102362204724532 ) ) ;
#2790 = EDGE_LOOP ( 'NONE', ( #1120, #3980, #3434, #2980 ) ) ;
#2791 = ADVANCED_FACE ( 'NONE', ( #2224 ), #4315, .F. ) ;
#2792 = VERTEX_POINT ( 'NONE', #2928 ) ;
#2793 = CARTESIAN_POINT ( 'NONE',  ( 0.5662225984251968436, 1.727081850393701101, 0.1181102362204724532 ) ) ;
#2794 = VERTEX_POINT ( 'NONE', #3610 ) ;
#2795 = FACE_OUTER_BOUND ( 'NONE', #1358, .T. ) ;
#2796 = LINE ( 'NONE', #2369, #4415 ) ;
#2797 = FACE_OUTER_BOUND ( 'NONE', #1292, .T. ) ;
#2798 = ORIENTED_EDGE ( 'NONE', *, *, #3205, .F. ) ;
#2799 = ORIENTED_EDGE ( 'NONE', *, *, #1592, .F. ) ;
#2800 = CARTESIAN_POINT ( 'NONE',  ( 2.099675629606299498, 2.775596385826771595, 0.000000000000000000 ) ) ;
#2801 = CARTESIAN_POINT ( 'NONE',  ( 1.798519526670627977, 3.212735598208155352, 0.000000000000000000 ) ) ;
#2802 = CIRCLE ( 'NONE', #4038, 0.1275590551181104981 ) ;
#2803 = AXIS2_PLACEMENT_3D ( 'NONE', #3150, #1413, #2834 ) ;
#2804 = ORIENTED_EDGE ( 'NONE', *, *, #3281, .T. ) ;
#2805 = DIRECTION ( 'NONE',  ( -1.000000000000000000, 0.000000000000000000, 0.000000000000000000 ) ) ;
#2806 = CYLINDRICAL_SURFACE ( 'NONE', #1791, 0.1275590551181104981 ) ;
#2807 = ORIENTED_EDGE ( 'NONE', *, *, #229, .T. ) ;
#2808 = CARTESIAN_POINT ( 'NONE',  ( 4.811379527559055624, 0.6148433070866141659, 0.1181102362204724532 ) ) ;
#2809 = FACE_OUTER_BOUND ( 'NONE', #1864, .T. ) ;
#2810 = ORIENTED_EDGE ( 'NONE', *, *, #1364, .F. ) ;
#2811 = VECTOR ( 'NONE', #1007, 39.37007874015748143 ) ;
#2812 = VECTOR ( 'NONE', #3412, 39.37007874015748143 ) ;
#2813 = ORIENTED_EDGE ( 'NONE', *, *, #1522, .F. ) ;
#2814 = AXIS2_PLACEMENT_3D ( 'NONE', #4191, #1410, #2036 ) ;
#2815 = DIRECTION ( 'NONE',  ( 0.2010114255420338836, -0.9795888968345646264, 0.000000000000000000 ) ) ;
#2816 = ADVANCED_FACE ( 'NONE', ( #1195 ), #2617, .F. ) ;
#2817 = EDGE_CURVE ( 'NONE', #2220, #4075, #4169, .T. ) ;
#2818 = ORIENTED_EDGE ( 'NONE', *, *, #1416, .F. ) ;
#2819 = PLANE ( 'NONE',  #3672 ) ;
#2820 = VECTOR ( 'NONE', #2838, 39.37007874015748143 ) ;
#2821 = EDGE_CURVE ( 'NONE', #2655, #1708, #3952, .T. ) ;
#2822 = CARTESIAN_POINT ( 'NONE',  ( 4.643394171637385881, 1.783236851185674654, 0.1181102362204724254 ) ) ;
#2823 = DIRECTION ( 'NONE',  ( -0.000000000000000000, -0.000000000000000000, -1.000000000000000000 ) ) ;
#2824 = ORIENTED_EDGE ( 'NONE', *, *, #3306, .F. ) ;
#2825 = ORIENTED_EDGE ( 'NONE', *, *, #3700, .T. ) ;
#2826 = CARTESIAN_POINT ( 'NONE',  ( 4.926066141732283299, 1.588236968503937252, 0.1181102362204724532 ) ) ;
#2827 = CARTESIAN_POINT ( 'NONE',  ( 1.368961312274912911, 1.709607049116631527, 0.1181102362204724532 ) ) ;
#2828 = VECTOR ( 'NONE', #414, 39.37007874015748143 ) ;
#2829 = B_SPLINE_SURFACE_WITH_KNOTS ( 'NONE', 3, 1, ( 
 ( #4029, #4422 ),
 ( #3372, #2963 ),
 ( #1668, #3690 ),
 ( #576, #1966 ) ),
 .UNSPECIFIED., .F., .F., .F.,
 ( 4, 4 ),
 ( 2, 2 ),
 ( 0.000000000000000000, 0.9789216604948685063 ),
 ( 0.000000000000000000, 1.000000000000000000 ),
 .UNSPECIFIED. ) ;
#2830 = DIRECTION ( 'NONE',  ( 0.000000000000000000, -0.000000000000000000, -1.000000000000000000 ) ) ;
#2831 = FACE_OUTER_BOUND ( 'NONE', #3771, .T. ) ;
#2832 = VERTEX_POINT ( 'NONE', #499 ) ;
#2833 = CARTESIAN_POINT ( 'NONE',  ( 5.062072440944882068, 2.559978307086614002, 0.000000000000000000 ) ) ;
#2834 = DIRECTION ( 'NONE',  ( -1.000000000000000000, 0.000000000000000000, 0.000000000000000000 ) ) ;
#2835 = ORIENTED_EDGE ( 'NONE', *, *, #2317, .T. ) ;
#2836 = CARTESIAN_POINT ( 'NONE',  ( 0.7167363779527559098, 0.7402551181102362543, 0.1181102362204724532 ) ) ;
#2837 = VERTEX_POINT ( 'NONE', #248 ) ;
#2838 = DIRECTION ( 'NONE',  ( -0.000000000000000000, -0.000000000000000000, -1.000000000000000000 ) ) ;
#2839 = EDGE_LOOP ( 'NONE', ( #848, #3864, #321, #1969, #1666, #4088, #1206, #3535, #3193, #2582, #4364, #458, #515, #2154, #2905, #1717, #936, #3655, #2535, #329, #559, #1625, #468, #3130, #4129, #2945, #3934, #2389, #432, #2188, #3485, #2319, #3786, #1972, #3356, #283, #442, #4255, #4484, #2613, #3479, #2716, #1170, #3788, #788, #404, #3439, #2991, #1713, #1263, #138, #1921, #3223, #3668, #3121, #1318, #1032, #623, #3929, #602 ) ) ;
#2840 = EDGE_CURVE ( 'NONE', #3776, #63, #2162, .T. ) ;
#2841 = ADVANCED_FACE ( 'NONE', ( #881 ), #3692, .F. ) ;
#2842 = CARTESIAN_POINT ( 'NONE',  ( 3.031806394055661880, 2.775596385826771595, 0.000000000000000000 ) ) ;
#2843 = CARTESIAN_POINT ( 'NONE',  ( 0.2847733858267716411, 2.447542480314961022, 0.1181102362204724532 ) ) ;
#2844 = CARTESIAN_POINT ( 'NONE',  ( 1.615032047244094437, 3.940995472440945502, 0.000000000000000000 ) ) ;
#2845 = VERTEX_POINT ( 'NONE', #227 ) ;
#2846 = EDGE_CURVE ( 'NONE', #265, #1327, #1608, .T. ) ;
#2847 = ORIENTED_EDGE ( 'NONE', *, *, #2033, .F. ) ;
#2848 = DIRECTION ( 'NONE',  ( 0.000000000000000000, -0.000000000000000000, -1.000000000000000000 ) ) ;
#2849 = CARTESIAN_POINT ( 'NONE',  ( 0.2847733858267716411, 2.447542480314961022, 0.000000000000000000 ) ) ;
#2850 = CARTESIAN_POINT ( 'NONE',  ( 3.763351583724401372, 0.1314239504178503770, 0.1181102362204724532 ) ) ;
#2851 = CARTESIAN_POINT ( 'NONE',  ( 2.183600325345574689, 1.496896440600727907, 0.1181102362204724532 ) ) ;
#2852 = B_SPLINE_CURVE_WITH_KNOTS ( 'NONE', 3,
 ( #2360, #1215, #1650, #2971 ),
 .UNSPECIFIED., .F., .F.,
 ( 4, 4 ),
 ( 0.000000000000000000, 1.000000000000000000 ),
 .UNSPECIFIED. ) ;
#2853 = CARTESIAN_POINT ( 'NONE',  ( 4.984959448818897521, 2.013946417322834748, 0.000000000000000000 ) ) ;
#2854 = CARTESIAN_POINT ( 'NONE',  ( 2.985732064232623717, 3.584121905965611088, 0.000000000000000000 ) ) ;
#2855 = EDGE_LOOP ( 'NONE', ( #3454, #1758, #2633, #1289 ) ) ;
#2856 = FACE_OUTER_BOUND ( 'NONE', #3508, .T. ) ;
#2857 = DIRECTION ( 'NONE',  ( 0.000000000000000000, -0.000000000000000000, -1.000000000000000000 ) ) ;
#2858 = ORIENTED_EDGE ( 'NONE', *, *, #419, .F. ) ;
#2859 = DIRECTION ( 'NONE',  ( 0.000000000000000000, -0.000000000000000000, -1.000000000000000000 ) ) ;
#2860 = ORIENTED_EDGE ( 'NONE', *, *, #4369, .T. ) ;
#2861 = CARTESIAN_POINT ( 'NONE',  ( 1.043476294575092389, 0.2608690736569720392, 0.000000000000000000 ) ) ;
#2862 = CARTESIAN_POINT ( 'NONE',  ( 3.810073224253964774, 3.710462734072836444, 0.000000000000000000 ) ) ;
#2863 = EDGE_CURVE ( 'NONE', #2134, #359, #1537, .T. ) ;
#2864 = CARTESIAN_POINT ( 'NONE',  ( 0.4758540944881889945, 1.307385826771653381, 0.1181102362204724532 ) ) ;
#2865 = EDGE_CURVE ( 'NONE', #88, #2001, #347, .T. ) ;
#2866 = ORIENTED_EDGE ( 'NONE', *, *, #2285, .F. ) ;
#2867 = CARTESIAN_POINT ( 'NONE',  ( 0.8100862175012867317, 4.888145927824384174, 0.1181102362204724532 ) ) ;
#2868 = B_SPLINE_CURVE_WITH_KNOTS ( 'NONE', 3,
 ( #4234, #438, #1435, #411 ),
 .UNSPECIFIED., .F., .F.,
 ( 4, 4 ),
 ( 0.000000000000000000, 0.8732491571692871934 ),
 .UNSPECIFIED. ) ;
#2869 = CARTESIAN_POINT ( 'NONE',  ( 0.0008446456692913387014, 3.416323818897638365, 0.000000000000000000 ) ) ;
#2870 = EDGE_CURVE ( 'NONE', #1834, #1585, #588, .T. ) ;
#2871 = ADVANCED_FACE ( 'NONE', ( #861 ), #244, .F. ) ;
#2872 = ORIENTED_EDGE ( 'NONE', *, *, #3645, .F. ) ;
#2873 = CARTESIAN_POINT ( 'NONE',  ( 3.031189774757862665, 1.541794090900347136, 0.000000000000000000 ) ) ;
#2874 = CARTESIAN_POINT ( 'NONE',  ( 0.000000000000000000, 2.106710826771653444, 0.000000000000000000 ) ) ;
#2875 = CARTESIAN_POINT ( 'NONE',  ( 4.044353149606299880, 0.3633629921259842743, 0.000000000000000000 ) ) ;
#2876 = CARTESIAN_POINT ( 'NONE',  ( 2.985732064232623717, 3.584121905965611088, 0.1181102362204724809 ) ) ;
#2877 = ORIENTED_EDGE ( 'NONE', *, *, #831, .F. ) ;
#2878 = VECTOR ( 'NONE', #886, 39.37007874015748143 ) ;
#2879 = LINE ( 'NONE', #1785, #3606 ) ;
#2880 = DIRECTION ( 'NONE',  ( -0.000000000000000000, 0.000000000000000000, 1.000000000000000000 ) ) ;
#2881 = ORIENTED_EDGE ( 'NONE', *, *, #2978, .T. ) ;
#2882 = LINE ( 'NONE', #1152, #1877 ) ;
#2883 = VECTOR ( 'NONE', #1859, 39.37007874015748143 ) ;
#2884 = VECTOR ( 'NONE', #2298, 39.37007874015748143 ) ;
#2885 = VERTEX_POINT ( 'NONE', #3652 ) ;
#2886 = AXIS2_PLACEMENT_3D ( 'NONE', #187, #4367, #1249 ) ;
#2887 = CARTESIAN_POINT ( 'NONE',  ( 0.7091559375851931302, 1.902716358071339542, 0.05905511811023617108 ) ) ;
#2888 = CARTESIAN_POINT ( 'NONE',  ( 1.908017755590551534, 2.305876181102362477, 0.1181102362204724532 ) ) ;
#2889 = CARTESIAN_POINT ( 'NONE',  ( 4.984959448818897521, 2.013946417322834748, 0.000000000000000000 ) ) ;
#2890 = B_SPLINE_CURVE_WITH_KNOTS ( 'NONE', 3,
 ( #3678, #1538, #565, #2929 ),
 .UNSPECIFIED., .F., .F.,
 ( 4, 4 ),
 ( 0.000000000000000000, 1.000000000000000000 ),
 .UNSPECIFIED. ) ;
#2891 = VECTOR ( 'NONE', #4365, 39.37007874015748143 ) ;
#2892 = CARTESIAN_POINT ( 'NONE',  ( 0.5294868985154915775, 1.921746044868376302, 0.000000000000000000 ) ) ;
#2893 = DIRECTION ( 'NONE',  ( -1.000000000000000000, 0.000000000000000000, 0.000000000000000000 ) ) ;
#2894 = AXIS2_PLACEMENT_3D ( 'NONE', #2268, #4014, #1237 ) ;
#2895 = ADVANCED_FACE ( 'NONE', ( #2252 ), #3362, .F. ) ;
#2896 = ADVANCED_FACE ( 'NONE', ( #395 ), #605, .F. ) ;
#2897 = EDGE_LOOP ( 'NONE', ( #963, #2760, #3433, #3777 ) ) ;
#2898 = LINE ( 'NONE', #2874, #689 ) ;
#2899 = DIRECTION ( 'NONE',  ( 1.000000000000000000, 0.000000000000000000, 0.000000000000000000 ) ) ;
#2900 = CARTESIAN_POINT ( 'NONE',  ( 0.2896698111042775858, 2.939671458628353662, 0.1181102362204724948 ) ) ;
#2901 = DIRECTION ( 'NONE',  ( -0.000000000000000000, -0.000000000000000000, -1.000000000000000000 ) ) ;
#2902 = EDGE_CURVE ( 'NONE', #1400, #1519, #2879, .T. ) ;
#2903 = CARTESIAN_POINT ( 'NONE',  ( 0.3842946456692913348, 2.259420039370078737, 0.1181102362204724532 ) ) ;
#2904 = DIRECTION ( 'NONE',  ( -0.000000000000000000, -0.000000000000000000, -1.000000000000000000 ) ) ;
#2905 = ORIENTED_EDGE ( 'NONE', *, *, #643, .T. ) ;
#2906 = DIRECTION ( 'NONE',  ( 1.000000000000000000, 0.000000000000000000, 0.000000000000000000 ) ) ;
#2907 = ORIENTED_EDGE ( 'NONE', *, *, #589, .F. ) ;
#2908 = CARTESIAN_POINT ( 'NONE',  ( 2.734781535433071120, 0.8524988188976376779, 0.000000000000000000 ) ) ;
#2909 = CARTESIAN_POINT ( 'NONE',  ( 1.972116574488189222, 2.648037330708661319, 0.1181102362204724532 ) ) ;
#2910 = CARTESIAN_POINT ( 'NONE',  ( 4.832369685039370033, 1.022982677165354515, 0.000000000000000000 ) ) ;
#2911 = ORIENTED_EDGE ( 'NONE', *, *, #2863, .T. ) ;
#2912 = CARTESIAN_POINT ( 'NONE',  ( 4.635065596624563966, 1.828573427550545860, 0.05905511811023622659 ) ) ;
#2913 = DIRECTION ( 'NONE',  ( 0.000000000000000000, -0.000000000000000000, 1.000000000000000000 ) ) ;
#2914 = VERTEX_POINT ( 'NONE', #86 ) ;
#2915 = DIRECTION ( 'NONE',  ( 1.000000000000000000, 0.000000000000000000, 0.000000000000000000 ) ) ;
#2916 = CARTESIAN_POINT ( 'NONE',  ( 2.176314614070125941, 1.470317879123216764, 0.1181102362204724532 ) ) ;
#2917 = CARTESIAN_POINT ( 'NONE',  ( 3.444115127050976000, 3.385483283007476807, 0.1181102362204724532 ) ) ;
#2918 = DIRECTION ( 'NONE',  ( 0.000000000000000000, -0.000000000000000000, -1.000000000000000000 ) ) ;
#2919 = EDGE_CURVE ( 'NONE', #3515, #617, #1554, .T. ) ;
#2920 = DIRECTION ( 'NONE',  ( -1.000000000000000000, 0.000000000000000000, 0.000000000000000000 ) ) ;
#2921 = PLANE ( 'NONE',  #1937 ) ;
#2922 = VERTEX_POINT ( 'NONE', #735 ) ;
#2923 = CARTESIAN_POINT ( 'NONE',  ( 0.000000000000000000, 1.541660543307086684, 0.1181102362204724532 ) ) ;
#2924 = ORIENTED_EDGE ( 'NONE', *, *, #888, .T. ) ;
#2925 = EDGE_CURVE ( 'NONE', #798, #8, #3219, .T. ) ;
#2926 = DIRECTION ( 'NONE',  ( 1.000000000000000000, 0.000000000000000000, 0.000000000000000000 ) ) ;
#2927 = LINE ( 'NONE', #470, #3456 ) ;
#2928 = CARTESIAN_POINT ( 'NONE',  ( 3.283142128782491120, 1.471670971498325819, 0.000000000000000000 ) ) ;
#2929 = CARTESIAN_POINT ( 'NONE',  ( 4.820861811023622323, 0.7992161417322835026, 0.000000000000000000 ) ) ;
#2930 = ORIENTED_EDGE ( 'NONE', *, *, #1891, .F. ) ;
#2931 = CARTESIAN_POINT ( 'NONE',  ( 4.683044488188977006, 0.2666637795275590417, 0.000000000000000000 ) ) ;
#2932 = LINE ( 'NONE', #4319, #197 ) ;
#2933 = VERTEX_POINT ( 'NONE', #3877 ) ;
#2934 = CARTESIAN_POINT ( 'NONE',  ( 2.157709124446636206, 1.509967030382331599, 0.1181102362204724532 ) ) ;
#2935 = LINE ( 'NONE', #1598, #2967 ) ;
#2936 = LINE ( 'NONE', #3875, #4411 ) ;
#2937 = CARTESIAN_POINT ( 'NONE',  ( 3.031003744105373432, 1.514235663666569920, 0.000000000000000000 ) ) ;
#2938 = DIRECTION ( 'NONE',  ( -1.000000000000000000, 0.000000000000000000, 0.000000000000000000 ) ) ;
#2939 = ORIENTED_EDGE ( 'NONE', *, *, #3617, .F. ) ;
#2940 = DIRECTION ( 'NONE',  ( 1.000000000000000000, 0.000000000000000000, 0.000000000000000000 ) ) ;
#2941 = ORIENTED_EDGE ( 'NONE', *, *, #3834, .T. ) ;
#2942 = VECTOR ( 'NONE', #959, 39.37007874015748143 ) ;
#2943 = AXIS2_PLACEMENT_3D ( 'NONE', #3, #1381, #2090 ) ;
#2944 = EDGE_CURVE ( 'NONE', #1282, #492, #995, .T. ) ;
#2945 = ORIENTED_EDGE ( 'NONE', *, *, #1423, .T. ) ;
#2946 = VECTOR ( 'NONE', #3775, 39.37007874015748143 ) ;
#2947 = EDGE_CURVE ( 'NONE', #2650, #1078, #1124, .T. ) ;
#2948 = CARTESIAN_POINT ( 'NONE',  ( 1.230387952755905623, 4.013449015748031812, 0.000000000000000000 ) ) ;
#2949 = CARTESIAN_POINT ( 'NONE',  ( 3.031189774757862221, 1.541794090900347136, 0.1181102362204724809 ) ) ;
#2950 = CARTESIAN_POINT ( 'NONE',  ( 1.436121328598427560, 3.816491450136180852, 0.000000000000000000 ) ) ;
#2951 = AXIS2_PLACEMENT_3D ( 'NONE', #409, #3569, #4252 ) ;
#2952 = AXIS2_PLACEMENT_3D ( 'NONE', #3593, #1143, #1872 ) ;
#2953 = VERTEX_POINT ( 'NONE', #3854 ) ;
#2954 = EDGE_CURVE ( 'NONE', #3993, #716, #4266, .T. ) ;
#2955 = LINE ( 'NONE', #1142, #3976 ) ;
#2956 = CARTESIAN_POINT ( 'NONE',  ( 4.466587007874016635, 0.2578145669291339037, 0.1181102362204724532 ) ) ;
#2957 = VECTOR ( 'NONE', #741, 39.37007874015748143 ) ;
#2958 = FACE_OUTER_BOUND ( 'NONE', #1693, .T. ) ;
#2959 = AXIS2_PLACEMENT_3D ( 'NONE', #3735, #3823, #1373 ) ;
#2960 = VERTEX_POINT ( 'NONE', #4287 ) ;
#2961 = CARTESIAN_POINT ( 'NONE',  ( 3.450374252454345037, 0.9075070660998963978, 0.000000000000000000 ) ) ;
#2962 = CARTESIAN_POINT ( 'NONE',  ( 1.883500894558824523, -0.2971370959565694525, 0.1181102362204724532 ) ) ;
#2963 = CARTESIAN_POINT ( 'NONE',  ( 1.222194638909789077, 4.422441863345863311, 0.000000000000000000 ) ) ;
#2964 = AXIS2_PLACEMENT_3D ( 'NONE', #3222, #3946, #759 ) ;
#2965 = B_SPLINE_CURVE_WITH_KNOTS ( 'NONE', 3,
 ( #1807, #3526, #753, #3551 ),
 .UNSPECIFIED., .F., .F.,
 ( 4, 4 ),
 ( 0.01632650932090798368, 1.000000000000000000 ),
 .UNSPECIFIED. ) ;
#2966 = B_SPLINE_SURFACE_WITH_KNOTS ( 'NONE', 3, 1, ( 
 ( #1491, #3208 ),
 ( #722, #2862 ),
 ( #401, #2159 ),
 ( #3157, #74 ) ),
 .UNSPECIFIED., .F., .F., .F.,
 ( 4, 4 ),
 ( 2, 2 ),
 ( 0.000000000000000000, 0.8007385342521364802 ),
 ( 0.000000000000000000, 1.000000000000000000 ),
 .UNSPECIFIED. ) ;
#2967 = VECTOR ( 'NONE', #508, 39.37007874015748143 ) ;
#2968 = CARTESIAN_POINT ( 'NONE',  ( 3.914103661417323465, 3.847636811023622094, 0.000000000000000000 ) ) ;
#2969 = CARTESIAN_POINT ( 'NONE',  ( 2.394001155545651738, 1.522469392728542870, 0.1181102362204724532 ) ) ;
#2970 = ORIENTED_EDGE ( 'NONE', *, *, #1253, .F. ) ;
#2971 = CARTESIAN_POINT ( 'NONE',  ( 0.5148119685039370674, 4.612122637795275537, 0.000000000000000000 ) ) ;
#2972 = VERTEX_POINT ( 'NONE', #3577 ) ;
#2973 = B_SPLINE_CURVE_WITH_KNOTS ( 'NONE', 3,
 ( #3460, #4464, #3083, #2035 ),
 .UNSPECIFIED., .F., .F.,
 ( 4, 4 ),
 ( 0.000000000000000000, 0.9389423396805531841 ),
 .UNSPECIFIED. ) ;
#2974 = CYLINDRICAL_SURFACE ( 'NONE', #3324, 0.02755905511811020808 ) ;
#2975 = CARTESIAN_POINT ( 'NONE',  ( 3.351301274095412452, 1.541660543307086684, 0.1181102362204724532 ) ) ;
#2976 = CARTESIAN_POINT ( 'NONE',  ( 1.098634015748031656, 0.04023818897637792408, 0.1181102362204724532 ) ) ;
#2977 = CARTESIAN_POINT ( 'NONE',  ( 0.2597182677165354447, 3.873392322834645629, 0.000000000000000000 ) ) ;
#2978 = EDGE_CURVE ( 'NONE', #1711, #4189, #825, .T. ) ;
#2979 = ADVANCED_FACE ( 'NONE', ( #2856 ), #3266, .F. ) ;
#2980 = ORIENTED_EDGE ( 'NONE', *, *, #1140, .T. ) ;
#2981 = DIRECTION ( 'NONE',  ( -0.000000000000000000, -0.000000000000000000, -1.000000000000000000 ) ) ;
#2982 = CARTESIAN_POINT ( 'NONE',  ( 2.071929983495680805, 0.6973585207874659631, 0.000000000000000000 ) ) ;
#2983 = DIRECTION ( 'NONE',  ( 1.000000000000000000, 0.000000000000000000, 0.000000000000000000 ) ) ;
#2984 = EDGE_CURVE ( 'NONE', #947, #195, #907, .T. ) ;
#2985 = EDGE_LOOP ( 'NONE', ( #644, #1686, #829, #606 ) ) ;
#2986 = PLANE ( 'NONE',  #2075 ) ;
#2987 = DIRECTION ( 'NONE',  ( -0.9886826958722664260, 0.1500217546982688388, 0.000000000000000000 ) ) ;
#2988 = CARTESIAN_POINT ( 'NONE',  ( 5.136474409448819500, 4.528952952755905592, 0.000000000000000000 ) ) ;
#2989 = CARTESIAN_POINT ( 'NONE',  ( 5.662496062992127044, 3.542033661417322676, 0.1181102362204724532 ) ) ;
#2990 = DIRECTION ( 'NONE',  ( 0.000000000000000000, -0.000000000000000000, -1.000000000000000000 ) ) ;
#2991 = ORIENTED_EDGE ( 'NONE', *, *, #3978, .T. ) ;
#2992 = CARTESIAN_POINT ( 'NONE',  ( 4.754899872888901591, 1.513014522826836350, 0.000000000000000000 ) ) ;
#2993 = ORIENTED_EDGE ( 'NONE', *, *, #4344, .F. ) ;
#2994 = DIRECTION ( 'NONE',  ( 0.000000000000000000, 0.000000000000000000, -1.000000000000000000 ) ) ;
#2995 = CARTESIAN_POINT ( 'NONE',  ( 3.617370816464835492, 3.425058420156827488, 0.000000000000000000 ) ) ;
#2996 = DIRECTION ( 'NONE',  ( 1.000000000000000000, 0.000000000000000000, 0.000000000000000000 ) ) ;
#2997 = DIRECTION ( 'NONE',  ( -0.000000000000000000, -0.000000000000000000, -1.000000000000000000 ) ) ;
#2998 = B_SPLINE_SURFACE_WITH_KNOTS ( 'NONE', 3, 1, ( 
 ( #80, #1456 ),
 ( #2850, #1910 ),
 ( #3295, #776 ),
 ( #1563, #4000 ) ),
 .UNSPECIFIED., .F., .F., .F.,
 ( 4, 4 ),
 ( 2, 2 ),
 ( 0.000000000000000000, 0.9544573945242283974 ),
 ( 0.000000000000000000, 1.000000000000000000 ),
 .UNSPECIFIED. ) ;
#2999 = CARTESIAN_POINT ( 'NONE',  ( 0.8100862175012867317, 4.888145927824384174, 0.000000000000000000 ) ) ;
#3000 = CARTESIAN_POINT ( 'NONE',  ( 1.470010787401574648, 0.2367854330708661914, 0.000000000000000000 ) ) ;
#3001 = EDGE_CURVE ( 'NONE', #1561, #4261, #3902, .T. ) ;
#3002 = CARTESIAN_POINT ( 'NONE',  ( 1.798519526670627533, 3.212735598208155352, 0.1181102362204724532 ) ) ;
#3003 = B_SPLINE_SURFACE_WITH_KNOTS ( 'NONE', 3, 1, ( 
 ( #1824, #3845 ),
 ( #3255, #4249 ),
 ( #1800, #1520 ),
 ( #1066, #3516 ) ),
 .UNSPECIFIED., .F., .F., .F.,
 ( 4, 4 ),
 ( 2, 2 ),
 ( 0.02699138459714946897, 1.000000000000000000 ),
 ( 0.000000000000000000, 1.000000000000000000 ),
 .UNSPECIFIED. ) ;
#3004 = ORIENTED_EDGE ( 'NONE', *, *, #339, .F. ) ;
#3005 = CARTESIAN_POINT ( 'NONE',  ( 2.176314614070126385, 1.470317879123216764, 0.000000000000000000 ) ) ;
#3006 = ADVANCED_FACE ( 'NONE', ( #1851 ), #2216, .F. ) ;
#3007 = EDGE_CURVE ( 'NONE', #1634, #3280, #1178, .T. ) ;
#3008 = DIRECTION ( 'NONE',  ( -1.000000000000000000, 0.000000000000000000, 0.000000000000000000 ) ) ;
#3009 = CARTESIAN_POINT ( 'NONE',  ( 0.8250180224292207321, 1.849356355839138599, 0.000000000000000000 ) ) ;
#3010 = DIRECTION ( 'NONE',  ( 1.000000000000000000, 0.000000000000000000, 0.000000000000000000 ) ) ;
#3011 = CARTESIAN_POINT ( 'NONE',  ( 1.368958744654897863, 2.596495162600437556, 0.000000000000000000 ) ) ;
#3012 = VERTEX_POINT ( 'NONE', #3176 ) ;
#3013 = CARTESIAN_POINT ( 'NONE',  ( 1.940266574803149568, 0.3308110236220472289, 0.000000000000000000 ) ) ;
#3014 = ORIENTED_EDGE ( 'NONE', *, *, #155, .T. ) ;
#3015 = ORIENTED_EDGE ( 'NONE', *, *, #3638, .F. ) ;
#3016 = LINE ( 'NONE', #3675, #1362 ) ;
#3017 = PLANE ( 'NONE',  #191 ) ;
#3018 = AXIS2_PLACEMENT_3D ( 'NONE', #2209, #4211, #98 ) ;
#3019 = CARTESIAN_POINT ( 'NONE',  ( 1.230387952755905623, 4.013449015748031812, 0.000000000000000000 ) ) ;
#3020 = B_SPLINE_CURVE_WITH_KNOTS ( 'NONE', 2,
 ( #2411, #4134, #4470 ),
 .UNSPECIFIED., .F., .F.,
 ( 3, 3 ),
 ( 0.000000000000000000, 1.000000000000000000 ),
 .UNSPECIFIED. ) ;
#3021 = VECTOR ( 'NONE', #1818, 39.37007874015748143 ) ;
#3022 = CARTESIAN_POINT ( 'NONE',  ( 3.568963819212598754, 0.000000000000000000, 0.000000000000000000 ) ) ;
#3023 = LINE ( 'NONE', #341, #403 ) ;
#3024 = LINE ( 'NONE', #1912, #3388 ) ;
#3025 = CIRCLE ( 'NONE', #3750, 0.02755905511811047870 ) ;
#3026 = LINE ( 'NONE', #956, #2378 ) ;
#3027 = VECTOR ( 'NONE', #2460, 39.37007874015748143 ) ;
#3028 = EDGE_LOOP ( 'NONE', ( #767, #3817, #3666, #289 ) ) ;
#3029 = CIRCLE ( 'NONE', #3534, 0.1275590551181102206 ) ;
#3030 = AXIS2_PLACEMENT_3D ( 'NONE', #3903, #3198, #826 ) ;
#3031 = VERTEX_POINT ( 'NONE', #2836 ) ;
#3032 = CARTESIAN_POINT ( 'NONE',  ( 1.368958031496063210, 2.218303110236220288, 0.000000000000000000 ) ) ;
#3033 = CARTESIAN_POINT ( 'NONE',  ( 0.7205617429778419236, 0.05659167798955949680, 0.1181102362204724532 ) ) ;
#3034 = CARTESIAN_POINT ( 'NONE',  ( 3.541404764094488122, 2.106710826771653444, 0.1181102362204724532 ) ) ;
#3035 = VECTOR ( 'NONE', #3061, 39.37007874015748143 ) ;
#3036 = EDGE_CURVE ( 'NONE', #4105, #3995, #3283, .T. ) ;
#3037 = EDGE_CURVE ( 'NONE', #3673, #116, #1280, .T. ) ;
#3038 = DIRECTION ( 'NONE',  ( -0.08103655955936711619, 0.9967111296733779380, 0.000000000000000000 ) ) ;
#3039 = CARTESIAN_POINT ( 'NONE',  ( 5.241725590551181035, 4.219105314960629904, 0.000000000000000000 ) ) ;
#3040 = VECTOR ( 'NONE', #3448, 39.37007874015748143 ) ;
#3041 = ORIENTED_EDGE ( 'NONE', *, *, #2846, .F. ) ;
#3042 = CARTESIAN_POINT ( 'NONE',  ( 3.914103661417323465, 3.847636811023622094, 0.1181102362204724532 ) ) ;
#3043 = ORIENTED_EDGE ( 'NONE', *, *, #4309, .T. ) ;
#3044 = CIRCLE ( 'NONE', #3910, 0.1275590551181102206 ) ;
#3045 = EDGE_CURVE ( 'NONE', #2410, #1440, #4381, .T. ) ;
#3046 = ORIENTED_EDGE ( 'NONE', *, *, #2642, .T. ) ;
#3047 = B_SPLINE_CURVE_WITH_KNOTS ( 'NONE', 3,
 ( #2031, #3778, #1406, #2072 ),
 .UNSPECIFIED., .F., .F.,
 ( 4, 4 ),
 ( 0.000000000000000000, 1.000000000000000000 ),
 .UNSPECIFIED. ) ;
#3048 = CARTESIAN_POINT ( 'NONE',  ( 5.593585039370078782, 3.145923188976377460, 0.000000000000000000 ) ) ;
#3049 = DIRECTION ( 'NONE',  ( 0.000000000000000000, -0.000000000000000000, -1.000000000000000000 ) ) ;
#3050 = AXIS2_PLACEMENT_3D ( 'NONE', #2962, #2987, #526 ) ;
#3051 = EDGE_LOOP ( 'NONE', ( #986, #969, #1168, #1395 ) ) ;
#3052 = B_SPLINE_SURFACE_WITH_KNOTS ( 'NONE', 2, 1, ( 
 ( #864, #2599 ),
 ( #4347, #3000 ),
 ( #1961, #1540 ) ),
 .UNSPECIFIED., .F., .F., .F.,
 ( 3, 3 ),
 ( 2, 2 ),
 ( 0.000000000000000000, 1.000000000000000000 ),
 ( 0.000000000000000000, 1.000000000000000000 ),
 .UNSPECIFIED. ) ;
#3053 = CARTESIAN_POINT ( 'NONE',  ( 3.085897103702708311, 1.443244596966402282, 0.000000000000000000 ) ) ;
#3054 = LINE ( 'NONE', #2757, #3669 ) ;
#3055 = CARTESIAN_POINT ( 'NONE',  ( 2.526952545045002996, 3.584124949619868605, 0.1181102362204724532 ) ) ;
#3056 = ORIENTED_EDGE ( 'NONE', *, *, #387, .T. ) ;
#3057 = ORIENTED_EDGE ( 'NONE', *, *, #1053, .T. ) ;
#3058 = ORIENTED_EDGE ( 'NONE', *, *, #2199, .F. ) ;
#3059 = LINE ( 'NONE', #4161, #3518 ) ;
#3060 = CARTESIAN_POINT ( 'NONE',  ( 0.2721564566929133844, 3.485636811023621995, 0.1181102362204724948 ) ) ;
#3061 = DIRECTION ( 'NONE',  ( -0.000000000000000000, -0.000000000000000000, 1.000000000000000000 ) ) ;
#3062 = CARTESIAN_POINT ( 'NONE',  ( 0.8250180224292228415, 1.849356355839143706, 0.000000000000000000 ) ) ;
#3063 = ORIENTED_EDGE ( 'NONE', *, *, #3863, .F. ) ;
#3064 = DIRECTION ( 'NONE',  ( 1.000000000000000000, 0.000000000000000000, 0.000000000000000000 ) ) ;
#3065 = EDGE_CURVE ( 'NONE', #4429, #270, #193, .T. ) ;
#3066 = ADVANCED_FACE ( 'NONE', ( #4060 ), #3302, .T. ) ;
#3067 = EDGE_LOOP ( 'NONE', ( #579, #573, #423, #2299 ) ) ;
#3068 = ORIENTED_EDGE ( 'NONE', *, *, #3671, .T. ) ;
#3069 = CARTESIAN_POINT ( 'NONE',  ( 3.389284135565662659, 1.019486127362046135, 0.000000000000000000 ) ) ;
#3070 = DIRECTION ( 'NONE',  ( -0.000000000000000000, -0.000000000000000000, -1.000000000000000000 ) ) ;
#3071 = EDGE_CURVE ( 'NONE', #1946, #4085, #530, .T. ) ;
#3072 = EDGE_CURVE ( 'NONE', #4062, #85, #3391, .T. ) ;
#3073 = ORIENTED_EDGE ( 'NONE', *, *, #1861, .F. ) ;
#3074 = CARTESIAN_POINT ( 'NONE',  ( 4.893498425196851187, 1.672812952755905469, 0.1181102362204724532 ) ) ;
#3075 = LINE ( 'NONE', #4092, #1421 ) ;
#3076 = DIRECTION ( 'NONE',  ( 0.000000000000000000, -0.000000000000000000, -1.000000000000000000 ) ) ;
#3077 = CARTESIAN_POINT ( 'NONE',  ( 3.488060162796679187, 2.079767046007343190, 0.1181102362204724532 ) ) ;
#3078 = VERTEX_POINT ( 'NONE', #1989 ) ;
#3079 = ORIENTED_EDGE ( 'NONE', *, *, #3861, .F. ) ;
#3080 = CARTESIAN_POINT ( 'NONE',  ( 2.080417445798828258, 3.560693284765268807, 0.000000000000000000 ) ) ;
#3081 = CARTESIAN_POINT ( 'NONE',  ( 3.978232119384030430, 2.873573821385489779, 0.000000000000000000 ) ) ;
#3082 = B_SPLINE_SURFACE_WITH_KNOTS ( 'NONE', 3, 1, ( 
 ( #3704, #4409 ),
 ( #1656, #3427 ),
 ( #1312, #3742 ),
 ( #3852, #2391 ) ),
 .UNSPECIFIED., .F., .F., .F.,
 ( 4, 4 ),
 ( 2, 2 ),
 ( 0.04096998847746195771, 1.000000000000000000 ),
 ( 0.000000000000000000, 1.000000000000000000 ),
 .UNSPECIFIED. ) ;
#3083 = CARTESIAN_POINT ( 'NONE',  ( 0.4966240190007018551, 0.5195265119830132505, 0.000000000000000000 ) ) ;
#3084 = DIRECTION ( 'NONE',  ( -1.000000000000000000, 0.000000000000000000, 0.000000000000000000 ) ) ;
#3085 = EDGE_LOOP ( 'NONE', ( #1452, #550, #1238, #3311 ) ) ;
#3086 = DIRECTION ( 'NONE',  ( -0.000000000000000000, 0.000000000000000000, 1.000000000000000000 ) ) ;
#3087 = ORIENTED_EDGE ( 'NONE', *, *, #68, .T. ) ;
#3088 = ORIENTED_EDGE ( 'NONE', *, *, #647, .T. ) ;
#3089 = LINE ( 'NONE', #1051, #712 ) ;
#3090 = B_SPLINE_CURVE_WITH_KNOTS ( 'NONE', 3,
 ( #1481, #170, #2578, #509 ),
 .UNSPECIFIED., .F., .F.,
 ( 4, 4 ),
 ( 0.000000000000000000, 0.9043661993196222548 ),
 .UNSPECIFIED. ) ;
#3091 = ADVANCED_FACE ( 'NONE', ( #4354 ), #577, .T. ) ;
#3092 = ADVANCED_FACE ( 'NONE', ( #3965 ), #1547, .T. ) ;
#3093 = CARTESIAN_POINT ( 'NONE',  ( 3.031003744105373432, 1.514235663666569920, 0.1181102362204724532 ) ) ;
#3094 = DIRECTION ( 'NONE',  ( 0.000000000000000000, -0.000000000000000000, -1.000000000000000000 ) ) ;
#3095 = CARTESIAN_POINT ( 'NONE',  ( 5.462799911449456758, 5.344942815983156237, -3.414809992080329023E-17 ) ) ;
#3096 = VERTEX_POINT ( 'NONE', #2989 ) ;
#3097 = EDGE_CURVE ( 'NONE', #4154, #4105, #4050, .T. ) ;
#3098 = ORIENTED_EDGE ( 'NONE', *, *, #866, .F. ) ;
#3099 = DIRECTION ( 'NONE',  ( 0.000000000000000000, 0.000000000000000000, -1.000000000000000000 ) ) ;
#3100 = AXIS2_PLACEMENT_3D ( 'NONE', #1162, #104, #2513 ) ;
#3101 = CARTESIAN_POINT ( 'NONE',  ( 4.683044488188977006, 0.2666637795275590417, 0.1181102362204724532 ) ) ;
#3102 = AXIS2_PLACEMENT_3D ( 'NONE', #2712, #1747, #4458 ) ;
#3103 = DIRECTION ( 'NONE',  ( 1.000000000000000000, 0.000000000000000000, 0.000000000000000000 ) ) ;
#3104 = CARTESIAN_POINT ( 'NONE',  ( 3.361102795590551473, 2.648037330708661319, 0.1181102362204724532 ) ) ;
#3105 = ORIENTED_EDGE ( 'NONE', *, *, #673, .F. ) ;
#3106 = CARTESIAN_POINT ( 'NONE',  ( 1.859997691266500164, 3.636893515309219893, 0.1181102362204724532 ) ) ;
#3107 = AXIS2_PLACEMENT_3D ( 'NONE', #4157, #2047, #3431 ) ;
#3108 = ORIENTED_EDGE ( 'NONE', *, *, #387, .F. ) ;
#3109 = CIRCLE ( 'NONE', #4054, 0.1275590551181104981 ) ;
#3110 = ORIENTED_EDGE ( 'NONE', *, *, #3144, .F. ) ;
#3111 = CARTESIAN_POINT ( 'NONE',  ( 0.4758540944881889945, 1.307385826771653381, 0.000000000000000000 ) ) ;
#3112 = ORIENTED_EDGE ( 'NONE', *, *, #1108, .T. ) ;
#3113 = CIRCLE ( 'NONE', #4273, 0.02755905511811020808 ) ;
#3114 = CARTESIAN_POINT ( 'NONE',  ( 0.01117062992125984235, 3.924353346456692648, 0.1181102362204724532 ) ) ;
#3115 = CARTESIAN_POINT ( 'NONE',  ( 3.914103661417323465, 3.847636811023622094, 0.000000000000000000 ) ) ;
#3116 = CARTESIAN_POINT ( 'NONE',  ( 2.734781535433071120, 3.584122244094487986, 0.1181102362204724532 ) ) ;
#3117 = EDGE_CURVE ( 'NONE', #167, #2845, #511, .T. ) ;
#3118 = CARTESIAN_POINT ( 'NONE',  ( 0.2847733858267716411, 2.447542480314961022, 0.1181102362204724532 ) ) ;
#3119 = ADVANCED_FACE ( 'NONE', ( #549 ), #220, .T. ) ;
#3120 = ORIENTED_EDGE ( 'NONE', *, *, #3001, .T. ) ;
#3121 = ORIENTED_EDGE ( 'NONE', *, *, #746, .T. ) ;
#3122 = CARTESIAN_POINT ( 'NONE',  ( 2.420259100869300628, 1.541660543307086684, 0.1181102362204724532 ) ) ;
#3123 = CARTESIAN_POINT ( 'NONE',  ( 1.525648744053452965, 2.955869089052618914, 0.1181102362204724532 ) ) ;
#3124 = ADVANCED_FACE ( 'NONE', ( #2648, #3989, #4033, #1621 ), #4326, .T. ) ;
#3125 = ORIENTED_EDGE ( 'NONE', *, *, #3901, .T. ) ;
#3126 = DIRECTION ( 'NONE',  ( 0.000000000000000000, 1.000000000000000000, 0.000000000000000000 ) ) ;
#3127 = CARTESIAN_POINT ( 'NONE',  ( 1.711086579475996183, 3.305616125163409524, 0.000000000000000000 ) ) ;
#3128 = EDGE_LOOP ( 'NONE', ( #2400, #738, #4403, #3304 ) ) ;
#3129 = LINE ( 'NONE', #4103, #4345 ) ;
#3130 = ORIENTED_EDGE ( 'NONE', *, *, #3706, .T. ) ;
#3131 = EDGE_LOOP ( 'NONE', ( #3495, #3847, #1991, #2881 ) ) ;
#3132 = CARTESIAN_POINT ( 'NONE',  ( 5.197130314960630493, 4.377235236220473169, 0.1181102362204724532 ) ) ;
#3133 = ORIENTED_EDGE ( 'NONE', *, *, #3037, .F. ) ;
#3134 = DIRECTION ( 'NONE',  ( 1.000000000000000000, 0.000000000000000000, 0.000000000000000000 ) ) ;
#3135 = DIRECTION ( 'NONE',  ( 0.000000000000000000, 0.000000000000000000, 1.000000000000000000 ) ) ;
#3136 = CARTESIAN_POINT ( 'NONE',  ( 5.478703649694878663, 5.322435647595638031, 0.1181102362204724532 ) ) ;
#3137 = DIRECTION ( 'NONE',  ( -0.000000000000000000, -0.000000000000000000, -1.000000000000000000 ) ) ;
#3138 = VERTEX_POINT ( 'NONE', #4399 ) ;
#3139 = EDGE_CURVE ( 'NONE', #2694, #4261, #2676, .T. ) ;
#3140 = ORIENTED_EDGE ( 'NONE', *, *, #2137, .T. ) ;
#3141 = CARTESIAN_POINT ( 'NONE',  ( 5.086706689229273159, 1.152683709685425884, 0.1181102362204724671 ) ) ;
#3142 = CARTESIAN_POINT ( 'NONE',  ( 4.764190944881890211, 0.4324905511811023562, 0.1181102362204724532 ) ) ;
#3143 = B_SPLINE_CURVE_WITH_KNOTS ( 'NONE', 3,
 ( #2419, #4486, #27, #3779 ),
 .UNSPECIFIED., .F., .F.,
 ( 4, 4 ),
 ( 0.000000000000000000, 0.8732491571692871934 ),
 .UNSPECIFIED. ) ;
#3144 = EDGE_CURVE ( 'NONE', #30, #2771, #3715, .T. ) ;
#3145 = EDGE_CURVE ( 'NONE', #2768, #1325, #1185, .T. ) ;
#3146 = CARTESIAN_POINT ( 'NONE',  ( 4.683044488188977006, 0.2666637795275590417, 0.000000000000000000 ) ) ;
#3147 = LINE ( 'NONE', #33, #1570 ) ;
#3148 = ORIENTED_EDGE ( 'NONE', *, *, #867, .F. ) ;
#3149 = DIRECTION ( 'NONE',  ( 0.000000000000000000, 1.000000000000000000, -0.000000000000000000 ) ) ;
#3150 = CARTESIAN_POINT ( 'NONE',  ( 0.7398190014593554187, 0.1826887459110669576, 0.05905511811023620578 ) ) ;
#3151 = ORIENTED_EDGE ( 'NONE', *, *, #4007, .T. ) ;
#3152 = VERTEX_POINT ( 'NONE', #1689 ) ;
#3153 = CARTESIAN_POINT ( 'NONE',  ( 5.136474409448819500, 4.528952952755905592, 0.1181102362204724532 ) ) ;
#3154 = VERTEX_POINT ( 'NONE', #2421 ) ;
#3155 = B_SPLINE_CURVE_WITH_KNOTS ( 'NONE', 3,
 ( #2282, #3299, #3713, #3688 ),
 .UNSPECIFIED., .F., .F.,
 ( 4, 4 ),
 ( 0.000000000000000000, 0.8007385342521360361 ),
 .UNSPECIFIED. ) ;
#3156 = CARTESIAN_POINT ( 'NONE',  ( 4.417581889763779301, 3.992921850393700733, 0.1181102362204724532 ) ) ;
#3157 = CARTESIAN_POINT ( 'NONE',  ( 3.617370816464731575, 3.425058420156666728, 0.1181102362204724532 ) ) ;
#3158 = LINE ( 'NONE', #344, #2667 ) ;
#3159 = VERTEX_POINT ( 'NONE', #4444 ) ;
#3160 = VERTEX_POINT ( 'NONE', #2382 ) ;
#3161 = CARTESIAN_POINT ( 'NONE',  ( 3.276171533363321231, 2.852735505070764344, 0.1181102362204724532 ) ) ;
#3162 = DIRECTION ( 'NONE',  ( -0.000000000000000000, 0.000000000000000000, -1.000000000000000000 ) ) ;
#3163 = CIRCLE ( 'NONE', #43, 0.1275590551181102206 ) ;
#3164 = VECTOR ( 'NONE', #1154, 39.37007874015748143 ) ;
#3165 = CIRCLE ( 'NONE', #3746, 0.02755905511811020808 ) ;
#3166 = DIRECTION ( 'NONE',  ( 0.000000000000000000, 0.000000000000000000, -1.000000000000000000 ) ) ;
#3167 = PLANE ( 'NONE',  #3529 ) ;
#3168 = ORIENTED_EDGE ( 'NONE', *, *, #2587, .F. ) ;
#3169 = CARTESIAN_POINT ( 'NONE',  ( 5.251709055118110037, 2.414856259842519837, 0.000000000000000000 ) ) ;
#3170 = CYLINDRICAL_SURFACE ( 'NONE', #2803, 0.1275590551181102206 ) ;
#3171 = VERTEX_POINT ( 'NONE', #2077 ) ;
#3172 = CIRCLE ( 'NONE', #2523, 0.1275590551181102206 ) ;
#3173 = EDGE_CURVE ( 'NONE', #3096, #1055, #4488, .T. ) ;
#3174 = VECTOR ( 'NONE', #846, 39.37007874015748143 ) ;
#3175 = EDGE_CURVE ( 'NONE', #1314, #3480, #3418, .T. ) ;
#3176 = CARTESIAN_POINT ( 'NONE',  ( 2.601478149606299528, 1.541660543307086684, 0.1181102362204724532 ) ) ;
#3177 = VECTOR ( 'NONE', #1709, 39.37007874015748143 ) ;
#3178 = ORIENTED_EDGE ( 'NONE', *, *, #2403, .F. ) ;
#3179 = DIRECTION ( 'NONE',  ( 1.000000000000000000, 0.000000000000000000, 0.000000000000000000 ) ) ;
#3180 = ORIENTED_EDGE ( 'NONE', *, *, #3045, .F. ) ;
#3181 = ADVANCED_FACE ( 'NONE', ( #3761 ), #327, .F. ) ;
#3182 = CIRCLE ( 'NONE', #3614, 0.02755905511811047870 ) ;
#3183 = LINE ( 'NONE', #72, #989 ) ;
#3184 = AXIS2_PLACEMENT_3D ( 'NONE', #3906, #4242, #3179 ) ;
#3185 = CARTESIAN_POINT ( 'NONE',  ( 1.098634015748031656, 0.04023818897637792408, 0.000000000000000000 ) ) ;
#3186 = CARTESIAN_POINT ( 'NONE',  ( 4.793311811023622582, 1.372818503937008217, 0.1181102362204724532 ) ) ;
#3187 = ORIENTED_EDGE ( 'NONE', *, *, #2285, .T. ) ;
#3188 = ORIENTED_EDGE ( 'NONE', *, *, #1499, .F. ) ;
#3189 = LINE ( 'NONE', #2892, #3811 ) ;
#3190 = CARTESIAN_POINT ( 'NONE',  ( 1.651179904228215367, 1.246761753263092132, 0.1181102362204724532 ) ) ;
#3191 = LINE ( 'NONE', #1226, #3611 ) ;
#3192 = DIRECTION ( 'NONE',  ( 1.000000000000000000, 0.000000000000000000, 0.000000000000000000 ) ) ;
#3193 = ORIENTED_EDGE ( 'NONE', *, *, #1026, .T. ) ;
#3194 = CARTESIAN_POINT ( 'NONE',  ( 4.984959448818897521, 2.013946417322834748, 0.1181102362204724532 ) ) ;
#3195 = FACE_OUTER_BOUND ( 'NONE', #4393, .T. ) ;
#3196 = ORIENTED_EDGE ( 'NONE', *, *, #1552, .T. ) ;
#3197 = DIRECTION ( 'NONE',  ( -0.000000000000000000, 0.000000000000000000, 1.000000000000000000 ) ) ;
#3198 = DIRECTION ( 'NONE',  ( 0.000000000000000000, -0.000000000000000000, -1.000000000000000000 ) ) ;
#3199 = PRODUCT_RELATED_PRODUCT_CATEGORY ( 'part', '', ( #2132 ) ) ;
#3200 = ORIENTED_EDGE ( 'NONE', *, *, #1891, .T. ) ;
#3201 = EDGE_CURVE ( 'NONE', #540, #2104, #2527, .T. ) ;
#3202 = DIRECTION ( 'NONE',  ( -1.000000000000000000, 0.000000000000000000, 0.000000000000000000 ) ) ;
#3203 = EDGE_LOOP ( 'NONE', ( #4446, #3234, #1073, #1011 ) ) ;
#3204 = EDGE_CURVE ( 'NONE', #3740, #3544, #2100, .T. ) ;
#3205 = EDGE_CURVE ( 'NONE', #2885, #691, #1875, .T. ) ;
#3206 = CARTESIAN_POINT ( 'NONE',  ( 1.809894414007325647, 3.386290311727977009, 0.000000000000000000 ) ) ;
#3207 = CARTESIAN_POINT ( 'NONE',  ( 5.062072440944882068, 2.559978307086614002, 0.1181102362204724532 ) ) ;
#3208 = CARTESIAN_POINT ( 'NONE',  ( 3.914103661417323465, 3.847636811023622094, 0.000000000000000000 ) ) ;
#3209 = CARTESIAN_POINT ( 'NONE',  ( 5.455396062992125650, 2.761503503937008386, 0.1181102362204724532 ) ) ;
#3210 = ORIENTED_EDGE ( 'NONE', *, *, #948, .T. ) ;
#3211 = CARTESIAN_POINT ( 'NONE',  ( 5.269246456692913583, 4.058046259842519987, 0.000000000000000000 ) ) ;
#3212 = CARTESIAN_POINT ( 'NONE',  ( 3.389284135565662659, 1.019486127362046135, 0.1181102362204724532 ) ) ;
#3213 = EDGE_LOOP ( 'NONE', ( #2281, #2417, #3579, #494 ) ) ;
#3214 = FACE_OUTER_BOUND ( 'NONE', #3736, .T. ) ;
#3215 = CARTESIAN_POINT ( 'NONE',  ( 3.758720060333228474, 3.122214463287400932, 0.1181102362204724532 ) ) ;
#3216 = CARTESIAN_POINT ( 'NONE',  ( 4.823529387747520047, 2.107373611081008402, 0.000000000000000000 ) ) ;
#3217 = CYLINDRICAL_SURFACE ( 'NONE', #3100, 0.1275590551181104981 ) ;
#3218 = EDGE_LOOP ( 'NONE', ( #2508, #3274, #1430, #2860 ) ) ;
#3219 = LINE ( 'NONE', #4264, #1359 ) ;
#3220 = DIRECTION ( 'NONE',  ( 1.000000000000000000, 0.000000000000000000, 0.000000000000000000 ) ) ;
#3221 = EDGE_LOOP ( 'NONE', ( #3422, #1948, #1571, #3768 ) ) ;
#3222 = CARTESIAN_POINT ( 'NONE',  ( 3.854345147520894521, 3.206636943960361030, 0.05905511811023622659 ) ) ;
#3223 = ORIENTED_EDGE ( 'NONE', *, *, #4065, .T. ) ;
#3224 = CARTESIAN_POINT ( 'NONE',  ( 4.683044488188977006, 0.2666637795275590417, 0.000000000000000000 ) ) ;
#3225 = LINE ( 'NONE', #2909, #2957 ) ;
#3226 = CARTESIAN_POINT ( 'NONE',  ( 0.4966240194162590549, 0.5195265099140117249, 0.000000000000000000 ) ) ;
#3227 = EDGE_CURVE ( 'NONE', #1821, #2428, #2973, .T. ) ;
#3228 = EDGE_CURVE ( 'NONE', #356, #3238, #4163, .T. ) ;
#3229 = ORIENTED_EDGE ( 'NONE', *, *, #3173, .F. ) ;
#3230 = B_SPLINE_CURVE_WITH_KNOTS ( 'NONE', 3,
 ( #152, #1144, #3920, #801 ),
 .UNSPECIFIED., .F., .F.,
 ( 4, 4 ),
 ( 0.000000000000000000, 0.9805900507926043064 ),
 .UNSPECIFIED. ) ;
#3231 = DIRECTION ( 'NONE',  ( 1.000000000000000000, 0.000000000000000000, 0.000000000000000000 ) ) ;
#3232 = CARTESIAN_POINT ( 'NONE',  ( 5.062072440944882068, 2.559978307086614002, 0.1181102362204724532 ) ) ;
#3233 = ADVANCED_FACE ( 'NONE', ( #351 ), #4425, .F. ) ;
#3234 = ORIENTED_EDGE ( 'NONE', *, *, #2262, .T. ) ;
#3235 = CARTESIAN_POINT ( 'NONE',  ( 4.100607086614173724, 2.218303110236220288, 0.000000000000000000 ) ) ;
#3236 = CARTESIAN_POINT ( 'NONE',  ( 4.957952358604902798, 2.326893973494981616, 0.000000000000000000 ) ) ;
#3237 = CYLINDRICAL_SURFACE ( 'NONE', #2520, 0.02755905511811020808 ) ;
#3238 = VERTEX_POINT ( 'NONE', #2786 ) ;
#3239 = VECTOR ( 'NONE', #1302, 39.37007874015748143 ) ;
#3240 = DIRECTION ( 'NONE',  ( 0.000000000000000000, -1.000000000000000000, 0.000000000000000000 ) ) ;
#3241 = FACE_OUTER_BOUND ( 'NONE', #4420, .T. ) ;
#3242 = ORIENTED_EDGE ( 'NONE', *, *, #4089, .F. ) ;
#3243 = CARTESIAN_POINT ( 'NONE',  ( 3.510363494389712624, 3.494490009256717045, 0.1181102362204724532 ) ) ;
#3244 = AXIS2_PLACEMENT_3D ( 'NONE', #2776, #298, #4156 ) ;
#3245 = CIRCLE ( 'NONE', #4407, 0.02755905511811020808 ) ;
#3246 = VERTEX_POINT ( 'NONE', #1647 ) ;
#3247 = AXIS2_PLACEMENT_3D ( 'NONE', #2009, #2355, #4079 ) ;
#3248 = AXIS2_PLACEMENT_3D ( 'NONE', #3127, #328, #4465 ) ;
#3249 = CARTESIAN_POINT ( 'NONE',  ( 3.361102795590551473, 2.648037330708661319, 0.1181102362204724532 ) ) ;
#3250 = CARTESIAN_POINT ( 'NONE',  ( 0.8661303240570773498, 3.458089494901217531, 0.000000000000000000 ) ) ;
#3251 = CARTESIAN_POINT ( 'NONE',  ( 0.5294868985154915775, 1.921746044868376302, 0.1181102362204724532 ) ) ;
#3252 = AXIS2_PLACEMENT_3D ( 'NONE', #2630, #4011, #3351 ) ;
#3253 = CARTESIAN_POINT ( 'NONE',  ( 1.979587219797415365, 3.482561485431520776, 0.1181102362204724532 ) ) ;
#3254 = ORIENTED_EDGE ( 'NONE', *, *, #3071, .F. ) ;
#3255 = CARTESIAN_POINT ( 'NONE',  ( 0.1321305963413642315, 4.889772430467427711, 0.1181102362204724532 ) ) ;
#3256 = EDGE_CURVE ( 'NONE', #177, #2410, #1304, .T. ) ;
#3257 = EDGE_CURVE ( 'NONE', #3379, #3991, #13, .T. ) ;
#3258 = LINE ( 'NONE', #434, #3679 ) ;
#3259 = VECTOR ( 'NONE', #1533, 39.37007874015748854 ) ;
#3260 = ORIENTED_EDGE ( 'NONE', *, *, #1087, .F. ) ;
#3261 = DIRECTION ( 'NONE',  ( -1.000000000000000000, 0.000000000000000000, 0.000000000000000000 ) ) ;
#3262 = EDGE_CURVE ( 'NONE', #3630, #2054, #3109, .T. ) ;
#3263 = CARTESIAN_POINT ( 'NONE',  ( 0.6486851968503937194, 1.924837755905511871, 0.000000000000000000 ) ) ;
#3264 = CARTESIAN_POINT ( 'NONE',  ( 3.231001708845286480, 3.515002042995030163, 0.1181102362204724532 ) ) ;
#3265 = CARTESIAN_POINT ( 'NONE',  ( -0.1466480498608165595, 0.5170241290322937777, 0.000000000000000000 ) ) ;
#3266 = PLANE ( 'NONE',  #1501 ) ;
#3267 = DIRECTION ( 'NONE',  ( 0.000000000000000000, 0.000000000000000000, -1.000000000000000000 ) ) ;
#3268 = ORIENTED_EDGE ( 'NONE', *, *, #3117, .T. ) ;
#3269 = CARTESIAN_POINT ( 'NONE',  ( 2.376754713219606074, 0.8011040263868952627, 0.000000000000000000 ) ) ;
#3270 = ORIENTED_EDGE ( 'NONE', *, *, #725, .T. ) ;
#3271 = LINE ( 'NONE', #1607, #696 ) ;
#3272 = CARTESIAN_POINT ( 'NONE',  ( 4.823529387747520047, 2.107373611081008402, 0.000000000000000000 ) ) ;
#3273 = CARTESIAN_POINT ( 'NONE',  ( 4.793311811023622582, 1.372818503937008217, 0.1181102362204724532 ) ) ;
#3274 = ORIENTED_EDGE ( 'NONE', *, *, #3335, .T. ) ;
#3275 = CARTESIAN_POINT ( 'NONE',  ( 3.356186464276504022, 0.8214839697780869088, 0.000000000000000000 ) ) ;
#3276 = DIRECTION ( 'NONE',  ( 1.000000000000000000, 0.000000000000000000, 0.000000000000000000 ) ) ;
#3277 = VERTEX_POINT ( 'NONE', #4081 ) ;
#3278 = DIRECTION ( 'NONE',  ( 0.000000000000000000, -0.000000000000000000, 1.000000000000000000 ) ) ;
#3279 = CARTESIAN_POINT ( 'NONE',  ( 3.094925255419156862, 0.8270573879133089612, 0.000000000000000000 ) ) ;
#3280 = VERTEX_POINT ( 'NONE', #2405 ) ;
#3281 = EDGE_CURVE ( 'NONE', #1080, #540, #288, .T. ) ;
#3282 = ADVANCED_FACE ( 'NONE', ( #2766 ), #3782, .F. ) ;
#3283 = LINE ( 'NONE', #1943, #275 ) ;
#3284 = LINE ( 'NONE', #491, #132 ) ;
#3285 = VERTEX_POINT ( 'NONE', #1323 ) ;
#3286 = CARTESIAN_POINT ( 'NONE',  ( 1.651179904228215367, 1.246761753263092132, 0.000000000000000000 ) ) ;
#3287 = ORIENTED_EDGE ( 'NONE', *, *, #582, .F. ) ;
#3288 = ORIENTED_EDGE ( 'NONE', *, *, #3758, .F. ) ;
#3289 = CARTESIAN_POINT ( 'NONE',  ( 1.230387952755905623, 4.013449015748031812, 0.1181102362204724532 ) ) ;
#3290 = CARTESIAN_POINT ( 'NONE',  ( 1.098632834645669298, 0.04024291338582677152, 0.000000000000000000 ) ) ;
#3291 = CARTESIAN_POINT ( 'NONE',  ( 5.129921653543306981, 2.207590511811023948, 0.1181102362204724532 ) ) ;
#3292 = DIRECTION ( 'NONE',  ( -0.000000000000000000, 0.000000000000000000, 1.000000000000000000 ) ) ;
#3293 = B_SPLINE_CURVE_WITH_KNOTS ( 'NONE', 2,
 ( #1016, #397, #2453 ),
 .UNSPECIFIED., .F., .F.,
 ( 3, 3 ),
 ( 0.000000000000000000, 1.000000000000000000 ),
 .UNSPECIFIED. ) ;
#3294 = VERTEX_POINT ( 'NONE', #2721 ) ;
#3295 = CARTESIAN_POINT ( 'NONE',  ( 4.355882947045185638, -0.04222821879130904399, 0.1181102362204724532 ) ) ;
#3296 = CARTESIAN_POINT ( 'NONE',  ( 2.157709124446636206, 1.509967030382331155, 0.1181102362204724532 ) ) ;
#3297 = CARTESIAN_POINT ( 'NONE',  ( 3.753690247579622774, 3.284994481315981929, 0.000000000000000000 ) ) ;
#3298 = ORIENTED_EDGE ( 'NONE', *, *, #2455, .T. ) ;
#3299 = CARTESIAN_POINT ( 'NONE',  ( 3.810073224253964774, 3.710462734072836444, 0.000000000000000000 ) ) ;
#3300 = CARTESIAN_POINT ( 'NONE',  ( 1.098634015748031656, 0.04023818897637794489, 0.000000000000000000 ) ) ;
#3301 = CARTESIAN_POINT ( 'NONE',  ( 0.01117062992125984235, 3.924353346456692648, 0.1181102362204724532 ) ) ;
#3302 = CYLINDRICAL_SURFACE ( 'NONE', #3322, 0.02755905511811020808 ) ;
#3303 = CARTESIAN_POINT ( 'NONE',  ( 1.368958744654897863, 2.596495162600437556, 0.1181102362204724532 ) ) ;
#3304 = ORIENTED_EDGE ( 'NONE', *, *, #2623, .T. ) ;
#3305 = CARTESIAN_POINT ( 'NONE',  ( 3.711077581966083283, 3.569478419275450509, 0.1181102362204724532 ) ) ;
#3306 = EDGE_CURVE ( 'NONE', #4439, #1602, #3624, .T. ) ;
#3307 = EDGE_CURVE ( 'NONE', #3031, #3515, #3437, .T. ) ;
#3308 = VERTEX_POINT ( 'NONE', #2873 ) ;
#3309 = VECTOR ( 'NONE', #2189, 39.37007874015748143 ) ;
#3310 = B_SPLINE_CURVE_WITH_KNOTS ( 'NONE', 3,
 ( #273, #247, #1628, #4453 ),
 .UNSPECIFIED., .F., .F.,
 ( 4, 4 ),
 ( 0.2179443242169794570, 1.000000000000000000 ),
 .UNSPECIFIED. ) ;
#3311 = ORIENTED_EDGE ( 'NONE', *, *, #3948, .F. ) ;
#3312 = FACE_BOUND ( 'NONE', #1679, .T. ) ;
#3313 = DIRECTION ( 'NONE',  ( -0.000000000000000000, 0.000000000000000000, 1.000000000000000000 ) ) ;
#3314 = ADVANCED_FACE ( 'NONE', ( #371 ), #719, .F. ) ;
#3315 = CARTESIAN_POINT ( 'NONE',  ( 5.270687401574803310, 3.026987755905512500, 0.1181102362204724532 ) ) ;
#3316 = CARTESIAN_POINT ( 'NONE',  ( 2.014812424519556444, -0.6078935408562687881, 0.000000000000000000 ) ) ;
#3317 = VECTOR ( 'NONE', #233, 39.37007874015748143 ) ;
#3318 = VECTOR ( 'NONE', #484, 39.37007874015748854 ) ;
#3319 = EDGE_LOOP ( 'NONE', ( #7, #1880, #1069, #1698 ) ) ;
#3320 = CARTESIAN_POINT ( 'NONE',  ( 2.099675629606299498, 1.669219598425196960, 0.1181102362204724532 ) ) ;
#3321 = DIRECTION ( 'NONE',  ( 1.000000000000000000, 0.000000000000000000, 0.000000000000000000 ) ) ;
#3322 = AXIS2_PLACEMENT_3D ( 'NONE', #873, #263, #2938 ) ;
#3323 = CARTESIAN_POINT ( 'NONE',  ( 1.880458700472441347, 2.134269094488189022, 0.1181102362204724532 ) ) ;
#3324 = AXIS2_PLACEMENT_3D ( 'NONE', #2706, #2994, #4360 ) ;
#3325 = EDGE_LOOP ( 'NONE', ( #2779, #1823, #2993, #3041 ) ) ;
#3326 = LINE ( 'NONE', #574, #1275 ) ;
#3327 = CARTESIAN_POINT ( 'NONE',  ( 1.098634015748031656, 0.04023818897637794489, 0.1181102362204724532 ) ) ;
#3328 = CARTESIAN_POINT ( 'NONE',  ( 0.8661303240570773498, 3.458089494901217531, 0.1181102362204724532 ) ) ;
#3329 = VECTOR ( 'NONE', #2558, 39.37007874015748143 ) ;
#3330 = DIRECTION ( 'NONE',  ( 1.000000000000000000, 0.000000000000000000, 0.000000000000000000 ) ) ;
#3331 = DIRECTION ( 'NONE',  ( 1.000000000000000000, 0.000000000000000000, 0.000000000000000000 ) ) ;
#3332 = ORIENTED_EDGE ( 'NONE', *, *, #29, .F. ) ;
#3333 = CARTESIAN_POINT ( 'NONE',  ( 3.810073224253964774, 3.710462734072836444, 0.1181102362204724532 ) ) ;
#3334 = ORIENTED_EDGE ( 'NONE', *, *, #4233, .F. ) ;
#3335 = EDGE_CURVE ( 'NONE', #463, #2792, #2955, .T. ) ;
#3336 = EDGE_CURVE ( 'NONE', #3796, #2430, #2868, .T. ) ;
#3337 = ORIENTED_EDGE ( 'NONE', *, *, #2480, .F. ) ;
#3338 = LINE ( 'NONE', #4068, #4487 ) ;
#3339 = LINE ( 'NONE', #2995, #2883 ) ;
#3340 = CARTESIAN_POINT ( 'NONE',  ( 1.230387952755905623, 4.013449015748031812, 0.1181102362204724532 ) ) ;
#3341 = ORIENTED_EDGE ( 'NONE', *, *, #1012, .T. ) ;
#3342 = EDGE_CURVE ( 'NONE', #2960, #90, #2091, .T. ) ;
#3343 = EDGE_CURVE ( 'NONE', #2044, #1691, #3500, .T. ) ;
#3344 = DIRECTION ( 'NONE',  ( 1.000000000000000000, 0.000000000000000000, 0.000000000000000000 ) ) ;
#3345 = CARTESIAN_POINT ( 'NONE',  ( 2.099675629606299498, 1.541660543307086684, 0.000000000000000000 ) ) ;
#3346 = CARTESIAN_POINT ( 'NONE',  ( 5.593585039370078782, 3.145923188976377460, 0.000000000000000000 ) ) ;
#3347 = VERTEX_POINT ( 'NONE', #459 ) ;
#3348 = CARTESIAN_POINT ( 'NONE',  ( 3.351301274095412452, 1.669219598425196960, 0.1181102362204724532 ) ) ;
#3349 = DIRECTION ( 'NONE',  ( 1.000000000000000000, 0.000000000000000000, 0.000000000000000000 ) ) ;
#3350 = CARTESIAN_POINT ( 'NONE',  ( 2.339371069028487682, 2.892749753178713856, 0.1181102362204724532 ) ) ;
#3351 = DIRECTION ( 'NONE',  ( 1.000000000000000000, 0.000000000000000000, 0.000000000000000000 ) ) ;
#3352 = DIRECTION ( 'NONE',  ( 0.000000000000000000, -0.000000000000000000, -1.000000000000000000 ) ) ;
#3353 = ORIENTED_EDGE ( 'NONE', *, *, #1472, .F. ) ;
#3354 = DIRECTION ( 'NONE',  ( -0.1150760398562655357, 0.9933566857131426175, 0.000000000000000000 ) ) ;
#3355 = ORIENTED_EDGE ( 'NONE', *, *, #3398, .T. ) ;
#3356 = ORIENTED_EDGE ( 'NONE', *, *, #3072, .T. ) ;
#3357 = CARTESIAN_POINT ( 'NONE',  ( 0.000000000000000000, 0.000000000000000000, 0.000000000000000000 ) ) ;
#3358 = FACE_OUTER_BOUND ( 'NONE', #2020, .T. ) ;
#3359 = CARTESIAN_POINT ( 'NONE',  ( 4.641471259842520070, 4.191513976377953199, 0.1181102362204724532 ) ) ;
#3360 = FACE_OUTER_BOUND ( 'NONE', #1963, .T. ) ;
#3361 = B_SPLINE_CURVE_WITH_KNOTS ( 'NONE', 3,
 ( #78, #1157, #1454, #3545 ),
 .UNSPECIFIED., .F., .F.,
 ( 4, 4 ),
 ( 0.000000000000000000, 0.9544573945241723312 ),
 .UNSPECIFIED. ) ;
#3362 = B_SPLINE_SURFACE_WITH_KNOTS ( 'NONE', 3, 1, ( 
 ( #538, #4410 ),
 ( #1929, #834 ),
 ( #3315, #2472 ),
 ( #2125, #1121 ) ),
 .UNSPECIFIED., .F., .F., .F.,
 ( 4, 4 ),
 ( 2, 2 ),
 ( 0.000000000000000000, 1.000000000000000000 ),
 ( 0.000000000000000000, 1.000000000000000000 ),
 .UNSPECIFIED. ) ;
#3363 = DIRECTION ( 'NONE',  ( -1.000000000000000000, 0.000000000000000000, 0.000000000000000000 ) ) ;
#3364 = FACE_OUTER_BOUND ( 'NONE', #4432, .T. ) ;
#3365 = DIRECTION ( 'NONE',  ( -0.9633781717566526348, -0.2681464118402657748, 0.000000000000000000 ) ) ;
#3366 = ADVANCED_FACE ( 'NONE', ( #1409 ), #1827, .T. ) ;
#3367 = ORIENTED_EDGE ( 'NONE', *, *, #3336, .T. ) ;
#3368 = EDGE_CURVE ( 'NONE', #63, #2914, #3191, .T. ) ;
#3369 = ORIENTED_EDGE ( 'NONE', *, *, #316, .F. ) ;
#3370 = VERTEX_POINT ( 'NONE', #2536 ) ;
#3371 = DIRECTION ( 'NONE',  ( 0.000000000000000000, -0.000000000000000000, -1.000000000000000000 ) ) ;
#3372 = CARTESIAN_POINT ( 'NONE',  ( 1.222194638909789077, 4.422441863345863311, 0.1181102362204724532 ) ) ;
#3373 = EDGE_CURVE ( 'NONE', #674, #2050, #3572, .T. ) ;
#3374 = CARTESIAN_POINT ( 'NONE',  ( 1.908017755590551534, 2.333435236220472664, 0.000000000000000000 ) ) ;
#3375 = CARTESIAN_POINT ( 'NONE',  ( -0.000000000000000000, 2.333436023622047273, 0.000000000000000000 ) ) ;
#3376 = ORIENTED_EDGE ( 'NONE', *, *, #1729, .T. ) ;
#3377 = DIRECTION ( 'NONE',  ( -0.000000000000000000, -0.000000000000000000, -1.000000000000000000 ) ) ;
#3378 = ORIENTED_EDGE ( 'NONE', *, *, #1699, .T. ) ;
#3379 = VERTEX_POINT ( 'NONE', #2466 ) ;
#3380 = CARTESIAN_POINT ( 'NONE',  ( 4.466587007874016635, 0.2578145669291339037, 0.1181102362204724532 ) ) ;
#3381 = CARTESIAN_POINT ( 'NONE',  ( 1.470010787401574648, 0.2367854330708661914, 0.1181102362204724532 ) ) ;
#3382 = AXIS2_PLACEMENT_3D ( 'NONE', #3568, #52, #3231 ) ;
#3383 = ORIENTED_EDGE ( 'NONE', *, *, #1918, .F. ) ;
#3384 = VECTOR ( 'NONE', #205, 39.37007874015748143 ) ;
#3385 = CARTESIAN_POINT ( 'NONE',  ( 0.3800012712911366997, 5.336629991817026131, 0.000000000000000000 ) ) ;
#3386 = CARTESIAN_POINT ( 'NONE',  ( 0.5662225984251968436, 1.727081850393701101, 0.000000000000000000 ) ) ;
#3387 = LINE ( 'NONE', #1726, #1716 ) ;
#3388 = VECTOR ( 'NONE', #4348, 39.37007874015748143 ) ;
#3389 = VERTEX_POINT ( 'NONE', #101 ) ;
#3390 = ORIENTED_EDGE ( 'NONE', *, *, #3664, .F. ) ;
#3391 = CIRCLE ( 'NONE', #2751, 0.02755905511811047870 ) ;
#3392 = AXIS2_PLACEMENT_3D ( 'NONE', #1167, #3352, #2289 ) ;
#3393 = ADVANCED_FACE ( 'NONE', ( #1776 ), #2998, .F. ) ;
#3394 = ORIENTED_EDGE ( 'NONE', *, *, #2089, .F. ) ;
#3395 = CARTESIAN_POINT ( 'NONE',  ( 3.428161929133858532, 0.4360153543307087043, 0.1181102362204724532 ) ) ;
#3396 = DIRECTION ( 'NONE',  ( 0.9698726352278501661, -0.2436125436757832774, 0.000000000000000000 ) ) ;
#3397 = AXIS2_PLACEMENT_3D ( 'NONE', #3357, #879, #1586 ) ;
#3398 = EDGE_CURVE ( 'NONE', #1354, #2041, #885, .T. ) ;
#3399 = CARTESIAN_POINT ( 'NONE',  ( 2.099675629606299498, 1.541660543307086684, 0.1181102362204724532 ) ) ;
#3400 = CARTESIAN_POINT ( 'NONE',  ( 1.525648744053453187, 2.955869089052619358, 0.000000000000000000 ) ) ;
#3401 = AXIS2_PLACEMENT_3D ( 'NONE', #2340, #3992, #897 ) ;
#3402 = ORIENTED_EDGE ( 'NONE', *, *, #647, .F. ) ;
#3403 = DIRECTION ( 'NONE',  ( 0.000000000000000000, -0.000000000000000000, -1.000000000000000000 ) ) ;
#3404 = EDGE_LOOP ( 'NONE', ( #1244, #1836, #1739, #3098 ) ) ;
#3405 = ORIENTED_EDGE ( 'NONE', *, *, #3423, .F. ) ;
#3406 = CARTESIAN_POINT ( 'NONE',  ( 3.361102795590551473, 2.775596385826771595, 0.1181102362204724532 ) ) ;
#3407 = CARTESIAN_POINT ( 'NONE',  ( 2.275684880729342829, 0.6029691691933540820, 0.1181102362204724532 ) ) ;
#3408 = ORIENTED_EDGE ( 'NONE', *, *, #2739, .F. ) ;
#3409 = FACE_OUTER_BOUND ( 'NONE', #3325, .T. ) ;
#3410 = FACE_OUTER_BOUND ( 'NONE', #2353, .T. ) ;
#3411 = DIRECTION ( 'NONE',  ( -0.000000000000000000, 0.000000000000000000, -1.000000000000000000 ) ) ;
#3412 = DIRECTION ( 'NONE',  ( -0.000000000000000000, -0.000000000000000000, -1.000000000000000000 ) ) ;
#3413 = ORIENTED_EDGE ( 'NONE', *, *, #2286, .F. ) ;
#3414 = EDGE_LOOP ( 'NONE', ( #1017, #3073, #3581, #76 ) ) ;
#3415 = CARTESIAN_POINT ( 'NONE',  ( 3.370555784727222726, 0.4883629227945459061, 0.1181102362204724532 ) ) ;
#3416 = CARTESIAN_POINT ( 'NONE',  ( 3.541404764094488122, 2.134269881889763631, 0.1181102362204724532 ) ) ;
#3417 = B_SPLINE_CURVE_WITH_KNOTS ( 'NONE', 3,
 ( #146, #118, #3914, #3211 ),
 .UNSPECIFIED., .F., .F.,
 ( 4, 4 ),
 ( 0.000000000000000000, 1.000000000000000000 ),
 .UNSPECIFIED. ) ;
#3418 = LINE ( 'NONE', #3399, #3904 ) ;
#3419 = CARTESIAN_POINT ( 'NONE',  ( 1.968478129924528419, 0.5701823769493704619, 0.1181102362204724532 ) ) ;
#3420 = ORIENTED_EDGE ( 'NONE', *, *, #3472, .T. ) ;
#3421 = CARTESIAN_POINT ( 'NONE',  ( 4.764190944881890211, 0.4324905511811023562, 0.1181102362204724532 ) ) ;
#3422 = ORIENTED_EDGE ( 'NONE', *, *, #923, .F. ) ;
#3423 = EDGE_CURVE ( 'NONE', #3152, #3246, #2276, .T. ) ;
#3424 = ADVANCED_FACE ( 'NONE', ( #3214 ), #1070, .T. ) ;
#3425 = ORIENTED_EDGE ( 'NONE', *, *, #4455, .F. ) ;
#3426 = CARTESIAN_POINT ( 'NONE',  ( 5.504610778162939866, 5.331833637462750630, 0.1181102362204724532 ) ) ;
#3427 = CARTESIAN_POINT ( 'NONE',  ( 5.139799744262353087, 0.5490210346335827607, -1.707404996040164512E-17 ) ) ;
#3428 = VERTEX_POINT ( 'NONE', #749 ) ;
#3429 = EDGE_CURVE ( 'NONE', #957, #4181, #1725, .T. ) ;
#3430 = CYLINDRICAL_SURFACE ( 'NONE', #480, 0.02755905511811047870 ) ;
#3431 = DIRECTION ( 'NONE',  ( 0.000000000000000000, 0.000000000000000000, 1.000000000000000000 ) ) ;
#3432 = CARTESIAN_POINT ( 'NONE',  ( -0.000000000000000000, 2.333435236220472664, 0.000000000000000000 ) ) ;
#3433 = ORIENTED_EDGE ( 'NONE', *, *, #3447, .T. ) ;
#3434 = ORIENTED_EDGE ( 'NONE', *, *, #3765, .F. ) ;
#3435 = CARTESIAN_POINT ( 'NONE',  ( 1.809894414007323871, 3.386290311727979230, 0.1181102362204724532 ) ) ;
#3436 = CARTESIAN_POINT ( 'NONE',  ( 0.6184677461302547918, 0.1433798999260150198, 0.1181102362204724532 ) ) ;
#3437 = LINE ( 'NONE', #32, #1578 ) ;
#3438 = CARTESIAN_POINT ( 'NONE',  ( 0.2721564566929133844, 3.485636811023621995, 0.1181102362204724532 ) ) ;
#3439 = ORIENTED_EDGE ( 'NONE', *, *, #773, .T. ) ;
#3440 = CARTESIAN_POINT ( 'NONE',  ( 2.985732064232623717, 3.584121905965611088, 0.000000000000000000 ) ) ;
#3441 = EDGE_LOOP ( 'NONE', ( #1048, #4469, #3337, #966 ) ) ;
#3442 = ADVANCED_FACE ( 'NONE', ( #2301 ), #1593, .T. ) ;
#3443 = ORIENTED_EDGE ( 'NONE', *, *, #1026, .F. ) ;
#3444 = ADVANCED_FACE ( 'NONE', ( #1296 ), #3682, .F. ) ;
#3445 = CARTESIAN_POINT ( 'NONE',  ( 4.100602095883235876, 1.714747270605580631, 0.000000000000000000 ) ) ;
#3446 = VERTEX_POINT ( 'NONE', #4436 ) ;
#3447 = EDGE_CURVE ( 'NONE', #2269, #245, #2652, .T. ) ;
#3448 = DIRECTION ( 'NONE',  ( -0.000000000000000000, -0.000000000000000000, -1.000000000000000000 ) ) ;
#3449 = DIRECTION ( 'NONE',  ( 1.000000000000000000, 0.000000000000000000, 0.000000000000000000 ) ) ;
#3450 = DIRECTION ( 'NONE',  ( 0.000000000000000000, 0.000000000000000000, 1.000000000000000000 ) ) ;
#3451 = DIRECTION ( 'NONE',  ( -1.000000000000000000, 0.000000000000000000, 0.000000000000000000 ) ) ;
#3452 = AXIS2_PLACEMENT_3D ( 'NONE', #1037, #1337, #1316 ) ;
#3453 = VERTEX_POINT ( 'NONE', #1979 ) ;
#3454 = ORIENTED_EDGE ( 'NONE', *, *, #2705, .F. ) ;
#3455 = CARTESIAN_POINT ( 'NONE',  ( 3.094925255419156862, 0.8270573879133089612, 0.1181102362204724532 ) ) ;
#3456 = VECTOR ( 'NONE', #1557, 39.37007874015748143 ) ;
#3457 = CARTESIAN_POINT ( 'NONE',  ( 0.4166452777375456162, 0.9177295614146240288, 0.1181102362204724532 ) ) ;
#3458 = VECTOR ( 'NONE', #119, 39.37007874015748143 ) ;
#3459 = MECHANICAL_DESIGN_GEOMETRIC_PRESENTATION_REPRESENTATION (  '', ( #1061 ), #2746 ) ;
#3460 = CARTESIAN_POINT ( 'NONE',  ( 0.4758540944881889945, 1.307385826771653381, 0.000000000000000000 ) ) ;
#3461 = CARTESIAN_POINT ( 'NONE',  ( 0.5148119685039370674, 4.612122637795275537, 0.1181102362204724532 ) ) ;
#3462 = EDGE_LOOP ( 'NONE', ( #1464, #810, #1527, #108 ) ) ;
#3463 = DIRECTION ( 'NONE',  ( -1.000000000000000000, 0.000000000000000000, 0.000000000000000000 ) ) ;
#3464 = AXIS2_PLACEMENT_3D ( 'NONE', #3251, #3860, #429 ) ;
#3465 = ORIENTED_EDGE ( 'NONE', *, *, #1224, .T. ) ;
#3466 = VECTOR ( 'NONE', #3134, 39.37007874015748143 ) ;
#3467 = ORIENTED_EDGE ( 'NONE', *, *, #1364, .T. ) ;
#3468 = CARTESIAN_POINT ( 'NONE',  ( 2.584461630286509326, 0.8589621062585589550, 0.000000000000000000 ) ) ;
#3469 = B_SPLINE_CURVE_WITH_KNOTS ( 'NONE', 3,
 ( #2917, #3264, #802, #3921 ),
 .UNSPECIFIED., .F., .F.,
 ( 4, 4 ),
 ( 0.1411526523680503853, 0.9999999999999998890 ),
 .UNSPECIFIED. ) ;
#3470 = ORIENTED_EDGE ( 'NONE', *, *, #2203, .T. ) ;
#3471 = AXIS2_PLACEMENT_3D ( 'NONE', #1854, #3536, #1188 ) ;
#3472 = EDGE_CURVE ( 'NONE', #245, #3171, #3566, .T. ) ;
#3473 = AXIS2_PLACEMENT_3D ( 'NONE', #1895, #2335, #3642 ) ;
#3474 = DIRECTION ( 'NONE',  ( -0.000000000000000000, 0.000000000000000000, 1.000000000000000000 ) ) ;
#3475 = CARTESIAN_POINT ( 'NONE',  ( 3.194512851847567170, 1.142014197934250186, 0.000000000000000000 ) ) ;
#3476 = CARTESIAN_POINT ( 'NONE',  ( 3.444115127050976000, 3.385483283007476807, 0.000000000000000000 ) ) ;
#3477 = EDGE_CURVE ( 'NONE', #63, #1806, #4048, .T. ) ;
#3478 = EDGE_CURVE ( 'NONE', #2788, #3246, #4270, .T. ) ;
#3479 = ORIENTED_EDGE ( 'NONE', *, *, #451, .T. ) ;
#3480 = VERTEX_POINT ( 'NONE', #4456 ) ;
#3481 = CARTESIAN_POINT ( 'NONE',  ( 3.515612348852827473, 2.079151771653543257, 0.000000000000000000 ) ) ;
#3482 = LINE ( 'NONE', #2402, #2449 ) ;
#3483 = CARTESIAN_POINT ( 'NONE',  ( 2.130461963536770753, 1.514101488188976496, 0.000000000000000000 ) ) ;
#3484 = DIRECTION ( 'NONE',  ( 0.000000000000000000, 0.000000000000000000, 1.000000000000000000 ) ) ;
#3485 = ORIENTED_EDGE ( 'NONE', *, *, #4308, .T. ) ;
#3486 = CARTESIAN_POINT ( 'NONE',  ( 2.894249662104146470, 0.8594956149372176002, 0.000000000000000000 ) ) ;
#3487 = ORIENTED_EDGE ( 'NONE', *, *, #3835, .F. ) ;
#3488 = ORIENTED_EDGE ( 'NONE', *, *, #692, .F. ) ;
#3489 = CARTESIAN_POINT ( 'NONE',  ( 5.269246456692913583, 4.058046259842519987, 0.1181102362204724532 ) ) ;
#3490 = ORIENTED_EDGE ( 'NONE', *, *, #3257, .T. ) ;
#3491 = DIRECTION ( 'NONE',  ( -0.000000000000000000, 0.000000000000000000, 1.000000000000000000 ) ) ;
#3492 = CARTESIAN_POINT ( 'NONE',  ( 0.2597182677165354447, 3.873392322834645629, 0.1181102362204724532 ) ) ;
#3493 = LINE ( 'NONE', #3794, #2946 ) ;
#3494 = ORIENTED_EDGE ( 'NONE', *, *, #1335, .F. ) ;
#3495 = ORIENTED_EDGE ( 'NONE', *, *, #316, .T. ) ;
#3496 = CARTESIAN_POINT ( 'NONE',  ( 3.321263777293349762, 2.803155440944882226, 0.000000000000000000 ) ) ;
#3497 = EDGE_CURVE ( 'NONE', #2689, #38, #1611, .T. ) ;
#3498 = EDGE_CURVE ( 'NONE', #957, #521, #1245, .T. ) ;
#3499 = LINE ( 'NONE', #1025, #1056 ) ;
#3500 = LINE ( 'NONE', #3895, #495 ) ;
#3501 = LINE ( 'NONE', #4127, #3680 ) ;
#3502 = ORIENTED_EDGE ( 'NONE', *, *, #747, .F. ) ;
#3503 = EDGE_CURVE ( 'NONE', #1236, #1834, #637, .T. ) ;
#3504 = CARTESIAN_POINT ( 'NONE',  ( 3.275752267038861909, 1.498220763633351771, 0.1181102362204724532 ) ) ;
#3505 = CARTESIAN_POINT ( 'NONE',  ( 2.322326689659057752, 3.536705834017991990, 0.000000000000000000 ) ) ;
#3506 = ORIENTED_EDGE ( 'NONE', *, *, #672, .T. ) ;
#3507 = DIRECTION ( 'NONE',  ( 0.000000000000000000, 0.000000000000000000, 1.000000000000000000 ) ) ;
#3508 = EDGE_LOOP ( 'NONE', ( #4441, #2752, #3855, #2018 ) ) ;
#3509 = CARTESIAN_POINT ( 'NONE',  ( 5.241725590551181035, 4.219105314960629904, 0.1181102362204724532 ) ) ;
#3510 = ORIENTED_EDGE ( 'NONE', *, *, #2088, .F. ) ;
#3511 = CARTESIAN_POINT ( 'NONE',  ( 3.753690247579620110, 3.284994481315978820, 0.000000000000000000 ) ) ;
#3512 = CYLINDRICAL_SURFACE ( 'NONE', #4333, 0.02755905511811020808 ) ;
#3513 = CARTESIAN_POINT ( 'NONE',  ( 4.852519685039370145, 1.156720472440945002, 0.1181102362204724532 ) ) ;
#3514 = ORIENTED_EDGE ( 'NONE', *, *, #4430, .T. ) ;
#3515 = VERTEX_POINT ( 'NONE', #972 ) ;
#3516 = CARTESIAN_POINT ( 'NONE',  ( 0.01117062992125984235, 3.924353346456692648, 0.000000000000000000 ) ) ;
#3517 = CARTESIAN_POINT ( 'NONE',  ( 0.000000000000000000, 1.541660543307086684, 0.000000000000000000 ) ) ;
#3518 = VECTOR ( 'NONE', #2418, 39.37007874015748854 ) ;
#3519 = ADVANCED_FACE ( 'NONE', ( #3409 ), #2733, .T. ) ;
#3520 = EDGE_CURVE ( 'NONE', #4230, #3031, #1389, .T. ) ;
#3521 = AXIS2_PLACEMENT_3D ( 'NONE', #2887, #1083, #1468 ) ;
#3522 = AXIS2_PLACEMENT_3D ( 'NONE', #5, #2759, #47 ) ;
#3523 = DIRECTION ( 'NONE',  ( 0.000000000000000000, 0.000000000000000000, -1.000000000000000000 ) ) ;
#3524 = CYLINDRICAL_SURFACE ( 'NONE', #2952, 0.02755905511811047870 ) ;
#3525 = ORIENTED_EDGE ( 'NONE', *, *, #1341, .F. ) ;
#3526 = CARTESIAN_POINT ( 'NONE',  ( 4.874069698653331173, 4.928941520739157589, 0.1181102362204724809 ) ) ;
#3527 = CARTESIAN_POINT ( 'NONE',  ( 3.478828535269582911, 1.666371757130466591, 0.000000000000000000 ) ) ;
#3528 = ORIENTED_EDGE ( 'NONE', *, *, #2709, .F. ) ;
#3529 = AXIS2_PLACEMENT_3D ( 'NONE', #412, #58, #1503 ) ;
#3530 = EDGE_CURVE ( 'NONE', #2097, #2726, #1631, .T. ) ;
#3531 = ADVANCED_FACE ( 'NONE', ( #4024 ), #933, .F. ) ;
#3532 = CARTESIAN_POINT ( 'NONE',  ( 4.793311811023622582, 1.372818503937008217, 0.1181102362204724532 ) ) ;
#3533 = CARTESIAN_POINT ( 'NONE',  ( 3.031189774757862665, 1.541794090900347136, 0.000000000000000000 ) ) ;
#3534 = AXIS2_PLACEMENT_3D ( 'NONE', #299, #4438, #4137 ) ;
#3535 = ORIENTED_EDGE ( 'NONE', *, *, #698, .T. ) ;
#3536 = DIRECTION ( 'NONE',  ( 0.000000000000000000, -0.000000000000000000, -1.000000000000000000 ) ) ;
#3537 = ORIENTED_EDGE ( 'NONE', *, *, #1423, .F. ) ;
#3538 = VECTOR ( 'NONE', #4126, 39.37007874015748143 ) ;
#3539 = LINE ( 'NONE', #427, #2164 ) ;
#3540 = CARTESIAN_POINT ( 'NONE',  ( 5.355396850393701946, 3.553867125984252251, 0.1181102362204724532 ) ) ;
#3541 = CIRCLE ( 'NONE', #2095, 0.1275590551181104981 ) ;
#3542 = CARTESIAN_POINT ( 'NONE',  ( 3.303311322156972540, 1.498220763633351771, 0.1181102362204724532 ) ) ;
#3543 = DIRECTION ( 'NONE',  ( 0.000000000000000000, -0.000000000000000000, -1.000000000000000000 ) ) ;
#3544 = VERTEX_POINT ( 'NONE', #3053 ) ;
#3545 = CARTESIAN_POINT ( 'NONE',  ( 4.813688697942941630, 0.02377203455384251443, 0.1181102362204724532 ) ) ;
#3546 = CARTESIAN_POINT ( 'NONE',  ( 3.568963819212598754, 2.305876968503937086, 0.000000000000000000 ) ) ;
#3547 = ORIENTED_EDGE ( 'NONE', *, *, #1868, .F. ) ;
#3548 = B_SPLINE_SURFACE_WITH_KNOTS ( 'NONE', 3, 1, ( 
 ( #4357, #964 ),
 ( #944, #2651 ),
 ( #1902, #3286 ),
 ( #1624, #4428 ) ),
 .UNSPECIFIED., .F., .F., .F.,
 ( 4, 4 ),
 ( 2, 2 ),
 ( 0.000000000000000000, 0.9259086976058841234 ),
 ( 0.000000000000000000, 1.000000000000000000 ),
 .UNSPECIFIED. ) ;
#3549 = CARTESIAN_POINT ( 'NONE',  ( 5.766315069472105925, 4.138799533080570470, 0.000000000000000000 ) ) ;
#3550 = CARTESIAN_POINT ( 'NONE',  ( 3.329761085995828207, 1.541660543307086684, 0.1181102362204724532 ) ) ;
#3551 = CARTESIAN_POINT ( 'NONE',  ( 3.914103661417323465, 3.847636811023622094, 0.1181102362204724532 ) ) ;
#3552 = CARTESIAN_POINT ( 'NONE',  ( 3.370555784727222726, 0.4883629227945459061, 0.000000000000000000 ) ) ;
#3553 = ORIENTED_EDGE ( 'NONE', *, *, #2817, .T. ) ;
#3554 = DIRECTION ( 'NONE',  ( 1.000000000000000000, 0.000000000000000000, 0.000000000000000000 ) ) ;
#3555 = CARTESIAN_POINT ( 'NONE',  ( 3.758720060333228474, 3.122214463287400488, 0.1181102362204724532 ) ) ;
#3556 = EDGE_LOOP ( 'NONE', ( #3298, #3332, #3408, #4052 ) ) ;
#3557 = FACE_OUTER_BOUND ( 'NONE', #877, .T. ) ;
#3558 = EDGE_CURVE ( 'NONE', #2914, #2741, #4271, .T. ) ;
#3559 = ADVANCED_FACE ( 'NONE', ( #610 ), #634, .F. ) ;
#3560 = ORIENTED_EDGE ( 'NONE', *, *, #1027, .T. ) ;
#3561 = DIRECTION ( 'NONE',  ( 0.000000000000000000, -0.000000000000000000, -1.000000000000000000 ) ) ;
#3562 = FACE_OUTER_BOUND ( 'NONE', #4152, .T. ) ;
#3563 = EDGE_CURVE ( 'NONE', #2496, #521, #2602, .T. ) ;
#3564 = CARTESIAN_POINT ( 'NONE',  ( 0.5148119685039370674, 4.612122637795275537, 0.1181102362204724532 ) ) ;
#3565 = CARTESIAN_POINT ( 'NONE',  ( 4.793311811023622582, 1.372818503937008217, 0.000000000000000000 ) ) ;
#3566 = B_SPLINE_CURVE_WITH_KNOTS ( 'NONE', 3,
 ( #1681, #2024, #2999, #3385 ),
 .UNSPECIFIED., .F., .F.,
 ( 4, 4 ),
 ( 0.000000000000000000, 0.9789216604948685063 ),
 .UNSPECIFIED. ) ;
#3567 = EDGE_LOOP ( 'NONE', ( #1720, #827, #3597, #3079, #926, #2810, #1097, #1110, #1367, #40, #2237, #3947, #50 ) ) ;
#3568 = CARTESIAN_POINT ( 'NONE',  ( 2.099675629606299498, 1.669219598425196960, 0.000000000000000000 ) ) ;
#3569 = DIRECTION ( 'NONE',  ( 0.000000000000000000, -0.000000000000000000, -1.000000000000000000 ) ) ;
#3570 = B_SPLINE_CURVE_WITH_KNOTS ( 'NONE', 3,
 ( #3759, #1388, #3081, #2765 ),
 .UNSPECIFIED., .F., .F.,
 ( 4, 4 ),
 ( 0.000000000000000000, 0.9043661993196222548 ),
 .UNSPECIFIED. ) ;
#3571 = ORIENTED_EDGE ( 'NONE', *, *, #2261, .T. ) ;
#3572 = LINE ( 'NONE', #2620, #3760 ) ;
#3573 = CARTESIAN_POINT ( 'NONE',  ( 2.125288292309573279, 2.803155440944882226, 0.1181102362204724532 ) ) ;
#3574 = LINE ( 'NONE', #2916, #145 ) ;
#3575 = CARTESIAN_POINT ( 'NONE',  ( 0.8058036712480056707, 1.985966151587402750, 0.000000000000000000 ) ) ;
#3576 = ORIENTED_EDGE ( 'NONE', *, *, #3520, .F. ) ;
#3577 = CARTESIAN_POINT ( 'NONE',  ( 1.972116574488189222, 2.079150984251968648, 0.000000000000000000 ) ) ;
#3578 = CARTESIAN_POINT ( 'NONE',  ( 3.356186464276504022, 0.8214839697780869088, 0.000000000000000000 ) ) ;
#3579 = ORIENTED_EDGE ( 'NONE', *, *, #2183, .F. ) ;
#3580 = DIRECTION ( 'NONE',  ( -1.000000000000000000, 0.000000000000000000, 0.000000000000000000 ) ) ;
#3581 = ORIENTED_EDGE ( 'NONE', *, *, #3618, .F. ) ;
#3582 = EDGE_CURVE ( 'NONE', #2708, #1623, #4204, .T. ) ;
#3583 = ADVANCED_FACE ( 'NONE', ( #340 ), #3841, .F. ) ;
#3584 = DIRECTION ( 'NONE',  ( -0.000000000000000000, -0.000000000000000000, 1.000000000000000000 ) ) ;
#3585 = CARTESIAN_POINT ( 'NONE',  ( 4.417581889763779301, 3.992921850393700733, 0.1181102362204724532 ) ) ;
#3586 = LINE ( 'NONE', #3542, #1427 ) ;
#3587 = CARTESIAN_POINT ( 'NONE',  ( 0.6670199568501411491, 1.506290679048967629, 0.1181102362204724532 ) ) ;
#3588 = VERTEX_POINT ( 'NONE', #3114 ) ;
#3589 = EDGE_CURVE ( 'NONE', #2374, #1561, #1448, .T. ) ;
#3590 = LINE ( 'NONE', #456, #1562 ) ;
#3591 = CARTESIAN_POINT ( 'NONE',  ( 4.663315524479670238, 1.908629718901607042, 0.1181102362204724532 ) ) ;
#3592 = VERTEX_POINT ( 'NONE', #2775 ) ;
#3593 = CARTESIAN_POINT ( 'NONE',  ( 3.031003744105373432, 1.514235663666569920, 0.05905511811023622659 ) ) ;
#3594 = AXIS2_PLACEMENT_3D ( 'NONE', #906, #1980, #252 ) ;
#3595 = CARTESIAN_POINT ( 'NONE',  ( 2.372846075645785646, 2.871502668148008031, 0.1181102362204724532 ) ) ;
#3596 = CARTESIAN_POINT ( 'NONE',  ( 0.8058036712480056707, 1.985966151587402750, 0.1181102362204724948 ) ) ;
#3597 = ORIENTED_EDGE ( 'NONE', *, *, #2919, .F. ) ;
#3598 = VECTOR ( 'NONE', #4043, 39.37007874015748854 ) ;
#3599 = CARTESIAN_POINT ( 'NONE',  ( 0.6486851968503937194, 1.924837755905511871, 0.1181102362204724532 ) ) ;
#3600 = CARTESIAN_POINT ( 'NONE',  ( 2.176314614070126385, 1.470317879123216764, 0.1181102362204724532 ) ) ;
#3601 = EDGE_LOOP ( 'NONE', ( #2729, #3120, #1523, #19 ) ) ;
#3602 = CARTESIAN_POINT ( 'NONE',  ( 4.663315524479670238, 1.908629718901607042, 0.1181102362204724532 ) ) ;
#3603 = CIRCLE ( 'NONE', #2381, 0.1275590551181104981 ) ;
#3604 = CIRCLE ( 'NONE', #2521, 0.1275590551181104981 ) ;
#3605 = VERTEX_POINT ( 'NONE', #739 ) ;
#3606 = VECTOR ( 'NONE', #421, 39.37007874015748143 ) ;
#3607 = VECTOR ( 'NONE', #3849, 39.37007874015748854 ) ;
#3608 = FACE_OUTER_BOUND ( 'NONE', #1676, .T. ) ;
#3609 = CARTESIAN_POINT ( 'NONE',  ( 3.111822328641260071, 1.452592550265843441, 0.000000000000000000 ) ) ;
#3610 = CARTESIAN_POINT ( 'NONE',  ( 0.8250180224292228415, 1.849356355839143706, 0.1181102362204724532 ) ) ;
#3611 = VECTOR ( 'NONE', #1803, 39.37007874015748143 ) ;
#3612 = CARTESIAN_POINT ( 'NONE',  ( 4.820394094488190007, 1.838705078740157539, 0.000000000000000000 ) ) ;
#3613 = ORIENTED_EDGE ( 'NONE', *, *, #1898, .T. ) ;
#3614 = AXIS2_PLACEMENT_3D ( 'NONE', #2184, #3561, #469 ) ;
#3615 = PLANE ( 'NONE',  #3594 ) ;
#3616 = CARTESIAN_POINT ( 'NONE',  ( 3.824144620756458668, 1.256724032117815026, 0.1181102362204724671 ) ) ;
#3617 = EDGE_CURVE ( 'NONE', #2726, #595, #4155, .T. ) ;
#3618 = EDGE_CURVE ( 'NONE', #1214, #3605, #3182, .T. ) ;
#3619 = ORIENTED_EDGE ( 'NONE', *, *, #3725, .T. ) ;
#3620 = DIRECTION ( 'NONE',  ( 1.000000000000000000, 0.000000000000000000, 0.000000000000000000 ) ) ;
#3621 = CARTESIAN_POINT ( 'NONE',  ( 0.000000000000000000, 0.000000000000000000, 0.000000000000000000 ) ) ;
#3622 = CARTESIAN_POINT ( 'NONE',  ( 3.824144620756458668, 1.256724032117815026, 0.1181102362204724671 ) ) ;
#3623 = ORIENTED_EDGE ( 'NONE', *, *, #3072, .F. ) ;
#3624 = B_SPLINE_CURVE_WITH_KNOTS ( 'NONE', 3,
 ( #1028, #3800, #1116, #3146 ),
 .UNSPECIFIED., .F., .F.,
 ( 4, 4 ),
 ( 0.000000000000000000, 1.000000000000000000 ),
 .UNSPECIFIED. ) ;
#3625 = DIRECTION ( 'NONE',  ( 1.000000000000000000, 0.000000000000000000, 0.000000000000000000 ) ) ;
#3626 = CARTESIAN_POINT ( 'NONE',  ( 2.136309748294955568, 3.446031333515926054, 0.000000000000000000 ) ) ;
#3627 = ORIENTED_EDGE ( 'NONE', *, *, #1012, .F. ) ;
#3628 = DIRECTION ( 'NONE',  ( 1.000000000000000000, 0.000000000000000000, 0.000000000000000000 ) ) ;
#3629 = ORIENTED_EDGE ( 'NONE', *, *, #773, .F. ) ;
#3630 = VERTEX_POINT ( 'NONE', #2497 ) ;
#3631 = CARTESIAN_POINT ( 'NONE',  ( 0.7663340157480316162, 4.428827755905511587, 0.1181102362204724532 ) ) ;
#3632 = DIRECTION ( 'NONE',  ( -0.000000000000000000, 0.000000000000000000, 1.000000000000000000 ) ) ;
#3633 = CARTESIAN_POINT ( 'NONE',  ( 0.8455009088860035993, 0.03751125168164772677, 0.1181102362204724532 ) ) ;
#3634 = CARTESIAN_POINT ( 'NONE',  ( 0.4758540944881889945, 1.307385826771653381, 0.1181102362204724532 ) ) ;
#3635 = VERTEX_POINT ( 'NONE', #1858 ) ;
#3636 = LINE ( 'NONE', #3296, #2878 ) ;
#3637 = CARTESIAN_POINT ( 'NONE',  ( 4.813688697942941630, 0.02377203455384251443, 0.000000000000000000 ) ) ;
#3638 = EDGE_CURVE ( 'NONE', #2491, #2211, #4312, .T. ) ;
#3639 = EDGE_CURVE ( 'NONE', #3764, #798, #4195, .T. ) ;
#3640 = EDGE_LOOP ( 'NONE', ( #2254, #366, #2114, #4493 ) ) ;
#3641 = DIRECTION ( 'NONE',  ( 1.000000000000000000, 0.000000000000000000, 0.000000000000000000 ) ) ;
#3642 = DIRECTION ( 'NONE',  ( 1.000000000000000000, 0.000000000000000000, 0.000000000000000000 ) ) ;
#3643 = B_SPLINE_CURVE_WITH_KNOTS ( 'NONE', 3,
 ( #2677, #3696, #4061, #578 ),
 .UNSPECIFIED., .F., .F.,
 ( 4, 4 ),
 ( 0.04885885728210192375, 1.000000000000000000 ),
 .UNSPECIFIED. ) ;
#3644 = CARTESIAN_POINT ( 'NONE',  ( 5.139799744262353087, 0.5490210346335827607, 0.000000000000000000 ) ) ;
#3645 = EDGE_CURVE ( 'NONE', #2430, #1133, #1193, .T. ) ;
#3646 = DIRECTION ( 'NONE',  ( -0.000000000000000000, 0.000000000000000000, -1.000000000000000000 ) ) ;
#3647 = VERTEX_POINT ( 'NONE', #859 ) ;
#3648 = FACE_OUTER_BOUND ( 'NONE', #1904, .T. ) ;
#3649 = ORIENTED_EDGE ( 'NONE', *, *, #1552, .F. ) ;
#3650 = LINE ( 'NONE', #1954, #1945 ) ;
#3651 = CARTESIAN_POINT ( 'NONE',  ( 3.541404764094488122, 2.106710826771653444, 0.000000000000000000 ) ) ;
#3652 = CARTESIAN_POINT ( 'NONE',  ( 2.130461963536770753, 1.541660543307086684, 0.000000000000000000 ) ) ;
#3653 = B_SPLINE_SURFACE_WITH_KNOTS ( 'NONE', 3, 1, ( 
 ( #1039, #3095 ),
 ( #2434, #4138 ),
 ( #702, #2415 ),
 ( #472, #4275 ) ),
 .UNSPECIFIED., .F., .F., .F.,
 ( 4, 4 ),
 ( 2, 2 ),
 ( 0.01632650932090798368, 1.000000000000000000 ),
 ( 0.000000000000000000, 1.000000000000000000 ),
 .UNSPECIFIED. ) ;
#3654 = DIRECTION ( 'NONE',  ( 1.000000000000000000, 0.000000000000000000, 0.000000000000000000 ) ) ;
#3655 = ORIENTED_EDGE ( 'NONE', *, *, #3618, .T. ) ;
#3656 = CARTESIAN_POINT ( 'NONE',  ( 1.738465617195334545, 3.789719812829052792, 0.000000000000000000 ) ) ;
#3657 = CARTESIAN_POINT ( 'NONE',  ( 2.183600325345574689, 1.496896440600727907, 0.1181102362204724532 ) ) ;
#3658 = CARTESIAN_POINT ( 'NONE',  ( 0.6184677461302547918, 0.1433798999260150198, 0.000000000000000000 ) ) ;
#3659 = APPLICATION_CONTEXT ( 'automotive_design' ) ;
#3660 = ORIENTED_EDGE ( 'NONE', *, *, #2598, .F. ) ;
#3661 = CARTESIAN_POINT ( 'NONE',  ( -0.5294350206369167200, 2.198920229603386289, 0.000000000000000000 ) ) ;
#3662 = CARTESIAN_POINT ( 'NONE',  ( 1.738465617195334767, 3.789719812829052792, 0.000000000000000000 ) ) ;
#3663 = PRODUCT_DEFINITION ( 'UNKNOWN', '', #2394, #2048 ) ;
#3664 = EDGE_CURVE ( 'NONE', #2708, #2050, #1333, .T. ) ;
#3665 = DIRECTION ( 'NONE',  ( 1.000000000000000000, 0.000000000000000000, 0.000000000000000000 ) ) ;
#3666 = ORIENTED_EDGE ( 'NONE', *, *, #4285, .F. ) ;
#3667 = CARTESIAN_POINT ( 'NONE',  ( 4.689217258739049043, 1.662726898422020705, 0.000000000000000000 ) ) ;
#3668 = ORIENTED_EDGE ( 'NONE', *, *, #1082, .T. ) ;
#3669 = VECTOR ( 'NONE', #3727, 39.37007874015748143 ) ;
#3670 = ADVANCED_FACE ( 'NONE', ( #3608 ), #568, .F. ) ;
#3671 = EDGE_CURVE ( 'NONE', #356, #70, #1507, .T. ) ;
#3672 = AXIS2_PLACEMENT_3D ( 'NONE', #4224, #812, #3135 ) ;
#3673 = VERTEX_POINT ( 'NONE', #2157 ) ;
#3674 = CIRCLE ( 'NONE', #1715, 0.02755905511811047870 ) ;
#3675 = CARTESIAN_POINT ( 'NONE',  ( 3.515612348852827473, 2.106710826771653444, 0.1181102362204724532 ) ) ;
#3676 = CARTESIAN_POINT ( 'NONE',  ( 1.883500894558824523, -0.2971370959565694525, 0.1181102362204724532 ) ) ;
#3677 = CARTESIAN_POINT ( 'NONE',  ( 3.115546718101722679, 2.893081235429614928, 3.414809992080329023E-17 ) ) ;
#3678 = CARTESIAN_POINT ( 'NONE',  ( 4.793311811023622582, 1.372818503937008217, 0.000000000000000000 ) ) ;
#3679 = VECTOR ( 'NONE', #1158, 39.37007874015748143 ) ;
#3680 = VECTOR ( 'NONE', #650, 39.37007874015748143 ) ;
#3681 = EDGE_LOOP ( 'NONE', ( #4289, #3425, #2230, #4055 ) ) ;
#3682 = CYLINDRICAL_SURFACE ( 'NONE', #4419, 0.02755905511811047870 ) ;
#3683 = CARTESIAN_POINT ( 'NONE',  ( 2.420259100869300628, 1.541660543307086684, 0.1181102362204724532 ) ) ;
#3684 = AXIS2_PLACEMENT_3D ( 'NONE', #2758, #3411, #1683 ) ;
#3685 = FACE_OUTER_BOUND ( 'NONE', #758, .T. ) ;
#3686 = VECTOR ( 'NONE', #2012, 39.37007874015748143 ) ;
#3687 = ORIENTED_EDGE ( 'NONE', *, *, #2346, .F. ) ;
#3688 = CARTESIAN_POINT ( 'NONE',  ( 3.617370816464783534, 3.425058420156747108, 0.000000000000000000 ) ) ;
#3689 = PLANE ( 'NONE',  #3050 ) ;
#3690 = CARTESIAN_POINT ( 'NONE',  ( 0.8100862175012867317, 4.888145927824384174, 0.000000000000000000 ) ) ;
#3691 = VECTOR ( 'NONE', #828, 39.37007874015748143 ) ;
#3692 = B_SPLINE_SURFACE_WITH_KNOTS ( 'NONE', 3, 1, ( 
 ( #563, #2593 ),
 ( #902, #519 ),
 ( #4362, #3272 ),
 ( #1907, #3974 ) ),
 .UNSPECIFIED., .F., .F., .F.,
 ( 4, 4 ),
 ( 2, 2 ),
 ( 0.000000000000000000, 0.9149645353079356447 ),
 ( 0.000000000000000000, 1.000000000000000000 ),
 .UNSPECIFIED. ) ;
#3693 = VECTOR ( 'NONE', #2538, 39.37007874015748143 ) ;
#3694 = B_SPLINE_SURFACE_WITH_KNOTS ( 'NONE', 3, 1, ( 
 ( #3938, #3235 ),
 ( #460, #2141 ),
 ( #4214, #1828 ),
 ( #3215, #4281 ) ),
 .UNSPECIFIED., .F., .F., .F.,
 ( 4, 4 ),
 ( 2, 2 ),
 ( 0.000000000000000000, 0.9043661993196222548 ),
 ( 0.000000000000000000, 1.000000000000000000 ),
 .UNSPECIFIED. ) ;
#3695 = DIRECTION ( 'NONE',  ( -0.000000000000000000, -0.000000000000000000, 1.000000000000000000 ) ) ;
#3696 = CARTESIAN_POINT ( 'NONE',  ( 0.4513369034814044278, 2.397479577691937980, 0.000000000000000000 ) ) ;
#3697 = ORIENTED_EDGE ( 'NONE', *, *, #2769, .T. ) ;
#3698 = DIRECTION ( 'NONE',  ( -0.000000000000000000, -0.000000000000000000, -1.000000000000000000 ) ) ;
#3699 = ORIENTED_EDGE ( 'NONE', *, *, #3984, .F. ) ;
#3700 = EDGE_CURVE ( 'NONE', #1411, #2922, #3539, .T. ) ;
#3701 = ORIENTED_EDGE ( 'NONE', *, *, #2256, .F. ) ;
#3702 = ADVANCED_FACE ( 'NONE', ( #272, #1655, #3312, #1290 ), #3741, .F. ) ;
#3703 = CARTESIAN_POINT ( 'NONE',  ( 3.356186463905216133, 0.8214839701846148312, 0.000000000000000000 ) ) ;
#3704 = CARTESIAN_POINT ( 'NONE',  ( 4.909358984080811616, 0.09254090603421968875, 0.1181102362204724671 ) ) ;
#3705 = CARTESIAN_POINT ( 'NONE',  ( 4.882251181102362558, 4.371042716535433748, 0.1181102362204724532 ) ) ;
#3706 = EDGE_CURVE ( 'NONE', #798, #4139, #204, .T. ) ;
#3707 = DIRECTION ( 'NONE',  ( 1.000000000000000000, 0.000000000000000000, 0.000000000000000000 ) ) ;
#3708 = DIRECTION ( 'NONE',  ( 0.000000000000000000, 0.000000000000000000, 1.000000000000000000 ) ) ;
#3709 = CARTESIAN_POINT ( 'NONE',  ( 4.643394171637385881, 1.783236851185674654, 0.1181102362204724254 ) ) ;
#3710 = ORIENTED_EDGE ( 'NONE', *, *, #2947, .F. ) ;
#3711 = ORIENTED_EDGE ( 'NONE', *, *, #1390, .F. ) ;
#3712 = ORIENTED_EDGE ( 'NONE', *, *, #3037, .T. ) ;
#3713 = CARTESIAN_POINT ( 'NONE',  ( 3.711077581966083283, 3.569478419275450509, 0.000000000000000000 ) ) ;
#3714 = CARTESIAN_POINT ( 'NONE',  ( 3.758720060333228474, 3.122214463287400488, 0.000000000000000000 ) ) ;
#3715 = LINE ( 'NONE', #600, #772 ) ;
#3716 = CARTESIAN_POINT ( 'NONE',  ( 5.136474409448819500, 4.528952952755905592, 0.1181102362204724532 ) ) ;
#3717 = ORIENTED_EDGE ( 'NONE', *, *, #924, .T. ) ;
#3718 = CARTESIAN_POINT ( 'NONE',  ( 0.3601103342554934916, 5.317555083092547541, 0.1181102362204724532 ) ) ;
#3719 = ORIENTED_EDGE ( 'NONE', *, *, #2199, .T. ) ;
#3720 = ORIENTED_EDGE ( 'NONE', *, *, #4398, .T. ) ;
#3721 = CARTESIAN_POINT ( 'NONE',  ( 5.136474409448819500, 4.528952952755905592, 0.000000000000000000 ) ) ;
#3722 = DIRECTION ( 'NONE',  ( 0.000000000000000000, -0.000000000000000000, -1.000000000000000000 ) ) ;
#3723 = VERTEX_POINT ( 'NONE', #927 ) ;
#3724 = ADVANCED_FACE ( 'NONE', ( #1927 ), #2974, .T. ) ;
#3725 = EDGE_CURVE ( 'NONE', #1797, #1055, #3994, .T. ) ;
#3726 = DIRECTION ( 'NONE',  ( 0.000000000000000000, -0.000000000000000000, -1.000000000000000000 ) ) ;
#3727 = DIRECTION ( 'NONE',  ( -0.000000000000000000, -0.000000000000000000, 1.000000000000000000 ) ) ;
#3728 = CARTESIAN_POINT ( 'NONE',  ( 1.398475354330708686, 0.05983385826771653315, 0.000000000000000000 ) ) ;
#3729 = ORIENTED_EDGE ( 'NONE', *, *, #1139, .F. ) ;
#3730 = ADVANCED_FACE ( 'NONE', ( #536 ), #31, .F. ) ;
#3731 = EDGE_LOOP ( 'NONE', ( #2799, #921, #3810, #4053 ) ) ;
#3732 = ORIENTED_EDGE ( 'NONE', *, *, #1443, .F. ) ;
#3733 = LINE ( 'NONE', #1004, #1417 ) ;
#3734 = CARTESIAN_POINT ( 'NONE',  ( 1.979587219797415365, 3.482561485431521220, 0.1181102362204724532 ) ) ;
#3735 = CARTESIAN_POINT ( 'NONE',  ( 1.043476294575092389, 0.2608690736569720392, 0.1181102362204724532 ) ) ;
#3736 = EDGE_LOOP ( 'NONE', ( #4037, #1301, #396, #1115 ) ) ;
#3737 = FACE_OUTER_BOUND ( 'NONE', #1853, .T. ) ;
#3738 = ORIENTED_EDGE ( 'NONE', *, *, #2040, .F. ) ;
#3739 = B_SPLINE_CURVE_WITH_KNOTS ( 'NONE', 3,
 ( #3279, #2144, #3552, #1808 ),
 .UNSPECIFIED., .F., .F.,
 ( 4, 4 ),
 ( 0.1357070729449658675, 1.000000000000000000 ),
 .UNSPECIFIED. ) ;
#3740 = VERTEX_POINT ( 'NONE', #1264 ) ;
#3741 = PLANE ( 'NONE',  #3397 ) ;
#3742 = CARTESIAN_POINT ( 'NONE',  ( 5.086706689229273159, 1.152683709685425884, -1.707404996040164512E-17 ) ) ;
#3743 = AXIS2_PLACEMENT_3D ( 'NONE', #4078, #1894, #3278 ) ;
#3744 = ORIENTED_EDGE ( 'NONE', *, *, #1959, .F. ) ;
#3745 = VECTOR ( 'NONE', #3070, 39.37007874015748143 ) ;
#3746 = AXIS2_PLACEMENT_3D ( 'NONE', #2274, #2660, #2253 ) ;
#3747 = CARTESIAN_POINT ( 'NONE',  ( 1.398475354330708686, 0.05983385826771653315, 0.1181102362204724532 ) ) ;
#3748 = PLANE ( 'NONE',  #3964 ) ;
#3749 = CARTESIAN_POINT ( 'NONE',  ( 1.972116574488189222, 2.648037330708661319, 0.000000000000000000 ) ) ;
#3750 = AXIS2_PLACEMENT_3D ( 'NONE', #3416, #3846, #12 ) ;
#3751 = DIRECTION ( 'NONE',  ( -0.000000000000000000, -0.000000000000000000, -1.000000000000000000 ) ) ;
#3752 = AXIS2_PLACEMENT_3D ( 'NONE', #14, #2422, #4445 ) ;
#3753 = ORIENTED_EDGE ( 'NONE', *, *, #3834, .F. ) ;
#3754 = VECTOR ( 'NONE', #3932, 39.37007874015748143 ) ;
#3755 = ORIENTED_EDGE ( 'NONE', *, *, #1953, .F. ) ;
#3756 = LINE ( 'NONE', #2354, #4397 ) ;
#3757 = ADVANCED_FACE ( 'NONE', ( #4433 ), #4018, .F. ) ;
#3758 = EDGE_CURVE ( 'NONE', #909, #3647, #3016, .T. ) ;
#3759 = CARTESIAN_POINT ( 'NONE',  ( 4.100607086614173724, 2.218303110236220288, 0.000000000000000000 ) ) ;
#3760 = VECTOR ( 'NONE', #2486, 39.37007874015748143 ) ;
#3761 = FACE_OUTER_BOUND ( 'NONE', #4350, .T. ) ;
#3762 = CARTESIAN_POINT ( 'NONE',  ( 1.836141377952756004, 0.4816696850393701324, 0.1181102362204724532 ) ) ;
#3763 = AXIS2_PLACEMENT_3D ( 'NONE', #624, #3403, #3064 ) ;
#3764 = VERTEX_POINT ( 'NONE', #3406 ) ;
#3765 = EDGE_CURVE ( 'NONE', #1704, #947, #2586, .T. ) ;
#3766 = DIRECTION ( 'NONE',  ( 0.000000000000000000, 0.000000000000000000, -1.000000000000000000 ) ) ;
#3767 = ORIENTED_EDGE ( 'NONE', *, *, #1646, .T. ) ;
#3768 = ORIENTED_EDGE ( 'NONE', *, *, #445, .F. ) ;
#3769 = CARTESIAN_POINT ( 'NONE',  ( 2.415004198122984835, 2.803155440944882226, 0.1181102362204724532 ) ) ;
#3770 = DIRECTION ( 'NONE',  ( 1.000000000000000000, 0.000000000000000000, 0.000000000000000000 ) ) ;
#3771 = EDGE_LOOP ( 'NONE', ( #958, #795, #4494, #3506 ) ) ;
#3772 = B_SPLINE_SURFACE_WITH_KNOTS ( 'NONE', 3, 1, ( 
 ( #883, #250 ),
 ( #1589, #2977 ),
 ( #1908, #183 ),
 ( #228, #1222 ) ),
 .UNSPECIFIED., .F., .F., .F.,
 ( 4, 4 ),
 ( 2, 2 ),
 ( 0.000000000000000000, 1.000000000000000000 ),
 ( 0.000000000000000000, 1.000000000000000000 ),
 .UNSPECIFIED. ) ;
#3773 = CARTESIAN_POINT ( 'NONE',  ( 3.428161929133858532, 0.4360153543307087043, 0.1181102362204724532 ) ) ;
#3774 = DIRECTION ( 'NONE',  ( -1.000000000000000000, 0.000000000000000000, 0.000000000000000000 ) ) ;
#3775 = DIRECTION ( 'NONE',  ( -0.000000000000000000, -0.000000000000000000, -1.000000000000000000 ) ) ;
#3776 = VERTEX_POINT ( 'NONE', #2323 ) ;
#3777 = ORIENTED_EDGE ( 'NONE', *, *, #889, .F. ) ;
#3778 = CARTESIAN_POINT ( 'NONE',  ( 4.466587007874016635, 0.2578145669291339037, 0.000000000000000000 ) ) ;
#3779 = CARTESIAN_POINT ( 'NONE',  ( 1.809894414007323871, 3.386290311727979230, 0.1181102362204724532 ) ) ;
#3780 = ADVANCED_FACE ( 'NONE', ( #2686 ), #1477, .F. ) ;
#3781 = EDGE_CURVE ( 'NONE', #2741, #4084, #3650, .T. ) ;
#3782 = PLANE ( 'NONE',  #1658 ) ;
#3783 = CYLINDRICAL_SURFACE ( 'NONE', #3752, 0.1275590551181102206 ) ;
#3784 = VERTEX_POINT ( 'NONE', #4408 ) ;
#3785 = CARTESIAN_POINT ( 'NONE',  ( 1.972116574488189222, 0.000000000000000000, 0.000000000000000000 ) ) ;
#3786 = ORIENTED_EDGE ( 'NONE', *, *, #971, .T. ) ;
#3787 = EDGE_CURVE ( 'NONE', #947, #4358, #3338, .T. ) ;
#3788 = ORIENTED_EDGE ( 'NONE', *, *, #388, .T. ) ;
#3789 = CARTESIAN_POINT ( 'NONE',  ( 2.275684880960550771, 0.6029691693919638773, 0.1181102362204724532 ) ) ;
#3790 = VERTEX_POINT ( 'NONE', #967 ) ;
#3791 = B_SPLINE_CURVE_WITH_KNOTS ( 'NONE', 3,
 ( #2822, #814, #792, #1450 ),
 .UNSPECIFIED., .F., .F.,
 ( 4, 4 ),
 ( 0.1710381504367589622, 1.000000000000000000 ),
 .UNSPECIFIED. ) ;
#3792 = DIRECTION ( 'NONE',  ( 0.000000000000000000, -1.000000000000000000, 0.000000000000000000 ) ) ;
#3793 = PLANE ( 'NONE',  #1936 ) ;
#3794 = CARTESIAN_POINT ( 'NONE',  ( 3.914103661417323465, 3.847636811023622094, 0.1181102362204724532 ) ) ;
#3795 = ORIENTED_EDGE ( 'NONE', *, *, #2821, .T. ) ;
#3796 = VERTEX_POINT ( 'NONE', #2364 ) ;
#3797 = DIRECTION ( 'NONE',  ( 0.000000000000000000, 0.000000000000000000, -1.000000000000000000 ) ) ;
#3798 = CARTESIAN_POINT ( 'NONE',  ( 0.000000000000000000, 2.106710039370078835, 0.000000000000000000 ) ) ;
#3799 = ORIENTED_EDGE ( 'NONE', *, *, #3497, .T. ) ;
#3800 = CARTESIAN_POINT ( 'NONE',  ( 4.811379527559055624, 0.6148433070866141659, 0.000000000000000000 ) ) ;
#3801 = CARTESIAN_POINT ( 'NONE',  ( 1.968478129924528419, 0.5701823769493704619, 0.000000000000000000 ) ) ;
#3802 = ORIENTED_EDGE ( 'NONE', *, *, #2318, .F. ) ;
#3803 = CARTESIAN_POINT ( 'NONE',  ( 1.738465617195334545, 3.789719812829052792, 0.1181102362204724532 ) ) ;
#3804 = EDGE_CURVE ( 'NONE', #2922, #2694, #2241, .T. ) ;
#3805 = VERTEX_POINT ( 'NONE', #20 ) ;
#3806 = ORIENTED_EDGE ( 'NONE', *, *, #1861, .T. ) ;
#3807 = CARTESIAN_POINT ( 'NONE',  ( 1.940266574803149568, 0.3308110236220472289, 0.000000000000000000 ) ) ;
#3808 = EDGE_CURVE ( 'NONE', #4328, #2922, #3089, .T. ) ;
#3809 = EDGE_CURVE ( 'NONE', #4075, #1319, #1610, .T. ) ;
#3810 = ORIENTED_EDGE ( 'NONE', *, *, #4449, .F. ) ;
#3811 = VECTOR ( 'NONE', #4277, 39.37007874015748854 ) ;
#3812 = DIRECTION ( 'NONE',  ( -0.000000000000000000, 0.000000000000000000, -1.000000000000000000 ) ) ;
#3813 = DIRECTION ( 'NONE',  ( 0.9830394783020841576, -0.1833940677872823721, 0.000000000000000000 ) ) ;
#3814 = FACE_OUTER_BOUND ( 'NONE', #2174, .T. ) ;
#3815 = VECTOR ( 'NONE', #1572, 39.37007874015748143 ) ;
#3816 = ORIENTED_EDGE ( 'NONE', *, *, #1674, .T. ) ;
#3817 = ORIENTED_EDGE ( 'NONE', *, *, #1165, .T. ) ;
#3818 = CARTESIAN_POINT ( 'NONE',  ( 3.361102795590551473, 2.775596385826771595, 0.1181102362204724532 ) ) ;
#3819 = AXIS2_PLACEMENT_3D ( 'NONE', #2245, #2544, #2517 ) ;
#3820 = CARTESIAN_POINT ( 'NONE',  ( 4.811379527559055624, 0.6148433070866141659, 0.1181102362204724532 ) ) ;
#3821 = AXIS2_PLACEMENT_3D ( 'NONE', #479, #3889, #1179 ) ;
#3822 = VECTOR ( 'NONE', #2443, 39.37007874015748143 ) ;
#3823 = DIRECTION ( 'NONE',  ( -0.9701425001424445194, -0.2425356250478824804, 0.000000000000000000 ) ) ;
#3824 = CYLINDRICAL_SURFACE ( 'NONE', #489, 0.1275590551181104981 ) ;
#3825 = ORIENTED_EDGE ( 'NONE', *, *, #2404, .T. ) ;
#3826 = DIRECTION ( 'NONE',  ( -0.000000000000000000, 0.000000000000000000, -1.000000000000000000 ) ) ;
#3827 = VECTOR ( 'NONE', #3695, 39.37007874015748143 ) ;
#3828 = ORIENTED_EDGE ( 'NONE', *, *, #4227, .T. ) ;
#3829 = AXIS2_PLACEMENT_3D ( 'NONE', #1103, #3882, #762 ) ;
#3830 = ORIENTED_EDGE ( 'NONE', *, *, #782, .F. ) ;
#3831 = LINE ( 'NONE', #377, #641 ) ;
#3832 = ORIENTED_EDGE ( 'NONE', *, *, #3256, .T. ) ;
#3833 = VECTOR ( 'NONE', #3580, 39.37007874015748143 ) ;
#3834 = EDGE_CURVE ( 'NONE', #3138, #2885, #3831, .T. ) ;
#3835 = EDGE_CURVE ( 'NONE', #716, #4154, #2127, .T. ) ;
#3836 = AXIS2_PLACEMENT_3D ( 'NONE', #2512, #822, #1873 ) ;
#3837 = DIRECTION ( 'NONE',  ( 0.000000000000000000, 1.000000000000000000, 0.000000000000000000 ) ) ;
#3838 = CARTESIAN_POINT ( 'NONE',  ( 0.5148119685039370674, 4.612122637795275537, 0.1181102362204724532 ) ) ;
#3839 = CARTESIAN_POINT ( 'NONE',  ( 2.415004198122984835, 2.775596385826771595, 0.1181102362204724532 ) ) ;
#3840 = CARTESIAN_POINT ( 'NONE',  ( 1.368958744654897863, 2.596495162600437556, 0.000000000000000000 ) ) ;
#3841 = B_SPLINE_SURFACE_WITH_KNOTS ( 'NONE', 3, 1, ( 
 ( #1360, #1018 ),
 ( #1723, #2109 ),
 ( #2, #1745 ),
 ( #3858, #1057 ) ),
 .UNSPECIFIED., .F., .F., .F.,
 ( 4, 4 ),
 ( 2, 2 ),
 ( 0.000000000000000000, 0.9320720754966513866 ),
 ( 0.000000000000000000, 1.000000000000000000 ),
 .UNSPECIFIED. ) ;
#3842 = EDGE_LOOP ( 'NONE', ( #1741, #1871, #2084, #1799 ) ) ;
#3843 = EDGE_CURVE ( 'NONE', #2142, #1514, #361, .T. ) ;
#3844 = EDGE_LOOP ( 'NONE', ( #3899, #1993, #3660, #2753 ) ) ;
#3845 = CARTESIAN_POINT ( 'NONE',  ( 0.3350919249751398987, 5.329112795499583832, 0.000000000000000000 ) ) ;
#3846 = DIRECTION ( 'NONE',  ( 0.000000000000000000, -0.000000000000000000, -1.000000000000000000 ) ) ;
#3847 = ORIENTED_EDGE ( 'NONE', *, *, #4170, .F. ) ;
#3848 = CARTESIAN_POINT ( 'NONE',  ( 3.321263777293349762, 2.803155440944882226, 0.1181102362204724532 ) ) ;
#3849 = DIRECTION ( 'NONE',  ( 0.2931295510464441700, 0.9560727306556284777, 0.000000000000000000 ) ) ;
#3850 = ORIENTED_EDGE ( 'NONE', *, *, #648, .F. ) ;
#3851 = CARTESIAN_POINT ( 'NONE',  ( 3.854345147520894521, 3.206636943960361030, 0.1181102362204724532 ) ) ;
#3852 = CARTESIAN_POINT ( 'NONE',  ( 4.926066141732283299, 1.588236968503937252, 0.1181102362204724532 ) ) ;
#3853 = ORIENTED_EDGE ( 'NONE', *, *, #2870, .F. ) ;
#3854 = CARTESIAN_POINT ( 'NONE',  ( 3.617370816464783534, 3.425058420156747108, 0.000000000000000000 ) ) ;
#3855 = ORIENTED_EDGE ( 'NONE', *, *, #3144, .T. ) ;
#3856 = CARTESIAN_POINT ( 'NONE',  ( 2.601478149606299528, 1.541660543307086684, 0.1181102362204724532 ) ) ;
#3857 = ORIENTED_EDGE ( 'NONE', *, *, #970, .T. ) ;
#3858 = CARTESIAN_POINT ( 'NONE',  ( 0.8250180224292251729, 1.849356355839148813, 0.1181102362204724532 ) ) ;
#3859 = CARTESIAN_POINT ( 'NONE',  ( 3.952695647311156080, 3.540628709671579610, 0.1181102362204724532 ) ) ;
#3860 = DIRECTION ( 'NONE',  ( -0.2643672377091380588, -0.9644220878982605605, 0.000000000000000000 ) ) ;
#3861 = EDGE_CURVE ( 'NONE', #671, #3515, #3020, .T. ) ;
#3862 = CARTESIAN_POINT ( 'NONE',  ( 5.251709055118110037, 2.414856259842519837, 0.000000000000000000 ) ) ;
#3863 = EDGE_CURVE ( 'NONE', #988, #3138, #1002, .T. ) ;
#3864 = ORIENTED_EDGE ( 'NONE', *, *, #2954, .T. ) ;
#3865 = ORIENTED_EDGE ( 'NONE', *, *, #3984, .T. ) ;
#3866 = DIRECTION ( 'NONE',  ( -0.000000000000000000, -0.000000000000000000, -1.000000000000000000 ) ) ;
#3867 = DIRECTION ( 'NONE',  ( -0.000000000000000000, 0.000000000000000000, 1.000000000000000000 ) ) ;
#3868 = EDGE_CURVE ( 'NONE', #3012, #1088, #693, .T. ) ;
#3869 = ADVANCED_FACE ( 'NONE', ( #1420 ), #794, .F. ) ;
#3870 = EDGE_LOOP ( 'NONE', ( #616, #755, #1553, #632 ) ) ;
#3871 = DIRECTION ( 'NONE',  ( -1.000000000000000000, 0.000000000000000000, 0.000000000000000000 ) ) ;
#3872 = DIRECTION ( 'NONE',  ( 1.000000000000000000, 0.000000000000000000, 0.000000000000000000 ) ) ;
#3873 = EDGE_LOOP ( 'NONE', ( #2425, #3687, #1749, #945 ) ) ;
#3874 = CARTESIAN_POINT ( 'NONE',  ( 3.293704722175239130, 2.803155440944882226, 0.1181102362204724532 ) ) ;
#3875 = CARTESIAN_POINT ( 'NONE',  ( 1.836141377952756004, 0.4816696850393701324, 0.1181102362204724532 ) ) ;
#3876 = ORIENTED_EDGE ( 'NONE', *, *, #1190, .T. ) ;
#3877 = CARTESIAN_POINT ( 'NONE',  ( 2.156353164435709235, 1.501030898407373693, 0.000000000000000000 ) ) ;
#3878 = CARTESIAN_POINT ( 'NONE',  ( 4.044353149606299880, 0.3633629921259842743, 0.000000000000000000 ) ) ;
#3879 = ORIENTED_EDGE ( 'NONE', *, *, #1415, .F. ) ;
#3880 = CARTESIAN_POINT ( 'NONE',  ( 4.643394171637387657, 1.783236851185675542, 0.1181102362204724532 ) ) ;
#3881 = ORIENTED_EDGE ( 'NONE', *, *, #1868, .T. ) ;
#3882 = DIRECTION ( 'NONE',  ( -0.000000000000000000, 0.000000000000000000, 1.000000000000000000 ) ) ;
#3883 = CARTESIAN_POINT ( 'NONE',  ( 1.944557519370078813, 2.360994291338582851, 0.000000000000000000 ) ) ;
#3884 = CARTESIAN_POINT ( 'NONE',  ( 0.7205617429801288720, 0.05659167798921023451, 0.000000000000000000 ) ) ;
#3885 = CARTESIAN_POINT ( 'NONE',  ( 1.908017755590551534, 2.333435236220472664, 0.1181102362204724532 ) ) ;
#3886 = ORIENTED_EDGE ( 'NONE', *, *, #2925, .T. ) ;
#3887 = ORIENTED_EDGE ( 'NONE', *, *, #445, .T. ) ;
#3888 = DIRECTION ( 'NONE',  ( -0.000000000000000000, -0.000000000000000000, -1.000000000000000000 ) ) ;
#3889 = DIRECTION ( 'NONE',  ( -0.9933566857131426175, -0.1150760398562655357, 0.000000000000000000 ) ) ;
#3890 = CIRCLE ( 'NONE', #2439, 0.02755905511811047870 ) ;
#3891 = CIRCLE ( 'NONE', #1052, 0.02755905511811020808 ) ;
#3892 = EDGE_CURVE ( 'NONE', #1770, #671, #3293, .T. ) ;
#3893 = ADVANCED_FACE ( 'NONE', ( #2106 ), #1769, .F. ) ;
#3894 = ORIENTED_EDGE ( 'NONE', *, *, #3477, .F. ) ;
#3895 = CARTESIAN_POINT ( 'NONE',  ( 3.541404764094488122, 2.106710826771653444, 0.000000000000000000 ) ) ;
#3896 = FACE_OUTER_BOUND ( 'NONE', #2115, .T. ) ;
#3897 = CARTESIAN_POINT ( 'NONE',  ( 3.119212190384889727, 1.426042758130817489, 0.1181102362204724532 ) ) ;
#3898 = CARTESIAN_POINT ( 'NONE',  ( 2.734781535433071120, 3.584122244094487986, 0.1181102362204724809 ) ) ;
#3899 = ORIENTED_EDGE ( 'NONE', *, *, #2426, .T. ) ;
#3900 = VECTOR ( 'NONE', #1777, 39.37007874015748143 ) ;
#3901 = EDGE_CURVE ( 'NONE', #3096, #270, #1064, .T. ) ;
#3902 = LINE ( 'NONE', #1530, #2232 ) ;
#3903 = CARTESIAN_POINT ( 'NONE',  ( 3.111822328641260071, 1.452592550265843441, 0.1181102362204724532 ) ) ;
#3904 = VECTOR ( 'NONE', #710, 39.37007874015748143 ) ;
#3905 = EDGE_LOOP ( 'NONE', ( #3242, #2611, #425, #475 ) ) ;
#3906 = CARTESIAN_POINT ( 'NONE',  ( 3.541404764094488122, 2.134269881889763631, 0.000000000000000000 ) ) ;
#3907 = ORIENTED_EDGE ( 'NONE', *, *, #1054, .F. ) ;
#3908 = VECTOR ( 'NONE', #2295, 39.37007874015748143 ) ;
#3909 = DIRECTION ( 'NONE',  ( 0.000000000000000000, 0.000000000000000000, -1.000000000000000000 ) ) ;
#3910 = AXIS2_PLACEMENT_3D ( 'NONE', #467, #2859, #2519 ) ;
#3911 = CARTESIAN_POINT ( 'NONE',  ( 4.175221737752986328, 3.777945536994633091, 0.1181102362204724532 ) ) ;
#3912 = CARTESIAN_POINT ( 'NONE',  ( 3.303311322156972540, 1.498220763633351771, 0.1181102362204724532 ) ) ;
#3913 = ORIENTED_EDGE ( 'NONE', *, *, #1638, .F. ) ;
#3914 = CARTESIAN_POINT ( 'NONE',  ( 5.241725590551181035, 4.219105314960629904, 0.000000000000000000 ) ) ;
#3915 = CARTESIAN_POINT ( 'NONE',  ( 5.136474409448819500, 4.528952952755905592, 0.1181102362204724532 ) ) ;
#3916 = ORIENTED_EDGE ( 'NONE', *, *, #3582, .F. ) ;
#3917 = B_SPLINE_SURFACE_WITH_KNOTS ( 'NONE', 3, 1, ( 
 ( #3033, #575 ),
 ( #1182, #870 ),
 ( #218, #2239 ),
 ( #3327, #3300 ) ),
 .UNSPECIFIED., .F., .F., .F.,
 ( 4, 4 ),
 ( 2, 2 ),
 ( 0.1724688720332409886, 1.000000000000000000 ),
 ( 0.000000000000000000, 1.000000000000000000 ),
 .UNSPECIFIED. ) ;
#3918 = DIRECTION ( 'NONE',  ( -0.000000000000000000, -0.000000000000000000, -1.000000000000000000 ) ) ;
#3919 = CARTESIAN_POINT ( 'NONE',  ( 2.376754713219551451, 0.8011040263867884592, 0.000000000000000000 ) ) ;
#3920 = CARTESIAN_POINT ( 'NONE',  ( 5.711162607992576135, 4.762439025808969717, 0.000000000000000000 ) ) ;
#3921 = CARTESIAN_POINT ( 'NONE',  ( 2.734781535433071120, 3.584122244094487986, 0.1181102362204724532 ) ) ;
#3922 = ORIENTED_EDGE ( 'NONE', *, *, #3503, .F. ) ;
#3923 = ADVANCED_FACE ( 'NONE', ( #1697 ), #2548, .F. ) ;
#3924 = EDGE_CURVE ( 'NONE', #1494, #2832, #3113, .T. ) ;
#3925 = CARTESIAN_POINT ( 'NONE',  ( 4.893498425196851187, 1.672812952755905469, 0.000000000000000000 ) ) ;
#3926 = CARTESIAN_POINT ( 'NONE',  ( 3.568963819212598754, 0.000000000000000000, 0.1181102362204724532 ) ) ;
#3927 = ORIENTED_EDGE ( 'NONE', *, *, #201, .T. ) ;
#3928 = DIRECTION ( 'NONE',  ( 0.000000000000000000, -0.000000000000000000, -1.000000000000000000 ) ) ;
#3929 = ORIENTED_EDGE ( 'NONE', *, *, #4285, .T. ) ;
#3930 = EDGE_CURVE ( 'NONE', #265, #1392, #1125, .T. ) ;
#3931 = CARTESIAN_POINT ( 'NONE',  ( 5.269246456692913583, 4.058046259842519987, 0.1181102362204724532 ) ) ;
#3932 = DIRECTION ( 'NONE',  ( -0.000000000000000000, -0.000000000000000000, -1.000000000000000000 ) ) ;
#3933 = FACE_OUTER_BOUND ( 'NONE', #3131, .T. ) ;
#3934 = ORIENTED_EDGE ( 'NONE', *, *, #831, .T. ) ;
#3935 = CARTESIAN_POINT ( 'NONE',  ( 0.3800012712911366997, 5.336629991817026131, 0.1181102362204724532 ) ) ;
#3936 = LINE ( 'NONE', #79, #2155 ) ;
#3937 = ORIENTED_EDGE ( 'NONE', *, *, #1106, .F. ) ;
#3938 = CARTESIAN_POINT ( 'NONE',  ( 4.100607086614173724, 2.218303110236220288, 0.1181102362204724532 ) ) ;
#3939 = CARTESIAN_POINT ( 'NONE',  ( 5.129921653543306981, 2.207590511811023948, 0.000000000000000000 ) ) ;
#3940 = CARTESIAN_POINT ( 'NONE',  ( 4.100607086614173724, 2.218303110236220288, -3.414809992080329023E-17 ) ) ;
#3941 = ORIENTED_EDGE ( 'NONE', *, *, #3478, .F. ) ;
#3942 = CARTESIAN_POINT ( 'NONE',  ( 1.944557519370078813, 2.360994291338582851, 0.1181102362204724532 ) ) ;
#3943 = CARTESIAN_POINT ( 'NONE',  ( 2.372846075645785646, 2.871502668148007587, 0.000000000000000000 ) ) ;
#3944 = EDGE_CURVE ( 'NONE', #2933, #691, #89, .T. ) ;
#3945 = ORIENTED_EDGE ( 'NONE', *, *, #3530, .F. ) ;
#3946 = DIRECTION ( 'NONE',  ( -0.000000000000000000, -0.000000000000000000, -1.000000000000000000 ) ) ;
#3947 = ORIENTED_EDGE ( 'NONE', *, *, #948, .F. ) ;
#3948 = EDGE_CURVE ( 'NONE', #2694, #2374, #855, .T. ) ;
#3949 = EDGE_CURVE ( 'NONE', #1030, #332, #1787, .T. ) ;
#3950 = CARTESIAN_POINT ( 'NONE',  ( 2.734781535433071120, 0.8524988188976376779, 0.1181102362204724532 ) ) ;
#3951 = CARTESIAN_POINT ( 'NONE',  ( 4.793311811023622582, 1.372818503937008217, 0.1181102362204724532 ) ) ;
#3952 = LINE ( 'NONE', #3677, #3971 ) ;
#3953 = DIRECTION ( 'NONE',  ( -0.000000000000000000, 0.000000000000000000, 1.000000000000000000 ) ) ;
#3954 = B_SPLINE_CURVE_WITH_KNOTS ( 'NONE', 3,
 ( #2186, #1469, #3911, #1084 ),
 .UNSPECIFIED., .F., .F.,
 ( 4, 4 ),
 ( 0.1000549881769162569, 1.000000000000000000 ),
 .UNSPECIFIED. ) ;
#3955 = ORIENTED_EDGE ( 'NONE', *, *, #3262, .T. ) ;
#3956 = FACE_OUTER_BOUND ( 'NONE', #2790, .T. ) ;
#3957 = B_SPLINE_CURVE_WITH_KNOTS ( 'NONE', 3,
 ( #285, #4396, #527, #2988 ),
 .UNSPECIFIED., .F., .F.,
 ( 4, 4 ),
 ( 0.000000000000000000, 1.000000000000000000 ),
 .UNSPECIFIED. ) ;
#3958 = DIRECTION ( 'NONE',  ( 0.000000000000000000, 0.000000000000000000, -1.000000000000000000 ) ) ;
#3959 = VERTEX_POINT ( 'NONE', #448 ) ;
#3960 = DIRECTION ( 'NONE',  ( 0.9997507511802261604, -0.02232566940930677882, 0.000000000000000000 ) ) ;
#3961 = VECTOR ( 'NONE', #478, 39.37007874015748143 ) ;
#3962 = CARTESIAN_POINT ( 'NONE',  ( 2.734781535433071120, 3.584122244094487986, 0.000000000000000000 ) ) ;
#3963 = ORIENTED_EDGE ( 'NONE', *, *, #1190, .F. ) ;
#3964 = AXIS2_PLACEMENT_3D ( 'NONE', #2413, #3792, #677 ) ;
#3965 = FACE_OUTER_BOUND ( 'NONE', #3085, .T. ) ;
#3966 = CARTESIAN_POINT ( 'NONE',  ( 3.058154855136722805, 2.795077067490846723, 0.1181102362204724532 ) ) ;
#3967 = ORIENTED_EDGE ( 'NONE', *, *, #3498, .F. ) ;
#3968 = LINE ( 'NONE', #4222, #783 ) ;
#3969 = AXIS2_PLACEMENT_3D ( 'NONE', #1688, #1344, #350 ) ;
#3970 = ORIENTED_EDGE ( 'NONE', *, *, #3589, .F. ) ;
#3971 = VECTOR ( 'NONE', #4340, 39.37007874015748143 ) ;
#3972 = EDGE_LOOP ( 'NONE', ( #3717, #3270, #3802, #1331 ) ) ;
#3973 = CARTESIAN_POINT ( 'NONE',  ( 1.940266574803149568, 0.3308110236220472289, 0.1181102362204724532 ) ) ;
#3974 = CARTESIAN_POINT ( 'NONE',  ( 4.663315524479654250, 1.908629718901588834, 0.000000000000000000 ) ) ;
#3975 = B_SPLINE_CURVE_WITH_KNOTS ( 'NONE', 3,
 ( #835, #816, #3587, #500 ),
 .UNSPECIFIED., .F., .F.,
 ( 4, 4 ),
 ( 0.000000000000000000, 0.9320720754966513866 ),
 .UNSPECIFIED. ) ;
#3976 = VECTOR ( 'NONE', #3166, 39.37007874015748143 ) ;
#3977 = CARTESIAN_POINT ( 'NONE',  ( 1.944557519370078813, 2.106710039370078835, 0.1181102362204724532 ) ) ;
#3978 = EDGE_CURVE ( 'NONE', #890, #436, #567, .T. ) ;
#3979 = ADVANCED_FACE ( 'NONE', ( #3557 ), #2219, .F. ) ;
#3980 = ORIENTED_EDGE ( 'NONE', *, *, #3787, .F. ) ;
#3981 = CIRCLE ( 'NONE', #2607, 0.02755905511811047870 ) ;
#3982 = CARTESIAN_POINT ( 'NONE',  ( 1.836141377952756004, 0.4816696850393701324, 0.000000000000000000 ) ) ;
#3983 = CARTESIAN_POINT ( 'NONE',  ( 3.763351583724381388, 0.1314239504178682794, 0.000000000000000000 ) ) ;
#3984 = EDGE_CURVE ( 'NONE', #2332, #199, #3044, .T. ) ;
#3985 = VERTEX_POINT ( 'NONE', #2247 ) ;
#3986 = DIRECTION ( 'NONE',  ( -0.000000000000000000, -0.000000000000000000, 1.000000000000000000 ) ) ;
#3987 = CARTESIAN_POINT ( 'NONE',  ( 3.321263777293349762, 2.803155440944882226, 0.1181102362204724532 ) ) ;
#3988 = CARTESIAN_POINT ( 'NONE',  ( 1.859997691266500164, 3.636893515309219449, 0.1181102362204724532 ) ) ;
#3989 = FACE_BOUND ( 'NONE', #1903, .T. ) ;
#3990 = CARTESIAN_POINT ( 'NONE',  ( 3.428161929133858532, 0.4360153543307087043, 0.000000000000000000 ) ) ;
#3991 = VERTEX_POINT ( 'NONE', #3602 ) ;
#3992 = DIRECTION ( 'NONE',  ( -0.000000000000000000, -0.000000000000000000, -1.000000000000000000 ) ) ;
#3993 = VERTEX_POINT ( 'NONE', #493 ) ;
#3994 = B_SPLINE_CURVE_WITH_KNOTS ( 'NONE', 3,
 ( #1240, #607, #3048, #4338 ),
 .UNSPECIFIED., .F., .F.,
 ( 4, 4 ),
 ( 0.000000000000000000, 1.000000000000000000 ),
 .UNSPECIFIED. ) ;
#3995 = VERTEX_POINT ( 'NONE', #2151 ) ;
#3996 = CARTESIAN_POINT ( 'NONE',  ( 3.782047015085030051, 0.4565625808104599725, 0.1181102362204724532 ) ) ;
#3997 = FACE_OUTER_BOUND ( 'NONE', #413, .T. ) ;
#3998 = CARTESIAN_POINT ( 'NONE',  ( 0.9725150138502675068, 0.03199806405969298634, 0.1181102362204724532 ) ) ;
#3999 = ORIENTED_EDGE ( 'NONE', *, *, #2647, .T. ) ;
#4000 = CARTESIAN_POINT ( 'NONE',  ( 4.813688697943022454, 0.02377203455385414749, 0.000000000000000000 ) ) ;
#4001 = CARTESIAN_POINT ( 'NONE',  ( 3.056928969043925193, 1.523583616966010856, 0.1181102362204724532 ) ) ;
#4002 = EDGE_CURVE ( 'NONE', #2475, #2972, #3968, .T. ) ;
#4003 = ADVANCED_FACE ( 'NONE', ( #1881 ), #2583, .F. ) ;
#4004 = CARTESIAN_POINT ( 'NONE',  ( 0.3842946456692913348, 2.259420039370078737, 0.000000000000000000 ) ) ;
#4005 = ORIENTED_EDGE ( 'NONE', *, *, #503, .T. ) ;
#4006 = DIRECTION ( 'NONE',  ( 1.000000000000000000, 0.000000000000000000, 0.000000000000000000 ) ) ;
#4007 = EDGE_CURVE ( 'NONE', #1691, #2726, #1731, .T. ) ;
#4008 = EDGE_CURVE ( 'NONE', #2488, #3630, #67, .T. ) ;
#4009 = FACE_OUTER_BOUND ( 'NONE', #3404, .T. ) ;
#4010 = DIRECTION ( 'NONE',  ( 0.000000000000000000, -0.000000000000000000, -1.000000000000000000 ) ) ;
#4011 = DIRECTION ( 'NONE',  ( 0.000000000000000000, -0.000000000000000000, -1.000000000000000000 ) ) ;
#4012 = DIRECTION ( 'NONE',  ( 0.000000000000000000, -0.000000000000000000, 1.000000000000000000 ) ) ;
#4013 = ORIENTED_EDGE ( 'NONE', *, *, #1229, .F. ) ;
#4014 = DIRECTION ( 'NONE',  ( -0.000000000000000000, 0.000000000000000000, 1.000000000000000000 ) ) ;
#4015 = VERTEX_POINT ( 'NONE', #1513 ) ;
#4016 = B_SPLINE_SURFACE_WITH_KNOTS ( 'NONE', 3, 1, ( 
 ( #532, #2680 ),
 ( #1922, #3667 ),
 ( #4063, #2992 ),
 ( #1603, #1261 ) ),
 .UNSPECIFIED., .F., .F., .F.,
 ( 4, 4 ),
 ( 2, 2 ),
 ( 0.1710381499767228419, 1.000000000000000000 ),
 ( 0.000000000000000000, 1.000000000000000000 ),
 .UNSPECIFIED. ) ;
#4017 = EDGE_LOOP ( 'NONE', ( #1040, #3528, #3922, #3140 ) ) ;
#4018 = PLANE ( 'NONE',  #2388 ) ;
#4019 = CARTESIAN_POINT ( 'NONE',  ( 2.816695396909712379, 1.543242015657738442, 0.000000000000000000 ) ) ;
#4020 = DIRECTION ( 'NONE',  ( 0.9795888968345647374, 0.2010114255420339113, -0.000000000000000000 ) ) ;
#4021 = B_SPLINE_SURFACE_WITH_KNOTS ( 'NONE', 3, 1, ( 
 ( #2467, #2722 ),
 ( #1071, #685 ),
 ( #3419, #3801 ),
 ( #3762, #4148 ) ),
 .UNSPECIFIED., .F., .F., .F.,
 ( 4, 4 ),
 ( 2, 2 ),
 ( 0.2179443242169756267, 1.000000000000000000 ),
 ( 0.000000000000000000, 1.000000000000000000 ),
 .UNSPECIFIED. ) ;
#4022 = LINE ( 'NONE', #520, #2448 ) ;
#4023 = ORIENTED_EDGE ( 'NONE', *, *, #1472, .T. ) ;
#4024 = FACE_OUTER_BOUND ( 'NONE', #4201, .T. ) ;
#4025 = CARTESIAN_POINT ( 'NONE',  ( 4.683044488188977006, 0.2666637795275590417, 0.1181102362204724532 ) ) ;
#4026 = CARTESIAN_POINT ( 'NONE',  ( 1.693798976377952847, 0.1589303149606299259, 0.000000000000000000 ) ) ;
#4027 = ORIENTED_EDGE ( 'NONE', *, *, #1696, .T. ) ;
#4028 = CARTESIAN_POINT ( 'NONE',  ( 0.5148119685039370674, 4.612122637795275537, 0.000000000000000000 ) ) ;
#4029 = CARTESIAN_POINT ( 'NONE',  ( 1.615032047244094437, 3.940995472440945502, 0.1181102362204724532 ) ) ;
#4030 = EDGE_CURVE ( 'NONE', #2972, #3428, #2180, .T. ) ;
#4031 = EDGE_CURVE ( 'NONE', #1342, #1309, #3541, .T. ) ;
#4032 = CIRCLE ( 'NONE', #703, 0.1275590551181102206 ) ;
#4033 = FACE_BOUND ( 'NONE', #4332, .T. ) ;
#4034 = CARTESIAN_POINT ( 'NONE',  ( 5.197130314960630493, 4.377235236220473169, 0.000000000000000000 ) ) ;
#4035 = EDGE_LOOP ( 'NONE', ( #3125, #3046, #979, #1901, #806, #4491, #3470, #3865, #2139, #4291, #2473, #164, #655, #780, #2361, #367, #628, #1639, #663, #15, #1091, #4027, #3057, #4435, #3697, #662, #18, #786, #3341, #1786, #331, #2807 ) ) ;
#4036 = LINE ( 'NONE', #918, #2167 ) ;
#4037 = ORIENTED_EDGE ( 'NONE', *, *, #2541, .F. ) ;
#4038 = AXIS2_PLACEMENT_3D ( 'NONE', #2961, #2626, #4006 ) ;
#4039 = EDGE_CURVE ( 'NONE', #2695, #766, #2882, .T. ) ;
#4040 = VECTOR ( 'NONE', #278, 39.37007874015748143 ) ;
#4041 = ORIENTED_EDGE ( 'NONE', *, *, #3617, .T. ) ;
#4042 = CARTESIAN_POINT ( 'NONE',  ( 3.356186463905216133, 0.8214839701846148312, 0.1181102362204724532 ) ) ;
#4043 = DIRECTION ( 'NONE',  ( 0.1500217546982688388, 0.9886826958722664260, 0.000000000000000000 ) ) ;
#4044 = CARTESIAN_POINT ( 'NONE',  ( 1.629765661829910783, 3.606907744607031230, 0.000000000000000000 ) ) ;
#4045 = CYLINDRICAL_SURFACE ( 'NONE', #697, 0.02755905511811020808 ) ;
#4046 = AXIS2_PLACEMENT_3D ( 'NONE', #457, #3867, #1801 ) ;
#4047 = AXIS2_PLACEMENT_3D ( 'NONE', #1235, #4012, #3331 ) ;
#4048 = LINE ( 'NONE', #277, #2891 ) ;
#4049 = CARTESIAN_POINT ( 'NONE',  ( 3.370555784714111880, 0.4883629228064597094, 0.1181102362204724532 ) ) ;
#4050 = CIRCLE ( 'NONE', #3252, 0.1275590551181102206 ) ;
#4051 = DIRECTION ( 'NONE',  ( 1.000000000000000000, 0.000000000000000000, 0.000000000000000000 ) ) ;
#4052 = ORIENTED_EDGE ( 'NONE', *, *, #2505, .T. ) ;
#4053 = ORIENTED_EDGE ( 'NONE', *, *, #1898, .F. ) ;
#4054 = AXIS2_PLACEMENT_3D ( 'NONE', #4100, #2698, #4147 ) ;
#4055 = ORIENTED_EDGE ( 'NONE', *, *, #3477, .T. ) ;
#4056 = LINE ( 'NONE', #545, #3815 ) ;
#4057 = CARTESIAN_POINT ( 'NONE',  ( 2.345849531244832864, 2.865962983192124724, 0.000000000000000000 ) ) ;
#4058 = VECTOR ( 'NONE', #3202, 39.37007874015748143 ) ;
#4059 = B_SPLINE_SURFACE_WITH_KNOTS ( 'NONE', 3, 1, ( 
 ( #3596, #3575 ),
 ( #1849, #1874 ),
 ( #2900, #1599 ),
 ( #3060, #1233 ) ),
 .UNSPECIFIED., .F., .F., .F.,
 ( 4, 4 ),
 ( 2, 2 ),
 ( 0.04885885512059096047, 1.000000000000000000 ),
 ( 0.000000000000000000, 1.000000000000000000 ),
 .UNSPECIFIED. ) ;
#4060 = FACE_OUTER_BOUND ( 'NONE', #2423, .T. ) ;
#4061 = CARTESIAN_POINT ( 'NONE',  ( 0.2896698110644777002, 2.939671459869084291, 0.000000000000000000 ) ) ;
#4062 = VERTEX_POINT ( 'NONE', #159 ) ;
#4063 = CARTESIAN_POINT ( 'NONE',  ( 4.754899872888901591, 1.513014522826836350, 0.1181102362204724532 ) ) ;
#4064 = EDGE_CURVE ( 'NONE', #3635, #2689, #1582, .T. ) ;
#4065 = EDGE_CURVE ( 'NONE', #3138, #3480, #2201, .T. ) ;
#4066 = ORIENTED_EDGE ( 'NONE', *, *, #3204, .T. ) ;
#4067 = VERTEX_POINT ( 'NONE', #1169 ) ;
#4068 = CARTESIAN_POINT ( 'NONE',  ( 4.044353149606299880, 0.3633629921259842743, 0.1181102362204724532 ) ) ;
#4069 = DIRECTION ( 'NONE',  ( 0.000000000000000000, -0.000000000000000000, -1.000000000000000000 ) ) ;
#4070 = ADVANCED_FACE ( 'NONE', ( #137 ), #2632, .T. ) ;
#4071 = EDGE_LOOP ( 'NONE', ( #2518, #1151, #1771, #2412 ) ) ;
#4072 = DIRECTION ( 'NONE',  ( -1.000000000000000000, 0.000000000000000000, 0.000000000000000000 ) ) ;
#4073 = CARTESIAN_POINT ( 'NONE',  ( 1.368958031496063210, 2.218303110236220288, 0.1181102362204724532 ) ) ;
#4074 = CARTESIAN_POINT ( 'NONE',  ( 5.251709055118110037, 2.414856259842519837, 0.000000000000000000 ) ) ;
#4075 = VERTEX_POINT ( 'NONE', #876 ) ;
#4076 = VERTEX_POINT ( 'NONE', #1550 ) ;
#4077 = ORIENTED_EDGE ( 'NONE', *, *, #2565, .T. ) ;
#4078 = CARTESIAN_POINT ( 'NONE',  ( 0.000000000000000000, 2.333436023622047273, 0.1181102362204724532 ) ) ;
#4079 = DIRECTION ( 'NONE',  ( 1.000000000000000000, 0.000000000000000000, 0.000000000000000000 ) ) ;
#4080 = B_SPLINE_CURVE_WITH_KNOTS ( 'NONE', 3,
 ( #3461, #1010, #2120, #4164 ),
 .UNSPECIFIED., .F., .F.,
 ( 4, 4 ),
 ( 0.000000000000000000, 1.000000000000000000 ),
 .UNSPECIFIED. ) ;
#4081 = CARTESIAN_POINT ( 'NONE',  ( 0.2721564566929133844, 3.485636811023621995, 0.1181102362204724532 ) ) ;
#4082 = ORIENTED_EDGE ( 'NONE', *, *, #418, .T. ) ;
#4083 = CYLINDRICAL_SURFACE ( 'NONE', #3401, 0.1275590551181104981 ) ;
#4084 = VERTEX_POINT ( 'NONE', #3013 ) ;
#4085 = VERTEX_POINT ( 'NONE', #4329 ) ;
#4086 = CARTESIAN_POINT ( 'NONE',  ( 3.782047015085030051, 0.4565625808104599725, 0.000000000000000000 ) ) ;
#4087 = CARTESIAN_POINT ( 'NONE',  ( 4.820394094488190007, 1.838705078740157539, 0.1181102362204724532 ) ) ;
#4088 = ORIENTED_EDGE ( 'NONE', *, *, #774, .T. ) ;
#4089 = EDGE_CURVE ( 'NONE', #4359, #1400, #141, .T. ) ;
#4090 = EDGE_CURVE ( 'NONE', #1109, #2837, #2852, .T. ) ;
#4091 = DIRECTION ( 'NONE',  ( 0.000000000000000000, -0.000000000000000000, -1.000000000000000000 ) ) ;
#4092 = CARTESIAN_POINT ( 'NONE',  ( 2.136309748294954680, 3.446031333515926054, 0.000000000000000000 ) ) ;
#4093 = CARTESIAN_POINT ( 'NONE',  ( 3.275752267038861909, 1.498220763633351771, 0.1181102362204724532 ) ) ;
#4094 = CARTESIAN_POINT ( 'NONE',  ( 0.2721564566929133844, 3.485636811023621995, 0.1181102362204724532 ) ) ;
#4095 = ORIENTED_EDGE ( 'NONE', *, *, #809, .F. ) ;
#4096 = EDGE_CURVE ( 'NONE', #2792, #4015, #3981, .T. ) ;
#4097 = ORIENTED_EDGE ( 'NONE', *, *, #3065, .T. ) ;
#4098 = CARTESIAN_POINT ( 'NONE',  ( 5.139799744262353087, 0.5490210346335827607, 0.1181102362204724671 ) ) ;
#4099 = DIRECTION ( 'NONE',  ( 1.000000000000000000, 3.212450881438525141E-15, 0.000000000000000000 ) ) ;
#4100 = CARTESIAN_POINT ( 'NONE',  ( 4.762624651742674686, 1.828573427550545860, 0.000000000000000000 ) ) ;
#4101 = CARTESIAN_POINT ( 'NONE',  ( 0.2896698110644777002, 2.939671459869084291, 0.1181102362204724532 ) ) ;
#4102 = ORIENTED_EDGE ( 'NONE', *, *, #2118, .T. ) ;
#4103 = CARTESIAN_POINT ( 'NONE',  ( 1.880458700472441347, 0.000000000000000000, 0.1181102362204724532 ) ) ;
#4104 = ORIENTED_EDGE ( 'NONE', *, *, #29, .T. ) ;
#4105 = VERTEX_POINT ( 'NONE', #1283 ) ;
#4106 = CARTESIAN_POINT ( 'NONE',  ( 2.734781535433071120, 0.8524988188976376779, 0.000000000000000000 ) ) ;
#4107 = CARTESIAN_POINT ( 'NONE',  ( 2.526952546122349208, 3.584124949619854839, 0.000000000000000000 ) ) ;
#4108 = ORIENTED_EDGE ( 'NONE', *, *, #92, .F. ) ;
#4109 = VECTOR ( 'NONE', #2470, 39.37007874015748143 ) ;
#4110 = VECTOR ( 'NONE', #679, 39.37007874015748143 ) ;
#4111 = CARTESIAN_POINT ( 'NONE',  ( 0.7167363779527559098, 0.7402551181102362543, 0.1181102362204724532 ) ) ;
#4112 = CYLINDRICAL_SURFACE ( 'NONE', #2943, 0.1275590551181104981 ) ;
#4113 = FACE_OUTER_BOUND ( 'NONE', #2079, .T. ) ;
#4114 = VECTOR ( 'NONE', #2893, 39.37007874015748143 ) ;
#4115 = ADVANCED_FACE ( 'NONE', ( #1970 ), #3548, .F. ) ;
#4116 = CYLINDRICAL_SURFACE ( 'NONE', #990, 0.02755905511811047870 ) ;
#4117 = CIRCLE ( 'NONE', #4263, 0.02755905511811047870 ) ;
#4118 = EDGE_CURVE ( 'NONE', #34, #3635, #1822, .T. ) ;
#4119 = VERTEX_POINT ( 'NONE', #1947 ) ;
#4120 = VECTOR ( 'NONE', #2177, 39.37007874015748143 ) ;
#4121 = B_SPLINE_CURVE_WITH_KNOTS ( 'NONE', 2,
 ( #585, #3381, #61 ),
 .UNSPECIFIED., .F., .F.,
 ( 3, 3 ),
 ( 0.000000000000000000, 1.000000000000000000 ),
 .UNSPECIFIED. ) ;
#4122 = CARTESIAN_POINT ( 'NONE',  ( 3.206871789722488764, 0.6859442006740618103, 0.1181102362204724532 ) ) ;
#4123 = CARTESIAN_POINT ( 'NONE',  ( 2.136309748294955568, 3.446031333515926054, 0.1181102362204724532 ) ) ;
#4124 = EDGE_CURVE ( 'NONE', #1319, #1634, #196, .T. ) ;
#4125 = VECTOR ( 'NONE', #4386, 39.37007874015748143 ) ;
#4126 = DIRECTION ( 'NONE',  ( 0.000000000000000000, 0.000000000000000000, 1.000000000000000000 ) ) ;
#4127 = CARTESIAN_POINT ( 'NONE',  ( 1.230387952755905623, 4.013449015748031812, 0.1181102362204724532 ) ) ;
#4128 = AXIS2_PLACEMENT_3D ( 'NONE', #3718, #514, #2940 ) ;
#4129 = ORIENTED_EDGE ( 'NONE', *, *, #450, .T. ) ;
#4130 = LINE ( 'NONE', #3785, #1802 ) ;
#4131 = ORIENTED_EDGE ( 'NONE', *, *, #582, .T. ) ;
#4132 = AXIS2_PLACEMENT_3D ( 'NONE', #3851, #2143, #1525 ) ;
#4133 = ORIENTED_EDGE ( 'NONE', *, *, #2399, .F. ) ;
#4134 = CARTESIAN_POINT ( 'NONE',  ( 0.7407615748031496361, 0.5870023622047244594, 0.000000000000000000 ) ) ;
#4135 = CARTESIAN_POINT ( 'NONE',  ( 2.734781535433071120, 0.8524988188976376779, 0.1181102362204724532 ) ) ;
#4136 = CARTESIAN_POINT ( 'NONE',  ( 3.516220905826772380, 2.333436023622047273, 0.1181102362204724532 ) ) ;
#4137 = DIRECTION ( 'NONE',  ( 1.000000000000000000, 0.000000000000000000, 0.000000000000000000 ) ) ;
#4138 = CARTESIAN_POINT ( 'NONE',  ( 4.874069698653331173, 4.928941520739157589, -3.414809992080329023E-17 ) ) ;
#4139 = VERTEX_POINT ( 'NONE', #2701 ) ;
#4140 = EDGE_CURVE ( 'NONE', #3991, #4317, #4423, .T. ) ;
#4141 = ADVANCED_FACE ( 'NONE', ( #1580 ), #4083, .F. ) ;
#4142 = ORIENTED_EDGE ( 'NONE', *, *, #2647, .F. ) ;
#4143 = DIRECTION ( 'NONE',  ( 1.000000000000000000, 0.000000000000000000, 0.000000000000000000 ) ) ;
#4144 = CARTESIAN_POINT ( 'NONE',  ( 3.389284135565662659, 1.019486127362046135, 0.000000000000000000 ) ) ;
#4145 = ADVANCED_FACE ( 'NONE', ( #3648 ), #4016, .F. ) ;
#4146 = EDGE_CURVE ( 'NONE', #2044, #3647, #4036, .T. ) ;
#4147 = DIRECTION ( 'NONE',  ( 1.000000000000000000, 1.070816960479508380E-14, 0.000000000000000000 ) ) ;
#4148 = CARTESIAN_POINT ( 'NONE',  ( 1.836141377952756004, 0.4816696850393701324, 0.000000000000000000 ) ) ;
#4149 = ORIENTED_EDGE ( 'NONE', *, *, #4199, .T. ) ;
#4150 = CARTESIAN_POINT ( 'NONE',  ( 3.031806394055661880, 2.775596385826771595, 0.1181102362204724532 ) ) ;
#4151 = ORIENTED_EDGE ( 'NONE', *, *, #1006, .F. ) ;
#4152 = EDGE_LOOP ( 'NONE', ( #2128, #4167, #991, #2061 ) ) ;
#4153 = CARTESIAN_POINT ( 'NONE',  ( 2.668821132985532252, 0.8524993618106532223, 0.000000000000000000 ) ) ;
#4154 = VERTEX_POINT ( 'NONE', #603 ) ;
#4155 = LINE ( 'NONE', #790, #1068 ) ;
#4156 = DIRECTION ( 'NONE',  ( 0.3036353932928320121, 0.9527883017438379953, 0.000000000000000000 ) ) ;
#4157 = CARTESIAN_POINT ( 'NONE',  ( 1.880458700472441347, 0.000000000000000000, 0.1181102362204724532 ) ) ;
#4158 = CARTESIAN_POINT ( 'NONE',  ( 3.302202030877718020, 1.514101488188976052, 0.1181102362204724532 ) ) ;
#4159 = ORIENTED_EDGE ( 'NONE', *, *, #338, .F. ) ;
#4160 = ORIENTED_EDGE ( 'NONE', *, *, #1815, .T. ) ;
#4161 = CARTESIAN_POINT ( 'NONE',  ( 0.5294868985154915775, 1.921746044868376302, 0.1181102362204724532 ) ) ;
#4162 = DIRECTION ( 'NONE',  ( 0.000000000000000000, 0.000000000000000000, -1.000000000000000000 ) ) ;
#4163 = LINE ( 'NONE', #1737, #3686 ) ;
#4164 = CARTESIAN_POINT ( 'NONE',  ( 1.230387952755905623, 4.013449015748031812, 0.1181102362204724532 ) ) ;
#4165 = EDGE_LOOP ( 'NONE', ( #2653, #2939, #2596, #965 ) ) ;
#4166 = CARTESIAN_POINT ( 'NONE',  ( 2.840455108566711573, 0.5927037616992754110, 0.000000000000000000 ) ) ;
#4167 = ORIENTED_EDGE ( 'NONE', *, *, #1005, .T. ) ;
#4168 = EDGE_CURVE ( 'NONE', #3078, #3959, #1992, .T. ) ;
#4169 = B_SPLINE_CURVE_WITH_KNOTS ( 'NONE', 3,
 ( #1886, #3359, #3705, #929 ),
 .UNSPECIFIED., .F., .F.,
 ( 4, 4 ),
 ( 0.000000000000000000, 1.000000000000000000 ),
 .UNSPECIFIED. ) ;
#4170 = EDGE_CURVE ( 'NONE', #2242, #4439, #242, .T. ) ;
#4171 = EDGE_LOOP ( 'NONE', ( #3063, #3494, #2798, #3753 ) ) ;
#4172 = CARTESIAN_POINT ( 'NONE',  ( 4.100607086614173724, 2.218303110236220288, 0.000000000000000000 ) ) ;
#4173 = VERTEX_POINT ( 'NONE', #2445 ) ;
#4174 = ADVANCED_FACE ( 'NONE', ( #3737 ), #652, .F. ) ;
#4175 = AXIS2_PLACEMENT_3D ( 'NONE', #3093, #3474, #3449 ) ;
#4176 = LINE ( 'NONE', #2861, #914 ) ;
#4177 = LINE ( 'NONE', #2414, #1135 ) ;
#4178 = LINE ( 'NONE', #4094, #2812 ) ;
#4179 = VECTOR ( 'NONE', #2691, 39.37007874015748143 ) ;
#4180 = B_SPLINE_CURVE_WITH_KNOTS ( 'NONE', 3,
 ( #4028, #2334, #910, #597 ),
 .UNSPECIFIED., .F., .F.,
 ( 4, 4 ),
 ( 0.000000000000000000, 1.000000000000000000 ),
 .UNSPECIFIED. ) ;
#4181 = VERTEX_POINT ( 'NONE', #670 ) ;
#4182 = ORIENTED_EDGE ( 'NONE', *, *, #2682, .F. ) ;
#4183 = CARTESIAN_POINT ( 'NONE',  ( 2.601478149606299528, 1.541660543307086684, 0.000000000000000000 ) ) ;
#4184 = CIRCLE ( 'NONE', #3247, 0.02755905511811020808 ) ;
#4185 = AXIS2_PLACEMENT_3D ( 'NONE', #587, #903, #4341 ) ;
#4186 = CARTESIAN_POINT ( 'NONE',  ( 4.417581889763779301, 3.992921850393700733, 0.1181102362204724532 ) ) ;
#4187 = AXIS2_PLACEMENT_3D ( 'NONE', #2888, #764, #113 ) ;
#4188 = VECTOR ( 'NONE', #2406, 39.37007874015748143 ) ;
#4189 = VERTEX_POINT ( 'NONE', #17 ) ;
#4190 = DIRECTION ( 'NONE',  ( 1.000000000000000000, 0.000000000000000000, 0.000000000000000000 ) ) ;
#4191 = CARTESIAN_POINT ( 'NONE',  ( 0.7091559375851931302, 1.902716358071339542, 0.1181102362204724532 ) ) ;
#4192 = ORIENTED_EDGE ( 'NONE', *, *, #4065, .F. ) ;
#4193 = CARTESIAN_POINT ( 'NONE',  ( 4.764190944881890211, 0.4324905511811023562, 0.000000000000000000 ) ) ;
#4194 = LINE ( 'NONE', #1439, #1788 ) ;
#4195 = CIRCLE ( 'NONE', #1293, 0.1275590551181104981 ) ;
#4196 = EDGE_LOOP ( 'NONE', ( #1765, #483, #1369, #1649 ) ) ;
#4197 = CARTESIAN_POINT ( 'NONE',  ( 2.178196283752855678, 2.825415532720565448, 0.1181102362204724532 ) ) ;
#4198 = VERTEX_POINT ( 'NONE', #687 ) ;
#4199 = EDGE_CURVE ( 'NONE', #1476, #1411, #1672, .T. ) ;
#4200 = CARTESIAN_POINT ( 'NONE',  ( 0.6486851968503937194, 1.924837755905511871, 0.1181102362204724532 ) ) ;
#4201 = EDGE_LOOP ( 'NONE', ( #4468, #2071, #734, #1300 ) ) ;
#4202 = CIRCLE ( 'NONE', #3763, 0.02755905511811047870 ) ;
#4203 = EDGE_CURVE ( 'NONE', #202, #463, #4202, .T. ) ;
#4204 = LINE ( 'NONE', #4135, #3040 ) ;
#4205 = CARTESIAN_POINT ( 'NONE',  ( 0.7091559375851931302, 1.902716358071339542, 0.000000000000000000 ) ) ;
#4206 = CARTESIAN_POINT ( 'NONE',  ( 2.734781535433071120, 0.8524988188976376779, 0.1181102362204724532 ) ) ;
#4207 = FACE_OUTER_BOUND ( 'NONE', #3067, .T. ) ;
#4208 = B_SPLINE_SURFACE_WITH_KNOTS ( 'NONE', 3, 1, ( 
 ( #1201, #4074 ),
 ( #523, #253 ),
 ( #2258, #3346 ),
 ( #4388, #955 ) ),
 .UNSPECIFIED., .F., .F., .F.,
 ( 4, 4 ),
 ( 2, 2 ),
 ( 0.000000000000000000, 1.000000000000000000 ),
 ( 0.000000000000000000, 1.000000000000000000 ),
 .UNSPECIFIED. ) ;
#4209 = ORIENTED_EDGE ( 'NONE', *, *, #1646, .F. ) ;
#4210 = EDGE_LOOP ( 'NONE', ( #180, #322, #3056, #4320 ) ) ;
#4211 = DIRECTION ( 'NONE',  ( -0.000000000000000000, 0.000000000000000000, 1.000000000000000000 ) ) ;
#4212 = CARTESIAN_POINT ( 'NONE',  ( 2.136309748294955568, 3.446031333515926054, 0.1181102362204724532 ) ) ;
#4213 = CARTESIAN_POINT ( 'NONE',  ( 2.339371069028488126, 2.892749753178713856, 0.1181102362204724532 ) ) ;
#4214 = CARTESIAN_POINT ( 'NONE',  ( 3.978232119384030430, 2.873573821385489779, 0.1181102362204724532 ) ) ;
#4215 = ORIENTED_EDGE ( 'NONE', *, *, #2256, .T. ) ;
#4216 = CARTESIAN_POINT ( 'NONE',  ( 0.01117062992125984235, 3.924353346456692648, 0.1181102362204724532 ) ) ;
#4217 = DIRECTION ( 'NONE',  ( -0.000000000000000000, -0.000000000000000000, -1.000000000000000000 ) ) ;
#4218 = ORIENTED_EDGE ( 'NONE', *, *, #1199, .F. ) ;
#4219 = CARTESIAN_POINT ( 'NONE',  ( 0.6576947493751834628, 1.116873518515059782, 0.000000000000000000 ) ) ;
#4220 = CARTESIAN_POINT ( 'NONE',  ( 3.329761085995828207, 1.514101488188976052, 0.000000000000000000 ) ) ;
#4221 = VERTEX_POINT ( 'NONE', #2724 ) ;
#4222 = CARTESIAN_POINT ( 'NONE',  ( 1.972116574488189222, 0.000000000000000000, 0.000000000000000000 ) ) ;
#4223 = EDGE_LOOP ( 'NONE', ( #1404, #2057, #2124, #296 ) ) ;
#4224 = CARTESIAN_POINT ( 'NONE',  ( 1.972116574488189222, 0.000000000000000000, 0.1181102362204724532 ) ) ;
#4225 = CARTESIAN_POINT ( 'NONE',  ( 1.940266574803149568, 0.3308110236220472289, 0.1181102362204724532 ) ) ;
#4226 = CARTESIAN_POINT ( 'NONE',  ( 4.813688697942940742, 0.02377203455384258729, 0.000000000000000000 ) ) ;
#4227 = EDGE_CURVE ( 'NONE', #38, #766, #2420, .T. ) ;
#4228 = EDGE_CURVE ( 'NONE', #199, #2575, #789, .T. ) ;
#4229 = ORIENTED_EDGE ( 'NONE', *, *, #1699, .F. ) ;
#4230 = VERTEX_POINT ( 'NONE', #2058 ) ;
#4231 = CARTESIAN_POINT ( 'NONE',  ( 4.683044488188977006, 0.2666637795275590417, 0.1181102362204724532 ) ) ;
#4232 = CARTESIAN_POINT ( 'NONE',  ( 5.062072440944882068, 2.559978307086614002, 0.1181102362204724532 ) ) ;
#4233 = EDGE_CURVE ( 'NONE', #4015, #1946, #2393, .T. ) ;
#4234 = CARTESIAN_POINT ( 'NONE',  ( 1.230387952755905623, 4.013449015748031812, 0.000000000000000000 ) ) ;
#4235 = DIRECTION ( 'NONE',  ( 0.000000000000000000, 0.000000000000000000, 1.000000000000000000 ) ) ;
#4236 = CARTESIAN_POINT ( 'NONE',  ( 4.820394094488190007, 1.838705078740157539, 0.000000000000000000 ) ) ;
#4237 = CARTESIAN_POINT ( 'NONE',  ( 4.100602095883235876, 1.714747270605580631, -1.707404996040164512E-17 ) ) ;
#4238 = ORIENTED_EDGE ( 'NONE', *, *, #2034, .F. ) ;
#4239 = DIRECTION ( 'NONE',  ( -0.000000000000000000, -0.000000000000000000, 1.000000000000000000 ) ) ;
#4240 = DIRECTION ( 'NONE',  ( 1.000000000000000000, 0.000000000000000000, 0.000000000000000000 ) ) ;
#4241 = VERTEX_POINT ( 'NONE', #2750 ) ;
#4242 = DIRECTION ( 'NONE',  ( -0.000000000000000000, 0.000000000000000000, 1.000000000000000000 ) ) ;
#4243 = ORIENTED_EDGE ( 'NONE', *, *, #2008, .T. ) ;
#4244 = DIRECTION ( 'NONE',  ( 1.000000000000000000, 4.283267841918042988E-15, 0.000000000000000000 ) ) ;
#4245 = CARTESIAN_POINT ( 'NONE',  ( 0.8455009088860035993, 0.03751125168164772677, 0.000000000000000000 ) ) ;
#4246 = B_SPLINE_CURVE_WITH_KNOTS ( 'NONE', 3,
 ( #3533, #805, #1531, #1833 ),
 .UNSPECIFIED., .F., .F.,
 ( 4, 4 ),
 ( 0.02814836718562773593, 1.000000000000000000 ),
 .UNSPECIFIED. ) ;
#4247 = CARTESIAN_POINT ( 'NONE',  ( 0.3601103342554934916, 5.317555083092547541, 0.000000000000000000 ) ) ;
#4248 = ORIENTED_EDGE ( 'NONE', *, *, #3861, .T. ) ;
#4249 = CARTESIAN_POINT ( 'NONE',  ( 0.1321305963413642315, 4.889772430467427711, 0.000000000000000000 ) ) ;
#4250 = ADVANCED_FACE ( 'NONE', ( #374 ), #714, .F. ) ;
#4251 = EDGE_CURVE ( 'NONE', #312, #2644, #4130, .T. ) ;
#4252 = DIRECTION ( 'NONE',  ( 1.000000000000000000, 0.000000000000000000, 0.000000000000000000 ) ) ;
#4253 = AXIS2_PLACEMENT_3D ( 'NONE', #1911, #4366, #3321 ) ;
#4254 = CIRCLE ( 'NONE', #1566, 0.1275590551181104981 ) ;
#4255 = ORIENTED_EDGE ( 'NONE', *, *, #2629, .T. ) ;
#4256 = DIRECTION ( 'NONE',  ( 1.000000000000000000, 0.000000000000000000, 0.000000000000000000 ) ) ;
#4257 = CARTESIAN_POINT ( 'NONE',  ( 1.729989171373806034, -0.5611574331023199136, 0.1181102362204724532 ) ) ;
#4258 = ADVANCED_FACE ( 'NONE', ( #4492 ), #2322, .F. ) ;
#4259 = CARTESIAN_POINT ( 'NONE',  ( 1.880458700472441347, 2.134269094488189022, 0.000000000000000000 ) ) ;
#4260 = CARTESIAN_POINT ( 'NONE',  ( 4.100607086614173724, 2.218303110236220288, 0.1181102362204724532 ) ) ;
#4261 = VERTEX_POINT ( 'NONE', #4150 ) ;
#4262 = VECTOR ( 'NONE', #2459, 39.37007874015748143 ) ;
#4263 = AXIS2_PLACEMENT_3D ( 'NONE', #4220, #2857, #4240 ) ;
#4264 = CARTESIAN_POINT ( 'NONE',  ( 3.488661850708661749, 2.648037330708661319, 0.000000000000000000 ) ) ;
#4265 = CARTESIAN_POINT ( 'NONE',  ( 3.543855555670991642, 0.6160026818032170448, 0.000000000000000000 ) ) ;
#4266 = CIRCLE ( 'NONE', #1651, 0.02755905511811020808 ) ;
#4267 = EDGE_LOOP ( 'NONE', ( #4095, #241, #1466, #1914 ) ) ;
#4268 = DIRECTION ( 'NONE',  ( 1.000000000000000000, 0.000000000000000000, 0.000000000000000000 ) ) ;
#4269 = ORIENTED_EDGE ( 'NONE', *, *, #4343, .F. ) ;
#4270 = CIRCLE ( 'NONE', #2678, 0.02755905511811020808 ) ;
#4271 = B_SPLINE_CURVE_WITH_KNOTS ( 'NONE', 3,
 ( #591, #3747, #953, #2348 ),
 .UNSPECIFIED., .F., .F.,
 ( 4, 4 ),
 ( 0.000000000000000000, 1.000000000000000000 ),
 .UNSPECIFIED. ) ;
#4272 = CARTESIAN_POINT ( 'NONE',  ( 2.734781535433071120, 0.8524988188976376779, 0.000000000000000000 ) ) ;
#4273 = AXIS2_PLACEMENT_3D ( 'NONE', #1444, #1813, #4268 ) ;
#4274 = CARTESIAN_POINT ( 'NONE',  ( 3.276171533363321231, 2.852735505070764344, 0.000000000000000000 ) ) ;
#4275 = CARTESIAN_POINT ( 'NONE',  ( 3.914103661417323465, 3.847636811023622094, -6.829619984160658046E-17 ) ) ;
#4276 = ORIENTED_EDGE ( 'NONE', *, *, #4398, .F. ) ;
#4277 = DIRECTION ( 'NONE',  ( -0.9644220878982604495, 0.2643672377091379477, 0.000000000000000000 ) ) ;
#4278 = PLANE ( 'NONE',  #3821 ) ;
#4279 = ADVANCED_FACE ( 'NONE', ( #4447 ), #431, .F. ) ;
#4280 = ORIENTED_EDGE ( 'NONE', *, *, #813, .F. ) ;
#4281 = CARTESIAN_POINT ( 'NONE',  ( 3.758720060333228474, 3.122214463287400932, 0.000000000000000000 ) ) ;
#4282 = LINE ( 'NONE', #3897, #2828 ) ;
#4283 = DIRECTION ( 'NONE',  ( -0.000000000000000000, -0.000000000000000000, -1.000000000000000000 ) ) ;
#4284 = CARTESIAN_POINT ( 'NONE',  ( 4.926066141732283299, 1.588236968503937252, 0.000000000000000000 ) ) ;
#4285 = EDGE_CURVE ( 'NONE', #2503, #2039, #3129, .T. ) ;
#4286 = EDGE_CURVE ( 'NONE', #3078, #2788, #1396, .T. ) ;
#4287 = CARTESIAN_POINT ( 'NONE',  ( 4.909358984080811616, 0.09254090603421960548, 0.000000000000000000 ) ) ;
#4288 = DIRECTION ( 'NONE',  ( 0.000000000000000000, -0.000000000000000000, -1.000000000000000000 ) ) ;
#4289 = ORIENTED_EDGE ( 'NONE', *, *, #1638, .T. ) ;
#4290 = CARTESIAN_POINT ( 'NONE',  ( 1.883500894558824523, -0.2971370959565694525, 0.000000000000000000 ) ) ;
#4291 = ORIENTED_EDGE ( 'NONE', *, *, #1253, .T. ) ;
#4292 = CARTESIAN_POINT ( 'NONE',  ( 0.5148119685039370674, 4.612122637795275537, 0.1181102362204724532 ) ) ;
#4293 = FACE_OUTER_BOUND ( 'NONE', #3640, .T. ) ;
#4294 = CARTESIAN_POINT ( 'NONE',  ( 0.3842946456692913348, 2.259420039370078737, 0.1181102362204724532 ) ) ;
#4295 = CARTESIAN_POINT ( 'NONE',  ( 3.854345147520894521, 3.206636943960361030, 0.000000000000000000 ) ) ;
#4296 = EDGE_LOOP ( 'NONE', ( #704, #516, #3394, #3795 ) ) ;
#4297 = CARTESIAN_POINT ( 'NONE',  ( 3.206871789647982585, 0.6859442007639970917, 0.1181102362204724532 ) ) ;
#4298 = CARTESIAN_POINT ( 'NONE',  ( 0.0008446456692913387014, 3.416323818897638365, 0.1181102362204724532 ) ) ;
#4299 = ORIENTED_EDGE ( 'NONE', *, *, #121, .F. ) ;
#4300 = DIRECTION ( 'NONE',  ( 0.02232566940930677535, 0.9997507511802260494, 0.000000000000000000 ) ) ;
#4301 = DIRECTION ( 'NONE',  ( -0.000000000000000000, -0.000000000000000000, 1.000000000000000000 ) ) ;
#4302 = LINE ( 'NONE', #1830, #548 ) ;
#4303 = CARTESIAN_POINT ( 'NONE',  ( 4.926066141732283299, 1.588236968503937252, 0.1181102362204724532 ) ) ;
#4304 = DIRECTION ( 'NONE',  ( -1.000000000000000000, 0.000000000000000000, 0.000000000000000000 ) ) ;
#4305 = CARTESIAN_POINT ( 'NONE',  ( 1.098632834645669298, 0.04024291338582677846, 0.000000000000000000 ) ) ;
#4306 = ORIENTED_EDGE ( 'NONE', *, *, #2984, .F. ) ;
#4307 = DIRECTION ( 'NONE',  ( 0.000000000000000000, 1.000000000000000000, -0.000000000000000000 ) ) ;
#4308 = EDGE_CURVE ( 'NONE', #3647, #105, #209, .T. ) ;
#4309 = EDGE_CURVE ( 'NONE', #3280, #3379, #842, .T. ) ;
#4310 = VERTEX_POINT ( 'NONE', #3874 ) ;
#4311 = ORIENTED_EDGE ( 'NONE', *, *, #2738, .F. ) ;
#4312 = LINE ( 'NONE', #1884, #1213 ) ;
#4313 = DIRECTION ( 'NONE',  ( -0.000000000000000000, -0.000000000000000000, 1.000000000000000000 ) ) ;
#4314 = EDGE_CURVE ( 'NONE', #70, #1392, #128, .T. ) ;
#4315 = PLANE ( 'NONE',  #633 ) ;
#4316 = LINE ( 'NONE', #1957, #192 ) ;
#4317 = VERTEX_POINT ( 'NONE', #461 ) ;
#4318 = FACE_OUTER_BOUND ( 'NONE', #2292, .T. ) ;
#4319 = CARTESIAN_POINT ( 'NONE',  ( -0.1466480498608165595, 0.5170241290322937777, 0.1181102362204724532 ) ) ;
#4320 = ORIENTED_EDGE ( 'NONE', *, *, #3868, .F. ) ;
#4321 = CARTESIAN_POINT ( 'NONE',  ( 0.7205617429801288720, 0.05659167798921023451, 0.000000000000000000 ) ) ;
#4322 = VECTOR ( 'NONE', #189, 39.37007874015748143 ) ;
#4323 = FACE_OUTER_BOUND ( 'NONE', #4267, .T. ) ;
#4324 = FACE_OUTER_BOUND ( 'NONE', #3441, .T. ) ;
#4325 = VECTOR ( 'NONE', #1104, 39.37007874015748143 ) ;
#4326 = PLANE ( 'NONE',  #1942 ) ;
#4327 = CARTESIAN_POINT ( 'NONE',  ( 1.368958031496063210, 2.218303110236220288, 0.000000000000000000 ) ) ;
#4328 = VERTEX_POINT ( 'NONE', #3595 ) ;
#4329 = CARTESIAN_POINT ( 'NONE',  ( 3.303220683998364660, 1.500454054644830393, 0.1181102362204724532 ) ) ;
#4330 = AXIS2_PLACEMENT_3D ( 'NONE', #166, #3076, #1059 ) ;
#4331 = AXIS2_PLACEMENT_3D ( 'NONE', #3573, #2170, #3192 ) ;
#4332 = EDGE_LOOP ( 'NONE', ( #1340, #3720, #345, #1176, #3553, #1320, #1153, #2835, #653, #3571, #651, #3927, #1673, #1046, #1250, #1888, #1703, #2294 ) ) ;
#4333 = AXIS2_PLACEMENT_3D ( 'NONE', #46, #142, #471 ) ;
#4334 = EDGE_CURVE ( 'NONE', #177, #34, #2965, .T. ) ;
#4335 = ADVANCED_FACE ( 'NONE', ( #2172 ), #2501, .F. ) ;
#4336 = B_SPLINE_CURVE_WITH_KNOTS ( 'NONE', 3,
 ( #1371, #2438, #2117, #4123 ),
 .UNSPECIFIED., .F., .F.,
 ( 4, 4 ),
 ( 0.000000000000000000, 0.8590043038429787670 ),
 .UNSPECIFIED. ) ;
#4337 = ORIENTED_EDGE ( 'NONE', *, *, #3281, .F. ) ;
#4338 = CARTESIAN_POINT ( 'NONE',  ( 5.662496062992127044, 3.542033661417322676, 0.000000000000000000 ) ) ;
#4339 = CARTESIAN_POINT ( 'NONE',  ( 4.683044488188977006, 0.2666637795275590417, 0.1181102362204724532 ) ) ;
#4340 = DIRECTION ( 'NONE',  ( 0.000000000000000000, 0.000000000000000000, -1.000000000000000000 ) ) ;
#4341 = DIRECTION ( 'NONE',  ( 1.000000000000000000, 0.000000000000000000, 0.000000000000000000 ) ) ;
#4342 = ORIENTED_EDGE ( 'NONE', *, *, #4203, .F. ) ;
#4343 = EDGE_CURVE ( 'NONE', #3588, #100, #35, .T. ) ;
#4344 = EDGE_CURVE ( 'NONE', #1327, #2972, #1368, .T. ) ;
#4345 = VECTOR ( 'NONE', #2385, 39.37007874015748143 ) ;
#4346 = CARTESIAN_POINT ( 'NONE',  ( 4.795487133006938407, 0.1500258090578374393, 0.000000000000000000 ) ) ;
#4347 = CARTESIAN_POINT ( 'NONE',  ( 1.470010787401574648, 0.2367854330708661914, 0.1181102362204724532 ) ) ;
#4348 = DIRECTION ( 'NONE',  ( -0.000000000000000000, -0.000000000000000000, -1.000000000000000000 ) ) ;
#4349 = VECTOR ( 'NONE', #2469, 39.37007874015748143 ) ;
#4350 = EDGE_LOOP ( 'NONE', ( #3378, #1994, #3755, #3887 ) ) ;
#4351 = LINE ( 'NONE', #3661, #2942 ) ;
#4352 = CYLINDRICAL_SURFACE ( 'NONE', #1220, 0.02755905511811047870 ) ;
#4353 = DIRECTION ( 'NONE',  ( 1.000000000000000000, 0.000000000000000000, 0.000000000000000000 ) ) ;
#4354 = FACE_OUTER_BOUND ( 'NONE', #3731, .T. ) ;
#4355 = CYLINDRICAL_SURFACE ( 'NONE', #4047, 0.02755905511811047870 ) ;
#4356 = ORIENTED_EDGE ( 'NONE', *, *, #3342, .T. ) ;
#4357 = CARTESIAN_POINT ( 'NONE',  ( 1.368958031496063210, 2.218303110236220288, 0.1181102362204724532 ) ) ;
#4358 = VERTEX_POINT ( 'NONE', #2875 ) ;
#4359 = VERTEX_POINT ( 'NONE', #1118 ) ;
#4360 = DIRECTION ( 'NONE',  ( -1.000000000000000000, 0.000000000000000000, 0.000000000000000000 ) ) ;
#4361 = CARTESIAN_POINT ( 'NONE',  ( 1.836141377952756004, 0.4816696850393701324, 0.000000000000000000 ) ) ;
#4362 = CARTESIAN_POINT ( 'NONE',  ( 4.823529387747520047, 2.107373611081008402, 0.1181102362204724532 ) ) ;
#4363 = DIRECTION ( 'NONE',  ( 0.2931295510464441700, 0.9560727306556284777, 0.000000000000000000 ) ) ;
#4364 = ORIENTED_EDGE ( 'NONE', *, *, #3808, .T. ) ;
#4365 = DIRECTION ( 'NONE',  ( -0.000000000000000000, -0.000000000000000000, -1.000000000000000000 ) ) ;
#4366 = DIRECTION ( 'NONE',  ( 0.000000000000000000, -0.000000000000000000, -1.000000000000000000 ) ) ;
#4367 = DIRECTION ( 'NONE',  ( -0.000000000000000000, -0.000000000000000000, -1.000000000000000000 ) ) ;
#4368 = EDGE_CURVE ( 'NONE', #3152, #2644, #4490, .T. ) ;
#4369 = EDGE_CURVE ( 'NONE', #3790, #175, #4282, .T. ) ;
#4370 = ORIENTED_EDGE ( 'NONE', *, *, #309, .F. ) ;
#4371 = DIRECTION ( 'NONE',  ( -0.000000000000000000, 0.000000000000000000, 1.000000000000000000 ) ) ;
#4372 = DIRECTION ( 'NONE',  ( -1.000000000000000000, 0.000000000000000000, 0.000000000000000000 ) ) ;
#4373 = DIRECTION ( 'NONE',  ( -1.000000000000000000, 0.000000000000000000, 0.000000000000000000 ) ) ;
#4374 = EDGE_CURVE ( 'NONE', #3605, #604, #440, .T. ) ;
#4375 = DIRECTION ( 'NONE',  ( 0.000000000000000000, 0.000000000000000000, -1.000000000000000000 ) ) ;
#4376 = DIRECTION ( 'NONE',  ( 1.000000000000000000, 2.141633920959016761E-15, 0.000000000000000000 ) ) ;
#4377 = VERTEX_POINT ( 'NONE', #3263 ) ;
#4378 = DIRECTION ( 'NONE',  ( -0.000000000000000000, 0.000000000000000000, 1.000000000000000000 ) ) ;
#4379 = ORIENTED_EDGE ( 'NONE', *, *, #365, .T. ) ;
#4380 = B_SPLINE_SURFACE_WITH_KNOTS ( 'NONE', 2, 1, ( 
 ( #342, #2777 ),
 ( #1020, #999 ),
 ( #612, #2396 ) ),
 .UNSPECIFIED., .F., .F., .F.,
 ( 3, 3 ),
 ( 2, 2 ),
 ( 0.000000000000000000, 1.000000000000000000 ),
 ( 0.000000000000000000, 1.000000000000000000 ),
 .UNSPECIFIED. ) ;
#4381 = B_SPLINE_CURVE_WITH_KNOTS ( 'NONE', 3,
 ( #941, #1234, #1211, #2968 ),
 .UNSPECIFIED., .F., .F.,
 ( 4, 4 ),
 ( 0.01632650932090798368, 1.000000000000000000 ),
 .UNSPECIFIED. ) ;
#4382 = CARTESIAN_POINT ( 'NONE',  ( 4.417581889763779301, 3.992921850393700733, 0.1181102362204724532 ) ) ;
#4383 = CARTESIAN_POINT ( 'NONE',  ( 3.031189774757862221, 1.541794090900347136, 0.000000000000000000 ) ) ;
#4384 = CARTESIAN_POINT ( 'NONE',  ( 4.820394094488190007, 1.838705078740157539, 0.1181102362204724532 ) ) ;
#4385 = LINE ( 'NONE', #1196, #2228 ) ;
#4386 = DIRECTION ( 'NONE',  ( -0.000000000000000000, -0.000000000000000000, -1.000000000000000000 ) ) ;
#4387 = CARTESIAN_POINT ( 'NONE',  ( 5.269246456692913583, 4.058046259842519987, 0.1181102362204724532 ) ) ;
#4388 = CARTESIAN_POINT ( 'NONE',  ( 5.662496062992127044, 3.542033661417322676, 0.1181102362204724532 ) ) ;
#4389 = DIRECTION ( 'NONE',  ( 1.000000000000000000, 0.000000000000000000, 0.000000000000000000 ) ) ;
#4390 = B_SPLINE_CURVE_WITH_KNOTS ( 'NONE', 3,
 ( #2601, #3983, #865, #3637 ),
 .UNSPECIFIED., .F., .F.,
 ( 4, 4 ),
 ( 0.000000000000000000, 0.9544573945241723312 ),
 .UNSPECIFIED. ) ;
#4391 = EDGE_CURVE ( 'NONE', #2503, #356, #2213, .T. ) ;
#4392 = EDGE_CURVE ( 'NONE', #1055, #4429, #3230, .T. ) ;
#4393 = EDGE_LOOP ( 'NONE', ( #2341, #726, #376, #2700 ) ) ;
#4394 = DIRECTION ( 'NONE',  ( -0.000000000000000000, -0.000000000000000000, -1.000000000000000000 ) ) ;
#4395 =( LENGTH_UNIT ( ) NAMED_UNIT ( * ) SI_UNIT ( $, .METRE. ) );
#4396 = CARTESIAN_POINT ( 'NONE',  ( 4.641471259842520070, 4.191513976377953199, 0.000000000000000000 ) ) ;
#4397 = VECTOR ( 'NONE', #3099, 39.37007874015748143 ) ;
#4398 = EDGE_CURVE ( 'NONE', #359, #957, #1664, .T. ) ;
#4399 = CARTESIAN_POINT ( 'NONE',  ( 2.130461963536770753, 1.541660543307086684, 0.1181102362204724532 ) ) ;
#4400 = CARTESIAN_POINT ( 'NONE',  ( 5.269246456692913583, 4.058046259842519987, 0.1181102362204724532 ) ) ;
#4401 = VERTEX_POINT ( 'NONE', #2194 ) ;
#4402 = CARTESIAN_POINT ( 'NONE',  ( 4.820861811023622323, 0.7992161417322835026, 0.1181102362204724532 ) ) ;
#4403 = ORIENTED_EDGE ( 'NONE', *, *, #3423, .T. ) ;
#4404 = CIRCLE ( 'NONE', #1714, 0.02755905511811047870 ) ;
#4405 = AXIS2_PLACEMENT_3D ( 'NONE', #1019, #2734, #635 ) ;
#4406 = ORIENTED_EDGE ( 'NONE', *, *, #2506, .T. ) ;
#4407 = AXIS2_PLACEMENT_3D ( 'NONE', #4247, #3543, #1470 ) ;
#4408 = CARTESIAN_POINT ( 'NONE',  ( 3.361102795590551473, 2.775596385826771595, 0.000000000000000000 ) ) ;
#4409 = CARTESIAN_POINT ( 'NONE',  ( 4.909358984080811616, 0.09254090603421968875, -1.707404996040164512E-17 ) ) ;
#4410 = CARTESIAN_POINT ( 'NONE',  ( 5.269246456692913583, 4.058046259842519987, 0.000000000000000000 ) ) ;
#4411 = VECTOR ( 'NONE', #4283, 39.37007874015748143 ) ;
#4412 = CIRCLE ( 'NONE', #3392, 0.1275590551181102206 ) ;
#4413 = DIRECTION ( 'NONE',  ( 1.000000000000000000, 0.000000000000000000, 0.000000000000000000 ) ) ;
#4414 = LINE ( 'NONE', #973, #1131 ) ;
#4415 = VECTOR ( 'NONE', #1038, 39.37007874015748143 ) ;
#4416 = DIRECTION ( 'NONE',  ( -0.2350756289930804876, 0.9719770823705194962, 0.000000000000000000 ) ) ;
#4417 = CARTESIAN_POINT ( 'NONE',  ( 4.820394094488190007, 1.838705078740157539, 0.1181102362204724532 ) ) ;
#4418 = ORIENTED_EDGE ( 'NONE', *, *, #447, .T. ) ;
#4419 = AXIS2_PLACEMENT_3D ( 'NONE', #569, #1960, #3344 ) ;
#4420 = EDGE_LOOP ( 'NONE', ( #1482, #1778, #1380, #293 ) ) ;
#4421 = LINE ( 'NONE', #1986, #3239 ) ;
#4422 = CARTESIAN_POINT ( 'NONE',  ( 1.615032047244094437, 3.940995472440945502, 0.000000000000000000 ) ) ;
#4423 = CIRCLE ( 'NONE', #2894, 0.1275590551181104981 ) ;
#4424 = B_SPLINE_SURFACE_WITH_KNOTS ( 'NONE', 3, 1, ( 
 ( #4025, #2931 ),
 ( #2956, #165 ),
 ( #542, #2302 ),
 ( #570, #1594 ) ),
 .UNSPECIFIED., .F., .F., .F.,
 ( 4, 4 ),
 ( 2, 2 ),
 ( 0.000000000000000000, 1.000000000000000000 ),
 ( 0.000000000000000000, 1.000000000000000000 ),
 .UNSPECIFIED. ) ;
#4425 = PLANE ( 'NONE',  #2959 ) ;
#4426 = CARTESIAN_POINT ( 'NONE',  ( 0.8058036688313809925, 1.985966154392951655, 0.1181102362204724948 ) ) ;
#4427 = EDGE_LOOP ( 'NONE', ( #1657, #4151, #596, #3353 ) ) ;
#4428 = CARTESIAN_POINT ( 'NONE',  ( 2.094890444966989396, 1.011633662972295067, 0.000000000000000000 ) ) ;
#4429 = VERTEX_POINT ( 'NONE', #485 ) ;
#4430 = EDGE_CURVE ( 'NONE', #899, #398, #3574, .T. ) ;
#4431 = ADVANCED_FACE ( 'NONE', ( #732 ), #2122, .F. ) ;
#4432 = EDGE_LOOP ( 'NONE', ( #884, #2638, #1951, #854 ) ) ;
#4433 = FACE_OUTER_BOUND ( 'NONE', #4460, .T. ) ;
#4434 = CARTESIAN_POINT ( 'NONE',  ( 3.488661850708661749, 0.000000000000000000, 0.1181102362204724532 ) ) ;
#4435 = ORIENTED_EDGE ( 'NONE', *, *, #3664, .T. ) ;
#4436 = CARTESIAN_POINT ( 'NONE',  ( 2.507763867256391332, 0.8695105406822132288, 0.000000000000000000 ) ) ;
#4437 = LINE ( 'NONE', #4073, #4040 ) ;
#4438 = DIRECTION ( 'NONE',  ( 0.000000000000000000, -0.000000000000000000, -1.000000000000000000 ) ) ;
#4439 = VERTEX_POINT ( 'NONE', #1438 ) ;
#4440 = ORIENTED_EDGE ( 'NONE', *, *, #2764, .T. ) ;
#4441 = ORIENTED_EDGE ( 'NONE', *, *, #720, .F. ) ;
#4442 = CARTESIAN_POINT ( 'NONE',  ( 4.926066141732283299, 1.588236968503937252, 0.1181102362204724532 ) ) ;
#4443 = CARTESIAN_POINT ( 'NONE',  ( 2.443697689659045214, 0.2940749330170677189, 0.000000000000000000 ) ) ;
#4444 = CARTESIAN_POINT ( 'NONE',  ( 3.488060162796679187, 2.079767046007343190, 0.000000000000000000 ) ) ;
#4445 = DIRECTION ( 'NONE',  ( -1.000000000000000000, 0.000000000000000000, 0.000000000000000000 ) ) ;
#4446 = ORIENTED_EDGE ( 'NONE', *, *, #1774, .F. ) ;
#4447 = FACE_OUTER_BOUND ( 'NONE', #3213, .T. ) ;
#4448 = EDGE_LOOP ( 'NONE', ( #669, #3623, #4280, #1909 ) ) ;
#4449 = EDGE_CURVE ( 'NONE', #1273, #1561, #2688, .T. ) ;
#4450 = EDGE_LOOP ( 'NONE', ( #2482, #1458, #1984, #2249 ) ) ;
#4451 = ADVANCED_FACE ( 'NONE', ( #1618 ), #3917, .F. ) ;
#4452 = CARTESIAN_POINT ( 'NONE',  ( 3.824144620756458668, 1.256724032117815026, 0.000000000000000000 ) ) ;
#4453 = CARTESIAN_POINT ( 'NONE',  ( 1.836141377952756004, 0.4816696850393701324, 0.1181102362204724532 ) ) ;
#4454 = ORIENTED_EDGE ( 'NONE', *, *, #2096, .F. ) ;
#4455 = EDGE_CURVE ( 'NONE', #2914, #391, #2935, .T. ) ;
#4456 = CARTESIAN_POINT ( 'NONE',  ( 2.099675629606299498, 1.541660543307086684, 0.1181102362204724532 ) ) ;
#4457 = DIRECTION ( 'NONE',  ( -0.000000000000000000, -0.000000000000000000, -1.000000000000000000 ) ) ;
#4458 = DIRECTION ( 'NONE',  ( 1.000000000000000000, 0.000000000000000000, 0.000000000000000000 ) ) ;
#4459 = FACE_OUTER_BOUND ( 'NONE', #274, .T. ) ;
#4460 = EDGE_LOOP ( 'NONE', ( #2202, #1555, #715, #3613 ) ) ;
#4461 = ORIENTED_EDGE ( 'NONE', *, *, #872, .F. ) ;
#4462 = DIRECTION ( 'NONE',  ( 1.000000000000000000, 0.000000000000000000, 0.000000000000000000 ) ) ;
#4463 = CARTESIAN_POINT ( 'NONE',  ( 0.4966240190007018551, 0.5195265119830132505, 0.1181102362204724532 ) ) ;
#4464 = CARTESIAN_POINT ( 'NONE',  ( 0.4166452777375456162, 0.9177295614146240288, 0.000000000000000000 ) ) ;
#4465 = DIRECTION ( 'NONE',  ( 1.000000000000000000, 0.000000000000000000, 0.000000000000000000 ) ) ;
#4466 = ORIENTED_EDGE ( 'NONE', *, *, #872, .T. ) ;
#4467 = CARTESIAN_POINT ( 'NONE',  ( 3.275752267038861909, 1.498220763633351771, 0.000000000000000000 ) ) ;
#4468 = ORIENTED_EDGE ( 'NONE', *, *, #1082, .F. ) ;
#4469 = ORIENTED_EDGE ( 'NONE', *, *, #1165, .F. ) ;
#4470 = CARTESIAN_POINT ( 'NONE',  ( 0.7167363779527559098, 0.7402551181102362543, 0.000000000000000000 ) ) ;
#4471 = VECTOR ( 'NONE', #213, 39.37007874015748854 ) ;
#4472 = ADVANCED_FACE ( 'NONE', ( #1276 ), #3689, .F. ) ;
#4473 = ADVANCED_FACE ( 'NONE', ( #4009 ), #1965, .F. ) ;
#4474 = DIRECTION ( 'NONE',  ( -0.000000000000000000, 0.000000000000000000, 1.000000000000000000 ) ) ;
#4475 = CARTESIAN_POINT ( 'NONE',  ( 3.329761085995828207, 1.514101488188976052, 0.1181102362204724532 ) ) ;
#4476 = DIRECTION ( 'NONE',  ( -0.000000000000000000, 0.000000000000000000, 1.000000000000000000 ) ) ;
#4477 = CIRCLE ( 'NONE', #3102, 0.02755905511811020808 ) ;
#4478 = CARTESIAN_POINT ( 'NONE',  ( 1.098634015748031656, 0.04023818897637792408, 0.1181102362204724532 ) ) ;
#4479 = CIRCLE ( 'NONE', #2669, 0.1275590551181104981 ) ;
#4480 = ADVANCED_FACE ( 'NONE', ( #2627 ), #4352, .T. ) ;
#4481 = ADVANCED_FACE ( 'NONE', ( #4323 ), #1940, .T. ) ;
#4482 = ORIENTED_EDGE ( 'NONE', *, *, #2455, .F. ) ;
#4483 = AXIS2_PLACEMENT_3D ( 'NONE', #586, #4020, #2326 ) ;
#4484 = ORIENTED_EDGE ( 'NONE', *, *, #4203, .T. ) ;
#4485 = LINE ( 'NONE', #4231, #3961 ) ;
#4486 = CARTESIAN_POINT ( 'NONE',  ( 1.436121328598420233, 3.816491450136187957, 0.1181102362204724532 ) ) ;
#4487 = VECTOR ( 'NONE', #949, 39.37007874015748143 ) ;
#4488 = LINE ( 'NONE', #684, #3177 ) ;
#4489 = DIRECTION ( 'NONE',  ( 0.000000000000000000, -0.000000000000000000, 1.000000000000000000 ) ) ;
#4490 = CIRCLE ( 'NONE', #3836, 0.1275590551181102206 ) ;
#4491 = ORIENTED_EDGE ( 'NONE', *, *, #1918, .T. ) ;
#4492 = FACE_OUTER_BOUND ( 'NONE', #1926, .T. ) ;
#4493 = ORIENTED_EDGE ( 'NONE', *, *, #4455, .T. ) ;
#4494 = ORIENTED_EDGE ( 'NONE', *, *, #1334, .F. ) ;
#4495 = CARTESIAN_POINT ( 'NONE',  ( 2.734781535433071120, 0.8524988188976376779, 0.1181102362204724532 ) ) ;
#4496 = ORIENTED_EDGE ( 'NONE', *, *, #2542, .F. ) ;
ENDSEC;
END-ISO-10303-21;
