ISO-10303-21;
HEADER;
FILE_DESCRIPTION(('FreeCAD Model'),'2;1');
FILE_NAME('Open CASCADE Shape Model','2026-03-23T15:44:28',('Author'),(
    ''),'Open CASCADE STEP processor 7.8','FreeCAD','Unknown');
FILE_SCHEMA(('AUTOMOTIVE_DESIGN { 1 0 10303 214 1 1 1 1 }'));
ENDSEC;
DATA;
#1 = APPLICATION_PROTOCOL_DEFINITION('international standard',
  'automotive_design',2000,#2);
#2 = APPLICATION_CONTEXT(
  'core data for automotive mechanical design processes');
#3 = SHAPE_DEFINITION_REPRESENTATION(#4,#10);
#4 = PRODUCT_DEFINITION_SHAPE('','',#5);
#5 = PRODUCT_DEFINITION('design','',#6,#9);
#6 = PRODUCT_DEFINITION_FORMATION('','',#7);
#7 = PRODUCT('Unnamed','Unnamed','',(#8));
#8 = PRODUCT_CONTEXT('',#2,'mechanical');
#9 = PRODUCT_DEFINITION_CONTEXT('part definition',#2,'design');
#10 = SHAPE_REPRESENTATION('',(#11,#15,#19,#23,#27,#31,#35,#39,#43,#47,
    #51,#55,#59,#63),#67);
#11 = AXIS2_PLACEMENT_3D('',#12,#13,#14);
#12 = CARTESIAN_POINT('',(0.,0.,0.));
#13 = DIRECTION('',(0.,0.,1.));
#14 = DIRECTION('',(1.,0.,-0.));
#15 = AXIS2_PLACEMENT_3D('',#16,#17,#18);
#16 = CARTESIAN_POINT('',(0.,0.,0.));
#17 = DIRECTION('',(0.,0.,1.));
#18 = DIRECTION('',(1.,0.,0.));
#19 = AXIS2_PLACEMENT_3D('',#20,#21,#22);
#20 = CARTESIAN_POINT('',(0.,0.,0.));
#21 = DIRECTION('',(0.,0.,1.));
#22 = DIRECTION('',(1.,0.,0.));
#23 = AXIS2_PLACEMENT_3D('',#24,#25,#26);
#24 = CARTESIAN_POINT('',(0.,0.,0.));
#25 = DIRECTION('',(0.,0.,1.));
#26 = DIRECTION('',(1.,0.,0.));
#27 = AXIS2_PLACEMENT_3D('',#28,#29,#30);
#28 = CARTESIAN_POINT('',(0.,0.,0.));
#29 = DIRECTION('',(0.,0.,1.));
#30 = DIRECTION('',(1.,0.,0.));
#31 = AXIS2_PLACEMENT_3D('',#32,#33,#34);
#32 = CARTESIAN_POINT('',(0.,0.,0.));
#33 = DIRECTION('',(0.,0.,1.));
#34 = DIRECTION('',(1.,0.,0.));
#35 = AXIS2_PLACEMENT_3D('',#36,#37,#38);
#36 = CARTESIAN_POINT('',(0.,0.,0.));
#37 = DIRECTION('',(0.,0.,1.));
#38 = DIRECTION('',(1.,0.,0.));
#39 = AXIS2_PLACEMENT_3D('',#40,#41,#42);
#40 = CARTESIAN_POINT('',(0.,0.,0.));
#41 = DIRECTION('',(0.,0.,1.));
#42 = DIRECTION('',(1.,0.,0.));
#43 = AXIS2_PLACEMENT_3D('',#44,#45,#46);
#44 = CARTESIAN_POINT('',(0.,0.,0.));
#45 = DIRECTION('',(1.,1.232595164408E-32,1.110223024625E-16));
#46 = DIRECTION('',(0.,1.,-1.110223024625E-16));
#47 = AXIS2_PLACEMENT_3D('',#48,#49,#50);
#48 = CARTESIAN_POINT('',(0.,0.,0.));
#49 = DIRECTION('',(0.,-1.,1.110223024625E-16));
#50 = DIRECTION('',(0.,1.110223024625E-16,1.));
#51 = AXIS2_PLACEMENT_3D('',#52,#53,#54);
#52 = CARTESIAN_POINT('',(0.,0.,0.));
#53 = DIRECTION('',(0.,0.,1.));
#54 = DIRECTION('',(1.,0.,0.));
#55 = AXIS2_PLACEMENT_3D('',#56,#57,#58);
#56 = CARTESIAN_POINT('',(0.,0.,0.));
#57 = DIRECTION('',(0.,-1.,-2.22044604925E-16));
#58 = DIRECTION('',(1.,0.,0.));
#59 = AXIS2_PLACEMENT_3D('',#60,#61,#62);
#60 = CARTESIAN_POINT('',(0.,0.,0.));
#61 = DIRECTION('',(1.,1.232595164408E-32,1.110223024625E-16));
#62 = DIRECTION('',(0.,1.,-1.110223024625E-16));
#63 = AXIS2_PLACEMENT_3D('',#64,#65,#66);
#64 = CARTESIAN_POINT('',(0.,0.,1.));
#65 = DIRECTION('',(0.,0.,1.));
#66 = DIRECTION('',(1.,0.,0.));
#67 = ( GEOMETRIC_REPRESENTATION_CONTEXT(3) 
GLOBAL_UNCERTAINTY_ASSIGNED_CONTEXT((#71)) GLOBAL_UNIT_ASSIGNED_CONTEXT(
(#68,#69,#70)) REPRESENTATION_CONTEXT('Context #1',
  '3D Context with UNIT and UNCERTAINTY') );
#68 = ( LENGTH_UNIT() NAMED_UNIT(*) SI_UNIT(.MILLI.,.METRE.) );
#69 = ( NAMED_UNIT(*) PLANE_ANGLE_UNIT() SI_UNIT($,.RADIAN.) );
#70 = ( NAMED_UNIT(*) SI_UNIT($,.STERADIAN.) SOLID_ANGLE_UNIT() );
#71 = UNCERTAINTY_MEASURE_WITH_UNIT(LENGTH_MEASURE(1.E-07),#68,
  'distance_accuracy_value','confusion accuracy');
#72 = PRODUCT_RELATED_PRODUCT_CATEGORY('part',$,(#7));
#73 = SHAPE_DEFINITION_REPRESENTATION(#74,#80);
#74 = PRODUCT_DEFINITION_SHAPE('','',#75);
#75 = PRODUCT_DEFINITION('design','',#76,#79);
#76 = PRODUCT_DEFINITION_FORMATION('','',#77);
#77 = PRODUCT('BUZ-SMD_5P-L15.0-W15.0-P13.7-BL',
  'BUZ-SMD_5P-L15.0-W15.0-P13.7-BL','',(#78));
#78 = PRODUCT_CONTEXT('',#2,'mechanical');
#79 = PRODUCT_DEFINITION_CONTEXT('part definition',#2,'design');
#80 = ADVANCED_BREP_SHAPE_REPRESENTATION('',(#11,#81),#332);
#81 = MANIFOLD_SOLID_BREP('',#82);
#82 = CLOSED_SHELL('',(#83,#123,#154,#185,#225,#256,#278,#299,#320));
#83 = ADVANCED_FACE('',(#84),#118,.F.);
#84 = FACE_BOUND('',#85,.T.);
#85 = EDGE_LOOP('',(#86,#96,#104,#112));
#86 = ORIENTED_EDGE('',*,*,#87,.T.);
#87 = EDGE_CURVE('',#88,#90,#92,.T.);
#88 = VERTEX_POINT('',#89);
#89 = CARTESIAN_POINT('',(-7.,-3.75,0.19));
#90 = VERTEX_POINT('',#91);
#91 = CARTESIAN_POINT('',(-7.,-3.75,1.));
#92 = LINE('',#93,#94);
#93 = CARTESIAN_POINT('',(-7.,-3.75,0.19));
#94 = VECTOR('',#95,1.);
#95 = DIRECTION('',(0.,-0.,1.));
#96 = ORIENTED_EDGE('',*,*,#97,.F.);
#97 = EDGE_CURVE('',#98,#90,#100,.T.);
#98 = VERTEX_POINT('',#99);
#99 = CARTESIAN_POINT('',(-7.,-6.25,1.));
#100 = LINE('',#101,#102);
#101 = CARTESIAN_POINT('',(-7.,-6.25,1.));
#102 = VECTOR('',#103,1.);
#103 = DIRECTION('',(-2.409338161079E-16,1.,-0.));
#104 = ORIENTED_EDGE('',*,*,#105,.F.);
#105 = EDGE_CURVE('',#106,#98,#108,.T.);
#106 = VERTEX_POINT('',#107);
#107 = CARTESIAN_POINT('',(-7.,-6.25,0.19));
#108 = LINE('',#109,#110);
#109 = CARTESIAN_POINT('',(-7.,-6.25,0.19));
#110 = VECTOR('',#111,1.);
#111 = DIRECTION('',(0.,-0.,1.));
#112 = ORIENTED_EDGE('',*,*,#113,.T.);
#113 = EDGE_CURVE('',#106,#88,#114,.T.);
#114 = LINE('',#115,#116);
#115 = CARTESIAN_POINT('',(-7.,-6.25,0.19));
#116 = VECTOR('',#117,1.);
#117 = DIRECTION('',(-2.409338161079E-16,1.,-0.));
#118 = PLANE('',#119);
#119 = AXIS2_PLACEMENT_3D('',#120,#121,#122);
#120 = CARTESIAN_POINT('',(-7.,-6.25,0.19));
#121 = DIRECTION('',(-1.,-2.409338161079E-16,0.));
#122 = DIRECTION('',(2.409338161079E-16,-1.,0.));
#123 = ADVANCED_FACE('',(#124),#149,.T.);
#124 = FACE_BOUND('',#125,.T.);
#125 = EDGE_LOOP('',(#126,#134,#142,#148));
#126 = ORIENTED_EDGE('',*,*,#127,.F.);
#127 = EDGE_CURVE('',#128,#90,#130,.T.);
#128 = VERTEX_POINT('',#129);
#129 = CARTESIAN_POINT('',(-7.2,-3.75,1.));
#130 = LINE('',#131,#132);
#131 = CARTESIAN_POINT('',(-7.2,-3.75,1.));
#132 = VECTOR('',#133,1.);
#133 = DIRECTION('',(1.,2.409338161079E-16,1.084202172486E-15));
#134 = ORIENTED_EDGE('',*,*,#135,.F.);
#135 = EDGE_CURVE('',#136,#128,#138,.T.);
#136 = VERTEX_POINT('',#137);
#137 = CARTESIAN_POINT('',(-7.2,-6.25,1.));
#138 = LINE('',#139,#140);
#139 = CARTESIAN_POINT('',(-7.2,-6.25,1.));
#140 = VECTOR('',#141,1.);
#141 = DIRECTION('',(-2.409338161079E-16,1.,-0.));
#142 = ORIENTED_EDGE('',*,*,#143,.T.);
#143 = EDGE_CURVE('',#136,#98,#144,.T.);
#144 = LINE('',#145,#146);
#145 = CARTESIAN_POINT('',(-7.2,-6.25,1.));
#146 = VECTOR('',#147,1.);
#147 = DIRECTION('',(1.,2.409338161079E-16,1.084202172486E-15));
#148 = ORIENTED_EDGE('',*,*,#97,.T.);
#149 = PLANE('',#150);
#150 = AXIS2_PLACEMENT_3D('',#151,#152,#153);
#151 = CARTESIAN_POINT('',(-7.2,-6.25,1.));
#152 = DIRECTION('',(-1.084202172486E-15,-2.612209668494E-31,1.));
#153 = DIRECTION('',(1.,0.,1.084202172486E-15));
#154 = ADVANCED_FACE('',(#155),#180,.T.);
#155 = FACE_BOUND('',#156,.T.);
#156 = EDGE_LOOP('',(#157,#165,#173,#179));
#157 = ORIENTED_EDGE('',*,*,#158,.F.);
#158 = EDGE_CURVE('',#159,#128,#161,.T.);
#159 = VERTEX_POINT('',#160);
#160 = CARTESIAN_POINT('',(-7.2,-3.75,9.E-02));
#161 = LINE('',#162,#163);
#162 = CARTESIAN_POINT('',(-7.2,-3.75,0.19));
#163 = VECTOR('',#164,1.);
#164 = DIRECTION('',(0.,-0.,1.));
#165 = ORIENTED_EDGE('',*,*,#166,.T.);
#166 = EDGE_CURVE('',#159,#167,#169,.T.);
#167 = VERTEX_POINT('',#168);
#168 = CARTESIAN_POINT('',(-7.2,-6.25,9.E-02));
#169 = LINE('',#170,#171);
#170 = CARTESIAN_POINT('',(-7.2,-6.25,9.E-02));
#171 = VECTOR('',#172,1.);
#172 = DIRECTION('',(2.409338161079E-16,-1.,-0.));
#173 = ORIENTED_EDGE('',*,*,#174,.T.);
#174 = EDGE_CURVE('',#167,#136,#175,.T.);
#175 = LINE('',#176,#177);
#176 = CARTESIAN_POINT('',(-7.2,-6.25,0.19));
#177 = VECTOR('',#178,1.);
#178 = DIRECTION('',(0.,-0.,1.));
#179 = ORIENTED_EDGE('',*,*,#135,.T.);
#180 = PLANE('',#181);
#181 = AXIS2_PLACEMENT_3D('',#182,#183,#184);
#182 = CARTESIAN_POINT('',(-7.2,-6.25,0.19));
#183 = DIRECTION('',(-1.,-2.409338161079E-16,0.));
#184 = DIRECTION('',(2.409338161079E-16,-1.,0.));
#185 = ADVANCED_FACE('',(#186),#220,.T.);
#186 = FACE_BOUND('',#187,.T.);
#187 = EDGE_LOOP('',(#188,#198,#206,#214));
#188 = ORIENTED_EDGE('',*,*,#189,.T.);
#189 = EDGE_CURVE('',#190,#192,#194,.T.);
#190 = VERTEX_POINT('',#191);
#191 = CARTESIAN_POINT('',(-6.,-6.25,-1.E-02));
#192 = VERTEX_POINT('',#193);
#193 = CARTESIAN_POINT('',(-7.1,-6.25,-1.E-02));
#194 = LINE('',#195,#196);
#195 = CARTESIAN_POINT('',(-7.,-6.25,-1.E-02));
#196 = VECTOR('',#197,1.);
#197 = DIRECTION('',(-1.,-2.409338161079E-16,0.));
#198 = ORIENTED_EDGE('',*,*,#199,.T.);
#199 = EDGE_CURVE('',#192,#200,#202,.T.);
#200 = VERTEX_POINT('',#201);
#201 = CARTESIAN_POINT('',(-7.1,-3.75,-1.E-02));
#202 = LINE('',#203,#204);
#203 = CARTESIAN_POINT('',(-7.1,-6.25,-1.E-02));
#204 = VECTOR('',#205,1.);
#205 = DIRECTION('',(-2.409338161079E-16,1.,0.));
#206 = ORIENTED_EDGE('',*,*,#207,.F.);
#207 = EDGE_CURVE('',#208,#200,#210,.T.);
#208 = VERTEX_POINT('',#209);
#209 = CARTESIAN_POINT('',(-6.,-3.75,-1.E-02));
#210 = LINE('',#211,#212);
#211 = CARTESIAN_POINT('',(-7.,-3.75,-1.E-02));
#212 = VECTOR('',#213,1.);
#213 = DIRECTION('',(-1.,-2.409338161079E-16,0.));
#214 = ORIENTED_EDGE('',*,*,#215,.F.);
#215 = EDGE_CURVE('',#190,#208,#216,.T.);
#216 = LINE('',#217,#218);
#217 = CARTESIAN_POINT('',(-6.,-6.25,-1.E-02));
#218 = VECTOR('',#219,1.);
#219 = DIRECTION('',(-2.409338161079E-16,1.,-0.));
#220 = PLANE('',#221);
#221 = AXIS2_PLACEMENT_3D('',#222,#223,#224);
#222 = CARTESIAN_POINT('',(-7.,-6.25,-1.E-02));
#223 = DIRECTION('',(0.,0.,-1.));
#224 = DIRECTION('',(-1.,0.,-0.));
#225 = ADVANCED_FACE('',(#226),#251,.T.);
#226 = FACE_BOUND('',#227,.T.);
#227 = EDGE_LOOP('',(#228,#236,#244,#250));
#228 = ORIENTED_EDGE('',*,*,#229,.F.);
#229 = EDGE_CURVE('',#230,#208,#232,.T.);
#230 = VERTEX_POINT('',#231);
#231 = CARTESIAN_POINT('',(-6.,-3.75,0.19));
#232 = LINE('',#233,#234);
#233 = CARTESIAN_POINT('',(-6.,-3.75,0.19));
#234 = VECTOR('',#235,1.);
#235 = DIRECTION('',(0.,0.,-1.));
#236 = ORIENTED_EDGE('',*,*,#237,.F.);
#237 = EDGE_CURVE('',#238,#230,#240,.T.);
#238 = VERTEX_POINT('',#239);
#239 = CARTESIAN_POINT('',(-6.,-6.25,0.19));
#240 = LINE('',#241,#242);
#241 = CARTESIAN_POINT('',(-6.,-6.25,0.19));
#242 = VECTOR('',#243,1.);
#243 = DIRECTION('',(-2.409338161079E-16,1.,-0.));
#244 = ORIENTED_EDGE('',*,*,#245,.T.);
#245 = EDGE_CURVE('',#238,#190,#246,.T.);
#246 = LINE('',#247,#248);
#247 = CARTESIAN_POINT('',(-6.,-6.25,0.19));
#248 = VECTOR('',#249,1.);
#249 = DIRECTION('',(0.,0.,-1.));
#250 = ORIENTED_EDGE('',*,*,#215,.T.);
#251 = PLANE('',#252);
#252 = AXIS2_PLACEMENT_3D('',#253,#254,#255);
#253 = CARTESIAN_POINT('',(-6.,-6.25,0.19));
#254 = DIRECTION('',(1.,2.409338161079E-16,0.));
#255 = DIRECTION('',(-2.409338161079E-16,1.,0.));
#256 = ADVANCED_FACE('',(#257),#273,.F.);
#257 = FACE_BOUND('',#258,.T.);
#258 = EDGE_LOOP('',(#259,#265,#266,#272));
#259 = ORIENTED_EDGE('',*,*,#260,.T.);
#260 = EDGE_CURVE('',#230,#88,#261,.T.);
#261 = LINE('',#262,#263);
#262 = CARTESIAN_POINT('',(-7.,-3.75,0.19));
#263 = VECTOR('',#264,1.);
#264 = DIRECTION('',(-1.,0.,0.));
#265 = ORIENTED_EDGE('',*,*,#113,.F.);
#266 = ORIENTED_EDGE('',*,*,#267,.F.);
#267 = EDGE_CURVE('',#238,#106,#268,.T.);
#268 = LINE('',#269,#270);
#269 = CARTESIAN_POINT('',(-7.,-6.25,0.19));
#270 = VECTOR('',#271,1.);
#271 = DIRECTION('',(-1.,0.,0.));
#272 = ORIENTED_EDGE('',*,*,#237,.T.);
#273 = PLANE('',#274);
#274 = AXIS2_PLACEMENT_3D('',#275,#276,#277);
#275 = CARTESIAN_POINT('',(-7.,-6.25,0.19));
#276 = DIRECTION('',(-0.,0.,-1.));
#277 = DIRECTION('',(-1.,0.,0.));
#278 = ADVANCED_FACE('',(#279),#294,.F.);
#279 = FACE_BOUND('',#280,.T.);
#280 = EDGE_LOOP('',(#281,#282,#289,#290,#291,#292,#293));
#281 = ORIENTED_EDGE('',*,*,#174,.F.);
#282 = ORIENTED_EDGE('',*,*,#283,.T.);
#283 = EDGE_CURVE('',#167,#192,#284,.T.);
#284 = CIRCLE('',#285,0.1);
#285 = AXIS2_PLACEMENT_3D('',#286,#287,#288);
#286 = CARTESIAN_POINT('',(-7.1,-6.25,9.E-02));
#287 = DIRECTION('',(2.409338161079E-16,-1.,-0.));
#288 = DIRECTION('',(-1.,-2.409338161079E-16,0.));
#289 = ORIENTED_EDGE('',*,*,#189,.F.);
#290 = ORIENTED_EDGE('',*,*,#245,.F.);
#291 = ORIENTED_EDGE('',*,*,#267,.T.);
#292 = ORIENTED_EDGE('',*,*,#105,.T.);
#293 = ORIENTED_EDGE('',*,*,#143,.F.);
#294 = PLANE('',#295);
#295 = AXIS2_PLACEMENT_3D('',#296,#297,#298);
#296 = CARTESIAN_POINT('',(3.011672701349E-16,-6.25,0.));
#297 = DIRECTION('',(-2.409338161079E-16,1.,0.));
#298 = DIRECTION('',(1.,2.409338161079E-16,0.));
#299 = ADVANCED_FACE('',(#300),#315,.T.);
#300 = FACE_BOUND('',#301,.T.);
#301 = EDGE_LOOP('',(#302,#303,#310,#311,#312,#313,#314));
#302 = ORIENTED_EDGE('',*,*,#207,.T.);
#303 = ORIENTED_EDGE('',*,*,#304,.T.);
#304 = EDGE_CURVE('',#200,#159,#305,.T.);
#305 = CIRCLE('',#306,0.1);
#306 = AXIS2_PLACEMENT_3D('',#307,#308,#309);
#307 = CARTESIAN_POINT('',(-7.1,-3.75,9.E-02));
#308 = DIRECTION('',(-2.409338161079E-16,1.,0.));
#309 = DIRECTION('',(-1.,-2.409338161079E-16,-0.));
#310 = ORIENTED_EDGE('',*,*,#158,.T.);
#311 = ORIENTED_EDGE('',*,*,#127,.T.);
#312 = ORIENTED_EDGE('',*,*,#87,.F.);
#313 = ORIENTED_EDGE('',*,*,#260,.F.);
#314 = ORIENTED_EDGE('',*,*,#229,.T.);
#315 = PLANE('',#316);
#316 = AXIS2_PLACEMENT_3D('',#317,#318,#319);
#317 = CARTESIAN_POINT('',(-3.011672701349E-16,-3.75,0.));
#318 = DIRECTION('',(-2.409338161079E-16,1.,0.));
#319 = DIRECTION('',(1.,2.409338161079E-16,0.));
#320 = ADVANCED_FACE('',(#321),#327,.T.);
#321 = FACE_BOUND('',#322,.T.);
#322 = EDGE_LOOP('',(#323,#324,#325,#326));
#323 = ORIENTED_EDGE('',*,*,#283,.F.);
#324 = ORIENTED_EDGE('',*,*,#166,.F.);
#325 = ORIENTED_EDGE('',*,*,#304,.F.);
#326 = ORIENTED_EDGE('',*,*,#199,.F.);
#327 = CYLINDRICAL_SURFACE('',#328,0.1);
#328 = AXIS2_PLACEMENT_3D('',#329,#330,#331);
#329 = CARTESIAN_POINT('',(-7.1,-6.25,9.E-02));
#330 = DIRECTION('',(-2.409338161079E-16,1.,0.));
#331 = DIRECTION('',(-1.,-2.409338161079E-16,-0.));
#332 = ( GEOMETRIC_REPRESENTATION_CONTEXT(3) 
GLOBAL_UNCERTAINTY_ASSIGNED_CONTEXT((#336)) GLOBAL_UNIT_ASSIGNED_CONTEXT
((#333,#334,#335)) REPRESENTATION_CONTEXT('Context #1',
  '3D Context with UNIT and UNCERTAINTY') );
#333 = ( LENGTH_UNIT() NAMED_UNIT(*) SI_UNIT(.MILLI.,.METRE.) );
#334 = ( NAMED_UNIT(*) PLANE_ANGLE_UNIT() SI_UNIT($,.RADIAN.) );
#335 = ( NAMED_UNIT(*) SI_UNIT($,.STERADIAN.) SOLID_ANGLE_UNIT() );
#336 = UNCERTAINTY_MEASURE_WITH_UNIT(LENGTH_MEASURE(1.E-07),#333,
  'distance_accuracy_value','confusion accuracy');
#337 = CONTEXT_DEPENDENT_SHAPE_REPRESENTATION(#338,#340);
#338 = ( REPRESENTATION_RELATIONSHIP('','',#80,#10) 
REPRESENTATION_RELATIONSHIP_WITH_TRANSFORMATION(#339) 
SHAPE_REPRESENTATION_RELATIONSHIP() );
#339 = ITEM_DEFINED_TRANSFORMATION('','',#11,#15);
#340 = PRODUCT_DEFINITION_SHAPE('Placement','Placement of an item',#341
  );
#341 = NEXT_ASSEMBLY_USAGE_OCCURRENCE('57',
  'BUZ-SMD_5P-L15.0-W15.0-P13.7-BL','',#5,#75,$);
#342 = PRODUCT_RELATED_PRODUCT_CATEGORY('part',$,(#77));
#343 = SHAPE_DEFINITION_REPRESENTATION(#344,#350);
#344 = PRODUCT_DEFINITION_SHAPE('','',#345);
#345 = PRODUCT_DEFINITION('design','',#346,#349);
#346 = PRODUCT_DEFINITION_FORMATION('','',#347);
#347 = PRODUCT('BUZ-SMD_5P-L15.0-W15.0-P13.7-BL001',
  'BUZ-SMD_5P-L15.0-W15.0-P13.7-BL001','',(#348));
#348 = PRODUCT_CONTEXT('',#2,'mechanical');
#349 = PRODUCT_DEFINITION_CONTEXT('part definition',#2,'design');
#350 = ADVANCED_BREP_SHAPE_REPRESENTATION('',(#11,#351),#602);
#351 = MANIFOLD_SOLID_BREP('',#352);
#352 = CLOSED_SHELL('',(#353,#393,#424,#455,#495,#526,#548,#569,#590));
#353 = ADVANCED_FACE('',(#354),#388,.F.);
#354 = FACE_BOUND('',#355,.T.);
#355 = EDGE_LOOP('',(#356,#366,#374,#382));
#356 = ORIENTED_EDGE('',*,*,#357,.F.);
#357 = EDGE_CURVE('',#358,#360,#362,.T.);
#358 = VERTEX_POINT('',#359);
#359 = CARTESIAN_POINT('',(-7.,3.75,0.19));
#360 = VERTEX_POINT('',#361);
#361 = CARTESIAN_POINT('',(-7.,3.75,1.));
#362 = LINE('',#363,#364);
#363 = CARTESIAN_POINT('',(-7.,3.75,0.19));
#364 = VECTOR('',#365,1.);
#365 = DIRECTION('',(0.,0.,1.));
#366 = ORIENTED_EDGE('',*,*,#367,.F.);
#367 = EDGE_CURVE('',#368,#358,#370,.T.);
#368 = VERTEX_POINT('',#369);
#369 = CARTESIAN_POINT('',(-7.,6.25,0.19));
#370 = LINE('',#371,#372);
#371 = CARTESIAN_POINT('',(-7.,6.25,0.19));
#372 = VECTOR('',#373,1.);
#373 = DIRECTION('',(-2.409338161079E-16,-1.,0.));
#374 = ORIENTED_EDGE('',*,*,#375,.T.);
#375 = EDGE_CURVE('',#368,#376,#378,.T.);
#376 = VERTEX_POINT('',#377);
#377 = CARTESIAN_POINT('',(-7.,6.25,1.));
#378 = LINE('',#379,#380);
#379 = CARTESIAN_POINT('',(-7.,6.25,0.19));
#380 = VECTOR('',#381,1.);
#381 = DIRECTION('',(0.,0.,1.));
#382 = ORIENTED_EDGE('',*,*,#383,.T.);
#383 = EDGE_CURVE('',#376,#360,#384,.T.);
#384 = LINE('',#385,#386);
#385 = CARTESIAN_POINT('',(-7.,6.25,1.));
#386 = VECTOR('',#387,1.);
#387 = DIRECTION('',(-2.409338161079E-16,-1.,0.));
#388 = PLANE('',#389);
#389 = AXIS2_PLACEMENT_3D('',#390,#391,#392);
#390 = CARTESIAN_POINT('',(-7.,6.25,0.19));
#391 = DIRECTION('',(-1.,2.409338161079E-16,0.));
#392 = DIRECTION('',(2.409338161079E-16,1.,0.));
#393 = ADVANCED_FACE('',(#394),#419,.T.);
#394 = FACE_BOUND('',#395,.T.);
#395 = EDGE_LOOP('',(#396,#404,#405,#413));
#396 = ORIENTED_EDGE('',*,*,#397,.T.);
#397 = EDGE_CURVE('',#398,#360,#400,.T.);
#398 = VERTEX_POINT('',#399);
#399 = CARTESIAN_POINT('',(-7.2,3.75,1.));
#400 = LINE('',#401,#402);
#401 = CARTESIAN_POINT('',(-7.2,3.75,1.));
#402 = VECTOR('',#403,1.);
#403 = DIRECTION('',(1.,-2.409338161079E-16,1.084202172486E-15));
#404 = ORIENTED_EDGE('',*,*,#383,.F.);
#405 = ORIENTED_EDGE('',*,*,#406,.F.);
#406 = EDGE_CURVE('',#407,#376,#409,.T.);
#407 = VERTEX_POINT('',#408);
#408 = CARTESIAN_POINT('',(-7.2,6.25,1.));
#409 = LINE('',#410,#411);
#410 = CARTESIAN_POINT('',(-7.2,6.25,1.));
#411 = VECTOR('',#412,1.);
#412 = DIRECTION('',(1.,-2.409338161079E-16,1.084202172486E-15));
#413 = ORIENTED_EDGE('',*,*,#414,.T.);
#414 = EDGE_CURVE('',#407,#398,#415,.T.);
#415 = LINE('',#416,#417);
#416 = CARTESIAN_POINT('',(-7.2,6.25,1.));
#417 = VECTOR('',#418,1.);
#418 = DIRECTION('',(-2.409338161079E-16,-1.,0.));
#419 = PLANE('',#420);
#420 = AXIS2_PLACEMENT_3D('',#421,#422,#423);
#421 = CARTESIAN_POINT('',(-7.2,6.25,1.));
#422 = DIRECTION('',(-1.084202172486E-15,2.612209668494E-31,1.));
#423 = DIRECTION('',(1.,0.,1.084202172486E-15));
#424 = ADVANCED_FACE('',(#425),#450,.T.);
#425 = FACE_BOUND('',#426,.T.);
#426 = EDGE_LOOP('',(#427,#435,#436,#444));
#427 = ORIENTED_EDGE('',*,*,#428,.T.);
#428 = EDGE_CURVE('',#429,#398,#431,.T.);
#429 = VERTEX_POINT('',#430);
#430 = CARTESIAN_POINT('',(-7.2,3.75,9.E-02));
#431 = LINE('',#432,#433);
#432 = CARTESIAN_POINT('',(-7.2,3.75,0.19));
#433 = VECTOR('',#434,1.);
#434 = DIRECTION('',(-0.,0.,1.));
#435 = ORIENTED_EDGE('',*,*,#414,.F.);
#436 = ORIENTED_EDGE('',*,*,#437,.F.);
#437 = EDGE_CURVE('',#438,#407,#440,.T.);
#438 = VERTEX_POINT('',#439);
#439 = CARTESIAN_POINT('',(-7.2,6.25,9.E-02));
#440 = LINE('',#441,#442);
#441 = CARTESIAN_POINT('',(-7.2,6.25,0.19));
#442 = VECTOR('',#443,1.);
#443 = DIRECTION('',(-0.,0.,1.));
#444 = ORIENTED_EDGE('',*,*,#445,.F.);
#445 = EDGE_CURVE('',#429,#438,#446,.T.);
#446 = LINE('',#447,#448);
#447 = CARTESIAN_POINT('',(-7.2,6.25,9.E-02));
#448 = VECTOR('',#449,1.);
#449 = DIRECTION('',(2.409338161079E-16,1.,-0.));
#450 = PLANE('',#451);
#451 = AXIS2_PLACEMENT_3D('',#452,#453,#454);
#452 = CARTESIAN_POINT('',(-7.2,6.25,0.19));
#453 = DIRECTION('',(-1.,2.409338161079E-16,0.));
#454 = DIRECTION('',(2.409338161079E-16,1.,0.));
#455 = ADVANCED_FACE('',(#456),#490,.T.);
#456 = FACE_BOUND('',#457,.T.);
#457 = EDGE_LOOP('',(#458,#468,#476,#484));
#458 = ORIENTED_EDGE('',*,*,#459,.F.);
#459 = EDGE_CURVE('',#460,#462,#464,.T.);
#460 = VERTEX_POINT('',#461);
#461 = CARTESIAN_POINT('',(-6.,6.25,-1.E-02));
#462 = VERTEX_POINT('',#463);
#463 = CARTESIAN_POINT('',(-7.1,6.25,-1.E-02));
#464 = LINE('',#465,#466);
#465 = CARTESIAN_POINT('',(-7.,6.25,-1.E-02));
#466 = VECTOR('',#467,1.);
#467 = DIRECTION('',(-1.,2.409338161079E-16,0.));
#468 = ORIENTED_EDGE('',*,*,#469,.T.);
#469 = EDGE_CURVE('',#460,#470,#472,.T.);
#470 = VERTEX_POINT('',#471);
#471 = CARTESIAN_POINT('',(-6.,3.75,-1.E-02));
#472 = LINE('',#473,#474);
#473 = CARTESIAN_POINT('',(-6.,6.25,-1.E-02));
#474 = VECTOR('',#475,1.);
#475 = DIRECTION('',(-2.409338161079E-16,-1.,0.));
#476 = ORIENTED_EDGE('',*,*,#477,.T.);
#477 = EDGE_CURVE('',#470,#478,#480,.T.);
#478 = VERTEX_POINT('',#479);
#479 = CARTESIAN_POINT('',(-7.1,3.75,-1.E-02));
#480 = LINE('',#481,#482);
#481 = CARTESIAN_POINT('',(-7.,3.75,-1.E-02));
#482 = VECTOR('',#483,1.);
#483 = DIRECTION('',(-1.,2.409338161079E-16,0.));
#484 = ORIENTED_EDGE('',*,*,#485,.F.);
#485 = EDGE_CURVE('',#462,#478,#486,.T.);
#486 = LINE('',#487,#488);
#487 = CARTESIAN_POINT('',(-7.1,6.25,-1.E-02));
#488 = VECTOR('',#489,1.);
#489 = DIRECTION('',(-2.409338161079E-16,-1.,0.));
#490 = PLANE('',#491);
#491 = AXIS2_PLACEMENT_3D('',#492,#493,#494);
#492 = CARTESIAN_POINT('',(-7.,6.25,-1.E-02));
#493 = DIRECTION('',(-0.,0.,-1.));
#494 = DIRECTION('',(-1.,-0.,0.));
#495 = ADVANCED_FACE('',(#496),#521,.T.);
#496 = FACE_BOUND('',#497,.T.);
#497 = EDGE_LOOP('',(#498,#506,#507,#515));
#498 = ORIENTED_EDGE('',*,*,#499,.T.);
#499 = EDGE_CURVE('',#500,#470,#502,.T.);
#500 = VERTEX_POINT('',#501);
#501 = CARTESIAN_POINT('',(-6.,3.75,0.19));
#502 = LINE('',#503,#504);
#503 = CARTESIAN_POINT('',(-6.,3.75,0.19));
#504 = VECTOR('',#505,1.);
#505 = DIRECTION('',(0.,0.,-1.));
#506 = ORIENTED_EDGE('',*,*,#469,.F.);
#507 = ORIENTED_EDGE('',*,*,#508,.F.);
#508 = EDGE_CURVE('',#509,#460,#511,.T.);
#509 = VERTEX_POINT('',#510);
#510 = CARTESIAN_POINT('',(-6.,6.25,0.19));
#511 = LINE('',#512,#513);
#512 = CARTESIAN_POINT('',(-6.,6.25,0.19));
#513 = VECTOR('',#514,1.);
#514 = DIRECTION('',(0.,0.,-1.));
#515 = ORIENTED_EDGE('',*,*,#516,.T.);
#516 = EDGE_CURVE('',#509,#500,#517,.T.);
#517 = LINE('',#518,#519);
#518 = CARTESIAN_POINT('',(-6.,6.25,0.19));
#519 = VECTOR('',#520,1.);
#520 = DIRECTION('',(-2.409338161079E-16,-1.,0.));
#521 = PLANE('',#522);
#522 = AXIS2_PLACEMENT_3D('',#523,#524,#525);
#523 = CARTESIAN_POINT('',(-6.,6.25,0.19));
#524 = DIRECTION('',(1.,-2.409338161079E-16,0.));
#525 = DIRECTION('',(-2.409338161079E-16,-1.,0.));
#526 = ADVANCED_FACE('',(#527),#543,.F.);
#527 = FACE_BOUND('',#528,.T.);
#528 = EDGE_LOOP('',(#529,#535,#536,#542));
#529 = ORIENTED_EDGE('',*,*,#530,.F.);
#530 = EDGE_CURVE('',#500,#358,#531,.T.);
#531 = LINE('',#532,#533);
#532 = CARTESIAN_POINT('',(-7.,3.75,0.19));
#533 = VECTOR('',#534,1.);
#534 = DIRECTION('',(-1.,0.,0.));
#535 = ORIENTED_EDGE('',*,*,#516,.F.);
#536 = ORIENTED_EDGE('',*,*,#537,.T.);
#537 = EDGE_CURVE('',#509,#368,#538,.T.);
#538 = LINE('',#539,#540);
#539 = CARTESIAN_POINT('',(-7.,6.25,0.19));
#540 = VECTOR('',#541,1.);
#541 = DIRECTION('',(-1.,0.,0.));
#542 = ORIENTED_EDGE('',*,*,#367,.T.);
#543 = PLANE('',#544);
#544 = AXIS2_PLACEMENT_3D('',#545,#546,#547);
#545 = CARTESIAN_POINT('',(-7.,6.25,0.19));
#546 = DIRECTION('',(0.,0.,-1.));
#547 = DIRECTION('',(-1.,0.,0.));
#548 = ADVANCED_FACE('',(#549),#564,.F.);
#549 = FACE_BOUND('',#550,.T.);
#550 = EDGE_LOOP('',(#551,#552,#553,#554,#555,#556,#557));
#551 = ORIENTED_EDGE('',*,*,#437,.T.);
#552 = ORIENTED_EDGE('',*,*,#406,.T.);
#553 = ORIENTED_EDGE('',*,*,#375,.F.);
#554 = ORIENTED_EDGE('',*,*,#537,.F.);
#555 = ORIENTED_EDGE('',*,*,#508,.T.);
#556 = ORIENTED_EDGE('',*,*,#459,.T.);
#557 = ORIENTED_EDGE('',*,*,#558,.F.);
#558 = EDGE_CURVE('',#438,#462,#559,.T.);
#559 = CIRCLE('',#560,0.1);
#560 = AXIS2_PLACEMENT_3D('',#561,#562,#563);
#561 = CARTESIAN_POINT('',(-7.1,6.25,9.E-02));
#562 = DIRECTION('',(-2.409338161079E-16,-1.,0.));
#563 = DIRECTION('',(-1.,2.409338161079E-16,0.));
#564 = PLANE('',#565);
#565 = AXIS2_PLACEMENT_3D('',#566,#567,#568);
#566 = CARTESIAN_POINT('',(3.011672701349E-16,6.25,0.));
#567 = DIRECTION('',(-2.409338161079E-16,-1.,0.));
#568 = DIRECTION('',(1.,-2.409338161079E-16,0.));
#569 = ADVANCED_FACE('',(#570),#585,.T.);
#570 = FACE_BOUND('',#571,.T.);
#571 = EDGE_LOOP('',(#572,#573,#574,#575,#576,#577,#578));
#572 = ORIENTED_EDGE('',*,*,#477,.F.);
#573 = ORIENTED_EDGE('',*,*,#499,.F.);
#574 = ORIENTED_EDGE('',*,*,#530,.T.);
#575 = ORIENTED_EDGE('',*,*,#357,.T.);
#576 = ORIENTED_EDGE('',*,*,#397,.F.);
#577 = ORIENTED_EDGE('',*,*,#428,.F.);
#578 = ORIENTED_EDGE('',*,*,#579,.F.);
#579 = EDGE_CURVE('',#478,#429,#580,.T.);
#580 = CIRCLE('',#581,0.1);
#581 = AXIS2_PLACEMENT_3D('',#582,#583,#584);
#582 = CARTESIAN_POINT('',(-7.1,3.75,9.E-02));
#583 = DIRECTION('',(2.409338161079E-16,1.,-0.));
#584 = DIRECTION('',(-1.,2.409338161079E-16,0.));
#585 = PLANE('',#586);
#586 = AXIS2_PLACEMENT_3D('',#587,#588,#589);
#587 = CARTESIAN_POINT('',(-3.011672701349E-16,3.75,0.));
#588 = DIRECTION('',(-2.409338161079E-16,-1.,0.));
#589 = DIRECTION('',(1.,-2.409338161079E-16,0.));
#590 = ADVANCED_FACE('',(#591),#597,.T.);
#591 = FACE_BOUND('',#592,.T.);
#592 = EDGE_LOOP('',(#593,#594,#595,#596));
#593 = ORIENTED_EDGE('',*,*,#558,.T.);
#594 = ORIENTED_EDGE('',*,*,#485,.T.);
#595 = ORIENTED_EDGE('',*,*,#579,.T.);
#596 = ORIENTED_EDGE('',*,*,#445,.T.);
#597 = CYLINDRICAL_SURFACE('',#598,0.1);
#598 = AXIS2_PLACEMENT_3D('',#599,#600,#601);
#599 = CARTESIAN_POINT('',(-7.1,6.25,9.E-02));
#600 = DIRECTION('',(-2.409338161079E-16,-1.,0.));
#601 = DIRECTION('',(-1.,2.409338161079E-16,0.));
#602 = ( GEOMETRIC_REPRESENTATION_CONTEXT(3) 
GLOBAL_UNCERTAINTY_ASSIGNED_CONTEXT((#606)) GLOBAL_UNIT_ASSIGNED_CONTEXT
((#603,#604,#605)) REPRESENTATION_CONTEXT('Context #1',
  '3D Context with UNIT and UNCERTAINTY') );
#603 = ( LENGTH_UNIT() NAMED_UNIT(*) SI_UNIT(.MILLI.,.METRE.) );
#604 = ( NAMED_UNIT(*) PLANE_ANGLE_UNIT() SI_UNIT($,.RADIAN.) );
#605 = ( NAMED_UNIT(*) SI_UNIT($,.STERADIAN.) SOLID_ANGLE_UNIT() );
#606 = UNCERTAINTY_MEASURE_WITH_UNIT(LENGTH_MEASURE(1.E-07),#603,
  'distance_accuracy_value','confusion accuracy');
#607 = CONTEXT_DEPENDENT_SHAPE_REPRESENTATION(#608,#610);
#608 = ( REPRESENTATION_RELATIONSHIP('','',#350,#10) 
REPRESENTATION_RELATIONSHIP_WITH_TRANSFORMATION(#609) 
SHAPE_REPRESENTATION_RELATIONSHIP() );
#609 = ITEM_DEFINED_TRANSFORMATION('','',#11,#19);
#610 = PRODUCT_DEFINITION_SHAPE('Placement','Placement of an item',#611
  );
#611 = NEXT_ASSEMBLY_USAGE_OCCURRENCE('58',
  'BUZ-SMD_5P-L15.0-W15.0-P13.7-BL001','',#5,#345,$);
#612 = PRODUCT_RELATED_PRODUCT_CATEGORY('part',$,(#347));
#613 = SHAPE_DEFINITION_REPRESENTATION(#614,#620);
#614 = PRODUCT_DEFINITION_SHAPE('','',#615);
#615 = PRODUCT_DEFINITION('design','',#616,#619);
#616 = PRODUCT_DEFINITION_FORMATION('','',#617);
#617 = PRODUCT('BUZ-SMD_5P-L15.0-W15.0-P13.7-BL002',
  'BUZ-SMD_5P-L15.0-W15.0-P13.7-BL002','',(#618));
#618 = PRODUCT_CONTEXT('',#2,'mechanical');
#619 = PRODUCT_DEFINITION_CONTEXT('part definition',#2,'design');
#620 = ADVANCED_BREP_SHAPE_REPRESENTATION('',(#11,#621),#872);
#621 = MANIFOLD_SOLID_BREP('',#622);
#622 = CLOSED_SHELL('',(#623,#663,#694,#725,#765,#796,#818,#839,#860));
#623 = ADVANCED_FACE('',(#624),#658,.F.);
#624 = FACE_BOUND('',#625,.T.);
#625 = EDGE_LOOP('',(#626,#636,#644,#652));
#626 = ORIENTED_EDGE('',*,*,#627,.F.);
#627 = EDGE_CURVE('',#628,#630,#632,.T.);
#628 = VERTEX_POINT('',#629);
#629 = CARTESIAN_POINT('',(7.,-3.75,0.19));
#630 = VERTEX_POINT('',#631);
#631 = CARTESIAN_POINT('',(7.,-3.75,1.));
#632 = LINE('',#633,#634);
#633 = CARTESIAN_POINT('',(7.,-3.75,0.19));
#634 = VECTOR('',#635,1.);
#635 = DIRECTION('',(0.,0.,1.));
#636 = ORIENTED_EDGE('',*,*,#637,.F.);
#637 = EDGE_CURVE('',#638,#628,#640,.T.);
#638 = VERTEX_POINT('',#639);
#639 = CARTESIAN_POINT('',(7.,-6.25,0.19));
#640 = LINE('',#641,#642);
#641 = CARTESIAN_POINT('',(7.,-6.25,0.19));
#642 = VECTOR('',#643,1.);
#643 = DIRECTION('',(2.409338161079E-16,1.,0.));
#644 = ORIENTED_EDGE('',*,*,#645,.T.);
#645 = EDGE_CURVE('',#638,#646,#648,.T.);
#646 = VERTEX_POINT('',#647);
#647 = CARTESIAN_POINT('',(7.,-6.25,1.));
#648 = LINE('',#649,#650);
#649 = CARTESIAN_POINT('',(7.,-6.25,0.19));
#650 = VECTOR('',#651,1.);
#651 = DIRECTION('',(0.,0.,1.));
#652 = ORIENTED_EDGE('',*,*,#653,.T.);
#653 = EDGE_CURVE('',#646,#630,#654,.T.);
#654 = LINE('',#655,#656);
#655 = CARTESIAN_POINT('',(7.,-6.25,1.));
#656 = VECTOR('',#657,1.);
#657 = DIRECTION('',(2.409338161079E-16,1.,0.));
#658 = PLANE('',#659);
#659 = AXIS2_PLACEMENT_3D('',#660,#661,#662);
#660 = CARTESIAN_POINT('',(7.,-6.25,0.19));
#661 = DIRECTION('',(1.,-2.409338161079E-16,0.));
#662 = DIRECTION('',(-2.409338161079E-16,-1.,0.));
#663 = ADVANCED_FACE('',(#664),#689,.T.);
#664 = FACE_BOUND('',#665,.T.);
#665 = EDGE_LOOP('',(#666,#674,#675,#683));
#666 = ORIENTED_EDGE('',*,*,#667,.T.);
#667 = EDGE_CURVE('',#668,#630,#670,.T.);
#668 = VERTEX_POINT('',#669);
#669 = CARTESIAN_POINT('',(7.2,-3.75,1.));
#670 = LINE('',#671,#672);
#671 = CARTESIAN_POINT('',(7.2,-3.75,1.));
#672 = VECTOR('',#673,1.);
#673 = DIRECTION('',(-1.,2.409338161079E-16,1.084202172486E-15));
#674 = ORIENTED_EDGE('',*,*,#653,.F.);
#675 = ORIENTED_EDGE('',*,*,#676,.F.);
#676 = EDGE_CURVE('',#677,#646,#679,.T.);
#677 = VERTEX_POINT('',#678);
#678 = CARTESIAN_POINT('',(7.2,-6.25,1.));
#679 = LINE('',#680,#681);
#680 = CARTESIAN_POINT('',(7.2,-6.25,1.));
#681 = VECTOR('',#682,1.);
#682 = DIRECTION('',(-1.,2.409338161079E-16,1.084202172486E-15));
#683 = ORIENTED_EDGE('',*,*,#684,.T.);
#684 = EDGE_CURVE('',#677,#668,#685,.T.);
#685 = LINE('',#686,#687);
#686 = CARTESIAN_POINT('',(7.2,-6.25,1.));
#687 = VECTOR('',#688,1.);
#688 = DIRECTION('',(2.409338161079E-16,1.,0.));
#689 = PLANE('',#690);
#690 = AXIS2_PLACEMENT_3D('',#691,#692,#693);
#691 = CARTESIAN_POINT('',(7.2,-6.25,1.));
#692 = DIRECTION('',(1.084202172486E-15,-2.612209668494E-31,1.));
#693 = DIRECTION('',(-1.,0.,1.084202172486E-15));
#694 = ADVANCED_FACE('',(#695),#720,.T.);
#695 = FACE_BOUND('',#696,.T.);
#696 = EDGE_LOOP('',(#697,#705,#706,#714));
#697 = ORIENTED_EDGE('',*,*,#698,.T.);
#698 = EDGE_CURVE('',#699,#668,#701,.T.);
#699 = VERTEX_POINT('',#700);
#700 = CARTESIAN_POINT('',(7.2,-3.75,9.E-02));
#701 = LINE('',#702,#703);
#702 = CARTESIAN_POINT('',(7.2,-3.75,0.19));
#703 = VECTOR('',#704,1.);
#704 = DIRECTION('',(-0.,-0.,1.));
#705 = ORIENTED_EDGE('',*,*,#684,.F.);
#706 = ORIENTED_EDGE('',*,*,#707,.F.);
#707 = EDGE_CURVE('',#708,#677,#710,.T.);
#708 = VERTEX_POINT('',#709);
#709 = CARTESIAN_POINT('',(7.2,-6.25,9.E-02));
#710 = LINE('',#711,#712);
#711 = CARTESIAN_POINT('',(7.2,-6.25,0.19));
#712 = VECTOR('',#713,1.);
#713 = DIRECTION('',(-0.,-0.,1.));
#714 = ORIENTED_EDGE('',*,*,#715,.F.);
#715 = EDGE_CURVE('',#699,#708,#716,.T.);
#716 = LINE('',#717,#718);
#717 = CARTESIAN_POINT('',(7.2,-6.25,9.E-02));
#718 = VECTOR('',#719,1.);
#719 = DIRECTION('',(-2.409338161079E-16,-1.,-0.));
#720 = PLANE('',#721);
#721 = AXIS2_PLACEMENT_3D('',#722,#723,#724);
#722 = CARTESIAN_POINT('',(7.2,-6.25,0.19));
#723 = DIRECTION('',(1.,-2.409338161079E-16,-0.));
#724 = DIRECTION('',(-2.409338161079E-16,-1.,0.));
#725 = ADVANCED_FACE('',(#726),#760,.T.);
#726 = FACE_BOUND('',#727,.T.);
#727 = EDGE_LOOP('',(#728,#738,#746,#754));
#728 = ORIENTED_EDGE('',*,*,#729,.F.);
#729 = EDGE_CURVE('',#730,#732,#734,.T.);
#730 = VERTEX_POINT('',#731);
#731 = CARTESIAN_POINT('',(6.,-6.25,-1.E-02));
#732 = VERTEX_POINT('',#733);
#733 = CARTESIAN_POINT('',(7.1,-6.25,-1.E-02));
#734 = LINE('',#735,#736);
#735 = CARTESIAN_POINT('',(7.,-6.25,-1.E-02));
#736 = VECTOR('',#737,1.);
#737 = DIRECTION('',(1.,-2.409338161079E-16,0.));
#738 = ORIENTED_EDGE('',*,*,#739,.T.);
#739 = EDGE_CURVE('',#730,#740,#742,.T.);
#740 = VERTEX_POINT('',#741);
#741 = CARTESIAN_POINT('',(6.,-3.75,-1.E-02));
#742 = LINE('',#743,#744);
#743 = CARTESIAN_POINT('',(6.,-6.25,-1.E-02));
#744 = VECTOR('',#745,1.);
#745 = DIRECTION('',(2.409338161079E-16,1.,0.));
#746 = ORIENTED_EDGE('',*,*,#747,.T.);
#747 = EDGE_CURVE('',#740,#748,#750,.T.);
#748 = VERTEX_POINT('',#749);
#749 = CARTESIAN_POINT('',(7.1,-3.75,-1.E-02));
#750 = LINE('',#751,#752);
#751 = CARTESIAN_POINT('',(7.,-3.75,-1.E-02));
#752 = VECTOR('',#753,1.);
#753 = DIRECTION('',(1.,-2.409338161079E-16,0.));
#754 = ORIENTED_EDGE('',*,*,#755,.F.);
#755 = EDGE_CURVE('',#732,#748,#756,.T.);
#756 = LINE('',#757,#758);
#757 = CARTESIAN_POINT('',(7.1,-6.25,-1.E-02));
#758 = VECTOR('',#759,1.);
#759 = DIRECTION('',(2.409338161079E-16,1.,0.));
#760 = PLANE('',#761);
#761 = AXIS2_PLACEMENT_3D('',#762,#763,#764);
#762 = CARTESIAN_POINT('',(7.,-6.25,-1.E-02));
#763 = DIRECTION('',(0.,0.,-1.));
#764 = DIRECTION('',(1.,0.,0.));
#765 = ADVANCED_FACE('',(#766),#791,.T.);
#766 = FACE_BOUND('',#767,.T.);
#767 = EDGE_LOOP('',(#768,#776,#777,#785));
#768 = ORIENTED_EDGE('',*,*,#769,.T.);
#769 = EDGE_CURVE('',#770,#740,#772,.T.);
#770 = VERTEX_POINT('',#771);
#771 = CARTESIAN_POINT('',(6.,-3.75,0.19));
#772 = LINE('',#773,#774);
#773 = CARTESIAN_POINT('',(6.,-3.75,0.19));
#774 = VECTOR('',#775,1.);
#775 = DIRECTION('',(0.,0.,-1.));
#776 = ORIENTED_EDGE('',*,*,#739,.F.);
#777 = ORIENTED_EDGE('',*,*,#778,.F.);
#778 = EDGE_CURVE('',#779,#730,#781,.T.);
#779 = VERTEX_POINT('',#780);
#780 = CARTESIAN_POINT('',(6.,-6.25,0.19));
#781 = LINE('',#782,#783);
#782 = CARTESIAN_POINT('',(6.,-6.25,0.19));
#783 = VECTOR('',#784,1.);
#784 = DIRECTION('',(0.,0.,-1.));
#785 = ORIENTED_EDGE('',*,*,#786,.T.);
#786 = EDGE_CURVE('',#779,#770,#787,.T.);
#787 = LINE('',#788,#789);
#788 = CARTESIAN_POINT('',(6.,-6.25,0.19));
#789 = VECTOR('',#790,1.);
#790 = DIRECTION('',(2.409338161079E-16,1.,0.));
#791 = PLANE('',#792);
#792 = AXIS2_PLACEMENT_3D('',#793,#794,#795);
#793 = CARTESIAN_POINT('',(6.,-6.25,0.19));
#794 = DIRECTION('',(-1.,2.409338161079E-16,0.));
#795 = DIRECTION('',(2.409338161079E-16,1.,0.));
#796 = ADVANCED_FACE('',(#797),#813,.F.);
#797 = FACE_BOUND('',#798,.T.);
#798 = EDGE_LOOP('',(#799,#805,#806,#812));
#799 = ORIENTED_EDGE('',*,*,#800,.F.);
#800 = EDGE_CURVE('',#770,#628,#801,.T.);
#801 = LINE('',#802,#803);
#802 = CARTESIAN_POINT('',(7.,-3.75,0.19));
#803 = VECTOR('',#804,1.);
#804 = DIRECTION('',(1.,0.,0.));
#805 = ORIENTED_EDGE('',*,*,#786,.F.);
#806 = ORIENTED_EDGE('',*,*,#807,.T.);
#807 = EDGE_CURVE('',#779,#638,#808,.T.);
#808 = LINE('',#809,#810);
#809 = CARTESIAN_POINT('',(7.,-6.25,0.19));
#810 = VECTOR('',#811,1.);
#811 = DIRECTION('',(1.,0.,0.));
#812 = ORIENTED_EDGE('',*,*,#637,.T.);
#813 = PLANE('',#814);
#814 = AXIS2_PLACEMENT_3D('',#815,#816,#817);
#815 = CARTESIAN_POINT('',(7.,-6.25,0.19));
#816 = DIRECTION('',(0.,0.,-1.));
#817 = DIRECTION('',(1.,0.,0.));
#818 = ADVANCED_FACE('',(#819),#834,.F.);
#819 = FACE_BOUND('',#820,.T.);
#820 = EDGE_LOOP('',(#821,#822,#823,#824,#825,#826,#827));
#821 = ORIENTED_EDGE('',*,*,#707,.T.);
#822 = ORIENTED_EDGE('',*,*,#676,.T.);
#823 = ORIENTED_EDGE('',*,*,#645,.F.);
#824 = ORIENTED_EDGE('',*,*,#807,.F.);
#825 = ORIENTED_EDGE('',*,*,#778,.T.);
#826 = ORIENTED_EDGE('',*,*,#729,.T.);
#827 = ORIENTED_EDGE('',*,*,#828,.F.);
#828 = EDGE_CURVE('',#708,#732,#829,.T.);
#829 = CIRCLE('',#830,0.1);
#830 = AXIS2_PLACEMENT_3D('',#831,#832,#833);
#831 = CARTESIAN_POINT('',(7.1,-6.25,9.E-02));
#832 = DIRECTION('',(2.409338161079E-16,1.,0.));
#833 = DIRECTION('',(1.,-2.409338161079E-16,0.));
#834 = PLANE('',#835);
#835 = AXIS2_PLACEMENT_3D('',#836,#837,#838);
#836 = CARTESIAN_POINT('',(-3.011672701349E-16,-6.25,0.));
#837 = DIRECTION('',(2.409338161079E-16,1.,0.));
#838 = DIRECTION('',(-1.,2.409338161079E-16,0.));
#839 = ADVANCED_FACE('',(#840),#855,.T.);
#840 = FACE_BOUND('',#841,.T.);
#841 = EDGE_LOOP('',(#842,#843,#844,#845,#846,#847,#848));
#842 = ORIENTED_EDGE('',*,*,#747,.F.);
#843 = ORIENTED_EDGE('',*,*,#769,.F.);
#844 = ORIENTED_EDGE('',*,*,#800,.T.);
#845 = ORIENTED_EDGE('',*,*,#627,.T.);
#846 = ORIENTED_EDGE('',*,*,#667,.F.);
#847 = ORIENTED_EDGE('',*,*,#698,.F.);
#848 = ORIENTED_EDGE('',*,*,#849,.F.);
#849 = EDGE_CURVE('',#748,#699,#850,.T.);
#850 = CIRCLE('',#851,0.1);
#851 = AXIS2_PLACEMENT_3D('',#852,#853,#854);
#852 = CARTESIAN_POINT('',(7.1,-3.75,9.E-02));
#853 = DIRECTION('',(-2.409338161079E-16,-1.,0.));
#854 = DIRECTION('',(1.,-2.409338161079E-16,0.));
#855 = PLANE('',#856);
#856 = AXIS2_PLACEMENT_3D('',#857,#858,#859);
#857 = CARTESIAN_POINT('',(3.011672701349E-16,-3.75,0.));
#858 = DIRECTION('',(2.409338161079E-16,1.,0.));
#859 = DIRECTION('',(-1.,2.409338161079E-16,0.));
#860 = ADVANCED_FACE('',(#861),#867,.T.);
#861 = FACE_BOUND('',#862,.T.);
#862 = EDGE_LOOP('',(#863,#864,#865,#866));
#863 = ORIENTED_EDGE('',*,*,#828,.T.);
#864 = ORIENTED_EDGE('',*,*,#755,.T.);
#865 = ORIENTED_EDGE('',*,*,#849,.T.);
#866 = ORIENTED_EDGE('',*,*,#715,.T.);
#867 = CYLINDRICAL_SURFACE('',#868,0.1);
#868 = AXIS2_PLACEMENT_3D('',#869,#870,#871);
#869 = CARTESIAN_POINT('',(7.1,-6.25,9.E-02));
#870 = DIRECTION('',(2.409338161079E-16,1.,0.));
#871 = DIRECTION('',(1.,-2.409338161079E-16,0.));
#872 = ( GEOMETRIC_REPRESENTATION_CONTEXT(3) 
GLOBAL_UNCERTAINTY_ASSIGNED_CONTEXT((#876)) GLOBAL_UNIT_ASSIGNED_CONTEXT
((#873,#874,#875)) REPRESENTATION_CONTEXT('Context #1',
  '3D Context with UNIT and UNCERTAINTY') );
#873 = ( LENGTH_UNIT() NAMED_UNIT(*) SI_UNIT(.MILLI.,.METRE.) );
#874 = ( NAMED_UNIT(*) PLANE_ANGLE_UNIT() SI_UNIT($,.RADIAN.) );
#875 = ( NAMED_UNIT(*) SI_UNIT($,.STERADIAN.) SOLID_ANGLE_UNIT() );
#876 = UNCERTAINTY_MEASURE_WITH_UNIT(LENGTH_MEASURE(1.E-07),#873,
  'distance_accuracy_value','confusion accuracy');
#877 = CONTEXT_DEPENDENT_SHAPE_REPRESENTATION(#878,#880);
#878 = ( REPRESENTATION_RELATIONSHIP('','',#620,#10) 
REPRESENTATION_RELATIONSHIP_WITH_TRANSFORMATION(#879) 
SHAPE_REPRESENTATION_RELATIONSHIP() );
#879 = ITEM_DEFINED_TRANSFORMATION('','',#11,#23);
#880 = PRODUCT_DEFINITION_SHAPE('Placement','Placement of an item',#881
  );
#881 = NEXT_ASSEMBLY_USAGE_OCCURRENCE('59',
  'BUZ-SMD_5P-L15.0-W15.0-P13.7-BL002','',#5,#615,$);
#882 = PRODUCT_RELATED_PRODUCT_CATEGORY('part',$,(#617));
#883 = SHAPE_DEFINITION_REPRESENTATION(#884,#890);
#884 = PRODUCT_DEFINITION_SHAPE('','',#885);
#885 = PRODUCT_DEFINITION('design','',#886,#889);
#886 = PRODUCT_DEFINITION_FORMATION('','',#887);
#887 = PRODUCT('BUZ-SMD_5P-L15.0-W15.0-P13.7-BL003',
  'BUZ-SMD_5P-L15.0-W15.0-P13.7-BL003','',(#888));
#888 = PRODUCT_CONTEXT('',#2,'mechanical');
#889 = PRODUCT_DEFINITION_CONTEXT('part definition',#2,'design');
#890 = ADVANCED_BREP_SHAPE_REPRESENTATION('',(#11,#891),#1142);
#891 = MANIFOLD_SOLID_BREP('',#892);
#892 = CLOSED_SHELL('',(#893,#933,#964,#995,#1035,#1066,#1088,#1109,
    #1130));
#893 = ADVANCED_FACE('',(#894),#928,.F.);
#894 = FACE_BOUND('',#895,.T.);
#895 = EDGE_LOOP('',(#896,#906,#914,#922));
#896 = ORIENTED_EDGE('',*,*,#897,.T.);
#897 = EDGE_CURVE('',#898,#900,#902,.T.);
#898 = VERTEX_POINT('',#899);
#899 = CARTESIAN_POINT('',(7.,3.75,0.19));
#900 = VERTEX_POINT('',#901);
#901 = CARTESIAN_POINT('',(7.,3.75,1.));
#902 = LINE('',#903,#904);
#903 = CARTESIAN_POINT('',(7.,3.75,0.19));
#904 = VECTOR('',#905,1.);
#905 = DIRECTION('',(0.,0.,1.));
#906 = ORIENTED_EDGE('',*,*,#907,.F.);
#907 = EDGE_CURVE('',#908,#900,#910,.T.);
#908 = VERTEX_POINT('',#909);
#909 = CARTESIAN_POINT('',(7.,6.25,1.));
#910 = LINE('',#911,#912);
#911 = CARTESIAN_POINT('',(7.,6.25,1.));
#912 = VECTOR('',#913,1.);
#913 = DIRECTION('',(2.409338161079E-16,-1.,0.));
#914 = ORIENTED_EDGE('',*,*,#915,.F.);
#915 = EDGE_CURVE('',#916,#908,#918,.T.);
#916 = VERTEX_POINT('',#917);
#917 = CARTESIAN_POINT('',(7.,6.25,0.19));
#918 = LINE('',#919,#920);
#919 = CARTESIAN_POINT('',(7.,6.25,0.19));
#920 = VECTOR('',#921,1.);
#921 = DIRECTION('',(0.,0.,1.));
#922 = ORIENTED_EDGE('',*,*,#923,.T.);
#923 = EDGE_CURVE('',#916,#898,#924,.T.);
#924 = LINE('',#925,#926);
#925 = CARTESIAN_POINT('',(7.,6.25,0.19));
#926 = VECTOR('',#927,1.);
#927 = DIRECTION('',(2.409338161079E-16,-1.,0.));
#928 = PLANE('',#929);
#929 = AXIS2_PLACEMENT_3D('',#930,#931,#932);
#930 = CARTESIAN_POINT('',(7.,6.25,0.19));
#931 = DIRECTION('',(1.,2.409338161079E-16,0.));
#932 = DIRECTION('',(-2.409338161079E-16,1.,0.));
#933 = ADVANCED_FACE('',(#934),#959,.T.);
#934 = FACE_BOUND('',#935,.T.);
#935 = EDGE_LOOP('',(#936,#944,#952,#958));
#936 = ORIENTED_EDGE('',*,*,#937,.F.);
#937 = EDGE_CURVE('',#938,#900,#940,.T.);
#938 = VERTEX_POINT('',#939);
#939 = CARTESIAN_POINT('',(7.2,3.75,1.));
#940 = LINE('',#941,#942);
#941 = CARTESIAN_POINT('',(7.2,3.75,1.));
#942 = VECTOR('',#943,1.);
#943 = DIRECTION('',(-1.,-2.409338161079E-16,1.084202172486E-15));
#944 = ORIENTED_EDGE('',*,*,#945,.F.);
#945 = EDGE_CURVE('',#946,#938,#948,.T.);
#946 = VERTEX_POINT('',#947);
#947 = CARTESIAN_POINT('',(7.2,6.25,1.));
#948 = LINE('',#949,#950);
#949 = CARTESIAN_POINT('',(7.2,6.25,1.));
#950 = VECTOR('',#951,1.);
#951 = DIRECTION('',(2.409338161079E-16,-1.,0.));
#952 = ORIENTED_EDGE('',*,*,#953,.T.);
#953 = EDGE_CURVE('',#946,#908,#954,.T.);
#954 = LINE('',#955,#956);
#955 = CARTESIAN_POINT('',(7.2,6.25,1.));
#956 = VECTOR('',#957,1.);
#957 = DIRECTION('',(-1.,-2.409338161079E-16,1.084202172486E-15));
#958 = ORIENTED_EDGE('',*,*,#907,.T.);
#959 = PLANE('',#960);
#960 = AXIS2_PLACEMENT_3D('',#961,#962,#963);
#961 = CARTESIAN_POINT('',(7.2,6.25,1.));
#962 = DIRECTION('',(1.084202172486E-15,2.612209668494E-31,1.));
#963 = DIRECTION('',(-1.,0.,1.084202172486E-15));
#964 = ADVANCED_FACE('',(#965),#990,.T.);
#965 = FACE_BOUND('',#966,.T.);
#966 = EDGE_LOOP('',(#967,#975,#983,#989));
#967 = ORIENTED_EDGE('',*,*,#968,.F.);
#968 = EDGE_CURVE('',#969,#938,#971,.T.);
#969 = VERTEX_POINT('',#970);
#970 = CARTESIAN_POINT('',(7.2,3.75,9.E-02));
#971 = LINE('',#972,#973);
#972 = CARTESIAN_POINT('',(7.2,3.75,0.19));
#973 = VECTOR('',#974,1.);
#974 = DIRECTION('',(0.,-0.,1.));
#975 = ORIENTED_EDGE('',*,*,#976,.T.);
#976 = EDGE_CURVE('',#969,#977,#979,.T.);
#977 = VERTEX_POINT('',#978);
#978 = CARTESIAN_POINT('',(7.2,6.25,9.E-02));
#979 = LINE('',#980,#981);
#980 = CARTESIAN_POINT('',(7.2,6.25,9.E-02));
#981 = VECTOR('',#982,1.);
#982 = DIRECTION('',(-2.409338161079E-16,1.,-0.));
#983 = ORIENTED_EDGE('',*,*,#984,.T.);
#984 = EDGE_CURVE('',#977,#946,#985,.T.);
#985 = LINE('',#986,#987);
#986 = CARTESIAN_POINT('',(7.2,6.25,0.19));
#987 = VECTOR('',#988,1.);
#988 = DIRECTION('',(0.,-0.,1.));
#989 = ORIENTED_EDGE('',*,*,#945,.T.);
#990 = PLANE('',#991);
#991 = AXIS2_PLACEMENT_3D('',#992,#993,#994);
#992 = CARTESIAN_POINT('',(7.2,6.25,0.19));
#993 = DIRECTION('',(1.,2.409338161079E-16,0.));
#994 = DIRECTION('',(-2.409338161079E-16,1.,0.));
#995 = ADVANCED_FACE('',(#996),#1030,.T.);
#996 = FACE_BOUND('',#997,.T.);
#997 = EDGE_LOOP('',(#998,#1008,#1016,#1024));
#998 = ORIENTED_EDGE('',*,*,#999,.T.);
#999 = EDGE_CURVE('',#1000,#1002,#1004,.T.);
#1000 = VERTEX_POINT('',#1001);
#1001 = CARTESIAN_POINT('',(6.,6.25,-1.E-02));
#1002 = VERTEX_POINT('',#1003);
#1003 = CARTESIAN_POINT('',(7.1,6.25,-1.E-02));
#1004 = LINE('',#1005,#1006);
#1005 = CARTESIAN_POINT('',(7.,6.25,-1.E-02));
#1006 = VECTOR('',#1007,1.);
#1007 = DIRECTION('',(1.,2.409338161079E-16,0.));
#1008 = ORIENTED_EDGE('',*,*,#1009,.T.);
#1009 = EDGE_CURVE('',#1002,#1010,#1012,.T.);
#1010 = VERTEX_POINT('',#1011);
#1011 = CARTESIAN_POINT('',(7.1,3.75,-1.E-02));
#1012 = LINE('',#1013,#1014);
#1013 = CARTESIAN_POINT('',(7.1,6.25,-1.E-02));
#1014 = VECTOR('',#1015,1.);
#1015 = DIRECTION('',(2.409338161079E-16,-1.,0.));
#1016 = ORIENTED_EDGE('',*,*,#1017,.F.);
#1017 = EDGE_CURVE('',#1018,#1010,#1020,.T.);
#1018 = VERTEX_POINT('',#1019);
#1019 = CARTESIAN_POINT('',(6.,3.75,-1.E-02));
#1020 = LINE('',#1021,#1022);
#1021 = CARTESIAN_POINT('',(7.,3.75,-1.E-02));
#1022 = VECTOR('',#1023,1.);
#1023 = DIRECTION('',(1.,2.409338161079E-16,0.));
#1024 = ORIENTED_EDGE('',*,*,#1025,.F.);
#1025 = EDGE_CURVE('',#1000,#1018,#1026,.T.);
#1026 = LINE('',#1027,#1028);
#1027 = CARTESIAN_POINT('',(6.,6.25,-1.E-02));
#1028 = VECTOR('',#1029,1.);
#1029 = DIRECTION('',(2.409338161079E-16,-1.,0.));
#1030 = PLANE('',#1031);
#1031 = AXIS2_PLACEMENT_3D('',#1032,#1033,#1034);
#1032 = CARTESIAN_POINT('',(7.,6.25,-1.E-02));
#1033 = DIRECTION('',(0.,0.,-1.));
#1034 = DIRECTION('',(1.,0.,0.));
#1035 = ADVANCED_FACE('',(#1036),#1061,.T.);
#1036 = FACE_BOUND('',#1037,.T.);
#1037 = EDGE_LOOP('',(#1038,#1046,#1054,#1060));
#1038 = ORIENTED_EDGE('',*,*,#1039,.F.);
#1039 = EDGE_CURVE('',#1040,#1018,#1042,.T.);
#1040 = VERTEX_POINT('',#1041);
#1041 = CARTESIAN_POINT('',(6.,3.75,0.19));
#1042 = LINE('',#1043,#1044);
#1043 = CARTESIAN_POINT('',(6.,3.75,0.19));
#1044 = VECTOR('',#1045,1.);
#1045 = DIRECTION('',(0.,0.,-1.));
#1046 = ORIENTED_EDGE('',*,*,#1047,.F.);
#1047 = EDGE_CURVE('',#1048,#1040,#1050,.T.);
#1048 = VERTEX_POINT('',#1049);
#1049 = CARTESIAN_POINT('',(6.,6.25,0.19));
#1050 = LINE('',#1051,#1052);
#1051 = CARTESIAN_POINT('',(6.,6.25,0.19));
#1052 = VECTOR('',#1053,1.);
#1053 = DIRECTION('',(2.409338161079E-16,-1.,0.));
#1054 = ORIENTED_EDGE('',*,*,#1055,.T.);
#1055 = EDGE_CURVE('',#1048,#1000,#1056,.T.);
#1056 = LINE('',#1057,#1058);
#1057 = CARTESIAN_POINT('',(6.,6.25,0.19));
#1058 = VECTOR('',#1059,1.);
#1059 = DIRECTION('',(0.,0.,-1.));
#1060 = ORIENTED_EDGE('',*,*,#1025,.T.);
#1061 = PLANE('',#1062);
#1062 = AXIS2_PLACEMENT_3D('',#1063,#1064,#1065);
#1063 = CARTESIAN_POINT('',(6.,6.25,0.19));
#1064 = DIRECTION('',(-1.,-2.409338161079E-16,0.));
#1065 = DIRECTION('',(2.409338161079E-16,-1.,0.));
#1066 = ADVANCED_FACE('',(#1067),#1083,.F.);
#1067 = FACE_BOUND('',#1068,.T.);
#1068 = EDGE_LOOP('',(#1069,#1075,#1076,#1082));
#1069 = ORIENTED_EDGE('',*,*,#1070,.T.);
#1070 = EDGE_CURVE('',#1040,#898,#1071,.T.);
#1071 = LINE('',#1072,#1073);
#1072 = CARTESIAN_POINT('',(7.,3.75,0.19));
#1073 = VECTOR('',#1074,1.);
#1074 = DIRECTION('',(1.,0.,0.));
#1075 = ORIENTED_EDGE('',*,*,#923,.F.);
#1076 = ORIENTED_EDGE('',*,*,#1077,.F.);
#1077 = EDGE_CURVE('',#1048,#916,#1078,.T.);
#1078 = LINE('',#1079,#1080);
#1079 = CARTESIAN_POINT('',(7.,6.25,0.19));
#1080 = VECTOR('',#1081,1.);
#1081 = DIRECTION('',(1.,0.,0.));
#1082 = ORIENTED_EDGE('',*,*,#1047,.T.);
#1083 = PLANE('',#1084);
#1084 = AXIS2_PLACEMENT_3D('',#1085,#1086,#1087);
#1085 = CARTESIAN_POINT('',(7.,6.25,0.19));
#1086 = DIRECTION('',(0.,0.,-1.));
#1087 = DIRECTION('',(1.,0.,0.));
#1088 = ADVANCED_FACE('',(#1089),#1104,.F.);
#1089 = FACE_BOUND('',#1090,.T.);
#1090 = EDGE_LOOP('',(#1091,#1092,#1099,#1100,#1101,#1102,#1103));
#1091 = ORIENTED_EDGE('',*,*,#984,.F.);
#1092 = ORIENTED_EDGE('',*,*,#1093,.T.);
#1093 = EDGE_CURVE('',#977,#1002,#1094,.T.);
#1094 = CIRCLE('',#1095,0.1);
#1095 = AXIS2_PLACEMENT_3D('',#1096,#1097,#1098);
#1096 = CARTESIAN_POINT('',(7.1,6.25,9.E-02));
#1097 = DIRECTION('',(-2.409338161079E-16,1.,0.));
#1098 = DIRECTION('',(1.,2.409338161079E-16,0.));
#1099 = ORIENTED_EDGE('',*,*,#999,.F.);
#1100 = ORIENTED_EDGE('',*,*,#1055,.F.);
#1101 = ORIENTED_EDGE('',*,*,#1077,.T.);
#1102 = ORIENTED_EDGE('',*,*,#915,.T.);
#1103 = ORIENTED_EDGE('',*,*,#953,.F.);
#1104 = PLANE('',#1105);
#1105 = AXIS2_PLACEMENT_3D('',#1106,#1107,#1108);
#1106 = CARTESIAN_POINT('',(-3.011672701349E-16,6.25,0.));
#1107 = DIRECTION('',(2.409338161079E-16,-1.,0.));
#1108 = DIRECTION('',(-1.,-2.409338161079E-16,0.));
#1109 = ADVANCED_FACE('',(#1110),#1125,.T.);
#1110 = FACE_BOUND('',#1111,.T.);
#1111 = EDGE_LOOP('',(#1112,#1113,#1120,#1121,#1122,#1123,#1124));
#1112 = ORIENTED_EDGE('',*,*,#1017,.T.);
#1113 = ORIENTED_EDGE('',*,*,#1114,.T.);
#1114 = EDGE_CURVE('',#1010,#969,#1115,.T.);
#1115 = CIRCLE('',#1116,0.1);
#1116 = AXIS2_PLACEMENT_3D('',#1117,#1118,#1119);
#1117 = CARTESIAN_POINT('',(7.1,3.75,9.E-02));
#1118 = DIRECTION('',(2.409338161079E-16,-1.,-0.));
#1119 = DIRECTION('',(1.,2.409338161079E-16,0.));
#1120 = ORIENTED_EDGE('',*,*,#968,.T.);
#1121 = ORIENTED_EDGE('',*,*,#937,.T.);
#1122 = ORIENTED_EDGE('',*,*,#897,.F.);
#1123 = ORIENTED_EDGE('',*,*,#1070,.F.);
#1124 = ORIENTED_EDGE('',*,*,#1039,.T.);
#1125 = PLANE('',#1126);
#1126 = AXIS2_PLACEMENT_3D('',#1127,#1128,#1129);
#1127 = CARTESIAN_POINT('',(3.011672701349E-16,3.75,0.));
#1128 = DIRECTION('',(2.409338161079E-16,-1.,0.));
#1129 = DIRECTION('',(-1.,-2.409338161079E-16,0.));
#1130 = ADVANCED_FACE('',(#1131),#1137,.T.);
#1131 = FACE_BOUND('',#1132,.T.);
#1132 = EDGE_LOOP('',(#1133,#1134,#1135,#1136));
#1133 = ORIENTED_EDGE('',*,*,#1093,.F.);
#1134 = ORIENTED_EDGE('',*,*,#976,.F.);
#1135 = ORIENTED_EDGE('',*,*,#1114,.F.);
#1136 = ORIENTED_EDGE('',*,*,#1009,.F.);
#1137 = CYLINDRICAL_SURFACE('',#1138,0.1);
#1138 = AXIS2_PLACEMENT_3D('',#1139,#1140,#1141);
#1139 = CARTESIAN_POINT('',(7.1,6.25,9.E-02));
#1140 = DIRECTION('',(2.409338161079E-16,-1.,0.));
#1141 = DIRECTION('',(1.,2.409338161079E-16,0.));
#1142 = ( GEOMETRIC_REPRESENTATION_CONTEXT(3) 
GLOBAL_UNCERTAINTY_ASSIGNED_CONTEXT((#1146)) 
GLOBAL_UNIT_ASSIGNED_CONTEXT((#1143,#1144,#1145)) REPRESENTATION_CONTEXT
('Context #1','3D Context with UNIT and UNCERTAINTY') );
#1143 = ( LENGTH_UNIT() NAMED_UNIT(*) SI_UNIT(.MILLI.,.METRE.) );
#1144 = ( NAMED_UNIT(*) PLANE_ANGLE_UNIT() SI_UNIT($,.RADIAN.) );
#1145 = ( NAMED_UNIT(*) SI_UNIT($,.STERADIAN.) SOLID_ANGLE_UNIT() );
#1146 = UNCERTAINTY_MEASURE_WITH_UNIT(LENGTH_MEASURE(1.E-07),#1143,
  'distance_accuracy_value','confusion accuracy');
#1147 = CONTEXT_DEPENDENT_SHAPE_REPRESENTATION(#1148,#1150);
#1148 = ( REPRESENTATION_RELATIONSHIP('','',#890,#10) 
REPRESENTATION_RELATIONSHIP_WITH_TRANSFORMATION(#1149) 
SHAPE_REPRESENTATION_RELATIONSHIP() );
#1149 = ITEM_DEFINED_TRANSFORMATION('','',#11,#27);
#1150 = PRODUCT_DEFINITION_SHAPE('Placement','Placement of an item',
  #1151);
#1151 = NEXT_ASSEMBLY_USAGE_OCCURRENCE('60',
  'BUZ-SMD_5P-L15.0-W15.0-P13.7-BL003','',#5,#885,$);
#1152 = PRODUCT_RELATED_PRODUCT_CATEGORY('part',$,(#887));
#1153 = SHAPE_DEFINITION_REPRESENTATION(#1154,#1160);
#1154 = PRODUCT_DEFINITION_SHAPE('','',#1155);
#1155 = PRODUCT_DEFINITION('design','',#1156,#1159);
#1156 = PRODUCT_DEFINITION_FORMATION('','',#1157);
#1157 = PRODUCT('BUZ-SMD_5P-L15.0-W15.0-P13.7-BL004',
  'BUZ-SMD_5P-L15.0-W15.0-P13.7-BL004','',(#1158));
#1158 = PRODUCT_CONTEXT('',#2,'mechanical');
#1159 = PRODUCT_DEFINITION_CONTEXT('part definition',#2,'design');
#1160 = ADVANCED_BREP_SHAPE_REPRESENTATION('',(#11,#1161),#14994);
#1161 = MANIFOLD_SOLID_BREP('',#1162);
#1162 = CLOSED_SHELL('',(#1163,#1205,#1247,#1289,#1399,#1441,#1483,#3013
    ,#3085,#3157,#3229,#3260,#3291,#3331,#3385,#3448,#3479,#3519,#3573,
    #3636,#3667,#3689,#3711,#3733,#3755,#4438,#4462,#4486,#4503,#4515,
    #4539,#4563,#4580,#4592,#4616,#4640,#4657,#4669,#4693,#4717,#4734,
    #4746,#4764,#4774,#4792,#4802,#4833,#4857,#4881,#4905,#4929,#4953,
    #4977,#4994,#5068,#5099,#5123,#5161,#5185,#5223,#5240,#5271,#5295,
    #5319,#5393,#5460,#5547,#5578,#5652,#5726,#5750,#5767,#5798,#5822,
    #5846,#5870,#5894,#5918,#5942,#5966,#5990,#6014,#6038,#6055,#6075,
    #6106,#6156,#6230,#6304,#6354,#6378,#6428,#6502,#6576,#6619,#6637,
    #6668,#6692,#6716,#6740,#6764,#6781,#6795,#6809,#6822,#7015,#7313,
    #7335,#7352,#7369,#7386,#7403,#7420,#7437,#7454,#7471,#7495,#7512,
    #7529,#7546,#7563,#7580,#7597,#7614,#7626,#7642,#7728,#7958,#7980,
    #7997,#8014,#8036,#8058,#8070,#8082,#8104,#8121,#8138,#8155,#8167,
    #8189,#8211,#8223,#8240,#8252,#8264,#8282,#8292,#8316,#8333,#8357,
    #8374,#8398,#8415,#8439,#8456,#8478,#8509,#8526,#8543,#8555,#8586,
    #8603,#8620,#8632,#8663,#8680,#8697,#8709,#8727,#8747,#8765,#8775,
    #8807,#8831,#8856,#8873,#8885,#8916,#8940,#8964,#8988,#9012,#9029,
    #9043,#9079,#9103,#9132,#9161,#9190,#9219,#9248,#9277,#9301,#9330,
    #9359,#9388,#9417,#9439,#9461,#9492,#9516,#9540,#9564,#9588,#9612,
    #9636,#9660,#9684,#9708,#9732,#9749,#9769,#9899,#9921,#9942,#9963,
    #9984,#10005,#10022,#10034,#10065,#10089,#10113,#10142,#10171,#10200
    ,#10222,#10237,#10361,#10383,#10400,#10417,#10434,#10451,#10468,
    #10485,#10497,#10528,#10552,#10581,#10605,#10634,#10651,#10665,
    #10696,#10720,#10744,#10768,#10792,#10816,#10840,#10864,#10888,
    #10912,#10936,#10953,#10973,#11173,#11199,#11216,#11237,#11258,
    #11275,#11296,#11317,#11338,#11359,#11376,#11393,#11410,#11427,
    #11443,#11479,#11508,#11537,#11566,#11595,#11624,#11648,#11665,
    #11681,#11717,#11741,#11770,#11799,#11828,#11857,#11886,#11915,
    #11944,#11973,#12002,#12031,#12055,#12084,#12113,#12142,#12171,
    #12200,#12229,#12258,#12280,#12309,#12340,#12364,#12393,#12417,
    #12441,#12465,#12489,#12513,#12537,#12566,#12595,#12619,#12648,
    #12677,#12694,#12717,#12748,#12772,#12796,#12820,#12844,#12868,
    #12892,#12916,#12940,#12964,#12988,#13005,#13025,#13155,#13177,
    #13198,#13219,#13240,#13261,#13278,#13290,#13321,#13345,#13369,
    #13398,#13427,#13456,#13478,#13493,#13617,#13639,#13656,#13673,
    #13690,#13707,#13724,#13741,#13753,#13784,#13808,#13837,#13861,
    #13890,#13907,#13921,#14246,#14272,#14293,#14314,#14335,#14356,
    #14377,#14398,#14419,#14440,#14461,#14482,#14503,#14520,#14537,
    #14554,#14571,#14592,#14613,#14634,#14655,#14676,#14697,#14718,
    #14735,#14756,#14777,#14794,#14815,#14836,#14857,#14874,#14895,
    #14911,#14956,#14984));
#1163 = ADVANCED_FACE('',(#1164),#1200,.T.);
#1164 = FACE_BOUND('',#1165,.T.);
#1165 = EDGE_LOOP('',(#1166,#1177,#1185,#1194));
#1166 = ORIENTED_EDGE('',*,*,#1167,.F.);
#1167 = EDGE_CURVE('',#1168,#1170,#1172,.T.);
#1168 = VERTEX_POINT('',#1169);
#1169 = CARTESIAN_POINT('',(-4.5,5.510910596163E-16,9.E-02));
#1170 = VERTEX_POINT('',#1171);
#1171 = CARTESIAN_POINT('',(4.5,0.,9.E-02));
#1172 = CIRCLE('',#1173,4.5);
#1173 = AXIS2_PLACEMENT_3D('',#1174,#1175,#1176);
#1174 = CARTESIAN_POINT('',(0.,0.,9.E-02));
#1175 = DIRECTION('',(0.,0.,-1.));
#1176 = DIRECTION('',(-1.,0.,0.));
#1177 = ORIENTED_EDGE('',*,*,#1178,.T.);
#1178 = EDGE_CURVE('',#1168,#1179,#1181,.T.);
#1179 = VERTEX_POINT('',#1180);
#1180 = CARTESIAN_POINT('',(-4.5,5.510910596163E-16,0.1));
#1181 = LINE('',#1182,#1183);
#1182 = CARTESIAN_POINT('',(-4.5,5.510910596163E-16,9.E-02));
#1183 = VECTOR('',#1184,1.);
#1184 = DIRECTION('',(-0.,-0.,1.));
#1185 = ORIENTED_EDGE('',*,*,#1186,.T.);
#1186 = EDGE_CURVE('',#1179,#1187,#1189,.T.);
#1187 = VERTEX_POINT('',#1188);
#1188 = CARTESIAN_POINT('',(4.5,0.,0.1));
#1189 = CIRCLE('',#1190,4.5);
#1190 = AXIS2_PLACEMENT_3D('',#1191,#1192,#1193);
#1191 = CARTESIAN_POINT('',(0.,0.,0.1));
#1192 = DIRECTION('',(0.,0.,-1.));
#1193 = DIRECTION('',(-1.,0.,0.));
#1194 = ORIENTED_EDGE('',*,*,#1195,.F.);
#1195 = EDGE_CURVE('',#1170,#1187,#1196,.T.);
#1196 = LINE('',#1197,#1198);
#1197 = CARTESIAN_POINT('',(4.5,0.,9.E-02));
#1198 = VECTOR('',#1199,1.);
#1199 = DIRECTION('',(-0.,-0.,1.));
#1200 = CYLINDRICAL_SURFACE('',#1201,4.5);
#1201 = AXIS2_PLACEMENT_3D('',#1202,#1203,#1204);
#1202 = CARTESIAN_POINT('',(0.,0.,9.E-02));
#1203 = DIRECTION('',(-0.,-0.,1.));
#1204 = DIRECTION('',(1.,0.,0.));
#1205 = ADVANCED_FACE('',(#1206),#1242,.F.);
#1206 = FACE_BOUND('',#1207,.F.);
#1207 = EDGE_LOOP('',(#1208,#1218,#1227,#1235));
#1208 = ORIENTED_EDGE('',*,*,#1209,.T.);
#1209 = EDGE_CURVE('',#1210,#1212,#1214,.T.);
#1210 = VERTEX_POINT('',#1211);
#1211 = CARTESIAN_POINT('',(-5.5,0.,0.1));
#1212 = VERTEX_POINT('',#1213);
#1213 = CARTESIAN_POINT('',(-5.5,0.,0.));
#1214 = LINE('',#1215,#1216);
#1215 = CARTESIAN_POINT('',(-5.5,0.,0.1));
#1216 = VECTOR('',#1217,1.);
#1217 = DIRECTION('',(-0.,-0.,-1.));
#1218 = ORIENTED_EDGE('',*,*,#1219,.F.);
#1219 = EDGE_CURVE('',#1220,#1212,#1222,.T.);
#1220 = VERTEX_POINT('',#1221);
#1221 = CARTESIAN_POINT('',(5.5,6.73555739531E-16,0.));
#1222 = CIRCLE('',#1223,5.5);
#1223 = AXIS2_PLACEMENT_3D('',#1224,#1225,#1226);
#1224 = CARTESIAN_POINT('',(0.,0.,0.));
#1225 = DIRECTION('',(0.,0.,-1.));
#1226 = DIRECTION('',(-1.,0.,0.));
#1227 = ORIENTED_EDGE('',*,*,#1228,.F.);
#1228 = EDGE_CURVE('',#1229,#1220,#1231,.T.);
#1229 = VERTEX_POINT('',#1230);
#1230 = CARTESIAN_POINT('',(5.5,6.73555739531E-16,0.1));
#1231 = LINE('',#1232,#1233);
#1232 = CARTESIAN_POINT('',(5.5,6.73555739531E-16,0.1));
#1233 = VECTOR('',#1234,1.);
#1234 = DIRECTION('',(-0.,-0.,-1.));
#1235 = ORIENTED_EDGE('',*,*,#1236,.T.);
#1236 = EDGE_CURVE('',#1229,#1210,#1237,.T.);
#1237 = CIRCLE('',#1238,5.5);
#1238 = AXIS2_PLACEMENT_3D('',#1239,#1240,#1241);
#1239 = CARTESIAN_POINT('',(0.,0.,0.1));
#1240 = DIRECTION('',(0.,0.,-1.));
#1241 = DIRECTION('',(-1.,0.,0.));
#1242 = CYLINDRICAL_SURFACE('',#1243,5.5);
#1243 = AXIS2_PLACEMENT_3D('',#1244,#1245,#1246);
#1244 = CARTESIAN_POINT('',(0.,0.,0.1));
#1245 = DIRECTION('',(-0.,-0.,-1.));
#1246 = DIRECTION('',(-1.,0.,0.));
#1247 = ADVANCED_FACE('',(#1248),#1284,.F.);
#1248 = FACE_BOUND('',#1249,.F.);
#1249 = EDGE_LOOP('',(#1250,#1260,#1269,#1277));
#1250 = ORIENTED_EDGE('',*,*,#1251,.T.);
#1251 = EDGE_CURVE('',#1252,#1254,#1256,.T.);
#1252 = VERTEX_POINT('',#1253);
#1253 = CARTESIAN_POINT('',(-4.694047165115,-5.835184825543,3.99));
#1254 = VERTEX_POINT('',#1255);
#1255 = CARTESIAN_POINT('',(-4.694047165115,-5.835184825543,4.));
#1256 = LINE('',#1257,#1258);
#1257 = CARTESIAN_POINT('',(-4.694047165115,-5.835184825543,3.99));
#1258 = VECTOR('',#1259,1.);
#1259 = DIRECTION('',(-0.,-0.,1.));
#1260 = ORIENTED_EDGE('',*,*,#1261,.F.);
#1261 = EDGE_CURVE('',#1262,#1254,#1264,.T.);
#1262 = VERTEX_POINT('',#1263);
#1263 = CARTESIAN_POINT('',(-5.930334005765,-5.835184825543,4.));
#1264 = CIRCLE('',#1265,0.618143420325);
#1265 = AXIS2_PLACEMENT_3D('',#1266,#1267,#1268);
#1266 = CARTESIAN_POINT('',(-5.31219058544,-5.835184825543,4.));
#1267 = DIRECTION('',(0.,0.,1.));
#1268 = DIRECTION('',(1.,0.,-0.));
#1269 = ORIENTED_EDGE('',*,*,#1270,.F.);
#1270 = EDGE_CURVE('',#1271,#1262,#1273,.T.);
#1271 = VERTEX_POINT('',#1272);
#1272 = CARTESIAN_POINT('',(-5.930334005765,-5.835184825543,3.99));
#1273 = LINE('',#1274,#1275);
#1274 = CARTESIAN_POINT('',(-5.930334005765,-5.835184825543,3.99));
#1275 = VECTOR('',#1276,1.);
#1276 = DIRECTION('',(-0.,-0.,1.));
#1277 = ORIENTED_EDGE('',*,*,#1278,.T.);
#1278 = EDGE_CURVE('',#1271,#1252,#1279,.T.);
#1279 = CIRCLE('',#1280,0.618143420325);
#1280 = AXIS2_PLACEMENT_3D('',#1281,#1282,#1283);
#1281 = CARTESIAN_POINT('',(-5.31219058544,-5.835184825543,3.99));
#1282 = DIRECTION('',(0.,0.,1.));
#1283 = DIRECTION('',(1.,0.,-0.));
#1284 = CYLINDRICAL_SURFACE('',#1285,0.618143420325);
#1285 = AXIS2_PLACEMENT_3D('',#1286,#1287,#1288);
#1286 = CARTESIAN_POINT('',(-5.31219058544,-5.835184825543,3.99));
#1287 = DIRECTION('',(-0.,-0.,1.));
#1288 = DIRECTION('',(1.,0.,0.));
#1289 = ADVANCED_FACE('',(#1290),#1394,.F.);
#1290 = FACE_BOUND('',#1291,.F.);
#1291 = EDGE_LOOP('',(#1292,#1302,#1311,#1319,#1328,#1336,#1345,#1353,
    #1362,#1370,#1379,#1387));
#1292 = ORIENTED_EDGE('',*,*,#1293,.T.);
#1293 = EDGE_CURVE('',#1294,#1296,#1298,.T.);
#1294 = VERTEX_POINT('',#1295);
#1295 = CARTESIAN_POINT('',(2.5,0.,2.));
#1296 = VERTEX_POINT('',#1297);
#1297 = CARTESIAN_POINT('',(2.5,0.,3.5));
#1298 = LINE('',#1299,#1300);
#1299 = CARTESIAN_POINT('',(2.5,0.,2.));
#1300 = VECTOR('',#1301,1.);
#1301 = DIRECTION('',(-0.,-0.,1.));
#1302 = ORIENTED_EDGE('',*,*,#1303,.F.);
#1303 = EDGE_CURVE('',#1304,#1296,#1306,.T.);
#1304 = VERTEX_POINT('',#1305);
#1305 = CARTESIAN_POINT('',(2.465033242958,-0.416666666667,3.5));
#1306 = CIRCLE('',#1307,2.5);
#1307 = AXIS2_PLACEMENT_3D('',#1308,#1309,#1310);
#1308 = CARTESIAN_POINT('',(0.,0.,3.5));
#1309 = DIRECTION('',(0.,0.,1.));
#1310 = DIRECTION('',(1.,0.,-0.));
#1311 = ORIENTED_EDGE('',*,*,#1312,.T.);
#1312 = EDGE_CURVE('',#1304,#1313,#1315,.T.);
#1313 = VERTEX_POINT('',#1314);
#1314 = CARTESIAN_POINT('',(2.465033242958,-0.416666666667,4.));
#1315 = LINE('',#1316,#1317);
#1316 = CARTESIAN_POINT('',(2.465033242958,-0.416666666667,3.5));
#1317 = VECTOR('',#1318,1.);
#1318 = DIRECTION('',(0.,0.,1.));
#1319 = ORIENTED_EDGE('',*,*,#1320,.F.);
#1320 = EDGE_CURVE('',#1321,#1313,#1323,.T.);
#1321 = VERTEX_POINT('',#1322);
#1322 = CARTESIAN_POINT('',(0.417416156068,-2.464906438925,4.));
#1323 = CIRCLE('',#1324,2.5);
#1324 = AXIS2_PLACEMENT_3D('',#1325,#1326,#1327);
#1325 = CARTESIAN_POINT('',(0.,0.,4.));
#1326 = DIRECTION('',(0.,0.,1.));
#1327 = DIRECTION('',(1.,0.,-0.));
#1328 = ORIENTED_EDGE('',*,*,#1329,.F.);
#1329 = EDGE_CURVE('',#1330,#1321,#1332,.T.);
#1330 = VERTEX_POINT('',#1331);
#1331 = CARTESIAN_POINT('',(0.417416156068,-2.464906438925,3.5));
#1332 = LINE('',#1333,#1334);
#1333 = CARTESIAN_POINT('',(0.417416156068,-2.464906438925,3.5));
#1334 = VECTOR('',#1335,1.);
#1335 = DIRECTION('',(0.,0.,1.));
#1336 = ORIENTED_EDGE('',*,*,#1337,.F.);
#1337 = EDGE_CURVE('',#1338,#1330,#1340,.T.);
#1338 = VERTEX_POINT('',#1339);
#1339 = CARTESIAN_POINT('',(-0.416666666667,-2.465033242958,3.5));
#1340 = CIRCLE('',#1341,2.5);
#1341 = AXIS2_PLACEMENT_3D('',#1342,#1343,#1344);
#1342 = CARTESIAN_POINT('',(0.,0.,3.5));
#1343 = DIRECTION('',(0.,0.,1.));
#1344 = DIRECTION('',(1.,0.,-0.));
#1345 = ORIENTED_EDGE('',*,*,#1346,.T.);
#1346 = EDGE_CURVE('',#1338,#1347,#1349,.T.);
#1347 = VERTEX_POINT('',#1348);
#1348 = CARTESIAN_POINT('',(-0.416666666667,-2.465033242958,4.));
#1349 = LINE('',#1350,#1351);
#1350 = CARTESIAN_POINT('',(-0.416666666667,-2.465033242958,3.5));
#1351 = VECTOR('',#1352,1.);
#1352 = DIRECTION('',(0.,0.,1.));
#1353 = ORIENTED_EDGE('',*,*,#1354,.F.);
#1354 = EDGE_CURVE('',#1355,#1347,#1357,.T.);
#1355 = VERTEX_POINT('',#1356);
#1356 = CARTESIAN_POINT('',(-2.465033242958,-0.416666666667,4.));
#1357 = CIRCLE('',#1358,2.5);
#1358 = AXIS2_PLACEMENT_3D('',#1359,#1360,#1361);
#1359 = CARTESIAN_POINT('',(0.,0.,4.));
#1360 = DIRECTION('',(0.,0.,1.));
#1361 = DIRECTION('',(1.,0.,-0.));
#1362 = ORIENTED_EDGE('',*,*,#1363,.F.);
#1363 = EDGE_CURVE('',#1364,#1355,#1366,.T.);
#1364 = VERTEX_POINT('',#1365);
#1365 = CARTESIAN_POINT('',(-2.465033242958,-0.416666666667,3.5));
#1366 = LINE('',#1367,#1368);
#1367 = CARTESIAN_POINT('',(-2.465033242958,-0.416666666667,3.5));
#1368 = VECTOR('',#1369,1.);
#1369 = DIRECTION('',(0.,0.,1.));
#1370 = ORIENTED_EDGE('',*,*,#1371,.F.);
#1371 = EDGE_CURVE('',#1372,#1364,#1374,.T.);
#1372 = VERTEX_POINT('',#1373);
#1373 = CARTESIAN_POINT('',(-2.5,3.061616997868E-16,3.5));
#1374 = CIRCLE('',#1375,2.5);
#1375 = AXIS2_PLACEMENT_3D('',#1376,#1377,#1378);
#1376 = CARTESIAN_POINT('',(0.,0.,3.5));
#1377 = DIRECTION('',(0.,0.,1.));
#1378 = DIRECTION('',(1.,0.,-0.));
#1379 = ORIENTED_EDGE('',*,*,#1380,.F.);
#1380 = EDGE_CURVE('',#1381,#1372,#1383,.T.);
#1381 = VERTEX_POINT('',#1382);
#1382 = CARTESIAN_POINT('',(-2.5,3.061616997868E-16,2.));
#1383 = LINE('',#1384,#1385);
#1384 = CARTESIAN_POINT('',(-2.5,3.061616997868E-16,2.));
#1385 = VECTOR('',#1386,1.);
#1386 = DIRECTION('',(-0.,-0.,1.));
#1387 = ORIENTED_EDGE('',*,*,#1388,.T.);
#1388 = EDGE_CURVE('',#1381,#1294,#1389,.T.);
#1389 = CIRCLE('',#1390,2.5);
#1390 = AXIS2_PLACEMENT_3D('',#1391,#1392,#1393);
#1391 = CARTESIAN_POINT('',(0.,0.,2.));
#1392 = DIRECTION('',(0.,0.,1.));
#1393 = DIRECTION('',(1.,0.,-0.));
#1394 = CYLINDRICAL_SURFACE('',#1395,2.5);
#1395 = AXIS2_PLACEMENT_3D('',#1396,#1397,#1398);
#1396 = CARTESIAN_POINT('',(0.,0.,2.));
#1397 = DIRECTION('',(-0.,-0.,1.));
#1398 = DIRECTION('',(1.,0.,0.));
#1399 = ADVANCED_FACE('',(#1400),#1436,.F.);
#1400 = FACE_BOUND('',#1401,.F.);
#1401 = EDGE_LOOP('',(#1402,#1412,#1421,#1429));
#1402 = ORIENTED_EDGE('',*,*,#1403,.T.);
#1403 = EDGE_CURVE('',#1404,#1406,#1408,.T.);
#1404 = VERTEX_POINT('',#1405);
#1405 = CARTESIAN_POINT('',(-5.077784574059,-5.359465065112,0.5));
#1406 = VERTEX_POINT('',#1407);
#1407 = CARTESIAN_POINT('',(-5.077784574059,-5.359465065112,0.));
#1408 = LINE('',#1409,#1410);
#1409 = CARTESIAN_POINT('',(-5.077784574059,-5.359465065112,0.5));
#1410 = VECTOR('',#1411,1.);
#1411 = DIRECTION('',(-0.,-0.,-1.));
#1412 = ORIENTED_EDGE('',*,*,#1413,.F.);
#1413 = EDGE_CURVE('',#1414,#1406,#1416,.T.);
#1414 = VERTEX_POINT('',#1415);
#1415 = CARTESIAN_POINT('',(-3.577784574059,-5.359465065112,0.));
#1416 = CIRCLE('',#1417,0.75);
#1417 = AXIS2_PLACEMENT_3D('',#1418,#1419,#1420);
#1418 = CARTESIAN_POINT('',(-4.327784574059,-5.359465065112,0.));
#1419 = DIRECTION('',(0.,0.,-1.));
#1420 = DIRECTION('',(-1.,0.,0.));
#1421 = ORIENTED_EDGE('',*,*,#1422,.F.);
#1422 = EDGE_CURVE('',#1423,#1414,#1425,.T.);
#1423 = VERTEX_POINT('',#1424);
#1424 = CARTESIAN_POINT('',(-3.577784574059,-5.359465065112,0.5));
#1425 = LINE('',#1426,#1427);
#1426 = CARTESIAN_POINT('',(-3.577784574059,-5.359465065112,0.5));
#1427 = VECTOR('',#1428,1.);
#1428 = DIRECTION('',(-0.,-0.,-1.));
#1429 = ORIENTED_EDGE('',*,*,#1430,.T.);
#1430 = EDGE_CURVE('',#1423,#1404,#1431,.T.);
#1431 = CIRCLE('',#1432,0.75);
#1432 = AXIS2_PLACEMENT_3D('',#1433,#1434,#1435);
#1433 = CARTESIAN_POINT('',(-4.327784574059,-5.359465065112,0.5));
#1434 = DIRECTION('',(0.,0.,-1.));
#1435 = DIRECTION('',(-1.,0.,0.));
#1436 = CYLINDRICAL_SURFACE('',#1437,0.75);
#1437 = AXIS2_PLACEMENT_3D('',#1438,#1439,#1440);
#1438 = CARTESIAN_POINT('',(-4.327784574059,-5.359465065112,0.5));
#1439 = DIRECTION('',(-0.,-0.,-1.));
#1440 = DIRECTION('',(-1.,0.,0.));
#1441 = ADVANCED_FACE('',(#1442),#1478,.F.);
#1442 = FACE_BOUND('',#1443,.F.);
#1443 = EDGE_LOOP('',(#1444,#1454,#1463,#1471));
#1444 = ORIENTED_EDGE('',*,*,#1445,.T.);
#1445 = EDGE_CURVE('',#1446,#1448,#1450,.T.);
#1446 = VERTEX_POINT('',#1447);
#1447 = CARTESIAN_POINT('',(3.577784574059,-5.359465065112,0.5));
#1448 = VERTEX_POINT('',#1449);
#1449 = CARTESIAN_POINT('',(3.577784574059,-5.359465065112,0.));
#1450 = LINE('',#1451,#1452);
#1451 = CARTESIAN_POINT('',(3.577784574059,-5.359465065112,0.5));
#1452 = VECTOR('',#1453,1.);
#1453 = DIRECTION('',(-0.,-0.,-1.));
#1454 = ORIENTED_EDGE('',*,*,#1455,.F.);
#1455 = EDGE_CURVE('',#1456,#1448,#1458,.T.);
#1456 = VERTEX_POINT('',#1457);
#1457 = CARTESIAN_POINT('',(5.077784574059,-5.359465065112,0.));
#1458 = CIRCLE('',#1459,0.75);
#1459 = AXIS2_PLACEMENT_3D('',#1460,#1461,#1462);
#1460 = CARTESIAN_POINT('',(4.327784574059,-5.359465065112,-0.));
#1461 = DIRECTION('',(0.,0.,-1.));
#1462 = DIRECTION('',(1.,0.,0.));
#1463 = ORIENTED_EDGE('',*,*,#1464,.F.);
#1464 = EDGE_CURVE('',#1465,#1456,#1467,.T.);
#1465 = VERTEX_POINT('',#1466);
#1466 = CARTESIAN_POINT('',(5.077784574059,-5.359465065112,0.5));
#1467 = LINE('',#1468,#1469);
#1468 = CARTESIAN_POINT('',(5.077784574059,-5.359465065112,0.5));
#1469 = VECTOR('',#1470,1.);
#1470 = DIRECTION('',(-0.,-0.,-1.));
#1471 = ORIENTED_EDGE('',*,*,#1472,.T.);
#1472 = EDGE_CURVE('',#1465,#1446,#1473,.T.);
#1473 = CIRCLE('',#1474,0.75);
#1474 = AXIS2_PLACEMENT_3D('',#1475,#1476,#1477);
#1475 = CARTESIAN_POINT('',(4.327784574059,-5.359465065112,0.5));
#1476 = DIRECTION('',(0.,0.,-1.));
#1477 = DIRECTION('',(1.,0.,0.));
#1478 = CYLINDRICAL_SURFACE('',#1479,0.75);
#1479 = AXIS2_PLACEMENT_3D('',#1480,#1481,#1482);
#1480 = CARTESIAN_POINT('',(4.327784574059,-5.359465065112,0.5));
#1481 = DIRECTION('',(-0.,-0.,-1.));
#1482 = DIRECTION('',(-1.,0.,0.));
#1483 = ADVANCED_FACE('',(#1484,#1611,#1733,#1831,#1957,#2023,#2073,
    #2171,#2233,#2299,#2488,#2586,#2648,#2714),#3008,.F.);
#1484 = FACE_BOUND('',#1485,.T.);
#1485 = EDGE_LOOP('',(#1486,#1496,#1504,#1513,#1522,#1530,#1539,#1548,
    #1556,#1564,#1572,#1580,#1588,#1596,#1605));
#1486 = ORIENTED_EDGE('',*,*,#1487,.F.);
#1487 = EDGE_CURVE('',#1488,#1490,#1492,.T.);
#1488 = VERTEX_POINT('',#1489);
#1489 = CARTESIAN_POINT('',(-3.670414176833,-7.5,0.899195218881));
#1490 = VERTEX_POINT('',#1491);
#1491 = CARTESIAN_POINT('',(-3.715310923658,-7.5,0.899195218881));
#1492 = LINE('',#1493,#1494);
#1493 = CARTESIAN_POINT('',(-3.715310923658,-7.5,0.899195218881));
#1494 = VECTOR('',#1495,1.);
#1495 = DIRECTION('',(-1.,-0.,-0.));
#1496 = ORIENTED_EDGE('',*,*,#1497,.F.);
#1497 = EDGE_CURVE('',#1498,#1488,#1500,.T.);
#1498 = VERTEX_POINT('',#1499);
#1499 = CARTESIAN_POINT('',(-3.782479285053,-7.5,0.614966994877));
#1500 = LINE('',#1501,#1502);
#1501 = CARTESIAN_POINT('',(-3.670414176833,-7.5,0.899195218881));
#1502 = VECTOR('',#1503,1.);
#1503 = DIRECTION('',(0.366797678951,-0.,0.930300737781));
#1504 = ORIENTED_EDGE('',*,*,#1505,.F.);
#1505 = EDGE_CURVE('',#1506,#1498,#1508,.T.);
#1506 = VERTEX_POINT('',#1507);
#1507 = CARTESIAN_POINT('',(-3.870593569671,-7.5,0.535955790815));
#1508 = B_SPLINE_CURVE_WITH_KNOTS('',3,(#1509,#1510,#1511,#1512),
  .UNSPECIFIED.,.F.,.F.,(4,4),(1.,2.),.PIECEWISE_BEZIER_KNOTS.);
#1509 = CARTESIAN_POINT('',(-3.870593569671,-7.5,0.535955790815));
#1510 = CARTESIAN_POINT('',(-3.832678797253,-7.5,0.535955790815));
#1511 = CARTESIAN_POINT('',(-3.803336828854,-7.5,0.562292858836));
#1512 = CARTESIAN_POINT('',(-3.782479285053,-7.5,0.614966994877));
#1513 = ORIENTED_EDGE('',*,*,#1514,.F.);
#1514 = EDGE_CURVE('',#1515,#1506,#1517,.T.);
#1515 = VERTEX_POINT('',#1516);
#1516 = CARTESIAN_POINT('',(-3.898521467303,-7.5,0.539490967731));
#1517 = B_SPLINE_CURVE_WITH_KNOTS('',3,(#1518,#1519,#1520,#1521),
  .UNSPECIFIED.,.F.,.F.,(4,4),(2.,3.),.PIECEWISE_BEZIER_KNOTS.);
#1518 = CARTESIAN_POINT('',(-3.898521467303,-7.5,0.539490967731));
#1519 = CARTESIAN_POINT('',(-3.890832457513,-7.5,0.537193102736));
#1520 = CARTESIAN_POINT('',(-3.881464238687,-7.5,0.535955790815));
#1521 = CARTESIAN_POINT('',(-3.870593569671,-7.5,0.535955790815));
#1522 = ORIENTED_EDGE('',*,*,#1523,.F.);
#1523 = EDGE_CURVE('',#1524,#1515,#1526,.T.);
#1524 = VERTEX_POINT('',#1525);
#1525 = CARTESIAN_POINT('',(-3.898521467303,-7.5,0.57802439611));
#1526 = LINE('',#1527,#1528);
#1527 = CARTESIAN_POINT('',(-3.898521467303,-7.5,0.539490967731));
#1528 = VECTOR('',#1529,1.);
#1529 = DIRECTION('',(-0.,-0.,-1.));
#1530 = ORIENTED_EDGE('',*,*,#1531,.F.);
#1531 = EDGE_CURVE('',#1532,#1524,#1534,.T.);
#1532 = VERTEX_POINT('',#1533);
#1533 = CARTESIAN_POINT('',(-3.873951987742,-7.5,0.573075148427));
#1534 = B_SPLINE_CURVE_WITH_KNOTS('',3,(#1535,#1536,#1537,#1538),
  .UNSPECIFIED.,.F.,.F.,(4,4),(4.,5.),.PIECEWISE_BEZIER_KNOTS.);
#1535 = CARTESIAN_POINT('',(-3.873951987742,-7.5,0.573075148427));
#1536 = CARTESIAN_POINT('',(-3.881906135801,-7.5,0.573075148427));
#1537 = CARTESIAN_POINT('',(-3.890037042706,-7.5,0.57466597804));
#1538 = CARTESIAN_POINT('',(-3.898521467303,-7.5,0.57802439611));
#1539 = ORIENTED_EDGE('',*,*,#1540,.F.);
#1540 = EDGE_CURVE('',#1541,#1532,#1543,.T.);
#1541 = VERTEX_POINT('',#1542);
#1542 = CARTESIAN_POINT('',(-3.829585517452,-7.5,0.607896641045));
#1543 = B_SPLINE_CURVE_WITH_KNOTS('',3,(#1544,#1545,#1546,#1547),
  .UNSPECIFIED.,.F.,.F.,(4,4),(5.,6.),.PIECEWISE_BEZIER_KNOTS.);
#1544 = CARTESIAN_POINT('',(-3.829585517452,-7.5,0.607896641045));
#1545 = CARTESIAN_POINT('',(-3.839395633392,-7.5,0.584564473404));
#1546 = CARTESIAN_POINT('',(-3.854154997014,-7.5,0.573075148427));
#1547 = CARTESIAN_POINT('',(-3.873951987742,-7.5,0.573075148427));
#1548 = ORIENTED_EDGE('',*,*,#1549,.F.);
#1549 = EDGE_CURVE('',#1550,#1541,#1552,.T.);
#1550 = VERTEX_POINT('',#1551);
#1551 = CARTESIAN_POINT('',(-3.810583941531,-7.5,0.652793387872));
#1552 = LINE('',#1553,#1554);
#1553 = CARTESIAN_POINT('',(-3.829585517452,-7.5,0.607896641045));
#1554 = VECTOR('',#1555,1.);
#1555 = DIRECTION('',(-0.389758265065,-0.,-0.920917203017));
#1556 = ORIENTED_EDGE('',*,*,#1557,.F.);
#1557 = EDGE_CURVE('',#1558,#1550,#1560,.T.);
#1558 = VERTEX_POINT('',#1559);
#1559 = CARTESIAN_POINT('',(-3.907447789015,-7.5,0.899195218881));
#1560 = LINE('',#1561,#1562);
#1561 = CARTESIAN_POINT('',(-3.810583941531,-7.5,0.652793387872));
#1562 = VECTOR('',#1563,1.);
#1563 = DIRECTION('',(0.365858921669,-0.,-0.930670322636));
#1564 = ORIENTED_EDGE('',*,*,#1565,.F.);
#1565 = EDGE_CURVE('',#1566,#1558,#1568,.T.);
#1566 = VERTEX_POINT('',#1567);
#1567 = CARTESIAN_POINT('',(-3.859015865273,-7.5,0.899195218881));
#1568 = LINE('',#1569,#1570);
#1569 = CARTESIAN_POINT('',(-3.907447789015,-7.5,0.899195218881));
#1570 = VECTOR('',#1571,1.);
#1571 = DIRECTION('',(-1.,-0.,-0.));
#1572 = ORIENTED_EDGE('',*,*,#1573,.F.);
#1573 = EDGE_CURVE('',#1574,#1566,#1576,.T.);
#1574 = VERTEX_POINT('',#1575);
#1575 = CARTESIAN_POINT('',(-3.794498886566,-7.5,0.713598430818));
#1576 = LINE('',#1577,#1578);
#1577 = CARTESIAN_POINT('',(-3.859015865273,-7.5,0.899195218881));
#1578 = VECTOR('',#1579,1.);
#1579 = DIRECTION('',(-0.328346164813,-0.,0.944557460429));
#1580 = ORIENTED_EDGE('',*,*,#1581,.F.);
#1581 = EDGE_CURVE('',#1582,#1574,#1584,.T.);
#1582 = VERTEX_POINT('',#1583);
#1583 = CARTESIAN_POINT('',(-3.789196121192,-7.5,0.693271163553));
#1584 = LINE('',#1585,#1586);
#1585 = CARTESIAN_POINT('',(-3.794498886566,-7.5,0.713598430818));
#1586 = VECTOR('',#1587,1.);
#1587 = DIRECTION('',(-0.252421897188,-0.,0.967617272386));
#1588 = ORIENTED_EDGE('',*,*,#1589,.F.);
#1589 = EDGE_CURVE('',#1590,#1582,#1592,.T.);
#1590 = VERTEX_POINT('',#1591);
#1591 = CARTESIAN_POINT('',(-3.788047188696,-7.5,0.693271163553));
#1592 = LINE('',#1593,#1594);
#1593 = CARTESIAN_POINT('',(-3.789196121192,-7.5,0.693271163553));
#1594 = VECTOR('',#1595,1.);
#1595 = DIRECTION('',(-1.,-0.,-0.));
#1596 = ORIENTED_EDGE('',*,*,#1597,.F.);
#1597 = EDGE_CURVE('',#1598,#1590,#1600,.T.);
#1598 = VERTEX_POINT('',#1599);
#1599 = CARTESIAN_POINT('',(-3.782744423321,-7.5,0.713244913126));
#1600 = B_SPLINE_CURVE_WITH_KNOTS('',3,(#1601,#1602,#1603,#1604),
  .UNSPECIFIED.,.F.,.F.,(4,4),(12.,13.),.PIECEWISE_BEZIER_KNOTS.);
#1601 = CARTESIAN_POINT('',(-3.782744423321,-7.5,0.713244913126));
#1602 = CARTESIAN_POINT('',(-3.785395806007,-7.5,0.704583729684));
#1603 = CARTESIAN_POINT('',(-3.787163394468,-7.5,0.697866893545));
#1604 = CARTESIAN_POINT('',(-3.788047188696,-7.5,0.693271163553));
#1605 = ORIENTED_EDGE('',*,*,#1606,.F.);
#1606 = EDGE_CURVE('',#1490,#1598,#1607,.T.);
#1607 = LINE('',#1608,#1609);
#1608 = CARTESIAN_POINT('',(-3.782744423321,-7.5,0.713244913126));
#1609 = VECTOR('',#1610,1.);
#1610 = DIRECTION('',(-0.340917796219,-0.,-0.9400931104));
#1611 = FACE_BOUND('',#1612,.T.);
#1612 = EDGE_LOOP('',(#1613,#1624,#1633,#1641,#1649,#1657,#1665,#1674,
    #1683,#1692,#1701,#1709,#1718,#1727));
#1613 = ORIENTED_EDGE('',*,*,#1614,.F.);
#1614 = EDGE_CURVE('',#1615,#1617,#1619,.T.);
#1615 = VERTEX_POINT('',#1616);
#1616 = CARTESIAN_POINT('',(-4.244703666752,-7.5,0.904851501946));
#1617 = VERTEX_POINT('',#1618);
#1618 = CARTESIAN_POINT('',(-4.32972467157,-7.5,0.881872851996));
#1619 = B_SPLINE_CURVE_WITH_KNOTS('',3,(#1620,#1621,#1622,#1623),
  .UNSPECIFIED.,.F.,.F.,(4,4),(0.,1.),.PIECEWISE_BEZIER_KNOTS.);
#1620 = CARTESIAN_POINT('',(-4.244703666752,-7.5,0.904851501946));
#1621 = CARTESIAN_POINT('',(-4.276873776682,-7.5,0.904851501946));
#1622 = CARTESIAN_POINT('',(-4.30524357143,-7.5,0.897250871577));
#1623 = CARTESIAN_POINT('',(-4.32972467157,-7.5,0.881872851996));
#1624 = ORIENTED_EDGE('',*,*,#1625,.F.);
#1625 = EDGE_CURVE('',#1626,#1615,#1628,.T.);
#1626 = VERTEX_POINT('',#1627);
#1627 = CARTESIAN_POINT('',(-4.155440449636,-7.5,0.811169313684));
#1628 = B_SPLINE_CURVE_WITH_KNOTS('',3,(#1629,#1630,#1631,#1632),
  .UNSPECIFIED.,.F.,.F.,(4,4),(1.,2.),.PIECEWISE_BEZIER_KNOTS.);
#1629 = CARTESIAN_POINT('',(-4.155440449636,-7.5,0.811169313684));
#1630 = CARTESIAN_POINT('',(-4.155440449636,-7.5,0.87374194509));
#1631 = CARTESIAN_POINT('',(-4.185224315149,-7.5,0.904851501946));
#1632 = CARTESIAN_POINT('',(-4.244703666752,-7.5,0.904851501946));
#1633 = ORIENTED_EDGE('',*,*,#1634,.F.);
#1634 = EDGE_CURVE('',#1635,#1626,#1637,.T.);
#1635 = VERTEX_POINT('',#1636);
#1636 = CARTESIAN_POINT('',(-4.155440449636,-7.5,0.652263111336));
#1637 = LINE('',#1638,#1639);
#1638 = CARTESIAN_POINT('',(-4.155440449636,-7.5,0.811169313684));
#1639 = VECTOR('',#1640,1.);
#1640 = DIRECTION('',(-0.,-0.,1.));
#1641 = ORIENTED_EDGE('',*,*,#1642,.F.);
#1642 = EDGE_CURVE('',#1643,#1635,#1645,.T.);
#1643 = VERTEX_POINT('',#1644);
#1644 = CARTESIAN_POINT('',(-4.198746366851,-7.5,0.652263111336));
#1645 = LINE('',#1646,#1647);
#1646 = CARTESIAN_POINT('',(-4.155440449636,-7.5,0.652263111336));
#1647 = VECTOR('',#1648,1.);
#1648 = DIRECTION('',(1.,-0.,-0.));
#1649 = ORIENTED_EDGE('',*,*,#1650,.F.);
#1650 = EDGE_CURVE('',#1651,#1643,#1653,.T.);
#1651 = VERTEX_POINT('',#1652);
#1652 = CARTESIAN_POINT('',(-4.198746366851,-7.5,0.690443022022));
#1653 = LINE('',#1654,#1655);
#1654 = CARTESIAN_POINT('',(-4.198746366851,-7.5,0.652263111336));
#1655 = VECTOR('',#1656,1.);
#1656 = DIRECTION('',(-0.,-0.,-1.));
#1657 = ORIENTED_EDGE('',*,*,#1658,.F.);
#1658 = EDGE_CURVE('',#1659,#1651,#1661,.T.);
#1659 = VERTEX_POINT('',#1660);
#1660 = CARTESIAN_POINT('',(-4.199895299348,-7.5,0.690443022022));
#1661 = LINE('',#1662,#1663);
#1662 = CARTESIAN_POINT('',(-4.198746366851,-7.5,0.690443022022));
#1663 = VECTOR('',#1664,1.);
#1664 = DIRECTION('',(1.,-0.,-0.));
#1665 = ORIENTED_EDGE('',*,*,#1666,.F.);
#1666 = EDGE_CURVE('',#1667,#1659,#1669,.T.);
#1667 = VERTEX_POINT('',#1668);
#1668 = CARTESIAN_POINT('',(-4.275548085339,-7.5,0.646430069425));
#1669 = B_SPLINE_CURVE_WITH_KNOTS('',3,(#1670,#1671,#1672,#1673),
  .UNSPECIFIED.,.F.,.F.,(4,4),(6.,7.),.PIECEWISE_BEZIER_KNOTS.);
#1670 = CARTESIAN_POINT('',(-4.275548085339,-7.5,0.646430069425));
#1671 = CARTESIAN_POINT('',(-4.242229042911,-7.5,0.646430069425));
#1672 = CARTESIAN_POINT('',(-4.216952527965,-7.5,0.661101053624));
#1673 = CARTESIAN_POINT('',(-4.199895299348,-7.5,0.690443022022));
#1674 = ORIENTED_EDGE('',*,*,#1675,.F.);
#1675 = EDGE_CURVE('',#1676,#1667,#1678,.T.);
#1676 = VERTEX_POINT('',#1677);
#1677 = CARTESIAN_POINT('',(-4.332641192524,-7.5,0.665873542459));
#1678 = B_SPLINE_CURVE_WITH_KNOTS('',3,(#1679,#1680,#1681,#1682),
  .UNSPECIFIED.,.F.,.F.,(4,4),(7.,8.),.PIECEWISE_BEZIER_KNOTS.);
#1679 = CARTESIAN_POINT('',(-4.332641192524,-7.5,0.665873542459));
#1680 = CARTESIAN_POINT('',(-4.318500484863,-7.5,0.652970146718));
#1681 = CARTESIAN_POINT('',(-4.299498908941,-7.5,0.646430069425));
#1682 = CARTESIAN_POINT('',(-4.275548085339,-7.5,0.646430069425));
#1683 = ORIENTED_EDGE('',*,*,#1684,.F.);
#1684 = EDGE_CURVE('',#1685,#1676,#1687,.T.);
#1685 = VERTEX_POINT('',#1686);
#1686 = CARTESIAN_POINT('',(-4.353852254017,-7.5,0.718370919655));
#1687 = B_SPLINE_CURVE_WITH_KNOTS('',3,(#1688,#1689,#1690,#1691),
  .UNSPECIFIED.,.F.,.F.,(4,4),(8.,9.),.PIECEWISE_BEZIER_KNOTS.);
#1688 = CARTESIAN_POINT('',(-4.353852254017,-7.5,0.718370919655));
#1689 = CARTESIAN_POINT('',(-4.353852254017,-7.5,0.696276063933));
#1690 = CARTESIAN_POINT('',(-4.346781900186,-7.5,0.6787769382));
#1691 = CARTESIAN_POINT('',(-4.332641192524,-7.5,0.665873542459));
#1692 = ORIENTED_EDGE('',*,*,#1693,.F.);
#1693 = EDGE_CURVE('',#1694,#1685,#1696,.T.);
#1694 = VERTEX_POINT('',#1695);
#1695 = CARTESIAN_POINT('',(-4.271924529002,-7.5,0.798972953328));
#1696 = B_SPLINE_CURVE_WITH_KNOTS('',3,(#1697,#1698,#1699,#1700),
  .UNSPECIFIED.,.F.,.F.,(4,4),(9.,10.),.PIECEWISE_BEZIER_KNOTS.);
#1697 = CARTESIAN_POINT('',(-4.271924529002,-7.5,0.798972953328));
#1698 = CARTESIAN_POINT('',(-4.326543012345,-7.5,0.791372322959));
#1699 = CARTESIAN_POINT('',(-4.353852254017,-7.5,0.764504978401));
#1700 = CARTESIAN_POINT('',(-4.353852254017,-7.5,0.718370919655));
#1701 = ORIENTED_EDGE('',*,*,#1702,.F.);
#1702 = EDGE_CURVE('',#1703,#1694,#1705,.T.);
#1703 = VERTEX_POINT('',#1704);
#1704 = CARTESIAN_POINT('',(-4.198746366851,-7.5,0.809224966383));
#1705 = LINE('',#1706,#1707);
#1706 = CARTESIAN_POINT('',(-4.271924529002,-7.5,0.798972953328));
#1707 = VECTOR('',#1708,1.);
#1708 = DIRECTION('',(-0.990328603988,-0.,-0.138741688482));
#1709 = ORIENTED_EDGE('',*,*,#1710,.F.);
#1710 = EDGE_CURVE('',#1711,#1703,#1713,.T.);
#1711 = VERTEX_POINT('',#1712);
#1712 = CARTESIAN_POINT('',(-4.248769120204,-7.5,0.869676491637));
#1713 = B_SPLINE_CURVE_WITH_KNOTS('',3,(#1714,#1715,#1716,#1717),
  .UNSPECIFIED.,.F.,.F.,(4,4),(11.,12.),.PIECEWISE_BEZIER_KNOTS.);
#1714 = CARTESIAN_POINT('',(-4.248769120204,-7.5,0.869676491637));
#1715 = CARTESIAN_POINT('',(-4.215450077776,-7.5,0.869676491637));
#1716 = CARTESIAN_POINT('',(-4.198746366851,-7.5,0.849525983218));
#1717 = CARTESIAN_POINT('',(-4.198746366851,-7.5,0.809224966383));
#1718 = ORIENTED_EDGE('',*,*,#1719,.F.);
#1719 = EDGE_CURVE('',#1720,#1711,#1722,.T.);
#1720 = VERTEX_POINT('',#1721);
#1721 = CARTESIAN_POINT('',(-4.32972467157,-7.5,0.8398042467));
#1722 = B_SPLINE_CURVE_WITH_KNOTS('',3,(#1723,#1724,#1725,#1726),
  .UNSPECIFIED.,.F.,.F.,(4,4),(12.,13.),.PIECEWISE_BEZIER_KNOTS.);
#1723 = CARTESIAN_POINT('',(-4.32972467157,-7.5,0.8398042467));
#1724 = CARTESIAN_POINT('',(-4.305331950852,-7.5,0.859601237428));
#1725 = CARTESIAN_POINT('',(-4.278376226872,-7.5,0.869676491637));
#1726 = CARTESIAN_POINT('',(-4.248769120204,-7.5,0.869676491637));
#1727 = ORIENTED_EDGE('',*,*,#1728,.F.);
#1728 = EDGE_CURVE('',#1617,#1720,#1729,.T.);
#1729 = LINE('',#1730,#1731);
#1730 = CARTESIAN_POINT('',(-4.32972467157,-7.5,0.8398042467));
#1731 = VECTOR('',#1732,1.);
#1732 = DIRECTION('',(-0.,-0.,-1.));
#1733 = FACE_BOUND('',#1734,.T.);
#1734 = EDGE_LOOP('',(#1735,#1745,#1753,#1761,#1769,#1777,#1785,#1793,
    #1801,#1809,#1817,#1825));
#1735 = ORIENTED_EDGE('',*,*,#1736,.F.);
#1736 = EDGE_CURVE('',#1737,#1739,#1741,.T.);
#1737 = VERTEX_POINT('',#1738);
#1738 = CARTESIAN_POINT('',(-4.395302203351,-7.5,0.652263111336));
#1739 = VERTEX_POINT('',#1740);
#1740 = CARTESIAN_POINT('',(-4.395302203351,-7.5,0.691680333943));
#1741 = LINE('',#1742,#1743);
#1742 = CARTESIAN_POINT('',(-4.395302203351,-7.5,0.691680333943));
#1743 = VECTOR('',#1744,1.);
#1744 = DIRECTION('',(-0.,-0.,1.));
#1745 = ORIENTED_EDGE('',*,*,#1746,.F.);
#1746 = EDGE_CURVE('',#1747,#1737,#1749,.T.);
#1747 = VERTEX_POINT('',#1748);
#1748 = CARTESIAN_POINT('',(-4.581252509106,-7.5,0.652263111336));
#1749 = LINE('',#1750,#1751);
#1750 = CARTESIAN_POINT('',(-4.395302203351,-7.5,0.652263111336));
#1751 = VECTOR('',#1752,1.);
#1752 = DIRECTION('',(1.,-0.,-0.));
#1753 = ORIENTED_EDGE('',*,*,#1754,.F.);
#1754 = EDGE_CURVE('',#1755,#1747,#1757,.T.);
#1755 = VERTEX_POINT('',#1756);
#1756 = CARTESIAN_POINT('',(-4.581252509106,-7.5,0.998003413669));
#1757 = LINE('',#1758,#1759);
#1758 = CARTESIAN_POINT('',(-4.581252509106,-7.5,0.652263111336));
#1759 = VECTOR('',#1760,1.);
#1760 = DIRECTION('',(-0.,-0.,-1.));
#1761 = ORIENTED_EDGE('',*,*,#1762,.F.);
#1762 = EDGE_CURVE('',#1763,#1755,#1765,.T.);
#1763 = VERTEX_POINT('',#1764);
#1764 = CARTESIAN_POINT('',(-4.403167971989,-7.5,0.998003413669));
#1765 = LINE('',#1766,#1767);
#1766 = CARTESIAN_POINT('',(-4.581252509106,-7.5,0.998003413669));
#1767 = VECTOR('',#1768,1.);
#1768 = DIRECTION('',(-1.,-0.,-0.));
#1769 = ORIENTED_EDGE('',*,*,#1770,.F.);
#1770 = EDGE_CURVE('',#1771,#1763,#1773,.T.);
#1771 = VERTEX_POINT('',#1772);
#1772 = CARTESIAN_POINT('',(-4.403167971989,-7.5,0.95823267337));
#1773 = LINE('',#1774,#1775);
#1774 = CARTESIAN_POINT('',(-4.403167971989,-7.5,0.998003413669));
#1775 = VECTOR('',#1776,1.);
#1776 = DIRECTION('',(-0.,-0.,1.));
#1777 = ORIENTED_EDGE('',*,*,#1778,.F.);
#1778 = EDGE_CURVE('',#1779,#1771,#1781,.T.);
#1779 = VERTEX_POINT('',#1780);
#1780 = CARTESIAN_POINT('',(-4.536620900548,-7.5,0.95823267337));
#1781 = LINE('',#1782,#1783);
#1782 = CARTESIAN_POINT('',(-4.403167971989,-7.5,0.95823267337));
#1783 = VECTOR('',#1784,1.);
#1784 = DIRECTION('',(1.,-0.,-0.));
#1785 = ORIENTED_EDGE('',*,*,#1786,.F.);
#1786 = EDGE_CURVE('',#1787,#1779,#1789,.T.);
#1787 = VERTEX_POINT('',#1788);
#1788 = CARTESIAN_POINT('',(-4.536620900548,-7.5,0.847581635915));
#1789 = LINE('',#1790,#1791);
#1790 = CARTESIAN_POINT('',(-4.536620900548,-7.5,0.95823267337));
#1791 = VECTOR('',#1792,1.);
#1792 = DIRECTION('',(-0.,-0.,1.));
#1793 = ORIENTED_EDGE('',*,*,#1794,.F.);
#1794 = EDGE_CURVE('',#1795,#1787,#1797,.T.);
#1795 = VERTEX_POINT('',#1796);
#1796 = CARTESIAN_POINT('',(-4.412978087929,-7.5,0.847581635915));
#1797 = LINE('',#1798,#1799);
#1798 = CARTESIAN_POINT('',(-4.536620900548,-7.5,0.847581635915));
#1799 = VECTOR('',#1800,1.);
#1800 = DIRECTION('',(-1.,-0.,-0.));
#1801 = ORIENTED_EDGE('',*,*,#1802,.F.);
#1802 = EDGE_CURVE('',#1803,#1795,#1805,.T.);
#1803 = VERTEX_POINT('',#1804);
#1804 = CARTESIAN_POINT('',(-4.412978087929,-7.5,0.807987654462));
#1805 = LINE('',#1806,#1807);
#1806 = CARTESIAN_POINT('',(-4.412978087929,-7.5,0.847581635915));
#1807 = VECTOR('',#1808,1.);
#1808 = DIRECTION('',(-0.,-0.,1.));
#1809 = ORIENTED_EDGE('',*,*,#1810,.F.);
#1810 = EDGE_CURVE('',#1811,#1803,#1813,.T.);
#1811 = VERTEX_POINT('',#1812);
#1812 = CARTESIAN_POINT('',(-4.536620900548,-7.5,0.807987654462));
#1813 = LINE('',#1814,#1815);
#1814 = CARTESIAN_POINT('',(-4.412978087929,-7.5,0.807987654462));
#1815 = VECTOR('',#1816,1.);
#1816 = DIRECTION('',(1.,-0.,-0.));
#1817 = ORIENTED_EDGE('',*,*,#1818,.F.);
#1818 = EDGE_CURVE('',#1819,#1811,#1821,.T.);
#1819 = VERTEX_POINT('',#1820);
#1820 = CARTESIAN_POINT('',(-4.536620900548,-7.5,0.691680333943));
#1821 = LINE('',#1822,#1823);
#1822 = CARTESIAN_POINT('',(-4.536620900548,-7.5,0.807987654462));
#1823 = VECTOR('',#1824,1.);
#1824 = DIRECTION('',(-0.,-0.,1.));
#1825 = ORIENTED_EDGE('',*,*,#1826,.F.);
#1826 = EDGE_CURVE('',#1739,#1819,#1827,.T.);
#1827 = LINE('',#1828,#1829);
#1828 = CARTESIAN_POINT('',(-4.536620900548,-7.5,0.691680333943));
#1829 = VECTOR('',#1830,1.);
#1830 = DIRECTION('',(-1.,-0.,-0.));
#1831 = FACE_BOUND('',#1832,.T.);
#1832 = EDGE_LOOP('',(#1833,#1844,#1853,#1862,#1871,#1880,#1889,#1897,
    #1906,#1915,#1924,#1933,#1942,#1951));
#1833 = ORIENTED_EDGE('',*,*,#1834,.F.);
#1834 = EDGE_CURVE('',#1835,#1837,#1839,.T.);
#1835 = VERTEX_POINT('',#1836);
#1836 = CARTESIAN_POINT('',(-4.221636637378,-7.5,1.19491276786));
#1837 = VERTEX_POINT('',#1838);
#1838 = CARTESIAN_POINT('',(-4.125921722391,-7.5,1.215063276279));
#1839 = B_SPLINE_CURVE_WITH_KNOTS('',3,(#1840,#1841,#1842,#1843),
  .UNSPECIFIED.,.F.,.F.,(4,4),(0.,1.),.PIECEWISE_BEZIER_KNOTS.);
#1840 = CARTESIAN_POINT('',(-4.221636637378,-7.5,1.19491276786));
#1841 = CARTESIAN_POINT('',(-4.183279967846,-7.5,1.19491276786));
#1842 = CARTESIAN_POINT('',(-4.151374996183,-7.5,1.201629603999));
#1843 = CARTESIAN_POINT('',(-4.125921722391,-7.5,1.215063276279));
#1844 = ORIENTED_EDGE('',*,*,#1845,.F.);
#1845 = EDGE_CURVE('',#1846,#1835,#1848,.T.);
#1846 = VERTEX_POINT('',#1847);
#1847 = CARTESIAN_POINT('',(-4.340418581739,-7.5,1.242107379683));
#1848 = B_SPLINE_CURVE_WITH_KNOTS('',3,(#1849,#1850,#1851,#1852),
  .UNSPECIFIED.,.F.,.F.,(4,4),(1.,2.),.PIECEWISE_BEZIER_KNOTS.);
#1849 = CARTESIAN_POINT('',(-4.340418581739,-7.5,1.242107379683));
#1850 = CARTESIAN_POINT('',(-4.310811475071,-7.5,1.210644305135));
#1851 = CARTESIAN_POINT('',(-4.271217493618,-7.5,1.19491276786));
#1852 = CARTESIAN_POINT('',(-4.221636637378,-7.5,1.19491276786));
#1853 = ORIENTED_EDGE('',*,*,#1854,.F.);
#1854 = EDGE_CURVE('',#1855,#1846,#1857,.T.);
#1855 = VERTEX_POINT('',#1856);
#1856 = CARTESIAN_POINT('',(-4.384785052028,-7.5,1.367075883644));
#1857 = B_SPLINE_CURVE_WITH_KNOTS('',3,(#1858,#1859,#1860,#1861),
  .UNSPECIFIED.,.F.,.F.,(4,4),(2.,3.),.PIECEWISE_BEZIER_KNOTS.);
#1858 = CARTESIAN_POINT('',(-4.384785052028,-7.5,1.367075883644));
#1859 = CARTESIAN_POINT('',(-4.384785052028,-7.5,1.315285541832));
#1860 = CARTESIAN_POINT('',(-4.370025688406,-7.5,1.27357045423));
#1861 = CARTESIAN_POINT('',(-4.340418581739,-7.5,1.242107379683));
#1862 = ORIENTED_EDGE('',*,*,#1863,.F.);
#1863 = EDGE_CURVE('',#1864,#1855,#1866,.T.);
#1864 = VERTEX_POINT('',#1865);
#1865 = CARTESIAN_POINT('',(-4.334850678097,-7.5,1.501412606432));
#1866 = B_SPLINE_CURVE_WITH_KNOTS('',3,(#1867,#1868,#1869,#1870),
  .UNSPECIFIED.,.F.,.F.,(4,4),(3.,4.),.PIECEWISE_BEZIER_KNOTS.);
#1867 = CARTESIAN_POINT('',(-4.334850678097,-7.5,1.501412606432));
#1868 = CARTESIAN_POINT('',(-4.368169720525,-7.5,1.467474908044));
#1869 = CARTESIAN_POINT('',(-4.384785052028,-7.5,1.422754920063));
#1870 = CARTESIAN_POINT('',(-4.384785052028,-7.5,1.367075883644));
#1871 = ORIENTED_EDGE('',*,*,#1872,.F.);
#1872 = EDGE_CURVE('',#1873,#1864,#1875,.T.);
#1873 = VERTEX_POINT('',#1874);
#1874 = CARTESIAN_POINT('',(-4.207849447408,-7.5,1.552319154016));
#1875 = B_SPLINE_CURVE_WITH_KNOTS('',3,(#1876,#1877,#1878,#1879),
  .UNSPECIFIED.,.F.,.F.,(4,4),(4.,5.),.PIECEWISE_BEZIER_KNOTS.);
#1876 = CARTESIAN_POINT('',(-4.207849447408,-7.5,1.552319154016));
#1877 = CARTESIAN_POINT('',(-4.259197892105,-7.5,1.552319154016));
#1878 = CARTESIAN_POINT('',(-4.301531635668,-7.5,1.535350304822));
#1879 = CARTESIAN_POINT('',(-4.334850678097,-7.5,1.501412606432));
#1880 = ORIENTED_EDGE('',*,*,#1881,.F.);
#1881 = EDGE_CURVE('',#1882,#1873,#1884,.T.);
#1882 = VERTEX_POINT('',#1883);
#1883 = CARTESIAN_POINT('',(-4.125921722391,-7.5,1.538178446353));
#1884 = B_SPLINE_CURVE_WITH_KNOTS('',3,(#1885,#1886,#1887,#1888),
  .UNSPECIFIED.,.F.,.F.,(4,4),(5.,6.),.PIECEWISE_BEZIER_KNOTS.);
#1885 = CARTESIAN_POINT('',(-4.125921722391,-7.5,1.538178446353));
#1886 = CARTESIAN_POINT('',(-4.147486301576,-7.5,1.54754666518));
#1887 = CARTESIAN_POINT('',(-4.174795543249,-7.5,1.552319154016));
#1888 = CARTESIAN_POINT('',(-4.207849447408,-7.5,1.552319154016));
#1889 = ORIENTED_EDGE('',*,*,#1890,.F.);
#1890 = EDGE_CURVE('',#1891,#1882,#1893,.T.);
#1891 = VERTEX_POINT('',#1892);
#1892 = CARTESIAN_POINT('',(-4.125921722391,-7.5,1.49151411107));
#1893 = LINE('',#1894,#1895);
#1894 = CARTESIAN_POINT('',(-4.125921722391,-7.5,1.538178446353));
#1895 = VECTOR('',#1896,1.);
#1896 = DIRECTION('',(-0.,-0.,1.));
#1897 = ORIENTED_EDGE('',*,*,#1898,.F.);
#1898 = EDGE_CURVE('',#1899,#1891,#1901,.T.);
#1899 = VERTEX_POINT('',#1900);
#1900 = CARTESIAN_POINT('',(-4.207407550293,-7.5,1.512018137178));
#1901 = B_SPLINE_CURVE_WITH_KNOTS('',3,(#1902,#1903,#1904,#1905),
  .UNSPECIFIED.,.F.,.F.,(4,4),(7.,8.),.PIECEWISE_BEZIER_KNOTS.);
#1902 = CARTESIAN_POINT('',(-4.207407550293,-7.5,1.512018137178));
#1903 = CARTESIAN_POINT('',(-4.177800443627,-7.5,1.512018137178));
#1904 = CARTESIAN_POINT('',(-4.1506679608,-7.5,1.505301301039));
#1905 = CARTESIAN_POINT('',(-4.125921722391,-7.5,1.49151411107));
#1906 = ORIENTED_EDGE('',*,*,#1907,.F.);
#1907 = EDGE_CURVE('',#1908,#1899,#1910,.T.);
#1908 = VERTEX_POINT('',#1909);
#1909 = CARTESIAN_POINT('',(-4.301620015091,-7.5,1.473661467646));
#1910 = B_SPLINE_CURVE_WITH_KNOTS('',3,(#1911,#1912,#1913,#1914),
  .UNSPECIFIED.,.F.,.F.,(4,4),(8.,9.),.PIECEWISE_BEZIER_KNOTS.);
#1911 = CARTESIAN_POINT('',(-4.301620015091,-7.5,1.473661467646));
#1912 = CARTESIAN_POINT('',(-4.277315673797,-7.5,1.499291500283));
#1913 = CARTESIAN_POINT('',(-4.245940978672,-7.5,1.512018137178));
#1914 = CARTESIAN_POINT('',(-4.207407550293,-7.5,1.512018137178));
#1915 = ORIENTED_EDGE('',*,*,#1916,.F.);
#1916 = EDGE_CURVE('',#1917,#1908,#1919,.T.);
#1917 = VERTEX_POINT('',#1918);
#1918 = CARTESIAN_POINT('',(-4.337943957897,-7.5,1.369727266332));
#1919 = B_SPLINE_CURVE_WITH_KNOTS('',3,(#1920,#1921,#1922,#1923),
  .UNSPECIFIED.,.F.,.F.,(4,4),(9.,10.),.PIECEWISE_BEZIER_KNOTS.);
#1920 = CARTESIAN_POINT('',(-4.337943957897,-7.5,1.369727266332));
#1921 = CARTESIAN_POINT('',(-4.337943957897,-7.5,1.413209942392));
#1922 = CARTESIAN_POINT('',(-4.325835976962,-7.5,1.447854676162));
#1923 = CARTESIAN_POINT('',(-4.301620015091,-7.5,1.473661467646));
#1924 = ORIENTED_EDGE('',*,*,#1925,.F.);
#1925 = EDGE_CURVE('',#1926,#1917,#1928,.T.);
#1926 = VERTEX_POINT('',#1927);
#1927 = CARTESIAN_POINT('',(-4.304006259509,-7.5,1.271095830389));
#1928 = B_SPLINE_CURVE_WITH_KNOTS('',3,(#1929,#1930,#1931,#1932),
  .UNSPECIFIED.,.F.,.F.,(4,4),(10.,11.),.PIECEWISE_BEZIER_KNOTS.);
#1929 = CARTESIAN_POINT('',(-4.304006259509,-7.5,1.271095830389));
#1930 = CARTESIAN_POINT('',(-4.326631391769,-7.5,1.295488551107));
#1931 = CARTESIAN_POINT('',(-4.337943957897,-7.5,1.328365696421));
#1932 = CARTESIAN_POINT('',(-4.337943957897,-7.5,1.369727266332));
#1933 = ORIENTED_EDGE('',*,*,#1934,.F.);
#1934 = EDGE_CURVE('',#1935,#1926,#1937,.T.);
#1935 = VERTEX_POINT('',#1936);
#1936 = CARTESIAN_POINT('',(-4.215184939508,-7.5,1.234683508159));
#1937 = B_SPLINE_CURVE_WITH_KNOTS('',3,(#1938,#1939,#1940,#1941),
  .UNSPECIFIED.,.F.,.F.,(4,4),(11.,12.),.PIECEWISE_BEZIER_KNOTS.);
#1938 = CARTESIAN_POINT('',(-4.215184939508,-7.5,1.234683508159));
#1939 = CARTESIAN_POINT('',(-4.251774020583,-7.5,1.234683508159));
#1940 = CARTESIAN_POINT('',(-4.28138112725,-7.5,1.246879868518));
#1941 = CARTESIAN_POINT('',(-4.304006259509,-7.5,1.271095830389));
#1942 = ORIENTED_EDGE('',*,*,#1943,.F.);
#1943 = EDGE_CURVE('',#1944,#1935,#1946,.T.);
#1944 = VERTEX_POINT('',#1945);
#1945 = CARTESIAN_POINT('',(-4.125921722391,-7.5,1.257838916957));
#1946 = B_SPLINE_CURVE_WITH_KNOTS('',3,(#1947,#1948,#1949,#1950),
  .UNSPECIFIED.,.F.,.F.,(4,4),(12.,13.),.PIECEWISE_BEZIER_KNOTS.);
#1947 = CARTESIAN_POINT('',(-4.125921722391,-7.5,1.257838916957));
#1948 = CARTESIAN_POINT('',(-4.151198237338,-7.5,1.242460897374));
#1949 = CARTESIAN_POINT('',(-4.180982102851,-7.5,1.234683508159));
#1950 = CARTESIAN_POINT('',(-4.215184939508,-7.5,1.234683508159));
#1951 = ORIENTED_EDGE('',*,*,#1952,.F.);
#1952 = EDGE_CURVE('',#1837,#1944,#1953,.T.);
#1953 = LINE('',#1954,#1955);
#1954 = CARTESIAN_POINT('',(-4.125921722391,-7.5,1.257838916957));
#1955 = VECTOR('',#1956,1.);
#1956 = DIRECTION('',(-0.,-0.,1.));
#1957 = FACE_BOUND('',#1958,.T.);
#1958 = EDGE_LOOP('',(#1959,#1969,#1977,#1985,#1993,#2001,#2009,#2017));
#1959 = ORIENTED_EDGE('',*,*,#1960,.T.);
#1960 = EDGE_CURVE('',#1961,#1963,#1965,.T.);
#1961 = VERTEX_POINT('',#1962);
#1962 = CARTESIAN_POINT('',(-7.,-7.5,0.));
#1963 = VERTEX_POINT('',#1964);
#1964 = CARTESIAN_POINT('',(-0.5,-7.5,0.));
#1965 = LINE('',#1966,#1967);
#1966 = CARTESIAN_POINT('',(-7.5,-7.5,0.));
#1967 = VECTOR('',#1968,1.);
#1968 = DIRECTION('',(1.,0.,0.));
#1969 = ORIENTED_EDGE('',*,*,#1970,.T.);
#1970 = EDGE_CURVE('',#1963,#1971,#1973,.T.);
#1971 = VERTEX_POINT('',#1972);
#1972 = CARTESIAN_POINT('',(-0.5,-7.5,1.));
#1973 = LINE('',#1974,#1975);
#1974 = CARTESIAN_POINT('',(-0.5,-7.5,4.));
#1975 = VECTOR('',#1976,1.);
#1976 = DIRECTION('',(0.,-0.,1.));
#1977 = ORIENTED_EDGE('',*,*,#1978,.F.);
#1978 = EDGE_CURVE('',#1979,#1971,#1981,.T.);
#1979 = VERTEX_POINT('',#1980);
#1980 = CARTESIAN_POINT('',(0.5,-7.5,1.));
#1981 = LINE('',#1982,#1983);
#1982 = CARTESIAN_POINT('',(-7.5,-7.5,1.));
#1983 = VECTOR('',#1984,1.);
#1984 = DIRECTION('',(-1.,0.,0.));
#1985 = ORIENTED_EDGE('',*,*,#1986,.T.);
#1986 = EDGE_CURVE('',#1979,#1987,#1989,.T.);
#1987 = VERTEX_POINT('',#1988);
#1988 = CARTESIAN_POINT('',(0.5,-7.5,0.));
#1989 = LINE('',#1990,#1991);
#1990 = CARTESIAN_POINT('',(0.5,-7.5,4.));
#1991 = VECTOR('',#1992,1.);
#1992 = DIRECTION('',(0.,0.,-1.));
#1993 = ORIENTED_EDGE('',*,*,#1994,.T.);
#1994 = EDGE_CURVE('',#1987,#1995,#1997,.T.);
#1995 = VERTEX_POINT('',#1996);
#1996 = CARTESIAN_POINT('',(7.,-7.5,0.));
#1997 = LINE('',#1998,#1999);
#1998 = CARTESIAN_POINT('',(-7.5,-7.5,0.));
#1999 = VECTOR('',#2000,1.);
#2000 = DIRECTION('',(1.,0.,0.));
#2001 = ORIENTED_EDGE('',*,*,#2002,.T.);
#2002 = EDGE_CURVE('',#1995,#2003,#2005,.T.);
#2003 = VERTEX_POINT('',#2004);
#2004 = CARTESIAN_POINT('',(7.,-7.5,3.64));
#2005 = LINE('',#2006,#2007);
#2006 = CARTESIAN_POINT('',(7.,-7.5,0.));
#2007 = VECTOR('',#2008,1.);
#2008 = DIRECTION('',(-0.,-0.,1.));
#2009 = ORIENTED_EDGE('',*,*,#2010,.F.);
#2010 = EDGE_CURVE('',#2011,#2003,#2013,.T.);
#2011 = VERTEX_POINT('',#2012);
#2012 = CARTESIAN_POINT('',(-7.,-7.5,3.64));
#2013 = LINE('',#2014,#2015);
#2014 = CARTESIAN_POINT('',(-7.,-7.5,3.64));
#2015 = VECTOR('',#2016,1.);
#2016 = DIRECTION('',(1.,1.239088197126E-16,0.));
#2017 = ORIENTED_EDGE('',*,*,#2018,.F.);
#2018 = EDGE_CURVE('',#1961,#2011,#2019,.T.);
#2019 = LINE('',#2020,#2021);
#2020 = CARTESIAN_POINT('',(-7.,-7.5,0.));
#2021 = VECTOR('',#2022,1.);
#2022 = DIRECTION('',(-0.,-0.,1.));
#2023 = FACE_BOUND('',#2024,.T.);
#2024 = EDGE_LOOP('',(#2025,#2035,#2043,#2051,#2059,#2067));
#2025 = ORIENTED_EDGE('',*,*,#2026,.F.);
#2026 = EDGE_CURVE('',#2027,#2029,#2031,.T.);
#2027 = VERTEX_POINT('',#2028);
#2028 = CARTESIAN_POINT('',(-4.398925759689,-7.5,1.200745809771));
#2029 = VERTEX_POINT('',#2030);
#2030 = CARTESIAN_POINT('',(-4.398925759689,-7.5,1.240163032379));
#2031 = LINE('',#2032,#2033);
#2032 = CARTESIAN_POINT('',(-4.398925759689,-7.5,1.240163032379));
#2033 = VECTOR('',#2034,1.);
#2034 = DIRECTION('',(-0.,-0.,1.));
#2035 = ORIENTED_EDGE('',*,*,#2036,.F.);
#2036 = EDGE_CURVE('',#2037,#2027,#2039,.T.);
#2037 = VERTEX_POINT('',#2038);
#2038 = CARTESIAN_POINT('',(-4.581252509106,-7.5,1.200745809771));
#2039 = LINE('',#2040,#2041);
#2040 = CARTESIAN_POINT('',(-4.398925759689,-7.5,1.200745809771));
#2041 = VECTOR('',#2042,1.);
#2042 = DIRECTION('',(1.,-0.,-0.));
#2043 = ORIENTED_EDGE('',*,*,#2044,.F.);
#2044 = EDGE_CURVE('',#2045,#2037,#2047,.T.);
#2045 = VERTEX_POINT('',#2046);
#2046 = CARTESIAN_POINT('',(-4.581252509106,-7.5,1.546486112105));
#2047 = LINE('',#2048,#2049);
#2048 = CARTESIAN_POINT('',(-4.581252509106,-7.5,1.200745809771));
#2049 = VECTOR('',#2050,1.);
#2050 = DIRECTION('',(-0.,-0.,-1.));
#2051 = ORIENTED_EDGE('',*,*,#2052,.F.);
#2052 = EDGE_CURVE('',#2053,#2045,#2055,.T.);
#2053 = VERTEX_POINT('',#2054);
#2054 = CARTESIAN_POINT('',(-4.536620900548,-7.5,1.546486112105));
#2055 = LINE('',#2056,#2057);
#2056 = CARTESIAN_POINT('',(-4.581252509106,-7.5,1.546486112105));
#2057 = VECTOR('',#2058,1.);
#2058 = DIRECTION('',(-1.,-0.,-0.));
#2059 = ORIENTED_EDGE('',*,*,#2060,.F.);
#2060 = EDGE_CURVE('',#2061,#2053,#2063,.T.);
#2061 = VERTEX_POINT('',#2062);
#2062 = CARTESIAN_POINT('',(-4.536620900548,-7.5,1.240163032379));
#2063 = LINE('',#2064,#2065);
#2064 = CARTESIAN_POINT('',(-4.536620900548,-7.5,1.546486112105));
#2065 = VECTOR('',#2066,1.);
#2066 = DIRECTION('',(-0.,-0.,1.));
#2067 = ORIENTED_EDGE('',*,*,#2068,.F.);
#2068 = EDGE_CURVE('',#2029,#2061,#2069,.T.);
#2069 = LINE('',#2070,#2071);
#2070 = CARTESIAN_POINT('',(-4.536620900548,-7.5,1.240163032379));
#2071 = VECTOR('',#2072,1.);
#2072 = DIRECTION('',(-1.,-0.,-0.));
#2073 = FACE_BOUND('',#2074,.T.);
#2074 = EDGE_LOOP('',(#2075,#2085,#2093,#2101,#2109,#2117,#2125,#2133,
    #2141,#2149,#2157,#2165));
#2075 = ORIENTED_EDGE('',*,*,#2076,.F.);
#2076 = EDGE_CURVE('',#2077,#2079,#2081,.T.);
#2077 = VERTEX_POINT('',#2078);
#2078 = CARTESIAN_POINT('',(-3.870770328518,-7.5,1.200745809771));
#2079 = VERTEX_POINT('',#2080);
#2080 = CARTESIAN_POINT('',(-3.870770328518,-7.5,1.240163032379));
#2081 = LINE('',#2082,#2083);
#2082 = CARTESIAN_POINT('',(-3.870770328518,-7.5,1.240163032379));
#2083 = VECTOR('',#2084,1.);
#2084 = DIRECTION('',(-0.,-0.,1.));
#2085 = ORIENTED_EDGE('',*,*,#2086,.F.);
#2086 = EDGE_CURVE('',#2087,#2077,#2089,.T.);
#2087 = VERTEX_POINT('',#2088);
#2088 = CARTESIAN_POINT('',(-4.056720634271,-7.5,1.200745809771));
#2089 = LINE('',#2090,#2091);
#2090 = CARTESIAN_POINT('',(-3.870770328518,-7.5,1.200745809771));
#2091 = VECTOR('',#2092,1.);
#2092 = DIRECTION('',(1.,-0.,-0.));
#2093 = ORIENTED_EDGE('',*,*,#2094,.F.);
#2094 = EDGE_CURVE('',#2095,#2087,#2097,.T.);
#2095 = VERTEX_POINT('',#2096);
#2096 = CARTESIAN_POINT('',(-4.056720634271,-7.5,1.546486112105));
#2097 = LINE('',#2098,#2099);
#2098 = CARTESIAN_POINT('',(-4.056720634271,-7.5,1.200745809771));
#2099 = VECTOR('',#2100,1.);
#2100 = DIRECTION('',(-0.,-0.,-1.));
#2101 = ORIENTED_EDGE('',*,*,#2102,.F.);
#2102 = EDGE_CURVE('',#2103,#2095,#2105,.T.);
#2103 = VERTEX_POINT('',#2104);
#2104 = CARTESIAN_POINT('',(-3.878636097154,-7.5,1.546486112105));
#2105 = LINE('',#2106,#2107);
#2106 = CARTESIAN_POINT('',(-4.056720634271,-7.5,1.546486112105));
#2107 = VECTOR('',#2108,1.);
#2108 = DIRECTION('',(-1.,-0.,-0.));
#2109 = ORIENTED_EDGE('',*,*,#2110,.F.);
#2110 = EDGE_CURVE('',#2111,#2103,#2113,.T.);
#2111 = VERTEX_POINT('',#2112);
#2112 = CARTESIAN_POINT('',(-3.878636097154,-7.5,1.506715371806));
#2113 = LINE('',#2114,#2115);
#2114 = CARTESIAN_POINT('',(-3.878636097154,-7.5,1.546486112105));
#2115 = VECTOR('',#2116,1.);
#2116 = DIRECTION('',(-0.,-0.,1.));
#2117 = ORIENTED_EDGE('',*,*,#2118,.F.);
#2118 = EDGE_CURVE('',#2119,#2111,#2121,.T.);
#2119 = VERTEX_POINT('',#2120);
#2120 = CARTESIAN_POINT('',(-4.012089025713,-7.5,1.506715371806));
#2121 = LINE('',#2122,#2123);
#2122 = CARTESIAN_POINT('',(-3.878636097154,-7.5,1.506715371806));
#2123 = VECTOR('',#2124,1.);
#2124 = DIRECTION('',(1.,-0.,-0.));
#2125 = ORIENTED_EDGE('',*,*,#2126,.F.);
#2126 = EDGE_CURVE('',#2127,#2119,#2129,.T.);
#2127 = VERTEX_POINT('',#2128);
#2128 = CARTESIAN_POINT('',(-4.012089025713,-7.5,1.396064334351));
#2129 = LINE('',#2130,#2131);
#2130 = CARTESIAN_POINT('',(-4.012089025713,-7.5,1.506715371806));
#2131 = VECTOR('',#2132,1.);
#2132 = DIRECTION('',(-0.,-0.,1.));
#2133 = ORIENTED_EDGE('',*,*,#2134,.F.);
#2134 = EDGE_CURVE('',#2135,#2127,#2137,.T.);
#2135 = VERTEX_POINT('',#2136);
#2136 = CARTESIAN_POINT('',(-3.888446213095,-7.5,1.396064334351));
#2137 = LINE('',#2138,#2139);
#2138 = CARTESIAN_POINT('',(-4.012089025713,-7.5,1.396064334351));
#2139 = VECTOR('',#2140,1.);
#2140 = DIRECTION('',(-1.,-0.,-0.));
#2141 = ORIENTED_EDGE('',*,*,#2142,.F.);
#2142 = EDGE_CURVE('',#2143,#2135,#2145,.T.);
#2143 = VERTEX_POINT('',#2144);
#2144 = CARTESIAN_POINT('',(-3.888446213095,-7.5,1.356470352898));
#2145 = LINE('',#2146,#2147);
#2146 = CARTESIAN_POINT('',(-3.888446213095,-7.5,1.396064334351));
#2147 = VECTOR('',#2148,1.);
#2148 = DIRECTION('',(-0.,-0.,1.));
#2149 = ORIENTED_EDGE('',*,*,#2150,.F.);
#2150 = EDGE_CURVE('',#2151,#2143,#2153,.T.);
#2151 = VERTEX_POINT('',#2152);
#2152 = CARTESIAN_POINT('',(-4.012089025713,-7.5,1.356470352898));
#2153 = LINE('',#2154,#2155);
#2154 = CARTESIAN_POINT('',(-3.888446213095,-7.5,1.356470352898));
#2155 = VECTOR('',#2156,1.);
#2156 = DIRECTION('',(1.,-0.,-0.));
#2157 = ORIENTED_EDGE('',*,*,#2158,.F.);
#2158 = EDGE_CURVE('',#2159,#2151,#2161,.T.);
#2159 = VERTEX_POINT('',#2160);
#2160 = CARTESIAN_POINT('',(-4.012089025713,-7.5,1.240163032379));
#2161 = LINE('',#2162,#2163);
#2162 = CARTESIAN_POINT('',(-4.012089025713,-7.5,1.356470352898));
#2163 = VECTOR('',#2164,1.);
#2164 = DIRECTION('',(-0.,-0.,1.));
#2165 = ORIENTED_EDGE('',*,*,#2166,.F.);
#2166 = EDGE_CURVE('',#2079,#2159,#2167,.T.);
#2167 = LINE('',#2168,#2169);
#2168 = CARTESIAN_POINT('',(-4.012089025713,-7.5,1.240163032379));
#2169 = VECTOR('',#2170,1.);
#2170 = DIRECTION('',(-1.,-0.,-0.));
#2171 = FACE_BOUND('',#2172,.T.);
#2172 = EDGE_LOOP('',(#2173,#2183,#2191,#2199,#2208,#2217,#2226));
#2173 = ORIENTED_EDGE('',*,*,#2174,.F.);
#2174 = EDGE_CURVE('',#2175,#2177,#2179,.T.);
#2175 = VERTEX_POINT('',#2176);
#2176 = CARTESIAN_POINT('',(-3.805457935003,-7.5,1.200745809771));
#2177 = VERTEX_POINT('',#2178);
#2178 = CARTESIAN_POINT('',(-3.710361675977,-7.5,1.200745809771));
#2179 = LINE('',#2180,#2181);
#2180 = CARTESIAN_POINT('',(-3.710361675977,-7.5,1.200745809771));
#2181 = VECTOR('',#2182,1.);
#2182 = DIRECTION('',(1.,-0.,-0.));
#2183 = ORIENTED_EDGE('',*,*,#2184,.F.);
#2184 = EDGE_CURVE('',#2185,#2175,#2187,.T.);
#2185 = VERTEX_POINT('',#2186);
#2186 = CARTESIAN_POINT('',(-3.805457935003,-7.5,1.546486112105));
#2187 = LINE('',#2188,#2189);
#2188 = CARTESIAN_POINT('',(-3.805457935003,-7.5,1.200745809771));
#2189 = VECTOR('',#2190,1.);
#2190 = DIRECTION('',(-0.,-0.,-1.));
#2191 = ORIENTED_EDGE('',*,*,#2192,.F.);
#2192 = EDGE_CURVE('',#2193,#2185,#2195,.T.);
#2193 = VERTEX_POINT('',#2194);
#2194 = CARTESIAN_POINT('',(-3.706826499061,-7.5,1.546486112105));
#2195 = LINE('',#2196,#2197);
#2196 = CARTESIAN_POINT('',(-3.805457935003,-7.5,1.546486112105));
#2197 = VECTOR('',#2198,1.);
#2198 = DIRECTION('',(-1.,-0.,-0.));
#2199 = ORIENTED_EDGE('',*,*,#2200,.F.);
#2200 = EDGE_CURVE('',#2201,#2193,#2203,.T.);
#2201 = VERTEX_POINT('',#2202);
#2202 = CARTESIAN_POINT('',(-3.576113332611,-7.5,1.50070557105));
#2203 = B_SPLINE_CURVE_WITH_KNOTS('',3,(#2204,#2205,#2206,#2207),
  .UNSPECIFIED.,.F.,.F.,(4,4),(2.,3.),.PIECEWISE_BEZIER_KNOTS.);
#2204 = CARTESIAN_POINT('',(-3.576113332611,-7.5,1.50070557105));
#2205 = CARTESIAN_POINT('',(-3.610846445806,-7.5,1.531284851369));
#2206 = CARTESIAN_POINT('',(-3.65441750129,-7.5,1.546486112105));
#2207 = CARTESIAN_POINT('',(-3.706826499061,-7.5,1.546486112105));
#2208 = ORIENTED_EDGE('',*,*,#2209,.F.);
#2209 = EDGE_CURVE('',#2210,#2201,#2212,.T.);
#2210 = VERTEX_POINT('',#2211);
#2211 = CARTESIAN_POINT('',(-3.523969473109,-7.5,1.378034932083));
#2212 = B_SPLINE_CURVE_WITH_KNOTS('',3,(#2213,#2214,#2215,#2216),
  .UNSPECIFIED.,.F.,.F.,(4,4),(3.,4.),.PIECEWISE_BEZIER_KNOTS.);
#2213 = CARTESIAN_POINT('',(-3.523969473109,-7.5,1.378034932083));
#2214 = CARTESIAN_POINT('',(-3.523969473109,-7.5,1.429294997356));
#2215 = CARTESIAN_POINT('',(-3.541380219416,-7.5,1.47012629073));
#2216 = CARTESIAN_POINT('',(-3.576113332611,-7.5,1.50070557105));
#2217 = ORIENTED_EDGE('',*,*,#2218,.F.);
#2218 = EDGE_CURVE('',#2219,#2210,#2221,.T.);
#2219 = VERTEX_POINT('',#2220);
#2220 = CARTESIAN_POINT('',(-3.576113332611,-7.5,1.249177733512));
#2221 = B_SPLINE_CURVE_WITH_KNOTS('',3,(#2222,#2223,#2224,#2225),
  .UNSPECIFIED.,.F.,.F.,(4,4),(4.,5.),.PIECEWISE_BEZIER_KNOTS.);
#2222 = CARTESIAN_POINT('',(-3.576113332611,-7.5,1.249177733512));
#2223 = CARTESIAN_POINT('',(-3.541380219416,-7.5,1.28152460229));
#2224 = CARTESIAN_POINT('',(-3.523969473109,-7.5,1.324477001814));
#2225 = CARTESIAN_POINT('',(-3.523969473109,-7.5,1.378034932083));
#2226 = ORIENTED_EDGE('',*,*,#2227,.F.);
#2227 = EDGE_CURVE('',#2177,#2219,#2228,.T.);
#2228 = B_SPLINE_CURVE_WITH_KNOTS('',3,(#2229,#2230,#2231,#2232),
  .UNSPECIFIED.,.F.,.F.,(4,4),(5.,6.),.PIECEWISE_BEZIER_KNOTS.);
#2229 = CARTESIAN_POINT('',(-3.710361675977,-7.5,1.200745809771));
#2230 = CARTESIAN_POINT('',(-3.655654813211,-7.5,1.200745809771));
#2231 = CARTESIAN_POINT('',(-3.610846445806,-7.5,1.216830864737));
#2232 = CARTESIAN_POINT('',(-3.576113332611,-7.5,1.249177733512));
#2233 = FACE_BOUND('',#2234,.T.);
#2234 = EDGE_LOOP('',(#2235,#2245,#2253,#2261,#2269,#2277,#2285,#2293));
#2235 = ORIENTED_EDGE('',*,*,#2236,.F.);
#2236 = EDGE_CURVE('',#2237,#2239,#2241,.T.);
#2237 = VERTEX_POINT('',#2238);
#2238 = CARTESIAN_POINT('',(-3.193695569779,-7.5,1.200745809771));
#2239 = VERTEX_POINT('',#2240);
#2240 = CARTESIAN_POINT('',(-3.325380909882,-7.5,1.546486112105));
#2241 = LINE('',#2242,#2243);
#2242 = CARTESIAN_POINT('',(-3.325380909882,-7.5,1.546486112105));
#2243 = VECTOR('',#2244,1.);
#2244 = DIRECTION('',(-0.35593572437,-0.,0.934510438742));
#2245 = ORIENTED_EDGE('',*,*,#2246,.F.);
#2246 = EDGE_CURVE('',#2247,#2237,#2249,.T.);
#2247 = VERTEX_POINT('',#2248);
#2248 = CARTESIAN_POINT('',(-3.243011287751,-7.5,1.200745809771));
#2249 = LINE('',#2250,#2251);
#2250 = CARTESIAN_POINT('',(-3.193695569779,-7.5,1.200745809771));
#2251 = VECTOR('',#2252,1.);
#2252 = DIRECTION('',(1.,-0.,-0.));
#2253 = ORIENTED_EDGE('',*,*,#2254,.F.);
#2254 = EDGE_CURVE('',#2255,#2247,#2257,.T.);
#2255 = VERTEX_POINT('',#2256);
#2256 = CARTESIAN_POINT('',(-3.278274677482,-7.5,1.295311792261));
#2257 = LINE('',#2258,#2259);
#2258 = CARTESIAN_POINT('',(-3.243011287751,-7.5,1.200745809771));
#2259 = VECTOR('',#2260,1.);
#2260 = DIRECTION('',(0.349395479469,-0.,-0.936975345954));
#2261 = ORIENTED_EDGE('',*,*,#2262,.F.);
#2262 = EDGE_CURVE('',#2263,#2255,#2265,.T.);
#2263 = VERTEX_POINT('',#2264);
#2264 = CARTESIAN_POINT('',(-3.422244757366,-7.5,1.295311792261));
#2265 = LINE('',#2266,#2267);
#2266 = CARTESIAN_POINT('',(-3.278274677482,-7.5,1.295311792261));
#2267 = VECTOR('',#2268,1.);
#2268 = DIRECTION('',(1.,-0.,-0.));
#2269 = ORIENTED_EDGE('',*,*,#2270,.F.);
#2270 = EDGE_CURVE('',#2271,#2263,#2273,.T.);
#2271 = VERTEX_POINT('',#2272);
#2272 = CARTESIAN_POINT('',(-3.455475420372,-7.5,1.200745809771));
#2273 = LINE('',#2274,#2275);
#2274 = CARTESIAN_POINT('',(-3.422244757366,-7.5,1.295311792261));
#2275 = VECTOR('',#2276,1.);
#2276 = DIRECTION('',(0.33152841835,-0.,0.943445233082));
#2277 = ORIENTED_EDGE('',*,*,#2278,.F.);
#2278 = EDGE_CURVE('',#2279,#2271,#2281,.T.);
#2279 = VERTEX_POINT('',#2280);
#2280 = CARTESIAN_POINT('',(-3.50479113834,-7.5,1.200745809771));
#2281 = LINE('',#2282,#2283);
#2282 = CARTESIAN_POINT('',(-3.455475420372,-7.5,1.200745809771));
#2283 = VECTOR('',#2284,1.);
#2284 = DIRECTION('',(1.,-0.,-0.));
#2285 = ORIENTED_EDGE('',*,*,#2286,.F.);
#2286 = EDGE_CURVE('',#2287,#2279,#2289,.T.);
#2287 = VERTEX_POINT('',#2288);
#2288 = CARTESIAN_POINT('',(-3.373105798241,-7.5,1.546486112105));
#2289 = LINE('',#2290,#2291);
#2290 = CARTESIAN_POINT('',(-3.50479113834,-7.5,1.200745809771));
#2291 = VECTOR('',#2292,1.);
#2292 = DIRECTION('',(-0.355935724364,-0.,-0.934510438744));
#2293 = ORIENTED_EDGE('',*,*,#2294,.F.);
#2294 = EDGE_CURVE('',#2239,#2287,#2295,.T.);
#2295 = LINE('',#2296,#2297);
#2296 = CARTESIAN_POINT('',(-3.373105798241,-7.5,1.546486112105));
#2297 = VECTOR('',#2298,1.);
#2298 = DIRECTION('',(-1.,-0.,-0.));
#2299 = FACE_BOUND('',#2300,.T.);
#2300 = EDGE_LOOP('',(#2301,#2312,#2321,#2330,#2339,#2348,#2357,#2366,
    #2375,#2384,#2392,#2401,#2410,#2419,#2428,#2437,#2446,#2455,#2464,
    #2473,#2482));
#2301 = ORIENTED_EDGE('',*,*,#2302,.F.);
#2302 = EDGE_CURVE('',#2303,#2305,#2307,.T.);
#2303 = VERTEX_POINT('',#2304);
#2304 = CARTESIAN_POINT('',(-4.025522697992,-7.5,0.681781838579));
#2305 = VERTEX_POINT('',#2306);
#2306 = CARTESIAN_POINT('',(-4.096756512839,-7.5,0.705644282757));
#2307 = B_SPLINE_CURVE_WITH_KNOTS('',3,(#2308,#2309,#2310,#2311),
  .UNSPECIFIED.,.F.,.F.,(4,4),(0.,1.),.PIECEWISE_BEZIER_KNOTS.);
#2308 = CARTESIAN_POINT('',(-4.025522697992,-7.5,0.681781838579));
#2309 = CARTESIAN_POINT('',(-4.050975971784,-7.5,0.681781838579));
#2310 = CARTESIAN_POINT('',(-4.074661657118,-7.5,0.689735986639));
#2311 = CARTESIAN_POINT('',(-4.096756512839,-7.5,0.705644282757));
#2312 = ORIENTED_EDGE('',*,*,#2313,.F.);
#2313 = EDGE_CURVE('',#2314,#2303,#2316,.T.);
#2314 = VERTEX_POINT('',#2315);
#2315 = CARTESIAN_POINT('',(-3.974439391564,-7.5,0.71518926043));
#2316 = B_SPLINE_CURVE_WITH_KNOTS('',3,(#2317,#2318,#2319,#2320),
  .UNSPECIFIED.,.F.,.F.,(4,4),(1.,2.),.PIECEWISE_BEZIER_KNOTS.);
#2317 = CARTESIAN_POINT('',(-3.974439391564,-7.5,0.71518926043));
#2318 = CARTESIAN_POINT('',(-3.974439391564,-7.5,0.692917645862));
#2319 = CARTESIAN_POINT('',(-3.99149662018,-7.5,0.681781838579));
#2320 = CARTESIAN_POINT('',(-4.025522697992,-7.5,0.681781838579));
#2321 = ORIENTED_EDGE('',*,*,#2322,.F.);
#2322 = EDGE_CURVE('',#2323,#2314,#2325,.T.);
#2323 = VERTEX_POINT('',#2324);
#2324 = CARTESIAN_POINT('',(-3.985575198848,-7.5,0.738698186917));
#2325 = B_SPLINE_CURVE_WITH_KNOTS('',3,(#2326,#2327,#2328,#2329),
  .UNSPECIFIED.,.F.,.F.,(4,4),(2.,3.),.PIECEWISE_BEZIER_KNOTS.);
#2326 = CARTESIAN_POINT('',(-3.985575198848,-7.5,0.738698186917));
#2327 = CARTESIAN_POINT('',(-3.978151327324,-7.5,0.732511627315));
#2328 = CARTESIAN_POINT('',(-3.974439391564,-7.5,0.724734238103));
#2329 = CARTESIAN_POINT('',(-3.974439391564,-7.5,0.71518926043));
#2330 = ORIENTED_EDGE('',*,*,#2331,.F.);
#2331 = EDGE_CURVE('',#2332,#2323,#2334,.T.);
#2332 = VERTEX_POINT('',#2333);
#2333 = CARTESIAN_POINT('',(-4.030913842788,-7.5,0.76079304264));
#2334 = B_SPLINE_CURVE_WITH_KNOTS('',3,(#2335,#2336,#2337,#2338),
  .UNSPECIFIED.,.F.,.F.,(4,4),(3.,4.),.PIECEWISE_BEZIER_KNOTS.);
#2335 = CARTESIAN_POINT('',(-4.030913842788,-7.5,0.76079304264));
#2336 = CARTESIAN_POINT('',(-4.008111951683,-7.5,0.752308618043));
#2337 = CARTESIAN_POINT('',(-3.99299907037,-7.5,0.744884746519));
#2338 = CARTESIAN_POINT('',(-3.985575198848,-7.5,0.738698186917));
#2339 = ORIENTED_EDGE('',*,*,#2340,.F.);
#2340 = EDGE_CURVE('',#2341,#2332,#2343,.T.);
#2341 = VERTEX_POINT('',#2342);
#2342 = CARTESIAN_POINT('',(-4.084206634789,-7.5,0.793493429108));
#2343 = B_SPLINE_CURVE_WITH_KNOTS('',3,(#2344,#2345,#2346,#2347),
  .UNSPECIFIED.,.F.,.F.,(4,4),(4.,5.),.PIECEWISE_BEZIER_KNOTS.);
#2344 = CARTESIAN_POINT('',(-4.084206634789,-7.5,0.793493429108));
#2345 = CARTESIAN_POINT('',(-4.076075727883,-7.5,0.782711139517));
#2346 = CARTESIAN_POINT('',(-4.058223084461,-7.5,0.771752091077));
#2347 = CARTESIAN_POINT('',(-4.030913842788,-7.5,0.76079304264));
#2348 = ORIENTED_EDGE('',*,*,#2349,.F.);
#2349 = EDGE_CURVE('',#2350,#2341,#2352,.T.);
#2350 = VERTEX_POINT('',#2351);
#2351 = CARTESIAN_POINT('',(-4.096491374571,-7.5,0.832557134025));
#2352 = B_SPLINE_CURVE_WITH_KNOTS('',3,(#2353,#2354,#2355,#2356),
  .UNSPECIFIED.,.F.,.F.,(4,4),(5.,6.),.PIECEWISE_BEZIER_KNOTS.);
#2353 = CARTESIAN_POINT('',(-4.096491374571,-7.5,0.832557134025));
#2354 = CARTESIAN_POINT('',(-4.096491374571,-7.5,0.817355873286));
#2355 = CARTESIAN_POINT('',(-4.092425921118,-7.5,0.8042757187));
#2356 = CARTESIAN_POINT('',(-4.084206634789,-7.5,0.793493429108));
#2357 = ORIENTED_EDGE('',*,*,#2358,.F.);
#2358 = EDGE_CURVE('',#2359,#2350,#2361,.T.);
#2359 = VERTEX_POINT('',#2360);
#2360 = CARTESIAN_POINT('',(-4.068740235784,-7.5,0.885231270064));
#2361 = B_SPLINE_CURVE_WITH_KNOTS('',3,(#2362,#2363,#2364,#2365),
  .UNSPECIFIED.,.F.,.F.,(4,4),(6.,7.),.PIECEWISE_BEZIER_KNOTS.);
#2362 = CARTESIAN_POINT('',(-4.068740235784,-7.5,0.885231270064));
#2363 = CARTESIAN_POINT('',(-4.087211535167,-7.5,0.871974356632));
#2364 = CARTESIAN_POINT('',(-4.096491374571,-7.5,0.854475230899));
#2365 = CARTESIAN_POINT('',(-4.096491374571,-7.5,0.832557134025));
#2366 = ORIENTED_EDGE('',*,*,#2367,.F.);
#2367 = EDGE_CURVE('',#2368,#2359,#2370,.T.);
#2368 = VERTEX_POINT('',#2369);
#2369 = CARTESIAN_POINT('',(-4.00033456247,-7.5,0.904851501946));
#2370 = B_SPLINE_CURVE_WITH_KNOTS('',3,(#2371,#2372,#2373,#2374),
  .UNSPECIFIED.,.F.,.F.,(4,4),(7.,8.),.PIECEWISE_BEZIER_KNOTS.);
#2371 = CARTESIAN_POINT('',(-4.00033456247,-7.5,0.904851501946));
#2372 = CARTESIAN_POINT('',(-4.027378665873,-7.5,0.904851501946));
#2373 = CARTESIAN_POINT('',(-4.050180556978,-7.5,0.898311424653));
#2374 = CARTESIAN_POINT('',(-4.068740235784,-7.5,0.885231270064));
#2375 = ORIENTED_EDGE('',*,*,#2376,.F.);
#2376 = EDGE_CURVE('',#2377,#2368,#2379,.T.);
#2377 = VERTEX_POINT('',#2378);
#2378 = CARTESIAN_POINT('',(-3.941827384518,-7.5,0.893892453507));
#2379 = B_SPLINE_CURVE_WITH_KNOTS('',3,(#2380,#2381,#2382,#2383),
  .UNSPECIFIED.,.F.,.F.,(4,4),(8.,9.),.PIECEWISE_BEZIER_KNOTS.);
#2380 = CARTESIAN_POINT('',(-3.941827384518,-7.5,0.893892453507));
#2381 = CARTESIAN_POINT('',(-3.959856786788,-7.5,0.90131632503));
#2382 = CARTESIAN_POINT('',(-3.979300259823,-7.5,0.904851501946));
#2383 = CARTESIAN_POINT('',(-4.00033456247,-7.5,0.904851501946));
#2384 = ORIENTED_EDGE('',*,*,#2385,.F.);
#2385 = EDGE_CURVE('',#2386,#2377,#2388,.T.);
#2386 = VERTEX_POINT('',#2387);
#2387 = CARTESIAN_POINT('',(-3.941827384518,-7.5,0.851823848213));
#2388 = LINE('',#2389,#2390);
#2389 = CARTESIAN_POINT('',(-3.941827384518,-7.5,0.893892453507));
#2390 = VECTOR('',#2391,1.);
#2391 = DIRECTION('',(-0.,-0.,1.));
#2392 = ORIENTED_EDGE('',*,*,#2393,.F.);
#2393 = EDGE_CURVE('',#2394,#2386,#2396,.T.);
#2394 = VERTEX_POINT('',#2395);
#2395 = CARTESIAN_POINT('',(-4.004576774768,-7.5,0.869676491637));
#2396 = B_SPLINE_CURVE_WITH_KNOTS('',3,(#2397,#2398,#2399,#2400),
  .UNSPECIFIED.,.F.,.F.,(4,4),(10.,11.),.PIECEWISE_BEZIER_KNOTS.);
#2397 = CARTESIAN_POINT('',(-4.004576774768,-7.5,0.869676491637));
#2398 = CARTESIAN_POINT('',(-3.981156227703,-7.5,0.869676491637));
#2399 = CARTESIAN_POINT('',(-3.960298683901,-7.5,0.863666690881));
#2400 = CARTESIAN_POINT('',(-3.941827384518,-7.5,0.851823848213));
#2401 = ORIENTED_EDGE('',*,*,#2402,.F.);
#2402 = EDGE_CURVE('',#2403,#2394,#2405,.T.);
#2403 = VERTEX_POINT('',#2404);
#2404 = CARTESIAN_POINT('',(-4.038691232002,-7.5,0.860485031656));
#2405 = B_SPLINE_CURVE_WITH_KNOTS('',3,(#2406,#2407,#2408,#2409),
  .UNSPECIFIED.,.F.,.F.,(4,4),(11.,12.),.PIECEWISE_BEZIER_KNOTS.);
#2406 = CARTESIAN_POINT('',(-4.038691232002,-7.5,0.860485031656));
#2407 = CARTESIAN_POINT('',(-4.029941669137,-7.5,0.866671591258));
#2408 = CARTESIAN_POINT('',(-4.018540723584,-7.5,0.869676491637));
#2409 = CARTESIAN_POINT('',(-4.004576774768,-7.5,0.869676491637));
#2410 = ORIENTED_EDGE('',*,*,#2411,.F.);
#2411 = EDGE_CURVE('',#2412,#2403,#2414,.T.);
#2412 = VERTEX_POINT('',#2413);
#2413 = CARTESIAN_POINT('',(-4.051859766013,-7.5,0.836445828632));
#2414 = B_SPLINE_CURVE_WITH_KNOTS('',3,(#2415,#2416,#2417,#2418),
  .UNSPECIFIED.,.F.,.F.,(4,4),(12.,13.),.PIECEWISE_BEZIER_KNOTS.);
#2415 = CARTESIAN_POINT('',(-4.051859766013,-7.5,0.836445828632));
#2416 = CARTESIAN_POINT('',(-4.051859766013,-7.5,0.846344323993));
#2417 = CARTESIAN_POINT('',(-4.047440794868,-7.5,0.854475230899));
#2418 = CARTESIAN_POINT('',(-4.038691232002,-7.5,0.860485031656));
#2419 = ORIENTED_EDGE('',*,*,#2420,.F.);
#2420 = EDGE_CURVE('',#2421,#2412,#2423,.T.);
#2421 = VERTEX_POINT('',#2422);
#2422 = CARTESIAN_POINT('',(-4.042403167764,-7.5,0.813467178682));
#2423 = B_SPLINE_CURVE_WITH_KNOTS('',3,(#2424,#2425,#2426,#2427),
  .UNSPECIFIED.,.F.,.F.,(4,4),(13.,14.),.PIECEWISE_BEZIER_KNOTS.);
#2424 = CARTESIAN_POINT('',(-4.042403167764,-7.5,0.813467178682));
#2425 = CARTESIAN_POINT('',(-4.048678106789,-7.5,0.818946702899));
#2426 = CARTESIAN_POINT('',(-4.051859766013,-7.5,0.826547333268));
#2427 = CARTESIAN_POINT('',(-4.051859766013,-7.5,0.836445828632));
#2428 = ORIENTED_EDGE('',*,*,#2429,.F.);
#2429 = EDGE_CURVE('',#2430,#2421,#2432,.T.);
#2430 = VERTEX_POINT('',#2431);
#2431 = CARTESIAN_POINT('',(-4.00033456247,-7.5,0.792256117187));
#2432 = B_SPLINE_CURVE_WITH_KNOTS('',3,(#2433,#2434,#2435,#2436),
  .UNSPECIFIED.,.F.,.F.,(4,4),(14.,15.),.PIECEWISE_BEZIER_KNOTS.);
#2433 = CARTESIAN_POINT('',(-4.00033456247,-7.5,0.792256117187));
#2434 = CARTESIAN_POINT('',(-4.0220759005,-7.5,0.800740541784));
#2435 = CARTESIAN_POINT('',(-4.036039849315,-7.5,0.807810895616));
#2436 = CARTESIAN_POINT('',(-4.042403167764,-7.5,0.813467178682));
#2437 = ORIENTED_EDGE('',*,*,#2438,.F.);
#2438 = EDGE_CURVE('',#2439,#2430,#2441,.T.);
#2439 = VERTEX_POINT('',#2440);
#2440 = CARTESIAN_POINT('',(-3.944478767205,-7.5,0.760262766103));
#2441 = B_SPLINE_CURVE_WITH_KNOTS('',3,(#2442,#2443,#2444,#2445),
  .UNSPECIFIED.,.F.,.F.,(4,4),(15.,16.),.PIECEWISE_BEZIER_KNOTS.);
#2442 = CARTESIAN_POINT('',(-3.944478767205,-7.5,0.760262766103));
#2443 = CARTESIAN_POINT('',(-3.954200503722,-7.5,0.77122181454));
#2444 = CARTESIAN_POINT('',(-3.972760182528,-7.5,0.782004104132));
#2445 = CARTESIAN_POINT('',(-4.00033456247,-7.5,0.792256117187));
#2446 = ORIENTED_EDGE('',*,*,#2447,.F.);
#2447 = EDGE_CURVE('',#2448,#2439,#2450,.T.);
#2448 = VERTEX_POINT('',#2449);
#2449 = CARTESIAN_POINT('',(-3.929984541852,-7.5,0.719431472729));
#2450 = B_SPLINE_CURVE_WITH_KNOTS('',3,(#2451,#2452,#2453,#2454),
  .UNSPECIFIED.,.F.,.F.,(4,4),(16.,17.),.PIECEWISE_BEZIER_KNOTS.);
#2451 = CARTESIAN_POINT('',(-3.929984541852,-7.5,0.719431472729));
#2452 = CARTESIAN_POINT('',(-3.929984541852,-7.5,0.73569328654));
#2453 = CARTESIAN_POINT('',(-3.934845410111,-7.5,0.749303717666));
#2454 = CARTESIAN_POINT('',(-3.944478767205,-7.5,0.760262766103));
#2455 = ORIENTED_EDGE('',*,*,#2456,.F.);
#2456 = EDGE_CURVE('',#2457,#2448,#2459,.T.);
#2457 = VERTEX_POINT('',#2458);
#2458 = CARTESIAN_POINT('',(-3.957824060061,-7.5,0.666050301304));
#2459 = B_SPLINE_CURVE_WITH_KNOTS('',3,(#2460,#2461,#2462,#2463),
  .UNSPECIFIED.,.F.,.F.,(4,4),(17.,18.),.PIECEWISE_BEZIER_KNOTS.);
#2460 = CARTESIAN_POINT('',(-3.957824060061,-7.5,0.666050301304));
#2461 = CARTESIAN_POINT('',(-3.939264381255,-7.5,0.678953697048));
#2462 = CARTESIAN_POINT('',(-3.929984541852,-7.5,0.696806340469));
#2463 = CARTESIAN_POINT('',(-3.929984541852,-7.5,0.719431472729));
#2464 = ORIENTED_EDGE('',*,*,#2465,.F.);
#2465 = EDGE_CURVE('',#2466,#2457,#2468,.T.);
#2466 = VERTEX_POINT('',#2467);
#2467 = CARTESIAN_POINT('',(-4.02976491029,-7.5,0.646430069425));
#2468 = B_SPLINE_CURVE_WITH_KNOTS('',3,(#2469,#2470,#2471,#2472),
  .UNSPECIFIED.,.F.,.F.,(4,4),(18.,19.),.PIECEWISE_BEZIER_KNOTS.);
#2469 = CARTESIAN_POINT('',(-4.02976491029,-7.5,0.646430069425));
#2470 = CARTESIAN_POINT('',(-4.00033456247,-7.5,0.646430069425));
#2471 = CARTESIAN_POINT('',(-3.976295359445,-7.5,0.652970146718));
#2472 = CARTESIAN_POINT('',(-3.957824060061,-7.5,0.666050301304));
#2473 = ORIENTED_EDGE('',*,*,#2474,.F.);
#2474 = EDGE_CURVE('',#2475,#2466,#2477,.T.);
#2475 = VERTEX_POINT('',#2476);
#2476 = CARTESIAN_POINT('',(-4.096756512839,-7.5,0.660924294778));
#2477 = B_SPLINE_CURVE_WITH_KNOTS('',3,(#2478,#2479,#2480,#2481),
  .UNSPECIFIED.,.F.,.F.,(4,4),(19.,20.),.PIECEWISE_BEZIER_KNOTS.);
#2478 = CARTESIAN_POINT('',(-4.096756512839,-7.5,0.660924294778));
#2479 = CARTESIAN_POINT('',(-4.077666557496,-7.5,0.651379317105));
#2480 = CARTESIAN_POINT('',(-4.055394942928,-7.5,0.646430069425));
#2481 = CARTESIAN_POINT('',(-4.02976491029,-7.5,0.646430069425));
#2482 = ORIENTED_EDGE('',*,*,#2483,.F.);
#2483 = EDGE_CURVE('',#2305,#2475,#2484,.T.);
#2484 = LINE('',#2485,#2486);
#2485 = CARTESIAN_POINT('',(-4.096756512839,-7.5,0.660924294778));
#2486 = VECTOR('',#2487,1.);
#2487 = DIRECTION('',(-0.,-0.,-1.));
#2488 = FACE_BOUND('',#2489,.T.);
#2489 = EDGE_LOOP('',(#2490,#2500,#2508,#2516,#2524,#2532,#2540,#2548,
    #2556,#2564,#2572,#2580));
#2490 = ORIENTED_EDGE('',*,*,#2491,.F.);
#2491 = EDGE_CURVE('',#2492,#2494,#2496,.T.);
#2492 = VERTEX_POINT('',#2493);
#2493 = CARTESIAN_POINT('',(-3.437799535793,-7.5,0.652263111336));
#2494 = VERTEX_POINT('',#2495);
#2495 = CARTESIAN_POINT('',(-3.437799535793,-7.5,0.691680333943));
#2496 = LINE('',#2497,#2498);
#2497 = CARTESIAN_POINT('',(-3.437799535793,-7.5,0.691680333943));
#2498 = VECTOR('',#2499,1.);
#2499 = DIRECTION('',(-0.,-0.,1.));
#2500 = ORIENTED_EDGE('',*,*,#2501,.F.);
#2501 = EDGE_CURVE('',#2502,#2492,#2504,.T.);
#2502 = VERTEX_POINT('',#2503);
#2503 = CARTESIAN_POINT('',(-3.623749841547,-7.5,0.652263111336));
#2504 = LINE('',#2505,#2506);
#2505 = CARTESIAN_POINT('',(-3.437799535793,-7.5,0.652263111336));
#2506 = VECTOR('',#2507,1.);
#2507 = DIRECTION('',(1.,-0.,-0.));
#2508 = ORIENTED_EDGE('',*,*,#2509,.F.);
#2509 = EDGE_CURVE('',#2510,#2502,#2512,.T.);
#2510 = VERTEX_POINT('',#2511);
#2511 = CARTESIAN_POINT('',(-3.623749841547,-7.5,0.998003413669));
#2512 = LINE('',#2513,#2514);
#2513 = CARTESIAN_POINT('',(-3.623749841547,-7.5,0.652263111336));
#2514 = VECTOR('',#2515,1.);
#2515 = DIRECTION('',(-0.,-0.,-1.));
#2516 = ORIENTED_EDGE('',*,*,#2517,.F.);
#2517 = EDGE_CURVE('',#2518,#2510,#2520,.T.);
#2518 = VERTEX_POINT('',#2519);
#2519 = CARTESIAN_POINT('',(-3.44566530443,-7.5,0.998003413669));
#2520 = LINE('',#2521,#2522);
#2521 = CARTESIAN_POINT('',(-3.623749841547,-7.5,0.998003413669));
#2522 = VECTOR('',#2523,1.);
#2523 = DIRECTION('',(-1.,-0.,-0.));
#2524 = ORIENTED_EDGE('',*,*,#2525,.F.);
#2525 = EDGE_CURVE('',#2526,#2518,#2528,.T.);
#2526 = VERTEX_POINT('',#2527);
#2527 = CARTESIAN_POINT('',(-3.44566530443,-7.5,0.95823267337));
#2528 = LINE('',#2529,#2530);
#2529 = CARTESIAN_POINT('',(-3.44566530443,-7.5,0.998003413669));
#2530 = VECTOR('',#2531,1.);
#2531 = DIRECTION('',(-0.,-0.,1.));
#2532 = ORIENTED_EDGE('',*,*,#2533,.F.);
#2533 = EDGE_CURVE('',#2534,#2526,#2536,.T.);
#2534 = VERTEX_POINT('',#2535);
#2535 = CARTESIAN_POINT('',(-3.579118232989,-7.5,0.95823267337));
#2536 = LINE('',#2537,#2538);
#2537 = CARTESIAN_POINT('',(-3.44566530443,-7.5,0.95823267337));
#2538 = VECTOR('',#2539,1.);
#2539 = DIRECTION('',(1.,-0.,-0.));
#2540 = ORIENTED_EDGE('',*,*,#2541,.F.);
#2541 = EDGE_CURVE('',#2542,#2534,#2544,.T.);
#2542 = VERTEX_POINT('',#2543);
#2543 = CARTESIAN_POINT('',(-3.579118232989,-7.5,0.847581635915));
#2544 = LINE('',#2545,#2546);
#2545 = CARTESIAN_POINT('',(-3.579118232989,-7.5,0.95823267337));
#2546 = VECTOR('',#2547,1.);
#2547 = DIRECTION('',(-0.,-0.,1.));
#2548 = ORIENTED_EDGE('',*,*,#2549,.F.);
#2549 = EDGE_CURVE('',#2550,#2542,#2552,.T.);
#2550 = VERTEX_POINT('',#2551);
#2551 = CARTESIAN_POINT('',(-3.455475420372,-7.5,0.847581635915));
#2552 = LINE('',#2553,#2554);
#2553 = CARTESIAN_POINT('',(-3.579118232989,-7.5,0.847581635915));
#2554 = VECTOR('',#2555,1.);
#2555 = DIRECTION('',(-1.,-0.,-0.));
#2556 = ORIENTED_EDGE('',*,*,#2557,.F.);
#2557 = EDGE_CURVE('',#2558,#2550,#2560,.T.);
#2558 = VERTEX_POINT('',#2559);
#2559 = CARTESIAN_POINT('',(-3.455475420372,-7.5,0.807987654462));
#2560 = LINE('',#2561,#2562);
#2561 = CARTESIAN_POINT('',(-3.455475420372,-7.5,0.847581635915));
#2562 = VECTOR('',#2563,1.);
#2563 = DIRECTION('',(-0.,-0.,1.));
#2564 = ORIENTED_EDGE('',*,*,#2565,.F.);
#2565 = EDGE_CURVE('',#2566,#2558,#2568,.T.);
#2566 = VERTEX_POINT('',#2567);
#2567 = CARTESIAN_POINT('',(-3.579118232989,-7.5,0.807987654462));
#2568 = LINE('',#2569,#2570);
#2569 = CARTESIAN_POINT('',(-3.455475420372,-7.5,0.807987654462));
#2570 = VECTOR('',#2571,1.);
#2571 = DIRECTION('',(1.,-0.,-0.));
#2572 = ORIENTED_EDGE('',*,*,#2573,.F.);
#2573 = EDGE_CURVE('',#2574,#2566,#2576,.T.);
#2574 = VERTEX_POINT('',#2575);
#2575 = CARTESIAN_POINT('',(-3.579118232989,-7.5,0.691680333943));
#2576 = LINE('',#2577,#2578);
#2577 = CARTESIAN_POINT('',(-3.579118232989,-7.5,0.807987654462));
#2578 = VECTOR('',#2579,1.);
#2579 = DIRECTION('',(-0.,-0.,1.));
#2580 = ORIENTED_EDGE('',*,*,#2581,.F.);
#2581 = EDGE_CURVE('',#2494,#2574,#2582,.T.);
#2582 = LINE('',#2583,#2584);
#2583 = CARTESIAN_POINT('',(-3.579118232989,-7.5,0.691680333943));
#2584 = VECTOR('',#2585,1.);
#2585 = DIRECTION('',(-1.,-0.,-0.));
#2586 = FACE_BOUND('',#2587,.T.);
#2587 = EDGE_LOOP('',(#2588,#2598,#2606,#2614,#2623,#2632,#2641));
#2588 = ORIENTED_EDGE('',*,*,#2589,.F.);
#2589 = EDGE_CURVE('',#2590,#2592,#2594,.T.);
#2590 = VERTEX_POINT('',#2591);
#2591 = CARTESIAN_POINT('',(-3.372487142279,-7.5,0.652263111336));
#2592 = VERTEX_POINT('',#2593);
#2593 = CARTESIAN_POINT('',(-3.277390883252,-7.5,0.652263111336));
#2594 = LINE('',#2595,#2596);
#2595 = CARTESIAN_POINT('',(-3.277390883252,-7.5,0.652263111336));
#2596 = VECTOR('',#2597,1.);
#2597 = DIRECTION('',(1.,-0.,-0.));
#2598 = ORIENTED_EDGE('',*,*,#2599,.F.);
#2599 = EDGE_CURVE('',#2600,#2590,#2602,.T.);
#2600 = VERTEX_POINT('',#2601);
#2601 = CARTESIAN_POINT('',(-3.372487142279,-7.5,0.998003413669));
#2602 = LINE('',#2603,#2604);
#2603 = CARTESIAN_POINT('',(-3.372487142279,-7.5,0.652263111336));
#2604 = VECTOR('',#2605,1.);
#2605 = DIRECTION('',(-0.,-0.,-1.));
#2606 = ORIENTED_EDGE('',*,*,#2607,.F.);
#2607 = EDGE_CURVE('',#2608,#2600,#2610,.T.);
#2608 = VERTEX_POINT('',#2609);
#2609 = CARTESIAN_POINT('',(-3.273855706338,-7.5,0.998003413669));
#2610 = LINE('',#2611,#2612);
#2611 = CARTESIAN_POINT('',(-3.372487142279,-7.5,0.998003413669));
#2612 = VECTOR('',#2613,1.);
#2613 = DIRECTION('',(-1.,-0.,-0.));
#2614 = ORIENTED_EDGE('',*,*,#2615,.F.);
#2615 = EDGE_CURVE('',#2616,#2608,#2618,.T.);
#2616 = VERTEX_POINT('',#2617);
#2617 = CARTESIAN_POINT('',(-3.143142539889,-7.5,0.952222872614));
#2618 = B_SPLINE_CURVE_WITH_KNOTS('',3,(#2619,#2620,#2621,#2622),
  .UNSPECIFIED.,.F.,.F.,(4,4),(2.,3.),.PIECEWISE_BEZIER_KNOTS.);
#2619 = CARTESIAN_POINT('',(-3.143142539889,-7.5,0.952222872614));
#2620 = CARTESIAN_POINT('',(-3.177875653082,-7.5,0.982802152931));
#2621 = CARTESIAN_POINT('',(-3.221446708567,-7.5,0.998003413669));
#2622 = CARTESIAN_POINT('',(-3.273855706338,-7.5,0.998003413669));
#2623 = ORIENTED_EDGE('',*,*,#2624,.F.);
#2624 = EDGE_CURVE('',#2625,#2616,#2627,.T.);
#2625 = VERTEX_POINT('',#2626);
#2626 = CARTESIAN_POINT('',(-3.090998680384,-7.5,0.829552233645));
#2627 = B_SPLINE_CURVE_WITH_KNOTS('',3,(#2628,#2629,#2630,#2631),
  .UNSPECIFIED.,.F.,.F.,(4,4),(3.,4.),.PIECEWISE_BEZIER_KNOTS.);
#2628 = CARTESIAN_POINT('',(-3.090998680384,-7.5,0.829552233645));
#2629 = CARTESIAN_POINT('',(-3.090998680384,-7.5,0.88081229892));
#2630 = CARTESIAN_POINT('',(-3.108409426694,-7.5,0.921643592294));
#2631 = CARTESIAN_POINT('',(-3.143142539889,-7.5,0.952222872614));
#2632 = ORIENTED_EDGE('',*,*,#2633,.F.);
#2633 = EDGE_CURVE('',#2634,#2625,#2636,.T.);
#2634 = VERTEX_POINT('',#2635);
#2635 = CARTESIAN_POINT('',(-3.143142539889,-7.5,0.700695035077));
#2636 = B_SPLINE_CURVE_WITH_KNOTS('',3,(#2637,#2638,#2639,#2640),
  .UNSPECIFIED.,.F.,.F.,(4,4),(4.,5.),.PIECEWISE_BEZIER_KNOTS.);
#2637 = CARTESIAN_POINT('',(-3.143142539889,-7.5,0.700695035077));
#2638 = CARTESIAN_POINT('',(-3.108409426694,-7.5,0.733041903854));
#2639 = CARTESIAN_POINT('',(-3.090998680384,-7.5,0.775994303375));
#2640 = CARTESIAN_POINT('',(-3.090998680384,-7.5,0.829552233645));
#2641 = ORIENTED_EDGE('',*,*,#2642,.F.);
#2642 = EDGE_CURVE('',#2592,#2634,#2643,.T.);
#2643 = B_SPLINE_CURVE_WITH_KNOTS('',3,(#2644,#2645,#2646,#2647),
  .UNSPECIFIED.,.F.,.F.,(4,4),(5.,6.),.PIECEWISE_BEZIER_KNOTS.);
#2644 = CARTESIAN_POINT('',(-3.277390883252,-7.5,0.652263111336));
#2645 = CARTESIAN_POINT('',(-3.222684020486,-7.5,0.652263111336));
#2646 = CARTESIAN_POINT('',(-3.177875653082,-7.5,0.668348166299));
#2647 = CARTESIAN_POINT('',(-3.143142539889,-7.5,0.700695035077));
#2648 = FACE_BOUND('',#2649,.T.);
#2649 = EDGE_LOOP('',(#2650,#2660,#2668,#2676,#2684,#2692,#2700,#2708));
#2650 = ORIENTED_EDGE('',*,*,#2651,.F.);
#2651 = EDGE_CURVE('',#2652,#2654,#2656,.T.);
#2652 = VERTEX_POINT('',#2653);
#2653 = CARTESIAN_POINT('',(-2.760724777057,-7.5,0.652263111336));
#2654 = VERTEX_POINT('',#2655);
#2655 = CARTESIAN_POINT('',(-2.892410117157,-7.5,0.998003413669));
#2656 = LINE('',#2657,#2658);
#2657 = CARTESIAN_POINT('',(-2.892410117157,-7.5,0.998003413669));
#2658 = VECTOR('',#2659,1.);
#2659 = DIRECTION('',(-0.355935724364,-0.,0.934510438744));
#2660 = ORIENTED_EDGE('',*,*,#2661,.F.);
#2661 = EDGE_CURVE('',#2662,#2652,#2664,.T.);
#2662 = VERTEX_POINT('',#2663);
#2663 = CARTESIAN_POINT('',(-2.810040495026,-7.5,0.652263111336));
#2664 = LINE('',#2665,#2666);
#2665 = CARTESIAN_POINT('',(-2.760724777057,-7.5,0.652263111336));
#2666 = VECTOR('',#2667,1.);
#2667 = DIRECTION('',(1.,-0.,-0.));
#2668 = ORIENTED_EDGE('',*,*,#2669,.F.);
#2669 = EDGE_CURVE('',#2670,#2662,#2672,.T.);
#2670 = VERTEX_POINT('',#2671);
#2671 = CARTESIAN_POINT('',(-2.84530388476,-7.5,0.746829093823));
#2672 = LINE('',#2673,#2674);
#2673 = CARTESIAN_POINT('',(-2.810040495026,-7.5,0.652263111336));
#2674 = VECTOR('',#2675,1.);
#2675 = DIRECTION('',(0.349395479497,-0.,-0.936975345944));
#2676 = ORIENTED_EDGE('',*,*,#2677,.F.);
#2677 = EDGE_CURVE('',#2678,#2670,#2680,.T.);
#2678 = VERTEX_POINT('',#2679);
#2679 = CARTESIAN_POINT('',(-2.989273964644,-7.5,0.746829093823));
#2680 = LINE('',#2681,#2682);
#2681 = CARTESIAN_POINT('',(-2.84530388476,-7.5,0.746829093823));
#2682 = VECTOR('',#2683,1.);
#2683 = DIRECTION('',(1.,-0.,-0.));
#2684 = ORIENTED_EDGE('',*,*,#2685,.F.);
#2685 = EDGE_CURVE('',#2686,#2678,#2688,.T.);
#2686 = VERTEX_POINT('',#2687);
#2687 = CARTESIAN_POINT('',(-3.022504627649,-7.5,0.652263111336));
#2688 = LINE('',#2689,#2690);
#2689 = CARTESIAN_POINT('',(-2.989273964644,-7.5,0.746829093823));
#2690 = VECTOR('',#2691,1.);
#2691 = DIRECTION('',(0.331528418358,-0.,0.94344523308));
#2692 = ORIENTED_EDGE('',*,*,#2693,.F.);
#2693 = EDGE_CURVE('',#2694,#2686,#2696,.T.);
#2694 = VERTEX_POINT('',#2695);
#2695 = CARTESIAN_POINT('',(-3.071820345621,-7.5,0.652263111336));
#2696 = LINE('',#2697,#2698);
#2697 = CARTESIAN_POINT('',(-3.022504627649,-7.5,0.652263111336));
#2698 = VECTOR('',#2699,1.);
#2699 = DIRECTION('',(1.,-0.,-0.));
#2700 = ORIENTED_EDGE('',*,*,#2701,.F.);
#2701 = EDGE_CURVE('',#2702,#2694,#2704,.T.);
#2702 = VERTEX_POINT('',#2703);
#2703 = CARTESIAN_POINT('',(-2.940135005518,-7.5,0.998003413669));
#2704 = LINE('',#2705,#2706);
#2705 = CARTESIAN_POINT('',(-3.071820345621,-7.5,0.652263111336));
#2706 = VECTOR('',#2707,1.);
#2707 = DIRECTION('',(-0.35593572437,-0.,-0.934510438742));
#2708 = ORIENTED_EDGE('',*,*,#2709,.F.);
#2709 = EDGE_CURVE('',#2654,#2702,#2710,.T.);
#2710 = LINE('',#2711,#2712);
#2711 = CARTESIAN_POINT('',(-2.940135005518,-7.5,0.998003413669));
#2712 = VECTOR('',#2713,1.);
#2713 = DIRECTION('',(-1.,-0.,-0.));
#2714 = FACE_BOUND('',#2715,.T.);
#2715 = EDGE_LOOP('',(#2716,#2727,#2736,#2745,#2753,#2762,#2771,#2780,
    #2788,#2797,#2806,#2815,#2824,#2833,#2842,#2851,#2860,#2869,#2878,
    #2886,#2894,#2902,#2911,#2920,#2929,#2938,#2947,#2956,#2965,#2974,
    #2983,#2992,#3001));
#2716 = ORIENTED_EDGE('',*,*,#2717,.F.);
#2717 = EDGE_CURVE('',#2718,#2720,#2722,.T.);
#2718 = VERTEX_POINT('',#2719);
#2719 = CARTESIAN_POINT('',(-4.864407110607,-7.5,0.995208974081));
#2720 = VERTEX_POINT('',#2721);
#2721 = CARTESIAN_POINT('',(-5.107766695151,-7.5,1.317230232574));
#2722 = B_SPLINE_CURVE_WITH_KNOTS('',3,(#2723,#2724,#2725,#2726),
  .UNSPECIFIED.,.F.,.F.,(4,4),(35.,36.),.PIECEWISE_BEZIER_KNOTS.);
#2723 = CARTESIAN_POINT('',(-4.864407110607,-7.5,0.995208974081));
#2724 = CARTESIAN_POINT('',(-4.866865251289,-7.5,1.142699571707));
#2725 = CARTESIAN_POINT('',(-4.967650613341,-7.5,1.272983043907));
#2726 = CARTESIAN_POINT('',(-5.107766695151,-7.5,1.317230232574));
#2727 = ORIENTED_EDGE('',*,*,#2728,.F.);
#2728 = EDGE_CURVE('',#2729,#2718,#2731,.T.);
#2729 = VERTEX_POINT('',#2730);
#2730 = CARTESIAN_POINT('',(-4.955359722391,-7.5,0.761682046033));
#2731 = B_SPLINE_CURVE_WITH_KNOTS('',3,(#2732,#2733,#2734,#2735),
  .UNSPECIFIED.,.F.,.F.,(4,4),(34.,35.),.PIECEWISE_BEZIER_KNOTS.);
#2732 = CARTESIAN_POINT('',(-4.955359722391,-7.5,0.761682046033));
#2733 = CARTESIAN_POINT('',(-4.896363408322,-7.5,0.825594641464));
#2734 = CARTESIAN_POINT('',(-4.864407110607,-7.5,0.909172737432));
#2735 = CARTESIAN_POINT('',(-4.864407110607,-7.5,0.995208974081));
#2736 = ORIENTED_EDGE('',*,*,#2737,.F.);
#2737 = EDGE_CURVE('',#2738,#2729,#2740,.T.);
#2738 = VERTEX_POINT('',#2739);
#2739 = CARTESIAN_POINT('',(-5.179053900169,-7.5,0.651064027483));
#2740 = B_SPLINE_CURVE_WITH_KNOTS('',3,(#2741,#2742,#2743,#2744),
  .UNSPECIFIED.,.F.,.F.,(4,4),(33.,34.),.PIECEWISE_BEZIER_KNOTS.);
#2741 = CARTESIAN_POINT('',(-5.179053900169,-7.5,0.651064027483));
#2742 = CARTESIAN_POINT('',(-5.093017663521,-7.5,0.6584385433));
#2743 = CARTESIAN_POINT('',(-5.014355942686,-7.5,0.697769450603));
#2744 = CARTESIAN_POINT('',(-4.955359722391,-7.5,0.761682046033));
#2745 = ORIENTED_EDGE('',*,*,#2746,.F.);
#2746 = EDGE_CURVE('',#2747,#2738,#2749,.T.);
#2747 = VERTEX_POINT('',#2748);
#2748 = CARTESIAN_POINT('',(-5.324086357114,-7.5,0.651064027483));
#2749 = LINE('',#2750,#2751);
#2750 = CARTESIAN_POINT('',(-5.186428415985,-7.5,0.651064027483));
#2751 = VECTOR('',#2752,1.);
#2752 = DIRECTION('',(1.,0.,0.));
#2753 = ORIENTED_EDGE('',*,*,#2754,.F.);
#2754 = EDGE_CURVE('',#2755,#2747,#2757,.T.);
#2755 = VERTEX_POINT('',#2756);
#2756 = CARTESIAN_POINT('',(-5.395373562132,-7.5,0.727267513866));
#2757 = B_SPLINE_CURVE_WITH_KNOTS('',3,(#2758,#2759,#2760,#2761),
  .UNSPECIFIED.,.F.,.F.,(4,4),(28.,29.),.PIECEWISE_BEZIER_KNOTS.);
#2758 = CARTESIAN_POINT('',(-5.395373562132,-7.5,0.727267513866));
#2759 = CARTESIAN_POINT('',(-5.395373562132,-7.5,0.687936700334));
#2760 = CARTESIAN_POINT('',(-5.363417264418,-7.5,0.653522168164));
#2761 = CARTESIAN_POINT('',(-5.324086357114,-7.5,0.651064027483));
#2762 = ORIENTED_EDGE('',*,*,#2763,.F.);
#2763 = EDGE_CURVE('',#2764,#2755,#2766,.T.);
#2764 = VERTEX_POINT('',#2765);
#2765 = CARTESIAN_POINT('',(-5.319170075752,-7.5,0.803471000245));
#2766 = B_SPLINE_CURVE_WITH_KNOTS('',3,(#2767,#2768,#2769,#2770),
  .UNSPECIFIED.,.F.,.F.,(4,4),(27.,28.),.PIECEWISE_BEZIER_KNOTS.);
#2767 = CARTESIAN_POINT('',(-5.319170075752,-7.5,0.803471000245));
#2768 = CARTESIAN_POINT('',(-5.360959123736,-7.5,0.803471000245));
#2769 = CARTESIAN_POINT('',(-5.395373562132,-7.5,0.769056468078));
#2770 = CARTESIAN_POINT('',(-5.395373562132,-7.5,0.727267513866));
#2771 = ORIENTED_EDGE('',*,*,#2772,.F.);
#2772 = EDGE_CURVE('',#2773,#2764,#2775,.T.);
#2773 = VERTEX_POINT('',#2774);
#2774 = CARTESIAN_POINT('',(-5.304421044121,-7.5,0.801012859565));
#2775 = B_SPLINE_CURVE_WITH_KNOTS('',3,(#2776,#2777,#2778,#2779),
  .UNSPECIFIED.,.F.,.F.,(4,4),(26.,27.),.PIECEWISE_BEZIER_KNOTS.);
#2776 = CARTESIAN_POINT('',(-5.304421044121,-7.5,0.801012859565));
#2777 = CARTESIAN_POINT('',(-5.309337419255,-7.5,0.801012859565));
#2778 = CARTESIAN_POINT('',(-5.31425379439,-7.5,0.803471000245));
#2779 = CARTESIAN_POINT('',(-5.319170075752,-7.5,0.803471000245));
#2780 = ORIENTED_EDGE('',*,*,#2781,.F.);
#2781 = EDGE_CURVE('',#2782,#2773,#2784,.T.);
#2782 = VERTEX_POINT('',#2783);
#2783 = CARTESIAN_POINT('',(-5.193803025572,-7.5,0.801012859565));
#2784 = LINE('',#2785,#2786);
#2785 = CARTESIAN_POINT('',(-5.193803025572,-7.5,0.801012859565));
#2786 = VECTOR('',#2787,1.);
#2787 = DIRECTION('',(-1.,0.,0.));
#2788 = ORIENTED_EDGE('',*,*,#2789,.F.);
#2789 = EDGE_CURVE('',#2790,#2782,#2792,.T.);
#2790 = VERTEX_POINT('',#2791);
#2791 = CARTESIAN_POINT('',(-5.01681417714,-7.5,0.992750739628));
#2792 = B_SPLINE_CURVE_WITH_KNOTS('',3,(#2793,#2794,#2795,#2796),
  .UNSPECIFIED.,.F.,.F.,(4,4),(24.,25.),.PIECEWISE_BEZIER_KNOTS.);
#2793 = CARTESIAN_POINT('',(-5.01681417714,-7.5,0.992750739628));
#2794 = CARTESIAN_POINT('',(-5.01681417714,-7.5,0.891965424461));
#2795 = CARTESIAN_POINT('',(-5.093017663521,-7.5,0.808387375381));
#2796 = CARTESIAN_POINT('',(-5.193803025572,-7.5,0.801012859565));
#2797 = ORIENTED_EDGE('',*,*,#2798,.F.);
#2798 = EDGE_CURVE('',#2799,#2790,#2801,.T.);
#2799 = VERTEX_POINT('',#2800);
#2800 = CARTESIAN_POINT('',(-5.208552057203,-7.5,1.184488619691));
#2801 = B_SPLINE_CURVE_WITH_KNOTS('',3,(#2802,#2803,#2804,#2805),
  .UNSPECIFIED.,.F.,.F.,(4,4),(23.,24.),.PIECEWISE_BEZIER_KNOTS.);
#2802 = CARTESIAN_POINT('',(-5.208552057203,-7.5,1.184488619691));
#2803 = CARTESIAN_POINT('',(-5.102850413789,-7.5,1.184488619691));
#2804 = CARTESIAN_POINT('',(-5.01681417714,-7.5,1.098452383043));
#2805 = CARTESIAN_POINT('',(-5.01681417714,-7.5,0.992750739628));
#2806 = ORIENTED_EDGE('',*,*,#2807,.F.);
#2807 = EDGE_CURVE('',#2808,#2799,#2810,.T.);
#2808 = VERTEX_POINT('',#2809);
#2809 = CARTESIAN_POINT('',(-5.228217463969,-7.5,1.184488619691));
#2810 = B_SPLINE_CURVE_WITH_KNOTS('',3,(#2811,#2812,#2813,#2814),
  .UNSPECIFIED.,.F.,.F.,(4,4),(22.,23.),.PIECEWISE_BEZIER_KNOTS.);
#2811 = CARTESIAN_POINT('',(-5.228217463969,-7.5,1.184488619691));
#2812 = CARTESIAN_POINT('',(-5.220842948154,-7.5,1.184488619691));
#2813 = CARTESIAN_POINT('',(-5.215926573019,-7.5,1.184488619691));
#2814 = CARTESIAN_POINT('',(-5.208552057203,-7.5,1.184488619691));
#2815 = ORIENTED_EDGE('',*,*,#2816,.F.);
#2816 = EDGE_CURVE('',#2817,#2808,#2819,.T.);
#2817 = VERTEX_POINT('',#2818);
#2818 = CARTESIAN_POINT('',(-5.572362410565,-7.5,1.491760893438));
#2819 = B_SPLINE_CURVE_WITH_KNOTS('',3,(#2820,#2821,#2822,#2823),
  .UNSPECIFIED.,.F.,.F.,(4,4),(21.,22.),.PIECEWISE_BEZIER_KNOTS.);
#2820 = CARTESIAN_POINT('',(-5.572362410565,-7.5,1.491760893438));
#2821 = CARTESIAN_POINT('',(-5.395373562132,-7.5,1.491760893438));
#2822 = CARTESIAN_POINT('',(-5.247882870735,-7.5,1.356561092989));
#2823 = CARTESIAN_POINT('',(-5.228217463969,-7.5,1.184488619691));
#2824 = ORIENTED_EDGE('',*,*,#2825,.F.);
#2825 = EDGE_CURVE('',#2826,#2817,#2828,.T.);
#2826 = VERTEX_POINT('',#2827);
#2827 = CARTESIAN_POINT('',(-5.901758231759,-7.5,1.25577591848));
#2828 = B_SPLINE_CURVE_WITH_KNOTS('',3,(#2829,#2830,#2831,#2832),
  .UNSPECIFIED.,.F.,.F.,(4,4),(20.,21.),.PIECEWISE_BEZIER_KNOTS.);
#2829 = CARTESIAN_POINT('',(-5.901758231759,-7.5,1.25577591848));
#2830 = CARTESIAN_POINT('',(-5.855052902413,-7.5,1.39343376584));
#2831 = CARTESIAN_POINT('',(-5.72722761778,-7.5,1.491760893438));
#2832 = CARTESIAN_POINT('',(-5.572362410565,-7.5,1.491760893438));
#2833 = ORIENTED_EDGE('',*,*,#2834,.F.);
#2834 = EDGE_CURVE('',#2835,#2826,#2837,.T.);
#2835 = VERTEX_POINT('',#2836);
#2836 = CARTESIAN_POINT('',(-6.032041657074,-7.5,1.292648591331));
#2837 = B_SPLINE_CURVE_WITH_KNOTS('',3,(#2838,#2839,#2840,#2841),
  .UNSPECIFIED.,.F.,.F.,(4,4),(19.,20.),.PIECEWISE_BEZIER_KNOTS.);
#2838 = CARTESIAN_POINT('',(-6.032041657074,-7.5,1.292648591331));
#2839 = CARTESIAN_POINT('',(-5.98533628084,-7.5,1.292648591331));
#2840 = CARTESIAN_POINT('',(-5.938630904608,-7.5,1.277899512814));
#2841 = CARTESIAN_POINT('',(-5.901758231759,-7.5,1.25577591848));
#2842 = ORIENTED_EDGE('',*,*,#2843,.F.);
#2843 = EDGE_CURVE('',#2844,#2835,#2846,.T.);
#2844 = VERTEX_POINT('',#2845);
#2845 = CARTESIAN_POINT('',(-6.277859476071,-7.5,1.046830772334));
#2846 = B_SPLINE_CURVE_WITH_KNOTS('',3,(#2847,#2848,#2849,#2850),
  .UNSPECIFIED.,.F.,.F.,(4,4),(18.,19.),.PIECEWISE_BEZIER_KNOTS.);
#2847 = CARTESIAN_POINT('',(-6.277859476071,-7.5,1.046830772334));
#2848 = CARTESIAN_POINT('',(-6.277859476071,-7.5,1.182030572783));
#2849 = CARTESIAN_POINT('',(-6.167241457522,-7.5,1.292648591331));
#2850 = CARTESIAN_POINT('',(-6.032041657074,-7.5,1.292648591331));
#2851 = ORIENTED_EDGE('',*,*,#2852,.F.);
#2852 = EDGE_CURVE('',#2853,#2844,#2855,.T.);
#2853 = VERTEX_POINT('',#2854);
#2854 = CARTESIAN_POINT('',(-6.130368784672,-7.5,0.820678360103));
#2855 = B_SPLINE_CURVE_WITH_KNOTS('',3,(#2856,#2857,#2858,#2859),
  .UNSPECIFIED.,.F.,.F.,(4,4),(17.,18.),.PIECEWISE_BEZIER_KNOTS.);
#2856 = CARTESIAN_POINT('',(-6.130368784672,-7.5,0.820678360103));
#2857 = CARTESIAN_POINT('',(-6.216405021321,-7.5,0.860009220518));
#2858 = CARTESIAN_POINT('',(-6.277859476071,-7.5,0.946045457167));
#2859 = CARTESIAN_POINT('',(-6.277859476071,-7.5,1.046830772334));
#2860 = ORIENTED_EDGE('',*,*,#2861,.F.);
#2861 = EDGE_CURVE('',#2862,#2853,#2864,.T.);
#2862 = VERTEX_POINT('',#2863);
#2863 = CARTESIAN_POINT('',(-5.899300044191,-7.5,0.982918130017));
#2864 = B_SPLINE_CURVE_WITH_KNOTS('',3,(#2865,#2866,#2867,#2868),
  .UNSPECIFIED.,.F.,.F.,(4,4),(16.,17.),.PIECEWISE_BEZIER_KNOTS.);
#2865 = CARTESIAN_POINT('',(-5.899300044191,-7.5,0.982918130017));
#2866 = CARTESIAN_POINT('',(-6.005001734492,-7.5,0.982918130017));
#2867 = CARTESIAN_POINT('',(-6.095954299389,-7.5,0.914089159454));
#2868 = CARTESIAN_POINT('',(-6.130368784672,-7.5,0.820678360103));
#2869 = ORIENTED_EDGE('',*,*,#2870,.F.);
#2870 = EDGE_CURVE('',#2871,#2862,#2873,.T.);
#2871 = VERTEX_POINT('',#2872);
#2872 = CARTESIAN_POINT('',(-5.714936679943,-7.5,0.899340080935));
#2873 = B_SPLINE_CURVE_WITH_KNOTS('',3,(#2874,#2875,#2876,#2877),
  .UNSPECIFIED.,.F.,.F.,(4,4),(15.,16.),.PIECEWISE_BEZIER_KNOTS.);
#2874 = CARTESIAN_POINT('',(-5.714936679943,-7.5,0.899340080935));
#2875 = CARTESIAN_POINT('',(-5.759183868609,-7.5,0.950961832302));
#2876 = CARTESIAN_POINT('',(-5.825554698492,-7.5,0.982918130017));
#2877 = CARTESIAN_POINT('',(-5.899300044191,-7.5,0.982918130017));
#2878 = ORIENTED_EDGE('',*,*,#2879,.F.);
#2879 = EDGE_CURVE('',#2880,#2871,#2882,.T.);
#2880 = VERTEX_POINT('',#2881);
#2881 = CARTESIAN_POINT('',(-5.385540811864,-7.5,1.071412554233));
#2882 = LINE('',#2883,#2884);
#2883 = CARTESIAN_POINT('',(-5.385540811864,-7.5,1.071412554233));
#2884 = VECTOR('',#2885,1.);
#2885 = DIRECTION('',(-0.886348842796,0.,-0.463018065387));
#2886 = ORIENTED_EDGE('',*,*,#2887,.F.);
#2887 = EDGE_CURVE('',#2888,#2880,#2890,.T.);
#2888 = VERTEX_POINT('',#2889);
#2889 = CARTESIAN_POINT('',(-5.309337325483,-7.5,0.941129082033));
#2890 = LINE('',#2891,#2892);
#2891 = CARTESIAN_POINT('',(-5.309337325483,-7.5,0.941129082033));
#2892 = VECTOR('',#2893,1.);
#2893 = DIRECTION('',(-0.50488304865,0.,0.863187758941));
#2894 = ORIENTED_EDGE('',*,*,#2895,.F.);
#2895 = EDGE_CURVE('',#2896,#2888,#2898,.T.);
#2896 = VERTEX_POINT('',#2897);
#2897 = CARTESIAN_POINT('',(-5.653482272079,-7.5,0.759223905353));
#2898 = LINE('',#2899,#2900);
#2899 = CARTESIAN_POINT('',(-5.653482272079,-7.5,0.759223905353));
#2900 = VECTOR('',#2901,1.);
#2901 = DIRECTION('',(0.884094950248,0.,0.467307306755));
#2902 = ORIENTED_EDGE('',*,*,#2903,.F.);
#2903 = EDGE_CURVE('',#2904,#2896,#2906,.T.);
#2904 = VERTEX_POINT('',#2905);
#2905 = CARTESIAN_POINT('',(-5.653482272079,-7.5,0.734642123452));
#2906 = B_SPLINE_CURVE_WITH_KNOTS('',3,(#2907,#2908,#2909,#2910),
  .UNSPECIFIED.,.F.,.F.,(4,4),(11.,12.),.PIECEWISE_BEZIER_KNOTS.);
#2907 = CARTESIAN_POINT('',(-5.653482272079,-7.5,0.734642123452));
#2908 = CARTESIAN_POINT('',(-5.653482272079,-7.5,0.742016639268));
#2909 = CARTESIAN_POINT('',(-5.653482272079,-7.5,0.749391155084));
#2910 = CARTESIAN_POINT('',(-5.653482272079,-7.5,0.759223905353));
#2911 = ORIENTED_EDGE('',*,*,#2912,.F.);
#2912 = EDGE_CURVE('',#2913,#2904,#2915,.T.);
#2913 = VERTEX_POINT('',#2914);
#2914 = CARTESIAN_POINT('',(-5.899300091077,-7.5,0.488824304455));
#2915 = B_SPLINE_CURVE_WITH_KNOTS('',3,(#2916,#2917,#2918,#2919),
  .UNSPECIFIED.,.F.,.F.,(4,4),(10.,11.),.PIECEWISE_BEZIER_KNOTS.);
#2916 = CARTESIAN_POINT('',(-5.899300091077,-7.5,0.488824304455));
#2917 = CARTESIAN_POINT('',(-5.76410029063,-7.5,0.488824304455));
#2918 = CARTESIAN_POINT('',(-5.653482272079,-7.5,0.599442323002));
#2919 = CARTESIAN_POINT('',(-5.653482272079,-7.5,0.734642123452));
#2920 = ORIENTED_EDGE('',*,*,#2921,.F.);
#2921 = EDGE_CURVE('',#2922,#2913,#2924,.T.);
#2922 = VERTEX_POINT('',#2923);
#2923 = CARTESIAN_POINT('',(-6.132827042569,-7.5,0.655980402619));
#2924 = B_SPLINE_CURVE_WITH_KNOTS('',3,(#2925,#2926,#2927,#2928),
  .UNSPECIFIED.,.F.,.F.,(4,4),(9.,10.),.PIECEWISE_BEZIER_KNOTS.);
#2925 = CARTESIAN_POINT('',(-6.132827042569,-7.5,0.655980402619));
#2926 = CARTESIAN_POINT('',(-6.100870721411,-7.5,0.557653275018));
#2927 = CARTESIAN_POINT('',(-6.007459968946,-7.5,0.488824304455));
#2928 = CARTESIAN_POINT('',(-5.899300091077,-7.5,0.488824304455));
#2929 = ORIENTED_EDGE('',*,*,#2930,.F.);
#2930 = EDGE_CURVE('',#2931,#2922,#2933,.T.);
#2931 = VERTEX_POINT('',#2932);
#2932 = CARTESIAN_POINT('',(-6.329481297766,-7.5,0.773972936983));
#2933 = B_SPLINE_CURVE_WITH_KNOTS('',3,(#2934,#2935,#2936,#2937),
  .UNSPECIFIED.,.F.,.F.,(4,4),(8.,9.),.PIECEWISE_BEZIER_KNOTS.);
#2934 = CARTESIAN_POINT('',(-6.329481297766,-7.5,0.773972936983));
#2935 = CARTESIAN_POINT('',(-6.275401382276,-7.5,0.714976622914));
#2936 = CARTESIAN_POINT('',(-6.209030552392,-7.5,0.675645809385));
#2937 = CARTESIAN_POINT('',(-6.132827042569,-7.5,0.655980402619));
#2938 = ORIENTED_EDGE('',*,*,#2939,.F.);
#2939 = EDGE_CURVE('',#2940,#2931,#2942,.T.);
#2940 = VERTEX_POINT('',#2941);
#2941 = CARTESIAN_POINT('',(-6.432724777056,-7.5,1.041914303428));
#2942 = B_SPLINE_CURVE_WITH_KNOTS('',3,(#2943,#2944,#2945,#2946),
  .UNSPECIFIED.,.F.,.F.,(4,4),(7.,8.),.PIECEWISE_BEZIER_KNOTS.);
#2943 = CARTESIAN_POINT('',(-6.432724777056,-7.5,1.041914303428));
#2944 = CARTESIAN_POINT('',(-6.432724777056,-7.5,0.943587175828));
#2945 = CARTESIAN_POINT('',(-6.395852104208,-7.5,0.84771818891));
#2946 = CARTESIAN_POINT('',(-6.329481297766,-7.5,0.773972936983));
#2947 = ORIENTED_EDGE('',*,*,#2948,.F.);
#2948 = EDGE_CURVE('',#2949,#2940,#2951,.T.);
#2949 = VERTEX_POINT('',#2950);
#2950 = CARTESIAN_POINT('',(-6.317190336487,-7.5,1.322146584264));
#2951 = B_SPLINE_CURVE_WITH_KNOTS('',3,(#2952,#2953,#2954,#2955),
  .UNSPECIFIED.,.F.,.F.,(4,4),(6.,7.),.PIECEWISE_BEZIER_KNOTS.);
#2952 = CARTESIAN_POINT('',(-6.317190336487,-7.5,1.322146584264));
#2953 = CARTESIAN_POINT('',(-6.390935746655,-7.5,1.248401262008));
#2954 = CARTESIAN_POINT('',(-6.432724777056,-7.5,1.147615946841));
#2955 = CARTESIAN_POINT('',(-6.432724777056,-7.5,1.041914303428));
#2956 = ORIENTED_EDGE('',*,*,#2957,.F.);
#2957 = EDGE_CURVE('',#2958,#2949,#2960,.T.);
#2958 = VERTEX_POINT('',#2959);
#2959 = CARTESIAN_POINT('',(-6.034499844641,-7.5,1.440139142071));
#2960 = B_SPLINE_CURVE_WITH_KNOTS('',3,(#2961,#2962,#2963,#2964),
  .UNSPECIFIED.,.F.,.F.,(4,4),(5.,6.),.PIECEWISE_BEZIER_KNOTS.);
#2961 = CARTESIAN_POINT('',(-6.034499844641,-7.5,1.440139142071));
#2962 = CARTESIAN_POINT('',(-6.140201511498,-7.5,1.440139142071));
#2963 = CARTESIAN_POINT('',(-6.240986803221,-7.5,1.398350117532));
#2964 = CARTESIAN_POINT('',(-6.317190336487,-7.5,1.322146584264));
#2965 = ORIENTED_EDGE('',*,*,#2966,.F.);
#2966 = EDGE_CURVE('',#2967,#2958,#2969,.T.);
#2967 = VERTEX_POINT('',#2968);
#2968 = CARTESIAN_POINT('',(-5.977961765025,-7.5,1.435222790381));
#2969 = B_SPLINE_CURVE_WITH_KNOTS('',3,(#2970,#2971,#2972,#2973),
  .UNSPECIFIED.,.F.,.F.,(4,4),(4.,5.),.PIECEWISE_BEZIER_KNOTS.);
#2970 = CARTESIAN_POINT('',(-5.977961765025,-7.5,1.435222790381));
#2971 = CARTESIAN_POINT('',(-5.997627171791,-7.5,1.437680977947));
#2972 = CARTESIAN_POINT('',(-6.014834437875,-7.5,1.440139142071));
#2973 = CARTESIAN_POINT('',(-6.034499844641,-7.5,1.440139142071));
#2974 = ORIENTED_EDGE('',*,*,#2975,.F.);
#2975 = EDGE_CURVE('',#2976,#2967,#2978,.T.);
#2976 = VERTEX_POINT('',#2977);
#2977 = CARTESIAN_POINT('',(-5.869801934044,-7.5,1.543382633082));
#2978 = B_SPLINE_CURVE_WITH_KNOTS('',3,(#2979,#2980,#2981,#2982),
  .UNSPECIFIED.,.F.,.F.,(4,4),(3.,4.),.PIECEWISE_BEZIER_KNOTS.);
#2979 = CARTESIAN_POINT('',(-5.869801934044,-7.5,1.543382633082));
#2980 = CARTESIAN_POINT('',(-5.911590982028,-7.5,1.51388448777));
#2981 = CARTESIAN_POINT('',(-5.94600546731,-7.5,1.477011814922));
#2982 = CARTESIAN_POINT('',(-5.977961765025,-7.5,1.435222790381));
#2983 = ORIENTED_EDGE('',*,*,#2984,.F.);
#2984 = EDGE_CURVE('',#2985,#2976,#2987,.T.);
#2985 = VERTEX_POINT('',#2986);
#2986 = CARTESIAN_POINT('',(-5.574820551247,-7.5,1.639251584837));
#2987 = B_SPLINE_CURVE_WITH_KNOTS('',3,(#2988,#2989,#2990,#2991),
  .UNSPECIFIED.,.F.,.F.,(4,4),(2.,3.),.PIECEWISE_BEZIER_KNOTS.);
#2988 = CARTESIAN_POINT('',(-5.574820551247,-7.5,1.639251584837));
#2989 = CARTESIAN_POINT('',(-5.682980382228,-7.5,1.639251584837));
#2990 = CARTESIAN_POINT('',(-5.783765697394,-7.5,1.604837090763));
#2991 = CARTESIAN_POINT('',(-5.869801934044,-7.5,1.543382633082));
#2992 = ORIENTED_EDGE('',*,*,#2993,.F.);
#2993 = EDGE_CURVE('',#2994,#2985,#2996,.T.);
#2994 = VERTEX_POINT('',#2995);
#2995 = CARTESIAN_POINT('',(-5.240508354918,-7.5,1.511426311924));
#2996 = B_SPLINE_CURVE_WITH_KNOTS('',3,(#2997,#2998,#2999,#3000),
  .UNSPECIFIED.,.F.,.F.,(4,4),(1.,2.),.PIECEWISE_BEZIER_KNOTS.);
#2997 = CARTESIAN_POINT('',(-5.240508354918,-7.5,1.511426311924));
#2998 = CARTESIAN_POINT('',(-5.333919107383,-7.5,1.592546199814));
#2999 = CARTESIAN_POINT('',(-5.451911641749,-7.5,1.639251584837));
#3000 = CARTESIAN_POINT('',(-5.574820551247,-7.5,1.639251584837));
#3001 = ORIENTED_EDGE('',*,*,#3002,.F.);
#3002 = EDGE_CURVE('',#2720,#2994,#3003,.T.);
#3003 = B_SPLINE_CURVE_WITH_KNOTS('',3,(#3004,#3005,#3006,#3007),
  .UNSPECIFIED.,.F.,.F.,(4,4),(0.,1.),.PIECEWISE_BEZIER_KNOTS.);
#3004 = CARTESIAN_POINT('',(-5.107766695151,-7.5,1.317230232574));
#3005 = CARTESIAN_POINT('',(-5.134806617732,-7.5,1.390975578271));
#3006 = CARTESIAN_POINT('',(-5.18151204085,-7.5,1.457346384713));
#3007 = CARTESIAN_POINT('',(-5.240508354918,-7.5,1.511426311924));
#3008 = PLANE('',#3009);
#3009 = AXIS2_PLACEMENT_3D('',#3010,#3011,#3012);
#3010 = CARTESIAN_POINT('',(-7.5,-7.5,4.));
#3011 = DIRECTION('',(0.,1.,0.));
#3012 = DIRECTION('',(0.,-0.,1.));
#3013 = ADVANCED_FACE('',(#3014),#3080,.F.);
#3014 = FACE_BOUND('',#3015,.T.);
#3015 = EDGE_LOOP('',(#3016,#3026,#3034,#3042,#3050,#3058,#3066,#3074));
#3016 = ORIENTED_EDGE('',*,*,#3017,.T.);
#3017 = EDGE_CURVE('',#3018,#3020,#3022,.T.);
#3018 = VERTEX_POINT('',#3019);
#3019 = CARTESIAN_POINT('',(7.5,-3.2,0.));
#3020 = VERTEX_POINT('',#3021);
#3021 = CARTESIAN_POINT('',(7.5,-0.75,0.));
#3022 = LINE('',#3023,#3024);
#3023 = CARTESIAN_POINT('',(7.5,7.5,0.));
#3024 = VECTOR('',#3025,1.);
#3025 = DIRECTION('',(-1.156482317318E-16,1.,-0.));
#3026 = ORIENTED_EDGE('',*,*,#3027,.T.);
#3027 = EDGE_CURVE('',#3020,#3028,#3030,.T.);
#3028 = VERTEX_POINT('',#3029);
#3029 = CARTESIAN_POINT('',(7.5,-0.75,1.));
#3030 = LINE('',#3031,#3032);
#3031 = CARTESIAN_POINT('',(7.5,-0.75,4.));
#3032 = VECTOR('',#3033,1.);
#3033 = DIRECTION('',(0.,0.,1.));
#3034 = ORIENTED_EDGE('',*,*,#3035,.F.);
#3035 = EDGE_CURVE('',#3036,#3028,#3038,.T.);
#3036 = VERTEX_POINT('',#3037);
#3037 = CARTESIAN_POINT('',(7.5,0.75,1.));
#3038 = LINE('',#3039,#3040);
#3039 = CARTESIAN_POINT('',(7.5,7.5,1.));
#3040 = VECTOR('',#3041,1.);
#3041 = DIRECTION('',(1.156482317318E-16,-1.,0.));
#3042 = ORIENTED_EDGE('',*,*,#3043,.T.);
#3043 = EDGE_CURVE('',#3036,#3044,#3046,.T.);
#3044 = VERTEX_POINT('',#3045);
#3045 = CARTESIAN_POINT('',(7.5,0.75,0.));
#3046 = LINE('',#3047,#3048);
#3047 = CARTESIAN_POINT('',(7.5,0.75,4.));
#3048 = VECTOR('',#3049,1.);
#3049 = DIRECTION('',(0.,0.,-1.));
#3050 = ORIENTED_EDGE('',*,*,#3051,.T.);
#3051 = EDGE_CURVE('',#3044,#3052,#3054,.T.);
#3052 = VERTEX_POINT('',#3053);
#3053 = CARTESIAN_POINT('',(7.5,3.2,0.));
#3054 = LINE('',#3055,#3056);
#3055 = CARTESIAN_POINT('',(7.5,7.5,0.));
#3056 = VECTOR('',#3057,1.);
#3057 = DIRECTION('',(-1.156482317318E-16,1.,-0.));
#3058 = ORIENTED_EDGE('',*,*,#3059,.T.);
#3059 = EDGE_CURVE('',#3052,#3060,#3062,.T.);
#3060 = VERTEX_POINT('',#3061);
#3061 = CARTESIAN_POINT('',(7.5,3.2,3.64));
#3062 = LINE('',#3063,#3064);
#3063 = CARTESIAN_POINT('',(7.5,3.2,4.));
#3064 = VECTOR('',#3065,1.);
#3065 = DIRECTION('',(0.,0.,1.));
#3066 = ORIENTED_EDGE('',*,*,#3067,.F.);
#3067 = EDGE_CURVE('',#3068,#3060,#3070,.T.);
#3068 = VERTEX_POINT('',#3069);
#3069 = CARTESIAN_POINT('',(7.5,-3.2,3.64));
#3070 = LINE('',#3071,#3072);
#3071 = CARTESIAN_POINT('',(7.5,-3.2,3.64));
#3072 = VECTOR('',#3073,1.);
#3073 = DIRECTION('',(0.,1.,0.));
#3074 = ORIENTED_EDGE('',*,*,#3075,.T.);
#3075 = EDGE_CURVE('',#3068,#3018,#3076,.T.);
#3076 = LINE('',#3077,#3078);
#3077 = CARTESIAN_POINT('',(7.5,-3.2,4.));
#3078 = VECTOR('',#3079,1.);
#3079 = DIRECTION('',(0.,0.,-1.));
#3080 = PLANE('',#3081);
#3081 = AXIS2_PLACEMENT_3D('',#3082,#3083,#3084);
#3082 = CARTESIAN_POINT('',(7.5,7.5,4.));
#3083 = DIRECTION('',(-1.,-1.156482317318E-16,0.));
#3084 = DIRECTION('',(1.156482317318E-16,-1.,0.));
#3085 = ADVANCED_FACE('',(#3086),#3152,.F.);
#3086 = FACE_BOUND('',#3087,.T.);
#3087 = EDGE_LOOP('',(#3088,#3098,#3106,#3114,#3122,#3130,#3138,#3146));
#3088 = ORIENTED_EDGE('',*,*,#3089,.F.);
#3089 = EDGE_CURVE('',#3090,#3092,#3094,.T.);
#3090 = VERTEX_POINT('',#3091);
#3091 = CARTESIAN_POINT('',(-1.75,7.5,3.64));
#3092 = VERTEX_POINT('',#3093);
#3093 = CARTESIAN_POINT('',(-6.,7.5,3.64));
#3094 = LINE('',#3095,#3096);
#3095 = CARTESIAN_POINT('',(6.,7.5,3.64));
#3096 = VECTOR('',#3097,1.);
#3097 = DIRECTION('',(-1.,0.,0.));
#3098 = ORIENTED_EDGE('',*,*,#3099,.F.);
#3099 = EDGE_CURVE('',#3100,#3090,#3102,.T.);
#3100 = VERTEX_POINT('',#3101);
#3101 = CARTESIAN_POINT('',(-1.75,7.5,3.24));
#3102 = LINE('',#3103,#3104);
#3103 = CARTESIAN_POINT('',(-1.75,7.5,3.24));
#3104 = VECTOR('',#3105,1.);
#3105 = DIRECTION('',(-5.421010862428E-16,0.,1.));
#3106 = ORIENTED_EDGE('',*,*,#3107,.F.);
#3107 = EDGE_CURVE('',#3108,#3100,#3110,.T.);
#3108 = VERTEX_POINT('',#3109);
#3109 = CARTESIAN_POINT('',(1.75,7.5,3.24));
#3110 = LINE('',#3111,#3112);
#3111 = CARTESIAN_POINT('',(1.75,7.5,3.24));
#3112 = VECTOR('',#3113,1.);
#3113 = DIRECTION('',(-1.,0.,0.));
#3114 = ORIENTED_EDGE('',*,*,#3115,.F.);
#3115 = EDGE_CURVE('',#3116,#3108,#3118,.T.);
#3116 = VERTEX_POINT('',#3117);
#3117 = CARTESIAN_POINT('',(1.75,7.5,3.64));
#3118 = LINE('',#3119,#3120);
#3119 = CARTESIAN_POINT('',(1.75,7.5,3.24));
#3120 = VECTOR('',#3121,1.);
#3121 = DIRECTION('',(-0.,-0.,-1.));
#3122 = ORIENTED_EDGE('',*,*,#3123,.F.);
#3123 = EDGE_CURVE('',#3124,#3116,#3126,.T.);
#3124 = VERTEX_POINT('',#3125);
#3125 = CARTESIAN_POINT('',(6.,7.5,3.64));
#3126 = LINE('',#3127,#3128);
#3127 = CARTESIAN_POINT('',(6.,7.5,3.64));
#3128 = VECTOR('',#3129,1.);
#3129 = DIRECTION('',(-1.,0.,0.));
#3130 = ORIENTED_EDGE('',*,*,#3131,.T.);
#3131 = EDGE_CURVE('',#3124,#3132,#3134,.T.);
#3132 = VERTEX_POINT('',#3133);
#3133 = CARTESIAN_POINT('',(6.,7.5,0.));
#3134 = LINE('',#3135,#3136);
#3135 = CARTESIAN_POINT('',(6.,7.5,4.));
#3136 = VECTOR('',#3137,1.);
#3137 = DIRECTION('',(0.,0.,-1.));
#3138 = ORIENTED_EDGE('',*,*,#3139,.T.);
#3139 = EDGE_CURVE('',#3132,#3140,#3142,.T.);
#3140 = VERTEX_POINT('',#3141);
#3141 = CARTESIAN_POINT('',(-6.,7.5,0.));
#3142 = LINE('',#3143,#3144);
#3143 = CARTESIAN_POINT('',(-7.5,7.5,0.));
#3144 = VECTOR('',#3145,1.);
#3145 = DIRECTION('',(-1.,-0.,-0.));
#3146 = ORIENTED_EDGE('',*,*,#3147,.T.);
#3147 = EDGE_CURVE('',#3140,#3092,#3148,.T.);
#3148 = LINE('',#3149,#3150);
#3149 = CARTESIAN_POINT('',(-6.,7.5,4.));
#3150 = VECTOR('',#3151,1.);
#3151 = DIRECTION('',(0.,0.,1.));
#3152 = PLANE('',#3153);
#3153 = AXIS2_PLACEMENT_3D('',#3154,#3155,#3156);
#3154 = CARTESIAN_POINT('',(-7.5,7.5,4.));
#3155 = DIRECTION('',(0.,-1.,0.));
#3156 = DIRECTION('',(0.,-0.,-1.));
#3157 = ADVANCED_FACE('',(#3158),#3224,.F.);
#3158 = FACE_BOUND('',#3159,.T.);
#3159 = EDGE_LOOP('',(#3160,#3170,#3178,#3186,#3194,#3202,#3210,#3218));
#3160 = ORIENTED_EDGE('',*,*,#3161,.T.);
#3161 = EDGE_CURVE('',#3162,#3164,#3166,.T.);
#3162 = VERTEX_POINT('',#3163);
#3163 = CARTESIAN_POINT('',(-7.5,0.75,1.));
#3164 = VERTEX_POINT('',#3165);
#3165 = CARTESIAN_POINT('',(-7.5,-0.75,1.));
#3166 = LINE('',#3167,#3168);
#3167 = CARTESIAN_POINT('',(-7.5,7.5,1.));
#3168 = VECTOR('',#3169,1.);
#3169 = DIRECTION('',(1.156482317318E-16,-1.,0.));
#3170 = ORIENTED_EDGE('',*,*,#3171,.T.);
#3171 = EDGE_CURVE('',#3164,#3172,#3174,.T.);
#3172 = VERTEX_POINT('',#3173);
#3173 = CARTESIAN_POINT('',(-7.5,-0.75,0.));
#3174 = LINE('',#3175,#3176);
#3175 = CARTESIAN_POINT('',(-7.5,-0.75,4.));
#3176 = VECTOR('',#3177,1.);
#3177 = DIRECTION('',(0.,0.,-1.));
#3178 = ORIENTED_EDGE('',*,*,#3179,.T.);
#3179 = EDGE_CURVE('',#3172,#3180,#3182,.T.);
#3180 = VERTEX_POINT('',#3181);
#3181 = CARTESIAN_POINT('',(-7.5,-3.2,0.));
#3182 = LINE('',#3183,#3184);
#3183 = CARTESIAN_POINT('',(-7.5,7.5,0.));
#3184 = VECTOR('',#3185,1.);
#3185 = DIRECTION('',(1.156482317318E-16,-1.,0.));
#3186 = ORIENTED_EDGE('',*,*,#3187,.T.);
#3187 = EDGE_CURVE('',#3180,#3188,#3190,.T.);
#3188 = VERTEX_POINT('',#3189);
#3189 = CARTESIAN_POINT('',(-7.5,-3.2,3.64));
#3190 = LINE('',#3191,#3192);
#3191 = CARTESIAN_POINT('',(-7.5,-3.2,4.));
#3192 = VECTOR('',#3193,1.);
#3193 = DIRECTION('',(0.,0.,1.));
#3194 = ORIENTED_EDGE('',*,*,#3195,.F.);
#3195 = EDGE_CURVE('',#3196,#3188,#3198,.T.);
#3196 = VERTEX_POINT('',#3197);
#3197 = CARTESIAN_POINT('',(-7.5,3.2,3.64));
#3198 = LINE('',#3199,#3200);
#3199 = CARTESIAN_POINT('',(-7.5,3.2,3.64));
#3200 = VECTOR('',#3201,1.);
#3201 = DIRECTION('',(0.,-1.,0.));
#3202 = ORIENTED_EDGE('',*,*,#3203,.T.);
#3203 = EDGE_CURVE('',#3196,#3204,#3206,.T.);
#3204 = VERTEX_POINT('',#3205);
#3205 = CARTESIAN_POINT('',(-7.5,3.2,0.));
#3206 = LINE('',#3207,#3208);
#3207 = CARTESIAN_POINT('',(-7.5,3.2,4.));
#3208 = VECTOR('',#3209,1.);
#3209 = DIRECTION('',(0.,0.,-1.));
#3210 = ORIENTED_EDGE('',*,*,#3211,.T.);
#3211 = EDGE_CURVE('',#3204,#3212,#3214,.T.);
#3212 = VERTEX_POINT('',#3213);
#3213 = CARTESIAN_POINT('',(-7.5,0.75,0.));
#3214 = LINE('',#3215,#3216);
#3215 = CARTESIAN_POINT('',(-7.5,7.5,0.));
#3216 = VECTOR('',#3217,1.);
#3217 = DIRECTION('',(1.156482317318E-16,-1.,0.));
#3218 = ORIENTED_EDGE('',*,*,#3219,.T.);
#3219 = EDGE_CURVE('',#3212,#3162,#3220,.T.);
#3220 = LINE('',#3221,#3222);
#3221 = CARTESIAN_POINT('',(-7.5,0.75,4.));
#3222 = VECTOR('',#3223,1.);
#3223 = DIRECTION('',(0.,-0.,1.));
#3224 = PLANE('',#3225);
#3225 = AXIS2_PLACEMENT_3D('',#3226,#3227,#3228);
#3226 = CARTESIAN_POINT('',(-7.5,7.5,4.));
#3227 = DIRECTION('',(1.,1.156482317318E-16,-0.));
#3228 = DIRECTION('',(-1.156482317318E-16,1.,0.));
#3229 = ADVANCED_FACE('',(#3230),#3255,.F.);
#3230 = FACE_BOUND('',#3231,.T.);
#3231 = EDGE_LOOP('',(#3232,#3242,#3248,#3249));
#3232 = ORIENTED_EDGE('',*,*,#3233,.F.);
#3233 = EDGE_CURVE('',#3234,#3236,#3238,.T.);
#3234 = VERTEX_POINT('',#3235);
#3235 = CARTESIAN_POINT('',(-7.,6.5,3.64));
#3236 = VERTEX_POINT('',#3237);
#3237 = CARTESIAN_POINT('',(-7.,6.5,0.));
#3238 = LINE('',#3239,#3240);
#3239 = CARTESIAN_POINT('',(-7.,6.5,4.));
#3240 = VECTOR('',#3241,1.);
#3241 = DIRECTION('',(0.,-0.,-1.));
#3242 = ORIENTED_EDGE('',*,*,#3243,.F.);
#3243 = EDGE_CURVE('',#3092,#3234,#3244,.T.);
#3244 = LINE('',#3245,#3246);
#3245 = CARTESIAN_POINT('',(-6.,7.5,3.64));
#3246 = VECTOR('',#3247,1.);
#3247 = DIRECTION('',(-0.707106781187,-0.707106781187,0.));
#3248 = ORIENTED_EDGE('',*,*,#3147,.F.);
#3249 = ORIENTED_EDGE('',*,*,#3250,.F.);
#3250 = EDGE_CURVE('',#3236,#3140,#3251,.T.);
#3251 = LINE('',#3252,#3253);
#3252 = CARTESIAN_POINT('',(-7.5,6.,0.));
#3253 = VECTOR('',#3254,1.);
#3254 = DIRECTION('',(0.707106781187,0.707106781187,-0.));
#3255 = PLANE('',#3256);
#3256 = AXIS2_PLACEMENT_3D('',#3257,#3258,#3259);
#3257 = CARTESIAN_POINT('',(-7.5,6.,4.));
#3258 = DIRECTION('',(0.707106781187,-0.707106781187,0.));
#3259 = DIRECTION('',(0.,0.,-1.));
#3260 = ADVANCED_FACE('',(#3261),#3286,.F.);
#3261 = FACE_BOUND('',#3262,.T.);
#3262 = EDGE_LOOP('',(#3263,#3264,#3272,#3280));
#3263 = ORIENTED_EDGE('',*,*,#3131,.F.);
#3264 = ORIENTED_EDGE('',*,*,#3265,.F.);
#3265 = EDGE_CURVE('',#3266,#3124,#3268,.T.);
#3266 = VERTEX_POINT('',#3267);
#3267 = CARTESIAN_POINT('',(7.,6.5,3.64));
#3268 = LINE('',#3269,#3270);
#3269 = CARTESIAN_POINT('',(7.,6.5,3.64));
#3270 = VECTOR('',#3271,1.);
#3271 = DIRECTION('',(-0.707106781187,0.707106781187,0.));
#3272 = ORIENTED_EDGE('',*,*,#3273,.F.);
#3273 = EDGE_CURVE('',#3274,#3266,#3276,.T.);
#3274 = VERTEX_POINT('',#3275);
#3275 = CARTESIAN_POINT('',(7.,6.5,0.));
#3276 = LINE('',#3277,#3278);
#3277 = CARTESIAN_POINT('',(7.,6.5,4.));
#3278 = VECTOR('',#3279,1.);
#3279 = DIRECTION('',(-0.,-0.,1.));
#3280 = ORIENTED_EDGE('',*,*,#3281,.F.);
#3281 = EDGE_CURVE('',#3132,#3274,#3282,.T.);
#3282 = LINE('',#3283,#3284);
#3283 = CARTESIAN_POINT('',(6.,7.5,0.));
#3284 = VECTOR('',#3285,1.);
#3285 = DIRECTION('',(0.707106781187,-0.707106781187,-0.));
#3286 = PLANE('',#3287);
#3287 = AXIS2_PLACEMENT_3D('',#3288,#3289,#3290);
#3288 = CARTESIAN_POINT('',(6.,7.5,4.));
#3289 = DIRECTION('',(-0.707106781187,-0.707106781187,-0.));
#3290 = DIRECTION('',(0.,0.,-1.));
#3291 = ADVANCED_FACE('',(#3292),#3326,.F.);
#3292 = FACE_BOUND('',#3293,.T.);
#3293 = EDGE_LOOP('',(#3294,#3304,#3312,#3320));
#3294 = ORIENTED_EDGE('',*,*,#3295,.F.);
#3295 = EDGE_CURVE('',#3296,#3298,#3300,.T.);
#3296 = VERTEX_POINT('',#3297);
#3297 = CARTESIAN_POINT('',(7.2,3.5,3.64));
#3298 = VERTEX_POINT('',#3299);
#3299 = CARTESIAN_POINT('',(7.,3.5,3.64));
#3300 = LINE('',#3301,#3302);
#3301 = CARTESIAN_POINT('',(7.2,3.5,3.64));
#3302 = VECTOR('',#3303,1.);
#3303 = DIRECTION('',(-1.,0.,0.));
#3304 = ORIENTED_EDGE('',*,*,#3305,.T.);
#3305 = EDGE_CURVE('',#3296,#3306,#3308,.T.);
#3306 = VERTEX_POINT('',#3307);
#3307 = CARTESIAN_POINT('',(7.2,3.5,0.));
#3308 = LINE('',#3309,#3310);
#3309 = CARTESIAN_POINT('',(7.2,3.5,0.));
#3310 = VECTOR('',#3311,1.);
#3311 = DIRECTION('',(0.,0.,-1.));
#3312 = ORIENTED_EDGE('',*,*,#3313,.F.);
#3313 = EDGE_CURVE('',#3314,#3306,#3316,.T.);
#3314 = VERTEX_POINT('',#3315);
#3315 = CARTESIAN_POINT('',(7.,3.5,0.));
#3316 = LINE('',#3317,#3318);
#3317 = CARTESIAN_POINT('',(7.5,3.5,0.));
#3318 = VECTOR('',#3319,1.);
#3319 = DIRECTION('',(1.,-0.,-0.));
#3320 = ORIENTED_EDGE('',*,*,#3321,.T.);
#3321 = EDGE_CURVE('',#3314,#3298,#3322,.T.);
#3322 = LINE('',#3323,#3324);
#3323 = CARTESIAN_POINT('',(7.,3.5,0.));
#3324 = VECTOR('',#3325,1.);
#3325 = DIRECTION('',(-0.,-0.,1.));
#3326 = PLANE('',#3327);
#3327 = AXIS2_PLACEMENT_3D('',#3328,#3329,#3330);
#3328 = CARTESIAN_POINT('',(7.5,3.5,0.));
#3329 = DIRECTION('',(0.,-1.,-0.));
#3330 = DIRECTION('',(0.,0.,-1.));
#3331 = ADVANCED_FACE('',(#3332),#3380,.F.);
#3332 = FACE_BOUND('',#3333,.T.);
#3333 = EDGE_LOOP('',(#3334,#3340,#3341,#3349,#3357,#3365,#3373,#3379));
#3334 = ORIENTED_EDGE('',*,*,#3335,.F.);
#3335 = EDGE_CURVE('',#3298,#3266,#3336,.T.);
#3336 = LINE('',#3337,#3338);
#3337 = CARTESIAN_POINT('',(7.,3.5,3.64));
#3338 = VECTOR('',#3339,1.);
#3339 = DIRECTION('',(2.891205793295E-16,1.,0.));
#3340 = ORIENTED_EDGE('',*,*,#3321,.F.);
#3341 = ORIENTED_EDGE('',*,*,#3342,.F.);
#3342 = EDGE_CURVE('',#3343,#3314,#3345,.T.);
#3343 = VERTEX_POINT('',#3344);
#3344 = CARTESIAN_POINT('',(7.,3.75,0.));
#3345 = LINE('',#3346,#3347);
#3346 = CARTESIAN_POINT('',(7.,7.5,0.));
#3347 = VECTOR('',#3348,1.);
#3348 = DIRECTION('',(-2.168404344971E-16,-1.,0.));
#3349 = ORIENTED_EDGE('',*,*,#3350,.F.);
#3350 = EDGE_CURVE('',#3351,#3343,#3353,.T.);
#3351 = VERTEX_POINT('',#3352);
#3352 = CARTESIAN_POINT('',(7.,3.75,0.19));
#3353 = LINE('',#3354,#3355);
#3354 = CARTESIAN_POINT('',(7.,3.75,0.19));
#3355 = VECTOR('',#3356,1.);
#3356 = DIRECTION('',(-0.,-0.,-1.));
#3357 = ORIENTED_EDGE('',*,*,#3358,.F.);
#3358 = EDGE_CURVE('',#3359,#3351,#3361,.T.);
#3359 = VERTEX_POINT('',#3360);
#3360 = CARTESIAN_POINT('',(7.,6.25,0.19));
#3361 = LINE('',#3362,#3363);
#3362 = CARTESIAN_POINT('',(7.,3.75,0.19));
#3363 = VECTOR('',#3364,1.);
#3364 = DIRECTION('',(-0.,-1.,-0.));
#3365 = ORIENTED_EDGE('',*,*,#3366,.T.);
#3366 = EDGE_CURVE('',#3359,#3367,#3369,.T.);
#3367 = VERTEX_POINT('',#3368);
#3368 = CARTESIAN_POINT('',(7.,6.25,0.));
#3369 = LINE('',#3370,#3371);
#3370 = CARTESIAN_POINT('',(7.,6.25,0.19));
#3371 = VECTOR('',#3372,1.);
#3372 = DIRECTION('',(-0.,-0.,-1.));
#3373 = ORIENTED_EDGE('',*,*,#3374,.F.);
#3374 = EDGE_CURVE('',#3274,#3367,#3375,.T.);
#3375 = LINE('',#3376,#3377);
#3376 = CARTESIAN_POINT('',(7.,7.5,0.));
#3377 = VECTOR('',#3378,1.);
#3378 = DIRECTION('',(-2.168404344971E-16,-1.,0.));
#3379 = ORIENTED_EDGE('',*,*,#3273,.T.);
#3380 = PLANE('',#3381);
#3381 = AXIS2_PLACEMENT_3D('',#3382,#3383,#3384);
#3382 = CARTESIAN_POINT('',(7.,7.5,0.));
#3383 = DIRECTION('',(-1.,2.168404344971E-16,0.));
#3384 = DIRECTION('',(-2.168404344971E-16,-1.,0.));
#3385 = ADVANCED_FACE('',(#3386),#3443,.F.);
#3386 = FACE_BOUND('',#3387,.T.);
#3387 = EDGE_LOOP('',(#3388,#3396,#3397,#3405,#3413,#3421,#3429,#3437));
#3388 = ORIENTED_EDGE('',*,*,#3389,.F.);
#3389 = EDGE_CURVE('',#3234,#3390,#3392,.T.);
#3390 = VERTEX_POINT('',#3391);
#3391 = CARTESIAN_POINT('',(-7.,3.5,3.64));
#3392 = LINE('',#3393,#3394);
#3393 = CARTESIAN_POINT('',(-7.,6.5,3.64));
#3394 = VECTOR('',#3395,1.);
#3395 = DIRECTION('',(0.,-1.,0.));
#3396 = ORIENTED_EDGE('',*,*,#3233,.T.);
#3397 = ORIENTED_EDGE('',*,*,#3398,.F.);
#3398 = EDGE_CURVE('',#3399,#3236,#3401,.T.);
#3399 = VERTEX_POINT('',#3400);
#3400 = CARTESIAN_POINT('',(-7.,6.25,0.));
#3401 = LINE('',#3402,#3403);
#3402 = CARTESIAN_POINT('',(-7.,7.5,0.));
#3403 = VECTOR('',#3404,1.);
#3404 = DIRECTION('',(-6.505213034913E-16,1.,-0.));
#3405 = ORIENTED_EDGE('',*,*,#3406,.F.);
#3406 = EDGE_CURVE('',#3407,#3399,#3409,.T.);
#3407 = VERTEX_POINT('',#3408);
#3408 = CARTESIAN_POINT('',(-7.,6.25,0.19));
#3409 = LINE('',#3410,#3411);
#3410 = CARTESIAN_POINT('',(-7.,6.25,0.19));
#3411 = VECTOR('',#3412,1.);
#3412 = DIRECTION('',(-0.,-0.,-1.));
#3413 = ORIENTED_EDGE('',*,*,#3414,.F.);
#3414 = EDGE_CURVE('',#3415,#3407,#3417,.T.);
#3415 = VERTEX_POINT('',#3416);
#3416 = CARTESIAN_POINT('',(-7.,3.75,0.19));
#3417 = LINE('',#3418,#3419);
#3418 = CARTESIAN_POINT('',(-7.,3.75,0.19));
#3419 = VECTOR('',#3420,1.);
#3420 = DIRECTION('',(0.,1.,0.));
#3421 = ORIENTED_EDGE('',*,*,#3422,.T.);
#3422 = EDGE_CURVE('',#3415,#3423,#3425,.T.);
#3423 = VERTEX_POINT('',#3424);
#3424 = CARTESIAN_POINT('',(-7.,3.75,0.));
#3425 = LINE('',#3426,#3427);
#3426 = CARTESIAN_POINT('',(-7.,3.75,0.19));
#3427 = VECTOR('',#3428,1.);
#3428 = DIRECTION('',(-0.,-0.,-1.));
#3429 = ORIENTED_EDGE('',*,*,#3430,.F.);
#3430 = EDGE_CURVE('',#3431,#3423,#3433,.T.);
#3431 = VERTEX_POINT('',#3432);
#3432 = CARTESIAN_POINT('',(-7.,3.5,0.));
#3433 = LINE('',#3434,#3435);
#3434 = CARTESIAN_POINT('',(-7.,7.5,0.));
#3435 = VECTOR('',#3436,1.);
#3436 = DIRECTION('',(-6.505213034913E-16,1.,-0.));
#3437 = ORIENTED_EDGE('',*,*,#3438,.T.);
#3438 = EDGE_CURVE('',#3431,#3390,#3439,.T.);
#3439 = LINE('',#3440,#3441);
#3440 = CARTESIAN_POINT('',(-7.,3.5,0.));
#3441 = VECTOR('',#3442,1.);
#3442 = DIRECTION('',(-0.,-0.,1.));
#3443 = PLANE('',#3444);
#3444 = AXIS2_PLACEMENT_3D('',#3445,#3446,#3447);
#3445 = CARTESIAN_POINT('',(-7.,7.5,0.));
#3446 = DIRECTION('',(1.,6.505213034913E-16,0.));
#3447 = DIRECTION('',(-6.505213034913E-16,1.,0.));
#3448 = ADVANCED_FACE('',(#3449),#3474,.F.);
#3449 = FACE_BOUND('',#3450,.T.);
#3450 = EDGE_LOOP('',(#3451,#3459,#3460,#3468));
#3451 = ORIENTED_EDGE('',*,*,#3452,.F.);
#3452 = EDGE_CURVE('',#3390,#3453,#3455,.T.);
#3453 = VERTEX_POINT('',#3454);
#3454 = CARTESIAN_POINT('',(-7.2,3.5,3.64));
#3455 = LINE('',#3456,#3457);
#3456 = CARTESIAN_POINT('',(-7.,3.5,3.64));
#3457 = VECTOR('',#3458,1.);
#3458 = DIRECTION('',(-1.,0.,0.));
#3459 = ORIENTED_EDGE('',*,*,#3438,.F.);
#3460 = ORIENTED_EDGE('',*,*,#3461,.F.);
#3461 = EDGE_CURVE('',#3462,#3431,#3464,.T.);
#3462 = VERTEX_POINT('',#3463);
#3463 = CARTESIAN_POINT('',(-7.2,3.5,0.));
#3464 = LINE('',#3465,#3466);
#3465 = CARTESIAN_POINT('',(-7.5,3.5,0.));
#3466 = VECTOR('',#3467,1.);
#3467 = DIRECTION('',(1.,0.,0.));
#3468 = ORIENTED_EDGE('',*,*,#3469,.T.);
#3469 = EDGE_CURVE('',#3462,#3453,#3470,.T.);
#3470 = LINE('',#3471,#3472);
#3471 = CARTESIAN_POINT('',(-7.2,3.5,0.));
#3472 = VECTOR('',#3473,1.);
#3473 = DIRECTION('',(0.,0.,1.));
#3474 = PLANE('',#3475);
#3475 = AXIS2_PLACEMENT_3D('',#3476,#3477,#3478);
#3476 = CARTESIAN_POINT('',(-7.5,3.5,0.));
#3477 = DIRECTION('',(0.,-1.,0.));
#3478 = DIRECTION('',(0.,-0.,-1.));
#3479 = ADVANCED_FACE('',(#3480),#3514,.F.);
#3480 = FACE_BOUND('',#3481,.T.);
#3481 = EDGE_LOOP('',(#3482,#3492,#3500,#3508));
#3482 = ORIENTED_EDGE('',*,*,#3483,.F.);
#3483 = EDGE_CURVE('',#3484,#3486,#3488,.T.);
#3484 = VERTEX_POINT('',#3485);
#3485 = CARTESIAN_POINT('',(-7.2,-3.5,3.64));
#3486 = VERTEX_POINT('',#3487);
#3487 = CARTESIAN_POINT('',(-7.,-3.5,3.64));
#3488 = LINE('',#3489,#3490);
#3489 = CARTESIAN_POINT('',(-7.2,-3.5,3.64));
#3490 = VECTOR('',#3491,1.);
#3491 = DIRECTION('',(1.,0.,0.));
#3492 = ORIENTED_EDGE('',*,*,#3493,.T.);
#3493 = EDGE_CURVE('',#3484,#3494,#3496,.T.);
#3494 = VERTEX_POINT('',#3495);
#3495 = CARTESIAN_POINT('',(-7.2,-3.5,0.));
#3496 = LINE('',#3497,#3498);
#3497 = CARTESIAN_POINT('',(-7.2,-3.5,0.));
#3498 = VECTOR('',#3499,1.);
#3499 = DIRECTION('',(0.,0.,-1.));
#3500 = ORIENTED_EDGE('',*,*,#3501,.F.);
#3501 = EDGE_CURVE('',#3502,#3494,#3504,.T.);
#3502 = VERTEX_POINT('',#3503);
#3503 = CARTESIAN_POINT('',(-7.,-3.5,0.));
#3504 = LINE('',#3505,#3506);
#3505 = CARTESIAN_POINT('',(-7.5,-3.5,0.));
#3506 = VECTOR('',#3507,1.);
#3507 = DIRECTION('',(-1.,-0.,-0.));
#3508 = ORIENTED_EDGE('',*,*,#3509,.T.);
#3509 = EDGE_CURVE('',#3502,#3486,#3510,.T.);
#3510 = LINE('',#3511,#3512);
#3511 = CARTESIAN_POINT('',(-7.,-3.5,0.));
#3512 = VECTOR('',#3513,1.);
#3513 = DIRECTION('',(-0.,-0.,1.));
#3514 = PLANE('',#3515);
#3515 = AXIS2_PLACEMENT_3D('',#3516,#3517,#3518);
#3516 = CARTESIAN_POINT('',(-7.5,-3.5,0.));
#3517 = DIRECTION('',(-0.,1.,0.));
#3518 = DIRECTION('',(0.,0.,1.));
#3519 = ADVANCED_FACE('',(#3520),#3568,.F.);
#3520 = FACE_BOUND('',#3521,.T.);
#3521 = EDGE_LOOP('',(#3522,#3528,#3529,#3537,#3545,#3553,#3561,#3567));
#3522 = ORIENTED_EDGE('',*,*,#3523,.F.);
#3523 = EDGE_CURVE('',#3486,#2011,#3524,.T.);
#3524 = LINE('',#3525,#3526);
#3525 = CARTESIAN_POINT('',(-7.,-3.5,3.64));
#3526 = VECTOR('',#3527,1.);
#3527 = DIRECTION('',(0.,-1.,0.));
#3528 = ORIENTED_EDGE('',*,*,#3509,.F.);
#3529 = ORIENTED_EDGE('',*,*,#3530,.F.);
#3530 = EDGE_CURVE('',#3531,#3502,#3533,.T.);
#3531 = VERTEX_POINT('',#3532);
#3532 = CARTESIAN_POINT('',(-7.,-3.75,0.));
#3533 = LINE('',#3534,#3535);
#3534 = CARTESIAN_POINT('',(-7.,-7.5,0.));
#3535 = VECTOR('',#3536,1.);
#3536 = DIRECTION('',(0.,1.,0.));
#3537 = ORIENTED_EDGE('',*,*,#3538,.F.);
#3538 = EDGE_CURVE('',#3539,#3531,#3541,.T.);
#3539 = VERTEX_POINT('',#3540);
#3540 = CARTESIAN_POINT('',(-7.,-3.75,0.19));
#3541 = LINE('',#3542,#3543);
#3542 = CARTESIAN_POINT('',(-7.,-3.75,0.19));
#3543 = VECTOR('',#3544,1.);
#3544 = DIRECTION('',(-0.,-0.,-1.));
#3545 = ORIENTED_EDGE('',*,*,#3546,.F.);
#3546 = EDGE_CURVE('',#3547,#3539,#3549,.T.);
#3547 = VERTEX_POINT('',#3548);
#3548 = CARTESIAN_POINT('',(-7.,-6.25,0.19));
#3549 = LINE('',#3550,#3551);
#3550 = CARTESIAN_POINT('',(-7.,-3.75,0.19));
#3551 = VECTOR('',#3552,1.);
#3552 = DIRECTION('',(-0.,1.,-0.));
#3553 = ORIENTED_EDGE('',*,*,#3554,.T.);
#3554 = EDGE_CURVE('',#3547,#3555,#3557,.T.);
#3555 = VERTEX_POINT('',#3556);
#3556 = CARTESIAN_POINT('',(-7.,-6.25,0.));
#3557 = LINE('',#3558,#3559);
#3558 = CARTESIAN_POINT('',(-7.,-6.25,0.19));
#3559 = VECTOR('',#3560,1.);
#3560 = DIRECTION('',(-0.,-0.,-1.));
#3561 = ORIENTED_EDGE('',*,*,#3562,.F.);
#3562 = EDGE_CURVE('',#1961,#3555,#3563,.T.);
#3563 = LINE('',#3564,#3565);
#3564 = CARTESIAN_POINT('',(-7.,-7.5,0.));
#3565 = VECTOR('',#3566,1.);
#3566 = DIRECTION('',(0.,1.,0.));
#3567 = ORIENTED_EDGE('',*,*,#2018,.T.);
#3568 = PLANE('',#3569);
#3569 = AXIS2_PLACEMENT_3D('',#3570,#3571,#3572);
#3570 = CARTESIAN_POINT('',(-7.,-7.5,0.));
#3571 = DIRECTION('',(1.,-0.,0.));
#3572 = DIRECTION('',(0.,0.,-1.));
#3573 = ADVANCED_FACE('',(#3574),#3631,.F.);
#3574 = FACE_BOUND('',#3575,.T.);
#3575 = EDGE_LOOP('',(#3576,#3584,#3585,#3593,#3601,#3609,#3617,#3625));
#3576 = ORIENTED_EDGE('',*,*,#3577,.F.);
#3577 = EDGE_CURVE('',#2003,#3578,#3580,.T.);
#3578 = VERTEX_POINT('',#3579);
#3579 = CARTESIAN_POINT('',(7.,-3.5,3.64));
#3580 = LINE('',#3581,#3582);
#3581 = CARTESIAN_POINT('',(7.,-7.5,3.64));
#3582 = VECTOR('',#3583,1.);
#3583 = DIRECTION('',(-4.336808689942E-16,1.,0.));
#3584 = ORIENTED_EDGE('',*,*,#2002,.F.);
#3585 = ORIENTED_EDGE('',*,*,#3586,.F.);
#3586 = EDGE_CURVE('',#3587,#1995,#3589,.T.);
#3587 = VERTEX_POINT('',#3588);
#3588 = CARTESIAN_POINT('',(7.,-6.25,-0.));
#3589 = LINE('',#3590,#3591);
#3590 = CARTESIAN_POINT('',(7.,-7.5,0.));
#3591 = VECTOR('',#3592,1.);
#3592 = DIRECTION('',(4.336808689942E-16,-1.,-0.));
#3593 = ORIENTED_EDGE('',*,*,#3594,.F.);
#3594 = EDGE_CURVE('',#3595,#3587,#3597,.T.);
#3595 = VERTEX_POINT('',#3596);
#3596 = CARTESIAN_POINT('',(7.,-6.25,0.19));
#3597 = LINE('',#3598,#3599);
#3598 = CARTESIAN_POINT('',(7.,-6.25,0.19));
#3599 = VECTOR('',#3600,1.);
#3600 = DIRECTION('',(-0.,-0.,-1.));
#3601 = ORIENTED_EDGE('',*,*,#3602,.F.);
#3602 = EDGE_CURVE('',#3603,#3595,#3605,.T.);
#3603 = VERTEX_POINT('',#3604);
#3604 = CARTESIAN_POINT('',(7.,-3.75,0.19));
#3605 = LINE('',#3606,#3607);
#3606 = CARTESIAN_POINT('',(7.,-3.75,0.19));
#3607 = VECTOR('',#3608,1.);
#3608 = DIRECTION('',(0.,-1.,0.));
#3609 = ORIENTED_EDGE('',*,*,#3610,.T.);
#3610 = EDGE_CURVE('',#3603,#3611,#3613,.T.);
#3611 = VERTEX_POINT('',#3612);
#3612 = CARTESIAN_POINT('',(7.,-3.75,-0.));
#3613 = LINE('',#3614,#3615);
#3614 = CARTESIAN_POINT('',(7.,-3.75,0.19));
#3615 = VECTOR('',#3616,1.);
#3616 = DIRECTION('',(-0.,-0.,-1.));
#3617 = ORIENTED_EDGE('',*,*,#3618,.F.);
#3618 = EDGE_CURVE('',#3619,#3611,#3621,.T.);
#3619 = VERTEX_POINT('',#3620);
#3620 = CARTESIAN_POINT('',(7.,-3.5,0.));
#3621 = LINE('',#3622,#3623);
#3622 = CARTESIAN_POINT('',(7.,-7.5,0.));
#3623 = VECTOR('',#3624,1.);
#3624 = DIRECTION('',(4.336808689942E-16,-1.,-0.));
#3625 = ORIENTED_EDGE('',*,*,#3626,.T.);
#3626 = EDGE_CURVE('',#3619,#3578,#3627,.T.);
#3627 = LINE('',#3628,#3629);
#3628 = CARTESIAN_POINT('',(7.,-3.5,0.));
#3629 = VECTOR('',#3630,1.);
#3630 = DIRECTION('',(-0.,-0.,1.));
#3631 = PLANE('',#3632);
#3632 = AXIS2_PLACEMENT_3D('',#3633,#3634,#3635);
#3633 = CARTESIAN_POINT('',(7.,-7.5,0.));
#3634 = DIRECTION('',(-1.,-4.336808689942E-16,0.));
#3635 = DIRECTION('',(4.336808689942E-16,-1.,0.));
#3636 = ADVANCED_FACE('',(#3637),#3662,.F.);
#3637 = FACE_BOUND('',#3638,.T.);
#3638 = EDGE_LOOP('',(#3639,#3647,#3648,#3656));
#3639 = ORIENTED_EDGE('',*,*,#3640,.F.);
#3640 = EDGE_CURVE('',#3578,#3641,#3643,.T.);
#3641 = VERTEX_POINT('',#3642);
#3642 = CARTESIAN_POINT('',(7.2,-3.5,3.64));
#3643 = LINE('',#3644,#3645);
#3644 = CARTESIAN_POINT('',(7.,-3.5,3.64));
#3645 = VECTOR('',#3646,1.);
#3646 = DIRECTION('',(1.,0.,0.));
#3647 = ORIENTED_EDGE('',*,*,#3626,.F.);
#3648 = ORIENTED_EDGE('',*,*,#3649,.F.);
#3649 = EDGE_CURVE('',#3650,#3619,#3652,.T.);
#3650 = VERTEX_POINT('',#3651);
#3651 = CARTESIAN_POINT('',(7.2,-3.5,0.));
#3652 = LINE('',#3653,#3654);
#3653 = CARTESIAN_POINT('',(7.5,-3.5,0.));
#3654 = VECTOR('',#3655,1.);
#3655 = DIRECTION('',(-1.,0.,0.));
#3656 = ORIENTED_EDGE('',*,*,#3657,.T.);
#3657 = EDGE_CURVE('',#3650,#3641,#3658,.T.);
#3658 = LINE('',#3659,#3660);
#3659 = CARTESIAN_POINT('',(7.2,-3.5,0.));
#3660 = VECTOR('',#3661,1.);
#3661 = DIRECTION('',(0.,0.,1.));
#3662 = PLANE('',#3663);
#3663 = AXIS2_PLACEMENT_3D('',#3664,#3665,#3666);
#3664 = CARTESIAN_POINT('',(7.5,-3.5,0.));
#3665 = DIRECTION('',(0.,1.,0.));
#3666 = DIRECTION('',(0.,-0.,1.));
#3667 = ADVANCED_FACE('',(#3668),#3684,.F.);
#3668 = FACE_BOUND('',#3669,.T.);
#3669 = EDGE_LOOP('',(#3670,#3671,#3677,#3678));
#3670 = ORIENTED_EDGE('',*,*,#3305,.F.);
#3671 = ORIENTED_EDGE('',*,*,#3672,.F.);
#3672 = EDGE_CURVE('',#3060,#3296,#3673,.T.);
#3673 = LINE('',#3674,#3675);
#3674 = CARTESIAN_POINT('',(7.5,3.2,3.64));
#3675 = VECTOR('',#3676,1.);
#3676 = DIRECTION('',(-0.707106781187,0.707106781187,0.));
#3677 = ORIENTED_EDGE('',*,*,#3059,.F.);
#3678 = ORIENTED_EDGE('',*,*,#3679,.F.);
#3679 = EDGE_CURVE('',#3306,#3052,#3680,.T.);
#3680 = LINE('',#3681,#3682);
#3681 = CARTESIAN_POINT('',(7.5,3.2,0.));
#3682 = VECTOR('',#3683,1.);
#3683 = DIRECTION('',(0.707106781187,-0.707106781187,0.));
#3684 = PLANE('',#3685);
#3685 = AXIS2_PLACEMENT_3D('',#3686,#3687,#3688);
#3686 = CARTESIAN_POINT('',(7.5,3.2,4.));
#3687 = DIRECTION('',(-0.707106781187,-0.707106781187,0.));
#3688 = DIRECTION('',(0.,0.,1.));
#3689 = ADVANCED_FACE('',(#3690),#3706,.F.);
#3690 = FACE_BOUND('',#3691,.T.);
#3691 = EDGE_LOOP('',(#3692,#3693,#3699,#3700));
#3692 = ORIENTED_EDGE('',*,*,#3075,.F.);
#3693 = ORIENTED_EDGE('',*,*,#3694,.F.);
#3694 = EDGE_CURVE('',#3641,#3068,#3695,.T.);
#3695 = LINE('',#3696,#3697);
#3696 = CARTESIAN_POINT('',(7.2,-3.5,3.64));
#3697 = VECTOR('',#3698,1.);
#3698 = DIRECTION('',(0.707106781187,0.707106781187,0.));
#3699 = ORIENTED_EDGE('',*,*,#3657,.F.);
#3700 = ORIENTED_EDGE('',*,*,#3701,.F.);
#3701 = EDGE_CURVE('',#3018,#3650,#3702,.T.);
#3702 = LINE('',#3703,#3704);
#3703 = CARTESIAN_POINT('',(7.2,-3.5,0.));
#3704 = VECTOR('',#3705,1.);
#3705 = DIRECTION('',(-0.707106781187,-0.707106781187,-0.));
#3706 = PLANE('',#3707);
#3707 = AXIS2_PLACEMENT_3D('',#3708,#3709,#3710);
#3708 = CARTESIAN_POINT('',(7.2,-3.5,0.));
#3709 = DIRECTION('',(-0.707106781187,0.707106781187,0.));
#3710 = DIRECTION('',(0.,0.,1.));
#3711 = ADVANCED_FACE('',(#3712),#3728,.F.);
#3712 = FACE_BOUND('',#3713,.T.);
#3713 = EDGE_LOOP('',(#3714,#3715,#3721,#3722));
#3714 = ORIENTED_EDGE('',*,*,#3493,.F.);
#3715 = ORIENTED_EDGE('',*,*,#3716,.F.);
#3716 = EDGE_CURVE('',#3188,#3484,#3717,.T.);
#3717 = LINE('',#3718,#3719);
#3718 = CARTESIAN_POINT('',(-7.5,-3.2,3.64));
#3719 = VECTOR('',#3720,1.);
#3720 = DIRECTION('',(0.707106781187,-0.707106781187,0.));
#3721 = ORIENTED_EDGE('',*,*,#3187,.F.);
#3722 = ORIENTED_EDGE('',*,*,#3723,.F.);
#3723 = EDGE_CURVE('',#3494,#3180,#3724,.T.);
#3724 = LINE('',#3725,#3726);
#3725 = CARTESIAN_POINT('',(-7.5,-3.2,0.));
#3726 = VECTOR('',#3727,1.);
#3727 = DIRECTION('',(-0.707106781187,0.707106781187,-0.));
#3728 = PLANE('',#3729);
#3729 = AXIS2_PLACEMENT_3D('',#3730,#3731,#3732);
#3730 = CARTESIAN_POINT('',(-7.5,-3.2,4.));
#3731 = DIRECTION('',(0.707106781187,0.707106781187,-0.));
#3732 = DIRECTION('',(0.,0.,1.));
#3733 = ADVANCED_FACE('',(#3734),#3750,.F.);
#3734 = FACE_BOUND('',#3735,.T.);
#3735 = EDGE_LOOP('',(#3736,#3737,#3743,#3744));
#3736 = ORIENTED_EDGE('',*,*,#3203,.F.);
#3737 = ORIENTED_EDGE('',*,*,#3738,.F.);
#3738 = EDGE_CURVE('',#3453,#3196,#3739,.T.);
#3739 = LINE('',#3740,#3741);
#3740 = CARTESIAN_POINT('',(-7.2,3.5,3.64));
#3741 = VECTOR('',#3742,1.);
#3742 = DIRECTION('',(-0.707106781187,-0.707106781187,0.));
#3743 = ORIENTED_EDGE('',*,*,#3469,.F.);
#3744 = ORIENTED_EDGE('',*,*,#3745,.F.);
#3745 = EDGE_CURVE('',#3204,#3462,#3746,.T.);
#3746 = LINE('',#3747,#3748);
#3747 = CARTESIAN_POINT('',(-7.2,3.5,0.));
#3748 = VECTOR('',#3749,1.);
#3749 = DIRECTION('',(0.707106781187,0.707106781187,-0.));
#3750 = PLANE('',#3751);
#3751 = AXIS2_PLACEMENT_3D('',#3752,#3753,#3754);
#3752 = CARTESIAN_POINT('',(-7.2,3.5,0.));
#3753 = DIRECTION('',(0.707106781187,-0.707106781187,0.));
#3754 = DIRECTION('',(0.,0.,1.));
#3755 = ADVANCED_FACE('',(#3756,#3766,#3944,#4018,#4199,#4209,#4219,
    #4285,#4383),#4433,.F.);
#3756 = FACE_BOUND('',#3757,.T.);
#3757 = EDGE_LOOP('',(#3758,#3765));
#3758 = ORIENTED_EDGE('',*,*,#3759,.F.);
#3759 = EDGE_CURVE('',#1212,#1220,#3760,.T.);
#3760 = CIRCLE('',#3761,5.5);
#3761 = AXIS2_PLACEMENT_3D('',#3762,#3763,#3764);
#3762 = CARTESIAN_POINT('',(0.,0.,0.));
#3763 = DIRECTION('',(0.,0.,-1.));
#3764 = DIRECTION('',(-1.,0.,0.));
#3765 = ORIENTED_EDGE('',*,*,#1219,.F.);
#3766 = FACE_BOUND('',#3767,.T.);
#3767 = EDGE_LOOP('',(#3768,#3778,#3794,#3818,#3842,#3858,#3866,#3882,
    #3906,#3930));
#3768 = ORIENTED_EDGE('',*,*,#3769,.T.);
#3769 = EDGE_CURVE('',#3770,#3772,#3774,.T.);
#3770 = VERTEX_POINT('',#3771);
#3771 = CARTESIAN_POINT('',(2.808234594996,-6.720697893289,
    2.117582368136E-19));
#3772 = VERTEX_POINT('',#3773);
#3773 = CARTESIAN_POINT('',(2.808234594996,-6.753624722557,0.));
#3774 = LINE('',#3775,#3776);
#3775 = CARTESIAN_POINT('',(2.808234594996,-6.720697893289,-0.));
#3776 = VECTOR('',#3777,1.);
#3777 = DIRECTION('',(0.,-1.,0.));
#3778 = ORIENTED_EDGE('',*,*,#3779,.T.);
#3779 = EDGE_CURVE('',#3772,#3780,#3782,.T.);
#3780 = VERTEX_POINT('',#3781);
#3781 = CARTESIAN_POINT('',(2.890780326703,-6.77283203963,0.));
#3782 = B_SPLINE_CURVE_WITH_KNOTS('',3,(#3783,#3784,#3785,#3786,#3787,
    #3788,#3789,#3790,#3791,#3792,#3793),.UNSPECIFIED.,.F.,.F.,(4,1,1,1,
    1,1,1,1,4),(0.,0.112448389909,0.226527675213,0.344401949326,
    0.465864972487,0.591659449352,0.722168487025,0.858606387555,1.),
  .UNSPECIFIED.);
#3783 = CARTESIAN_POINT('',(2.808234594996,-6.753624722557,0.));
#3784 = CARTESIAN_POINT('',(2.811049612228,-6.755178497458,-0.));
#3785 = CARTESIAN_POINT('',(2.8167204743,-6.758308582437,0.));
#3786 = CARTESIAN_POINT('',(2.825789373645,-6.76217080947,-0.));
#3787 = CARTESIAN_POINT('',(2.835332053522,-6.765502162054,0.));
#3788 = CARTESIAN_POINT('',(2.845432037266,-6.768158616922,-0.));
#3789 = CARTESIAN_POINT('',(2.85602218316,-6.770293541647,0.));
#3790 = CARTESIAN_POINT('',(2.867158605931,-6.771739602663,-0.));
#3791 = CARTESIAN_POINT('',(2.87879718661,-6.772691497566,0.));
#3792 = CARTESIAN_POINT('',(2.886738728613,-6.772784638487,-0.));
#3793 = CARTESIAN_POINT('',(2.890780326703,-6.77283203963,0.));
#3794 = ORIENTED_EDGE('',*,*,#3795,.T.);
#3795 = EDGE_CURVE('',#3780,#3796,#3798,.T.);
#3796 = VERTEX_POINT('',#3797);
#3797 = CARTESIAN_POINT('',(3.031405326703,-6.624832801826,0.));
#3798 = B_SPLINE_CURVE_WITH_KNOTS('',3,(#3799,#3800,#3801,#3802,#3803,
    #3804,#3805,#3806,#3807,#3808,#3809,#3810,#3811,#3812,#3813,#3814,
    #3815,#3816,#3817),.UNSPECIFIED.,.F.,.F.,(4,1,1,1,1,1,1,1,1,1,1,1,1,
    1,1,1,4),(0.,6.783324845577E-02,0.132655536508,0.195050884051,
    0.255582933069,0.314799834147,0.373600472826,0.432545595327,
    0.492430629284,0.552671255963,0.612513044188,0.672610250357,
    0.733838369314,0.796594238568,0.861449799291,0.929198942351,1.),
  .UNSPECIFIED.);
#3799 = CARTESIAN_POINT('',(2.890780326703,-6.77283203963,0.));
#3800 = CARTESIAN_POINT('',(2.895988045169,-6.772715892505,-0.));
#3801 = CARTESIAN_POINT('',(2.906172323568,-6.772488753755,0.));
#3802 = CARTESIAN_POINT('',(2.921050062128,-6.770578188078,-0.));
#3803 = CARTESIAN_POINT('',(2.935124945162,-6.767388433609,0.));
#3804 = CARTESIAN_POINT('',(2.948392084033,-6.762906711315,-0.));
#3805 = CARTESIAN_POINT('',(2.960897893411,-6.757243588005,0.));
#3806 = CARTESIAN_POINT('',(2.972577591955,-6.750243408887,-0.));
#3807 = CARTESIAN_POINT('',(2.983353888557,-6.741851045273,0.));
#3808 = CARTESIAN_POINT('',(2.993369381954,-6.732404797963,-0.));
#3809 = CARTESIAN_POINT('',(3.002305887445,-6.721835765845,0.));
#3810 = CARTESIAN_POINT('',(3.010128111541,-6.710403760399,-0.));
#3811 = CARTESIAN_POINT('',(3.016745676115,-6.698144339111,0.));
#3812 = CARTESIAN_POINT('',(3.022115382564,-6.685050771705,-0.));
#3813 = CARTESIAN_POINT('',(3.02629997259,-6.671149637027,0.));
#3814 = CARTESIAN_POINT('',(3.029226333638,-6.656428422097,-0.));
#3815 = CARTESIAN_POINT('',(3.031128074828,-6.640907780532,0.));
#3816 = CARTESIAN_POINT('',(3.031311562156,-6.630269241535,-0.));
#3817 = CARTESIAN_POINT('',(3.031405326703,-6.624832801826,0.));
#3818 = ORIENTED_EDGE('',*,*,#3819,.T.);
#3819 = EDGE_CURVE('',#3796,#3820,#3822,.T.);
#3820 = VERTEX_POINT('',#3821);
#3821 = CARTESIAN_POINT('',(2.878832918167,-6.46551496646,0.));
#3822 = B_SPLINE_CURVE_WITH_KNOTS('',3,(#3823,#3824,#3825,#3826,#3827,
    #3828,#3829,#3830,#3831,#3832,#3833,#3834,#3835,#3836,#3837,#3838,
    #3839,#3840,#3841),.UNSPECIFIED.,.F.,.F.,(4,1,1,1,1,1,1,1,1,1,1,1,1,
    1,1,1,4),(0.,7.064371857535E-02,0.138256715509,0.203364124218,
    0.266324093803,0.327904761543,0.388737715173,0.449423528109,
    0.510861011459,0.572079396048,0.631734428731,0.691117210579,
    0.75036002949,0.810032900531,0.871362450829,0.934427141231,1.),
  .UNSPECIFIED.);
#3823 = CARTESIAN_POINT('',(3.031405326703,-6.624832801826,0.));
#3824 = CARTESIAN_POINT('',(3.031274669667,-6.618996148493,-0.));
#3825 = CARTESIAN_POINT('',(3.031018960977,-6.607573243022,0.));
#3826 = CARTESIAN_POINT('',(3.028986426271,-6.590870155509,-0.));
#3827 = CARTESIAN_POINT('',(3.02565136875,-6.575031956872,0.));
#3828 = CARTESIAN_POINT('',(3.020878463448,-6.560082689069,-0.));
#3829 = CARTESIAN_POINT('',(3.014800556383,-6.546002147193,0.));
#3830 = CARTESIAN_POINT('',(3.007412481939,-6.532771595825,-0.));
#3831 = CARTESIAN_POINT('',(2.998594191586,-6.520459202889,0.));
#3832 = CARTESIAN_POINT('',(2.988486119239,-6.509148655083,-0.));
#3833 = CARTESIAN_POINT('',(2.977422732822,-6.498896603133,0.));
#3834 = CARTESIAN_POINT('',(2.965485385669,-6.48995047629,-0.));
#3835 = CARTESIAN_POINT('',(2.952818071697,-6.482390251623,0.));
#3836 = CARTESIAN_POINT('',(2.939438720867,-6.4761660747,-0.));
#3837 = CARTESIAN_POINT('',(2.925298148467,-6.471414895841,0.));
#3838 = CARTESIAN_POINT('',(2.910462514332,-6.468002725395,-0.));
#3839 = CARTESIAN_POINT('',(2.894880724895,-6.465888346877,0.));
#3840 = CARTESIAN_POINT('',(2.884251271258,-6.465641033964,-0.));
#3841 = CARTESIAN_POINT('',(2.878832918167,-6.46551496646,0.));
#3842 = ORIENTED_EDGE('',*,*,#3843,.T.);
#3843 = EDGE_CURVE('',#3820,#3844,#3846,.T.);
#3844 = VERTEX_POINT('',#3845);
#3845 = CARTESIAN_POINT('',(2.808234594996,-6.477405210362,0.));
#3846 = B_SPLINE_CURVE_WITH_KNOTS('',3,(#3847,#3848,#3849,#3850,#3851,
    #3852,#3853,#3854,#3855,#3856,#3857),.UNSPECIFIED.,.F.,.F.,(4,1,1,1,
    1,1,1,1,4),(0.,0.145186866472,0.28344261092,0.416524365929,
    0.543181123535,0.665153082638,0.781360206313,0.892756655642,1.),
  .UNSPECIFIED.);
#3847 = CARTESIAN_POINT('',(2.878832918167,-6.46551496646,0.));
#3848 = CARTESIAN_POINT('',(2.875344859979,-6.46553996979,-0.));
#3849 = CARTESIAN_POINT('',(2.868535261125,-6.46558878281,0.));
#3850 = CARTESIAN_POINT('',(2.858545487634,-6.46620090259,-0.));
#3851 = CARTESIAN_POINT('',(2.849021304496,-6.467066015205,0.));
#3852 = CARTESIAN_POINT('',(2.839948929094,-6.468415001726,-0.));
#3853 = CARTESIAN_POINT('',(2.83132882825,-6.470020829543,0.));
#3854 = CARTESIAN_POINT('',(2.823193294161,-6.472114103101,-0.));
#3855 = CARTESIAN_POINT('',(2.815491185261,-6.474459600387,0.));
#3856 = CARTESIAN_POINT('',(2.810622632049,-6.476435853473,-0.));
#3857 = CARTESIAN_POINT('',(2.808234594996,-6.477405210362,0.));
#3858 = ORIENTED_EDGE('',*,*,#3859,.T.);
#3859 = EDGE_CURVE('',#3844,#3860,#3862,.T.);
#3860 = VERTEX_POINT('',#3861);
#3861 = CARTESIAN_POINT('',(2.808234594996,-6.517649112801,-0.));
#3862 = LINE('',#3863,#3864);
#3863 = CARTESIAN_POINT('',(2.808234594996,-6.477405210362,-0.));
#3864 = VECTOR('',#3865,1.);
#3865 = DIRECTION('',(0.,-1.,0.));
#3866 = ORIENTED_EDGE('',*,*,#3867,.T.);
#3867 = EDGE_CURVE('',#3860,#3868,#3870,.T.);
#3868 = VERTEX_POINT('',#3869);
#3869 = CARTESIAN_POINT('',(2.878489930362,-6.498441795728,0.));
#3870 = B_SPLINE_CURVE_WITH_KNOTS('',3,(#3871,#3872,#3873,#3874,#3875,
    #3876,#3877,#3878,#3879,#3880,#3881),.UNSPECIFIED.,.F.,.F.,(4,1,1,1,
    1,1,1,1,4),(0.,0.125279696736,0.249419970742,0.373356799493,
    0.496681278782,0.620202915744,0.745086320161,0.871269195019,1.),
  .UNSPECIFIED.);
#3871 = CARTESIAN_POINT('',(2.808234594996,-6.517649112801,-0.));
#3872 = CARTESIAN_POINT('',(2.810898710684,-6.516101060904,-0.));
#3873 = CARTESIAN_POINT('',(2.816202711846,-6.513019036689,0.));
#3874 = CARTESIAN_POINT('',(2.82454494133,-6.509165899861,-0.));
#3875 = CARTESIAN_POINT('',(2.833047914275,-6.505823858409,0.));
#3876 = CARTESIAN_POINT('',(2.841771155742,-6.50315595816,-0.));
#3877 = CARTESIAN_POINT('',(2.85065976424,-6.501001608234,0.));
#3878 = CARTESIAN_POINT('',(2.859760349842,-6.49955662502,-0.));
#3879 = CARTESIAN_POINT('',(2.869055670163,-6.498584434943,0.));
#3880 = CARTESIAN_POINT('',(2.875324291449,-6.498489657907,-0.));
#3881 = CARTESIAN_POINT('',(2.878489930362,-6.498441795728,0.));
#3882 = ORIENTED_EDGE('',*,*,#3883,.T.);
#3883 = EDGE_CURVE('',#3868,#3884,#3886,.T.);
#3884 = VERTEX_POINT('',#3885);
#3885 = CARTESIAN_POINT('',(2.991161424264,-6.622374722557,0.));
#3886 = B_SPLINE_CURVE_WITH_KNOTS('',3,(#3887,#3888,#3889,#3890,#3891,
    #3892,#3893,#3894,#3895,#3896,#3897,#3898,#3899,#3900,#3901,#3902,
    #3903,#3904,#3905),.UNSPECIFIED.,.F.,.F.,(4,1,1,1,1,1,1,1,1,1,1,1,1,
    1,1,1,4),(0.,6.460397028839E-02,0.126702413963,0.186756814036,
    0.245505687365,0.30365202445,0.361503073971,0.420240222928,
    0.480033340777,0.540678134776,0.601191806381,0.662333502477,
    0.724739510297,0.789467736173,0.856504860044,0.926312095839,1.),
  .UNSPECIFIED.);
#3887 = CARTESIAN_POINT('',(2.878489930362,-6.498441795728,0.));
#3888 = CARTESIAN_POINT('',(2.882554738921,-6.498529196554,-0.));
#3889 = CARTESIAN_POINT('',(2.890526711146,-6.498700608552,0.));
#3890 = CARTESIAN_POINT('',(2.90217315446,-6.500383557457,-0.));
#3891 = CARTESIAN_POINT('',(2.913281372414,-6.502901439227,0.));
#3892 = CARTESIAN_POINT('',(2.92380682181,-6.506586554411,-0.));
#3893 = CARTESIAN_POINT('',(2.93373755095,-6.511342763514,0.));
#3894 = CARTESIAN_POINT('',(2.943064948149,-6.517187905708,-0.));
#3895 = CARTESIAN_POINT('',(2.951846296466,-6.52399666142,0.));
#3896 = CARTESIAN_POINT('',(2.959947639416,-6.531853972596,-0.));
#3897 = CARTESIAN_POINT('',(2.967330216349,-6.540542903729,0.));
#3898 = CARTESIAN_POINT('',(2.97366706545,-6.55012091693,-0.));
#3899 = CARTESIAN_POINT('',(2.979162075516,-6.560328770957,0.));
#3900 = CARTESIAN_POINT('',(2.983562468893,-6.571345560027,-0.));
#3901 = CARTESIAN_POINT('',(2.986970318667,-6.583086757187,0.));
#3902 = CARTESIAN_POINT('',(2.989430067875,-6.595536341587,-0.));
#3903 = CARTESIAN_POINT('',(2.99085521268,-6.608717274613,0.));
#3904 = CARTESIAN_POINT('',(2.99105752992,-6.617740895274,-0.));
#3905 = CARTESIAN_POINT('',(2.991161424264,-6.622374722557,0.));
#3906 = ORIENTED_EDGE('',*,*,#3907,.T.);
#3907 = EDGE_CURVE('',#3884,#3908,#3910,.T.);
#3908 = VERTEX_POINT('',#3909);
#3909 = CARTESIAN_POINT('',(2.885235357191,-6.739905210362,0.));
#3910 = B_SPLINE_CURVE_WITH_KNOTS('',3,(#3911,#3912,#3913,#3914,#3915,
    #3916,#3917,#3918,#3919,#3920,#3921,#3922,#3923,#3924,#3925,#3926,
    #3927,#3928,#3929),.UNSPECIFIED.,.F.,.F.,(4,1,1,1,1,1,1,1,1,1,1,1,1,
    1,1,1,4),(0.,7.377411937406E-02,0.144079114726,0.211348518309,
    0.27607688574,0.33852091582,0.399885116693,0.460254067465,
    0.520588964391,0.580207684563,0.638632908553,0.696364549491,
    0.75400177466,0.812805681374,0.872754425526,0.935181996978,1.),
  .UNSPECIFIED.);
#3911 = CARTESIAN_POINT('',(2.991161424264,-6.622374722557,0.));
#3912 = CARTESIAN_POINT('',(2.991078078309,-6.626761084266,-0.));
#3913 = CARTESIAN_POINT('',(2.990915305625,-6.635327545204,0.));
#3914 = CARTESIAN_POINT('',(2.989516829638,-6.647830848581,-0.));
#3915 = CARTESIAN_POINT('',(2.987251456365,-6.659652865134,0.));
#3916 = CARTESIAN_POINT('',(2.984067753856,-6.670783174488,-0.));
#3917 = CARTESIAN_POINT('',(2.979916322299,-6.681211476311,0.));
#3918 = CARTESIAN_POINT('',(2.974901538473,-6.690965478567,-0.));
#3919 = CARTESIAN_POINT('',(2.968905733148,-6.700001134058,0.));
#3920 = CARTESIAN_POINT('',(2.962061263208,-6.708276141832,-0.));
#3921 = CARTESIAN_POINT('',(2.954462098702,-6.715696837465,0.));
#3922 = CARTESIAN_POINT('',(2.94626737132,-6.722213875561,-0.));
#3923 = CARTESIAN_POINT('',(2.937459227279,-6.727653573611,0.));
#3924 = CARTESIAN_POINT('',(2.928119801076,-6.732164343875,-0.));
#3925 = CARTESIAN_POINT('',(2.91820689536,-6.735651791433,0.));
#3926 = CARTESIAN_POINT('',(2.907701954267,-6.738096614477,-0.));
#3927 = CARTESIAN_POINT('',(2.896655232441,-6.739610885269,0.));
#3928 = CARTESIAN_POINT('',(2.889089359694,-6.739805880937,-0.));
#3929 = CARTESIAN_POINT('',(2.885235357191,-6.739905210362,0.));
#3930 = ORIENTED_EDGE('',*,*,#3931,.T.);
#3931 = EDGE_CURVE('',#3908,#3770,#3932,.T.);
#3932 = B_SPLINE_CURVE_WITH_KNOTS('',3,(#3933,#3934,#3935,#3936,#3937,
    #3938,#3939,#3940,#3941,#3942,#3943),.UNSPECIFIED.,.F.,.F.,(4,1,1,1,
    1,1,1,1,4),(0.,0.135294604763,0.266765657925,0.394816018836,
    0.520051654434,0.642175702971,0.762651820558,0.881834004381,1.),
  .UNSPECIFIED.);
#3933 = CARTESIAN_POINT('',(2.885235357191,-6.739905210362,0.));
#3934 = CARTESIAN_POINT('',(2.881612731021,-6.739857648198,-0.));
#3935 = CARTESIAN_POINT('',(2.874469857473,-6.739763868021,0.));
#3936 = CARTESIAN_POINT('',(2.863936292921,-6.738801475536,-0.));
#3937 = CARTESIAN_POINT('',(2.853733224286,-6.737353009741,0.));
#3938 = CARTESIAN_POINT('',(2.84390499903,-6.735220995325,-0.));
#3939 = CARTESIAN_POINT('',(2.834417920837,-6.73255219447,0.));
#3940 = CARTESIAN_POINT('',(2.825325774941,-6.729199976138,-0.));
#3941 = CARTESIAN_POINT('',(2.816531407405,-6.725371049622,0.));
#3942 = CARTESIAN_POINT('',(2.810992294035,-6.722251159542,-0.));
#3943 = CARTESIAN_POINT('',(2.808234594996,-6.720697893289,
    2.117582368136E-19));
#3944 = FACE_BOUND('',#3945,.T.);
#3945 = EDGE_LOOP('',(#3946,#3956,#3964,#3972,#3996));
#3946 = ORIENTED_EDGE('',*,*,#3947,.T.);
#3947 = EDGE_CURVE('',#3948,#3950,#3952,.T.);
#3948 = VERTEX_POINT('',#3949);
#3949 = CARTESIAN_POINT('',(2.448611881581,-6.769173503045,0.));
#3950 = VERTEX_POINT('',#3951);
#3951 = CARTESIAN_POINT('',(2.530185814508,-6.769173503045,-0.));
#3952 = LINE('',#3953,#3954);
#3953 = CARTESIAN_POINT('',(2.448611881581,-6.769173503045,-0.));
#3954 = VECTOR('',#3955,1.);
#3955 = DIRECTION('',(1.,0.,0.));
#3956 = ORIENTED_EDGE('',*,*,#3957,.T.);
#3957 = EDGE_CURVE('',#3950,#3958,#3960,.T.);
#3958 = VERTEX_POINT('',#3959);
#3959 = CARTESIAN_POINT('',(2.530185814508,-6.469173503045,-0.));
#3960 = LINE('',#3961,#3962);
#3961 = CARTESIAN_POINT('',(2.530185814508,-6.769173503045,-0.));
#3962 = VECTOR('',#3963,1.);
#3963 = DIRECTION('',(0.,1.,0.));
#3964 = ORIENTED_EDGE('',*,*,#3965,.T.);
#3965 = EDGE_CURVE('',#3958,#3966,#3968,.T.);
#3966 = VERTEX_POINT('',#3967);
#3967 = CARTESIAN_POINT('',(2.445524991337,-6.469173503045,-0.));
#3968 = LINE('',#3969,#3970);
#3969 = CARTESIAN_POINT('',(2.530185814508,-6.469173503045,-0.));
#3970 = VECTOR('',#3971,1.);
#3971 = DIRECTION('',(-1.,0.,0.));
#3972 = ORIENTED_EDGE('',*,*,#3973,.T.);
#3973 = EDGE_CURVE('',#3966,#3974,#3976,.T.);
#3974 = VERTEX_POINT('',#3975);
#3975 = CARTESIAN_POINT('',(2.288722399874,-6.615400637191,0.));
#3976 = B_SPLINE_CURVE_WITH_KNOTS('',3,(#3977,#3978,#3979,#3980,#3981,
    #3982,#3983,#3984,#3985,#3986,#3987,#3988,#3989,#3990,#3991,#3992,
    #3993,#3994,#3995),.UNSPECIFIED.,.F.,.F.,(4,1,1,1,1,1,1,1,1,1,1,1,1,
    1,1,1,4),(0.,6.86311786766E-02,0.134566466039,0.198328154011,
    0.260789766641,0.321999151484,0.382721746503,0.443537474036,
    0.505133429485,0.566213874765,0.626105864618,0.685349322161,
    0.744995870348,0.805415841815,0.867636266346,0.932307782302,1.),
  .UNSPECIFIED.);
#3977 = CARTESIAN_POINT('',(2.445524991337,-6.469173503045,-0.));
#3978 = CARTESIAN_POINT('',(2.440013432117,-6.469296350631,-0.));
#3979 = CARTESIAN_POINT('',(2.429206812431,-6.469537220244,0.));
#3980 = CARTESIAN_POINT('',(2.413359569175,-6.471366906817,-0.));
#3981 = CARTESIAN_POINT('',(2.398240816272,-6.47454200776,0.));
#3982 = CARTESIAN_POINT('',(2.383808978163,-6.478873557379,-0.));
#3983 = CARTESIAN_POINT('',(2.370047337949,-6.484407064742,0.));
#3984 = CARTESIAN_POINT('',(2.357085541607,-6.49133907226,-0.));
#3985 = CARTESIAN_POINT('',(2.344781370391,-6.49942865884,0.));
#3986 = CARTESIAN_POINT('',(2.33329493665,-6.508693369325,-0.));
#3987 = CARTESIAN_POINT('',(2.322825453983,-6.518994815671,0.));
#3988 = CARTESIAN_POINT('',(2.31369881771,-6.53026121777,-0.));
#3989 = CARTESIAN_POINT('',(2.305884999608,-6.542341889151,0.));
#3990 = CARTESIAN_POINT('',(2.299596932321,-6.555332350507,-0.));
#3991 = CARTESIAN_POINT('',(2.294714435786,-6.569162609233,0.));
#3992 = CARTESIAN_POINT('',(2.291256991541,-6.583822636617,-0.));
#3993 = CARTESIAN_POINT('',(2.28907630723,-6.599329036943,0.));
#3994 = CARTESIAN_POINT('',(2.288842150242,-6.60996254722,-0.));
#3995 = CARTESIAN_POINT('',(2.288722399874,-6.615400637191,0.));
#3996 = ORIENTED_EDGE('',*,*,#3997,.T.);
#3997 = EDGE_CURVE('',#3974,#3948,#3998,.T.);
#3998 = B_SPLINE_CURVE_WITH_KNOTS('',3,(#3999,#4000,#4001,#4002,#4003,
    #4004,#4005,#4006,#4007,#4008,#4009,#4010,#4011,#4012,#4013,#4014,
    #4015,#4016,#4017),.UNSPECIFIED.,.F.,.F.,(4,1,1,1,1,1,1,1,1,1,1,1,1,
    1,1,1,4),(0.,6.806869584499E-02,0.133427432819,0.196146033813,
    0.257048592449,0.316882663159,0.376187208666,0.435960335364,
    0.496535236863,0.557465343481,0.61768686341,0.677943640697,
    0.738805284806,0.800949336767,0.86481466747,0.931024781079,1.),
  .UNSPECIFIED.);
#3999 = CARTESIAN_POINT('',(2.288722399874,-6.615400637191,0.));
#4000 = CARTESIAN_POINT('',(2.288843560035,-6.621066912543,-0.));
#4001 = CARTESIAN_POINT('',(2.289081056714,-6.632173876831,0.));
#4002 = CARTESIAN_POINT('',(2.291251790303,-6.648383535354,-0.));
#4003 = CARTESIAN_POINT('',(2.294716999129,-6.663742645237,0.));
#4004 = CARTESIAN_POINT('',(2.299581127687,-6.678242480689,-0.));
#4005 = CARTESIAN_POINT('',(2.30587875352,-6.691872583294,0.));
#4006 = CARTESIAN_POINT('',(2.313686871419,-6.704583156401,-0.));
#4007 = CARTESIAN_POINT('',(2.32279503655,-6.71647111393,0.));
#4008 = CARTESIAN_POINT('',(2.333265651421,-6.72737358111,-0.));
#4009 = CARTESIAN_POINT('',(2.344845396891,-6.737131250355,0.));
#4010 = CARTESIAN_POINT('',(2.357227847775,-6.745809294033,-0.));
#4011 = CARTESIAN_POINT('',(2.370519400953,-6.753019591732,0.));
#4012 = CARTESIAN_POINT('',(2.384606533492,-6.758910748015,-0.));
#4013 = CARTESIAN_POINT('',(2.399464606964,-6.763587973934,0.));
#4014 = CARTESIAN_POINT('',(2.415158014284,-6.766772467471,-0.));
#4015 = CARTESIAN_POINT('',(2.431615432445,-6.768865993054,0.));
#4016 = CARTESIAN_POINT('',(2.442869666488,-6.769069611432,-0.));
#4017 = CARTESIAN_POINT('',(2.448611881581,-6.769173503045,0.));
#4018 = FACE_BOUND('',#4019,.T.);
#4019 = EDGE_LOOP('',(#4020,#4030,#4036,#4037,#4038,#4046,#4054,#4060,
    #4061,#4062,#4063,#4064,#4072,#4080,#4086,#4087,#4088,#4089,#4090,
    #4098,#4106,#4112,#4113,#4114,#4115,#4116,#4117,#4125,#4133,#4139,
    #4140,#4141,#4142,#4143,#4151,#4159,#4165,#4166,#4167,#4168,#4169,
    #4177,#4185,#4191,#4192,#4193));
#4020 = ORIENTED_EDGE('',*,*,#4021,.F.);
#4021 = EDGE_CURVE('',#4022,#4024,#4026,.T.);
#4022 = VERTEX_POINT('',#4023);
#4023 = CARTESIAN_POINT('',(-0.5,-7.,0.));
#4024 = VERTEX_POINT('',#4025);
#4025 = CARTESIAN_POINT('',(0.5,-7.,-0.));
#4026 = LINE('',#4027,#4028);
#4027 = CARTESIAN_POINT('',(0.5,-7.,-0.));
#4028 = VECTOR('',#4029,1.);
#4029 = DIRECTION('',(1.,-0.,-0.));
#4030 = ORIENTED_EDGE('',*,*,#4031,.T.);
#4031 = EDGE_CURVE('',#4022,#1963,#4032,.T.);
#4032 = LINE('',#4033,#4034);
#4033 = CARTESIAN_POINT('',(-0.5,5.421010862428E-17,0.));
#4034 = VECTOR('',#4035,1.);
#4035 = DIRECTION('',(-1.084202172486E-16,-1.,0.));
#4036 = ORIENTED_EDGE('',*,*,#1960,.F.);
#4037 = ORIENTED_EDGE('',*,*,#3562,.T.);
#4038 = ORIENTED_EDGE('',*,*,#4039,.F.);
#4039 = EDGE_CURVE('',#4040,#3555,#4042,.T.);
#4040 = VERTEX_POINT('',#4041);
#4041 = CARTESIAN_POINT('',(-6.,-6.25,0.));
#4042 = LINE('',#4043,#4044);
#4043 = CARTESIAN_POINT('',(-7.,-6.25,0.));
#4044 = VECTOR('',#4045,1.);
#4045 = DIRECTION('',(-1.,-0.,-0.));
#4046 = ORIENTED_EDGE('',*,*,#4047,.F.);
#4047 = EDGE_CURVE('',#4048,#4040,#4050,.T.);
#4048 = VERTEX_POINT('',#4049);
#4049 = CARTESIAN_POINT('',(-6.,-3.75,0.));
#4050 = LINE('',#4051,#4052);
#4051 = CARTESIAN_POINT('',(-6.,-3.75,0.));
#4052 = VECTOR('',#4053,1.);
#4053 = DIRECTION('',(0.,-1.,0.));
#4054 = ORIENTED_EDGE('',*,*,#4055,.F.);
#4055 = EDGE_CURVE('',#3531,#4048,#4056,.T.);
#4056 = LINE('',#4057,#4058);
#4057 = CARTESIAN_POINT('',(-7.,-3.75,0.));
#4058 = VECTOR('',#4059,1.);
#4059 = DIRECTION('',(1.,0.,0.));
#4060 = ORIENTED_EDGE('',*,*,#3530,.T.);
#4061 = ORIENTED_EDGE('',*,*,#3501,.T.);
#4062 = ORIENTED_EDGE('',*,*,#3723,.T.);
#4063 = ORIENTED_EDGE('',*,*,#3179,.F.);
#4064 = ORIENTED_EDGE('',*,*,#4065,.F.);
#4065 = EDGE_CURVE('',#4066,#3172,#4068,.T.);
#4066 = VERTEX_POINT('',#4067);
#4067 = CARTESIAN_POINT('',(-6.9,-0.75,0.));
#4068 = LINE('',#4069,#4070);
#4069 = CARTESIAN_POINT('',(-8.1,-0.75,0.));
#4070 = VECTOR('',#4071,1.);
#4071 = DIRECTION('',(-1.,-0.,-0.));
#4072 = ORIENTED_EDGE('',*,*,#4073,.F.);
#4073 = EDGE_CURVE('',#4074,#4066,#4076,.T.);
#4074 = VERTEX_POINT('',#4075);
#4075 = CARTESIAN_POINT('',(-6.9,0.75,0.));
#4076 = LINE('',#4077,#4078);
#4077 = CARTESIAN_POINT('',(-6.9,0.75,0.));
#4078 = VECTOR('',#4079,1.);
#4079 = DIRECTION('',(0.,-1.,0.));
#4080 = ORIENTED_EDGE('',*,*,#4081,.T.);
#4081 = EDGE_CURVE('',#4074,#3212,#4082,.T.);
#4082 = LINE('',#4083,#4084);
#4083 = CARTESIAN_POINT('',(0.,0.75,0.));
#4084 = VECTOR('',#4085,1.);
#4085 = DIRECTION('',(-1.,0.,-0.));
#4086 = ORIENTED_EDGE('',*,*,#3211,.F.);
#4087 = ORIENTED_EDGE('',*,*,#3745,.T.);
#4088 = ORIENTED_EDGE('',*,*,#3461,.T.);
#4089 = ORIENTED_EDGE('',*,*,#3430,.T.);
#4090 = ORIENTED_EDGE('',*,*,#4091,.F.);
#4091 = EDGE_CURVE('',#4092,#3423,#4094,.T.);
#4092 = VERTEX_POINT('',#4093);
#4093 = CARTESIAN_POINT('',(-6.,3.75,0.));
#4094 = LINE('',#4095,#4096);
#4095 = CARTESIAN_POINT('',(-7.,3.75,0.));
#4096 = VECTOR('',#4097,1.);
#4097 = DIRECTION('',(-1.,4.336808689942E-16,-0.));
#4098 = ORIENTED_EDGE('',*,*,#4099,.F.);
#4099 = EDGE_CURVE('',#4100,#4092,#4102,.T.);
#4100 = VERTEX_POINT('',#4101);
#4101 = CARTESIAN_POINT('',(-6.,6.25,0.));
#4102 = LINE('',#4103,#4104);
#4103 = CARTESIAN_POINT('',(-6.,3.75,0.));
#4104 = VECTOR('',#4105,1.);
#4105 = DIRECTION('',(-0.,-1.,-0.));
#4106 = ORIENTED_EDGE('',*,*,#4107,.F.);
#4107 = EDGE_CURVE('',#3399,#4100,#4108,.T.);
#4108 = LINE('',#4109,#4110);
#4109 = CARTESIAN_POINT('',(-7.,6.25,0.));
#4110 = VECTOR('',#4111,1.);
#4111 = DIRECTION('',(1.,0.,0.));
#4112 = ORIENTED_EDGE('',*,*,#3398,.T.);
#4113 = ORIENTED_EDGE('',*,*,#3250,.T.);
#4114 = ORIENTED_EDGE('',*,*,#3139,.F.);
#4115 = ORIENTED_EDGE('',*,*,#3281,.T.);
#4116 = ORIENTED_EDGE('',*,*,#3374,.T.);
#4117 = ORIENTED_EDGE('',*,*,#4118,.F.);
#4118 = EDGE_CURVE('',#4119,#3367,#4121,.T.);
#4119 = VERTEX_POINT('',#4120);
#4120 = CARTESIAN_POINT('',(6.,6.25,0.));
#4121 = LINE('',#4122,#4123);
#4122 = CARTESIAN_POINT('',(7.,6.25,0.));
#4123 = VECTOR('',#4124,1.);
#4124 = DIRECTION('',(1.,-0.,-0.));
#4125 = ORIENTED_EDGE('',*,*,#4126,.F.);
#4126 = EDGE_CURVE('',#4127,#4119,#4129,.T.);
#4127 = VERTEX_POINT('',#4128);
#4128 = CARTESIAN_POINT('',(6.,3.75,0.));
#4129 = LINE('',#4130,#4131);
#4130 = CARTESIAN_POINT('',(6.,3.75,0.));
#4131 = VECTOR('',#4132,1.);
#4132 = DIRECTION('',(0.,1.,0.));
#4133 = ORIENTED_EDGE('',*,*,#4134,.F.);
#4134 = EDGE_CURVE('',#3343,#4127,#4135,.T.);
#4135 = LINE('',#4136,#4137);
#4136 = CARTESIAN_POINT('',(7.,3.75,0.));
#4137 = VECTOR('',#4138,1.);
#4138 = DIRECTION('',(-1.,0.,0.));
#4139 = ORIENTED_EDGE('',*,*,#3342,.T.);
#4140 = ORIENTED_EDGE('',*,*,#3313,.T.);
#4141 = ORIENTED_EDGE('',*,*,#3679,.T.);
#4142 = ORIENTED_EDGE('',*,*,#3051,.F.);
#4143 = ORIENTED_EDGE('',*,*,#4144,.F.);
#4144 = EDGE_CURVE('',#4145,#3044,#4147,.T.);
#4145 = VERTEX_POINT('',#4146);
#4146 = CARTESIAN_POINT('',(6.9,0.75,0.));
#4147 = LINE('',#4148,#4149);
#4148 = CARTESIAN_POINT('',(8.1,0.75,0.));
#4149 = VECTOR('',#4150,1.);
#4150 = DIRECTION('',(1.,-0.,-0.));
#4151 = ORIENTED_EDGE('',*,*,#4152,.F.);
#4152 = EDGE_CURVE('',#4153,#4145,#4155,.T.);
#4153 = VERTEX_POINT('',#4154);
#4154 = CARTESIAN_POINT('',(6.9,-0.75,-0.));
#4155 = LINE('',#4156,#4157);
#4156 = CARTESIAN_POINT('',(6.9,0.75,0.));
#4157 = VECTOR('',#4158,1.);
#4158 = DIRECTION('',(-0.,1.,0.));
#4159 = ORIENTED_EDGE('',*,*,#4160,.T.);
#4160 = EDGE_CURVE('',#4153,#3020,#4161,.T.);
#4161 = LINE('',#4162,#4163);
#4162 = CARTESIAN_POINT('',(0.,-0.75,0.));
#4163 = VECTOR('',#4164,1.);
#4164 = DIRECTION('',(1.,0.,0.));
#4165 = ORIENTED_EDGE('',*,*,#3017,.F.);
#4166 = ORIENTED_EDGE('',*,*,#3701,.T.);
#4167 = ORIENTED_EDGE('',*,*,#3649,.T.);
#4168 = ORIENTED_EDGE('',*,*,#3618,.T.);
#4169 = ORIENTED_EDGE('',*,*,#4170,.F.);
#4170 = EDGE_CURVE('',#4171,#3611,#4173,.T.);
#4171 = VERTEX_POINT('',#4172);
#4172 = CARTESIAN_POINT('',(6.,-3.75,-0.));
#4173 = LINE('',#4174,#4175);
#4174 = CARTESIAN_POINT('',(7.,-3.75,-0.));
#4175 = VECTOR('',#4176,1.);
#4176 = DIRECTION('',(1.,-0.,-0.));
#4177 = ORIENTED_EDGE('',*,*,#4178,.F.);
#4178 = EDGE_CURVE('',#4179,#4171,#4181,.T.);
#4179 = VERTEX_POINT('',#4180);
#4180 = CARTESIAN_POINT('',(6.,-6.25,-0.));
#4181 = LINE('',#4182,#4183);
#4182 = CARTESIAN_POINT('',(6.,-3.75,-0.));
#4183 = VECTOR('',#4184,1.);
#4184 = DIRECTION('',(-0.,1.,-0.));
#4185 = ORIENTED_EDGE('',*,*,#4186,.F.);
#4186 = EDGE_CURVE('',#3587,#4179,#4187,.T.);
#4187 = LINE('',#4188,#4189);
#4188 = CARTESIAN_POINT('',(7.,-6.25,-0.));
#4189 = VECTOR('',#4190,1.);
#4190 = DIRECTION('',(-1.,0.,0.));
#4191 = ORIENTED_EDGE('',*,*,#3586,.T.);
#4192 = ORIENTED_EDGE('',*,*,#1994,.F.);
#4193 = ORIENTED_EDGE('',*,*,#4194,.F.);
#4194 = EDGE_CURVE('',#4024,#1987,#4195,.T.);
#4195 = LINE('',#4196,#4197);
#4196 = CARTESIAN_POINT('',(0.5,-7.,-0.));
#4197 = VECTOR('',#4198,1.);
#4198 = DIRECTION('',(-1.084202172486E-16,-1.,0.));
#4199 = FACE_BOUND('',#4200,.T.);
#4200 = EDGE_LOOP('',(#4201,#4208));
#4201 = ORIENTED_EDGE('',*,*,#4202,.F.);
#4202 = EDGE_CURVE('',#1448,#1456,#4203,.T.);
#4203 = CIRCLE('',#4204,0.75);
#4204 = AXIS2_PLACEMENT_3D('',#4205,#4206,#4207);
#4205 = CARTESIAN_POINT('',(4.327784574059,-5.359465065112,-0.));
#4206 = DIRECTION('',(0.,0.,-1.));
#4207 = DIRECTION('',(1.,0.,0.));
#4208 = ORIENTED_EDGE('',*,*,#1455,.F.);
#4209 = FACE_BOUND('',#4210,.T.);
#4210 = EDGE_LOOP('',(#4211,#4218));
#4211 = ORIENTED_EDGE('',*,*,#4212,.F.);
#4212 = EDGE_CURVE('',#1406,#1414,#4213,.T.);
#4213 = CIRCLE('',#4214,0.75);
#4214 = AXIS2_PLACEMENT_3D('',#4215,#4216,#4217);
#4215 = CARTESIAN_POINT('',(-4.327784574059,-5.359465065112,0.));
#4216 = DIRECTION('',(0.,0.,-1.));
#4217 = DIRECTION('',(-1.,0.,0.));
#4218 = ORIENTED_EDGE('',*,*,#1413,.F.);
#4219 = FACE_BOUND('',#4220,.T.);
#4220 = EDGE_LOOP('',(#4221,#4231,#4239,#4247,#4255,#4263,#4271,#4279));
#4221 = ORIENTED_EDGE('',*,*,#4222,.T.);
#4222 = EDGE_CURVE('',#4223,#4225,#4227,.T.);
#4223 = VERTEX_POINT('',#4224);
#4224 = CARTESIAN_POINT('',(2.113112643776,-6.469173503045,0.));
#4225 = VERTEX_POINT('',#4226);
#4226 = CARTESIAN_POINT('',(1.996039473045,-6.769173503045,-0.));
#4227 = LINE('',#4228,#4229);
#4228 = CARTESIAN_POINT('',(2.113112643776,-6.469173503045,-0.));
#4229 = VECTOR('',#4230,1.);
#4230 = DIRECTION('',(-0.363542485653,-0.931577619485,0.));
#4231 = ORIENTED_EDGE('',*,*,#4232,.T.);
#4232 = EDGE_CURVE('',#4225,#4233,#4235,.T.);
#4233 = VERTEX_POINT('',#4234);
#4234 = CARTESIAN_POINT('',(2.039941912069,-6.769173503045,-0.));
#4235 = LINE('',#4236,#4237);
#4236 = CARTESIAN_POINT('',(1.996039473045,-6.769173503045,-0.));
#4237 = VECTOR('',#4238,1.);
#4238 = DIRECTION('',(1.,0.,0.));
#4239 = ORIENTED_EDGE('',*,*,#4240,.T.);
#4240 = EDGE_CURVE('',#4233,#4241,#4243,.T.);
#4241 = VERTEX_POINT('',#4242);
#4242 = CARTESIAN_POINT('',(2.070296332801,-6.685027161582,-0.));
#4243 = LINE('',#4244,#4245);
#4244 = CARTESIAN_POINT('',(2.039941912069,-6.769173503045,-0.));
#4245 = VECTOR('',#4246,1.);
#4246 = DIRECTION('',(0.339330377275,0.940667260544,0.));
#4247 = ORIENTED_EDGE('',*,*,#4248,.T.);
#4248 = EDGE_CURVE('',#4241,#4249,#4251,.T.);
#4249 = VERTEX_POINT('',#4250);
#4250 = CARTESIAN_POINT('',(2.19422925963,-6.685027161582,-0.));
#4251 = LINE('',#4252,#4253);
#4252 = CARTESIAN_POINT('',(2.070296332801,-6.685027161582,-0.));
#4253 = VECTOR('',#4254,1.);
#4254 = DIRECTION('',(1.,0.,0.));
#4255 = ORIENTED_EDGE('',*,*,#4256,.T.);
#4256 = EDGE_CURVE('',#4249,#4257,#4259,.T.);
#4257 = VERTEX_POINT('',#4258);
#4258 = CARTESIAN_POINT('',(2.222868741337,-6.769173503045,-0.));
#4259 = LINE('',#4260,#4261);
#4260 = CARTESIAN_POINT('',(2.19422925963,-6.685027161582,-0.));
#4261 = VECTOR('',#4262,1.);
#4262 = DIRECTION('',(0.322202485606,-0.946670776072,0.));
#4263 = ORIENTED_EDGE('',*,*,#4264,.T.);
#4264 = EDGE_CURVE('',#4257,#4265,#4267,.T.);
#4265 = VERTEX_POINT('',#4266);
#4266 = CARTESIAN_POINT('',(2.266771180362,-6.769173503045,-0.));
#4267 = LINE('',#4268,#4269);
#4268 = CARTESIAN_POINT('',(2.222868741337,-6.769173503045,-0.));
#4269 = VECTOR('',#4270,1.);
#4270 = DIRECTION('',(1.,0.,0.));
#4271 = ORIENTED_EDGE('',*,*,#4272,.T.);
#4272 = EDGE_CURVE('',#4265,#4273,#4275,.T.);
#4273 = VERTEX_POINT('',#4274);
#4274 = CARTESIAN_POINT('',(2.153356546215,-6.469173503045,-0.));
#4275 = LINE('',#4276,#4277);
#4276 = CARTESIAN_POINT('',(2.266771180362,-6.769173503045,-0.));
#4277 = VECTOR('',#4278,1.);
#4278 = DIRECTION('',(-0.353622392329,0.93538826358,0.));
#4279 = ORIENTED_EDGE('',*,*,#4280,.T.);
#4280 = EDGE_CURVE('',#4273,#4223,#4281,.T.);
#4281 = LINE('',#4282,#4283);
#4282 = CARTESIAN_POINT('',(2.153356546215,-6.469173503045,-0.));
#4283 = VECTOR('',#4284,1.);
#4284 = DIRECTION('',(-1.,0.,0.));
#4285 = FACE_BOUND('',#4286,.T.);
#4286 = EDGE_LOOP('',(#4287,#4297,#4305,#4313,#4321,#4329,#4337,#4345,
    #4353,#4361,#4369,#4377));
#4287 = ORIENTED_EDGE('',*,*,#4288,.T.);
#4288 = EDGE_CURVE('',#4289,#4291,#4293,.T.);
#4289 = VERTEX_POINT('',#4290);
#4290 = CARTESIAN_POINT('',(2.588722399874,-6.736246673777,0.));
#4291 = VERTEX_POINT('',#4292);
#4292 = CARTESIAN_POINT('',(2.588722399874,-6.769173503045,-0.));
#4293 = LINE('',#4294,#4295);
#4294 = CARTESIAN_POINT('',(2.588722399874,-6.736246673777,-0.));
#4295 = VECTOR('',#4296,1.);
#4296 = DIRECTION('',(0.,-1.,0.));
#4297 = ORIENTED_EDGE('',*,*,#4298,.T.);
#4298 = EDGE_CURVE('',#4291,#4299,#4301,.T.);
#4299 = VERTEX_POINT('',#4300);
#4300 = CARTESIAN_POINT('',(2.74969800963,-6.769173503045,-0.));
#4301 = LINE('',#4302,#4303);
#4302 = CARTESIAN_POINT('',(2.588722399874,-6.769173503045,-0.));
#4303 = VECTOR('',#4304,1.);
#4304 = DIRECTION('',(1.,0.,0.));
#4305 = ORIENTED_EDGE('',*,*,#4306,.T.);
#4306 = EDGE_CURVE('',#4299,#4307,#4309,.T.);
#4307 = VERTEX_POINT('',#4308);
#4308 = CARTESIAN_POINT('',(2.74969800963,-6.469173503045,-0.));
#4309 = LINE('',#4310,#4311);
#4310 = CARTESIAN_POINT('',(2.74969800963,-6.769173503045,-0.));
#4311 = VECTOR('',#4312,1.);
#4312 = DIRECTION('',(0.,1.,0.));
#4313 = ORIENTED_EDGE('',*,*,#4314,.T.);
#4314 = EDGE_CURVE('',#4307,#4315,#4317,.T.);
#4315 = VERTEX_POINT('',#4316);
#4316 = CARTESIAN_POINT('',(2.596039473045,-6.469173503045,-0.));
#4317 = LINE('',#4318,#4319);
#4318 = CARTESIAN_POINT('',(2.74969800963,-6.469173503045,-0.));
#4319 = VECTOR('',#4320,1.);
#4320 = DIRECTION('',(-1.,0.,0.));
#4321 = ORIENTED_EDGE('',*,*,#4322,.T.);
#4322 = EDGE_CURVE('',#4315,#4323,#4325,.T.);
#4323 = VERTEX_POINT('',#4324);
#4324 = CARTESIAN_POINT('',(2.596039473045,-6.502100332313,-0.));
#4325 = LINE('',#4326,#4327);
#4326 = CARTESIAN_POINT('',(2.596039473045,-6.469173503045,-0.));
#4327 = VECTOR('',#4328,1.);
#4328 = DIRECTION('',(0.,-1.,0.));
#4329 = ORIENTED_EDGE('',*,*,#4330,.T.);
#4330 = EDGE_CURVE('',#4323,#4331,#4333,.T.);
#4331 = VERTEX_POINT('',#4332);
#4332 = CARTESIAN_POINT('',(2.709454107191,-6.502100332313,-0.));
#4333 = LINE('',#4334,#4335);
#4334 = CARTESIAN_POINT('',(2.596039473045,-6.502100332313,-0.));
#4335 = VECTOR('',#4336,1.);
#4336 = DIRECTION('',(1.,0.,0.));
#4337 = ORIENTED_EDGE('',*,*,#4338,.T.);
#4338 = EDGE_CURVE('',#4331,#4339,#4341,.T.);
#4339 = VERTEX_POINT('',#4340);
#4340 = CARTESIAN_POINT('',(2.709454107191,-6.600880820118,-0.));
#4341 = LINE('',#4342,#4343);
#4342 = CARTESIAN_POINT('',(2.709454107191,-6.502100332313,-0.));
#4343 = VECTOR('',#4344,1.);
#4344 = DIRECTION('',(0.,-1.,0.));
#4345 = ORIENTED_EDGE('',*,*,#4346,.T.);
#4346 = EDGE_CURVE('',#4339,#4347,#4349,.T.);
#4347 = VERTEX_POINT('',#4348);
#4348 = CARTESIAN_POINT('',(2.603356546215,-6.600880820118,-0.));
#4349 = LINE('',#4350,#4351);
#4350 = CARTESIAN_POINT('',(2.709454107191,-6.600880820118,-0.));
#4351 = VECTOR('',#4352,1.);
#4352 = DIRECTION('',(-1.,0.,0.));
#4353 = ORIENTED_EDGE('',*,*,#4354,.T.);
#4354 = EDGE_CURVE('',#4347,#4355,#4357,.T.);
#4355 = VERTEX_POINT('',#4356);
#4356 = CARTESIAN_POINT('',(2.603356546215,-6.633807649387,-0.));
#4357 = LINE('',#4358,#4359);
#4358 = CARTESIAN_POINT('',(2.603356546215,-6.600880820118,-0.));
#4359 = VECTOR('',#4360,1.);
#4360 = DIRECTION('',(0.,-1.,0.));
#4361 = ORIENTED_EDGE('',*,*,#4362,.T.);
#4362 = EDGE_CURVE('',#4355,#4363,#4365,.T.);
#4363 = VERTEX_POINT('',#4364);
#4364 = CARTESIAN_POINT('',(2.709454107191,-6.633807649387,-0.));
#4365 = LINE('',#4366,#4367);
#4366 = CARTESIAN_POINT('',(2.603356546215,-6.633807649387,-0.));
#4367 = VECTOR('',#4368,1.);
#4368 = DIRECTION('',(1.,0.,0.));
#4369 = ORIENTED_EDGE('',*,*,#4370,.T.);
#4370 = EDGE_CURVE('',#4363,#4371,#4373,.T.);
#4371 = VERTEX_POINT('',#4372);
#4372 = CARTESIAN_POINT('',(2.709454107191,-6.736246673777,-0.));
#4373 = LINE('',#4374,#4375);
#4374 = CARTESIAN_POINT('',(2.709454107191,-6.633807649387,-0.));
#4375 = VECTOR('',#4376,1.);
#4376 = DIRECTION('',(0.,-1.,0.));
#4377 = ORIENTED_EDGE('',*,*,#4378,.T.);
#4378 = EDGE_CURVE('',#4371,#4289,#4379,.T.);
#4379 = LINE('',#4380,#4381);
#4380 = CARTESIAN_POINT('',(2.709454107191,-6.736246673777,-0.));
#4381 = VECTOR('',#4382,1.);
#4382 = DIRECTION('',(-1.,0.,0.));
#4383 = FACE_BOUND('',#4384,.T.);
#4384 = EDGE_LOOP('',(#4385,#4395,#4403,#4411,#4419,#4427));
#4385 = ORIENTED_EDGE('',*,*,#4386,.T.);
#4386 = EDGE_CURVE('',#4387,#4389,#4391,.T.);
#4387 = VERTEX_POINT('',#4388);
#4388 = CARTESIAN_POINT('',(3.057015082801,-6.736246673777,0.));
#4389 = VERTEX_POINT('',#4390);
#4390 = CARTESIAN_POINT('',(3.057015082801,-6.769173503045,-0.));
#4391 = LINE('',#4392,#4393);
#4392 = CARTESIAN_POINT('',(3.057015082801,-6.736246673777,-0.));
#4393 = VECTOR('',#4394,1.);
#4394 = DIRECTION('',(0.,-1.,0.));
#4395 = ORIENTED_EDGE('',*,*,#4396,.T.);
#4396 = EDGE_CURVE('',#4389,#4397,#4399,.T.);
#4397 = VERTEX_POINT('',#4398);
#4398 = CARTESIAN_POINT('',(3.210673619386,-6.769173503045,-0.));
#4399 = LINE('',#4400,#4401);
#4400 = CARTESIAN_POINT('',(3.057015082801,-6.769173503045,-0.));
#4401 = VECTOR('',#4402,1.);
#4402 = DIRECTION('',(1.,0.,0.));
#4403 = ORIENTED_EDGE('',*,*,#4404,.T.);
#4404 = EDGE_CURVE('',#4397,#4405,#4407,.T.);
#4405 = VERTEX_POINT('',#4406);
#4406 = CARTESIAN_POINT('',(3.210673619386,-6.469173503045,-0.));
#4407 = LINE('',#4408,#4409);
#4408 = CARTESIAN_POINT('',(3.210673619386,-6.769173503045,-0.));
#4409 = VECTOR('',#4410,1.);
#4410 = DIRECTION('',(0.,1.,0.));
#4411 = ORIENTED_EDGE('',*,*,#4412,.T.);
#4412 = EDGE_CURVE('',#4405,#4413,#4415,.T.);
#4413 = VERTEX_POINT('',#4414);
#4414 = CARTESIAN_POINT('',(3.170429716947,-6.469173503045,-0.));
#4415 = LINE('',#4416,#4417);
#4416 = CARTESIAN_POINT('',(3.210673619386,-6.469173503045,-0.));
#4417 = VECTOR('',#4418,1.);
#4418 = DIRECTION('',(-1.,0.,0.));
#4419 = ORIENTED_EDGE('',*,*,#4420,.T.);
#4420 = EDGE_CURVE('',#4413,#4421,#4423,.T.);
#4421 = VERTEX_POINT('',#4422);
#4422 = CARTESIAN_POINT('',(3.170429716947,-6.736246673777,-0.));
#4423 = LINE('',#4424,#4425);
#4424 = CARTESIAN_POINT('',(3.170429716947,-6.469173503045,-0.));
#4425 = VECTOR('',#4426,1.);
#4426 = DIRECTION('',(0.,-1.,0.));
#4427 = ORIENTED_EDGE('',*,*,#4428,.T.);
#4428 = EDGE_CURVE('',#4421,#4387,#4429,.T.);
#4429 = LINE('',#4430,#4431);
#4430 = CARTESIAN_POINT('',(3.170429716947,-6.736246673777,-0.));
#4431 = VECTOR('',#4432,1.);
#4432 = DIRECTION('',(-1.,0.,0.));
#4433 = PLANE('',#4434);
#4434 = AXIS2_PLACEMENT_3D('',#4435,#4436,#4437);
#4435 = CARTESIAN_POINT('',(0.,0.,0.));
#4436 = DIRECTION('',(-0.,0.,1.));
#4437 = DIRECTION('',(1.,0.,0.));
#4438 = ADVANCED_FACE('',(#4439),#4457,.F.);
#4439 = FACE_BOUND('',#4440,.T.);
#4440 = EDGE_LOOP('',(#4441,#4442,#4443,#4451));
#4441 = ORIENTED_EDGE('',*,*,#4170,.T.);
#4442 = ORIENTED_EDGE('',*,*,#3610,.F.);
#4443 = ORIENTED_EDGE('',*,*,#4444,.F.);
#4444 = EDGE_CURVE('',#4445,#3603,#4447,.T.);
#4445 = VERTEX_POINT('',#4446);
#4446 = CARTESIAN_POINT('',(6.,-3.75,0.19));
#4447 = LINE('',#4448,#4449);
#4448 = CARTESIAN_POINT('',(7.,-3.75,0.19));
#4449 = VECTOR('',#4450,1.);
#4450 = DIRECTION('',(1.,-0.,-0.));
#4451 = ORIENTED_EDGE('',*,*,#4452,.T.);
#4452 = EDGE_CURVE('',#4445,#4171,#4453,.T.);
#4453 = LINE('',#4454,#4455);
#4454 = CARTESIAN_POINT('',(6.,-3.75,0.19));
#4455 = VECTOR('',#4456,1.);
#4456 = DIRECTION('',(-0.,-0.,-1.));
#4457 = PLANE('',#4458);
#4458 = AXIS2_PLACEMENT_3D('',#4459,#4460,#4461);
#4459 = CARTESIAN_POINT('',(7.,-3.75,0.19));
#4460 = DIRECTION('',(0.,1.,-0.));
#4461 = DIRECTION('',(0.,0.,1.));
#4462 = ADVANCED_FACE('',(#4463),#4481,.F.);
#4463 = FACE_BOUND('',#4464,.T.);
#4464 = EDGE_LOOP('',(#4465,#4466,#4467,#4475));
#4465 = ORIENTED_EDGE('',*,*,#4178,.T.);
#4466 = ORIENTED_EDGE('',*,*,#4452,.F.);
#4467 = ORIENTED_EDGE('',*,*,#4468,.F.);
#4468 = EDGE_CURVE('',#4469,#4445,#4471,.T.);
#4469 = VERTEX_POINT('',#4470);
#4470 = CARTESIAN_POINT('',(6.,-6.25,0.19));
#4471 = LINE('',#4472,#4473);
#4472 = CARTESIAN_POINT('',(6.,-3.75,0.19));
#4473 = VECTOR('',#4474,1.);
#4474 = DIRECTION('',(-0.,1.,-0.));
#4475 = ORIENTED_EDGE('',*,*,#4476,.T.);
#4476 = EDGE_CURVE('',#4469,#4179,#4477,.T.);
#4477 = LINE('',#4478,#4479);
#4478 = CARTESIAN_POINT('',(6.,-6.25,0.19));
#4479 = VECTOR('',#4480,1.);
#4480 = DIRECTION('',(-0.,-0.,-1.));
#4481 = PLANE('',#4482);
#4482 = AXIS2_PLACEMENT_3D('',#4483,#4484,#4485);
#4483 = CARTESIAN_POINT('',(6.,-3.75,0.19));
#4484 = DIRECTION('',(-1.,0.,0.));
#4485 = DIRECTION('',(0.,0.,1.));
#4486 = ADVANCED_FACE('',(#4487),#4498,.F.);
#4487 = FACE_BOUND('',#4488,.T.);
#4488 = EDGE_LOOP('',(#4489,#4490,#4491,#4497));
#4489 = ORIENTED_EDGE('',*,*,#4186,.T.);
#4490 = ORIENTED_EDGE('',*,*,#4476,.F.);
#4491 = ORIENTED_EDGE('',*,*,#4492,.F.);
#4492 = EDGE_CURVE('',#3595,#4469,#4493,.T.);
#4493 = LINE('',#4494,#4495);
#4494 = CARTESIAN_POINT('',(7.,-6.25,0.19));
#4495 = VECTOR('',#4496,1.);
#4496 = DIRECTION('',(-1.,0.,0.));
#4497 = ORIENTED_EDGE('',*,*,#3594,.T.);
#4498 = PLANE('',#4499);
#4499 = AXIS2_PLACEMENT_3D('',#4500,#4501,#4502);
#4500 = CARTESIAN_POINT('',(7.,-6.25,0.19));
#4501 = DIRECTION('',(0.,-1.,0.));
#4502 = DIRECTION('',(0.,-0.,-1.));
#4503 = ADVANCED_FACE('',(#4504),#4510,.T.);
#4504 = FACE_BOUND('',#4505,.T.);
#4505 = EDGE_LOOP('',(#4506,#4507,#4508,#4509));
#4506 = ORIENTED_EDGE('',*,*,#3602,.T.);
#4507 = ORIENTED_EDGE('',*,*,#4492,.T.);
#4508 = ORIENTED_EDGE('',*,*,#4468,.T.);
#4509 = ORIENTED_EDGE('',*,*,#4444,.T.);
#4510 = PLANE('',#4511);
#4511 = AXIS2_PLACEMENT_3D('',#4512,#4513,#4514);
#4512 = CARTESIAN_POINT('',(0.,0.,0.19));
#4513 = DIRECTION('',(-0.,0.,-1.));
#4514 = DIRECTION('',(-1.,0.,0.));
#4515 = ADVANCED_FACE('',(#4516),#4534,.F.);
#4516 = FACE_BOUND('',#4517,.T.);
#4517 = EDGE_LOOP('',(#4518,#4519,#4520,#4528));
#4518 = ORIENTED_EDGE('',*,*,#4039,.T.);
#4519 = ORIENTED_EDGE('',*,*,#3554,.F.);
#4520 = ORIENTED_EDGE('',*,*,#4521,.F.);
#4521 = EDGE_CURVE('',#4522,#3547,#4524,.T.);
#4522 = VERTEX_POINT('',#4523);
#4523 = CARTESIAN_POINT('',(-6.,-6.25,0.19));
#4524 = LINE('',#4525,#4526);
#4525 = CARTESIAN_POINT('',(-7.,-6.25,0.19));
#4526 = VECTOR('',#4527,1.);
#4527 = DIRECTION('',(-1.,-0.,-0.));
#4528 = ORIENTED_EDGE('',*,*,#4529,.T.);
#4529 = EDGE_CURVE('',#4522,#4040,#4530,.T.);
#4530 = LINE('',#4531,#4532);
#4531 = CARTESIAN_POINT('',(-6.,-6.25,0.19));
#4532 = VECTOR('',#4533,1.);
#4533 = DIRECTION('',(-0.,-0.,-1.));
#4534 = PLANE('',#4535);
#4535 = AXIS2_PLACEMENT_3D('',#4536,#4537,#4538);
#4536 = CARTESIAN_POINT('',(-7.,-6.25,0.19));
#4537 = DIRECTION('',(0.,-1.,0.));
#4538 = DIRECTION('',(0.,-0.,-1.));
#4539 = ADVANCED_FACE('',(#4540),#4558,.F.);
#4540 = FACE_BOUND('',#4541,.T.);
#4541 = EDGE_LOOP('',(#4542,#4543,#4544,#4552));
#4542 = ORIENTED_EDGE('',*,*,#4047,.T.);
#4543 = ORIENTED_EDGE('',*,*,#4529,.F.);
#4544 = ORIENTED_EDGE('',*,*,#4545,.F.);
#4545 = EDGE_CURVE('',#4546,#4522,#4548,.T.);
#4546 = VERTEX_POINT('',#4547);
#4547 = CARTESIAN_POINT('',(-6.,-3.75,0.19));
#4548 = LINE('',#4549,#4550);
#4549 = CARTESIAN_POINT('',(-6.,-3.75,0.19));
#4550 = VECTOR('',#4551,1.);
#4551 = DIRECTION('',(0.,-1.,0.));
#4552 = ORIENTED_EDGE('',*,*,#4553,.T.);
#4553 = EDGE_CURVE('',#4546,#4048,#4554,.T.);
#4554 = LINE('',#4555,#4556);
#4555 = CARTESIAN_POINT('',(-6.,-3.75,0.19));
#4556 = VECTOR('',#4557,1.);
#4557 = DIRECTION('',(-0.,-0.,-1.));
#4558 = PLANE('',#4559);
#4559 = AXIS2_PLACEMENT_3D('',#4560,#4561,#4562);
#4560 = CARTESIAN_POINT('',(-6.,-3.75,0.19));
#4561 = DIRECTION('',(1.,0.,-0.));
#4562 = DIRECTION('',(-0.,0.,-1.));
#4563 = ADVANCED_FACE('',(#4564),#4575,.F.);
#4564 = FACE_BOUND('',#4565,.T.);
#4565 = EDGE_LOOP('',(#4566,#4567,#4568,#4574));
#4566 = ORIENTED_EDGE('',*,*,#4055,.T.);
#4567 = ORIENTED_EDGE('',*,*,#4553,.F.);
#4568 = ORIENTED_EDGE('',*,*,#4569,.F.);
#4569 = EDGE_CURVE('',#3539,#4546,#4570,.T.);
#4570 = LINE('',#4571,#4572);
#4571 = CARTESIAN_POINT('',(-7.,-3.75,0.19));
#4572 = VECTOR('',#4573,1.);
#4573 = DIRECTION('',(1.,0.,0.));
#4574 = ORIENTED_EDGE('',*,*,#3538,.T.);
#4575 = PLANE('',#4576);
#4576 = AXIS2_PLACEMENT_3D('',#4577,#4578,#4579);
#4577 = CARTESIAN_POINT('',(-7.,-3.75,0.19));
#4578 = DIRECTION('',(0.,1.,0.));
#4579 = DIRECTION('',(0.,-0.,1.));
#4580 = ADVANCED_FACE('',(#4581),#4587,.F.);
#4581 = FACE_BOUND('',#4582,.T.);
#4582 = EDGE_LOOP('',(#4583,#4584,#4585,#4586));
#4583 = ORIENTED_EDGE('',*,*,#3546,.T.);
#4584 = ORIENTED_EDGE('',*,*,#4569,.T.);
#4585 = ORIENTED_EDGE('',*,*,#4545,.T.);
#4586 = ORIENTED_EDGE('',*,*,#4521,.T.);
#4587 = PLANE('',#4588);
#4588 = AXIS2_PLACEMENT_3D('',#4589,#4590,#4591);
#4589 = CARTESIAN_POINT('',(0.,0.,0.19));
#4590 = DIRECTION('',(-0.,0.,1.));
#4591 = DIRECTION('',(1.,0.,0.));
#4592 = ADVANCED_FACE('',(#4593),#4611,.F.);
#4593 = FACE_BOUND('',#4594,.T.);
#4594 = EDGE_LOOP('',(#4595,#4596,#4597,#4605));
#4595 = ORIENTED_EDGE('',*,*,#4091,.T.);
#4596 = ORIENTED_EDGE('',*,*,#3422,.F.);
#4597 = ORIENTED_EDGE('',*,*,#4598,.F.);
#4598 = EDGE_CURVE('',#4599,#3415,#4601,.T.);
#4599 = VERTEX_POINT('',#4600);
#4600 = CARTESIAN_POINT('',(-6.,3.75,0.19));
#4601 = LINE('',#4602,#4603);
#4602 = CARTESIAN_POINT('',(-7.,3.75,0.19));
#4603 = VECTOR('',#4604,1.);
#4604 = DIRECTION('',(-1.,4.336808689942E-16,-0.));
#4605 = ORIENTED_EDGE('',*,*,#4606,.T.);
#4606 = EDGE_CURVE('',#4599,#4092,#4607,.T.);
#4607 = LINE('',#4608,#4609);
#4608 = CARTESIAN_POINT('',(-6.,3.75,0.19));
#4609 = VECTOR('',#4610,1.);
#4610 = DIRECTION('',(-0.,-0.,-1.));
#4611 = PLANE('',#4612);
#4612 = AXIS2_PLACEMENT_3D('',#4613,#4614,#4615);
#4613 = CARTESIAN_POINT('',(-7.,3.75,0.19));
#4614 = DIRECTION('',(-4.336808689942E-16,-1.,0.));
#4615 = DIRECTION('',(1.,-4.336808689942E-16,0.));
#4616 = ADVANCED_FACE('',(#4617),#4635,.F.);
#4617 = FACE_BOUND('',#4618,.T.);
#4618 = EDGE_LOOP('',(#4619,#4620,#4621,#4629));
#4619 = ORIENTED_EDGE('',*,*,#4099,.T.);
#4620 = ORIENTED_EDGE('',*,*,#4606,.F.);
#4621 = ORIENTED_EDGE('',*,*,#4622,.F.);
#4622 = EDGE_CURVE('',#4623,#4599,#4625,.T.);
#4623 = VERTEX_POINT('',#4624);
#4624 = CARTESIAN_POINT('',(-6.,6.25,0.19));
#4625 = LINE('',#4626,#4627);
#4626 = CARTESIAN_POINT('',(-6.,3.75,0.19));
#4627 = VECTOR('',#4628,1.);
#4628 = DIRECTION('',(-0.,-1.,-0.));
#4629 = ORIENTED_EDGE('',*,*,#4630,.T.);
#4630 = EDGE_CURVE('',#4623,#4100,#4631,.T.);
#4631 = LINE('',#4632,#4633);
#4632 = CARTESIAN_POINT('',(-6.,6.25,0.19));
#4633 = VECTOR('',#4634,1.);
#4634 = DIRECTION('',(-0.,-0.,-1.));
#4635 = PLANE('',#4636);
#4636 = AXIS2_PLACEMENT_3D('',#4637,#4638,#4639);
#4637 = CARTESIAN_POINT('',(-6.,3.75,0.19));
#4638 = DIRECTION('',(1.,0.,0.));
#4639 = DIRECTION('',(0.,0.,-1.));
#4640 = ADVANCED_FACE('',(#4641),#4652,.F.);
#4641 = FACE_BOUND('',#4642,.T.);
#4642 = EDGE_LOOP('',(#4643,#4644,#4645,#4651));
#4643 = ORIENTED_EDGE('',*,*,#4107,.T.);
#4644 = ORIENTED_EDGE('',*,*,#4630,.F.);
#4645 = ORIENTED_EDGE('',*,*,#4646,.F.);
#4646 = EDGE_CURVE('',#3407,#4623,#4647,.T.);
#4647 = LINE('',#4648,#4649);
#4648 = CARTESIAN_POINT('',(-7.,6.25,0.19));
#4649 = VECTOR('',#4650,1.);
#4650 = DIRECTION('',(1.,0.,0.));
#4651 = ORIENTED_EDGE('',*,*,#3406,.T.);
#4652 = PLANE('',#4653);
#4653 = AXIS2_PLACEMENT_3D('',#4654,#4655,#4656);
#4654 = CARTESIAN_POINT('',(-7.,6.25,0.19));
#4655 = DIRECTION('',(0.,1.,0.));
#4656 = DIRECTION('',(0.,-0.,1.));
#4657 = ADVANCED_FACE('',(#4658),#4664,.T.);
#4658 = FACE_BOUND('',#4659,.T.);
#4659 = EDGE_LOOP('',(#4660,#4661,#4662,#4663));
#4660 = ORIENTED_EDGE('',*,*,#3414,.T.);
#4661 = ORIENTED_EDGE('',*,*,#4646,.T.);
#4662 = ORIENTED_EDGE('',*,*,#4622,.T.);
#4663 = ORIENTED_EDGE('',*,*,#4598,.T.);
#4664 = PLANE('',#4665);
#4665 = AXIS2_PLACEMENT_3D('',#4666,#4667,#4668);
#4666 = CARTESIAN_POINT('',(0.,0.,0.19));
#4667 = DIRECTION('',(0.,0.,-1.));
#4668 = DIRECTION('',(-1.,0.,-0.));
#4669 = ADVANCED_FACE('',(#4670),#4688,.F.);
#4670 = FACE_BOUND('',#4671,.T.);
#4671 = EDGE_LOOP('',(#4672,#4673,#4681,#4687));
#4672 = ORIENTED_EDGE('',*,*,#4134,.T.);
#4673 = ORIENTED_EDGE('',*,*,#4674,.F.);
#4674 = EDGE_CURVE('',#4675,#4127,#4677,.T.);
#4675 = VERTEX_POINT('',#4676);
#4676 = CARTESIAN_POINT('',(6.,3.75,0.19));
#4677 = LINE('',#4678,#4679);
#4678 = CARTESIAN_POINT('',(6.,3.75,0.19));
#4679 = VECTOR('',#4680,1.);
#4680 = DIRECTION('',(-0.,-0.,-1.));
#4681 = ORIENTED_EDGE('',*,*,#4682,.F.);
#4682 = EDGE_CURVE('',#3351,#4675,#4683,.T.);
#4683 = LINE('',#4684,#4685);
#4684 = CARTESIAN_POINT('',(7.,3.75,0.19));
#4685 = VECTOR('',#4686,1.);
#4686 = DIRECTION('',(-1.,0.,0.));
#4687 = ORIENTED_EDGE('',*,*,#3350,.T.);
#4688 = PLANE('',#4689);
#4689 = AXIS2_PLACEMENT_3D('',#4690,#4691,#4692);
#4690 = CARTESIAN_POINT('',(7.,3.75,0.19));
#4691 = DIRECTION('',(0.,-1.,0.));
#4692 = DIRECTION('',(0.,-0.,-1.));
#4693 = ADVANCED_FACE('',(#4694),#4712,.F.);
#4694 = FACE_BOUND('',#4695,.T.);
#4695 = EDGE_LOOP('',(#4696,#4697,#4698,#4706));
#4696 = ORIENTED_EDGE('',*,*,#4118,.T.);
#4697 = ORIENTED_EDGE('',*,*,#3366,.F.);
#4698 = ORIENTED_EDGE('',*,*,#4699,.F.);
#4699 = EDGE_CURVE('',#4700,#3359,#4702,.T.);
#4700 = VERTEX_POINT('',#4701);
#4701 = CARTESIAN_POINT('',(6.,6.25,0.19));
#4702 = LINE('',#4703,#4704);
#4703 = CARTESIAN_POINT('',(7.,6.25,0.19));
#4704 = VECTOR('',#4705,1.);
#4705 = DIRECTION('',(1.,-0.,-0.));
#4706 = ORIENTED_EDGE('',*,*,#4707,.T.);
#4707 = EDGE_CURVE('',#4700,#4119,#4708,.T.);
#4708 = LINE('',#4709,#4710);
#4709 = CARTESIAN_POINT('',(6.,6.25,0.19));
#4710 = VECTOR('',#4711,1.);
#4711 = DIRECTION('',(-0.,-0.,-1.));
#4712 = PLANE('',#4713);
#4713 = AXIS2_PLACEMENT_3D('',#4714,#4715,#4716);
#4714 = CARTESIAN_POINT('',(7.,6.25,0.19));
#4715 = DIRECTION('',(0.,1.,-0.));
#4716 = DIRECTION('',(0.,0.,1.));
#4717 = ADVANCED_FACE('',(#4718),#4729,.F.);
#4718 = FACE_BOUND('',#4719,.T.);
#4719 = EDGE_LOOP('',(#4720,#4721,#4722,#4728));
#4720 = ORIENTED_EDGE('',*,*,#4126,.T.);
#4721 = ORIENTED_EDGE('',*,*,#4707,.F.);
#4722 = ORIENTED_EDGE('',*,*,#4723,.F.);
#4723 = EDGE_CURVE('',#4675,#4700,#4724,.T.);
#4724 = LINE('',#4725,#4726);
#4725 = CARTESIAN_POINT('',(6.,3.75,0.19));
#4726 = VECTOR('',#4727,1.);
#4727 = DIRECTION('',(0.,1.,0.));
#4728 = ORIENTED_EDGE('',*,*,#4674,.T.);
#4729 = PLANE('',#4730);
#4730 = AXIS2_PLACEMENT_3D('',#4731,#4732,#4733);
#4731 = CARTESIAN_POINT('',(6.,3.75,0.19));
#4732 = DIRECTION('',(-1.,0.,0.));
#4733 = DIRECTION('',(0.,0.,1.));
#4734 = ADVANCED_FACE('',(#4735),#4741,.T.);
#4735 = FACE_BOUND('',#4736,.T.);
#4736 = EDGE_LOOP('',(#4737,#4738,#4739,#4740));
#4737 = ORIENTED_EDGE('',*,*,#4682,.T.);
#4738 = ORIENTED_EDGE('',*,*,#4723,.T.);
#4739 = ORIENTED_EDGE('',*,*,#4699,.T.);
#4740 = ORIENTED_EDGE('',*,*,#3358,.T.);
#4741 = PLANE('',#4742);
#4742 = AXIS2_PLACEMENT_3D('',#4743,#4744,#4745);
#4743 = CARTESIAN_POINT('',(0.,0.,0.19));
#4744 = DIRECTION('',(0.,0.,-1.));
#4745 = DIRECTION('',(-1.,0.,-0.));
#4746 = ADVANCED_FACE('',(#4747),#4759,.F.);
#4747 = FACE_BOUND('',#4748,.F.);
#4748 = EDGE_LOOP('',(#4749,#4750,#4751,#4758));
#4749 = ORIENTED_EDGE('',*,*,#4202,.F.);
#4750 = ORIENTED_EDGE('',*,*,#1445,.F.);
#4751 = ORIENTED_EDGE('',*,*,#4752,.T.);
#4752 = EDGE_CURVE('',#1446,#1465,#4753,.T.);
#4753 = CIRCLE('',#4754,0.75);
#4754 = AXIS2_PLACEMENT_3D('',#4755,#4756,#4757);
#4755 = CARTESIAN_POINT('',(4.327784574059,-5.359465065112,0.5));
#4756 = DIRECTION('',(0.,0.,-1.));
#4757 = DIRECTION('',(1.,0.,0.));
#4758 = ORIENTED_EDGE('',*,*,#1464,.T.);
#4759 = CYLINDRICAL_SURFACE('',#4760,0.75);
#4760 = AXIS2_PLACEMENT_3D('',#4761,#4762,#4763);
#4761 = CARTESIAN_POINT('',(4.327784574059,-5.359465065112,0.5));
#4762 = DIRECTION('',(-0.,-0.,-1.));
#4763 = DIRECTION('',(-1.,0.,0.));
#4764 = ADVANCED_FACE('',(#4765),#4769,.F.);
#4765 = FACE_BOUND('',#4766,.T.);
#4766 = EDGE_LOOP('',(#4767,#4768));
#4767 = ORIENTED_EDGE('',*,*,#4752,.T.);
#4768 = ORIENTED_EDGE('',*,*,#1472,.T.);
#4769 = PLANE('',#4770);
#4770 = AXIS2_PLACEMENT_3D('',#4771,#4772,#4773);
#4771 = CARTESIAN_POINT('',(4.327784574059,-5.359465065112,0.5));
#4772 = DIRECTION('',(0.,-0.,1.));
#4773 = DIRECTION('',(1.,0.,0.));
#4774 = ADVANCED_FACE('',(#4775),#4787,.F.);
#4775 = FACE_BOUND('',#4776,.F.);
#4776 = EDGE_LOOP('',(#4777,#4778,#4779,#4786));
#4777 = ORIENTED_EDGE('',*,*,#4212,.F.);
#4778 = ORIENTED_EDGE('',*,*,#1403,.F.);
#4779 = ORIENTED_EDGE('',*,*,#4780,.T.);
#4780 = EDGE_CURVE('',#1404,#1423,#4781,.T.);
#4781 = CIRCLE('',#4782,0.75);
#4782 = AXIS2_PLACEMENT_3D('',#4783,#4784,#4785);
#4783 = CARTESIAN_POINT('',(-4.327784574059,-5.359465065112,0.5));
#4784 = DIRECTION('',(0.,0.,-1.));
#4785 = DIRECTION('',(-1.,0.,0.));
#4786 = ORIENTED_EDGE('',*,*,#1422,.T.);
#4787 = CYLINDRICAL_SURFACE('',#4788,0.75);
#4788 = AXIS2_PLACEMENT_3D('',#4789,#4790,#4791);
#4789 = CARTESIAN_POINT('',(-4.327784574059,-5.359465065112,0.5));
#4790 = DIRECTION('',(-0.,-0.,-1.));
#4791 = DIRECTION('',(-1.,0.,0.));
#4792 = ADVANCED_FACE('',(#4793),#4797,.T.);
#4793 = FACE_BOUND('',#4794,.T.);
#4794 = EDGE_LOOP('',(#4795,#4796));
#4795 = ORIENTED_EDGE('',*,*,#4780,.T.);
#4796 = ORIENTED_EDGE('',*,*,#1430,.T.);
#4797 = PLANE('',#4798);
#4798 = AXIS2_PLACEMENT_3D('',#4799,#4800,#4801);
#4799 = CARTESIAN_POINT('',(-4.327784574059,-5.359465065112,0.5));
#4800 = DIRECTION('',(0.,0.,-1.));
#4801 = DIRECTION('',(-1.,0.,-0.));
#4802 = ADVANCED_FACE('',(#4803),#4828,.T.);
#4803 = FACE_BOUND('',#4804,.T.);
#4804 = EDGE_LOOP('',(#4805,#4806,#4814,#4822));
#4805 = ORIENTED_EDGE('',*,*,#4222,.F.);
#4806 = ORIENTED_EDGE('',*,*,#4807,.F.);
#4807 = EDGE_CURVE('',#4808,#4223,#4810,.T.);
#4808 = VERTEX_POINT('',#4809);
#4809 = CARTESIAN_POINT('',(2.113112643776,-6.469173503045,1.E-03));
#4810 = LINE('',#4811,#4812);
#4811 = CARTESIAN_POINT('',(2.113112643776,-6.469173503045,1.E-03));
#4812 = VECTOR('',#4813,1.);
#4813 = DIRECTION('',(-0.,-0.,-1.));
#4814 = ORIENTED_EDGE('',*,*,#4815,.T.);
#4815 = EDGE_CURVE('',#4808,#4816,#4818,.T.);
#4816 = VERTEX_POINT('',#4817);
#4817 = CARTESIAN_POINT('',(1.996039473045,-6.769173503045,1.E-03));
#4818 = LINE('',#4819,#4820);
#4819 = CARTESIAN_POINT('',(2.113112643776,-6.469173503045,1.E-03));
#4820 = VECTOR('',#4821,1.);
#4821 = DIRECTION('',(-0.363542485653,-0.931577619485,0.));
#4822 = ORIENTED_EDGE('',*,*,#4823,.T.);
#4823 = EDGE_CURVE('',#4816,#4225,#4824,.T.);
#4824 = LINE('',#4825,#4826);
#4825 = CARTESIAN_POINT('',(1.996039473045,-6.769173503045,1.E-03));
#4826 = VECTOR('',#4827,1.);
#4827 = DIRECTION('',(-0.,-0.,-1.));
#4828 = PLANE('',#4829);
#4829 = AXIS2_PLACEMENT_3D('',#4830,#4831,#4832);
#4830 = CARTESIAN_POINT('',(2.113112643776,-6.469173503045,1.E-03));
#4831 = DIRECTION('',(0.931577619485,-0.363542485653,0.));
#4832 = DIRECTION('',(0.363542485653,0.931577619485,0.));
#4833 = ADVANCED_FACE('',(#4834),#4852,.T.);
#4834 = FACE_BOUND('',#4835,.T.);
#4835 = EDGE_LOOP('',(#4836,#4837,#4838,#4846));
#4836 = ORIENTED_EDGE('',*,*,#4232,.F.);
#4837 = ORIENTED_EDGE('',*,*,#4823,.F.);
#4838 = ORIENTED_EDGE('',*,*,#4839,.T.);
#4839 = EDGE_CURVE('',#4816,#4840,#4842,.T.);
#4840 = VERTEX_POINT('',#4841);
#4841 = CARTESIAN_POINT('',(2.039941912069,-6.769173503045,1.E-03));
#4842 = LINE('',#4843,#4844);
#4843 = CARTESIAN_POINT('',(1.996039473045,-6.769173503045,1.E-03));
#4844 = VECTOR('',#4845,1.);
#4845 = DIRECTION('',(1.,0.,0.));
#4846 = ORIENTED_EDGE('',*,*,#4847,.T.);
#4847 = EDGE_CURVE('',#4840,#4233,#4848,.T.);
#4848 = LINE('',#4849,#4850);
#4849 = CARTESIAN_POINT('',(2.039941912069,-6.769173503045,1.E-03));
#4850 = VECTOR('',#4851,1.);
#4851 = DIRECTION('',(-0.,-0.,-1.));
#4852 = PLANE('',#4853);
#4853 = AXIS2_PLACEMENT_3D('',#4854,#4855,#4856);
#4854 = CARTESIAN_POINT('',(1.996039473045,-6.769173503045,1.E-03));
#4855 = DIRECTION('',(0.,1.,0.));
#4856 = DIRECTION('',(0.,-0.,1.));
#4857 = ADVANCED_FACE('',(#4858),#4876,.T.);
#4858 = FACE_BOUND('',#4859,.T.);
#4859 = EDGE_LOOP('',(#4860,#4861,#4862,#4870));
#4860 = ORIENTED_EDGE('',*,*,#4240,.F.);
#4861 = ORIENTED_EDGE('',*,*,#4847,.F.);
#4862 = ORIENTED_EDGE('',*,*,#4863,.T.);
#4863 = EDGE_CURVE('',#4840,#4864,#4866,.T.);
#4864 = VERTEX_POINT('',#4865);
#4865 = CARTESIAN_POINT('',(2.070296332801,-6.685027161582,1.E-03));
#4866 = LINE('',#4867,#4868);
#4867 = CARTESIAN_POINT('',(2.039941912069,-6.769173503045,1.E-03));
#4868 = VECTOR('',#4869,1.);
#4869 = DIRECTION('',(0.339330377275,0.940667260544,0.));
#4870 = ORIENTED_EDGE('',*,*,#4871,.T.);
#4871 = EDGE_CURVE('',#4864,#4241,#4872,.T.);
#4872 = LINE('',#4873,#4874);
#4873 = CARTESIAN_POINT('',(2.070296332801,-6.685027161582,1.E-03));
#4874 = VECTOR('',#4875,1.);
#4875 = DIRECTION('',(-0.,-0.,-1.));
#4876 = PLANE('',#4877);
#4877 = AXIS2_PLACEMENT_3D('',#4878,#4879,#4880);
#4878 = CARTESIAN_POINT('',(2.039941912069,-6.769173503045,1.E-03));
#4879 = DIRECTION('',(-0.940667260544,0.339330377275,0.));
#4880 = DIRECTION('',(-0.339330377275,-0.940667260544,0.));
#4881 = ADVANCED_FACE('',(#4882),#4900,.T.);
#4882 = FACE_BOUND('',#4883,.T.);
#4883 = EDGE_LOOP('',(#4884,#4885,#4886,#4894));
#4884 = ORIENTED_EDGE('',*,*,#4248,.F.);
#4885 = ORIENTED_EDGE('',*,*,#4871,.F.);
#4886 = ORIENTED_EDGE('',*,*,#4887,.T.);
#4887 = EDGE_CURVE('',#4864,#4888,#4890,.T.);
#4888 = VERTEX_POINT('',#4889);
#4889 = CARTESIAN_POINT('',(2.19422925963,-6.685027161582,1.E-03));
#4890 = LINE('',#4891,#4892);
#4891 = CARTESIAN_POINT('',(2.070296332801,-6.685027161582,1.E-03));
#4892 = VECTOR('',#4893,1.);
#4893 = DIRECTION('',(1.,0.,0.));
#4894 = ORIENTED_EDGE('',*,*,#4895,.T.);
#4895 = EDGE_CURVE('',#4888,#4249,#4896,.T.);
#4896 = LINE('',#4897,#4898);
#4897 = CARTESIAN_POINT('',(2.19422925963,-6.685027161582,1.E-03));
#4898 = VECTOR('',#4899,1.);
#4899 = DIRECTION('',(-0.,-0.,-1.));
#4900 = PLANE('',#4901);
#4901 = AXIS2_PLACEMENT_3D('',#4902,#4903,#4904);
#4902 = CARTESIAN_POINT('',(2.070296332801,-6.685027161582,1.E-03));
#4903 = DIRECTION('',(0.,1.,0.));
#4904 = DIRECTION('',(0.,-0.,1.));
#4905 = ADVANCED_FACE('',(#4906),#4924,.T.);
#4906 = FACE_BOUND('',#4907,.T.);
#4907 = EDGE_LOOP('',(#4908,#4909,#4910,#4918));
#4908 = ORIENTED_EDGE('',*,*,#4256,.F.);
#4909 = ORIENTED_EDGE('',*,*,#4895,.F.);
#4910 = ORIENTED_EDGE('',*,*,#4911,.T.);
#4911 = EDGE_CURVE('',#4888,#4912,#4914,.T.);
#4912 = VERTEX_POINT('',#4913);
#4913 = CARTESIAN_POINT('',(2.222868741337,-6.769173503045,1.E-03));
#4914 = LINE('',#4915,#4916);
#4915 = CARTESIAN_POINT('',(2.19422925963,-6.685027161582,1.E-03));
#4916 = VECTOR('',#4917,1.);
#4917 = DIRECTION('',(0.322202485606,-0.946670776072,0.));
#4918 = ORIENTED_EDGE('',*,*,#4919,.T.);
#4919 = EDGE_CURVE('',#4912,#4257,#4920,.T.);
#4920 = LINE('',#4921,#4922);
#4921 = CARTESIAN_POINT('',(2.222868741337,-6.769173503045,1.E-03));
#4922 = VECTOR('',#4923,1.);
#4923 = DIRECTION('',(-0.,-0.,-1.));
#4924 = PLANE('',#4925);
#4925 = AXIS2_PLACEMENT_3D('',#4926,#4927,#4928);
#4926 = CARTESIAN_POINT('',(2.19422925963,-6.685027161582,1.E-03));
#4927 = DIRECTION('',(0.946670776072,0.322202485606,-0.));
#4928 = DIRECTION('',(-0.322202485606,0.946670776072,0.));
#4929 = ADVANCED_FACE('',(#4930),#4948,.T.);
#4930 = FACE_BOUND('',#4931,.T.);
#4931 = EDGE_LOOP('',(#4932,#4933,#4934,#4942));
#4932 = ORIENTED_EDGE('',*,*,#4264,.F.);
#4933 = ORIENTED_EDGE('',*,*,#4919,.F.);
#4934 = ORIENTED_EDGE('',*,*,#4935,.T.);
#4935 = EDGE_CURVE('',#4912,#4936,#4938,.T.);
#4936 = VERTEX_POINT('',#4937);
#4937 = CARTESIAN_POINT('',(2.266771180362,-6.769173503045,1.E-03));
#4938 = LINE('',#4939,#4940);
#4939 = CARTESIAN_POINT('',(2.222868741337,-6.769173503045,1.E-03));
#4940 = VECTOR('',#4941,1.);
#4941 = DIRECTION('',(1.,0.,0.));
#4942 = ORIENTED_EDGE('',*,*,#4943,.T.);
#4943 = EDGE_CURVE('',#4936,#4265,#4944,.T.);
#4944 = LINE('',#4945,#4946);
#4945 = CARTESIAN_POINT('',(2.266771180362,-6.769173503045,1.E-03));
#4946 = VECTOR('',#4947,1.);
#4947 = DIRECTION('',(-0.,-0.,-1.));
#4948 = PLANE('',#4949);
#4949 = AXIS2_PLACEMENT_3D('',#4950,#4951,#4952);
#4950 = CARTESIAN_POINT('',(2.222868741337,-6.769173503045,1.E-03));
#4951 = DIRECTION('',(0.,1.,0.));
#4952 = DIRECTION('',(0.,-0.,1.));
#4953 = ADVANCED_FACE('',(#4954),#4972,.T.);
#4954 = FACE_BOUND('',#4955,.T.);
#4955 = EDGE_LOOP('',(#4956,#4957,#4958,#4966));
#4956 = ORIENTED_EDGE('',*,*,#4272,.F.);
#4957 = ORIENTED_EDGE('',*,*,#4943,.F.);
#4958 = ORIENTED_EDGE('',*,*,#4959,.T.);
#4959 = EDGE_CURVE('',#4936,#4960,#4962,.T.);
#4960 = VERTEX_POINT('',#4961);
#4961 = CARTESIAN_POINT('',(2.153356546215,-6.469173503045,1.E-03));
#4962 = LINE('',#4963,#4964);
#4963 = CARTESIAN_POINT('',(2.266771180362,-6.769173503045,1.E-03));
#4964 = VECTOR('',#4965,1.);
#4965 = DIRECTION('',(-0.353622392329,0.93538826358,0.));
#4966 = ORIENTED_EDGE('',*,*,#4967,.T.);
#4967 = EDGE_CURVE('',#4960,#4273,#4968,.T.);
#4968 = LINE('',#4969,#4970);
#4969 = CARTESIAN_POINT('',(2.153356546215,-6.469173503045,1.E-03));
#4970 = VECTOR('',#4971,1.);
#4971 = DIRECTION('',(-0.,-0.,-1.));
#4972 = PLANE('',#4973);
#4973 = AXIS2_PLACEMENT_3D('',#4974,#4975,#4976);
#4974 = CARTESIAN_POINT('',(2.266771180362,-6.769173503045,1.E-03));
#4975 = DIRECTION('',(-0.93538826358,-0.353622392329,0.));
#4976 = DIRECTION('',(0.353622392329,-0.93538826358,0.));
#4977 = ADVANCED_FACE('',(#4978),#4989,.T.);
#4978 = FACE_BOUND('',#4979,.T.);
#4979 = EDGE_LOOP('',(#4980,#4981,#4982,#4988));
#4980 = ORIENTED_EDGE('',*,*,#4280,.F.);
#4981 = ORIENTED_EDGE('',*,*,#4967,.F.);
#4982 = ORIENTED_EDGE('',*,*,#4983,.T.);
#4983 = EDGE_CURVE('',#4960,#4808,#4984,.T.);
#4984 = LINE('',#4985,#4986);
#4985 = CARTESIAN_POINT('',(2.153356546215,-6.469173503045,1.E-03));
#4986 = VECTOR('',#4987,1.);
#4987 = DIRECTION('',(-1.,0.,0.));
#4988 = ORIENTED_EDGE('',*,*,#4807,.T.);
#4989 = PLANE('',#4990);
#4990 = AXIS2_PLACEMENT_3D('',#4991,#4992,#4993);
#4991 = CARTESIAN_POINT('',(2.153356546215,-6.469173503045,1.E-03));
#4992 = DIRECTION('',(0.,-1.,0.));
#4993 = DIRECTION('',(0.,-0.,-1.));
#4994 = ADVANCED_FACE('',(#4995,#5053),#5063,.F.);
#4995 = FACE_BOUND('',#4996,.T.);
#4996 = EDGE_LOOP('',(#4997,#5007,#5015,#5027,#5035,#5047));
#4997 = ORIENTED_EDGE('',*,*,#4998,.F.);
#4998 = EDGE_CURVE('',#4999,#5001,#5003,.T.);
#4999 = VERTEX_POINT('',#5000);
#5000 = CARTESIAN_POINT('',(2.184111119386,-6.652100332313,1.E-03));
#5001 = VERTEX_POINT('',#5002);
#5002 = CARTESIAN_POINT('',(2.083787186459,-6.652100332313,1.E-03));
#5003 = LINE('',#5004,#5005);
#5004 = CARTESIAN_POINT('',(2.184111119386,-6.652100332313,1.E-03));
#5005 = VECTOR('',#5006,1.);
#5006 = DIRECTION('',(-1.,0.,0.));
#5007 = ORIENTED_EDGE('',*,*,#5008,.F.);
#5008 = EDGE_CURVE('',#5009,#4999,#5011,.T.);
#5009 = VERTEX_POINT('',#5010);
#5010 = CARTESIAN_POINT('',(2.13935121085,-6.526795454265,1.E-03));
#5011 = LINE('',#5012,#5013);
#5012 = CARTESIAN_POINT('',(2.13935121085,-6.526795454265,1.E-03));
#5013 = VECTOR('',#5014,1.);
#5014 = DIRECTION('',(0.336390827665,-0.941722470297,0.));
#5015 = ORIENTED_EDGE('',*,*,#5016,.F.);
#5016 = EDGE_CURVE('',#5017,#5009,#5019,.T.);
#5017 = VERTEX_POINT('',#5018);
#5018 = CARTESIAN_POINT('',(2.134549381581,-6.505758868899,1.E-03));
#5019 = B_SPLINE_CURVE_WITH_KNOTS('',3,(#5020,#5021,#5022,#5023,#5024,
    #5025,#5026),.UNSPECIFIED.,.F.,.F.,(4,1,1,1,4),(0.,0.300541113159,
    0.567747146484,0.800033613737,1.),.UNSPECIFIED.);
#5020 = CARTESIAN_POINT('',(2.134549381581,-6.505758868899,1.E-03));
#5021 = CARTESIAN_POINT('',(2.134899206323,-6.507895136585,1.E-03));
#5022 = CARTESIAN_POINT('',(2.135560054341,-6.511930723831,1.E-03));
#5023 = CARTESIAN_POINT('',(2.136675600803,-6.517585417068,1.E-03));
#5024 = CARTESIAN_POINT('',(2.13791764298,-6.522472360435,1.E-03));
#5025 = CARTESIAN_POINT('',(2.138897783671,-6.525428090863,1.E-03));
#5026 = CARTESIAN_POINT('',(2.13935121085,-6.526795454265,1.E-03));
#5027 = ORIENTED_EDGE('',*,*,#5028,.F.);
#5028 = EDGE_CURVE('',#5029,#5017,#5031,.T.);
#5029 = VERTEX_POINT('',#5030);
#5030 = CARTESIAN_POINT('',(2.133577582801,-6.505758868899,1.E-03));
#5031 = LINE('',#5032,#5033);
#5032 = CARTESIAN_POINT('',(2.133577582801,-6.505758868899,1.E-03));
#5033 = VECTOR('',#5034,1.);
#5034 = DIRECTION('',(1.,0.,0.));
#5035 = ORIENTED_EDGE('',*,*,#5036,.F.);
#5036 = EDGE_CURVE('',#5037,#5029,#5039,.T.);
#5037 = VERTEX_POINT('',#5038);
#5038 = CARTESIAN_POINT('',(2.128947247435,-6.526795454265,1.E-03));
#5039 = B_SPLINE_CURVE_WITH_KNOTS('',3,(#5040,#5041,#5042,#5043,#5044,
    #5045,#5046),.UNSPECIFIED.,.F.,.F.,(4,1,1,1,4),(0.,0.174481715317,
    0.398285759128,0.673897847399,1.),.UNSPECIFIED.);
#5040 = CARTESIAN_POINT('',(2.128947247435,-6.526795454265,1.E-03));
#5041 = CARTESIAN_POINT('',(2.129321618972,-6.525598503929,1.E-03));
#5042 = CARTESIAN_POINT('',(2.130176189043,-6.522866250453,1.E-03));
#5043 = CARTESIAN_POINT('',(2.131296031434,-6.51815053258,1.E-03));
#5044 = CARTESIAN_POINT('',(2.132393966618,-6.512320436987,1.E-03));
#5045 = CARTESIAN_POINT('',(2.133161574,-6.50806508109,1.E-03));
#5046 = CARTESIAN_POINT('',(2.133577582801,-6.505758868899,1.E-03));
#5047 = ORIENTED_EDGE('',*,*,#5048,.F.);
#5048 = EDGE_CURVE('',#5001,#5037,#5049,.T.);
#5049 = LINE('',#5050,#5051);
#5050 = CARTESIAN_POINT('',(2.083787186459,-6.652100332313,1.E-03));
#5051 = VECTOR('',#5052,1.);
#5052 = DIRECTION('',(0.339053795485,0.940766986967,0.));
#5053 = FACE_BOUND('',#5054,.T.);
#5054 = EDGE_LOOP('',(#5055,#5056,#5057,#5058,#5059,#5060,#5061,#5062));
#5055 = ORIENTED_EDGE('',*,*,#4815,.F.);
#5056 = ORIENTED_EDGE('',*,*,#4983,.F.);
#5057 = ORIENTED_EDGE('',*,*,#4959,.F.);
#5058 = ORIENTED_EDGE('',*,*,#4935,.F.);
#5059 = ORIENTED_EDGE('',*,*,#4911,.F.);
#5060 = ORIENTED_EDGE('',*,*,#4887,.F.);
#5061 = ORIENTED_EDGE('',*,*,#4863,.F.);
#5062 = ORIENTED_EDGE('',*,*,#4839,.F.);
#5063 = PLANE('',#5064);
#5064 = AXIS2_PLACEMENT_3D('',#5065,#5066,#5067);
#5065 = CARTESIAN_POINT('',(0.,0.,1.E-03));
#5066 = DIRECTION('',(-0.,0.,1.));
#5067 = DIRECTION('',(1.,0.,0.));
#5068 = ADVANCED_FACE('',(#5069),#5094,.T.);
#5069 = FACE_BOUND('',#5070,.T.);
#5070 = EDGE_LOOP('',(#5071,#5081,#5087,#5088));
#5071 = ORIENTED_EDGE('',*,*,#5072,.F.);
#5072 = EDGE_CURVE('',#5073,#5075,#5077,.T.);
#5073 = VERTEX_POINT('',#5074);
#5074 = CARTESIAN_POINT('',(2.184111119386,-6.652100332313,-0.));
#5075 = VERTEX_POINT('',#5076);
#5076 = CARTESIAN_POINT('',(2.083787186459,-6.652100332313,0.));
#5077 = LINE('',#5078,#5079);
#5078 = CARTESIAN_POINT('',(2.184111119386,-6.652100332313,-0.));
#5079 = VECTOR('',#5080,1.);
#5080 = DIRECTION('',(-1.,0.,0.));
#5081 = ORIENTED_EDGE('',*,*,#5082,.F.);
#5082 = EDGE_CURVE('',#4999,#5073,#5083,.T.);
#5083 = LINE('',#5084,#5085);
#5084 = CARTESIAN_POINT('',(2.184111119386,-6.652100332313,1.E-03));
#5085 = VECTOR('',#5086,1.);
#5086 = DIRECTION('',(-0.,-0.,-1.));
#5087 = ORIENTED_EDGE('',*,*,#4998,.T.);
#5088 = ORIENTED_EDGE('',*,*,#5089,.T.);
#5089 = EDGE_CURVE('',#5001,#5075,#5090,.T.);
#5090 = LINE('',#5091,#5092);
#5091 = CARTESIAN_POINT('',(2.083787186459,-6.652100332313,1.E-03));
#5092 = VECTOR('',#5093,1.);
#5093 = DIRECTION('',(-0.,-0.,-1.));
#5094 = PLANE('',#5095);
#5095 = AXIS2_PLACEMENT_3D('',#5096,#5097,#5098);
#5096 = CARTESIAN_POINT('',(2.184111119386,-6.652100332313,1.E-03));
#5097 = DIRECTION('',(0.,-1.,0.));
#5098 = DIRECTION('',(0.,-0.,-1.));
#5099 = ADVANCED_FACE('',(#5100),#5118,.T.);
#5100 = FACE_BOUND('',#5101,.T.);
#5101 = EDGE_LOOP('',(#5102,#5110,#5116,#5117));
#5102 = ORIENTED_EDGE('',*,*,#5103,.F.);
#5103 = EDGE_CURVE('',#5104,#5073,#5106,.T.);
#5104 = VERTEX_POINT('',#5105);
#5105 = CARTESIAN_POINT('',(2.13935121085,-6.526795454265,0.));
#5106 = LINE('',#5107,#5108);
#5107 = CARTESIAN_POINT('',(2.13935121085,-6.526795454265,-0.));
#5108 = VECTOR('',#5109,1.);
#5109 = DIRECTION('',(0.336390827665,-0.941722470297,0.));
#5110 = ORIENTED_EDGE('',*,*,#5111,.F.);
#5111 = EDGE_CURVE('',#5009,#5104,#5112,.T.);
#5112 = LINE('',#5113,#5114);
#5113 = CARTESIAN_POINT('',(2.13935121085,-6.526795454265,1.E-03));
#5114 = VECTOR('',#5115,1.);
#5115 = DIRECTION('',(-0.,-0.,-1.));
#5116 = ORIENTED_EDGE('',*,*,#5008,.T.);
#5117 = ORIENTED_EDGE('',*,*,#5082,.T.);
#5118 = PLANE('',#5119);
#5119 = AXIS2_PLACEMENT_3D('',#5120,#5121,#5122);
#5120 = CARTESIAN_POINT('',(2.13935121085,-6.526795454265,1.E-03));
#5121 = DIRECTION('',(0.941722470297,0.336390827665,-0.));
#5122 = DIRECTION('',(-0.336390827665,0.941722470297,0.));
#5123 = ADVANCED_FACE('',(#5124),#5146,.T.);
#5124 = FACE_BOUND('',#5125,.T.);
#5125 = EDGE_LOOP('',(#5126,#5138,#5144,#5145));
#5126 = ORIENTED_EDGE('',*,*,#5127,.F.);
#5127 = EDGE_CURVE('',#5128,#5104,#5130,.T.);
#5128 = VERTEX_POINT('',#5129);
#5129 = CARTESIAN_POINT('',(2.134549381581,-6.505758868899,-0.));
#5130 = B_SPLINE_CURVE_WITH_KNOTS('',3,(#5131,#5132,#5133,#5134,#5135,
    #5136,#5137),.UNSPECIFIED.,.F.,.F.,(4,1,1,1,4),(0.,0.300541113159,
    0.567747146484,0.800033613737,1.),.UNSPECIFIED.);
#5131 = CARTESIAN_POINT('',(2.134549381581,-6.505758868899,-0.));
#5132 = CARTESIAN_POINT('',(2.134899206323,-6.507895136585,-0.));
#5133 = CARTESIAN_POINT('',(2.135560054341,-6.511930723831,0.));
#5134 = CARTESIAN_POINT('',(2.136675600803,-6.517585417068,-0.));
#5135 = CARTESIAN_POINT('',(2.13791764298,-6.522472360435,0.));
#5136 = CARTESIAN_POINT('',(2.138897783671,-6.525428090863,-0.));
#5137 = CARTESIAN_POINT('',(2.13935121085,-6.526795454265,0.));
#5138 = ORIENTED_EDGE('',*,*,#5139,.F.);
#5139 = EDGE_CURVE('',#5017,#5128,#5140,.T.);
#5140 = LINE('',#5141,#5142);
#5141 = CARTESIAN_POINT('',(2.134549381581,-6.505758868899,1.E-03));
#5142 = VECTOR('',#5143,1.);
#5143 = DIRECTION('',(-0.,-0.,-1.));
#5144 = ORIENTED_EDGE('',*,*,#5016,.T.);
#5145 = ORIENTED_EDGE('',*,*,#5111,.T.);
#5146 = B_SPLINE_SURFACE_WITH_KNOTS('',3,1,(
    (#5147,#5148)
    ,(#5149,#5150)
    ,(#5151,#5152)
    ,(#5153,#5154)
    ,(#5155,#5156)
    ,(#5157,#5158)
    ,(#5159,#5160
    )),.UNSPECIFIED.,.F.,.F.,.F.,(4,1,1,1,4),(2,2),(0.,0.300541113159,
    0.567747146484,0.800033613737,1.),(0.,1.),.UNSPECIFIED.);
#5147 = CARTESIAN_POINT('',(2.134549381581,-6.505758868899,1.E-03));
#5148 = CARTESIAN_POINT('',(2.134549381581,-6.505758868899,0.));
#5149 = CARTESIAN_POINT('',(2.134899206323,-6.507895136585,1.E-03));
#5150 = CARTESIAN_POINT('',(2.134899206323,-6.507895136585,0.));
#5151 = CARTESIAN_POINT('',(2.135560054341,-6.511930723831,1.E-03));
#5152 = CARTESIAN_POINT('',(2.135560054341,-6.511930723831,0.));
#5153 = CARTESIAN_POINT('',(2.136675600803,-6.517585417068,1.E-03));
#5154 = CARTESIAN_POINT('',(2.136675600803,-6.517585417068,0.));
#5155 = CARTESIAN_POINT('',(2.13791764298,-6.522472360435,1.E-03));
#5156 = CARTESIAN_POINT('',(2.13791764298,-6.522472360435,0.));
#5157 = CARTESIAN_POINT('',(2.138897783671,-6.525428090863,1.E-03));
#5158 = CARTESIAN_POINT('',(2.138897783671,-6.525428090863,0.));
#5159 = CARTESIAN_POINT('',(2.13935121085,-6.526795454265,1.E-03));
#5160 = CARTESIAN_POINT('',(2.13935121085,-6.526795454265,0.));
#5161 = ADVANCED_FACE('',(#5162),#5180,.T.);
#5162 = FACE_BOUND('',#5163,.T.);
#5163 = EDGE_LOOP('',(#5164,#5172,#5178,#5179));
#5164 = ORIENTED_EDGE('',*,*,#5165,.F.);
#5165 = EDGE_CURVE('',#5166,#5128,#5168,.T.);
#5166 = VERTEX_POINT('',#5167);
#5167 = CARTESIAN_POINT('',(2.133577582801,-6.505758868899,0.));
#5168 = LINE('',#5169,#5170);
#5169 = CARTESIAN_POINT('',(2.133577582801,-6.505758868899,-0.));
#5170 = VECTOR('',#5171,1.);
#5171 = DIRECTION('',(1.,0.,0.));
#5172 = ORIENTED_EDGE('',*,*,#5173,.F.);
#5173 = EDGE_CURVE('',#5029,#5166,#5174,.T.);
#5174 = LINE('',#5175,#5176);
#5175 = CARTESIAN_POINT('',(2.133577582801,-6.505758868899,1.E-03));
#5176 = VECTOR('',#5177,1.);
#5177 = DIRECTION('',(-0.,-0.,-1.));
#5178 = ORIENTED_EDGE('',*,*,#5028,.T.);
#5179 = ORIENTED_EDGE('',*,*,#5139,.T.);
#5180 = PLANE('',#5181);
#5181 = AXIS2_PLACEMENT_3D('',#5182,#5183,#5184);
#5182 = CARTESIAN_POINT('',(2.133577582801,-6.505758868899,1.E-03));
#5183 = DIRECTION('',(0.,1.,0.));
#5184 = DIRECTION('',(0.,-0.,1.));
#5185 = ADVANCED_FACE('',(#5186),#5208,.T.);
#5186 = FACE_BOUND('',#5187,.T.);
#5187 = EDGE_LOOP('',(#5188,#5200,#5206,#5207));
#5188 = ORIENTED_EDGE('',*,*,#5189,.F.);
#5189 = EDGE_CURVE('',#5190,#5166,#5192,.T.);
#5190 = VERTEX_POINT('',#5191);
#5191 = CARTESIAN_POINT('',(2.128947247435,-6.526795454265,0.));
#5192 = B_SPLINE_CURVE_WITH_KNOTS('',3,(#5193,#5194,#5195,#5196,#5197,
    #5198,#5199),.UNSPECIFIED.,.F.,.F.,(4,1,1,1,4),(0.,0.174481715317,
    0.398285759128,0.673897847399,1.),.UNSPECIFIED.);
#5193 = CARTESIAN_POINT('',(2.128947247435,-6.526795454265,0.));
#5194 = CARTESIAN_POINT('',(2.129321618972,-6.525598503929,-0.));
#5195 = CARTESIAN_POINT('',(2.130176189043,-6.522866250453,0.));
#5196 = CARTESIAN_POINT('',(2.131296031434,-6.51815053258,-0.));
#5197 = CARTESIAN_POINT('',(2.132393966618,-6.512320436987,0.));
#5198 = CARTESIAN_POINT('',(2.133161574,-6.50806508109,-0.));
#5199 = CARTESIAN_POINT('',(2.133577582801,-6.505758868899,0.));
#5200 = ORIENTED_EDGE('',*,*,#5201,.F.);
#5201 = EDGE_CURVE('',#5037,#5190,#5202,.T.);
#5202 = LINE('',#5203,#5204);
#5203 = CARTESIAN_POINT('',(2.128947247435,-6.526795454265,1.E-03));
#5204 = VECTOR('',#5205,1.);
#5205 = DIRECTION('',(-0.,-0.,-1.));
#5206 = ORIENTED_EDGE('',*,*,#5036,.T.);
#5207 = ORIENTED_EDGE('',*,*,#5173,.T.);
#5208 = B_SPLINE_SURFACE_WITH_KNOTS('',3,1,(
    (#5209,#5210)
    ,(#5211,#5212)
    ,(#5213,#5214)
    ,(#5215,#5216)
    ,(#5217,#5218)
    ,(#5219,#5220)
    ,(#5221,#5222
    )),.UNSPECIFIED.,.F.,.F.,.F.,(4,1,1,1,4),(2,2),(0.,0.174481715317,
    0.398285759128,0.673897847399,1.),(0.,1.),.UNSPECIFIED.);
#5209 = CARTESIAN_POINT('',(2.128947247435,-6.526795454265,1.E-03));
#5210 = CARTESIAN_POINT('',(2.128947247435,-6.526795454265,0.));
#5211 = CARTESIAN_POINT('',(2.129321618972,-6.525598503929,1.E-03));
#5212 = CARTESIAN_POINT('',(2.129321618972,-6.525598503929,0.));
#5213 = CARTESIAN_POINT('',(2.130176189043,-6.522866250453,1.E-03));
#5214 = CARTESIAN_POINT('',(2.130176189043,-6.522866250453,0.));
#5215 = CARTESIAN_POINT('',(2.131296031434,-6.51815053258,1.E-03));
#5216 = CARTESIAN_POINT('',(2.131296031434,-6.51815053258,0.));
#5217 = CARTESIAN_POINT('',(2.132393966618,-6.512320436987,1.E-03));
#5218 = CARTESIAN_POINT('',(2.132393966618,-6.512320436987,0.));
#5219 = CARTESIAN_POINT('',(2.133161574,-6.50806508109,1.E-03));
#5220 = CARTESIAN_POINT('',(2.133161574,-6.50806508109,0.));
#5221 = CARTESIAN_POINT('',(2.133577582801,-6.505758868899,1.E-03));
#5222 = CARTESIAN_POINT('',(2.133577582801,-6.505758868899,0.));
#5223 = ADVANCED_FACE('',(#5224),#5235,.T.);
#5224 = FACE_BOUND('',#5225,.T.);
#5225 = EDGE_LOOP('',(#5226,#5232,#5233,#5234));
#5226 = ORIENTED_EDGE('',*,*,#5227,.F.);
#5227 = EDGE_CURVE('',#5075,#5190,#5228,.T.);
#5228 = LINE('',#5229,#5230);
#5229 = CARTESIAN_POINT('',(2.083787186459,-6.652100332313,-0.));
#5230 = VECTOR('',#5231,1.);
#5231 = DIRECTION('',(0.339053795485,0.940766986967,0.));
#5232 = ORIENTED_EDGE('',*,*,#5089,.F.);
#5233 = ORIENTED_EDGE('',*,*,#5048,.T.);
#5234 = ORIENTED_EDGE('',*,*,#5201,.T.);
#5235 = PLANE('',#5236);
#5236 = AXIS2_PLACEMENT_3D('',#5237,#5238,#5239);
#5237 = CARTESIAN_POINT('',(2.083787186459,-6.652100332313,1.E-03));
#5238 = DIRECTION('',(-0.940766986967,0.339053795485,0.));
#5239 = DIRECTION('',(-0.339053795485,-0.940766986967,0.));
#5240 = ADVANCED_FACE('',(#5241),#5266,.T.);
#5241 = FACE_BOUND('',#5242,.T.);
#5242 = EDGE_LOOP('',(#5243,#5244,#5252,#5260));
#5243 = ORIENTED_EDGE('',*,*,#3947,.F.);
#5244 = ORIENTED_EDGE('',*,*,#5245,.F.);
#5245 = EDGE_CURVE('',#5246,#3948,#5248,.T.);
#5246 = VERTEX_POINT('',#5247);
#5247 = CARTESIAN_POINT('',(2.448611881581,-6.769173503045,1.E-03));
#5248 = LINE('',#5249,#5250);
#5249 = CARTESIAN_POINT('',(2.448611881581,-6.769173503045,1.E-03));
#5250 = VECTOR('',#5251,1.);
#5251 = DIRECTION('',(-0.,-0.,-1.));
#5252 = ORIENTED_EDGE('',*,*,#5253,.T.);
#5253 = EDGE_CURVE('',#5246,#5254,#5256,.T.);
#5254 = VERTEX_POINT('',#5255);
#5255 = CARTESIAN_POINT('',(2.530185814508,-6.769173503045,1.E-03));
#5256 = LINE('',#5257,#5258);
#5257 = CARTESIAN_POINT('',(2.448611881581,-6.769173503045,1.E-03));
#5258 = VECTOR('',#5259,1.);
#5259 = DIRECTION('',(1.,0.,0.));
#5260 = ORIENTED_EDGE('',*,*,#5261,.T.);
#5261 = EDGE_CURVE('',#5254,#3950,#5262,.T.);
#5262 = LINE('',#5263,#5264);
#5263 = CARTESIAN_POINT('',(2.530185814508,-6.769173503045,1.E-03));
#5264 = VECTOR('',#5265,1.);
#5265 = DIRECTION('',(-0.,-0.,-1.));
#5266 = PLANE('',#5267);
#5267 = AXIS2_PLACEMENT_3D('',#5268,#5269,#5270);
#5268 = CARTESIAN_POINT('',(2.448611881581,-6.769173503045,1.E-03));
#5269 = DIRECTION('',(0.,1.,0.));
#5270 = DIRECTION('',(0.,-0.,1.));
#5271 = ADVANCED_FACE('',(#5272),#5290,.T.);
#5272 = FACE_BOUND('',#5273,.T.);
#5273 = EDGE_LOOP('',(#5274,#5275,#5276,#5284));
#5274 = ORIENTED_EDGE('',*,*,#3957,.F.);
#5275 = ORIENTED_EDGE('',*,*,#5261,.F.);
#5276 = ORIENTED_EDGE('',*,*,#5277,.T.);
#5277 = EDGE_CURVE('',#5254,#5278,#5280,.T.);
#5278 = VERTEX_POINT('',#5279);
#5279 = CARTESIAN_POINT('',(2.530185814508,-6.469173503045,1.E-03));
#5280 = LINE('',#5281,#5282);
#5281 = CARTESIAN_POINT('',(2.530185814508,-6.769173503045,1.E-03));
#5282 = VECTOR('',#5283,1.);
#5283 = DIRECTION('',(0.,1.,0.));
#5284 = ORIENTED_EDGE('',*,*,#5285,.T.);
#5285 = EDGE_CURVE('',#5278,#3958,#5286,.T.);
#5286 = LINE('',#5287,#5288);
#5287 = CARTESIAN_POINT('',(2.530185814508,-6.469173503045,1.E-03));
#5288 = VECTOR('',#5289,1.);
#5289 = DIRECTION('',(-0.,-0.,-1.));
#5290 = PLANE('',#5291);
#5291 = AXIS2_PLACEMENT_3D('',#5292,#5293,#5294);
#5292 = CARTESIAN_POINT('',(2.530185814508,-6.769173503045,1.E-03));
#5293 = DIRECTION('',(-1.,0.,0.));
#5294 = DIRECTION('',(0.,0.,1.));
#5295 = ADVANCED_FACE('',(#5296),#5314,.T.);
#5296 = FACE_BOUND('',#5297,.T.);
#5297 = EDGE_LOOP('',(#5298,#5299,#5300,#5308));
#5298 = ORIENTED_EDGE('',*,*,#3965,.F.);
#5299 = ORIENTED_EDGE('',*,*,#5285,.F.);
#5300 = ORIENTED_EDGE('',*,*,#5301,.T.);
#5301 = EDGE_CURVE('',#5278,#5302,#5304,.T.);
#5302 = VERTEX_POINT('',#5303);
#5303 = CARTESIAN_POINT('',(2.445524991337,-6.469173503045,1.E-03));
#5304 = LINE('',#5305,#5306);
#5305 = CARTESIAN_POINT('',(2.530185814508,-6.469173503045,1.E-03));
#5306 = VECTOR('',#5307,1.);
#5307 = DIRECTION('',(-1.,0.,0.));
#5308 = ORIENTED_EDGE('',*,*,#5309,.T.);
#5309 = EDGE_CURVE('',#5302,#3966,#5310,.T.);
#5310 = LINE('',#5311,#5312);
#5311 = CARTESIAN_POINT('',(2.445524991337,-6.469173503045,1.E-03));
#5312 = VECTOR('',#5313,1.);
#5313 = DIRECTION('',(-0.,-0.,-1.));
#5314 = PLANE('',#5315);
#5315 = AXIS2_PLACEMENT_3D('',#5316,#5317,#5318);
#5316 = CARTESIAN_POINT('',(2.530185814508,-6.469173503045,1.E-03));
#5317 = DIRECTION('',(0.,-1.,0.));
#5318 = DIRECTION('',(0.,-0.,-1.));
#5319 = ADVANCED_FACE('',(#5320),#5354,.T.);
#5320 = FACE_BOUND('',#5321,.T.);
#5321 = EDGE_LOOP('',(#5322,#5323,#5324,#5348));
#5322 = ORIENTED_EDGE('',*,*,#3973,.F.);
#5323 = ORIENTED_EDGE('',*,*,#5309,.F.);
#5324 = ORIENTED_EDGE('',*,*,#5325,.T.);
#5325 = EDGE_CURVE('',#5302,#5326,#5328,.T.);
#5326 = VERTEX_POINT('',#5327);
#5327 = CARTESIAN_POINT('',(2.288722399874,-6.615400637191,1.E-03));
#5328 = B_SPLINE_CURVE_WITH_KNOTS('',3,(#5329,#5330,#5331,#5332,#5333,
    #5334,#5335,#5336,#5337,#5338,#5339,#5340,#5341,#5342,#5343,#5344,
    #5345,#5346,#5347),.UNSPECIFIED.,.F.,.F.,(4,1,1,1,1,1,1,1,1,1,1,1,1,
    1,1,1,4),(0.,6.86311786766E-02,0.134566466039,0.198328154011,
    0.260789766641,0.321999151484,0.382721746503,0.443537474036,
    0.505133429485,0.566213874765,0.626105864618,0.685349322161,
    0.744995870348,0.805415841815,0.867636266346,0.932307782302,1.),
  .UNSPECIFIED.);
#5329 = CARTESIAN_POINT('',(2.445524991337,-6.469173503045,1.E-03));
#5330 = CARTESIAN_POINT('',(2.440013432117,-6.469296350631,1.E-03));
#5331 = CARTESIAN_POINT('',(2.429206812431,-6.469537220244,1.E-03));
#5332 = CARTESIAN_POINT('',(2.413359569175,-6.471366906817,1.E-03));
#5333 = CARTESIAN_POINT('',(2.398240816272,-6.47454200776,1.E-03));
#5334 = CARTESIAN_POINT('',(2.383808978163,-6.478873557379,1.E-03));
#5335 = CARTESIAN_POINT('',(2.370047337949,-6.484407064742,1.E-03));
#5336 = CARTESIAN_POINT('',(2.357085541607,-6.49133907226,1.E-03));
#5337 = CARTESIAN_POINT('',(2.344781370391,-6.49942865884,1.E-03));
#5338 = CARTESIAN_POINT('',(2.33329493665,-6.508693369325,1.E-03));
#5339 = CARTESIAN_POINT('',(2.322825453983,-6.518994815671,1.E-03));
#5340 = CARTESIAN_POINT('',(2.31369881771,-6.53026121777,1.E-03));
#5341 = CARTESIAN_POINT('',(2.305884999608,-6.542341889151,1.E-03));
#5342 = CARTESIAN_POINT('',(2.299596932321,-6.555332350507,1.E-03));
#5343 = CARTESIAN_POINT('',(2.294714435786,-6.569162609233,1.E-03));
#5344 = CARTESIAN_POINT('',(2.291256991541,-6.583822636617,1.E-03));
#5345 = CARTESIAN_POINT('',(2.28907630723,-6.599329036943,1.E-03));
#5346 = CARTESIAN_POINT('',(2.288842150242,-6.60996254722,1.E-03));
#5347 = CARTESIAN_POINT('',(2.288722399874,-6.615400637191,1.E-03));
#5348 = ORIENTED_EDGE('',*,*,#5349,.T.);
#5349 = EDGE_CURVE('',#5326,#3974,#5350,.T.);
#5350 = LINE('',#5351,#5352);
#5351 = CARTESIAN_POINT('',(2.288722399874,-6.615400637191,1.E-03));
#5352 = VECTOR('',#5353,1.);
#5353 = DIRECTION('',(-0.,-0.,-1.));
#5354 = B_SPLINE_SURFACE_WITH_KNOTS('',3,1,(
    (#5355,#5356)
    ,(#5357,#5358)
    ,(#5359,#5360)
    ,(#5361,#5362)
    ,(#5363,#5364)
    ,(#5365,#5366)
    ,(#5367,#5368)
    ,(#5369,#5370)
    ,(#5371,#5372)
    ,(#5373,#5374)
    ,(#5375,#5376)
    ,(#5377,#5378)
    ,(#5379,#5380)
    ,(#5381,#5382)
    ,(#5383,#5384)
    ,(#5385,#5386)
    ,(#5387,#5388)
    ,(#5389,#5390)
    ,(#5391,#5392
    )),.UNSPECIFIED.,.F.,.F.,.F.,(4,1,1,1,1,1,1,1,1,1,1,1,1,1,1,1,4),(2,
    2),(0.,6.86311786766E-02,0.134566466039,0.198328154011,
    0.260789766641,0.321999151484,0.382721746503,0.443537474036,
    0.505133429485,0.566213874765,0.626105864618,0.685349322161,
    0.744995870348,0.805415841815,0.867636266346,0.932307782302,1.),(0.,
    1.),.UNSPECIFIED.);
#5355 = CARTESIAN_POINT('',(2.445524991337,-6.469173503045,1.E-03));
#5356 = CARTESIAN_POINT('',(2.445524991337,-6.469173503045,
    -2.117582368136E-19));
#5357 = CARTESIAN_POINT('',(2.440013432117,-6.469296350631,1.E-03));
#5358 = CARTESIAN_POINT('',(2.440013432117,-6.469296350631,
    -2.117582368136E-19));
#5359 = CARTESIAN_POINT('',(2.429206812431,-6.469537220244,1.E-03));
#5360 = CARTESIAN_POINT('',(2.429206812431,-6.469537220244,
    -2.117582368136E-19));
#5361 = CARTESIAN_POINT('',(2.413359569175,-6.471366906817,1.E-03));
#5362 = CARTESIAN_POINT('',(2.413359569175,-6.471366906817,
    -2.117582368136E-19));
#5363 = CARTESIAN_POINT('',(2.398240816272,-6.47454200776,1.E-03));
#5364 = CARTESIAN_POINT('',(2.398240816272,-6.47454200776,
    -2.117582368136E-19));
#5365 = CARTESIAN_POINT('',(2.383808978163,-6.478873557379,1.E-03));
#5366 = CARTESIAN_POINT('',(2.383808978163,-6.478873557379,
    -2.117582368136E-19));
#5367 = CARTESIAN_POINT('',(2.370047337949,-6.484407064742,1.E-03));
#5368 = CARTESIAN_POINT('',(2.370047337949,-6.484407064742,
    -2.117582368136E-19));
#5369 = CARTESIAN_POINT('',(2.357085541607,-6.49133907226,1.E-03));
#5370 = CARTESIAN_POINT('',(2.357085541607,-6.49133907226,
    -2.117582368136E-19));
#5371 = CARTESIAN_POINT('',(2.344781370391,-6.49942865884,1.E-03));
#5372 = CARTESIAN_POINT('',(2.344781370391,-6.49942865884,
    -2.117582368136E-19));
#5373 = CARTESIAN_POINT('',(2.33329493665,-6.508693369325,1.E-03));
#5374 = CARTESIAN_POINT('',(2.33329493665,-6.508693369325,
    -2.117582368136E-19));
#5375 = CARTESIAN_POINT('',(2.322825453983,-6.518994815671,1.E-03));
#5376 = CARTESIAN_POINT('',(2.322825453983,-6.518994815671,
    -2.117582368136E-19));
#5377 = CARTESIAN_POINT('',(2.31369881771,-6.53026121777,1.E-03));
#5378 = CARTESIAN_POINT('',(2.31369881771,-6.53026121777,
    -2.117582368136E-19));
#5379 = CARTESIAN_POINT('',(2.305884999608,-6.542341889151,1.E-03));
#5380 = CARTESIAN_POINT('',(2.305884999608,-6.542341889151,
    -2.117582368136E-19));
#5381 = CARTESIAN_POINT('',(2.299596932321,-6.555332350507,1.E-03));
#5382 = CARTESIAN_POINT('',(2.299596932321,-6.555332350507,
    -2.117582368136E-19));
#5383 = CARTESIAN_POINT('',(2.294714435786,-6.569162609233,1.E-03));
#5384 = CARTESIAN_POINT('',(2.294714435786,-6.569162609233,
    -2.117582368136E-19));
#5385 = CARTESIAN_POINT('',(2.291256991541,-6.583822636617,1.E-03));
#5386 = CARTESIAN_POINT('',(2.291256991541,-6.583822636617,
    -2.117582368136E-19));
#5387 = CARTESIAN_POINT('',(2.28907630723,-6.599329036943,1.E-03));
#5388 = CARTESIAN_POINT('',(2.28907630723,-6.599329036943,
    -2.117582368136E-19));
#5389 = CARTESIAN_POINT('',(2.288842150242,-6.60996254722,1.E-03));
#5390 = CARTESIAN_POINT('',(2.288842150242,-6.60996254722,
    -2.117582368136E-19));
#5391 = CARTESIAN_POINT('',(2.288722399874,-6.615400637191,1.E-03));
#5392 = CARTESIAN_POINT('',(2.288722399874,-6.615400637191,
    -2.117582368136E-19));
#5393 = ADVANCED_FACE('',(#5394),#5421,.T.);
#5394 = FACE_BOUND('',#5395,.T.);
#5395 = EDGE_LOOP('',(#5396,#5397,#5398,#5420));
#5396 = ORIENTED_EDGE('',*,*,#3997,.F.);
#5397 = ORIENTED_EDGE('',*,*,#5349,.F.);
#5398 = ORIENTED_EDGE('',*,*,#5399,.T.);
#5399 = EDGE_CURVE('',#5326,#5246,#5400,.T.);
#5400 = B_SPLINE_CURVE_WITH_KNOTS('',3,(#5401,#5402,#5403,#5404,#5405,
    #5406,#5407,#5408,#5409,#5410,#5411,#5412,#5413,#5414,#5415,#5416,
    #5417,#5418,#5419),.UNSPECIFIED.,.F.,.F.,(4,1,1,1,1,1,1,1,1,1,1,1,1,
    1,1,1,4),(0.,6.806869584499E-02,0.133427432819,0.196146033813,
    0.257048592449,0.316882663159,0.376187208666,0.435960335364,
    0.496535236863,0.557465343481,0.61768686341,0.677943640697,
    0.738805284806,0.800949336767,0.86481466747,0.931024781079,1.),
  .UNSPECIFIED.);
#5401 = CARTESIAN_POINT('',(2.288722399874,-6.615400637191,1.E-03));
#5402 = CARTESIAN_POINT('',(2.288843560035,-6.621066912543,1.E-03));
#5403 = CARTESIAN_POINT('',(2.289081056714,-6.632173876831,1.E-03));
#5404 = CARTESIAN_POINT('',(2.291251790303,-6.648383535354,1.E-03));
#5405 = CARTESIAN_POINT('',(2.294716999129,-6.663742645237,1.E-03));
#5406 = CARTESIAN_POINT('',(2.299581127687,-6.678242480689,1.E-03));
#5407 = CARTESIAN_POINT('',(2.30587875352,-6.691872583294,1.E-03));
#5408 = CARTESIAN_POINT('',(2.313686871419,-6.704583156401,1.E-03));
#5409 = CARTESIAN_POINT('',(2.32279503655,-6.71647111393,1.E-03));
#5410 = CARTESIAN_POINT('',(2.333265651421,-6.72737358111,1.E-03));
#5411 = CARTESIAN_POINT('',(2.344845396891,-6.737131250355,1.E-03));
#5412 = CARTESIAN_POINT('',(2.357227847775,-6.745809294033,1.E-03));
#5413 = CARTESIAN_POINT('',(2.370519400953,-6.753019591732,1.E-03));
#5414 = CARTESIAN_POINT('',(2.384606533492,-6.758910748015,1.E-03));
#5415 = CARTESIAN_POINT('',(2.399464606964,-6.763587973934,1.E-03));
#5416 = CARTESIAN_POINT('',(2.415158014284,-6.766772467471,1.E-03));
#5417 = CARTESIAN_POINT('',(2.431615432445,-6.768865993054,1.E-03));
#5418 = CARTESIAN_POINT('',(2.442869666488,-6.769069611432,1.E-03));
#5419 = CARTESIAN_POINT('',(2.448611881581,-6.769173503045,1.E-03));
#5420 = ORIENTED_EDGE('',*,*,#5245,.T.);
#5421 = B_SPLINE_SURFACE_WITH_KNOTS('',3,1,(
    (#5422,#5423)
    ,(#5424,#5425)
    ,(#5426,#5427)
    ,(#5428,#5429)
    ,(#5430,#5431)
    ,(#5432,#5433)
    ,(#5434,#5435)
    ,(#5436,#5437)
    ,(#5438,#5439)
    ,(#5440,#5441)
    ,(#5442,#5443)
    ,(#5444,#5445)
    ,(#5446,#5447)
    ,(#5448,#5449)
    ,(#5450,#5451)
    ,(#5452,#5453)
    ,(#5454,#5455)
    ,(#5456,#5457)
    ,(#5458,#5459
    )),.UNSPECIFIED.,.F.,.F.,.F.,(4,1,1,1,1,1,1,1,1,1,1,1,1,1,1,1,4),(2,
    2),(0.,6.806869584499E-02,0.133427432819,0.196146033813,
    0.257048592449,0.316882663159,0.376187208666,0.435960335364,
    0.496535236863,0.557465343481,0.61768686341,0.677943640697,
    0.738805284806,0.800949336767,0.86481466747,0.931024781079,1.),(0.,
    1.),.UNSPECIFIED.);
#5422 = CARTESIAN_POINT('',(2.288722399874,-6.615400637191,1.E-03));
#5423 = CARTESIAN_POINT('',(2.288722399874,-6.615400637191,0.));
#5424 = CARTESIAN_POINT('',(2.288843560035,-6.621066912543,1.E-03));
#5425 = CARTESIAN_POINT('',(2.288843560035,-6.621066912543,0.));
#5426 = CARTESIAN_POINT('',(2.289081056714,-6.632173876831,1.E-03));
#5427 = CARTESIAN_POINT('',(2.289081056714,-6.632173876831,0.));
#5428 = CARTESIAN_POINT('',(2.291251790303,-6.648383535354,1.E-03));
#5429 = CARTESIAN_POINT('',(2.291251790303,-6.648383535354,0.));
#5430 = CARTESIAN_POINT('',(2.294716999129,-6.663742645237,1.E-03));
#5431 = CARTESIAN_POINT('',(2.294716999129,-6.663742645237,0.));
#5432 = CARTESIAN_POINT('',(2.299581127687,-6.678242480689,1.E-03));
#5433 = CARTESIAN_POINT('',(2.299581127687,-6.678242480689,0.));
#5434 = CARTESIAN_POINT('',(2.30587875352,-6.691872583294,1.E-03));
#5435 = CARTESIAN_POINT('',(2.30587875352,-6.691872583294,0.));
#5436 = CARTESIAN_POINT('',(2.313686871419,-6.704583156401,1.E-03));
#5437 = CARTESIAN_POINT('',(2.313686871419,-6.704583156401,0.));
#5438 = CARTESIAN_POINT('',(2.32279503655,-6.71647111393,1.E-03));
#5439 = CARTESIAN_POINT('',(2.32279503655,-6.71647111393,0.));
#5440 = CARTESIAN_POINT('',(2.333265651421,-6.72737358111,1.E-03));
#5441 = CARTESIAN_POINT('',(2.333265651421,-6.72737358111,0.));
#5442 = CARTESIAN_POINT('',(2.344845396891,-6.737131250355,1.E-03));
#5443 = CARTESIAN_POINT('',(2.344845396891,-6.737131250355,0.));
#5444 = CARTESIAN_POINT('',(2.357227847775,-6.745809294033,1.E-03));
#5445 = CARTESIAN_POINT('',(2.357227847775,-6.745809294033,0.));
#5446 = CARTESIAN_POINT('',(2.370519400953,-6.753019591732,1.E-03));
#5447 = CARTESIAN_POINT('',(2.370519400953,-6.753019591732,0.));
#5448 = CARTESIAN_POINT('',(2.384606533492,-6.758910748015,1.E-03));
#5449 = CARTESIAN_POINT('',(2.384606533492,-6.758910748015,0.));
#5450 = CARTESIAN_POINT('',(2.399464606964,-6.763587973934,1.E-03));
#5451 = CARTESIAN_POINT('',(2.399464606964,-6.763587973934,0.));
#5452 = CARTESIAN_POINT('',(2.415158014284,-6.766772467471,1.E-03));
#5453 = CARTESIAN_POINT('',(2.415158014284,-6.766772467471,0.));
#5454 = CARTESIAN_POINT('',(2.431615432445,-6.768865993054,1.E-03));
#5455 = CARTESIAN_POINT('',(2.431615432445,-6.768865993054,0.));
#5456 = CARTESIAN_POINT('',(2.442869666488,-6.769069611432,1.E-03));
#5457 = CARTESIAN_POINT('',(2.442869666488,-6.769069611432,0.));
#5458 = CARTESIAN_POINT('',(2.448611881581,-6.769173503045,1.E-03));
#5459 = CARTESIAN_POINT('',(2.448611881581,-6.769173503045,0.));
#5460 = ADVANCED_FACE('',(#5461,#5535),#5542,.T.);
#5461 = FACE_BOUND('',#5462,.T.);
#5462 = EDGE_LOOP('',(#5463,#5489,#5513,#5521,#5529));
#5463 = ORIENTED_EDGE('',*,*,#5464,.F.);
#5464 = EDGE_CURVE('',#5465,#5467,#5469,.T.);
#5465 = VERTEX_POINT('',#5466);
#5466 = CARTESIAN_POINT('',(2.328966302313,-6.616258106704,1.E-03));
#5467 = VERTEX_POINT('',#5468);
#5468 = CARTESIAN_POINT('',(2.44569648524,-6.502100332313,1.E-03));
#5469 = B_SPLINE_CURVE_WITH_KNOTS('',3,(#5470,#5471,#5472,#5473,#5474,
    #5475,#5476,#5477,#5478,#5479,#5480,#5481,#5482,#5483,#5484,#5485,
    #5486,#5487,#5488),.UNSPECIFIED.,.F.,.F.,(4,1,1,1,1,1,1,1,1,1,1,1,1,
    1,1,1,4),(0.,7.430379644282E-02,0.144393610364,0.210499496103,
    0.273542606503,0.333824744579,0.392529672409,0.4500874546,
    0.507820611556,0.565464912777,0.623148722334,0.681297192791,
    0.740913498157,0.801855752196,0.865241237721,0.930941657047,1.),
  .UNSPECIFIED.);
#5470 = CARTESIAN_POINT('',(2.328966302313,-6.616258106704,1.E-03));
#5471 = CARTESIAN_POINT('',(2.329064636488,-6.611661841162,1.E-03));
#5472 = CARTESIAN_POINT('',(2.329255728023,-6.60272997755,1.E-03));
#5473 = CARTESIAN_POINT('',(2.330742592283,-6.58977567519,1.E-03));
#5474 = CARTESIAN_POINT('',(2.333234387797,-6.577689582649,1.E-03));
#5475 = CARTESIAN_POINT('',(2.336777030999,-6.566499958607,1.E-03));
#5476 = CARTESIAN_POINT('',(2.341298790107,-6.556163656622,1.E-03));
#5477 = CARTESIAN_POINT('',(2.346866739557,-6.546739898094,1.E-03));
#5478 = CARTESIAN_POINT('',(2.353437719673,-6.538182483064,1.E-03));
#5479 = CARTESIAN_POINT('',(2.361010784201,-6.530589611345,1.E-03));
#5480 = CARTESIAN_POINT('',(2.369399991654,-6.523914381308,1.E-03));
#5481 = CARTESIAN_POINT('',(2.378399089989,-6.518039850262,1.E-03));
#5482 = CARTESIAN_POINT('',(2.388086143847,-6.513107358157,1.E-03));
#5483 = CARTESIAN_POINT('',(2.398385273412,-6.509054080346,1.E-03));
#5484 = CARTESIAN_POINT('',(2.409331335246,-6.505891314276,1.E-03));
#5485 = CARTESIAN_POINT('',(2.420890747476,-6.503696033995,1.E-03));
#5486 = CARTESIAN_POINT('',(2.433088849727,-6.502359753062,1.E-03));
#5487 = CARTESIAN_POINT('',(2.441424702378,-6.502188230564,1.E-03));
#5488 = CARTESIAN_POINT('',(2.44569648524,-6.502100332313,1.E-03));
#5489 = ORIENTED_EDGE('',*,*,#5490,.F.);
#5490 = EDGE_CURVE('',#5491,#5465,#5493,.T.);
#5491 = VERTEX_POINT('',#5492);
#5492 = CARTESIAN_POINT('',(2.44735425963,-6.736246673777,1.E-03));
#5493 = B_SPLINE_CURVE_WITH_KNOTS('',3,(#5494,#5495,#5496,#5497,#5498,
    #5499,#5500,#5501,#5502,#5503,#5504,#5505,#5506,#5507,#5508,#5509,
    #5510,#5511,#5512),.UNSPECIFIED.,.F.,.F.,(4,1,1,1,1,1,1,1,1,1,1,1,1,
    1,1,1,4),(0.,7.082657255516E-02,0.13816903328,0.202475331534,
    0.263973754414,0.323380320598,0.381797622713,0.439390074519,
    0.496902724546,0.554662169609,0.612741878492,0.671538836391,
    0.73165572209,0.794297811614,0.859482204979,0.927681325453,1.),
  .UNSPECIFIED.);
#5494 = CARTESIAN_POINT('',(2.44735425963,-6.736246673777,1.E-03));
#5495 = CARTESIAN_POINT('',(2.442833988999,-6.736148961102,1.E-03));
#5496 = CARTESIAN_POINT('',(2.434015809595,-6.735958342449,1.E-03));
#5497 = CARTESIAN_POINT('',(2.421164842632,-6.734444601965,1.E-03));
#5498 = CARTESIAN_POINT('',(2.409069783089,-6.73201382361,1.E-03));
#5499 = CARTESIAN_POINT('',(2.3977290293,-6.728608675162,1.E-03));
#5500 = CARTESIAN_POINT('',(2.387191713206,-6.72409498895,1.E-03));
#5501 = CARTESIAN_POINT('',(2.377372829327,-6.718678309407,1.E-03));
#5502 = CARTESIAN_POINT('',(2.368339819752,-6.712232563643,1.E-03));
#5503 = CARTESIAN_POINT('',(2.360129301296,-6.704830045429,1.E-03));
#5504 = CARTESIAN_POINT('',(2.352810878128,-6.696507616214,1.E-03));
#5505 = CARTESIAN_POINT('',(2.346354168369,-6.687395463206,1.E-03));
#5506 = CARTESIAN_POINT('',(2.340989715321,-6.677429674559,1.E-03));
#5507 = CARTESIAN_POINT('',(2.336547468257,-6.666709087755,1.E-03));
#5508 = CARTESIAN_POINT('',(2.333152962609,-6.655186459725,1.E-03));
#5509 = CARTESIAN_POINT('',(2.330692279401,-6.642907950758,1.E-03));
#5510 = CARTESIAN_POINT('',(2.329271008985,-6.629839519169,1.E-03));
#5511 = CARTESIAN_POINT('',(2.329069837119,-6.620872869155,1.E-03));
#5512 = CARTESIAN_POINT('',(2.328966302313,-6.616258106704,1.E-03));
#5513 = ORIENTED_EDGE('',*,*,#5514,.F.);
#5514 = EDGE_CURVE('',#5515,#5491,#5517,.T.);
#5515 = VERTEX_POINT('',#5516);
#5516 = CARTESIAN_POINT('',(2.489941912069,-6.736246673777,1.E-03));
#5517 = LINE('',#5518,#5519);
#5518 = CARTESIAN_POINT('',(2.489941912069,-6.736246673777,1.E-03));
#5519 = VECTOR('',#5520,1.);
#5520 = DIRECTION('',(-1.,0.,0.));
#5521 = ORIENTED_EDGE('',*,*,#5522,.F.);
#5522 = EDGE_CURVE('',#5523,#5515,#5525,.T.);
#5523 = VERTEX_POINT('',#5524);
#5524 = CARTESIAN_POINT('',(2.489941912069,-6.502100332313,1.E-03));
#5525 = LINE('',#5526,#5527);
#5526 = CARTESIAN_POINT('',(2.489941912069,-6.502100332313,1.E-03));
#5527 = VECTOR('',#5528,1.);
#5528 = DIRECTION('',(0.,-1.,0.));
#5529 = ORIENTED_EDGE('',*,*,#5530,.F.);
#5530 = EDGE_CURVE('',#5467,#5523,#5531,.T.);
#5531 = LINE('',#5532,#5533);
#5532 = CARTESIAN_POINT('',(2.44569648524,-6.502100332313,1.E-03));
#5533 = VECTOR('',#5534,1.);
#5534 = DIRECTION('',(1.,0.,0.));
#5535 = FACE_BOUND('',#5536,.T.);
#5536 = EDGE_LOOP('',(#5537,#5538,#5539,#5540,#5541));
#5537 = ORIENTED_EDGE('',*,*,#5253,.F.);
#5538 = ORIENTED_EDGE('',*,*,#5399,.F.);
#5539 = ORIENTED_EDGE('',*,*,#5325,.F.);
#5540 = ORIENTED_EDGE('',*,*,#5301,.F.);
#5541 = ORIENTED_EDGE('',*,*,#5277,.F.);
#5542 = PLANE('',#5543);
#5543 = AXIS2_PLACEMENT_3D('',#5544,#5545,#5546);
#5544 = CARTESIAN_POINT('',(2.334351938227,-6.508083292916,1.E-03));
#5545 = DIRECTION('',(0.,0.,-1.));
#5546 = DIRECTION('',(-1.,0.,-0.));
#5547 = ADVANCED_FACE('',(#5548),#5573,.T.);
#5548 = FACE_BOUND('',#5549,.T.);
#5549 = EDGE_LOOP('',(#5550,#5560,#5566,#5567));
#5550 = ORIENTED_EDGE('',*,*,#5551,.F.);
#5551 = EDGE_CURVE('',#5552,#5554,#5556,.T.);
#5552 = VERTEX_POINT('',#5553);
#5553 = CARTESIAN_POINT('',(2.44569648524,-6.502100332313,0.));
#5554 = VERTEX_POINT('',#5555);
#5555 = CARTESIAN_POINT('',(2.489941912069,-6.502100332313,0.));
#5556 = LINE('',#5557,#5558);
#5557 = CARTESIAN_POINT('',(2.44569648524,-6.502100332313,-0.));
#5558 = VECTOR('',#5559,1.);
#5559 = DIRECTION('',(1.,0.,0.));
#5560 = ORIENTED_EDGE('',*,*,#5561,.F.);
#5561 = EDGE_CURVE('',#5467,#5552,#5562,.T.);
#5562 = LINE('',#5563,#5564);
#5563 = CARTESIAN_POINT('',(2.44569648524,-6.502100332313,1.E-03));
#5564 = VECTOR('',#5565,1.);
#5565 = DIRECTION('',(-0.,-0.,-1.));
#5566 = ORIENTED_EDGE('',*,*,#5530,.T.);
#5567 = ORIENTED_EDGE('',*,*,#5568,.T.);
#5568 = EDGE_CURVE('',#5523,#5554,#5569,.T.);
#5569 = LINE('',#5570,#5571);
#5570 = CARTESIAN_POINT('',(2.489941912069,-6.502100332313,1.E-03));
#5571 = VECTOR('',#5572,1.);
#5572 = DIRECTION('',(-0.,-0.,-1.));
#5573 = PLANE('',#5574);
#5574 = AXIS2_PLACEMENT_3D('',#5575,#5576,#5577);
#5575 = CARTESIAN_POINT('',(2.44569648524,-6.502100332313,1.E-03));
#5576 = DIRECTION('',(0.,1.,0.));
#5577 = DIRECTION('',(0.,-0.,1.));
#5578 = ADVANCED_FACE('',(#5579),#5613,.T.);
#5579 = FACE_BOUND('',#5580,.T.);
#5580 = EDGE_LOOP('',(#5581,#5605,#5611,#5612));
#5581 = ORIENTED_EDGE('',*,*,#5582,.F.);
#5582 = EDGE_CURVE('',#5583,#5552,#5585,.T.);
#5583 = VERTEX_POINT('',#5584);
#5584 = CARTESIAN_POINT('',(2.328966302313,-6.616258106704,0.));
#5585 = B_SPLINE_CURVE_WITH_KNOTS('',3,(#5586,#5587,#5588,#5589,#5590,
    #5591,#5592,#5593,#5594,#5595,#5596,#5597,#5598,#5599,#5600,#5601,
    #5602,#5603,#5604),.UNSPECIFIED.,.F.,.F.,(4,1,1,1,1,1,1,1,1,1,1,1,1,
    1,1,1,4),(0.,7.430379644282E-02,0.144393610364,0.210499496103,
    0.273542606503,0.333824744579,0.392529672409,0.4500874546,
    0.507820611556,0.565464912777,0.623148722334,0.681297192791,
    0.740913498157,0.801855752196,0.865241237721,0.930941657047,1.),
  .UNSPECIFIED.);
#5586 = CARTESIAN_POINT('',(2.328966302313,-6.616258106704,0.));
#5587 = CARTESIAN_POINT('',(2.329064636488,-6.611661841162,-0.));
#5588 = CARTESIAN_POINT('',(2.329255728023,-6.60272997755,0.));
#5589 = CARTESIAN_POINT('',(2.330742592283,-6.58977567519,-0.));
#5590 = CARTESIAN_POINT('',(2.333234387797,-6.577689582649,0.));
#5591 = CARTESIAN_POINT('',(2.336777030999,-6.566499958607,-0.));
#5592 = CARTESIAN_POINT('',(2.341298790107,-6.556163656622,0.));
#5593 = CARTESIAN_POINT('',(2.346866739557,-6.546739898094,-0.));
#5594 = CARTESIAN_POINT('',(2.353437719673,-6.538182483064,0.));
#5595 = CARTESIAN_POINT('',(2.361010784201,-6.530589611345,-0.));
#5596 = CARTESIAN_POINT('',(2.369399991654,-6.523914381308,0.));
#5597 = CARTESIAN_POINT('',(2.378399089989,-6.518039850262,-0.));
#5598 = CARTESIAN_POINT('',(2.388086143847,-6.513107358157,0.));
#5599 = CARTESIAN_POINT('',(2.398385273412,-6.509054080346,-0.));
#5600 = CARTESIAN_POINT('',(2.409331335246,-6.505891314276,0.));
#5601 = CARTESIAN_POINT('',(2.420890747476,-6.503696033995,-0.));
#5602 = CARTESIAN_POINT('',(2.433088849727,-6.502359753062,0.));
#5603 = CARTESIAN_POINT('',(2.441424702378,-6.502188230564,-0.));
#5604 = CARTESIAN_POINT('',(2.44569648524,-6.502100332313,0.));
#5605 = ORIENTED_EDGE('',*,*,#5606,.F.);
#5606 = EDGE_CURVE('',#5465,#5583,#5607,.T.);
#5607 = LINE('',#5608,#5609);
#5608 = CARTESIAN_POINT('',(2.328966302313,-6.616258106704,1.E-03));
#5609 = VECTOR('',#5610,1.);
#5610 = DIRECTION('',(-0.,-0.,-1.));
#5611 = ORIENTED_EDGE('',*,*,#5464,.T.);
#5612 = ORIENTED_EDGE('',*,*,#5561,.T.);
#5613 = B_SPLINE_SURFACE_WITH_KNOTS('',3,1,(
    (#5614,#5615)
    ,(#5616,#5617)
    ,(#5618,#5619)
    ,(#5620,#5621)
    ,(#5622,#5623)
    ,(#5624,#5625)
    ,(#5626,#5627)
    ,(#5628,#5629)
    ,(#5630,#5631)
    ,(#5632,#5633)
    ,(#5634,#5635)
    ,(#5636,#5637)
    ,(#5638,#5639)
    ,(#5640,#5641)
    ,(#5642,#5643)
    ,(#5644,#5645)
    ,(#5646,#5647)
    ,(#5648,#5649)
    ,(#5650,#5651
    )),.UNSPECIFIED.,.F.,.F.,.F.,(4,1,1,1,1,1,1,1,1,1,1,1,1,1,1,1,4),(2,
    2),(0.,7.430379644282E-02,0.144393610364,0.210499496103,
    0.273542606503,0.333824744579,0.392529672409,0.4500874546,
    0.507820611556,0.565464912777,0.623148722334,0.681297192791,
    0.740913498157,0.801855752196,0.865241237721,0.930941657047,1.),(0.,
    1.),.UNSPECIFIED.);
#5614 = CARTESIAN_POINT('',(2.328966302313,-6.616258106704,1.E-03));
#5615 = CARTESIAN_POINT('',(2.328966302313,-6.616258106704,0.));
#5616 = CARTESIAN_POINT('',(2.329064636488,-6.611661841162,1.E-03));
#5617 = CARTESIAN_POINT('',(2.329064636488,-6.611661841162,0.));
#5618 = CARTESIAN_POINT('',(2.329255728023,-6.60272997755,1.E-03));
#5619 = CARTESIAN_POINT('',(2.329255728023,-6.60272997755,0.));
#5620 = CARTESIAN_POINT('',(2.330742592283,-6.58977567519,1.E-03));
#5621 = CARTESIAN_POINT('',(2.330742592283,-6.58977567519,0.));
#5622 = CARTESIAN_POINT('',(2.333234387797,-6.577689582649,1.E-03));
#5623 = CARTESIAN_POINT('',(2.333234387797,-6.577689582649,0.));
#5624 = CARTESIAN_POINT('',(2.336777030999,-6.566499958607,1.E-03));
#5625 = CARTESIAN_POINT('',(2.336777030999,-6.566499958607,0.));
#5626 = CARTESIAN_POINT('',(2.341298790107,-6.556163656622,1.E-03));
#5627 = CARTESIAN_POINT('',(2.341298790107,-6.556163656622,0.));
#5628 = CARTESIAN_POINT('',(2.346866739557,-6.546739898094,1.E-03));
#5629 = CARTESIAN_POINT('',(2.346866739557,-6.546739898094,0.));
#5630 = CARTESIAN_POINT('',(2.353437719673,-6.538182483064,1.E-03));
#5631 = CARTESIAN_POINT('',(2.353437719673,-6.538182483064,0.));
#5632 = CARTESIAN_POINT('',(2.361010784201,-6.530589611345,1.E-03));
#5633 = CARTESIAN_POINT('',(2.361010784201,-6.530589611345,0.));
#5634 = CARTESIAN_POINT('',(2.369399991654,-6.523914381308,1.E-03));
#5635 = CARTESIAN_POINT('',(2.369399991654,-6.523914381308,0.));
#5636 = CARTESIAN_POINT('',(2.378399089989,-6.518039850262,1.E-03));
#5637 = CARTESIAN_POINT('',(2.378399089989,-6.518039850262,0.));
#5638 = CARTESIAN_POINT('',(2.388086143847,-6.513107358157,1.E-03));
#5639 = CARTESIAN_POINT('',(2.388086143847,-6.513107358157,0.));
#5640 = CARTESIAN_POINT('',(2.398385273412,-6.509054080346,1.E-03));
#5641 = CARTESIAN_POINT('',(2.398385273412,-6.509054080346,0.));
#5642 = CARTESIAN_POINT('',(2.409331335246,-6.505891314276,1.E-03));
#5643 = CARTESIAN_POINT('',(2.409331335246,-6.505891314276,0.));
#5644 = CARTESIAN_POINT('',(2.420890747476,-6.503696033995,1.E-03));
#5645 = CARTESIAN_POINT('',(2.420890747476,-6.503696033995,0.));
#5646 = CARTESIAN_POINT('',(2.433088849727,-6.502359753062,1.E-03));
#5647 = CARTESIAN_POINT('',(2.433088849727,-6.502359753062,0.));
#5648 = CARTESIAN_POINT('',(2.441424702378,-6.502188230564,1.E-03));
#5649 = CARTESIAN_POINT('',(2.441424702378,-6.502188230564,0.));
#5650 = CARTESIAN_POINT('',(2.44569648524,-6.502100332313,1.E-03));
#5651 = CARTESIAN_POINT('',(2.44569648524,-6.502100332313,0.));
#5652 = ADVANCED_FACE('',(#5653),#5687,.T.);
#5653 = FACE_BOUND('',#5654,.T.);
#5654 = EDGE_LOOP('',(#5655,#5679,#5685,#5686));
#5655 = ORIENTED_EDGE('',*,*,#5656,.F.);
#5656 = EDGE_CURVE('',#5657,#5583,#5659,.T.);
#5657 = VERTEX_POINT('',#5658);
#5658 = CARTESIAN_POINT('',(2.44735425963,-6.736246673777,-0.));
#5659 = B_SPLINE_CURVE_WITH_KNOTS('',3,(#5660,#5661,#5662,#5663,#5664,
    #5665,#5666,#5667,#5668,#5669,#5670,#5671,#5672,#5673,#5674,#5675,
    #5676,#5677,#5678),.UNSPECIFIED.,.F.,.F.,(4,1,1,1,1,1,1,1,1,1,1,1,1,
    1,1,1,4),(0.,7.082657255516E-02,0.13816903328,0.202475331534,
    0.263973754414,0.323380320598,0.381797622713,0.439390074519,
    0.496902724546,0.554662169609,0.612741878492,0.671538836391,
    0.73165572209,0.794297811614,0.859482204979,0.927681325453,1.),
  .UNSPECIFIED.);
#5660 = CARTESIAN_POINT('',(2.44735425963,-6.736246673777,-0.));
#5661 = CARTESIAN_POINT('',(2.442833988999,-6.736148961102,-0.));
#5662 = CARTESIAN_POINT('',(2.434015809595,-6.735958342449,0.));
#5663 = CARTESIAN_POINT('',(2.421164842632,-6.734444601965,-0.));
#5664 = CARTESIAN_POINT('',(2.409069783089,-6.73201382361,0.));
#5665 = CARTESIAN_POINT('',(2.3977290293,-6.728608675162,-0.));
#5666 = CARTESIAN_POINT('',(2.387191713206,-6.72409498895,0.));
#5667 = CARTESIAN_POINT('',(2.377372829327,-6.718678309407,-0.));
#5668 = CARTESIAN_POINT('',(2.368339819752,-6.712232563643,0.));
#5669 = CARTESIAN_POINT('',(2.360129301296,-6.704830045429,-0.));
#5670 = CARTESIAN_POINT('',(2.352810878128,-6.696507616214,0.));
#5671 = CARTESIAN_POINT('',(2.346354168369,-6.687395463206,-0.));
#5672 = CARTESIAN_POINT('',(2.340989715321,-6.677429674559,0.));
#5673 = CARTESIAN_POINT('',(2.336547468257,-6.666709087755,-0.));
#5674 = CARTESIAN_POINT('',(2.333152962609,-6.655186459725,0.));
#5675 = CARTESIAN_POINT('',(2.330692279401,-6.642907950758,-0.));
#5676 = CARTESIAN_POINT('',(2.329271008985,-6.629839519169,0.));
#5677 = CARTESIAN_POINT('',(2.329069837119,-6.620872869155,-0.));
#5678 = CARTESIAN_POINT('',(2.328966302313,-6.616258106704,0.));
#5679 = ORIENTED_EDGE('',*,*,#5680,.F.);
#5680 = EDGE_CURVE('',#5491,#5657,#5681,.T.);
#5681 = LINE('',#5682,#5683);
#5682 = CARTESIAN_POINT('',(2.44735425963,-6.736246673777,1.E-03));
#5683 = VECTOR('',#5684,1.);
#5684 = DIRECTION('',(-0.,-0.,-1.));
#5685 = ORIENTED_EDGE('',*,*,#5490,.T.);
#5686 = ORIENTED_EDGE('',*,*,#5606,.T.);
#5687 = B_SPLINE_SURFACE_WITH_KNOTS('',3,1,(
    (#5688,#5689)
    ,(#5690,#5691)
    ,(#5692,#5693)
    ,(#5694,#5695)
    ,(#5696,#5697)
    ,(#5698,#5699)
    ,(#5700,#5701)
    ,(#5702,#5703)
    ,(#5704,#5705)
    ,(#5706,#5707)
    ,(#5708,#5709)
    ,(#5710,#5711)
    ,(#5712,#5713)
    ,(#5714,#5715)
    ,(#5716,#5717)
    ,(#5718,#5719)
    ,(#5720,#5721)
    ,(#5722,#5723)
    ,(#5724,#5725
    )),.UNSPECIFIED.,.F.,.F.,.F.,(4,1,1,1,1,1,1,1,1,1,1,1,1,1,1,1,4),(2,
    2),(0.,7.082657255516E-02,0.13816903328,0.202475331534,
    0.263973754414,0.323380320598,0.381797622713,0.439390074519,
    0.496902724546,0.554662169609,0.612741878492,0.671538836391,
    0.73165572209,0.794297811614,0.859482204979,0.927681325453,1.),(0.,
    1.),.UNSPECIFIED.);
#5688 = CARTESIAN_POINT('',(2.44735425963,-6.736246673777,1.E-03));
#5689 = CARTESIAN_POINT('',(2.44735425963,-6.736246673777,0.));
#5690 = CARTESIAN_POINT('',(2.442833988999,-6.736148961102,1.E-03));
#5691 = CARTESIAN_POINT('',(2.442833988999,-6.736148961102,0.));
#5692 = CARTESIAN_POINT('',(2.434015809595,-6.735958342449,1.E-03));
#5693 = CARTESIAN_POINT('',(2.434015809595,-6.735958342449,0.));
#5694 = CARTESIAN_POINT('',(2.421164842632,-6.734444601965,1.E-03));
#5695 = CARTESIAN_POINT('',(2.421164842632,-6.734444601965,0.));
#5696 = CARTESIAN_POINT('',(2.409069783089,-6.73201382361,1.E-03));
#5697 = CARTESIAN_POINT('',(2.409069783089,-6.73201382361,0.));
#5698 = CARTESIAN_POINT('',(2.3977290293,-6.728608675162,1.E-03));
#5699 = CARTESIAN_POINT('',(2.3977290293,-6.728608675162,0.));
#5700 = CARTESIAN_POINT('',(2.387191713206,-6.72409498895,1.E-03));
#5701 = CARTESIAN_POINT('',(2.387191713206,-6.72409498895,0.));
#5702 = CARTESIAN_POINT('',(2.377372829327,-6.718678309407,1.E-03));
#5703 = CARTESIAN_POINT('',(2.377372829327,-6.718678309407,0.));
#5704 = CARTESIAN_POINT('',(2.368339819752,-6.712232563643,1.E-03));
#5705 = CARTESIAN_POINT('',(2.368339819752,-6.712232563643,0.));
#5706 = CARTESIAN_POINT('',(2.360129301296,-6.704830045429,1.E-03));
#5707 = CARTESIAN_POINT('',(2.360129301296,-6.704830045429,0.));
#5708 = CARTESIAN_POINT('',(2.352810878128,-6.696507616214,1.E-03));
#5709 = CARTESIAN_POINT('',(2.352810878128,-6.696507616214,0.));
#5710 = CARTESIAN_POINT('',(2.346354168369,-6.687395463206,1.E-03));
#5711 = CARTESIAN_POINT('',(2.346354168369,-6.687395463206,0.));
#5712 = CARTESIAN_POINT('',(2.340989715321,-6.677429674559,1.E-03));
#5713 = CARTESIAN_POINT('',(2.340989715321,-6.677429674559,0.));
#5714 = CARTESIAN_POINT('',(2.336547468257,-6.666709087755,1.E-03));
#5715 = CARTESIAN_POINT('',(2.336547468257,-6.666709087755,0.));
#5716 = CARTESIAN_POINT('',(2.333152962609,-6.655186459725,1.E-03));
#5717 = CARTESIAN_POINT('',(2.333152962609,-6.655186459725,0.));
#5718 = CARTESIAN_POINT('',(2.330692279401,-6.642907950758,1.E-03));
#5719 = CARTESIAN_POINT('',(2.330692279401,-6.642907950758,0.));
#5720 = CARTESIAN_POINT('',(2.329271008985,-6.629839519169,1.E-03));
#5721 = CARTESIAN_POINT('',(2.329271008985,-6.629839519169,0.));
#5722 = CARTESIAN_POINT('',(2.329069837119,-6.620872869155,1.E-03));
#5723 = CARTESIAN_POINT('',(2.329069837119,-6.620872869155,0.));
#5724 = CARTESIAN_POINT('',(2.328966302313,-6.616258106704,1.E-03));
#5725 = CARTESIAN_POINT('',(2.328966302313,-6.616258106704,0.));
#5726 = ADVANCED_FACE('',(#5727),#5745,.T.);
#5727 = FACE_BOUND('',#5728,.T.);
#5728 = EDGE_LOOP('',(#5729,#5737,#5743,#5744));
#5729 = ORIENTED_EDGE('',*,*,#5730,.F.);
#5730 = EDGE_CURVE('',#5731,#5657,#5733,.T.);
#5731 = VERTEX_POINT('',#5732);
#5732 = CARTESIAN_POINT('',(2.489941912069,-6.736246673777,0.));
#5733 = LINE('',#5734,#5735);
#5734 = CARTESIAN_POINT('',(2.489941912069,-6.736246673777,-0.));
#5735 = VECTOR('',#5736,1.);
#5736 = DIRECTION('',(-1.,0.,0.));
#5737 = ORIENTED_EDGE('',*,*,#5738,.F.);
#5738 = EDGE_CURVE('',#5515,#5731,#5739,.T.);
#5739 = LINE('',#5740,#5741);
#5740 = CARTESIAN_POINT('',(2.489941912069,-6.736246673777,1.E-03));
#5741 = VECTOR('',#5742,1.);
#5742 = DIRECTION('',(-0.,-0.,-1.));
#5743 = ORIENTED_EDGE('',*,*,#5514,.T.);
#5744 = ORIENTED_EDGE('',*,*,#5680,.T.);
#5745 = PLANE('',#5746);
#5746 = AXIS2_PLACEMENT_3D('',#5747,#5748,#5749);
#5747 = CARTESIAN_POINT('',(2.489941912069,-6.736246673777,1.E-03));
#5748 = DIRECTION('',(0.,-1.,0.));
#5749 = DIRECTION('',(0.,-0.,-1.));
#5750 = ADVANCED_FACE('',(#5751),#5762,.T.);
#5751 = FACE_BOUND('',#5752,.T.);
#5752 = EDGE_LOOP('',(#5753,#5759,#5760,#5761));
#5753 = ORIENTED_EDGE('',*,*,#5754,.F.);
#5754 = EDGE_CURVE('',#5554,#5731,#5755,.T.);
#5755 = LINE('',#5756,#5757);
#5756 = CARTESIAN_POINT('',(2.489941912069,-6.502100332313,-0.));
#5757 = VECTOR('',#5758,1.);
#5758 = DIRECTION('',(0.,-1.,0.));
#5759 = ORIENTED_EDGE('',*,*,#5568,.F.);
#5760 = ORIENTED_EDGE('',*,*,#5522,.T.);
#5761 = ORIENTED_EDGE('',*,*,#5738,.T.);
#5762 = PLANE('',#5763);
#5763 = AXIS2_PLACEMENT_3D('',#5764,#5765,#5766);
#5764 = CARTESIAN_POINT('',(2.489941912069,-6.502100332313,1.E-03));
#5765 = DIRECTION('',(1.,0.,-0.));
#5766 = DIRECTION('',(-0.,0.,-1.));
#5767 = ADVANCED_FACE('',(#5768),#5793,.T.);
#5768 = FACE_BOUND('',#5769,.T.);
#5769 = EDGE_LOOP('',(#5770,#5771,#5779,#5787));
#5770 = ORIENTED_EDGE('',*,*,#4288,.F.);
#5771 = ORIENTED_EDGE('',*,*,#5772,.F.);
#5772 = EDGE_CURVE('',#5773,#4289,#5775,.T.);
#5773 = VERTEX_POINT('',#5774);
#5774 = CARTESIAN_POINT('',(2.588722399874,-6.736246673777,1.E-03));
#5775 = LINE('',#5776,#5777);
#5776 = CARTESIAN_POINT('',(2.588722399874,-6.736246673777,1.E-03));
#5777 = VECTOR('',#5778,1.);
#5778 = DIRECTION('',(-0.,-0.,-1.));
#5779 = ORIENTED_EDGE('',*,*,#5780,.T.);
#5780 = EDGE_CURVE('',#5773,#5781,#5783,.T.);
#5781 = VERTEX_POINT('',#5782);
#5782 = CARTESIAN_POINT('',(2.588722399874,-6.769173503045,1.E-03));
#5783 = LINE('',#5784,#5785);
#5784 = CARTESIAN_POINT('',(2.588722399874,-6.736246673777,1.E-03));
#5785 = VECTOR('',#5786,1.);
#5786 = DIRECTION('',(0.,-1.,0.));
#5787 = ORIENTED_EDGE('',*,*,#5788,.T.);
#5788 = EDGE_CURVE('',#5781,#4291,#5789,.T.);
#5789 = LINE('',#5790,#5791);
#5790 = CARTESIAN_POINT('',(2.588722399874,-6.769173503045,1.E-03));
#5791 = VECTOR('',#5792,1.);
#5792 = DIRECTION('',(-0.,-0.,-1.));
#5793 = PLANE('',#5794);
#5794 = AXIS2_PLACEMENT_3D('',#5795,#5796,#5797);
#5795 = CARTESIAN_POINT('',(2.588722399874,-6.736246673777,1.E-03));
#5796 = DIRECTION('',(1.,0.,-0.));
#5797 = DIRECTION('',(-0.,0.,-1.));
#5798 = ADVANCED_FACE('',(#5799),#5817,.T.);
#5799 = FACE_BOUND('',#5800,.T.);
#5800 = EDGE_LOOP('',(#5801,#5802,#5803,#5811));
#5801 = ORIENTED_EDGE('',*,*,#4298,.F.);
#5802 = ORIENTED_EDGE('',*,*,#5788,.F.);
#5803 = ORIENTED_EDGE('',*,*,#5804,.T.);
#5804 = EDGE_CURVE('',#5781,#5805,#5807,.T.);
#5805 = VERTEX_POINT('',#5806);
#5806 = CARTESIAN_POINT('',(2.74969800963,-6.769173503045,1.E-03));
#5807 = LINE('',#5808,#5809);
#5808 = CARTESIAN_POINT('',(2.588722399874,-6.769173503045,1.E-03));
#5809 = VECTOR('',#5810,1.);
#5810 = DIRECTION('',(1.,0.,0.));
#5811 = ORIENTED_EDGE('',*,*,#5812,.T.);
#5812 = EDGE_CURVE('',#5805,#4299,#5813,.T.);
#5813 = LINE('',#5814,#5815);
#5814 = CARTESIAN_POINT('',(2.74969800963,-6.769173503045,1.E-03));
#5815 = VECTOR('',#5816,1.);
#5816 = DIRECTION('',(-0.,-0.,-1.));
#5817 = PLANE('',#5818);
#5818 = AXIS2_PLACEMENT_3D('',#5819,#5820,#5821);
#5819 = CARTESIAN_POINT('',(2.588722399874,-6.769173503045,1.E-03));
#5820 = DIRECTION('',(0.,1.,0.));
#5821 = DIRECTION('',(0.,-0.,1.));
#5822 = ADVANCED_FACE('',(#5823),#5841,.T.);
#5823 = FACE_BOUND('',#5824,.T.);
#5824 = EDGE_LOOP('',(#5825,#5826,#5827,#5835));
#5825 = ORIENTED_EDGE('',*,*,#4306,.F.);
#5826 = ORIENTED_EDGE('',*,*,#5812,.F.);
#5827 = ORIENTED_EDGE('',*,*,#5828,.T.);
#5828 = EDGE_CURVE('',#5805,#5829,#5831,.T.);
#5829 = VERTEX_POINT('',#5830);
#5830 = CARTESIAN_POINT('',(2.74969800963,-6.469173503045,1.E-03));
#5831 = LINE('',#5832,#5833);
#5832 = CARTESIAN_POINT('',(2.74969800963,-6.769173503045,1.E-03));
#5833 = VECTOR('',#5834,1.);
#5834 = DIRECTION('',(0.,1.,0.));
#5835 = ORIENTED_EDGE('',*,*,#5836,.T.);
#5836 = EDGE_CURVE('',#5829,#4307,#5837,.T.);
#5837 = LINE('',#5838,#5839);
#5838 = CARTESIAN_POINT('',(2.74969800963,-6.469173503045,1.E-03));
#5839 = VECTOR('',#5840,1.);
#5840 = DIRECTION('',(-0.,-0.,-1.));
#5841 = PLANE('',#5842);
#5842 = AXIS2_PLACEMENT_3D('',#5843,#5844,#5845);
#5843 = CARTESIAN_POINT('',(2.74969800963,-6.769173503045,1.E-03));
#5844 = DIRECTION('',(-1.,0.,0.));
#5845 = DIRECTION('',(0.,0.,1.));
#5846 = ADVANCED_FACE('',(#5847),#5865,.T.);
#5847 = FACE_BOUND('',#5848,.T.);
#5848 = EDGE_LOOP('',(#5849,#5850,#5851,#5859));
#5849 = ORIENTED_EDGE('',*,*,#4314,.F.);
#5850 = ORIENTED_EDGE('',*,*,#5836,.F.);
#5851 = ORIENTED_EDGE('',*,*,#5852,.T.);
#5852 = EDGE_CURVE('',#5829,#5853,#5855,.T.);
#5853 = VERTEX_POINT('',#5854);
#5854 = CARTESIAN_POINT('',(2.596039473045,-6.469173503045,1.E-03));
#5855 = LINE('',#5856,#5857);
#5856 = CARTESIAN_POINT('',(2.74969800963,-6.469173503045,1.E-03));
#5857 = VECTOR('',#5858,1.);
#5858 = DIRECTION('',(-1.,0.,0.));
#5859 = ORIENTED_EDGE('',*,*,#5860,.T.);
#5860 = EDGE_CURVE('',#5853,#4315,#5861,.T.);
#5861 = LINE('',#5862,#5863);
#5862 = CARTESIAN_POINT('',(2.596039473045,-6.469173503045,1.E-03));
#5863 = VECTOR('',#5864,1.);
#5864 = DIRECTION('',(-0.,-0.,-1.));
#5865 = PLANE('',#5866);
#5866 = AXIS2_PLACEMENT_3D('',#5867,#5868,#5869);
#5867 = CARTESIAN_POINT('',(2.74969800963,-6.469173503045,1.E-03));
#5868 = DIRECTION('',(0.,-1.,0.));
#5869 = DIRECTION('',(0.,-0.,-1.));
#5870 = ADVANCED_FACE('',(#5871),#5889,.T.);
#5871 = FACE_BOUND('',#5872,.T.);
#5872 = EDGE_LOOP('',(#5873,#5874,#5875,#5883));
#5873 = ORIENTED_EDGE('',*,*,#4322,.F.);
#5874 = ORIENTED_EDGE('',*,*,#5860,.F.);
#5875 = ORIENTED_EDGE('',*,*,#5876,.T.);
#5876 = EDGE_CURVE('',#5853,#5877,#5879,.T.);
#5877 = VERTEX_POINT('',#5878);
#5878 = CARTESIAN_POINT('',(2.596039473045,-6.502100332313,1.E-03));
#5879 = LINE('',#5880,#5881);
#5880 = CARTESIAN_POINT('',(2.596039473045,-6.469173503045,1.E-03));
#5881 = VECTOR('',#5882,1.);
#5882 = DIRECTION('',(0.,-1.,0.));
#5883 = ORIENTED_EDGE('',*,*,#5884,.T.);
#5884 = EDGE_CURVE('',#5877,#4323,#5885,.T.);
#5885 = LINE('',#5886,#5887);
#5886 = CARTESIAN_POINT('',(2.596039473045,-6.502100332313,1.E-03));
#5887 = VECTOR('',#5888,1.);
#5888 = DIRECTION('',(-0.,-0.,-1.));
#5889 = PLANE('',#5890);
#5890 = AXIS2_PLACEMENT_3D('',#5891,#5892,#5893);
#5891 = CARTESIAN_POINT('',(2.596039473045,-6.469173503045,1.E-03));
#5892 = DIRECTION('',(1.,0.,-0.));
#5893 = DIRECTION('',(-0.,0.,-1.));
#5894 = ADVANCED_FACE('',(#5895),#5913,.T.);
#5895 = FACE_BOUND('',#5896,.T.);
#5896 = EDGE_LOOP('',(#5897,#5898,#5899,#5907));
#5897 = ORIENTED_EDGE('',*,*,#4330,.F.);
#5898 = ORIENTED_EDGE('',*,*,#5884,.F.);
#5899 = ORIENTED_EDGE('',*,*,#5900,.T.);
#5900 = EDGE_CURVE('',#5877,#5901,#5903,.T.);
#5901 = VERTEX_POINT('',#5902);
#5902 = CARTESIAN_POINT('',(2.709454107191,-6.502100332313,1.E-03));
#5903 = LINE('',#5904,#5905);
#5904 = CARTESIAN_POINT('',(2.596039473045,-6.502100332313,1.E-03));
#5905 = VECTOR('',#5906,1.);
#5906 = DIRECTION('',(1.,0.,0.));
#5907 = ORIENTED_EDGE('',*,*,#5908,.T.);
#5908 = EDGE_CURVE('',#5901,#4331,#5909,.T.);
#5909 = LINE('',#5910,#5911);
#5910 = CARTESIAN_POINT('',(2.709454107191,-6.502100332313,1.E-03));
#5911 = VECTOR('',#5912,1.);
#5912 = DIRECTION('',(-0.,-0.,-1.));
#5913 = PLANE('',#5914);
#5914 = AXIS2_PLACEMENT_3D('',#5915,#5916,#5917);
#5915 = CARTESIAN_POINT('',(2.596039473045,-6.502100332313,1.E-03));
#5916 = DIRECTION('',(0.,1.,0.));
#5917 = DIRECTION('',(0.,-0.,1.));
#5918 = ADVANCED_FACE('',(#5919),#5937,.T.);
#5919 = FACE_BOUND('',#5920,.T.);
#5920 = EDGE_LOOP('',(#5921,#5922,#5923,#5931));
#5921 = ORIENTED_EDGE('',*,*,#4338,.F.);
#5922 = ORIENTED_EDGE('',*,*,#5908,.F.);
#5923 = ORIENTED_EDGE('',*,*,#5924,.T.);
#5924 = EDGE_CURVE('',#5901,#5925,#5927,.T.);
#5925 = VERTEX_POINT('',#5926);
#5926 = CARTESIAN_POINT('',(2.709454107191,-6.600880820118,1.E-03));
#5927 = LINE('',#5928,#5929);
#5928 = CARTESIAN_POINT('',(2.709454107191,-6.502100332313,1.E-03));
#5929 = VECTOR('',#5930,1.);
#5930 = DIRECTION('',(0.,-1.,0.));
#5931 = ORIENTED_EDGE('',*,*,#5932,.T.);
#5932 = EDGE_CURVE('',#5925,#4339,#5933,.T.);
#5933 = LINE('',#5934,#5935);
#5934 = CARTESIAN_POINT('',(2.709454107191,-6.600880820118,1.E-03));
#5935 = VECTOR('',#5936,1.);
#5936 = DIRECTION('',(-0.,-0.,-1.));
#5937 = PLANE('',#5938);
#5938 = AXIS2_PLACEMENT_3D('',#5939,#5940,#5941);
#5939 = CARTESIAN_POINT('',(2.709454107191,-6.502100332313,1.E-03));
#5940 = DIRECTION('',(1.,0.,-0.));
#5941 = DIRECTION('',(-0.,0.,-1.));
#5942 = ADVANCED_FACE('',(#5943),#5961,.T.);
#5943 = FACE_BOUND('',#5944,.T.);
#5944 = EDGE_LOOP('',(#5945,#5946,#5947,#5955));
#5945 = ORIENTED_EDGE('',*,*,#4346,.F.);
#5946 = ORIENTED_EDGE('',*,*,#5932,.F.);
#5947 = ORIENTED_EDGE('',*,*,#5948,.T.);
#5948 = EDGE_CURVE('',#5925,#5949,#5951,.T.);
#5949 = VERTEX_POINT('',#5950);
#5950 = CARTESIAN_POINT('',(2.603356546215,-6.600880820118,1.E-03));
#5951 = LINE('',#5952,#5953);
#5952 = CARTESIAN_POINT('',(2.709454107191,-6.600880820118,1.E-03));
#5953 = VECTOR('',#5954,1.);
#5954 = DIRECTION('',(-1.,0.,0.));
#5955 = ORIENTED_EDGE('',*,*,#5956,.T.);
#5956 = EDGE_CURVE('',#5949,#4347,#5957,.T.);
#5957 = LINE('',#5958,#5959);
#5958 = CARTESIAN_POINT('',(2.603356546215,-6.600880820118,1.E-03));
#5959 = VECTOR('',#5960,1.);
#5960 = DIRECTION('',(-0.,-0.,-1.));
#5961 = PLANE('',#5962);
#5962 = AXIS2_PLACEMENT_3D('',#5963,#5964,#5965);
#5963 = CARTESIAN_POINT('',(2.709454107191,-6.600880820118,1.E-03));
#5964 = DIRECTION('',(0.,-1.,0.));
#5965 = DIRECTION('',(0.,-0.,-1.));
#5966 = ADVANCED_FACE('',(#5967),#5985,.T.);
#5967 = FACE_BOUND('',#5968,.T.);
#5968 = EDGE_LOOP('',(#5969,#5970,#5971,#5979));
#5969 = ORIENTED_EDGE('',*,*,#4354,.F.);
#5970 = ORIENTED_EDGE('',*,*,#5956,.F.);
#5971 = ORIENTED_EDGE('',*,*,#5972,.T.);
#5972 = EDGE_CURVE('',#5949,#5973,#5975,.T.);
#5973 = VERTEX_POINT('',#5974);
#5974 = CARTESIAN_POINT('',(2.603356546215,-6.633807649387,1.E-03));
#5975 = LINE('',#5976,#5977);
#5976 = CARTESIAN_POINT('',(2.603356546215,-6.600880820118,1.E-03));
#5977 = VECTOR('',#5978,1.);
#5978 = DIRECTION('',(0.,-1.,0.));
#5979 = ORIENTED_EDGE('',*,*,#5980,.T.);
#5980 = EDGE_CURVE('',#5973,#4355,#5981,.T.);
#5981 = LINE('',#5982,#5983);
#5982 = CARTESIAN_POINT('',(2.603356546215,-6.633807649387,1.E-03));
#5983 = VECTOR('',#5984,1.);
#5984 = DIRECTION('',(-0.,-0.,-1.));
#5985 = PLANE('',#5986);
#5986 = AXIS2_PLACEMENT_3D('',#5987,#5988,#5989);
#5987 = CARTESIAN_POINT('',(2.603356546215,-6.600880820118,1.E-03));
#5988 = DIRECTION('',(1.,0.,-0.));
#5989 = DIRECTION('',(-0.,0.,-1.));
#5990 = ADVANCED_FACE('',(#5991),#6009,.T.);
#5991 = FACE_BOUND('',#5992,.T.);
#5992 = EDGE_LOOP('',(#5993,#5994,#5995,#6003));
#5993 = ORIENTED_EDGE('',*,*,#4362,.F.);
#5994 = ORIENTED_EDGE('',*,*,#5980,.F.);
#5995 = ORIENTED_EDGE('',*,*,#5996,.T.);
#5996 = EDGE_CURVE('',#5973,#5997,#5999,.T.);
#5997 = VERTEX_POINT('',#5998);
#5998 = CARTESIAN_POINT('',(2.709454107191,-6.633807649387,1.E-03));
#5999 = LINE('',#6000,#6001);
#6000 = CARTESIAN_POINT('',(2.603356546215,-6.633807649387,1.E-03));
#6001 = VECTOR('',#6002,1.);
#6002 = DIRECTION('',(1.,0.,0.));
#6003 = ORIENTED_EDGE('',*,*,#6004,.T.);
#6004 = EDGE_CURVE('',#5997,#4363,#6005,.T.);
#6005 = LINE('',#6006,#6007);
#6006 = CARTESIAN_POINT('',(2.709454107191,-6.633807649387,1.E-03));
#6007 = VECTOR('',#6008,1.);
#6008 = DIRECTION('',(-0.,-0.,-1.));
#6009 = PLANE('',#6010);
#6010 = AXIS2_PLACEMENT_3D('',#6011,#6012,#6013);
#6011 = CARTESIAN_POINT('',(2.603356546215,-6.633807649387,1.E-03));
#6012 = DIRECTION('',(0.,1.,0.));
#6013 = DIRECTION('',(0.,-0.,1.));
#6014 = ADVANCED_FACE('',(#6015),#6033,.T.);
#6015 = FACE_BOUND('',#6016,.T.);
#6016 = EDGE_LOOP('',(#6017,#6018,#6019,#6027));
#6017 = ORIENTED_EDGE('',*,*,#4370,.F.);
#6018 = ORIENTED_EDGE('',*,*,#6004,.F.);
#6019 = ORIENTED_EDGE('',*,*,#6020,.T.);
#6020 = EDGE_CURVE('',#5997,#6021,#6023,.T.);
#6021 = VERTEX_POINT('',#6022);
#6022 = CARTESIAN_POINT('',(2.709454107191,-6.736246673777,1.E-03));
#6023 = LINE('',#6024,#6025);
#6024 = CARTESIAN_POINT('',(2.709454107191,-6.633807649387,1.E-03));
#6025 = VECTOR('',#6026,1.);
#6026 = DIRECTION('',(0.,-1.,0.));
#6027 = ORIENTED_EDGE('',*,*,#6028,.T.);
#6028 = EDGE_CURVE('',#6021,#4371,#6029,.T.);
#6029 = LINE('',#6030,#6031);
#6030 = CARTESIAN_POINT('',(2.709454107191,-6.736246673777,1.E-03));
#6031 = VECTOR('',#6032,1.);
#6032 = DIRECTION('',(-0.,-0.,-1.));
#6033 = PLANE('',#6034);
#6034 = AXIS2_PLACEMENT_3D('',#6035,#6036,#6037);
#6035 = CARTESIAN_POINT('',(2.709454107191,-6.633807649387,1.E-03));
#6036 = DIRECTION('',(1.,0.,-0.));
#6037 = DIRECTION('',(-0.,0.,-1.));
#6038 = ADVANCED_FACE('',(#6039),#6050,.T.);
#6039 = FACE_BOUND('',#6040,.T.);
#6040 = EDGE_LOOP('',(#6041,#6042,#6043,#6049));
#6041 = ORIENTED_EDGE('',*,*,#4378,.F.);
#6042 = ORIENTED_EDGE('',*,*,#6028,.F.);
#6043 = ORIENTED_EDGE('',*,*,#6044,.T.);
#6044 = EDGE_CURVE('',#6021,#5773,#6045,.T.);
#6045 = LINE('',#6046,#6047);
#6046 = CARTESIAN_POINT('',(2.709454107191,-6.736246673777,1.E-03));
#6047 = VECTOR('',#6048,1.);
#6048 = DIRECTION('',(-1.,0.,0.));
#6049 = ORIENTED_EDGE('',*,*,#5772,.T.);
#6050 = PLANE('',#6051);
#6051 = AXIS2_PLACEMENT_3D('',#6052,#6053,#6054);
#6052 = CARTESIAN_POINT('',(2.709454107191,-6.736246673777,1.E-03));
#6053 = DIRECTION('',(0.,-1.,0.));
#6054 = DIRECTION('',(0.,-0.,-1.));
#6055 = ADVANCED_FACE('',(#6056),#6070,.F.);
#6056 = FACE_BOUND('',#6057,.T.);
#6057 = EDGE_LOOP('',(#6058,#6059,#6060,#6061,#6062,#6063,#6064,#6065,
    #6066,#6067,#6068,#6069));
#6058 = ORIENTED_EDGE('',*,*,#5780,.F.);
#6059 = ORIENTED_EDGE('',*,*,#6044,.F.);
#6060 = ORIENTED_EDGE('',*,*,#6020,.F.);
#6061 = ORIENTED_EDGE('',*,*,#5996,.F.);
#6062 = ORIENTED_EDGE('',*,*,#5972,.F.);
#6063 = ORIENTED_EDGE('',*,*,#5948,.F.);
#6064 = ORIENTED_EDGE('',*,*,#5924,.F.);
#6065 = ORIENTED_EDGE('',*,*,#5900,.F.);
#6066 = ORIENTED_EDGE('',*,*,#5876,.F.);
#6067 = ORIENTED_EDGE('',*,*,#5852,.F.);
#6068 = ORIENTED_EDGE('',*,*,#5828,.F.);
#6069 = ORIENTED_EDGE('',*,*,#5804,.F.);
#6070 = PLANE('',#6071);
#6071 = AXIS2_PLACEMENT_3D('',#6072,#6073,#6074);
#6072 = CARTESIAN_POINT('',(0.,0.,1.E-03));
#6073 = DIRECTION('',(-0.,0.,1.));
#6074 = DIRECTION('',(1.,0.,0.));
#6075 = ADVANCED_FACE('',(#6076),#6101,.T.);
#6076 = FACE_BOUND('',#6077,.T.);
#6077 = EDGE_LOOP('',(#6078,#6079,#6087,#6095));
#6078 = ORIENTED_EDGE('',*,*,#3769,.F.);
#6079 = ORIENTED_EDGE('',*,*,#6080,.F.);
#6080 = EDGE_CURVE('',#6081,#3770,#6083,.T.);
#6081 = VERTEX_POINT('',#6082);
#6082 = CARTESIAN_POINT('',(2.808234594996,-6.720697893289,1.E-03));
#6083 = LINE('',#6084,#6085);
#6084 = CARTESIAN_POINT('',(2.808234594996,-6.720697893289,1.E-03));
#6085 = VECTOR('',#6086,1.);
#6086 = DIRECTION('',(-0.,-0.,-1.));
#6087 = ORIENTED_EDGE('',*,*,#6088,.T.);
#6088 = EDGE_CURVE('',#6081,#6089,#6091,.T.);
#6089 = VERTEX_POINT('',#6090);
#6090 = CARTESIAN_POINT('',(2.808234594996,-6.753624722557,1.E-03));
#6091 = LINE('',#6092,#6093);
#6092 = CARTESIAN_POINT('',(2.808234594996,-6.720697893289,1.E-03));
#6093 = VECTOR('',#6094,1.);
#6094 = DIRECTION('',(0.,-1.,0.));
#6095 = ORIENTED_EDGE('',*,*,#6096,.T.);
#6096 = EDGE_CURVE('',#6089,#3772,#6097,.T.);
#6097 = LINE('',#6098,#6099);
#6098 = CARTESIAN_POINT('',(2.808234594996,-6.753624722557,1.E-03));
#6099 = VECTOR('',#6100,1.);
#6100 = DIRECTION('',(-0.,-0.,-1.));
#6101 = PLANE('',#6102);
#6102 = AXIS2_PLACEMENT_3D('',#6103,#6104,#6105);
#6103 = CARTESIAN_POINT('',(2.808234594996,-6.720697893289,1.E-03));
#6104 = DIRECTION('',(1.,0.,-0.));
#6105 = DIRECTION('',(-0.,0.,-1.));
#6106 = ADVANCED_FACE('',(#6107),#6133,.T.);
#6107 = FACE_BOUND('',#6108,.T.);
#6108 = EDGE_LOOP('',(#6109,#6110,#6111,#6127));
#6109 = ORIENTED_EDGE('',*,*,#3779,.F.);
#6110 = ORIENTED_EDGE('',*,*,#6096,.F.);
#6111 = ORIENTED_EDGE('',*,*,#6112,.T.);
#6112 = EDGE_CURVE('',#6089,#6113,#6115,.T.);
#6113 = VERTEX_POINT('',#6114);
#6114 = CARTESIAN_POINT('',(2.890780326703,-6.77283203963,1.E-03));
#6115 = B_SPLINE_CURVE_WITH_KNOTS('',3,(#6116,#6117,#6118,#6119,#6120,
    #6121,#6122,#6123,#6124,#6125,#6126),.UNSPECIFIED.,.F.,.F.,(4,1,1,1,
    1,1,1,1,4),(0.,0.112448389909,0.226527675213,0.344401949326,
    0.465864972487,0.591659449352,0.722168487025,0.858606387555,1.),
  .UNSPECIFIED.);
#6116 = CARTESIAN_POINT('',(2.808234594996,-6.753624722557,1.E-03));
#6117 = CARTESIAN_POINT('',(2.811049612228,-6.755178497458,1.E-03));
#6118 = CARTESIAN_POINT('',(2.8167204743,-6.758308582437,1.E-03));
#6119 = CARTESIAN_POINT('',(2.825789373645,-6.76217080947,1.E-03));
#6120 = CARTESIAN_POINT('',(2.835332053522,-6.765502162054,1.E-03));
#6121 = CARTESIAN_POINT('',(2.845432037266,-6.768158616922,1.E-03));
#6122 = CARTESIAN_POINT('',(2.85602218316,-6.770293541647,1.E-03));
#6123 = CARTESIAN_POINT('',(2.867158605931,-6.771739602663,1.E-03));
#6124 = CARTESIAN_POINT('',(2.87879718661,-6.772691497566,1.E-03));
#6125 = CARTESIAN_POINT('',(2.886738728613,-6.772784638487,1.E-03));
#6126 = CARTESIAN_POINT('',(2.890780326703,-6.77283203963,1.E-03));
#6127 = ORIENTED_EDGE('',*,*,#6128,.T.);
#6128 = EDGE_CURVE('',#6113,#3780,#6129,.T.);
#6129 = LINE('',#6130,#6131);
#6130 = CARTESIAN_POINT('',(2.890780326703,-6.77283203963,1.E-03));
#6131 = VECTOR('',#6132,1.);
#6132 = DIRECTION('',(-0.,-0.,-1.));
#6133 = B_SPLINE_SURFACE_WITH_KNOTS('',3,1,(
    (#6134,#6135)
    ,(#6136,#6137)
    ,(#6138,#6139)
    ,(#6140,#6141)
    ,(#6142,#6143)
    ,(#6144,#6145)
    ,(#6146,#6147)
    ,(#6148,#6149)
    ,(#6150,#6151)
    ,(#6152,#6153)
    ,(#6154,#6155
  )),.UNSPECIFIED.,.F.,.F.,.F.,(4,1,1,1,1,1,1,1,4),(2,2),(0.,
    0.112448389909,0.226527675213,0.344401949326,0.465864972487,
    0.591659449352,0.722168487025,0.858606387555,1.),(0.,1.),
  .UNSPECIFIED.);
#6134 = CARTESIAN_POINT('',(2.808234594996,-6.753624722557,1.E-03));
#6135 = CARTESIAN_POINT('',(2.808234594996,-6.753624722557,0.));
#6136 = CARTESIAN_POINT('',(2.811049612228,-6.755178497458,1.E-03));
#6137 = CARTESIAN_POINT('',(2.811049612228,-6.755178497458,0.));
#6138 = CARTESIAN_POINT('',(2.8167204743,-6.758308582437,1.E-03));
#6139 = CARTESIAN_POINT('',(2.8167204743,-6.758308582437,0.));
#6140 = CARTESIAN_POINT('',(2.825789373645,-6.76217080947,1.E-03));
#6141 = CARTESIAN_POINT('',(2.825789373645,-6.76217080947,0.));
#6142 = CARTESIAN_POINT('',(2.835332053522,-6.765502162054,1.E-03));
#6143 = CARTESIAN_POINT('',(2.835332053522,-6.765502162054,0.));
#6144 = CARTESIAN_POINT('',(2.845432037266,-6.768158616922,1.E-03));
#6145 = CARTESIAN_POINT('',(2.845432037266,-6.768158616922,0.));
#6146 = CARTESIAN_POINT('',(2.85602218316,-6.770293541647,1.E-03));
#6147 = CARTESIAN_POINT('',(2.85602218316,-6.770293541647,0.));
#6148 = CARTESIAN_POINT('',(2.867158605931,-6.771739602663,1.E-03));
#6149 = CARTESIAN_POINT('',(2.867158605931,-6.771739602663,0.));
#6150 = CARTESIAN_POINT('',(2.87879718661,-6.772691497566,1.E-03));
#6151 = CARTESIAN_POINT('',(2.87879718661,-6.772691497566,0.));
#6152 = CARTESIAN_POINT('',(2.886738728613,-6.772784638487,1.E-03));
#6153 = CARTESIAN_POINT('',(2.886738728613,-6.772784638487,0.));
#6154 = CARTESIAN_POINT('',(2.890780326703,-6.77283203963,1.E-03));
#6155 = CARTESIAN_POINT('',(2.890780326703,-6.77283203963,0.));
#6156 = ADVANCED_FACE('',(#6157),#6191,.T.);
#6157 = FACE_BOUND('',#6158,.T.);
#6158 = EDGE_LOOP('',(#6159,#6160,#6161,#6185));
#6159 = ORIENTED_EDGE('',*,*,#3795,.F.);
#6160 = ORIENTED_EDGE('',*,*,#6128,.F.);
#6161 = ORIENTED_EDGE('',*,*,#6162,.T.);
#6162 = EDGE_CURVE('',#6113,#6163,#6165,.T.);
#6163 = VERTEX_POINT('',#6164);
#6164 = CARTESIAN_POINT('',(3.031405326703,-6.624832801826,1.E-03));
#6165 = B_SPLINE_CURVE_WITH_KNOTS('',3,(#6166,#6167,#6168,#6169,#6170,
    #6171,#6172,#6173,#6174,#6175,#6176,#6177,#6178,#6179,#6180,#6181,
    #6182,#6183,#6184),.UNSPECIFIED.,.F.,.F.,(4,1,1,1,1,1,1,1,1,1,1,1,1,
    1,1,1,4),(0.,6.783324845577E-02,0.132655536508,0.195050884051,
    0.255582933069,0.314799834147,0.373600472826,0.432545595327,
    0.492430629284,0.552671255963,0.612513044188,0.672610250357,
    0.733838369314,0.796594238568,0.861449799291,0.929198942351,1.),
  .UNSPECIFIED.);
#6166 = CARTESIAN_POINT('',(2.890780326703,-6.77283203963,1.E-03));
#6167 = CARTESIAN_POINT('',(2.895988045169,-6.772715892505,1.E-03));
#6168 = CARTESIAN_POINT('',(2.906172323568,-6.772488753755,1.E-03));
#6169 = CARTESIAN_POINT('',(2.921050062128,-6.770578188078,1.E-03));
#6170 = CARTESIAN_POINT('',(2.935124945162,-6.767388433609,1.E-03));
#6171 = CARTESIAN_POINT('',(2.948392084033,-6.762906711315,1.E-03));
#6172 = CARTESIAN_POINT('',(2.960897893411,-6.757243588005,1.E-03));
#6173 = CARTESIAN_POINT('',(2.972577591955,-6.750243408887,1.E-03));
#6174 = CARTESIAN_POINT('',(2.983353888557,-6.741851045273,1.E-03));
#6175 = CARTESIAN_POINT('',(2.993369381954,-6.732404797963,1.E-03));
#6176 = CARTESIAN_POINT('',(3.002305887445,-6.721835765845,1.E-03));
#6177 = CARTESIAN_POINT('',(3.010128111541,-6.710403760399,1.E-03));
#6178 = CARTESIAN_POINT('',(3.016745676115,-6.698144339111,1.E-03));
#6179 = CARTESIAN_POINT('',(3.022115382564,-6.685050771705,1.E-03));
#6180 = CARTESIAN_POINT('',(3.02629997259,-6.671149637027,1.E-03));
#6181 = CARTESIAN_POINT('',(3.029226333638,-6.656428422097,1.E-03));
#6182 = CARTESIAN_POINT('',(3.031128074828,-6.640907780532,1.E-03));
#6183 = CARTESIAN_POINT('',(3.031311562156,-6.630269241535,1.E-03));
#6184 = CARTESIAN_POINT('',(3.031405326703,-6.624832801826,1.E-03));
#6185 = ORIENTED_EDGE('',*,*,#6186,.T.);
#6186 = EDGE_CURVE('',#6163,#3796,#6187,.T.);
#6187 = LINE('',#6188,#6189);
#6188 = CARTESIAN_POINT('',(3.031405326703,-6.624832801826,1.E-03));
#6189 = VECTOR('',#6190,1.);
#6190 = DIRECTION('',(-0.,-0.,-1.));
#6191 = B_SPLINE_SURFACE_WITH_KNOTS('',3,1,(
    (#6192,#6193)
    ,(#6194,#6195)
    ,(#6196,#6197)
    ,(#6198,#6199)
    ,(#6200,#6201)
    ,(#6202,#6203)
    ,(#6204,#6205)
    ,(#6206,#6207)
    ,(#6208,#6209)
    ,(#6210,#6211)
    ,(#6212,#6213)
    ,(#6214,#6215)
    ,(#6216,#6217)
    ,(#6218,#6219)
    ,(#6220,#6221)
    ,(#6222,#6223)
    ,(#6224,#6225)
    ,(#6226,#6227)
    ,(#6228,#6229
    )),.UNSPECIFIED.,.F.,.F.,.F.,(4,1,1,1,1,1,1,1,1,1,1,1,1,1,1,1,4),(2,
    2),(0.,6.783324845577E-02,0.132655536508,0.195050884051,
    0.255582933069,0.314799834147,0.373600472826,0.432545595327,
    0.492430629284,0.552671255963,0.612513044188,0.672610250357,
    0.733838369314,0.796594238568,0.861449799291,0.929198942351,1.),(0.,
    1.),.UNSPECIFIED.);
#6192 = CARTESIAN_POINT('',(2.890780326703,-6.77283203963,1.E-03));
#6193 = CARTESIAN_POINT('',(2.890780326703,-6.77283203963,0.));
#6194 = CARTESIAN_POINT('',(2.895988045169,-6.772715892505,1.E-03));
#6195 = CARTESIAN_POINT('',(2.895988045169,-6.772715892505,0.));
#6196 = CARTESIAN_POINT('',(2.906172323568,-6.772488753755,1.E-03));
#6197 = CARTESIAN_POINT('',(2.906172323568,-6.772488753755,0.));
#6198 = CARTESIAN_POINT('',(2.921050062128,-6.770578188078,1.E-03));
#6199 = CARTESIAN_POINT('',(2.921050062128,-6.770578188078,0.));
#6200 = CARTESIAN_POINT('',(2.935124945162,-6.767388433609,1.E-03));
#6201 = CARTESIAN_POINT('',(2.935124945162,-6.767388433609,0.));
#6202 = CARTESIAN_POINT('',(2.948392084033,-6.762906711315,1.E-03));
#6203 = CARTESIAN_POINT('',(2.948392084033,-6.762906711315,0.));
#6204 = CARTESIAN_POINT('',(2.960897893411,-6.757243588005,1.E-03));
#6205 = CARTESIAN_POINT('',(2.960897893411,-6.757243588005,0.));
#6206 = CARTESIAN_POINT('',(2.972577591955,-6.750243408887,1.E-03));
#6207 = CARTESIAN_POINT('',(2.972577591955,-6.750243408887,0.));
#6208 = CARTESIAN_POINT('',(2.983353888557,-6.741851045273,1.E-03));
#6209 = CARTESIAN_POINT('',(2.983353888557,-6.741851045273,0.));
#6210 = CARTESIAN_POINT('',(2.993369381954,-6.732404797963,1.E-03));
#6211 = CARTESIAN_POINT('',(2.993369381954,-6.732404797963,0.));
#6212 = CARTESIAN_POINT('',(3.002305887445,-6.721835765845,1.E-03));
#6213 = CARTESIAN_POINT('',(3.002305887445,-6.721835765845,0.));
#6214 = CARTESIAN_POINT('',(3.010128111541,-6.710403760399,1.E-03));
#6215 = CARTESIAN_POINT('',(3.010128111541,-6.710403760399,0.));
#6216 = CARTESIAN_POINT('',(3.016745676115,-6.698144339111,1.E-03));
#6217 = CARTESIAN_POINT('',(3.016745676115,-6.698144339111,0.));
#6218 = CARTESIAN_POINT('',(3.022115382564,-6.685050771705,1.E-03));
#6219 = CARTESIAN_POINT('',(3.022115382564,-6.685050771705,0.));
#6220 = CARTESIAN_POINT('',(3.02629997259,-6.671149637027,1.E-03));
#6221 = CARTESIAN_POINT('',(3.02629997259,-6.671149637027,0.));
#6222 = CARTESIAN_POINT('',(3.029226333638,-6.656428422097,1.E-03));
#6223 = CARTESIAN_POINT('',(3.029226333638,-6.656428422097,0.));
#6224 = CARTESIAN_POINT('',(3.031128074828,-6.640907780532,1.E-03));
#6225 = CARTESIAN_POINT('',(3.031128074828,-6.640907780532,0.));
#6226 = CARTESIAN_POINT('',(3.031311562156,-6.630269241535,1.E-03));
#6227 = CARTESIAN_POINT('',(3.031311562156,-6.630269241535,0.));
#6228 = CARTESIAN_POINT('',(3.031405326703,-6.624832801826,1.E-03));
#6229 = CARTESIAN_POINT('',(3.031405326703,-6.624832801826,0.));
#6230 = ADVANCED_FACE('',(#6231),#6265,.T.);
#6231 = FACE_BOUND('',#6232,.T.);
#6232 = EDGE_LOOP('',(#6233,#6234,#6235,#6259));
#6233 = ORIENTED_EDGE('',*,*,#3819,.F.);
#6234 = ORIENTED_EDGE('',*,*,#6186,.F.);
#6235 = ORIENTED_EDGE('',*,*,#6236,.T.);
#6236 = EDGE_CURVE('',#6163,#6237,#6239,.T.);
#6237 = VERTEX_POINT('',#6238);
#6238 = CARTESIAN_POINT('',(2.878832918167,-6.46551496646,1.E-03));
#6239 = B_SPLINE_CURVE_WITH_KNOTS('',3,(#6240,#6241,#6242,#6243,#6244,
    #6245,#6246,#6247,#6248,#6249,#6250,#6251,#6252,#6253,#6254,#6255,
    #6256,#6257,#6258),.UNSPECIFIED.,.F.,.F.,(4,1,1,1,1,1,1,1,1,1,1,1,1,
    1,1,1,4),(0.,7.064371857535E-02,0.138256715509,0.203364124218,
    0.266324093803,0.327904761543,0.388737715173,0.449423528109,
    0.510861011459,0.572079396048,0.631734428731,0.691117210579,
    0.75036002949,0.810032900531,0.871362450829,0.934427141231,1.),
  .UNSPECIFIED.);
#6240 = CARTESIAN_POINT('',(3.031405326703,-6.624832801826,1.E-03));
#6241 = CARTESIAN_POINT('',(3.031274669667,-6.618996148493,1.E-03));
#6242 = CARTESIAN_POINT('',(3.031018960977,-6.607573243022,1.E-03));
#6243 = CARTESIAN_POINT('',(3.028986426271,-6.590870155509,1.E-03));
#6244 = CARTESIAN_POINT('',(3.02565136875,-6.575031956872,1.E-03));
#6245 = CARTESIAN_POINT('',(3.020878463448,-6.560082689069,1.E-03));
#6246 = CARTESIAN_POINT('',(3.014800556383,-6.546002147193,1.E-03));
#6247 = CARTESIAN_POINT('',(3.007412481939,-6.532771595825,1.E-03));
#6248 = CARTESIAN_POINT('',(2.998594191586,-6.520459202889,1.E-03));
#6249 = CARTESIAN_POINT('',(2.988486119239,-6.509148655083,1.E-03));
#6250 = CARTESIAN_POINT('',(2.977422732822,-6.498896603133,1.E-03));
#6251 = CARTESIAN_POINT('',(2.965485385669,-6.48995047629,1.E-03));
#6252 = CARTESIAN_POINT('',(2.952818071697,-6.482390251623,1.E-03));
#6253 = CARTESIAN_POINT('',(2.939438720867,-6.4761660747,1.E-03));
#6254 = CARTESIAN_POINT('',(2.925298148467,-6.471414895841,1.E-03));
#6255 = CARTESIAN_POINT('',(2.910462514332,-6.468002725395,1.E-03));
#6256 = CARTESIAN_POINT('',(2.894880724895,-6.465888346877,1.E-03));
#6257 = CARTESIAN_POINT('',(2.884251271258,-6.465641033964,1.E-03));
#6258 = CARTESIAN_POINT('',(2.878832918167,-6.46551496646,1.E-03));
#6259 = ORIENTED_EDGE('',*,*,#6260,.T.);
#6260 = EDGE_CURVE('',#6237,#3820,#6261,.T.);
#6261 = LINE('',#6262,#6263);
#6262 = CARTESIAN_POINT('',(2.878832918167,-6.46551496646,1.E-03));
#6263 = VECTOR('',#6264,1.);
#6264 = DIRECTION('',(-0.,-0.,-1.));
#6265 = B_SPLINE_SURFACE_WITH_KNOTS('',3,1,(
    (#6266,#6267)
    ,(#6268,#6269)
    ,(#6270,#6271)
    ,(#6272,#6273)
    ,(#6274,#6275)
    ,(#6276,#6277)
    ,(#6278,#6279)
    ,(#6280,#6281)
    ,(#6282,#6283)
    ,(#6284,#6285)
    ,(#6286,#6287)
    ,(#6288,#6289)
    ,(#6290,#6291)
    ,(#6292,#6293)
    ,(#6294,#6295)
    ,(#6296,#6297)
    ,(#6298,#6299)
    ,(#6300,#6301)
    ,(#6302,#6303
    )),.UNSPECIFIED.,.F.,.F.,.F.,(4,1,1,1,1,1,1,1,1,1,1,1,1,1,1,1,4),(2,
    2),(0.,7.064371857535E-02,0.138256715509,0.203364124218,
    0.266324093803,0.327904761543,0.388737715173,0.449423528109,
    0.510861011459,0.572079396048,0.631734428731,0.691117210579,
    0.75036002949,0.810032900531,0.871362450829,0.934427141231,1.),(0.,
    1.),.UNSPECIFIED.);
#6266 = CARTESIAN_POINT('',(3.031405326703,-6.624832801826,1.E-03));
#6267 = CARTESIAN_POINT('',(3.031405326703,-6.624832801826,0.));
#6268 = CARTESIAN_POINT('',(3.031274669667,-6.618996148493,1.E-03));
#6269 = CARTESIAN_POINT('',(3.031274669667,-6.618996148493,0.));
#6270 = CARTESIAN_POINT('',(3.031018960977,-6.607573243022,1.E-03));
#6271 = CARTESIAN_POINT('',(3.031018960977,-6.607573243022,0.));
#6272 = CARTESIAN_POINT('',(3.028986426271,-6.590870155509,1.E-03));
#6273 = CARTESIAN_POINT('',(3.028986426271,-6.590870155509,0.));
#6274 = CARTESIAN_POINT('',(3.02565136875,-6.575031956872,1.E-03));
#6275 = CARTESIAN_POINT('',(3.02565136875,-6.575031956872,0.));
#6276 = CARTESIAN_POINT('',(3.020878463448,-6.560082689069,1.E-03));
#6277 = CARTESIAN_POINT('',(3.020878463448,-6.560082689069,0.));
#6278 = CARTESIAN_POINT('',(3.014800556383,-6.546002147193,1.E-03));
#6279 = CARTESIAN_POINT('',(3.014800556383,-6.546002147193,0.));
#6280 = CARTESIAN_POINT('',(3.007412481939,-6.532771595825,1.E-03));
#6281 = CARTESIAN_POINT('',(3.007412481939,-6.532771595825,0.));
#6282 = CARTESIAN_POINT('',(2.998594191586,-6.520459202889,1.E-03));
#6283 = CARTESIAN_POINT('',(2.998594191586,-6.520459202889,0.));
#6284 = CARTESIAN_POINT('',(2.988486119239,-6.509148655083,1.E-03));
#6285 = CARTESIAN_POINT('',(2.988486119239,-6.509148655083,0.));
#6286 = CARTESIAN_POINT('',(2.977422732822,-6.498896603133,1.E-03));
#6287 = CARTESIAN_POINT('',(2.977422732822,-6.498896603133,0.));
#6288 = CARTESIAN_POINT('',(2.965485385669,-6.48995047629,1.E-03));
#6289 = CARTESIAN_POINT('',(2.965485385669,-6.48995047629,0.));
#6290 = CARTESIAN_POINT('',(2.952818071697,-6.482390251623,1.E-03));
#6291 = CARTESIAN_POINT('',(2.952818071697,-6.482390251623,0.));
#6292 = CARTESIAN_POINT('',(2.939438720867,-6.4761660747,1.E-03));
#6293 = CARTESIAN_POINT('',(2.939438720867,-6.4761660747,0.));
#6294 = CARTESIAN_POINT('',(2.925298148467,-6.471414895841,1.E-03));
#6295 = CARTESIAN_POINT('',(2.925298148467,-6.471414895841,0.));
#6296 = CARTESIAN_POINT('',(2.910462514332,-6.468002725395,1.E-03));
#6297 = CARTESIAN_POINT('',(2.910462514332,-6.468002725395,0.));
#6298 = CARTESIAN_POINT('',(2.894880724895,-6.465888346877,1.E-03));
#6299 = CARTESIAN_POINT('',(2.894880724895,-6.465888346877,0.));
#6300 = CARTESIAN_POINT('',(2.884251271258,-6.465641033964,1.E-03));
#6301 = CARTESIAN_POINT('',(2.884251271258,-6.465641033964,0.));
#6302 = CARTESIAN_POINT('',(2.878832918167,-6.46551496646,1.E-03));
#6303 = CARTESIAN_POINT('',(2.878832918167,-6.46551496646,0.));
#6304 = ADVANCED_FACE('',(#6305),#6331,.T.);
#6305 = FACE_BOUND('',#6306,.T.);
#6306 = EDGE_LOOP('',(#6307,#6308,#6309,#6325));
#6307 = ORIENTED_EDGE('',*,*,#3843,.F.);
#6308 = ORIENTED_EDGE('',*,*,#6260,.F.);
#6309 = ORIENTED_EDGE('',*,*,#6310,.T.);
#6310 = EDGE_CURVE('',#6237,#6311,#6313,.T.);
#6311 = VERTEX_POINT('',#6312);
#6312 = CARTESIAN_POINT('',(2.808234594996,-6.477405210362,1.E-03));
#6313 = B_SPLINE_CURVE_WITH_KNOTS('',3,(#6314,#6315,#6316,#6317,#6318,
    #6319,#6320,#6321,#6322,#6323,#6324),.UNSPECIFIED.,.F.,.F.,(4,1,1,1,
    1,1,1,1,4),(0.,0.145186866472,0.28344261092,0.416524365929,
    0.543181123535,0.665153082638,0.781360206313,0.892756655642,1.),
  .UNSPECIFIED.);
#6314 = CARTESIAN_POINT('',(2.878832918167,-6.46551496646,1.E-03));
#6315 = CARTESIAN_POINT('',(2.875344859979,-6.46553996979,1.E-03));
#6316 = CARTESIAN_POINT('',(2.868535261125,-6.46558878281,1.E-03));
#6317 = CARTESIAN_POINT('',(2.858545487634,-6.46620090259,1.E-03));
#6318 = CARTESIAN_POINT('',(2.849021304496,-6.467066015205,1.E-03));
#6319 = CARTESIAN_POINT('',(2.839948929094,-6.468415001726,1.E-03));
#6320 = CARTESIAN_POINT('',(2.83132882825,-6.470020829543,1.E-03));
#6321 = CARTESIAN_POINT('',(2.823193294161,-6.472114103101,1.E-03));
#6322 = CARTESIAN_POINT('',(2.815491185261,-6.474459600387,1.E-03));
#6323 = CARTESIAN_POINT('',(2.810622632049,-6.476435853473,1.E-03));
#6324 = CARTESIAN_POINT('',(2.808234594996,-6.477405210362,1.E-03));
#6325 = ORIENTED_EDGE('',*,*,#6326,.T.);
#6326 = EDGE_CURVE('',#6311,#3844,#6327,.T.);
#6327 = LINE('',#6328,#6329);
#6328 = CARTESIAN_POINT('',(2.808234594996,-6.477405210362,1.E-03));
#6329 = VECTOR('',#6330,1.);
#6330 = DIRECTION('',(-0.,-0.,-1.));
#6331 = B_SPLINE_SURFACE_WITH_KNOTS('',3,1,(
    (#6332,#6333)
    ,(#6334,#6335)
    ,(#6336,#6337)
    ,(#6338,#6339)
    ,(#6340,#6341)
    ,(#6342,#6343)
    ,(#6344,#6345)
    ,(#6346,#6347)
    ,(#6348,#6349)
    ,(#6350,#6351)
    ,(#6352,#6353
  )),.UNSPECIFIED.,.F.,.F.,.F.,(4,1,1,1,1,1,1,1,4),(2,2),(0.,
    0.145186866472,0.28344261092,0.416524365929,0.543181123535,
    0.665153082638,0.781360206313,0.892756655642,1.),(0.,1.),
  .UNSPECIFIED.);
#6332 = CARTESIAN_POINT('',(2.878832918167,-6.46551496646,1.E-03));
#6333 = CARTESIAN_POINT('',(2.878832918167,-6.46551496646,0.));
#6334 = CARTESIAN_POINT('',(2.875344859979,-6.46553996979,1.E-03));
#6335 = CARTESIAN_POINT('',(2.875344859979,-6.46553996979,0.));
#6336 = CARTESIAN_POINT('',(2.868535261125,-6.46558878281,1.E-03));
#6337 = CARTESIAN_POINT('',(2.868535261125,-6.46558878281,0.));
#6338 = CARTESIAN_POINT('',(2.858545487634,-6.46620090259,1.E-03));
#6339 = CARTESIAN_POINT('',(2.858545487634,-6.46620090259,0.));
#6340 = CARTESIAN_POINT('',(2.849021304496,-6.467066015205,1.E-03));
#6341 = CARTESIAN_POINT('',(2.849021304496,-6.467066015205,0.));
#6342 = CARTESIAN_POINT('',(2.839948929094,-6.468415001726,1.E-03));
#6343 = CARTESIAN_POINT('',(2.839948929094,-6.468415001726,0.));
#6344 = CARTESIAN_POINT('',(2.83132882825,-6.470020829543,1.E-03));
#6345 = CARTESIAN_POINT('',(2.83132882825,-6.470020829543,0.));
#6346 = CARTESIAN_POINT('',(2.823193294161,-6.472114103101,1.E-03));
#6347 = CARTESIAN_POINT('',(2.823193294161,-6.472114103101,0.));
#6348 = CARTESIAN_POINT('',(2.815491185261,-6.474459600387,1.E-03));
#6349 = CARTESIAN_POINT('',(2.815491185261,-6.474459600387,0.));
#6350 = CARTESIAN_POINT('',(2.810622632049,-6.476435853473,1.E-03));
#6351 = CARTESIAN_POINT('',(2.810622632049,-6.476435853473,0.));
#6352 = CARTESIAN_POINT('',(2.808234594996,-6.477405210362,1.E-03));
#6353 = CARTESIAN_POINT('',(2.808234594996,-6.477405210362,0.));
#6354 = ADVANCED_FACE('',(#6355),#6373,.T.);
#6355 = FACE_BOUND('',#6356,.T.);
#6356 = EDGE_LOOP('',(#6357,#6358,#6359,#6367));
#6357 = ORIENTED_EDGE('',*,*,#3859,.F.);
#6358 = ORIENTED_EDGE('',*,*,#6326,.F.);
#6359 = ORIENTED_EDGE('',*,*,#6360,.T.);
#6360 = EDGE_CURVE('',#6311,#6361,#6363,.T.);
#6361 = VERTEX_POINT('',#6362);
#6362 = CARTESIAN_POINT('',(2.808234594996,-6.517649112801,1.E-03));
#6363 = LINE('',#6364,#6365);
#6364 = CARTESIAN_POINT('',(2.808234594996,-6.477405210362,1.E-03));
#6365 = VECTOR('',#6366,1.);
#6366 = DIRECTION('',(0.,-1.,0.));
#6367 = ORIENTED_EDGE('',*,*,#6368,.T.);
#6368 = EDGE_CURVE('',#6361,#3860,#6369,.T.);
#6369 = LINE('',#6370,#6371);
#6370 = CARTESIAN_POINT('',(2.808234594996,-6.517649112801,1.E-03));
#6371 = VECTOR('',#6372,1.);
#6372 = DIRECTION('',(-0.,-0.,-1.));
#6373 = PLANE('',#6374);
#6374 = AXIS2_PLACEMENT_3D('',#6375,#6376,#6377);
#6375 = CARTESIAN_POINT('',(2.808234594996,-6.477405210362,1.E-03));
#6376 = DIRECTION('',(1.,0.,-0.));
#6377 = DIRECTION('',(-0.,0.,-1.));
#6378 = ADVANCED_FACE('',(#6379),#6405,.T.);
#6379 = FACE_BOUND('',#6380,.T.);
#6380 = EDGE_LOOP('',(#6381,#6382,#6383,#6399));
#6381 = ORIENTED_EDGE('',*,*,#3867,.F.);
#6382 = ORIENTED_EDGE('',*,*,#6368,.F.);
#6383 = ORIENTED_EDGE('',*,*,#6384,.T.);
#6384 = EDGE_CURVE('',#6361,#6385,#6387,.T.);
#6385 = VERTEX_POINT('',#6386);
#6386 = CARTESIAN_POINT('',(2.878489930362,-6.498441795728,1.E-03));
#6387 = B_SPLINE_CURVE_WITH_KNOTS('',3,(#6388,#6389,#6390,#6391,#6392,
    #6393,#6394,#6395,#6396,#6397,#6398),.UNSPECIFIED.,.F.,.F.,(4,1,1,1,
    1,1,1,1,4),(0.,0.125279696736,0.249419970742,0.373356799493,
    0.496681278782,0.620202915744,0.745086320161,0.871269195019,1.),
  .UNSPECIFIED.);
#6388 = CARTESIAN_POINT('',(2.808234594996,-6.517649112801,1.E-03));
#6389 = CARTESIAN_POINT('',(2.810898710684,-6.516101060904,1.E-03));
#6390 = CARTESIAN_POINT('',(2.816202711846,-6.513019036689,1.E-03));
#6391 = CARTESIAN_POINT('',(2.82454494133,-6.509165899861,1.E-03));
#6392 = CARTESIAN_POINT('',(2.833047914275,-6.505823858409,1.E-03));
#6393 = CARTESIAN_POINT('',(2.841771155742,-6.50315595816,1.E-03));
#6394 = CARTESIAN_POINT('',(2.85065976424,-6.501001608234,1.E-03));
#6395 = CARTESIAN_POINT('',(2.859760349842,-6.49955662502,1.E-03));
#6396 = CARTESIAN_POINT('',(2.869055670163,-6.498584434943,1.E-03));
#6397 = CARTESIAN_POINT('',(2.875324291449,-6.498489657907,1.E-03));
#6398 = CARTESIAN_POINT('',(2.878489930362,-6.498441795728,1.E-03));
#6399 = ORIENTED_EDGE('',*,*,#6400,.T.);
#6400 = EDGE_CURVE('',#6385,#3868,#6401,.T.);
#6401 = LINE('',#6402,#6403);
#6402 = CARTESIAN_POINT('',(2.878489930362,-6.498441795728,1.E-03));
#6403 = VECTOR('',#6404,1.);
#6404 = DIRECTION('',(-0.,-0.,-1.));
#6405 = B_SPLINE_SURFACE_WITH_KNOTS('',3,1,(
    (#6406,#6407)
    ,(#6408,#6409)
    ,(#6410,#6411)
    ,(#6412,#6413)
    ,(#6414,#6415)
    ,(#6416,#6417)
    ,(#6418,#6419)
    ,(#6420,#6421)
    ,(#6422,#6423)
    ,(#6424,#6425)
    ,(#6426,#6427
  )),.UNSPECIFIED.,.F.,.F.,.F.,(4,1,1,1,1,1,1,1,4),(2,2),(0.,
    0.125279696736,0.249419970742,0.373356799493,0.496681278782,
    0.620202915744,0.745086320161,0.871269195019,1.),(0.,1.),
  .UNSPECIFIED.);
#6406 = CARTESIAN_POINT('',(2.808234594996,-6.517649112801,1.E-03));
#6407 = CARTESIAN_POINT('',(2.808234594996,-6.517649112801,0.));
#6408 = CARTESIAN_POINT('',(2.810898710684,-6.516101060904,1.E-03));
#6409 = CARTESIAN_POINT('',(2.810898710684,-6.516101060904,0.));
#6410 = CARTESIAN_POINT('',(2.816202711846,-6.513019036689,1.E-03));
#6411 = CARTESIAN_POINT('',(2.816202711846,-6.513019036689,0.));
#6412 = CARTESIAN_POINT('',(2.82454494133,-6.509165899861,1.E-03));
#6413 = CARTESIAN_POINT('',(2.82454494133,-6.509165899861,0.));
#6414 = CARTESIAN_POINT('',(2.833047914275,-6.505823858409,1.E-03));
#6415 = CARTESIAN_POINT('',(2.833047914275,-6.505823858409,0.));
#6416 = CARTESIAN_POINT('',(2.841771155742,-6.50315595816,1.E-03));
#6417 = CARTESIAN_POINT('',(2.841771155742,-6.50315595816,0.));
#6418 = CARTESIAN_POINT('',(2.85065976424,-6.501001608234,1.E-03));
#6419 = CARTESIAN_POINT('',(2.85065976424,-6.501001608234,0.));
#6420 = CARTESIAN_POINT('',(2.859760349842,-6.49955662502,1.E-03));
#6421 = CARTESIAN_POINT('',(2.859760349842,-6.49955662502,0.));
#6422 = CARTESIAN_POINT('',(2.869055670163,-6.498584434943,1.E-03));
#6423 = CARTESIAN_POINT('',(2.869055670163,-6.498584434943,0.));
#6424 = CARTESIAN_POINT('',(2.875324291449,-6.498489657907,1.E-03));
#6425 = CARTESIAN_POINT('',(2.875324291449,-6.498489657907,0.));
#6426 = CARTESIAN_POINT('',(2.878489930362,-6.498441795728,1.E-03));
#6427 = CARTESIAN_POINT('',(2.878489930362,-6.498441795728,0.));
#6428 = ADVANCED_FACE('',(#6429),#6463,.T.);
#6429 = FACE_BOUND('',#6430,.T.);
#6430 = EDGE_LOOP('',(#6431,#6432,#6433,#6457));
#6431 = ORIENTED_EDGE('',*,*,#3883,.F.);
#6432 = ORIENTED_EDGE('',*,*,#6400,.F.);
#6433 = ORIENTED_EDGE('',*,*,#6434,.T.);
#6434 = EDGE_CURVE('',#6385,#6435,#6437,.T.);
#6435 = VERTEX_POINT('',#6436);
#6436 = CARTESIAN_POINT('',(2.991161424264,-6.622374722557,1.E-03));
#6437 = B_SPLINE_CURVE_WITH_KNOTS('',3,(#6438,#6439,#6440,#6441,#6442,
    #6443,#6444,#6445,#6446,#6447,#6448,#6449,#6450,#6451,#6452,#6453,
    #6454,#6455,#6456),.UNSPECIFIED.,.F.,.F.,(4,1,1,1,1,1,1,1,1,1,1,1,1,
    1,1,1,4),(0.,6.460397028839E-02,0.126702413963,0.186756814036,
    0.245505687365,0.30365202445,0.361503073971,0.420240222928,
    0.480033340777,0.540678134776,0.601191806381,0.662333502477,
    0.724739510297,0.789467736173,0.856504860044,0.926312095839,1.),
  .UNSPECIFIED.);
#6438 = CARTESIAN_POINT('',(2.878489930362,-6.498441795728,1.E-03));
#6439 = CARTESIAN_POINT('',(2.882554738921,-6.498529196554,1.E-03));
#6440 = CARTESIAN_POINT('',(2.890526711146,-6.498700608552,1.E-03));
#6441 = CARTESIAN_POINT('',(2.90217315446,-6.500383557457,1.E-03));
#6442 = CARTESIAN_POINT('',(2.913281372414,-6.502901439227,1.E-03));
#6443 = CARTESIAN_POINT('',(2.92380682181,-6.506586554411,1.E-03));
#6444 = CARTESIAN_POINT('',(2.93373755095,-6.511342763514,1.E-03));
#6445 = CARTESIAN_POINT('',(2.943064948149,-6.517187905708,1.E-03));
#6446 = CARTESIAN_POINT('',(2.951846296466,-6.52399666142,1.E-03));
#6447 = CARTESIAN_POINT('',(2.959947639416,-6.531853972596,1.E-03));
#6448 = CARTESIAN_POINT('',(2.967330216349,-6.540542903729,1.E-03));
#6449 = CARTESIAN_POINT('',(2.97366706545,-6.55012091693,1.E-03));
#6450 = CARTESIAN_POINT('',(2.979162075516,-6.560328770957,1.E-03));
#6451 = CARTESIAN_POINT('',(2.983562468893,-6.571345560027,1.E-03));
#6452 = CARTESIAN_POINT('',(2.986970318667,-6.583086757187,1.E-03));
#6453 = CARTESIAN_POINT('',(2.989430067875,-6.595536341587,1.E-03));
#6454 = CARTESIAN_POINT('',(2.99085521268,-6.608717274613,1.E-03));
#6455 = CARTESIAN_POINT('',(2.99105752992,-6.617740895274,1.E-03));
#6456 = CARTESIAN_POINT('',(2.991161424264,-6.622374722557,1.E-03));
#6457 = ORIENTED_EDGE('',*,*,#6458,.T.);
#6458 = EDGE_CURVE('',#6435,#3884,#6459,.T.);
#6459 = LINE('',#6460,#6461);
#6460 = CARTESIAN_POINT('',(2.991161424264,-6.622374722557,1.E-03));
#6461 = VECTOR('',#6462,1.);
#6462 = DIRECTION('',(-0.,-0.,-1.));
#6463 = B_SPLINE_SURFACE_WITH_KNOTS('',3,1,(
    (#6464,#6465)
    ,(#6466,#6467)
    ,(#6468,#6469)
    ,(#6470,#6471)
    ,(#6472,#6473)
    ,(#6474,#6475)
    ,(#6476,#6477)
    ,(#6478,#6479)
    ,(#6480,#6481)
    ,(#6482,#6483)
    ,(#6484,#6485)
    ,(#6486,#6487)
    ,(#6488,#6489)
    ,(#6490,#6491)
    ,(#6492,#6493)
    ,(#6494,#6495)
    ,(#6496,#6497)
    ,(#6498,#6499)
    ,(#6500,#6501
    )),.UNSPECIFIED.,.F.,.F.,.F.,(4,1,1,1,1,1,1,1,1,1,1,1,1,1,1,1,4),(2,
    2),(0.,6.460397028839E-02,0.126702413963,0.186756814036,
    0.245505687365,0.30365202445,0.361503073971,0.420240222928,
    0.480033340777,0.540678134776,0.601191806381,0.662333502477,
    0.724739510297,0.789467736173,0.856504860044,0.926312095839,1.),(0.,
    1.),.UNSPECIFIED.);
#6464 = CARTESIAN_POINT('',(2.878489930362,-6.498441795728,1.E-03));
#6465 = CARTESIAN_POINT('',(2.878489930362,-6.498441795728,0.));
#6466 = CARTESIAN_POINT('',(2.882554738921,-6.498529196554,1.E-03));
#6467 = CARTESIAN_POINT('',(2.882554738921,-6.498529196554,0.));
#6468 = CARTESIAN_POINT('',(2.890526711146,-6.498700608552,1.E-03));
#6469 = CARTESIAN_POINT('',(2.890526711146,-6.498700608552,0.));
#6470 = CARTESIAN_POINT('',(2.90217315446,-6.500383557457,1.E-03));
#6471 = CARTESIAN_POINT('',(2.90217315446,-6.500383557457,0.));
#6472 = CARTESIAN_POINT('',(2.913281372414,-6.502901439227,1.E-03));
#6473 = CARTESIAN_POINT('',(2.913281372414,-6.502901439227,0.));
#6474 = CARTESIAN_POINT('',(2.92380682181,-6.506586554411,1.E-03));
#6475 = CARTESIAN_POINT('',(2.92380682181,-6.506586554411,0.));
#6476 = CARTESIAN_POINT('',(2.93373755095,-6.511342763514,1.E-03));
#6477 = CARTESIAN_POINT('',(2.93373755095,-6.511342763514,0.));
#6478 = CARTESIAN_POINT('',(2.943064948149,-6.517187905708,1.E-03));
#6479 = CARTESIAN_POINT('',(2.943064948149,-6.517187905708,0.));
#6480 = CARTESIAN_POINT('',(2.951846296466,-6.52399666142,1.E-03));
#6481 = CARTESIAN_POINT('',(2.951846296466,-6.52399666142,0.));
#6482 = CARTESIAN_POINT('',(2.959947639416,-6.531853972596,1.E-03));
#6483 = CARTESIAN_POINT('',(2.959947639416,-6.531853972596,0.));
#6484 = CARTESIAN_POINT('',(2.967330216349,-6.540542903729,1.E-03));
#6485 = CARTESIAN_POINT('',(2.967330216349,-6.540542903729,0.));
#6486 = CARTESIAN_POINT('',(2.97366706545,-6.55012091693,1.E-03));
#6487 = CARTESIAN_POINT('',(2.97366706545,-6.55012091693,0.));
#6488 = CARTESIAN_POINT('',(2.979162075516,-6.560328770957,1.E-03));
#6489 = CARTESIAN_POINT('',(2.979162075516,-6.560328770957,0.));
#6490 = CARTESIAN_POINT('',(2.983562468893,-6.571345560027,1.E-03));
#6491 = CARTESIAN_POINT('',(2.983562468893,-6.571345560027,0.));
#6492 = CARTESIAN_POINT('',(2.986970318667,-6.583086757187,1.E-03));
#6493 = CARTESIAN_POINT('',(2.986970318667,-6.583086757187,0.));
#6494 = CARTESIAN_POINT('',(2.989430067875,-6.595536341587,1.E-03));
#6495 = CARTESIAN_POINT('',(2.989430067875,-6.595536341587,0.));
#6496 = CARTESIAN_POINT('',(2.99085521268,-6.608717274613,1.E-03));
#6497 = CARTESIAN_POINT('',(2.99085521268,-6.608717274613,0.));
#6498 = CARTESIAN_POINT('',(2.99105752992,-6.617740895274,1.E-03));
#6499 = CARTESIAN_POINT('',(2.99105752992,-6.617740895274,0.));
#6500 = CARTESIAN_POINT('',(2.991161424264,-6.622374722557,1.E-03));
#6501 = CARTESIAN_POINT('',(2.991161424264,-6.622374722557,0.));
#6502 = ADVANCED_FACE('',(#6503),#6537,.T.);
#6503 = FACE_BOUND('',#6504,.T.);
#6504 = EDGE_LOOP('',(#6505,#6506,#6507,#6531));
#6505 = ORIENTED_EDGE('',*,*,#3907,.F.);
#6506 = ORIENTED_EDGE('',*,*,#6458,.F.);
#6507 = ORIENTED_EDGE('',*,*,#6508,.T.);
#6508 = EDGE_CURVE('',#6435,#6509,#6511,.T.);
#6509 = VERTEX_POINT('',#6510);
#6510 = CARTESIAN_POINT('',(2.885235357191,-6.739905210362,1.E-03));
#6511 = B_SPLINE_CURVE_WITH_KNOTS('',3,(#6512,#6513,#6514,#6515,#6516,
    #6517,#6518,#6519,#6520,#6521,#6522,#6523,#6524,#6525,#6526,#6527,
    #6528,#6529,#6530),.UNSPECIFIED.,.F.,.F.,(4,1,1,1,1,1,1,1,1,1,1,1,1,
    1,1,1,4),(0.,7.377411937406E-02,0.144079114726,0.211348518309,
    0.27607688574,0.33852091582,0.399885116693,0.460254067465,
    0.520588964391,0.580207684563,0.638632908553,0.696364549491,
    0.75400177466,0.812805681374,0.872754425526,0.935181996978,1.),
  .UNSPECIFIED.);
#6512 = CARTESIAN_POINT('',(2.991161424264,-6.622374722557,1.E-03));
#6513 = CARTESIAN_POINT('',(2.991078078309,-6.626761084266,1.E-03));
#6514 = CARTESIAN_POINT('',(2.990915305625,-6.635327545204,1.E-03));
#6515 = CARTESIAN_POINT('',(2.989516829638,-6.647830848581,1.E-03));
#6516 = CARTESIAN_POINT('',(2.987251456365,-6.659652865134,1.E-03));
#6517 = CARTESIAN_POINT('',(2.984067753856,-6.670783174488,1.E-03));
#6518 = CARTESIAN_POINT('',(2.979916322299,-6.681211476311,1.E-03));
#6519 = CARTESIAN_POINT('',(2.974901538473,-6.690965478567,1.E-03));
#6520 = CARTESIAN_POINT('',(2.968905733148,-6.700001134058,1.E-03));
#6521 = CARTESIAN_POINT('',(2.962061263208,-6.708276141832,1.E-03));
#6522 = CARTESIAN_POINT('',(2.954462098702,-6.715696837465,1.E-03));
#6523 = CARTESIAN_POINT('',(2.94626737132,-6.722213875561,1.E-03));
#6524 = CARTESIAN_POINT('',(2.937459227279,-6.727653573611,1.E-03));
#6525 = CARTESIAN_POINT('',(2.928119801076,-6.732164343875,1.E-03));
#6526 = CARTESIAN_POINT('',(2.91820689536,-6.735651791433,1.E-03));
#6527 = CARTESIAN_POINT('',(2.907701954267,-6.738096614477,1.E-03));
#6528 = CARTESIAN_POINT('',(2.896655232441,-6.739610885269,1.E-03));
#6529 = CARTESIAN_POINT('',(2.889089359694,-6.739805880937,1.E-03));
#6530 = CARTESIAN_POINT('',(2.885235357191,-6.739905210362,1.E-03));
#6531 = ORIENTED_EDGE('',*,*,#6532,.T.);
#6532 = EDGE_CURVE('',#6509,#3908,#6533,.T.);
#6533 = LINE('',#6534,#6535);
#6534 = CARTESIAN_POINT('',(2.885235357191,-6.739905210362,1.E-03));
#6535 = VECTOR('',#6536,1.);
#6536 = DIRECTION('',(-0.,-0.,-1.));
#6537 = B_SPLINE_SURFACE_WITH_KNOTS('',3,1,(
    (#6538,#6539)
    ,(#6540,#6541)
    ,(#6542,#6543)
    ,(#6544,#6545)
    ,(#6546,#6547)
    ,(#6548,#6549)
    ,(#6550,#6551)
    ,(#6552,#6553)
    ,(#6554,#6555)
    ,(#6556,#6557)
    ,(#6558,#6559)
    ,(#6560,#6561)
    ,(#6562,#6563)
    ,(#6564,#6565)
    ,(#6566,#6567)
    ,(#6568,#6569)
    ,(#6570,#6571)
    ,(#6572,#6573)
    ,(#6574,#6575
    )),.UNSPECIFIED.,.F.,.F.,.F.,(4,1,1,1,1,1,1,1,1,1,1,1,1,1,1,1,4),(2,
    2),(0.,7.377411937406E-02,0.144079114726,0.211348518309,
    0.27607688574,0.33852091582,0.399885116693,0.460254067465,
    0.520588964391,0.580207684563,0.638632908553,0.696364549491,
    0.75400177466,0.812805681374,0.872754425526,0.935181996978,1.),(0.,
    1.),.UNSPECIFIED.);
#6538 = CARTESIAN_POINT('',(2.991161424264,-6.622374722557,1.E-03));
#6539 = CARTESIAN_POINT('',(2.991161424264,-6.622374722557,0.));
#6540 = CARTESIAN_POINT('',(2.991078078309,-6.626761084266,1.E-03));
#6541 = CARTESIAN_POINT('',(2.991078078309,-6.626761084266,0.));
#6542 = CARTESIAN_POINT('',(2.990915305625,-6.635327545204,1.E-03));
#6543 = CARTESIAN_POINT('',(2.990915305625,-6.635327545204,0.));
#6544 = CARTESIAN_POINT('',(2.989516829638,-6.647830848581,1.E-03));
#6545 = CARTESIAN_POINT('',(2.989516829638,-6.647830848581,0.));
#6546 = CARTESIAN_POINT('',(2.987251456365,-6.659652865134,1.E-03));
#6547 = CARTESIAN_POINT('',(2.987251456365,-6.659652865134,0.));
#6548 = CARTESIAN_POINT('',(2.984067753856,-6.670783174488,1.E-03));
#6549 = CARTESIAN_POINT('',(2.984067753856,-6.670783174488,0.));
#6550 = CARTESIAN_POINT('',(2.979916322299,-6.681211476311,1.E-03));
#6551 = CARTESIAN_POINT('',(2.979916322299,-6.681211476311,0.));
#6552 = CARTESIAN_POINT('',(2.974901538473,-6.690965478567,1.E-03));
#6553 = CARTESIAN_POINT('',(2.974901538473,-6.690965478567,0.));
#6554 = CARTESIAN_POINT('',(2.968905733148,-6.700001134058,1.E-03));
#6555 = CARTESIAN_POINT('',(2.968905733148,-6.700001134058,0.));
#6556 = CARTESIAN_POINT('',(2.962061263208,-6.708276141832,1.E-03));
#6557 = CARTESIAN_POINT('',(2.962061263208,-6.708276141832,0.));
#6558 = CARTESIAN_POINT('',(2.954462098702,-6.715696837465,1.E-03));
#6559 = CARTESIAN_POINT('',(2.954462098702,-6.715696837465,0.));
#6560 = CARTESIAN_POINT('',(2.94626737132,-6.722213875561,1.E-03));
#6561 = CARTESIAN_POINT('',(2.94626737132,-6.722213875561,0.));
#6562 = CARTESIAN_POINT('',(2.937459227279,-6.727653573611,1.E-03));
#6563 = CARTESIAN_POINT('',(2.937459227279,-6.727653573611,0.));
#6564 = CARTESIAN_POINT('',(2.928119801076,-6.732164343875,1.E-03));
#6565 = CARTESIAN_POINT('',(2.928119801076,-6.732164343875,0.));
#6566 = CARTESIAN_POINT('',(2.91820689536,-6.735651791433,1.E-03));
#6567 = CARTESIAN_POINT('',(2.91820689536,-6.735651791433,0.));
#6568 = CARTESIAN_POINT('',(2.907701954267,-6.738096614477,1.E-03));
#6569 = CARTESIAN_POINT('',(2.907701954267,-6.738096614477,0.));
#6570 = CARTESIAN_POINT('',(2.896655232441,-6.739610885269,1.E-03));
#6571 = CARTESIAN_POINT('',(2.896655232441,-6.739610885269,0.));
#6572 = CARTESIAN_POINT('',(2.889089359694,-6.739805880937,1.E-03));
#6573 = CARTESIAN_POINT('',(2.889089359694,-6.739805880937,0.));
#6574 = CARTESIAN_POINT('',(2.885235357191,-6.739905210362,1.E-03));
#6575 = CARTESIAN_POINT('',(2.885235357191,-6.739905210362,0.));
#6576 = ADVANCED_FACE('',(#6577),#6596,.T.);
#6577 = FACE_BOUND('',#6578,.T.);
#6578 = EDGE_LOOP('',(#6579,#6580,#6581,#6595));
#6579 = ORIENTED_EDGE('',*,*,#3931,.F.);
#6580 = ORIENTED_EDGE('',*,*,#6532,.F.);
#6581 = ORIENTED_EDGE('',*,*,#6582,.T.);
#6582 = EDGE_CURVE('',#6509,#6081,#6583,.T.);
#6583 = B_SPLINE_CURVE_WITH_KNOTS('',3,(#6584,#6585,#6586,#6587,#6588,
    #6589,#6590,#6591,#6592,#6593,#6594),.UNSPECIFIED.,.F.,.F.,(4,1,1,1,
    1,1,1,1,4),(0.,0.135294604763,0.266765657925,0.394816018836,
    0.520051654434,0.642175702971,0.762651820558,0.881834004381,1.),
  .UNSPECIFIED.);
#6584 = CARTESIAN_POINT('',(2.885235357191,-6.739905210362,1.E-03));
#6585 = CARTESIAN_POINT('',(2.881612731021,-6.739857648198,1.E-03));
#6586 = CARTESIAN_POINT('',(2.874469857473,-6.739763868021,1.E-03));
#6587 = CARTESIAN_POINT('',(2.863936292921,-6.738801475536,1.E-03));
#6588 = CARTESIAN_POINT('',(2.853733224286,-6.737353009741,1.E-03));
#6589 = CARTESIAN_POINT('',(2.84390499903,-6.735220995325,1.E-03));
#6590 = CARTESIAN_POINT('',(2.834417920837,-6.73255219447,1.E-03));
#6591 = CARTESIAN_POINT('',(2.825325774941,-6.729199976138,1.E-03));
#6592 = CARTESIAN_POINT('',(2.816531407405,-6.725371049622,1.E-03));
#6593 = CARTESIAN_POINT('',(2.810992294035,-6.722251159542,1.E-03));
#6594 = CARTESIAN_POINT('',(2.808234594996,-6.720697893289,1.E-03));
#6595 = ORIENTED_EDGE('',*,*,#6080,.T.);
#6596 = B_SPLINE_SURFACE_WITH_KNOTS('',3,1,(
    (#6597,#6598)
    ,(#6599,#6600)
    ,(#6601,#6602)
    ,(#6603,#6604)
    ,(#6605,#6606)
    ,(#6607,#6608)
    ,(#6609,#6610)
    ,(#6611,#6612)
    ,(#6613,#6614)
    ,(#6615,#6616)
    ,(#6617,#6618
  )),.UNSPECIFIED.,.F.,.F.,.F.,(4,1,1,1,1,1,1,1,4),(2,2),(0.,
    0.135294604763,0.266765657925,0.394816018836,0.520051654434,
    0.642175702971,0.762651820558,0.881834004381,1.),(0.,1.),
  .UNSPECIFIED.);
#6597 = CARTESIAN_POINT('',(2.885235357191,-6.739905210362,1.E-03));
#6598 = CARTESIAN_POINT('',(2.885235357191,-6.739905210362,0.));
#6599 = CARTESIAN_POINT('',(2.881612731021,-6.739857648198,1.E-03));
#6600 = CARTESIAN_POINT('',(2.881612731021,-6.739857648198,0.));
#6601 = CARTESIAN_POINT('',(2.874469857473,-6.739763868021,1.E-03));
#6602 = CARTESIAN_POINT('',(2.874469857473,-6.739763868021,0.));
#6603 = CARTESIAN_POINT('',(2.863936292921,-6.738801475536,1.E-03));
#6604 = CARTESIAN_POINT('',(2.863936292921,-6.738801475536,0.));
#6605 = CARTESIAN_POINT('',(2.853733224286,-6.737353009741,1.E-03));
#6606 = CARTESIAN_POINT('',(2.853733224286,-6.737353009741,0.));
#6607 = CARTESIAN_POINT('',(2.84390499903,-6.735220995325,1.E-03));
#6608 = CARTESIAN_POINT('',(2.84390499903,-6.735220995325,0.));
#6609 = CARTESIAN_POINT('',(2.834417920837,-6.73255219447,1.E-03));
#6610 = CARTESIAN_POINT('',(2.834417920837,-6.73255219447,0.));
#6611 = CARTESIAN_POINT('',(2.825325774941,-6.729199976138,1.E-03));
#6612 = CARTESIAN_POINT('',(2.825325774941,-6.729199976138,0.));
#6613 = CARTESIAN_POINT('',(2.816531407405,-6.725371049622,1.E-03));
#6614 = CARTESIAN_POINT('',(2.816531407405,-6.725371049622,0.));
#6615 = CARTESIAN_POINT('',(2.810992294035,-6.722251159542,1.E-03));
#6616 = CARTESIAN_POINT('',(2.810992294035,-6.722251159542,0.));
#6617 = CARTESIAN_POINT('',(2.808234594996,-6.720697893289,1.E-03));
#6618 = CARTESIAN_POINT('',(2.808234594996,-6.720697893289,0.));
#6619 = ADVANCED_FACE('',(#6620),#6632,.T.);
#6620 = FACE_BOUND('',#6621,.T.);
#6621 = EDGE_LOOP('',(#6622,#6623,#6624,#6625,#6626,#6627,#6628,#6629,
    #6630,#6631));
#6622 = ORIENTED_EDGE('',*,*,#6088,.F.);
#6623 = ORIENTED_EDGE('',*,*,#6582,.F.);
#6624 = ORIENTED_EDGE('',*,*,#6508,.F.);
#6625 = ORIENTED_EDGE('',*,*,#6434,.F.);
#6626 = ORIENTED_EDGE('',*,*,#6384,.F.);
#6627 = ORIENTED_EDGE('',*,*,#6360,.F.);
#6628 = ORIENTED_EDGE('',*,*,#6310,.F.);
#6629 = ORIENTED_EDGE('',*,*,#6236,.F.);
#6630 = ORIENTED_EDGE('',*,*,#6162,.F.);
#6631 = ORIENTED_EDGE('',*,*,#6112,.F.);
#6632 = PLANE('',#6633);
#6633 = AXIS2_PLACEMENT_3D('',#6634,#6635,#6636);
#6634 = CARTESIAN_POINT('',(2.848191008073,-6.768670239697,1.E-03));
#6635 = DIRECTION('',(0.,0.,-1.));
#6636 = DIRECTION('',(-1.,0.,-0.));
#6637 = ADVANCED_FACE('',(#6638),#6663,.T.);
#6638 = FACE_BOUND('',#6639,.T.);
#6639 = EDGE_LOOP('',(#6640,#6641,#6649,#6657));
#6640 = ORIENTED_EDGE('',*,*,#4386,.F.);
#6641 = ORIENTED_EDGE('',*,*,#6642,.F.);
#6642 = EDGE_CURVE('',#6643,#4387,#6645,.T.);
#6643 = VERTEX_POINT('',#6644);
#6644 = CARTESIAN_POINT('',(3.057015082801,-6.736246673777,1.E-03));
#6645 = LINE('',#6646,#6647);
#6646 = CARTESIAN_POINT('',(3.057015082801,-6.736246673777,1.E-03));
#6647 = VECTOR('',#6648,1.);
#6648 = DIRECTION('',(-0.,-0.,-1.));
#6649 = ORIENTED_EDGE('',*,*,#6650,.T.);
#6650 = EDGE_CURVE('',#6643,#6651,#6653,.T.);
#6651 = VERTEX_POINT('',#6652);
#6652 = CARTESIAN_POINT('',(3.057015082801,-6.769173503045,1.E-03));
#6653 = LINE('',#6654,#6655);
#6654 = CARTESIAN_POINT('',(3.057015082801,-6.736246673777,1.E-03));
#6655 = VECTOR('',#6656,1.);
#6656 = DIRECTION('',(0.,-1.,0.));
#6657 = ORIENTED_EDGE('',*,*,#6658,.T.);
#6658 = EDGE_CURVE('',#6651,#4389,#6659,.T.);
#6659 = LINE('',#6660,#6661);
#6660 = CARTESIAN_POINT('',(3.057015082801,-6.769173503045,1.E-03));
#6661 = VECTOR('',#6662,1.);
#6662 = DIRECTION('',(-0.,-0.,-1.));
#6663 = PLANE('',#6664);
#6664 = AXIS2_PLACEMENT_3D('',#6665,#6666,#6667);
#6665 = CARTESIAN_POINT('',(3.057015082801,-6.736246673777,1.E-03));
#6666 = DIRECTION('',(1.,0.,-0.));
#6667 = DIRECTION('',(-0.,0.,-1.));
#6668 = ADVANCED_FACE('',(#6669),#6687,.T.);
#6669 = FACE_BOUND('',#6670,.T.);
#6670 = EDGE_LOOP('',(#6671,#6672,#6673,#6681));
#6671 = ORIENTED_EDGE('',*,*,#4396,.F.);
#6672 = ORIENTED_EDGE('',*,*,#6658,.F.);
#6673 = ORIENTED_EDGE('',*,*,#6674,.T.);
#6674 = EDGE_CURVE('',#6651,#6675,#6677,.T.);
#6675 = VERTEX_POINT('',#6676);
#6676 = CARTESIAN_POINT('',(3.210673619386,-6.769173503045,1.E-03));
#6677 = LINE('',#6678,#6679);
#6678 = CARTESIAN_POINT('',(3.057015082801,-6.769173503045,1.E-03));
#6679 = VECTOR('',#6680,1.);
#6680 = DIRECTION('',(1.,0.,0.));
#6681 = ORIENTED_EDGE('',*,*,#6682,.T.);
#6682 = EDGE_CURVE('',#6675,#4397,#6683,.T.);
#6683 = LINE('',#6684,#6685);
#6684 = CARTESIAN_POINT('',(3.210673619386,-6.769173503045,1.E-03));
#6685 = VECTOR('',#6686,1.);
#6686 = DIRECTION('',(-0.,-0.,-1.));
#6687 = PLANE('',#6688);
#6688 = AXIS2_PLACEMENT_3D('',#6689,#6690,#6691);
#6689 = CARTESIAN_POINT('',(3.057015082801,-6.769173503045,1.E-03));
#6690 = DIRECTION('',(0.,1.,0.));
#6691 = DIRECTION('',(0.,-0.,1.));
#6692 = ADVANCED_FACE('',(#6693),#6711,.T.);
#6693 = FACE_BOUND('',#6694,.T.);
#6694 = EDGE_LOOP('',(#6695,#6696,#6697,#6705));
#6695 = ORIENTED_EDGE('',*,*,#4404,.F.);
#6696 = ORIENTED_EDGE('',*,*,#6682,.F.);
#6697 = ORIENTED_EDGE('',*,*,#6698,.T.);
#6698 = EDGE_CURVE('',#6675,#6699,#6701,.T.);
#6699 = VERTEX_POINT('',#6700);
#6700 = CARTESIAN_POINT('',(3.210673619386,-6.469173503045,1.E-03));
#6701 = LINE('',#6702,#6703);
#6702 = CARTESIAN_POINT('',(3.210673619386,-6.769173503045,1.E-03));
#6703 = VECTOR('',#6704,1.);
#6704 = DIRECTION('',(0.,1.,0.));
#6705 = ORIENTED_EDGE('',*,*,#6706,.T.);
#6706 = EDGE_CURVE('',#6699,#4405,#6707,.T.);
#6707 = LINE('',#6708,#6709);
#6708 = CARTESIAN_POINT('',(3.210673619386,-6.469173503045,1.E-03));
#6709 = VECTOR('',#6710,1.);
#6710 = DIRECTION('',(-0.,-0.,-1.));
#6711 = PLANE('',#6712);
#6712 = AXIS2_PLACEMENT_3D('',#6713,#6714,#6715);
#6713 = CARTESIAN_POINT('',(3.210673619386,-6.769173503045,1.E-03));
#6714 = DIRECTION('',(-1.,0.,0.));
#6715 = DIRECTION('',(0.,0.,1.));
#6716 = ADVANCED_FACE('',(#6717),#6735,.T.);
#6717 = FACE_BOUND('',#6718,.T.);
#6718 = EDGE_LOOP('',(#6719,#6720,#6721,#6729));
#6719 = ORIENTED_EDGE('',*,*,#4412,.F.);
#6720 = ORIENTED_EDGE('',*,*,#6706,.F.);
#6721 = ORIENTED_EDGE('',*,*,#6722,.T.);
#6722 = EDGE_CURVE('',#6699,#6723,#6725,.T.);
#6723 = VERTEX_POINT('',#6724);
#6724 = CARTESIAN_POINT('',(3.170429716947,-6.469173503045,1.E-03));
#6725 = LINE('',#6726,#6727);
#6726 = CARTESIAN_POINT('',(3.210673619386,-6.469173503045,1.E-03));
#6727 = VECTOR('',#6728,1.);
#6728 = DIRECTION('',(-1.,0.,0.));
#6729 = ORIENTED_EDGE('',*,*,#6730,.T.);
#6730 = EDGE_CURVE('',#6723,#4413,#6731,.T.);
#6731 = LINE('',#6732,#6733);
#6732 = CARTESIAN_POINT('',(3.170429716947,-6.469173503045,1.E-03));
#6733 = VECTOR('',#6734,1.);
#6734 = DIRECTION('',(-0.,-0.,-1.));
#6735 = PLANE('',#6736);
#6736 = AXIS2_PLACEMENT_3D('',#6737,#6738,#6739);
#6737 = CARTESIAN_POINT('',(3.210673619386,-6.469173503045,1.E-03));
#6738 = DIRECTION('',(0.,-1.,0.));
#6739 = DIRECTION('',(0.,-0.,-1.));
#6740 = ADVANCED_FACE('',(#6741),#6759,.T.);
#6741 = FACE_BOUND('',#6742,.T.);
#6742 = EDGE_LOOP('',(#6743,#6744,#6745,#6753));
#6743 = ORIENTED_EDGE('',*,*,#4420,.F.);
#6744 = ORIENTED_EDGE('',*,*,#6730,.F.);
#6745 = ORIENTED_EDGE('',*,*,#6746,.T.);
#6746 = EDGE_CURVE('',#6723,#6747,#6749,.T.);
#6747 = VERTEX_POINT('',#6748);
#6748 = CARTESIAN_POINT('',(3.170429716947,-6.736246673777,1.E-03));
#6749 = LINE('',#6750,#6751);
#6750 = CARTESIAN_POINT('',(3.170429716947,-6.469173503045,1.E-03));
#6751 = VECTOR('',#6752,1.);
#6752 = DIRECTION('',(0.,-1.,0.));
#6753 = ORIENTED_EDGE('',*,*,#6754,.T.);
#6754 = EDGE_CURVE('',#6747,#4421,#6755,.T.);
#6755 = LINE('',#6756,#6757);
#6756 = CARTESIAN_POINT('',(3.170429716947,-6.736246673777,1.E-03));
#6757 = VECTOR('',#6758,1.);
#6758 = DIRECTION('',(-0.,-0.,-1.));
#6759 = PLANE('',#6760);
#6760 = AXIS2_PLACEMENT_3D('',#6761,#6762,#6763);
#6761 = CARTESIAN_POINT('',(3.170429716947,-6.469173503045,1.E-03));
#6762 = DIRECTION('',(1.,0.,-0.));
#6763 = DIRECTION('',(-0.,0.,-1.));
#6764 = ADVANCED_FACE('',(#6765),#6776,.T.);
#6765 = FACE_BOUND('',#6766,.T.);
#6766 = EDGE_LOOP('',(#6767,#6768,#6769,#6775));
#6767 = ORIENTED_EDGE('',*,*,#4428,.F.);
#6768 = ORIENTED_EDGE('',*,*,#6754,.F.);
#6769 = ORIENTED_EDGE('',*,*,#6770,.T.);
#6770 = EDGE_CURVE('',#6747,#6643,#6771,.T.);
#6771 = LINE('',#6772,#6773);
#6772 = CARTESIAN_POINT('',(3.170429716947,-6.736246673777,1.E-03));
#6773 = VECTOR('',#6774,1.);
#6774 = DIRECTION('',(-1.,0.,0.));
#6775 = ORIENTED_EDGE('',*,*,#6642,.T.);
#6776 = PLANE('',#6777);
#6777 = AXIS2_PLACEMENT_3D('',#6778,#6779,#6780);
#6778 = CARTESIAN_POINT('',(3.170429716947,-6.736246673777,1.E-03));
#6779 = DIRECTION('',(0.,-1.,0.));
#6780 = DIRECTION('',(0.,-0.,-1.));
#6781 = ADVANCED_FACE('',(#6782),#6790,.F.);
#6782 = FACE_BOUND('',#6783,.T.);
#6783 = EDGE_LOOP('',(#6784,#6785,#6786,#6787,#6788,#6789));
#6784 = ORIENTED_EDGE('',*,*,#6650,.F.);
#6785 = ORIENTED_EDGE('',*,*,#6770,.F.);
#6786 = ORIENTED_EDGE('',*,*,#6746,.F.);
#6787 = ORIENTED_EDGE('',*,*,#6722,.F.);
#6788 = ORIENTED_EDGE('',*,*,#6698,.F.);
#6789 = ORIENTED_EDGE('',*,*,#6674,.F.);
#6790 = PLANE('',#6791);
#6791 = AXIS2_PLACEMENT_3D('',#6792,#6793,#6794);
#6792 = CARTESIAN_POINT('',(0.,0.,1.E-03));
#6793 = DIRECTION('',(-0.,0.,1.));
#6794 = DIRECTION('',(1.,0.,0.));
#6795 = ADVANCED_FACE('',(#6796),#6804,.F.);
#6796 = FACE_BOUND('',#6797,.T.);
#6797 = EDGE_LOOP('',(#6798,#6799,#6800,#6801,#6802,#6803));
#6798 = ORIENTED_EDGE('',*,*,#5072,.T.);
#6799 = ORIENTED_EDGE('',*,*,#5227,.T.);
#6800 = ORIENTED_EDGE('',*,*,#5189,.T.);
#6801 = ORIENTED_EDGE('',*,*,#5165,.T.);
#6802 = ORIENTED_EDGE('',*,*,#5127,.T.);
#6803 = ORIENTED_EDGE('',*,*,#5103,.T.);
#6804 = PLANE('',#6805);
#6805 = AXIS2_PLACEMENT_3D('',#6806,#6807,#6808);
#6806 = CARTESIAN_POINT('',(0.,0.,0.));
#6807 = DIRECTION('',(-0.,0.,1.));
#6808 = DIRECTION('',(1.,0.,0.));
#6809 = ADVANCED_FACE('',(#6810),#6817,.F.);
#6810 = FACE_BOUND('',#6811,.T.);
#6811 = EDGE_LOOP('',(#6812,#6813,#6814,#6815,#6816));
#6812 = ORIENTED_EDGE('',*,*,#5551,.T.);
#6813 = ORIENTED_EDGE('',*,*,#5754,.T.);
#6814 = ORIENTED_EDGE('',*,*,#5730,.T.);
#6815 = ORIENTED_EDGE('',*,*,#5656,.T.);
#6816 = ORIENTED_EDGE('',*,*,#5582,.T.);
#6817 = PLANE('',#6818);
#6818 = AXIS2_PLACEMENT_3D('',#6819,#6820,#6821);
#6819 = CARTESIAN_POINT('',(0.,0.,0.));
#6820 = DIRECTION('',(-0.,0.,1.));
#6821 = DIRECTION('',(1.,0.,0.));
#6822 = ADVANCED_FACE('',(#6823),#7010,.T.);
#6823 = FACE_BOUND('',#6824,.T.);
#6824 = EDGE_LOOP('',(#6825,#6833,#6834,#6835,#6836,#6837,#6838,#6839,
    #6840,#6841,#6842,#6843,#6844,#6845,#6846,#6847,#6848,#6849,#6850,
    #6851,#6852,#6860,#6868,#6876,#6884,#6892,#6900,#6908,#6916,#6924,
    #6932,#6940,#6948,#6956,#6964,#6972,#6980,#6988,#6996,#7004));
#6825 = ORIENTED_EDGE('',*,*,#6826,.T.);
#6826 = EDGE_CURVE('',#6827,#3090,#6829,.T.);
#6827 = VERTEX_POINT('',#6828);
#6828 = CARTESIAN_POINT('',(-1.75,7.49,3.64));
#6829 = LINE('',#6830,#6831);
#6830 = CARTESIAN_POINT('',(-1.75,6.5,3.64));
#6831 = VECTOR('',#6832,1.);
#6832 = DIRECTION('',(-0.,1.,-0.));
#6833 = ORIENTED_EDGE('',*,*,#3089,.T.);
#6834 = ORIENTED_EDGE('',*,*,#3243,.T.);
#6835 = ORIENTED_EDGE('',*,*,#3389,.T.);
#6836 = ORIENTED_EDGE('',*,*,#3452,.T.);
#6837 = ORIENTED_EDGE('',*,*,#3738,.T.);
#6838 = ORIENTED_EDGE('',*,*,#3195,.T.);
#6839 = ORIENTED_EDGE('',*,*,#3716,.T.);
#6840 = ORIENTED_EDGE('',*,*,#3483,.T.);
#6841 = ORIENTED_EDGE('',*,*,#3523,.T.);
#6842 = ORIENTED_EDGE('',*,*,#2010,.T.);
#6843 = ORIENTED_EDGE('',*,*,#3577,.T.);
#6844 = ORIENTED_EDGE('',*,*,#3640,.T.);
#6845 = ORIENTED_EDGE('',*,*,#3694,.T.);
#6846 = ORIENTED_EDGE('',*,*,#3067,.T.);
#6847 = ORIENTED_EDGE('',*,*,#3672,.T.);
#6848 = ORIENTED_EDGE('',*,*,#3295,.T.);
#6849 = ORIENTED_EDGE('',*,*,#3335,.T.);
#6850 = ORIENTED_EDGE('',*,*,#3265,.T.);
#6851 = ORIENTED_EDGE('',*,*,#3123,.T.);
#6852 = ORIENTED_EDGE('',*,*,#6853,.F.);
#6853 = EDGE_CURVE('',#6854,#3116,#6856,.T.);
#6854 = VERTEX_POINT('',#6855);
#6855 = CARTESIAN_POINT('',(1.75,7.49,3.64));
#6856 = LINE('',#6857,#6858);
#6857 = CARTESIAN_POINT('',(1.75,6.5,3.64));
#6858 = VECTOR('',#6859,1.);
#6859 = DIRECTION('',(-0.,1.,-0.));
#6860 = ORIENTED_EDGE('',*,*,#6861,.F.);
#6861 = EDGE_CURVE('',#6862,#6854,#6864,.T.);
#6862 = VERTEX_POINT('',#6863);
#6863 = CARTESIAN_POINT('',(5.995857864376,7.49,3.64));
#6864 = LINE('',#6865,#6866);
#6865 = CARTESIAN_POINT('',(6.,7.49,3.64));
#6866 = VECTOR('',#6867,1.);
#6867 = DIRECTION('',(-1.,0.,0.));
#6868 = ORIENTED_EDGE('',*,*,#6869,.F.);
#6869 = EDGE_CURVE('',#6870,#6862,#6872,.T.);
#6870 = VERTEX_POINT('',#6871);
#6871 = CARTESIAN_POINT('',(6.99,6.495857864376,3.64));
#6872 = LINE('',#6873,#6874);
#6873 = CARTESIAN_POINT('',(6.992928932188,6.492928932188,3.64));
#6874 = VECTOR('',#6875,1.);
#6875 = DIRECTION('',(-0.707106781187,0.707106781187,0.));
#6876 = ORIENTED_EDGE('',*,*,#6877,.F.);
#6877 = EDGE_CURVE('',#6878,#6870,#6880,.T.);
#6878 = VERTEX_POINT('',#6879);
#6879 = CARTESIAN_POINT('',(6.99,3.49,3.64));
#6880 = LINE('',#6881,#6882);
#6881 = CARTESIAN_POINT('',(6.99,3.5,3.64));
#6882 = VECTOR('',#6883,1.);
#6883 = DIRECTION('',(2.891205793295E-16,1.,0.));
#6884 = ORIENTED_EDGE('',*,*,#6885,.F.);
#6885 = EDGE_CURVE('',#6886,#6878,#6888,.T.);
#6886 = VERTEX_POINT('',#6887);
#6887 = CARTESIAN_POINT('',(7.195857864376,3.49,3.64));
#6888 = LINE('',#6889,#6890);
#6889 = CARTESIAN_POINT('',(7.2,3.49,3.64));
#6890 = VECTOR('',#6891,1.);
#6891 = DIRECTION('',(-1.,0.,0.));
#6892 = ORIENTED_EDGE('',*,*,#6893,.F.);
#6893 = EDGE_CURVE('',#6894,#6886,#6896,.T.);
#6894 = VERTEX_POINT('',#6895);
#6895 = CARTESIAN_POINT('',(7.49,3.195857864376,3.64));
#6896 = LINE('',#6897,#6898);
#6897 = CARTESIAN_POINT('',(7.492928932188,3.192928932188,3.64));
#6898 = VECTOR('',#6899,1.);
#6899 = DIRECTION('',(-0.707106781187,0.707106781187,0.));
#6900 = ORIENTED_EDGE('',*,*,#6901,.F.);
#6901 = EDGE_CURVE('',#6902,#6894,#6904,.T.);
#6902 = VERTEX_POINT('',#6903);
#6903 = CARTESIAN_POINT('',(7.49,-3.195857864376,3.64));
#6904 = LINE('',#6905,#6906);
#6905 = CARTESIAN_POINT('',(7.49,-3.2,3.64));
#6906 = VECTOR('',#6907,1.);
#6907 = DIRECTION('',(0.,1.,0.));
#6908 = ORIENTED_EDGE('',*,*,#6909,.F.);
#6909 = EDGE_CURVE('',#6910,#6902,#6912,.T.);
#6910 = VERTEX_POINT('',#6911);
#6911 = CARTESIAN_POINT('',(7.195857864376,-3.49,3.64));
#6912 = LINE('',#6913,#6914);
#6913 = CARTESIAN_POINT('',(7.192928932188,-3.492928932188,3.64));
#6914 = VECTOR('',#6915,1.);
#6915 = DIRECTION('',(0.707106781187,0.707106781187,0.));
#6916 = ORIENTED_EDGE('',*,*,#6917,.F.);
#6917 = EDGE_CURVE('',#6918,#6910,#6920,.T.);
#6918 = VERTEX_POINT('',#6919);
#6919 = CARTESIAN_POINT('',(6.99,-3.49,3.64));
#6920 = LINE('',#6921,#6922);
#6921 = CARTESIAN_POINT('',(7.,-3.49,3.64));
#6922 = VECTOR('',#6923,1.);
#6923 = DIRECTION('',(1.,0.,-0.));
#6924 = ORIENTED_EDGE('',*,*,#6925,.F.);
#6925 = EDGE_CURVE('',#6926,#6918,#6928,.T.);
#6926 = VERTEX_POINT('',#6927);
#6927 = CARTESIAN_POINT('',(6.99,-7.49,3.64));
#6928 = LINE('',#6929,#6930);
#6929 = CARTESIAN_POINT('',(6.99,-7.5,3.64));
#6930 = VECTOR('',#6931,1.);
#6931 = DIRECTION('',(-4.336808689942E-16,1.,0.));
#6932 = ORIENTED_EDGE('',*,*,#6933,.F.);
#6933 = EDGE_CURVE('',#6934,#6926,#6936,.T.);
#6934 = VERTEX_POINT('',#6935);
#6935 = CARTESIAN_POINT('',(-6.99,-7.49,3.64));
#6936 = LINE('',#6937,#6938);
#6937 = CARTESIAN_POINT('',(-7.,-7.49,3.64));
#6938 = VECTOR('',#6939,1.);
#6939 = DIRECTION('',(1.,1.239088197126E-16,0.));
#6940 = ORIENTED_EDGE('',*,*,#6941,.F.);
#6941 = EDGE_CURVE('',#6942,#6934,#6944,.T.);
#6942 = VERTEX_POINT('',#6943);
#6943 = CARTESIAN_POINT('',(-6.99,-3.49,3.64));
#6944 = LINE('',#6945,#6946);
#6945 = CARTESIAN_POINT('',(-6.99,-3.5,3.64));
#6946 = VECTOR('',#6947,1.);
#6947 = DIRECTION('',(0.,-1.,0.));
#6948 = ORIENTED_EDGE('',*,*,#6949,.F.);
#6949 = EDGE_CURVE('',#6950,#6942,#6952,.T.);
#6950 = VERTEX_POINT('',#6951);
#6951 = CARTESIAN_POINT('',(-7.195857864376,-3.49,3.64));
#6952 = LINE('',#6953,#6954);
#6953 = CARTESIAN_POINT('',(-7.2,-3.49,3.64));
#6954 = VECTOR('',#6955,1.);
#6955 = DIRECTION('',(1.,0.,-0.));
#6956 = ORIENTED_EDGE('',*,*,#6957,.F.);
#6957 = EDGE_CURVE('',#6958,#6950,#6960,.T.);
#6958 = VERTEX_POINT('',#6959);
#6959 = CARTESIAN_POINT('',(-7.49,-3.195857864376,3.64));
#6960 = LINE('',#6961,#6962);
#6961 = CARTESIAN_POINT('',(-7.492928932188,-3.192928932188,3.64));
#6962 = VECTOR('',#6963,1.);
#6963 = DIRECTION('',(0.707106781187,-0.707106781187,0.));
#6964 = ORIENTED_EDGE('',*,*,#6965,.F.);
#6965 = EDGE_CURVE('',#6966,#6958,#6968,.T.);
#6966 = VERTEX_POINT('',#6967);
#6967 = CARTESIAN_POINT('',(-7.49,3.195857864376,3.64));
#6968 = LINE('',#6969,#6970);
#6969 = CARTESIAN_POINT('',(-7.49,3.2,3.64));
#6970 = VECTOR('',#6971,1.);
#6971 = DIRECTION('',(0.,-1.,0.));
#6972 = ORIENTED_EDGE('',*,*,#6973,.F.);
#6973 = EDGE_CURVE('',#6974,#6966,#6976,.T.);
#6974 = VERTEX_POINT('',#6975);
#6975 = CARTESIAN_POINT('',(-7.195857864376,3.49,3.64));
#6976 = LINE('',#6977,#6978);
#6977 = CARTESIAN_POINT('',(-7.192928932188,3.492928932188,3.64));
#6978 = VECTOR('',#6979,1.);
#6979 = DIRECTION('',(-0.707106781187,-0.707106781187,0.));
#6980 = ORIENTED_EDGE('',*,*,#6981,.F.);
#6981 = EDGE_CURVE('',#6982,#6974,#6984,.T.);
#6982 = VERTEX_POINT('',#6983);
#6983 = CARTESIAN_POINT('',(-6.99,3.49,3.64));
#6984 = LINE('',#6985,#6986);
#6985 = CARTESIAN_POINT('',(-7.,3.49,3.64));
#6986 = VECTOR('',#6987,1.);
#6987 = DIRECTION('',(-1.,0.,0.));
#6988 = ORIENTED_EDGE('',*,*,#6989,.F.);
#6989 = EDGE_CURVE('',#6990,#6982,#6992,.T.);
#6990 = VERTEX_POINT('',#6991);
#6991 = CARTESIAN_POINT('',(-6.99,6.495857864376,3.64));
#6992 = LINE('',#6993,#6994);
#6993 = CARTESIAN_POINT('',(-6.99,6.5,3.64));
#6994 = VECTOR('',#6995,1.);
#6995 = DIRECTION('',(0.,-1.,0.));
#6996 = ORIENTED_EDGE('',*,*,#6997,.F.);
#6997 = EDGE_CURVE('',#6998,#6990,#7000,.T.);
#6998 = VERTEX_POINT('',#6999);
#6999 = CARTESIAN_POINT('',(-5.995857864376,7.49,3.64));
#7000 = LINE('',#7001,#7002);
#7001 = CARTESIAN_POINT('',(-5.992928932188,7.492928932188,3.64));
#7002 = VECTOR('',#7003,1.);
#7003 = DIRECTION('',(-0.707106781187,-0.707106781187,0.));
#7004 = ORIENTED_EDGE('',*,*,#7005,.F.);
#7005 = EDGE_CURVE('',#6827,#6998,#7006,.T.);
#7006 = LINE('',#7007,#7008);
#7007 = CARTESIAN_POINT('',(6.,7.49,3.64));
#7008 = VECTOR('',#7009,1.);
#7009 = DIRECTION('',(-1.,0.,0.));
#7010 = PLANE('',#7011);
#7011 = AXIS2_PLACEMENT_3D('',#7012,#7013,#7014);
#7012 = CARTESIAN_POINT('',(0.,0.,3.64));
#7013 = DIRECTION('',(0.,-0.,1.));
#7014 = DIRECTION('',(1.,0.,0.));
#7015 = ADVANCED_FACE('',(#7016,#7162),#7308,.F.);
#7016 = FACE_BOUND('',#7017,.T.);
#7017 = EDGE_LOOP('',(#7018,#7028,#7036,#7044,#7052,#7060,#7068,#7076,
    #7084,#7092,#7100,#7108,#7116,#7124,#7132,#7140,#7148,#7156));
#7018 = ORIENTED_EDGE('',*,*,#7019,.T.);
#7019 = EDGE_CURVE('',#7020,#7022,#7024,.T.);
#7020 = VERTEX_POINT('',#7021);
#7021 = CARTESIAN_POINT('',(-6.99,-7.49,3.66));
#7022 = VERTEX_POINT('',#7023);
#7023 = CARTESIAN_POINT('',(6.99,-7.49,3.66));
#7024 = LINE('',#7025,#7026);
#7025 = CARTESIAN_POINT('',(-7.,-7.49,3.66));
#7026 = VECTOR('',#7027,1.);
#7027 = DIRECTION('',(1.,1.239088197126E-16,0.));
#7028 = ORIENTED_EDGE('',*,*,#7029,.T.);
#7029 = EDGE_CURVE('',#7022,#7030,#7032,.T.);
#7030 = VERTEX_POINT('',#7031);
#7031 = CARTESIAN_POINT('',(6.99,-3.49,3.66));
#7032 = LINE('',#7033,#7034);
#7033 = CARTESIAN_POINT('',(6.99,-7.5,3.66));
#7034 = VECTOR('',#7035,1.);
#7035 = DIRECTION('',(-4.336808689942E-16,1.,0.));
#7036 = ORIENTED_EDGE('',*,*,#7037,.T.);
#7037 = EDGE_CURVE('',#7030,#7038,#7040,.T.);
#7038 = VERTEX_POINT('',#7039);
#7039 = CARTESIAN_POINT('',(7.195857864376,-3.49,3.66));
#7040 = LINE('',#7041,#7042);
#7041 = CARTESIAN_POINT('',(7.,-3.49,3.66));
#7042 = VECTOR('',#7043,1.);
#7043 = DIRECTION('',(1.,0.,-0.));
#7044 = ORIENTED_EDGE('',*,*,#7045,.T.);
#7045 = EDGE_CURVE('',#7038,#7046,#7048,.T.);
#7046 = VERTEX_POINT('',#7047);
#7047 = CARTESIAN_POINT('',(7.49,-3.195857864376,3.66));
#7048 = LINE('',#7049,#7050);
#7049 = CARTESIAN_POINT('',(7.192928932188,-3.492928932188,3.66));
#7050 = VECTOR('',#7051,1.);
#7051 = DIRECTION('',(0.707106781187,0.707106781187,0.));
#7052 = ORIENTED_EDGE('',*,*,#7053,.T.);
#7053 = EDGE_CURVE('',#7046,#7054,#7056,.T.);
#7054 = VERTEX_POINT('',#7055);
#7055 = CARTESIAN_POINT('',(7.49,3.195857864376,3.66));
#7056 = LINE('',#7057,#7058);
#7057 = CARTESIAN_POINT('',(7.49,-3.2,3.66));
#7058 = VECTOR('',#7059,1.);
#7059 = DIRECTION('',(0.,1.,0.));
#7060 = ORIENTED_EDGE('',*,*,#7061,.T.);
#7061 = EDGE_CURVE('',#7054,#7062,#7064,.T.);
#7062 = VERTEX_POINT('',#7063);
#7063 = CARTESIAN_POINT('',(7.195857864376,3.49,3.66));
#7064 = LINE('',#7065,#7066);
#7065 = CARTESIAN_POINT('',(7.492928932188,3.192928932188,3.66));
#7066 = VECTOR('',#7067,1.);
#7067 = DIRECTION('',(-0.707106781187,0.707106781187,0.));
#7068 = ORIENTED_EDGE('',*,*,#7069,.T.);
#7069 = EDGE_CURVE('',#7062,#7070,#7072,.T.);
#7070 = VERTEX_POINT('',#7071);
#7071 = CARTESIAN_POINT('',(6.99,3.49,3.66));
#7072 = LINE('',#7073,#7074);
#7073 = CARTESIAN_POINT('',(7.2,3.49,3.66));
#7074 = VECTOR('',#7075,1.);
#7075 = DIRECTION('',(-1.,0.,0.));
#7076 = ORIENTED_EDGE('',*,*,#7077,.T.);
#7077 = EDGE_CURVE('',#7070,#7078,#7080,.T.);
#7078 = VERTEX_POINT('',#7079);
#7079 = CARTESIAN_POINT('',(6.99,6.495857864376,3.66));
#7080 = LINE('',#7081,#7082);
#7081 = CARTESIAN_POINT('',(6.99,3.5,3.66));
#7082 = VECTOR('',#7083,1.);
#7083 = DIRECTION('',(2.891205793295E-16,1.,0.));
#7084 = ORIENTED_EDGE('',*,*,#7085,.T.);
#7085 = EDGE_CURVE('',#7078,#7086,#7088,.T.);
#7086 = VERTEX_POINT('',#7087);
#7087 = CARTESIAN_POINT('',(5.995857864376,7.49,3.66));
#7088 = LINE('',#7089,#7090);
#7089 = CARTESIAN_POINT('',(6.992928932188,6.492928932188,3.66));
#7090 = VECTOR('',#7091,1.);
#7091 = DIRECTION('',(-0.707106781187,0.707106781187,0.));
#7092 = ORIENTED_EDGE('',*,*,#7093,.T.);
#7093 = EDGE_CURVE('',#7086,#7094,#7096,.T.);
#7094 = VERTEX_POINT('',#7095);
#7095 = CARTESIAN_POINT('',(-5.995857864376,7.49,3.66));
#7096 = LINE('',#7097,#7098);
#7097 = CARTESIAN_POINT('',(6.,7.49,3.66));
#7098 = VECTOR('',#7099,1.);
#7099 = DIRECTION('',(-1.,0.,0.));
#7100 = ORIENTED_EDGE('',*,*,#7101,.T.);
#7101 = EDGE_CURVE('',#7094,#7102,#7104,.T.);
#7102 = VERTEX_POINT('',#7103);
#7103 = CARTESIAN_POINT('',(-6.99,6.495857864376,3.66));
#7104 = LINE('',#7105,#7106);
#7105 = CARTESIAN_POINT('',(-5.992928932188,7.492928932188,3.66));
#7106 = VECTOR('',#7107,1.);
#7107 = DIRECTION('',(-0.707106781187,-0.707106781187,0.));
#7108 = ORIENTED_EDGE('',*,*,#7109,.T.);
#7109 = EDGE_CURVE('',#7102,#7110,#7112,.T.);
#7110 = VERTEX_POINT('',#7111);
#7111 = CARTESIAN_POINT('',(-6.99,3.49,3.66));
#7112 = LINE('',#7113,#7114);
#7113 = CARTESIAN_POINT('',(-6.99,6.5,3.66));
#7114 = VECTOR('',#7115,1.);
#7115 = DIRECTION('',(0.,-1.,0.));
#7116 = ORIENTED_EDGE('',*,*,#7117,.T.);
#7117 = EDGE_CURVE('',#7110,#7118,#7120,.T.);
#7118 = VERTEX_POINT('',#7119);
#7119 = CARTESIAN_POINT('',(-7.195857864376,3.49,3.66));
#7120 = LINE('',#7121,#7122);
#7121 = CARTESIAN_POINT('',(-7.,3.49,3.66));
#7122 = VECTOR('',#7123,1.);
#7123 = DIRECTION('',(-1.,0.,0.));
#7124 = ORIENTED_EDGE('',*,*,#7125,.T.);
#7125 = EDGE_CURVE('',#7118,#7126,#7128,.T.);
#7126 = VERTEX_POINT('',#7127);
#7127 = CARTESIAN_POINT('',(-7.49,3.195857864376,3.66));
#7128 = LINE('',#7129,#7130);
#7129 = CARTESIAN_POINT('',(-7.192928932188,3.492928932188,3.66));
#7130 = VECTOR('',#7131,1.);
#7131 = DIRECTION('',(-0.707106781187,-0.707106781187,0.));
#7132 = ORIENTED_EDGE('',*,*,#7133,.T.);
#7133 = EDGE_CURVE('',#7126,#7134,#7136,.T.);
#7134 = VERTEX_POINT('',#7135);
#7135 = CARTESIAN_POINT('',(-7.49,-3.195857864376,3.66));
#7136 = LINE('',#7137,#7138);
#7137 = CARTESIAN_POINT('',(-7.49,3.2,3.66));
#7138 = VECTOR('',#7139,1.);
#7139 = DIRECTION('',(0.,-1.,0.));
#7140 = ORIENTED_EDGE('',*,*,#7141,.T.);
#7141 = EDGE_CURVE('',#7134,#7142,#7144,.T.);
#7142 = VERTEX_POINT('',#7143);
#7143 = CARTESIAN_POINT('',(-7.195857864376,-3.49,3.66));
#7144 = LINE('',#7145,#7146);
#7145 = CARTESIAN_POINT('',(-7.492928932188,-3.192928932188,3.66));
#7146 = VECTOR('',#7147,1.);
#7147 = DIRECTION('',(0.707106781187,-0.707106781187,0.));
#7148 = ORIENTED_EDGE('',*,*,#7149,.T.);
#7149 = EDGE_CURVE('',#7142,#7150,#7152,.T.);
#7150 = VERTEX_POINT('',#7151);
#7151 = CARTESIAN_POINT('',(-6.99,-3.49,3.66));
#7152 = LINE('',#7153,#7154);
#7153 = CARTESIAN_POINT('',(-7.2,-3.49,3.66));
#7154 = VECTOR('',#7155,1.);
#7155 = DIRECTION('',(1.,0.,-0.));
#7156 = ORIENTED_EDGE('',*,*,#7157,.T.);
#7157 = EDGE_CURVE('',#7150,#7020,#7158,.T.);
#7158 = LINE('',#7159,#7160);
#7159 = CARTESIAN_POINT('',(-6.99,-3.5,3.66));
#7160 = VECTOR('',#7161,1.);
#7161 = DIRECTION('',(0.,-1.,0.));
#7162 = FACE_BOUND('',#7163,.T.);
#7163 = EDGE_LOOP('',(#7164,#7174,#7182,#7190,#7198,#7206,#7214,#7222,
    #7230,#7238,#7246,#7254,#7262,#7270,#7278,#7286,#7294,#7302));
#7164 = ORIENTED_EDGE('',*,*,#7165,.F.);
#7165 = EDGE_CURVE('',#7166,#7168,#7170,.T.);
#7166 = VERTEX_POINT('',#7167);
#7167 = CARTESIAN_POINT('',(-7.,-7.5,3.66));
#7168 = VERTEX_POINT('',#7169);
#7169 = CARTESIAN_POINT('',(7.,-7.5,3.66));
#7170 = LINE('',#7171,#7172);
#7171 = CARTESIAN_POINT('',(-7.,-7.5,3.66));
#7172 = VECTOR('',#7173,1.);
#7173 = DIRECTION('',(1.,1.239088197126E-16,0.));
#7174 = ORIENTED_EDGE('',*,*,#7175,.F.);
#7175 = EDGE_CURVE('',#7176,#7166,#7178,.T.);
#7176 = VERTEX_POINT('',#7177);
#7177 = CARTESIAN_POINT('',(-7.,-3.5,3.66));
#7178 = LINE('',#7179,#7180);
#7179 = CARTESIAN_POINT('',(-7.,-3.5,3.66));
#7180 = VECTOR('',#7181,1.);
#7181 = DIRECTION('',(0.,-1.,0.));
#7182 = ORIENTED_EDGE('',*,*,#7183,.F.);
#7183 = EDGE_CURVE('',#7184,#7176,#7186,.T.);
#7184 = VERTEX_POINT('',#7185);
#7185 = CARTESIAN_POINT('',(-7.2,-3.5,3.66));
#7186 = LINE('',#7187,#7188);
#7187 = CARTESIAN_POINT('',(-7.2,-3.5,3.66));
#7188 = VECTOR('',#7189,1.);
#7189 = DIRECTION('',(1.,0.,0.));
#7190 = ORIENTED_EDGE('',*,*,#7191,.F.);
#7191 = EDGE_CURVE('',#7192,#7184,#7194,.T.);
#7192 = VERTEX_POINT('',#7193);
#7193 = CARTESIAN_POINT('',(-7.5,-3.2,3.66));
#7194 = LINE('',#7195,#7196);
#7195 = CARTESIAN_POINT('',(-7.5,-3.2,3.66));
#7196 = VECTOR('',#7197,1.);
#7197 = DIRECTION('',(0.707106781187,-0.707106781187,0.));
#7198 = ORIENTED_EDGE('',*,*,#7199,.F.);
#7199 = EDGE_CURVE('',#7200,#7192,#7202,.T.);
#7200 = VERTEX_POINT('',#7201);
#7201 = CARTESIAN_POINT('',(-7.5,3.2,3.66));
#7202 = LINE('',#7203,#7204);
#7203 = CARTESIAN_POINT('',(-7.5,3.2,3.66));
#7204 = VECTOR('',#7205,1.);
#7205 = DIRECTION('',(0.,-1.,0.));
#7206 = ORIENTED_EDGE('',*,*,#7207,.F.);
#7207 = EDGE_CURVE('',#7208,#7200,#7210,.T.);
#7208 = VERTEX_POINT('',#7209);
#7209 = CARTESIAN_POINT('',(-7.2,3.5,3.66));
#7210 = LINE('',#7211,#7212);
#7211 = CARTESIAN_POINT('',(-7.2,3.5,3.66));
#7212 = VECTOR('',#7213,1.);
#7213 = DIRECTION('',(-0.707106781187,-0.707106781187,0.));
#7214 = ORIENTED_EDGE('',*,*,#7215,.F.);
#7215 = EDGE_CURVE('',#7216,#7208,#7218,.T.);
#7216 = VERTEX_POINT('',#7217);
#7217 = CARTESIAN_POINT('',(-7.,3.5,3.66));
#7218 = LINE('',#7219,#7220);
#7219 = CARTESIAN_POINT('',(-7.,3.5,3.66));
#7220 = VECTOR('',#7221,1.);
#7221 = DIRECTION('',(-1.,0.,0.));
#7222 = ORIENTED_EDGE('',*,*,#7223,.F.);
#7223 = EDGE_CURVE('',#7224,#7216,#7226,.T.);
#7224 = VERTEX_POINT('',#7225);
#7225 = CARTESIAN_POINT('',(-7.,6.5,3.66));
#7226 = LINE('',#7227,#7228);
#7227 = CARTESIAN_POINT('',(-7.,6.5,3.66));
#7228 = VECTOR('',#7229,1.);
#7229 = DIRECTION('',(0.,-1.,0.));
#7230 = ORIENTED_EDGE('',*,*,#7231,.F.);
#7231 = EDGE_CURVE('',#7232,#7224,#7234,.T.);
#7232 = VERTEX_POINT('',#7233);
#7233 = CARTESIAN_POINT('',(-6.,7.5,3.66));
#7234 = LINE('',#7235,#7236);
#7235 = CARTESIAN_POINT('',(-6.,7.5,3.66));
#7236 = VECTOR('',#7237,1.);
#7237 = DIRECTION('',(-0.707106781187,-0.707106781187,0.));
#7238 = ORIENTED_EDGE('',*,*,#7239,.F.);
#7239 = EDGE_CURVE('',#7240,#7232,#7242,.T.);
#7240 = VERTEX_POINT('',#7241);
#7241 = CARTESIAN_POINT('',(6.,7.5,3.66));
#7242 = LINE('',#7243,#7244);
#7243 = CARTESIAN_POINT('',(6.,7.5,3.66));
#7244 = VECTOR('',#7245,1.);
#7245 = DIRECTION('',(-1.,0.,0.));
#7246 = ORIENTED_EDGE('',*,*,#7247,.F.);
#7247 = EDGE_CURVE('',#7248,#7240,#7250,.T.);
#7248 = VERTEX_POINT('',#7249);
#7249 = CARTESIAN_POINT('',(7.,6.5,3.66));
#7250 = LINE('',#7251,#7252);
#7251 = CARTESIAN_POINT('',(7.,6.5,3.66));
#7252 = VECTOR('',#7253,1.);
#7253 = DIRECTION('',(-0.707106781187,0.707106781187,0.));
#7254 = ORIENTED_EDGE('',*,*,#7255,.F.);
#7255 = EDGE_CURVE('',#7256,#7248,#7258,.T.);
#7256 = VERTEX_POINT('',#7257);
#7257 = CARTESIAN_POINT('',(7.,3.5,3.66));
#7258 = LINE('',#7259,#7260);
#7259 = CARTESIAN_POINT('',(7.,3.5,3.66));
#7260 = VECTOR('',#7261,1.);
#7261 = DIRECTION('',(2.891205793295E-16,1.,0.));
#7262 = ORIENTED_EDGE('',*,*,#7263,.F.);
#7263 = EDGE_CURVE('',#7264,#7256,#7266,.T.);
#7264 = VERTEX_POINT('',#7265);
#7265 = CARTESIAN_POINT('',(7.2,3.5,3.66));
#7266 = LINE('',#7267,#7268);
#7267 = CARTESIAN_POINT('',(7.2,3.5,3.66));
#7268 = VECTOR('',#7269,1.);
#7269 = DIRECTION('',(-1.,0.,0.));
#7270 = ORIENTED_EDGE('',*,*,#7271,.F.);
#7271 = EDGE_CURVE('',#7272,#7264,#7274,.T.);
#7272 = VERTEX_POINT('',#7273);
#7273 = CARTESIAN_POINT('',(7.5,3.2,3.66));
#7274 = LINE('',#7275,#7276);
#7275 = CARTESIAN_POINT('',(7.5,3.2,3.66));
#7276 = VECTOR('',#7277,1.);
#7277 = DIRECTION('',(-0.707106781187,0.707106781187,0.));
#7278 = ORIENTED_EDGE('',*,*,#7279,.F.);
#7279 = EDGE_CURVE('',#7280,#7272,#7282,.T.);
#7280 = VERTEX_POINT('',#7281);
#7281 = CARTESIAN_POINT('',(7.5,-3.2,3.66));
#7282 = LINE('',#7283,#7284);
#7283 = CARTESIAN_POINT('',(7.5,-3.2,3.66));
#7284 = VECTOR('',#7285,1.);
#7285 = DIRECTION('',(0.,1.,0.));
#7286 = ORIENTED_EDGE('',*,*,#7287,.F.);
#7287 = EDGE_CURVE('',#7288,#7280,#7290,.T.);
#7288 = VERTEX_POINT('',#7289);
#7289 = CARTESIAN_POINT('',(7.2,-3.5,3.66));
#7290 = LINE('',#7291,#7292);
#7291 = CARTESIAN_POINT('',(7.2,-3.5,3.66));
#7292 = VECTOR('',#7293,1.);
#7293 = DIRECTION('',(0.707106781187,0.707106781187,0.));
#7294 = ORIENTED_EDGE('',*,*,#7295,.F.);
#7295 = EDGE_CURVE('',#7296,#7288,#7298,.T.);
#7296 = VERTEX_POINT('',#7297);
#7297 = CARTESIAN_POINT('',(7.,-3.5,3.66));
#7298 = LINE('',#7299,#7300);
#7299 = CARTESIAN_POINT('',(7.,-3.5,3.66));
#7300 = VECTOR('',#7301,1.);
#7301 = DIRECTION('',(1.,0.,0.));
#7302 = ORIENTED_EDGE('',*,*,#7303,.F.);
#7303 = EDGE_CURVE('',#7168,#7296,#7304,.T.);
#7304 = LINE('',#7305,#7306);
#7305 = CARTESIAN_POINT('',(7.,-7.5,3.66));
#7306 = VECTOR('',#7307,1.);
#7307 = DIRECTION('',(-4.336808689942E-16,1.,0.));
#7308 = PLANE('',#7309);
#7309 = AXIS2_PLACEMENT_3D('',#7310,#7311,#7312);
#7310 = CARTESIAN_POINT('',(0.,0.,3.66));
#7311 = DIRECTION('',(0.,-0.,1.));
#7312 = DIRECTION('',(1.,0.,0.));
#7313 = ADVANCED_FACE('',(#7314),#7330,.T.);
#7314 = FACE_BOUND('',#7315,.T.);
#7315 = EDGE_LOOP('',(#7316,#7317,#7323,#7324));
#7316 = ORIENTED_EDGE('',*,*,#7019,.F.);
#7317 = ORIENTED_EDGE('',*,*,#7318,.F.);
#7318 = EDGE_CURVE('',#6934,#7020,#7319,.T.);
#7319 = LINE('',#7320,#7321);
#7320 = CARTESIAN_POINT('',(-6.99,-7.49,3.64));
#7321 = VECTOR('',#7322,1.);
#7322 = DIRECTION('',(-0.,-0.,1.));
#7323 = ORIENTED_EDGE('',*,*,#6933,.T.);
#7324 = ORIENTED_EDGE('',*,*,#7325,.T.);
#7325 = EDGE_CURVE('',#6926,#7022,#7326,.T.);
#7326 = LINE('',#7327,#7328);
#7327 = CARTESIAN_POINT('',(6.99,-7.49,3.64));
#7328 = VECTOR('',#7329,1.);
#7329 = DIRECTION('',(-0.,-0.,1.));
#7330 = PLANE('',#7331);
#7331 = AXIS2_PLACEMENT_3D('',#7332,#7333,#7334);
#7332 = CARTESIAN_POINT('',(-7.,-7.49,3.64));
#7333 = DIRECTION('',(1.239088197126E-16,-1.,0.));
#7334 = DIRECTION('',(1.,1.239088197126E-16,0.));
#7335 = ADVANCED_FACE('',(#7336),#7347,.T.);
#7336 = FACE_BOUND('',#7337,.T.);
#7337 = EDGE_LOOP('',(#7338,#7339,#7345,#7346));
#7338 = ORIENTED_EDGE('',*,*,#7157,.F.);
#7339 = ORIENTED_EDGE('',*,*,#7340,.F.);
#7340 = EDGE_CURVE('',#6942,#7150,#7341,.T.);
#7341 = LINE('',#7342,#7343);
#7342 = CARTESIAN_POINT('',(-6.99,-3.49,3.64));
#7343 = VECTOR('',#7344,1.);
#7344 = DIRECTION('',(-0.,-0.,1.));
#7345 = ORIENTED_EDGE('',*,*,#6941,.T.);
#7346 = ORIENTED_EDGE('',*,*,#7318,.T.);
#7347 = PLANE('',#7348);
#7348 = AXIS2_PLACEMENT_3D('',#7349,#7350,#7351);
#7349 = CARTESIAN_POINT('',(-6.99,-3.5,3.64));
#7350 = DIRECTION('',(-1.,0.,-0.));
#7351 = DIRECTION('',(0.,0.,1.));
#7352 = ADVANCED_FACE('',(#7353),#7364,.T.);
#7353 = FACE_BOUND('',#7354,.T.);
#7354 = EDGE_LOOP('',(#7355,#7356,#7362,#7363));
#7355 = ORIENTED_EDGE('',*,*,#7149,.F.);
#7356 = ORIENTED_EDGE('',*,*,#7357,.F.);
#7357 = EDGE_CURVE('',#6950,#7142,#7358,.T.);
#7358 = LINE('',#7359,#7360);
#7359 = CARTESIAN_POINT('',(-7.195857864376,-3.49,3.64));
#7360 = VECTOR('',#7361,1.);
#7361 = DIRECTION('',(-0.,-0.,1.));
#7362 = ORIENTED_EDGE('',*,*,#6949,.T.);
#7363 = ORIENTED_EDGE('',*,*,#7340,.T.);
#7364 = PLANE('',#7365);
#7365 = AXIS2_PLACEMENT_3D('',#7366,#7367,#7368);
#7366 = CARTESIAN_POINT('',(-7.2,-3.49,3.64));
#7367 = DIRECTION('',(0.,-1.,0.));
#7368 = DIRECTION('',(0.,-0.,-1.));
#7369 = ADVANCED_FACE('',(#7370),#7381,.T.);
#7370 = FACE_BOUND('',#7371,.T.);
#7371 = EDGE_LOOP('',(#7372,#7373,#7379,#7380));
#7372 = ORIENTED_EDGE('',*,*,#7141,.F.);
#7373 = ORIENTED_EDGE('',*,*,#7374,.F.);
#7374 = EDGE_CURVE('',#6958,#7134,#7375,.T.);
#7375 = LINE('',#7376,#7377);
#7376 = CARTESIAN_POINT('',(-7.49,-3.195857864376,3.64));
#7377 = VECTOR('',#7378,1.);
#7378 = DIRECTION('',(-0.,-0.,1.));
#7379 = ORIENTED_EDGE('',*,*,#6957,.T.);
#7380 = ORIENTED_EDGE('',*,*,#7357,.T.);
#7381 = PLANE('',#7382);
#7382 = AXIS2_PLACEMENT_3D('',#7383,#7384,#7385);
#7383 = CARTESIAN_POINT('',(-7.492928932188,-3.192928932188,3.64));
#7384 = DIRECTION('',(-0.707106781187,-0.707106781187,0.));
#7385 = DIRECTION('',(0.707106781187,-0.707106781187,0.));
#7386 = ADVANCED_FACE('',(#7387),#7398,.T.);
#7387 = FACE_BOUND('',#7388,.T.);
#7388 = EDGE_LOOP('',(#7389,#7390,#7396,#7397));
#7389 = ORIENTED_EDGE('',*,*,#7133,.F.);
#7390 = ORIENTED_EDGE('',*,*,#7391,.F.);
#7391 = EDGE_CURVE('',#6966,#7126,#7392,.T.);
#7392 = LINE('',#7393,#7394);
#7393 = CARTESIAN_POINT('',(-7.49,3.195857864376,3.64));
#7394 = VECTOR('',#7395,1.);
#7395 = DIRECTION('',(-0.,-0.,1.));
#7396 = ORIENTED_EDGE('',*,*,#6965,.T.);
#7397 = ORIENTED_EDGE('',*,*,#7374,.T.);
#7398 = PLANE('',#7399);
#7399 = AXIS2_PLACEMENT_3D('',#7400,#7401,#7402);
#7400 = CARTESIAN_POINT('',(-7.49,3.2,3.64));
#7401 = DIRECTION('',(-1.,0.,-0.));
#7402 = DIRECTION('',(0.,0.,1.));
#7403 = ADVANCED_FACE('',(#7404),#7415,.T.);
#7404 = FACE_BOUND('',#7405,.T.);
#7405 = EDGE_LOOP('',(#7406,#7407,#7413,#7414));
#7406 = ORIENTED_EDGE('',*,*,#7125,.F.);
#7407 = ORIENTED_EDGE('',*,*,#7408,.F.);
#7408 = EDGE_CURVE('',#6974,#7118,#7409,.T.);
#7409 = LINE('',#7410,#7411);
#7410 = CARTESIAN_POINT('',(-7.195857864376,3.49,3.64));
#7411 = VECTOR('',#7412,1.);
#7412 = DIRECTION('',(-0.,-0.,1.));
#7413 = ORIENTED_EDGE('',*,*,#6973,.T.);
#7414 = ORIENTED_EDGE('',*,*,#7391,.T.);
#7415 = PLANE('',#7416);
#7416 = AXIS2_PLACEMENT_3D('',#7417,#7418,#7419);
#7417 = CARTESIAN_POINT('',(-7.192928932188,3.492928932188,3.64));
#7418 = DIRECTION('',(-0.707106781187,0.707106781187,0.));
#7419 = DIRECTION('',(-0.707106781187,-0.707106781187,0.));
#7420 = ADVANCED_FACE('',(#7421),#7432,.T.);
#7421 = FACE_BOUND('',#7422,.T.);
#7422 = EDGE_LOOP('',(#7423,#7424,#7430,#7431));
#7423 = ORIENTED_EDGE('',*,*,#7117,.F.);
#7424 = ORIENTED_EDGE('',*,*,#7425,.F.);
#7425 = EDGE_CURVE('',#6982,#7110,#7426,.T.);
#7426 = LINE('',#7427,#7428);
#7427 = CARTESIAN_POINT('',(-6.99,3.49,3.64));
#7428 = VECTOR('',#7429,1.);
#7429 = DIRECTION('',(-0.,-0.,1.));
#7430 = ORIENTED_EDGE('',*,*,#6981,.T.);
#7431 = ORIENTED_EDGE('',*,*,#7408,.T.);
#7432 = PLANE('',#7433);
#7433 = AXIS2_PLACEMENT_3D('',#7434,#7435,#7436);
#7434 = CARTESIAN_POINT('',(-7.,3.49,3.64));
#7435 = DIRECTION('',(0.,1.,0.));
#7436 = DIRECTION('',(0.,-0.,1.));
#7437 = ADVANCED_FACE('',(#7438),#7449,.T.);
#7438 = FACE_BOUND('',#7439,.T.);
#7439 = EDGE_LOOP('',(#7440,#7441,#7447,#7448));
#7440 = ORIENTED_EDGE('',*,*,#7109,.F.);
#7441 = ORIENTED_EDGE('',*,*,#7442,.F.);
#7442 = EDGE_CURVE('',#6990,#7102,#7443,.T.);
#7443 = LINE('',#7444,#7445);
#7444 = CARTESIAN_POINT('',(-6.99,6.495857864376,3.64));
#7445 = VECTOR('',#7446,1.);
#7446 = DIRECTION('',(-0.,-0.,1.));
#7447 = ORIENTED_EDGE('',*,*,#6989,.T.);
#7448 = ORIENTED_EDGE('',*,*,#7425,.T.);
#7449 = PLANE('',#7450);
#7450 = AXIS2_PLACEMENT_3D('',#7451,#7452,#7453);
#7451 = CARTESIAN_POINT('',(-6.99,6.5,3.64));
#7452 = DIRECTION('',(-1.,0.,-0.));
#7453 = DIRECTION('',(0.,0.,1.));
#7454 = ADVANCED_FACE('',(#7455),#7466,.T.);
#7455 = FACE_BOUND('',#7456,.T.);
#7456 = EDGE_LOOP('',(#7457,#7458,#7464,#7465));
#7457 = ORIENTED_EDGE('',*,*,#7101,.F.);
#7458 = ORIENTED_EDGE('',*,*,#7459,.F.);
#7459 = EDGE_CURVE('',#6998,#7094,#7460,.T.);
#7460 = LINE('',#7461,#7462);
#7461 = CARTESIAN_POINT('',(-5.995857864376,7.49,3.64));
#7462 = VECTOR('',#7463,1.);
#7463 = DIRECTION('',(-0.,-0.,1.));
#7464 = ORIENTED_EDGE('',*,*,#6997,.T.);
#7465 = ORIENTED_EDGE('',*,*,#7442,.T.);
#7466 = PLANE('',#7467);
#7467 = AXIS2_PLACEMENT_3D('',#7468,#7469,#7470);
#7468 = CARTESIAN_POINT('',(-5.992928932188,7.492928932188,3.64));
#7469 = DIRECTION('',(-0.707106781187,0.707106781187,0.));
#7470 = DIRECTION('',(-0.707106781187,-0.707106781187,0.));
#7471 = ADVANCED_FACE('',(#7472),#7490,.T.);
#7472 = FACE_BOUND('',#7473,.T.);
#7473 = EDGE_LOOP('',(#7474,#7475,#7481,#7482,#7488,#7489));
#7474 = ORIENTED_EDGE('',*,*,#7093,.F.);
#7475 = ORIENTED_EDGE('',*,*,#7476,.F.);
#7476 = EDGE_CURVE('',#6862,#7086,#7477,.T.);
#7477 = LINE('',#7478,#7479);
#7478 = CARTESIAN_POINT('',(5.995857864376,7.49,3.64));
#7479 = VECTOR('',#7480,1.);
#7480 = DIRECTION('',(-0.,-0.,1.));
#7481 = ORIENTED_EDGE('',*,*,#6861,.T.);
#7482 = ORIENTED_EDGE('',*,*,#7483,.T.);
#7483 = EDGE_CURVE('',#6854,#6827,#7484,.T.);
#7484 = LINE('',#7485,#7486);
#7485 = CARTESIAN_POINT('',(6.,7.49,3.64));
#7486 = VECTOR('',#7487,1.);
#7487 = DIRECTION('',(-1.,0.,0.));
#7488 = ORIENTED_EDGE('',*,*,#7005,.T.);
#7489 = ORIENTED_EDGE('',*,*,#7459,.T.);
#7490 = PLANE('',#7491);
#7491 = AXIS2_PLACEMENT_3D('',#7492,#7493,#7494);
#7492 = CARTESIAN_POINT('',(6.,7.49,3.64));
#7493 = DIRECTION('',(0.,1.,0.));
#7494 = DIRECTION('',(0.,-0.,1.));
#7495 = ADVANCED_FACE('',(#7496),#7507,.T.);
#7496 = FACE_BOUND('',#7497,.T.);
#7497 = EDGE_LOOP('',(#7498,#7499,#7505,#7506));
#7498 = ORIENTED_EDGE('',*,*,#7085,.F.);
#7499 = ORIENTED_EDGE('',*,*,#7500,.F.);
#7500 = EDGE_CURVE('',#6870,#7078,#7501,.T.);
#7501 = LINE('',#7502,#7503);
#7502 = CARTESIAN_POINT('',(6.99,6.495857864376,3.64));
#7503 = VECTOR('',#7504,1.);
#7504 = DIRECTION('',(-0.,-0.,1.));
#7505 = ORIENTED_EDGE('',*,*,#6869,.T.);
#7506 = ORIENTED_EDGE('',*,*,#7476,.T.);
#7507 = PLANE('',#7508);
#7508 = AXIS2_PLACEMENT_3D('',#7509,#7510,#7511);
#7509 = CARTESIAN_POINT('',(6.992928932188,6.492928932188,3.64));
#7510 = DIRECTION('',(0.707106781187,0.707106781187,0.));
#7511 = DIRECTION('',(-0.707106781187,0.707106781187,0.));
#7512 = ADVANCED_FACE('',(#7513),#7524,.T.);
#7513 = FACE_BOUND('',#7514,.T.);
#7514 = EDGE_LOOP('',(#7515,#7516,#7522,#7523));
#7515 = ORIENTED_EDGE('',*,*,#7077,.F.);
#7516 = ORIENTED_EDGE('',*,*,#7517,.F.);
#7517 = EDGE_CURVE('',#6878,#7070,#7518,.T.);
#7518 = LINE('',#7519,#7520);
#7519 = CARTESIAN_POINT('',(6.99,3.49,3.64));
#7520 = VECTOR('',#7521,1.);
#7521 = DIRECTION('',(-0.,-0.,1.));
#7522 = ORIENTED_EDGE('',*,*,#6877,.T.);
#7523 = ORIENTED_EDGE('',*,*,#7500,.T.);
#7524 = PLANE('',#7525);
#7525 = AXIS2_PLACEMENT_3D('',#7526,#7527,#7528);
#7526 = CARTESIAN_POINT('',(6.99,3.5,3.64));
#7527 = DIRECTION('',(1.,-2.891205793295E-16,0.));
#7528 = DIRECTION('',(2.891205793295E-16,1.,0.));
#7529 = ADVANCED_FACE('',(#7530),#7541,.T.);
#7530 = FACE_BOUND('',#7531,.T.);
#7531 = EDGE_LOOP('',(#7532,#7533,#7539,#7540));
#7532 = ORIENTED_EDGE('',*,*,#7069,.F.);
#7533 = ORIENTED_EDGE('',*,*,#7534,.F.);
#7534 = EDGE_CURVE('',#6886,#7062,#7535,.T.);
#7535 = LINE('',#7536,#7537);
#7536 = CARTESIAN_POINT('',(7.195857864376,3.49,3.64));
#7537 = VECTOR('',#7538,1.);
#7538 = DIRECTION('',(-0.,-0.,1.));
#7539 = ORIENTED_EDGE('',*,*,#6885,.T.);
#7540 = ORIENTED_EDGE('',*,*,#7517,.T.);
#7541 = PLANE('',#7542);
#7542 = AXIS2_PLACEMENT_3D('',#7543,#7544,#7545);
#7543 = CARTESIAN_POINT('',(7.2,3.49,3.64));
#7544 = DIRECTION('',(0.,1.,0.));
#7545 = DIRECTION('',(0.,-0.,1.));
#7546 = ADVANCED_FACE('',(#7547),#7558,.T.);
#7547 = FACE_BOUND('',#7548,.T.);
#7548 = EDGE_LOOP('',(#7549,#7550,#7556,#7557));
#7549 = ORIENTED_EDGE('',*,*,#7061,.F.);
#7550 = ORIENTED_EDGE('',*,*,#7551,.F.);
#7551 = EDGE_CURVE('',#6894,#7054,#7552,.T.);
#7552 = LINE('',#7553,#7554);
#7553 = CARTESIAN_POINT('',(7.49,3.195857864376,3.64));
#7554 = VECTOR('',#7555,1.);
#7555 = DIRECTION('',(-0.,-0.,1.));
#7556 = ORIENTED_EDGE('',*,*,#6893,.T.);
#7557 = ORIENTED_EDGE('',*,*,#7534,.T.);
#7558 = PLANE('',#7559);
#7559 = AXIS2_PLACEMENT_3D('',#7560,#7561,#7562);
#7560 = CARTESIAN_POINT('',(7.492928932188,3.192928932188,3.64));
#7561 = DIRECTION('',(0.707106781187,0.707106781187,0.));
#7562 = DIRECTION('',(-0.707106781187,0.707106781187,0.));
#7563 = ADVANCED_FACE('',(#7564),#7575,.T.);
#7564 = FACE_BOUND('',#7565,.T.);
#7565 = EDGE_LOOP('',(#7566,#7567,#7573,#7574));
#7566 = ORIENTED_EDGE('',*,*,#7053,.F.);
#7567 = ORIENTED_EDGE('',*,*,#7568,.F.);
#7568 = EDGE_CURVE('',#6902,#7046,#7569,.T.);
#7569 = LINE('',#7570,#7571);
#7570 = CARTESIAN_POINT('',(7.49,-3.195857864376,3.64));
#7571 = VECTOR('',#7572,1.);
#7572 = DIRECTION('',(-0.,-0.,1.));
#7573 = ORIENTED_EDGE('',*,*,#6901,.T.);
#7574 = ORIENTED_EDGE('',*,*,#7551,.T.);
#7575 = PLANE('',#7576);
#7576 = AXIS2_PLACEMENT_3D('',#7577,#7578,#7579);
#7577 = CARTESIAN_POINT('',(7.49,-3.2,3.64));
#7578 = DIRECTION('',(1.,-0.,0.));
#7579 = DIRECTION('',(0.,0.,-1.));
#7580 = ADVANCED_FACE('',(#7581),#7592,.T.);
#7581 = FACE_BOUND('',#7582,.T.);
#7582 = EDGE_LOOP('',(#7583,#7584,#7590,#7591));
#7583 = ORIENTED_EDGE('',*,*,#7045,.F.);
#7584 = ORIENTED_EDGE('',*,*,#7585,.F.);
#7585 = EDGE_CURVE('',#6910,#7038,#7586,.T.);
#7586 = LINE('',#7587,#7588);
#7587 = CARTESIAN_POINT('',(7.195857864376,-3.49,3.64));
#7588 = VECTOR('',#7589,1.);
#7589 = DIRECTION('',(-0.,-0.,1.));
#7590 = ORIENTED_EDGE('',*,*,#6909,.T.);
#7591 = ORIENTED_EDGE('',*,*,#7568,.T.);
#7592 = PLANE('',#7593);
#7593 = AXIS2_PLACEMENT_3D('',#7594,#7595,#7596);
#7594 = CARTESIAN_POINT('',(7.192928932188,-3.492928932188,3.64));
#7595 = DIRECTION('',(0.707106781187,-0.707106781187,0.));
#7596 = DIRECTION('',(0.707106781187,0.707106781187,0.));
#7597 = ADVANCED_FACE('',(#7598),#7609,.T.);
#7598 = FACE_BOUND('',#7599,.T.);
#7599 = EDGE_LOOP('',(#7600,#7601,#7607,#7608));
#7600 = ORIENTED_EDGE('',*,*,#7037,.F.);
#7601 = ORIENTED_EDGE('',*,*,#7602,.F.);
#7602 = EDGE_CURVE('',#6918,#7030,#7603,.T.);
#7603 = LINE('',#7604,#7605);
#7604 = CARTESIAN_POINT('',(6.99,-3.49,3.64));
#7605 = VECTOR('',#7606,1.);
#7606 = DIRECTION('',(-0.,-0.,1.));
#7607 = ORIENTED_EDGE('',*,*,#6917,.T.);
#7608 = ORIENTED_EDGE('',*,*,#7585,.T.);
#7609 = PLANE('',#7610);
#7610 = AXIS2_PLACEMENT_3D('',#7611,#7612,#7613);
#7611 = CARTESIAN_POINT('',(7.,-3.49,3.64));
#7612 = DIRECTION('',(0.,-1.,0.));
#7613 = DIRECTION('',(0.,-0.,-1.));
#7614 = ADVANCED_FACE('',(#7615),#7621,.T.);
#7615 = FACE_BOUND('',#7616,.T.);
#7616 = EDGE_LOOP('',(#7617,#7618,#7619,#7620));
#7617 = ORIENTED_EDGE('',*,*,#7029,.F.);
#7618 = ORIENTED_EDGE('',*,*,#7325,.F.);
#7619 = ORIENTED_EDGE('',*,*,#6925,.T.);
#7620 = ORIENTED_EDGE('',*,*,#7602,.T.);
#7621 = PLANE('',#7622);
#7622 = AXIS2_PLACEMENT_3D('',#7623,#7624,#7625);
#7623 = CARTESIAN_POINT('',(6.99,-7.5,3.64));
#7624 = DIRECTION('',(1.,4.336808689942E-16,0.));
#7625 = DIRECTION('',(-4.336808689942E-16,1.,0.));
#7626 = ADVANCED_FACE('',(#7627),#7637,.T.);
#7627 = FACE_BOUND('',#7628,.T.);
#7628 = EDGE_LOOP('',(#7629,#7636));
#7629 = ORIENTED_EDGE('',*,*,#7630,.T.);
#7630 = EDGE_CURVE('',#1294,#1381,#7631,.T.);
#7631 = CIRCLE('',#7632,2.5);
#7632 = AXIS2_PLACEMENT_3D('',#7633,#7634,#7635);
#7633 = CARTESIAN_POINT('',(0.,0.,2.));
#7634 = DIRECTION('',(0.,0.,1.));
#7635 = DIRECTION('',(1.,0.,-0.));
#7636 = ORIENTED_EDGE('',*,*,#1388,.T.);
#7637 = PLANE('',#7638);
#7638 = AXIS2_PLACEMENT_3D('',#7639,#7640,#7641);
#7639 = CARTESIAN_POINT('',(0.,0.,2.));
#7640 = DIRECTION('',(0.,0.,1.));
#7641 = DIRECTION('',(1.,0.,-0.));
#7642 = ADVANCED_FACE('',(#7643),#7723,.F.);
#7643 = FACE_BOUND('',#7644,.F.);
#7644 = EDGE_LOOP('',(#7645,#7654,#7662,#7671,#7679,#7688,#7696,#7705,
    #7713,#7720,#7721,#7722));
#7645 = ORIENTED_EDGE('',*,*,#7646,.F.);
#7646 = EDGE_CURVE('',#7647,#1372,#7649,.T.);
#7647 = VERTEX_POINT('',#7648);
#7648 = CARTESIAN_POINT('',(-2.487468592767,0.25,3.5));
#7649 = CIRCLE('',#7650,2.5);
#7650 = AXIS2_PLACEMENT_3D('',#7651,#7652,#7653);
#7651 = CARTESIAN_POINT('',(0.,0.,3.5));
#7652 = DIRECTION('',(0.,0.,1.));
#7653 = DIRECTION('',(1.,0.,-0.));
#7654 = ORIENTED_EDGE('',*,*,#7655,.T.);
#7655 = EDGE_CURVE('',#7647,#7656,#7658,.T.);
#7656 = VERTEX_POINT('',#7657);
#7657 = CARTESIAN_POINT('',(-2.487468592767,0.25,4.));
#7658 = LINE('',#7659,#7660);
#7659 = CARTESIAN_POINT('',(-2.487468592767,0.25,3.5));
#7660 = VECTOR('',#7661,1.);
#7661 = DIRECTION('',(0.,0.,1.));
#7662 = ORIENTED_EDGE('',*,*,#7663,.F.);
#7663 = EDGE_CURVE('',#7664,#7656,#7666,.T.);
#7664 = VERTEX_POINT('',#7665);
#7665 = CARTESIAN_POINT('',(-0.416666666667,2.465033242958,4.));
#7666 = CIRCLE('',#7667,2.5);
#7667 = AXIS2_PLACEMENT_3D('',#7668,#7669,#7670);
#7668 = CARTESIAN_POINT('',(0.,0.,4.));
#7669 = DIRECTION('',(0.,0.,1.));
#7670 = DIRECTION('',(1.,0.,-0.));
#7671 = ORIENTED_EDGE('',*,*,#7672,.F.);
#7672 = EDGE_CURVE('',#7673,#7664,#7675,.T.);
#7673 = VERTEX_POINT('',#7674);
#7674 = CARTESIAN_POINT('',(-0.416666666667,2.465033242958,3.5));
#7675 = LINE('',#7676,#7677);
#7676 = CARTESIAN_POINT('',(-0.416666666667,2.465033242958,3.5));
#7677 = VECTOR('',#7678,1.);
#7678 = DIRECTION('',(0.,0.,1.));
#7679 = ORIENTED_EDGE('',*,*,#7680,.F.);
#7680 = EDGE_CURVE('',#7681,#7673,#7683,.T.);
#7681 = VERTEX_POINT('',#7682);
#7682 = CARTESIAN_POINT('',(0.417416156068,2.464906438925,3.5));
#7683 = CIRCLE('',#7684,2.5);
#7684 = AXIS2_PLACEMENT_3D('',#7685,#7686,#7687);
#7685 = CARTESIAN_POINT('',(0.,0.,3.5));
#7686 = DIRECTION('',(0.,0.,1.));
#7687 = DIRECTION('',(1.,0.,-0.));
#7688 = ORIENTED_EDGE('',*,*,#7689,.T.);
#7689 = EDGE_CURVE('',#7681,#7690,#7692,.T.);
#7690 = VERTEX_POINT('',#7691);
#7691 = CARTESIAN_POINT('',(0.417416156068,2.464906438925,4.));
#7692 = LINE('',#7693,#7694);
#7693 = CARTESIAN_POINT('',(0.417416156068,2.464906438925,3.5));
#7694 = VECTOR('',#7695,1.);
#7695 = DIRECTION('',(0.,0.,1.));
#7696 = ORIENTED_EDGE('',*,*,#7697,.F.);
#7697 = EDGE_CURVE('',#7698,#7690,#7700,.T.);
#7698 = VERTEX_POINT('',#7699);
#7699 = CARTESIAN_POINT('',(2.487468592767,0.25,4.));
#7700 = CIRCLE('',#7701,2.5);
#7701 = AXIS2_PLACEMENT_3D('',#7702,#7703,#7704);
#7702 = CARTESIAN_POINT('',(0.,0.,4.));
#7703 = DIRECTION('',(0.,0.,1.));
#7704 = DIRECTION('',(1.,0.,-0.));
#7705 = ORIENTED_EDGE('',*,*,#7706,.F.);
#7706 = EDGE_CURVE('',#7707,#7698,#7709,.T.);
#7707 = VERTEX_POINT('',#7708);
#7708 = CARTESIAN_POINT('',(2.487468592767,0.25,3.5));
#7709 = LINE('',#7710,#7711);
#7710 = CARTESIAN_POINT('',(2.487468592767,0.25,3.5));
#7711 = VECTOR('',#7712,1.);
#7712 = DIRECTION('',(0.,0.,1.));
#7713 = ORIENTED_EDGE('',*,*,#7714,.F.);
#7714 = EDGE_CURVE('',#1296,#7707,#7715,.T.);
#7715 = CIRCLE('',#7716,2.5);
#7716 = AXIS2_PLACEMENT_3D('',#7717,#7718,#7719);
#7717 = CARTESIAN_POINT('',(0.,0.,3.5));
#7718 = DIRECTION('',(0.,0.,1.));
#7719 = DIRECTION('',(1.,0.,-0.));
#7720 = ORIENTED_EDGE('',*,*,#1293,.F.);
#7721 = ORIENTED_EDGE('',*,*,#7630,.T.);
#7722 = ORIENTED_EDGE('',*,*,#1380,.T.);
#7723 = CYLINDRICAL_SURFACE('',#7724,2.5);
#7724 = AXIS2_PLACEMENT_3D('',#7725,#7726,#7727);
#7725 = CARTESIAN_POINT('',(0.,0.,2.));
#7726 = DIRECTION('',(-0.,-0.,1.));
#7727 = DIRECTION('',(1.,0.,0.));
#7728 = ADVANCED_FACE('',(#7729,#7746,#7763,#7780,#7790,#7807),#7953,.T.
  );
#7729 = FACE_BOUND('',#7730,.T.);
#7730 = EDGE_LOOP('',(#7731,#7732,#7740));
#7731 = ORIENTED_EDGE('',*,*,#7663,.F.);
#7732 = ORIENTED_EDGE('',*,*,#7733,.T.);
#7733 = EDGE_CURVE('',#7664,#7734,#7736,.T.);
#7734 = VERTEX_POINT('',#7735);
#7735 = CARTESIAN_POINT('',(-0.416666666667,0.25,4.));
#7736 = LINE('',#7737,#7738);
#7737 = CARTESIAN_POINT('',(-0.416666666667,2.465033242958,4.));
#7738 = VECTOR('',#7739,1.);
#7739 = DIRECTION('',(-1.223686118405E-16,-1.,0.));
#7740 = ORIENTED_EDGE('',*,*,#7741,.T.);
#7741 = EDGE_CURVE('',#7734,#7656,#7742,.T.);
#7742 = LINE('',#7743,#7744);
#7743 = CARTESIAN_POINT('',(-2.487468592767,0.25,4.));
#7744 = VECTOR('',#7745,1.);
#7745 = DIRECTION('',(-1.,-2.617831669028E-17,-0.));
#7746 = FACE_BOUND('',#7747,.T.);
#7747 = EDGE_LOOP('',(#7748,#7749,#7757));
#7748 = ORIENTED_EDGE('',*,*,#7697,.F.);
#7749 = ORIENTED_EDGE('',*,*,#7750,.T.);
#7750 = EDGE_CURVE('',#7698,#7751,#7753,.T.);
#7751 = VERTEX_POINT('',#7752);
#7752 = CARTESIAN_POINT('',(0.417416156068,0.25,4.));
#7753 = LINE('',#7754,#7755);
#7754 = CARTESIAN_POINT('',(0.417416156068,0.25,4.));
#7755 = VECTOR('',#7756,1.);
#7756 = DIRECTION('',(-1.,-0.,-0.));
#7757 = ORIENTED_EDGE('',*,*,#7758,.T.);
#7758 = EDGE_CURVE('',#7751,#7690,#7759,.T.);
#7759 = LINE('',#7760,#7761);
#7760 = CARTESIAN_POINT('',(0.417416156068,2.464906438925,4.));
#7761 = VECTOR('',#7762,1.);
#7762 = DIRECTION('',(1.713258644704E-16,1.,-0.));
#7763 = FACE_BOUND('',#7764,.T.);
#7764 = EDGE_LOOP('',(#7765,#7766,#7774));
#7765 = ORIENTED_EDGE('',*,*,#1320,.F.);
#7766 = ORIENTED_EDGE('',*,*,#7767,.T.);
#7767 = EDGE_CURVE('',#1321,#7768,#7770,.T.);
#7768 = VERTEX_POINT('',#7769);
#7769 = CARTESIAN_POINT('',(0.417416156068,-0.416666666667,4.));
#7770 = LINE('',#7771,#7772);
#7771 = CARTESIAN_POINT('',(0.417416156068,-0.416666666667,4.));
#7772 = VECTOR('',#7773,1.);
#7773 = DIRECTION('',(-1.323334049033E-16,1.,-0.));
#7774 = ORIENTED_EDGE('',*,*,#7775,.T.);
#7775 = EDGE_CURVE('',#7768,#1313,#7776,.T.);
#7776 = LINE('',#7777,#7778);
#7777 = CARTESIAN_POINT('',(0.417416156068,-0.416666666667,4.));
#7778 = VECTOR('',#7779,1.);
#7779 = DIRECTION('',(1.,0.,0.));
#7780 = FACE_BOUND('',#7781,.T.);
#7781 = EDGE_LOOP('',(#7782,#7789));
#7782 = ORIENTED_EDGE('',*,*,#7783,.F.);
#7783 = EDGE_CURVE('',#1254,#1262,#7784,.T.);
#7784 = CIRCLE('',#7785,0.618143420325);
#7785 = AXIS2_PLACEMENT_3D('',#7786,#7787,#7788);
#7786 = CARTESIAN_POINT('',(-5.31219058544,-5.835184825543,4.));
#7787 = DIRECTION('',(0.,0.,1.));
#7788 = DIRECTION('',(1.,0.,-0.));
#7789 = ORIENTED_EDGE('',*,*,#1261,.F.);
#7790 = FACE_BOUND('',#7791,.T.);
#7791 = EDGE_LOOP('',(#7792,#7800,#7801));
#7792 = ORIENTED_EDGE('',*,*,#7793,.T.);
#7793 = EDGE_CURVE('',#7794,#1347,#7796,.T.);
#7794 = VERTEX_POINT('',#7795);
#7795 = CARTESIAN_POINT('',(-0.416666666667,-0.416666666667,4.));
#7796 = LINE('',#7797,#7798);
#7797 = CARTESIAN_POINT('',(-0.416666666667,-0.416666666667,4.));
#7798 = VECTOR('',#7799,1.);
#7799 = DIRECTION('',(1.058601702483E-16,-1.,0.));
#7800 = ORIENTED_EDGE('',*,*,#1354,.F.);
#7801 = ORIENTED_EDGE('',*,*,#7802,.T.);
#7802 = EDGE_CURVE('',#1355,#7794,#7803,.T.);
#7803 = LINE('',#7804,#7805);
#7804 = CARTESIAN_POINT('',(-2.465033242958,-0.416666666667,4.));
#7805 = VECTOR('',#7806,1.);
#7806 = DIRECTION('',(1.,0.,0.));
#7807 = FACE_BOUND('',#7808,.T.);
#7808 = EDGE_LOOP('',(#7809,#7819,#7827,#7835,#7843,#7851,#7859,#7867,
    #7875,#7883,#7891,#7899,#7907,#7915,#7923,#7931,#7939,#7947));
#7809 = ORIENTED_EDGE('',*,*,#7810,.T.);
#7810 = EDGE_CURVE('',#7811,#7813,#7815,.T.);
#7811 = VERTEX_POINT('',#7812);
#7812 = CARTESIAN_POINT('',(7.5,-3.2,4.));
#7813 = VERTEX_POINT('',#7814);
#7814 = CARTESIAN_POINT('',(7.5,3.2,4.));
#7815 = LINE('',#7816,#7817);
#7816 = CARTESIAN_POINT('',(7.5,7.5,4.));
#7817 = VECTOR('',#7818,1.);
#7818 = DIRECTION('',(-1.156482317318E-16,1.,-0.));
#7819 = ORIENTED_EDGE('',*,*,#7820,.T.);
#7820 = EDGE_CURVE('',#7813,#7821,#7823,.T.);
#7821 = VERTEX_POINT('',#7822);
#7822 = CARTESIAN_POINT('',(7.2,3.5,4.));
#7823 = LINE('',#7824,#7825);
#7824 = CARTESIAN_POINT('',(5.35,5.35,4.));
#7825 = VECTOR('',#7826,1.);
#7826 = DIRECTION('',(-0.707106781187,0.707106781187,-0.));
#7827 = ORIENTED_EDGE('',*,*,#7828,.F.);
#7828 = EDGE_CURVE('',#7829,#7821,#7831,.T.);
#7829 = VERTEX_POINT('',#7830);
#7830 = CARTESIAN_POINT('',(7.,3.5,4.));
#7831 = LINE('',#7832,#7833);
#7832 = CARTESIAN_POINT('',(7.5,3.5,4.));
#7833 = VECTOR('',#7834,1.);
#7834 = DIRECTION('',(1.,-0.,-0.));
#7835 = ORIENTED_EDGE('',*,*,#7836,.F.);
#7836 = EDGE_CURVE('',#7837,#7829,#7839,.T.);
#7837 = VERTEX_POINT('',#7838);
#7838 = CARTESIAN_POINT('',(7.,6.5,4.));
#7839 = LINE('',#7840,#7841);
#7840 = CARTESIAN_POINT('',(7.,7.5,4.));
#7841 = VECTOR('',#7842,1.);
#7842 = DIRECTION('',(-2.168404344971E-16,-1.,0.));
#7843 = ORIENTED_EDGE('',*,*,#7844,.T.);
#7844 = EDGE_CURVE('',#7837,#7845,#7847,.T.);
#7845 = VERTEX_POINT('',#7846);
#7846 = CARTESIAN_POINT('',(6.,7.5,4.));
#7847 = LINE('',#7848,#7849);
#7848 = CARTESIAN_POINT('',(6.75,6.75,4.));
#7849 = VECTOR('',#7850,1.);
#7850 = DIRECTION('',(-0.707106781187,0.707106781187,-0.));
#7851 = ORIENTED_EDGE('',*,*,#7852,.T.);
#7852 = EDGE_CURVE('',#7845,#7853,#7855,.T.);
#7853 = VERTEX_POINT('',#7854);
#7854 = CARTESIAN_POINT('',(-6.,7.5,4.));
#7855 = LINE('',#7856,#7857);
#7856 = CARTESIAN_POINT('',(-7.5,7.5,4.));
#7857 = VECTOR('',#7858,1.);
#7858 = DIRECTION('',(-1.,-0.,-0.));
#7859 = ORIENTED_EDGE('',*,*,#7860,.T.);
#7860 = EDGE_CURVE('',#7853,#7861,#7863,.T.);
#7861 = VERTEX_POINT('',#7862);
#7862 = CARTESIAN_POINT('',(-7.,6.5,4.));
#7863 = LINE('',#7864,#7865);
#7864 = CARTESIAN_POINT('',(-6.75,6.75,4.));
#7865 = VECTOR('',#7866,1.);
#7866 = DIRECTION('',(-0.707106781187,-0.707106781187,-0.));
#7867 = ORIENTED_EDGE('',*,*,#7868,.F.);
#7868 = EDGE_CURVE('',#7869,#7861,#7871,.T.);
#7869 = VERTEX_POINT('',#7870);
#7870 = CARTESIAN_POINT('',(-7.,3.5,4.));
#7871 = LINE('',#7872,#7873);
#7872 = CARTESIAN_POINT('',(-7.,7.5,4.));
#7873 = VECTOR('',#7874,1.);
#7874 = DIRECTION('',(-6.505213034913E-16,1.,-0.));
#7875 = ORIENTED_EDGE('',*,*,#7876,.F.);
#7876 = EDGE_CURVE('',#7877,#7869,#7879,.T.);
#7877 = VERTEX_POINT('',#7878);
#7878 = CARTESIAN_POINT('',(-7.2,3.5,4.));
#7879 = LINE('',#7880,#7881);
#7880 = CARTESIAN_POINT('',(-7.5,3.5,4.));
#7881 = VECTOR('',#7882,1.);
#7882 = DIRECTION('',(1.,0.,0.));
#7883 = ORIENTED_EDGE('',*,*,#7884,.T.);
#7884 = EDGE_CURVE('',#7877,#7885,#7887,.T.);
#7885 = VERTEX_POINT('',#7886);
#7886 = CARTESIAN_POINT('',(-7.5,3.2,4.));
#7887 = LINE('',#7888,#7889);
#7888 = CARTESIAN_POINT('',(-5.35,5.35,4.));
#7889 = VECTOR('',#7890,1.);
#7890 = DIRECTION('',(-0.707106781187,-0.707106781187,-0.));
#7891 = ORIENTED_EDGE('',*,*,#7892,.T.);
#7892 = EDGE_CURVE('',#7885,#7893,#7895,.T.);
#7893 = VERTEX_POINT('',#7894);
#7894 = CARTESIAN_POINT('',(-7.5,-3.2,4.));
#7895 = LINE('',#7896,#7897);
#7896 = CARTESIAN_POINT('',(-7.5,7.5,4.));
#7897 = VECTOR('',#7898,1.);
#7898 = DIRECTION('',(1.156482317318E-16,-1.,0.));
#7899 = ORIENTED_EDGE('',*,*,#7900,.T.);
#7900 = EDGE_CURVE('',#7893,#7901,#7903,.T.);
#7901 = VERTEX_POINT('',#7902);
#7902 = CARTESIAN_POINT('',(-7.2,-3.5,4.));
#7903 = LINE('',#7904,#7905);
#7904 = CARTESIAN_POINT('',(-5.35,-5.35,4.));
#7905 = VECTOR('',#7906,1.);
#7906 = DIRECTION('',(0.707106781187,-0.707106781187,-0.));
#7907 = ORIENTED_EDGE('',*,*,#7908,.F.);
#7908 = EDGE_CURVE('',#7909,#7901,#7911,.T.);
#7909 = VERTEX_POINT('',#7910);
#7910 = CARTESIAN_POINT('',(-7.,-3.5,4.));
#7911 = LINE('',#7912,#7913);
#7912 = CARTESIAN_POINT('',(-7.5,-3.5,4.));
#7913 = VECTOR('',#7914,1.);
#7914 = DIRECTION('',(-1.,-0.,-0.));
#7915 = ORIENTED_EDGE('',*,*,#7916,.F.);
#7916 = EDGE_CURVE('',#7917,#7909,#7919,.T.);
#7917 = VERTEX_POINT('',#7918);
#7918 = CARTESIAN_POINT('',(-7.,-7.5,4.));
#7919 = LINE('',#7920,#7921);
#7920 = CARTESIAN_POINT('',(-7.,-7.5,4.));
#7921 = VECTOR('',#7922,1.);
#7922 = DIRECTION('',(0.,1.,0.));
#7923 = ORIENTED_EDGE('',*,*,#7924,.T.);
#7924 = EDGE_CURVE('',#7917,#7925,#7927,.T.);
#7925 = VERTEX_POINT('',#7926);
#7926 = CARTESIAN_POINT('',(7.,-7.5,4.));
#7927 = LINE('',#7928,#7929);
#7928 = CARTESIAN_POINT('',(-7.5,-7.5,4.));
#7929 = VECTOR('',#7930,1.);
#7930 = DIRECTION('',(1.,0.,0.));
#7931 = ORIENTED_EDGE('',*,*,#7932,.F.);
#7932 = EDGE_CURVE('',#7933,#7925,#7935,.T.);
#7933 = VERTEX_POINT('',#7934);
#7934 = CARTESIAN_POINT('',(7.,-3.5,4.));
#7935 = LINE('',#7936,#7937);
#7936 = CARTESIAN_POINT('',(7.,-7.5,4.));
#7937 = VECTOR('',#7938,1.);
#7938 = DIRECTION('',(4.336808689942E-16,-1.,-0.));
#7939 = ORIENTED_EDGE('',*,*,#7940,.F.);
#7940 = EDGE_CURVE('',#7941,#7933,#7943,.T.);
#7941 = VERTEX_POINT('',#7942);
#7942 = CARTESIAN_POINT('',(7.2,-3.5,4.));
#7943 = LINE('',#7944,#7945);
#7944 = CARTESIAN_POINT('',(7.5,-3.5,4.));
#7945 = VECTOR('',#7946,1.);
#7946 = DIRECTION('',(-1.,0.,0.));
#7947 = ORIENTED_EDGE('',*,*,#7948,.T.);
#7948 = EDGE_CURVE('',#7941,#7811,#7949,.T.);
#7949 = LINE('',#7950,#7951);
#7950 = CARTESIAN_POINT('',(5.35,-5.35,4.));
#7951 = VECTOR('',#7952,1.);
#7952 = DIRECTION('',(0.707106781187,0.707106781187,-0.));
#7953 = PLANE('',#7954);
#7954 = AXIS2_PLACEMENT_3D('',#7955,#7956,#7957);
#7955 = CARTESIAN_POINT('',(0.,0.,4.));
#7956 = DIRECTION('',(-0.,0.,1.));
#7957 = DIRECTION('',(1.,0.,0.));
#7958 = ADVANCED_FACE('',(#7959),#7975,.F.);
#7959 = FACE_BOUND('',#7960,.T.);
#7960 = EDGE_LOOP('',(#7961,#7962,#7968,#7969));
#7961 = ORIENTED_EDGE('',*,*,#7287,.T.);
#7962 = ORIENTED_EDGE('',*,*,#7963,.F.);
#7963 = EDGE_CURVE('',#7811,#7280,#7964,.T.);
#7964 = LINE('',#7965,#7966);
#7965 = CARTESIAN_POINT('',(7.5,-3.2,4.));
#7966 = VECTOR('',#7967,1.);
#7967 = DIRECTION('',(0.,0.,-1.));
#7968 = ORIENTED_EDGE('',*,*,#7948,.F.);
#7969 = ORIENTED_EDGE('',*,*,#7970,.F.);
#7970 = EDGE_CURVE('',#7288,#7941,#7971,.T.);
#7971 = LINE('',#7972,#7973);
#7972 = CARTESIAN_POINT('',(7.2,-3.5,0.));
#7973 = VECTOR('',#7974,1.);
#7974 = DIRECTION('',(0.,0.,1.));
#7975 = PLANE('',#7976);
#7976 = AXIS2_PLACEMENT_3D('',#7977,#7978,#7979);
#7977 = CARTESIAN_POINT('',(7.2,-3.5,0.));
#7978 = DIRECTION('',(-0.707106781187,0.707106781187,0.));
#7979 = DIRECTION('',(0.,0.,1.));
#7980 = ADVANCED_FACE('',(#7981),#7992,.F.);
#7981 = FACE_BOUND('',#7982,.T.);
#7982 = EDGE_LOOP('',(#7983,#7989,#7990,#7991));
#7983 = ORIENTED_EDGE('',*,*,#7984,.F.);
#7984 = EDGE_CURVE('',#7296,#7933,#7985,.T.);
#7985 = LINE('',#7986,#7987);
#7986 = CARTESIAN_POINT('',(7.,-3.5,0.));
#7987 = VECTOR('',#7988,1.);
#7988 = DIRECTION('',(-0.,-0.,1.));
#7989 = ORIENTED_EDGE('',*,*,#7295,.T.);
#7990 = ORIENTED_EDGE('',*,*,#7970,.T.);
#7991 = ORIENTED_EDGE('',*,*,#7940,.T.);
#7992 = PLANE('',#7993);
#7993 = AXIS2_PLACEMENT_3D('',#7994,#7995,#7996);
#7994 = CARTESIAN_POINT('',(7.5,-3.5,0.));
#7995 = DIRECTION('',(0.,1.,0.));
#7996 = DIRECTION('',(0.,-0.,1.));
#7997 = ADVANCED_FACE('',(#7998),#8009,.F.);
#7998 = FACE_BOUND('',#7999,.T.);
#7999 = EDGE_LOOP('',(#8000,#8006,#8007,#8008));
#8000 = ORIENTED_EDGE('',*,*,#8001,.F.);
#8001 = EDGE_CURVE('',#7168,#7925,#8002,.T.);
#8002 = LINE('',#8003,#8004);
#8003 = CARTESIAN_POINT('',(7.,-7.5,0.));
#8004 = VECTOR('',#8005,1.);
#8005 = DIRECTION('',(-0.,-0.,1.));
#8006 = ORIENTED_EDGE('',*,*,#7303,.T.);
#8007 = ORIENTED_EDGE('',*,*,#7984,.T.);
#8008 = ORIENTED_EDGE('',*,*,#7932,.T.);
#8009 = PLANE('',#8010);
#8010 = AXIS2_PLACEMENT_3D('',#8011,#8012,#8013);
#8011 = CARTESIAN_POINT('',(7.,-7.5,0.));
#8012 = DIRECTION('',(-1.,-4.336808689942E-16,0.));
#8013 = DIRECTION('',(4.336808689942E-16,-1.,0.));
#8014 = ADVANCED_FACE('',(#8015),#8031,.F.);
#8015 = FACE_BOUND('',#8016,.T.);
#8016 = EDGE_LOOP('',(#8017,#8023,#8024,#8030));
#8017 = ORIENTED_EDGE('',*,*,#8018,.F.);
#8018 = EDGE_CURVE('',#7176,#7909,#8019,.T.);
#8019 = LINE('',#8020,#8021);
#8020 = CARTESIAN_POINT('',(-7.,-3.5,0.));
#8021 = VECTOR('',#8022,1.);
#8022 = DIRECTION('',(-0.,-0.,1.));
#8023 = ORIENTED_EDGE('',*,*,#7175,.T.);
#8024 = ORIENTED_EDGE('',*,*,#8025,.T.);
#8025 = EDGE_CURVE('',#7166,#7917,#8026,.T.);
#8026 = LINE('',#8027,#8028);
#8027 = CARTESIAN_POINT('',(-7.,-7.5,0.));
#8028 = VECTOR('',#8029,1.);
#8029 = DIRECTION('',(-0.,-0.,1.));
#8030 = ORIENTED_EDGE('',*,*,#7916,.T.);
#8031 = PLANE('',#8032);
#8032 = AXIS2_PLACEMENT_3D('',#8033,#8034,#8035);
#8033 = CARTESIAN_POINT('',(-7.,-7.5,0.));
#8034 = DIRECTION('',(1.,-0.,0.));
#8035 = DIRECTION('',(0.,0.,-1.));
#8036 = ADVANCED_FACE('',(#8037),#8053,.F.);
#8037 = FACE_BOUND('',#8038,.T.);
#8038 = EDGE_LOOP('',(#8039,#8040,#8046,#8047));
#8039 = ORIENTED_EDGE('',*,*,#7191,.T.);
#8040 = ORIENTED_EDGE('',*,*,#8041,.F.);
#8041 = EDGE_CURVE('',#7901,#7184,#8042,.T.);
#8042 = LINE('',#8043,#8044);
#8043 = CARTESIAN_POINT('',(-7.2,-3.5,0.));
#8044 = VECTOR('',#8045,1.);
#8045 = DIRECTION('',(0.,0.,-1.));
#8046 = ORIENTED_EDGE('',*,*,#7900,.F.);
#8047 = ORIENTED_EDGE('',*,*,#8048,.F.);
#8048 = EDGE_CURVE('',#7192,#7893,#8049,.T.);
#8049 = LINE('',#8050,#8051);
#8050 = CARTESIAN_POINT('',(-7.5,-3.2,4.));
#8051 = VECTOR('',#8052,1.);
#8052 = DIRECTION('',(0.,0.,1.));
#8053 = PLANE('',#8054);
#8054 = AXIS2_PLACEMENT_3D('',#8055,#8056,#8057);
#8055 = CARTESIAN_POINT('',(-7.5,-3.2,4.));
#8056 = DIRECTION('',(0.707106781187,0.707106781187,-0.));
#8057 = DIRECTION('',(0.,0.,1.));
#8058 = ADVANCED_FACE('',(#8059),#8065,.F.);
#8059 = FACE_BOUND('',#8060,.T.);
#8060 = EDGE_LOOP('',(#8061,#8062,#8063,#8064));
#8061 = ORIENTED_EDGE('',*,*,#8041,.T.);
#8062 = ORIENTED_EDGE('',*,*,#7183,.T.);
#8063 = ORIENTED_EDGE('',*,*,#8018,.T.);
#8064 = ORIENTED_EDGE('',*,*,#7908,.T.);
#8065 = PLANE('',#8066);
#8066 = AXIS2_PLACEMENT_3D('',#8067,#8068,#8069);
#8067 = CARTESIAN_POINT('',(-7.5,-3.5,0.));
#8068 = DIRECTION('',(-0.,1.,0.));
#8069 = DIRECTION('',(0.,0.,1.));
#8070 = ADVANCED_FACE('',(#8071),#8077,.F.);
#8071 = FACE_BOUND('',#8072,.T.);
#8072 = EDGE_LOOP('',(#8073,#8074,#8075,#8076));
#8073 = ORIENTED_EDGE('',*,*,#8025,.F.);
#8074 = ORIENTED_EDGE('',*,*,#7165,.T.);
#8075 = ORIENTED_EDGE('',*,*,#8001,.T.);
#8076 = ORIENTED_EDGE('',*,*,#7924,.F.);
#8077 = PLANE('',#8078);
#8078 = AXIS2_PLACEMENT_3D('',#8079,#8080,#8081);
#8079 = CARTESIAN_POINT('',(-7.5,-7.5,4.));
#8080 = DIRECTION('',(0.,1.,0.));
#8081 = DIRECTION('',(0.,-0.,1.));
#8082 = ADVANCED_FACE('',(#8083),#8099,.F.);
#8083 = FACE_BOUND('',#8084,.T.);
#8084 = EDGE_LOOP('',(#8085,#8086,#8092,#8093));
#8085 = ORIENTED_EDGE('',*,*,#7207,.T.);
#8086 = ORIENTED_EDGE('',*,*,#8087,.F.);
#8087 = EDGE_CURVE('',#7885,#7200,#8088,.T.);
#8088 = LINE('',#8089,#8090);
#8089 = CARTESIAN_POINT('',(-7.5,3.2,4.));
#8090 = VECTOR('',#8091,1.);
#8091 = DIRECTION('',(0.,0.,-1.));
#8092 = ORIENTED_EDGE('',*,*,#7884,.F.);
#8093 = ORIENTED_EDGE('',*,*,#8094,.F.);
#8094 = EDGE_CURVE('',#7208,#7877,#8095,.T.);
#8095 = LINE('',#8096,#8097);
#8096 = CARTESIAN_POINT('',(-7.2,3.5,0.));
#8097 = VECTOR('',#8098,1.);
#8098 = DIRECTION('',(0.,0.,1.));
#8099 = PLANE('',#8100);
#8100 = AXIS2_PLACEMENT_3D('',#8101,#8102,#8103);
#8101 = CARTESIAN_POINT('',(-7.2,3.5,0.));
#8102 = DIRECTION('',(0.707106781187,-0.707106781187,0.));
#8103 = DIRECTION('',(0.,0.,1.));
#8104 = ADVANCED_FACE('',(#8105),#8116,.F.);
#8105 = FACE_BOUND('',#8106,.T.);
#8106 = EDGE_LOOP('',(#8107,#8113,#8114,#8115));
#8107 = ORIENTED_EDGE('',*,*,#8108,.F.);
#8108 = EDGE_CURVE('',#7216,#7869,#8109,.T.);
#8109 = LINE('',#8110,#8111);
#8110 = CARTESIAN_POINT('',(-7.,3.5,0.));
#8111 = VECTOR('',#8112,1.);
#8112 = DIRECTION('',(-0.,-0.,1.));
#8113 = ORIENTED_EDGE('',*,*,#7215,.T.);
#8114 = ORIENTED_EDGE('',*,*,#8094,.T.);
#8115 = ORIENTED_EDGE('',*,*,#7876,.T.);
#8116 = PLANE('',#8117);
#8117 = AXIS2_PLACEMENT_3D('',#8118,#8119,#8120);
#8118 = CARTESIAN_POINT('',(-7.5,3.5,0.));
#8119 = DIRECTION('',(0.,-1.,0.));
#8120 = DIRECTION('',(0.,-0.,-1.));
#8121 = ADVANCED_FACE('',(#8122),#8133,.F.);
#8122 = FACE_BOUND('',#8123,.T.);
#8123 = EDGE_LOOP('',(#8124,#8130,#8131,#8132));
#8124 = ORIENTED_EDGE('',*,*,#8125,.T.);
#8125 = EDGE_CURVE('',#7861,#7224,#8126,.T.);
#8126 = LINE('',#8127,#8128);
#8127 = CARTESIAN_POINT('',(-7.,6.5,4.));
#8128 = VECTOR('',#8129,1.);
#8129 = DIRECTION('',(0.,-0.,-1.));
#8130 = ORIENTED_EDGE('',*,*,#7223,.T.);
#8131 = ORIENTED_EDGE('',*,*,#8108,.T.);
#8132 = ORIENTED_EDGE('',*,*,#7868,.T.);
#8133 = PLANE('',#8134);
#8134 = AXIS2_PLACEMENT_3D('',#8135,#8136,#8137);
#8135 = CARTESIAN_POINT('',(-7.,7.5,0.));
#8136 = DIRECTION('',(1.,6.505213034913E-16,0.));
#8137 = DIRECTION('',(-6.505213034913E-16,1.,0.));
#8138 = ADVANCED_FACE('',(#8139),#8150,.F.);
#8139 = FACE_BOUND('',#8140,.T.);
#8140 = EDGE_LOOP('',(#8141,#8142,#8143,#8144));
#8141 = ORIENTED_EDGE('',*,*,#7231,.T.);
#8142 = ORIENTED_EDGE('',*,*,#8125,.F.);
#8143 = ORIENTED_EDGE('',*,*,#7860,.F.);
#8144 = ORIENTED_EDGE('',*,*,#8145,.F.);
#8145 = EDGE_CURVE('',#7232,#7853,#8146,.T.);
#8146 = LINE('',#8147,#8148);
#8147 = CARTESIAN_POINT('',(-6.,7.5,4.));
#8148 = VECTOR('',#8149,1.);
#8149 = DIRECTION('',(0.,0.,1.));
#8150 = PLANE('',#8151);
#8151 = AXIS2_PLACEMENT_3D('',#8152,#8153,#8154);
#8152 = CARTESIAN_POINT('',(-7.5,6.,4.));
#8153 = DIRECTION('',(0.707106781187,-0.707106781187,0.));
#8154 = DIRECTION('',(0.,0.,-1.));
#8155 = ADVANCED_FACE('',(#8156),#8162,.F.);
#8156 = FACE_BOUND('',#8157,.T.);
#8157 = EDGE_LOOP('',(#8158,#8159,#8160,#8161));
#8158 = ORIENTED_EDGE('',*,*,#8087,.T.);
#8159 = ORIENTED_EDGE('',*,*,#7199,.T.);
#8160 = ORIENTED_EDGE('',*,*,#8048,.T.);
#8161 = ORIENTED_EDGE('',*,*,#7892,.F.);
#8162 = PLANE('',#8163);
#8163 = AXIS2_PLACEMENT_3D('',#8164,#8165,#8166);
#8164 = CARTESIAN_POINT('',(-7.5,7.5,4.));
#8165 = DIRECTION('',(1.,1.156482317318E-16,-0.));
#8166 = DIRECTION('',(-1.156482317318E-16,1.,0.));
#8167 = ADVANCED_FACE('',(#8168),#8184,.F.);
#8168 = FACE_BOUND('',#8169,.T.);
#8169 = EDGE_LOOP('',(#8170,#8176,#8177,#8183));
#8170 = ORIENTED_EDGE('',*,*,#8171,.F.);
#8171 = EDGE_CURVE('',#7256,#7829,#8172,.T.);
#8172 = LINE('',#8173,#8174);
#8173 = CARTESIAN_POINT('',(7.,3.5,0.));
#8174 = VECTOR('',#8175,1.);
#8175 = DIRECTION('',(-0.,-0.,1.));
#8176 = ORIENTED_EDGE('',*,*,#7255,.T.);
#8177 = ORIENTED_EDGE('',*,*,#8178,.T.);
#8178 = EDGE_CURVE('',#7248,#7837,#8179,.T.);
#8179 = LINE('',#8180,#8181);
#8180 = CARTESIAN_POINT('',(7.,6.5,4.));
#8181 = VECTOR('',#8182,1.);
#8182 = DIRECTION('',(-0.,-0.,1.));
#8183 = ORIENTED_EDGE('',*,*,#7836,.T.);
#8184 = PLANE('',#8185);
#8185 = AXIS2_PLACEMENT_3D('',#8186,#8187,#8188);
#8186 = CARTESIAN_POINT('',(7.,7.5,0.));
#8187 = DIRECTION('',(-1.,2.168404344971E-16,0.));
#8188 = DIRECTION('',(-2.168404344971E-16,-1.,0.));
#8189 = ADVANCED_FACE('',(#8190),#8206,.F.);
#8190 = FACE_BOUND('',#8191,.T.);
#8191 = EDGE_LOOP('',(#8192,#8193,#8199,#8200));
#8192 = ORIENTED_EDGE('',*,*,#7271,.T.);
#8193 = ORIENTED_EDGE('',*,*,#8194,.F.);
#8194 = EDGE_CURVE('',#7821,#7264,#8195,.T.);
#8195 = LINE('',#8196,#8197);
#8196 = CARTESIAN_POINT('',(7.2,3.5,0.));
#8197 = VECTOR('',#8198,1.);
#8198 = DIRECTION('',(0.,0.,-1.));
#8199 = ORIENTED_EDGE('',*,*,#7820,.F.);
#8200 = ORIENTED_EDGE('',*,*,#8201,.F.);
#8201 = EDGE_CURVE('',#7272,#7813,#8202,.T.);
#8202 = LINE('',#8203,#8204);
#8203 = CARTESIAN_POINT('',(7.5,3.2,4.));
#8204 = VECTOR('',#8205,1.);
#8205 = DIRECTION('',(0.,0.,1.));
#8206 = PLANE('',#8207);
#8207 = AXIS2_PLACEMENT_3D('',#8208,#8209,#8210);
#8208 = CARTESIAN_POINT('',(7.5,3.2,4.));
#8209 = DIRECTION('',(-0.707106781187,-0.707106781187,0.));
#8210 = DIRECTION('',(0.,0.,1.));
#8211 = ADVANCED_FACE('',(#8212),#8218,.F.);
#8212 = FACE_BOUND('',#8213,.T.);
#8213 = EDGE_LOOP('',(#8214,#8215,#8216,#8217));
#8214 = ORIENTED_EDGE('',*,*,#8194,.T.);
#8215 = ORIENTED_EDGE('',*,*,#7263,.T.);
#8216 = ORIENTED_EDGE('',*,*,#8171,.T.);
#8217 = ORIENTED_EDGE('',*,*,#7828,.T.);
#8218 = PLANE('',#8219);
#8219 = AXIS2_PLACEMENT_3D('',#8220,#8221,#8222);
#8220 = CARTESIAN_POINT('',(7.5,3.5,0.));
#8221 = DIRECTION('',(0.,-1.,-0.));
#8222 = DIRECTION('',(0.,0.,-1.));
#8223 = ADVANCED_FACE('',(#8224),#8235,.F.);
#8224 = FACE_BOUND('',#8225,.T.);
#8225 = EDGE_LOOP('',(#8226,#8227,#8233,#8234));
#8226 = ORIENTED_EDGE('',*,*,#7247,.T.);
#8227 = ORIENTED_EDGE('',*,*,#8228,.F.);
#8228 = EDGE_CURVE('',#7845,#7240,#8229,.T.);
#8229 = LINE('',#8230,#8231);
#8230 = CARTESIAN_POINT('',(6.,7.5,4.));
#8231 = VECTOR('',#8232,1.);
#8232 = DIRECTION('',(0.,0.,-1.));
#8233 = ORIENTED_EDGE('',*,*,#7844,.F.);
#8234 = ORIENTED_EDGE('',*,*,#8178,.F.);
#8235 = PLANE('',#8236);
#8236 = AXIS2_PLACEMENT_3D('',#8237,#8238,#8239);
#8237 = CARTESIAN_POINT('',(6.,7.5,4.));
#8238 = DIRECTION('',(-0.707106781187,-0.707106781187,-0.));
#8239 = DIRECTION('',(0.,0.,-1.));
#8240 = ADVANCED_FACE('',(#8241),#8247,.F.);
#8241 = FACE_BOUND('',#8242,.T.);
#8242 = EDGE_LOOP('',(#8243,#8244,#8245,#8246));
#8243 = ORIENTED_EDGE('',*,*,#8228,.T.);
#8244 = ORIENTED_EDGE('',*,*,#7239,.T.);
#8245 = ORIENTED_EDGE('',*,*,#8145,.T.);
#8246 = ORIENTED_EDGE('',*,*,#7852,.F.);
#8247 = PLANE('',#8248);
#8248 = AXIS2_PLACEMENT_3D('',#8249,#8250,#8251);
#8249 = CARTESIAN_POINT('',(-7.5,7.5,4.));
#8250 = DIRECTION('',(0.,-1.,0.));
#8251 = DIRECTION('',(0.,-0.,-1.));
#8252 = ADVANCED_FACE('',(#8253),#8259,.F.);
#8253 = FACE_BOUND('',#8254,.T.);
#8254 = EDGE_LOOP('',(#8255,#8256,#8257,#8258));
#8255 = ORIENTED_EDGE('',*,*,#7963,.T.);
#8256 = ORIENTED_EDGE('',*,*,#7279,.T.);
#8257 = ORIENTED_EDGE('',*,*,#8201,.T.);
#8258 = ORIENTED_EDGE('',*,*,#7810,.F.);
#8259 = PLANE('',#8260);
#8260 = AXIS2_PLACEMENT_3D('',#8261,#8262,#8263);
#8261 = CARTESIAN_POINT('',(7.5,7.5,4.));
#8262 = DIRECTION('',(-1.,-1.156482317318E-16,0.));
#8263 = DIRECTION('',(1.156482317318E-16,-1.,0.));
#8264 = ADVANCED_FACE('',(#8265),#8277,.F.);
#8265 = FACE_BOUND('',#8266,.F.);
#8266 = EDGE_LOOP('',(#8267,#8268,#8269,#8276));
#8267 = ORIENTED_EDGE('',*,*,#7783,.F.);
#8268 = ORIENTED_EDGE('',*,*,#1251,.F.);
#8269 = ORIENTED_EDGE('',*,*,#8270,.T.);
#8270 = EDGE_CURVE('',#1252,#1271,#8271,.T.);
#8271 = CIRCLE('',#8272,0.618143420325);
#8272 = AXIS2_PLACEMENT_3D('',#8273,#8274,#8275);
#8273 = CARTESIAN_POINT('',(-5.31219058544,-5.835184825543,3.99));
#8274 = DIRECTION('',(0.,0.,1.));
#8275 = DIRECTION('',(1.,0.,-0.));
#8276 = ORIENTED_EDGE('',*,*,#1270,.T.);
#8277 = CYLINDRICAL_SURFACE('',#8278,0.618143420325);
#8278 = AXIS2_PLACEMENT_3D('',#8279,#8280,#8281);
#8279 = CARTESIAN_POINT('',(-5.31219058544,-5.835184825543,3.99));
#8280 = DIRECTION('',(-0.,-0.,1.));
#8281 = DIRECTION('',(1.,0.,0.));
#8282 = ADVANCED_FACE('',(#8283),#8287,.T.);
#8283 = FACE_BOUND('',#8284,.T.);
#8284 = EDGE_LOOP('',(#8285,#8286));
#8285 = ORIENTED_EDGE('',*,*,#8270,.T.);
#8286 = ORIENTED_EDGE('',*,*,#1278,.T.);
#8287 = PLANE('',#8288);
#8288 = AXIS2_PLACEMENT_3D('',#8289,#8290,#8291);
#8289 = CARTESIAN_POINT('',(-5.31219058544,-5.835184825543,3.99));
#8290 = DIRECTION('',(0.,0.,1.));
#8291 = DIRECTION('',(1.,0.,-0.));
#8292 = ADVANCED_FACE('',(#8293),#8311,.T.);
#8293 = FACE_BOUND('',#8294,.T.);
#8294 = EDGE_LOOP('',(#8295,#8296,#8304,#8310));
#8295 = ORIENTED_EDGE('',*,*,#7758,.F.);
#8296 = ORIENTED_EDGE('',*,*,#8297,.F.);
#8297 = EDGE_CURVE('',#8298,#7751,#8300,.T.);
#8298 = VERTEX_POINT('',#8299);
#8299 = CARTESIAN_POINT('',(0.417416156068,0.25,3.5));
#8300 = LINE('',#8301,#8302);
#8301 = CARTESIAN_POINT('',(0.417416156068,0.25,3.5));
#8302 = VECTOR('',#8303,1.);
#8303 = DIRECTION('',(0.,0.,1.));
#8304 = ORIENTED_EDGE('',*,*,#8305,.T.);
#8305 = EDGE_CURVE('',#8298,#7681,#8306,.T.);
#8306 = LINE('',#8307,#8308);
#8307 = CARTESIAN_POINT('',(0.417416156068,2.464906438925,3.5));
#8308 = VECTOR('',#8309,1.);
#8309 = DIRECTION('',(1.713258644704E-16,1.,-0.));
#8310 = ORIENTED_EDGE('',*,*,#7689,.T.);
#8311 = PLANE('',#8312);
#8312 = AXIS2_PLACEMENT_3D('',#8313,#8314,#8315);
#8313 = CARTESIAN_POINT('',(0.417416156068,2.464906438925,3.5));
#8314 = DIRECTION('',(1.,-1.713258644704E-16,0.));
#8315 = DIRECTION('',(1.713258644704E-16,1.,0.));
#8316 = ADVANCED_FACE('',(#8317),#8328,.T.);
#8317 = FACE_BOUND('',#8318,.T.);
#8318 = EDGE_LOOP('',(#8319,#8320,#8321,#8327));
#8319 = ORIENTED_EDGE('',*,*,#7750,.F.);
#8320 = ORIENTED_EDGE('',*,*,#7706,.F.);
#8321 = ORIENTED_EDGE('',*,*,#8322,.T.);
#8322 = EDGE_CURVE('',#7707,#8298,#8323,.T.);
#8323 = LINE('',#8324,#8325);
#8324 = CARTESIAN_POINT('',(0.417416156068,0.25,3.5));
#8325 = VECTOR('',#8326,1.);
#8326 = DIRECTION('',(-1.,-0.,-0.));
#8327 = ORIENTED_EDGE('',*,*,#8297,.T.);
#8328 = PLANE('',#8329);
#8329 = AXIS2_PLACEMENT_3D('',#8330,#8331,#8332);
#8330 = CARTESIAN_POINT('',(0.417416156068,0.25,3.5));
#8331 = DIRECTION('',(0.,1.,0.));
#8332 = DIRECTION('',(0.,-0.,1.));
#8333 = ADVANCED_FACE('',(#8334),#8352,.T.);
#8334 = FACE_BOUND('',#8335,.T.);
#8335 = EDGE_LOOP('',(#8336,#8337,#8345,#8351));
#8336 = ORIENTED_EDGE('',*,*,#7775,.F.);
#8337 = ORIENTED_EDGE('',*,*,#8338,.F.);
#8338 = EDGE_CURVE('',#8339,#7768,#8341,.T.);
#8339 = VERTEX_POINT('',#8340);
#8340 = CARTESIAN_POINT('',(0.417416156068,-0.416666666667,3.5));
#8341 = LINE('',#8342,#8343);
#8342 = CARTESIAN_POINT('',(0.417416156068,-0.416666666667,3.5));
#8343 = VECTOR('',#8344,1.);
#8344 = DIRECTION('',(0.,0.,1.));
#8345 = ORIENTED_EDGE('',*,*,#8346,.T.);
#8346 = EDGE_CURVE('',#8339,#1304,#8347,.T.);
#8347 = LINE('',#8348,#8349);
#8348 = CARTESIAN_POINT('',(0.417416156068,-0.416666666667,3.5));
#8349 = VECTOR('',#8350,1.);
#8350 = DIRECTION('',(1.,0.,0.));
#8351 = ORIENTED_EDGE('',*,*,#1312,.T.);
#8352 = PLANE('',#8353);
#8353 = AXIS2_PLACEMENT_3D('',#8354,#8355,#8356);
#8354 = CARTESIAN_POINT('',(0.417416156068,-0.416666666667,3.5));
#8355 = DIRECTION('',(0.,-1.,0.));
#8356 = DIRECTION('',(0.,-0.,-1.));
#8357 = ADVANCED_FACE('',(#8358),#8369,.T.);
#8358 = FACE_BOUND('',#8359,.T.);
#8359 = EDGE_LOOP('',(#8360,#8361,#8362,#8368));
#8360 = ORIENTED_EDGE('',*,*,#7767,.F.);
#8361 = ORIENTED_EDGE('',*,*,#1329,.F.);
#8362 = ORIENTED_EDGE('',*,*,#8363,.T.);
#8363 = EDGE_CURVE('',#1330,#8339,#8364,.T.);
#8364 = LINE('',#8365,#8366);
#8365 = CARTESIAN_POINT('',(0.417416156068,-0.416666666667,3.5));
#8366 = VECTOR('',#8367,1.);
#8367 = DIRECTION('',(-1.323334049033E-16,1.,-0.));
#8368 = ORIENTED_EDGE('',*,*,#8338,.T.);
#8369 = PLANE('',#8370);
#8370 = AXIS2_PLACEMENT_3D('',#8371,#8372,#8373);
#8371 = CARTESIAN_POINT('',(0.417416156068,-0.416666666667,3.5));
#8372 = DIRECTION('',(1.,1.323334049033E-16,-0.));
#8373 = DIRECTION('',(-1.323334049033E-16,1.,0.));
#8374 = ADVANCED_FACE('',(#8375),#8393,.T.);
#8375 = FACE_BOUND('',#8376,.T.);
#8376 = EDGE_LOOP('',(#8377,#8378,#8386,#8392));
#8377 = ORIENTED_EDGE('',*,*,#7793,.F.);
#8378 = ORIENTED_EDGE('',*,*,#8379,.F.);
#8379 = EDGE_CURVE('',#8380,#7794,#8382,.T.);
#8380 = VERTEX_POINT('',#8381);
#8381 = CARTESIAN_POINT('',(-0.416666666667,-0.416666666667,3.5));
#8382 = LINE('',#8383,#8384);
#8383 = CARTESIAN_POINT('',(-0.416666666667,-0.416666666667,3.5));
#8384 = VECTOR('',#8385,1.);
#8385 = DIRECTION('',(0.,0.,1.));
#8386 = ORIENTED_EDGE('',*,*,#8387,.T.);
#8387 = EDGE_CURVE('',#8380,#1338,#8388,.T.);
#8388 = LINE('',#8389,#8390);
#8389 = CARTESIAN_POINT('',(-0.416666666667,-0.416666666667,3.5));
#8390 = VECTOR('',#8391,1.);
#8391 = DIRECTION('',(1.058601702483E-16,-1.,0.));
#8392 = ORIENTED_EDGE('',*,*,#1346,.T.);
#8393 = PLANE('',#8394);
#8394 = AXIS2_PLACEMENT_3D('',#8395,#8396,#8397);
#8395 = CARTESIAN_POINT('',(-0.416666666667,-0.416666666667,3.5));
#8396 = DIRECTION('',(-1.,-1.058601702483E-16,0.));
#8397 = DIRECTION('',(1.058601702483E-16,-1.,0.));
#8398 = ADVANCED_FACE('',(#8399),#8410,.T.);
#8399 = FACE_BOUND('',#8400,.T.);
#8400 = EDGE_LOOP('',(#8401,#8402,#8403,#8409));
#8401 = ORIENTED_EDGE('',*,*,#7802,.F.);
#8402 = ORIENTED_EDGE('',*,*,#1363,.F.);
#8403 = ORIENTED_EDGE('',*,*,#8404,.T.);
#8404 = EDGE_CURVE('',#1364,#8380,#8405,.T.);
#8405 = LINE('',#8406,#8407);
#8406 = CARTESIAN_POINT('',(-2.465033242958,-0.416666666667,3.5));
#8407 = VECTOR('',#8408,1.);
#8408 = DIRECTION('',(1.,0.,0.));
#8409 = ORIENTED_EDGE('',*,*,#8379,.T.);
#8410 = PLANE('',#8411);
#8411 = AXIS2_PLACEMENT_3D('',#8412,#8413,#8414);
#8412 = CARTESIAN_POINT('',(-2.465033242958,-0.416666666667,3.5));
#8413 = DIRECTION('',(0.,-1.,0.));
#8414 = DIRECTION('',(0.,-0.,-1.));
#8415 = ADVANCED_FACE('',(#8416),#8434,.T.);
#8416 = FACE_BOUND('',#8417,.T.);
#8417 = EDGE_LOOP('',(#8418,#8419,#8427,#8433));
#8418 = ORIENTED_EDGE('',*,*,#7741,.F.);
#8419 = ORIENTED_EDGE('',*,*,#8420,.F.);
#8420 = EDGE_CURVE('',#8421,#7734,#8423,.T.);
#8421 = VERTEX_POINT('',#8422);
#8422 = CARTESIAN_POINT('',(-0.416666666667,0.25,3.5));
#8423 = LINE('',#8424,#8425);
#8424 = CARTESIAN_POINT('',(-0.416666666667,0.25,3.5));
#8425 = VECTOR('',#8426,1.);
#8426 = DIRECTION('',(0.,0.,1.));
#8427 = ORIENTED_EDGE('',*,*,#8428,.T.);
#8428 = EDGE_CURVE('',#8421,#7647,#8429,.T.);
#8429 = LINE('',#8430,#8431);
#8430 = CARTESIAN_POINT('',(-2.487468592767,0.25,3.5));
#8431 = VECTOR('',#8432,1.);
#8432 = DIRECTION('',(-1.,-2.617831669028E-17,-0.));
#8433 = ORIENTED_EDGE('',*,*,#7655,.T.);
#8434 = PLANE('',#8435);
#8435 = AXIS2_PLACEMENT_3D('',#8436,#8437,#8438);
#8436 = CARTESIAN_POINT('',(-2.487468592767,0.25,3.5));
#8437 = DIRECTION('',(-2.617831669028E-17,1.,0.));
#8438 = DIRECTION('',(-1.,-2.617831669028E-17,0.));
#8439 = ADVANCED_FACE('',(#8440),#8451,.T.);
#8440 = FACE_BOUND('',#8441,.T.);
#8441 = EDGE_LOOP('',(#8442,#8443,#8444,#8450));
#8442 = ORIENTED_EDGE('',*,*,#7733,.F.);
#8443 = ORIENTED_EDGE('',*,*,#7672,.F.);
#8444 = ORIENTED_EDGE('',*,*,#8445,.T.);
#8445 = EDGE_CURVE('',#7673,#8421,#8446,.T.);
#8446 = LINE('',#8447,#8448);
#8447 = CARTESIAN_POINT('',(-0.416666666667,2.465033242958,3.5));
#8448 = VECTOR('',#8449,1.);
#8449 = DIRECTION('',(-1.223686118405E-16,-1.,0.));
#8450 = ORIENTED_EDGE('',*,*,#8420,.T.);
#8451 = PLANE('',#8452);
#8452 = AXIS2_PLACEMENT_3D('',#8453,#8454,#8455);
#8453 = CARTESIAN_POINT('',(-0.416666666667,2.465033242958,3.5));
#8454 = DIRECTION('',(-1.,1.223686118405E-16,0.));
#8455 = DIRECTION('',(-1.223686118405E-16,-1.,0.));
#8456 = ADVANCED_FACE('',(#8457),#8473,.F.);
#8457 = FACE_BOUND('',#8458,.T.);
#8458 = EDGE_LOOP('',(#8459,#8460,#8461,#8462,#8463,#8464,#8465,#8466,
    #8467,#8468,#8469,#8470,#8471,#8472));
#8459 = ORIENTED_EDGE('',*,*,#7680,.F.);
#8460 = ORIENTED_EDGE('',*,*,#8305,.F.);
#8461 = ORIENTED_EDGE('',*,*,#8322,.F.);
#8462 = ORIENTED_EDGE('',*,*,#7714,.F.);
#8463 = ORIENTED_EDGE('',*,*,#1303,.F.);
#8464 = ORIENTED_EDGE('',*,*,#8346,.F.);
#8465 = ORIENTED_EDGE('',*,*,#8363,.F.);
#8466 = ORIENTED_EDGE('',*,*,#1337,.F.);
#8467 = ORIENTED_EDGE('',*,*,#8387,.F.);
#8468 = ORIENTED_EDGE('',*,*,#8404,.F.);
#8469 = ORIENTED_EDGE('',*,*,#1371,.F.);
#8470 = ORIENTED_EDGE('',*,*,#7646,.F.);
#8471 = ORIENTED_EDGE('',*,*,#8428,.F.);
#8472 = ORIENTED_EDGE('',*,*,#8445,.F.);
#8473 = PLANE('',#8474);
#8474 = AXIS2_PLACEMENT_3D('',#8475,#8476,#8477);
#8475 = CARTESIAN_POINT('',(0.,0.,3.5));
#8476 = DIRECTION('',(0.,0.,1.));
#8477 = DIRECTION('',(1.,0.,-0.));
#8478 = ADVANCED_FACE('',(#8479),#8504,.F.);
#8479 = FACE_BOUND('',#8480,.T.);
#8480 = EDGE_LOOP('',(#8481,#8489,#8497,#8503));
#8481 = ORIENTED_EDGE('',*,*,#8482,.T.);
#8482 = EDGE_CURVE('',#3162,#8483,#8485,.T.);
#8483 = VERTEX_POINT('',#8484);
#8484 = CARTESIAN_POINT('',(-6.9,0.75,1.));
#8485 = LINE('',#8486,#8487);
#8486 = CARTESIAN_POINT('',(-8.1,0.75,1.));
#8487 = VECTOR('',#8488,1.);
#8488 = DIRECTION('',(1.,0.,0.));
#8489 = ORIENTED_EDGE('',*,*,#8490,.T.);
#8490 = EDGE_CURVE('',#8483,#8491,#8493,.T.);
#8491 = VERTEX_POINT('',#8492);
#8492 = CARTESIAN_POINT('',(-6.9,-0.75,1.));
#8493 = LINE('',#8494,#8495);
#8494 = CARTESIAN_POINT('',(-6.9,0.75,1.));
#8495 = VECTOR('',#8496,1.);
#8496 = DIRECTION('',(0.,-1.,0.));
#8497 = ORIENTED_EDGE('',*,*,#8498,.T.);
#8498 = EDGE_CURVE('',#8491,#3164,#8499,.T.);
#8499 = LINE('',#8500,#8501);
#8500 = CARTESIAN_POINT('',(-8.1,-0.75,1.));
#8501 = VECTOR('',#8502,1.);
#8502 = DIRECTION('',(-1.,-0.,-0.));
#8503 = ORIENTED_EDGE('',*,*,#3161,.F.);
#8504 = PLANE('',#8505);
#8505 = AXIS2_PLACEMENT_3D('',#8506,#8507,#8508);
#8506 = CARTESIAN_POINT('',(0.,0.,1.));
#8507 = DIRECTION('',(-0.,0.,1.));
#8508 = DIRECTION('',(1.,0.,0.));
#8509 = ADVANCED_FACE('',(#8510),#8521,.F.);
#8510 = FACE_BOUND('',#8511,.T.);
#8511 = EDGE_LOOP('',(#8512,#8513,#8519,#8520));
#8512 = ORIENTED_EDGE('',*,*,#8498,.F.);
#8513 = ORIENTED_EDGE('',*,*,#8514,.T.);
#8514 = EDGE_CURVE('',#8491,#4066,#8515,.T.);
#8515 = LINE('',#8516,#8517);
#8516 = CARTESIAN_POINT('',(-6.9,-0.75,1.));
#8517 = VECTOR('',#8518,1.);
#8518 = DIRECTION('',(-0.,-0.,-1.));
#8519 = ORIENTED_EDGE('',*,*,#4065,.T.);
#8520 = ORIENTED_EDGE('',*,*,#3171,.F.);
#8521 = PLANE('',#8522);
#8522 = AXIS2_PLACEMENT_3D('',#8523,#8524,#8525);
#8523 = CARTESIAN_POINT('',(-8.1,-0.75,1.));
#8524 = DIRECTION('',(0.,-1.,0.));
#8525 = DIRECTION('',(0.,-0.,-1.));
#8526 = ADVANCED_FACE('',(#8527),#8538,.F.);
#8527 = FACE_BOUND('',#8528,.T.);
#8528 = EDGE_LOOP('',(#8529,#8530,#8536,#8537));
#8529 = ORIENTED_EDGE('',*,*,#4081,.F.);
#8530 = ORIENTED_EDGE('',*,*,#8531,.F.);
#8531 = EDGE_CURVE('',#8483,#4074,#8532,.T.);
#8532 = LINE('',#8533,#8534);
#8533 = CARTESIAN_POINT('',(-6.9,0.75,1.));
#8534 = VECTOR('',#8535,1.);
#8535 = DIRECTION('',(-0.,-0.,-1.));
#8536 = ORIENTED_EDGE('',*,*,#8482,.F.);
#8537 = ORIENTED_EDGE('',*,*,#3219,.F.);
#8538 = PLANE('',#8539);
#8539 = AXIS2_PLACEMENT_3D('',#8540,#8541,#8542);
#8540 = CARTESIAN_POINT('',(-8.1,0.75,1.));
#8541 = DIRECTION('',(0.,1.,0.));
#8542 = DIRECTION('',(0.,-0.,1.));
#8543 = ADVANCED_FACE('',(#8544),#8550,.F.);
#8544 = FACE_BOUND('',#8545,.T.);
#8545 = EDGE_LOOP('',(#8546,#8547,#8548,#8549));
#8546 = ORIENTED_EDGE('',*,*,#4073,.T.);
#8547 = ORIENTED_EDGE('',*,*,#8514,.F.);
#8548 = ORIENTED_EDGE('',*,*,#8490,.F.);
#8549 = ORIENTED_EDGE('',*,*,#8531,.T.);
#8550 = PLANE('',#8551);
#8551 = AXIS2_PLACEMENT_3D('',#8552,#8553,#8554);
#8552 = CARTESIAN_POINT('',(-6.9,0.75,1.));
#8553 = DIRECTION('',(1.,0.,-0.));
#8554 = DIRECTION('',(-0.,0.,-1.));
#8555 = ADVANCED_FACE('',(#8556),#8581,.T.);
#8556 = FACE_BOUND('',#8557,.T.);
#8557 = EDGE_LOOP('',(#8558,#8559,#8567,#8575));
#8558 = ORIENTED_EDGE('',*,*,#3035,.T.);
#8559 = ORIENTED_EDGE('',*,*,#8560,.T.);
#8560 = EDGE_CURVE('',#3028,#8561,#8563,.T.);
#8561 = VERTEX_POINT('',#8562);
#8562 = CARTESIAN_POINT('',(6.9,-0.75,1.));
#8563 = LINE('',#8564,#8565);
#8564 = CARTESIAN_POINT('',(8.1,-0.75,1.));
#8565 = VECTOR('',#8566,1.);
#8566 = DIRECTION('',(-1.,0.,0.));
#8567 = ORIENTED_EDGE('',*,*,#8568,.T.);
#8568 = EDGE_CURVE('',#8561,#8569,#8571,.T.);
#8569 = VERTEX_POINT('',#8570);
#8570 = CARTESIAN_POINT('',(6.9,0.75,1.));
#8571 = LINE('',#8572,#8573);
#8572 = CARTESIAN_POINT('',(6.9,0.75,1.));
#8573 = VECTOR('',#8574,1.);
#8574 = DIRECTION('',(-0.,1.,0.));
#8575 = ORIENTED_EDGE('',*,*,#8576,.T.);
#8576 = EDGE_CURVE('',#8569,#3036,#8577,.T.);
#8577 = LINE('',#8578,#8579);
#8578 = CARTESIAN_POINT('',(8.1,0.75,1.));
#8579 = VECTOR('',#8580,1.);
#8580 = DIRECTION('',(1.,-0.,-0.));
#8581 = PLANE('',#8582);
#8582 = AXIS2_PLACEMENT_3D('',#8583,#8584,#8585);
#8583 = CARTESIAN_POINT('',(0.,0.,1.));
#8584 = DIRECTION('',(0.,0.,-1.));
#8585 = DIRECTION('',(-1.,0.,-0.));
#8586 = ADVANCED_FACE('',(#8587),#8598,.F.);
#8587 = FACE_BOUND('',#8588,.T.);
#8588 = EDGE_LOOP('',(#8589,#8590,#8596,#8597));
#8589 = ORIENTED_EDGE('',*,*,#4160,.F.);
#8590 = ORIENTED_EDGE('',*,*,#8591,.F.);
#8591 = EDGE_CURVE('',#8561,#4153,#8592,.T.);
#8592 = LINE('',#8593,#8594);
#8593 = CARTESIAN_POINT('',(6.9,-0.75,1.));
#8594 = VECTOR('',#8595,1.);
#8595 = DIRECTION('',(-0.,-0.,-1.));
#8596 = ORIENTED_EDGE('',*,*,#8560,.F.);
#8597 = ORIENTED_EDGE('',*,*,#3027,.F.);
#8598 = PLANE('',#8599);
#8599 = AXIS2_PLACEMENT_3D('',#8600,#8601,#8602);
#8600 = CARTESIAN_POINT('',(8.1,-0.75,1.));
#8601 = DIRECTION('',(0.,-1.,0.));
#8602 = DIRECTION('',(0.,-0.,-1.));
#8603 = ADVANCED_FACE('',(#8604),#8615,.F.);
#8604 = FACE_BOUND('',#8605,.T.);
#8605 = EDGE_LOOP('',(#8606,#8607,#8613,#8614));
#8606 = ORIENTED_EDGE('',*,*,#8576,.F.);
#8607 = ORIENTED_EDGE('',*,*,#8608,.T.);
#8608 = EDGE_CURVE('',#8569,#4145,#8609,.T.);
#8609 = LINE('',#8610,#8611);
#8610 = CARTESIAN_POINT('',(6.9,0.75,1.));
#8611 = VECTOR('',#8612,1.);
#8612 = DIRECTION('',(-0.,-0.,-1.));
#8613 = ORIENTED_EDGE('',*,*,#4144,.T.);
#8614 = ORIENTED_EDGE('',*,*,#3043,.F.);
#8615 = PLANE('',#8616);
#8616 = AXIS2_PLACEMENT_3D('',#8617,#8618,#8619);
#8617 = CARTESIAN_POINT('',(8.1,0.75,1.));
#8618 = DIRECTION('',(0.,1.,-0.));
#8619 = DIRECTION('',(0.,0.,1.));
#8620 = ADVANCED_FACE('',(#8621),#8627,.F.);
#8621 = FACE_BOUND('',#8622,.T.);
#8622 = EDGE_LOOP('',(#8623,#8624,#8625,#8626));
#8623 = ORIENTED_EDGE('',*,*,#4152,.T.);
#8624 = ORIENTED_EDGE('',*,*,#8608,.F.);
#8625 = ORIENTED_EDGE('',*,*,#8568,.F.);
#8626 = ORIENTED_EDGE('',*,*,#8591,.T.);
#8627 = PLANE('',#8628);
#8628 = AXIS2_PLACEMENT_3D('',#8629,#8630,#8631);
#8629 = CARTESIAN_POINT('',(6.9,0.75,1.));
#8630 = DIRECTION('',(-1.,-0.,0.));
#8631 = DIRECTION('',(0.,0.,1.));
#8632 = ADVANCED_FACE('',(#8633),#8658,.T.);
#8633 = FACE_BOUND('',#8634,.T.);
#8634 = EDGE_LOOP('',(#8635,#8636,#8644,#8652));
#8635 = ORIENTED_EDGE('',*,*,#1978,.T.);
#8636 = ORIENTED_EDGE('',*,*,#8637,.T.);
#8637 = EDGE_CURVE('',#1971,#8638,#8640,.T.);
#8638 = VERTEX_POINT('',#8639);
#8639 = CARTESIAN_POINT('',(-0.5,-7.,1.));
#8640 = LINE('',#8641,#8642);
#8641 = CARTESIAN_POINT('',(-0.5,-7.,1.));
#8642 = VECTOR('',#8643,1.);
#8643 = DIRECTION('',(1.084202172486E-16,1.,-0.));
#8644 = ORIENTED_EDGE('',*,*,#8645,.T.);
#8645 = EDGE_CURVE('',#8638,#8646,#8648,.T.);
#8646 = VERTEX_POINT('',#8647);
#8647 = CARTESIAN_POINT('',(0.5,-7.,1.));
#8648 = LINE('',#8649,#8650);
#8649 = CARTESIAN_POINT('',(0.5,-7.,1.));
#8650 = VECTOR('',#8651,1.);
#8651 = DIRECTION('',(1.,-0.,-0.));
#8652 = ORIENTED_EDGE('',*,*,#8653,.T.);
#8653 = EDGE_CURVE('',#8646,#1979,#8654,.T.);
#8654 = LINE('',#8655,#8656);
#8655 = CARTESIAN_POINT('',(0.5,-7.,1.));
#8656 = VECTOR('',#8657,1.);
#8657 = DIRECTION('',(-1.084202172486E-16,-1.,0.));
#8658 = PLANE('',#8659);
#8659 = AXIS2_PLACEMENT_3D('',#8660,#8661,#8662);
#8660 = CARTESIAN_POINT('',(0.,0.,1.));
#8661 = DIRECTION('',(0.,0.,-1.));
#8662 = DIRECTION('',(-1.,0.,0.));
#8663 = ADVANCED_FACE('',(#8664),#8675,.F.);
#8664 = FACE_BOUND('',#8665,.T.);
#8665 = EDGE_LOOP('',(#8666,#8667,#8673,#8674));
#8666 = ORIENTED_EDGE('',*,*,#4031,.F.);
#8667 = ORIENTED_EDGE('',*,*,#8668,.F.);
#8668 = EDGE_CURVE('',#8638,#4022,#8669,.T.);
#8669 = LINE('',#8670,#8671);
#8670 = CARTESIAN_POINT('',(-0.5,-7.,1.));
#8671 = VECTOR('',#8672,1.);
#8672 = DIRECTION('',(-0.,-0.,-1.));
#8673 = ORIENTED_EDGE('',*,*,#8637,.F.);
#8674 = ORIENTED_EDGE('',*,*,#1970,.F.);
#8675 = PLANE('',#8676);
#8676 = AXIS2_PLACEMENT_3D('',#8677,#8678,#8679);
#8677 = CARTESIAN_POINT('',(-0.5,-7.,1.));
#8678 = DIRECTION('',(-1.,1.084202172486E-16,0.));
#8679 = DIRECTION('',(-1.084202172486E-16,-1.,0.));
#8680 = ADVANCED_FACE('',(#8681),#8692,.F.);
#8681 = FACE_BOUND('',#8682,.T.);
#8682 = EDGE_LOOP('',(#8683,#8684,#8690,#8691));
#8683 = ORIENTED_EDGE('',*,*,#8653,.F.);
#8684 = ORIENTED_EDGE('',*,*,#8685,.T.);
#8685 = EDGE_CURVE('',#8646,#4024,#8686,.T.);
#8686 = LINE('',#8687,#8688);
#8687 = CARTESIAN_POINT('',(0.5,-7.,1.));
#8688 = VECTOR('',#8689,1.);
#8689 = DIRECTION('',(-0.,-0.,-1.));
#8690 = ORIENTED_EDGE('',*,*,#4194,.T.);
#8691 = ORIENTED_EDGE('',*,*,#1986,.F.);
#8692 = PLANE('',#8693);
#8693 = AXIS2_PLACEMENT_3D('',#8694,#8695,#8696);
#8694 = CARTESIAN_POINT('',(0.5,-7.,1.));
#8695 = DIRECTION('',(1.,-1.084202172486E-16,0.));
#8696 = DIRECTION('',(1.084202172486E-16,1.,0.));
#8697 = ADVANCED_FACE('',(#8698),#8704,.F.);
#8698 = FACE_BOUND('',#8699,.T.);
#8699 = EDGE_LOOP('',(#8700,#8701,#8702,#8703));
#8700 = ORIENTED_EDGE('',*,*,#4021,.T.);
#8701 = ORIENTED_EDGE('',*,*,#8685,.F.);
#8702 = ORIENTED_EDGE('',*,*,#8645,.F.);
#8703 = ORIENTED_EDGE('',*,*,#8668,.T.);
#8704 = PLANE('',#8705);
#8705 = AXIS2_PLACEMENT_3D('',#8706,#8707,#8708);
#8706 = CARTESIAN_POINT('',(0.5,-7.,1.));
#8707 = DIRECTION('',(0.,1.,-0.));
#8708 = DIRECTION('',(0.,0.,1.));
#8709 = ADVANCED_FACE('',(#8710),#8722,.F.);
#8710 = FACE_BOUND('',#8711,.F.);
#8711 = EDGE_LOOP('',(#8712,#8713,#8714,#8721));
#8712 = ORIENTED_EDGE('',*,*,#3759,.F.);
#8713 = ORIENTED_EDGE('',*,*,#1209,.F.);
#8714 = ORIENTED_EDGE('',*,*,#8715,.T.);
#8715 = EDGE_CURVE('',#1210,#1229,#8716,.T.);
#8716 = CIRCLE('',#8717,5.5);
#8717 = AXIS2_PLACEMENT_3D('',#8718,#8719,#8720);
#8718 = CARTESIAN_POINT('',(0.,0.,0.1));
#8719 = DIRECTION('',(0.,0.,-1.));
#8720 = DIRECTION('',(-1.,0.,0.));
#8721 = ORIENTED_EDGE('',*,*,#1228,.T.);
#8722 = CYLINDRICAL_SURFACE('',#8723,5.5);
#8723 = AXIS2_PLACEMENT_3D('',#8724,#8725,#8726);
#8724 = CARTESIAN_POINT('',(0.,0.,0.1));
#8725 = DIRECTION('',(-0.,-0.,-1.));
#8726 = DIRECTION('',(-1.,0.,0.));
#8727 = ADVANCED_FACE('',(#8728,#8738),#8742,.T.);
#8728 = FACE_BOUND('',#8729,.T.);
#8729 = EDGE_LOOP('',(#8730,#8737));
#8730 = ORIENTED_EDGE('',*,*,#8731,.F.);
#8731 = EDGE_CURVE('',#1187,#1179,#8732,.T.);
#8732 = CIRCLE('',#8733,4.5);
#8733 = AXIS2_PLACEMENT_3D('',#8734,#8735,#8736);
#8734 = CARTESIAN_POINT('',(0.,0.,0.1));
#8735 = DIRECTION('',(0.,0.,-1.));
#8736 = DIRECTION('',(-1.,0.,0.));
#8737 = ORIENTED_EDGE('',*,*,#1186,.F.);
#8738 = FACE_BOUND('',#8739,.T.);
#8739 = EDGE_LOOP('',(#8740,#8741));
#8740 = ORIENTED_EDGE('',*,*,#8715,.T.);
#8741 = ORIENTED_EDGE('',*,*,#1236,.T.);
#8742 = PLANE('',#8743);
#8743 = AXIS2_PLACEMENT_3D('',#8744,#8745,#8746);
#8744 = CARTESIAN_POINT('',(0.,0.,0.1));
#8745 = DIRECTION('',(0.,0.,-1.));
#8746 = DIRECTION('',(-1.,0.,-0.));
#8747 = ADVANCED_FACE('',(#8748),#8760,.T.);
#8748 = FACE_BOUND('',#8749,.T.);
#8749 = EDGE_LOOP('',(#8750,#8751,#8758,#8759));
#8750 = ORIENTED_EDGE('',*,*,#1178,.F.);
#8751 = ORIENTED_EDGE('',*,*,#8752,.F.);
#8752 = EDGE_CURVE('',#1170,#1168,#8753,.T.);
#8753 = CIRCLE('',#8754,4.5);
#8754 = AXIS2_PLACEMENT_3D('',#8755,#8756,#8757);
#8755 = CARTESIAN_POINT('',(0.,0.,9.E-02));
#8756 = DIRECTION('',(0.,0.,-1.));
#8757 = DIRECTION('',(-1.,0.,0.));
#8758 = ORIENTED_EDGE('',*,*,#1195,.T.);
#8759 = ORIENTED_EDGE('',*,*,#8731,.T.);
#8760 = CYLINDRICAL_SURFACE('',#8761,4.5);
#8761 = AXIS2_PLACEMENT_3D('',#8762,#8763,#8764);
#8762 = CARTESIAN_POINT('',(0.,0.,9.E-02));
#8763 = DIRECTION('',(-0.,-0.,1.));
#8764 = DIRECTION('',(1.,0.,0.));
#8765 = ADVANCED_FACE('',(#8766),#8770,.T.);
#8766 = FACE_BOUND('',#8767,.T.);
#8767 = EDGE_LOOP('',(#8768,#8769));
#8768 = ORIENTED_EDGE('',*,*,#8752,.T.);
#8769 = ORIENTED_EDGE('',*,*,#1167,.T.);
#8770 = PLANE('',#8771);
#8771 = AXIS2_PLACEMENT_3D('',#8772,#8773,#8774);
#8772 = CARTESIAN_POINT('',(0.,0.,9.E-02));
#8773 = DIRECTION('',(0.,0.,-1.));
#8774 = DIRECTION('',(-1.,0.,-0.));
#8775 = ADVANCED_FACE('',(#8776),#8802,.F.);
#8776 = FACE_BOUND('',#8777,.T.);
#8777 = EDGE_LOOP('',(#8778,#8779,#8780,#8788,#8796));
#8778 = ORIENTED_EDGE('',*,*,#3099,.T.);
#8779 = ORIENTED_EDGE('',*,*,#6826,.F.);
#8780 = ORIENTED_EDGE('',*,*,#8781,.F.);
#8781 = EDGE_CURVE('',#8782,#6827,#8784,.T.);
#8782 = VERTEX_POINT('',#8783);
#8783 = CARTESIAN_POINT('',(-1.75,6.5,3.64));
#8784 = LINE('',#8785,#8786);
#8785 = CARTESIAN_POINT('',(-1.75,6.5,3.64));
#8786 = VECTOR('',#8787,1.);
#8787 = DIRECTION('',(-0.,1.,-0.));
#8788 = ORIENTED_EDGE('',*,*,#8789,.F.);
#8789 = EDGE_CURVE('',#8790,#8782,#8792,.T.);
#8790 = VERTEX_POINT('',#8791);
#8791 = CARTESIAN_POINT('',(-1.75,6.5,3.24));
#8792 = LINE('',#8793,#8794);
#8793 = CARTESIAN_POINT('',(-1.75,6.5,3.24));
#8794 = VECTOR('',#8795,1.);
#8795 = DIRECTION('',(-5.421010862428E-16,0.,1.));
#8796 = ORIENTED_EDGE('',*,*,#8797,.T.);
#8797 = EDGE_CURVE('',#8790,#3100,#8798,.T.);
#8798 = LINE('',#8799,#8800);
#8799 = CARTESIAN_POINT('',(-1.75,6.5,3.24));
#8800 = VECTOR('',#8801,1.);
#8801 = DIRECTION('',(-0.,1.,-0.));
#8802 = PLANE('',#8803);
#8803 = AXIS2_PLACEMENT_3D('',#8804,#8805,#8806);
#8804 = CARTESIAN_POINT('',(-1.75,6.5,3.24));
#8805 = DIRECTION('',(-1.,0.,-5.421010862428E-16));
#8806 = DIRECTION('',(-5.421010862428E-16,0.,1.));
#8807 = ADVANCED_FACE('',(#8808),#8826,.F.);
#8808 = FACE_BOUND('',#8809,.T.);
#8809 = EDGE_LOOP('',(#8810,#8811,#8812,#8820));
#8810 = ORIENTED_EDGE('',*,*,#3107,.T.);
#8811 = ORIENTED_EDGE('',*,*,#8797,.F.);
#8812 = ORIENTED_EDGE('',*,*,#8813,.F.);
#8813 = EDGE_CURVE('',#8814,#8790,#8816,.T.);
#8814 = VERTEX_POINT('',#8815);
#8815 = CARTESIAN_POINT('',(1.75,6.5,3.24));
#8816 = LINE('',#8817,#8818);
#8817 = CARTESIAN_POINT('',(1.75,6.5,3.24));
#8818 = VECTOR('',#8819,1.);
#8819 = DIRECTION('',(-1.,0.,0.));
#8820 = ORIENTED_EDGE('',*,*,#8821,.T.);
#8821 = EDGE_CURVE('',#8814,#3108,#8822,.T.);
#8822 = LINE('',#8823,#8824);
#8823 = CARTESIAN_POINT('',(1.75,6.5,3.24));
#8824 = VECTOR('',#8825,1.);
#8825 = DIRECTION('',(-0.,1.,-0.));
#8826 = PLANE('',#8827);
#8827 = AXIS2_PLACEMENT_3D('',#8828,#8829,#8830);
#8828 = CARTESIAN_POINT('',(1.75,6.5,3.24));
#8829 = DIRECTION('',(-0.,0.,-1.));
#8830 = DIRECTION('',(-1.,0.,0.));
#8831 = ADVANCED_FACE('',(#8832),#8851,.F.);
#8832 = FACE_BOUND('',#8833,.T.);
#8833 = EDGE_LOOP('',(#8834,#8835,#8836,#8844,#8850));
#8834 = ORIENTED_EDGE('',*,*,#3115,.T.);
#8835 = ORIENTED_EDGE('',*,*,#8821,.F.);
#8836 = ORIENTED_EDGE('',*,*,#8837,.F.);
#8837 = EDGE_CURVE('',#8838,#8814,#8840,.T.);
#8838 = VERTEX_POINT('',#8839);
#8839 = CARTESIAN_POINT('',(1.75,6.5,3.64));
#8840 = LINE('',#8841,#8842);
#8841 = CARTESIAN_POINT('',(1.75,6.5,3.24));
#8842 = VECTOR('',#8843,1.);
#8843 = DIRECTION('',(-0.,-0.,-1.));
#8844 = ORIENTED_EDGE('',*,*,#8845,.T.);
#8845 = EDGE_CURVE('',#8838,#6854,#8846,.T.);
#8846 = LINE('',#8847,#8848);
#8847 = CARTESIAN_POINT('',(1.75,6.5,3.64));
#8848 = VECTOR('',#8849,1.);
#8849 = DIRECTION('',(-0.,1.,-0.));
#8850 = ORIENTED_EDGE('',*,*,#6853,.T.);
#8851 = PLANE('',#8852);
#8852 = AXIS2_PLACEMENT_3D('',#8853,#8854,#8855);
#8853 = CARTESIAN_POINT('',(1.75,6.5,3.24));
#8854 = DIRECTION('',(1.,0.,-0.));
#8855 = DIRECTION('',(-0.,0.,-1.));
#8856 = ADVANCED_FACE('',(#8857),#8868,.F.);
#8857 = FACE_BOUND('',#8858,.T.);
#8858 = EDGE_LOOP('',(#8859,#8860,#8861,#8867));
#8859 = ORIENTED_EDGE('',*,*,#7483,.F.);
#8860 = ORIENTED_EDGE('',*,*,#8845,.F.);
#8861 = ORIENTED_EDGE('',*,*,#8862,.F.);
#8862 = EDGE_CURVE('',#8782,#8838,#8863,.T.);
#8863 = LINE('',#8864,#8865);
#8864 = CARTESIAN_POINT('',(1.75,6.5,3.64));
#8865 = VECTOR('',#8866,1.);
#8866 = DIRECTION('',(1.,-0.,-0.));
#8867 = ORIENTED_EDGE('',*,*,#8781,.T.);
#8868 = PLANE('',#8869);
#8869 = AXIS2_PLACEMENT_3D('',#8870,#8871,#8872);
#8870 = CARTESIAN_POINT('',(1.75,6.5,3.64));
#8871 = DIRECTION('',(0.,0.,1.));
#8872 = DIRECTION('',(1.,0.,-0.));
#8873 = ADVANCED_FACE('',(#8874),#8880,.F.);
#8874 = FACE_BOUND('',#8875,.T.);
#8875 = EDGE_LOOP('',(#8876,#8877,#8878,#8879));
#8876 = ORIENTED_EDGE('',*,*,#8789,.T.);
#8877 = ORIENTED_EDGE('',*,*,#8862,.T.);
#8878 = ORIENTED_EDGE('',*,*,#8837,.T.);
#8879 = ORIENTED_EDGE('',*,*,#8813,.T.);
#8880 = PLANE('',#8881);
#8881 = AXIS2_PLACEMENT_3D('',#8882,#8883,#8884);
#8882 = CARTESIAN_POINT('',(0.,6.5,0.));
#8883 = DIRECTION('',(0.,-1.,0.));
#8884 = DIRECTION('',(0.,-0.,-1.));
#8885 = ADVANCED_FACE('',(#8886),#8911,.F.);
#8886 = FACE_BOUND('',#8887,.T.);
#8887 = EDGE_LOOP('',(#8888,#8889,#8897,#8905));
#8888 = ORIENTED_EDGE('',*,*,#2026,.T.);
#8889 = ORIENTED_EDGE('',*,*,#8890,.F.);
#8890 = EDGE_CURVE('',#8891,#2029,#8893,.T.);
#8891 = VERTEX_POINT('',#8892);
#8892 = CARTESIAN_POINT('',(-4.398925759689,-7.51,1.240163032379));
#8893 = LINE('',#8894,#8895);
#8894 = CARTESIAN_POINT('',(-4.398925759689,-7.51,1.240163032379));
#8895 = VECTOR('',#8896,1.);
#8896 = DIRECTION('',(-0.,1.,-0.));
#8897 = ORIENTED_EDGE('',*,*,#8898,.F.);
#8898 = EDGE_CURVE('',#8899,#8891,#8901,.T.);
#8899 = VERTEX_POINT('',#8900);
#8900 = CARTESIAN_POINT('',(-4.398925759689,-7.51,1.200745809771));
#8901 = LINE('',#8902,#8903);
#8902 = CARTESIAN_POINT('',(-4.398925759689,-7.51,1.240163032379));
#8903 = VECTOR('',#8904,1.);
#8904 = DIRECTION('',(-0.,-0.,1.));
#8905 = ORIENTED_EDGE('',*,*,#8906,.T.);
#8906 = EDGE_CURVE('',#8899,#2027,#8907,.T.);
#8907 = LINE('',#8908,#8909);
#8908 = CARTESIAN_POINT('',(-4.398925759689,-7.51,1.200745809771));
#8909 = VECTOR('',#8910,1.);
#8910 = DIRECTION('',(-0.,1.,-0.));
#8911 = PLANE('',#8912);
#8912 = AXIS2_PLACEMENT_3D('',#8913,#8914,#8915);
#8913 = CARTESIAN_POINT('',(-4.398925759689,-7.51,1.240163032379));
#8914 = DIRECTION('',(-1.,0.,-0.));
#8915 = DIRECTION('',(0.,0.,1.));
#8916 = ADVANCED_FACE('',(#8917),#8935,.F.);
#8917 = FACE_BOUND('',#8918,.T.);
#8918 = EDGE_LOOP('',(#8919,#8920,#8928,#8934));
#8919 = ORIENTED_EDGE('',*,*,#2068,.T.);
#8920 = ORIENTED_EDGE('',*,*,#8921,.F.);
#8921 = EDGE_CURVE('',#8922,#2061,#8924,.T.);
#8922 = VERTEX_POINT('',#8923);
#8923 = CARTESIAN_POINT('',(-4.536620900548,-7.51,1.240163032379));
#8924 = LINE('',#8925,#8926);
#8925 = CARTESIAN_POINT('',(-4.536620900548,-7.51,1.240163032379));
#8926 = VECTOR('',#8927,1.);
#8927 = DIRECTION('',(-0.,1.,-0.));
#8928 = ORIENTED_EDGE('',*,*,#8929,.F.);
#8929 = EDGE_CURVE('',#8891,#8922,#8930,.T.);
#8930 = LINE('',#8931,#8932);
#8931 = CARTESIAN_POINT('',(-4.536620900548,-7.51,1.240163032379));
#8932 = VECTOR('',#8933,1.);
#8933 = DIRECTION('',(-1.,-0.,-0.));
#8934 = ORIENTED_EDGE('',*,*,#8890,.T.);
#8935 = PLANE('',#8936);
#8936 = AXIS2_PLACEMENT_3D('',#8937,#8938,#8939);
#8937 = CARTESIAN_POINT('',(-4.536620900548,-7.51,1.240163032379));
#8938 = DIRECTION('',(0.,0.,-1.));
#8939 = DIRECTION('',(-1.,0.,-0.));
#8940 = ADVANCED_FACE('',(#8941),#8959,.F.);
#8941 = FACE_BOUND('',#8942,.T.);
#8942 = EDGE_LOOP('',(#8943,#8944,#8952,#8958));
#8943 = ORIENTED_EDGE('',*,*,#2060,.T.);
#8944 = ORIENTED_EDGE('',*,*,#8945,.F.);
#8945 = EDGE_CURVE('',#8946,#2053,#8948,.T.);
#8946 = VERTEX_POINT('',#8947);
#8947 = CARTESIAN_POINT('',(-4.536620900548,-7.51,1.546486112105));
#8948 = LINE('',#8949,#8950);
#8949 = CARTESIAN_POINT('',(-4.536620900548,-7.51,1.546486112105));
#8950 = VECTOR('',#8951,1.);
#8951 = DIRECTION('',(-0.,1.,-0.));
#8952 = ORIENTED_EDGE('',*,*,#8953,.F.);
#8953 = EDGE_CURVE('',#8922,#8946,#8954,.T.);
#8954 = LINE('',#8955,#8956);
#8955 = CARTESIAN_POINT('',(-4.536620900548,-7.51,1.546486112105));
#8956 = VECTOR('',#8957,1.);
#8957 = DIRECTION('',(-0.,-0.,1.));
#8958 = ORIENTED_EDGE('',*,*,#8921,.T.);
#8959 = PLANE('',#8960);
#8960 = AXIS2_PLACEMENT_3D('',#8961,#8962,#8963);
#8961 = CARTESIAN_POINT('',(-4.536620900548,-7.51,1.546486112105));
#8962 = DIRECTION('',(-1.,0.,-0.));
#8963 = DIRECTION('',(0.,0.,1.));
#8964 = ADVANCED_FACE('',(#8965),#8983,.F.);
#8965 = FACE_BOUND('',#8966,.T.);
#8966 = EDGE_LOOP('',(#8967,#8968,#8976,#8982));
#8967 = ORIENTED_EDGE('',*,*,#2052,.T.);
#8968 = ORIENTED_EDGE('',*,*,#8969,.F.);
#8969 = EDGE_CURVE('',#8970,#2045,#8972,.T.);
#8970 = VERTEX_POINT('',#8971);
#8971 = CARTESIAN_POINT('',(-4.581252509106,-7.51,1.546486112105));
#8972 = LINE('',#8973,#8974);
#8973 = CARTESIAN_POINT('',(-4.581252509106,-7.51,1.546486112105));
#8974 = VECTOR('',#8975,1.);
#8975 = DIRECTION('',(-0.,1.,-0.));
#8976 = ORIENTED_EDGE('',*,*,#8977,.F.);
#8977 = EDGE_CURVE('',#8946,#8970,#8978,.T.);
#8978 = LINE('',#8979,#8980);
#8979 = CARTESIAN_POINT('',(-4.581252509106,-7.51,1.546486112105));
#8980 = VECTOR('',#8981,1.);
#8981 = DIRECTION('',(-1.,-0.,-0.));
#8982 = ORIENTED_EDGE('',*,*,#8945,.T.);
#8983 = PLANE('',#8984);
#8984 = AXIS2_PLACEMENT_3D('',#8985,#8986,#8987);
#8985 = CARTESIAN_POINT('',(-4.581252509106,-7.51,1.546486112105));
#8986 = DIRECTION('',(0.,0.,-1.));
#8987 = DIRECTION('',(-1.,0.,-0.));
#8988 = ADVANCED_FACE('',(#8989),#9007,.F.);
#8989 = FACE_BOUND('',#8990,.T.);
#8990 = EDGE_LOOP('',(#8991,#8992,#9000,#9006));
#8991 = ORIENTED_EDGE('',*,*,#2044,.T.);
#8992 = ORIENTED_EDGE('',*,*,#8993,.F.);
#8993 = EDGE_CURVE('',#8994,#2037,#8996,.T.);
#8994 = VERTEX_POINT('',#8995);
#8995 = CARTESIAN_POINT('',(-4.581252509106,-7.51,1.200745809771));
#8996 = LINE('',#8997,#8998);
#8997 = CARTESIAN_POINT('',(-4.581252509106,-7.51,1.200745809771));
#8998 = VECTOR('',#8999,1.);
#8999 = DIRECTION('',(-0.,1.,-0.));
#9000 = ORIENTED_EDGE('',*,*,#9001,.F.);
#9001 = EDGE_CURVE('',#8970,#8994,#9002,.T.);
#9002 = LINE('',#9003,#9004);
#9003 = CARTESIAN_POINT('',(-4.581252509106,-7.51,1.200745809771));
#9004 = VECTOR('',#9005,1.);
#9005 = DIRECTION('',(-0.,-0.,-1.));
#9006 = ORIENTED_EDGE('',*,*,#8969,.T.);
#9007 = PLANE('',#9008);
#9008 = AXIS2_PLACEMENT_3D('',#9009,#9010,#9011);
#9009 = CARTESIAN_POINT('',(-4.581252509106,-7.51,1.200745809771));
#9010 = DIRECTION('',(1.,0.,-0.));
#9011 = DIRECTION('',(-0.,0.,-1.));
#9012 = ADVANCED_FACE('',(#9013),#9024,.F.);
#9013 = FACE_BOUND('',#9014,.T.);
#9014 = EDGE_LOOP('',(#9015,#9016,#9017,#9023));
#9015 = ORIENTED_EDGE('',*,*,#2036,.T.);
#9016 = ORIENTED_EDGE('',*,*,#8906,.F.);
#9017 = ORIENTED_EDGE('',*,*,#9018,.F.);
#9018 = EDGE_CURVE('',#8994,#8899,#9019,.T.);
#9019 = LINE('',#9020,#9021);
#9020 = CARTESIAN_POINT('',(-4.398925759689,-7.51,1.200745809771));
#9021 = VECTOR('',#9022,1.);
#9022 = DIRECTION('',(1.,-0.,-0.));
#9023 = ORIENTED_EDGE('',*,*,#8993,.T.);
#9024 = PLANE('',#9025);
#9025 = AXIS2_PLACEMENT_3D('',#9026,#9027,#9028);
#9026 = CARTESIAN_POINT('',(-4.398925759689,-7.51,1.200745809771));
#9027 = DIRECTION('',(0.,0.,1.));
#9028 = DIRECTION('',(1.,0.,-0.));
#9029 = ADVANCED_FACE('',(#9030),#9038,.F.);
#9030 = FACE_BOUND('',#9031,.T.);
#9031 = EDGE_LOOP('',(#9032,#9033,#9034,#9035,#9036,#9037));
#9032 = ORIENTED_EDGE('',*,*,#8898,.T.);
#9033 = ORIENTED_EDGE('',*,*,#8929,.T.);
#9034 = ORIENTED_EDGE('',*,*,#8953,.T.);
#9035 = ORIENTED_EDGE('',*,*,#8977,.T.);
#9036 = ORIENTED_EDGE('',*,*,#9001,.T.);
#9037 = ORIENTED_EDGE('',*,*,#9018,.T.);
#9038 = PLANE('',#9039);
#9039 = AXIS2_PLACEMENT_3D('',#9040,#9041,#9042);
#9040 = CARTESIAN_POINT('',(0.,-7.51,0.));
#9041 = DIRECTION('',(0.,1.,0.));
#9042 = DIRECTION('',(0.,-0.,1.));
#9043 = ADVANCED_FACE('',(#9044),#9070,.F.);
#9044 = FACE_BOUND('',#9045,.F.);
#9045 = EDGE_LOOP('',(#9046,#9054,#9063,#9069));
#9046 = ORIENTED_EDGE('',*,*,#9047,.F.);
#9047 = EDGE_CURVE('',#9048,#1835,#9050,.T.);
#9048 = VERTEX_POINT('',#9049);
#9049 = CARTESIAN_POINT('',(-4.221636637378,-7.51,1.19491276786));
#9050 = LINE('',#9051,#9052);
#9051 = CARTESIAN_POINT('',(-4.221636637378,-7.51,1.19491276786));
#9052 = VECTOR('',#9053,1.);
#9053 = DIRECTION('',(-0.,1.,-0.));
#9054 = ORIENTED_EDGE('',*,*,#9055,.T.);
#9055 = EDGE_CURVE('',#9048,#9056,#9058,.T.);
#9056 = VERTEX_POINT('',#9057);
#9057 = CARTESIAN_POINT('',(-4.125921722391,-7.51,1.215063276279));
#9058 = B_SPLINE_CURVE_WITH_KNOTS('',3,(#9059,#9060,#9061,#9062),
  .UNSPECIFIED.,.F.,.F.,(4,4),(0.,1.),.PIECEWISE_BEZIER_KNOTS.);
#9059 = CARTESIAN_POINT('',(-4.221636637378,-7.51,1.19491276786));
#9060 = CARTESIAN_POINT('',(-4.183279967846,-7.51,1.19491276786));
#9061 = CARTESIAN_POINT('',(-4.151374996183,-7.51,1.201629603999));
#9062 = CARTESIAN_POINT('',(-4.125921722391,-7.51,1.215063276279));
#9063 = ORIENTED_EDGE('',*,*,#9064,.T.);
#9064 = EDGE_CURVE('',#9056,#1837,#9065,.T.);
#9065 = LINE('',#9066,#9067);
#9066 = CARTESIAN_POINT('',(-4.125921722391,-7.51,1.215063276279));
#9067 = VECTOR('',#9068,1.);
#9068 = DIRECTION('',(-0.,1.,-0.));
#9069 = ORIENTED_EDGE('',*,*,#1834,.F.);
#9070 = B_SPLINE_SURFACE_WITH_KNOTS('',3,1,(
    (#9071,#9072)
    ,(#9073,#9074)
    ,(#9075,#9076)
    ,(#9077,#9078
    )),.UNSPECIFIED.,.F.,.F.,.F.,(4,4),(2,2),(0.,1.),(0.,1.),
  .PIECEWISE_BEZIER_KNOTS.);
#9071 = CARTESIAN_POINT('',(-4.221636637378,-7.51,1.19491276786));
#9072 = CARTESIAN_POINT('',(-4.221636637378,-7.5,1.19491276786));
#9073 = CARTESIAN_POINT('',(-4.183279967846,-7.51,1.19491276786));
#9074 = CARTESIAN_POINT('',(-4.183279967846,-7.5,1.19491276786));
#9075 = CARTESIAN_POINT('',(-4.151374996183,-7.51,1.201629603999));
#9076 = CARTESIAN_POINT('',(-4.151374996183,-7.5,1.201629603999));
#9077 = CARTESIAN_POINT('',(-4.125921722391,-7.51,1.215063276279));
#9078 = CARTESIAN_POINT('',(-4.125921722391,-7.5,1.215063276279));
#9079 = ADVANCED_FACE('',(#9080),#9098,.F.);
#9080 = FACE_BOUND('',#9081,.T.);
#9081 = EDGE_LOOP('',(#9082,#9083,#9091,#9097));
#9082 = ORIENTED_EDGE('',*,*,#1952,.T.);
#9083 = ORIENTED_EDGE('',*,*,#9084,.F.);
#9084 = EDGE_CURVE('',#9085,#1944,#9087,.T.);
#9085 = VERTEX_POINT('',#9086);
#9086 = CARTESIAN_POINT('',(-4.125921722391,-7.51,1.257838916957));
#9087 = LINE('',#9088,#9089);
#9088 = CARTESIAN_POINT('',(-4.125921722391,-7.51,1.257838916957));
#9089 = VECTOR('',#9090,1.);
#9090 = DIRECTION('',(-0.,1.,-0.));
#9091 = ORIENTED_EDGE('',*,*,#9092,.F.);
#9092 = EDGE_CURVE('',#9056,#9085,#9093,.T.);
#9093 = LINE('',#9094,#9095);
#9094 = CARTESIAN_POINT('',(-4.125921722391,-7.51,1.257838916957));
#9095 = VECTOR('',#9096,1.);
#9096 = DIRECTION('',(-0.,-0.,1.));
#9097 = ORIENTED_EDGE('',*,*,#9064,.T.);
#9098 = PLANE('',#9099);
#9099 = AXIS2_PLACEMENT_3D('',#9100,#9101,#9102);
#9100 = CARTESIAN_POINT('',(-4.125921722391,-7.51,1.257838916957));
#9101 = DIRECTION('',(-1.,0.,-0.));
#9102 = DIRECTION('',(0.,0.,1.));
#9103 = ADVANCED_FACE('',(#9104),#9123,.F.);
#9104 = FACE_BOUND('',#9105,.F.);
#9105 = EDGE_LOOP('',(#9106,#9107,#9116,#9122));
#9106 = ORIENTED_EDGE('',*,*,#9084,.F.);
#9107 = ORIENTED_EDGE('',*,*,#9108,.T.);
#9108 = EDGE_CURVE('',#9085,#9109,#9111,.T.);
#9109 = VERTEX_POINT('',#9110);
#9110 = CARTESIAN_POINT('',(-4.215184939508,-7.51,1.234683508159));
#9111 = B_SPLINE_CURVE_WITH_KNOTS('',3,(#9112,#9113,#9114,#9115),
  .UNSPECIFIED.,.F.,.F.,(4,4),(12.,13.),.PIECEWISE_BEZIER_KNOTS.);
#9112 = CARTESIAN_POINT('',(-4.125921722391,-7.51,1.257838916957));
#9113 = CARTESIAN_POINT('',(-4.151198237338,-7.51,1.242460897374));
#9114 = CARTESIAN_POINT('',(-4.180982102851,-7.51,1.234683508159));
#9115 = CARTESIAN_POINT('',(-4.215184939508,-7.51,1.234683508159));
#9116 = ORIENTED_EDGE('',*,*,#9117,.T.);
#9117 = EDGE_CURVE('',#9109,#1935,#9118,.T.);
#9118 = LINE('',#9119,#9120);
#9119 = CARTESIAN_POINT('',(-4.215184939508,-7.51,1.234683508159));
#9120 = VECTOR('',#9121,1.);
#9121 = DIRECTION('',(-0.,1.,-0.));
#9122 = ORIENTED_EDGE('',*,*,#1943,.F.);
#9123 = B_SPLINE_SURFACE_WITH_KNOTS('',3,1,(
    (#9124,#9125)
    ,(#9126,#9127)
    ,(#9128,#9129)
    ,(#9130,#9131
    )),.UNSPECIFIED.,.F.,.F.,.F.,(4,4),(2,2),(12.,13.),(0.,1.),
  .PIECEWISE_BEZIER_KNOTS.);
#9124 = CARTESIAN_POINT('',(-4.125921722391,-7.51,1.257838916957));
#9125 = CARTESIAN_POINT('',(-4.125921722391,-7.5,1.257838916957));
#9126 = CARTESIAN_POINT('',(-4.151198237338,-7.51,1.242460897374));
#9127 = CARTESIAN_POINT('',(-4.151198237338,-7.5,1.242460897374));
#9128 = CARTESIAN_POINT('',(-4.180982102851,-7.51,1.234683508159));
#9129 = CARTESIAN_POINT('',(-4.180982102851,-7.5,1.234683508159));
#9130 = CARTESIAN_POINT('',(-4.215184939508,-7.51,1.234683508159));
#9131 = CARTESIAN_POINT('',(-4.215184939508,-7.5,1.234683508159));
#9132 = ADVANCED_FACE('',(#9133),#9152,.F.);
#9133 = FACE_BOUND('',#9134,.F.);
#9134 = EDGE_LOOP('',(#9135,#9136,#9145,#9151));
#9135 = ORIENTED_EDGE('',*,*,#9117,.F.);
#9136 = ORIENTED_EDGE('',*,*,#9137,.T.);
#9137 = EDGE_CURVE('',#9109,#9138,#9140,.T.);
#9138 = VERTEX_POINT('',#9139);
#9139 = CARTESIAN_POINT('',(-4.304006259509,-7.51,1.271095830389));
#9140 = B_SPLINE_CURVE_WITH_KNOTS('',3,(#9141,#9142,#9143,#9144),
  .UNSPECIFIED.,.F.,.F.,(4,4),(11.,12.),.PIECEWISE_BEZIER_KNOTS.);
#9141 = CARTESIAN_POINT('',(-4.215184939508,-7.51,1.234683508159));
#9142 = CARTESIAN_POINT('',(-4.251774020583,-7.51,1.234683508159));
#9143 = CARTESIAN_POINT('',(-4.28138112725,-7.51,1.246879868518));
#9144 = CARTESIAN_POINT('',(-4.304006259509,-7.51,1.271095830389));
#9145 = ORIENTED_EDGE('',*,*,#9146,.T.);
#9146 = EDGE_CURVE('',#9138,#1926,#9147,.T.);
#9147 = LINE('',#9148,#9149);
#9148 = CARTESIAN_POINT('',(-4.304006259509,-7.51,1.271095830389));
#9149 = VECTOR('',#9150,1.);
#9150 = DIRECTION('',(-0.,1.,-0.));
#9151 = ORIENTED_EDGE('',*,*,#1934,.F.);
#9152 = B_SPLINE_SURFACE_WITH_KNOTS('',3,1,(
    (#9153,#9154)
    ,(#9155,#9156)
    ,(#9157,#9158)
    ,(#9159,#9160
    )),.UNSPECIFIED.,.F.,.F.,.F.,(4,4),(2,2),(11.,12.),(0.,1.),
  .PIECEWISE_BEZIER_KNOTS.);
#9153 = CARTESIAN_POINT('',(-4.215184939508,-7.51,1.234683508159));
#9154 = CARTESIAN_POINT('',(-4.215184939508,-7.5,1.234683508159));
#9155 = CARTESIAN_POINT('',(-4.251774020583,-7.51,1.234683508159));
#9156 = CARTESIAN_POINT('',(-4.251774020583,-7.5,1.234683508159));
#9157 = CARTESIAN_POINT('',(-4.28138112725,-7.51,1.246879868518));
#9158 = CARTESIAN_POINT('',(-4.28138112725,-7.5,1.246879868518));
#9159 = CARTESIAN_POINT('',(-4.304006259509,-7.51,1.271095830389));
#9160 = CARTESIAN_POINT('',(-4.304006259509,-7.5,1.271095830389));
#9161 = ADVANCED_FACE('',(#9162),#9181,.F.);
#9162 = FACE_BOUND('',#9163,.F.);
#9163 = EDGE_LOOP('',(#9164,#9165,#9174,#9180));
#9164 = ORIENTED_EDGE('',*,*,#9146,.F.);
#9165 = ORIENTED_EDGE('',*,*,#9166,.T.);
#9166 = EDGE_CURVE('',#9138,#9167,#9169,.T.);
#9167 = VERTEX_POINT('',#9168);
#9168 = CARTESIAN_POINT('',(-4.337943957897,-7.51,1.369727266332));
#9169 = B_SPLINE_CURVE_WITH_KNOTS('',3,(#9170,#9171,#9172,#9173),
  .UNSPECIFIED.,.F.,.F.,(4,4),(10.,11.),.PIECEWISE_BEZIER_KNOTS.);
#9170 = CARTESIAN_POINT('',(-4.304006259509,-7.51,1.271095830389));
#9171 = CARTESIAN_POINT('',(-4.326631391769,-7.51,1.295488551107));
#9172 = CARTESIAN_POINT('',(-4.337943957897,-7.51,1.328365696421));
#9173 = CARTESIAN_POINT('',(-4.337943957897,-7.51,1.369727266332));
#9174 = ORIENTED_EDGE('',*,*,#9175,.T.);
#9175 = EDGE_CURVE('',#9167,#1917,#9176,.T.);
#9176 = LINE('',#9177,#9178);
#9177 = CARTESIAN_POINT('',(-4.337943957897,-7.51,1.369727266332));
#9178 = VECTOR('',#9179,1.);
#9179 = DIRECTION('',(-0.,1.,-0.));
#9180 = ORIENTED_EDGE('',*,*,#1925,.F.);
#9181 = B_SPLINE_SURFACE_WITH_KNOTS('',3,1,(
    (#9182,#9183)
    ,(#9184,#9185)
    ,(#9186,#9187)
    ,(#9188,#9189
    )),.UNSPECIFIED.,.F.,.F.,.F.,(4,4),(2,2),(10.,11.),(0.,1.),
  .PIECEWISE_BEZIER_KNOTS.);
#9182 = CARTESIAN_POINT('',(-4.304006259509,-7.51,1.271095830389));
#9183 = CARTESIAN_POINT('',(-4.304006259509,-7.5,1.271095830389));
#9184 = CARTESIAN_POINT('',(-4.326631391769,-7.51,1.295488551107));
#9185 = CARTESIAN_POINT('',(-4.326631391769,-7.5,1.295488551107));
#9186 = CARTESIAN_POINT('',(-4.337943957897,-7.51,1.328365696421));
#9187 = CARTESIAN_POINT('',(-4.337943957897,-7.5,1.328365696421));
#9188 = CARTESIAN_POINT('',(-4.337943957897,-7.51,1.369727266332));
#9189 = CARTESIAN_POINT('',(-4.337943957897,-7.5,1.369727266332));
#9190 = ADVANCED_FACE('',(#9191),#9210,.F.);
#9191 = FACE_BOUND('',#9192,.F.);
#9192 = EDGE_LOOP('',(#9193,#9194,#9203,#9209));
#9193 = ORIENTED_EDGE('',*,*,#9175,.F.);
#9194 = ORIENTED_EDGE('',*,*,#9195,.T.);
#9195 = EDGE_CURVE('',#9167,#9196,#9198,.T.);
#9196 = VERTEX_POINT('',#9197);
#9197 = CARTESIAN_POINT('',(-4.301620015091,-7.51,1.473661467646));
#9198 = B_SPLINE_CURVE_WITH_KNOTS('',3,(#9199,#9200,#9201,#9202),
  .UNSPECIFIED.,.F.,.F.,(4,4),(9.,10.),.PIECEWISE_BEZIER_KNOTS.);
#9199 = CARTESIAN_POINT('',(-4.337943957897,-7.51,1.369727266332));
#9200 = CARTESIAN_POINT('',(-4.337943957897,-7.51,1.413209942392));
#9201 = CARTESIAN_POINT('',(-4.325835976962,-7.51,1.447854676162));
#9202 = CARTESIAN_POINT('',(-4.301620015091,-7.51,1.473661467646));
#9203 = ORIENTED_EDGE('',*,*,#9204,.T.);
#9204 = EDGE_CURVE('',#9196,#1908,#9205,.T.);
#9205 = LINE('',#9206,#9207);
#9206 = CARTESIAN_POINT('',(-4.301620015091,-7.51,1.473661467646));
#9207 = VECTOR('',#9208,1.);
#9208 = DIRECTION('',(-0.,1.,-0.));
#9209 = ORIENTED_EDGE('',*,*,#1916,.F.);
#9210 = B_SPLINE_SURFACE_WITH_KNOTS('',3,1,(
    (#9211,#9212)
    ,(#9213,#9214)
    ,(#9215,#9216)
    ,(#9217,#9218
    )),.UNSPECIFIED.,.F.,.F.,.F.,(4,4),(2,2),(9.,10.),(0.,1.),
  .PIECEWISE_BEZIER_KNOTS.);
#9211 = CARTESIAN_POINT('',(-4.337943957897,-7.51,1.369727266332));
#9212 = CARTESIAN_POINT('',(-4.337943957897,-7.5,1.369727266332));
#9213 = CARTESIAN_POINT('',(-4.337943957897,-7.51,1.413209942392));
#9214 = CARTESIAN_POINT('',(-4.337943957897,-7.5,1.413209942392));
#9215 = CARTESIAN_POINT('',(-4.325835976962,-7.51,1.447854676162));
#9216 = CARTESIAN_POINT('',(-4.325835976962,-7.5,1.447854676162));
#9217 = CARTESIAN_POINT('',(-4.301620015091,-7.51,1.473661467646));
#9218 = CARTESIAN_POINT('',(-4.301620015091,-7.5,1.473661467646));
#9219 = ADVANCED_FACE('',(#9220),#9239,.F.);
#9220 = FACE_BOUND('',#9221,.F.);
#9221 = EDGE_LOOP('',(#9222,#9223,#9232,#9238));
#9222 = ORIENTED_EDGE('',*,*,#9204,.F.);
#9223 = ORIENTED_EDGE('',*,*,#9224,.T.);
#9224 = EDGE_CURVE('',#9196,#9225,#9227,.T.);
#9225 = VERTEX_POINT('',#9226);
#9226 = CARTESIAN_POINT('',(-4.207407550293,-7.51,1.512018137178));
#9227 = B_SPLINE_CURVE_WITH_KNOTS('',3,(#9228,#9229,#9230,#9231),
  .UNSPECIFIED.,.F.,.F.,(4,4),(8.,9.),.PIECEWISE_BEZIER_KNOTS.);
#9228 = CARTESIAN_POINT('',(-4.301620015091,-7.51,1.473661467646));
#9229 = CARTESIAN_POINT('',(-4.277315673797,-7.51,1.499291500283));
#9230 = CARTESIAN_POINT('',(-4.245940978672,-7.51,1.512018137178));
#9231 = CARTESIAN_POINT('',(-4.207407550293,-7.51,1.512018137178));
#9232 = ORIENTED_EDGE('',*,*,#9233,.T.);
#9233 = EDGE_CURVE('',#9225,#1899,#9234,.T.);
#9234 = LINE('',#9235,#9236);
#9235 = CARTESIAN_POINT('',(-4.207407550293,-7.51,1.512018137178));
#9236 = VECTOR('',#9237,1.);
#9237 = DIRECTION('',(-0.,1.,-0.));
#9238 = ORIENTED_EDGE('',*,*,#1907,.F.);
#9239 = B_SPLINE_SURFACE_WITH_KNOTS('',3,1,(
    (#9240,#9241)
    ,(#9242,#9243)
    ,(#9244,#9245)
    ,(#9246,#9247
    )),.UNSPECIFIED.,.F.,.F.,.F.,(4,4),(2,2),(8.,9.),(0.,1.),
  .PIECEWISE_BEZIER_KNOTS.);
#9240 = CARTESIAN_POINT('',(-4.301620015091,-7.51,1.473661467646));
#9241 = CARTESIAN_POINT('',(-4.301620015091,-7.5,1.473661467646));
#9242 = CARTESIAN_POINT('',(-4.277315673797,-7.51,1.499291500283));
#9243 = CARTESIAN_POINT('',(-4.277315673797,-7.5,1.499291500283));
#9244 = CARTESIAN_POINT('',(-4.245940978672,-7.51,1.512018137178));
#9245 = CARTESIAN_POINT('',(-4.245940978672,-7.5,1.512018137178));
#9246 = CARTESIAN_POINT('',(-4.207407550293,-7.51,1.512018137178));
#9247 = CARTESIAN_POINT('',(-4.207407550293,-7.5,1.512018137178));
#9248 = ADVANCED_FACE('',(#9249),#9268,.F.);
#9249 = FACE_BOUND('',#9250,.F.);
#9250 = EDGE_LOOP('',(#9251,#9252,#9261,#9267));
#9251 = ORIENTED_EDGE('',*,*,#9233,.F.);
#9252 = ORIENTED_EDGE('',*,*,#9253,.T.);
#9253 = EDGE_CURVE('',#9225,#9254,#9256,.T.);
#9254 = VERTEX_POINT('',#9255);
#9255 = CARTESIAN_POINT('',(-4.125921722391,-7.51,1.49151411107));
#9256 = B_SPLINE_CURVE_WITH_KNOTS('',3,(#9257,#9258,#9259,#9260),
  .UNSPECIFIED.,.F.,.F.,(4,4),(7.,8.),.PIECEWISE_BEZIER_KNOTS.);
#9257 = CARTESIAN_POINT('',(-4.207407550293,-7.51,1.512018137178));
#9258 = CARTESIAN_POINT('',(-4.177800443627,-7.51,1.512018137178));
#9259 = CARTESIAN_POINT('',(-4.1506679608,-7.51,1.505301301039));
#9260 = CARTESIAN_POINT('',(-4.125921722391,-7.51,1.49151411107));
#9261 = ORIENTED_EDGE('',*,*,#9262,.T.);
#9262 = EDGE_CURVE('',#9254,#1891,#9263,.T.);
#9263 = LINE('',#9264,#9265);
#9264 = CARTESIAN_POINT('',(-4.125921722391,-7.51,1.49151411107));
#9265 = VECTOR('',#9266,1.);
#9266 = DIRECTION('',(-0.,1.,-0.));
#9267 = ORIENTED_EDGE('',*,*,#1898,.F.);
#9268 = B_SPLINE_SURFACE_WITH_KNOTS('',3,1,(
    (#9269,#9270)
    ,(#9271,#9272)
    ,(#9273,#9274)
    ,(#9275,#9276
    )),.UNSPECIFIED.,.F.,.F.,.F.,(4,4),(2,2),(7.,8.),(0.,1.),
  .PIECEWISE_BEZIER_KNOTS.);
#9269 = CARTESIAN_POINT('',(-4.207407550293,-7.51,1.512018137178));
#9270 = CARTESIAN_POINT('',(-4.207407550293,-7.5,1.512018137178));
#9271 = CARTESIAN_POINT('',(-4.177800443627,-7.51,1.512018137178));
#9272 = CARTESIAN_POINT('',(-4.177800443627,-7.5,1.512018137178));
#9273 = CARTESIAN_POINT('',(-4.1506679608,-7.51,1.505301301039));
#9274 = CARTESIAN_POINT('',(-4.1506679608,-7.5,1.505301301039));
#9275 = CARTESIAN_POINT('',(-4.125921722391,-7.51,1.49151411107));
#9276 = CARTESIAN_POINT('',(-4.125921722391,-7.5,1.49151411107));
#9277 = ADVANCED_FACE('',(#9278),#9296,.F.);
#9278 = FACE_BOUND('',#9279,.T.);
#9279 = EDGE_LOOP('',(#9280,#9281,#9289,#9295));
#9280 = ORIENTED_EDGE('',*,*,#1890,.T.);
#9281 = ORIENTED_EDGE('',*,*,#9282,.F.);
#9282 = EDGE_CURVE('',#9283,#1882,#9285,.T.);
#9283 = VERTEX_POINT('',#9284);
#9284 = CARTESIAN_POINT('',(-4.125921722391,-7.51,1.538178446353));
#9285 = LINE('',#9286,#9287);
#9286 = CARTESIAN_POINT('',(-4.125921722391,-7.51,1.538178446353));
#9287 = VECTOR('',#9288,1.);
#9288 = DIRECTION('',(-0.,1.,-0.));
#9289 = ORIENTED_EDGE('',*,*,#9290,.F.);
#9290 = EDGE_CURVE('',#9254,#9283,#9291,.T.);
#9291 = LINE('',#9292,#9293);
#9292 = CARTESIAN_POINT('',(-4.125921722391,-7.51,1.538178446353));
#9293 = VECTOR('',#9294,1.);
#9294 = DIRECTION('',(-0.,-0.,1.));
#9295 = ORIENTED_EDGE('',*,*,#9262,.T.);
#9296 = PLANE('',#9297);
#9297 = AXIS2_PLACEMENT_3D('',#9298,#9299,#9300);
#9298 = CARTESIAN_POINT('',(-4.125921722391,-7.51,1.538178446353));
#9299 = DIRECTION('',(-1.,0.,-0.));
#9300 = DIRECTION('',(0.,0.,1.));
#9301 = ADVANCED_FACE('',(#9302),#9321,.F.);
#9302 = FACE_BOUND('',#9303,.F.);
#9303 = EDGE_LOOP('',(#9304,#9305,#9314,#9320));
#9304 = ORIENTED_EDGE('',*,*,#9282,.F.);
#9305 = ORIENTED_EDGE('',*,*,#9306,.T.);
#9306 = EDGE_CURVE('',#9283,#9307,#9309,.T.);
#9307 = VERTEX_POINT('',#9308);
#9308 = CARTESIAN_POINT('',(-4.207849447408,-7.51,1.552319154016));
#9309 = B_SPLINE_CURVE_WITH_KNOTS('',3,(#9310,#9311,#9312,#9313),
  .UNSPECIFIED.,.F.,.F.,(4,4),(5.,6.),.PIECEWISE_BEZIER_KNOTS.);
#9310 = CARTESIAN_POINT('',(-4.125921722391,-7.51,1.538178446353));
#9311 = CARTESIAN_POINT('',(-4.147486301576,-7.51,1.54754666518));
#9312 = CARTESIAN_POINT('',(-4.174795543249,-7.51,1.552319154016));
#9313 = CARTESIAN_POINT('',(-4.207849447408,-7.51,1.552319154016));
#9314 = ORIENTED_EDGE('',*,*,#9315,.T.);
#9315 = EDGE_CURVE('',#9307,#1873,#9316,.T.);
#9316 = LINE('',#9317,#9318);
#9317 = CARTESIAN_POINT('',(-4.207849447408,-7.51,1.552319154016));
#9318 = VECTOR('',#9319,1.);
#9319 = DIRECTION('',(-0.,1.,-0.));
#9320 = ORIENTED_EDGE('',*,*,#1881,.F.);
#9321 = B_SPLINE_SURFACE_WITH_KNOTS('',3,1,(
    (#9322,#9323)
    ,(#9324,#9325)
    ,(#9326,#9327)
    ,(#9328,#9329
    )),.UNSPECIFIED.,.F.,.F.,.F.,(4,4),(2,2),(5.,6.),(0.,1.),
  .PIECEWISE_BEZIER_KNOTS.);
#9322 = CARTESIAN_POINT('',(-4.125921722391,-7.51,1.538178446353));
#9323 = CARTESIAN_POINT('',(-4.125921722391,-7.5,1.538178446353));
#9324 = CARTESIAN_POINT('',(-4.147486301576,-7.51,1.54754666518));
#9325 = CARTESIAN_POINT('',(-4.147486301576,-7.5,1.54754666518));
#9326 = CARTESIAN_POINT('',(-4.174795543249,-7.51,1.552319154016));
#9327 = CARTESIAN_POINT('',(-4.174795543249,-7.5,1.552319154016));
#9328 = CARTESIAN_POINT('',(-4.207849447408,-7.51,1.552319154016));
#9329 = CARTESIAN_POINT('',(-4.207849447408,-7.5,1.552319154016));
#9330 = ADVANCED_FACE('',(#9331),#9350,.F.);
#9331 = FACE_BOUND('',#9332,.F.);
#9332 = EDGE_LOOP('',(#9333,#9334,#9343,#9349));
#9333 = ORIENTED_EDGE('',*,*,#9315,.F.);
#9334 = ORIENTED_EDGE('',*,*,#9335,.T.);
#9335 = EDGE_CURVE('',#9307,#9336,#9338,.T.);
#9336 = VERTEX_POINT('',#9337);
#9337 = CARTESIAN_POINT('',(-4.334850678097,-7.51,1.501412606432));
#9338 = B_SPLINE_CURVE_WITH_KNOTS('',3,(#9339,#9340,#9341,#9342),
  .UNSPECIFIED.,.F.,.F.,(4,4),(4.,5.),.PIECEWISE_BEZIER_KNOTS.);
#9339 = CARTESIAN_POINT('',(-4.207849447408,-7.51,1.552319154016));
#9340 = CARTESIAN_POINT('',(-4.259197892105,-7.51,1.552319154016));
#9341 = CARTESIAN_POINT('',(-4.301531635668,-7.51,1.535350304822));
#9342 = CARTESIAN_POINT('',(-4.334850678097,-7.51,1.501412606432));
#9343 = ORIENTED_EDGE('',*,*,#9344,.T.);
#9344 = EDGE_CURVE('',#9336,#1864,#9345,.T.);
#9345 = LINE('',#9346,#9347);
#9346 = CARTESIAN_POINT('',(-4.334850678097,-7.51,1.501412606432));
#9347 = VECTOR('',#9348,1.);
#9348 = DIRECTION('',(-0.,1.,-0.));
#9349 = ORIENTED_EDGE('',*,*,#1872,.F.);
#9350 = B_SPLINE_SURFACE_WITH_KNOTS('',3,1,(
    (#9351,#9352)
    ,(#9353,#9354)
    ,(#9355,#9356)
    ,(#9357,#9358
    )),.UNSPECIFIED.,.F.,.F.,.F.,(4,4),(2,2),(4.,5.),(0.,1.),
  .PIECEWISE_BEZIER_KNOTS.);
#9351 = CARTESIAN_POINT('',(-4.207849447408,-7.51,1.552319154016));
#9352 = CARTESIAN_POINT('',(-4.207849447408,-7.5,1.552319154016));
#9353 = CARTESIAN_POINT('',(-4.259197892105,-7.51,1.552319154016));
#9354 = CARTESIAN_POINT('',(-4.259197892105,-7.5,1.552319154016));
#9355 = CARTESIAN_POINT('',(-4.301531635668,-7.51,1.535350304822));
#9356 = CARTESIAN_POINT('',(-4.301531635668,-7.5,1.535350304822));
#9357 = CARTESIAN_POINT('',(-4.334850678097,-7.51,1.501412606432));
#9358 = CARTESIAN_POINT('',(-4.334850678097,-7.5,1.501412606432));
#9359 = ADVANCED_FACE('',(#9360),#9379,.F.);
#9360 = FACE_BOUND('',#9361,.F.);
#9361 = EDGE_LOOP('',(#9362,#9363,#9372,#9378));
#9362 = ORIENTED_EDGE('',*,*,#9344,.F.);
#9363 = ORIENTED_EDGE('',*,*,#9364,.T.);
#9364 = EDGE_CURVE('',#9336,#9365,#9367,.T.);
#9365 = VERTEX_POINT('',#9366);
#9366 = CARTESIAN_POINT('',(-4.384785052028,-7.51,1.367075883644));
#9367 = B_SPLINE_CURVE_WITH_KNOTS('',3,(#9368,#9369,#9370,#9371),
  .UNSPECIFIED.,.F.,.F.,(4,4),(3.,4.),.PIECEWISE_BEZIER_KNOTS.);
#9368 = CARTESIAN_POINT('',(-4.334850678097,-7.51,1.501412606432));
#9369 = CARTESIAN_POINT('',(-4.368169720525,-7.51,1.467474908044));
#9370 = CARTESIAN_POINT('',(-4.384785052028,-7.51,1.422754920063));
#9371 = CARTESIAN_POINT('',(-4.384785052028,-7.51,1.367075883644));
#9372 = ORIENTED_EDGE('',*,*,#9373,.T.);
#9373 = EDGE_CURVE('',#9365,#1855,#9374,.T.);
#9374 = LINE('',#9375,#9376);
#9375 = CARTESIAN_POINT('',(-4.384785052028,-7.51,1.367075883644));
#9376 = VECTOR('',#9377,1.);
#9377 = DIRECTION('',(-0.,1.,-0.));
#9378 = ORIENTED_EDGE('',*,*,#1863,.F.);
#9379 = B_SPLINE_SURFACE_WITH_KNOTS('',3,1,(
    (#9380,#9381)
    ,(#9382,#9383)
    ,(#9384,#9385)
    ,(#9386,#9387
    )),.UNSPECIFIED.,.F.,.F.,.F.,(4,4),(2,2),(3.,4.),(0.,1.),
  .PIECEWISE_BEZIER_KNOTS.);
#9380 = CARTESIAN_POINT('',(-4.334850678097,-7.51,1.501412606432));
#9381 = CARTESIAN_POINT('',(-4.334850678097,-7.5,1.501412606432));
#9382 = CARTESIAN_POINT('',(-4.368169720525,-7.51,1.467474908044));
#9383 = CARTESIAN_POINT('',(-4.368169720525,-7.5,1.467474908044));
#9384 = CARTESIAN_POINT('',(-4.384785052028,-7.51,1.422754920063));
#9385 = CARTESIAN_POINT('',(-4.384785052028,-7.5,1.422754920063));
#9386 = CARTESIAN_POINT('',(-4.384785052028,-7.51,1.367075883644));
#9387 = CARTESIAN_POINT('',(-4.384785052028,-7.5,1.367075883644));
#9388 = ADVANCED_FACE('',(#9389),#9408,.F.);
#9389 = FACE_BOUND('',#9390,.F.);
#9390 = EDGE_LOOP('',(#9391,#9392,#9401,#9407));
#9391 = ORIENTED_EDGE('',*,*,#9373,.F.);
#9392 = ORIENTED_EDGE('',*,*,#9393,.T.);
#9393 = EDGE_CURVE('',#9365,#9394,#9396,.T.);
#9394 = VERTEX_POINT('',#9395);
#9395 = CARTESIAN_POINT('',(-4.340418581739,-7.51,1.242107379683));
#9396 = B_SPLINE_CURVE_WITH_KNOTS('',3,(#9397,#9398,#9399,#9400),
  .UNSPECIFIED.,.F.,.F.,(4,4),(2.,3.),.PIECEWISE_BEZIER_KNOTS.);
#9397 = CARTESIAN_POINT('',(-4.384785052028,-7.51,1.367075883644));
#9398 = CARTESIAN_POINT('',(-4.384785052028,-7.51,1.315285541832));
#9399 = CARTESIAN_POINT('',(-4.370025688406,-7.51,1.27357045423));
#9400 = CARTESIAN_POINT('',(-4.340418581739,-7.51,1.242107379683));
#9401 = ORIENTED_EDGE('',*,*,#9402,.T.);
#9402 = EDGE_CURVE('',#9394,#1846,#9403,.T.);
#9403 = LINE('',#9404,#9405);
#9404 = CARTESIAN_POINT('',(-4.340418581739,-7.51,1.242107379683));
#9405 = VECTOR('',#9406,1.);
#9406 = DIRECTION('',(-0.,1.,-0.));
#9407 = ORIENTED_EDGE('',*,*,#1854,.F.);
#9408 = B_SPLINE_SURFACE_WITH_KNOTS('',3,1,(
    (#9409,#9410)
    ,(#9411,#9412)
    ,(#9413,#9414)
    ,(#9415,#9416
    )),.UNSPECIFIED.,.F.,.F.,.F.,(4,4),(2,2),(2.,3.),(0.,1.),
  .PIECEWISE_BEZIER_KNOTS.);
#9409 = CARTESIAN_POINT('',(-4.384785052028,-7.51,1.367075883644));
#9410 = CARTESIAN_POINT('',(-4.384785052028,-7.5,1.367075883644));
#9411 = CARTESIAN_POINT('',(-4.384785052028,-7.51,1.315285541832));
#9412 = CARTESIAN_POINT('',(-4.384785052028,-7.5,1.315285541832));
#9413 = CARTESIAN_POINT('',(-4.370025688406,-7.51,1.27357045423));
#9414 = CARTESIAN_POINT('',(-4.370025688406,-7.5,1.27357045423));
#9415 = CARTESIAN_POINT('',(-4.340418581739,-7.51,1.242107379683));
#9416 = CARTESIAN_POINT('',(-4.340418581739,-7.5,1.242107379683));
#9417 = ADVANCED_FACE('',(#9418),#9430,.F.);
#9418 = FACE_BOUND('',#9419,.F.);
#9419 = EDGE_LOOP('',(#9420,#9421,#9428,#9429));
#9420 = ORIENTED_EDGE('',*,*,#9402,.F.);
#9421 = ORIENTED_EDGE('',*,*,#9422,.T.);
#9422 = EDGE_CURVE('',#9394,#9048,#9423,.T.);
#9423 = B_SPLINE_CURVE_WITH_KNOTS('',3,(#9424,#9425,#9426,#9427),
  .UNSPECIFIED.,.F.,.F.,(4,4),(1.,2.),.PIECEWISE_BEZIER_KNOTS.);
#9424 = CARTESIAN_POINT('',(-4.340418581739,-7.51,1.242107379683));
#9425 = CARTESIAN_POINT('',(-4.310811475071,-7.51,1.210644305135));
#9426 = CARTESIAN_POINT('',(-4.271217493618,-7.51,1.19491276786));
#9427 = CARTESIAN_POINT('',(-4.221636637378,-7.51,1.19491276786));
#9428 = ORIENTED_EDGE('',*,*,#9047,.T.);
#9429 = ORIENTED_EDGE('',*,*,#1845,.F.);
#9430 = B_SPLINE_SURFACE_WITH_KNOTS('',3,1,(
    (#9431,#9432)
    ,(#9433,#9434)
    ,(#9435,#9436)
    ,(#9437,#9438
    )),.UNSPECIFIED.,.F.,.F.,.F.,(4,4),(2,2),(1.,2.),(0.,1.),
  .PIECEWISE_BEZIER_KNOTS.);
#9431 = CARTESIAN_POINT('',(-4.340418581739,-7.51,1.242107379683));
#9432 = CARTESIAN_POINT('',(-4.340418581739,-7.5,1.242107379683));
#9433 = CARTESIAN_POINT('',(-4.310811475071,-7.51,1.210644305135));
#9434 = CARTESIAN_POINT('',(-4.310811475071,-7.5,1.210644305135));
#9435 = CARTESIAN_POINT('',(-4.271217493618,-7.51,1.19491276786));
#9436 = CARTESIAN_POINT('',(-4.271217493618,-7.5,1.19491276786));
#9437 = CARTESIAN_POINT('',(-4.221636637378,-7.51,1.19491276786));
#9438 = CARTESIAN_POINT('',(-4.221636637378,-7.5,1.19491276786));
#9439 = ADVANCED_FACE('',(#9440),#9456,.T.);
#9440 = FACE_BOUND('',#9441,.T.);
#9441 = EDGE_LOOP('',(#9442,#9443,#9444,#9445,#9446,#9447,#9448,#9449,
    #9450,#9451,#9452,#9453,#9454,#9455));
#9442 = ORIENTED_EDGE('',*,*,#9055,.T.);
#9443 = ORIENTED_EDGE('',*,*,#9092,.T.);
#9444 = ORIENTED_EDGE('',*,*,#9108,.T.);
#9445 = ORIENTED_EDGE('',*,*,#9137,.T.);
#9446 = ORIENTED_EDGE('',*,*,#9166,.T.);
#9447 = ORIENTED_EDGE('',*,*,#9195,.T.);
#9448 = ORIENTED_EDGE('',*,*,#9224,.T.);
#9449 = ORIENTED_EDGE('',*,*,#9253,.T.);
#9450 = ORIENTED_EDGE('',*,*,#9290,.T.);
#9451 = ORIENTED_EDGE('',*,*,#9306,.T.);
#9452 = ORIENTED_EDGE('',*,*,#9335,.T.);
#9453 = ORIENTED_EDGE('',*,*,#9364,.T.);
#9454 = ORIENTED_EDGE('',*,*,#9393,.T.);
#9455 = ORIENTED_EDGE('',*,*,#9422,.T.);
#9456 = PLANE('',#9457);
#9457 = AXIS2_PLACEMENT_3D('',#9458,#9459,#9460);
#9458 = CARTESIAN_POINT('',(-4.168940406482,-7.51,1.199950394965));
#9459 = DIRECTION('',(0.,-1.,0.));
#9460 = DIRECTION('',(0.,-0.,-1.));
#9461 = ADVANCED_FACE('',(#9462),#9487,.F.);
#9462 = FACE_BOUND('',#9463,.T.);
#9463 = EDGE_LOOP('',(#9464,#9465,#9473,#9481));
#9464 = ORIENTED_EDGE('',*,*,#2076,.T.);
#9465 = ORIENTED_EDGE('',*,*,#9466,.F.);
#9466 = EDGE_CURVE('',#9467,#2079,#9469,.T.);
#9467 = VERTEX_POINT('',#9468);
#9468 = CARTESIAN_POINT('',(-3.870770328518,-7.51,1.240163032379));
#9469 = LINE('',#9470,#9471);
#9470 = CARTESIAN_POINT('',(-3.870770328518,-7.51,1.240163032379));
#9471 = VECTOR('',#9472,1.);
#9472 = DIRECTION('',(-0.,1.,-0.));
#9473 = ORIENTED_EDGE('',*,*,#9474,.F.);
#9474 = EDGE_CURVE('',#9475,#9467,#9477,.T.);
#9475 = VERTEX_POINT('',#9476);
#9476 = CARTESIAN_POINT('',(-3.870770328518,-7.51,1.200745809771));
#9477 = LINE('',#9478,#9479);
#9478 = CARTESIAN_POINT('',(-3.870770328518,-7.51,1.240163032379));
#9479 = VECTOR('',#9480,1.);
#9480 = DIRECTION('',(-0.,-0.,1.));
#9481 = ORIENTED_EDGE('',*,*,#9482,.T.);
#9482 = EDGE_CURVE('',#9475,#2077,#9483,.T.);
#9483 = LINE('',#9484,#9485);
#9484 = CARTESIAN_POINT('',(-3.870770328518,-7.51,1.200745809771));
#9485 = VECTOR('',#9486,1.);
#9486 = DIRECTION('',(-0.,1.,-0.));
#9487 = PLANE('',#9488);
#9488 = AXIS2_PLACEMENT_3D('',#9489,#9490,#9491);
#9489 = CARTESIAN_POINT('',(-3.870770328518,-7.51,1.240163032379));
#9490 = DIRECTION('',(-1.,0.,-0.));
#9491 = DIRECTION('',(0.,0.,1.));
#9492 = ADVANCED_FACE('',(#9493),#9511,.F.);
#9493 = FACE_BOUND('',#9494,.T.);
#9494 = EDGE_LOOP('',(#9495,#9496,#9504,#9510));
#9495 = ORIENTED_EDGE('',*,*,#2166,.T.);
#9496 = ORIENTED_EDGE('',*,*,#9497,.F.);
#9497 = EDGE_CURVE('',#9498,#2159,#9500,.T.);
#9498 = VERTEX_POINT('',#9499);
#9499 = CARTESIAN_POINT('',(-4.012089025713,-7.51,1.240163032379));
#9500 = LINE('',#9501,#9502);
#9501 = CARTESIAN_POINT('',(-4.012089025713,-7.51,1.240163032379));
#9502 = VECTOR('',#9503,1.);
#9503 = DIRECTION('',(-0.,1.,-0.));
#9504 = ORIENTED_EDGE('',*,*,#9505,.F.);
#9505 = EDGE_CURVE('',#9467,#9498,#9506,.T.);
#9506 = LINE('',#9507,#9508);
#9507 = CARTESIAN_POINT('',(-4.012089025713,-7.51,1.240163032379));
#9508 = VECTOR('',#9509,1.);
#9509 = DIRECTION('',(-1.,-0.,-0.));
#9510 = ORIENTED_EDGE('',*,*,#9466,.T.);
#9511 = PLANE('',#9512);
#9512 = AXIS2_PLACEMENT_3D('',#9513,#9514,#9515);
#9513 = CARTESIAN_POINT('',(-4.012089025713,-7.51,1.240163032379));
#9514 = DIRECTION('',(0.,0.,-1.));
#9515 = DIRECTION('',(-1.,0.,-0.));
#9516 = ADVANCED_FACE('',(#9517),#9535,.F.);
#9517 = FACE_BOUND('',#9518,.T.);
#9518 = EDGE_LOOP('',(#9519,#9520,#9528,#9534));
#9519 = ORIENTED_EDGE('',*,*,#2158,.T.);
#9520 = ORIENTED_EDGE('',*,*,#9521,.F.);
#9521 = EDGE_CURVE('',#9522,#2151,#9524,.T.);
#9522 = VERTEX_POINT('',#9523);
#9523 = CARTESIAN_POINT('',(-4.012089025713,-7.51,1.356470352898));
#9524 = LINE('',#9525,#9526);
#9525 = CARTESIAN_POINT('',(-4.012089025713,-7.51,1.356470352898));
#9526 = VECTOR('',#9527,1.);
#9527 = DIRECTION('',(-0.,1.,-0.));
#9528 = ORIENTED_EDGE('',*,*,#9529,.F.);
#9529 = EDGE_CURVE('',#9498,#9522,#9530,.T.);
#9530 = LINE('',#9531,#9532);
#9531 = CARTESIAN_POINT('',(-4.012089025713,-7.51,1.356470352898));
#9532 = VECTOR('',#9533,1.);
#9533 = DIRECTION('',(-0.,-0.,1.));
#9534 = ORIENTED_EDGE('',*,*,#9497,.T.);
#9535 = PLANE('',#9536);
#9536 = AXIS2_PLACEMENT_3D('',#9537,#9538,#9539);
#9537 = CARTESIAN_POINT('',(-4.012089025713,-7.51,1.356470352898));
#9538 = DIRECTION('',(-1.,0.,-0.));
#9539 = DIRECTION('',(0.,0.,1.));
#9540 = ADVANCED_FACE('',(#9541),#9559,.F.);
#9541 = FACE_BOUND('',#9542,.T.);
#9542 = EDGE_LOOP('',(#9543,#9544,#9552,#9558));
#9543 = ORIENTED_EDGE('',*,*,#2150,.T.);
#9544 = ORIENTED_EDGE('',*,*,#9545,.F.);
#9545 = EDGE_CURVE('',#9546,#2143,#9548,.T.);
#9546 = VERTEX_POINT('',#9547);
#9547 = CARTESIAN_POINT('',(-3.888446213095,-7.51,1.356470352898));
#9548 = LINE('',#9549,#9550);
#9549 = CARTESIAN_POINT('',(-3.888446213095,-7.51,1.356470352898));
#9550 = VECTOR('',#9551,1.);
#9551 = DIRECTION('',(-0.,1.,-0.));
#9552 = ORIENTED_EDGE('',*,*,#9553,.F.);
#9553 = EDGE_CURVE('',#9522,#9546,#9554,.T.);
#9554 = LINE('',#9555,#9556);
#9555 = CARTESIAN_POINT('',(-3.888446213095,-7.51,1.356470352898));
#9556 = VECTOR('',#9557,1.);
#9557 = DIRECTION('',(1.,-0.,-0.));
#9558 = ORIENTED_EDGE('',*,*,#9521,.T.);
#9559 = PLANE('',#9560);
#9560 = AXIS2_PLACEMENT_3D('',#9561,#9562,#9563);
#9561 = CARTESIAN_POINT('',(-3.888446213095,-7.51,1.356470352898));
#9562 = DIRECTION('',(0.,0.,1.));
#9563 = DIRECTION('',(1.,0.,-0.));
#9564 = ADVANCED_FACE('',(#9565),#9583,.F.);
#9565 = FACE_BOUND('',#9566,.T.);
#9566 = EDGE_LOOP('',(#9567,#9568,#9576,#9582));
#9567 = ORIENTED_EDGE('',*,*,#2142,.T.);
#9568 = ORIENTED_EDGE('',*,*,#9569,.F.);
#9569 = EDGE_CURVE('',#9570,#2135,#9572,.T.);
#9570 = VERTEX_POINT('',#9571);
#9571 = CARTESIAN_POINT('',(-3.888446213095,-7.51,1.396064334351));
#9572 = LINE('',#9573,#9574);
#9573 = CARTESIAN_POINT('',(-3.888446213095,-7.51,1.396064334351));
#9574 = VECTOR('',#9575,1.);
#9575 = DIRECTION('',(-0.,1.,-0.));
#9576 = ORIENTED_EDGE('',*,*,#9577,.F.);
#9577 = EDGE_CURVE('',#9546,#9570,#9578,.T.);
#9578 = LINE('',#9579,#9580);
#9579 = CARTESIAN_POINT('',(-3.888446213095,-7.51,1.396064334351));
#9580 = VECTOR('',#9581,1.);
#9581 = DIRECTION('',(-0.,-0.,1.));
#9582 = ORIENTED_EDGE('',*,*,#9545,.T.);
#9583 = PLANE('',#9584);
#9584 = AXIS2_PLACEMENT_3D('',#9585,#9586,#9587);
#9585 = CARTESIAN_POINT('',(-3.888446213095,-7.51,1.396064334351));
#9586 = DIRECTION('',(-1.,0.,-0.));
#9587 = DIRECTION('',(0.,0.,1.));
#9588 = ADVANCED_FACE('',(#9589),#9607,.F.);
#9589 = FACE_BOUND('',#9590,.T.);
#9590 = EDGE_LOOP('',(#9591,#9592,#9600,#9606));
#9591 = ORIENTED_EDGE('',*,*,#2134,.T.);
#9592 = ORIENTED_EDGE('',*,*,#9593,.F.);
#9593 = EDGE_CURVE('',#9594,#2127,#9596,.T.);
#9594 = VERTEX_POINT('',#9595);
#9595 = CARTESIAN_POINT('',(-4.012089025713,-7.51,1.396064334351));
#9596 = LINE('',#9597,#9598);
#9597 = CARTESIAN_POINT('',(-4.012089025713,-7.51,1.396064334351));
#9598 = VECTOR('',#9599,1.);
#9599 = DIRECTION('',(-0.,1.,-0.));
#9600 = ORIENTED_EDGE('',*,*,#9601,.F.);
#9601 = EDGE_CURVE('',#9570,#9594,#9602,.T.);
#9602 = LINE('',#9603,#9604);
#9603 = CARTESIAN_POINT('',(-4.012089025713,-7.51,1.396064334351));
#9604 = VECTOR('',#9605,1.);
#9605 = DIRECTION('',(-1.,-0.,-0.));
#9606 = ORIENTED_EDGE('',*,*,#9569,.T.);
#9607 = PLANE('',#9608);
#9608 = AXIS2_PLACEMENT_3D('',#9609,#9610,#9611);
#9609 = CARTESIAN_POINT('',(-4.012089025713,-7.51,1.396064334351));
#9610 = DIRECTION('',(0.,0.,-1.));
#9611 = DIRECTION('',(-1.,0.,-0.));
#9612 = ADVANCED_FACE('',(#9613),#9631,.F.);
#9613 = FACE_BOUND('',#9614,.T.);
#9614 = EDGE_LOOP('',(#9615,#9616,#9624,#9630));
#9615 = ORIENTED_EDGE('',*,*,#2126,.T.);
#9616 = ORIENTED_EDGE('',*,*,#9617,.F.);
#9617 = EDGE_CURVE('',#9618,#2119,#9620,.T.);
#9618 = VERTEX_POINT('',#9619);
#9619 = CARTESIAN_POINT('',(-4.012089025713,-7.51,1.506715371806));
#9620 = LINE('',#9621,#9622);
#9621 = CARTESIAN_POINT('',(-4.012089025713,-7.51,1.506715371806));
#9622 = VECTOR('',#9623,1.);
#9623 = DIRECTION('',(-0.,1.,-0.));
#9624 = ORIENTED_EDGE('',*,*,#9625,.F.);
#9625 = EDGE_CURVE('',#9594,#9618,#9626,.T.);
#9626 = LINE('',#9627,#9628);
#9627 = CARTESIAN_POINT('',(-4.012089025713,-7.51,1.506715371806));
#9628 = VECTOR('',#9629,1.);
#9629 = DIRECTION('',(-0.,-0.,1.));
#9630 = ORIENTED_EDGE('',*,*,#9593,.T.);
#9631 = PLANE('',#9632);
#9632 = AXIS2_PLACEMENT_3D('',#9633,#9634,#9635);
#9633 = CARTESIAN_POINT('',(-4.012089025713,-7.51,1.506715371806));
#9634 = DIRECTION('',(-1.,0.,-0.));
#9635 = DIRECTION('',(0.,0.,1.));
#9636 = ADVANCED_FACE('',(#9637),#9655,.F.);
#9637 = FACE_BOUND('',#9638,.T.);
#9638 = EDGE_LOOP('',(#9639,#9640,#9648,#9654));
#9639 = ORIENTED_EDGE('',*,*,#2118,.T.);
#9640 = ORIENTED_EDGE('',*,*,#9641,.F.);
#9641 = EDGE_CURVE('',#9642,#2111,#9644,.T.);
#9642 = VERTEX_POINT('',#9643);
#9643 = CARTESIAN_POINT('',(-3.878636097154,-7.51,1.506715371806));
#9644 = LINE('',#9645,#9646);
#9645 = CARTESIAN_POINT('',(-3.878636097154,-7.51,1.506715371806));
#9646 = VECTOR('',#9647,1.);
#9647 = DIRECTION('',(-0.,1.,-0.));
#9648 = ORIENTED_EDGE('',*,*,#9649,.F.);
#9649 = EDGE_CURVE('',#9618,#9642,#9650,.T.);
#9650 = LINE('',#9651,#9652);
#9651 = CARTESIAN_POINT('',(-3.878636097154,-7.51,1.506715371806));
#9652 = VECTOR('',#9653,1.);
#9653 = DIRECTION('',(1.,-0.,-0.));
#9654 = ORIENTED_EDGE('',*,*,#9617,.T.);
#9655 = PLANE('',#9656);
#9656 = AXIS2_PLACEMENT_3D('',#9657,#9658,#9659);
#9657 = CARTESIAN_POINT('',(-3.878636097154,-7.51,1.506715371806));
#9658 = DIRECTION('',(0.,0.,1.));
#9659 = DIRECTION('',(1.,0.,-0.));
#9660 = ADVANCED_FACE('',(#9661),#9679,.F.);
#9661 = FACE_BOUND('',#9662,.T.);
#9662 = EDGE_LOOP('',(#9663,#9664,#9672,#9678));
#9663 = ORIENTED_EDGE('',*,*,#2110,.T.);
#9664 = ORIENTED_EDGE('',*,*,#9665,.F.);
#9665 = EDGE_CURVE('',#9666,#2103,#9668,.T.);
#9666 = VERTEX_POINT('',#9667);
#9667 = CARTESIAN_POINT('',(-3.878636097154,-7.51,1.546486112105));
#9668 = LINE('',#9669,#9670);
#9669 = CARTESIAN_POINT('',(-3.878636097154,-7.51,1.546486112105));
#9670 = VECTOR('',#9671,1.);
#9671 = DIRECTION('',(-0.,1.,-0.));
#9672 = ORIENTED_EDGE('',*,*,#9673,.F.);
#9673 = EDGE_CURVE('',#9642,#9666,#9674,.T.);
#9674 = LINE('',#9675,#9676);
#9675 = CARTESIAN_POINT('',(-3.878636097154,-7.51,1.546486112105));
#9676 = VECTOR('',#9677,1.);
#9677 = DIRECTION('',(-0.,-0.,1.));
#9678 = ORIENTED_EDGE('',*,*,#9641,.T.);
#9679 = PLANE('',#9680);
#9680 = AXIS2_PLACEMENT_3D('',#9681,#9682,#9683);
#9681 = CARTESIAN_POINT('',(-3.878636097154,-7.51,1.546486112105));
#9682 = DIRECTION('',(-1.,0.,-0.));
#9683 = DIRECTION('',(0.,0.,1.));
#9684 = ADVANCED_FACE('',(#9685),#9703,.F.);
#9685 = FACE_BOUND('',#9686,.T.);
#9686 = EDGE_LOOP('',(#9687,#9688,#9696,#9702));
#9687 = ORIENTED_EDGE('',*,*,#2102,.T.);
#9688 = ORIENTED_EDGE('',*,*,#9689,.F.);
#9689 = EDGE_CURVE('',#9690,#2095,#9692,.T.);
#9690 = VERTEX_POINT('',#9691);
#9691 = CARTESIAN_POINT('',(-4.056720634271,-7.51,1.546486112105));
#9692 = LINE('',#9693,#9694);
#9693 = CARTESIAN_POINT('',(-4.056720634271,-7.51,1.546486112105));
#9694 = VECTOR('',#9695,1.);
#9695 = DIRECTION('',(-0.,1.,-0.));
#9696 = ORIENTED_EDGE('',*,*,#9697,.F.);
#9697 = EDGE_CURVE('',#9666,#9690,#9698,.T.);
#9698 = LINE('',#9699,#9700);
#9699 = CARTESIAN_POINT('',(-4.056720634271,-7.51,1.546486112105));
#9700 = VECTOR('',#9701,1.);
#9701 = DIRECTION('',(-1.,-0.,-0.));
#9702 = ORIENTED_EDGE('',*,*,#9665,.T.);
#9703 = PLANE('',#9704);
#9704 = AXIS2_PLACEMENT_3D('',#9705,#9706,#9707);
#9705 = CARTESIAN_POINT('',(-4.056720634271,-7.51,1.546486112105));
#9706 = DIRECTION('',(0.,0.,-1.));
#9707 = DIRECTION('',(-1.,0.,-0.));
#9708 = ADVANCED_FACE('',(#9709),#9727,.F.);
#9709 = FACE_BOUND('',#9710,.T.);
#9710 = EDGE_LOOP('',(#9711,#9712,#9720,#9726));
#9711 = ORIENTED_EDGE('',*,*,#2094,.T.);
#9712 = ORIENTED_EDGE('',*,*,#9713,.F.);
#9713 = EDGE_CURVE('',#9714,#2087,#9716,.T.);
#9714 = VERTEX_POINT('',#9715);
#9715 = CARTESIAN_POINT('',(-4.056720634271,-7.51,1.200745809771));
#9716 = LINE('',#9717,#9718);
#9717 = CARTESIAN_POINT('',(-4.056720634271,-7.51,1.200745809771));
#9718 = VECTOR('',#9719,1.);
#9719 = DIRECTION('',(-0.,1.,-0.));
#9720 = ORIENTED_EDGE('',*,*,#9721,.F.);
#9721 = EDGE_CURVE('',#9690,#9714,#9722,.T.);
#9722 = LINE('',#9723,#9724);
#9723 = CARTESIAN_POINT('',(-4.056720634271,-7.51,1.200745809771));
#9724 = VECTOR('',#9725,1.);
#9725 = DIRECTION('',(-0.,-0.,-1.));
#9726 = ORIENTED_EDGE('',*,*,#9689,.T.);
#9727 = PLANE('',#9728);
#9728 = AXIS2_PLACEMENT_3D('',#9729,#9730,#9731);
#9729 = CARTESIAN_POINT('',(-4.056720634271,-7.51,1.200745809771));
#9730 = DIRECTION('',(1.,0.,-0.));
#9731 = DIRECTION('',(-0.,0.,-1.));
#9732 = ADVANCED_FACE('',(#9733),#9744,.F.);
#9733 = FACE_BOUND('',#9734,.T.);
#9734 = EDGE_LOOP('',(#9735,#9736,#9737,#9743));
#9735 = ORIENTED_EDGE('',*,*,#2086,.T.);
#9736 = ORIENTED_EDGE('',*,*,#9482,.F.);
#9737 = ORIENTED_EDGE('',*,*,#9738,.F.);
#9738 = EDGE_CURVE('',#9714,#9475,#9739,.T.);
#9739 = LINE('',#9740,#9741);
#9740 = CARTESIAN_POINT('',(-3.870770328518,-7.51,1.200745809771));
#9741 = VECTOR('',#9742,1.);
#9742 = DIRECTION('',(1.,-0.,-0.));
#9743 = ORIENTED_EDGE('',*,*,#9713,.T.);
#9744 = PLANE('',#9745);
#9745 = AXIS2_PLACEMENT_3D('',#9746,#9747,#9748);
#9746 = CARTESIAN_POINT('',(-3.870770328518,-7.51,1.200745809771));
#9747 = DIRECTION('',(0.,0.,1.));
#9748 = DIRECTION('',(1.,0.,-0.));
#9749 = ADVANCED_FACE('',(#9750),#9764,.F.);
#9750 = FACE_BOUND('',#9751,.T.);
#9751 = EDGE_LOOP('',(#9752,#9753,#9754,#9755,#9756,#9757,#9758,#9759,
    #9760,#9761,#9762,#9763));
#9752 = ORIENTED_EDGE('',*,*,#9474,.T.);
#9753 = ORIENTED_EDGE('',*,*,#9505,.T.);
#9754 = ORIENTED_EDGE('',*,*,#9529,.T.);
#9755 = ORIENTED_EDGE('',*,*,#9553,.T.);
#9756 = ORIENTED_EDGE('',*,*,#9577,.T.);
#9757 = ORIENTED_EDGE('',*,*,#9601,.T.);
#9758 = ORIENTED_EDGE('',*,*,#9625,.T.);
#9759 = ORIENTED_EDGE('',*,*,#9649,.T.);
#9760 = ORIENTED_EDGE('',*,*,#9673,.T.);
#9761 = ORIENTED_EDGE('',*,*,#9697,.T.);
#9762 = ORIENTED_EDGE('',*,*,#9721,.T.);
#9763 = ORIENTED_EDGE('',*,*,#9738,.T.);
#9764 = PLANE('',#9765);
#9765 = AXIS2_PLACEMENT_3D('',#9766,#9767,#9768);
#9766 = CARTESIAN_POINT('',(0.,-7.51,0.));
#9767 = DIRECTION('',(0.,1.,0.));
#9768 = DIRECTION('',(0.,-0.,1.));
#9769 = ADVANCED_FACE('',(#9770,#9832),#9894,.T.);
#9770 = FACE_BOUND('',#9771,.T.);
#9771 = EDGE_LOOP('',(#9772,#9782,#9791,#9800,#9809,#9818,#9826));
#9772 = ORIENTED_EDGE('',*,*,#9773,.T.);
#9773 = EDGE_CURVE('',#9774,#9776,#9778,.T.);
#9774 = VERTEX_POINT('',#9775);
#9775 = CARTESIAN_POINT('',(-3.805457935003,-7.51,1.200745809771));
#9776 = VERTEX_POINT('',#9777);
#9777 = CARTESIAN_POINT('',(-3.710361675977,-7.51,1.200745809771));
#9778 = LINE('',#9779,#9780);
#9779 = CARTESIAN_POINT('',(-3.710361675977,-7.51,1.200745809771));
#9780 = VECTOR('',#9781,1.);
#9781 = DIRECTION('',(1.,-0.,-0.));
#9782 = ORIENTED_EDGE('',*,*,#9783,.T.);
#9783 = EDGE_CURVE('',#9776,#9784,#9786,.T.);
#9784 = VERTEX_POINT('',#9785);
#9785 = CARTESIAN_POINT('',(-3.576113332611,-7.51,1.249177733512));
#9786 = B_SPLINE_CURVE_WITH_KNOTS('',3,(#9787,#9788,#9789,#9790),
  .UNSPECIFIED.,.F.,.F.,(4,4),(5.,6.),.PIECEWISE_BEZIER_KNOTS.);
#9787 = CARTESIAN_POINT('',(-3.710361675977,-7.51,1.200745809771));
#9788 = CARTESIAN_POINT('',(-3.655654813211,-7.51,1.200745809771));
#9789 = CARTESIAN_POINT('',(-3.610846445806,-7.51,1.216830864737));
#9790 = CARTESIAN_POINT('',(-3.576113332611,-7.51,1.249177733512));
#9791 = ORIENTED_EDGE('',*,*,#9792,.T.);
#9792 = EDGE_CURVE('',#9784,#9793,#9795,.T.);
#9793 = VERTEX_POINT('',#9794);
#9794 = CARTESIAN_POINT('',(-3.523969473109,-7.51,1.378034932083));
#9795 = B_SPLINE_CURVE_WITH_KNOTS('',3,(#9796,#9797,#9798,#9799),
  .UNSPECIFIED.,.F.,.F.,(4,4),(4.,5.),.PIECEWISE_BEZIER_KNOTS.);
#9796 = CARTESIAN_POINT('',(-3.576113332611,-7.51,1.249177733512));
#9797 = CARTESIAN_POINT('',(-3.541380219416,-7.51,1.28152460229));
#9798 = CARTESIAN_POINT('',(-3.523969473109,-7.51,1.324477001814));
#9799 = CARTESIAN_POINT('',(-3.523969473109,-7.51,1.378034932083));
#9800 = ORIENTED_EDGE('',*,*,#9801,.T.);
#9801 = EDGE_CURVE('',#9793,#9802,#9804,.T.);
#9802 = VERTEX_POINT('',#9803);
#9803 = CARTESIAN_POINT('',(-3.576113332611,-7.51,1.50070557105));
#9804 = B_SPLINE_CURVE_WITH_KNOTS('',3,(#9805,#9806,#9807,#9808),
  .UNSPECIFIED.,.F.,.F.,(4,4),(3.,4.),.PIECEWISE_BEZIER_KNOTS.);
#9805 = CARTESIAN_POINT('',(-3.523969473109,-7.51,1.378034932083));
#9806 = CARTESIAN_POINT('',(-3.523969473109,-7.51,1.429294997356));
#9807 = CARTESIAN_POINT('',(-3.541380219416,-7.51,1.47012629073));
#9808 = CARTESIAN_POINT('',(-3.576113332611,-7.51,1.50070557105));
#9809 = ORIENTED_EDGE('',*,*,#9810,.T.);
#9810 = EDGE_CURVE('',#9802,#9811,#9813,.T.);
#9811 = VERTEX_POINT('',#9812);
#9812 = CARTESIAN_POINT('',(-3.706826499061,-7.51,1.546486112105));
#9813 = B_SPLINE_CURVE_WITH_KNOTS('',3,(#9814,#9815,#9816,#9817),
  .UNSPECIFIED.,.F.,.F.,(4,4),(2.,3.),.PIECEWISE_BEZIER_KNOTS.);
#9814 = CARTESIAN_POINT('',(-3.576113332611,-7.51,1.50070557105));
#9815 = CARTESIAN_POINT('',(-3.610846445806,-7.51,1.531284851369));
#9816 = CARTESIAN_POINT('',(-3.65441750129,-7.51,1.546486112105));
#9817 = CARTESIAN_POINT('',(-3.706826499061,-7.51,1.546486112105));
#9818 = ORIENTED_EDGE('',*,*,#9819,.T.);
#9819 = EDGE_CURVE('',#9811,#9820,#9822,.T.);
#9820 = VERTEX_POINT('',#9821);
#9821 = CARTESIAN_POINT('',(-3.805457935003,-7.51,1.546486112105));
#9822 = LINE('',#9823,#9824);
#9823 = CARTESIAN_POINT('',(-3.805457935003,-7.51,1.546486112105));
#9824 = VECTOR('',#9825,1.);
#9825 = DIRECTION('',(-1.,-0.,-0.));
#9826 = ORIENTED_EDGE('',*,*,#9827,.T.);
#9827 = EDGE_CURVE('',#9820,#9774,#9828,.T.);
#9828 = LINE('',#9829,#9830);
#9829 = CARTESIAN_POINT('',(-3.805457935003,-7.51,1.200745809771));
#9830 = VECTOR('',#9831,1.);
#9831 = DIRECTION('',(-0.,-0.,-1.));
#9832 = FACE_BOUND('',#9833,.T.);
#9833 = EDGE_LOOP('',(#9834,#9844,#9852,#9861,#9870,#9879,#9888));
#9834 = ORIENTED_EDGE('',*,*,#9835,.F.);
#9835 = EDGE_CURVE('',#9836,#9838,#9840,.T.);
#9836 = VERTEX_POINT('',#9837);
#9837 = CARTESIAN_POINT('',(-3.760826326444,-7.51,1.506715371806));
#9838 = VERTEX_POINT('',#9839);
#9839 = CARTESIAN_POINT('',(-3.760826326444,-7.51,1.240163032379));
#9840 = LINE('',#9841,#9842);
#9841 = CARTESIAN_POINT('',(-3.760826326444,-7.51,1.506715371806));
#9842 = VECTOR('',#9843,1.);
#9843 = DIRECTION('',(0.,0.,-1.));
#9844 = ORIENTED_EDGE('',*,*,#9845,.F.);
#9845 = EDGE_CURVE('',#9846,#9836,#9848,.T.);
#9846 = VERTEX_POINT('',#9847);
#9847 = CARTESIAN_POINT('',(-3.708594087521,-7.51,1.506715371806));
#9848 = LINE('',#9849,#9850);
#9849 = CARTESIAN_POINT('',(-3.708594087521,-7.51,1.506715371806));
#9850 = VECTOR('',#9851,1.);
#9851 = DIRECTION('',(-1.,0.,0.));
#9852 = ORIENTED_EDGE('',*,*,#9853,.F.);
#9853 = EDGE_CURVE('',#9854,#9846,#9856,.T.);
#9854 = VERTEX_POINT('',#9855);
#9855 = CARTESIAN_POINT('',(-3.60881371908,-7.51,1.474191744183));
#9856 = B_SPLINE_CURVE_WITH_KNOTS('',3,(#9857,#9858,#9859,#9860),
  .UNSPECIFIED.,.F.,.F.,(4,4),(5.,6.),.PIECEWISE_BEZIER_KNOTS.);
#9857 = CARTESIAN_POINT('',(-3.60881371908,-7.51,1.474191744183));
#9858 = CARTESIAN_POINT('',(-3.634090234028,-7.51,1.495933082214));
#9859 = CARTESIAN_POINT('',(-3.667409276456,-7.51,1.506715371806));
#9860 = CARTESIAN_POINT('',(-3.708594087521,-7.51,1.506715371806));
#9861 = ORIENTED_EDGE('',*,*,#9862,.F.);
#9862 = EDGE_CURVE('',#9863,#9854,#9865,.T.);
#9863 = VERTEX_POINT('',#9864);
#9864 = CARTESIAN_POINT('',(-3.57089894666,-7.51,1.376797620162));
#9865 = B_SPLINE_CURVE_WITH_KNOTS('',3,(#9866,#9867,#9868,#9869),
  .UNSPECIFIED.,.F.,.F.,(4,4),(4.,5.),.PIECEWISE_BEZIER_KNOTS.);
#9866 = CARTESIAN_POINT('',(-3.57089894666,-7.51,1.376797620162));
#9867 = CARTESIAN_POINT('',(-3.57089894666,-7.51,1.419926778531));
#9868 = CARTESIAN_POINT('',(-3.583537204135,-7.51,1.452450406154));
#9869 = CARTESIAN_POINT('',(-3.60881371908,-7.51,1.474191744183));
#9870 = ORIENTED_EDGE('',*,*,#9871,.F.);
#9871 = EDGE_CURVE('',#9872,#9863,#9874,.T.);
#9872 = VERTEX_POINT('',#9873);
#9873 = CARTESIAN_POINT('',(-3.607841545427,-7.51,1.276221836916));
#9874 = B_SPLINE_CURVE_WITH_KNOTS('',3,(#9875,#9876,#9877,#9878),
  .UNSPECIFIED.,.F.,.F.,(4,4),(3.,4.),.PIECEWISE_BEZIER_KNOTS.);
#9875 = CARTESIAN_POINT('',(-3.607841545427,-7.51,1.276221836916));
#9876 = CARTESIAN_POINT('',(-3.583183686441,-7.51,1.300084281096));
#9877 = CARTESIAN_POINT('',(-3.57089894666,-7.51,1.333668461793));
#9878 = CARTESIAN_POINT('',(-3.57089894666,-7.51,1.376797620162));
#9879 = ORIENTED_EDGE('',*,*,#9880,.F.);
#9880 = EDGE_CURVE('',#9881,#9872,#9883,.T.);
#9881 = VERTEX_POINT('',#9882);
#9882 = CARTESIAN_POINT('',(-3.710626814245,-7.51,1.240163032379));
#9883 = B_SPLINE_CURVE_WITH_KNOTS('',3,(#9884,#9885,#9886,#9887),
  .UNSPECIFIED.,.F.,.F.,(4,4),(2.,3.),.PIECEWISE_BEZIER_KNOTS.);
#9884 = CARTESIAN_POINT('',(-3.710626814245,-7.51,1.240163032379));
#9885 = CARTESIAN_POINT('',(-3.666702241071,-7.51,1.240163032379));
#9886 = CARTESIAN_POINT('',(-3.63241102499,-7.51,1.252182633892));
#9887 = CARTESIAN_POINT('',(-3.607841545427,-7.51,1.276221836916));
#9888 = ORIENTED_EDGE('',*,*,#9889,.F.);
#9889 = EDGE_CURVE('',#9838,#9881,#9890,.T.);
#9890 = LINE('',#9891,#9892);
#9891 = CARTESIAN_POINT('',(-3.760826326444,-7.51,1.240163032379));
#9892 = VECTOR('',#9893,1.);
#9893 = DIRECTION('',(1.,0.,0.));
#9894 = PLANE('',#9895);
#9895 = AXIS2_PLACEMENT_3D('',#9896,#9897,#9898);
#9896 = CARTESIAN_POINT('',(-3.63484145912,-7.51,1.535063071697));
#9897 = DIRECTION('',(0.,-1.,0.));
#9898 = DIRECTION('',(0.,-0.,-1.));
#9899 = ADVANCED_FACE('',(#9900),#9916,.F.);
#9900 = FACE_BOUND('',#9901,.T.);
#9901 = EDGE_LOOP('',(#9902,#9903,#9909,#9910));
#9902 = ORIENTED_EDGE('',*,*,#2174,.T.);
#9903 = ORIENTED_EDGE('',*,*,#9904,.F.);
#9904 = EDGE_CURVE('',#9776,#2177,#9905,.T.);
#9905 = LINE('',#9906,#9907);
#9906 = CARTESIAN_POINT('',(-3.710361675977,-7.51,1.200745809771));
#9907 = VECTOR('',#9908,1.);
#9908 = DIRECTION('',(-0.,1.,-0.));
#9909 = ORIENTED_EDGE('',*,*,#9773,.F.);
#9910 = ORIENTED_EDGE('',*,*,#9911,.T.);
#9911 = EDGE_CURVE('',#9774,#2175,#9912,.T.);
#9912 = LINE('',#9913,#9914);
#9913 = CARTESIAN_POINT('',(-3.805457935003,-7.51,1.200745809771));
#9914 = VECTOR('',#9915,1.);
#9915 = DIRECTION('',(-0.,1.,-0.));
#9916 = PLANE('',#9917);
#9917 = AXIS2_PLACEMENT_3D('',#9918,#9919,#9920);
#9918 = CARTESIAN_POINT('',(-3.710361675977,-7.51,1.200745809771));
#9919 = DIRECTION('',(0.,0.,1.));
#9920 = DIRECTION('',(1.,0.,-0.));
#9921 = ADVANCED_FACE('',(#9922),#9933,.F.);
#9922 = FACE_BOUND('',#9923,.F.);
#9923 = EDGE_LOOP('',(#9924,#9925,#9926,#9932));
#9924 = ORIENTED_EDGE('',*,*,#9904,.F.);
#9925 = ORIENTED_EDGE('',*,*,#9783,.T.);
#9926 = ORIENTED_EDGE('',*,*,#9927,.T.);
#9927 = EDGE_CURVE('',#9784,#2219,#9928,.T.);
#9928 = LINE('',#9929,#9930);
#9929 = CARTESIAN_POINT('',(-3.576113332611,-7.51,1.249177733512));
#9930 = VECTOR('',#9931,1.);
#9931 = DIRECTION('',(-0.,1.,-0.));
#9932 = ORIENTED_EDGE('',*,*,#2227,.F.);
#9933 = B_SPLINE_SURFACE_WITH_KNOTS('',3,1,(
    (#9934,#9935)
    ,(#9936,#9937)
    ,(#9938,#9939)
    ,(#9940,#9941
    )),.UNSPECIFIED.,.F.,.F.,.F.,(4,4),(2,2),(5.,6.),(0.,1.),
  .PIECEWISE_BEZIER_KNOTS.);
#9934 = CARTESIAN_POINT('',(-3.710361675977,-7.51,1.200745809771));
#9935 = CARTESIAN_POINT('',(-3.710361675977,-7.5,1.200745809771));
#9936 = CARTESIAN_POINT('',(-3.655654813211,-7.51,1.200745809771));
#9937 = CARTESIAN_POINT('',(-3.655654813211,-7.5,1.200745809771));
#9938 = CARTESIAN_POINT('',(-3.610846445806,-7.51,1.216830864737));
#9939 = CARTESIAN_POINT('',(-3.610846445806,-7.5,1.216830864737));
#9940 = CARTESIAN_POINT('',(-3.576113332611,-7.51,1.249177733512));
#9941 = CARTESIAN_POINT('',(-3.576113332611,-7.5,1.249177733512));
#9942 = ADVANCED_FACE('',(#9943),#9954,.F.);
#9943 = FACE_BOUND('',#9944,.F.);
#9944 = EDGE_LOOP('',(#9945,#9946,#9947,#9953));
#9945 = ORIENTED_EDGE('',*,*,#9927,.F.);
#9946 = ORIENTED_EDGE('',*,*,#9792,.T.);
#9947 = ORIENTED_EDGE('',*,*,#9948,.T.);
#9948 = EDGE_CURVE('',#9793,#2210,#9949,.T.);
#9949 = LINE('',#9950,#9951);
#9950 = CARTESIAN_POINT('',(-3.523969473109,-7.51,1.378034932083));
#9951 = VECTOR('',#9952,1.);
#9952 = DIRECTION('',(-0.,1.,-0.));
#9953 = ORIENTED_EDGE('',*,*,#2218,.F.);
#9954 = B_SPLINE_SURFACE_WITH_KNOTS('',3,1,(
    (#9955,#9956)
    ,(#9957,#9958)
    ,(#9959,#9960)
    ,(#9961,#9962
    )),.UNSPECIFIED.,.F.,.F.,.F.,(4,4),(2,2),(4.,5.),(0.,1.),
  .PIECEWISE_BEZIER_KNOTS.);
#9955 = CARTESIAN_POINT('',(-3.576113332611,-7.51,1.249177733512));
#9956 = CARTESIAN_POINT('',(-3.576113332611,-7.5,1.249177733512));
#9957 = CARTESIAN_POINT('',(-3.541380219416,-7.51,1.28152460229));
#9958 = CARTESIAN_POINT('',(-3.541380219416,-7.5,1.28152460229));
#9959 = CARTESIAN_POINT('',(-3.523969473109,-7.51,1.324477001814));
#9960 = CARTESIAN_POINT('',(-3.523969473109,-7.5,1.324477001814));
#9961 = CARTESIAN_POINT('',(-3.523969473109,-7.51,1.378034932083));
#9962 = CARTESIAN_POINT('',(-3.523969473109,-7.5,1.378034932083));
#9963 = ADVANCED_FACE('',(#9964),#9975,.F.);
#9964 = FACE_BOUND('',#9965,.F.);
#9965 = EDGE_LOOP('',(#9966,#9967,#9968,#9974));
#9966 = ORIENTED_EDGE('',*,*,#9948,.F.);
#9967 = ORIENTED_EDGE('',*,*,#9801,.T.);
#9968 = ORIENTED_EDGE('',*,*,#9969,.T.);
#9969 = EDGE_CURVE('',#9802,#2201,#9970,.T.);
#9970 = LINE('',#9971,#9972);
#9971 = CARTESIAN_POINT('',(-3.576113332611,-7.51,1.50070557105));
#9972 = VECTOR('',#9973,1.);
#9973 = DIRECTION('',(-0.,1.,-0.));
#9974 = ORIENTED_EDGE('',*,*,#2209,.F.);
#9975 = B_SPLINE_SURFACE_WITH_KNOTS('',3,1,(
    (#9976,#9977)
    ,(#9978,#9979)
    ,(#9980,#9981)
    ,(#9982,#9983
    )),.UNSPECIFIED.,.F.,.F.,.F.,(4,4),(2,2),(3.,4.),(0.,1.),
  .PIECEWISE_BEZIER_KNOTS.);
#9976 = CARTESIAN_POINT('',(-3.523969473109,-7.51,1.378034932083));
#9977 = CARTESIAN_POINT('',(-3.523969473109,-7.5,1.378034932083));
#9978 = CARTESIAN_POINT('',(-3.523969473109,-7.51,1.429294997356));
#9979 = CARTESIAN_POINT('',(-3.523969473109,-7.5,1.429294997356));
#9980 = CARTESIAN_POINT('',(-3.541380219416,-7.51,1.47012629073));
#9981 = CARTESIAN_POINT('',(-3.541380219416,-7.5,1.47012629073));
#9982 = CARTESIAN_POINT('',(-3.576113332611,-7.51,1.50070557105));
#9983 = CARTESIAN_POINT('',(-3.576113332611,-7.5,1.50070557105));
#9984 = ADVANCED_FACE('',(#9985),#9996,.F.);
#9985 = FACE_BOUND('',#9986,.F.);
#9986 = EDGE_LOOP('',(#9987,#9988,#9989,#9995));
#9987 = ORIENTED_EDGE('',*,*,#9969,.F.);
#9988 = ORIENTED_EDGE('',*,*,#9810,.T.);
#9989 = ORIENTED_EDGE('',*,*,#9990,.T.);
#9990 = EDGE_CURVE('',#9811,#2193,#9991,.T.);
#9991 = LINE('',#9992,#9993);
#9992 = CARTESIAN_POINT('',(-3.706826499061,-7.51,1.546486112105));
#9993 = VECTOR('',#9994,1.);
#9994 = DIRECTION('',(-0.,1.,-0.));
#9995 = ORIENTED_EDGE('',*,*,#2200,.F.);
#9996 = B_SPLINE_SURFACE_WITH_KNOTS('',3,1,(
    (#9997,#9998)
    ,(#9999,#10000)
    ,(#10001,#10002)
    ,(#10003,#10004
    )),.UNSPECIFIED.,.F.,.F.,.F.,(4,4),(2,2),(2.,3.),(0.,1.),
  .PIECEWISE_BEZIER_KNOTS.);
#9997 = CARTESIAN_POINT('',(-3.576113332611,-7.51,1.50070557105));
#9998 = CARTESIAN_POINT('',(-3.576113332611,-7.5,1.50070557105));
#9999 = CARTESIAN_POINT('',(-3.610846445806,-7.51,1.531284851369));
#10000 = CARTESIAN_POINT('',(-3.610846445806,-7.5,1.531284851369));
#10001 = CARTESIAN_POINT('',(-3.65441750129,-7.51,1.546486112105));
#10002 = CARTESIAN_POINT('',(-3.65441750129,-7.5,1.546486112105));
#10003 = CARTESIAN_POINT('',(-3.706826499061,-7.51,1.546486112105));
#10004 = CARTESIAN_POINT('',(-3.706826499061,-7.5,1.546486112105));
#10005 = ADVANCED_FACE('',(#10006),#10017,.F.);
#10006 = FACE_BOUND('',#10007,.T.);
#10007 = EDGE_LOOP('',(#10008,#10009,#10015,#10016));
#10008 = ORIENTED_EDGE('',*,*,#2192,.T.);
#10009 = ORIENTED_EDGE('',*,*,#10010,.F.);
#10010 = EDGE_CURVE('',#9820,#2185,#10011,.T.);
#10011 = LINE('',#10012,#10013);
#10012 = CARTESIAN_POINT('',(-3.805457935003,-7.51,1.546486112105));
#10013 = VECTOR('',#10014,1.);
#10014 = DIRECTION('',(-0.,1.,-0.));
#10015 = ORIENTED_EDGE('',*,*,#9819,.F.);
#10016 = ORIENTED_EDGE('',*,*,#9990,.T.);
#10017 = PLANE('',#10018);
#10018 = AXIS2_PLACEMENT_3D('',#10019,#10020,#10021);
#10019 = CARTESIAN_POINT('',(-3.805457935003,-7.51,1.546486112105));
#10020 = DIRECTION('',(0.,0.,-1.));
#10021 = DIRECTION('',(-1.,0.,-0.));
#10022 = ADVANCED_FACE('',(#10023),#10029,.F.);
#10023 = FACE_BOUND('',#10024,.T.);
#10024 = EDGE_LOOP('',(#10025,#10026,#10027,#10028));
#10025 = ORIENTED_EDGE('',*,*,#2184,.T.);
#10026 = ORIENTED_EDGE('',*,*,#9911,.F.);
#10027 = ORIENTED_EDGE('',*,*,#9827,.F.);
#10028 = ORIENTED_EDGE('',*,*,#10010,.T.);
#10029 = PLANE('',#10030);
#10030 = AXIS2_PLACEMENT_3D('',#10031,#10032,#10033);
#10031 = CARTESIAN_POINT('',(-3.805457935003,-7.51,1.200745809771));
#10032 = DIRECTION('',(1.,0.,-0.));
#10033 = DIRECTION('',(-0.,0.,-1.));
#10034 = ADVANCED_FACE('',(#10035),#10060,.T.);
#10035 = FACE_BOUND('',#10036,.T.);
#10036 = EDGE_LOOP('',(#10037,#10047,#10053,#10054));
#10037 = ORIENTED_EDGE('',*,*,#10038,.F.);
#10038 = EDGE_CURVE('',#10039,#10041,#10043,.T.);
#10039 = VERTEX_POINT('',#10040);
#10040 = CARTESIAN_POINT('',(-3.708594087521,-7.5,1.506715371806));
#10041 = VERTEX_POINT('',#10042);
#10042 = CARTESIAN_POINT('',(-3.760826326444,-7.5,1.506715371806));
#10043 = LINE('',#10044,#10045);
#10044 = CARTESIAN_POINT('',(-3.708594087521,-7.5,1.506715371806));
#10045 = VECTOR('',#10046,1.);
#10046 = DIRECTION('',(-1.,0.,0.));
#10047 = ORIENTED_EDGE('',*,*,#10048,.F.);
#10048 = EDGE_CURVE('',#9846,#10039,#10049,.T.);
#10049 = LINE('',#10050,#10051);
#10050 = CARTESIAN_POINT('',(-3.708594087521,-7.51,1.506715371806));
#10051 = VECTOR('',#10052,1.);
#10052 = DIRECTION('',(-0.,1.,-0.));
#10053 = ORIENTED_EDGE('',*,*,#9845,.T.);
#10054 = ORIENTED_EDGE('',*,*,#10055,.T.);
#10055 = EDGE_CURVE('',#9836,#10041,#10056,.T.);
#10056 = LINE('',#10057,#10058);
#10057 = CARTESIAN_POINT('',(-3.760826326444,-7.51,1.506715371806));
#10058 = VECTOR('',#10059,1.);
#10059 = DIRECTION('',(-0.,1.,-0.));
#10060 = PLANE('',#10061);
#10061 = AXIS2_PLACEMENT_3D('',#10062,#10063,#10064);
#10062 = CARTESIAN_POINT('',(-3.708594087521,-7.51,1.506715371806));
#10063 = DIRECTION('',(-0.,0.,-1.));
#10064 = DIRECTION('',(-1.,0.,0.));
#10065 = ADVANCED_FACE('',(#10066),#10084,.T.);
#10066 = FACE_BOUND('',#10067,.T.);
#10067 = EDGE_LOOP('',(#10068,#10076,#10077,#10078));
#10068 = ORIENTED_EDGE('',*,*,#10069,.F.);
#10069 = EDGE_CURVE('',#10041,#10070,#10072,.T.);
#10070 = VERTEX_POINT('',#10071);
#10071 = CARTESIAN_POINT('',(-3.760826326444,-7.5,1.240163032379));
#10072 = LINE('',#10073,#10074);
#10073 = CARTESIAN_POINT('',(-3.760826326444,-7.5,1.506715371806));
#10074 = VECTOR('',#10075,1.);
#10075 = DIRECTION('',(0.,0.,-1.));
#10076 = ORIENTED_EDGE('',*,*,#10055,.F.);
#10077 = ORIENTED_EDGE('',*,*,#9835,.T.);
#10078 = ORIENTED_EDGE('',*,*,#10079,.T.);
#10079 = EDGE_CURVE('',#9838,#10070,#10080,.T.);
#10080 = LINE('',#10081,#10082);
#10081 = CARTESIAN_POINT('',(-3.760826326444,-7.51,1.240163032379));
#10082 = VECTOR('',#10083,1.);
#10083 = DIRECTION('',(-0.,1.,-0.));
#10084 = PLANE('',#10085);
#10085 = AXIS2_PLACEMENT_3D('',#10086,#10087,#10088);
#10086 = CARTESIAN_POINT('',(-3.760826326444,-7.51,1.506715371806));
#10087 = DIRECTION('',(1.,0.,0.));
#10088 = DIRECTION('',(0.,0.,-1.));
#10089 = ADVANCED_FACE('',(#10090),#10108,.T.);
#10090 = FACE_BOUND('',#10091,.T.);
#10091 = EDGE_LOOP('',(#10092,#10100,#10101,#10102));
#10092 = ORIENTED_EDGE('',*,*,#10093,.F.);
#10093 = EDGE_CURVE('',#10070,#10094,#10096,.T.);
#10094 = VERTEX_POINT('',#10095);
#10095 = CARTESIAN_POINT('',(-3.710626814245,-7.5,1.240163032379));
#10096 = LINE('',#10097,#10098);
#10097 = CARTESIAN_POINT('',(-3.760826326444,-7.5,1.240163032379));
#10098 = VECTOR('',#10099,1.);
#10099 = DIRECTION('',(1.,0.,0.));
#10100 = ORIENTED_EDGE('',*,*,#10079,.F.);
#10101 = ORIENTED_EDGE('',*,*,#9889,.T.);
#10102 = ORIENTED_EDGE('',*,*,#10103,.T.);
#10103 = EDGE_CURVE('',#9881,#10094,#10104,.T.);
#10104 = LINE('',#10105,#10106);
#10105 = CARTESIAN_POINT('',(-3.710626814245,-7.51,1.240163032379));
#10106 = VECTOR('',#10107,1.);
#10107 = DIRECTION('',(-0.,1.,-0.));
#10108 = PLANE('',#10109);
#10109 = AXIS2_PLACEMENT_3D('',#10110,#10111,#10112);
#10110 = CARTESIAN_POINT('',(-3.760826326444,-7.51,1.240163032379));
#10111 = DIRECTION('',(-0.,0.,1.));
#10112 = DIRECTION('',(1.,0.,0.));
#10113 = ADVANCED_FACE('',(#10114),#10133,.T.);
#10114 = FACE_BOUND('',#10115,.T.);
#10115 = EDGE_LOOP('',(#10116,#10125,#10126,#10127));
#10116 = ORIENTED_EDGE('',*,*,#10117,.F.);
#10117 = EDGE_CURVE('',#10094,#10118,#10120,.T.);
#10118 = VERTEX_POINT('',#10119);
#10119 = CARTESIAN_POINT('',(-3.607841545427,-7.5,1.276221836916));
#10120 = B_SPLINE_CURVE_WITH_KNOTS('',3,(#10121,#10122,#10123,#10124),
  .UNSPECIFIED.,.F.,.F.,(4,4),(2.,3.),.PIECEWISE_BEZIER_KNOTS.);
#10121 = CARTESIAN_POINT('',(-3.710626814245,-7.5,1.240163032379));
#10122 = CARTESIAN_POINT('',(-3.666702241071,-7.5,1.240163032379));
#10123 = CARTESIAN_POINT('',(-3.63241102499,-7.5,1.252182633892));
#10124 = CARTESIAN_POINT('',(-3.607841545427,-7.5,1.276221836916));
#10125 = ORIENTED_EDGE('',*,*,#10103,.F.);
#10126 = ORIENTED_EDGE('',*,*,#9880,.T.);
#10127 = ORIENTED_EDGE('',*,*,#10128,.T.);
#10128 = EDGE_CURVE('',#9872,#10118,#10129,.T.);
#10129 = LINE('',#10130,#10131);
#10130 = CARTESIAN_POINT('',(-3.607841545427,-7.51,1.276221836916));
#10131 = VECTOR('',#10132,1.);
#10132 = DIRECTION('',(-0.,1.,-0.));
#10133 = B_SPLINE_SURFACE_WITH_KNOTS('',3,1,(
    (#10134,#10135)
    ,(#10136,#10137)
    ,(#10138,#10139)
    ,(#10140,#10141
    )),.UNSPECIFIED.,.F.,.F.,.F.,(4,4),(2,2),(2.,3.),(0.,1.),
  .PIECEWISE_BEZIER_KNOTS.);
#10134 = CARTESIAN_POINT('',(-3.710626814245,-7.51,1.240163032379));
#10135 = CARTESIAN_POINT('',(-3.710626814245,-7.5,1.240163032379));
#10136 = CARTESIAN_POINT('',(-3.666702241071,-7.51,1.240163032379));
#10137 = CARTESIAN_POINT('',(-3.666702241071,-7.5,1.240163032379));
#10138 = CARTESIAN_POINT('',(-3.63241102499,-7.51,1.252182633892));
#10139 = CARTESIAN_POINT('',(-3.63241102499,-7.5,1.252182633892));
#10140 = CARTESIAN_POINT('',(-3.607841545427,-7.51,1.276221836916));
#10141 = CARTESIAN_POINT('',(-3.607841545427,-7.5,1.276221836916));
#10142 = ADVANCED_FACE('',(#10143),#10162,.T.);
#10143 = FACE_BOUND('',#10144,.T.);
#10144 = EDGE_LOOP('',(#10145,#10154,#10155,#10156));
#10145 = ORIENTED_EDGE('',*,*,#10146,.F.);
#10146 = EDGE_CURVE('',#10118,#10147,#10149,.T.);
#10147 = VERTEX_POINT('',#10148);
#10148 = CARTESIAN_POINT('',(-3.57089894666,-7.5,1.376797620162));
#10149 = B_SPLINE_CURVE_WITH_KNOTS('',3,(#10150,#10151,#10152,#10153),
  .UNSPECIFIED.,.F.,.F.,(4,4),(3.,4.),.PIECEWISE_BEZIER_KNOTS.);
#10150 = CARTESIAN_POINT('',(-3.607841545427,-7.5,1.276221836916));
#10151 = CARTESIAN_POINT('',(-3.583183686441,-7.5,1.300084281096));
#10152 = CARTESIAN_POINT('',(-3.57089894666,-7.5,1.333668461793));
#10153 = CARTESIAN_POINT('',(-3.57089894666,-7.5,1.376797620162));
#10154 = ORIENTED_EDGE('',*,*,#10128,.F.);
#10155 = ORIENTED_EDGE('',*,*,#9871,.T.);
#10156 = ORIENTED_EDGE('',*,*,#10157,.T.);
#10157 = EDGE_CURVE('',#9863,#10147,#10158,.T.);
#10158 = LINE('',#10159,#10160);
#10159 = CARTESIAN_POINT('',(-3.57089894666,-7.51,1.376797620162));
#10160 = VECTOR('',#10161,1.);
#10161 = DIRECTION('',(-0.,1.,-0.));
#10162 = B_SPLINE_SURFACE_WITH_KNOTS('',3,1,(
    (#10163,#10164)
    ,(#10165,#10166)
    ,(#10167,#10168)
    ,(#10169,#10170
    )),.UNSPECIFIED.,.F.,.F.,.F.,(4,4),(2,2),(3.,4.),(0.,1.),
  .PIECEWISE_BEZIER_KNOTS.);
#10163 = CARTESIAN_POINT('',(-3.607841545427,-7.51,1.276221836916));
#10164 = CARTESIAN_POINT('',(-3.607841545427,-7.5,1.276221836916));
#10165 = CARTESIAN_POINT('',(-3.583183686441,-7.51,1.300084281096));
#10166 = CARTESIAN_POINT('',(-3.583183686441,-7.5,1.300084281096));
#10167 = CARTESIAN_POINT('',(-3.57089894666,-7.51,1.333668461793));
#10168 = CARTESIAN_POINT('',(-3.57089894666,-7.5,1.333668461793));
#10169 = CARTESIAN_POINT('',(-3.57089894666,-7.51,1.376797620162));
#10170 = CARTESIAN_POINT('',(-3.57089894666,-7.5,1.376797620162));
#10171 = ADVANCED_FACE('',(#10172),#10191,.T.);
#10172 = FACE_BOUND('',#10173,.T.);
#10173 = EDGE_LOOP('',(#10174,#10183,#10184,#10185));
#10174 = ORIENTED_EDGE('',*,*,#10175,.F.);
#10175 = EDGE_CURVE('',#10147,#10176,#10178,.T.);
#10176 = VERTEX_POINT('',#10177);
#10177 = CARTESIAN_POINT('',(-3.60881371908,-7.5,1.474191744183));
#10178 = B_SPLINE_CURVE_WITH_KNOTS('',3,(#10179,#10180,#10181,#10182),
  .UNSPECIFIED.,.F.,.F.,(4,4),(4.,5.),.PIECEWISE_BEZIER_KNOTS.);
#10179 = CARTESIAN_POINT('',(-3.57089894666,-7.5,1.376797620162));
#10180 = CARTESIAN_POINT('',(-3.57089894666,-7.5,1.419926778531));
#10181 = CARTESIAN_POINT('',(-3.583537204135,-7.5,1.452450406154));
#10182 = CARTESIAN_POINT('',(-3.60881371908,-7.5,1.474191744183));
#10183 = ORIENTED_EDGE('',*,*,#10157,.F.);
#10184 = ORIENTED_EDGE('',*,*,#9862,.T.);
#10185 = ORIENTED_EDGE('',*,*,#10186,.T.);
#10186 = EDGE_CURVE('',#9854,#10176,#10187,.T.);
#10187 = LINE('',#10188,#10189);
#10188 = CARTESIAN_POINT('',(-3.60881371908,-7.51,1.474191744183));
#10189 = VECTOR('',#10190,1.);
#10190 = DIRECTION('',(-0.,1.,-0.));
#10191 = B_SPLINE_SURFACE_WITH_KNOTS('',3,1,(
    (#10192,#10193)
    ,(#10194,#10195)
    ,(#10196,#10197)
    ,(#10198,#10199
    )),.UNSPECIFIED.,.F.,.F.,.F.,(4,4),(2,2),(4.,5.),(0.,1.),
  .PIECEWISE_BEZIER_KNOTS.);
#10192 = CARTESIAN_POINT('',(-3.57089894666,-7.51,1.376797620162));
#10193 = CARTESIAN_POINT('',(-3.57089894666,-7.5,1.376797620162));
#10194 = CARTESIAN_POINT('',(-3.57089894666,-7.51,1.419926778531));
#10195 = CARTESIAN_POINT('',(-3.57089894666,-7.5,1.419926778531));
#10196 = CARTESIAN_POINT('',(-3.583537204135,-7.51,1.452450406154));
#10197 = CARTESIAN_POINT('',(-3.583537204135,-7.5,1.452450406154));
#10198 = CARTESIAN_POINT('',(-3.60881371908,-7.51,1.474191744183));
#10199 = CARTESIAN_POINT('',(-3.60881371908,-7.5,1.474191744183));
#10200 = ADVANCED_FACE('',(#10201),#10213,.T.);
#10201 = FACE_BOUND('',#10202,.T.);
#10202 = EDGE_LOOP('',(#10203,#10210,#10211,#10212));
#10203 = ORIENTED_EDGE('',*,*,#10204,.F.);
#10204 = EDGE_CURVE('',#10176,#10039,#10205,.T.);
#10205 = B_SPLINE_CURVE_WITH_KNOTS('',3,(#10206,#10207,#10208,#10209),
  .UNSPECIFIED.,.F.,.F.,(4,4),(5.,6.),.PIECEWISE_BEZIER_KNOTS.);
#10206 = CARTESIAN_POINT('',(-3.60881371908,-7.5,1.474191744183));
#10207 = CARTESIAN_POINT('',(-3.634090234028,-7.5,1.495933082214));
#10208 = CARTESIAN_POINT('',(-3.667409276456,-7.5,1.506715371806));
#10209 = CARTESIAN_POINT('',(-3.708594087521,-7.5,1.506715371806));
#10210 = ORIENTED_EDGE('',*,*,#10186,.F.);
#10211 = ORIENTED_EDGE('',*,*,#9853,.T.);
#10212 = ORIENTED_EDGE('',*,*,#10048,.T.);
#10213 = B_SPLINE_SURFACE_WITH_KNOTS('',3,1,(
    (#10214,#10215)
    ,(#10216,#10217)
    ,(#10218,#10219)
    ,(#10220,#10221
    )),.UNSPECIFIED.,.F.,.F.,.F.,(4,4),(2,2),(5.,6.),(0.,1.),
  .PIECEWISE_BEZIER_KNOTS.);
#10214 = CARTESIAN_POINT('',(-3.60881371908,-7.51,1.474191744183));
#10215 = CARTESIAN_POINT('',(-3.60881371908,-7.5,1.474191744183));
#10216 = CARTESIAN_POINT('',(-3.634090234028,-7.51,1.495933082214));
#10217 = CARTESIAN_POINT('',(-3.634090234028,-7.5,1.495933082214));
#10218 = CARTESIAN_POINT('',(-3.667409276456,-7.51,1.506715371806));
#10219 = CARTESIAN_POINT('',(-3.667409276456,-7.5,1.506715371806));
#10220 = CARTESIAN_POINT('',(-3.708594087521,-7.51,1.506715371806));
#10221 = CARTESIAN_POINT('',(-3.708594087521,-7.5,1.506715371806));
#10222 = ADVANCED_FACE('',(#10223),#10232,.F.);
#10223 = FACE_BOUND('',#10224,.T.);
#10224 = EDGE_LOOP('',(#10225,#10226,#10227,#10228,#10229,#10230,#10231)
  );
#10225 = ORIENTED_EDGE('',*,*,#10204,.T.);
#10226 = ORIENTED_EDGE('',*,*,#10038,.T.);
#10227 = ORIENTED_EDGE('',*,*,#10069,.T.);
#10228 = ORIENTED_EDGE('',*,*,#10093,.T.);
#10229 = ORIENTED_EDGE('',*,*,#10117,.T.);
#10230 = ORIENTED_EDGE('',*,*,#10146,.T.);
#10231 = ORIENTED_EDGE('',*,*,#10175,.T.);
#10232 = PLANE('',#10233);
#10233 = AXIS2_PLACEMENT_3D('',#10234,#10235,#10236);
#10234 = CARTESIAN_POINT('',(-7.5,-7.5,4.));
#10235 = DIRECTION('',(0.,1.,0.));
#10236 = DIRECTION('',(0.,-0.,1.));
#10237 = ADVANCED_FACE('',(#10238,#10304),#10356,.F.);
#10238 = FACE_BOUND('',#10239,.T.);
#10239 = EDGE_LOOP('',(#10240,#10250,#10258,#10266,#10274,#10282,#10290,
    #10298));
#10240 = ORIENTED_EDGE('',*,*,#10241,.T.);
#10241 = EDGE_CURVE('',#10242,#10244,#10246,.T.);
#10242 = VERTEX_POINT('',#10243);
#10243 = CARTESIAN_POINT('',(-3.193695569779,-7.51,1.200745809771));
#10244 = VERTEX_POINT('',#10245);
#10245 = CARTESIAN_POINT('',(-3.325380909882,-7.51,1.546486112105));
#10246 = LINE('',#10247,#10248);
#10247 = CARTESIAN_POINT('',(-3.325380909882,-7.51,1.546486112105));
#10248 = VECTOR('',#10249,1.);
#10249 = DIRECTION('',(-0.35593572437,-0.,0.934510438742));
#10250 = ORIENTED_EDGE('',*,*,#10251,.T.);
#10251 = EDGE_CURVE('',#10244,#10252,#10254,.T.);
#10252 = VERTEX_POINT('',#10253);
#10253 = CARTESIAN_POINT('',(-3.373105798241,-7.51,1.546486112105));
#10254 = LINE('',#10255,#10256);
#10255 = CARTESIAN_POINT('',(-3.373105798241,-7.51,1.546486112105));
#10256 = VECTOR('',#10257,1.);
#10257 = DIRECTION('',(-1.,-0.,-0.));
#10258 = ORIENTED_EDGE('',*,*,#10259,.T.);
#10259 = EDGE_CURVE('',#10252,#10260,#10262,.T.);
#10260 = VERTEX_POINT('',#10261);
#10261 = CARTESIAN_POINT('',(-3.50479113834,-7.51,1.200745809771));
#10262 = LINE('',#10263,#10264);
#10263 = CARTESIAN_POINT('',(-3.50479113834,-7.51,1.200745809771));
#10264 = VECTOR('',#10265,1.);
#10265 = DIRECTION('',(-0.355935724364,-0.,-0.934510438744));
#10266 = ORIENTED_EDGE('',*,*,#10267,.T.);
#10267 = EDGE_CURVE('',#10260,#10268,#10270,.T.);
#10268 = VERTEX_POINT('',#10269);
#10269 = CARTESIAN_POINT('',(-3.455475420372,-7.51,1.200745809771));
#10270 = LINE('',#10271,#10272);
#10271 = CARTESIAN_POINT('',(-3.455475420372,-7.51,1.200745809771));
#10272 = VECTOR('',#10273,1.);
#10273 = DIRECTION('',(1.,-0.,-0.));
#10274 = ORIENTED_EDGE('',*,*,#10275,.T.);
#10275 = EDGE_CURVE('',#10268,#10276,#10278,.T.);
#10276 = VERTEX_POINT('',#10277);
#10277 = CARTESIAN_POINT('',(-3.422244757366,-7.51,1.295311792261));
#10278 = LINE('',#10279,#10280);
#10279 = CARTESIAN_POINT('',(-3.422244757366,-7.51,1.295311792261));
#10280 = VECTOR('',#10281,1.);
#10281 = DIRECTION('',(0.33152841835,-0.,0.943445233082));
#10282 = ORIENTED_EDGE('',*,*,#10283,.T.);
#10283 = EDGE_CURVE('',#10276,#10284,#10286,.T.);
#10284 = VERTEX_POINT('',#10285);
#10285 = CARTESIAN_POINT('',(-3.278274677482,-7.51,1.295311792261));
#10286 = LINE('',#10287,#10288);
#10287 = CARTESIAN_POINT('',(-3.278274677482,-7.51,1.295311792261));
#10288 = VECTOR('',#10289,1.);
#10289 = DIRECTION('',(1.,-0.,-0.));
#10290 = ORIENTED_EDGE('',*,*,#10291,.T.);
#10291 = EDGE_CURVE('',#10284,#10292,#10294,.T.);
#10292 = VERTEX_POINT('',#10293);
#10293 = CARTESIAN_POINT('',(-3.243011287751,-7.51,1.200745809771));
#10294 = LINE('',#10295,#10296);
#10295 = CARTESIAN_POINT('',(-3.243011287751,-7.51,1.200745809771));
#10296 = VECTOR('',#10297,1.);
#10297 = DIRECTION('',(0.349395479469,-0.,-0.936975345954));
#10298 = ORIENTED_EDGE('',*,*,#10299,.T.);
#10299 = EDGE_CURVE('',#10292,#10242,#10300,.T.);
#10300 = LINE('',#10301,#10302);
#10301 = CARTESIAN_POINT('',(-3.193695569779,-7.51,1.200745809771));
#10302 = VECTOR('',#10303,1.);
#10303 = DIRECTION('',(1.,-0.,-0.));
#10304 = FACE_BOUND('',#10305,.T.);
#10305 = EDGE_LOOP('',(#10306,#10316,#10324,#10333,#10341,#10350));
#10306 = ORIENTED_EDGE('',*,*,#10307,.F.);
#10307 = EDGE_CURVE('',#10308,#10310,#10312,.T.);
#10308 = VERTEX_POINT('',#10309);
#10309 = CARTESIAN_POINT('',(-3.408104049704,-7.51,1.334375497177));
#10310 = VERTEX_POINT('',#10311);
#10311 = CARTESIAN_POINT('',(-3.292061867454,-7.51,1.334375497177));
#10312 = LINE('',#10313,#10314);
#10313 = CARTESIAN_POINT('',(-3.408104049704,-7.51,1.334375497177));
#10314 = VECTOR('',#10315,1.);
#10315 = DIRECTION('',(1.,0.,0.));
#10316 = ORIENTED_EDGE('',*,*,#10317,.F.);
#10317 = EDGE_CURVE('',#10318,#10308,#10320,.T.);
#10318 = VERTEX_POINT('',#10319);
#10319 = CARTESIAN_POINT('',(-3.356402087315,-7.51,1.47808043879));
#10320 = LINE('',#10321,#10322);
#10321 = CARTESIAN_POINT('',(-3.356402087315,-7.51,1.47808043879));
#10322 = VECTOR('',#10323,1.);
#10323 = DIRECTION('',(-0.338535034314,0.,-0.940953787676));
#10324 = ORIENTED_EDGE('',*,*,#10325,.F.);
#10325 = EDGE_CURVE('',#10326,#10318,#10328,.T.);
#10326 = VERTEX_POINT('',#10327);
#10327 = CARTESIAN_POINT('',(-3.35074580425,-7.51,1.502296400662));
#10328 = B_SPLINE_CURVE_WITH_KNOTS('',3,(#10329,#10330,#10331,#10332),
  .UNSPECIFIED.,.F.,.F.,(4,4),(3.,4.),.PIECEWISE_BEZIER_KNOTS.);
#10329 = CARTESIAN_POINT('',(-3.35074580425,-7.51,1.502296400662));
#10330 = CARTESIAN_POINT('',(-3.352425013285,-7.51,1.491867628762));
#10331 = CARTESIAN_POINT('',(-3.354280981166,-7.51,1.483736721856));
#10332 = CARTESIAN_POINT('',(-3.356402087315,-7.51,1.47808043879));
#10333 = ORIENTED_EDGE('',*,*,#10334,.F.);
#10334 = EDGE_CURVE('',#10335,#10326,#10337,.T.);
#10335 = VERTEX_POINT('',#10336);
#10336 = CARTESIAN_POINT('',(-3.349685251176,-7.51,1.502296400662));
#10337 = LINE('',#10338,#10339);
#10338 = CARTESIAN_POINT('',(-3.349685251176,-7.51,1.502296400662));
#10339 = VECTOR('',#10340,1.);
#10340 = DIRECTION('',(-1.,0.,0.));
#10341 = ORIENTED_EDGE('',*,*,#10342,.F.);
#10342 = EDGE_CURVE('',#10343,#10335,#10345,.T.);
#10343 = VERTEX_POINT('',#10344);
#10344 = CARTESIAN_POINT('',(-3.344294106379,-7.51,1.47808043879));
#10345 = B_SPLINE_CURVE_WITH_KNOTS('',3,(#10346,#10347,#10348,#10349),
  .UNSPECIFIED.,.F.,.F.,(4,4),(1.,2.),.PIECEWISE_BEZIER_KNOTS.);
#10346 = CARTESIAN_POINT('',(-3.344294106379,-7.51,1.47808043879));
#10347 = CARTESIAN_POINT('',(-3.345973315415,-7.51,1.482852927626));
#10348 = CARTESIAN_POINT('',(-3.347740903873,-7.51,1.490807075686));
#10349 = CARTESIAN_POINT('',(-3.349685251176,-7.51,1.502296400662));
#10350 = ORIENTED_EDGE('',*,*,#10351,.F.);
#10351 = EDGE_CURVE('',#10310,#10343,#10352,.T.);
#10352 = LINE('',#10353,#10354);
#10353 = CARTESIAN_POINT('',(-3.292061867454,-7.51,1.334375497177));
#10354 = VECTOR('',#10355,1.);
#10355 = DIRECTION('',(-0.341603830682,0.,0.939844041777));
#10356 = PLANE('',#10357);
#10357 = AXIS2_PLACEMENT_3D('',#10358,#10359,#10360);
#10358 = CARTESIAN_POINT('',(0.,-7.51,0.));
#10359 = DIRECTION('',(0.,1.,0.));
#10360 = DIRECTION('',(0.,-0.,1.));
#10361 = ADVANCED_FACE('',(#10362),#10378,.F.);
#10362 = FACE_BOUND('',#10363,.T.);
#10363 = EDGE_LOOP('',(#10364,#10365,#10371,#10372));
#10364 = ORIENTED_EDGE('',*,*,#2236,.T.);
#10365 = ORIENTED_EDGE('',*,*,#10366,.F.);
#10366 = EDGE_CURVE('',#10244,#2239,#10367,.T.);
#10367 = LINE('',#10368,#10369);
#10368 = CARTESIAN_POINT('',(-3.325380909882,-7.51,1.546486112105));
#10369 = VECTOR('',#10370,1.);
#10370 = DIRECTION('',(-0.,1.,-0.));
#10371 = ORIENTED_EDGE('',*,*,#10241,.F.);
#10372 = ORIENTED_EDGE('',*,*,#10373,.T.);
#10373 = EDGE_CURVE('',#10242,#2237,#10374,.T.);
#10374 = LINE('',#10375,#10376);
#10375 = CARTESIAN_POINT('',(-3.193695569779,-7.51,1.200745809771));
#10376 = VECTOR('',#10377,1.);
#10377 = DIRECTION('',(-0.,1.,-0.));
#10378 = PLANE('',#10379);
#10379 = AXIS2_PLACEMENT_3D('',#10380,#10381,#10382);
#10380 = CARTESIAN_POINT('',(-3.325380909882,-7.51,1.546486112105));
#10381 = DIRECTION('',(-0.934510438742,0.,-0.35593572437));
#10382 = DIRECTION('',(-0.35593572437,0.,0.934510438742));
#10383 = ADVANCED_FACE('',(#10384),#10395,.F.);
#10384 = FACE_BOUND('',#10385,.T.);
#10385 = EDGE_LOOP('',(#10386,#10387,#10393,#10394));
#10386 = ORIENTED_EDGE('',*,*,#2294,.T.);
#10387 = ORIENTED_EDGE('',*,*,#10388,.F.);
#10388 = EDGE_CURVE('',#10252,#2287,#10389,.T.);
#10389 = LINE('',#10390,#10391);
#10390 = CARTESIAN_POINT('',(-3.373105798241,-7.51,1.546486112105));
#10391 = VECTOR('',#10392,1.);
#10392 = DIRECTION('',(-0.,1.,-0.));
#10393 = ORIENTED_EDGE('',*,*,#10251,.F.);
#10394 = ORIENTED_EDGE('',*,*,#10366,.T.);
#10395 = PLANE('',#10396);
#10396 = AXIS2_PLACEMENT_3D('',#10397,#10398,#10399);
#10397 = CARTESIAN_POINT('',(-3.373105798241,-7.51,1.546486112105));
#10398 = DIRECTION('',(0.,0.,-1.));
#10399 = DIRECTION('',(-1.,0.,-0.));
#10400 = ADVANCED_FACE('',(#10401),#10412,.F.);
#10401 = FACE_BOUND('',#10402,.T.);
#10402 = EDGE_LOOP('',(#10403,#10404,#10410,#10411));
#10403 = ORIENTED_EDGE('',*,*,#2286,.T.);
#10404 = ORIENTED_EDGE('',*,*,#10405,.F.);
#10405 = EDGE_CURVE('',#10260,#2279,#10406,.T.);
#10406 = LINE('',#10407,#10408);
#10407 = CARTESIAN_POINT('',(-3.50479113834,-7.51,1.200745809771));
#10408 = VECTOR('',#10409,1.);
#10409 = DIRECTION('',(-0.,1.,-0.));
#10410 = ORIENTED_EDGE('',*,*,#10259,.F.);
#10411 = ORIENTED_EDGE('',*,*,#10388,.T.);
#10412 = PLANE('',#10413);
#10413 = AXIS2_PLACEMENT_3D('',#10414,#10415,#10416);
#10414 = CARTESIAN_POINT('',(-3.50479113834,-7.51,1.200745809771));
#10415 = DIRECTION('',(0.934510438744,0.,-0.355935724364));
#10416 = DIRECTION('',(-0.355935724364,0.,-0.934510438744));
#10417 = ADVANCED_FACE('',(#10418),#10429,.F.);
#10418 = FACE_BOUND('',#10419,.T.);
#10419 = EDGE_LOOP('',(#10420,#10421,#10427,#10428));
#10420 = ORIENTED_EDGE('',*,*,#2278,.T.);
#10421 = ORIENTED_EDGE('',*,*,#10422,.F.);
#10422 = EDGE_CURVE('',#10268,#2271,#10423,.T.);
#10423 = LINE('',#10424,#10425);
#10424 = CARTESIAN_POINT('',(-3.455475420372,-7.51,1.200745809771));
#10425 = VECTOR('',#10426,1.);
#10426 = DIRECTION('',(-0.,1.,-0.));
#10427 = ORIENTED_EDGE('',*,*,#10267,.F.);
#10428 = ORIENTED_EDGE('',*,*,#10405,.T.);
#10429 = PLANE('',#10430);
#10430 = AXIS2_PLACEMENT_3D('',#10431,#10432,#10433);
#10431 = CARTESIAN_POINT('',(-3.455475420372,-7.51,1.200745809771));
#10432 = DIRECTION('',(0.,0.,1.));
#10433 = DIRECTION('',(1.,0.,-0.));
#10434 = ADVANCED_FACE('',(#10435),#10446,.F.);
#10435 = FACE_BOUND('',#10436,.T.);
#10436 = EDGE_LOOP('',(#10437,#10438,#10444,#10445));
#10437 = ORIENTED_EDGE('',*,*,#2270,.T.);
#10438 = ORIENTED_EDGE('',*,*,#10439,.F.);
#10439 = EDGE_CURVE('',#10276,#2263,#10440,.T.);
#10440 = LINE('',#10441,#10442);
#10441 = CARTESIAN_POINT('',(-3.422244757366,-7.51,1.295311792261));
#10442 = VECTOR('',#10443,1.);
#10443 = DIRECTION('',(-0.,1.,-0.));
#10444 = ORIENTED_EDGE('',*,*,#10275,.F.);
#10445 = ORIENTED_EDGE('',*,*,#10422,.T.);
#10446 = PLANE('',#10447);
#10447 = AXIS2_PLACEMENT_3D('',#10448,#10449,#10450);
#10448 = CARTESIAN_POINT('',(-3.422244757366,-7.51,1.295311792261));
#10449 = DIRECTION('',(-0.943445233082,0.,0.33152841835));
#10450 = DIRECTION('',(0.33152841835,0.,0.943445233082));
#10451 = ADVANCED_FACE('',(#10452),#10463,.F.);
#10452 = FACE_BOUND('',#10453,.T.);
#10453 = EDGE_LOOP('',(#10454,#10455,#10461,#10462));
#10454 = ORIENTED_EDGE('',*,*,#2262,.T.);
#10455 = ORIENTED_EDGE('',*,*,#10456,.F.);
#10456 = EDGE_CURVE('',#10284,#2255,#10457,.T.);
#10457 = LINE('',#10458,#10459);
#10458 = CARTESIAN_POINT('',(-3.278274677482,-7.51,1.295311792261));
#10459 = VECTOR('',#10460,1.);
#10460 = DIRECTION('',(-0.,1.,-0.));
#10461 = ORIENTED_EDGE('',*,*,#10283,.F.);
#10462 = ORIENTED_EDGE('',*,*,#10439,.T.);
#10463 = PLANE('',#10464);
#10464 = AXIS2_PLACEMENT_3D('',#10465,#10466,#10467);
#10465 = CARTESIAN_POINT('',(-3.278274677482,-7.51,1.295311792261));
#10466 = DIRECTION('',(0.,0.,1.));
#10467 = DIRECTION('',(1.,0.,-0.));
#10468 = ADVANCED_FACE('',(#10469),#10480,.F.);
#10469 = FACE_BOUND('',#10470,.T.);
#10470 = EDGE_LOOP('',(#10471,#10472,#10478,#10479));
#10471 = ORIENTED_EDGE('',*,*,#2254,.T.);
#10472 = ORIENTED_EDGE('',*,*,#10473,.F.);
#10473 = EDGE_CURVE('',#10292,#2247,#10474,.T.);
#10474 = LINE('',#10475,#10476);
#10475 = CARTESIAN_POINT('',(-3.243011287751,-7.51,1.200745809771));
#10476 = VECTOR('',#10477,1.);
#10477 = DIRECTION('',(-0.,1.,-0.));
#10478 = ORIENTED_EDGE('',*,*,#10291,.F.);
#10479 = ORIENTED_EDGE('',*,*,#10456,.T.);
#10480 = PLANE('',#10481);
#10481 = AXIS2_PLACEMENT_3D('',#10482,#10483,#10484);
#10482 = CARTESIAN_POINT('',(-3.243011287751,-7.51,1.200745809771));
#10483 = DIRECTION('',(0.936975345954,0.,0.349395479469));
#10484 = DIRECTION('',(0.349395479469,0.,-0.936975345954));
#10485 = ADVANCED_FACE('',(#10486),#10492,.F.);
#10486 = FACE_BOUND('',#10487,.T.);
#10487 = EDGE_LOOP('',(#10488,#10489,#10490,#10491));
#10488 = ORIENTED_EDGE('',*,*,#2246,.T.);
#10489 = ORIENTED_EDGE('',*,*,#10373,.F.);
#10490 = ORIENTED_EDGE('',*,*,#10299,.F.);
#10491 = ORIENTED_EDGE('',*,*,#10473,.T.);
#10492 = PLANE('',#10493);
#10493 = AXIS2_PLACEMENT_3D('',#10494,#10495,#10496);
#10494 = CARTESIAN_POINT('',(-3.193695569779,-7.51,1.200745809771));
#10495 = DIRECTION('',(0.,0.,1.));
#10496 = DIRECTION('',(1.,0.,-0.));
#10497 = ADVANCED_FACE('',(#10498),#10523,.T.);
#10498 = FACE_BOUND('',#10499,.T.);
#10499 = EDGE_LOOP('',(#10500,#10510,#10516,#10517));
#10500 = ORIENTED_EDGE('',*,*,#10501,.F.);
#10501 = EDGE_CURVE('',#10502,#10504,#10506,.T.);
#10502 = VERTEX_POINT('',#10503);
#10503 = CARTESIAN_POINT('',(-3.408104049704,-7.5,1.334375497177));
#10504 = VERTEX_POINT('',#10505);
#10505 = CARTESIAN_POINT('',(-3.292061867454,-7.5,1.334375497177));
#10506 = LINE('',#10507,#10508);
#10507 = CARTESIAN_POINT('',(-3.408104049704,-7.5,1.334375497177));
#10508 = VECTOR('',#10509,1.);
#10509 = DIRECTION('',(1.,0.,0.));
#10510 = ORIENTED_EDGE('',*,*,#10511,.F.);
#10511 = EDGE_CURVE('',#10308,#10502,#10512,.T.);
#10512 = LINE('',#10513,#10514);
#10513 = CARTESIAN_POINT('',(-3.408104049704,-7.51,1.334375497177));
#10514 = VECTOR('',#10515,1.);
#10515 = DIRECTION('',(-0.,1.,-0.));
#10516 = ORIENTED_EDGE('',*,*,#10307,.T.);
#10517 = ORIENTED_EDGE('',*,*,#10518,.T.);
#10518 = EDGE_CURVE('',#10310,#10504,#10519,.T.);
#10519 = LINE('',#10520,#10521);
#10520 = CARTESIAN_POINT('',(-3.292061867454,-7.51,1.334375497177));
#10521 = VECTOR('',#10522,1.);
#10522 = DIRECTION('',(-0.,1.,-0.));
#10523 = PLANE('',#10524);
#10524 = AXIS2_PLACEMENT_3D('',#10525,#10526,#10527);
#10525 = CARTESIAN_POINT('',(-3.408104049704,-7.51,1.334375497177));
#10526 = DIRECTION('',(-0.,0.,1.));
#10527 = DIRECTION('',(1.,0.,0.));
#10528 = ADVANCED_FACE('',(#10529),#10547,.T.);
#10529 = FACE_BOUND('',#10530,.T.);
#10530 = EDGE_LOOP('',(#10531,#10539,#10540,#10541));
#10531 = ORIENTED_EDGE('',*,*,#10532,.F.);
#10532 = EDGE_CURVE('',#10504,#10533,#10535,.T.);
#10533 = VERTEX_POINT('',#10534);
#10534 = CARTESIAN_POINT('',(-3.344294106379,-7.5,1.47808043879));
#10535 = LINE('',#10536,#10537);
#10536 = CARTESIAN_POINT('',(-3.292061867454,-7.5,1.334375497177));
#10537 = VECTOR('',#10538,1.);
#10538 = DIRECTION('',(-0.341603830682,0.,0.939844041777));
#10539 = ORIENTED_EDGE('',*,*,#10518,.F.);
#10540 = ORIENTED_EDGE('',*,*,#10351,.T.);
#10541 = ORIENTED_EDGE('',*,*,#10542,.T.);
#10542 = EDGE_CURVE('',#10343,#10533,#10543,.T.);
#10543 = LINE('',#10544,#10545);
#10544 = CARTESIAN_POINT('',(-3.344294106379,-7.51,1.47808043879));
#10545 = VECTOR('',#10546,1.);
#10546 = DIRECTION('',(-0.,1.,-0.));
#10547 = PLANE('',#10548);
#10548 = AXIS2_PLACEMENT_3D('',#10549,#10550,#10551);
#10549 = CARTESIAN_POINT('',(-3.292061867454,-7.51,1.334375497177));
#10550 = DIRECTION('',(-0.939844041777,0.,-0.341603830682));
#10551 = DIRECTION('',(-0.341603830682,0.,0.939844041777));
#10552 = ADVANCED_FACE('',(#10553),#10572,.T.);
#10553 = FACE_BOUND('',#10554,.T.);
#10554 = EDGE_LOOP('',(#10555,#10564,#10565,#10566));
#10555 = ORIENTED_EDGE('',*,*,#10556,.F.);
#10556 = EDGE_CURVE('',#10533,#10557,#10559,.T.);
#10557 = VERTEX_POINT('',#10558);
#10558 = CARTESIAN_POINT('',(-3.349685251176,-7.5,1.502296400662));
#10559 = B_SPLINE_CURVE_WITH_KNOTS('',3,(#10560,#10561,#10562,#10563),
  .UNSPECIFIED.,.F.,.F.,(4,4),(1.,2.),.PIECEWISE_BEZIER_KNOTS.);
#10560 = CARTESIAN_POINT('',(-3.344294106379,-7.5,1.47808043879));
#10561 = CARTESIAN_POINT('',(-3.345973315415,-7.5,1.482852927626));
#10562 = CARTESIAN_POINT('',(-3.347740903873,-7.5,1.490807075686));
#10563 = CARTESIAN_POINT('',(-3.349685251176,-7.5,1.502296400662));
#10564 = ORIENTED_EDGE('',*,*,#10542,.F.);
#10565 = ORIENTED_EDGE('',*,*,#10342,.T.);
#10566 = ORIENTED_EDGE('',*,*,#10567,.T.);
#10567 = EDGE_CURVE('',#10335,#10557,#10568,.T.);
#10568 = LINE('',#10569,#10570);
#10569 = CARTESIAN_POINT('',(-3.349685251176,-7.51,1.502296400662));
#10570 = VECTOR('',#10571,1.);
#10571 = DIRECTION('',(-0.,1.,-0.));
#10572 = B_SPLINE_SURFACE_WITH_KNOTS('',3,1,(
    (#10573,#10574)
    ,(#10575,#10576)
    ,(#10577,#10578)
    ,(#10579,#10580
    )),.UNSPECIFIED.,.F.,.F.,.F.,(4,4),(2,2),(1.,2.),(0.,1.),
  .PIECEWISE_BEZIER_KNOTS.);
#10573 = CARTESIAN_POINT('',(-3.344294106379,-7.51,1.47808043879));
#10574 = CARTESIAN_POINT('',(-3.344294106379,-7.5,1.47808043879));
#10575 = CARTESIAN_POINT('',(-3.345973315415,-7.51,1.482852927626));
#10576 = CARTESIAN_POINT('',(-3.345973315415,-7.5,1.482852927626));
#10577 = CARTESIAN_POINT('',(-3.347740903873,-7.51,1.490807075686));
#10578 = CARTESIAN_POINT('',(-3.347740903873,-7.5,1.490807075686));
#10579 = CARTESIAN_POINT('',(-3.349685251176,-7.51,1.502296400662));
#10580 = CARTESIAN_POINT('',(-3.349685251176,-7.5,1.502296400662));
#10581 = ADVANCED_FACE('',(#10582),#10600,.T.);
#10582 = FACE_BOUND('',#10583,.T.);
#10583 = EDGE_LOOP('',(#10584,#10592,#10593,#10594));
#10584 = ORIENTED_EDGE('',*,*,#10585,.F.);
#10585 = EDGE_CURVE('',#10557,#10586,#10588,.T.);
#10586 = VERTEX_POINT('',#10587);
#10587 = CARTESIAN_POINT('',(-3.35074580425,-7.5,1.502296400662));
#10588 = LINE('',#10589,#10590);
#10589 = CARTESIAN_POINT('',(-3.349685251176,-7.5,1.502296400662));
#10590 = VECTOR('',#10591,1.);
#10591 = DIRECTION('',(-1.,0.,0.));
#10592 = ORIENTED_EDGE('',*,*,#10567,.F.);
#10593 = ORIENTED_EDGE('',*,*,#10334,.T.);
#10594 = ORIENTED_EDGE('',*,*,#10595,.T.);
#10595 = EDGE_CURVE('',#10326,#10586,#10596,.T.);
#10596 = LINE('',#10597,#10598);
#10597 = CARTESIAN_POINT('',(-3.35074580425,-7.51,1.502296400662));
#10598 = VECTOR('',#10599,1.);
#10599 = DIRECTION('',(-0.,1.,-0.));
#10600 = PLANE('',#10601);
#10601 = AXIS2_PLACEMENT_3D('',#10602,#10603,#10604);
#10602 = CARTESIAN_POINT('',(-3.349685251176,-7.51,1.502296400662));
#10603 = DIRECTION('',(-0.,0.,-1.));
#10604 = DIRECTION('',(-1.,0.,0.));
#10605 = ADVANCED_FACE('',(#10606),#10625,.T.);
#10606 = FACE_BOUND('',#10607,.T.);
#10607 = EDGE_LOOP('',(#10608,#10617,#10618,#10619));
#10608 = ORIENTED_EDGE('',*,*,#10609,.F.);
#10609 = EDGE_CURVE('',#10586,#10610,#10612,.T.);
#10610 = VERTEX_POINT('',#10611);
#10611 = CARTESIAN_POINT('',(-3.356402087315,-7.5,1.47808043879));
#10612 = B_SPLINE_CURVE_WITH_KNOTS('',3,(#10613,#10614,#10615,#10616),
  .UNSPECIFIED.,.F.,.F.,(4,4),(3.,4.),.PIECEWISE_BEZIER_KNOTS.);
#10613 = CARTESIAN_POINT('',(-3.35074580425,-7.5,1.502296400662));
#10614 = CARTESIAN_POINT('',(-3.352425013285,-7.5,1.491867628762));
#10615 = CARTESIAN_POINT('',(-3.354280981166,-7.5,1.483736721856));
#10616 = CARTESIAN_POINT('',(-3.356402087315,-7.5,1.47808043879));
#10617 = ORIENTED_EDGE('',*,*,#10595,.F.);
#10618 = ORIENTED_EDGE('',*,*,#10325,.T.);
#10619 = ORIENTED_EDGE('',*,*,#10620,.T.);
#10620 = EDGE_CURVE('',#10318,#10610,#10621,.T.);
#10621 = LINE('',#10622,#10623);
#10622 = CARTESIAN_POINT('',(-3.356402087315,-7.51,1.47808043879));
#10623 = VECTOR('',#10624,1.);
#10624 = DIRECTION('',(-0.,1.,-0.));
#10625 = B_SPLINE_SURFACE_WITH_KNOTS('',3,1,(
    (#10626,#10627)
    ,(#10628,#10629)
    ,(#10630,#10631)
    ,(#10632,#10633
    )),.UNSPECIFIED.,.F.,.F.,.F.,(4,4),(2,2),(3.,4.),(0.,1.),
  .PIECEWISE_BEZIER_KNOTS.);
#10626 = CARTESIAN_POINT('',(-3.35074580425,-7.51,1.502296400662));
#10627 = CARTESIAN_POINT('',(-3.35074580425,-7.5,1.502296400662));
#10628 = CARTESIAN_POINT('',(-3.352425013285,-7.51,1.491867628762));
#10629 = CARTESIAN_POINT('',(-3.352425013285,-7.5,1.491867628762));
#10630 = CARTESIAN_POINT('',(-3.354280981166,-7.51,1.483736721856));
#10631 = CARTESIAN_POINT('',(-3.354280981166,-7.5,1.483736721856));
#10632 = CARTESIAN_POINT('',(-3.356402087315,-7.51,1.47808043879));
#10633 = CARTESIAN_POINT('',(-3.356402087315,-7.5,1.47808043879));
#10634 = ADVANCED_FACE('',(#10635),#10646,.T.);
#10635 = FACE_BOUND('',#10636,.T.);
#10636 = EDGE_LOOP('',(#10637,#10643,#10644,#10645));
#10637 = ORIENTED_EDGE('',*,*,#10638,.F.);
#10638 = EDGE_CURVE('',#10610,#10502,#10639,.T.);
#10639 = LINE('',#10640,#10641);
#10640 = CARTESIAN_POINT('',(-3.356402087315,-7.5,1.47808043879));
#10641 = VECTOR('',#10642,1.);
#10642 = DIRECTION('',(-0.338535034314,0.,-0.940953787676));
#10643 = ORIENTED_EDGE('',*,*,#10620,.F.);
#10644 = ORIENTED_EDGE('',*,*,#10317,.T.);
#10645 = ORIENTED_EDGE('',*,*,#10511,.T.);
#10646 = PLANE('',#10647);
#10647 = AXIS2_PLACEMENT_3D('',#10648,#10649,#10650);
#10648 = CARTESIAN_POINT('',(-3.356402087315,-7.51,1.47808043879));
#10649 = DIRECTION('',(0.940953787676,0.,-0.338535034314));
#10650 = DIRECTION('',(-0.338535034314,0.,-0.940953787676));
#10651 = ADVANCED_FACE('',(#10652),#10660,.F.);
#10652 = FACE_BOUND('',#10653,.T.);
#10653 = EDGE_LOOP('',(#10654,#10655,#10656,#10657,#10658,#10659));
#10654 = ORIENTED_EDGE('',*,*,#10638,.T.);
#10655 = ORIENTED_EDGE('',*,*,#10501,.T.);
#10656 = ORIENTED_EDGE('',*,*,#10532,.T.);
#10657 = ORIENTED_EDGE('',*,*,#10556,.T.);
#10658 = ORIENTED_EDGE('',*,*,#10585,.T.);
#10659 = ORIENTED_EDGE('',*,*,#10609,.T.);
#10660 = PLANE('',#10661);
#10661 = AXIS2_PLACEMENT_3D('',#10662,#10663,#10664);
#10662 = CARTESIAN_POINT('',(-7.5,-7.5,4.));
#10663 = DIRECTION('',(0.,1.,0.));
#10664 = DIRECTION('',(0.,-0.,1.));
#10665 = ADVANCED_FACE('',(#10666),#10691,.F.);
#10666 = FACE_BOUND('',#10667,.T.);
#10667 = EDGE_LOOP('',(#10668,#10669,#10677,#10685));
#10668 = ORIENTED_EDGE('',*,*,#1736,.T.);
#10669 = ORIENTED_EDGE('',*,*,#10670,.F.);
#10670 = EDGE_CURVE('',#10671,#1739,#10673,.T.);
#10671 = VERTEX_POINT('',#10672);
#10672 = CARTESIAN_POINT('',(-4.395302203351,-7.51,0.691680333943));
#10673 = LINE('',#10674,#10675);
#10674 = CARTESIAN_POINT('',(-4.395302203351,-7.51,0.691680333943));
#10675 = VECTOR('',#10676,1.);
#10676 = DIRECTION('',(-0.,1.,-0.));
#10677 = ORIENTED_EDGE('',*,*,#10678,.F.);
#10678 = EDGE_CURVE('',#10679,#10671,#10681,.T.);
#10679 = VERTEX_POINT('',#10680);
#10680 = CARTESIAN_POINT('',(-4.395302203351,-7.51,0.652263111336));
#10681 = LINE('',#10682,#10683);
#10682 = CARTESIAN_POINT('',(-4.395302203351,-7.51,0.691680333943));
#10683 = VECTOR('',#10684,1.);
#10684 = DIRECTION('',(-0.,-0.,1.));
#10685 = ORIENTED_EDGE('',*,*,#10686,.T.);
#10686 = EDGE_CURVE('',#10679,#1737,#10687,.T.);
#10687 = LINE('',#10688,#10689);
#10688 = CARTESIAN_POINT('',(-4.395302203351,-7.51,0.652263111336));
#10689 = VECTOR('',#10690,1.);
#10690 = DIRECTION('',(-0.,1.,-0.));
#10691 = PLANE('',#10692);
#10692 = AXIS2_PLACEMENT_3D('',#10693,#10694,#10695);
#10693 = CARTESIAN_POINT('',(-4.395302203351,-7.51,0.691680333943));
#10694 = DIRECTION('',(-1.,0.,-0.));
#10695 = DIRECTION('',(0.,0.,1.));
#10696 = ADVANCED_FACE('',(#10697),#10715,.F.);
#10697 = FACE_BOUND('',#10698,.T.);
#10698 = EDGE_LOOP('',(#10699,#10700,#10708,#10714));
#10699 = ORIENTED_EDGE('',*,*,#1826,.T.);
#10700 = ORIENTED_EDGE('',*,*,#10701,.F.);
#10701 = EDGE_CURVE('',#10702,#1819,#10704,.T.);
#10702 = VERTEX_POINT('',#10703);
#10703 = CARTESIAN_POINT('',(-4.536620900548,-7.51,0.691680333943));
#10704 = LINE('',#10705,#10706);
#10705 = CARTESIAN_POINT('',(-4.536620900548,-7.51,0.691680333943));
#10706 = VECTOR('',#10707,1.);
#10707 = DIRECTION('',(-0.,1.,-0.));
#10708 = ORIENTED_EDGE('',*,*,#10709,.F.);
#10709 = EDGE_CURVE('',#10671,#10702,#10710,.T.);
#10710 = LINE('',#10711,#10712);
#10711 = CARTESIAN_POINT('',(-4.536620900548,-7.51,0.691680333943));
#10712 = VECTOR('',#10713,1.);
#10713 = DIRECTION('',(-1.,-0.,-0.));
#10714 = ORIENTED_EDGE('',*,*,#10670,.T.);
#10715 = PLANE('',#10716);
#10716 = AXIS2_PLACEMENT_3D('',#10717,#10718,#10719);
#10717 = CARTESIAN_POINT('',(-4.536620900548,-7.51,0.691680333943));
#10718 = DIRECTION('',(0.,0.,-1.));
#10719 = DIRECTION('',(-1.,0.,-0.));
#10720 = ADVANCED_FACE('',(#10721),#10739,.F.);
#10721 = FACE_BOUND('',#10722,.T.);
#10722 = EDGE_LOOP('',(#10723,#10724,#10732,#10738));
#10723 = ORIENTED_EDGE('',*,*,#1818,.T.);
#10724 = ORIENTED_EDGE('',*,*,#10725,.F.);
#10725 = EDGE_CURVE('',#10726,#1811,#10728,.T.);
#10726 = VERTEX_POINT('',#10727);
#10727 = CARTESIAN_POINT('',(-4.536620900548,-7.51,0.807987654462));
#10728 = LINE('',#10729,#10730);
#10729 = CARTESIAN_POINT('',(-4.536620900548,-7.51,0.807987654462));
#10730 = VECTOR('',#10731,1.);
#10731 = DIRECTION('',(-0.,1.,-0.));
#10732 = ORIENTED_EDGE('',*,*,#10733,.F.);
#10733 = EDGE_CURVE('',#10702,#10726,#10734,.T.);
#10734 = LINE('',#10735,#10736);
#10735 = CARTESIAN_POINT('',(-4.536620900548,-7.51,0.807987654462));
#10736 = VECTOR('',#10737,1.);
#10737 = DIRECTION('',(-0.,-0.,1.));
#10738 = ORIENTED_EDGE('',*,*,#10701,.T.);
#10739 = PLANE('',#10740);
#10740 = AXIS2_PLACEMENT_3D('',#10741,#10742,#10743);
#10741 = CARTESIAN_POINT('',(-4.536620900548,-7.51,0.807987654462));
#10742 = DIRECTION('',(-1.,0.,-0.));
#10743 = DIRECTION('',(0.,0.,1.));
#10744 = ADVANCED_FACE('',(#10745),#10763,.F.);
#10745 = FACE_BOUND('',#10746,.T.);
#10746 = EDGE_LOOP('',(#10747,#10748,#10756,#10762));
#10747 = ORIENTED_EDGE('',*,*,#1810,.T.);
#10748 = ORIENTED_EDGE('',*,*,#10749,.F.);
#10749 = EDGE_CURVE('',#10750,#1803,#10752,.T.);
#10750 = VERTEX_POINT('',#10751);
#10751 = CARTESIAN_POINT('',(-4.412978087929,-7.51,0.807987654462));
#10752 = LINE('',#10753,#10754);
#10753 = CARTESIAN_POINT('',(-4.412978087929,-7.51,0.807987654462));
#10754 = VECTOR('',#10755,1.);
#10755 = DIRECTION('',(-0.,1.,-0.));
#10756 = ORIENTED_EDGE('',*,*,#10757,.F.);
#10757 = EDGE_CURVE('',#10726,#10750,#10758,.T.);
#10758 = LINE('',#10759,#10760);
#10759 = CARTESIAN_POINT('',(-4.412978087929,-7.51,0.807987654462));
#10760 = VECTOR('',#10761,1.);
#10761 = DIRECTION('',(1.,-0.,-0.));
#10762 = ORIENTED_EDGE('',*,*,#10725,.T.);
#10763 = PLANE('',#10764);
#10764 = AXIS2_PLACEMENT_3D('',#10765,#10766,#10767);
#10765 = CARTESIAN_POINT('',(-4.412978087929,-7.51,0.807987654462));
#10766 = DIRECTION('',(0.,0.,1.));
#10767 = DIRECTION('',(1.,0.,-0.));
#10768 = ADVANCED_FACE('',(#10769),#10787,.F.);
#10769 = FACE_BOUND('',#10770,.T.);
#10770 = EDGE_LOOP('',(#10771,#10772,#10780,#10786));
#10771 = ORIENTED_EDGE('',*,*,#1802,.T.);
#10772 = ORIENTED_EDGE('',*,*,#10773,.F.);
#10773 = EDGE_CURVE('',#10774,#1795,#10776,.T.);
#10774 = VERTEX_POINT('',#10775);
#10775 = CARTESIAN_POINT('',(-4.412978087929,-7.51,0.847581635915));
#10776 = LINE('',#10777,#10778);
#10777 = CARTESIAN_POINT('',(-4.412978087929,-7.51,0.847581635915));
#10778 = VECTOR('',#10779,1.);
#10779 = DIRECTION('',(-0.,1.,-0.));
#10780 = ORIENTED_EDGE('',*,*,#10781,.F.);
#10781 = EDGE_CURVE('',#10750,#10774,#10782,.T.);
#10782 = LINE('',#10783,#10784);
#10783 = CARTESIAN_POINT('',(-4.412978087929,-7.51,0.847581635915));
#10784 = VECTOR('',#10785,1.);
#10785 = DIRECTION('',(-0.,-0.,1.));
#10786 = ORIENTED_EDGE('',*,*,#10749,.T.);
#10787 = PLANE('',#10788);
#10788 = AXIS2_PLACEMENT_3D('',#10789,#10790,#10791);
#10789 = CARTESIAN_POINT('',(-4.412978087929,-7.51,0.847581635915));
#10790 = DIRECTION('',(-1.,0.,-0.));
#10791 = DIRECTION('',(0.,0.,1.));
#10792 = ADVANCED_FACE('',(#10793),#10811,.F.);
#10793 = FACE_BOUND('',#10794,.T.);
#10794 = EDGE_LOOP('',(#10795,#10796,#10804,#10810));
#10795 = ORIENTED_EDGE('',*,*,#1794,.T.);
#10796 = ORIENTED_EDGE('',*,*,#10797,.F.);
#10797 = EDGE_CURVE('',#10798,#1787,#10800,.T.);
#10798 = VERTEX_POINT('',#10799);
#10799 = CARTESIAN_POINT('',(-4.536620900548,-7.51,0.847581635915));
#10800 = LINE('',#10801,#10802);
#10801 = CARTESIAN_POINT('',(-4.536620900548,-7.51,0.847581635915));
#10802 = VECTOR('',#10803,1.);
#10803 = DIRECTION('',(-0.,1.,-0.));
#10804 = ORIENTED_EDGE('',*,*,#10805,.F.);
#10805 = EDGE_CURVE('',#10774,#10798,#10806,.T.);
#10806 = LINE('',#10807,#10808);
#10807 = CARTESIAN_POINT('',(-4.536620900548,-7.51,0.847581635915));
#10808 = VECTOR('',#10809,1.);
#10809 = DIRECTION('',(-1.,-0.,-0.));
#10810 = ORIENTED_EDGE('',*,*,#10773,.T.);
#10811 = PLANE('',#10812);
#10812 = AXIS2_PLACEMENT_3D('',#10813,#10814,#10815);
#10813 = CARTESIAN_POINT('',(-4.536620900548,-7.51,0.847581635915));
#10814 = DIRECTION('',(0.,0.,-1.));
#10815 = DIRECTION('',(-1.,0.,-0.));
#10816 = ADVANCED_FACE('',(#10817),#10835,.F.);
#10817 = FACE_BOUND('',#10818,.T.);
#10818 = EDGE_LOOP('',(#10819,#10820,#10828,#10834));
#10819 = ORIENTED_EDGE('',*,*,#1786,.T.);
#10820 = ORIENTED_EDGE('',*,*,#10821,.F.);
#10821 = EDGE_CURVE('',#10822,#1779,#10824,.T.);
#10822 = VERTEX_POINT('',#10823);
#10823 = CARTESIAN_POINT('',(-4.536620900548,-7.51,0.95823267337));
#10824 = LINE('',#10825,#10826);
#10825 = CARTESIAN_POINT('',(-4.536620900548,-7.51,0.95823267337));
#10826 = VECTOR('',#10827,1.);
#10827 = DIRECTION('',(-0.,1.,-0.));
#10828 = ORIENTED_EDGE('',*,*,#10829,.F.);
#10829 = EDGE_CURVE('',#10798,#10822,#10830,.T.);
#10830 = LINE('',#10831,#10832);
#10831 = CARTESIAN_POINT('',(-4.536620900548,-7.51,0.95823267337));
#10832 = VECTOR('',#10833,1.);
#10833 = DIRECTION('',(-0.,-0.,1.));
#10834 = ORIENTED_EDGE('',*,*,#10797,.T.);
#10835 = PLANE('',#10836);
#10836 = AXIS2_PLACEMENT_3D('',#10837,#10838,#10839);
#10837 = CARTESIAN_POINT('',(-4.536620900548,-7.51,0.95823267337));
#10838 = DIRECTION('',(-1.,0.,-0.));
#10839 = DIRECTION('',(0.,0.,1.));
#10840 = ADVANCED_FACE('',(#10841),#10859,.F.);
#10841 = FACE_BOUND('',#10842,.T.);
#10842 = EDGE_LOOP('',(#10843,#10844,#10852,#10858));
#10843 = ORIENTED_EDGE('',*,*,#1778,.T.);
#10844 = ORIENTED_EDGE('',*,*,#10845,.F.);
#10845 = EDGE_CURVE('',#10846,#1771,#10848,.T.);
#10846 = VERTEX_POINT('',#10847);
#10847 = CARTESIAN_POINT('',(-4.403167971989,-7.51,0.95823267337));
#10848 = LINE('',#10849,#10850);
#10849 = CARTESIAN_POINT('',(-4.403167971989,-7.51,0.95823267337));
#10850 = VECTOR('',#10851,1.);
#10851 = DIRECTION('',(-0.,1.,-0.));
#10852 = ORIENTED_EDGE('',*,*,#10853,.F.);
#10853 = EDGE_CURVE('',#10822,#10846,#10854,.T.);
#10854 = LINE('',#10855,#10856);
#10855 = CARTESIAN_POINT('',(-4.403167971989,-7.51,0.95823267337));
#10856 = VECTOR('',#10857,1.);
#10857 = DIRECTION('',(1.,-0.,-0.));
#10858 = ORIENTED_EDGE('',*,*,#10821,.T.);
#10859 = PLANE('',#10860);
#10860 = AXIS2_PLACEMENT_3D('',#10861,#10862,#10863);
#10861 = CARTESIAN_POINT('',(-4.403167971989,-7.51,0.95823267337));
#10862 = DIRECTION('',(0.,0.,1.));
#10863 = DIRECTION('',(1.,0.,-0.));
#10864 = ADVANCED_FACE('',(#10865),#10883,.F.);
#10865 = FACE_BOUND('',#10866,.T.);
#10866 = EDGE_LOOP('',(#10867,#10868,#10876,#10882));
#10867 = ORIENTED_EDGE('',*,*,#1770,.T.);
#10868 = ORIENTED_EDGE('',*,*,#10869,.F.);
#10869 = EDGE_CURVE('',#10870,#1763,#10872,.T.);
#10870 = VERTEX_POINT('',#10871);
#10871 = CARTESIAN_POINT('',(-4.403167971989,-7.51,0.998003413669));
#10872 = LINE('',#10873,#10874);
#10873 = CARTESIAN_POINT('',(-4.403167971989,-7.51,0.998003413669));
#10874 = VECTOR('',#10875,1.);
#10875 = DIRECTION('',(-0.,1.,-0.));
#10876 = ORIENTED_EDGE('',*,*,#10877,.F.);
#10877 = EDGE_CURVE('',#10846,#10870,#10878,.T.);
#10878 = LINE('',#10879,#10880);
#10879 = CARTESIAN_POINT('',(-4.403167971989,-7.51,0.998003413669));
#10880 = VECTOR('',#10881,1.);
#10881 = DIRECTION('',(-0.,-0.,1.));
#10882 = ORIENTED_EDGE('',*,*,#10845,.T.);
#10883 = PLANE('',#10884);
#10884 = AXIS2_PLACEMENT_3D('',#10885,#10886,#10887);
#10885 = CARTESIAN_POINT('',(-4.403167971989,-7.51,0.998003413669));
#10886 = DIRECTION('',(-1.,0.,-0.));
#10887 = DIRECTION('',(0.,0.,1.));
#10888 = ADVANCED_FACE('',(#10889),#10907,.F.);
#10889 = FACE_BOUND('',#10890,.T.);
#10890 = EDGE_LOOP('',(#10891,#10892,#10900,#10906));
#10891 = ORIENTED_EDGE('',*,*,#1762,.T.);
#10892 = ORIENTED_EDGE('',*,*,#10893,.F.);
#10893 = EDGE_CURVE('',#10894,#1755,#10896,.T.);
#10894 = VERTEX_POINT('',#10895);
#10895 = CARTESIAN_POINT('',(-4.581252509106,-7.51,0.998003413669));
#10896 = LINE('',#10897,#10898);
#10897 = CARTESIAN_POINT('',(-4.581252509106,-7.51,0.998003413669));
#10898 = VECTOR('',#10899,1.);
#10899 = DIRECTION('',(-0.,1.,-0.));
#10900 = ORIENTED_EDGE('',*,*,#10901,.F.);
#10901 = EDGE_CURVE('',#10870,#10894,#10902,.T.);
#10902 = LINE('',#10903,#10904);
#10903 = CARTESIAN_POINT('',(-4.581252509106,-7.51,0.998003413669));
#10904 = VECTOR('',#10905,1.);
#10905 = DIRECTION('',(-1.,-0.,-0.));
#10906 = ORIENTED_EDGE('',*,*,#10869,.T.);
#10907 = PLANE('',#10908);
#10908 = AXIS2_PLACEMENT_3D('',#10909,#10910,#10911);
#10909 = CARTESIAN_POINT('',(-4.581252509106,-7.51,0.998003413669));
#10910 = DIRECTION('',(0.,0.,-1.));
#10911 = DIRECTION('',(-1.,0.,-0.));
#10912 = ADVANCED_FACE('',(#10913),#10931,.F.);
#10913 = FACE_BOUND('',#10914,.T.);
#10914 = EDGE_LOOP('',(#10915,#10916,#10924,#10930));
#10915 = ORIENTED_EDGE('',*,*,#1754,.T.);
#10916 = ORIENTED_EDGE('',*,*,#10917,.F.);
#10917 = EDGE_CURVE('',#10918,#1747,#10920,.T.);
#10918 = VERTEX_POINT('',#10919);
#10919 = CARTESIAN_POINT('',(-4.581252509106,-7.51,0.652263111336));
#10920 = LINE('',#10921,#10922);
#10921 = CARTESIAN_POINT('',(-4.581252509106,-7.51,0.652263111336));
#10922 = VECTOR('',#10923,1.);
#10923 = DIRECTION('',(-0.,1.,-0.));
#10924 = ORIENTED_EDGE('',*,*,#10925,.F.);
#10925 = EDGE_CURVE('',#10894,#10918,#10926,.T.);
#10926 = LINE('',#10927,#10928);
#10927 = CARTESIAN_POINT('',(-4.581252509106,-7.51,0.652263111336));
#10928 = VECTOR('',#10929,1.);
#10929 = DIRECTION('',(-0.,-0.,-1.));
#10930 = ORIENTED_EDGE('',*,*,#10893,.T.);
#10931 = PLANE('',#10932);
#10932 = AXIS2_PLACEMENT_3D('',#10933,#10934,#10935);
#10933 = CARTESIAN_POINT('',(-4.581252509106,-7.51,0.652263111336));
#10934 = DIRECTION('',(1.,0.,-0.));
#10935 = DIRECTION('',(-0.,0.,-1.));
#10936 = ADVANCED_FACE('',(#10937),#10948,.F.);
#10937 = FACE_BOUND('',#10938,.T.);
#10938 = EDGE_LOOP('',(#10939,#10940,#10941,#10947));
#10939 = ORIENTED_EDGE('',*,*,#1746,.T.);
#10940 = ORIENTED_EDGE('',*,*,#10686,.F.);
#10941 = ORIENTED_EDGE('',*,*,#10942,.F.);
#10942 = EDGE_CURVE('',#10918,#10679,#10943,.T.);
#10943 = LINE('',#10944,#10945);
#10944 = CARTESIAN_POINT('',(-4.395302203351,-7.51,0.652263111336));
#10945 = VECTOR('',#10946,1.);
#10946 = DIRECTION('',(1.,-0.,-0.));
#10947 = ORIENTED_EDGE('',*,*,#10917,.T.);
#10948 = PLANE('',#10949);
#10949 = AXIS2_PLACEMENT_3D('',#10950,#10951,#10952);
#10950 = CARTESIAN_POINT('',(-4.395302203351,-7.51,0.652263111336));
#10951 = DIRECTION('',(0.,0.,1.));
#10952 = DIRECTION('',(1.,0.,-0.));
#10953 = ADVANCED_FACE('',(#10954),#10968,.F.);
#10954 = FACE_BOUND('',#10955,.T.);
#10955 = EDGE_LOOP('',(#10956,#10957,#10958,#10959,#10960,#10961,#10962,
    #10963,#10964,#10965,#10966,#10967));
#10956 = ORIENTED_EDGE('',*,*,#10678,.T.);
#10957 = ORIENTED_EDGE('',*,*,#10709,.T.);
#10958 = ORIENTED_EDGE('',*,*,#10733,.T.);
#10959 = ORIENTED_EDGE('',*,*,#10757,.T.);
#10960 = ORIENTED_EDGE('',*,*,#10781,.T.);
#10961 = ORIENTED_EDGE('',*,*,#10805,.T.);
#10962 = ORIENTED_EDGE('',*,*,#10829,.T.);
#10963 = ORIENTED_EDGE('',*,*,#10853,.T.);
#10964 = ORIENTED_EDGE('',*,*,#10877,.T.);
#10965 = ORIENTED_EDGE('',*,*,#10901,.T.);
#10966 = ORIENTED_EDGE('',*,*,#10925,.T.);
#10967 = ORIENTED_EDGE('',*,*,#10942,.T.);
#10968 = PLANE('',#10969);
#10969 = AXIS2_PLACEMENT_3D('',#10970,#10971,#10972);
#10970 = CARTESIAN_POINT('',(0.,-7.51,0.));
#10971 = DIRECTION('',(0.,1.,0.));
#10972 = DIRECTION('',(0.,-0.,1.));
#10973 = ADVANCED_FACE('',(#10974,#11096),#11168,.T.);
#10974 = FACE_BOUND('',#10975,.T.);
#10975 = EDGE_LOOP('',(#10976,#10987,#10995,#11004,#11013,#11021,#11030,
    #11039,#11048,#11057,#11065,#11073,#11081,#11089));
#10976 = ORIENTED_EDGE('',*,*,#10977,.T.);
#10977 = EDGE_CURVE('',#10978,#10980,#10982,.T.);
#10978 = VERTEX_POINT('',#10979);
#10979 = CARTESIAN_POINT('',(-4.244703666752,-7.51,0.904851501946));
#10980 = VERTEX_POINT('',#10981);
#10981 = CARTESIAN_POINT('',(-4.32972467157,-7.51,0.881872851996));
#10982 = B_SPLINE_CURVE_WITH_KNOTS('',3,(#10983,#10984,#10985,#10986),
  .UNSPECIFIED.,.F.,.F.,(4,4),(0.,1.),.PIECEWISE_BEZIER_KNOTS.);
#10983 = CARTESIAN_POINT('',(-4.244703666752,-7.51,0.904851501946));
#10984 = CARTESIAN_POINT('',(-4.276873776682,-7.51,0.904851501946));
#10985 = CARTESIAN_POINT('',(-4.30524357143,-7.51,0.897250871577));
#10986 = CARTESIAN_POINT('',(-4.32972467157,-7.51,0.881872851996));
#10987 = ORIENTED_EDGE('',*,*,#10988,.T.);
#10988 = EDGE_CURVE('',#10980,#10989,#10991,.T.);
#10989 = VERTEX_POINT('',#10990);
#10990 = CARTESIAN_POINT('',(-4.32972467157,-7.51,0.8398042467));
#10991 = LINE('',#10992,#10993);
#10992 = CARTESIAN_POINT('',(-4.32972467157,-7.51,0.8398042467));
#10993 = VECTOR('',#10994,1.);
#10994 = DIRECTION('',(-0.,-0.,-1.));
#10995 = ORIENTED_EDGE('',*,*,#10996,.T.);
#10996 = EDGE_CURVE('',#10989,#10997,#10999,.T.);
#10997 = VERTEX_POINT('',#10998);
#10998 = CARTESIAN_POINT('',(-4.248769120204,-7.51,0.869676491637));
#10999 = B_SPLINE_CURVE_WITH_KNOTS('',3,(#11000,#11001,#11002,#11003),
  .UNSPECIFIED.,.F.,.F.,(4,4),(12.,13.),.PIECEWISE_BEZIER_KNOTS.);
#11000 = CARTESIAN_POINT('',(-4.32972467157,-7.51,0.8398042467));
#11001 = CARTESIAN_POINT('',(-4.305331950852,-7.51,0.859601237428));
#11002 = CARTESIAN_POINT('',(-4.278376226872,-7.51,0.869676491637));
#11003 = CARTESIAN_POINT('',(-4.248769120204,-7.51,0.869676491637));
#11004 = ORIENTED_EDGE('',*,*,#11005,.T.);
#11005 = EDGE_CURVE('',#10997,#11006,#11008,.T.);
#11006 = VERTEX_POINT('',#11007);
#11007 = CARTESIAN_POINT('',(-4.198746366851,-7.51,0.809224966383));
#11008 = B_SPLINE_CURVE_WITH_KNOTS('',3,(#11009,#11010,#11011,#11012),
  .UNSPECIFIED.,.F.,.F.,(4,4),(11.,12.),.PIECEWISE_BEZIER_KNOTS.);
#11009 = CARTESIAN_POINT('',(-4.248769120204,-7.51,0.869676491637));
#11010 = CARTESIAN_POINT('',(-4.215450077776,-7.51,0.869676491637));
#11011 = CARTESIAN_POINT('',(-4.198746366851,-7.51,0.849525983218));
#11012 = CARTESIAN_POINT('',(-4.198746366851,-7.51,0.809224966383));
#11013 = ORIENTED_EDGE('',*,*,#11014,.T.);
#11014 = EDGE_CURVE('',#11006,#11015,#11017,.T.);
#11015 = VERTEX_POINT('',#11016);
#11016 = CARTESIAN_POINT('',(-4.271924529002,-7.51,0.798972953328));
#11017 = LINE('',#11018,#11019);
#11018 = CARTESIAN_POINT('',(-4.271924529002,-7.51,0.798972953328));
#11019 = VECTOR('',#11020,1.);
#11020 = DIRECTION('',(-0.990328603988,-0.,-0.138741688482));
#11021 = ORIENTED_EDGE('',*,*,#11022,.T.);
#11022 = EDGE_CURVE('',#11015,#11023,#11025,.T.);
#11023 = VERTEX_POINT('',#11024);
#11024 = CARTESIAN_POINT('',(-4.353852254017,-7.51,0.718370919655));
#11025 = B_SPLINE_CURVE_WITH_KNOTS('',3,(#11026,#11027,#11028,#11029),
  .UNSPECIFIED.,.F.,.F.,(4,4),(9.,10.),.PIECEWISE_BEZIER_KNOTS.);
#11026 = CARTESIAN_POINT('',(-4.271924529002,-7.51,0.798972953328));
#11027 = CARTESIAN_POINT('',(-4.326543012345,-7.51,0.791372322959));
#11028 = CARTESIAN_POINT('',(-4.353852254017,-7.51,0.764504978401));
#11029 = CARTESIAN_POINT('',(-4.353852254017,-7.51,0.718370919655));
#11030 = ORIENTED_EDGE('',*,*,#11031,.T.);
#11031 = EDGE_CURVE('',#11023,#11032,#11034,.T.);
#11032 = VERTEX_POINT('',#11033);
#11033 = CARTESIAN_POINT('',(-4.332641192524,-7.51,0.665873542459));
#11034 = B_SPLINE_CURVE_WITH_KNOTS('',3,(#11035,#11036,#11037,#11038),
  .UNSPECIFIED.,.F.,.F.,(4,4),(8.,9.),.PIECEWISE_BEZIER_KNOTS.);
#11035 = CARTESIAN_POINT('',(-4.353852254017,-7.51,0.718370919655));
#11036 = CARTESIAN_POINT('',(-4.353852254017,-7.51,0.696276063933));
#11037 = CARTESIAN_POINT('',(-4.346781900186,-7.51,0.6787769382));
#11038 = CARTESIAN_POINT('',(-4.332641192524,-7.51,0.665873542459));
#11039 = ORIENTED_EDGE('',*,*,#11040,.T.);
#11040 = EDGE_CURVE('',#11032,#11041,#11043,.T.);
#11041 = VERTEX_POINT('',#11042);
#11042 = CARTESIAN_POINT('',(-4.275548085339,-7.51,0.646430069425));
#11043 = B_SPLINE_CURVE_WITH_KNOTS('',3,(#11044,#11045,#11046,#11047),
  .UNSPECIFIED.,.F.,.F.,(4,4),(7.,8.),.PIECEWISE_BEZIER_KNOTS.);
#11044 = CARTESIAN_POINT('',(-4.332641192524,-7.51,0.665873542459));
#11045 = CARTESIAN_POINT('',(-4.318500484863,-7.51,0.652970146718));
#11046 = CARTESIAN_POINT('',(-4.299498908941,-7.51,0.646430069425));
#11047 = CARTESIAN_POINT('',(-4.275548085339,-7.51,0.646430069425));
#11048 = ORIENTED_EDGE('',*,*,#11049,.T.);
#11049 = EDGE_CURVE('',#11041,#11050,#11052,.T.);
#11050 = VERTEX_POINT('',#11051);
#11051 = CARTESIAN_POINT('',(-4.199895299348,-7.51,0.690443022022));
#11052 = B_SPLINE_CURVE_WITH_KNOTS('',3,(#11053,#11054,#11055,#11056),
  .UNSPECIFIED.,.F.,.F.,(4,4),(6.,7.),.PIECEWISE_BEZIER_KNOTS.);
#11053 = CARTESIAN_POINT('',(-4.275548085339,-7.51,0.646430069425));
#11054 = CARTESIAN_POINT('',(-4.242229042911,-7.51,0.646430069425));
#11055 = CARTESIAN_POINT('',(-4.216952527965,-7.51,0.661101053624));
#11056 = CARTESIAN_POINT('',(-4.199895299348,-7.51,0.690443022022));
#11057 = ORIENTED_EDGE('',*,*,#11058,.T.);
#11058 = EDGE_CURVE('',#11050,#11059,#11061,.T.);
#11059 = VERTEX_POINT('',#11060);
#11060 = CARTESIAN_POINT('',(-4.198746366851,-7.51,0.690443022022));
#11061 = LINE('',#11062,#11063);
#11062 = CARTESIAN_POINT('',(-4.198746366851,-7.51,0.690443022022));
#11063 = VECTOR('',#11064,1.);
#11064 = DIRECTION('',(1.,-0.,-0.));
#11065 = ORIENTED_EDGE('',*,*,#11066,.T.);
#11066 = EDGE_CURVE('',#11059,#11067,#11069,.T.);
#11067 = VERTEX_POINT('',#11068);
#11068 = CARTESIAN_POINT('',(-4.198746366851,-7.51,0.652263111336));
#11069 = LINE('',#11070,#11071);
#11070 = CARTESIAN_POINT('',(-4.198746366851,-7.51,0.652263111336));
#11071 = VECTOR('',#11072,1.);
#11072 = DIRECTION('',(-0.,-0.,-1.));
#11073 = ORIENTED_EDGE('',*,*,#11074,.T.);
#11074 = EDGE_CURVE('',#11067,#11075,#11077,.T.);
#11075 = VERTEX_POINT('',#11076);
#11076 = CARTESIAN_POINT('',(-4.155440449636,-7.51,0.652263111336));
#11077 = LINE('',#11078,#11079);
#11078 = CARTESIAN_POINT('',(-4.155440449636,-7.51,0.652263111336));
#11079 = VECTOR('',#11080,1.);
#11080 = DIRECTION('',(1.,-0.,-0.));
#11081 = ORIENTED_EDGE('',*,*,#11082,.T.);
#11082 = EDGE_CURVE('',#11075,#11083,#11085,.T.);
#11083 = VERTEX_POINT('',#11084);
#11084 = CARTESIAN_POINT('',(-4.155440449636,-7.51,0.811169313684));
#11085 = LINE('',#11086,#11087);
#11086 = CARTESIAN_POINT('',(-4.155440449636,-7.51,0.811169313684));
#11087 = VECTOR('',#11088,1.);
#11088 = DIRECTION('',(-0.,-0.,1.));
#11089 = ORIENTED_EDGE('',*,*,#11090,.T.);
#11090 = EDGE_CURVE('',#11083,#10978,#11091,.T.);
#11091 = B_SPLINE_CURVE_WITH_KNOTS('',3,(#11092,#11093,#11094,#11095),
  .UNSPECIFIED.,.F.,.F.,(4,4),(1.,2.),.PIECEWISE_BEZIER_KNOTS.);
#11092 = CARTESIAN_POINT('',(-4.155440449636,-7.51,0.811169313684));
#11093 = CARTESIAN_POINT('',(-4.155440449636,-7.51,0.87374194509));
#11094 = CARTESIAN_POINT('',(-4.185224315149,-7.51,0.904851501946));
#11095 = CARTESIAN_POINT('',(-4.244703666752,-7.51,0.904851501946));
#11096 = FACE_BOUND('',#11097,.T.);
#11097 = EDGE_LOOP('',(#11098,#11109,#11118,#11126,#11134,#11143,#11152,
    #11161));
#11098 = ORIENTED_EDGE('',*,*,#11099,.F.);
#11099 = EDGE_CURVE('',#11100,#11102,#11104,.T.);
#11100 = VERTEX_POINT('',#11101);
#11101 = CARTESIAN_POINT('',(-4.298438355867,-7.51,0.753192412271));
#11102 = VERTEX_POINT('',#11103);
#11103 = CARTESIAN_POINT('',(-4.309927680842,-7.51,0.721906096569));
#11104 = B_SPLINE_CURVE_WITH_KNOTS('',3,(#11105,#11106,#11107,#11108),
  .UNSPECIFIED.,.F.,.F.,(4,4),(1.,2.),.PIECEWISE_BEZIER_KNOTS.);
#11105 = CARTESIAN_POINT('',(-4.298438355867,-7.51,0.753192412271));
#11106 = CARTESIAN_POINT('',(-4.306038986236,-7.51,0.74576854075));
#11107 = CARTESIAN_POINT('',(-4.309927680842,-7.51,0.735339768849));
#11108 = CARTESIAN_POINT('',(-4.309927680842,-7.51,0.721906096569));
#11109 = ORIENTED_EDGE('',*,*,#11110,.F.);
#11110 = EDGE_CURVE('',#11111,#11100,#11113,.T.);
#11111 = VERTEX_POINT('',#11112);
#11112 = CARTESIAN_POINT('',(-4.256546509419,-7.51,0.768393673009));
#11113 = B_SPLINE_CURVE_WITH_KNOTS('',3,(#11114,#11115,#11116,#11117),
  .UNSPECIFIED.,.F.,.F.,(4,4),(0.,1.),.PIECEWISE_BEZIER_KNOTS.);
#11114 = CARTESIAN_POINT('',(-4.256546509419,-7.51,0.768393673009));
#11115 = CARTESIAN_POINT('',(-4.27678539726,-7.51,0.765565531475));
#11116 = CARTESIAN_POINT('',(-4.290749346076,-7.51,0.760616283794));
#11117 = CARTESIAN_POINT('',(-4.298438355867,-7.51,0.753192412271));
#11118 = ORIENTED_EDGE('',*,*,#11119,.F.);
#11119 = EDGE_CURVE('',#11120,#11111,#11122,.T.);
#11120 = VERTEX_POINT('',#11121);
#11121 = CARTESIAN_POINT('',(-4.198746366851,-7.51,0.776171062223));
#11122 = LINE('',#11123,#11124);
#11123 = CARTESIAN_POINT('',(-4.198746366851,-7.51,0.776171062223));
#11124 = VECTOR('',#11125,1.);
#11125 = DIRECTION('',(-0.9910683663,0.,-0.133354764894));
#11126 = ORIENTED_EDGE('',*,*,#11127,.F.);
#11127 = EDGE_CURVE('',#11128,#11120,#11130,.T.);
#11128 = VERTEX_POINT('',#11129);
#11129 = CARTESIAN_POINT('',(-4.198746366851,-7.51,0.752485376888));
#11130 = LINE('',#11131,#11132);
#11131 = CARTESIAN_POINT('',(-4.198746366851,-7.51,0.752485376888));
#11132 = VECTOR('',#11133,1.);
#11133 = DIRECTION('',(0.,0.,1.));
#11134 = ORIENTED_EDGE('',*,*,#11135,.F.);
#11135 = EDGE_CURVE('',#11136,#11128,#11138,.T.);
#11136 = VERTEX_POINT('',#11137);
#11137 = CARTESIAN_POINT('',(-4.217306045657,-7.51,0.702109105844));
#11138 = B_SPLINE_CURVE_WITH_KNOTS('',3,(#11139,#11140,#11141,#11142),
  .UNSPECIFIED.,.F.,.F.,(4,4),(5.,6.),.PIECEWISE_BEZIER_KNOTS.);
#11139 = CARTESIAN_POINT('',(-4.217306045657,-7.51,0.702109105844));
#11140 = CARTESIAN_POINT('',(-4.204932926453,-7.51,0.715366019276));
#11141 = CARTESIAN_POINT('',(-4.198746366851,-7.51,0.732158109624));
#11142 = CARTESIAN_POINT('',(-4.198746366851,-7.51,0.752485376888));
#11143 = ORIENTED_EDGE('',*,*,#11144,.F.);
#11144 = EDGE_CURVE('',#11145,#11136,#11147,.T.);
#11145 = VERTEX_POINT('',#11146);
#11146 = CARTESIAN_POINT('',(-4.264323898633,-7.51,0.681958597425));
#11147 = B_SPLINE_CURVE_WITH_KNOTS('',3,(#11148,#11149,#11150,#11151),
  .UNSPECIFIED.,.F.,.F.,(4,4),(4.,5.),.PIECEWISE_BEZIER_KNOTS.);
#11148 = CARTESIAN_POINT('',(-4.264323898633,-7.51,0.681958597425));
#11149 = CARTESIAN_POINT('',(-4.245322322712,-7.51,0.681958597425));
#11150 = CARTESIAN_POINT('',(-4.229590785439,-7.51,0.688675433564));
#11151 = CARTESIAN_POINT('',(-4.217306045657,-7.51,0.702109105844));
#11152 = ORIENTED_EDGE('',*,*,#11153,.F.);
#11153 = EDGE_CURVE('',#11154,#11145,#11156,.T.);
#11154 = VERTEX_POINT('',#11155);
#11155 = CARTESIAN_POINT('',(-4.297377802792,-7.51,0.693094404708));
#11156 = B_SPLINE_CURVE_WITH_KNOTS('',3,(#11157,#11158,#11159,#11160),
  .UNSPECIFIED.,.F.,.F.,(4,4),(3.,4.),.PIECEWISE_BEZIER_KNOTS.);
#11157 = CARTESIAN_POINT('',(-4.297377802792,-7.51,0.693094404708));
#11158 = CARTESIAN_POINT('',(-4.289070137041,-7.51,0.685670533187));
#11159 = CARTESIAN_POINT('',(-4.278022709181,-7.51,0.681958597425));
#11160 = CARTESIAN_POINT('',(-4.264323898633,-7.51,0.681958597425));
#11161 = ORIENTED_EDGE('',*,*,#11162,.F.);
#11162 = EDGE_CURVE('',#11102,#11154,#11163,.T.);
#11163 = B_SPLINE_CURVE_WITH_KNOTS('',3,(#11164,#11165,#11166,#11167),
  .UNSPECIFIED.,.F.,.F.,(4,4),(2.,3.),.PIECEWISE_BEZIER_KNOTS.);
#11164 = CARTESIAN_POINT('',(-4.309927680842,-7.51,0.721906096569));
#11165 = CARTESIAN_POINT('',(-4.309927680842,-7.51,0.710063253904));
#11166 = CARTESIAN_POINT('',(-4.305773847966,-7.51,0.700518276231));
#11167 = CARTESIAN_POINT('',(-4.297377802792,-7.51,0.693094404708));
#11168 = PLANE('',#11169);
#11169 = AXIS2_PLACEMENT_3D('',#11170,#11171,#11172);
#11170 = CARTESIAN_POINT('',(-4.290097547832,-7.51,0.899128934314));
#11171 = DIRECTION('',(0.,-1.,0.));
#11172 = DIRECTION('',(0.,-0.,-1.));
#11173 = ADVANCED_FACE('',(#11174),#11190,.F.);
#11174 = FACE_BOUND('',#11175,.F.);
#11175 = EDGE_LOOP('',(#11176,#11182,#11183,#11189));
#11176 = ORIENTED_EDGE('',*,*,#11177,.F.);
#11177 = EDGE_CURVE('',#10978,#1615,#11178,.T.);
#11178 = LINE('',#11179,#11180);
#11179 = CARTESIAN_POINT('',(-4.244703666752,-7.51,0.904851501946));
#11180 = VECTOR('',#11181,1.);
#11181 = DIRECTION('',(-0.,1.,-0.));
#11182 = ORIENTED_EDGE('',*,*,#10977,.T.);
#11183 = ORIENTED_EDGE('',*,*,#11184,.T.);
#11184 = EDGE_CURVE('',#10980,#1617,#11185,.T.);
#11185 = LINE('',#11186,#11187);
#11186 = CARTESIAN_POINT('',(-4.32972467157,-7.51,0.881872851996));
#11187 = VECTOR('',#11188,1.);
#11188 = DIRECTION('',(-0.,1.,-0.));
#11189 = ORIENTED_EDGE('',*,*,#1614,.F.);
#11190 = B_SPLINE_SURFACE_WITH_KNOTS('',3,1,(
    (#11191,#11192)
    ,(#11193,#11194)
    ,(#11195,#11196)
    ,(#11197,#11198
    )),.UNSPECIFIED.,.F.,.F.,.F.,(4,4),(2,2),(0.,1.),(0.,1.),
  .PIECEWISE_BEZIER_KNOTS.);
#11191 = CARTESIAN_POINT('',(-4.244703666752,-7.51,0.904851501946));
#11192 = CARTESIAN_POINT('',(-4.244703666752,-7.5,0.904851501946));
#11193 = CARTESIAN_POINT('',(-4.276873776682,-7.51,0.904851501946));
#11194 = CARTESIAN_POINT('',(-4.276873776682,-7.5,0.904851501946));
#11195 = CARTESIAN_POINT('',(-4.30524357143,-7.51,0.897250871577));
#11196 = CARTESIAN_POINT('',(-4.30524357143,-7.5,0.897250871577));
#11197 = CARTESIAN_POINT('',(-4.32972467157,-7.51,0.881872851996));
#11198 = CARTESIAN_POINT('',(-4.32972467157,-7.5,0.881872851996));
#11199 = ADVANCED_FACE('',(#11200),#11211,.F.);
#11200 = FACE_BOUND('',#11201,.T.);
#11201 = EDGE_LOOP('',(#11202,#11203,#11209,#11210));
#11202 = ORIENTED_EDGE('',*,*,#1728,.T.);
#11203 = ORIENTED_EDGE('',*,*,#11204,.F.);
#11204 = EDGE_CURVE('',#10989,#1720,#11205,.T.);
#11205 = LINE('',#11206,#11207);
#11206 = CARTESIAN_POINT('',(-4.32972467157,-7.51,0.8398042467));
#11207 = VECTOR('',#11208,1.);
#11208 = DIRECTION('',(-0.,1.,-0.));
#11209 = ORIENTED_EDGE('',*,*,#10988,.F.);
#11210 = ORIENTED_EDGE('',*,*,#11184,.T.);
#11211 = PLANE('',#11212);
#11212 = AXIS2_PLACEMENT_3D('',#11213,#11214,#11215);
#11213 = CARTESIAN_POINT('',(-4.32972467157,-7.51,0.8398042467));
#11214 = DIRECTION('',(1.,0.,-0.));
#11215 = DIRECTION('',(-0.,0.,-1.));
#11216 = ADVANCED_FACE('',(#11217),#11228,.F.);
#11217 = FACE_BOUND('',#11218,.F.);
#11218 = EDGE_LOOP('',(#11219,#11220,#11221,#11227));
#11219 = ORIENTED_EDGE('',*,*,#11204,.F.);
#11220 = ORIENTED_EDGE('',*,*,#10996,.T.);
#11221 = ORIENTED_EDGE('',*,*,#11222,.T.);
#11222 = EDGE_CURVE('',#10997,#1711,#11223,.T.);
#11223 = LINE('',#11224,#11225);
#11224 = CARTESIAN_POINT('',(-4.248769120204,-7.51,0.869676491637));
#11225 = VECTOR('',#11226,1.);
#11226 = DIRECTION('',(-0.,1.,-0.));
#11227 = ORIENTED_EDGE('',*,*,#1719,.F.);
#11228 = B_SPLINE_SURFACE_WITH_KNOTS('',3,1,(
    (#11229,#11230)
    ,(#11231,#11232)
    ,(#11233,#11234)
    ,(#11235,#11236
    )),.UNSPECIFIED.,.F.,.F.,.F.,(4,4),(2,2),(12.,13.),(0.,1.),
  .PIECEWISE_BEZIER_KNOTS.);
#11229 = CARTESIAN_POINT('',(-4.32972467157,-7.51,0.8398042467));
#11230 = CARTESIAN_POINT('',(-4.32972467157,-7.5,0.8398042467));
#11231 = CARTESIAN_POINT('',(-4.305331950852,-7.51,0.859601237428));
#11232 = CARTESIAN_POINT('',(-4.305331950852,-7.5,0.859601237428));
#11233 = CARTESIAN_POINT('',(-4.278376226872,-7.51,0.869676491637));
#11234 = CARTESIAN_POINT('',(-4.278376226872,-7.5,0.869676491637));
#11235 = CARTESIAN_POINT('',(-4.248769120204,-7.51,0.869676491637));
#11236 = CARTESIAN_POINT('',(-4.248769120204,-7.5,0.869676491637));
#11237 = ADVANCED_FACE('',(#11238),#11249,.F.);
#11238 = FACE_BOUND('',#11239,.F.);
#11239 = EDGE_LOOP('',(#11240,#11241,#11242,#11248));
#11240 = ORIENTED_EDGE('',*,*,#11222,.F.);
#11241 = ORIENTED_EDGE('',*,*,#11005,.T.);
#11242 = ORIENTED_EDGE('',*,*,#11243,.T.);
#11243 = EDGE_CURVE('',#11006,#1703,#11244,.T.);
#11244 = LINE('',#11245,#11246);
#11245 = CARTESIAN_POINT('',(-4.198746366851,-7.51,0.809224966383));
#11246 = VECTOR('',#11247,1.);
#11247 = DIRECTION('',(-0.,1.,-0.));
#11248 = ORIENTED_EDGE('',*,*,#1710,.F.);
#11249 = B_SPLINE_SURFACE_WITH_KNOTS('',3,1,(
    (#11250,#11251)
    ,(#11252,#11253)
    ,(#11254,#11255)
    ,(#11256,#11257
    )),.UNSPECIFIED.,.F.,.F.,.F.,(4,4),(2,2),(11.,12.),(0.,1.),
  .PIECEWISE_BEZIER_KNOTS.);
#11250 = CARTESIAN_POINT('',(-4.248769120204,-7.51,0.869676491637));
#11251 = CARTESIAN_POINT('',(-4.248769120204,-7.5,0.869676491637));
#11252 = CARTESIAN_POINT('',(-4.215450077776,-7.51,0.869676491637));
#11253 = CARTESIAN_POINT('',(-4.215450077776,-7.5,0.869676491637));
#11254 = CARTESIAN_POINT('',(-4.198746366851,-7.51,0.849525983218));
#11255 = CARTESIAN_POINT('',(-4.198746366851,-7.5,0.849525983218));
#11256 = CARTESIAN_POINT('',(-4.198746366851,-7.51,0.809224966383));
#11257 = CARTESIAN_POINT('',(-4.198746366851,-7.5,0.809224966383));
#11258 = ADVANCED_FACE('',(#11259),#11270,.F.);
#11259 = FACE_BOUND('',#11260,.T.);
#11260 = EDGE_LOOP('',(#11261,#11262,#11268,#11269));
#11261 = ORIENTED_EDGE('',*,*,#1702,.T.);
#11262 = ORIENTED_EDGE('',*,*,#11263,.F.);
#11263 = EDGE_CURVE('',#11015,#1694,#11264,.T.);
#11264 = LINE('',#11265,#11266);
#11265 = CARTESIAN_POINT('',(-4.271924529002,-7.51,0.798972953328));
#11266 = VECTOR('',#11267,1.);
#11267 = DIRECTION('',(-0.,1.,-0.));
#11268 = ORIENTED_EDGE('',*,*,#11014,.F.);
#11269 = ORIENTED_EDGE('',*,*,#11243,.T.);
#11270 = PLANE('',#11271);
#11271 = AXIS2_PLACEMENT_3D('',#11272,#11273,#11274);
#11272 = CARTESIAN_POINT('',(-4.271924529002,-7.51,0.798972953328));
#11273 = DIRECTION('',(0.138741688482,0.,-0.990328603988));
#11274 = DIRECTION('',(-0.990328603988,0.,-0.138741688482));
#11275 = ADVANCED_FACE('',(#11276),#11287,.F.);
#11276 = FACE_BOUND('',#11277,.F.);
#11277 = EDGE_LOOP('',(#11278,#11279,#11280,#11286));
#11278 = ORIENTED_EDGE('',*,*,#11263,.F.);
#11279 = ORIENTED_EDGE('',*,*,#11022,.T.);
#11280 = ORIENTED_EDGE('',*,*,#11281,.T.);
#11281 = EDGE_CURVE('',#11023,#1685,#11282,.T.);
#11282 = LINE('',#11283,#11284);
#11283 = CARTESIAN_POINT('',(-4.353852254017,-7.51,0.718370919655));
#11284 = VECTOR('',#11285,1.);
#11285 = DIRECTION('',(-0.,1.,-0.));
#11286 = ORIENTED_EDGE('',*,*,#1693,.F.);
#11287 = B_SPLINE_SURFACE_WITH_KNOTS('',3,1,(
    (#11288,#11289)
    ,(#11290,#11291)
    ,(#11292,#11293)
    ,(#11294,#11295
    )),.UNSPECIFIED.,.F.,.F.,.F.,(4,4),(2,2),(9.,10.),(0.,1.),
  .PIECEWISE_BEZIER_KNOTS.);
#11288 = CARTESIAN_POINT('',(-4.271924529002,-7.51,0.798972953328));
#11289 = CARTESIAN_POINT('',(-4.271924529002,-7.5,0.798972953328));
#11290 = CARTESIAN_POINT('',(-4.326543012345,-7.51,0.791372322959));
#11291 = CARTESIAN_POINT('',(-4.326543012345,-7.5,0.791372322959));
#11292 = CARTESIAN_POINT('',(-4.353852254017,-7.51,0.764504978401));
#11293 = CARTESIAN_POINT('',(-4.353852254017,-7.5,0.764504978401));
#11294 = CARTESIAN_POINT('',(-4.353852254017,-7.51,0.718370919655));
#11295 = CARTESIAN_POINT('',(-4.353852254017,-7.5,0.718370919655));
#11296 = ADVANCED_FACE('',(#11297),#11308,.F.);
#11297 = FACE_BOUND('',#11298,.F.);
#11298 = EDGE_LOOP('',(#11299,#11300,#11301,#11307));
#11299 = ORIENTED_EDGE('',*,*,#11281,.F.);
#11300 = ORIENTED_EDGE('',*,*,#11031,.T.);
#11301 = ORIENTED_EDGE('',*,*,#11302,.T.);
#11302 = EDGE_CURVE('',#11032,#1676,#11303,.T.);
#11303 = LINE('',#11304,#11305);
#11304 = CARTESIAN_POINT('',(-4.332641192524,-7.51,0.665873542459));
#11305 = VECTOR('',#11306,1.);
#11306 = DIRECTION('',(-0.,1.,-0.));
#11307 = ORIENTED_EDGE('',*,*,#1684,.F.);
#11308 = B_SPLINE_SURFACE_WITH_KNOTS('',3,1,(
    (#11309,#11310)
    ,(#11311,#11312)
    ,(#11313,#11314)
    ,(#11315,#11316
    )),.UNSPECIFIED.,.F.,.F.,.F.,(4,4),(2,2),(8.,9.),(0.,1.),
  .PIECEWISE_BEZIER_KNOTS.);
#11309 = CARTESIAN_POINT('',(-4.353852254017,-7.51,0.718370919655));
#11310 = CARTESIAN_POINT('',(-4.353852254017,-7.5,0.718370919655));
#11311 = CARTESIAN_POINT('',(-4.353852254017,-7.51,0.696276063933));
#11312 = CARTESIAN_POINT('',(-4.353852254017,-7.5,0.696276063933));
#11313 = CARTESIAN_POINT('',(-4.346781900186,-7.51,0.6787769382));
#11314 = CARTESIAN_POINT('',(-4.346781900186,-7.5,0.6787769382));
#11315 = CARTESIAN_POINT('',(-4.332641192524,-7.51,0.665873542459));
#11316 = CARTESIAN_POINT('',(-4.332641192524,-7.5,0.665873542459));
#11317 = ADVANCED_FACE('',(#11318),#11329,.F.);
#11318 = FACE_BOUND('',#11319,.F.);
#11319 = EDGE_LOOP('',(#11320,#11321,#11322,#11328));
#11320 = ORIENTED_EDGE('',*,*,#11302,.F.);
#11321 = ORIENTED_EDGE('',*,*,#11040,.T.);
#11322 = ORIENTED_EDGE('',*,*,#11323,.T.);
#11323 = EDGE_CURVE('',#11041,#1667,#11324,.T.);
#11324 = LINE('',#11325,#11326);
#11325 = CARTESIAN_POINT('',(-4.275548085339,-7.51,0.646430069425));
#11326 = VECTOR('',#11327,1.);
#11327 = DIRECTION('',(-0.,1.,-0.));
#11328 = ORIENTED_EDGE('',*,*,#1675,.F.);
#11329 = B_SPLINE_SURFACE_WITH_KNOTS('',3,1,(
    (#11330,#11331)
    ,(#11332,#11333)
    ,(#11334,#11335)
    ,(#11336,#11337
    )),.UNSPECIFIED.,.F.,.F.,.F.,(4,4),(2,2),(7.,8.),(0.,1.),
  .PIECEWISE_BEZIER_KNOTS.);
#11330 = CARTESIAN_POINT('',(-4.332641192524,-7.51,0.665873542459));
#11331 = CARTESIAN_POINT('',(-4.332641192524,-7.5,0.665873542459));
#11332 = CARTESIAN_POINT('',(-4.318500484863,-7.51,0.652970146718));
#11333 = CARTESIAN_POINT('',(-4.318500484863,-7.5,0.652970146718));
#11334 = CARTESIAN_POINT('',(-4.299498908941,-7.51,0.646430069425));
#11335 = CARTESIAN_POINT('',(-4.299498908941,-7.5,0.646430069425));
#11336 = CARTESIAN_POINT('',(-4.275548085339,-7.51,0.646430069425));
#11337 = CARTESIAN_POINT('',(-4.275548085339,-7.5,0.646430069425));
#11338 = ADVANCED_FACE('',(#11339),#11350,.F.);
#11339 = FACE_BOUND('',#11340,.F.);
#11340 = EDGE_LOOP('',(#11341,#11342,#11343,#11349));
#11341 = ORIENTED_EDGE('',*,*,#11323,.F.);
#11342 = ORIENTED_EDGE('',*,*,#11049,.T.);
#11343 = ORIENTED_EDGE('',*,*,#11344,.T.);
#11344 = EDGE_CURVE('',#11050,#1659,#11345,.T.);
#11345 = LINE('',#11346,#11347);
#11346 = CARTESIAN_POINT('',(-4.199895299348,-7.51,0.690443022022));
#11347 = VECTOR('',#11348,1.);
#11348 = DIRECTION('',(-0.,1.,-0.));
#11349 = ORIENTED_EDGE('',*,*,#1666,.F.);
#11350 = B_SPLINE_SURFACE_WITH_KNOTS('',3,1,(
    (#11351,#11352)
    ,(#11353,#11354)
    ,(#11355,#11356)
    ,(#11357,#11358
    )),.UNSPECIFIED.,.F.,.F.,.F.,(4,4),(2,2),(6.,7.),(0.,1.),
  .PIECEWISE_BEZIER_KNOTS.);
#11351 = CARTESIAN_POINT('',(-4.275548085339,-7.51,0.646430069425));
#11352 = CARTESIAN_POINT('',(-4.275548085339,-7.5,0.646430069425));
#11353 = CARTESIAN_POINT('',(-4.242229042911,-7.51,0.646430069425));
#11354 = CARTESIAN_POINT('',(-4.242229042911,-7.5,0.646430069425));
#11355 = CARTESIAN_POINT('',(-4.216952527965,-7.51,0.661101053624));
#11356 = CARTESIAN_POINT('',(-4.216952527965,-7.5,0.661101053624));
#11357 = CARTESIAN_POINT('',(-4.199895299348,-7.51,0.690443022022));
#11358 = CARTESIAN_POINT('',(-4.199895299348,-7.5,0.690443022022));
#11359 = ADVANCED_FACE('',(#11360),#11371,.F.);
#11360 = FACE_BOUND('',#11361,.T.);
#11361 = EDGE_LOOP('',(#11362,#11363,#11369,#11370));
#11362 = ORIENTED_EDGE('',*,*,#1658,.T.);
#11363 = ORIENTED_EDGE('',*,*,#11364,.F.);
#11364 = EDGE_CURVE('',#11059,#1651,#11365,.T.);
#11365 = LINE('',#11366,#11367);
#11366 = CARTESIAN_POINT('',(-4.198746366851,-7.51,0.690443022022));
#11367 = VECTOR('',#11368,1.);
#11368 = DIRECTION('',(-0.,1.,-0.));
#11369 = ORIENTED_EDGE('',*,*,#11058,.F.);
#11370 = ORIENTED_EDGE('',*,*,#11344,.T.);
#11371 = PLANE('',#11372);
#11372 = AXIS2_PLACEMENT_3D('',#11373,#11374,#11375);
#11373 = CARTESIAN_POINT('',(-4.198746366851,-7.51,0.690443022022));
#11374 = DIRECTION('',(0.,0.,1.));
#11375 = DIRECTION('',(1.,0.,-0.));
#11376 = ADVANCED_FACE('',(#11377),#11388,.F.);
#11377 = FACE_BOUND('',#11378,.T.);
#11378 = EDGE_LOOP('',(#11379,#11380,#11386,#11387));
#11379 = ORIENTED_EDGE('',*,*,#1650,.T.);
#11380 = ORIENTED_EDGE('',*,*,#11381,.F.);
#11381 = EDGE_CURVE('',#11067,#1643,#11382,.T.);
#11382 = LINE('',#11383,#11384);
#11383 = CARTESIAN_POINT('',(-4.198746366851,-7.51,0.652263111336));
#11384 = VECTOR('',#11385,1.);
#11385 = DIRECTION('',(-0.,1.,-0.));
#11386 = ORIENTED_EDGE('',*,*,#11066,.F.);
#11387 = ORIENTED_EDGE('',*,*,#11364,.T.);
#11388 = PLANE('',#11389);
#11389 = AXIS2_PLACEMENT_3D('',#11390,#11391,#11392);
#11390 = CARTESIAN_POINT('',(-4.198746366851,-7.51,0.652263111336));
#11391 = DIRECTION('',(1.,0.,-0.));
#11392 = DIRECTION('',(-0.,0.,-1.));
#11393 = ADVANCED_FACE('',(#11394),#11405,.F.);
#11394 = FACE_BOUND('',#11395,.T.);
#11395 = EDGE_LOOP('',(#11396,#11397,#11403,#11404));
#11396 = ORIENTED_EDGE('',*,*,#1642,.T.);
#11397 = ORIENTED_EDGE('',*,*,#11398,.F.);
#11398 = EDGE_CURVE('',#11075,#1635,#11399,.T.);
#11399 = LINE('',#11400,#11401);
#11400 = CARTESIAN_POINT('',(-4.155440449636,-7.51,0.652263111336));
#11401 = VECTOR('',#11402,1.);
#11402 = DIRECTION('',(-0.,1.,-0.));
#11403 = ORIENTED_EDGE('',*,*,#11074,.F.);
#11404 = ORIENTED_EDGE('',*,*,#11381,.T.);
#11405 = PLANE('',#11406);
#11406 = AXIS2_PLACEMENT_3D('',#11407,#11408,#11409);
#11407 = CARTESIAN_POINT('',(-4.155440449636,-7.51,0.652263111336));
#11408 = DIRECTION('',(0.,0.,1.));
#11409 = DIRECTION('',(1.,0.,-0.));
#11410 = ADVANCED_FACE('',(#11411),#11422,.F.);
#11411 = FACE_BOUND('',#11412,.T.);
#11412 = EDGE_LOOP('',(#11413,#11414,#11420,#11421));
#11413 = ORIENTED_EDGE('',*,*,#1634,.T.);
#11414 = ORIENTED_EDGE('',*,*,#11415,.F.);
#11415 = EDGE_CURVE('',#11083,#1626,#11416,.T.);
#11416 = LINE('',#11417,#11418);
#11417 = CARTESIAN_POINT('',(-4.155440449636,-7.51,0.811169313684));
#11418 = VECTOR('',#11419,1.);
#11419 = DIRECTION('',(-0.,1.,-0.));
#11420 = ORIENTED_EDGE('',*,*,#11082,.F.);
#11421 = ORIENTED_EDGE('',*,*,#11398,.T.);
#11422 = PLANE('',#11423);
#11423 = AXIS2_PLACEMENT_3D('',#11424,#11425,#11426);
#11424 = CARTESIAN_POINT('',(-4.155440449636,-7.51,0.811169313684));
#11425 = DIRECTION('',(-1.,0.,-0.));
#11426 = DIRECTION('',(0.,0.,1.));
#11427 = ADVANCED_FACE('',(#11428),#11434,.F.);
#11428 = FACE_BOUND('',#11429,.F.);
#11429 = EDGE_LOOP('',(#11430,#11431,#11432,#11433));
#11430 = ORIENTED_EDGE('',*,*,#11415,.F.);
#11431 = ORIENTED_EDGE('',*,*,#11090,.T.);
#11432 = ORIENTED_EDGE('',*,*,#11177,.T.);
#11433 = ORIENTED_EDGE('',*,*,#1625,.F.);
#11434 = B_SPLINE_SURFACE_WITH_KNOTS('',3,1,(
    (#11435,#11436)
    ,(#11437,#11438)
    ,(#11439,#11440)
    ,(#11441,#11442
    )),.UNSPECIFIED.,.F.,.F.,.F.,(4,4),(2,2),(1.,2.),(0.,1.),
  .PIECEWISE_BEZIER_KNOTS.);
#11435 = CARTESIAN_POINT('',(-4.155440449636,-7.51,0.811169313684));
#11436 = CARTESIAN_POINT('',(-4.155440449636,-7.5,0.811169313684));
#11437 = CARTESIAN_POINT('',(-4.155440449636,-7.51,0.87374194509));
#11438 = CARTESIAN_POINT('',(-4.155440449636,-7.5,0.87374194509));
#11439 = CARTESIAN_POINT('',(-4.185224315149,-7.51,0.904851501946));
#11440 = CARTESIAN_POINT('',(-4.185224315149,-7.5,0.904851501946));
#11441 = CARTESIAN_POINT('',(-4.244703666752,-7.51,0.904851501946));
#11442 = CARTESIAN_POINT('',(-4.244703666752,-7.5,0.904851501946));
#11443 = ADVANCED_FACE('',(#11444),#11470,.T.);
#11444 = FACE_BOUND('',#11445,.T.);
#11445 = EDGE_LOOP('',(#11446,#11457,#11463,#11464));
#11446 = ORIENTED_EDGE('',*,*,#11447,.F.);
#11447 = EDGE_CURVE('',#11448,#11450,#11452,.T.);
#11448 = VERTEX_POINT('',#11449);
#11449 = CARTESIAN_POINT('',(-4.256546509419,-7.5,0.768393673009));
#11450 = VERTEX_POINT('',#11451);
#11451 = CARTESIAN_POINT('',(-4.298438355867,-7.5,0.753192412271));
#11452 = B_SPLINE_CURVE_WITH_KNOTS('',3,(#11453,#11454,#11455,#11456),
  .UNSPECIFIED.,.F.,.F.,(4,4),(0.,1.),.PIECEWISE_BEZIER_KNOTS.);
#11453 = CARTESIAN_POINT('',(-4.256546509419,-7.5,0.768393673009));
#11454 = CARTESIAN_POINT('',(-4.27678539726,-7.5,0.765565531475));
#11455 = CARTESIAN_POINT('',(-4.290749346076,-7.5,0.760616283794));
#11456 = CARTESIAN_POINT('',(-4.298438355867,-7.5,0.753192412271));
#11457 = ORIENTED_EDGE('',*,*,#11458,.F.);
#11458 = EDGE_CURVE('',#11111,#11448,#11459,.T.);
#11459 = LINE('',#11460,#11461);
#11460 = CARTESIAN_POINT('',(-4.256546509419,-7.51,0.768393673009));
#11461 = VECTOR('',#11462,1.);
#11462 = DIRECTION('',(-0.,1.,-0.));
#11463 = ORIENTED_EDGE('',*,*,#11110,.T.);
#11464 = ORIENTED_EDGE('',*,*,#11465,.T.);
#11465 = EDGE_CURVE('',#11100,#11450,#11466,.T.);
#11466 = LINE('',#11467,#11468);
#11467 = CARTESIAN_POINT('',(-4.298438355867,-7.51,0.753192412271));
#11468 = VECTOR('',#11469,1.);
#11469 = DIRECTION('',(-0.,1.,-0.));
#11470 = B_SPLINE_SURFACE_WITH_KNOTS('',3,1,(
    (#11471,#11472)
    ,(#11473,#11474)
    ,(#11475,#11476)
    ,(#11477,#11478
    )),.UNSPECIFIED.,.F.,.F.,.F.,(4,4),(2,2),(0.,1.),(0.,1.),
  .PIECEWISE_BEZIER_KNOTS.);
#11471 = CARTESIAN_POINT('',(-4.256546509419,-7.51,0.768393673009));
#11472 = CARTESIAN_POINT('',(-4.256546509419,-7.5,0.768393673009));
#11473 = CARTESIAN_POINT('',(-4.27678539726,-7.51,0.765565531475));
#11474 = CARTESIAN_POINT('',(-4.27678539726,-7.5,0.765565531475));
#11475 = CARTESIAN_POINT('',(-4.290749346076,-7.51,0.760616283794));
#11476 = CARTESIAN_POINT('',(-4.290749346076,-7.5,0.760616283794));
#11477 = CARTESIAN_POINT('',(-4.298438355867,-7.51,0.753192412271));
#11478 = CARTESIAN_POINT('',(-4.298438355867,-7.5,0.753192412271));
#11479 = ADVANCED_FACE('',(#11480),#11499,.T.);
#11480 = FACE_BOUND('',#11481,.T.);
#11481 = EDGE_LOOP('',(#11482,#11491,#11492,#11493));
#11482 = ORIENTED_EDGE('',*,*,#11483,.F.);
#11483 = EDGE_CURVE('',#11450,#11484,#11486,.T.);
#11484 = VERTEX_POINT('',#11485);
#11485 = CARTESIAN_POINT('',(-4.309927680842,-7.5,0.721906096569));
#11486 = B_SPLINE_CURVE_WITH_KNOTS('',3,(#11487,#11488,#11489,#11490),
  .UNSPECIFIED.,.F.,.F.,(4,4),(1.,2.),.PIECEWISE_BEZIER_KNOTS.);
#11487 = CARTESIAN_POINT('',(-4.298438355867,-7.5,0.753192412271));
#11488 = CARTESIAN_POINT('',(-4.306038986236,-7.5,0.74576854075));
#11489 = CARTESIAN_POINT('',(-4.309927680842,-7.5,0.735339768849));
#11490 = CARTESIAN_POINT('',(-4.309927680842,-7.5,0.721906096569));
#11491 = ORIENTED_EDGE('',*,*,#11465,.F.);
#11492 = ORIENTED_EDGE('',*,*,#11099,.T.);
#11493 = ORIENTED_EDGE('',*,*,#11494,.T.);
#11494 = EDGE_CURVE('',#11102,#11484,#11495,.T.);
#11495 = LINE('',#11496,#11497);
#11496 = CARTESIAN_POINT('',(-4.309927680842,-7.51,0.721906096569));
#11497 = VECTOR('',#11498,1.);
#11498 = DIRECTION('',(-0.,1.,-0.));
#11499 = B_SPLINE_SURFACE_WITH_KNOTS('',3,1,(
    (#11500,#11501)
    ,(#11502,#11503)
    ,(#11504,#11505)
    ,(#11506,#11507
    )),.UNSPECIFIED.,.F.,.F.,.F.,(4,4),(2,2),(1.,2.),(0.,1.),
  .PIECEWISE_BEZIER_KNOTS.);
#11500 = CARTESIAN_POINT('',(-4.298438355867,-7.51,0.753192412271));
#11501 = CARTESIAN_POINT('',(-4.298438355867,-7.5,0.753192412271));
#11502 = CARTESIAN_POINT('',(-4.306038986236,-7.51,0.74576854075));
#11503 = CARTESIAN_POINT('',(-4.306038986236,-7.5,0.74576854075));
#11504 = CARTESIAN_POINT('',(-4.309927680842,-7.51,0.735339768849));
#11505 = CARTESIAN_POINT('',(-4.309927680842,-7.5,0.735339768849));
#11506 = CARTESIAN_POINT('',(-4.309927680842,-7.51,0.721906096569));
#11507 = CARTESIAN_POINT('',(-4.309927680842,-7.5,0.721906096569));
#11508 = ADVANCED_FACE('',(#11509),#11528,.T.);
#11509 = FACE_BOUND('',#11510,.T.);
#11510 = EDGE_LOOP('',(#11511,#11520,#11521,#11522));
#11511 = ORIENTED_EDGE('',*,*,#11512,.F.);
#11512 = EDGE_CURVE('',#11484,#11513,#11515,.T.);
#11513 = VERTEX_POINT('',#11514);
#11514 = CARTESIAN_POINT('',(-4.297377802792,-7.5,0.693094404708));
#11515 = B_SPLINE_CURVE_WITH_KNOTS('',3,(#11516,#11517,#11518,#11519),
  .UNSPECIFIED.,.F.,.F.,(4,4),(2.,3.),.PIECEWISE_BEZIER_KNOTS.);
#11516 = CARTESIAN_POINT('',(-4.309927680842,-7.5,0.721906096569));
#11517 = CARTESIAN_POINT('',(-4.309927680842,-7.5,0.710063253904));
#11518 = CARTESIAN_POINT('',(-4.305773847966,-7.5,0.700518276231));
#11519 = CARTESIAN_POINT('',(-4.297377802792,-7.5,0.693094404708));
#11520 = ORIENTED_EDGE('',*,*,#11494,.F.);
#11521 = ORIENTED_EDGE('',*,*,#11162,.T.);
#11522 = ORIENTED_EDGE('',*,*,#11523,.T.);
#11523 = EDGE_CURVE('',#11154,#11513,#11524,.T.);
#11524 = LINE('',#11525,#11526);
#11525 = CARTESIAN_POINT('',(-4.297377802792,-7.51,0.693094404708));
#11526 = VECTOR('',#11527,1.);
#11527 = DIRECTION('',(-0.,1.,-0.));
#11528 = B_SPLINE_SURFACE_WITH_KNOTS('',3,1,(
    (#11529,#11530)
    ,(#11531,#11532)
    ,(#11533,#11534)
    ,(#11535,#11536
    )),.UNSPECIFIED.,.F.,.F.,.F.,(4,4),(2,2),(2.,3.),(0.,1.),
  .PIECEWISE_BEZIER_KNOTS.);
#11529 = CARTESIAN_POINT('',(-4.309927680842,-7.51,0.721906096569));
#11530 = CARTESIAN_POINT('',(-4.309927680842,-7.5,0.721906096569));
#11531 = CARTESIAN_POINT('',(-4.309927680842,-7.51,0.710063253904));
#11532 = CARTESIAN_POINT('',(-4.309927680842,-7.5,0.710063253904));
#11533 = CARTESIAN_POINT('',(-4.305773847966,-7.51,0.700518276231));
#11534 = CARTESIAN_POINT('',(-4.305773847966,-7.5,0.700518276231));
#11535 = CARTESIAN_POINT('',(-4.297377802792,-7.51,0.693094404708));
#11536 = CARTESIAN_POINT('',(-4.297377802792,-7.5,0.693094404708));
#11537 = ADVANCED_FACE('',(#11538),#11557,.T.);
#11538 = FACE_BOUND('',#11539,.T.);
#11539 = EDGE_LOOP('',(#11540,#11549,#11550,#11551));
#11540 = ORIENTED_EDGE('',*,*,#11541,.F.);
#11541 = EDGE_CURVE('',#11513,#11542,#11544,.T.);
#11542 = VERTEX_POINT('',#11543);
#11543 = CARTESIAN_POINT('',(-4.264323898633,-7.5,0.681958597425));
#11544 = B_SPLINE_CURVE_WITH_KNOTS('',3,(#11545,#11546,#11547,#11548),
  .UNSPECIFIED.,.F.,.F.,(4,4),(3.,4.),.PIECEWISE_BEZIER_KNOTS.);
#11545 = CARTESIAN_POINT('',(-4.297377802792,-7.5,0.693094404708));
#11546 = CARTESIAN_POINT('',(-4.289070137041,-7.5,0.685670533187));
#11547 = CARTESIAN_POINT('',(-4.278022709181,-7.5,0.681958597425));
#11548 = CARTESIAN_POINT('',(-4.264323898633,-7.5,0.681958597425));
#11549 = ORIENTED_EDGE('',*,*,#11523,.F.);
#11550 = ORIENTED_EDGE('',*,*,#11153,.T.);
#11551 = ORIENTED_EDGE('',*,*,#11552,.T.);
#11552 = EDGE_CURVE('',#11145,#11542,#11553,.T.);
#11553 = LINE('',#11554,#11555);
#11554 = CARTESIAN_POINT('',(-4.264323898633,-7.51,0.681958597425));
#11555 = VECTOR('',#11556,1.);
#11556 = DIRECTION('',(-0.,1.,-0.));
#11557 = B_SPLINE_SURFACE_WITH_KNOTS('',3,1,(
    (#11558,#11559)
    ,(#11560,#11561)
    ,(#11562,#11563)
    ,(#11564,#11565
    )),.UNSPECIFIED.,.F.,.F.,.F.,(4,4),(2,2),(3.,4.),(0.,1.),
  .PIECEWISE_BEZIER_KNOTS.);
#11558 = CARTESIAN_POINT('',(-4.297377802792,-7.51,0.693094404708));
#11559 = CARTESIAN_POINT('',(-4.297377802792,-7.5,0.693094404708));
#11560 = CARTESIAN_POINT('',(-4.289070137041,-7.51,0.685670533187));
#11561 = CARTESIAN_POINT('',(-4.289070137041,-7.5,0.685670533187));
#11562 = CARTESIAN_POINT('',(-4.278022709181,-7.51,0.681958597425));
#11563 = CARTESIAN_POINT('',(-4.278022709181,-7.5,0.681958597425));
#11564 = CARTESIAN_POINT('',(-4.264323898633,-7.51,0.681958597425));
#11565 = CARTESIAN_POINT('',(-4.264323898633,-7.5,0.681958597425));
#11566 = ADVANCED_FACE('',(#11567),#11586,.T.);
#11567 = FACE_BOUND('',#11568,.T.);
#11568 = EDGE_LOOP('',(#11569,#11578,#11579,#11580));
#11569 = ORIENTED_EDGE('',*,*,#11570,.F.);
#11570 = EDGE_CURVE('',#11542,#11571,#11573,.T.);
#11571 = VERTEX_POINT('',#11572);
#11572 = CARTESIAN_POINT('',(-4.217306045657,-7.5,0.702109105844));
#11573 = B_SPLINE_CURVE_WITH_KNOTS('',3,(#11574,#11575,#11576,#11577),
  .UNSPECIFIED.,.F.,.F.,(4,4),(4.,5.),.PIECEWISE_BEZIER_KNOTS.);
#11574 = CARTESIAN_POINT('',(-4.264323898633,-7.5,0.681958597425));
#11575 = CARTESIAN_POINT('',(-4.245322322712,-7.5,0.681958597425));
#11576 = CARTESIAN_POINT('',(-4.229590785439,-7.5,0.688675433564));
#11577 = CARTESIAN_POINT('',(-4.217306045657,-7.5,0.702109105844));
#11578 = ORIENTED_EDGE('',*,*,#11552,.F.);
#11579 = ORIENTED_EDGE('',*,*,#11144,.T.);
#11580 = ORIENTED_EDGE('',*,*,#11581,.T.);
#11581 = EDGE_CURVE('',#11136,#11571,#11582,.T.);
#11582 = LINE('',#11583,#11584);
#11583 = CARTESIAN_POINT('',(-4.217306045657,-7.51,0.702109105844));
#11584 = VECTOR('',#11585,1.);
#11585 = DIRECTION('',(-0.,1.,-0.));
#11586 = B_SPLINE_SURFACE_WITH_KNOTS('',3,1,(
    (#11587,#11588)
    ,(#11589,#11590)
    ,(#11591,#11592)
    ,(#11593,#11594
    )),.UNSPECIFIED.,.F.,.F.,.F.,(4,4),(2,2),(4.,5.),(0.,1.),
  .PIECEWISE_BEZIER_KNOTS.);
#11587 = CARTESIAN_POINT('',(-4.264323898633,-7.51,0.681958597425));
#11588 = CARTESIAN_POINT('',(-4.264323898633,-7.5,0.681958597425));
#11589 = CARTESIAN_POINT('',(-4.245322322712,-7.51,0.681958597425));
#11590 = CARTESIAN_POINT('',(-4.245322322712,-7.5,0.681958597425));
#11591 = CARTESIAN_POINT('',(-4.229590785439,-7.51,0.688675433564));
#11592 = CARTESIAN_POINT('',(-4.229590785439,-7.5,0.688675433564));
#11593 = CARTESIAN_POINT('',(-4.217306045657,-7.51,0.702109105844));
#11594 = CARTESIAN_POINT('',(-4.217306045657,-7.5,0.702109105844));
#11595 = ADVANCED_FACE('',(#11596),#11615,.T.);
#11596 = FACE_BOUND('',#11597,.T.);
#11597 = EDGE_LOOP('',(#11598,#11607,#11608,#11609));
#11598 = ORIENTED_EDGE('',*,*,#11599,.F.);
#11599 = EDGE_CURVE('',#11571,#11600,#11602,.T.);
#11600 = VERTEX_POINT('',#11601);
#11601 = CARTESIAN_POINT('',(-4.198746366851,-7.5,0.752485376888));
#11602 = B_SPLINE_CURVE_WITH_KNOTS('',3,(#11603,#11604,#11605,#11606),
  .UNSPECIFIED.,.F.,.F.,(4,4),(5.,6.),.PIECEWISE_BEZIER_KNOTS.);
#11603 = CARTESIAN_POINT('',(-4.217306045657,-7.5,0.702109105844));
#11604 = CARTESIAN_POINT('',(-4.204932926453,-7.5,0.715366019276));
#11605 = CARTESIAN_POINT('',(-4.198746366851,-7.5,0.732158109624));
#11606 = CARTESIAN_POINT('',(-4.198746366851,-7.5,0.752485376888));
#11607 = ORIENTED_EDGE('',*,*,#11581,.F.);
#11608 = ORIENTED_EDGE('',*,*,#11135,.T.);
#11609 = ORIENTED_EDGE('',*,*,#11610,.T.);
#11610 = EDGE_CURVE('',#11128,#11600,#11611,.T.);
#11611 = LINE('',#11612,#11613);
#11612 = CARTESIAN_POINT('',(-4.198746366851,-7.51,0.752485376888));
#11613 = VECTOR('',#11614,1.);
#11614 = DIRECTION('',(-0.,1.,-0.));
#11615 = B_SPLINE_SURFACE_WITH_KNOTS('',3,1,(
    (#11616,#11617)
    ,(#11618,#11619)
    ,(#11620,#11621)
    ,(#11622,#11623
    )),.UNSPECIFIED.,.F.,.F.,.F.,(4,4),(2,2),(5.,6.),(0.,1.),
  .PIECEWISE_BEZIER_KNOTS.);
#11616 = CARTESIAN_POINT('',(-4.217306045657,-7.51,0.702109105844));
#11617 = CARTESIAN_POINT('',(-4.217306045657,-7.5,0.702109105844));
#11618 = CARTESIAN_POINT('',(-4.204932926453,-7.51,0.715366019276));
#11619 = CARTESIAN_POINT('',(-4.204932926453,-7.5,0.715366019276));
#11620 = CARTESIAN_POINT('',(-4.198746366851,-7.51,0.732158109624));
#11621 = CARTESIAN_POINT('',(-4.198746366851,-7.5,0.732158109624));
#11622 = CARTESIAN_POINT('',(-4.198746366851,-7.51,0.752485376888));
#11623 = CARTESIAN_POINT('',(-4.198746366851,-7.5,0.752485376888));
#11624 = ADVANCED_FACE('',(#11625),#11643,.T.);
#11625 = FACE_BOUND('',#11626,.T.);
#11626 = EDGE_LOOP('',(#11627,#11635,#11636,#11637));
#11627 = ORIENTED_EDGE('',*,*,#11628,.F.);
#11628 = EDGE_CURVE('',#11600,#11629,#11631,.T.);
#11629 = VERTEX_POINT('',#11630);
#11630 = CARTESIAN_POINT('',(-4.198746366851,-7.5,0.776171062223));
#11631 = LINE('',#11632,#11633);
#11632 = CARTESIAN_POINT('',(-4.198746366851,-7.5,0.752485376888));
#11633 = VECTOR('',#11634,1.);
#11634 = DIRECTION('',(0.,0.,1.));
#11635 = ORIENTED_EDGE('',*,*,#11610,.F.);
#11636 = ORIENTED_EDGE('',*,*,#11127,.T.);
#11637 = ORIENTED_EDGE('',*,*,#11638,.T.);
#11638 = EDGE_CURVE('',#11120,#11629,#11639,.T.);
#11639 = LINE('',#11640,#11641);
#11640 = CARTESIAN_POINT('',(-4.198746366851,-7.51,0.776171062223));
#11641 = VECTOR('',#11642,1.);
#11642 = DIRECTION('',(-0.,1.,-0.));
#11643 = PLANE('',#11644);
#11644 = AXIS2_PLACEMENT_3D('',#11645,#11646,#11647);
#11645 = CARTESIAN_POINT('',(-4.198746366851,-7.51,0.752485376888));
#11646 = DIRECTION('',(-1.,0.,0.));
#11647 = DIRECTION('',(0.,0.,1.));
#11648 = ADVANCED_FACE('',(#11649),#11660,.T.);
#11649 = FACE_BOUND('',#11650,.T.);
#11650 = EDGE_LOOP('',(#11651,#11657,#11658,#11659));
#11651 = ORIENTED_EDGE('',*,*,#11652,.F.);
#11652 = EDGE_CURVE('',#11629,#11448,#11653,.T.);
#11653 = LINE('',#11654,#11655);
#11654 = CARTESIAN_POINT('',(-4.198746366851,-7.5,0.776171062223));
#11655 = VECTOR('',#11656,1.);
#11656 = DIRECTION('',(-0.9910683663,0.,-0.133354764894));
#11657 = ORIENTED_EDGE('',*,*,#11638,.F.);
#11658 = ORIENTED_EDGE('',*,*,#11119,.T.);
#11659 = ORIENTED_EDGE('',*,*,#11458,.T.);
#11660 = PLANE('',#11661);
#11661 = AXIS2_PLACEMENT_3D('',#11662,#11663,#11664);
#11662 = CARTESIAN_POINT('',(-4.198746366851,-7.51,0.776171062223));
#11663 = DIRECTION('',(0.133354764894,0.,-0.9910683663));
#11664 = DIRECTION('',(-0.9910683663,0.,-0.133354764894));
#11665 = ADVANCED_FACE('',(#11666),#11676,.F.);
#11666 = FACE_BOUND('',#11667,.T.);
#11667 = EDGE_LOOP('',(#11668,#11669,#11670,#11671,#11672,#11673,#11674,
    #11675));
#11668 = ORIENTED_EDGE('',*,*,#11652,.T.);
#11669 = ORIENTED_EDGE('',*,*,#11447,.T.);
#11670 = ORIENTED_EDGE('',*,*,#11483,.T.);
#11671 = ORIENTED_EDGE('',*,*,#11512,.T.);
#11672 = ORIENTED_EDGE('',*,*,#11541,.T.);
#11673 = ORIENTED_EDGE('',*,*,#11570,.T.);
#11674 = ORIENTED_EDGE('',*,*,#11599,.T.);
#11675 = ORIENTED_EDGE('',*,*,#11628,.T.);
#11676 = PLANE('',#11677);
#11677 = AXIS2_PLACEMENT_3D('',#11678,#11679,#11680);
#11678 = CARTESIAN_POINT('',(-7.5,-7.5,4.));
#11679 = DIRECTION('',(0.,1.,0.));
#11680 = DIRECTION('',(0.,-0.,1.));
#11681 = ADVANCED_FACE('',(#11682),#11708,.F.);
#11682 = FACE_BOUND('',#11683,.F.);
#11683 = EDGE_LOOP('',(#11684,#11692,#11701,#11707));
#11684 = ORIENTED_EDGE('',*,*,#11685,.F.);
#11685 = EDGE_CURVE('',#11686,#2303,#11688,.T.);
#11686 = VERTEX_POINT('',#11687);
#11687 = CARTESIAN_POINT('',(-4.025522697992,-7.51,0.681781838579));
#11688 = LINE('',#11689,#11690);
#11689 = CARTESIAN_POINT('',(-4.025522697992,-7.51,0.681781838579));
#11690 = VECTOR('',#11691,1.);
#11691 = DIRECTION('',(-0.,1.,-0.));
#11692 = ORIENTED_EDGE('',*,*,#11693,.T.);
#11693 = EDGE_CURVE('',#11686,#11694,#11696,.T.);
#11694 = VERTEX_POINT('',#11695);
#11695 = CARTESIAN_POINT('',(-4.096756512839,-7.51,0.705644282757));
#11696 = B_SPLINE_CURVE_WITH_KNOTS('',3,(#11697,#11698,#11699,#11700),
  .UNSPECIFIED.,.F.,.F.,(4,4),(0.,1.),.PIECEWISE_BEZIER_KNOTS.);
#11697 = CARTESIAN_POINT('',(-4.025522697992,-7.51,0.681781838579));
#11698 = CARTESIAN_POINT('',(-4.050975971784,-7.51,0.681781838579));
#11699 = CARTESIAN_POINT('',(-4.074661657118,-7.51,0.689735986639));
#11700 = CARTESIAN_POINT('',(-4.096756512839,-7.51,0.705644282757));
#11701 = ORIENTED_EDGE('',*,*,#11702,.T.);
#11702 = EDGE_CURVE('',#11694,#2305,#11703,.T.);
#11703 = LINE('',#11704,#11705);
#11704 = CARTESIAN_POINT('',(-4.096756512839,-7.51,0.705644282757));
#11705 = VECTOR('',#11706,1.);
#11706 = DIRECTION('',(-0.,1.,-0.));
#11707 = ORIENTED_EDGE('',*,*,#2302,.F.);
#11708 = B_SPLINE_SURFACE_WITH_KNOTS('',3,1,(
    (#11709,#11710)
    ,(#11711,#11712)
    ,(#11713,#11714)
    ,(#11715,#11716
    )),.UNSPECIFIED.,.F.,.F.,.F.,(4,4),(2,2),(0.,1.),(0.,1.),
  .PIECEWISE_BEZIER_KNOTS.);
#11709 = CARTESIAN_POINT('',(-4.025522697992,-7.51,0.681781838579));
#11710 = CARTESIAN_POINT('',(-4.025522697992,-7.5,0.681781838579));
#11711 = CARTESIAN_POINT('',(-4.050975971784,-7.51,0.681781838579));
#11712 = CARTESIAN_POINT('',(-4.050975971784,-7.5,0.681781838579));
#11713 = CARTESIAN_POINT('',(-4.074661657118,-7.51,0.689735986639));
#11714 = CARTESIAN_POINT('',(-4.074661657118,-7.5,0.689735986639));
#11715 = CARTESIAN_POINT('',(-4.096756512839,-7.51,0.705644282757));
#11716 = CARTESIAN_POINT('',(-4.096756512839,-7.5,0.705644282757));
#11717 = ADVANCED_FACE('',(#11718),#11736,.F.);
#11718 = FACE_BOUND('',#11719,.T.);
#11719 = EDGE_LOOP('',(#11720,#11721,#11729,#11735));
#11720 = ORIENTED_EDGE('',*,*,#2483,.T.);
#11721 = ORIENTED_EDGE('',*,*,#11722,.F.);
#11722 = EDGE_CURVE('',#11723,#2475,#11725,.T.);
#11723 = VERTEX_POINT('',#11724);
#11724 = CARTESIAN_POINT('',(-4.096756512839,-7.51,0.660924294778));
#11725 = LINE('',#11726,#11727);
#11726 = CARTESIAN_POINT('',(-4.096756512839,-7.51,0.660924294778));
#11727 = VECTOR('',#11728,1.);
#11728 = DIRECTION('',(-0.,1.,-0.));
#11729 = ORIENTED_EDGE('',*,*,#11730,.F.);
#11730 = EDGE_CURVE('',#11694,#11723,#11731,.T.);
#11731 = LINE('',#11732,#11733);
#11732 = CARTESIAN_POINT('',(-4.096756512839,-7.51,0.660924294778));
#11733 = VECTOR('',#11734,1.);
#11734 = DIRECTION('',(-0.,-0.,-1.));
#11735 = ORIENTED_EDGE('',*,*,#11702,.T.);
#11736 = PLANE('',#11737);
#11737 = AXIS2_PLACEMENT_3D('',#11738,#11739,#11740);
#11738 = CARTESIAN_POINT('',(-4.096756512839,-7.51,0.660924294778));
#11739 = DIRECTION('',(1.,0.,-0.));
#11740 = DIRECTION('',(-0.,0.,-1.));
#11741 = ADVANCED_FACE('',(#11742),#11761,.F.);
#11742 = FACE_BOUND('',#11743,.F.);
#11743 = EDGE_LOOP('',(#11744,#11745,#11754,#11760));
#11744 = ORIENTED_EDGE('',*,*,#11722,.F.);
#11745 = ORIENTED_EDGE('',*,*,#11746,.T.);
#11746 = EDGE_CURVE('',#11723,#11747,#11749,.T.);
#11747 = VERTEX_POINT('',#11748);
#11748 = CARTESIAN_POINT('',(-4.02976491029,-7.51,0.646430069425));
#11749 = B_SPLINE_CURVE_WITH_KNOTS('',3,(#11750,#11751,#11752,#11753),
  .UNSPECIFIED.,.F.,.F.,(4,4),(19.,20.),.PIECEWISE_BEZIER_KNOTS.);
#11750 = CARTESIAN_POINT('',(-4.096756512839,-7.51,0.660924294778));
#11751 = CARTESIAN_POINT('',(-4.077666557496,-7.51,0.651379317105));
#11752 = CARTESIAN_POINT('',(-4.055394942928,-7.51,0.646430069425));
#11753 = CARTESIAN_POINT('',(-4.02976491029,-7.51,0.646430069425));
#11754 = ORIENTED_EDGE('',*,*,#11755,.T.);
#11755 = EDGE_CURVE('',#11747,#2466,#11756,.T.);
#11756 = LINE('',#11757,#11758);
#11757 = CARTESIAN_POINT('',(-4.02976491029,-7.51,0.646430069425));
#11758 = VECTOR('',#11759,1.);
#11759 = DIRECTION('',(-0.,1.,-0.));
#11760 = ORIENTED_EDGE('',*,*,#2474,.F.);
#11761 = B_SPLINE_SURFACE_WITH_KNOTS('',3,1,(
    (#11762,#11763)
    ,(#11764,#11765)
    ,(#11766,#11767)
    ,(#11768,#11769
    )),.UNSPECIFIED.,.F.,.F.,.F.,(4,4),(2,2),(19.,20.),(0.,1.),
  .PIECEWISE_BEZIER_KNOTS.);
#11762 = CARTESIAN_POINT('',(-4.096756512839,-7.51,0.660924294778));
#11763 = CARTESIAN_POINT('',(-4.096756512839,-7.5,0.660924294778));
#11764 = CARTESIAN_POINT('',(-4.077666557496,-7.51,0.651379317105));
#11765 = CARTESIAN_POINT('',(-4.077666557496,-7.5,0.651379317105));
#11766 = CARTESIAN_POINT('',(-4.055394942928,-7.51,0.646430069425));
#11767 = CARTESIAN_POINT('',(-4.055394942928,-7.5,0.646430069425));
#11768 = CARTESIAN_POINT('',(-4.02976491029,-7.51,0.646430069425));
#11769 = CARTESIAN_POINT('',(-4.02976491029,-7.5,0.646430069425));
#11770 = ADVANCED_FACE('',(#11771),#11790,.F.);
#11771 = FACE_BOUND('',#11772,.F.);
#11772 = EDGE_LOOP('',(#11773,#11774,#11783,#11789));
#11773 = ORIENTED_EDGE('',*,*,#11755,.F.);
#11774 = ORIENTED_EDGE('',*,*,#11775,.T.);
#11775 = EDGE_CURVE('',#11747,#11776,#11778,.T.);
#11776 = VERTEX_POINT('',#11777);
#11777 = CARTESIAN_POINT('',(-3.957824060061,-7.51,0.666050301304));
#11778 = B_SPLINE_CURVE_WITH_KNOTS('',3,(#11779,#11780,#11781,#11782),
  .UNSPECIFIED.,.F.,.F.,(4,4),(18.,19.),.PIECEWISE_BEZIER_KNOTS.);
#11779 = CARTESIAN_POINT('',(-4.02976491029,-7.51,0.646430069425));
#11780 = CARTESIAN_POINT('',(-4.00033456247,-7.51,0.646430069425));
#11781 = CARTESIAN_POINT('',(-3.976295359445,-7.51,0.652970146718));
#11782 = CARTESIAN_POINT('',(-3.957824060061,-7.51,0.666050301304));
#11783 = ORIENTED_EDGE('',*,*,#11784,.T.);
#11784 = EDGE_CURVE('',#11776,#2457,#11785,.T.);
#11785 = LINE('',#11786,#11787);
#11786 = CARTESIAN_POINT('',(-3.957824060061,-7.51,0.666050301304));
#11787 = VECTOR('',#11788,1.);
#11788 = DIRECTION('',(-0.,1.,-0.));
#11789 = ORIENTED_EDGE('',*,*,#2465,.F.);
#11790 = B_SPLINE_SURFACE_WITH_KNOTS('',3,1,(
    (#11791,#11792)
    ,(#11793,#11794)
    ,(#11795,#11796)
    ,(#11797,#11798
    )),.UNSPECIFIED.,.F.,.F.,.F.,(4,4),(2,2),(18.,19.),(0.,1.),
  .PIECEWISE_BEZIER_KNOTS.);
#11791 = CARTESIAN_POINT('',(-4.02976491029,-7.51,0.646430069425));
#11792 = CARTESIAN_POINT('',(-4.02976491029,-7.5,0.646430069425));
#11793 = CARTESIAN_POINT('',(-4.00033456247,-7.51,0.646430069425));
#11794 = CARTESIAN_POINT('',(-4.00033456247,-7.5,0.646430069425));
#11795 = CARTESIAN_POINT('',(-3.976295359445,-7.51,0.652970146718));
#11796 = CARTESIAN_POINT('',(-3.976295359445,-7.5,0.652970146718));
#11797 = CARTESIAN_POINT('',(-3.957824060061,-7.51,0.666050301304));
#11798 = CARTESIAN_POINT('',(-3.957824060061,-7.5,0.666050301304));
#11799 = ADVANCED_FACE('',(#11800),#11819,.F.);
#11800 = FACE_BOUND('',#11801,.F.);
#11801 = EDGE_LOOP('',(#11802,#11803,#11812,#11818));
#11802 = ORIENTED_EDGE('',*,*,#11784,.F.);
#11803 = ORIENTED_EDGE('',*,*,#11804,.T.);
#11804 = EDGE_CURVE('',#11776,#11805,#11807,.T.);
#11805 = VERTEX_POINT('',#11806);
#11806 = CARTESIAN_POINT('',(-3.929984541852,-7.51,0.719431472729));
#11807 = B_SPLINE_CURVE_WITH_KNOTS('',3,(#11808,#11809,#11810,#11811),
  .UNSPECIFIED.,.F.,.F.,(4,4),(17.,18.),.PIECEWISE_BEZIER_KNOTS.);
#11808 = CARTESIAN_POINT('',(-3.957824060061,-7.51,0.666050301304));
#11809 = CARTESIAN_POINT('',(-3.939264381255,-7.51,0.678953697048));
#11810 = CARTESIAN_POINT('',(-3.929984541852,-7.51,0.696806340469));
#11811 = CARTESIAN_POINT('',(-3.929984541852,-7.51,0.719431472729));
#11812 = ORIENTED_EDGE('',*,*,#11813,.T.);
#11813 = EDGE_CURVE('',#11805,#2448,#11814,.T.);
#11814 = LINE('',#11815,#11816);
#11815 = CARTESIAN_POINT('',(-3.929984541852,-7.51,0.719431472729));
#11816 = VECTOR('',#11817,1.);
#11817 = DIRECTION('',(-0.,1.,-0.));
#11818 = ORIENTED_EDGE('',*,*,#2456,.F.);
#11819 = B_SPLINE_SURFACE_WITH_KNOTS('',3,1,(
    (#11820,#11821)
    ,(#11822,#11823)
    ,(#11824,#11825)
    ,(#11826,#11827
    )),.UNSPECIFIED.,.F.,.F.,.F.,(4,4),(2,2),(17.,18.),(0.,1.),
  .PIECEWISE_BEZIER_KNOTS.);
#11820 = CARTESIAN_POINT('',(-3.957824060061,-7.51,0.666050301304));
#11821 = CARTESIAN_POINT('',(-3.957824060061,-7.5,0.666050301304));
#11822 = CARTESIAN_POINT('',(-3.939264381255,-7.51,0.678953697048));
#11823 = CARTESIAN_POINT('',(-3.939264381255,-7.5,0.678953697048));
#11824 = CARTESIAN_POINT('',(-3.929984541852,-7.51,0.696806340469));
#11825 = CARTESIAN_POINT('',(-3.929984541852,-7.5,0.696806340469));
#11826 = CARTESIAN_POINT('',(-3.929984541852,-7.51,0.719431472729));
#11827 = CARTESIAN_POINT('',(-3.929984541852,-7.5,0.719431472729));
#11828 = ADVANCED_FACE('',(#11829),#11848,.F.);
#11829 = FACE_BOUND('',#11830,.F.);
#11830 = EDGE_LOOP('',(#11831,#11832,#11841,#11847));
#11831 = ORIENTED_EDGE('',*,*,#11813,.F.);
#11832 = ORIENTED_EDGE('',*,*,#11833,.T.);
#11833 = EDGE_CURVE('',#11805,#11834,#11836,.T.);
#11834 = VERTEX_POINT('',#11835);
#11835 = CARTESIAN_POINT('',(-3.944478767205,-7.51,0.760262766103));
#11836 = B_SPLINE_CURVE_WITH_KNOTS('',3,(#11837,#11838,#11839,#11840),
  .UNSPECIFIED.,.F.,.F.,(4,4),(16.,17.),.PIECEWISE_BEZIER_KNOTS.);
#11837 = CARTESIAN_POINT('',(-3.929984541852,-7.51,0.719431472729));
#11838 = CARTESIAN_POINT('',(-3.929984541852,-7.51,0.73569328654));
#11839 = CARTESIAN_POINT('',(-3.934845410111,-7.51,0.749303717666));
#11840 = CARTESIAN_POINT('',(-3.944478767205,-7.51,0.760262766103));
#11841 = ORIENTED_EDGE('',*,*,#11842,.T.);
#11842 = EDGE_CURVE('',#11834,#2439,#11843,.T.);
#11843 = LINE('',#11844,#11845);
#11844 = CARTESIAN_POINT('',(-3.944478767205,-7.51,0.760262766103));
#11845 = VECTOR('',#11846,1.);
#11846 = DIRECTION('',(-0.,1.,-0.));
#11847 = ORIENTED_EDGE('',*,*,#2447,.F.);
#11848 = B_SPLINE_SURFACE_WITH_KNOTS('',3,1,(
    (#11849,#11850)
    ,(#11851,#11852)
    ,(#11853,#11854)
    ,(#11855,#11856
    )),.UNSPECIFIED.,.F.,.F.,.F.,(4,4),(2,2),(16.,17.),(0.,1.),
  .PIECEWISE_BEZIER_KNOTS.);
#11849 = CARTESIAN_POINT('',(-3.929984541852,-7.51,0.719431472729));
#11850 = CARTESIAN_POINT('',(-3.929984541852,-7.5,0.719431472729));
#11851 = CARTESIAN_POINT('',(-3.929984541852,-7.51,0.73569328654));
#11852 = CARTESIAN_POINT('',(-3.929984541852,-7.5,0.73569328654));
#11853 = CARTESIAN_POINT('',(-3.934845410111,-7.51,0.749303717666));
#11854 = CARTESIAN_POINT('',(-3.934845410111,-7.5,0.749303717666));
#11855 = CARTESIAN_POINT('',(-3.944478767205,-7.51,0.760262766103));
#11856 = CARTESIAN_POINT('',(-3.944478767205,-7.5,0.760262766103));
#11857 = ADVANCED_FACE('',(#11858),#11877,.F.);
#11858 = FACE_BOUND('',#11859,.F.);
#11859 = EDGE_LOOP('',(#11860,#11861,#11870,#11876));
#11860 = ORIENTED_EDGE('',*,*,#11842,.F.);
#11861 = ORIENTED_EDGE('',*,*,#11862,.T.);
#11862 = EDGE_CURVE('',#11834,#11863,#11865,.T.);
#11863 = VERTEX_POINT('',#11864);
#11864 = CARTESIAN_POINT('',(-4.00033456247,-7.51,0.792256117187));
#11865 = B_SPLINE_CURVE_WITH_KNOTS('',3,(#11866,#11867,#11868,#11869),
  .UNSPECIFIED.,.F.,.F.,(4,4),(15.,16.),.PIECEWISE_BEZIER_KNOTS.);
#11866 = CARTESIAN_POINT('',(-3.944478767205,-7.51,0.760262766103));
#11867 = CARTESIAN_POINT('',(-3.954200503722,-7.51,0.77122181454));
#11868 = CARTESIAN_POINT('',(-3.972760182528,-7.51,0.782004104132));
#11869 = CARTESIAN_POINT('',(-4.00033456247,-7.51,0.792256117187));
#11870 = ORIENTED_EDGE('',*,*,#11871,.T.);
#11871 = EDGE_CURVE('',#11863,#2430,#11872,.T.);
#11872 = LINE('',#11873,#11874);
#11873 = CARTESIAN_POINT('',(-4.00033456247,-7.51,0.792256117187));
#11874 = VECTOR('',#11875,1.);
#11875 = DIRECTION('',(-0.,1.,-0.));
#11876 = ORIENTED_EDGE('',*,*,#2438,.F.);
#11877 = B_SPLINE_SURFACE_WITH_KNOTS('',3,1,(
    (#11878,#11879)
    ,(#11880,#11881)
    ,(#11882,#11883)
    ,(#11884,#11885
    )),.UNSPECIFIED.,.F.,.F.,.F.,(4,4),(2,2),(15.,16.),(0.,1.),
  .PIECEWISE_BEZIER_KNOTS.);
#11878 = CARTESIAN_POINT('',(-3.944478767205,-7.51,0.760262766103));
#11879 = CARTESIAN_POINT('',(-3.944478767205,-7.5,0.760262766103));
#11880 = CARTESIAN_POINT('',(-3.954200503722,-7.51,0.77122181454));
#11881 = CARTESIAN_POINT('',(-3.954200503722,-7.5,0.77122181454));
#11882 = CARTESIAN_POINT('',(-3.972760182528,-7.51,0.782004104132));
#11883 = CARTESIAN_POINT('',(-3.972760182528,-7.5,0.782004104132));
#11884 = CARTESIAN_POINT('',(-4.00033456247,-7.51,0.792256117187));
#11885 = CARTESIAN_POINT('',(-4.00033456247,-7.5,0.792256117187));
#11886 = ADVANCED_FACE('',(#11887),#11906,.F.);
#11887 = FACE_BOUND('',#11888,.F.);
#11888 = EDGE_LOOP('',(#11889,#11890,#11899,#11905));
#11889 = ORIENTED_EDGE('',*,*,#11871,.F.);
#11890 = ORIENTED_EDGE('',*,*,#11891,.T.);
#11891 = EDGE_CURVE('',#11863,#11892,#11894,.T.);
#11892 = VERTEX_POINT('',#11893);
#11893 = CARTESIAN_POINT('',(-4.042403167764,-7.51,0.813467178682));
#11894 = B_SPLINE_CURVE_WITH_KNOTS('',3,(#11895,#11896,#11897,#11898),
  .UNSPECIFIED.,.F.,.F.,(4,4),(14.,15.),.PIECEWISE_BEZIER_KNOTS.);
#11895 = CARTESIAN_POINT('',(-4.00033456247,-7.51,0.792256117187));
#11896 = CARTESIAN_POINT('',(-4.0220759005,-7.51,0.800740541784));
#11897 = CARTESIAN_POINT('',(-4.036039849315,-7.51,0.807810895616));
#11898 = CARTESIAN_POINT('',(-4.042403167764,-7.51,0.813467178682));
#11899 = ORIENTED_EDGE('',*,*,#11900,.T.);
#11900 = EDGE_CURVE('',#11892,#2421,#11901,.T.);
#11901 = LINE('',#11902,#11903);
#11902 = CARTESIAN_POINT('',(-4.042403167764,-7.51,0.813467178682));
#11903 = VECTOR('',#11904,1.);
#11904 = DIRECTION('',(-0.,1.,-0.));
#11905 = ORIENTED_EDGE('',*,*,#2429,.F.);
#11906 = B_SPLINE_SURFACE_WITH_KNOTS('',3,1,(
    (#11907,#11908)
    ,(#11909,#11910)
    ,(#11911,#11912)
    ,(#11913,#11914
    )),.UNSPECIFIED.,.F.,.F.,.F.,(4,4),(2,2),(14.,15.),(0.,1.),
  .PIECEWISE_BEZIER_KNOTS.);
#11907 = CARTESIAN_POINT('',(-4.00033456247,-7.51,0.792256117187));
#11908 = CARTESIAN_POINT('',(-4.00033456247,-7.5,0.792256117187));
#11909 = CARTESIAN_POINT('',(-4.0220759005,-7.51,0.800740541784));
#11910 = CARTESIAN_POINT('',(-4.0220759005,-7.5,0.800740541784));
#11911 = CARTESIAN_POINT('',(-4.036039849315,-7.51,0.807810895616));
#11912 = CARTESIAN_POINT('',(-4.036039849315,-7.5,0.807810895616));
#11913 = CARTESIAN_POINT('',(-4.042403167764,-7.51,0.813467178682));
#11914 = CARTESIAN_POINT('',(-4.042403167764,-7.5,0.813467178682));
#11915 = ADVANCED_FACE('',(#11916),#11935,.F.);
#11916 = FACE_BOUND('',#11917,.F.);
#11917 = EDGE_LOOP('',(#11918,#11919,#11928,#11934));
#11918 = ORIENTED_EDGE('',*,*,#11900,.F.);
#11919 = ORIENTED_EDGE('',*,*,#11920,.T.);
#11920 = EDGE_CURVE('',#11892,#11921,#11923,.T.);
#11921 = VERTEX_POINT('',#11922);
#11922 = CARTESIAN_POINT('',(-4.051859766013,-7.51,0.836445828632));
#11923 = B_SPLINE_CURVE_WITH_KNOTS('',3,(#11924,#11925,#11926,#11927),
  .UNSPECIFIED.,.F.,.F.,(4,4),(13.,14.),.PIECEWISE_BEZIER_KNOTS.);
#11924 = CARTESIAN_POINT('',(-4.042403167764,-7.51,0.813467178682));
#11925 = CARTESIAN_POINT('',(-4.048678106789,-7.51,0.818946702899));
#11926 = CARTESIAN_POINT('',(-4.051859766013,-7.51,0.826547333268));
#11927 = CARTESIAN_POINT('',(-4.051859766013,-7.51,0.836445828632));
#11928 = ORIENTED_EDGE('',*,*,#11929,.T.);
#11929 = EDGE_CURVE('',#11921,#2412,#11930,.T.);
#11930 = LINE('',#11931,#11932);
#11931 = CARTESIAN_POINT('',(-4.051859766013,-7.51,0.836445828632));
#11932 = VECTOR('',#11933,1.);
#11933 = DIRECTION('',(-0.,1.,-0.));
#11934 = ORIENTED_EDGE('',*,*,#2420,.F.);
#11935 = B_SPLINE_SURFACE_WITH_KNOTS('',3,1,(
    (#11936,#11937)
    ,(#11938,#11939)
    ,(#11940,#11941)
    ,(#11942,#11943
    )),.UNSPECIFIED.,.F.,.F.,.F.,(4,4),(2,2),(13.,14.),(0.,1.),
  .PIECEWISE_BEZIER_KNOTS.);
#11936 = CARTESIAN_POINT('',(-4.042403167764,-7.51,0.813467178682));
#11937 = CARTESIAN_POINT('',(-4.042403167764,-7.5,0.813467178682));
#11938 = CARTESIAN_POINT('',(-4.048678106789,-7.51,0.818946702899));
#11939 = CARTESIAN_POINT('',(-4.048678106789,-7.5,0.818946702899));
#11940 = CARTESIAN_POINT('',(-4.051859766013,-7.51,0.826547333268));
#11941 = CARTESIAN_POINT('',(-4.051859766013,-7.5,0.826547333268));
#11942 = CARTESIAN_POINT('',(-4.051859766013,-7.51,0.836445828632));
#11943 = CARTESIAN_POINT('',(-4.051859766013,-7.5,0.836445828632));
#11944 = ADVANCED_FACE('',(#11945),#11964,.F.);
#11945 = FACE_BOUND('',#11946,.F.);
#11946 = EDGE_LOOP('',(#11947,#11948,#11957,#11963));
#11947 = ORIENTED_EDGE('',*,*,#11929,.F.);
#11948 = ORIENTED_EDGE('',*,*,#11949,.T.);
#11949 = EDGE_CURVE('',#11921,#11950,#11952,.T.);
#11950 = VERTEX_POINT('',#11951);
#11951 = CARTESIAN_POINT('',(-4.038691232002,-7.51,0.860485031656));
#11952 = B_SPLINE_CURVE_WITH_KNOTS('',3,(#11953,#11954,#11955,#11956),
  .UNSPECIFIED.,.F.,.F.,(4,4),(12.,13.),.PIECEWISE_BEZIER_KNOTS.);
#11953 = CARTESIAN_POINT('',(-4.051859766013,-7.51,0.836445828632));
#11954 = CARTESIAN_POINT('',(-4.051859766013,-7.51,0.846344323993));
#11955 = CARTESIAN_POINT('',(-4.047440794868,-7.51,0.854475230899));
#11956 = CARTESIAN_POINT('',(-4.038691232002,-7.51,0.860485031656));
#11957 = ORIENTED_EDGE('',*,*,#11958,.T.);
#11958 = EDGE_CURVE('',#11950,#2403,#11959,.T.);
#11959 = LINE('',#11960,#11961);
#11960 = CARTESIAN_POINT('',(-4.038691232002,-7.51,0.860485031656));
#11961 = VECTOR('',#11962,1.);
#11962 = DIRECTION('',(-0.,1.,-0.));
#11963 = ORIENTED_EDGE('',*,*,#2411,.F.);
#11964 = B_SPLINE_SURFACE_WITH_KNOTS('',3,1,(
    (#11965,#11966)
    ,(#11967,#11968)
    ,(#11969,#11970)
    ,(#11971,#11972
    )),.UNSPECIFIED.,.F.,.F.,.F.,(4,4),(2,2),(12.,13.),(0.,1.),
  .PIECEWISE_BEZIER_KNOTS.);
#11965 = CARTESIAN_POINT('',(-4.051859766013,-7.51,0.836445828632));
#11966 = CARTESIAN_POINT('',(-4.051859766013,-7.5,0.836445828632));
#11967 = CARTESIAN_POINT('',(-4.051859766013,-7.51,0.846344323993));
#11968 = CARTESIAN_POINT('',(-4.051859766013,-7.5,0.846344323993));
#11969 = CARTESIAN_POINT('',(-4.047440794868,-7.51,0.854475230899));
#11970 = CARTESIAN_POINT('',(-4.047440794868,-7.5,0.854475230899));
#11971 = CARTESIAN_POINT('',(-4.038691232002,-7.51,0.860485031656));
#11972 = CARTESIAN_POINT('',(-4.038691232002,-7.5,0.860485031656));
#11973 = ADVANCED_FACE('',(#11974),#11993,.F.);
#11974 = FACE_BOUND('',#11975,.F.);
#11975 = EDGE_LOOP('',(#11976,#11977,#11986,#11992));
#11976 = ORIENTED_EDGE('',*,*,#11958,.F.);
#11977 = ORIENTED_EDGE('',*,*,#11978,.T.);
#11978 = EDGE_CURVE('',#11950,#11979,#11981,.T.);
#11979 = VERTEX_POINT('',#11980);
#11980 = CARTESIAN_POINT('',(-4.004576774768,-7.51,0.869676491637));
#11981 = B_SPLINE_CURVE_WITH_KNOTS('',3,(#11982,#11983,#11984,#11985),
  .UNSPECIFIED.,.F.,.F.,(4,4),(11.,12.),.PIECEWISE_BEZIER_KNOTS.);
#11982 = CARTESIAN_POINT('',(-4.038691232002,-7.51,0.860485031656));
#11983 = CARTESIAN_POINT('',(-4.029941669137,-7.51,0.866671591258));
#11984 = CARTESIAN_POINT('',(-4.018540723584,-7.51,0.869676491637));
#11985 = CARTESIAN_POINT('',(-4.004576774768,-7.51,0.869676491637));
#11986 = ORIENTED_EDGE('',*,*,#11987,.T.);
#11987 = EDGE_CURVE('',#11979,#2394,#11988,.T.);
#11988 = LINE('',#11989,#11990);
#11989 = CARTESIAN_POINT('',(-4.004576774768,-7.51,0.869676491637));
#11990 = VECTOR('',#11991,1.);
#11991 = DIRECTION('',(-0.,1.,-0.));
#11992 = ORIENTED_EDGE('',*,*,#2402,.F.);
#11993 = B_SPLINE_SURFACE_WITH_KNOTS('',3,1,(
    (#11994,#11995)
    ,(#11996,#11997)
    ,(#11998,#11999)
    ,(#12000,#12001
    )),.UNSPECIFIED.,.F.,.F.,.F.,(4,4),(2,2),(11.,12.),(0.,1.),
  .PIECEWISE_BEZIER_KNOTS.);
#11994 = CARTESIAN_POINT('',(-4.038691232002,-7.51,0.860485031656));
#11995 = CARTESIAN_POINT('',(-4.038691232002,-7.5,0.860485031656));
#11996 = CARTESIAN_POINT('',(-4.029941669137,-7.51,0.866671591258));
#11997 = CARTESIAN_POINT('',(-4.029941669137,-7.5,0.866671591258));
#11998 = CARTESIAN_POINT('',(-4.018540723584,-7.51,0.869676491637));
#11999 = CARTESIAN_POINT('',(-4.018540723584,-7.5,0.869676491637));
#12000 = CARTESIAN_POINT('',(-4.004576774768,-7.51,0.869676491637));
#12001 = CARTESIAN_POINT('',(-4.004576774768,-7.5,0.869676491637));
#12002 = ADVANCED_FACE('',(#12003),#12022,.F.);
#12003 = FACE_BOUND('',#12004,.F.);
#12004 = EDGE_LOOP('',(#12005,#12006,#12015,#12021));
#12005 = ORIENTED_EDGE('',*,*,#11987,.F.);
#12006 = ORIENTED_EDGE('',*,*,#12007,.T.);
#12007 = EDGE_CURVE('',#11979,#12008,#12010,.T.);
#12008 = VERTEX_POINT('',#12009);
#12009 = CARTESIAN_POINT('',(-3.941827384518,-7.51,0.851823848213));
#12010 = B_SPLINE_CURVE_WITH_KNOTS('',3,(#12011,#12012,#12013,#12014),
  .UNSPECIFIED.,.F.,.F.,(4,4),(10.,11.),.PIECEWISE_BEZIER_KNOTS.);
#12011 = CARTESIAN_POINT('',(-4.004576774768,-7.51,0.869676491637));
#12012 = CARTESIAN_POINT('',(-3.981156227703,-7.51,0.869676491637));
#12013 = CARTESIAN_POINT('',(-3.960298683901,-7.51,0.863666690881));
#12014 = CARTESIAN_POINT('',(-3.941827384518,-7.51,0.851823848213));
#12015 = ORIENTED_EDGE('',*,*,#12016,.T.);
#12016 = EDGE_CURVE('',#12008,#2386,#12017,.T.);
#12017 = LINE('',#12018,#12019);
#12018 = CARTESIAN_POINT('',(-3.941827384518,-7.51,0.851823848213));
#12019 = VECTOR('',#12020,1.);
#12020 = DIRECTION('',(-0.,1.,-0.));
#12021 = ORIENTED_EDGE('',*,*,#2393,.F.);
#12022 = B_SPLINE_SURFACE_WITH_KNOTS('',3,1,(
    (#12023,#12024)
    ,(#12025,#12026)
    ,(#12027,#12028)
    ,(#12029,#12030
    )),.UNSPECIFIED.,.F.,.F.,.F.,(4,4),(2,2),(10.,11.),(0.,1.),
  .PIECEWISE_BEZIER_KNOTS.);
#12023 = CARTESIAN_POINT('',(-4.004576774768,-7.51,0.869676491637));
#12024 = CARTESIAN_POINT('',(-4.004576774768,-7.5,0.869676491637));
#12025 = CARTESIAN_POINT('',(-3.981156227703,-7.51,0.869676491637));
#12026 = CARTESIAN_POINT('',(-3.981156227703,-7.5,0.869676491637));
#12027 = CARTESIAN_POINT('',(-3.960298683901,-7.51,0.863666690881));
#12028 = CARTESIAN_POINT('',(-3.960298683901,-7.5,0.863666690881));
#12029 = CARTESIAN_POINT('',(-3.941827384518,-7.51,0.851823848213));
#12030 = CARTESIAN_POINT('',(-3.941827384518,-7.5,0.851823848213));
#12031 = ADVANCED_FACE('',(#12032),#12050,.F.);
#12032 = FACE_BOUND('',#12033,.T.);
#12033 = EDGE_LOOP('',(#12034,#12035,#12043,#12049));
#12034 = ORIENTED_EDGE('',*,*,#2385,.T.);
#12035 = ORIENTED_EDGE('',*,*,#12036,.F.);
#12036 = EDGE_CURVE('',#12037,#2377,#12039,.T.);
#12037 = VERTEX_POINT('',#12038);
#12038 = CARTESIAN_POINT('',(-3.941827384518,-7.51,0.893892453507));
#12039 = LINE('',#12040,#12041);
#12040 = CARTESIAN_POINT('',(-3.941827384518,-7.51,0.893892453507));
#12041 = VECTOR('',#12042,1.);
#12042 = DIRECTION('',(-0.,1.,-0.));
#12043 = ORIENTED_EDGE('',*,*,#12044,.F.);
#12044 = EDGE_CURVE('',#12008,#12037,#12045,.T.);
#12045 = LINE('',#12046,#12047);
#12046 = CARTESIAN_POINT('',(-3.941827384518,-7.51,0.893892453507));
#12047 = VECTOR('',#12048,1.);
#12048 = DIRECTION('',(-0.,-0.,1.));
#12049 = ORIENTED_EDGE('',*,*,#12016,.T.);
#12050 = PLANE('',#12051);
#12051 = AXIS2_PLACEMENT_3D('',#12052,#12053,#12054);
#12052 = CARTESIAN_POINT('',(-3.941827384518,-7.51,0.893892453507));
#12053 = DIRECTION('',(-1.,0.,-0.));
#12054 = DIRECTION('',(0.,0.,1.));
#12055 = ADVANCED_FACE('',(#12056),#12075,.F.);
#12056 = FACE_BOUND('',#12057,.F.);
#12057 = EDGE_LOOP('',(#12058,#12059,#12068,#12074));
#12058 = ORIENTED_EDGE('',*,*,#12036,.F.);
#12059 = ORIENTED_EDGE('',*,*,#12060,.T.);
#12060 = EDGE_CURVE('',#12037,#12061,#12063,.T.);
#12061 = VERTEX_POINT('',#12062);
#12062 = CARTESIAN_POINT('',(-4.00033456247,-7.51,0.904851501946));
#12063 = B_SPLINE_CURVE_WITH_KNOTS('',3,(#12064,#12065,#12066,#12067),
  .UNSPECIFIED.,.F.,.F.,(4,4),(8.,9.),.PIECEWISE_BEZIER_KNOTS.);
#12064 = CARTESIAN_POINT('',(-3.941827384518,-7.51,0.893892453507));
#12065 = CARTESIAN_POINT('',(-3.959856786788,-7.51,0.90131632503));
#12066 = CARTESIAN_POINT('',(-3.979300259823,-7.51,0.904851501946));
#12067 = CARTESIAN_POINT('',(-4.00033456247,-7.51,0.904851501946));
#12068 = ORIENTED_EDGE('',*,*,#12069,.T.);
#12069 = EDGE_CURVE('',#12061,#2368,#12070,.T.);
#12070 = LINE('',#12071,#12072);
#12071 = CARTESIAN_POINT('',(-4.00033456247,-7.51,0.904851501946));
#12072 = VECTOR('',#12073,1.);
#12073 = DIRECTION('',(-0.,1.,-0.));
#12074 = ORIENTED_EDGE('',*,*,#2376,.F.);
#12075 = B_SPLINE_SURFACE_WITH_KNOTS('',3,1,(
    (#12076,#12077)
    ,(#12078,#12079)
    ,(#12080,#12081)
    ,(#12082,#12083
    )),.UNSPECIFIED.,.F.,.F.,.F.,(4,4),(2,2),(8.,9.),(0.,1.),
  .PIECEWISE_BEZIER_KNOTS.);
#12076 = CARTESIAN_POINT('',(-3.941827384518,-7.51,0.893892453507));
#12077 = CARTESIAN_POINT('',(-3.941827384518,-7.5,0.893892453507));
#12078 = CARTESIAN_POINT('',(-3.959856786788,-7.51,0.90131632503));
#12079 = CARTESIAN_POINT('',(-3.959856786788,-7.5,0.90131632503));
#12080 = CARTESIAN_POINT('',(-3.979300259823,-7.51,0.904851501946));
#12081 = CARTESIAN_POINT('',(-3.979300259823,-7.5,0.904851501946));
#12082 = CARTESIAN_POINT('',(-4.00033456247,-7.51,0.904851501946));
#12083 = CARTESIAN_POINT('',(-4.00033456247,-7.5,0.904851501946));
#12084 = ADVANCED_FACE('',(#12085),#12104,.F.);
#12085 = FACE_BOUND('',#12086,.F.);
#12086 = EDGE_LOOP('',(#12087,#12088,#12097,#12103));
#12087 = ORIENTED_EDGE('',*,*,#12069,.F.);
#12088 = ORIENTED_EDGE('',*,*,#12089,.T.);
#12089 = EDGE_CURVE('',#12061,#12090,#12092,.T.);
#12090 = VERTEX_POINT('',#12091);
#12091 = CARTESIAN_POINT('',(-4.068740235784,-7.51,0.885231270064));
#12092 = B_SPLINE_CURVE_WITH_KNOTS('',3,(#12093,#12094,#12095,#12096),
  .UNSPECIFIED.,.F.,.F.,(4,4),(7.,8.),.PIECEWISE_BEZIER_KNOTS.);
#12093 = CARTESIAN_POINT('',(-4.00033456247,-7.51,0.904851501946));
#12094 = CARTESIAN_POINT('',(-4.027378665873,-7.51,0.904851501946));
#12095 = CARTESIAN_POINT('',(-4.050180556978,-7.51,0.898311424653));
#12096 = CARTESIAN_POINT('',(-4.068740235784,-7.51,0.885231270064));
#12097 = ORIENTED_EDGE('',*,*,#12098,.T.);
#12098 = EDGE_CURVE('',#12090,#2359,#12099,.T.);
#12099 = LINE('',#12100,#12101);
#12100 = CARTESIAN_POINT('',(-4.068740235784,-7.51,0.885231270064));
#12101 = VECTOR('',#12102,1.);
#12102 = DIRECTION('',(-0.,1.,-0.));
#12103 = ORIENTED_EDGE('',*,*,#2367,.F.);
#12104 = B_SPLINE_SURFACE_WITH_KNOTS('',3,1,(
    (#12105,#12106)
    ,(#12107,#12108)
    ,(#12109,#12110)
    ,(#12111,#12112
    )),.UNSPECIFIED.,.F.,.F.,.F.,(4,4),(2,2),(7.,8.),(0.,1.),
  .PIECEWISE_BEZIER_KNOTS.);
#12105 = CARTESIAN_POINT('',(-4.00033456247,-7.51,0.904851501946));
#12106 = CARTESIAN_POINT('',(-4.00033456247,-7.5,0.904851501946));
#12107 = CARTESIAN_POINT('',(-4.027378665873,-7.51,0.904851501946));
#12108 = CARTESIAN_POINT('',(-4.027378665873,-7.5,0.904851501946));
#12109 = CARTESIAN_POINT('',(-4.050180556978,-7.51,0.898311424653));
#12110 = CARTESIAN_POINT('',(-4.050180556978,-7.5,0.898311424653));
#12111 = CARTESIAN_POINT('',(-4.068740235784,-7.51,0.885231270064));
#12112 = CARTESIAN_POINT('',(-4.068740235784,-7.5,0.885231270064));
#12113 = ADVANCED_FACE('',(#12114),#12133,.F.);
#12114 = FACE_BOUND('',#12115,.F.);
#12115 = EDGE_LOOP('',(#12116,#12117,#12126,#12132));
#12116 = ORIENTED_EDGE('',*,*,#12098,.F.);
#12117 = ORIENTED_EDGE('',*,*,#12118,.T.);
#12118 = EDGE_CURVE('',#12090,#12119,#12121,.T.);
#12119 = VERTEX_POINT('',#12120);
#12120 = CARTESIAN_POINT('',(-4.096491374571,-7.51,0.832557134025));
#12121 = B_SPLINE_CURVE_WITH_KNOTS('',3,(#12122,#12123,#12124,#12125),
  .UNSPECIFIED.,.F.,.F.,(4,4),(6.,7.),.PIECEWISE_BEZIER_KNOTS.);
#12122 = CARTESIAN_POINT('',(-4.068740235784,-7.51,0.885231270064));
#12123 = CARTESIAN_POINT('',(-4.087211535167,-7.51,0.871974356632));
#12124 = CARTESIAN_POINT('',(-4.096491374571,-7.51,0.854475230899));
#12125 = CARTESIAN_POINT('',(-4.096491374571,-7.51,0.832557134025));
#12126 = ORIENTED_EDGE('',*,*,#12127,.T.);
#12127 = EDGE_CURVE('',#12119,#2350,#12128,.T.);
#12128 = LINE('',#12129,#12130);
#12129 = CARTESIAN_POINT('',(-4.096491374571,-7.51,0.832557134025));
#12130 = VECTOR('',#12131,1.);
#12131 = DIRECTION('',(-0.,1.,-0.));
#12132 = ORIENTED_EDGE('',*,*,#2358,.F.);
#12133 = B_SPLINE_SURFACE_WITH_KNOTS('',3,1,(
    (#12134,#12135)
    ,(#12136,#12137)
    ,(#12138,#12139)
    ,(#12140,#12141
    )),.UNSPECIFIED.,.F.,.F.,.F.,(4,4),(2,2),(6.,7.),(0.,1.),
  .PIECEWISE_BEZIER_KNOTS.);
#12134 = CARTESIAN_POINT('',(-4.068740235784,-7.51,0.885231270064));
#12135 = CARTESIAN_POINT('',(-4.068740235784,-7.5,0.885231270064));
#12136 = CARTESIAN_POINT('',(-4.087211535167,-7.51,0.871974356632));
#12137 = CARTESIAN_POINT('',(-4.087211535167,-7.5,0.871974356632));
#12138 = CARTESIAN_POINT('',(-4.096491374571,-7.51,0.854475230899));
#12139 = CARTESIAN_POINT('',(-4.096491374571,-7.5,0.854475230899));
#12140 = CARTESIAN_POINT('',(-4.096491374571,-7.51,0.832557134025));
#12141 = CARTESIAN_POINT('',(-4.096491374571,-7.5,0.832557134025));
#12142 = ADVANCED_FACE('',(#12143),#12162,.F.);
#12143 = FACE_BOUND('',#12144,.F.);
#12144 = EDGE_LOOP('',(#12145,#12146,#12155,#12161));
#12145 = ORIENTED_EDGE('',*,*,#12127,.F.);
#12146 = ORIENTED_EDGE('',*,*,#12147,.T.);
#12147 = EDGE_CURVE('',#12119,#12148,#12150,.T.);
#12148 = VERTEX_POINT('',#12149);
#12149 = CARTESIAN_POINT('',(-4.084206634789,-7.51,0.793493429108));
#12150 = B_SPLINE_CURVE_WITH_KNOTS('',3,(#12151,#12152,#12153,#12154),
  .UNSPECIFIED.,.F.,.F.,(4,4),(5.,6.),.PIECEWISE_BEZIER_KNOTS.);
#12151 = CARTESIAN_POINT('',(-4.096491374571,-7.51,0.832557134025));
#12152 = CARTESIAN_POINT('',(-4.096491374571,-7.51,0.817355873286));
#12153 = CARTESIAN_POINT('',(-4.092425921118,-7.51,0.8042757187));
#12154 = CARTESIAN_POINT('',(-4.084206634789,-7.51,0.793493429108));
#12155 = ORIENTED_EDGE('',*,*,#12156,.T.);
#12156 = EDGE_CURVE('',#12148,#2341,#12157,.T.);
#12157 = LINE('',#12158,#12159);
#12158 = CARTESIAN_POINT('',(-4.084206634789,-7.51,0.793493429108));
#12159 = VECTOR('',#12160,1.);
#12160 = DIRECTION('',(-0.,1.,-0.));
#12161 = ORIENTED_EDGE('',*,*,#2349,.F.);
#12162 = B_SPLINE_SURFACE_WITH_KNOTS('',3,1,(
    (#12163,#12164)
    ,(#12165,#12166)
    ,(#12167,#12168)
    ,(#12169,#12170
    )),.UNSPECIFIED.,.F.,.F.,.F.,(4,4),(2,2),(5.,6.),(0.,1.),
  .PIECEWISE_BEZIER_KNOTS.);
#12163 = CARTESIAN_POINT('',(-4.096491374571,-7.51,0.832557134025));
#12164 = CARTESIAN_POINT('',(-4.096491374571,-7.5,0.832557134025));
#12165 = CARTESIAN_POINT('',(-4.096491374571,-7.51,0.817355873286));
#12166 = CARTESIAN_POINT('',(-4.096491374571,-7.5,0.817355873286));
#12167 = CARTESIAN_POINT('',(-4.092425921118,-7.51,0.8042757187));
#12168 = CARTESIAN_POINT('',(-4.092425921118,-7.5,0.8042757187));
#12169 = CARTESIAN_POINT('',(-4.084206634789,-7.51,0.793493429108));
#12170 = CARTESIAN_POINT('',(-4.084206634789,-7.5,0.793493429108));
#12171 = ADVANCED_FACE('',(#12172),#12191,.F.);
#12172 = FACE_BOUND('',#12173,.F.);
#12173 = EDGE_LOOP('',(#12174,#12175,#12184,#12190));
#12174 = ORIENTED_EDGE('',*,*,#12156,.F.);
#12175 = ORIENTED_EDGE('',*,*,#12176,.T.);
#12176 = EDGE_CURVE('',#12148,#12177,#12179,.T.);
#12177 = VERTEX_POINT('',#12178);
#12178 = CARTESIAN_POINT('',(-4.030913842788,-7.51,0.76079304264));
#12179 = B_SPLINE_CURVE_WITH_KNOTS('',3,(#12180,#12181,#12182,#12183),
  .UNSPECIFIED.,.F.,.F.,(4,4),(4.,5.),.PIECEWISE_BEZIER_KNOTS.);
#12180 = CARTESIAN_POINT('',(-4.084206634789,-7.51,0.793493429108));
#12181 = CARTESIAN_POINT('',(-4.076075727883,-7.51,0.782711139517));
#12182 = CARTESIAN_POINT('',(-4.058223084461,-7.51,0.771752091077));
#12183 = CARTESIAN_POINT('',(-4.030913842788,-7.51,0.76079304264));
#12184 = ORIENTED_EDGE('',*,*,#12185,.T.);
#12185 = EDGE_CURVE('',#12177,#2332,#12186,.T.);
#12186 = LINE('',#12187,#12188);
#12187 = CARTESIAN_POINT('',(-4.030913842788,-7.51,0.76079304264));
#12188 = VECTOR('',#12189,1.);
#12189 = DIRECTION('',(-0.,1.,-0.));
#12190 = ORIENTED_EDGE('',*,*,#2340,.F.);
#12191 = B_SPLINE_SURFACE_WITH_KNOTS('',3,1,(
    (#12192,#12193)
    ,(#12194,#12195)
    ,(#12196,#12197)
    ,(#12198,#12199
    )),.UNSPECIFIED.,.F.,.F.,.F.,(4,4),(2,2),(4.,5.),(0.,1.),
  .PIECEWISE_BEZIER_KNOTS.);
#12192 = CARTESIAN_POINT('',(-4.084206634789,-7.51,0.793493429108));
#12193 = CARTESIAN_POINT('',(-4.084206634789,-7.5,0.793493429108));
#12194 = CARTESIAN_POINT('',(-4.076075727883,-7.51,0.782711139517));
#12195 = CARTESIAN_POINT('',(-4.076075727883,-7.5,0.782711139517));
#12196 = CARTESIAN_POINT('',(-4.058223084461,-7.51,0.771752091077));
#12197 = CARTESIAN_POINT('',(-4.058223084461,-7.5,0.771752091077));
#12198 = CARTESIAN_POINT('',(-4.030913842788,-7.51,0.76079304264));
#12199 = CARTESIAN_POINT('',(-4.030913842788,-7.5,0.76079304264));
#12200 = ADVANCED_FACE('',(#12201),#12220,.F.);
#12201 = FACE_BOUND('',#12202,.F.);
#12202 = EDGE_LOOP('',(#12203,#12204,#12213,#12219));
#12203 = ORIENTED_EDGE('',*,*,#12185,.F.);
#12204 = ORIENTED_EDGE('',*,*,#12205,.T.);
#12205 = EDGE_CURVE('',#12177,#12206,#12208,.T.);
#12206 = VERTEX_POINT('',#12207);
#12207 = CARTESIAN_POINT('',(-3.985575198848,-7.51,0.738698186917));
#12208 = B_SPLINE_CURVE_WITH_KNOTS('',3,(#12209,#12210,#12211,#12212),
  .UNSPECIFIED.,.F.,.F.,(4,4),(3.,4.),.PIECEWISE_BEZIER_KNOTS.);
#12209 = CARTESIAN_POINT('',(-4.030913842788,-7.51,0.76079304264));
#12210 = CARTESIAN_POINT('',(-4.008111951683,-7.51,0.752308618043));
#12211 = CARTESIAN_POINT('',(-3.99299907037,-7.51,0.744884746519));
#12212 = CARTESIAN_POINT('',(-3.985575198848,-7.51,0.738698186917));
#12213 = ORIENTED_EDGE('',*,*,#12214,.T.);
#12214 = EDGE_CURVE('',#12206,#2323,#12215,.T.);
#12215 = LINE('',#12216,#12217);
#12216 = CARTESIAN_POINT('',(-3.985575198848,-7.51,0.738698186917));
#12217 = VECTOR('',#12218,1.);
#12218 = DIRECTION('',(-0.,1.,-0.));
#12219 = ORIENTED_EDGE('',*,*,#2331,.F.);
#12220 = B_SPLINE_SURFACE_WITH_KNOTS('',3,1,(
    (#12221,#12222)
    ,(#12223,#12224)
    ,(#12225,#12226)
    ,(#12227,#12228
    )),.UNSPECIFIED.,.F.,.F.,.F.,(4,4),(2,2),(3.,4.),(0.,1.),
  .PIECEWISE_BEZIER_KNOTS.);
#12221 = CARTESIAN_POINT('',(-4.030913842788,-7.51,0.76079304264));
#12222 = CARTESIAN_POINT('',(-4.030913842788,-7.5,0.76079304264));
#12223 = CARTESIAN_POINT('',(-4.008111951683,-7.51,0.752308618043));
#12224 = CARTESIAN_POINT('',(-4.008111951683,-7.5,0.752308618043));
#12225 = CARTESIAN_POINT('',(-3.99299907037,-7.51,0.744884746519));
#12226 = CARTESIAN_POINT('',(-3.99299907037,-7.5,0.744884746519));
#12227 = CARTESIAN_POINT('',(-3.985575198848,-7.51,0.738698186917));
#12228 = CARTESIAN_POINT('',(-3.985575198848,-7.5,0.738698186917));
#12229 = ADVANCED_FACE('',(#12230),#12249,.F.);
#12230 = FACE_BOUND('',#12231,.F.);
#12231 = EDGE_LOOP('',(#12232,#12233,#12242,#12248));
#12232 = ORIENTED_EDGE('',*,*,#12214,.F.);
#12233 = ORIENTED_EDGE('',*,*,#12234,.T.);
#12234 = EDGE_CURVE('',#12206,#12235,#12237,.T.);
#12235 = VERTEX_POINT('',#12236);
#12236 = CARTESIAN_POINT('',(-3.974439391564,-7.51,0.71518926043));
#12237 = B_SPLINE_CURVE_WITH_KNOTS('',3,(#12238,#12239,#12240,#12241),
  .UNSPECIFIED.,.F.,.F.,(4,4),(2.,3.),.PIECEWISE_BEZIER_KNOTS.);
#12238 = CARTESIAN_POINT('',(-3.985575198848,-7.51,0.738698186917));
#12239 = CARTESIAN_POINT('',(-3.978151327324,-7.51,0.732511627315));
#12240 = CARTESIAN_POINT('',(-3.974439391564,-7.51,0.724734238103));
#12241 = CARTESIAN_POINT('',(-3.974439391564,-7.51,0.71518926043));
#12242 = ORIENTED_EDGE('',*,*,#12243,.T.);
#12243 = EDGE_CURVE('',#12235,#2314,#12244,.T.);
#12244 = LINE('',#12245,#12246);
#12245 = CARTESIAN_POINT('',(-3.974439391564,-7.51,0.71518926043));
#12246 = VECTOR('',#12247,1.);
#12247 = DIRECTION('',(-0.,1.,-0.));
#12248 = ORIENTED_EDGE('',*,*,#2322,.F.);
#12249 = B_SPLINE_SURFACE_WITH_KNOTS('',3,1,(
    (#12250,#12251)
    ,(#12252,#12253)
    ,(#12254,#12255)
    ,(#12256,#12257
    )),.UNSPECIFIED.,.F.,.F.,.F.,(4,4),(2,2),(2.,3.),(0.,1.),
  .PIECEWISE_BEZIER_KNOTS.);
#12250 = CARTESIAN_POINT('',(-3.985575198848,-7.51,0.738698186917));
#12251 = CARTESIAN_POINT('',(-3.985575198848,-7.5,0.738698186917));
#12252 = CARTESIAN_POINT('',(-3.978151327324,-7.51,0.732511627315));
#12253 = CARTESIAN_POINT('',(-3.978151327324,-7.5,0.732511627315));
#12254 = CARTESIAN_POINT('',(-3.974439391564,-7.51,0.724734238103));
#12255 = CARTESIAN_POINT('',(-3.974439391564,-7.5,0.724734238103));
#12256 = CARTESIAN_POINT('',(-3.974439391564,-7.51,0.71518926043));
#12257 = CARTESIAN_POINT('',(-3.974439391564,-7.5,0.71518926043));
#12258 = ADVANCED_FACE('',(#12259),#12271,.F.);
#12259 = FACE_BOUND('',#12260,.F.);
#12260 = EDGE_LOOP('',(#12261,#12262,#12269,#12270));
#12261 = ORIENTED_EDGE('',*,*,#12243,.F.);
#12262 = ORIENTED_EDGE('',*,*,#12263,.T.);
#12263 = EDGE_CURVE('',#12235,#11686,#12264,.T.);
#12264 = B_SPLINE_CURVE_WITH_KNOTS('',3,(#12265,#12266,#12267,#12268),
  .UNSPECIFIED.,.F.,.F.,(4,4),(1.,2.),.PIECEWISE_BEZIER_KNOTS.);
#12265 = CARTESIAN_POINT('',(-3.974439391564,-7.51,0.71518926043));
#12266 = CARTESIAN_POINT('',(-3.974439391564,-7.51,0.692917645862));
#12267 = CARTESIAN_POINT('',(-3.99149662018,-7.51,0.681781838579));
#12268 = CARTESIAN_POINT('',(-4.025522697992,-7.51,0.681781838579));
#12269 = ORIENTED_EDGE('',*,*,#11685,.T.);
#12270 = ORIENTED_EDGE('',*,*,#2313,.F.);
#12271 = B_SPLINE_SURFACE_WITH_KNOTS('',3,1,(
    (#12272,#12273)
    ,(#12274,#12275)
    ,(#12276,#12277)
    ,(#12278,#12279
    )),.UNSPECIFIED.,.F.,.F.,.F.,(4,4),(2,2),(1.,2.),(0.,1.),
  .PIECEWISE_BEZIER_KNOTS.);
#12272 = CARTESIAN_POINT('',(-3.974439391564,-7.51,0.71518926043));
#12273 = CARTESIAN_POINT('',(-3.974439391564,-7.5,0.71518926043));
#12274 = CARTESIAN_POINT('',(-3.974439391564,-7.51,0.692917645862));
#12275 = CARTESIAN_POINT('',(-3.974439391564,-7.5,0.692917645862));
#12276 = CARTESIAN_POINT('',(-3.99149662018,-7.51,0.681781838579));
#12277 = CARTESIAN_POINT('',(-3.99149662018,-7.5,0.681781838579));
#12278 = CARTESIAN_POINT('',(-4.025522697992,-7.51,0.681781838579));
#12279 = CARTESIAN_POINT('',(-4.025522697992,-7.5,0.681781838579));
#12280 = ADVANCED_FACE('',(#12281),#12304,.F.);
#12281 = FACE_BOUND('',#12282,.T.);
#12282 = EDGE_LOOP('',(#12283,#12284,#12285,#12286,#12287,#12288,#12289,
    #12290,#12291,#12292,#12293,#12294,#12295,#12296,#12297,#12298,
    #12299,#12300,#12301,#12302,#12303));
#12283 = ORIENTED_EDGE('',*,*,#11693,.T.);
#12284 = ORIENTED_EDGE('',*,*,#11730,.T.);
#12285 = ORIENTED_EDGE('',*,*,#11746,.T.);
#12286 = ORIENTED_EDGE('',*,*,#11775,.T.);
#12287 = ORIENTED_EDGE('',*,*,#11804,.T.);
#12288 = ORIENTED_EDGE('',*,*,#11833,.T.);
#12289 = ORIENTED_EDGE('',*,*,#11862,.T.);
#12290 = ORIENTED_EDGE('',*,*,#11891,.T.);
#12291 = ORIENTED_EDGE('',*,*,#11920,.T.);
#12292 = ORIENTED_EDGE('',*,*,#11949,.T.);
#12293 = ORIENTED_EDGE('',*,*,#11978,.T.);
#12294 = ORIENTED_EDGE('',*,*,#12007,.T.);
#12295 = ORIENTED_EDGE('',*,*,#12044,.T.);
#12296 = ORIENTED_EDGE('',*,*,#12060,.T.);
#12297 = ORIENTED_EDGE('',*,*,#12089,.T.);
#12298 = ORIENTED_EDGE('',*,*,#12118,.T.);
#12299 = ORIENTED_EDGE('',*,*,#12147,.T.);
#12300 = ORIENTED_EDGE('',*,*,#12176,.T.);
#12301 = ORIENTED_EDGE('',*,*,#12205,.T.);
#12302 = ORIENTED_EDGE('',*,*,#12234,.T.);
#12303 = ORIENTED_EDGE('',*,*,#12263,.T.);
#12304 = PLANE('',#12305);
#12305 = AXIS2_PLACEMENT_3D('',#12306,#12307,#12308);
#12306 = CARTESIAN_POINT('',(-4.062399012192,-7.51,0.687747449624));
#12307 = DIRECTION('',(0.,1.,0.));
#12308 = DIRECTION('',(0.,-0.,1.));
#12309 = ADVANCED_FACE('',(#12310),#12335,.F.);
#12310 = FACE_BOUND('',#12311,.T.);
#12311 = EDGE_LOOP('',(#12312,#12313,#12321,#12329));
#12312 = ORIENTED_EDGE('',*,*,#1487,.T.);
#12313 = ORIENTED_EDGE('',*,*,#12314,.F.);
#12314 = EDGE_CURVE('',#12315,#1490,#12317,.T.);
#12315 = VERTEX_POINT('',#12316);
#12316 = CARTESIAN_POINT('',(-3.715310923658,-7.51,0.899195218881));
#12317 = LINE('',#12318,#12319);
#12318 = CARTESIAN_POINT('',(-3.715310923658,-7.51,0.899195218881));
#12319 = VECTOR('',#12320,1.);
#12320 = DIRECTION('',(-0.,1.,-0.));
#12321 = ORIENTED_EDGE('',*,*,#12322,.F.);
#12322 = EDGE_CURVE('',#12323,#12315,#12325,.T.);
#12323 = VERTEX_POINT('',#12324);
#12324 = CARTESIAN_POINT('',(-3.670414176833,-7.51,0.899195218881));
#12325 = LINE('',#12326,#12327);
#12326 = CARTESIAN_POINT('',(-3.715310923658,-7.51,0.899195218881));
#12327 = VECTOR('',#12328,1.);
#12328 = DIRECTION('',(-1.,-0.,-0.));
#12329 = ORIENTED_EDGE('',*,*,#12330,.T.);
#12330 = EDGE_CURVE('',#12323,#1488,#12331,.T.);
#12331 = LINE('',#12332,#12333);
#12332 = CARTESIAN_POINT('',(-3.670414176833,-7.51,0.899195218881));
#12333 = VECTOR('',#12334,1.);
#12334 = DIRECTION('',(-0.,1.,-0.));
#12335 = PLANE('',#12336);
#12336 = AXIS2_PLACEMENT_3D('',#12337,#12338,#12339);
#12337 = CARTESIAN_POINT('',(-3.715310923658,-7.51,0.899195218881));
#12338 = DIRECTION('',(0.,0.,-1.));
#12339 = DIRECTION('',(-1.,0.,-0.));
#12340 = ADVANCED_FACE('',(#12341),#12359,.F.);
#12341 = FACE_BOUND('',#12342,.T.);
#12342 = EDGE_LOOP('',(#12343,#12344,#12352,#12358));
#12343 = ORIENTED_EDGE('',*,*,#1606,.T.);
#12344 = ORIENTED_EDGE('',*,*,#12345,.F.);
#12345 = EDGE_CURVE('',#12346,#1598,#12348,.T.);
#12346 = VERTEX_POINT('',#12347);
#12347 = CARTESIAN_POINT('',(-3.782744423321,-7.51,0.713244913126));
#12348 = LINE('',#12349,#12350);
#12349 = CARTESIAN_POINT('',(-3.782744423321,-7.51,0.713244913126));
#12350 = VECTOR('',#12351,1.);
#12351 = DIRECTION('',(-0.,1.,-0.));
#12352 = ORIENTED_EDGE('',*,*,#12353,.F.);
#12353 = EDGE_CURVE('',#12315,#12346,#12354,.T.);
#12354 = LINE('',#12355,#12356);
#12355 = CARTESIAN_POINT('',(-3.782744423321,-7.51,0.713244913126));
#12356 = VECTOR('',#12357,1.);
#12357 = DIRECTION('',(-0.340917796219,-0.,-0.9400931104));
#12358 = ORIENTED_EDGE('',*,*,#12314,.T.);
#12359 = PLANE('',#12360);
#12360 = AXIS2_PLACEMENT_3D('',#12361,#12362,#12363);
#12361 = CARTESIAN_POINT('',(-3.782744423321,-7.51,0.713244913126));
#12362 = DIRECTION('',(0.9400931104,0.,-0.340917796219));
#12363 = DIRECTION('',(-0.340917796219,0.,-0.9400931104));
#12364 = ADVANCED_FACE('',(#12365),#12384,.F.);
#12365 = FACE_BOUND('',#12366,.F.);
#12366 = EDGE_LOOP('',(#12367,#12368,#12377,#12383));
#12367 = ORIENTED_EDGE('',*,*,#12345,.F.);
#12368 = ORIENTED_EDGE('',*,*,#12369,.T.);
#12369 = EDGE_CURVE('',#12346,#12370,#12372,.T.);
#12370 = VERTEX_POINT('',#12371);
#12371 = CARTESIAN_POINT('',(-3.788047188696,-7.51,0.693271163553));
#12372 = B_SPLINE_CURVE_WITH_KNOTS('',3,(#12373,#12374,#12375,#12376),
  .UNSPECIFIED.,.F.,.F.,(4,4),(12.,13.),.PIECEWISE_BEZIER_KNOTS.);
#12373 = CARTESIAN_POINT('',(-3.782744423321,-7.51,0.713244913126));
#12374 = CARTESIAN_POINT('',(-3.785395806007,-7.51,0.704583729684));
#12375 = CARTESIAN_POINT('',(-3.787163394468,-7.51,0.697866893545));
#12376 = CARTESIAN_POINT('',(-3.788047188696,-7.51,0.693271163553));
#12377 = ORIENTED_EDGE('',*,*,#12378,.T.);
#12378 = EDGE_CURVE('',#12370,#1590,#12379,.T.);
#12379 = LINE('',#12380,#12381);
#12380 = CARTESIAN_POINT('',(-3.788047188696,-7.51,0.693271163553));
#12381 = VECTOR('',#12382,1.);
#12382 = DIRECTION('',(-0.,1.,-0.));
#12383 = ORIENTED_EDGE('',*,*,#1597,.F.);
#12384 = B_SPLINE_SURFACE_WITH_KNOTS('',3,1,(
    (#12385,#12386)
    ,(#12387,#12388)
    ,(#12389,#12390)
    ,(#12391,#12392
    )),.UNSPECIFIED.,.F.,.F.,.F.,(4,4),(2,2),(12.,13.),(0.,1.),
  .PIECEWISE_BEZIER_KNOTS.);
#12385 = CARTESIAN_POINT('',(-3.782744423321,-7.51,0.713244913126));
#12386 = CARTESIAN_POINT('',(-3.782744423321,-7.5,0.713244913126));
#12387 = CARTESIAN_POINT('',(-3.785395806007,-7.51,0.704583729684));
#12388 = CARTESIAN_POINT('',(-3.785395806007,-7.5,0.704583729684));
#12389 = CARTESIAN_POINT('',(-3.787163394468,-7.51,0.697866893545));
#12390 = CARTESIAN_POINT('',(-3.787163394468,-7.5,0.697866893545));
#12391 = CARTESIAN_POINT('',(-3.788047188696,-7.51,0.693271163553));
#12392 = CARTESIAN_POINT('',(-3.788047188696,-7.5,0.693271163553));
#12393 = ADVANCED_FACE('',(#12394),#12412,.F.);
#12394 = FACE_BOUND('',#12395,.T.);
#12395 = EDGE_LOOP('',(#12396,#12397,#12405,#12411));
#12396 = ORIENTED_EDGE('',*,*,#1589,.T.);
#12397 = ORIENTED_EDGE('',*,*,#12398,.F.);
#12398 = EDGE_CURVE('',#12399,#1582,#12401,.T.);
#12399 = VERTEX_POINT('',#12400);
#12400 = CARTESIAN_POINT('',(-3.789196121192,-7.51,0.693271163553));
#12401 = LINE('',#12402,#12403);
#12402 = CARTESIAN_POINT('',(-3.789196121192,-7.51,0.693271163553));
#12403 = VECTOR('',#12404,1.);
#12404 = DIRECTION('',(-0.,1.,-0.));
#12405 = ORIENTED_EDGE('',*,*,#12406,.F.);
#12406 = EDGE_CURVE('',#12370,#12399,#12407,.T.);
#12407 = LINE('',#12408,#12409);
#12408 = CARTESIAN_POINT('',(-3.789196121192,-7.51,0.693271163553));
#12409 = VECTOR('',#12410,1.);
#12410 = DIRECTION('',(-1.,-0.,-0.));
#12411 = ORIENTED_EDGE('',*,*,#12378,.T.);
#12412 = PLANE('',#12413);
#12413 = AXIS2_PLACEMENT_3D('',#12414,#12415,#12416);
#12414 = CARTESIAN_POINT('',(-3.789196121192,-7.51,0.693271163553));
#12415 = DIRECTION('',(0.,0.,-1.));
#12416 = DIRECTION('',(-1.,0.,-0.));
#12417 = ADVANCED_FACE('',(#12418),#12436,.F.);
#12418 = FACE_BOUND('',#12419,.T.);
#12419 = EDGE_LOOP('',(#12420,#12421,#12429,#12435));
#12420 = ORIENTED_EDGE('',*,*,#1581,.T.);
#12421 = ORIENTED_EDGE('',*,*,#12422,.F.);
#12422 = EDGE_CURVE('',#12423,#1574,#12425,.T.);
#12423 = VERTEX_POINT('',#12424);
#12424 = CARTESIAN_POINT('',(-3.794498886566,-7.51,0.713598430818));
#12425 = LINE('',#12426,#12427);
#12426 = CARTESIAN_POINT('',(-3.794498886566,-7.51,0.713598430818));
#12427 = VECTOR('',#12428,1.);
#12428 = DIRECTION('',(-0.,1.,-0.));
#12429 = ORIENTED_EDGE('',*,*,#12430,.F.);
#12430 = EDGE_CURVE('',#12399,#12423,#12431,.T.);
#12431 = LINE('',#12432,#12433);
#12432 = CARTESIAN_POINT('',(-3.794498886566,-7.51,0.713598430818));
#12433 = VECTOR('',#12434,1.);
#12434 = DIRECTION('',(-0.252421897188,-0.,0.967617272386));
#12435 = ORIENTED_EDGE('',*,*,#12398,.T.);
#12436 = PLANE('',#12437);
#12437 = AXIS2_PLACEMENT_3D('',#12438,#12439,#12440);
#12438 = CARTESIAN_POINT('',(-3.794498886566,-7.51,0.713598430818));
#12439 = DIRECTION('',(-0.967617272386,0.,-0.252421897188));
#12440 = DIRECTION('',(-0.252421897188,0.,0.967617272386));
#12441 = ADVANCED_FACE('',(#12442),#12460,.F.);
#12442 = FACE_BOUND('',#12443,.T.);
#12443 = EDGE_LOOP('',(#12444,#12445,#12453,#12459));
#12444 = ORIENTED_EDGE('',*,*,#1573,.T.);
#12445 = ORIENTED_EDGE('',*,*,#12446,.F.);
#12446 = EDGE_CURVE('',#12447,#1566,#12449,.T.);
#12447 = VERTEX_POINT('',#12448);
#12448 = CARTESIAN_POINT('',(-3.859015865273,-7.51,0.899195218881));
#12449 = LINE('',#12450,#12451);
#12450 = CARTESIAN_POINT('',(-3.859015865273,-7.51,0.899195218881));
#12451 = VECTOR('',#12452,1.);
#12452 = DIRECTION('',(-0.,1.,-0.));
#12453 = ORIENTED_EDGE('',*,*,#12454,.F.);
#12454 = EDGE_CURVE('',#12423,#12447,#12455,.T.);
#12455 = LINE('',#12456,#12457);
#12456 = CARTESIAN_POINT('',(-3.859015865273,-7.51,0.899195218881));
#12457 = VECTOR('',#12458,1.);
#12458 = DIRECTION('',(-0.328346164813,-0.,0.944557460429));
#12459 = ORIENTED_EDGE('',*,*,#12422,.T.);
#12460 = PLANE('',#12461);
#12461 = AXIS2_PLACEMENT_3D('',#12462,#12463,#12464);
#12462 = CARTESIAN_POINT('',(-3.859015865273,-7.51,0.899195218881));
#12463 = DIRECTION('',(-0.944557460429,0.,-0.328346164813));
#12464 = DIRECTION('',(-0.328346164813,0.,0.944557460429));
#12465 = ADVANCED_FACE('',(#12466),#12484,.F.);
#12466 = FACE_BOUND('',#12467,.T.);
#12467 = EDGE_LOOP('',(#12468,#12469,#12477,#12483));
#12468 = ORIENTED_EDGE('',*,*,#1565,.T.);
#12469 = ORIENTED_EDGE('',*,*,#12470,.F.);
#12470 = EDGE_CURVE('',#12471,#1558,#12473,.T.);
#12471 = VERTEX_POINT('',#12472);
#12472 = CARTESIAN_POINT('',(-3.907447789015,-7.51,0.899195218881));
#12473 = LINE('',#12474,#12475);
#12474 = CARTESIAN_POINT('',(-3.907447789015,-7.51,0.899195218881));
#12475 = VECTOR('',#12476,1.);
#12476 = DIRECTION('',(-0.,1.,-0.));
#12477 = ORIENTED_EDGE('',*,*,#12478,.F.);
#12478 = EDGE_CURVE('',#12447,#12471,#12479,.T.);
#12479 = LINE('',#12480,#12481);
#12480 = CARTESIAN_POINT('',(-3.907447789015,-7.51,0.899195218881));
#12481 = VECTOR('',#12482,1.);
#12482 = DIRECTION('',(-1.,-0.,-0.));
#12483 = ORIENTED_EDGE('',*,*,#12446,.T.);
#12484 = PLANE('',#12485);
#12485 = AXIS2_PLACEMENT_3D('',#12486,#12487,#12488);
#12486 = CARTESIAN_POINT('',(-3.907447789015,-7.51,0.899195218881));
#12487 = DIRECTION('',(0.,0.,-1.));
#12488 = DIRECTION('',(-1.,0.,-0.));
#12489 = ADVANCED_FACE('',(#12490),#12508,.F.);
#12490 = FACE_BOUND('',#12491,.T.);
#12491 = EDGE_LOOP('',(#12492,#12493,#12501,#12507));
#12492 = ORIENTED_EDGE('',*,*,#1557,.T.);
#12493 = ORIENTED_EDGE('',*,*,#12494,.F.);
#12494 = EDGE_CURVE('',#12495,#1550,#12497,.T.);
#12495 = VERTEX_POINT('',#12496);
#12496 = CARTESIAN_POINT('',(-3.810583941531,-7.51,0.652793387872));
#12497 = LINE('',#12498,#12499);
#12498 = CARTESIAN_POINT('',(-3.810583941531,-7.51,0.652793387872));
#12499 = VECTOR('',#12500,1.);
#12500 = DIRECTION('',(-0.,1.,-0.));
#12501 = ORIENTED_EDGE('',*,*,#12502,.F.);
#12502 = EDGE_CURVE('',#12471,#12495,#12503,.T.);
#12503 = LINE('',#12504,#12505);
#12504 = CARTESIAN_POINT('',(-3.810583941531,-7.51,0.652793387872));
#12505 = VECTOR('',#12506,1.);
#12506 = DIRECTION('',(0.365858921669,-0.,-0.930670322636));
#12507 = ORIENTED_EDGE('',*,*,#12470,.T.);
#12508 = PLANE('',#12509);
#12509 = AXIS2_PLACEMENT_3D('',#12510,#12511,#12512);
#12510 = CARTESIAN_POINT('',(-3.810583941531,-7.51,0.652793387872));
#12511 = DIRECTION('',(0.930670322636,0.,0.365858921669));
#12512 = DIRECTION('',(0.365858921669,0.,-0.930670322636));
#12513 = ADVANCED_FACE('',(#12514),#12532,.F.);
#12514 = FACE_BOUND('',#12515,.T.);
#12515 = EDGE_LOOP('',(#12516,#12517,#12525,#12531));
#12516 = ORIENTED_EDGE('',*,*,#1549,.T.);
#12517 = ORIENTED_EDGE('',*,*,#12518,.F.);
#12518 = EDGE_CURVE('',#12519,#1541,#12521,.T.);
#12519 = VERTEX_POINT('',#12520);
#12520 = CARTESIAN_POINT('',(-3.829585517452,-7.51,0.607896641045));
#12521 = LINE('',#12522,#12523);
#12522 = CARTESIAN_POINT('',(-3.829585517452,-7.51,0.607896641045));
#12523 = VECTOR('',#12524,1.);
#12524 = DIRECTION('',(-0.,1.,-0.));
#12525 = ORIENTED_EDGE('',*,*,#12526,.F.);
#12526 = EDGE_CURVE('',#12495,#12519,#12527,.T.);
#12527 = LINE('',#12528,#12529);
#12528 = CARTESIAN_POINT('',(-3.829585517452,-7.51,0.607896641045));
#12529 = VECTOR('',#12530,1.);
#12530 = DIRECTION('',(-0.389758265065,-0.,-0.920917203017));
#12531 = ORIENTED_EDGE('',*,*,#12494,.T.);
#12532 = PLANE('',#12533);
#12533 = AXIS2_PLACEMENT_3D('',#12534,#12535,#12536);
#12534 = CARTESIAN_POINT('',(-3.829585517452,-7.51,0.607896641045));
#12535 = DIRECTION('',(0.920917203017,0.,-0.389758265065));
#12536 = DIRECTION('',(-0.389758265065,0.,-0.920917203017));
#12537 = ADVANCED_FACE('',(#12538),#12557,.F.);
#12538 = FACE_BOUND('',#12539,.F.);
#12539 = EDGE_LOOP('',(#12540,#12541,#12550,#12556));
#12540 = ORIENTED_EDGE('',*,*,#12518,.F.);
#12541 = ORIENTED_EDGE('',*,*,#12542,.T.);
#12542 = EDGE_CURVE('',#12519,#12543,#12545,.T.);
#12543 = VERTEX_POINT('',#12544);
#12544 = CARTESIAN_POINT('',(-3.873951987742,-7.51,0.573075148427));
#12545 = B_SPLINE_CURVE_WITH_KNOTS('',3,(#12546,#12547,#12548,#12549),
  .UNSPECIFIED.,.F.,.F.,(4,4),(5.,6.),.PIECEWISE_BEZIER_KNOTS.);
#12546 = CARTESIAN_POINT('',(-3.829585517452,-7.51,0.607896641045));
#12547 = CARTESIAN_POINT('',(-3.839395633392,-7.51,0.584564473404));
#12548 = CARTESIAN_POINT('',(-3.854154997014,-7.51,0.573075148427));
#12549 = CARTESIAN_POINT('',(-3.873951987742,-7.51,0.573075148427));
#12550 = ORIENTED_EDGE('',*,*,#12551,.T.);
#12551 = EDGE_CURVE('',#12543,#1532,#12552,.T.);
#12552 = LINE('',#12553,#12554);
#12553 = CARTESIAN_POINT('',(-3.873951987742,-7.51,0.573075148427));
#12554 = VECTOR('',#12555,1.);
#12555 = DIRECTION('',(-0.,1.,-0.));
#12556 = ORIENTED_EDGE('',*,*,#1540,.F.);
#12557 = B_SPLINE_SURFACE_WITH_KNOTS('',3,1,(
    (#12558,#12559)
    ,(#12560,#12561)
    ,(#12562,#12563)
    ,(#12564,#12565
    )),.UNSPECIFIED.,.F.,.F.,.F.,(4,4),(2,2),(5.,6.),(0.,1.),
  .PIECEWISE_BEZIER_KNOTS.);
#12558 = CARTESIAN_POINT('',(-3.829585517452,-7.51,0.607896641045));
#12559 = CARTESIAN_POINT('',(-3.829585517452,-7.5,0.607896641045));
#12560 = CARTESIAN_POINT('',(-3.839395633392,-7.51,0.584564473404));
#12561 = CARTESIAN_POINT('',(-3.839395633392,-7.5,0.584564473404));
#12562 = CARTESIAN_POINT('',(-3.854154997014,-7.51,0.573075148427));
#12563 = CARTESIAN_POINT('',(-3.854154997014,-7.5,0.573075148427));
#12564 = CARTESIAN_POINT('',(-3.873951987742,-7.51,0.573075148427));
#12565 = CARTESIAN_POINT('',(-3.873951987742,-7.5,0.573075148427));
#12566 = ADVANCED_FACE('',(#12567),#12586,.F.);
#12567 = FACE_BOUND('',#12568,.F.);
#12568 = EDGE_LOOP('',(#12569,#12570,#12579,#12585));
#12569 = ORIENTED_EDGE('',*,*,#12551,.F.);
#12570 = ORIENTED_EDGE('',*,*,#12571,.T.);
#12571 = EDGE_CURVE('',#12543,#12572,#12574,.T.);
#12572 = VERTEX_POINT('',#12573);
#12573 = CARTESIAN_POINT('',(-3.898521467303,-7.51,0.57802439611));
#12574 = B_SPLINE_CURVE_WITH_KNOTS('',3,(#12575,#12576,#12577,#12578),
  .UNSPECIFIED.,.F.,.F.,(4,4),(4.,5.),.PIECEWISE_BEZIER_KNOTS.);
#12575 = CARTESIAN_POINT('',(-3.873951987742,-7.51,0.573075148427));
#12576 = CARTESIAN_POINT('',(-3.881906135801,-7.51,0.573075148427));
#12577 = CARTESIAN_POINT('',(-3.890037042706,-7.51,0.57466597804));
#12578 = CARTESIAN_POINT('',(-3.898521467303,-7.51,0.57802439611));
#12579 = ORIENTED_EDGE('',*,*,#12580,.T.);
#12580 = EDGE_CURVE('',#12572,#1524,#12581,.T.);
#12581 = LINE('',#12582,#12583);
#12582 = CARTESIAN_POINT('',(-3.898521467303,-7.51,0.57802439611));
#12583 = VECTOR('',#12584,1.);
#12584 = DIRECTION('',(-0.,1.,-0.));
#12585 = ORIENTED_EDGE('',*,*,#1531,.F.);
#12586 = B_SPLINE_SURFACE_WITH_KNOTS('',3,1,(
    (#12587,#12588)
    ,(#12589,#12590)
    ,(#12591,#12592)
    ,(#12593,#12594
    )),.UNSPECIFIED.,.F.,.F.,.F.,(4,4),(2,2),(4.,5.),(0.,1.),
  .PIECEWISE_BEZIER_KNOTS.);
#12587 = CARTESIAN_POINT('',(-3.873951987742,-7.51,0.573075148427));
#12588 = CARTESIAN_POINT('',(-3.873951987742,-7.5,0.573075148427));
#12589 = CARTESIAN_POINT('',(-3.881906135801,-7.51,0.573075148427));
#12590 = CARTESIAN_POINT('',(-3.881906135801,-7.5,0.573075148427));
#12591 = CARTESIAN_POINT('',(-3.890037042706,-7.51,0.57466597804));
#12592 = CARTESIAN_POINT('',(-3.890037042706,-7.5,0.57466597804));
#12593 = CARTESIAN_POINT('',(-3.898521467303,-7.51,0.57802439611));
#12594 = CARTESIAN_POINT('',(-3.898521467303,-7.5,0.57802439611));
#12595 = ADVANCED_FACE('',(#12596),#12614,.F.);
#12596 = FACE_BOUND('',#12597,.T.);
#12597 = EDGE_LOOP('',(#12598,#12599,#12607,#12613));
#12598 = ORIENTED_EDGE('',*,*,#1523,.T.);
#12599 = ORIENTED_EDGE('',*,*,#12600,.F.);
#12600 = EDGE_CURVE('',#12601,#1515,#12603,.T.);
#12601 = VERTEX_POINT('',#12602);
#12602 = CARTESIAN_POINT('',(-3.898521467303,-7.51,0.539490967731));
#12603 = LINE('',#12604,#12605);
#12604 = CARTESIAN_POINT('',(-3.898521467303,-7.51,0.539490967731));
#12605 = VECTOR('',#12606,1.);
#12606 = DIRECTION('',(-0.,1.,-0.));
#12607 = ORIENTED_EDGE('',*,*,#12608,.F.);
#12608 = EDGE_CURVE('',#12572,#12601,#12609,.T.);
#12609 = LINE('',#12610,#12611);
#12610 = CARTESIAN_POINT('',(-3.898521467303,-7.51,0.539490967731));
#12611 = VECTOR('',#12612,1.);
#12612 = DIRECTION('',(-0.,-0.,-1.));
#12613 = ORIENTED_EDGE('',*,*,#12580,.T.);
#12614 = PLANE('',#12615);
#12615 = AXIS2_PLACEMENT_3D('',#12616,#12617,#12618);
#12616 = CARTESIAN_POINT('',(-3.898521467303,-7.51,0.539490967731));
#12617 = DIRECTION('',(1.,0.,-0.));
#12618 = DIRECTION('',(-0.,0.,-1.));
#12619 = ADVANCED_FACE('',(#12620),#12639,.F.);
#12620 = FACE_BOUND('',#12621,.F.);
#12621 = EDGE_LOOP('',(#12622,#12623,#12632,#12638));
#12622 = ORIENTED_EDGE('',*,*,#12600,.F.);
#12623 = ORIENTED_EDGE('',*,*,#12624,.T.);
#12624 = EDGE_CURVE('',#12601,#12625,#12627,.T.);
#12625 = VERTEX_POINT('',#12626);
#12626 = CARTESIAN_POINT('',(-3.870593569671,-7.51,0.535955790815));
#12627 = B_SPLINE_CURVE_WITH_KNOTS('',3,(#12628,#12629,#12630,#12631),
  .UNSPECIFIED.,.F.,.F.,(4,4),(2.,3.),.PIECEWISE_BEZIER_KNOTS.);
#12628 = CARTESIAN_POINT('',(-3.898521467303,-7.51,0.539490967731));
#12629 = CARTESIAN_POINT('',(-3.890832457513,-7.51,0.537193102736));
#12630 = CARTESIAN_POINT('',(-3.881464238687,-7.51,0.535955790815));
#12631 = CARTESIAN_POINT('',(-3.870593569671,-7.51,0.535955790815));
#12632 = ORIENTED_EDGE('',*,*,#12633,.T.);
#12633 = EDGE_CURVE('',#12625,#1506,#12634,.T.);
#12634 = LINE('',#12635,#12636);
#12635 = CARTESIAN_POINT('',(-3.870593569671,-7.51,0.535955790815));
#12636 = VECTOR('',#12637,1.);
#12637 = DIRECTION('',(-0.,1.,-0.));
#12638 = ORIENTED_EDGE('',*,*,#1514,.F.);
#12639 = B_SPLINE_SURFACE_WITH_KNOTS('',3,1,(
    (#12640,#12641)
    ,(#12642,#12643)
    ,(#12644,#12645)
    ,(#12646,#12647
    )),.UNSPECIFIED.,.F.,.F.,.F.,(4,4),(2,2),(2.,3.),(0.,1.),
  .PIECEWISE_BEZIER_KNOTS.);
#12640 = CARTESIAN_POINT('',(-3.898521467303,-7.51,0.539490967731));
#12641 = CARTESIAN_POINT('',(-3.898521467303,-7.5,0.539490967731));
#12642 = CARTESIAN_POINT('',(-3.890832457513,-7.51,0.537193102736));
#12643 = CARTESIAN_POINT('',(-3.890832457513,-7.5,0.537193102736));
#12644 = CARTESIAN_POINT('',(-3.881464238687,-7.51,0.535955790815));
#12645 = CARTESIAN_POINT('',(-3.881464238687,-7.5,0.535955790815));
#12646 = CARTESIAN_POINT('',(-3.870593569671,-7.51,0.535955790815));
#12647 = CARTESIAN_POINT('',(-3.870593569671,-7.5,0.535955790815));
#12648 = ADVANCED_FACE('',(#12649),#12668,.F.);
#12649 = FACE_BOUND('',#12650,.F.);
#12650 = EDGE_LOOP('',(#12651,#12652,#12661,#12667));
#12651 = ORIENTED_EDGE('',*,*,#12633,.F.);
#12652 = ORIENTED_EDGE('',*,*,#12653,.T.);
#12653 = EDGE_CURVE('',#12625,#12654,#12656,.T.);
#12654 = VERTEX_POINT('',#12655);
#12655 = CARTESIAN_POINT('',(-3.782479285053,-7.51,0.614966994877));
#12656 = B_SPLINE_CURVE_WITH_KNOTS('',3,(#12657,#12658,#12659,#12660),
  .UNSPECIFIED.,.F.,.F.,(4,4),(1.,2.),.PIECEWISE_BEZIER_KNOTS.);
#12657 = CARTESIAN_POINT('',(-3.870593569671,-7.51,0.535955790815));
#12658 = CARTESIAN_POINT('',(-3.832678797253,-7.51,0.535955790815));
#12659 = CARTESIAN_POINT('',(-3.803336828854,-7.51,0.562292858836));
#12660 = CARTESIAN_POINT('',(-3.782479285053,-7.51,0.614966994877));
#12661 = ORIENTED_EDGE('',*,*,#12662,.T.);
#12662 = EDGE_CURVE('',#12654,#1498,#12663,.T.);
#12663 = LINE('',#12664,#12665);
#12664 = CARTESIAN_POINT('',(-3.782479285053,-7.51,0.614966994877));
#12665 = VECTOR('',#12666,1.);
#12666 = DIRECTION('',(-0.,1.,-0.));
#12667 = ORIENTED_EDGE('',*,*,#1505,.F.);
#12668 = B_SPLINE_SURFACE_WITH_KNOTS('',3,1,(
    (#12669,#12670)
    ,(#12671,#12672)
    ,(#12673,#12674)
    ,(#12675,#12676
    )),.UNSPECIFIED.,.F.,.F.,.F.,(4,4),(2,2),(1.,2.),(0.,1.),
  .PIECEWISE_BEZIER_KNOTS.);
#12669 = CARTESIAN_POINT('',(-3.870593569671,-7.51,0.535955790815));
#12670 = CARTESIAN_POINT('',(-3.870593569671,-7.5,0.535955790815));
#12671 = CARTESIAN_POINT('',(-3.832678797253,-7.51,0.535955790815));
#12672 = CARTESIAN_POINT('',(-3.832678797253,-7.5,0.535955790815));
#12673 = CARTESIAN_POINT('',(-3.803336828854,-7.51,0.562292858836));
#12674 = CARTESIAN_POINT('',(-3.803336828854,-7.5,0.562292858836));
#12675 = CARTESIAN_POINT('',(-3.782479285053,-7.51,0.614966994877));
#12676 = CARTESIAN_POINT('',(-3.782479285053,-7.5,0.614966994877));
#12677 = ADVANCED_FACE('',(#12678),#12689,.F.);
#12678 = FACE_BOUND('',#12679,.T.);
#12679 = EDGE_LOOP('',(#12680,#12681,#12682,#12688));
#12680 = ORIENTED_EDGE('',*,*,#1497,.T.);
#12681 = ORIENTED_EDGE('',*,*,#12330,.F.);
#12682 = ORIENTED_EDGE('',*,*,#12683,.F.);
#12683 = EDGE_CURVE('',#12654,#12323,#12684,.T.);
#12684 = LINE('',#12685,#12686);
#12685 = CARTESIAN_POINT('',(-3.670414176833,-7.51,0.899195218881));
#12686 = VECTOR('',#12687,1.);
#12687 = DIRECTION('',(0.366797678951,-0.,0.930300737781));
#12688 = ORIENTED_EDGE('',*,*,#12662,.T.);
#12689 = PLANE('',#12690);
#12690 = AXIS2_PLACEMENT_3D('',#12691,#12692,#12693);
#12691 = CARTESIAN_POINT('',(-3.670414176833,-7.51,0.899195218881));
#12692 = DIRECTION('',(-0.930300737781,0.,0.366797678951));
#12693 = DIRECTION('',(0.366797678951,0.,0.930300737781));
#12694 = ADVANCED_FACE('',(#12695),#12712,.T.);
#12695 = FACE_BOUND('',#12696,.T.);
#12696 = EDGE_LOOP('',(#12697,#12698,#12699,#12700,#12701,#12702,#12703,
    #12704,#12705,#12706,#12707,#12708,#12709,#12710,#12711));
#12697 = ORIENTED_EDGE('',*,*,#12322,.T.);
#12698 = ORIENTED_EDGE('',*,*,#12353,.T.);
#12699 = ORIENTED_EDGE('',*,*,#12369,.T.);
#12700 = ORIENTED_EDGE('',*,*,#12406,.T.);
#12701 = ORIENTED_EDGE('',*,*,#12430,.T.);
#12702 = ORIENTED_EDGE('',*,*,#12454,.T.);
#12703 = ORIENTED_EDGE('',*,*,#12478,.T.);
#12704 = ORIENTED_EDGE('',*,*,#12502,.T.);
#12705 = ORIENTED_EDGE('',*,*,#12526,.T.);
#12706 = ORIENTED_EDGE('',*,*,#12542,.T.);
#12707 = ORIENTED_EDGE('',*,*,#12571,.T.);
#12708 = ORIENTED_EDGE('',*,*,#12608,.T.);
#12709 = ORIENTED_EDGE('',*,*,#12624,.T.);
#12710 = ORIENTED_EDGE('',*,*,#12653,.T.);
#12711 = ORIENTED_EDGE('',*,*,#12683,.T.);
#12712 = PLANE('',#12713);
#12713 = AXIS2_PLACEMENT_3D('',#12714,#12715,#12716);
#12714 = CARTESIAN_POINT('',(-3.820139966631,-7.51,0.55570859183));
#12715 = DIRECTION('',(0.,-1.,0.));
#12716 = DIRECTION('',(0.,-0.,-1.));
#12717 = ADVANCED_FACE('',(#12718),#12743,.F.);
#12718 = FACE_BOUND('',#12719,.T.);
#12719 = EDGE_LOOP('',(#12720,#12721,#12729,#12737));
#12720 = ORIENTED_EDGE('',*,*,#2491,.T.);
#12721 = ORIENTED_EDGE('',*,*,#12722,.F.);
#12722 = EDGE_CURVE('',#12723,#2494,#12725,.T.);
#12723 = VERTEX_POINT('',#12724);
#12724 = CARTESIAN_POINT('',(-3.437799535793,-7.51,0.691680333943));
#12725 = LINE('',#12726,#12727);
#12726 = CARTESIAN_POINT('',(-3.437799535793,-7.51,0.691680333943));
#12727 = VECTOR('',#12728,1.);
#12728 = DIRECTION('',(-0.,1.,-0.));
#12729 = ORIENTED_EDGE('',*,*,#12730,.F.);
#12730 = EDGE_CURVE('',#12731,#12723,#12733,.T.);
#12731 = VERTEX_POINT('',#12732);
#12732 = CARTESIAN_POINT('',(-3.437799535793,-7.51,0.652263111336));
#12733 = LINE('',#12734,#12735);
#12734 = CARTESIAN_POINT('',(-3.437799535793,-7.51,0.691680333943));
#12735 = VECTOR('',#12736,1.);
#12736 = DIRECTION('',(-0.,-0.,1.));
#12737 = ORIENTED_EDGE('',*,*,#12738,.T.);
#12738 = EDGE_CURVE('',#12731,#2492,#12739,.T.);
#12739 = LINE('',#12740,#12741);
#12740 = CARTESIAN_POINT('',(-3.437799535793,-7.51,0.652263111336));
#12741 = VECTOR('',#12742,1.);
#12742 = DIRECTION('',(-0.,1.,-0.));
#12743 = PLANE('',#12744);
#12744 = AXIS2_PLACEMENT_3D('',#12745,#12746,#12747);
#12745 = CARTESIAN_POINT('',(-3.437799535793,-7.51,0.691680333943));
#12746 = DIRECTION('',(-1.,0.,-0.));
#12747 = DIRECTION('',(0.,0.,1.));
#12748 = ADVANCED_FACE('',(#12749),#12767,.F.);
#12749 = FACE_BOUND('',#12750,.T.);
#12750 = EDGE_LOOP('',(#12751,#12752,#12760,#12766));
#12751 = ORIENTED_EDGE('',*,*,#2581,.T.);
#12752 = ORIENTED_EDGE('',*,*,#12753,.F.);
#12753 = EDGE_CURVE('',#12754,#2574,#12756,.T.);
#12754 = VERTEX_POINT('',#12755);
#12755 = CARTESIAN_POINT('',(-3.579118232989,-7.51,0.691680333943));
#12756 = LINE('',#12757,#12758);
#12757 = CARTESIAN_POINT('',(-3.579118232989,-7.51,0.691680333943));
#12758 = VECTOR('',#12759,1.);
#12759 = DIRECTION('',(-0.,1.,-0.));
#12760 = ORIENTED_EDGE('',*,*,#12761,.F.);
#12761 = EDGE_CURVE('',#12723,#12754,#12762,.T.);
#12762 = LINE('',#12763,#12764);
#12763 = CARTESIAN_POINT('',(-3.579118232989,-7.51,0.691680333943));
#12764 = VECTOR('',#12765,1.);
#12765 = DIRECTION('',(-1.,-0.,-0.));
#12766 = ORIENTED_EDGE('',*,*,#12722,.T.);
#12767 = PLANE('',#12768);
#12768 = AXIS2_PLACEMENT_3D('',#12769,#12770,#12771);
#12769 = CARTESIAN_POINT('',(-3.579118232989,-7.51,0.691680333943));
#12770 = DIRECTION('',(0.,0.,-1.));
#12771 = DIRECTION('',(-1.,0.,-0.));
#12772 = ADVANCED_FACE('',(#12773),#12791,.F.);
#12773 = FACE_BOUND('',#12774,.T.);
#12774 = EDGE_LOOP('',(#12775,#12776,#12784,#12790));
#12775 = ORIENTED_EDGE('',*,*,#2573,.T.);
#12776 = ORIENTED_EDGE('',*,*,#12777,.F.);
#12777 = EDGE_CURVE('',#12778,#2566,#12780,.T.);
#12778 = VERTEX_POINT('',#12779);
#12779 = CARTESIAN_POINT('',(-3.579118232989,-7.51,0.807987654462));
#12780 = LINE('',#12781,#12782);
#12781 = CARTESIAN_POINT('',(-3.579118232989,-7.51,0.807987654462));
#12782 = VECTOR('',#12783,1.);
#12783 = DIRECTION('',(-0.,1.,-0.));
#12784 = ORIENTED_EDGE('',*,*,#12785,.F.);
#12785 = EDGE_CURVE('',#12754,#12778,#12786,.T.);
#12786 = LINE('',#12787,#12788);
#12787 = CARTESIAN_POINT('',(-3.579118232989,-7.51,0.807987654462));
#12788 = VECTOR('',#12789,1.);
#12789 = DIRECTION('',(-0.,-0.,1.));
#12790 = ORIENTED_EDGE('',*,*,#12753,.T.);
#12791 = PLANE('',#12792);
#12792 = AXIS2_PLACEMENT_3D('',#12793,#12794,#12795);
#12793 = CARTESIAN_POINT('',(-3.579118232989,-7.51,0.807987654462));
#12794 = DIRECTION('',(-1.,0.,-0.));
#12795 = DIRECTION('',(0.,0.,1.));
#12796 = ADVANCED_FACE('',(#12797),#12815,.F.);
#12797 = FACE_BOUND('',#12798,.T.);
#12798 = EDGE_LOOP('',(#12799,#12800,#12808,#12814));
#12799 = ORIENTED_EDGE('',*,*,#2565,.T.);
#12800 = ORIENTED_EDGE('',*,*,#12801,.F.);
#12801 = EDGE_CURVE('',#12802,#2558,#12804,.T.);
#12802 = VERTEX_POINT('',#12803);
#12803 = CARTESIAN_POINT('',(-3.455475420372,-7.51,0.807987654462));
#12804 = LINE('',#12805,#12806);
#12805 = CARTESIAN_POINT('',(-3.455475420372,-7.51,0.807987654462));
#12806 = VECTOR('',#12807,1.);
#12807 = DIRECTION('',(-0.,1.,-0.));
#12808 = ORIENTED_EDGE('',*,*,#12809,.F.);
#12809 = EDGE_CURVE('',#12778,#12802,#12810,.T.);
#12810 = LINE('',#12811,#12812);
#12811 = CARTESIAN_POINT('',(-3.455475420372,-7.51,0.807987654462));
#12812 = VECTOR('',#12813,1.);
#12813 = DIRECTION('',(1.,-0.,-0.));
#12814 = ORIENTED_EDGE('',*,*,#12777,.T.);
#12815 = PLANE('',#12816);
#12816 = AXIS2_PLACEMENT_3D('',#12817,#12818,#12819);
#12817 = CARTESIAN_POINT('',(-3.455475420372,-7.51,0.807987654462));
#12818 = DIRECTION('',(0.,0.,1.));
#12819 = DIRECTION('',(1.,0.,-0.));
#12820 = ADVANCED_FACE('',(#12821),#12839,.F.);
#12821 = FACE_BOUND('',#12822,.T.);
#12822 = EDGE_LOOP('',(#12823,#12824,#12832,#12838));
#12823 = ORIENTED_EDGE('',*,*,#2557,.T.);
#12824 = ORIENTED_EDGE('',*,*,#12825,.F.);
#12825 = EDGE_CURVE('',#12826,#2550,#12828,.T.);
#12826 = VERTEX_POINT('',#12827);
#12827 = CARTESIAN_POINT('',(-3.455475420372,-7.51,0.847581635915));
#12828 = LINE('',#12829,#12830);
#12829 = CARTESIAN_POINT('',(-3.455475420372,-7.51,0.847581635915));
#12830 = VECTOR('',#12831,1.);
#12831 = DIRECTION('',(-0.,1.,-0.));
#12832 = ORIENTED_EDGE('',*,*,#12833,.F.);
#12833 = EDGE_CURVE('',#12802,#12826,#12834,.T.);
#12834 = LINE('',#12835,#12836);
#12835 = CARTESIAN_POINT('',(-3.455475420372,-7.51,0.847581635915));
#12836 = VECTOR('',#12837,1.);
#12837 = DIRECTION('',(-0.,-0.,1.));
#12838 = ORIENTED_EDGE('',*,*,#12801,.T.);
#12839 = PLANE('',#12840);
#12840 = AXIS2_PLACEMENT_3D('',#12841,#12842,#12843);
#12841 = CARTESIAN_POINT('',(-3.455475420372,-7.51,0.847581635915));
#12842 = DIRECTION('',(-1.,0.,-0.));
#12843 = DIRECTION('',(0.,0.,1.));
#12844 = ADVANCED_FACE('',(#12845),#12863,.F.);
#12845 = FACE_BOUND('',#12846,.T.);
#12846 = EDGE_LOOP('',(#12847,#12848,#12856,#12862));
#12847 = ORIENTED_EDGE('',*,*,#2549,.T.);
#12848 = ORIENTED_EDGE('',*,*,#12849,.F.);
#12849 = EDGE_CURVE('',#12850,#2542,#12852,.T.);
#12850 = VERTEX_POINT('',#12851);
#12851 = CARTESIAN_POINT('',(-3.579118232989,-7.51,0.847581635915));
#12852 = LINE('',#12853,#12854);
#12853 = CARTESIAN_POINT('',(-3.579118232989,-7.51,0.847581635915));
#12854 = VECTOR('',#12855,1.);
#12855 = DIRECTION('',(-0.,1.,-0.));
#12856 = ORIENTED_EDGE('',*,*,#12857,.F.);
#12857 = EDGE_CURVE('',#12826,#12850,#12858,.T.);
#12858 = LINE('',#12859,#12860);
#12859 = CARTESIAN_POINT('',(-3.579118232989,-7.51,0.847581635915));
#12860 = VECTOR('',#12861,1.);
#12861 = DIRECTION('',(-1.,-0.,-0.));
#12862 = ORIENTED_EDGE('',*,*,#12825,.T.);
#12863 = PLANE('',#12864);
#12864 = AXIS2_PLACEMENT_3D('',#12865,#12866,#12867);
#12865 = CARTESIAN_POINT('',(-3.579118232989,-7.51,0.847581635915));
#12866 = DIRECTION('',(0.,0.,-1.));
#12867 = DIRECTION('',(-1.,0.,-0.));
#12868 = ADVANCED_FACE('',(#12869),#12887,.F.);
#12869 = FACE_BOUND('',#12870,.T.);
#12870 = EDGE_LOOP('',(#12871,#12872,#12880,#12886));
#12871 = ORIENTED_EDGE('',*,*,#2541,.T.);
#12872 = ORIENTED_EDGE('',*,*,#12873,.F.);
#12873 = EDGE_CURVE('',#12874,#2534,#12876,.T.);
#12874 = VERTEX_POINT('',#12875);
#12875 = CARTESIAN_POINT('',(-3.579118232989,-7.51,0.95823267337));
#12876 = LINE('',#12877,#12878);
#12877 = CARTESIAN_POINT('',(-3.579118232989,-7.51,0.95823267337));
#12878 = VECTOR('',#12879,1.);
#12879 = DIRECTION('',(-0.,1.,-0.));
#12880 = ORIENTED_EDGE('',*,*,#12881,.F.);
#12881 = EDGE_CURVE('',#12850,#12874,#12882,.T.);
#12882 = LINE('',#12883,#12884);
#12883 = CARTESIAN_POINT('',(-3.579118232989,-7.51,0.95823267337));
#12884 = VECTOR('',#12885,1.);
#12885 = DIRECTION('',(-0.,-0.,1.));
#12886 = ORIENTED_EDGE('',*,*,#12849,.T.);
#12887 = PLANE('',#12888);
#12888 = AXIS2_PLACEMENT_3D('',#12889,#12890,#12891);
#12889 = CARTESIAN_POINT('',(-3.579118232989,-7.51,0.95823267337));
#12890 = DIRECTION('',(-1.,0.,-0.));
#12891 = DIRECTION('',(0.,0.,1.));
#12892 = ADVANCED_FACE('',(#12893),#12911,.F.);
#12893 = FACE_BOUND('',#12894,.T.);
#12894 = EDGE_LOOP('',(#12895,#12896,#12904,#12910));
#12895 = ORIENTED_EDGE('',*,*,#2533,.T.);
#12896 = ORIENTED_EDGE('',*,*,#12897,.F.);
#12897 = EDGE_CURVE('',#12898,#2526,#12900,.T.);
#12898 = VERTEX_POINT('',#12899);
#12899 = CARTESIAN_POINT('',(-3.44566530443,-7.51,0.95823267337));
#12900 = LINE('',#12901,#12902);
#12901 = CARTESIAN_POINT('',(-3.44566530443,-7.51,0.95823267337));
#12902 = VECTOR('',#12903,1.);
#12903 = DIRECTION('',(-0.,1.,-0.));
#12904 = ORIENTED_EDGE('',*,*,#12905,.F.);
#12905 = EDGE_CURVE('',#12874,#12898,#12906,.T.);
#12906 = LINE('',#12907,#12908);
#12907 = CARTESIAN_POINT('',(-3.44566530443,-7.51,0.95823267337));
#12908 = VECTOR('',#12909,1.);
#12909 = DIRECTION('',(1.,-0.,-0.));
#12910 = ORIENTED_EDGE('',*,*,#12873,.T.);
#12911 = PLANE('',#12912);
#12912 = AXIS2_PLACEMENT_3D('',#12913,#12914,#12915);
#12913 = CARTESIAN_POINT('',(-3.44566530443,-7.51,0.95823267337));
#12914 = DIRECTION('',(0.,0.,1.));
#12915 = DIRECTION('',(1.,0.,-0.));
#12916 = ADVANCED_FACE('',(#12917),#12935,.F.);
#12917 = FACE_BOUND('',#12918,.T.);
#12918 = EDGE_LOOP('',(#12919,#12920,#12928,#12934));
#12919 = ORIENTED_EDGE('',*,*,#2525,.T.);
#12920 = ORIENTED_EDGE('',*,*,#12921,.F.);
#12921 = EDGE_CURVE('',#12922,#2518,#12924,.T.);
#12922 = VERTEX_POINT('',#12923);
#12923 = CARTESIAN_POINT('',(-3.44566530443,-7.51,0.998003413669));
#12924 = LINE('',#12925,#12926);
#12925 = CARTESIAN_POINT('',(-3.44566530443,-7.51,0.998003413669));
#12926 = VECTOR('',#12927,1.);
#12927 = DIRECTION('',(-0.,1.,-0.));
#12928 = ORIENTED_EDGE('',*,*,#12929,.F.);
#12929 = EDGE_CURVE('',#12898,#12922,#12930,.T.);
#12930 = LINE('',#12931,#12932);
#12931 = CARTESIAN_POINT('',(-3.44566530443,-7.51,0.998003413669));
#12932 = VECTOR('',#12933,1.);
#12933 = DIRECTION('',(-0.,-0.,1.));
#12934 = ORIENTED_EDGE('',*,*,#12897,.T.);
#12935 = PLANE('',#12936);
#12936 = AXIS2_PLACEMENT_3D('',#12937,#12938,#12939);
#12937 = CARTESIAN_POINT('',(-3.44566530443,-7.51,0.998003413669));
#12938 = DIRECTION('',(-1.,0.,-0.));
#12939 = DIRECTION('',(0.,0.,1.));
#12940 = ADVANCED_FACE('',(#12941),#12959,.F.);
#12941 = FACE_BOUND('',#12942,.T.);
#12942 = EDGE_LOOP('',(#12943,#12944,#12952,#12958));
#12943 = ORIENTED_EDGE('',*,*,#2517,.T.);
#12944 = ORIENTED_EDGE('',*,*,#12945,.F.);
#12945 = EDGE_CURVE('',#12946,#2510,#12948,.T.);
#12946 = VERTEX_POINT('',#12947);
#12947 = CARTESIAN_POINT('',(-3.623749841547,-7.51,0.998003413669));
#12948 = LINE('',#12949,#12950);
#12949 = CARTESIAN_POINT('',(-3.623749841547,-7.51,0.998003413669));
#12950 = VECTOR('',#12951,1.);
#12951 = DIRECTION('',(-0.,1.,-0.));
#12952 = ORIENTED_EDGE('',*,*,#12953,.F.);
#12953 = EDGE_CURVE('',#12922,#12946,#12954,.T.);
#12954 = LINE('',#12955,#12956);
#12955 = CARTESIAN_POINT('',(-3.623749841547,-7.51,0.998003413669));
#12956 = VECTOR('',#12957,1.);
#12957 = DIRECTION('',(-1.,-0.,-0.));
#12958 = ORIENTED_EDGE('',*,*,#12921,.T.);
#12959 = PLANE('',#12960);
#12960 = AXIS2_PLACEMENT_3D('',#12961,#12962,#12963);
#12961 = CARTESIAN_POINT('',(-3.623749841547,-7.51,0.998003413669));
#12962 = DIRECTION('',(0.,0.,-1.));
#12963 = DIRECTION('',(-1.,0.,-0.));
#12964 = ADVANCED_FACE('',(#12965),#12983,.F.);
#12965 = FACE_BOUND('',#12966,.T.);
#12966 = EDGE_LOOP('',(#12967,#12968,#12976,#12982));
#12967 = ORIENTED_EDGE('',*,*,#2509,.T.);
#12968 = ORIENTED_EDGE('',*,*,#12969,.F.);
#12969 = EDGE_CURVE('',#12970,#2502,#12972,.T.);
#12970 = VERTEX_POINT('',#12971);
#12971 = CARTESIAN_POINT('',(-3.623749841547,-7.51,0.652263111336));
#12972 = LINE('',#12973,#12974);
#12973 = CARTESIAN_POINT('',(-3.623749841547,-7.51,0.652263111336));
#12974 = VECTOR('',#12975,1.);
#12975 = DIRECTION('',(-0.,1.,-0.));
#12976 = ORIENTED_EDGE('',*,*,#12977,.F.);
#12977 = EDGE_CURVE('',#12946,#12970,#12978,.T.);
#12978 = LINE('',#12979,#12980);
#12979 = CARTESIAN_POINT('',(-3.623749841547,-7.51,0.652263111336));
#12980 = VECTOR('',#12981,1.);
#12981 = DIRECTION('',(-0.,-0.,-1.));
#12982 = ORIENTED_EDGE('',*,*,#12945,.T.);
#12983 = PLANE('',#12984);
#12984 = AXIS2_PLACEMENT_3D('',#12985,#12986,#12987);
#12985 = CARTESIAN_POINT('',(-3.623749841547,-7.51,0.652263111336));
#12986 = DIRECTION('',(1.,0.,-0.));
#12987 = DIRECTION('',(-0.,0.,-1.));
#12988 = ADVANCED_FACE('',(#12989),#13000,.F.);
#12989 = FACE_BOUND('',#12990,.T.);
#12990 = EDGE_LOOP('',(#12991,#12992,#12993,#12999));
#12991 = ORIENTED_EDGE('',*,*,#2501,.T.);
#12992 = ORIENTED_EDGE('',*,*,#12738,.F.);
#12993 = ORIENTED_EDGE('',*,*,#12994,.F.);
#12994 = EDGE_CURVE('',#12970,#12731,#12995,.T.);
#12995 = LINE('',#12996,#12997);
#12996 = CARTESIAN_POINT('',(-3.437799535793,-7.51,0.652263111336));
#12997 = VECTOR('',#12998,1.);
#12998 = DIRECTION('',(1.,-0.,-0.));
#12999 = ORIENTED_EDGE('',*,*,#12969,.T.);
#13000 = PLANE('',#13001);
#13001 = AXIS2_PLACEMENT_3D('',#13002,#13003,#13004);
#13002 = CARTESIAN_POINT('',(-3.437799535793,-7.51,0.652263111336));
#13003 = DIRECTION('',(0.,0.,1.));
#13004 = DIRECTION('',(1.,0.,-0.));
#13005 = ADVANCED_FACE('',(#13006),#13020,.F.);
#13006 = FACE_BOUND('',#13007,.T.);
#13007 = EDGE_LOOP('',(#13008,#13009,#13010,#13011,#13012,#13013,#13014,
    #13015,#13016,#13017,#13018,#13019));
#13008 = ORIENTED_EDGE('',*,*,#12730,.T.);
#13009 = ORIENTED_EDGE('',*,*,#12761,.T.);
#13010 = ORIENTED_EDGE('',*,*,#12785,.T.);
#13011 = ORIENTED_EDGE('',*,*,#12809,.T.);
#13012 = ORIENTED_EDGE('',*,*,#12833,.T.);
#13013 = ORIENTED_EDGE('',*,*,#12857,.T.);
#13014 = ORIENTED_EDGE('',*,*,#12881,.T.);
#13015 = ORIENTED_EDGE('',*,*,#12905,.T.);
#13016 = ORIENTED_EDGE('',*,*,#12929,.T.);
#13017 = ORIENTED_EDGE('',*,*,#12953,.T.);
#13018 = ORIENTED_EDGE('',*,*,#12977,.T.);
#13019 = ORIENTED_EDGE('',*,*,#12994,.T.);
#13020 = PLANE('',#13021);
#13021 = AXIS2_PLACEMENT_3D('',#13022,#13023,#13024);
#13022 = CARTESIAN_POINT('',(0.,-7.51,0.));
#13023 = DIRECTION('',(0.,1.,0.));
#13024 = DIRECTION('',(0.,-0.,1.));
#13025 = ADVANCED_FACE('',(#13026,#13088),#13150,.T.);
#13026 = FACE_BOUND('',#13027,.T.);
#13027 = EDGE_LOOP('',(#13028,#13038,#13047,#13056,#13065,#13074,#13082)
  );
#13028 = ORIENTED_EDGE('',*,*,#13029,.T.);
#13029 = EDGE_CURVE('',#13030,#13032,#13034,.T.);
#13030 = VERTEX_POINT('',#13031);
#13031 = CARTESIAN_POINT('',(-3.372487142279,-7.51,0.652263111336));
#13032 = VERTEX_POINT('',#13033);
#13033 = CARTESIAN_POINT('',(-3.277390883252,-7.51,0.652263111336));
#13034 = LINE('',#13035,#13036);
#13035 = CARTESIAN_POINT('',(-3.277390883252,-7.51,0.652263111336));
#13036 = VECTOR('',#13037,1.);
#13037 = DIRECTION('',(1.,-0.,-0.));
#13038 = ORIENTED_EDGE('',*,*,#13039,.T.);
#13039 = EDGE_CURVE('',#13032,#13040,#13042,.T.);
#13040 = VERTEX_POINT('',#13041);
#13041 = CARTESIAN_POINT('',(-3.143142539889,-7.51,0.700695035077));
#13042 = B_SPLINE_CURVE_WITH_KNOTS('',3,(#13043,#13044,#13045,#13046),
  .UNSPECIFIED.,.F.,.F.,(4,4),(5.,6.),.PIECEWISE_BEZIER_KNOTS.);
#13043 = CARTESIAN_POINT('',(-3.277390883252,-7.51,0.652263111336));
#13044 = CARTESIAN_POINT('',(-3.222684020486,-7.51,0.652263111336));
#13045 = CARTESIAN_POINT('',(-3.177875653082,-7.51,0.668348166299));
#13046 = CARTESIAN_POINT('',(-3.143142539889,-7.51,0.700695035077));
#13047 = ORIENTED_EDGE('',*,*,#13048,.T.);
#13048 = EDGE_CURVE('',#13040,#13049,#13051,.T.);
#13049 = VERTEX_POINT('',#13050);
#13050 = CARTESIAN_POINT('',(-3.090998680384,-7.51,0.829552233645));
#13051 = B_SPLINE_CURVE_WITH_KNOTS('',3,(#13052,#13053,#13054,#13055),
  .UNSPECIFIED.,.F.,.F.,(4,4),(4.,5.),.PIECEWISE_BEZIER_KNOTS.);
#13052 = CARTESIAN_POINT('',(-3.143142539889,-7.51,0.700695035077));
#13053 = CARTESIAN_POINT('',(-3.108409426694,-7.51,0.733041903854));
#13054 = CARTESIAN_POINT('',(-3.090998680384,-7.51,0.775994303375));
#13055 = CARTESIAN_POINT('',(-3.090998680384,-7.51,0.829552233645));
#13056 = ORIENTED_EDGE('',*,*,#13057,.T.);
#13057 = EDGE_CURVE('',#13049,#13058,#13060,.T.);
#13058 = VERTEX_POINT('',#13059);
#13059 = CARTESIAN_POINT('',(-3.143142539889,-7.51,0.952222872614));
#13060 = B_SPLINE_CURVE_WITH_KNOTS('',3,(#13061,#13062,#13063,#13064),
  .UNSPECIFIED.,.F.,.F.,(4,4),(3.,4.),.PIECEWISE_BEZIER_KNOTS.);
#13061 = CARTESIAN_POINT('',(-3.090998680384,-7.51,0.829552233645));
#13062 = CARTESIAN_POINT('',(-3.090998680384,-7.51,0.88081229892));
#13063 = CARTESIAN_POINT('',(-3.108409426694,-7.51,0.921643592294));
#13064 = CARTESIAN_POINT('',(-3.143142539889,-7.51,0.952222872614));
#13065 = ORIENTED_EDGE('',*,*,#13066,.T.);
#13066 = EDGE_CURVE('',#13058,#13067,#13069,.T.);
#13067 = VERTEX_POINT('',#13068);
#13068 = CARTESIAN_POINT('',(-3.273855706338,-7.51,0.998003413669));
#13069 = B_SPLINE_CURVE_WITH_KNOTS('',3,(#13070,#13071,#13072,#13073),
  .UNSPECIFIED.,.F.,.F.,(4,4),(2.,3.),.PIECEWISE_BEZIER_KNOTS.);
#13070 = CARTESIAN_POINT('',(-3.143142539889,-7.51,0.952222872614));
#13071 = CARTESIAN_POINT('',(-3.177875653082,-7.51,0.982802152931));
#13072 = CARTESIAN_POINT('',(-3.221446708567,-7.51,0.998003413669));
#13073 = CARTESIAN_POINT('',(-3.273855706338,-7.51,0.998003413669));
#13074 = ORIENTED_EDGE('',*,*,#13075,.T.);
#13075 = EDGE_CURVE('',#13067,#13076,#13078,.T.);
#13076 = VERTEX_POINT('',#13077);
#13077 = CARTESIAN_POINT('',(-3.372487142279,-7.51,0.998003413669));
#13078 = LINE('',#13079,#13080);
#13079 = CARTESIAN_POINT('',(-3.372487142279,-7.51,0.998003413669));
#13080 = VECTOR('',#13081,1.);
#13081 = DIRECTION('',(-1.,-0.,-0.));
#13082 = ORIENTED_EDGE('',*,*,#13083,.T.);
#13083 = EDGE_CURVE('',#13076,#13030,#13084,.T.);
#13084 = LINE('',#13085,#13086);
#13085 = CARTESIAN_POINT('',(-3.372487142279,-7.51,0.652263111336));
#13086 = VECTOR('',#13087,1.);
#13087 = DIRECTION('',(-0.,-0.,-1.));
#13088 = FACE_BOUND('',#13089,.T.);
#13089 = EDGE_LOOP('',(#13090,#13100,#13108,#13117,#13126,#13135,#13144)
  );
#13090 = ORIENTED_EDGE('',*,*,#13091,.F.);
#13091 = EDGE_CURVE('',#13092,#13094,#13096,.T.);
#13092 = VERTEX_POINT('',#13093);
#13093 = CARTESIAN_POINT('',(-3.327855533722,-7.51,0.95823267337));
#13094 = VERTEX_POINT('',#13095);
#13095 = CARTESIAN_POINT('',(-3.327855533722,-7.51,0.691680333943));
#13096 = LINE('',#13097,#13098);
#13097 = CARTESIAN_POINT('',(-3.327855533722,-7.51,0.95823267337));
#13098 = VECTOR('',#13099,1.);
#13099 = DIRECTION('',(0.,0.,-1.));
#13100 = ORIENTED_EDGE('',*,*,#13101,.F.);
#13101 = EDGE_CURVE('',#13102,#13092,#13104,.T.);
#13102 = VERTEX_POINT('',#13103);
#13103 = CARTESIAN_POINT('',(-3.275623294797,-7.51,0.95823267337));
#13104 = LINE('',#13105,#13106);
#13105 = CARTESIAN_POINT('',(-3.275623294797,-7.51,0.95823267337));
#13106 = VECTOR('',#13107,1.);
#13107 = DIRECTION('',(-1.,0.,0.));
#13108 = ORIENTED_EDGE('',*,*,#13109,.F.);
#13109 = EDGE_CURVE('',#13110,#13102,#13112,.T.);
#13110 = VERTEX_POINT('',#13111);
#13111 = CARTESIAN_POINT('',(-3.175842926358,-7.51,0.925709045747));
#13112 = B_SPLINE_CURVE_WITH_KNOTS('',3,(#13113,#13114,#13115,#13116),
  .UNSPECIFIED.,.F.,.F.,(4,4),(5.,6.),.PIECEWISE_BEZIER_KNOTS.);
#13113 = CARTESIAN_POINT('',(-3.175842926358,-7.51,0.925709045747));
#13114 = CARTESIAN_POINT('',(-3.201119441303,-7.51,0.947450383776));
#13115 = CARTESIAN_POINT('',(-3.234438483731,-7.51,0.95823267337));
#13116 = CARTESIAN_POINT('',(-3.275623294797,-7.51,0.95823267337));
#13117 = ORIENTED_EDGE('',*,*,#13118,.F.);
#13118 = EDGE_CURVE('',#13119,#13110,#13121,.T.);
#13119 = VERTEX_POINT('',#13120);
#13120 = CARTESIAN_POINT('',(-3.13792815394,-7.51,0.828314921726));
#13121 = B_SPLINE_CURVE_WITH_KNOTS('',3,(#13122,#13123,#13124,#13125),
  .UNSPECIFIED.,.F.,.F.,(4,4),(4.,5.),.PIECEWISE_BEZIER_KNOTS.);
#13122 = CARTESIAN_POINT('',(-3.13792815394,-7.51,0.828314921726));
#13123 = CARTESIAN_POINT('',(-3.13792815394,-7.51,0.871444080095));
#13124 = CARTESIAN_POINT('',(-3.150566411413,-7.51,0.903967707716));
#13125 = CARTESIAN_POINT('',(-3.175842926358,-7.51,0.925709045747));
#13126 = ORIENTED_EDGE('',*,*,#13127,.F.);
#13127 = EDGE_CURVE('',#13128,#13119,#13130,.T.);
#13128 = VERTEX_POINT('',#13129);
#13129 = CARTESIAN_POINT('',(-3.174870752705,-7.51,0.72773913848));
#13130 = B_SPLINE_CURVE_WITH_KNOTS('',3,(#13131,#13132,#13133,#13134),
  .UNSPECIFIED.,.F.,.F.,(4,4),(3.,4.),.PIECEWISE_BEZIER_KNOTS.);
#13131 = CARTESIAN_POINT('',(-3.174870752705,-7.51,0.72773913848));
#13132 = CARTESIAN_POINT('',(-3.150212893719,-7.51,0.75160158266));
#13133 = CARTESIAN_POINT('',(-3.13792815394,-7.51,0.785185763357));
#13134 = CARTESIAN_POINT('',(-3.13792815394,-7.51,0.828314921726));
#13135 = ORIENTED_EDGE('',*,*,#13136,.F.);
#13136 = EDGE_CURVE('',#13137,#13128,#13139,.T.);
#13137 = VERTEX_POINT('',#13138);
#13138 = CARTESIAN_POINT('',(-3.277656021523,-7.51,0.691680333943));
#13139 = B_SPLINE_CURVE_WITH_KNOTS('',3,(#13140,#13141,#13142,#13143),
  .UNSPECIFIED.,.F.,.F.,(4,4),(2.,3.),.PIECEWISE_BEZIER_KNOTS.);
#13140 = CARTESIAN_POINT('',(-3.277656021523,-7.51,0.691680333943));
#13141 = CARTESIAN_POINT('',(-3.233731448349,-7.51,0.691680333943));
#13142 = CARTESIAN_POINT('',(-3.199440232268,-7.51,0.703699935454));
#13143 = CARTESIAN_POINT('',(-3.174870752705,-7.51,0.72773913848));
#13144 = ORIENTED_EDGE('',*,*,#13145,.F.);
#13145 = EDGE_CURVE('',#13094,#13137,#13146,.T.);
#13146 = LINE('',#13147,#13148);
#13147 = CARTESIAN_POINT('',(-3.327855533722,-7.51,0.691680333943));
#13148 = VECTOR('',#13149,1.);
#13149 = DIRECTION('',(1.,0.,0.));
#13150 = PLANE('',#13151);
#13151 = AXIS2_PLACEMENT_3D('',#13152,#13153,#13154);
#13152 = CARTESIAN_POINT('',(-3.201870666397,-7.51,0.98658037326));
#13153 = DIRECTION('',(0.,-1.,0.));
#13154 = DIRECTION('',(0.,-0.,-1.));
#13155 = ADVANCED_FACE('',(#13156),#13172,.F.);
#13156 = FACE_BOUND('',#13157,.T.);
#13157 = EDGE_LOOP('',(#13158,#13159,#13165,#13166));
#13158 = ORIENTED_EDGE('',*,*,#2589,.T.);
#13159 = ORIENTED_EDGE('',*,*,#13160,.F.);
#13160 = EDGE_CURVE('',#13032,#2592,#13161,.T.);
#13161 = LINE('',#13162,#13163);
#13162 = CARTESIAN_POINT('',(-3.277390883252,-7.51,0.652263111336));
#13163 = VECTOR('',#13164,1.);
#13164 = DIRECTION('',(-0.,1.,-0.));
#13165 = ORIENTED_EDGE('',*,*,#13029,.F.);
#13166 = ORIENTED_EDGE('',*,*,#13167,.T.);
#13167 = EDGE_CURVE('',#13030,#2590,#13168,.T.);
#13168 = LINE('',#13169,#13170);
#13169 = CARTESIAN_POINT('',(-3.372487142279,-7.51,0.652263111336));
#13170 = VECTOR('',#13171,1.);
#13171 = DIRECTION('',(-0.,1.,-0.));
#13172 = PLANE('',#13173);
#13173 = AXIS2_PLACEMENT_3D('',#13174,#13175,#13176);
#13174 = CARTESIAN_POINT('',(-3.277390883252,-7.51,0.652263111336));
#13175 = DIRECTION('',(0.,0.,1.));
#13176 = DIRECTION('',(1.,0.,-0.));
#13177 = ADVANCED_FACE('',(#13178),#13189,.F.);
#13178 = FACE_BOUND('',#13179,.F.);
#13179 = EDGE_LOOP('',(#13180,#13181,#13182,#13188));
#13180 = ORIENTED_EDGE('',*,*,#13160,.F.);
#13181 = ORIENTED_EDGE('',*,*,#13039,.T.);
#13182 = ORIENTED_EDGE('',*,*,#13183,.T.);
#13183 = EDGE_CURVE('',#13040,#2634,#13184,.T.);
#13184 = LINE('',#13185,#13186);
#13185 = CARTESIAN_POINT('',(-3.143142539889,-7.51,0.700695035077));
#13186 = VECTOR('',#13187,1.);
#13187 = DIRECTION('',(-0.,1.,-0.));
#13188 = ORIENTED_EDGE('',*,*,#2642,.F.);
#13189 = B_SPLINE_SURFACE_WITH_KNOTS('',3,1,(
    (#13190,#13191)
    ,(#13192,#13193)
    ,(#13194,#13195)
    ,(#13196,#13197
    )),.UNSPECIFIED.,.F.,.F.,.F.,(4,4),(2,2),(5.,6.),(0.,1.),
  .PIECEWISE_BEZIER_KNOTS.);
#13190 = CARTESIAN_POINT('',(-3.277390883252,-7.51,0.652263111336));
#13191 = CARTESIAN_POINT('',(-3.277390883252,-7.5,0.652263111336));
#13192 = CARTESIAN_POINT('',(-3.222684020486,-7.51,0.652263111336));
#13193 = CARTESIAN_POINT('',(-3.222684020486,-7.5,0.652263111336));
#13194 = CARTESIAN_POINT('',(-3.177875653082,-7.51,0.668348166299));
#13195 = CARTESIAN_POINT('',(-3.177875653082,-7.5,0.668348166299));
#13196 = CARTESIAN_POINT('',(-3.143142539889,-7.51,0.700695035077));
#13197 = CARTESIAN_POINT('',(-3.143142539889,-7.5,0.700695035077));
#13198 = ADVANCED_FACE('',(#13199),#13210,.F.);
#13199 = FACE_BOUND('',#13200,.F.);
#13200 = EDGE_LOOP('',(#13201,#13202,#13203,#13209));
#13201 = ORIENTED_EDGE('',*,*,#13183,.F.);
#13202 = ORIENTED_EDGE('',*,*,#13048,.T.);
#13203 = ORIENTED_EDGE('',*,*,#13204,.T.);
#13204 = EDGE_CURVE('',#13049,#2625,#13205,.T.);
#13205 = LINE('',#13206,#13207);
#13206 = CARTESIAN_POINT('',(-3.090998680384,-7.51,0.829552233645));
#13207 = VECTOR('',#13208,1.);
#13208 = DIRECTION('',(-0.,1.,-0.));
#13209 = ORIENTED_EDGE('',*,*,#2633,.F.);
#13210 = B_SPLINE_SURFACE_WITH_KNOTS('',3,1,(
    (#13211,#13212)
    ,(#13213,#13214)
    ,(#13215,#13216)
    ,(#13217,#13218
    )),.UNSPECIFIED.,.F.,.F.,.F.,(4,4),(2,2),(4.,5.),(0.,1.),
  .PIECEWISE_BEZIER_KNOTS.);
#13211 = CARTESIAN_POINT('',(-3.143142539889,-7.51,0.700695035077));
#13212 = CARTESIAN_POINT('',(-3.143142539889,-7.5,0.700695035077));
#13213 = CARTESIAN_POINT('',(-3.108409426694,-7.51,0.733041903854));
#13214 = CARTESIAN_POINT('',(-3.108409426694,-7.5,0.733041903854));
#13215 = CARTESIAN_POINT('',(-3.090998680384,-7.51,0.775994303375));
#13216 = CARTESIAN_POINT('',(-3.090998680384,-7.5,0.775994303375));
#13217 = CARTESIAN_POINT('',(-3.090998680384,-7.51,0.829552233645));
#13218 = CARTESIAN_POINT('',(-3.090998680384,-7.5,0.829552233645));
#13219 = ADVANCED_FACE('',(#13220),#13231,.F.);
#13220 = FACE_BOUND('',#13221,.F.);
#13221 = EDGE_LOOP('',(#13222,#13223,#13224,#13230));
#13222 = ORIENTED_EDGE('',*,*,#13204,.F.);
#13223 = ORIENTED_EDGE('',*,*,#13057,.T.);
#13224 = ORIENTED_EDGE('',*,*,#13225,.T.);
#13225 = EDGE_CURVE('',#13058,#2616,#13226,.T.);
#13226 = LINE('',#13227,#13228);
#13227 = CARTESIAN_POINT('',(-3.143142539889,-7.51,0.952222872614));
#13228 = VECTOR('',#13229,1.);
#13229 = DIRECTION('',(-0.,1.,-0.));
#13230 = ORIENTED_EDGE('',*,*,#2624,.F.);
#13231 = B_SPLINE_SURFACE_WITH_KNOTS('',3,1,(
    (#13232,#13233)
    ,(#13234,#13235)
    ,(#13236,#13237)
    ,(#13238,#13239
    )),.UNSPECIFIED.,.F.,.F.,.F.,(4,4),(2,2),(3.,4.),(0.,1.),
  .PIECEWISE_BEZIER_KNOTS.);
#13232 = CARTESIAN_POINT('',(-3.090998680384,-7.51,0.829552233645));
#13233 = CARTESIAN_POINT('',(-3.090998680384,-7.5,0.829552233645));
#13234 = CARTESIAN_POINT('',(-3.090998680384,-7.51,0.88081229892));
#13235 = CARTESIAN_POINT('',(-3.090998680384,-7.5,0.88081229892));
#13236 = CARTESIAN_POINT('',(-3.108409426694,-7.51,0.921643592294));
#13237 = CARTESIAN_POINT('',(-3.108409426694,-7.5,0.921643592294));
#13238 = CARTESIAN_POINT('',(-3.143142539889,-7.51,0.952222872614));
#13239 = CARTESIAN_POINT('',(-3.143142539889,-7.5,0.952222872614));
#13240 = ADVANCED_FACE('',(#13241),#13252,.F.);
#13241 = FACE_BOUND('',#13242,.F.);
#13242 = EDGE_LOOP('',(#13243,#13244,#13245,#13251));
#13243 = ORIENTED_EDGE('',*,*,#13225,.F.);
#13244 = ORIENTED_EDGE('',*,*,#13066,.T.);
#13245 = ORIENTED_EDGE('',*,*,#13246,.T.);
#13246 = EDGE_CURVE('',#13067,#2608,#13247,.T.);
#13247 = LINE('',#13248,#13249);
#13248 = CARTESIAN_POINT('',(-3.273855706338,-7.51,0.998003413669));
#13249 = VECTOR('',#13250,1.);
#13250 = DIRECTION('',(-0.,1.,-0.));
#13251 = ORIENTED_EDGE('',*,*,#2615,.F.);
#13252 = B_SPLINE_SURFACE_WITH_KNOTS('',3,1,(
    (#13253,#13254)
    ,(#13255,#13256)
    ,(#13257,#13258)
    ,(#13259,#13260
    )),.UNSPECIFIED.,.F.,.F.,.F.,(4,4),(2,2),(2.,3.),(0.,1.),
  .PIECEWISE_BEZIER_KNOTS.);
#13253 = CARTESIAN_POINT('',(-3.143142539889,-7.51,0.952222872614));
#13254 = CARTESIAN_POINT('',(-3.143142539889,-7.5,0.952222872614));
#13255 = CARTESIAN_POINT('',(-3.177875653082,-7.51,0.982802152931));
#13256 = CARTESIAN_POINT('',(-3.177875653082,-7.5,0.982802152931));
#13257 = CARTESIAN_POINT('',(-3.221446708567,-7.51,0.998003413669));
#13258 = CARTESIAN_POINT('',(-3.221446708567,-7.5,0.998003413669));
#13259 = CARTESIAN_POINT('',(-3.273855706338,-7.51,0.998003413669));
#13260 = CARTESIAN_POINT('',(-3.273855706338,-7.5,0.998003413669));
#13261 = ADVANCED_FACE('',(#13262),#13273,.F.);
#13262 = FACE_BOUND('',#13263,.T.);
#13263 = EDGE_LOOP('',(#13264,#13265,#13271,#13272));
#13264 = ORIENTED_EDGE('',*,*,#2607,.T.);
#13265 = ORIENTED_EDGE('',*,*,#13266,.F.);
#13266 = EDGE_CURVE('',#13076,#2600,#13267,.T.);
#13267 = LINE('',#13268,#13269);
#13268 = CARTESIAN_POINT('',(-3.372487142279,-7.51,0.998003413669));
#13269 = VECTOR('',#13270,1.);
#13270 = DIRECTION('',(-0.,1.,-0.));
#13271 = ORIENTED_EDGE('',*,*,#13075,.F.);
#13272 = ORIENTED_EDGE('',*,*,#13246,.T.);
#13273 = PLANE('',#13274);
#13274 = AXIS2_PLACEMENT_3D('',#13275,#13276,#13277);
#13275 = CARTESIAN_POINT('',(-3.372487142279,-7.51,0.998003413669));
#13276 = DIRECTION('',(0.,0.,-1.));
#13277 = DIRECTION('',(-1.,0.,-0.));
#13278 = ADVANCED_FACE('',(#13279),#13285,.F.);
#13279 = FACE_BOUND('',#13280,.T.);
#13280 = EDGE_LOOP('',(#13281,#13282,#13283,#13284));
#13281 = ORIENTED_EDGE('',*,*,#2599,.T.);
#13282 = ORIENTED_EDGE('',*,*,#13167,.F.);
#13283 = ORIENTED_EDGE('',*,*,#13083,.F.);
#13284 = ORIENTED_EDGE('',*,*,#13266,.T.);
#13285 = PLANE('',#13286);
#13286 = AXIS2_PLACEMENT_3D('',#13287,#13288,#13289);
#13287 = CARTESIAN_POINT('',(-3.372487142279,-7.51,0.652263111336));
#13288 = DIRECTION('',(1.,0.,-0.));
#13289 = DIRECTION('',(-0.,0.,-1.));
#13290 = ADVANCED_FACE('',(#13291),#13316,.T.);
#13291 = FACE_BOUND('',#13292,.T.);
#13292 = EDGE_LOOP('',(#13293,#13303,#13309,#13310));
#13293 = ORIENTED_EDGE('',*,*,#13294,.F.);
#13294 = EDGE_CURVE('',#13295,#13297,#13299,.T.);
#13295 = VERTEX_POINT('',#13296);
#13296 = CARTESIAN_POINT('',(-3.275623294797,-7.5,0.95823267337));
#13297 = VERTEX_POINT('',#13298);
#13298 = CARTESIAN_POINT('',(-3.327855533722,-7.5,0.95823267337));
#13299 = LINE('',#13300,#13301);
#13300 = CARTESIAN_POINT('',(-3.275623294797,-7.5,0.95823267337));
#13301 = VECTOR('',#13302,1.);
#13302 = DIRECTION('',(-1.,0.,0.));
#13303 = ORIENTED_EDGE('',*,*,#13304,.F.);
#13304 = EDGE_CURVE('',#13102,#13295,#13305,.T.);
#13305 = LINE('',#13306,#13307);
#13306 = CARTESIAN_POINT('',(-3.275623294797,-7.51,0.95823267337));
#13307 = VECTOR('',#13308,1.);
#13308 = DIRECTION('',(-0.,1.,-0.));
#13309 = ORIENTED_EDGE('',*,*,#13101,.T.);
#13310 = ORIENTED_EDGE('',*,*,#13311,.T.);
#13311 = EDGE_CURVE('',#13092,#13297,#13312,.T.);
#13312 = LINE('',#13313,#13314);
#13313 = CARTESIAN_POINT('',(-3.327855533722,-7.51,0.95823267337));
#13314 = VECTOR('',#13315,1.);
#13315 = DIRECTION('',(-0.,1.,-0.));
#13316 = PLANE('',#13317);
#13317 = AXIS2_PLACEMENT_3D('',#13318,#13319,#13320);
#13318 = CARTESIAN_POINT('',(-3.275623294797,-7.51,0.95823267337));
#13319 = DIRECTION('',(-0.,0.,-1.));
#13320 = DIRECTION('',(-1.,0.,0.));
#13321 = ADVANCED_FACE('',(#13322),#13340,.T.);
#13322 = FACE_BOUND('',#13323,.T.);
#13323 = EDGE_LOOP('',(#13324,#13332,#13333,#13334));
#13324 = ORIENTED_EDGE('',*,*,#13325,.F.);
#13325 = EDGE_CURVE('',#13297,#13326,#13328,.T.);
#13326 = VERTEX_POINT('',#13327);
#13327 = CARTESIAN_POINT('',(-3.327855533722,-7.5,0.691680333943));
#13328 = LINE('',#13329,#13330);
#13329 = CARTESIAN_POINT('',(-3.327855533722,-7.5,0.95823267337));
#13330 = VECTOR('',#13331,1.);
#13331 = DIRECTION('',(0.,0.,-1.));
#13332 = ORIENTED_EDGE('',*,*,#13311,.F.);
#13333 = ORIENTED_EDGE('',*,*,#13091,.T.);
#13334 = ORIENTED_EDGE('',*,*,#13335,.T.);
#13335 = EDGE_CURVE('',#13094,#13326,#13336,.T.);
#13336 = LINE('',#13337,#13338);
#13337 = CARTESIAN_POINT('',(-3.327855533722,-7.51,0.691680333943));
#13338 = VECTOR('',#13339,1.);
#13339 = DIRECTION('',(-0.,1.,-0.));
#13340 = PLANE('',#13341);
#13341 = AXIS2_PLACEMENT_3D('',#13342,#13343,#13344);
#13342 = CARTESIAN_POINT('',(-3.327855533722,-7.51,0.95823267337));
#13343 = DIRECTION('',(1.,0.,0.));
#13344 = DIRECTION('',(0.,0.,-1.));
#13345 = ADVANCED_FACE('',(#13346),#13364,.T.);
#13346 = FACE_BOUND('',#13347,.T.);
#13347 = EDGE_LOOP('',(#13348,#13356,#13357,#13358));
#13348 = ORIENTED_EDGE('',*,*,#13349,.F.);
#13349 = EDGE_CURVE('',#13326,#13350,#13352,.T.);
#13350 = VERTEX_POINT('',#13351);
#13351 = CARTESIAN_POINT('',(-3.277656021523,-7.5,0.691680333943));
#13352 = LINE('',#13353,#13354);
#13353 = CARTESIAN_POINT('',(-3.327855533722,-7.5,0.691680333943));
#13354 = VECTOR('',#13355,1.);
#13355 = DIRECTION('',(1.,0.,0.));
#13356 = ORIENTED_EDGE('',*,*,#13335,.F.);
#13357 = ORIENTED_EDGE('',*,*,#13145,.T.);
#13358 = ORIENTED_EDGE('',*,*,#13359,.T.);
#13359 = EDGE_CURVE('',#13137,#13350,#13360,.T.);
#13360 = LINE('',#13361,#13362);
#13361 = CARTESIAN_POINT('',(-3.277656021523,-7.51,0.691680333943));
#13362 = VECTOR('',#13363,1.);
#13363 = DIRECTION('',(-0.,1.,-0.));
#13364 = PLANE('',#13365);
#13365 = AXIS2_PLACEMENT_3D('',#13366,#13367,#13368);
#13366 = CARTESIAN_POINT('',(-3.327855533722,-7.51,0.691680333943));
#13367 = DIRECTION('',(-0.,0.,1.));
#13368 = DIRECTION('',(1.,0.,0.));
#13369 = ADVANCED_FACE('',(#13370),#13389,.T.);
#13370 = FACE_BOUND('',#13371,.T.);
#13371 = EDGE_LOOP('',(#13372,#13381,#13382,#13383));
#13372 = ORIENTED_EDGE('',*,*,#13373,.F.);
#13373 = EDGE_CURVE('',#13350,#13374,#13376,.T.);
#13374 = VERTEX_POINT('',#13375);
#13375 = CARTESIAN_POINT('',(-3.174870752705,-7.5,0.72773913848));
#13376 = B_SPLINE_CURVE_WITH_KNOTS('',3,(#13377,#13378,#13379,#13380),
  .UNSPECIFIED.,.F.,.F.,(4,4),(2.,3.),.PIECEWISE_BEZIER_KNOTS.);
#13377 = CARTESIAN_POINT('',(-3.277656021523,-7.5,0.691680333943));
#13378 = CARTESIAN_POINT('',(-3.233731448349,-7.5,0.691680333943));
#13379 = CARTESIAN_POINT('',(-3.199440232268,-7.5,0.703699935454));
#13380 = CARTESIAN_POINT('',(-3.174870752705,-7.5,0.72773913848));
#13381 = ORIENTED_EDGE('',*,*,#13359,.F.);
#13382 = ORIENTED_EDGE('',*,*,#13136,.T.);
#13383 = ORIENTED_EDGE('',*,*,#13384,.T.);
#13384 = EDGE_CURVE('',#13128,#13374,#13385,.T.);
#13385 = LINE('',#13386,#13387);
#13386 = CARTESIAN_POINT('',(-3.174870752705,-7.51,0.72773913848));
#13387 = VECTOR('',#13388,1.);
#13388 = DIRECTION('',(-0.,1.,-0.));
#13389 = B_SPLINE_SURFACE_WITH_KNOTS('',3,1,(
    (#13390,#13391)
    ,(#13392,#13393)
    ,(#13394,#13395)
    ,(#13396,#13397
    )),.UNSPECIFIED.,.F.,.F.,.F.,(4,4),(2,2),(2.,3.),(0.,1.),
  .PIECEWISE_BEZIER_KNOTS.);
#13390 = CARTESIAN_POINT('',(-3.277656021523,-7.51,0.691680333943));
#13391 = CARTESIAN_POINT('',(-3.277656021523,-7.5,0.691680333943));
#13392 = CARTESIAN_POINT('',(-3.233731448349,-7.51,0.691680333943));
#13393 = CARTESIAN_POINT('',(-3.233731448349,-7.5,0.691680333943));
#13394 = CARTESIAN_POINT('',(-3.199440232268,-7.51,0.703699935454));
#13395 = CARTESIAN_POINT('',(-3.199440232268,-7.5,0.703699935454));
#13396 = CARTESIAN_POINT('',(-3.174870752705,-7.51,0.72773913848));
#13397 = CARTESIAN_POINT('',(-3.174870752705,-7.5,0.72773913848));
#13398 = ADVANCED_FACE('',(#13399),#13418,.T.);
#13399 = FACE_BOUND('',#13400,.T.);
#13400 = EDGE_LOOP('',(#13401,#13410,#13411,#13412));
#13401 = ORIENTED_EDGE('',*,*,#13402,.F.);
#13402 = EDGE_CURVE('',#13374,#13403,#13405,.T.);
#13403 = VERTEX_POINT('',#13404);
#13404 = CARTESIAN_POINT('',(-3.13792815394,-7.5,0.828314921726));
#13405 = B_SPLINE_CURVE_WITH_KNOTS('',3,(#13406,#13407,#13408,#13409),
  .UNSPECIFIED.,.F.,.F.,(4,4),(3.,4.),.PIECEWISE_BEZIER_KNOTS.);
#13406 = CARTESIAN_POINT('',(-3.174870752705,-7.5,0.72773913848));
#13407 = CARTESIAN_POINT('',(-3.150212893719,-7.5,0.75160158266));
#13408 = CARTESIAN_POINT('',(-3.13792815394,-7.5,0.785185763357));
#13409 = CARTESIAN_POINT('',(-3.13792815394,-7.5,0.828314921726));
#13410 = ORIENTED_EDGE('',*,*,#13384,.F.);
#13411 = ORIENTED_EDGE('',*,*,#13127,.T.);
#13412 = ORIENTED_EDGE('',*,*,#13413,.T.);
#13413 = EDGE_CURVE('',#13119,#13403,#13414,.T.);
#13414 = LINE('',#13415,#13416);
#13415 = CARTESIAN_POINT('',(-3.13792815394,-7.51,0.828314921726));
#13416 = VECTOR('',#13417,1.);
#13417 = DIRECTION('',(-0.,1.,-0.));
#13418 = B_SPLINE_SURFACE_WITH_KNOTS('',3,1,(
    (#13419,#13420)
    ,(#13421,#13422)
    ,(#13423,#13424)
    ,(#13425,#13426
    )),.UNSPECIFIED.,.F.,.F.,.F.,(4,4),(2,2),(3.,4.),(0.,1.),
  .PIECEWISE_BEZIER_KNOTS.);
#13419 = CARTESIAN_POINT('',(-3.174870752705,-7.51,0.72773913848));
#13420 = CARTESIAN_POINT('',(-3.174870752705,-7.5,0.72773913848));
#13421 = CARTESIAN_POINT('',(-3.150212893719,-7.51,0.75160158266));
#13422 = CARTESIAN_POINT('',(-3.150212893719,-7.5,0.75160158266));
#13423 = CARTESIAN_POINT('',(-3.13792815394,-7.51,0.785185763357));
#13424 = CARTESIAN_POINT('',(-3.13792815394,-7.5,0.785185763357));
#13425 = CARTESIAN_POINT('',(-3.13792815394,-7.51,0.828314921726));
#13426 = CARTESIAN_POINT('',(-3.13792815394,-7.5,0.828314921726));
#13427 = ADVANCED_FACE('',(#13428),#13447,.T.);
#13428 = FACE_BOUND('',#13429,.T.);
#13429 = EDGE_LOOP('',(#13430,#13439,#13440,#13441));
#13430 = ORIENTED_EDGE('',*,*,#13431,.F.);
#13431 = EDGE_CURVE('',#13403,#13432,#13434,.T.);
#13432 = VERTEX_POINT('',#13433);
#13433 = CARTESIAN_POINT('',(-3.175842926358,-7.5,0.925709045747));
#13434 = B_SPLINE_CURVE_WITH_KNOTS('',3,(#13435,#13436,#13437,#13438),
  .UNSPECIFIED.,.F.,.F.,(4,4),(4.,5.),.PIECEWISE_BEZIER_KNOTS.);
#13435 = CARTESIAN_POINT('',(-3.13792815394,-7.5,0.828314921726));
#13436 = CARTESIAN_POINT('',(-3.13792815394,-7.5,0.871444080095));
#13437 = CARTESIAN_POINT('',(-3.150566411413,-7.5,0.903967707716));
#13438 = CARTESIAN_POINT('',(-3.175842926358,-7.5,0.925709045747));
#13439 = ORIENTED_EDGE('',*,*,#13413,.F.);
#13440 = ORIENTED_EDGE('',*,*,#13118,.T.);
#13441 = ORIENTED_EDGE('',*,*,#13442,.T.);
#13442 = EDGE_CURVE('',#13110,#13432,#13443,.T.);
#13443 = LINE('',#13444,#13445);
#13444 = CARTESIAN_POINT('',(-3.175842926358,-7.51,0.925709045747));
#13445 = VECTOR('',#13446,1.);
#13446 = DIRECTION('',(-0.,1.,-0.));
#13447 = B_SPLINE_SURFACE_WITH_KNOTS('',3,1,(
    (#13448,#13449)
    ,(#13450,#13451)
    ,(#13452,#13453)
    ,(#13454,#13455
    )),.UNSPECIFIED.,.F.,.F.,.F.,(4,4),(2,2),(4.,5.),(0.,1.),
  .PIECEWISE_BEZIER_KNOTS.);
#13448 = CARTESIAN_POINT('',(-3.13792815394,-7.51,0.828314921726));
#13449 = CARTESIAN_POINT('',(-3.13792815394,-7.5,0.828314921726));
#13450 = CARTESIAN_POINT('',(-3.13792815394,-7.51,0.871444080095));
#13451 = CARTESIAN_POINT('',(-3.13792815394,-7.5,0.871444080095));
#13452 = CARTESIAN_POINT('',(-3.150566411413,-7.51,0.903967707716));
#13453 = CARTESIAN_POINT('',(-3.150566411413,-7.5,0.903967707716));
#13454 = CARTESIAN_POINT('',(-3.175842926358,-7.51,0.925709045747));
#13455 = CARTESIAN_POINT('',(-3.175842926358,-7.5,0.925709045747));
#13456 = ADVANCED_FACE('',(#13457),#13469,.T.);
#13457 = FACE_BOUND('',#13458,.T.);
#13458 = EDGE_LOOP('',(#13459,#13466,#13467,#13468));
#13459 = ORIENTED_EDGE('',*,*,#13460,.F.);
#13460 = EDGE_CURVE('',#13432,#13295,#13461,.T.);
#13461 = B_SPLINE_CURVE_WITH_KNOTS('',3,(#13462,#13463,#13464,#13465),
  .UNSPECIFIED.,.F.,.F.,(4,4),(5.,6.),.PIECEWISE_BEZIER_KNOTS.);
#13462 = CARTESIAN_POINT('',(-3.175842926358,-7.5,0.925709045747));
#13463 = CARTESIAN_POINT('',(-3.201119441303,-7.5,0.947450383776));
#13464 = CARTESIAN_POINT('',(-3.234438483731,-7.5,0.95823267337));
#13465 = CARTESIAN_POINT('',(-3.275623294797,-7.5,0.95823267337));
#13466 = ORIENTED_EDGE('',*,*,#13442,.F.);
#13467 = ORIENTED_EDGE('',*,*,#13109,.T.);
#13468 = ORIENTED_EDGE('',*,*,#13304,.T.);
#13469 = B_SPLINE_SURFACE_WITH_KNOTS('',3,1,(
    (#13470,#13471)
    ,(#13472,#13473)
    ,(#13474,#13475)
    ,(#13476,#13477
    )),.UNSPECIFIED.,.F.,.F.,.F.,(4,4),(2,2),(5.,6.),(0.,1.),
  .PIECEWISE_BEZIER_KNOTS.);
#13470 = CARTESIAN_POINT('',(-3.175842926358,-7.51,0.925709045747));
#13471 = CARTESIAN_POINT('',(-3.175842926358,-7.5,0.925709045747));
#13472 = CARTESIAN_POINT('',(-3.201119441303,-7.51,0.947450383776));
#13473 = CARTESIAN_POINT('',(-3.201119441303,-7.5,0.947450383776));
#13474 = CARTESIAN_POINT('',(-3.234438483731,-7.51,0.95823267337));
#13475 = CARTESIAN_POINT('',(-3.234438483731,-7.5,0.95823267337));
#13476 = CARTESIAN_POINT('',(-3.275623294797,-7.51,0.95823267337));
#13477 = CARTESIAN_POINT('',(-3.275623294797,-7.5,0.95823267337));
#13478 = ADVANCED_FACE('',(#13479),#13488,.F.);
#13479 = FACE_BOUND('',#13480,.T.);
#13480 = EDGE_LOOP('',(#13481,#13482,#13483,#13484,#13485,#13486,#13487)
  );
#13481 = ORIENTED_EDGE('',*,*,#13460,.T.);
#13482 = ORIENTED_EDGE('',*,*,#13294,.T.);
#13483 = ORIENTED_EDGE('',*,*,#13325,.T.);
#13484 = ORIENTED_EDGE('',*,*,#13349,.T.);
#13485 = ORIENTED_EDGE('',*,*,#13373,.T.);
#13486 = ORIENTED_EDGE('',*,*,#13402,.T.);
#13487 = ORIENTED_EDGE('',*,*,#13431,.T.);
#13488 = PLANE('',#13489);
#13489 = AXIS2_PLACEMENT_3D('',#13490,#13491,#13492);
#13490 = CARTESIAN_POINT('',(-7.5,-7.5,4.));
#13491 = DIRECTION('',(0.,1.,0.));
#13492 = DIRECTION('',(0.,-0.,1.));
#13493 = ADVANCED_FACE('',(#13494,#13560),#13612,.F.);
#13494 = FACE_BOUND('',#13495,.T.);
#13495 = EDGE_LOOP('',(#13496,#13506,#13514,#13522,#13530,#13538,#13546,
    #13554));
#13496 = ORIENTED_EDGE('',*,*,#13497,.T.);
#13497 = EDGE_CURVE('',#13498,#13500,#13502,.T.);
#13498 = VERTEX_POINT('',#13499);
#13499 = CARTESIAN_POINT('',(-2.760724777057,-7.51,0.652263111336));
#13500 = VERTEX_POINT('',#13501);
#13501 = CARTESIAN_POINT('',(-2.892410117157,-7.51,0.998003413669));
#13502 = LINE('',#13503,#13504);
#13503 = CARTESIAN_POINT('',(-2.892410117157,-7.51,0.998003413669));
#13504 = VECTOR('',#13505,1.);
#13505 = DIRECTION('',(-0.355935724364,-0.,0.934510438744));
#13506 = ORIENTED_EDGE('',*,*,#13507,.T.);
#13507 = EDGE_CURVE('',#13500,#13508,#13510,.T.);
#13508 = VERTEX_POINT('',#13509);
#13509 = CARTESIAN_POINT('',(-2.940135005518,-7.51,0.998003413669));
#13510 = LINE('',#13511,#13512);
#13511 = CARTESIAN_POINT('',(-2.940135005518,-7.51,0.998003413669));
#13512 = VECTOR('',#13513,1.);
#13513 = DIRECTION('',(-1.,-0.,-0.));
#13514 = ORIENTED_EDGE('',*,*,#13515,.T.);
#13515 = EDGE_CURVE('',#13508,#13516,#13518,.T.);
#13516 = VERTEX_POINT('',#13517);
#13517 = CARTESIAN_POINT('',(-3.071820345621,-7.51,0.652263111336));
#13518 = LINE('',#13519,#13520);
#13519 = CARTESIAN_POINT('',(-3.071820345621,-7.51,0.652263111336));
#13520 = VECTOR('',#13521,1.);
#13521 = DIRECTION('',(-0.35593572437,-0.,-0.934510438742));
#13522 = ORIENTED_EDGE('',*,*,#13523,.T.);
#13523 = EDGE_CURVE('',#13516,#13524,#13526,.T.);
#13524 = VERTEX_POINT('',#13525);
#13525 = CARTESIAN_POINT('',(-3.022504627649,-7.51,0.652263111336));
#13526 = LINE('',#13527,#13528);
#13527 = CARTESIAN_POINT('',(-3.022504627649,-7.51,0.652263111336));
#13528 = VECTOR('',#13529,1.);
#13529 = DIRECTION('',(1.,-0.,-0.));
#13530 = ORIENTED_EDGE('',*,*,#13531,.T.);
#13531 = EDGE_CURVE('',#13524,#13532,#13534,.T.);
#13532 = VERTEX_POINT('',#13533);
#13533 = CARTESIAN_POINT('',(-2.989273964644,-7.51,0.746829093823));
#13534 = LINE('',#13535,#13536);
#13535 = CARTESIAN_POINT('',(-2.989273964644,-7.51,0.746829093823));
#13536 = VECTOR('',#13537,1.);
#13537 = DIRECTION('',(0.331528418358,-0.,0.94344523308));
#13538 = ORIENTED_EDGE('',*,*,#13539,.T.);
#13539 = EDGE_CURVE('',#13532,#13540,#13542,.T.);
#13540 = VERTEX_POINT('',#13541);
#13541 = CARTESIAN_POINT('',(-2.84530388476,-7.51,0.746829093823));
#13542 = LINE('',#13543,#13544);
#13543 = CARTESIAN_POINT('',(-2.84530388476,-7.51,0.746829093823));
#13544 = VECTOR('',#13545,1.);
#13545 = DIRECTION('',(1.,-0.,-0.));
#13546 = ORIENTED_EDGE('',*,*,#13547,.T.);
#13547 = EDGE_CURVE('',#13540,#13548,#13550,.T.);
#13548 = VERTEX_POINT('',#13549);
#13549 = CARTESIAN_POINT('',(-2.810040495026,-7.51,0.652263111336));
#13550 = LINE('',#13551,#13552);
#13551 = CARTESIAN_POINT('',(-2.810040495026,-7.51,0.652263111336));
#13552 = VECTOR('',#13553,1.);
#13553 = DIRECTION('',(0.349395479497,-0.,-0.936975345944));
#13554 = ORIENTED_EDGE('',*,*,#13555,.T.);
#13555 = EDGE_CURVE('',#13548,#13498,#13556,.T.);
#13556 = LINE('',#13557,#13558);
#13557 = CARTESIAN_POINT('',(-2.760724777057,-7.51,0.652263111336));
#13558 = VECTOR('',#13559,1.);
#13559 = DIRECTION('',(1.,-0.,-0.));
#13560 = FACE_BOUND('',#13561,.T.);
#13561 = EDGE_LOOP('',(#13562,#13572,#13580,#13589,#13597,#13606));
#13562 = ORIENTED_EDGE('',*,*,#13563,.F.);
#13563 = EDGE_CURVE('',#13564,#13566,#13568,.T.);
#13564 = VERTEX_POINT('',#13565);
#13565 = CARTESIAN_POINT('',(-2.975133256979,-7.51,0.785892798739));
#13566 = VERTEX_POINT('',#13567);
#13567 = CARTESIAN_POINT('',(-2.859091074729,-7.51,0.785892798739));
#13568 = LINE('',#13569,#13570);
#13569 = CARTESIAN_POINT('',(-2.975133256979,-7.51,0.785892798739));
#13570 = VECTOR('',#13571,1.);
#13571 = DIRECTION('',(1.,0.,0.));
#13572 = ORIENTED_EDGE('',*,*,#13573,.F.);
#13573 = EDGE_CURVE('',#13574,#13564,#13576,.T.);
#13574 = VERTEX_POINT('',#13575);
#13575 = CARTESIAN_POINT('',(-2.923431294593,-7.51,0.929597740355));
#13576 = LINE('',#13577,#13578);
#13577 = CARTESIAN_POINT('',(-2.923431294593,-7.51,0.929597740355));
#13578 = VECTOR('',#13579,1.);
#13579 = DIRECTION('',(-0.338535034296,0.,-0.940953787683));
#13580 = ORIENTED_EDGE('',*,*,#13581,.F.);
#13581 = EDGE_CURVE('',#13582,#13574,#13584,.T.);
#13582 = VERTEX_POINT('',#13583);
#13583 = CARTESIAN_POINT('',(-2.917775011527,-7.51,0.953813702224));
#13584 = B_SPLINE_CURVE_WITH_KNOTS('',3,(#13585,#13586,#13587,#13588),
  .UNSPECIFIED.,.F.,.F.,(4,4),(3.,4.),.PIECEWISE_BEZIER_KNOTS.);
#13585 = CARTESIAN_POINT('',(-2.917775011527,-7.51,0.953813702224));
#13586 = CARTESIAN_POINT('',(-2.919454220563,-7.51,0.943384930323));
#13587 = CARTESIAN_POINT('',(-2.921310188441,-7.51,0.935254023418));
#13588 = CARTESIAN_POINT('',(-2.923431294593,-7.51,0.929597740355));
#13589 = ORIENTED_EDGE('',*,*,#13590,.F.);
#13590 = EDGE_CURVE('',#13591,#13582,#13593,.T.);
#13591 = VERTEX_POINT('',#13592);
#13592 = CARTESIAN_POINT('',(-2.916714458452,-7.51,0.953813702224));
#13593 = LINE('',#13594,#13595);
#13594 = CARTESIAN_POINT('',(-2.916714458452,-7.51,0.953813702224));
#13595 = VECTOR('',#13596,1.);
#13596 = DIRECTION('',(-1.,0.,0.));
#13597 = ORIENTED_EDGE('',*,*,#13598,.F.);
#13598 = EDGE_CURVE('',#13599,#13591,#13601,.T.);
#13599 = VERTEX_POINT('',#13600);
#13600 = CARTESIAN_POINT('',(-2.911323313657,-7.51,0.929597740355));
#13601 = B_SPLINE_CURVE_WITH_KNOTS('',3,(#13602,#13603,#13604,#13605),
  .UNSPECIFIED.,.F.,.F.,(4,4),(1.,2.),.PIECEWISE_BEZIER_KNOTS.);
#13602 = CARTESIAN_POINT('',(-2.911323313657,-7.51,0.929597740355));
#13603 = CARTESIAN_POINT('',(-2.91300252269,-7.51,0.93437022919));
#13604 = CARTESIAN_POINT('',(-2.91477011115,-7.51,0.94232437725));
#13605 = CARTESIAN_POINT('',(-2.916714458452,-7.51,0.953813702224));
#13606 = ORIENTED_EDGE('',*,*,#13607,.F.);
#13607 = EDGE_CURVE('',#13566,#13599,#13608,.T.);
#13608 = LINE('',#13609,#13610);
#13609 = CARTESIAN_POINT('',(-2.859091074729,-7.51,0.785892798739));
#13610 = VECTOR('',#13611,1.);
#13611 = DIRECTION('',(-0.34160383069,0.,0.939844041774));
#13612 = PLANE('',#13613);
#13613 = AXIS2_PLACEMENT_3D('',#13614,#13615,#13616);
#13614 = CARTESIAN_POINT('',(0.,-7.51,0.));
#13615 = DIRECTION('',(0.,1.,0.));
#13616 = DIRECTION('',(0.,-0.,1.));
#13617 = ADVANCED_FACE('',(#13618),#13634,.F.);
#13618 = FACE_BOUND('',#13619,.T.);
#13619 = EDGE_LOOP('',(#13620,#13621,#13627,#13628));
#13620 = ORIENTED_EDGE('',*,*,#2651,.T.);
#13621 = ORIENTED_EDGE('',*,*,#13622,.F.);
#13622 = EDGE_CURVE('',#13500,#2654,#13623,.T.);
#13623 = LINE('',#13624,#13625);
#13624 = CARTESIAN_POINT('',(-2.892410117157,-7.51,0.998003413669));
#13625 = VECTOR('',#13626,1.);
#13626 = DIRECTION('',(-0.,1.,-0.));
#13627 = ORIENTED_EDGE('',*,*,#13497,.F.);
#13628 = ORIENTED_EDGE('',*,*,#13629,.T.);
#13629 = EDGE_CURVE('',#13498,#2652,#13630,.T.);
#13630 = LINE('',#13631,#13632);
#13631 = CARTESIAN_POINT('',(-2.760724777057,-7.51,0.652263111336));
#13632 = VECTOR('',#13633,1.);
#13633 = DIRECTION('',(-0.,1.,-0.));
#13634 = PLANE('',#13635);
#13635 = AXIS2_PLACEMENT_3D('',#13636,#13637,#13638);
#13636 = CARTESIAN_POINT('',(-2.892410117157,-7.51,0.998003413669));
#13637 = DIRECTION('',(-0.934510438744,0.,-0.355935724364));
#13638 = DIRECTION('',(-0.355935724364,0.,0.934510438744));
#13639 = ADVANCED_FACE('',(#13640),#13651,.F.);
#13640 = FACE_BOUND('',#13641,.T.);
#13641 = EDGE_LOOP('',(#13642,#13643,#13649,#13650));
#13642 = ORIENTED_EDGE('',*,*,#2709,.T.);
#13643 = ORIENTED_EDGE('',*,*,#13644,.F.);
#13644 = EDGE_CURVE('',#13508,#2702,#13645,.T.);
#13645 = LINE('',#13646,#13647);
#13646 = CARTESIAN_POINT('',(-2.940135005518,-7.51,0.998003413669));
#13647 = VECTOR('',#13648,1.);
#13648 = DIRECTION('',(-0.,1.,-0.));
#13649 = ORIENTED_EDGE('',*,*,#13507,.F.);
#13650 = ORIENTED_EDGE('',*,*,#13622,.T.);
#13651 = PLANE('',#13652);
#13652 = AXIS2_PLACEMENT_3D('',#13653,#13654,#13655);
#13653 = CARTESIAN_POINT('',(-2.940135005518,-7.51,0.998003413669));
#13654 = DIRECTION('',(0.,0.,-1.));
#13655 = DIRECTION('',(-1.,0.,-0.));
#13656 = ADVANCED_FACE('',(#13657),#13668,.F.);
#13657 = FACE_BOUND('',#13658,.T.);
#13658 = EDGE_LOOP('',(#13659,#13660,#13666,#13667));
#13659 = ORIENTED_EDGE('',*,*,#2701,.T.);
#13660 = ORIENTED_EDGE('',*,*,#13661,.F.);
#13661 = EDGE_CURVE('',#13516,#2694,#13662,.T.);
#13662 = LINE('',#13663,#13664);
#13663 = CARTESIAN_POINT('',(-3.071820345621,-7.51,0.652263111336));
#13664 = VECTOR('',#13665,1.);
#13665 = DIRECTION('',(-0.,1.,-0.));
#13666 = ORIENTED_EDGE('',*,*,#13515,.F.);
#13667 = ORIENTED_EDGE('',*,*,#13644,.T.);
#13668 = PLANE('',#13669);
#13669 = AXIS2_PLACEMENT_3D('',#13670,#13671,#13672);
#13670 = CARTESIAN_POINT('',(-3.071820345621,-7.51,0.652263111336));
#13671 = DIRECTION('',(0.934510438742,0.,-0.35593572437));
#13672 = DIRECTION('',(-0.35593572437,0.,-0.934510438742));
#13673 = ADVANCED_FACE('',(#13674),#13685,.F.);
#13674 = FACE_BOUND('',#13675,.T.);
#13675 = EDGE_LOOP('',(#13676,#13677,#13683,#13684));
#13676 = ORIENTED_EDGE('',*,*,#2693,.T.);
#13677 = ORIENTED_EDGE('',*,*,#13678,.F.);
#13678 = EDGE_CURVE('',#13524,#2686,#13679,.T.);
#13679 = LINE('',#13680,#13681);
#13680 = CARTESIAN_POINT('',(-3.022504627649,-7.51,0.652263111336));
#13681 = VECTOR('',#13682,1.);
#13682 = DIRECTION('',(-0.,1.,-0.));
#13683 = ORIENTED_EDGE('',*,*,#13523,.F.);
#13684 = ORIENTED_EDGE('',*,*,#13661,.T.);
#13685 = PLANE('',#13686);
#13686 = AXIS2_PLACEMENT_3D('',#13687,#13688,#13689);
#13687 = CARTESIAN_POINT('',(-3.022504627649,-7.51,0.652263111336));
#13688 = DIRECTION('',(0.,0.,1.));
#13689 = DIRECTION('',(1.,0.,-0.));
#13690 = ADVANCED_FACE('',(#13691),#13702,.F.);
#13691 = FACE_BOUND('',#13692,.T.);
#13692 = EDGE_LOOP('',(#13693,#13694,#13700,#13701));
#13693 = ORIENTED_EDGE('',*,*,#2685,.T.);
#13694 = ORIENTED_EDGE('',*,*,#13695,.F.);
#13695 = EDGE_CURVE('',#13532,#2678,#13696,.T.);
#13696 = LINE('',#13697,#13698);
#13697 = CARTESIAN_POINT('',(-2.989273964644,-7.51,0.746829093823));
#13698 = VECTOR('',#13699,1.);
#13699 = DIRECTION('',(-0.,1.,-0.));
#13700 = ORIENTED_EDGE('',*,*,#13531,.F.);
#13701 = ORIENTED_EDGE('',*,*,#13678,.T.);
#13702 = PLANE('',#13703);
#13703 = AXIS2_PLACEMENT_3D('',#13704,#13705,#13706);
#13704 = CARTESIAN_POINT('',(-2.989273964644,-7.51,0.746829093823));
#13705 = DIRECTION('',(-0.94344523308,0.,0.331528418358));
#13706 = DIRECTION('',(0.331528418358,0.,0.94344523308));
#13707 = ADVANCED_FACE('',(#13708),#13719,.F.);
#13708 = FACE_BOUND('',#13709,.T.);
#13709 = EDGE_LOOP('',(#13710,#13711,#13717,#13718));
#13710 = ORIENTED_EDGE('',*,*,#2677,.T.);
#13711 = ORIENTED_EDGE('',*,*,#13712,.F.);
#13712 = EDGE_CURVE('',#13540,#2670,#13713,.T.);
#13713 = LINE('',#13714,#13715);
#13714 = CARTESIAN_POINT('',(-2.84530388476,-7.51,0.746829093823));
#13715 = VECTOR('',#13716,1.);
#13716 = DIRECTION('',(-0.,1.,-0.));
#13717 = ORIENTED_EDGE('',*,*,#13539,.F.);
#13718 = ORIENTED_EDGE('',*,*,#13695,.T.);
#13719 = PLANE('',#13720);
#13720 = AXIS2_PLACEMENT_3D('',#13721,#13722,#13723);
#13721 = CARTESIAN_POINT('',(-2.84530388476,-7.51,0.746829093823));
#13722 = DIRECTION('',(0.,0.,1.));
#13723 = DIRECTION('',(1.,0.,-0.));
#13724 = ADVANCED_FACE('',(#13725),#13736,.F.);
#13725 = FACE_BOUND('',#13726,.T.);
#13726 = EDGE_LOOP('',(#13727,#13728,#13734,#13735));
#13727 = ORIENTED_EDGE('',*,*,#2669,.T.);
#13728 = ORIENTED_EDGE('',*,*,#13729,.F.);
#13729 = EDGE_CURVE('',#13548,#2662,#13730,.T.);
#13730 = LINE('',#13731,#13732);
#13731 = CARTESIAN_POINT('',(-2.810040495026,-7.51,0.652263111336));
#13732 = VECTOR('',#13733,1.);
#13733 = DIRECTION('',(-0.,1.,-0.));
#13734 = ORIENTED_EDGE('',*,*,#13547,.F.);
#13735 = ORIENTED_EDGE('',*,*,#13712,.T.);
#13736 = PLANE('',#13737);
#13737 = AXIS2_PLACEMENT_3D('',#13738,#13739,#13740);
#13738 = CARTESIAN_POINT('',(-2.810040495026,-7.51,0.652263111336));
#13739 = DIRECTION('',(0.936975345944,0.,0.349395479497));
#13740 = DIRECTION('',(0.349395479497,0.,-0.936975345944));
#13741 = ADVANCED_FACE('',(#13742),#13748,.F.);
#13742 = FACE_BOUND('',#13743,.T.);
#13743 = EDGE_LOOP('',(#13744,#13745,#13746,#13747));
#13744 = ORIENTED_EDGE('',*,*,#2661,.T.);
#13745 = ORIENTED_EDGE('',*,*,#13629,.F.);
#13746 = ORIENTED_EDGE('',*,*,#13555,.F.);
#13747 = ORIENTED_EDGE('',*,*,#13729,.T.);
#13748 = PLANE('',#13749);
#13749 = AXIS2_PLACEMENT_3D('',#13750,#13751,#13752);
#13750 = CARTESIAN_POINT('',(-2.760724777057,-7.51,0.652263111336));
#13751 = DIRECTION('',(0.,0.,1.));
#13752 = DIRECTION('',(1.,0.,-0.));
#13753 = ADVANCED_FACE('',(#13754),#13779,.T.);
#13754 = FACE_BOUND('',#13755,.T.);
#13755 = EDGE_LOOP('',(#13756,#13766,#13772,#13773));
#13756 = ORIENTED_EDGE('',*,*,#13757,.F.);
#13757 = EDGE_CURVE('',#13758,#13760,#13762,.T.);
#13758 = VERTEX_POINT('',#13759);
#13759 = CARTESIAN_POINT('',(-2.975133256979,-7.5,0.785892798739));
#13760 = VERTEX_POINT('',#13761);
#13761 = CARTESIAN_POINT('',(-2.859091074729,-7.5,0.785892798739));
#13762 = LINE('',#13763,#13764);
#13763 = CARTESIAN_POINT('',(-2.975133256979,-7.5,0.785892798739));
#13764 = VECTOR('',#13765,1.);
#13765 = DIRECTION('',(1.,0.,0.));
#13766 = ORIENTED_EDGE('',*,*,#13767,.F.);
#13767 = EDGE_CURVE('',#13564,#13758,#13768,.T.);
#13768 = LINE('',#13769,#13770);
#13769 = CARTESIAN_POINT('',(-2.975133256979,-7.51,0.785892798739));
#13770 = VECTOR('',#13771,1.);
#13771 = DIRECTION('',(-0.,1.,-0.));
#13772 = ORIENTED_EDGE('',*,*,#13563,.T.);
#13773 = ORIENTED_EDGE('',*,*,#13774,.T.);
#13774 = EDGE_CURVE('',#13566,#13760,#13775,.T.);
#13775 = LINE('',#13776,#13777);
#13776 = CARTESIAN_POINT('',(-2.859091074729,-7.51,0.785892798739));
#13777 = VECTOR('',#13778,1.);
#13778 = DIRECTION('',(-0.,1.,-0.));
#13779 = PLANE('',#13780);
#13780 = AXIS2_PLACEMENT_3D('',#13781,#13782,#13783);
#13781 = CARTESIAN_POINT('',(-2.975133256979,-7.51,0.785892798739));
#13782 = DIRECTION('',(-0.,0.,1.));
#13783 = DIRECTION('',(1.,0.,0.));
#13784 = ADVANCED_FACE('',(#13785),#13803,.T.);
#13785 = FACE_BOUND('',#13786,.T.);
#13786 = EDGE_LOOP('',(#13787,#13795,#13796,#13797));
#13787 = ORIENTED_EDGE('',*,*,#13788,.F.);
#13788 = EDGE_CURVE('',#13760,#13789,#13791,.T.);
#13789 = VERTEX_POINT('',#13790);
#13790 = CARTESIAN_POINT('',(-2.911323313657,-7.5,0.929597740355));
#13791 = LINE('',#13792,#13793);
#13792 = CARTESIAN_POINT('',(-2.859091074729,-7.5,0.785892798739));
#13793 = VECTOR('',#13794,1.);
#13794 = DIRECTION('',(-0.34160383069,0.,0.939844041774));
#13795 = ORIENTED_EDGE('',*,*,#13774,.F.);
#13796 = ORIENTED_EDGE('',*,*,#13607,.T.);
#13797 = ORIENTED_EDGE('',*,*,#13798,.T.);
#13798 = EDGE_CURVE('',#13599,#13789,#13799,.T.);
#13799 = LINE('',#13800,#13801);
#13800 = CARTESIAN_POINT('',(-2.911323313657,-7.51,0.929597740355));
#13801 = VECTOR('',#13802,1.);
#13802 = DIRECTION('',(-0.,1.,-0.));
#13803 = PLANE('',#13804);
#13804 = AXIS2_PLACEMENT_3D('',#13805,#13806,#13807);
#13805 = CARTESIAN_POINT('',(-2.859091074729,-7.51,0.785892798739));
#13806 = DIRECTION('',(-0.939844041774,0.,-0.34160383069));
#13807 = DIRECTION('',(-0.34160383069,0.,0.939844041774));
#13808 = ADVANCED_FACE('',(#13809),#13828,.T.);
#13809 = FACE_BOUND('',#13810,.T.);
#13810 = EDGE_LOOP('',(#13811,#13820,#13821,#13822));
#13811 = ORIENTED_EDGE('',*,*,#13812,.F.);
#13812 = EDGE_CURVE('',#13789,#13813,#13815,.T.);
#13813 = VERTEX_POINT('',#13814);
#13814 = CARTESIAN_POINT('',(-2.916714458452,-7.5,0.953813702224));
#13815 = B_SPLINE_CURVE_WITH_KNOTS('',3,(#13816,#13817,#13818,#13819),
  .UNSPECIFIED.,.F.,.F.,(4,4),(1.,2.),.PIECEWISE_BEZIER_KNOTS.);
#13816 = CARTESIAN_POINT('',(-2.911323313657,-7.5,0.929597740355));
#13817 = CARTESIAN_POINT('',(-2.91300252269,-7.5,0.93437022919));
#13818 = CARTESIAN_POINT('',(-2.91477011115,-7.5,0.94232437725));
#13819 = CARTESIAN_POINT('',(-2.916714458452,-7.5,0.953813702224));
#13820 = ORIENTED_EDGE('',*,*,#13798,.F.);
#13821 = ORIENTED_EDGE('',*,*,#13598,.T.);
#13822 = ORIENTED_EDGE('',*,*,#13823,.T.);
#13823 = EDGE_CURVE('',#13591,#13813,#13824,.T.);
#13824 = LINE('',#13825,#13826);
#13825 = CARTESIAN_POINT('',(-2.916714458452,-7.51,0.953813702224));
#13826 = VECTOR('',#13827,1.);
#13827 = DIRECTION('',(-0.,1.,-0.));
#13828 = B_SPLINE_SURFACE_WITH_KNOTS('',3,1,(
    (#13829,#13830)
    ,(#13831,#13832)
    ,(#13833,#13834)
    ,(#13835,#13836
    )),.UNSPECIFIED.,.F.,.F.,.F.,(4,4),(2,2),(1.,2.),(0.,1.),
  .PIECEWISE_BEZIER_KNOTS.);
#13829 = CARTESIAN_POINT('',(-2.911323313657,-7.51,0.929597740355));
#13830 = CARTESIAN_POINT('',(-2.911323313657,-7.5,0.929597740355));
#13831 = CARTESIAN_POINT('',(-2.91300252269,-7.51,0.93437022919));
#13832 = CARTESIAN_POINT('',(-2.91300252269,-7.5,0.93437022919));
#13833 = CARTESIAN_POINT('',(-2.91477011115,-7.51,0.94232437725));
#13834 = CARTESIAN_POINT('',(-2.91477011115,-7.5,0.94232437725));
#13835 = CARTESIAN_POINT('',(-2.916714458452,-7.51,0.953813702224));
#13836 = CARTESIAN_POINT('',(-2.916714458452,-7.5,0.953813702224));
#13837 = ADVANCED_FACE('',(#13838),#13856,.T.);
#13838 = FACE_BOUND('',#13839,.T.);
#13839 = EDGE_LOOP('',(#13840,#13848,#13849,#13850));
#13840 = ORIENTED_EDGE('',*,*,#13841,.F.);
#13841 = EDGE_CURVE('',#13813,#13842,#13844,.T.);
#13842 = VERTEX_POINT('',#13843);
#13843 = CARTESIAN_POINT('',(-2.917775011527,-7.5,0.953813702224));
#13844 = LINE('',#13845,#13846);
#13845 = CARTESIAN_POINT('',(-2.916714458452,-7.5,0.953813702224));
#13846 = VECTOR('',#13847,1.);
#13847 = DIRECTION('',(-1.,0.,0.));
#13848 = ORIENTED_EDGE('',*,*,#13823,.F.);
#13849 = ORIENTED_EDGE('',*,*,#13590,.T.);
#13850 = ORIENTED_EDGE('',*,*,#13851,.T.);
#13851 = EDGE_CURVE('',#13582,#13842,#13852,.T.);
#13852 = LINE('',#13853,#13854);
#13853 = CARTESIAN_POINT('',(-2.917775011527,-7.51,0.953813702224));
#13854 = VECTOR('',#13855,1.);
#13855 = DIRECTION('',(-0.,1.,-0.));
#13856 = PLANE('',#13857);
#13857 = AXIS2_PLACEMENT_3D('',#13858,#13859,#13860);
#13858 = CARTESIAN_POINT('',(-2.916714458452,-7.51,0.953813702224));
#13859 = DIRECTION('',(-0.,0.,-1.));
#13860 = DIRECTION('',(-1.,0.,0.));
#13861 = ADVANCED_FACE('',(#13862),#13881,.T.);
#13862 = FACE_BOUND('',#13863,.T.);
#13863 = EDGE_LOOP('',(#13864,#13873,#13874,#13875));
#13864 = ORIENTED_EDGE('',*,*,#13865,.F.);
#13865 = EDGE_CURVE('',#13842,#13866,#13868,.T.);
#13866 = VERTEX_POINT('',#13867);
#13867 = CARTESIAN_POINT('',(-2.923431294593,-7.5,0.929597740355));
#13868 = B_SPLINE_CURVE_WITH_KNOTS('',3,(#13869,#13870,#13871,#13872),
  .UNSPECIFIED.,.F.,.F.,(4,4),(3.,4.),.PIECEWISE_BEZIER_KNOTS.);
#13869 = CARTESIAN_POINT('',(-2.917775011527,-7.5,0.953813702224));
#13870 = CARTESIAN_POINT('',(-2.919454220563,-7.5,0.943384930323));
#13871 = CARTESIAN_POINT('',(-2.921310188441,-7.5,0.935254023418));
#13872 = CARTESIAN_POINT('',(-2.923431294593,-7.5,0.929597740355));
#13873 = ORIENTED_EDGE('',*,*,#13851,.F.);
#13874 = ORIENTED_EDGE('',*,*,#13581,.T.);
#13875 = ORIENTED_EDGE('',*,*,#13876,.T.);
#13876 = EDGE_CURVE('',#13574,#13866,#13877,.T.);
#13877 = LINE('',#13878,#13879);
#13878 = CARTESIAN_POINT('',(-2.923431294593,-7.51,0.929597740355));
#13879 = VECTOR('',#13880,1.);
#13880 = DIRECTION('',(-0.,1.,-0.));
#13881 = B_SPLINE_SURFACE_WITH_KNOTS('',3,1,(
    (#13882,#13883)
    ,(#13884,#13885)
    ,(#13886,#13887)
    ,(#13888,#13889
    )),.UNSPECIFIED.,.F.,.F.,.F.,(4,4),(2,2),(3.,4.),(0.,1.),
  .PIECEWISE_BEZIER_KNOTS.);
#13882 = CARTESIAN_POINT('',(-2.917775011527,-7.51,0.953813702224));
#13883 = CARTESIAN_POINT('',(-2.917775011527,-7.5,0.953813702224));
#13884 = CARTESIAN_POINT('',(-2.919454220563,-7.51,0.943384930323));
#13885 = CARTESIAN_POINT('',(-2.919454220563,-7.5,0.943384930323));
#13886 = CARTESIAN_POINT('',(-2.921310188441,-7.51,0.935254023418));
#13887 = CARTESIAN_POINT('',(-2.921310188441,-7.5,0.935254023418));
#13888 = CARTESIAN_POINT('',(-2.923431294593,-7.51,0.929597740355));
#13889 = CARTESIAN_POINT('',(-2.923431294593,-7.5,0.929597740355));
#13890 = ADVANCED_FACE('',(#13891),#13902,.T.);
#13891 = FACE_BOUND('',#13892,.T.);
#13892 = EDGE_LOOP('',(#13893,#13899,#13900,#13901));
#13893 = ORIENTED_EDGE('',*,*,#13894,.F.);
#13894 = EDGE_CURVE('',#13866,#13758,#13895,.T.);
#13895 = LINE('',#13896,#13897);
#13896 = CARTESIAN_POINT('',(-2.923431294593,-7.5,0.929597740355));
#13897 = VECTOR('',#13898,1.);
#13898 = DIRECTION('',(-0.338535034296,0.,-0.940953787683));
#13899 = ORIENTED_EDGE('',*,*,#13876,.F.);
#13900 = ORIENTED_EDGE('',*,*,#13573,.T.);
#13901 = ORIENTED_EDGE('',*,*,#13767,.T.);
#13902 = PLANE('',#13903);
#13903 = AXIS2_PLACEMENT_3D('',#13904,#13905,#13906);
#13904 = CARTESIAN_POINT('',(-2.923431294593,-7.51,0.929597740355));
#13905 = DIRECTION('',(0.940953787683,0.,-0.338535034296));
#13906 = DIRECTION('',(-0.338535034296,0.,-0.940953787683));
#13907 = ADVANCED_FACE('',(#13908),#13916,.F.);
#13908 = FACE_BOUND('',#13909,.T.);
#13909 = EDGE_LOOP('',(#13910,#13911,#13912,#13913,#13914,#13915));
#13910 = ORIENTED_EDGE('',*,*,#13894,.T.);
#13911 = ORIENTED_EDGE('',*,*,#13757,.T.);
#13912 = ORIENTED_EDGE('',*,*,#13788,.T.);
#13913 = ORIENTED_EDGE('',*,*,#13812,.T.);
#13914 = ORIENTED_EDGE('',*,*,#13841,.T.);
#13915 = ORIENTED_EDGE('',*,*,#13865,.T.);
#13916 = PLANE('',#13917);
#13917 = AXIS2_PLACEMENT_3D('',#13918,#13919,#13920);
#13918 = CARTESIAN_POINT('',(-7.5,-7.5,4.));
#13919 = DIRECTION('',(0.,1.,0.));
#13920 = DIRECTION('',(0.,-0.,1.));
#13921 = ADVANCED_FACE('',(#13922,#14216),#14241,.F.);
#13922 = FACE_BOUND('',#13923,.T.);
#13923 = EDGE_LOOP('',(#13924,#13935,#13944,#13953,#13962,#13971,#13980,
    #13989,#13998,#14007,#14016,#14025,#14034,#14043,#14051,#14059,
    #14067,#14076,#14085,#14094,#14103,#14112,#14121,#14130,#14139,
    #14148,#14157,#14165,#14174,#14183,#14192,#14200,#14209));
#13924 = ORIENTED_EDGE('',*,*,#13925,.T.);
#13925 = EDGE_CURVE('',#13926,#13928,#13930,.T.);
#13926 = VERTEX_POINT('',#13927);
#13927 = CARTESIAN_POINT('',(-4.864407110607,-7.51,0.995208974081));
#13928 = VERTEX_POINT('',#13929);
#13929 = CARTESIAN_POINT('',(-5.107766695151,-7.51,1.317230232574));
#13930 = B_SPLINE_CURVE_WITH_KNOTS('',3,(#13931,#13932,#13933,#13934),
  .UNSPECIFIED.,.F.,.F.,(4,4),(35.,36.),.PIECEWISE_BEZIER_KNOTS.);
#13931 = CARTESIAN_POINT('',(-4.864407110607,-7.51,0.995208974081));
#13932 = CARTESIAN_POINT('',(-4.866865251289,-7.51,1.142699571707));
#13933 = CARTESIAN_POINT('',(-4.967650613341,-7.51,1.272983043907));
#13934 = CARTESIAN_POINT('',(-5.107766695151,-7.51,1.317230232574));
#13935 = ORIENTED_EDGE('',*,*,#13936,.T.);
#13936 = EDGE_CURVE('',#13928,#13937,#13939,.T.);
#13937 = VERTEX_POINT('',#13938);
#13938 = CARTESIAN_POINT('',(-5.240508354918,-7.51,1.511426311924));
#13939 = B_SPLINE_CURVE_WITH_KNOTS('',3,(#13940,#13941,#13942,#13943),
  .UNSPECIFIED.,.F.,.F.,(4,4),(0.,1.),.PIECEWISE_BEZIER_KNOTS.);
#13940 = CARTESIAN_POINT('',(-5.107766695151,-7.51,1.317230232574));
#13941 = CARTESIAN_POINT('',(-5.134806617732,-7.51,1.390975578271));
#13942 = CARTESIAN_POINT('',(-5.18151204085,-7.51,1.457346384713));
#13943 = CARTESIAN_POINT('',(-5.240508354918,-7.51,1.511426311924));
#13944 = ORIENTED_EDGE('',*,*,#13945,.T.);
#13945 = EDGE_CURVE('',#13937,#13946,#13948,.T.);
#13946 = VERTEX_POINT('',#13947);
#13947 = CARTESIAN_POINT('',(-5.574820551247,-7.51,1.639251584837));
#13948 = B_SPLINE_CURVE_WITH_KNOTS('',3,(#13949,#13950,#13951,#13952),
  .UNSPECIFIED.,.F.,.F.,(4,4),(1.,2.),.PIECEWISE_BEZIER_KNOTS.);
#13949 = CARTESIAN_POINT('',(-5.240508354918,-7.51,1.511426311924));
#13950 = CARTESIAN_POINT('',(-5.333919107383,-7.51,1.592546199814));
#13951 = CARTESIAN_POINT('',(-5.451911641749,-7.51,1.639251584837));
#13952 = CARTESIAN_POINT('',(-5.574820551247,-7.51,1.639251584837));
#13953 = ORIENTED_EDGE('',*,*,#13954,.T.);
#13954 = EDGE_CURVE('',#13946,#13955,#13957,.T.);
#13955 = VERTEX_POINT('',#13956);
#13956 = CARTESIAN_POINT('',(-5.869801934044,-7.51,1.543382633082));
#13957 = B_SPLINE_CURVE_WITH_KNOTS('',3,(#13958,#13959,#13960,#13961),
  .UNSPECIFIED.,.F.,.F.,(4,4),(2.,3.),.PIECEWISE_BEZIER_KNOTS.);
#13958 = CARTESIAN_POINT('',(-5.574820551247,-7.51,1.639251584837));
#13959 = CARTESIAN_POINT('',(-5.682980382228,-7.51,1.639251584837));
#13960 = CARTESIAN_POINT('',(-5.783765697394,-7.51,1.604837090763));
#13961 = CARTESIAN_POINT('',(-5.869801934044,-7.51,1.543382633082));
#13962 = ORIENTED_EDGE('',*,*,#13963,.T.);
#13963 = EDGE_CURVE('',#13955,#13964,#13966,.T.);
#13964 = VERTEX_POINT('',#13965);
#13965 = CARTESIAN_POINT('',(-5.977961765025,-7.51,1.435222790381));
#13966 = B_SPLINE_CURVE_WITH_KNOTS('',3,(#13967,#13968,#13969,#13970),
  .UNSPECIFIED.,.F.,.F.,(4,4),(3.,4.),.PIECEWISE_BEZIER_KNOTS.);
#13967 = CARTESIAN_POINT('',(-5.869801934044,-7.51,1.543382633082));
#13968 = CARTESIAN_POINT('',(-5.911590982028,-7.51,1.51388448777));
#13969 = CARTESIAN_POINT('',(-5.94600546731,-7.51,1.477011814922));
#13970 = CARTESIAN_POINT('',(-5.977961765025,-7.51,1.435222790381));
#13971 = ORIENTED_EDGE('',*,*,#13972,.T.);
#13972 = EDGE_CURVE('',#13964,#13973,#13975,.T.);
#13973 = VERTEX_POINT('',#13974);
#13974 = CARTESIAN_POINT('',(-6.034499844641,-7.51,1.440139142071));
#13975 = B_SPLINE_CURVE_WITH_KNOTS('',3,(#13976,#13977,#13978,#13979),
  .UNSPECIFIED.,.F.,.F.,(4,4),(4.,5.),.PIECEWISE_BEZIER_KNOTS.);
#13976 = CARTESIAN_POINT('',(-5.977961765025,-7.51,1.435222790381));
#13977 = CARTESIAN_POINT('',(-5.997627171791,-7.51,1.437680977947));
#13978 = CARTESIAN_POINT('',(-6.014834437875,-7.51,1.440139142071));
#13979 = CARTESIAN_POINT('',(-6.034499844641,-7.51,1.440139142071));
#13980 = ORIENTED_EDGE('',*,*,#13981,.T.);
#13981 = EDGE_CURVE('',#13973,#13982,#13984,.T.);
#13982 = VERTEX_POINT('',#13983);
#13983 = CARTESIAN_POINT('',(-6.317190336487,-7.51,1.322146584264));
#13984 = B_SPLINE_CURVE_WITH_KNOTS('',3,(#13985,#13986,#13987,#13988),
  .UNSPECIFIED.,.F.,.F.,(4,4),(5.,6.),.PIECEWISE_BEZIER_KNOTS.);
#13985 = CARTESIAN_POINT('',(-6.034499844641,-7.51,1.440139142071));
#13986 = CARTESIAN_POINT('',(-6.140201511498,-7.51,1.440139142071));
#13987 = CARTESIAN_POINT('',(-6.240986803221,-7.51,1.398350117532));
#13988 = CARTESIAN_POINT('',(-6.317190336487,-7.51,1.322146584264));
#13989 = ORIENTED_EDGE('',*,*,#13990,.T.);
#13990 = EDGE_CURVE('',#13982,#13991,#13993,.T.);
#13991 = VERTEX_POINT('',#13992);
#13992 = CARTESIAN_POINT('',(-6.432724777056,-7.51,1.041914303428));
#13993 = B_SPLINE_CURVE_WITH_KNOTS('',3,(#13994,#13995,#13996,#13997),
  .UNSPECIFIED.,.F.,.F.,(4,4),(6.,7.),.PIECEWISE_BEZIER_KNOTS.);
#13994 = CARTESIAN_POINT('',(-6.317190336487,-7.51,1.322146584264));
#13995 = CARTESIAN_POINT('',(-6.390935746655,-7.51,1.248401262008));
#13996 = CARTESIAN_POINT('',(-6.432724777056,-7.51,1.147615946841));
#13997 = CARTESIAN_POINT('',(-6.432724777056,-7.51,1.041914303428));
#13998 = ORIENTED_EDGE('',*,*,#13999,.T.);
#13999 = EDGE_CURVE('',#13991,#14000,#14002,.T.);
#14000 = VERTEX_POINT('',#14001);
#14001 = CARTESIAN_POINT('',(-6.329481297766,-7.51,0.773972936983));
#14002 = B_SPLINE_CURVE_WITH_KNOTS('',3,(#14003,#14004,#14005,#14006),
  .UNSPECIFIED.,.F.,.F.,(4,4),(7.,8.),.PIECEWISE_BEZIER_KNOTS.);
#14003 = CARTESIAN_POINT('',(-6.432724777056,-7.51,1.041914303428));
#14004 = CARTESIAN_POINT('',(-6.432724777056,-7.51,0.943587175828));
#14005 = CARTESIAN_POINT('',(-6.395852104208,-7.51,0.84771818891));
#14006 = CARTESIAN_POINT('',(-6.329481297766,-7.51,0.773972936983));
#14007 = ORIENTED_EDGE('',*,*,#14008,.T.);
#14008 = EDGE_CURVE('',#14000,#14009,#14011,.T.);
#14009 = VERTEX_POINT('',#14010);
#14010 = CARTESIAN_POINT('',(-6.132827042569,-7.51,0.655980402619));
#14011 = B_SPLINE_CURVE_WITH_KNOTS('',3,(#14012,#14013,#14014,#14015),
  .UNSPECIFIED.,.F.,.F.,(4,4),(8.,9.),.PIECEWISE_BEZIER_KNOTS.);
#14012 = CARTESIAN_POINT('',(-6.329481297766,-7.51,0.773972936983));
#14013 = CARTESIAN_POINT('',(-6.275401382276,-7.51,0.714976622914));
#14014 = CARTESIAN_POINT('',(-6.209030552392,-7.51,0.675645809385));
#14015 = CARTESIAN_POINT('',(-6.132827042569,-7.51,0.655980402619));
#14016 = ORIENTED_EDGE('',*,*,#14017,.T.);
#14017 = EDGE_CURVE('',#14009,#14018,#14020,.T.);
#14018 = VERTEX_POINT('',#14019);
#14019 = CARTESIAN_POINT('',(-5.899300091077,-7.51,0.488824304455));
#14020 = B_SPLINE_CURVE_WITH_KNOTS('',3,(#14021,#14022,#14023,#14024),
  .UNSPECIFIED.,.F.,.F.,(4,4),(9.,10.),.PIECEWISE_BEZIER_KNOTS.);
#14021 = CARTESIAN_POINT('',(-6.132827042569,-7.51,0.655980402619));
#14022 = CARTESIAN_POINT('',(-6.100870721411,-7.51,0.557653275018));
#14023 = CARTESIAN_POINT('',(-6.007459968946,-7.51,0.488824304455));
#14024 = CARTESIAN_POINT('',(-5.899300091077,-7.51,0.488824304455));
#14025 = ORIENTED_EDGE('',*,*,#14026,.T.);
#14026 = EDGE_CURVE('',#14018,#14027,#14029,.T.);
#14027 = VERTEX_POINT('',#14028);
#14028 = CARTESIAN_POINT('',(-5.653482272079,-7.51,0.734642123452));
#14029 = B_SPLINE_CURVE_WITH_KNOTS('',3,(#14030,#14031,#14032,#14033),
  .UNSPECIFIED.,.F.,.F.,(4,4),(10.,11.),.PIECEWISE_BEZIER_KNOTS.);
#14030 = CARTESIAN_POINT('',(-5.899300091077,-7.51,0.488824304455));
#14031 = CARTESIAN_POINT('',(-5.76410029063,-7.51,0.488824304455));
#14032 = CARTESIAN_POINT('',(-5.653482272079,-7.51,0.599442323002));
#14033 = CARTESIAN_POINT('',(-5.653482272079,-7.51,0.734642123452));
#14034 = ORIENTED_EDGE('',*,*,#14035,.T.);
#14035 = EDGE_CURVE('',#14027,#14036,#14038,.T.);
#14036 = VERTEX_POINT('',#14037);
#14037 = CARTESIAN_POINT('',(-5.653482272079,-7.51,0.759223905353));
#14038 = B_SPLINE_CURVE_WITH_KNOTS('',3,(#14039,#14040,#14041,#14042),
  .UNSPECIFIED.,.F.,.F.,(4,4),(11.,12.),.PIECEWISE_BEZIER_KNOTS.);
#14039 = CARTESIAN_POINT('',(-5.653482272079,-7.51,0.734642123452));
#14040 = CARTESIAN_POINT('',(-5.653482272079,-7.51,0.742016639268));
#14041 = CARTESIAN_POINT('',(-5.653482272079,-7.51,0.749391155084));
#14042 = CARTESIAN_POINT('',(-5.653482272079,-7.51,0.759223905353));
#14043 = ORIENTED_EDGE('',*,*,#14044,.T.);
#14044 = EDGE_CURVE('',#14036,#14045,#14047,.T.);
#14045 = VERTEX_POINT('',#14046);
#14046 = CARTESIAN_POINT('',(-5.309337325483,-7.51,0.941129082033));
#14047 = LINE('',#14048,#14049);
#14048 = CARTESIAN_POINT('',(-5.653482272079,-7.51,0.759223905353));
#14049 = VECTOR('',#14050,1.);
#14050 = DIRECTION('',(0.884094950248,0.,0.467307306755));
#14051 = ORIENTED_EDGE('',*,*,#14052,.T.);
#14052 = EDGE_CURVE('',#14045,#14053,#14055,.T.);
#14053 = VERTEX_POINT('',#14054);
#14054 = CARTESIAN_POINT('',(-5.385540811864,-7.51,1.071412554233));
#14055 = LINE('',#14056,#14057);
#14056 = CARTESIAN_POINT('',(-5.309337325483,-7.51,0.941129082033));
#14057 = VECTOR('',#14058,1.);
#14058 = DIRECTION('',(-0.50488304865,0.,0.863187758941));
#14059 = ORIENTED_EDGE('',*,*,#14060,.T.);
#14060 = EDGE_CURVE('',#14053,#14061,#14063,.T.);
#14061 = VERTEX_POINT('',#14062);
#14062 = CARTESIAN_POINT('',(-5.714936679943,-7.51,0.899340080935));
#14063 = LINE('',#14064,#14065);
#14064 = CARTESIAN_POINT('',(-5.385540811864,-7.51,1.071412554233));
#14065 = VECTOR('',#14066,1.);
#14066 = DIRECTION('',(-0.886348842796,0.,-0.463018065387));
#14067 = ORIENTED_EDGE('',*,*,#14068,.T.);
#14068 = EDGE_CURVE('',#14061,#14069,#14071,.T.);
#14069 = VERTEX_POINT('',#14070);
#14070 = CARTESIAN_POINT('',(-5.899300044191,-7.51,0.982918130017));
#14071 = B_SPLINE_CURVE_WITH_KNOTS('',3,(#14072,#14073,#14074,#14075),
  .UNSPECIFIED.,.F.,.F.,(4,4),(15.,16.),.PIECEWISE_BEZIER_KNOTS.);
#14072 = CARTESIAN_POINT('',(-5.714936679943,-7.51,0.899340080935));
#14073 = CARTESIAN_POINT('',(-5.759183868609,-7.51,0.950961832302));
#14074 = CARTESIAN_POINT('',(-5.825554698492,-7.51,0.982918130017));
#14075 = CARTESIAN_POINT('',(-5.899300044191,-7.51,0.982918130017));
#14076 = ORIENTED_EDGE('',*,*,#14077,.T.);
#14077 = EDGE_CURVE('',#14069,#14078,#14080,.T.);
#14078 = VERTEX_POINT('',#14079);
#14079 = CARTESIAN_POINT('',(-6.130368784672,-7.51,0.820678360103));
#14080 = B_SPLINE_CURVE_WITH_KNOTS('',3,(#14081,#14082,#14083,#14084),
  .UNSPECIFIED.,.F.,.F.,(4,4),(16.,17.),.PIECEWISE_BEZIER_KNOTS.);
#14081 = CARTESIAN_POINT('',(-5.899300044191,-7.51,0.982918130017));
#14082 = CARTESIAN_POINT('',(-6.005001734492,-7.51,0.982918130017));
#14083 = CARTESIAN_POINT('',(-6.095954299389,-7.51,0.914089159454));
#14084 = CARTESIAN_POINT('',(-6.130368784672,-7.51,0.820678360103));
#14085 = ORIENTED_EDGE('',*,*,#14086,.T.);
#14086 = EDGE_CURVE('',#14078,#14087,#14089,.T.);
#14087 = VERTEX_POINT('',#14088);
#14088 = CARTESIAN_POINT('',(-6.277859476071,-7.51,1.046830772334));
#14089 = B_SPLINE_CURVE_WITH_KNOTS('',3,(#14090,#14091,#14092,#14093),
  .UNSPECIFIED.,.F.,.F.,(4,4),(17.,18.),.PIECEWISE_BEZIER_KNOTS.);
#14090 = CARTESIAN_POINT('',(-6.130368784672,-7.51,0.820678360103));
#14091 = CARTESIAN_POINT('',(-6.216405021321,-7.51,0.860009220518));
#14092 = CARTESIAN_POINT('',(-6.277859476071,-7.51,0.946045457167));
#14093 = CARTESIAN_POINT('',(-6.277859476071,-7.51,1.046830772334));
#14094 = ORIENTED_EDGE('',*,*,#14095,.T.);
#14095 = EDGE_CURVE('',#14087,#14096,#14098,.T.);
#14096 = VERTEX_POINT('',#14097);
#14097 = CARTESIAN_POINT('',(-6.032041657074,-7.51,1.292648591331));
#14098 = B_SPLINE_CURVE_WITH_KNOTS('',3,(#14099,#14100,#14101,#14102),
  .UNSPECIFIED.,.F.,.F.,(4,4),(18.,19.),.PIECEWISE_BEZIER_KNOTS.);
#14099 = CARTESIAN_POINT('',(-6.277859476071,-7.51,1.046830772334));
#14100 = CARTESIAN_POINT('',(-6.277859476071,-7.51,1.182030572783));
#14101 = CARTESIAN_POINT('',(-6.167241457522,-7.51,1.292648591331));
#14102 = CARTESIAN_POINT('',(-6.032041657074,-7.51,1.292648591331));
#14103 = ORIENTED_EDGE('',*,*,#14104,.T.);
#14104 = EDGE_CURVE('',#14096,#14105,#14107,.T.);
#14105 = VERTEX_POINT('',#14106);
#14106 = CARTESIAN_POINT('',(-5.901758231759,-7.51,1.25577591848));
#14107 = B_SPLINE_CURVE_WITH_KNOTS('',3,(#14108,#14109,#14110,#14111),
  .UNSPECIFIED.,.F.,.F.,(4,4),(19.,20.),.PIECEWISE_BEZIER_KNOTS.);
#14108 = CARTESIAN_POINT('',(-6.032041657074,-7.51,1.292648591331));
#14109 = CARTESIAN_POINT('',(-5.98533628084,-7.51,1.292648591331));
#14110 = CARTESIAN_POINT('',(-5.938630904608,-7.51,1.277899512814));
#14111 = CARTESIAN_POINT('',(-5.901758231759,-7.51,1.25577591848));
#14112 = ORIENTED_EDGE('',*,*,#14113,.T.);
#14113 = EDGE_CURVE('',#14105,#14114,#14116,.T.);
#14114 = VERTEX_POINT('',#14115);
#14115 = CARTESIAN_POINT('',(-5.572362410565,-7.51,1.491760893438));
#14116 = B_SPLINE_CURVE_WITH_KNOTS('',3,(#14117,#14118,#14119,#14120),
  .UNSPECIFIED.,.F.,.F.,(4,4),(20.,21.),.PIECEWISE_BEZIER_KNOTS.);
#14117 = CARTESIAN_POINT('',(-5.901758231759,-7.51,1.25577591848));
#14118 = CARTESIAN_POINT('',(-5.855052902413,-7.51,1.39343376584));
#14119 = CARTESIAN_POINT('',(-5.72722761778,-7.51,1.491760893438));
#14120 = CARTESIAN_POINT('',(-5.572362410565,-7.51,1.491760893438));
#14121 = ORIENTED_EDGE('',*,*,#14122,.T.);
#14122 = EDGE_CURVE('',#14114,#14123,#14125,.T.);
#14123 = VERTEX_POINT('',#14124);
#14124 = CARTESIAN_POINT('',(-5.228217463969,-7.51,1.184488619691));
#14125 = B_SPLINE_CURVE_WITH_KNOTS('',3,(#14126,#14127,#14128,#14129),
  .UNSPECIFIED.,.F.,.F.,(4,4),(21.,22.),.PIECEWISE_BEZIER_KNOTS.);
#14126 = CARTESIAN_POINT('',(-5.572362410565,-7.51,1.491760893438));
#14127 = CARTESIAN_POINT('',(-5.395373562132,-7.51,1.491760893438));
#14128 = CARTESIAN_POINT('',(-5.247882870735,-7.51,1.356561092989));
#14129 = CARTESIAN_POINT('',(-5.228217463969,-7.51,1.184488619691));
#14130 = ORIENTED_EDGE('',*,*,#14131,.T.);
#14131 = EDGE_CURVE('',#14123,#14132,#14134,.T.);
#14132 = VERTEX_POINT('',#14133);
#14133 = CARTESIAN_POINT('',(-5.208552057203,-7.51,1.184488619691));
#14134 = B_SPLINE_CURVE_WITH_KNOTS('',3,(#14135,#14136,#14137,#14138),
  .UNSPECIFIED.,.F.,.F.,(4,4),(22.,23.),.PIECEWISE_BEZIER_KNOTS.);
#14135 = CARTESIAN_POINT('',(-5.228217463969,-7.51,1.184488619691));
#14136 = CARTESIAN_POINT('',(-5.220842948154,-7.51,1.184488619691));
#14137 = CARTESIAN_POINT('',(-5.215926573019,-7.51,1.184488619691));
#14138 = CARTESIAN_POINT('',(-5.208552057203,-7.51,1.184488619691));
#14139 = ORIENTED_EDGE('',*,*,#14140,.T.);
#14140 = EDGE_CURVE('',#14132,#14141,#14143,.T.);
#14141 = VERTEX_POINT('',#14142);
#14142 = CARTESIAN_POINT('',(-5.01681417714,-7.51,0.992750739628));
#14143 = B_SPLINE_CURVE_WITH_KNOTS('',3,(#14144,#14145,#14146,#14147),
  .UNSPECIFIED.,.F.,.F.,(4,4),(23.,24.),.PIECEWISE_BEZIER_KNOTS.);
#14144 = CARTESIAN_POINT('',(-5.208552057203,-7.51,1.184488619691));
#14145 = CARTESIAN_POINT('',(-5.102850413789,-7.51,1.184488619691));
#14146 = CARTESIAN_POINT('',(-5.01681417714,-7.51,1.098452383043));
#14147 = CARTESIAN_POINT('',(-5.01681417714,-7.51,0.992750739628));
#14148 = ORIENTED_EDGE('',*,*,#14149,.T.);
#14149 = EDGE_CURVE('',#14141,#14150,#14152,.T.);
#14150 = VERTEX_POINT('',#14151);
#14151 = CARTESIAN_POINT('',(-5.193803025572,-7.51,0.801012859565));
#14152 = B_SPLINE_CURVE_WITH_KNOTS('',3,(#14153,#14154,#14155,#14156),
  .UNSPECIFIED.,.F.,.F.,(4,4),(24.,25.),.PIECEWISE_BEZIER_KNOTS.);
#14153 = CARTESIAN_POINT('',(-5.01681417714,-7.51,0.992750739628));
#14154 = CARTESIAN_POINT('',(-5.01681417714,-7.51,0.891965424461));
#14155 = CARTESIAN_POINT('',(-5.093017663521,-7.51,0.808387375381));
#14156 = CARTESIAN_POINT('',(-5.193803025572,-7.51,0.801012859565));
#14157 = ORIENTED_EDGE('',*,*,#14158,.T.);
#14158 = EDGE_CURVE('',#14150,#14159,#14161,.T.);
#14159 = VERTEX_POINT('',#14160);
#14160 = CARTESIAN_POINT('',(-5.304421044121,-7.51,0.801012859565));
#14161 = LINE('',#14162,#14163);
#14162 = CARTESIAN_POINT('',(-5.193803025572,-7.51,0.801012859565));
#14163 = VECTOR('',#14164,1.);
#14164 = DIRECTION('',(-1.,0.,0.));
#14165 = ORIENTED_EDGE('',*,*,#14166,.T.);
#14166 = EDGE_CURVE('',#14159,#14167,#14169,.T.);
#14167 = VERTEX_POINT('',#14168);
#14168 = CARTESIAN_POINT('',(-5.319170075752,-7.51,0.803471000245));
#14169 = B_SPLINE_CURVE_WITH_KNOTS('',3,(#14170,#14171,#14172,#14173),
  .UNSPECIFIED.,.F.,.F.,(4,4),(26.,27.),.PIECEWISE_BEZIER_KNOTS.);
#14170 = CARTESIAN_POINT('',(-5.304421044121,-7.51,0.801012859565));
#14171 = CARTESIAN_POINT('',(-5.309337419255,-7.51,0.801012859565));
#14172 = CARTESIAN_POINT('',(-5.31425379439,-7.51,0.803471000245));
#14173 = CARTESIAN_POINT('',(-5.319170075752,-7.51,0.803471000245));
#14174 = ORIENTED_EDGE('',*,*,#14175,.T.);
#14175 = EDGE_CURVE('',#14167,#14176,#14178,.T.);
#14176 = VERTEX_POINT('',#14177);
#14177 = CARTESIAN_POINT('',(-5.395373562132,-7.51,0.727267513866));
#14178 = B_SPLINE_CURVE_WITH_KNOTS('',3,(#14179,#14180,#14181,#14182),
  .UNSPECIFIED.,.F.,.F.,(4,4),(27.,28.),.PIECEWISE_BEZIER_KNOTS.);
#14179 = CARTESIAN_POINT('',(-5.319170075752,-7.51,0.803471000245));
#14180 = CARTESIAN_POINT('',(-5.360959123736,-7.51,0.803471000245));
#14181 = CARTESIAN_POINT('',(-5.395373562132,-7.51,0.769056468078));
#14182 = CARTESIAN_POINT('',(-5.395373562132,-7.51,0.727267513866));
#14183 = ORIENTED_EDGE('',*,*,#14184,.T.);
#14184 = EDGE_CURVE('',#14176,#14185,#14187,.T.);
#14185 = VERTEX_POINT('',#14186);
#14186 = CARTESIAN_POINT('',(-5.324086357114,-7.51,0.651064027483));
#14187 = B_SPLINE_CURVE_WITH_KNOTS('',3,(#14188,#14189,#14190,#14191),
  .UNSPECIFIED.,.F.,.F.,(4,4),(28.,29.),.PIECEWISE_BEZIER_KNOTS.);
#14188 = CARTESIAN_POINT('',(-5.395373562132,-7.51,0.727267513866));
#14189 = CARTESIAN_POINT('',(-5.395373562132,-7.51,0.687936700334));
#14190 = CARTESIAN_POINT('',(-5.363417264418,-7.51,0.653522168164));
#14191 = CARTESIAN_POINT('',(-5.324086357114,-7.51,0.651064027483));
#14192 = ORIENTED_EDGE('',*,*,#14193,.T.);
#14193 = EDGE_CURVE('',#14185,#14194,#14196,.T.);
#14194 = VERTEX_POINT('',#14195);
#14195 = CARTESIAN_POINT('',(-5.179053900169,-7.51,0.651064027483));
#14196 = LINE('',#14197,#14198);
#14197 = CARTESIAN_POINT('',(-5.324086357114,-7.51,0.651064027483));
#14198 = VECTOR('',#14199,1.);
#14199 = DIRECTION('',(1.,0.,0.));
#14200 = ORIENTED_EDGE('',*,*,#14201,.T.);
#14201 = EDGE_CURVE('',#14194,#14202,#14204,.T.);
#14202 = VERTEX_POINT('',#14203);
#14203 = CARTESIAN_POINT('',(-4.955359722391,-7.51,0.761682046033));
#14204 = B_SPLINE_CURVE_WITH_KNOTS('',3,(#14205,#14206,#14207,#14208),
  .UNSPECIFIED.,.F.,.F.,(4,4),(33.,34.),.PIECEWISE_BEZIER_KNOTS.);
#14205 = CARTESIAN_POINT('',(-5.179053900169,-7.51,0.651064027483));
#14206 = CARTESIAN_POINT('',(-5.093017663521,-7.51,0.6584385433));
#14207 = CARTESIAN_POINT('',(-5.014355942686,-7.51,0.697769450603));
#14208 = CARTESIAN_POINT('',(-4.955359722391,-7.51,0.761682046033));
#14209 = ORIENTED_EDGE('',*,*,#14210,.T.);
#14210 = EDGE_CURVE('',#14202,#13926,#14211,.T.);
#14211 = B_SPLINE_CURVE_WITH_KNOTS('',3,(#14212,#14213,#14214,#14215),
  .UNSPECIFIED.,.F.,.F.,(4,4),(34.,35.),.PIECEWISE_BEZIER_KNOTS.);
#14212 = CARTESIAN_POINT('',(-4.955359722391,-7.51,0.761682046033));
#14213 = CARTESIAN_POINT('',(-4.896363408322,-7.51,0.825594641464));
#14214 = CARTESIAN_POINT('',(-4.864407110607,-7.51,0.909172737432));
#14215 = CARTESIAN_POINT('',(-4.864407110607,-7.51,0.995208974081));
#14216 = FACE_BOUND('',#14217,.T.);
#14217 = EDGE_LOOP('',(#14218,#14232));
#14218 = ORIENTED_EDGE('',*,*,#14219,.F.);
#14219 = EDGE_CURVE('',#14220,#14222,#14224,.T.);
#14220 = VERTEX_POINT('',#14221);
#14221 = CARTESIAN_POINT('',(-5.901758278645,-7.51,0.636314808309));
#14222 = VERTEX_POINT('',#14223);
#14223 = CARTESIAN_POINT('',(-5.901758278645,-7.51,0.828052782144));
#14224 = B_SPLINE_CURVE_WITH_KNOTS('',3,(#14225,#14226,#14227,#14228,
    #14229,#14230,#14231),.UNSPECIFIED.,.F.,.F.,(4,3,4),(0.,1.,2.),
  .PIECEWISE_BEZIER_KNOTS.);
#14225 = CARTESIAN_POINT('',(-5.901758278645,-7.51,0.636314808309));
#14226 = CARTESIAN_POINT('',(-5.847678386598,-7.51,0.636314808309));
#14227 = CARTESIAN_POINT('',(-5.805889338614,-7.51,0.680562090746));
#14228 = CARTESIAN_POINT('',(-5.805889338614,-7.51,0.732183795227));
#14229 = CARTESIAN_POINT('',(-5.805889338614,-7.51,0.78626373416));
#14230 = CARTESIAN_POINT('',(-5.850136527278,-7.51,0.828052782144));
#14231 = CARTESIAN_POINT('',(-5.901758278645,-7.51,0.828052782144));
#14232 = ORIENTED_EDGE('',*,*,#14233,.F.);
#14233 = EDGE_CURVE('',#14222,#14220,#14234,.T.);
#14234 = B_SPLINE_CURVE_WITH_KNOTS('',3,(#14235,#14236,#14237,#14238,
    #14239,#14240),.UNSPECIFIED.,.F.,.F.,(4,2,4),(2.,3.,4.),
  .UNSPECIFIED.);
#14235 = CARTESIAN_POINT('',(-5.901758278645,-7.51,0.828052782144));
#14236 = CARTESIAN_POINT('',(-5.953380030011,-7.51,0.828052782144));
#14237 = CARTESIAN_POINT('',(-5.997627218677,-7.51,0.78626373416));
#14238 = CARTESIAN_POINT('',(-5.997627218677,-7.51,0.678103856293));
#14239 = CARTESIAN_POINT('',(-5.953380030011,-7.51,0.636314808309));
#14240 = CARTESIAN_POINT('',(-5.901758278645,-7.51,0.636314808309));
#14241 = PLANE('',#14242);
#14242 = AXIS2_PLACEMENT_3D('',#14243,#14244,#14245);
#14243 = CARTESIAN_POINT('',(-4.934465174956,-7.51,1.194935881687));
#14244 = DIRECTION('',(0.,1.,0.));
#14245 = DIRECTION('',(0.,-0.,1.));
#14246 = ADVANCED_FACE('',(#14247),#14263,.F.);
#14247 = FACE_BOUND('',#14248,.F.);
#14248 = EDGE_LOOP('',(#14249,#14255,#14256,#14262));
#14249 = ORIENTED_EDGE('',*,*,#14250,.F.);
#14250 = EDGE_CURVE('',#13926,#2718,#14251,.T.);
#14251 = LINE('',#14252,#14253);
#14252 = CARTESIAN_POINT('',(-4.864407110607,-7.51,0.995208974081));
#14253 = VECTOR('',#14254,1.);
#14254 = DIRECTION('',(-0.,1.,-0.));
#14255 = ORIENTED_EDGE('',*,*,#13925,.T.);
#14256 = ORIENTED_EDGE('',*,*,#14257,.T.);
#14257 = EDGE_CURVE('',#13928,#2720,#14258,.T.);
#14258 = LINE('',#14259,#14260);
#14259 = CARTESIAN_POINT('',(-5.107766695151,-7.51,1.317230232574));
#14260 = VECTOR('',#14261,1.);
#14261 = DIRECTION('',(-0.,1.,-0.));
#14262 = ORIENTED_EDGE('',*,*,#2717,.F.);
#14263 = B_SPLINE_SURFACE_WITH_KNOTS('',3,1,(
    (#14264,#14265)
    ,(#14266,#14267)
    ,(#14268,#14269)
    ,(#14270,#14271
    )),.UNSPECIFIED.,.F.,.F.,.F.,(4,4),(2,2),(35.,36.),(0.,1.),
  .PIECEWISE_BEZIER_KNOTS.);
#14264 = CARTESIAN_POINT('',(-4.864407110607,-7.51,0.995208974081));
#14265 = CARTESIAN_POINT('',(-4.864407110607,-7.5,0.995208974081));
#14266 = CARTESIAN_POINT('',(-4.866865251289,-7.51,1.142699571707));
#14267 = CARTESIAN_POINT('',(-4.866865251289,-7.5,1.142699571707));
#14268 = CARTESIAN_POINT('',(-4.967650613341,-7.51,1.272983043907));
#14269 = CARTESIAN_POINT('',(-4.967650613341,-7.5,1.272983043907));
#14270 = CARTESIAN_POINT('',(-5.107766695151,-7.51,1.317230232574));
#14271 = CARTESIAN_POINT('',(-5.107766695151,-7.5,1.317230232574));
#14272 = ADVANCED_FACE('',(#14273),#14284,.F.);
#14273 = FACE_BOUND('',#14274,.F.);
#14274 = EDGE_LOOP('',(#14275,#14276,#14277,#14283));
#14275 = ORIENTED_EDGE('',*,*,#14257,.F.);
#14276 = ORIENTED_EDGE('',*,*,#13936,.T.);
#14277 = ORIENTED_EDGE('',*,*,#14278,.T.);
#14278 = EDGE_CURVE('',#13937,#2994,#14279,.T.);
#14279 = LINE('',#14280,#14281);
#14280 = CARTESIAN_POINT('',(-5.240508354918,-7.51,1.511426311924));
#14281 = VECTOR('',#14282,1.);
#14282 = DIRECTION('',(-0.,1.,-0.));
#14283 = ORIENTED_EDGE('',*,*,#3002,.F.);
#14284 = B_SPLINE_SURFACE_WITH_KNOTS('',3,1,(
    (#14285,#14286)
    ,(#14287,#14288)
    ,(#14289,#14290)
    ,(#14291,#14292
    )),.UNSPECIFIED.,.F.,.F.,.F.,(4,4),(2,2),(0.,1.),(0.,1.),
  .PIECEWISE_BEZIER_KNOTS.);
#14285 = CARTESIAN_POINT('',(-5.107766695151,-7.51,1.317230232574));
#14286 = CARTESIAN_POINT('',(-5.107766695151,-7.5,1.317230232574));
#14287 = CARTESIAN_POINT('',(-5.134806617732,-7.51,1.390975578271));
#14288 = CARTESIAN_POINT('',(-5.134806617732,-7.5,1.390975578271));
#14289 = CARTESIAN_POINT('',(-5.18151204085,-7.51,1.457346384713));
#14290 = CARTESIAN_POINT('',(-5.18151204085,-7.5,1.457346384713));
#14291 = CARTESIAN_POINT('',(-5.240508354918,-7.51,1.511426311924));
#14292 = CARTESIAN_POINT('',(-5.240508354918,-7.5,1.511426311924));
#14293 = ADVANCED_FACE('',(#14294),#14305,.F.);
#14294 = FACE_BOUND('',#14295,.F.);
#14295 = EDGE_LOOP('',(#14296,#14297,#14298,#14304));
#14296 = ORIENTED_EDGE('',*,*,#14278,.F.);
#14297 = ORIENTED_EDGE('',*,*,#13945,.T.);
#14298 = ORIENTED_EDGE('',*,*,#14299,.T.);
#14299 = EDGE_CURVE('',#13946,#2985,#14300,.T.);
#14300 = LINE('',#14301,#14302);
#14301 = CARTESIAN_POINT('',(-5.574820551247,-7.51,1.639251584837));
#14302 = VECTOR('',#14303,1.);
#14303 = DIRECTION('',(-0.,1.,-0.));
#14304 = ORIENTED_EDGE('',*,*,#2993,.F.);
#14305 = B_SPLINE_SURFACE_WITH_KNOTS('',3,1,(
    (#14306,#14307)
    ,(#14308,#14309)
    ,(#14310,#14311)
    ,(#14312,#14313
    )),.UNSPECIFIED.,.F.,.F.,.F.,(4,4),(2,2),(1.,2.),(0.,1.),
  .PIECEWISE_BEZIER_KNOTS.);
#14306 = CARTESIAN_POINT('',(-5.240508354918,-7.51,1.511426311924));
#14307 = CARTESIAN_POINT('',(-5.240508354918,-7.5,1.511426311924));
#14308 = CARTESIAN_POINT('',(-5.333919107383,-7.51,1.592546199814));
#14309 = CARTESIAN_POINT('',(-5.333919107383,-7.5,1.592546199814));
#14310 = CARTESIAN_POINT('',(-5.451911641749,-7.51,1.639251584837));
#14311 = CARTESIAN_POINT('',(-5.451911641749,-7.5,1.639251584837));
#14312 = CARTESIAN_POINT('',(-5.574820551247,-7.51,1.639251584837));
#14313 = CARTESIAN_POINT('',(-5.574820551247,-7.5,1.639251584837));
#14314 = ADVANCED_FACE('',(#14315),#14326,.F.);
#14315 = FACE_BOUND('',#14316,.F.);
#14316 = EDGE_LOOP('',(#14317,#14318,#14319,#14325));
#14317 = ORIENTED_EDGE('',*,*,#14299,.F.);
#14318 = ORIENTED_EDGE('',*,*,#13954,.T.);
#14319 = ORIENTED_EDGE('',*,*,#14320,.T.);
#14320 = EDGE_CURVE('',#13955,#2976,#14321,.T.);
#14321 = LINE('',#14322,#14323);
#14322 = CARTESIAN_POINT('',(-5.869801934044,-7.51,1.543382633082));
#14323 = VECTOR('',#14324,1.);
#14324 = DIRECTION('',(-0.,1.,-0.));
#14325 = ORIENTED_EDGE('',*,*,#2984,.F.);
#14326 = B_SPLINE_SURFACE_WITH_KNOTS('',3,1,(
    (#14327,#14328)
    ,(#14329,#14330)
    ,(#14331,#14332)
    ,(#14333,#14334
    )),.UNSPECIFIED.,.F.,.F.,.F.,(4,4),(2,2),(2.,3.),(0.,1.),
  .PIECEWISE_BEZIER_KNOTS.);
#14327 = CARTESIAN_POINT('',(-5.574820551247,-7.51,1.639251584837));
#14328 = CARTESIAN_POINT('',(-5.574820551247,-7.5,1.639251584837));
#14329 = CARTESIAN_POINT('',(-5.682980382228,-7.51,1.639251584837));
#14330 = CARTESIAN_POINT('',(-5.682980382228,-7.5,1.639251584837));
#14331 = CARTESIAN_POINT('',(-5.783765697394,-7.51,1.604837090763));
#14332 = CARTESIAN_POINT('',(-5.783765697394,-7.5,1.604837090763));
#14333 = CARTESIAN_POINT('',(-5.869801934044,-7.51,1.543382633082));
#14334 = CARTESIAN_POINT('',(-5.869801934044,-7.5,1.543382633082));
#14335 = ADVANCED_FACE('',(#14336),#14347,.F.);
#14336 = FACE_BOUND('',#14337,.F.);
#14337 = EDGE_LOOP('',(#14338,#14339,#14340,#14346));
#14338 = ORIENTED_EDGE('',*,*,#14320,.F.);
#14339 = ORIENTED_EDGE('',*,*,#13963,.T.);
#14340 = ORIENTED_EDGE('',*,*,#14341,.T.);
#14341 = EDGE_CURVE('',#13964,#2967,#14342,.T.);
#14342 = LINE('',#14343,#14344);
#14343 = CARTESIAN_POINT('',(-5.977961765025,-7.51,1.435222790381));
#14344 = VECTOR('',#14345,1.);
#14345 = DIRECTION('',(-0.,1.,-0.));
#14346 = ORIENTED_EDGE('',*,*,#2975,.F.);
#14347 = B_SPLINE_SURFACE_WITH_KNOTS('',3,1,(
    (#14348,#14349)
    ,(#14350,#14351)
    ,(#14352,#14353)
    ,(#14354,#14355
    )),.UNSPECIFIED.,.F.,.F.,.F.,(4,4),(2,2),(3.,4.),(0.,1.),
  .PIECEWISE_BEZIER_KNOTS.);
#14348 = CARTESIAN_POINT('',(-5.869801934044,-7.51,1.543382633082));
#14349 = CARTESIAN_POINT('',(-5.869801934044,-7.5,1.543382633082));
#14350 = CARTESIAN_POINT('',(-5.911590982028,-7.51,1.51388448777));
#14351 = CARTESIAN_POINT('',(-5.911590982028,-7.5,1.51388448777));
#14352 = CARTESIAN_POINT('',(-5.94600546731,-7.51,1.477011814922));
#14353 = CARTESIAN_POINT('',(-5.94600546731,-7.5,1.477011814922));
#14354 = CARTESIAN_POINT('',(-5.977961765025,-7.51,1.435222790381));
#14355 = CARTESIAN_POINT('',(-5.977961765025,-7.5,1.435222790381));
#14356 = ADVANCED_FACE('',(#14357),#14368,.F.);
#14357 = FACE_BOUND('',#14358,.F.);
#14358 = EDGE_LOOP('',(#14359,#14360,#14361,#14367));
#14359 = ORIENTED_EDGE('',*,*,#14341,.F.);
#14360 = ORIENTED_EDGE('',*,*,#13972,.T.);
#14361 = ORIENTED_EDGE('',*,*,#14362,.T.);
#14362 = EDGE_CURVE('',#13973,#2958,#14363,.T.);
#14363 = LINE('',#14364,#14365);
#14364 = CARTESIAN_POINT('',(-6.034499844641,-7.51,1.440139142071));
#14365 = VECTOR('',#14366,1.);
#14366 = DIRECTION('',(-0.,1.,-0.));
#14367 = ORIENTED_EDGE('',*,*,#2966,.F.);
#14368 = B_SPLINE_SURFACE_WITH_KNOTS('',3,1,(
    (#14369,#14370)
    ,(#14371,#14372)
    ,(#14373,#14374)
    ,(#14375,#14376
    )),.UNSPECIFIED.,.F.,.F.,.F.,(4,4),(2,2),(4.,5.),(0.,1.),
  .PIECEWISE_BEZIER_KNOTS.);
#14369 = CARTESIAN_POINT('',(-5.977961765025,-7.51,1.435222790381));
#14370 = CARTESIAN_POINT('',(-5.977961765025,-7.5,1.435222790381));
#14371 = CARTESIAN_POINT('',(-5.997627171791,-7.51,1.437680977947));
#14372 = CARTESIAN_POINT('',(-5.997627171791,-7.5,1.437680977947));
#14373 = CARTESIAN_POINT('',(-6.014834437875,-7.51,1.440139142071));
#14374 = CARTESIAN_POINT('',(-6.014834437875,-7.5,1.440139142071));
#14375 = CARTESIAN_POINT('',(-6.034499844641,-7.51,1.440139142071));
#14376 = CARTESIAN_POINT('',(-6.034499844641,-7.5,1.440139142071));
#14377 = ADVANCED_FACE('',(#14378),#14389,.F.);
#14378 = FACE_BOUND('',#14379,.F.);
#14379 = EDGE_LOOP('',(#14380,#14381,#14382,#14388));
#14380 = ORIENTED_EDGE('',*,*,#14362,.F.);
#14381 = ORIENTED_EDGE('',*,*,#13981,.T.);
#14382 = ORIENTED_EDGE('',*,*,#14383,.T.);
#14383 = EDGE_CURVE('',#13982,#2949,#14384,.T.);
#14384 = LINE('',#14385,#14386);
#14385 = CARTESIAN_POINT('',(-6.317190336487,-7.51,1.322146584264));
#14386 = VECTOR('',#14387,1.);
#14387 = DIRECTION('',(-0.,1.,-0.));
#14388 = ORIENTED_EDGE('',*,*,#2957,.F.);
#14389 = B_SPLINE_SURFACE_WITH_KNOTS('',3,1,(
    (#14390,#14391)
    ,(#14392,#14393)
    ,(#14394,#14395)
    ,(#14396,#14397
    )),.UNSPECIFIED.,.F.,.F.,.F.,(4,4),(2,2),(5.,6.),(0.,1.),
  .PIECEWISE_BEZIER_KNOTS.);
#14390 = CARTESIAN_POINT('',(-6.034499844641,-7.51,1.440139142071));
#14391 = CARTESIAN_POINT('',(-6.034499844641,-7.5,1.440139142071));
#14392 = CARTESIAN_POINT('',(-6.140201511498,-7.51,1.440139142071));
#14393 = CARTESIAN_POINT('',(-6.140201511498,-7.5,1.440139142071));
#14394 = CARTESIAN_POINT('',(-6.240986803221,-7.51,1.398350117532));
#14395 = CARTESIAN_POINT('',(-6.240986803221,-7.5,1.398350117532));
#14396 = CARTESIAN_POINT('',(-6.317190336487,-7.51,1.322146584264));
#14397 = CARTESIAN_POINT('',(-6.317190336487,-7.5,1.322146584264));
#14398 = ADVANCED_FACE('',(#14399),#14410,.F.);
#14399 = FACE_BOUND('',#14400,.F.);
#14400 = EDGE_LOOP('',(#14401,#14402,#14403,#14409));
#14401 = ORIENTED_EDGE('',*,*,#14383,.F.);
#14402 = ORIENTED_EDGE('',*,*,#13990,.T.);
#14403 = ORIENTED_EDGE('',*,*,#14404,.T.);
#14404 = EDGE_CURVE('',#13991,#2940,#14405,.T.);
#14405 = LINE('',#14406,#14407);
#14406 = CARTESIAN_POINT('',(-6.432724777056,-7.51,1.041914303428));
#14407 = VECTOR('',#14408,1.);
#14408 = DIRECTION('',(-0.,1.,-0.));
#14409 = ORIENTED_EDGE('',*,*,#2948,.F.);
#14410 = B_SPLINE_SURFACE_WITH_KNOTS('',3,1,(
    (#14411,#14412)
    ,(#14413,#14414)
    ,(#14415,#14416)
    ,(#14417,#14418
    )),.UNSPECIFIED.,.F.,.F.,.F.,(4,4),(2,2),(6.,7.),(0.,1.),
  .PIECEWISE_BEZIER_KNOTS.);
#14411 = CARTESIAN_POINT('',(-6.317190336487,-7.51,1.322146584264));
#14412 = CARTESIAN_POINT('',(-6.317190336487,-7.5,1.322146584264));
#14413 = CARTESIAN_POINT('',(-6.390935746655,-7.51,1.248401262008));
#14414 = CARTESIAN_POINT('',(-6.390935746655,-7.5,1.248401262008));
#14415 = CARTESIAN_POINT('',(-6.432724777056,-7.51,1.147615946841));
#14416 = CARTESIAN_POINT('',(-6.432724777056,-7.5,1.147615946841));
#14417 = CARTESIAN_POINT('',(-6.432724777056,-7.51,1.041914303428));
#14418 = CARTESIAN_POINT('',(-6.432724777056,-7.5,1.041914303428));
#14419 = ADVANCED_FACE('',(#14420),#14431,.F.);
#14420 = FACE_BOUND('',#14421,.F.);
#14421 = EDGE_LOOP('',(#14422,#14423,#14424,#14430));
#14422 = ORIENTED_EDGE('',*,*,#14404,.F.);
#14423 = ORIENTED_EDGE('',*,*,#13999,.T.);
#14424 = ORIENTED_EDGE('',*,*,#14425,.T.);
#14425 = EDGE_CURVE('',#14000,#2931,#14426,.T.);
#14426 = LINE('',#14427,#14428);
#14427 = CARTESIAN_POINT('',(-6.329481297766,-7.51,0.773972936983));
#14428 = VECTOR('',#14429,1.);
#14429 = DIRECTION('',(-0.,1.,-0.));
#14430 = ORIENTED_EDGE('',*,*,#2939,.F.);
#14431 = B_SPLINE_SURFACE_WITH_KNOTS('',3,1,(
    (#14432,#14433)
    ,(#14434,#14435)
    ,(#14436,#14437)
    ,(#14438,#14439
    )),.UNSPECIFIED.,.F.,.F.,.F.,(4,4),(2,2),(7.,8.),(0.,1.),
  .PIECEWISE_BEZIER_KNOTS.);
#14432 = CARTESIAN_POINT('',(-6.432724777056,-7.51,1.041914303428));
#14433 = CARTESIAN_POINT('',(-6.432724777056,-7.5,1.041914303428));
#14434 = CARTESIAN_POINT('',(-6.432724777056,-7.51,0.943587175828));
#14435 = CARTESIAN_POINT('',(-6.432724777056,-7.5,0.943587175828));
#14436 = CARTESIAN_POINT('',(-6.395852104208,-7.51,0.84771818891));
#14437 = CARTESIAN_POINT('',(-6.395852104208,-7.5,0.84771818891));
#14438 = CARTESIAN_POINT('',(-6.329481297766,-7.51,0.773972936983));
#14439 = CARTESIAN_POINT('',(-6.329481297766,-7.5,0.773972936983));
#14440 = ADVANCED_FACE('',(#14441),#14452,.F.);
#14441 = FACE_BOUND('',#14442,.F.);
#14442 = EDGE_LOOP('',(#14443,#14444,#14445,#14451));
#14443 = ORIENTED_EDGE('',*,*,#14425,.F.);
#14444 = ORIENTED_EDGE('',*,*,#14008,.T.);
#14445 = ORIENTED_EDGE('',*,*,#14446,.T.);
#14446 = EDGE_CURVE('',#14009,#2922,#14447,.T.);
#14447 = LINE('',#14448,#14449);
#14448 = CARTESIAN_POINT('',(-6.132827042569,-7.51,0.655980402619));
#14449 = VECTOR('',#14450,1.);
#14450 = DIRECTION('',(-0.,1.,-0.));
#14451 = ORIENTED_EDGE('',*,*,#2930,.F.);
#14452 = B_SPLINE_SURFACE_WITH_KNOTS('',3,1,(
    (#14453,#14454)
    ,(#14455,#14456)
    ,(#14457,#14458)
    ,(#14459,#14460
    )),.UNSPECIFIED.,.F.,.F.,.F.,(4,4),(2,2),(8.,9.),(0.,1.),
  .PIECEWISE_BEZIER_KNOTS.);
#14453 = CARTESIAN_POINT('',(-6.329481297766,-7.51,0.773972936983));
#14454 = CARTESIAN_POINT('',(-6.329481297766,-7.5,0.773972936983));
#14455 = CARTESIAN_POINT('',(-6.275401382276,-7.51,0.714976622914));
#14456 = CARTESIAN_POINT('',(-6.275401382276,-7.5,0.714976622914));
#14457 = CARTESIAN_POINT('',(-6.209030552392,-7.51,0.675645809385));
#14458 = CARTESIAN_POINT('',(-6.209030552392,-7.5,0.675645809385));
#14459 = CARTESIAN_POINT('',(-6.132827042569,-7.51,0.655980402619));
#14460 = CARTESIAN_POINT('',(-6.132827042569,-7.5,0.655980402619));
#14461 = ADVANCED_FACE('',(#14462),#14473,.F.);
#14462 = FACE_BOUND('',#14463,.F.);
#14463 = EDGE_LOOP('',(#14464,#14465,#14466,#14472));
#14464 = ORIENTED_EDGE('',*,*,#14446,.F.);
#14465 = ORIENTED_EDGE('',*,*,#14017,.T.);
#14466 = ORIENTED_EDGE('',*,*,#14467,.T.);
#14467 = EDGE_CURVE('',#14018,#2913,#14468,.T.);
#14468 = LINE('',#14469,#14470);
#14469 = CARTESIAN_POINT('',(-5.899300091077,-7.51,0.488824304455));
#14470 = VECTOR('',#14471,1.);
#14471 = DIRECTION('',(-0.,1.,-0.));
#14472 = ORIENTED_EDGE('',*,*,#2921,.F.);
#14473 = B_SPLINE_SURFACE_WITH_KNOTS('',3,1,(
    (#14474,#14475)
    ,(#14476,#14477)
    ,(#14478,#14479)
    ,(#14480,#14481
    )),.UNSPECIFIED.,.F.,.F.,.F.,(4,4),(2,2),(9.,10.),(0.,1.),
  .PIECEWISE_BEZIER_KNOTS.);
#14474 = CARTESIAN_POINT('',(-6.132827042569,-7.51,0.655980402619));
#14475 = CARTESIAN_POINT('',(-6.132827042569,-7.5,0.655980402619));
#14476 = CARTESIAN_POINT('',(-6.100870721411,-7.51,0.557653275018));
#14477 = CARTESIAN_POINT('',(-6.100870721411,-7.5,0.557653275018));
#14478 = CARTESIAN_POINT('',(-6.007459968946,-7.51,0.488824304455));
#14479 = CARTESIAN_POINT('',(-6.007459968946,-7.5,0.488824304455));
#14480 = CARTESIAN_POINT('',(-5.899300091077,-7.51,0.488824304455));
#14481 = CARTESIAN_POINT('',(-5.899300091077,-7.5,0.488824304455));
#14482 = ADVANCED_FACE('',(#14483),#14494,.F.);
#14483 = FACE_BOUND('',#14484,.F.);
#14484 = EDGE_LOOP('',(#14485,#14486,#14487,#14493));
#14485 = ORIENTED_EDGE('',*,*,#14467,.F.);
#14486 = ORIENTED_EDGE('',*,*,#14026,.T.);
#14487 = ORIENTED_EDGE('',*,*,#14488,.T.);
#14488 = EDGE_CURVE('',#14027,#2904,#14489,.T.);
#14489 = LINE('',#14490,#14491);
#14490 = CARTESIAN_POINT('',(-5.653482272079,-7.51,0.734642123452));
#14491 = VECTOR('',#14492,1.);
#14492 = DIRECTION('',(-0.,1.,-0.));
#14493 = ORIENTED_EDGE('',*,*,#2912,.F.);
#14494 = B_SPLINE_SURFACE_WITH_KNOTS('',3,1,(
    (#14495,#14496)
    ,(#14497,#14498)
    ,(#14499,#14500)
    ,(#14501,#14502
    )),.UNSPECIFIED.,.F.,.F.,.F.,(4,4),(2,2),(10.,11.),(0.,1.),
  .PIECEWISE_BEZIER_KNOTS.);
#14495 = CARTESIAN_POINT('',(-5.899300091077,-7.51,0.488824304455));
#14496 = CARTESIAN_POINT('',(-5.899300091077,-7.5,0.488824304455));
#14497 = CARTESIAN_POINT('',(-5.76410029063,-7.51,0.488824304455));
#14498 = CARTESIAN_POINT('',(-5.76410029063,-7.5,0.488824304455));
#14499 = CARTESIAN_POINT('',(-5.653482272079,-7.51,0.599442323002));
#14500 = CARTESIAN_POINT('',(-5.653482272079,-7.5,0.599442323002));
#14501 = CARTESIAN_POINT('',(-5.653482272079,-7.51,0.734642123452));
#14502 = CARTESIAN_POINT('',(-5.653482272079,-7.5,0.734642123452));
#14503 = ADVANCED_FACE('',(#14504),#14515,.F.);
#14504 = FACE_BOUND('',#14505,.T.);
#14505 = EDGE_LOOP('',(#14506,#14507,#14513,#14514));
#14506 = ORIENTED_EDGE('',*,*,#2903,.T.);
#14507 = ORIENTED_EDGE('',*,*,#14508,.F.);
#14508 = EDGE_CURVE('',#14036,#2896,#14509,.T.);
#14509 = LINE('',#14510,#14511);
#14510 = CARTESIAN_POINT('',(-5.653482272079,-7.51,0.759223905353));
#14511 = VECTOR('',#14512,1.);
#14512 = DIRECTION('',(-0.,1.,-0.));
#14513 = ORIENTED_EDGE('',*,*,#14035,.F.);
#14514 = ORIENTED_EDGE('',*,*,#14488,.T.);
#14515 = PLANE('',#14516);
#14516 = AXIS2_PLACEMENT_3D('',#14517,#14518,#14519);
#14517 = CARTESIAN_POINT('',(-5.653482272079,-7.51,0.734642123452));
#14518 = DIRECTION('',(-1.,0.,0.));
#14519 = DIRECTION('',(0.,0.,1.));
#14520 = ADVANCED_FACE('',(#14521),#14532,.F.);
#14521 = FACE_BOUND('',#14522,.T.);
#14522 = EDGE_LOOP('',(#14523,#14524,#14530,#14531));
#14523 = ORIENTED_EDGE('',*,*,#2895,.T.);
#14524 = ORIENTED_EDGE('',*,*,#14525,.F.);
#14525 = EDGE_CURVE('',#14045,#2888,#14526,.T.);
#14526 = LINE('',#14527,#14528);
#14527 = CARTESIAN_POINT('',(-5.309337325483,-7.51,0.941129082033));
#14528 = VECTOR('',#14529,1.);
#14529 = DIRECTION('',(-0.,1.,-0.));
#14530 = ORIENTED_EDGE('',*,*,#14044,.F.);
#14531 = ORIENTED_EDGE('',*,*,#14508,.T.);
#14532 = PLANE('',#14533);
#14533 = AXIS2_PLACEMENT_3D('',#14534,#14535,#14536);
#14534 = CARTESIAN_POINT('',(-5.653482272079,-7.51,0.759223905353));
#14535 = DIRECTION('',(-0.467307306755,0.,0.884094950248));
#14536 = DIRECTION('',(0.884094950248,0.,0.467307306755));
#14537 = ADVANCED_FACE('',(#14538),#14549,.F.);
#14538 = FACE_BOUND('',#14539,.T.);
#14539 = EDGE_LOOP('',(#14540,#14541,#14547,#14548));
#14540 = ORIENTED_EDGE('',*,*,#2887,.T.);
#14541 = ORIENTED_EDGE('',*,*,#14542,.F.);
#14542 = EDGE_CURVE('',#14053,#2880,#14543,.T.);
#14543 = LINE('',#14544,#14545);
#14544 = CARTESIAN_POINT('',(-5.385540811864,-7.51,1.071412554233));
#14545 = VECTOR('',#14546,1.);
#14546 = DIRECTION('',(-0.,1.,-0.));
#14547 = ORIENTED_EDGE('',*,*,#14052,.F.);
#14548 = ORIENTED_EDGE('',*,*,#14525,.T.);
#14549 = PLANE('',#14550);
#14550 = AXIS2_PLACEMENT_3D('',#14551,#14552,#14553);
#14551 = CARTESIAN_POINT('',(-5.309337325483,-7.51,0.941129082033));
#14552 = DIRECTION('',(-0.863187758941,0.,-0.50488304865));
#14553 = DIRECTION('',(-0.50488304865,0.,0.863187758941));
#14554 = ADVANCED_FACE('',(#14555),#14566,.F.);
#14555 = FACE_BOUND('',#14556,.T.);
#14556 = EDGE_LOOP('',(#14557,#14558,#14564,#14565));
#14557 = ORIENTED_EDGE('',*,*,#2879,.T.);
#14558 = ORIENTED_EDGE('',*,*,#14559,.F.);
#14559 = EDGE_CURVE('',#14061,#2871,#14560,.T.);
#14560 = LINE('',#14561,#14562);
#14561 = CARTESIAN_POINT('',(-5.714936679943,-7.51,0.899340080935));
#14562 = VECTOR('',#14563,1.);
#14563 = DIRECTION('',(-0.,1.,-0.));
#14564 = ORIENTED_EDGE('',*,*,#14060,.F.);
#14565 = ORIENTED_EDGE('',*,*,#14542,.T.);
#14566 = PLANE('',#14567);
#14567 = AXIS2_PLACEMENT_3D('',#14568,#14569,#14570);
#14568 = CARTESIAN_POINT('',(-5.385540811864,-7.51,1.071412554233));
#14569 = DIRECTION('',(0.463018065387,0.,-0.886348842796));
#14570 = DIRECTION('',(-0.886348842796,0.,-0.463018065387));
#14571 = ADVANCED_FACE('',(#14572),#14583,.F.);
#14572 = FACE_BOUND('',#14573,.F.);
#14573 = EDGE_LOOP('',(#14574,#14575,#14576,#14582));
#14574 = ORIENTED_EDGE('',*,*,#14559,.F.);
#14575 = ORIENTED_EDGE('',*,*,#14068,.T.);
#14576 = ORIENTED_EDGE('',*,*,#14577,.T.);
#14577 = EDGE_CURVE('',#14069,#2862,#14578,.T.);
#14578 = LINE('',#14579,#14580);
#14579 = CARTESIAN_POINT('',(-5.899300044191,-7.51,0.982918130017));
#14580 = VECTOR('',#14581,1.);
#14581 = DIRECTION('',(-0.,1.,-0.));
#14582 = ORIENTED_EDGE('',*,*,#2870,.F.);
#14583 = B_SPLINE_SURFACE_WITH_KNOTS('',3,1,(
    (#14584,#14585)
    ,(#14586,#14587)
    ,(#14588,#14589)
    ,(#14590,#14591
    )),.UNSPECIFIED.,.F.,.F.,.F.,(4,4),(2,2),(15.,16.),(0.,1.),
  .PIECEWISE_BEZIER_KNOTS.);
#14584 = CARTESIAN_POINT('',(-5.714936679943,-7.51,0.899340080935));
#14585 = CARTESIAN_POINT('',(-5.714936679943,-7.5,0.899340080935));
#14586 = CARTESIAN_POINT('',(-5.759183868609,-7.51,0.950961832302));
#14587 = CARTESIAN_POINT('',(-5.759183868609,-7.5,0.950961832302));
#14588 = CARTESIAN_POINT('',(-5.825554698492,-7.51,0.982918130017));
#14589 = CARTESIAN_POINT('',(-5.825554698492,-7.5,0.982918130017));
#14590 = CARTESIAN_POINT('',(-5.899300044191,-7.51,0.982918130017));
#14591 = CARTESIAN_POINT('',(-5.899300044191,-7.5,0.982918130017));
#14592 = ADVANCED_FACE('',(#14593),#14604,.F.);
#14593 = FACE_BOUND('',#14594,.F.);
#14594 = EDGE_LOOP('',(#14595,#14596,#14597,#14603));
#14595 = ORIENTED_EDGE('',*,*,#14577,.F.);
#14596 = ORIENTED_EDGE('',*,*,#14077,.T.);
#14597 = ORIENTED_EDGE('',*,*,#14598,.T.);
#14598 = EDGE_CURVE('',#14078,#2853,#14599,.T.);
#14599 = LINE('',#14600,#14601);
#14600 = CARTESIAN_POINT('',(-6.130368784672,-7.51,0.820678360103));
#14601 = VECTOR('',#14602,1.);
#14602 = DIRECTION('',(-0.,1.,-0.));
#14603 = ORIENTED_EDGE('',*,*,#2861,.F.);
#14604 = B_SPLINE_SURFACE_WITH_KNOTS('',3,1,(
    (#14605,#14606)
    ,(#14607,#14608)
    ,(#14609,#14610)
    ,(#14611,#14612
    )),.UNSPECIFIED.,.F.,.F.,.F.,(4,4),(2,2),(16.,17.),(0.,1.),
  .PIECEWISE_BEZIER_KNOTS.);
#14605 = CARTESIAN_POINT('',(-5.899300044191,-7.51,0.982918130017));
#14606 = CARTESIAN_POINT('',(-5.899300044191,-7.5,0.982918130017));
#14607 = CARTESIAN_POINT('',(-6.005001734492,-7.51,0.982918130017));
#14608 = CARTESIAN_POINT('',(-6.005001734492,-7.5,0.982918130017));
#14609 = CARTESIAN_POINT('',(-6.095954299389,-7.51,0.914089159454));
#14610 = CARTESIAN_POINT('',(-6.095954299389,-7.5,0.914089159454));
#14611 = CARTESIAN_POINT('',(-6.130368784672,-7.51,0.820678360103));
#14612 = CARTESIAN_POINT('',(-6.130368784672,-7.5,0.820678360103));
#14613 = ADVANCED_FACE('',(#14614),#14625,.F.);
#14614 = FACE_BOUND('',#14615,.F.);
#14615 = EDGE_LOOP('',(#14616,#14617,#14618,#14624));
#14616 = ORIENTED_EDGE('',*,*,#14598,.F.);
#14617 = ORIENTED_EDGE('',*,*,#14086,.T.);
#14618 = ORIENTED_EDGE('',*,*,#14619,.T.);
#14619 = EDGE_CURVE('',#14087,#2844,#14620,.T.);
#14620 = LINE('',#14621,#14622);
#14621 = CARTESIAN_POINT('',(-6.277859476071,-7.51,1.046830772334));
#14622 = VECTOR('',#14623,1.);
#14623 = DIRECTION('',(-0.,1.,-0.));
#14624 = ORIENTED_EDGE('',*,*,#2852,.F.);
#14625 = B_SPLINE_SURFACE_WITH_KNOTS('',3,1,(
    (#14626,#14627)
    ,(#14628,#14629)
    ,(#14630,#14631)
    ,(#14632,#14633
    )),.UNSPECIFIED.,.F.,.F.,.F.,(4,4),(2,2),(17.,18.),(0.,1.),
  .PIECEWISE_BEZIER_KNOTS.);
#14626 = CARTESIAN_POINT('',(-6.130368784672,-7.51,0.820678360103));
#14627 = CARTESIAN_POINT('',(-6.130368784672,-7.5,0.820678360103));
#14628 = CARTESIAN_POINT('',(-6.216405021321,-7.51,0.860009220518));
#14629 = CARTESIAN_POINT('',(-6.216405021321,-7.5,0.860009220518));
#14630 = CARTESIAN_POINT('',(-6.277859476071,-7.51,0.946045457167));
#14631 = CARTESIAN_POINT('',(-6.277859476071,-7.5,0.946045457167));
#14632 = CARTESIAN_POINT('',(-6.277859476071,-7.51,1.046830772334));
#14633 = CARTESIAN_POINT('',(-6.277859476071,-7.5,1.046830772334));
#14634 = ADVANCED_FACE('',(#14635),#14646,.F.);
#14635 = FACE_BOUND('',#14636,.F.);
#14636 = EDGE_LOOP('',(#14637,#14638,#14639,#14645));
#14637 = ORIENTED_EDGE('',*,*,#14619,.F.);
#14638 = ORIENTED_EDGE('',*,*,#14095,.T.);
#14639 = ORIENTED_EDGE('',*,*,#14640,.T.);
#14640 = EDGE_CURVE('',#14096,#2835,#14641,.T.);
#14641 = LINE('',#14642,#14643);
#14642 = CARTESIAN_POINT('',(-6.032041657074,-7.51,1.292648591331));
#14643 = VECTOR('',#14644,1.);
#14644 = DIRECTION('',(-0.,1.,-0.));
#14645 = ORIENTED_EDGE('',*,*,#2843,.F.);
#14646 = B_SPLINE_SURFACE_WITH_KNOTS('',3,1,(
    (#14647,#14648)
    ,(#14649,#14650)
    ,(#14651,#14652)
    ,(#14653,#14654
    )),.UNSPECIFIED.,.F.,.F.,.F.,(4,4),(2,2),(18.,19.),(0.,1.),
  .PIECEWISE_BEZIER_KNOTS.);
#14647 = CARTESIAN_POINT('',(-6.277859476071,-7.51,1.046830772334));
#14648 = CARTESIAN_POINT('',(-6.277859476071,-7.5,1.046830772334));
#14649 = CARTESIAN_POINT('',(-6.277859476071,-7.51,1.182030572783));
#14650 = CARTESIAN_POINT('',(-6.277859476071,-7.5,1.182030572783));
#14651 = CARTESIAN_POINT('',(-6.167241457522,-7.51,1.292648591331));
#14652 = CARTESIAN_POINT('',(-6.167241457522,-7.5,1.292648591331));
#14653 = CARTESIAN_POINT('',(-6.032041657074,-7.51,1.292648591331));
#14654 = CARTESIAN_POINT('',(-6.032041657074,-7.5,1.292648591331));
#14655 = ADVANCED_FACE('',(#14656),#14667,.F.);
#14656 = FACE_BOUND('',#14657,.F.);
#14657 = EDGE_LOOP('',(#14658,#14659,#14660,#14666));
#14658 = ORIENTED_EDGE('',*,*,#14640,.F.);
#14659 = ORIENTED_EDGE('',*,*,#14104,.T.);
#14660 = ORIENTED_EDGE('',*,*,#14661,.T.);
#14661 = EDGE_CURVE('',#14105,#2826,#14662,.T.);
#14662 = LINE('',#14663,#14664);
#14663 = CARTESIAN_POINT('',(-5.901758231759,-7.51,1.25577591848));
#14664 = VECTOR('',#14665,1.);
#14665 = DIRECTION('',(-0.,1.,-0.));
#14666 = ORIENTED_EDGE('',*,*,#2834,.F.);
#14667 = B_SPLINE_SURFACE_WITH_KNOTS('',3,1,(
    (#14668,#14669)
    ,(#14670,#14671)
    ,(#14672,#14673)
    ,(#14674,#14675
    )),.UNSPECIFIED.,.F.,.F.,.F.,(4,4),(2,2),(19.,20.),(0.,1.),
  .PIECEWISE_BEZIER_KNOTS.);
#14668 = CARTESIAN_POINT('',(-6.032041657074,-7.51,1.292648591331));
#14669 = CARTESIAN_POINT('',(-6.032041657074,-7.5,1.292648591331));
#14670 = CARTESIAN_POINT('',(-5.98533628084,-7.51,1.292648591331));
#14671 = CARTESIAN_POINT('',(-5.98533628084,-7.5,1.292648591331));
#14672 = CARTESIAN_POINT('',(-5.938630904608,-7.51,1.277899512814));
#14673 = CARTESIAN_POINT('',(-5.938630904608,-7.5,1.277899512814));
#14674 = CARTESIAN_POINT('',(-5.901758231759,-7.51,1.25577591848));
#14675 = CARTESIAN_POINT('',(-5.901758231759,-7.5,1.25577591848));
#14676 = ADVANCED_FACE('',(#14677),#14688,.F.);
#14677 = FACE_BOUND('',#14678,.F.);
#14678 = EDGE_LOOP('',(#14679,#14680,#14681,#14687));
#14679 = ORIENTED_EDGE('',*,*,#14661,.F.);
#14680 = ORIENTED_EDGE('',*,*,#14113,.T.);
#14681 = ORIENTED_EDGE('',*,*,#14682,.T.);
#14682 = EDGE_CURVE('',#14114,#2817,#14683,.T.);
#14683 = LINE('',#14684,#14685);
#14684 = CARTESIAN_POINT('',(-5.572362410565,-7.51,1.491760893438));
#14685 = VECTOR('',#14686,1.);
#14686 = DIRECTION('',(-0.,1.,-0.));
#14687 = ORIENTED_EDGE('',*,*,#2825,.F.);
#14688 = B_SPLINE_SURFACE_WITH_KNOTS('',3,1,(
    (#14689,#14690)
    ,(#14691,#14692)
    ,(#14693,#14694)
    ,(#14695,#14696
    )),.UNSPECIFIED.,.F.,.F.,.F.,(4,4),(2,2),(20.,21.),(0.,1.),
  .PIECEWISE_BEZIER_KNOTS.);
#14689 = CARTESIAN_POINT('',(-5.901758231759,-7.51,1.25577591848));
#14690 = CARTESIAN_POINT('',(-5.901758231759,-7.5,1.25577591848));
#14691 = CARTESIAN_POINT('',(-5.855052902413,-7.51,1.39343376584));
#14692 = CARTESIAN_POINT('',(-5.855052902413,-7.5,1.39343376584));
#14693 = CARTESIAN_POINT('',(-5.72722761778,-7.51,1.491760893438));
#14694 = CARTESIAN_POINT('',(-5.72722761778,-7.5,1.491760893438));
#14695 = CARTESIAN_POINT('',(-5.572362410565,-7.51,1.491760893438));
#14696 = CARTESIAN_POINT('',(-5.572362410565,-7.5,1.491760893438));
#14697 = ADVANCED_FACE('',(#14698),#14709,.F.);
#14698 = FACE_BOUND('',#14699,.F.);
#14699 = EDGE_LOOP('',(#14700,#14701,#14702,#14708));
#14700 = ORIENTED_EDGE('',*,*,#14682,.F.);
#14701 = ORIENTED_EDGE('',*,*,#14122,.T.);
#14702 = ORIENTED_EDGE('',*,*,#14703,.T.);
#14703 = EDGE_CURVE('',#14123,#2808,#14704,.T.);
#14704 = LINE('',#14705,#14706);
#14705 = CARTESIAN_POINT('',(-5.228217463969,-7.51,1.184488619691));
#14706 = VECTOR('',#14707,1.);
#14707 = DIRECTION('',(-0.,1.,-0.));
#14708 = ORIENTED_EDGE('',*,*,#2816,.F.);
#14709 = B_SPLINE_SURFACE_WITH_KNOTS('',3,1,(
    (#14710,#14711)
    ,(#14712,#14713)
    ,(#14714,#14715)
    ,(#14716,#14717
    )),.UNSPECIFIED.,.F.,.F.,.F.,(4,4),(2,2),(21.,22.),(0.,1.),
  .PIECEWISE_BEZIER_KNOTS.);
#14710 = CARTESIAN_POINT('',(-5.572362410565,-7.51,1.491760893438));
#14711 = CARTESIAN_POINT('',(-5.572362410565,-7.5,1.491760893438));
#14712 = CARTESIAN_POINT('',(-5.395373562132,-7.51,1.491760893438));
#14713 = CARTESIAN_POINT('',(-5.395373562132,-7.5,1.491760893438));
#14714 = CARTESIAN_POINT('',(-5.247882870735,-7.51,1.356561092989));
#14715 = CARTESIAN_POINT('',(-5.247882870735,-7.5,1.356561092989));
#14716 = CARTESIAN_POINT('',(-5.228217463969,-7.51,1.184488619691));
#14717 = CARTESIAN_POINT('',(-5.228217463969,-7.5,1.184488619691));
#14718 = ADVANCED_FACE('',(#14719),#14730,.F.);
#14719 = FACE_BOUND('',#14720,.T.);
#14720 = EDGE_LOOP('',(#14721,#14722,#14728,#14729));
#14721 = ORIENTED_EDGE('',*,*,#2807,.T.);
#14722 = ORIENTED_EDGE('',*,*,#14723,.F.);
#14723 = EDGE_CURVE('',#14132,#2799,#14724,.T.);
#14724 = LINE('',#14725,#14726);
#14725 = CARTESIAN_POINT('',(-5.208552057203,-7.51,1.184488619691));
#14726 = VECTOR('',#14727,1.);
#14727 = DIRECTION('',(-0.,1.,-0.));
#14728 = ORIENTED_EDGE('',*,*,#14131,.F.);
#14729 = ORIENTED_EDGE('',*,*,#14703,.T.);
#14730 = PLANE('',#14731);
#14731 = AXIS2_PLACEMENT_3D('',#14732,#14733,#14734);
#14732 = CARTESIAN_POINT('',(-5.228217463969,-7.51,1.184488619691));
#14733 = DIRECTION('',(-0.,0.,1.));
#14734 = DIRECTION('',(1.,0.,0.));
#14735 = ADVANCED_FACE('',(#14736),#14747,.F.);
#14736 = FACE_BOUND('',#14737,.F.);
#14737 = EDGE_LOOP('',(#14738,#14739,#14740,#14746));
#14738 = ORIENTED_EDGE('',*,*,#14723,.F.);
#14739 = ORIENTED_EDGE('',*,*,#14140,.T.);
#14740 = ORIENTED_EDGE('',*,*,#14741,.T.);
#14741 = EDGE_CURVE('',#14141,#2790,#14742,.T.);
#14742 = LINE('',#14743,#14744);
#14743 = CARTESIAN_POINT('',(-5.01681417714,-7.51,0.992750739628));
#14744 = VECTOR('',#14745,1.);
#14745 = DIRECTION('',(-0.,1.,-0.));
#14746 = ORIENTED_EDGE('',*,*,#2798,.F.);
#14747 = B_SPLINE_SURFACE_WITH_KNOTS('',3,1,(
    (#14748,#14749)
    ,(#14750,#14751)
    ,(#14752,#14753)
    ,(#14754,#14755
    )),.UNSPECIFIED.,.F.,.F.,.F.,(4,4),(2,2),(23.,24.),(0.,1.),
  .PIECEWISE_BEZIER_KNOTS.);
#14748 = CARTESIAN_POINT('',(-5.208552057203,-7.51,1.184488619691));
#14749 = CARTESIAN_POINT('',(-5.208552057203,-7.5,1.184488619691));
#14750 = CARTESIAN_POINT('',(-5.102850413789,-7.51,1.184488619691));
#14751 = CARTESIAN_POINT('',(-5.102850413789,-7.5,1.184488619691));
#14752 = CARTESIAN_POINT('',(-5.01681417714,-7.51,1.098452383043));
#14753 = CARTESIAN_POINT('',(-5.01681417714,-7.5,1.098452383043));
#14754 = CARTESIAN_POINT('',(-5.01681417714,-7.51,0.992750739628));
#14755 = CARTESIAN_POINT('',(-5.01681417714,-7.5,0.992750739628));
#14756 = ADVANCED_FACE('',(#14757),#14768,.F.);
#14757 = FACE_BOUND('',#14758,.F.);
#14758 = EDGE_LOOP('',(#14759,#14760,#14761,#14767));
#14759 = ORIENTED_EDGE('',*,*,#14741,.F.);
#14760 = ORIENTED_EDGE('',*,*,#14149,.T.);
#14761 = ORIENTED_EDGE('',*,*,#14762,.T.);
#14762 = EDGE_CURVE('',#14150,#2782,#14763,.T.);
#14763 = LINE('',#14764,#14765);
#14764 = CARTESIAN_POINT('',(-5.193803025572,-7.51,0.801012859565));
#14765 = VECTOR('',#14766,1.);
#14766 = DIRECTION('',(-0.,1.,-0.));
#14767 = ORIENTED_EDGE('',*,*,#2789,.F.);
#14768 = B_SPLINE_SURFACE_WITH_KNOTS('',3,1,(
    (#14769,#14770)
    ,(#14771,#14772)
    ,(#14773,#14774)
    ,(#14775,#14776
    )),.UNSPECIFIED.,.F.,.F.,.F.,(4,4),(2,2),(24.,25.),(0.,1.),
  .PIECEWISE_BEZIER_KNOTS.);
#14769 = CARTESIAN_POINT('',(-5.01681417714,-7.51,0.992750739628));
#14770 = CARTESIAN_POINT('',(-5.01681417714,-7.5,0.992750739628));
#14771 = CARTESIAN_POINT('',(-5.01681417714,-7.51,0.891965424461));
#14772 = CARTESIAN_POINT('',(-5.01681417714,-7.5,0.891965424461));
#14773 = CARTESIAN_POINT('',(-5.093017663521,-7.51,0.808387375381));
#14774 = CARTESIAN_POINT('',(-5.093017663521,-7.5,0.808387375381));
#14775 = CARTESIAN_POINT('',(-5.193803025572,-7.51,0.801012859565));
#14776 = CARTESIAN_POINT('',(-5.193803025572,-7.5,0.801012859565));
#14777 = ADVANCED_FACE('',(#14778),#14789,.F.);
#14778 = FACE_BOUND('',#14779,.T.);
#14779 = EDGE_LOOP('',(#14780,#14781,#14787,#14788));
#14780 = ORIENTED_EDGE('',*,*,#2781,.T.);
#14781 = ORIENTED_EDGE('',*,*,#14782,.F.);
#14782 = EDGE_CURVE('',#14159,#2773,#14783,.T.);
#14783 = LINE('',#14784,#14785);
#14784 = CARTESIAN_POINT('',(-5.304421044121,-7.51,0.801012859565));
#14785 = VECTOR('',#14786,1.);
#14786 = DIRECTION('',(-0.,1.,-0.));
#14787 = ORIENTED_EDGE('',*,*,#14158,.F.);
#14788 = ORIENTED_EDGE('',*,*,#14762,.T.);
#14789 = PLANE('',#14790);
#14790 = AXIS2_PLACEMENT_3D('',#14791,#14792,#14793);
#14791 = CARTESIAN_POINT('',(-5.193803025572,-7.51,0.801012859565));
#14792 = DIRECTION('',(-0.,0.,-1.));
#14793 = DIRECTION('',(-1.,0.,0.));
#14794 = ADVANCED_FACE('',(#14795),#14806,.F.);
#14795 = FACE_BOUND('',#14796,.F.);
#14796 = EDGE_LOOP('',(#14797,#14798,#14799,#14805));
#14797 = ORIENTED_EDGE('',*,*,#14782,.F.);
#14798 = ORIENTED_EDGE('',*,*,#14166,.T.);
#14799 = ORIENTED_EDGE('',*,*,#14800,.T.);
#14800 = EDGE_CURVE('',#14167,#2764,#14801,.T.);
#14801 = LINE('',#14802,#14803);
#14802 = CARTESIAN_POINT('',(-5.319170075752,-7.51,0.803471000245));
#14803 = VECTOR('',#14804,1.);
#14804 = DIRECTION('',(-0.,1.,-0.));
#14805 = ORIENTED_EDGE('',*,*,#2772,.F.);
#14806 = B_SPLINE_SURFACE_WITH_KNOTS('',3,1,(
    (#14807,#14808)
    ,(#14809,#14810)
    ,(#14811,#14812)
    ,(#14813,#14814
    )),.UNSPECIFIED.,.F.,.F.,.F.,(4,4),(2,2),(26.,27.),(0.,1.),
  .PIECEWISE_BEZIER_KNOTS.);
#14807 = CARTESIAN_POINT('',(-5.304421044121,-7.51,0.801012859565));
#14808 = CARTESIAN_POINT('',(-5.304421044121,-7.5,0.801012859565));
#14809 = CARTESIAN_POINT('',(-5.309337419255,-7.51,0.801012859565));
#14810 = CARTESIAN_POINT('',(-5.309337419255,-7.5,0.801012859565));
#14811 = CARTESIAN_POINT('',(-5.31425379439,-7.51,0.803471000245));
#14812 = CARTESIAN_POINT('',(-5.31425379439,-7.5,0.803471000245));
#14813 = CARTESIAN_POINT('',(-5.319170075752,-7.51,0.803471000245));
#14814 = CARTESIAN_POINT('',(-5.319170075752,-7.5,0.803471000245));
#14815 = ADVANCED_FACE('',(#14816),#14827,.F.);
#14816 = FACE_BOUND('',#14817,.F.);
#14817 = EDGE_LOOP('',(#14818,#14819,#14820,#14826));
#14818 = ORIENTED_EDGE('',*,*,#14800,.F.);
#14819 = ORIENTED_EDGE('',*,*,#14175,.T.);
#14820 = ORIENTED_EDGE('',*,*,#14821,.T.);
#14821 = EDGE_CURVE('',#14176,#2755,#14822,.T.);
#14822 = LINE('',#14823,#14824);
#14823 = CARTESIAN_POINT('',(-5.395373562132,-7.51,0.727267513866));
#14824 = VECTOR('',#14825,1.);
#14825 = DIRECTION('',(-0.,1.,-0.));
#14826 = ORIENTED_EDGE('',*,*,#2763,.F.);
#14827 = B_SPLINE_SURFACE_WITH_KNOTS('',3,1,(
    (#14828,#14829)
    ,(#14830,#14831)
    ,(#14832,#14833)
    ,(#14834,#14835
    )),.UNSPECIFIED.,.F.,.F.,.F.,(4,4),(2,2),(27.,28.),(0.,1.),
  .PIECEWISE_BEZIER_KNOTS.);
#14828 = CARTESIAN_POINT('',(-5.319170075752,-7.51,0.803471000245));
#14829 = CARTESIAN_POINT('',(-5.319170075752,-7.5,0.803471000245));
#14830 = CARTESIAN_POINT('',(-5.360959123736,-7.51,0.803471000245));
#14831 = CARTESIAN_POINT('',(-5.360959123736,-7.5,0.803471000245));
#14832 = CARTESIAN_POINT('',(-5.395373562132,-7.51,0.769056468078));
#14833 = CARTESIAN_POINT('',(-5.395373562132,-7.5,0.769056468078));
#14834 = CARTESIAN_POINT('',(-5.395373562132,-7.51,0.727267513866));
#14835 = CARTESIAN_POINT('',(-5.395373562132,-7.5,0.727267513866));
#14836 = ADVANCED_FACE('',(#14837),#14848,.F.);
#14837 = FACE_BOUND('',#14838,.F.);
#14838 = EDGE_LOOP('',(#14839,#14840,#14841,#14847));
#14839 = ORIENTED_EDGE('',*,*,#14821,.F.);
#14840 = ORIENTED_EDGE('',*,*,#14184,.T.);
#14841 = ORIENTED_EDGE('',*,*,#14842,.T.);
#14842 = EDGE_CURVE('',#14185,#2747,#14843,.T.);
#14843 = LINE('',#14844,#14845);
#14844 = CARTESIAN_POINT('',(-5.324086357114,-7.51,0.651064027483));
#14845 = VECTOR('',#14846,1.);
#14846 = DIRECTION('',(-0.,1.,-0.));
#14847 = ORIENTED_EDGE('',*,*,#2754,.F.);
#14848 = B_SPLINE_SURFACE_WITH_KNOTS('',3,1,(
    (#14849,#14850)
    ,(#14851,#14852)
    ,(#14853,#14854)
    ,(#14855,#14856
    )),.UNSPECIFIED.,.F.,.F.,.F.,(4,4),(2,2),(28.,29.),(0.,1.),
  .PIECEWISE_BEZIER_KNOTS.);
#14849 = CARTESIAN_POINT('',(-5.395373562132,-7.51,0.727267513866));
#14850 = CARTESIAN_POINT('',(-5.395373562132,-7.5,0.727267513866));
#14851 = CARTESIAN_POINT('',(-5.395373562132,-7.51,0.687936700334));
#14852 = CARTESIAN_POINT('',(-5.395373562132,-7.5,0.687936700334));
#14853 = CARTESIAN_POINT('',(-5.363417264418,-7.51,0.653522168164));
#14854 = CARTESIAN_POINT('',(-5.363417264418,-7.5,0.653522168164));
#14855 = CARTESIAN_POINT('',(-5.324086357114,-7.51,0.651064027483));
#14856 = CARTESIAN_POINT('',(-5.324086357114,-7.5,0.651064027483));
#14857 = ADVANCED_FACE('',(#14858),#14869,.F.);
#14858 = FACE_BOUND('',#14859,.T.);
#14859 = EDGE_LOOP('',(#14860,#14861,#14867,#14868));
#14860 = ORIENTED_EDGE('',*,*,#2746,.T.);
#14861 = ORIENTED_EDGE('',*,*,#14862,.F.);
#14862 = EDGE_CURVE('',#14194,#2738,#14863,.T.);
#14863 = LINE('',#14864,#14865);
#14864 = CARTESIAN_POINT('',(-5.179053900169,-7.51,0.651064027483));
#14865 = VECTOR('',#14866,1.);
#14866 = DIRECTION('',(-0.,1.,-0.));
#14867 = ORIENTED_EDGE('',*,*,#14193,.F.);
#14868 = ORIENTED_EDGE('',*,*,#14842,.T.);
#14869 = PLANE('',#14870);
#14870 = AXIS2_PLACEMENT_3D('',#14871,#14872,#14873);
#14871 = CARTESIAN_POINT('',(-5.186428415985,-7.51,0.651064027483));
#14872 = DIRECTION('',(-0.,0.,1.));
#14873 = DIRECTION('',(1.,0.,0.));
#14874 = ADVANCED_FACE('',(#14875),#14886,.F.);
#14875 = FACE_BOUND('',#14876,.F.);
#14876 = EDGE_LOOP('',(#14877,#14878,#14879,#14885));
#14877 = ORIENTED_EDGE('',*,*,#14862,.F.);
#14878 = ORIENTED_EDGE('',*,*,#14201,.T.);
#14879 = ORIENTED_EDGE('',*,*,#14880,.T.);
#14880 = EDGE_CURVE('',#14202,#2729,#14881,.T.);
#14881 = LINE('',#14882,#14883);
#14882 = CARTESIAN_POINT('',(-4.955359722391,-7.51,0.761682046033));
#14883 = VECTOR('',#14884,1.);
#14884 = DIRECTION('',(-0.,1.,-0.));
#14885 = ORIENTED_EDGE('',*,*,#2737,.F.);
#14886 = B_SPLINE_SURFACE_WITH_KNOTS('',3,1,(
    (#14887,#14888)
    ,(#14889,#14890)
    ,(#14891,#14892)
    ,(#14893,#14894
    )),.UNSPECIFIED.,.F.,.F.,.F.,(4,4),(2,2),(33.,34.),(0.,1.),
  .PIECEWISE_BEZIER_KNOTS.);
#14887 = CARTESIAN_POINT('',(-5.179053900169,-7.51,0.651064027483));
#14888 = CARTESIAN_POINT('',(-5.179053900169,-7.5,0.651064027483));
#14889 = CARTESIAN_POINT('',(-5.093017663521,-7.51,0.6584385433));
#14890 = CARTESIAN_POINT('',(-5.093017663521,-7.5,0.6584385433));
#14891 = CARTESIAN_POINT('',(-5.014355942686,-7.51,0.697769450603));
#14892 = CARTESIAN_POINT('',(-5.014355942686,-7.5,0.697769450603));
#14893 = CARTESIAN_POINT('',(-4.955359722391,-7.51,0.761682046033));
#14894 = CARTESIAN_POINT('',(-4.955359722391,-7.5,0.761682046033));
#14895 = ADVANCED_FACE('',(#14896),#14902,.F.);
#14896 = FACE_BOUND('',#14897,.F.);
#14897 = EDGE_LOOP('',(#14898,#14899,#14900,#14901));
#14898 = ORIENTED_EDGE('',*,*,#14880,.F.);
#14899 = ORIENTED_EDGE('',*,*,#14210,.T.);
#14900 = ORIENTED_EDGE('',*,*,#14250,.T.);
#14901 = ORIENTED_EDGE('',*,*,#2728,.F.);
#14902 = B_SPLINE_SURFACE_WITH_KNOTS('',3,1,(
    (#14903,#14904)
    ,(#14905,#14906)
    ,(#14907,#14908)
    ,(#14909,#14910
    )),.UNSPECIFIED.,.F.,.F.,.F.,(4,4),(2,2),(34.,35.),(0.,1.),
  .PIECEWISE_BEZIER_KNOTS.);
#14903 = CARTESIAN_POINT('',(-4.955359722391,-7.51,0.761682046033));
#14904 = CARTESIAN_POINT('',(-4.955359722391,-7.5,0.761682046033));
#14905 = CARTESIAN_POINT('',(-4.896363408322,-7.51,0.825594641464));
#14906 = CARTESIAN_POINT('',(-4.896363408322,-7.5,0.825594641464));
#14907 = CARTESIAN_POINT('',(-4.864407110607,-7.51,0.909172737432));
#14908 = CARTESIAN_POINT('',(-4.864407110607,-7.5,0.909172737432));
#14909 = CARTESIAN_POINT('',(-4.864407110607,-7.51,0.995208974081));
#14910 = CARTESIAN_POINT('',(-4.864407110607,-7.5,0.995208974081));
#14911 = ADVANCED_FACE('',(#14912),#14941,.T.);
#14912 = FACE_BOUND('',#14913,.T.);
#14913 = EDGE_LOOP('',(#14914,#14928,#14934,#14935));
#14914 = ORIENTED_EDGE('',*,*,#14915,.F.);
#14915 = EDGE_CURVE('',#14916,#14918,#14920,.T.);
#14916 = VERTEX_POINT('',#14917);
#14917 = CARTESIAN_POINT('',(-5.901758278645,-7.5,0.636314808309));
#14918 = VERTEX_POINT('',#14919);
#14919 = CARTESIAN_POINT('',(-5.901758278645,-7.5,0.828052782144));
#14920 = B_SPLINE_CURVE_WITH_KNOTS('',3,(#14921,#14922,#14923,#14924,
    #14925,#14926,#14927),.UNSPECIFIED.,.F.,.F.,(4,3,4),(0.,1.,2.),
  .PIECEWISE_BEZIER_KNOTS.);
#14921 = CARTESIAN_POINT('',(-5.901758278645,-7.5,0.636314808309));
#14922 = CARTESIAN_POINT('',(-5.847678386598,-7.5,0.636314808309));
#14923 = CARTESIAN_POINT('',(-5.805889338614,-7.5,0.680562090746));
#14924 = CARTESIAN_POINT('',(-5.805889338614,-7.5,0.732183795227));
#14925 = CARTESIAN_POINT('',(-5.805889338614,-7.5,0.78626373416));
#14926 = CARTESIAN_POINT('',(-5.850136527278,-7.5,0.828052782144));
#14927 = CARTESIAN_POINT('',(-5.901758278645,-7.5,0.828052782144));
#14928 = ORIENTED_EDGE('',*,*,#14929,.F.);
#14929 = EDGE_CURVE('',#14220,#14916,#14930,.T.);
#14930 = LINE('',#14931,#14932);
#14931 = CARTESIAN_POINT('',(-5.901758278645,-7.51,0.636314808309));
#14932 = VECTOR('',#14933,1.);
#14933 = DIRECTION('',(-0.,1.,-0.));
#14934 = ORIENTED_EDGE('',*,*,#14219,.T.);
#14935 = ORIENTED_EDGE('',*,*,#14936,.T.);
#14936 = EDGE_CURVE('',#14222,#14918,#14937,.T.);
#14937 = LINE('',#14938,#14939);
#14938 = CARTESIAN_POINT('',(-5.901758278645,-7.51,0.828052782144));
#14939 = VECTOR('',#14940,1.);
#14940 = DIRECTION('',(-0.,1.,-0.));
#14941 = B_SPLINE_SURFACE_WITH_KNOTS('',3,1,(
    (#14942,#14943)
    ,(#14944,#14945)
    ,(#14946,#14947)
    ,(#14948,#14949)
    ,(#14950,#14951)
    ,(#14952,#14953)
    ,(#14954,#14955
  )),.UNSPECIFIED.,.F.,.F.,.F.,(4,3,4),(2,2),(0.,1.,2.),(0.,1.),
  .PIECEWISE_BEZIER_KNOTS.);
#14942 = CARTESIAN_POINT('',(-5.901758278645,-7.51,0.636314808309));
#14943 = CARTESIAN_POINT('',(-5.901758278645,-7.5,0.636314808309));
#14944 = CARTESIAN_POINT('',(-5.847678386598,-7.51,0.636314808309));
#14945 = CARTESIAN_POINT('',(-5.847678386598,-7.5,0.636314808309));
#14946 = CARTESIAN_POINT('',(-5.805889338614,-7.51,0.680562090746));
#14947 = CARTESIAN_POINT('',(-5.805889338614,-7.5,0.680562090746));
#14948 = CARTESIAN_POINT('',(-5.805889338614,-7.51,0.732183795227));
#14949 = CARTESIAN_POINT('',(-5.805889338614,-7.5,0.732183795227));
#14950 = CARTESIAN_POINT('',(-5.805889338614,-7.51,0.78626373416));
#14951 = CARTESIAN_POINT('',(-5.805889338614,-7.5,0.78626373416));
#14952 = CARTESIAN_POINT('',(-5.850136527278,-7.51,0.828052782144));
#14953 = CARTESIAN_POINT('',(-5.850136527278,-7.5,0.828052782144));
#14954 = CARTESIAN_POINT('',(-5.901758278645,-7.51,0.828052782144));
#14955 = CARTESIAN_POINT('',(-5.901758278645,-7.5,0.828052782144));
#14956 = ADVANCED_FACE('',(#14957),#14971,.T.);
#14957 = FACE_BOUND('',#14958,.T.);
#14958 = EDGE_LOOP('',(#14959,#14968,#14969,#14970));
#14959 = ORIENTED_EDGE('',*,*,#14960,.F.);
#14960 = EDGE_CURVE('',#14918,#14916,#14961,.T.);
#14961 = B_SPLINE_CURVE_WITH_KNOTS('',3,(#14962,#14963,#14964,#14965,
    #14966,#14967),.UNSPECIFIED.,.F.,.F.,(4,2,4),(2.,3.,4.),
  .UNSPECIFIED.);
#14962 = CARTESIAN_POINT('',(-5.901758278645,-7.5,0.828052782144));
#14963 = CARTESIAN_POINT('',(-5.953380030011,-7.5,0.828052782144));
#14964 = CARTESIAN_POINT('',(-5.997627218677,-7.5,0.78626373416));
#14965 = CARTESIAN_POINT('',(-5.997627218677,-7.5,0.678103856293));
#14966 = CARTESIAN_POINT('',(-5.953380030011,-7.5,0.636314808309));
#14967 = CARTESIAN_POINT('',(-5.901758278645,-7.5,0.636314808309));
#14968 = ORIENTED_EDGE('',*,*,#14936,.F.);
#14969 = ORIENTED_EDGE('',*,*,#14233,.T.);
#14970 = ORIENTED_EDGE('',*,*,#14929,.T.);
#14971 = B_SPLINE_SURFACE_WITH_KNOTS('',3,1,(
    (#14972,#14973)
    ,(#14974,#14975)
    ,(#14976,#14977)
    ,(#14978,#14979)
    ,(#14980,#14981)
    ,(#14982,#14983
  )),.UNSPECIFIED.,.F.,.F.,.F.,(4,2,4),(2,2),(2.,3.,4.),(0.,1.),
  .UNSPECIFIED.);
#14972 = CARTESIAN_POINT('',(-5.901758278645,-7.51,0.828052782144));
#14973 = CARTESIAN_POINT('',(-5.901758278645,-7.5,0.828052782144));
#14974 = CARTESIAN_POINT('',(-5.953380030011,-7.51,0.828052782144));
#14975 = CARTESIAN_POINT('',(-5.953380030011,-7.5,0.828052782144));
#14976 = CARTESIAN_POINT('',(-5.997627218677,-7.51,0.78626373416));
#14977 = CARTESIAN_POINT('',(-5.997627218677,-7.5,0.78626373416));
#14978 = CARTESIAN_POINT('',(-5.997627218677,-7.51,0.678103856293));
#14979 = CARTESIAN_POINT('',(-5.997627218677,-7.5,0.678103856293));
#14980 = CARTESIAN_POINT('',(-5.953380030011,-7.51,0.636314808309));
#14981 = CARTESIAN_POINT('',(-5.953380030011,-7.5,0.636314808309));
#14982 = CARTESIAN_POINT('',(-5.901758278645,-7.51,0.636314808309));
#14983 = CARTESIAN_POINT('',(-5.901758278645,-7.5,0.636314808309));
#14984 = ADVANCED_FACE('',(#14985),#14989,.F.);
#14985 = FACE_BOUND('',#14986,.T.);
#14986 = EDGE_LOOP('',(#14987,#14988));
#14987 = ORIENTED_EDGE('',*,*,#14960,.T.);
#14988 = ORIENTED_EDGE('',*,*,#14915,.T.);
#14989 = PLANE('',#14990);
#14990 = AXIS2_PLACEMENT_3D('',#14991,#14992,#14993);
#14991 = CARTESIAN_POINT('',(-7.5,-7.5,4.));
#14992 = DIRECTION('',(0.,1.,0.));
#14993 = DIRECTION('',(0.,-0.,1.));
#14994 = ( GEOMETRIC_REPRESENTATION_CONTEXT(3) 
GLOBAL_UNCERTAINTY_ASSIGNED_CONTEXT((#14998)) 
GLOBAL_UNIT_ASSIGNED_CONTEXT((#14995,#14996,#14997)) 
REPRESENTATION_CONTEXT('Context #1',
  '3D Context with UNIT and UNCERTAINTY') );
#14995 = ( LENGTH_UNIT() NAMED_UNIT(*) SI_UNIT(.MILLI.,.METRE.) );
#14996 = ( NAMED_UNIT(*) PLANE_ANGLE_UNIT() SI_UNIT($,.RADIAN.) );
#14997 = ( NAMED_UNIT(*) SI_UNIT($,.STERADIAN.) SOLID_ANGLE_UNIT() );
#14998 = UNCERTAINTY_MEASURE_WITH_UNIT(LENGTH_MEASURE(1.E-07),#14995,
  'distance_accuracy_value','confusion accuracy');
#14999 = CONTEXT_DEPENDENT_SHAPE_REPRESENTATION(#15000,#15002);
#15000 = ( REPRESENTATION_RELATIONSHIP('','',#1160,#10) 
REPRESENTATION_RELATIONSHIP_WITH_TRANSFORMATION(#15001) 
SHAPE_REPRESENTATION_RELATIONSHIP() );
#15001 = ITEM_DEFINED_TRANSFORMATION('','',#11,#31);
#15002 = PRODUCT_DEFINITION_SHAPE('Placement','Placement of an item',
  #15003);
#15003 = NEXT_ASSEMBLY_USAGE_OCCURRENCE('61',
  'BUZ-SMD_5P-L15.0-W15.0-P13.7-BL004','',#5,#1155,$);
#15004 = PRODUCT_RELATED_PRODUCT_CATEGORY('part',$,(#1157));
#15005 = SHAPE_DEFINITION_REPRESENTATION(#15006,#15012);
#15006 = PRODUCT_DEFINITION_SHAPE('','',#15007);
#15007 = PRODUCT_DEFINITION('design','',#15008,#15011);
#15008 = PRODUCT_DEFINITION_FORMATION('','',#15009);
#15009 = PRODUCT('BUZ-SMD_5P-L15.0-W15.0-P13.7-BL005',
  'BUZ-SMD_5P-L15.0-W15.0-P13.7-BL005','',(#15010));
#15010 = PRODUCT_CONTEXT('',#2,'mechanical');
#15011 = PRODUCT_DEFINITION_CONTEXT('part definition',#2,'design');
#15012 = SHAPE_REPRESENTATION('',(#11,#15013,#15017,#15021,#15025,#15029
    ),#15033);
#15013 = AXIS2_PLACEMENT_3D('',#15014,#15015,#15016);
#15014 = CARTESIAN_POINT('',(0.,0.,0.));
#15015 = DIRECTION('',(0.,0.,1.));
#15016 = DIRECTION('',(1.,0.,0.));
#15017 = AXIS2_PLACEMENT_3D('',#15018,#15019,#15020);
#15018 = CARTESIAN_POINT('',(0.,0.,0.));
#15019 = DIRECTION('',(0.,0.,1.));
#15020 = DIRECTION('',(1.,0.,0.));
#15021 = AXIS2_PLACEMENT_3D('',#15022,#15023,#15024);
#15022 = CARTESIAN_POINT('',(0.,0.,0.));
#15023 = DIRECTION('',(0.,0.,1.));
#15024 = DIRECTION('',(1.,0.,0.));
#15025 = AXIS2_PLACEMENT_3D('',#15026,#15027,#15028);
#15026 = CARTESIAN_POINT('',(0.,0.,0.));
#15027 = DIRECTION('',(0.,0.,1.));
#15028 = DIRECTION('',(1.,0.,0.));
#15029 = AXIS2_PLACEMENT_3D('',#15030,#15031,#15032);
#15030 = CARTESIAN_POINT('',(0.,0.,0.));
#15031 = DIRECTION('',(0.,0.,1.));
#15032 = DIRECTION('',(1.,0.,0.));
#15033 = ( GEOMETRIC_REPRESENTATION_CONTEXT(3) 
GLOBAL_UNCERTAINTY_ASSIGNED_CONTEXT((#15037)) 
GLOBAL_UNIT_ASSIGNED_CONTEXT((#15034,#15035,#15036)) 
REPRESENTATION_CONTEXT('Context #1',
  '3D Context with UNIT and UNCERTAINTY') );
#15034 = ( LENGTH_UNIT() NAMED_UNIT(*) SI_UNIT(.MILLI.,.METRE.) );
#15035 = ( NAMED_UNIT(*) PLANE_ANGLE_UNIT() SI_UNIT($,.RADIAN.) );
#15036 = ( NAMED_UNIT(*) SI_UNIT($,.STERADIAN.) SOLID_ANGLE_UNIT() );
#15037 = UNCERTAINTY_MEASURE_WITH_UNIT(LENGTH_MEASURE(1.E-07),#15034,
  'distance_accuracy_value','confusion accuracy');
#15038 = CONTEXT_DEPENDENT_SHAPE_REPRESENTATION(#15039,#15041);
#15039 = ( REPRESENTATION_RELATIONSHIP('','',#15012,#10) 
REPRESENTATION_RELATIONSHIP_WITH_TRANSFORMATION(#15040) 
SHAPE_REPRESENTATION_RELATIONSHIP() );
#15040 = ITEM_DEFINED_TRANSFORMATION('','',#11,#35);
#15041 = PRODUCT_DEFINITION_SHAPE('Placement','Placement of an item',
  #15042);
#15042 = NEXT_ASSEMBLY_USAGE_OCCURRENCE('67',
  'BUZ-SMD_5P-L15.0-W15.0-P13.7-BL005','',#5,#15007,$);
#15043 = PRODUCT_RELATED_PRODUCT_CATEGORY('part',$,(#15009));
#15044 = CONTEXT_DEPENDENT_SHAPE_REPRESENTATION(#15045,#15047);
#15045 = ( REPRESENTATION_RELATIONSHIP('','',#80,#15012) 
REPRESENTATION_RELATIONSHIP_WITH_TRANSFORMATION(#15046) 
SHAPE_REPRESENTATION_RELATIONSHIP() );
#15046 = ITEM_DEFINED_TRANSFORMATION('','',#11,#15013);
#15047 = PRODUCT_DEFINITION_SHAPE('Placement','Placement of an item',
  #15048);
#15048 = NEXT_ASSEMBLY_USAGE_OCCURRENCE('62',
  'BUZ-SMD_5P-L15.0-W15.0-P13.7-BL','',#15007,#75,$);
#15049 = CONTEXT_DEPENDENT_SHAPE_REPRESENTATION(#15050,#15052);
#15050 = ( REPRESENTATION_RELATIONSHIP('','',#350,#15012) 
REPRESENTATION_RELATIONSHIP_WITH_TRANSFORMATION(#15051) 
SHAPE_REPRESENTATION_RELATIONSHIP() );
#15051 = ITEM_DEFINED_TRANSFORMATION('','',#11,#15017);
#15052 = PRODUCT_DEFINITION_SHAPE('Placement','Placement of an item',
  #15053);
#15053 = NEXT_ASSEMBLY_USAGE_OCCURRENCE('63',
  'BUZ-SMD_5P-L15.0-W15.0-P13.7-BL001','',#15007,#345,$);
#15054 = CONTEXT_DEPENDENT_SHAPE_REPRESENTATION(#15055,#15057);
#15055 = ( REPRESENTATION_RELATIONSHIP('','',#620,#15012) 
REPRESENTATION_RELATIONSHIP_WITH_TRANSFORMATION(#15056) 
SHAPE_REPRESENTATION_RELATIONSHIP() );
#15056 = ITEM_DEFINED_TRANSFORMATION('','',#11,#15021);
#15057 = PRODUCT_DEFINITION_SHAPE('Placement','Placement of an item',
  #15058);
#15058 = NEXT_ASSEMBLY_USAGE_OCCURRENCE('64',
  'BUZ-SMD_5P-L15.0-W15.0-P13.7-BL002','',#15007,#615,$);
#15059 = CONTEXT_DEPENDENT_SHAPE_REPRESENTATION(#15060,#15062);
#15060 = ( REPRESENTATION_RELATIONSHIP('','',#890,#15012) 
REPRESENTATION_RELATIONSHIP_WITH_TRANSFORMATION(#15061) 
SHAPE_REPRESENTATION_RELATIONSHIP() );
#15061 = ITEM_DEFINED_TRANSFORMATION('','',#11,#15025);
#15062 = PRODUCT_DEFINITION_SHAPE('Placement','Placement of an item',
  #15063);
#15063 = NEXT_ASSEMBLY_USAGE_OCCURRENCE('65',
  'BUZ-SMD_5P-L15.0-W15.0-P13.7-BL003','',#15007,#885,$);
#15064 = CONTEXT_DEPENDENT_SHAPE_REPRESENTATION(#15065,#15067);
#15065 = ( REPRESENTATION_RELATIONSHIP('','',#1160,#15012) 
REPRESENTATION_RELATIONSHIP_WITH_TRANSFORMATION(#15066) 
SHAPE_REPRESENTATION_RELATIONSHIP() );
#15066 = ITEM_DEFINED_TRANSFORMATION('','',#11,#15029);
#15067 = PRODUCT_DEFINITION_SHAPE('Placement','Placement of an item',
  #15068);
#15068 = NEXT_ASSEMBLY_USAGE_OCCURRENCE('66',
  'BUZ-SMD_5P-L15.0-W15.0-P13.7-BL004','',#15007,#1155,$);
#15069 = SHAPE_DEFINITION_REPRESENTATION(#15070,#15076);
#15070 = PRODUCT_DEFINITION_SHAPE('','',#15071);
#15071 = PRODUCT_DEFINITION('design','',#15072,#15075);
#15072 = PRODUCT_DEFINITION_FORMATION('','',#15073);
#15073 = PRODUCT('X-axis','X-axis','',(#15074));
#15074 = PRODUCT_CONTEXT('',#2,'mechanical');
#15075 = PRODUCT_DEFINITION_CONTEXT('part definition',#2,'design');
#15076 = GEOMETRICALLY_BOUNDED_WIREFRAME_SHAPE_REPRESENTATION('',(#11,
    #15077),#15082);
#15077 = GEOMETRIC_CURVE_SET('',(#15078));
#15078 = LINE('',#15079,#15080);
#15079 = CARTESIAN_POINT('',(0.,0.,0.));
#15080 = VECTOR('',#15081,1.);
#15081 = DIRECTION('',(1.,0.,0.));
#15082 = ( GEOMETRIC_REPRESENTATION_CONTEXT(3) 
GLOBAL_UNCERTAINTY_ASSIGNED_CONTEXT((#15086)) 
GLOBAL_UNIT_ASSIGNED_CONTEXT((#15083,#15084,#15085)) 
REPRESENTATION_CONTEXT('Context #1',
  '3D Context with UNIT and UNCERTAINTY') );
#15083 = ( LENGTH_UNIT() NAMED_UNIT(*) SI_UNIT(.MILLI.,.METRE.) );
#15084 = ( NAMED_UNIT(*) PLANE_ANGLE_UNIT() SI_UNIT($,.RADIAN.) );
#15085 = ( NAMED_UNIT(*) SI_UNIT($,.STERADIAN.) SOLID_ANGLE_UNIT() );
#15086 = UNCERTAINTY_MEASURE_WITH_UNIT(LENGTH_MEASURE(1.E-07),#15083,
  'distance_accuracy_value','confusion accuracy');
#15087 = CONTEXT_DEPENDENT_SHAPE_REPRESENTATION(#15088,#15090);
#15088 = ( REPRESENTATION_RELATIONSHIP('','',#15076,#10) 
REPRESENTATION_RELATIONSHIP_WITH_TRANSFORMATION(#15089) 
SHAPE_REPRESENTATION_RELATIONSHIP() );
#15089 = ITEM_DEFINED_TRANSFORMATION('','',#11,#39);
#15090 = PRODUCT_DEFINITION_SHAPE('Placement','Placement of an item',
  #15091);
#15091 = NEXT_ASSEMBLY_USAGE_OCCURRENCE('68','X-axis','',#5,#15071,$);
#15092 = PRODUCT_RELATED_PRODUCT_CATEGORY('part',$,(#15073));
#15093 = CONTEXT_DEPENDENT_SHAPE_REPRESENTATION(#15094,#15096);
#15094 = ( REPRESENTATION_RELATIONSHIP('','',#15076,#10) 
REPRESENTATION_RELATIONSHIP_WITH_TRANSFORMATION(#15095) 
SHAPE_REPRESENTATION_RELATIONSHIP() );
#15095 = ITEM_DEFINED_TRANSFORMATION('','',#11,#43);
#15096 = PRODUCT_DEFINITION_SHAPE('Placement','Placement of an item',
  #15097);
#15097 = NEXT_ASSEMBLY_USAGE_OCCURRENCE('69','Y-axis','',#5,#15071,$);
#15098 = CONTEXT_DEPENDENT_SHAPE_REPRESENTATION(#15099,#15101);
#15099 = ( REPRESENTATION_RELATIONSHIP('','',#15076,#10) 
REPRESENTATION_RELATIONSHIP_WITH_TRANSFORMATION(#15100) 
SHAPE_REPRESENTATION_RELATIONSHIP() );
#15100 = ITEM_DEFINED_TRANSFORMATION('','',#11,#47);
#15101 = PRODUCT_DEFINITION_SHAPE('Placement','Placement of an item',
  #15102);
#15102 = NEXT_ASSEMBLY_USAGE_OCCURRENCE('70','Z-axis','',#5,#15071,$);
#15103 = SHAPE_DEFINITION_REPRESENTATION(#15104,#15110);
#15104 = PRODUCT_DEFINITION_SHAPE('','',#15105);
#15105 = PRODUCT_DEFINITION('design','',#15106,#15109);
#15106 = PRODUCT_DEFINITION_FORMATION('','',#15107);
#15107 = PRODUCT('XY-plane','XY-plane','',(#15108));
#15108 = PRODUCT_CONTEXT('',#2,'mechanical');
#15109 = PRODUCT_DEFINITION_CONTEXT('part definition',#2,'design');
#15110 = MANIFOLD_SURFACE_SHAPE_REPRESENTATION('',(#11),#15111);
#15111 = ( GEOMETRIC_REPRESENTATION_CONTEXT(3) 
GLOBAL_UNCERTAINTY_ASSIGNED_CONTEXT((#15115)) 
GLOBAL_UNIT_ASSIGNED_CONTEXT((#15112,#15113,#15114)) 
REPRESENTATION_CONTEXT('Context #1',
  '3D Context with UNIT and UNCERTAINTY') );
#15112 = ( LENGTH_UNIT() NAMED_UNIT(*) SI_UNIT(.MILLI.,.METRE.) );
#15113 = ( NAMED_UNIT(*) PLANE_ANGLE_UNIT() SI_UNIT($,.RADIAN.) );
#15114 = ( NAMED_UNIT(*) SI_UNIT($,.STERADIAN.) SOLID_ANGLE_UNIT() );
#15115 = UNCERTAINTY_MEASURE_WITH_UNIT(LENGTH_MEASURE(1.E-07),#15112,
  'distance_accuracy_value','confusion accuracy');
#15116 = CONTEXT_DEPENDENT_SHAPE_REPRESENTATION(#15117,#15119);
#15117 = ( REPRESENTATION_RELATIONSHIP('','',#15110,#10) 
REPRESENTATION_RELATIONSHIP_WITH_TRANSFORMATION(#15118) 
SHAPE_REPRESENTATION_RELATIONSHIP() );
#15118 = ITEM_DEFINED_TRANSFORMATION('','',#11,#51);
#15119 = PRODUCT_DEFINITION_SHAPE('Placement','Placement of an item',
  #15120);
#15120 = NEXT_ASSEMBLY_USAGE_OCCURRENCE('71','XY-plane','',#5,#15105,$);
#15121 = PRODUCT_RELATED_PRODUCT_CATEGORY('part',$,(#15107));
#15122 = CONTEXT_DEPENDENT_SHAPE_REPRESENTATION(#15123,#15125);
#15123 = ( REPRESENTATION_RELATIONSHIP('','',#15110,#10) 
REPRESENTATION_RELATIONSHIP_WITH_TRANSFORMATION(#15124) 
SHAPE_REPRESENTATION_RELATIONSHIP() );
#15124 = ITEM_DEFINED_TRANSFORMATION('','',#11,#55);
#15125 = PRODUCT_DEFINITION_SHAPE('Placement','Placement of an item',
  #15126);
#15126 = NEXT_ASSEMBLY_USAGE_OCCURRENCE('72','XZ-plane','',#5,#15105,$);
#15127 = CONTEXT_DEPENDENT_SHAPE_REPRESENTATION(#15128,#15130);
#15128 = ( REPRESENTATION_RELATIONSHIP('','',#15110,#10) 
REPRESENTATION_RELATIONSHIP_WITH_TRANSFORMATION(#15129) 
SHAPE_REPRESENTATION_RELATIONSHIP() );
#15129 = ITEM_DEFINED_TRANSFORMATION('','',#11,#59);
#15130 = PRODUCT_DEFINITION_SHAPE('Placement','Placement of an item',
  #15131);
#15131 = NEXT_ASSEMBLY_USAGE_OCCURRENCE('73','YZ-plane','',#5,#15105,$);
#15132 = SHAPE_DEFINITION_REPRESENTATION(#15133,#15139);
#15133 = PRODUCT_DEFINITION_SHAPE('','',#15134);
#15134 = PRODUCT_DEFINITION('design','',#15135,#15138);
#15135 = PRODUCT_DEFINITION_FORMATION('','',#15136);
#15136 = PRODUCT('Cylinder','Cylinder','',(#15137));
#15137 = PRODUCT_CONTEXT('',#2,'mechanical');
#15138 = PRODUCT_DEFINITION_CONTEXT('part definition',#2,'design');
#15139 = ADVANCED_BREP_SHAPE_REPRESENTATION('',(#11,#15140),#15193);
#15140 = MANIFOLD_SOLID_BREP('',#15141);
#15141 = CLOSED_SHELL('',(#15142,#15175,#15184));
#15142 = ADVANCED_FACE('',(#15143),#15170,.T.);
#15143 = FACE_BOUND('',#15144,.F.);
#15144 = EDGE_LOOP('',(#15145,#15155,#15162,#15163));
#15145 = ORIENTED_EDGE('',*,*,#15146,.T.);
#15146 = EDGE_CURVE('',#15147,#15149,#15151,.T.);
#15147 = VERTEX_POINT('',#15148);
#15148 = CARTESIAN_POINT('',(4.,-9.797174393179E-16,0.));
#15149 = VERTEX_POINT('',#15150);
#15150 = CARTESIAN_POINT('',(4.,-9.797174393179E-16,1.1));
#15151 = LINE('',#15152,#15153);
#15152 = CARTESIAN_POINT('',(4.,-9.797174393179E-16,0.));
#15153 = VECTOR('',#15154,1.);
#15154 = DIRECTION('',(0.,0.,1.));
#15155 = ORIENTED_EDGE('',*,*,#15156,.T.);
#15156 = EDGE_CURVE('',#15149,#15149,#15157,.T.);
#15157 = CIRCLE('',#15158,4.);
#15158 = AXIS2_PLACEMENT_3D('',#15159,#15160,#15161);
#15159 = CARTESIAN_POINT('',(0.,0.,1.1));
#15160 = DIRECTION('',(0.,0.,1.));
#15161 = DIRECTION('',(1.,0.,-0.));
#15162 = ORIENTED_EDGE('',*,*,#15146,.F.);
#15163 = ORIENTED_EDGE('',*,*,#15164,.F.);
#15164 = EDGE_CURVE('',#15147,#15147,#15165,.T.);
#15165 = CIRCLE('',#15166,4.);
#15166 = AXIS2_PLACEMENT_3D('',#15167,#15168,#15169);
#15167 = CARTESIAN_POINT('',(0.,0.,0.));
#15168 = DIRECTION('',(0.,0.,1.));
#15169 = DIRECTION('',(1.,0.,-0.));
#15170 = CYLINDRICAL_SURFACE('',#15171,4.);
#15171 = AXIS2_PLACEMENT_3D('',#15172,#15173,#15174);
#15172 = CARTESIAN_POINT('',(0.,0.,0.));
#15173 = DIRECTION('',(-0.,-0.,-1.));
#15174 = DIRECTION('',(1.,0.,-0.));
#15175 = ADVANCED_FACE('',(#15176),#15179,.F.);
#15176 = FACE_BOUND('',#15177,.T.);
#15177 = EDGE_LOOP('',(#15178));
#15178 = ORIENTED_EDGE('',*,*,#15164,.F.);
#15179 = PLANE('',#15180);
#15180 = AXIS2_PLACEMENT_3D('',#15181,#15182,#15183);
#15181 = CARTESIAN_POINT('',(0.,0.,0.));
#15182 = DIRECTION('',(0.,0.,1.));
#15183 = DIRECTION('',(1.,0.,-0.));
#15184 = ADVANCED_FACE('',(#15185),#15188,.T.);
#15185 = FACE_BOUND('',#15186,.F.);
#15186 = EDGE_LOOP('',(#15187));
#15187 = ORIENTED_EDGE('',*,*,#15156,.F.);
#15188 = PLANE('',#15189);
#15189 = AXIS2_PLACEMENT_3D('',#15190,#15191,#15192);
#15190 = CARTESIAN_POINT('',(0.,0.,1.1));
#15191 = DIRECTION('',(0.,0.,1.));
#15192 = DIRECTION('',(1.,0.,-0.));
#15193 = ( GEOMETRIC_REPRESENTATION_CONTEXT(3) 
GLOBAL_UNCERTAINTY_ASSIGNED_CONTEXT((#15197)) 
GLOBAL_UNIT_ASSIGNED_CONTEXT((#15194,#15195,#15196)) 
REPRESENTATION_CONTEXT('Context #1',
  '3D Context with UNIT and UNCERTAINTY') );
#15194 = ( LENGTH_UNIT() NAMED_UNIT(*) SI_UNIT(.MILLI.,.METRE.) );
#15195 = ( NAMED_UNIT(*) PLANE_ANGLE_UNIT() SI_UNIT($,.RADIAN.) );
#15196 = ( NAMED_UNIT(*) SI_UNIT($,.STERADIAN.) SOLID_ANGLE_UNIT() );
#15197 = UNCERTAINTY_MEASURE_WITH_UNIT(LENGTH_MEASURE(1.E-07),#15194,
  'distance_accuracy_value','confusion accuracy');
#15198 = CONTEXT_DEPENDENT_SHAPE_REPRESENTATION(#15199,#15201);
#15199 = ( REPRESENTATION_RELATIONSHIP('','',#15139,#10) 
REPRESENTATION_RELATIONSHIP_WITH_TRANSFORMATION(#15200) 
SHAPE_REPRESENTATION_RELATIONSHIP() );
#15200 = ITEM_DEFINED_TRANSFORMATION('','',#11,#63);
#15201 = PRODUCT_DEFINITION_SHAPE('Placement','Placement of an item',
  #15202);
#15202 = NEXT_ASSEMBLY_USAGE_OCCURRENCE('74','Cylinder','',#5,#15134,$);
#15203 = PRODUCT_RELATED_PRODUCT_CATEGORY('part',$,(#15136));
#15204 = MECHANICAL_DESIGN_GEOMETRIC_PRESENTATION_REPRESENTATION('',(
    #15205),#15193);
#15205 = STYLED_ITEM('color',(#15206),#15140);
#15206 = PRESENTATION_STYLE_ASSIGNMENT((#15207,#15213));
#15207 = SURFACE_STYLE_USAGE(.BOTH.,#15208);
#15208 = SURFACE_SIDE_STYLE('',(#15209));
#15209 = SURFACE_STYLE_FILL_AREA(#15210);
#15210 = FILL_AREA_STYLE('',(#15211));
#15211 = FILL_AREA_STYLE_COLOUR('',#15212);
#15212 = COLOUR_RGB('',0.500000003429,0.109999998779,0.);
#15213 = CURVE_STYLE('',#15214,POSITIVE_LENGTH_MEASURE(0.1),#15215);
#15214 = DRAUGHTING_PRE_DEFINED_CURVE_FONT('continuous');
#15215 = COLOUR_RGB('',9.803921802644E-02,9.803921802644E-02,
  9.803921802644E-02);
#15216 = MECHANICAL_DESIGN_GEOMETRIC_PRESENTATION_REPRESENTATION('',(
    #15217),#332);
#15217 = STYLED_ITEM('color',(#15218),#81);
#15218 = PRESENTATION_STYLE_ASSIGNMENT((#15219,#15225));
#15219 = SURFACE_STYLE_USAGE(.BOTH.,#15220);
#15220 = SURFACE_SIDE_STYLE('',(#15221));
#15221 = SURFACE_STYLE_FILL_AREA(#15222);
#15222 = FILL_AREA_STYLE('',(#15223));
#15223 = FILL_AREA_STYLE_COLOUR('',#15224);
#15224 = COLOUR_RGB('',0.300000011149,0.300000011149,0.300000011149);
#15225 = CURVE_STYLE('',#15226,POSITIVE_LENGTH_MEASURE(0.1),#15215);
#15226 = DRAUGHTING_PRE_DEFINED_CURVE_FONT('continuous');
#15227 = MECHANICAL_DESIGN_GEOMETRIC_PRESENTATION_REPRESENTATION('',(
    #15228),#602);
#15228 = STYLED_ITEM('color',(#15229),#351);
#15229 = PRESENTATION_STYLE_ASSIGNMENT((#15230,#15235));
#15230 = SURFACE_STYLE_USAGE(.BOTH.,#15231);
#15231 = SURFACE_SIDE_STYLE('',(#15232));
#15232 = SURFACE_STYLE_FILL_AREA(#15233);
#15233 = FILL_AREA_STYLE('',(#15234));
#15234 = FILL_AREA_STYLE_COLOUR('',#15224);
#15235 = CURVE_STYLE('',#15236,POSITIVE_LENGTH_MEASURE(0.1),#15215);
#15236 = DRAUGHTING_PRE_DEFINED_CURVE_FONT('continuous');
#15237 = MECHANICAL_DESIGN_GEOMETRIC_PRESENTATION_REPRESENTATION('',(
    #15238),#1142);
#15238 = STYLED_ITEM('color',(#15239),#891);
#15239 = PRESENTATION_STYLE_ASSIGNMENT((#15240,#15245));
#15240 = SURFACE_STYLE_USAGE(.BOTH.,#15241);
#15241 = SURFACE_SIDE_STYLE('',(#15242));
#15242 = SURFACE_STYLE_FILL_AREA(#15243);
#15243 = FILL_AREA_STYLE('',(#15244));
#15244 = FILL_AREA_STYLE_COLOUR('',#15224);
#15245 = CURVE_STYLE('',#15246,POSITIVE_LENGTH_MEASURE(0.1),#15215);
#15246 = DRAUGHTING_PRE_DEFINED_CURVE_FONT('continuous');
#15247 = MECHANICAL_DESIGN_GEOMETRIC_PRESENTATION_REPRESENTATION('',(
    #15248),#14994);
#15248 = STYLED_ITEM('color',(#15249),#1161);
#15249 = PRESENTATION_STYLE_ASSIGNMENT((#15250,#15256));
#15250 = SURFACE_STYLE_USAGE(.BOTH.,#15251);
#15251 = SURFACE_SIDE_STYLE('',(#15252));
#15252 = SURFACE_STYLE_FILL_AREA(#15253);
#15253 = FILL_AREA_STYLE('',(#15254));
#15254 = FILL_AREA_STYLE_COLOUR('',#15255);
#15255 = COLOUR_RGB('',0.116700000506,0.116700000506,0.116700000506);
#15256 = CURVE_STYLE('',#15257,POSITIVE_LENGTH_MEASURE(0.1),#15215);
#15257 = DRAUGHTING_PRE_DEFINED_CURVE_FONT('continuous');
#15258 = MECHANICAL_DESIGN_GEOMETRIC_PRESENTATION_REPRESENTATION('',(
    #15259),#872);
#15259 = STYLED_ITEM('color',(#15260),#621);
#15260 = PRESENTATION_STYLE_ASSIGNMENT((#15261,#15266));
#15261 = SURFACE_STYLE_USAGE(.BOTH.,#15262);
#15262 = SURFACE_SIDE_STYLE('',(#15263));
#15263 = SURFACE_STYLE_FILL_AREA(#15264);
#15264 = FILL_AREA_STYLE('',(#15265));
#15265 = FILL_AREA_STYLE_COLOUR('',#15224);
#15266 = CURVE_STYLE('',#15267,POSITIVE_LENGTH_MEASURE(0.1),#15215);
#15267 = DRAUGHTING_PRE_DEFINED_CURVE_FONT('continuous');
ENDSEC;
END-ISO-10303-21;
