ISO-10303-21;
HEADER;
FILE_DESCRIPTION (( 'STEP AP214' ),
    '1' );
FILE_NAME ('Fairy Acrylic.STEP',
    '2026-09-26T21:17:23',
    ( '' ),
    ( '' ),
    'SwSTEP 2.0',
    'SolidWorks 2026',
    '' );
FILE_SCHEMA (( 'AUTOMOTIVE_DESIGN' ));
ENDSEC;

DATA;
#1 = DIRECTION ( 'NONE',  ( -0.000000000000000000, 1.000000000000000000, -0.000000000000000000 ) ) ;
#2 = AXIS2_PLACEMENT_3D ( 'NONE', #4772, #3977, #934 ) ;
#3 = CARTESIAN_POINT ( 'NONE',  ( -4.780370999999998816, 0.000000000000000000, 33.60814899999999739 ) ) ;
#4 = ORIENTED_EDGE ( 'NONE', *, *, #539, .F. ) ;
#5 = LINE ( 'NONE', #423, #4694 ) ;
#6 = ORIENTED_EDGE ( 'NONE', *, *, #1174, .F. ) ;
#7 = CIRCLE ( 'NONE', #5379, 1.000000000000000888 ) ;
#8 = CARTESIAN_POINT ( 'NONE',  ( -34.99792729933509605, 0.000000000000000000, 47.30815342917009048 ) ) ;
#9 = FACE_OUTER_BOUND ( 'NONE', #3093, .T. ) ;
#10 = CARTESIAN_POINT ( 'NONE',  ( -51.25356861471068015, 1.694065894508600678E-18, 36.12266035880166015 ) ) ;
#11 = CARTESIAN_POINT ( 'NONE',  ( -69.29859899999998163, 3.000000000000000000, -79.68841100000000210 ) ) ;
#12 = ADVANCED_FACE ( 'NONE', ( #1804 ), #1895, .T. ) ;
#13 = EDGE_CURVE ( 'NONE', #1292, #3610, #3785, .T. ) ;
#14 = CARTESIAN_POINT ( 'NONE',  ( -43.04721560209382147, 3.000000000000000000, -46.88065575780606054 ) ) ;
#15 = EDGE_CURVE ( 'NONE', #2690, #2854, #2464, .T. ) ;
#16 = AXIS2_PLACEMENT_3D ( 'NONE', #1017, #247, #3143 ) ;
#17 = EDGE_CURVE ( 'NONE', #2586, #2173, #691, .T. ) ;
#18 = CARTESIAN_POINT ( 'NONE',  ( -50.78777952006335283, 0.000000000000000000, 39.56614224820167180 ) ) ;
#19 = VERTEX_POINT ( 'NONE', #2014 ) ;
#20 = CARTESIAN_POINT ( 'NONE',  ( -57.94401977914655077, 3.000000000000000000, 37.46090347943890464 ) ) ;
#21 = ORIENTED_EDGE ( 'NONE', *, *, #279, .F. ) ;
#22 = CARTESIAN_POINT ( 'NONE',  ( 50.93818735582407697, 3.000000000000000000, 38.70979032364790129 ) ) ;
#23 = VECTOR ( 'NONE', #2288, 1000.000000000000000 ) ;
#24 = DIRECTION ( 'NONE',  ( 1.734723475976805517E-15, 0.000000000000000000, 1.000000000000000000 ) ) ;
#25 = CARTESIAN_POINT ( 'NONE',  ( 54.41307803009701871, 3.000000000000000000, -2.815150853046603618 ) ) ;
#26 = DIRECTION ( 'NONE',  ( 0.000000000000000000, 0.000000000000000000, 1.000000000000000000 ) ) ;
#27 = ORIENTED_EDGE ( 'NONE', *, *, #1502, .F. ) ;
#28 = EDGE_CURVE ( 'NONE', #1531, #1483, #5297, .T. ) ;
#29 = CARTESIAN_POINT ( 'NONE',  ( -4.024501119728221887, 3.000000000000000000, 34.26446250471916954 ) ) ;
#30 = ORIENTED_EDGE ( 'NONE', *, *, #3940, .T. ) ;
#31 = CARTESIAN_POINT ( 'NONE',  ( 55.12521485172767655, 0.000000000000000000, 17.57842076602890202 ) ) ;
#32 = DIRECTION ( 'NONE',  ( 0.000000000000000000, 0.000000000000000000, 1.000000000000000000 ) ) ;
#33 = CARTESIAN_POINT ( 'NONE',  ( -14.92823454738873501, 0.000000000000000000, 44.90736115638048176 ) ) ;
#34 = ORIENTED_EDGE ( 'NONE', *, *, #3932, .F. ) ;
#35 = CIRCLE ( 'NONE', #913, 1.000000000000000888 ) ;
#36 = CARTESIAN_POINT ( 'NONE',  ( 22.51290100000000649, 3.000000000000000000, -35.21333000000000624 ) ) ;
#37 = EDGE_LOOP ( 'NONE', ( #1141, #3062, #5307, #4933 ) ) ;
#38 = CARTESIAN_POINT ( 'NONE',  ( -11.32440482030727047, 0.000000000000000000, 33.12323919592485311 ) ) ;
#39 = CARTESIAN_POINT ( 'NONE',  ( 45.96153700000000697, 3.000000000000000000, 8.652596999999996541 ) ) ;
#40 = CARTESIAN_POINT ( 'NONE',  ( 8.043505417548956871, 3.000000000000000000, 17.50712899999999905 ) ) ;
#41 = EDGE_CURVE ( 'NONE', #2557, #315, #710, .T. ) ;
#42 = DIRECTION ( 'NONE',  ( 0.9659258399216233970, 0.000000000000000000, 0.2588189942251271636 ) ) ;
#43 = LINE ( 'NONE', #75, #449 ) ;
#44 = CARTESIAN_POINT ( 'NONE',  ( -49.99085389146456748, 3.000000000000000000, 18.97724626924816960 ) ) ;
#45 = EDGE_LOOP ( 'NONE', ( #1953, #2763, #3496, #4352 ) ) ;
#46 = CARTESIAN_POINT ( 'NONE',  ( -34.99792729933509605, -4.336808689942017736E-16, 47.30815342917009048 ) ) ;
#47 = ORIENTED_EDGE ( 'NONE', *, *, #4656, .F. ) ;
#48 = LINE ( 'NONE', #4230, #1220 ) ;
#49 = CARTESIAN_POINT ( 'NONE',  ( 13.60674997828285271, 3.000000000000000000, 35.53794733254291316 ) ) ;
#50 = CARTESIAN_POINT ( 'NONE',  ( 69.13237399999999866, 3.000000000000000000, -79.74136900000000594 ) ) ;
#51 = CARTESIAN_POINT ( 'NONE',  ( 50.60427557001374765, 1.694065894508600678E-18, 20.91910442031266726 ) ) ;
#52 = ORIENTED_EDGE ( 'NONE', *, *, #215, .T. ) ;
#53 = CYLINDRICAL_SURFACE ( 'NONE', #1532, 1.000000000000000888 ) ;
#54 = EDGE_CURVE ( 'NONE', #537, #4152, #3253, .T. ) ;
#55 = DIRECTION ( 'NONE',  ( -0.6894033162340920118, 0.000000000000000000, 0.7243777105664119809 ) ) ;
#56 = ORIENTED_EDGE ( 'NONE', *, *, #5150, .F. ) ;
#57 = DIRECTION ( 'NONE',  ( -0.000000000000000000, -1.000000000000000000, -0.000000000000000000 ) ) ;
#58 = DIRECTION ( 'NONE',  ( 0.000000000000000000, 1.000000000000000000, 0.000000000000000000 ) ) ;
#59 = DIRECTION ( 'NONE',  ( 0.000000000000000000, 1.000000000000000000, -0.000000000000000000 ) ) ;
#60 = CARTESIAN_POINT ( 'NONE',  ( 57.84613504054144784, 0.000000000000000000, 30.57518755677947198 ) ) ;
#61 = CARTESIAN_POINT ( 'NONE',  ( -26.32268500000000344, 0.000000000000000000, -30.84581199999999157 ) ) ;
#62 = EDGE_LOOP ( 'NONE', ( #880, #4175, #1755, #1887, #2095, #4368, #4596, #1679, #2152, #2943, #4242, #1901, #1248, #1093, #1411, #4952, #3191, #3241, #2931, #1873, #2660, #4114, #4014, #4562, #321, #2989, #2361, #3296, #821, #4291, #2029, #2951, #433, #941, #1086, #3987, #1749, #2066, #4773, #4638, #149, #1758, #2982, #698, #4686, #3707, #5125, #3073, #1139, #4888, #4524, #1388, #4188, #5283, #4009, #4449, #262, #4297 ) ) ;
#63 = LINE ( 'NONE', #4417, #1835 ) ;
#64 = EDGE_CURVE ( 'NONE', #624, #3608, #116, .T. ) ;
#65 = AXIS2_PLACEMENT_3D ( 'NONE', #1455, #3864, #156 ) ;
#66 = ORIENTED_EDGE ( 'NONE', *, *, #969, .F. ) ;
#67 = CIRCLE ( 'NONE', #507, 0.1118251333528941238 ) ;
#68 = CARTESIAN_POINT ( 'NONE',  ( -50.01519951008855003, 3.000000000000000000, -52.15368586642594551 ) ) ;
#69 = CARTESIAN_POINT ( 'NONE',  ( -40.26812265805829583, 0.000000000000000000, 48.24986187560627116 ) ) ;
#70 = CARTESIAN_POINT ( 'NONE',  ( 50.01519951008855003, 3.000000000000000000, -52.15368586642594551 ) ) ;
#71 = CARTESIAN_POINT ( 'NONE',  ( -19.11668038346149956, 3.000000000000000000, -14.11297399999998525 ) ) ;
#72 = CARTESIAN_POINT ( 'NONE',  ( -74.30640603525708343, 0.000000000000000000, -36.62170244513047379 ) ) ;
#73 = CARTESIAN_POINT ( 'NONE',  ( -53.81139177651777317, 3.000000000000000000, -68.42347281644254053 ) ) ;
#74 = CARTESIAN_POINT ( 'NONE',  ( -45.75399814769915707, 3.000000000000000000, 48.59335460104893656 ) ) ;
#75 = CARTESIAN_POINT ( 'NONE',  ( -19.62591869919314647, 0.000000000000000000, -14.11297399999998525 ) ) ;
#76 = CARTESIAN_POINT ( 'NONE',  ( -48.03801116521336922, 0.000000000000000000, 13.95946021185305952 ) ) ;
#77 = ORIENTED_EDGE ( 'NONE', *, *, #1547, .T. ) ;
#78 = CARTESIAN_POINT ( 'NONE',  ( -58.02885117147218352, 1.694065894508600678E-18, 34.01454673380372640 ) ) ;
#79 = CARTESIAN_POINT ( 'NONE',  ( 69.50758746322182446, 3.000000000000000000, -18.46388140482782703 ) ) ;
#80 = ORIENTED_EDGE ( 'NONE', *, *, #4505, .F. ) ;
#81 = AXIS2_PLACEMENT_3D ( 'NONE', #4712, #846, #3010 ) ;
#82 = DIRECTION ( 'NONE',  ( 0.000000000000000000, 0.000000000000000000, 1.000000000000000000 ) ) ;
#83 = CARTESIAN_POINT ( 'NONE',  ( 11.24952735848741447, 3.000000000000000000, 33.04450610827865376 ) ) ;
#84 = DIRECTION ( 'NONE',  ( 0.000000000000000000, 1.000000000000000000, 0.000000000000000000 ) ) ;
#85 = AXIS2_PLACEMENT_3D ( 'NONE', #1153, #1583, #313 ) ;
#86 = DIRECTION ( 'NONE',  ( 0.000000000000000000, 0.000000000000000000, -1.000000000000000000 ) ) ;
#87 = CARTESIAN_POINT ( 'NONE',  ( 49.11001889993010394, 1.694065894508600678E-18, 45.42302506770478487 ) ) ;
#88 = ORIENTED_EDGE ( 'NONE', *, *, #2216, .F. ) ;
#89 = ORIENTED_EDGE ( 'NONE', *, *, #4901, .T. ) ;
#90 = DIRECTION ( 'NONE',  ( 0.000000000000000000, 0.000000000000000000, 1.000000000000000000 ) ) ;
#91 = ADVANCED_FACE ( 'NONE', ( #5400 ), #1587, .T. ) ;
#92 = CARTESIAN_POINT ( 'NONE',  ( -52.95461300000000193, 3.000000000000000000, 54.60650600000000310 ) ) ;
#93 = CARTESIAN_POINT ( 'NONE',  ( 32.57583771019902485, 3.000000000000000000, 53.47084885933507081 ) ) ;
#94 = EDGE_CURVE ( 'NONE', #1116, #3866, #781, .T. ) ;
#95 = CARTESIAN_POINT ( 'NONE',  ( 13.60674997828285271, 0.000000000000000000, 35.53794733254291316 ) ) ;
#96 = CARTESIAN_POINT ( 'NONE',  ( -43.04721560209382147, -1.694065894508600678E-18, -46.88065575780606054 ) ) ;
#97 = ORIENTED_EDGE ( 'NONE', *, *, #2543, .F. ) ;
#98 = CARTESIAN_POINT ( 'NONE',  ( -61.30656566835795473, 3.000000000000000000, -18.11428224824254229 ) ) ;
#99 = ORIENTED_EDGE ( 'NONE', *, *, #4995, .F. ) ;
#100 = VECTOR ( 'NONE', #620, 1000.000000000000000 ) ;
#101 = CARTESIAN_POINT ( 'NONE',  ( -50.01519951008855003, 0.000000000000000000, -52.15368586642594551 ) ) ;
#102 = CARTESIAN_POINT ( 'NONE',  ( -41.33421725500435429, 0.000000000000000000, 48.36646633805170836 ) ) ;
#103 = DIRECTION ( 'NONE',  ( 0.000000000000000000, 0.000000000000000000, 1.000000000000000000 ) ) ;
#104 = CYLINDRICAL_SURFACE ( 'NONE', #3028, 0.5000000000000004441 ) ;
#105 = CARTESIAN_POINT ( 'NONE',  ( -71.57322537419373987, 0.000000000000000000, -24.48788485081163202 ) ) ;
#106 = CARTESIAN_POINT ( 'NONE',  ( -36.04190671085773801, 3.000000000000000000, 47.54403607927838493 ) ) ;
#107 = CARTESIAN_POINT ( 'NONE',  ( 21.61899999999999267, 3.000000000000000000, -2.588999999999997748 ) ) ;
#108 = CARTESIAN_POINT ( 'NONE',  ( -49.50769610875728688, 3.000000000000000000, 17.62982941057849118 ) ) ;
#109 = ORIENTED_EDGE ( 'NONE', *, *, #3671, .T. ) ;
#110 = CARTESIAN_POINT ( 'NONE',  ( -54.29306563533756957, 1.694065894508600678E-18, 52.32821139029105240 ) ) ;
#111 = CARTESIAN_POINT ( 'NONE',  ( 74.44460913759078835, 0.000000000000000000, -59.90541375806012070 ) ) ;
#112 = ORIENTED_EDGE ( 'NONE', *, *, #1547, .F. ) ;
#113 = EDGE_CURVE ( 'NONE', #2479, #131, #4883, .T. ) ;
#114 = DIRECTION ( 'NONE',  ( -0.2588195960148442221, 0.000000000000000000, -0.9659256786723876553 ) ) ;
#115 = AXIS2_PLACEMENT_3D ( 'NONE', #2845, #2747, #238 ) ;
#116 = B_SPLINE_CURVE_WITH_KNOTS ( 'NONE', 3,
 ( #4410, #640, #667, #282, #2353, #1551, #2322, #4002, #1655, #3349, #2887, #2441, #1224, #3325, #2136, #4171, #2965, #5438, #5021, #4195, #429, #4971, #10, #1700, #378, #2468, #855, #4120, #2549, #453, #2062, #3816, #290, #4906, #2042, #4516, #3723, #1996 ),
 .UNSPECIFIED., .F., .F.,
 ( 4, 1, 1, 1, 1, 1, 1, 1, 1, 1, 1, 1, 1, 1, 1, 1, 1, 1, 1, 1, 1, 1, 1, 1, 1, 1, 1, 1, 1, 1, 1, 1, 1, 1, 1, 4 ),
 ( 0.000000000000000000, 0.03301402884041852726, 0.06912885791095987886, 0.1480081206765340718, 0.1894089932466170578, 0.2312116592561086204, 0.2727722837556229574, 0.2932418632890559929, 0.3134239729529152418, 0.3383068906649624452, 0.3619175127210942366, 0.3844605229609985297, 0.4061336771164703041, 0.4271340419707934655, 0.4476505252297119930, 0.4678730461783387473, 0.4879811535513915999, 0.5081484489801264548, 0.5285342454468887619, 0.5706521226300718119, 0.6642990379423662217, 0.6853247149976281483, 0.7063264560935557101, 0.7273351191429134888, 0.7483500992106640881, 0.7693748167951749428, 0.7904096843862608024, 0.8114558934687168268, 0.8325149202986216190, 0.8535873411250010090, 0.8746750485977552447, 0.8957781723743322155, 0.9168991668880944745, 0.9380373901365067768, 0.9591960121925849903, 0.9853810201268415891 ),
 .UNSPECIFIED. ) ;
#117 = CARTESIAN_POINT ( 'NONE',  ( -13.46454380299624098, 0.000000000000000000, 43.52956487241662131 ) ) ;
#118 = CARTESIAN_POINT ( 'NONE',  ( -19.62591869919314647, 3.000000000000000000, -14.11297399999998525 ) ) ;
#119 = CARTESIAN_POINT ( 'NONE',  ( 0.000000000000000000, 0.000000000000000000, -2.589000000000000856 ) ) ;
#120 = CARTESIAN_POINT ( 'NONE',  ( -14.56037363678291285, 3.000000000000000000, 17.00712899999999905 ) ) ;
#121 = ORIENTED_EDGE ( 'NONE', *, *, #3175, .T. ) ;
#122 = B_SPLINE_CURVE_WITH_KNOTS ( 'NONE', 3,
 ( #5224, #157, #1900, #1038, #3524, #5252, #596, #1482, #567, #5196, #1456, #2281, #4393, #3109, #2723, #1010, #186, #1871, #3553, #534, #2536, #1271, #5171, #1784, #4623, #2220, #876, #3895, #129, #95, #2570, #1393, #3396, #2156 ),
 .UNSPECIFIED., .F., .F.,
 ( 4, 1, 1, 1, 1, 1, 1, 1, 1, 1, 1, 1, 1, 1, 1, 1, 1, 1, 1, 1, 1, 1, 1, 1, 1, 1, 1, 1, 1, 1, 1, 4 ),
 ( 0.01432074041799125640, 0.04953250805321672556, 0.07507457467481723490, 0.1006175245099810989, 0.1261557507270576473, 0.1516907223483881240, 0.1772191427898469895, 0.2027399975687304290, 0.2282529325392307906, 0.2537553468010663171, 0.2792452409082691878, 0.3047229566969057446, 0.3301855049608792836, 0.3556337556810078571, 0.3810642611126719981, 0.4064694989501170252, 0.4442389824015975930, 0.4819479793836420334, 0.5196063951257438029, 0.5572131062779405175, 0.5947671961786660244, 0.6322673588832004032, 0.6697114270439029626, 0.7070959123558659964, 0.7444185941530346851, 0.7816765658296563890, 0.8188681407795083134, 0.8559925713311657969, 0.8930463069819428723, 0.9300305291004659081, 0.9669454447166447864, 0.9746646690335010188 ),
 .UNSPECIFIED. ) ;
#123 = CIRCLE ( 'NONE', #1092, 0.1118251333528941238 ) ;
#124 = B_SPLINE_SURFACE_WITH_KNOTS ( 'NONE', 3, 1, ( 
 ( #2618, #2711 ),
 ( #4732, #2589 ),
 ( #3483, #4701 ),
 ( #201, #5161 ),
 ( #3882, #3448 ),
 ( #519, #5187 ),
 ( #1382, #5211 ),
 ( #928, #111 ),
 ( #3064, #2268 ),
 ( #1831, #1410 ),
 ( #3095, #3917 ),
 ( #614, #2296 ),
 ( #3973, #3414 ),
 ( #1315, #3511 ),
 ( #4257, #2681 ),
 ( #3002, #2172 ),
 ( #960, #5092 ),
 ( #4668, #1442 ),
 ( #896, #3852 ),
 ( #4320, #552 ),
 ( #4767, #992 ),
 ( #79, #3947 ),
 ( #3126, #4793 ),
 ( #5127, #3034 ),
 ( #2841, #690 ),
 ( #2352, #1915 ),
 ( #4052, #639 ),
 ( #5344, #4923 ),
 ( #1886, #5296 ),
 ( #2378, #1526 ),
 ( #4508, #2771 ),
 ( #1471, #3209 ),
 ( #255, #731 ),
 ( #4025, #1126 ) ),
 .UNSPECIFIED., .F., .F., .F.,
 ( 4, 1, 1, 1, 1, 1, 1, 1, 1, 1, 1, 1, 1, 1, 1, 1, 1, 1, 1, 1, 1, 1, 1, 1, 1, 1, 1, 1, 1, 1, 1, 4 ),
 ( 2, 2 ),
 ( 0.000000000000000000, 0.06121273817483804947, 0.09179086101178143831, 0.1223425892199376669, 0.1528718038082005071, 0.1833819822975039926, 0.2138762936737421128, 0.2443577943152522303, 0.2748293946825828837, 0.3052940748048100783, 0.3357549689455319730, 0.3966699609499036439, 0.4271615374098215456, 0.4576247154306006815, 0.4881259594459063100, 0.5079983905151578272, 0.5477572368942638104, 0.5676542113665553613, 0.5875625082778672681, 0.6074825929439809924, 0.6673087497949029556, 0.6872824228826468484, 0.7072716886850038964, 0.7272777350102105354, 0.8074711104529508354, 0.8315209017768369071, 0.8556047850687839018, 0.8797208062741377343, 0.9038695380922265876, 0.9280513988502842038, 0.9522667411092766709, 0.9927241866443052842 ),
 ( 0.000000000000000000, 1.000000000000000000 ),
 .UNSPECIFIED. ) ;
#125 = ORIENTED_EDGE ( 'NONE', *, *, #3378, .T. ) ;
#126 = CIRCLE ( 'NONE', #4154, 33.50000000000000000 ) ;
#127 = LINE ( 'NONE', #3863, #728 ) ;
#128 = DIRECTION ( 'NONE',  ( 0.000000000000000000, 1.000000000000000000, 0.000000000000000000 ) ) ;
#129 = CARTESIAN_POINT ( 'NONE',  ( 14.73464199026328458, 0.000000000000000000, 36.61033438734273204 ) ) ;
#130 = AXIS2_PLACEMENT_3D ( 'NONE', #683, #275, #224 ) ;
#131 = VERTEX_POINT ( 'NONE', #263 ) ;
#132 = CARTESIAN_POINT ( 'NONE',  ( -70.99484321320397839, 0.000000000000000000, -75.10505846559856025 ) ) ;
#133 = ORIENTED_EDGE ( 'NONE', *, *, #3870, .T. ) ;
#134 = CARTESIAN_POINT ( 'NONE',  ( -54.32950738889223885, 3.000000000000000000, 6.184309070479776516 ) ) ;
#135 = EDGE_CURVE ( 'NONE', #4594, #2449, #4565, .T. ) ;
#136 = VECTOR ( 'NONE', #527, 1000.000000000000000 ) ;
#137 = CARTESIAN_POINT ( 'NONE',  ( 70.01562050009107452, 0.000000000000000000, -77.86985685487216813 ) ) ;
#138 = DIRECTION ( 'NONE',  ( -0.000000000000000000, -1.000000000000000000, -0.000000000000000000 ) ) ;
#139 = DIRECTION ( 'NONE',  ( -0.000000000000000000, -1.000000000000000000, -0.000000000000000000 ) ) ;
#140 = CARTESIAN_POINT ( 'NONE',  ( 60.36323296338900235, 0.000000000000000000, -73.55831211109210699 ) ) ;
#141 = DIRECTION ( 'NONE',  ( 0.000000000000000000, 1.000000000000000000, 0.000000000000000000 ) ) ;
#142 = CARTESIAN_POINT ( 'NONE',  ( 57.68726925134266992, 0.000000000000000000, -9.020513918806257081 ) ) ;
#143 = CARTESIAN_POINT ( 'NONE',  ( -22.28067675997548136, 3.000000000000000000, 42.18785769550562748 ) ) ;
#144 = CARTESIAN_POINT ( 'NONE',  ( 14.92823454738873501, 3.000000000000000000, 44.90736115638048176 ) ) ;
#145 = CARTESIAN_POINT ( 'NONE',  ( -51.40113027495674203, 0.000000000000000000, 24.59094182726887823 ) ) ;
#146 = ORIENTED_EDGE ( 'NONE', *, *, #2775, .T. ) ;
#147 = CARTESIAN_POINT ( 'NONE',  ( -40.26812265805829583, -4.336808689942017736E-16, 48.24986187560627116 ) ) ;
#148 = DIRECTION ( 'NONE',  ( 0.000000000000000000, 0.000000000000000000, 1.000000000000000000 ) ) ;
#149 = ORIENTED_EDGE ( 'NONE', *, *, #1821, .F. ) ;
#150 = CARTESIAN_POINT ( 'NONE',  ( -5.663267465419664859, 0.000000000000000000, 34.53583603780170108 ) ) ;
#151 = DIRECTION ( 'NONE',  ( 0.000000000000000000, 0.000000000000000000, 1.000000000000000000 ) ) ;
#152 = DIRECTION ( 'NONE',  ( -1.000000000000000000, -0.000000000000000000, 0.000000000000000000 ) ) ;
#153 = CARTESIAN_POINT ( 'NONE',  ( -54.32950738889223885, 0.000000000000000000, 6.184309070479776516 ) ) ;
#154 = ORIENTED_EDGE ( 'NONE', *, *, #4904, .T. ) ;
#155 = DIRECTION ( 'NONE',  ( 0.000000000000000000, 0.000000000000000000, 1.000000000000000000 ) ) ;
#156 = DIRECTION ( 'NONE',  ( 0.000000000000000000, 0.000000000000000000, 1.000000000000000000 ) ) ;
#157 = CARTESIAN_POINT ( 'NONE',  ( 46.60479208711303301, 0.000000000000000000, 48.58604334559872484 ) ) ;
#158 = ORIENTED_EDGE ( 'NONE', *, *, #2568, .F. ) ;
#159 = VERTEX_POINT ( 'NONE', #1612 ) ;
#160 = DIRECTION ( 'NONE',  ( 0.000000000000000000, 0.000000000000000000, 1.000000000000000000 ) ) ;
#161 = CARTESIAN_POINT ( 'NONE',  ( -57.41759783208954104, 3.000000000000000000, -57.05242572753787300 ) ) ;
#162 = DIRECTION ( 'NONE',  ( -0.2588191740101296601, 0.000000000000000000, -0.9659257917483693445 ) ) ;
#163 = VECTOR ( 'NONE', #626, 1000.000000000000000 ) ;
#164 = LINE ( 'NONE', #3171, #23 ) ;
#165 = CARTESIAN_POINT ( 'NONE',  ( 45.96153700000000697, 3.000000000000000000, 8.652596999999996541 ) ) ;
#166 = CARTESIAN_POINT ( 'NONE',  ( 24.99241226516430103, 3.000000000000000000, -29.30753214814435381 ) ) ;
#167 = CARTESIAN_POINT ( 'NONE',  ( 47.65347645414518496, -1.694065894508600678E-18, -50.44294925997562729 ) ) ;
#168 = CARTESIAN_POINT ( 'NONE',  ( -11.24952735848692420, 3.000000000000000000, 33.04450610827812795 ) ) ;
#169 = ADVANCED_FACE ( 'NONE', ( #5304 ), #3502, .T. ) ;
#170 = CARTESIAN_POINT ( 'NONE',  ( 51.17040117174379787, -1.734723475976807094E-15, 36.98765994906924703 ) ) ;
#171 = CARTESIAN_POINT ( 'NONE',  ( -49.69949039038171890, 3.000000000000000000, 43.77952958813786211 ) ) ;
#172 = ORIENTED_EDGE ( 'NONE', *, *, #28, .F. ) ;
#173 = EDGE_CURVE ( 'NONE', #1268, #5193, #1777, .T. ) ;
#174 = CARTESIAN_POINT ( 'NONE',  ( -33.96016299144150707, 3.000000000000000444, 47.04866852622090789 ) ) ;
#175 = CARTESIAN_POINT ( 'NONE',  ( 69.13237399999999866, 3.000000000000000000, -79.74136900000000594 ) ) ;
#176 = AXIS2_PLACEMENT_3D ( 'NONE', #5419, #383, #3744 ) ;
#177 = ORIENTED_EDGE ( 'NONE', *, *, #1748, .T. ) ;
#178 = FACE_BOUND ( 'NONE', #4493, .T. ) ;
#179 = CARTESIAN_POINT ( 'NONE',  ( -21.72600000000000264, 3.000000000000000000, 2.861000000000001542 ) ) ;
#180 = CARTESIAN_POINT ( 'NONE',  ( 8.094470818599306838, 3.000000000000000000, -14.61297399999998881 ) ) ;
#181 = DIRECTION ( 'NONE',  ( -1.000000000000000000, 0.000000000000000000, 1.325447660487638608E-16 ) ) ;
#182 = VERTEX_POINT ( 'NONE', #2949 ) ;
#183 = CARTESIAN_POINT ( 'NONE',  ( 26.32268500000000344, 3.000000000000000000, -30.84581199999999157 ) ) ;
#184 = EDGE_CURVE ( 'NONE', #4754, #5219, #4569, .T. ) ;
#185 = CARTESIAN_POINT ( 'NONE',  ( 18.30034746835531578, 3.000000000000000000, 47.36787755499586439 ) ) ;
#186 = CARTESIAN_POINT ( 'NONE',  ( 30.72574520725112990, 0.000000000000000000, 46.07608411214243205 ) ) ;
#187 = ORIENTED_EDGE ( 'NONE', *, *, #5048, .T. ) ;
#188 = VECTOR ( 'NONE', #4736, 1000.000000000000000 ) ;
#189 = EDGE_LOOP ( 'NONE', ( #4730, #3821, #3758, #3793 ) ) ;
#190 = DIRECTION ( 'NONE',  ( -0.000000000000000000, 1.000000000000000000, -0.000000000000000000 ) ) ;
#191 = CARTESIAN_POINT ( 'NONE',  ( -8.347232571899867892, 3.000000000000000000, -14.70921147960910069 ) ) ;
#192 = LINE ( 'NONE', #3197, #3366 ) ;
#193 = PLANE ( 'NONE',  #655 ) ;
#194 = DIRECTION ( 'NONE',  ( -0.2588191740101298821, 0.000000000000000000, -0.9659257917483693445 ) ) ;
#195 = CARTESIAN_POINT ( 'NONE',  ( 73.33589601838630756, 0.000000000000000000, -31.24893448183900801 ) ) ;
#196 = CARTESIAN_POINT ( 'NONE',  ( -63.89616829180445734, 3.000000000000000000, -6.843248154517834081 ) ) ;
#197 = DIRECTION ( 'NONE',  ( 0.000000000000000000, 1.000000000000000000, 0.000000000000000000 ) ) ;
#198 = CARTESIAN_POINT ( 'NONE',  ( 50.93818735582407697, 3.000000000000000000, 38.70979032364790129 ) ) ;
#199 = CARTESIAN_POINT ( 'NONE',  ( -27.63585988197559118, 0.000000000000000000, -41.92596029648237987 ) ) ;
#200 = CARTESIAN_POINT ( 'NONE',  ( -11.76026647330467867, 3.000000000000000444, 33.57611457789082010 ) ) ;
#201 = CARTESIAN_POINT ( 'NONE',  ( 72.10499851117937453, 3.000000000000000000, -71.35853959186772499 ) ) ;
#202 = EDGE_LOOP ( 'NONE', ( #3421, #1303, #1726, #2666 ) ) ;
#203 = EDGE_CURVE ( 'NONE', #2697, #3032, #1318, .T. ) ;
#204 = AXIS2_PLACEMENT_3D ( 'NONE', #3004, #1774, #932 ) ;
#205 = EDGE_CURVE ( 'NONE', #2632, #4677, #5064, .T. ) ;
#206 = CARTESIAN_POINT ( 'NONE',  ( 35.72822307076612702, 0.000000000000000000, -40.53733558045187380 ) ) ;
#207 = CARTESIAN_POINT ( 'NONE',  ( 72.76443933393984764, 3.000000000000000000, -28.77339385267436001 ) ) ;
#208 = DIRECTION ( 'NONE',  ( 0.000000000000000000, 1.000000000000000000, -0.000000000000000000 ) ) ;
#209 = CARTESIAN_POINT ( 'NONE',  ( -40.42315691954928525, 0.000000000000000000, 54.94557405835164587 ) ) ;
#210 = CARTESIAN_POINT ( 'NONE',  ( -18.56521035969617017, 0.000000000000000000, 17.00712899999999905 ) ) ;
#211 = ORIENTED_EDGE ( 'NONE', *, *, #4011, .T. ) ;
#212 = AXIS2_PLACEMENT_3D ( 'NONE', #1731, #3406, #2579 ) ;
#213 = CARTESIAN_POINT ( 'NONE',  ( -50.61474012157911773, 3.000000000000000000, 40.41865233515631672 ) ) ;
#214 = LINE ( 'NONE', #2307, #1840 ) ;
#215 = EDGE_CURVE ( 'NONE', #4961, #4538, #3488, .T. ) ;
#216 = DIRECTION ( 'NONE',  ( -1.000000000000000000, 0.000000000000000000, 0.000000000000000000 ) ) ;
#217 = CIRCLE ( 'NONE', #3281, 0.2500000000000002220 ) ;
#218 = VERTEX_POINT ( 'NONE', #4387 ) ;
#219 = VERTEX_POINT ( 'NONE', #2716 ) ;
#220 = LINE ( 'NONE', #3142, #3222 ) ;
#221 = AXIS2_PLACEMENT_3D ( 'NONE', #2653, #487, #4289 ) ;
#222 = CARTESIAN_POINT ( 'NONE',  ( -19.92416417019081010, 3.000000000000000000, -2.589000000000000856 ) ) ;
#223 = LINE ( 'NONE', #3530, #4781 ) ;
#224 = DIRECTION ( 'NONE',  ( 0.000000000000000000, 0.000000000000000000, 1.000000000000000000 ) ) ;
#225 = CARTESIAN_POINT ( 'NONE',  ( 75.03960419855475550, 0.000000000000000000, -43.39444461246201712 ) ) ;
#226 = CARTESIAN_POINT ( 'NONE',  ( -65.82221648002720826, 0.000000000000000000, -10.32104284989116216 ) ) ;
#227 = CARTESIAN_POINT ( 'NONE',  ( 35.72822307076612702, -1.694065894508600678E-18, -40.53733558045187380 ) ) ;
#228 = ADVANCED_FACE ( 'NONE', ( #592 ), #1891, .T. ) ;
#229 = CARTESIAN_POINT ( 'NONE',  ( 48.78284044652381368, -1.734723475976807094E-15, 46.23368580428790153 ) ) ;
#230 = EDGE_CURVE ( 'NONE', #3754, #5069, #284, .T. ) ;
#231 = CARTESIAN_POINT ( 'NONE',  ( -49.69949039038171890, 0.000000000000000000, 43.77952958813786211 ) ) ;
#232 = CARTESIAN_POINT ( 'NONE',  ( -12.50859194856952961, 3.000000000000000444, 34.43617758156187136 ) ) ;
#233 = CARTESIAN_POINT ( 'NONE',  ( -5.663267465419664859, 3.000000000000000000, 34.53583603780170108 ) ) ;
#234 = AXIS2_PLACEMENT_3D ( 'NONE', #856, #42, #4725 ) ;
#235 = CARTESIAN_POINT ( 'NONE',  ( -48.91845889341247045, 0.000000000000000000, 55.18619668923575006 ) ) ;
#236 = CARTESIAN_POINT ( 'NONE',  ( 52.02639311151101964, 3.000000000000000000, 8.627437679690226346 ) ) ;
#237 = DIRECTION ( 'NONE',  ( -0.000000000000000000, 1.000000000000000000, 0.000000000000000000 ) ) ;
#238 = DIRECTION ( 'NONE',  ( 0.000000000000000000, 0.000000000000000000, -1.000000000000000000 ) ) ;
#239 = DIRECTION ( 'NONE',  ( 0.000000000000000000, 0.000000000000000000, 1.000000000000000000 ) ) ;
#240 = ORIENTED_EDGE ( 'NONE', *, *, #5030, .T. ) ;
#241 = CARTESIAN_POINT ( 'NONE',  ( -56.15392664154154545, 3.000000000000000000, -5.909220970001160644 ) ) ;
#242 = CARTESIAN_POINT ( 'NONE',  ( -49.11001889993010394, 3.000000000000000000, 45.42302506770478487 ) ) ;
#243 = FACE_OUTER_BOUND ( 'NONE', #391, .T. ) ;
#244 = ORIENTED_EDGE ( 'NONE', *, *, #5030, .F. ) ;
#245 = EDGE_CURVE ( 'NONE', #5079, #5351, #526, .T. ) ;
#246 = ORIENTED_EDGE ( 'NONE', *, *, #1963, .F. ) ;
#247 = DIRECTION ( 'NONE',  ( 0.000000000000000000, 1.000000000000000000, 0.000000000000000000 ) ) ;
#248 = ADVANCED_FACE ( 'NONE', ( #3040 ), #2689, .T. ) ;
#249 = FACE_OUTER_BOUND ( 'NONE', #1484, .T. ) ;
#250 = DIRECTION ( 'NONE',  ( -0.000000000000000000, -1.000000000000000000, -0.000000000000000000 ) ) ;
#251 = CARTESIAN_POINT ( 'NONE',  ( 45.33045749271477831, -1.694065894508600678E-18, -48.68501421704478815 ) ) ;
#252 = CARTESIAN_POINT ( 'NONE',  ( 50.61474012157911773, -1.734723475976807094E-15, 40.41865233515631672 ) ) ;
#253 = CARTESIAN_POINT ( 'NONE',  ( -23.29010782125181223, 3.000000000000000000, -36.28146475517992542 ) ) ;
#254 = CARTESIAN_POINT ( 'NONE',  ( -15.90450226889967844, -4.336808689942017736E-16, 37.64222744140194976 ) ) ;
#255 = CARTESIAN_POINT ( 'NONE',  ( 52.92643207439704156, 3.000000000000000000, 7.700559786046834887 ) ) ;
#256 = CIRCLE ( 'NONE', #4282, 0.2500000000000002220 ) ;
#257 = CARTESIAN_POINT ( 'NONE',  ( -45.60122540087225218, 0.000000000000000000, 55.26084292898465122 ) ) ;
#258 = DIRECTION ( 'NONE',  ( 0.000000000000000000, 0.000000000000000000, -1.000000000000000000 ) ) ;
#259 = CARTESIAN_POINT ( 'NONE',  ( -61.30293354260651739, 3.000000000000000000, -54.20544071342600745 ) ) ;
#260 = CYLINDRICAL_SURFACE ( 'NONE', #115, 33.50000000000000000 ) ;
#261 = LINE ( 'NONE', #1867, #2516 ) ;
#262 = ORIENTED_EDGE ( 'NONE', *, *, #4737, .F. ) ;
#263 = CARTESIAN_POINT ( 'NONE',  ( 51.84063968968352754, 3.000000000000000000, 9.753362731230172500 ) ) ;
#264 = AXIS2_PLACEMENT_3D ( 'NONE', #1910, #4020, #3121 ) ;
#265 = CARTESIAN_POINT ( 'NONE',  ( -48.12931955041967313, 3.000000000000000000, 47.69028253737586454 ) ) ;
#266 = CARTESIAN_POINT ( 'NONE',  ( -23.65928550861623236, 3.000000000000000000, -27.76975728627122564 ) ) ;
#267 = VERTEX_POINT ( 'NONE', #1476 ) ;
#268 = VERTEX_POINT ( 'NONE', #557 ) ;
#269 = CIRCLE ( 'NONE', #700, 1.000000000000000888 ) ;
#270 = EDGE_CURVE ( 'NONE', #4833, #347, #3104, .T. ) ;
#271 = EDGE_CURVE ( 'NONE', #2961, #5145, #721, .T. ) ;
#272 = CYLINDRICAL_SURFACE ( 'NONE', #5388, 1.000000000000000888 ) ;
#273 = ORIENTED_EDGE ( 'NONE', *, *, #1334, .F. ) ;
#274 = VECTOR ( 'NONE', #1416, 1000.000000000000000 ) ;
#275 = DIRECTION ( 'NONE',  ( -0.000000000000000000, -1.000000000000000000, -0.000000000000000000 ) ) ;
#276 = CARTESIAN_POINT ( 'NONE',  ( -74.44460913759078835, 3.000000000000000000, -59.90541375806012070 ) ) ;
#277 = CARTESIAN_POINT ( 'NONE',  ( -7.882842367380940907, 3.000000000000000000, 17.50712899999999905 ) ) ;
#278 = LINE ( 'NONE', #5238, #3648 ) ;
#279 = EDGE_CURVE ( 'NONE', #1531, #915, #1919, .T. ) ;
#280 = CARTESIAN_POINT ( 'NONE',  ( 23.65086152088949945, 3.000000000000000000, 42.96565016714738050 ) ) ;
#281 = FACE_OUTER_BOUND ( 'NONE', #3750, .T. ) ;
#282 = CARTESIAN_POINT ( 'NONE',  ( -47.19567886917845811, 1.694065894508600678E-18, 11.97525126644446303 ) ) ;
#283 = EDGE_CURVE ( 'NONE', #861, #3065, #4866, .T. ) ;
#284 = CIRCLE ( 'NONE', #1233, 0.1118251333528941238 ) ;
#285 = CARTESIAN_POINT ( 'NONE',  ( 35.72822307076612702, 3.000000000000000000, -40.53733558045187380 ) ) ;
#286 = CARTESIAN_POINT ( 'NONE',  ( 70.99484321320397839, 3.000000000000000000, -75.10505846559856025 ) ) ;
#287 = CARTESIAN_POINT ( 'NONE',  ( -52.02639311151100543, 3.000000000000000000, 8.627437679690247663 ) ) ;
#288 = DIRECTION ( 'NONE',  ( -1.000000000000000000, -0.000000000000000000, -0.000000000000000000 ) ) ;
#289 = ORIENTED_EDGE ( 'NONE', *, *, #3950, .T. ) ;
#290 = CARTESIAN_POINT ( 'NONE',  ( -49.41562059525696071, 1.694065894508600678E-18, 44.60480494782673588 ) ) ;
#291 = AXIS2_PLACEMENT_3D ( 'NONE', #2656, #3826, #5163 ) ;
#292 = B_SPLINE_CURVE_WITH_KNOTS ( 'NONE', 3,
 ( #61, #3341, #1754, #4241, #3808, #5074, #4270, #96, #1299, #3049, #1691, #3463, #419, #2988, #2075 ),
 .UNSPECIFIED., .F., .F.,
 ( 4, 1, 1, 1, 1, 1, 1, 1, 1, 1, 1, 1, 4 ),
 ( 0.000000000000000000, 0.1550774450904787993, 0.2327627295594772161, 0.3105465180013848303, 0.3884284551216654058, 0.4664103354727686113, 0.5332360190829978919, 0.6001338617997629132, 0.6671022839152550565, 0.7341395771865002473, 0.8012457432384880729, 0.8684207702133938112, 0.9731560847597073849 ),
 .UNSPECIFIED. ) ;
#293 = LINE ( 'NONE', #2384, #5122 ) ;
#294 = DIRECTION ( 'NONE',  ( -0.000000000000000000, -1.000000000000000000, -0.000000000000000000 ) ) ;
#295 = ORIENTED_EDGE ( 'NONE', *, *, #3326, .T. ) ;
#296 = VERTEX_POINT ( 'NONE', #2275 ) ;
#297 = AXIS2_PLACEMENT_3D ( 'NONE', #4945, #1148, #2884 ) ;
#298 = CARTESIAN_POINT ( 'NONE',  ( -56.15392664154154545, 3.000000000000000888, -5.909220970001160644 ) ) ;
#299 = VERTEX_POINT ( 'NONE', #2211 ) ;
#300 = LINE ( 'NONE', #2313, #5143 ) ;
#301 = CARTESIAN_POINT ( 'NONE',  ( 46.09328636962525394, 3.000000000000000000, 9.192884506403062872 ) ) ;
#302 = CARTESIAN_POINT ( 'NONE',  ( -13.96533100000000438, 3.000000000000000000, -15.58497799999999600 ) ) ;
#303 = CARTESIAN_POINT ( 'NONE',  ( 57.52873128446579898, 3.000000000000000000, -71.38674136512977952 ) ) ;
#304 = CIRCLE ( 'NONE', #2058, 0.2500000000000002220 ) ;
#305 = CARTESIAN_POINT ( 'NONE',  ( -56.18631606666772882, 3.000000000000000000, 47.58530814514181628 ) ) ;
#306 = CARTESIAN_POINT ( 'NONE',  ( -14.73464199026328458, -4.336808689942017736E-16, 36.61033438734273204 ) ) ;
#307 = CARTESIAN_POINT ( 'NONE',  ( -48.91845889341247045, 3.000000000000000000, 55.18619668923575006 ) ) ;
#308 = VECTOR ( 'NONE', #4606, 1000.000000000000000 ) ;
#309 = CARTESIAN_POINT ( 'NONE',  ( -47.15170058059664626, 0.000000000000000000, 7.316916945351454871 ) ) ;
#310 = DIRECTION ( 'NONE',  ( -0.000000000000000000, -1.000000000000000000, -0.000000000000000000 ) ) ;
#311 = VECTOR ( 'NONE', #3686, 1000.000000000000000 ) ;
#312 = ADVANCED_FACE ( 'NONE', ( #5217 ), #4414, .T. ) ;
#313 = DIRECTION ( 'NONE',  ( 0.000000000000000000, 0.000000000000000000, -1.000000000000000000 ) ) ;
#314 = CARTESIAN_POINT ( 'NONE',  ( -53.47598139266078476, 3.000000000000000000, 53.82176670587931255 ) ) ;
#315 = VERTEX_POINT ( 'NONE', #1387 ) ;
#316 = CARTESIAN_POINT ( 'NONE',  ( 23.65086152088949945, 3.000000000000000000, 42.96565016714738050 ) ) ;
#317 = CARTESIAN_POINT ( 'NONE',  ( 8.094470818599306838, 3.000000000000000000, -14.11297399999998881 ) ) ;
#318 = ORIENTED_EDGE ( 'NONE', *, *, #1795, .F. ) ;
#319 = ORIENTED_EDGE ( 'NONE', *, *, #2141, .T. ) ;
#320 = CARTESIAN_POINT ( 'NONE',  ( 20.13757380277242959, 3.000000000000000000, 2.861000000000001098 ) ) ;
#321 = ORIENTED_EDGE ( 'NONE', *, *, #1521, .F. ) ;
#322 = CARTESIAN_POINT ( 'NONE',  ( 48.88402445963241405, 3.000000000000000000, 16.02714992246135495 ) ) ;
#323 = CARTESIAN_POINT ( 'NONE',  ( 21.86899999999999267, 3.000000000000000000, 2.861000000000001542 ) ) ;
#324 = CARTESIAN_POINT ( 'NONE',  ( -52.74381046791713601, 3.000000000000000000, 9.324081302159578755 ) ) ;
#325 = CARTESIAN_POINT ( 'NONE',  ( -44.05158331249109693, 3.000000000000000000, -59.76628165142322757 ) ) ;
#326 = CYLINDRICAL_SURFACE ( 'NONE', #297, 1.000000000000000888 ) ;
#327 = DIRECTION ( 'NONE',  ( 0.000000000000000000, 0.000000000000000000, -1.000000000000000000 ) ) ;
#328 = CARTESIAN_POINT ( 'NONE',  ( 20.59824484781593767, 3.000000000000000000, -32.52759999443244254 ) ) ;
#329 = EDGE_CURVE ( 'NONE', #4103, #4390, #3518, .T. ) ;
#330 = CARTESIAN_POINT ( 'NONE',  ( 19.63757380277243314, 3.000000000000000000, 17.00712899999999905 ) ) ;
#331 = EDGE_CURVE ( 'NONE', #2248, #3043, #3069, .T. ) ;
#332 = CARTESIAN_POINT ( 'NONE',  ( 53.47598139266078476, 3.000000000000000000, 53.82176670587931255 ) ) ;
#333 = CARTESIAN_POINT ( 'NONE',  ( 43.02901124936550303, 0.000000000000000000, 55.17307544992112867 ) ) ;
#334 = ORIENTED_EDGE ( 'NONE', *, *, #4505, .T. ) ;
#335 = VECTOR ( 'NONE', #5355, 1000.000000000000114 ) ;
#336 = CIRCLE ( 'NONE', #5272, 33.50000000000000000 ) ;
#337 = CARTESIAN_POINT ( 'NONE',  ( 20.94001384332798210, 0.000000000000000000, 41.36474856949019596 ) ) ;
#338 = CARTESIAN_POINT ( 'NONE',  ( 20.13757380277242959, 3.000000000000000000, 3.361000000000001098 ) ) ;
#339 = EDGE_LOOP ( 'NONE', ( #3571, #3018, #495, #5093, #5446, #3929, #3955, #1644, #2160, #1408, #5434, #4184 ) ) ;
#340 = VERTEX_POINT ( 'NONE', #3923 ) ;
#341 = EDGE_CURVE ( 'NONE', #4329, #3169, #4740, .T. ) ;
#342 = CARTESIAN_POINT ( 'NONE',  ( -59.70593670510816509, 0.000000000000000000, -13.51475326089808426 ) ) ;
#343 = VERTEX_POINT ( 'NONE', #3132 ) ;
#344 = DIRECTION ( 'NONE',  ( 0.000000000000000000, 1.000000000000000000, 0.000000000000000000 ) ) ;
#345 = VECTOR ( 'NONE', #2461, 1000.000000000000000 ) ;
#346 = CARTESIAN_POINT ( 'NONE',  ( -12.96507072874874034, 0.000000000000000000, 13.48522827169844263 ) ) ;
#347 = VERTEX_POINT ( 'NONE', #4005 ) ;
#348 = DIRECTION ( 'NONE',  ( 0.000000000000000000, 0.000000000000000000, -1.000000000000000000 ) ) ;
#349 = LINE ( 'NONE', #374, #2773 ) ;
#350 = LINE ( 'NONE', #1601, #2923 ) ;
#351 = PRESENTATION_STYLE_ASSIGNMENT (( #3788 ) ) ;
#352 = CARTESIAN_POINT ( 'NONE',  ( 19.63757380277242603, 3.000000000000000000, -14.11297399999999058 ) ) ;
#353 = CARTESIAN_POINT ( 'NONE',  ( 57.94401977914655077, 3.000000000000000000, 37.46090347943890464 ) ) ;
#354 = ADVANCED_FACE ( 'NONE', ( #966 ), #1031, .T. ) ;
#355 = ORIENTED_EDGE ( 'NONE', *, *, #2755, .T. ) ;
#356 = VECTOR ( 'NONE', #5367, 1000.000000000000000 ) ;
#357 = CARTESIAN_POINT ( 'NONE',  ( -60.77547253424010876, 3.000000000000000000, -55.74672559359628821 ) ) ;
#358 = CARTESIAN_POINT ( 'NONE',  ( 51.36574918118500221, 0.000000000000000000, 54.90874130349174465 ) ) ;
#359 = VERTEX_POINT ( 'NONE', #1836 ) ;
#360 = EDGE_CURVE ( 'NONE', #4083, #1902, #2145, .T. ) ;
#361 = CARTESIAN_POINT ( 'NONE',  ( 34.99792729933509605, 0.000000000000000000, 47.30815342917009048 ) ) ;
#362 = CARTESIAN_POINT ( 'NONE',  ( -50.18381454234577888, 0.000000000000000000, -65.35624814967637519 ) ) ;
#363 = ORIENTED_EDGE ( 'NONE', *, *, #2073, .T. ) ;
#364 = VERTEX_POINT ( 'NONE', #5110 ) ;
#365 = AXIS2_PLACEMENT_3D ( 'NONE', #5130, #24, #4671 ) ;
#366 = EDGE_CURVE ( 'NONE', #2854, #570, #63, .T. ) ;
#367 = CYLINDRICAL_SURFACE ( 'NONE', #3683, 0.5000000000000004441 ) ;
#368 = CARTESIAN_POINT ( 'NONE',  ( -52.50605514512982808, 0.000000000000000000, 0.1823456245236336759 ) ) ;
#369 = EDGE_LOOP ( 'NONE', ( #1671, #3416, #1099, #2850 ) ) ;
#370 = DIRECTION ( 'NONE',  ( 6.938893903907222067E-15, 0.000000000000000000, 1.000000000000000000 ) ) ;
#371 = ORIENTED_EDGE ( 'NONE', *, *, #4707, .T. ) ;
#372 = CARTESIAN_POINT ( 'NONE',  ( -73.47345917354013523, 3.000000000000000000, -65.66879731386144670 ) ) ;
#373 = CIRCLE ( 'NONE', #4871, 33.50000000000000000 ) ;
#374 = CARTESIAN_POINT ( 'NONE',  ( -26.32268500000000344, 3.000000000000000000, -30.84581199999999157 ) ) ;
#375 = AXIS2_PLACEMENT_3D ( 'NONE', #4554, #2909, #2465 ) ;
#376 = CARTESIAN_POINT ( 'NONE',  ( 64.07920680320381734, 0.000000000000000000, -37.15437694591127382 ) ) ;
#377 = DIRECTION ( 'NONE',  ( 0.000000000000000000, 1.000000000000000000, 0.000000000000000000 ) ) ;
#378 = CARTESIAN_POINT ( 'NONE',  ( -51.06597170569261124, 1.694065894508600678E-18, 37.85012381048742469 ) ) ;
#379 = AXIS2_PLACEMENT_3D ( 'NONE', #565, #2185, #155 ) ;
#380 = EDGE_CURVE ( 'NONE', #2158, #3508, #1724, .T. ) ;
#381 = CARTESIAN_POINT ( 'NONE',  ( -57.68726925134266992, 0.000000000000000000, -9.020513918806257081 ) ) ;
#382 = AXIS2_PLACEMENT_3D ( 'NONE', #5437, #2911, #1279 ) ;
#383 = DIRECTION ( 'NONE',  ( 0.000000000000000000, 1.000000000000000000, 0.000000000000000000 ) ) ;
#384 = EDGE_LOOP ( 'NONE', ( #3751, #1558, #3391, #2019 ) ) ;
#385 = CARTESIAN_POINT ( 'NONE',  ( -57.73796121463694675, 3.000000000000000000, 40.03915219554151861 ) ) ;
#386 = ORIENTED_EDGE ( 'NONE', *, *, #759, .F. ) ;
#387 = FACE_OUTER_BOUND ( 'NONE', #435, .T. ) ;
#388 = CARTESIAN_POINT ( 'NONE',  ( 64.04801948120224608, 3.000000000000000000, -34.74970771442661288 ) ) ;
#389 = ORIENTED_EDGE ( 'NONE', *, *, #1186, .F. ) ;
#390 = FACE_OUTER_BOUND ( 'NONE', #4271, .T. ) ;
#391 = EDGE_LOOP ( 'NONE', ( #1665, #2435, #553, #2473 ) ) ;
#392 = CARTESIAN_POINT ( 'NONE',  ( -69.19424598455805153, 0.000000000000000000, -79.76004523117879330 ) ) ;
#393 = EDGE_CURVE ( 'NONE', #3974, #2173, #2715, .T. ) ;
#394 = CARTESIAN_POINT ( 'NONE',  ( -61.76295700050333437, 3.000000000000000888, -52.72975634855954752 ) ) ;
#395 = EDGE_LOOP ( 'NONE', ( #3330, #3776, #1012, #1968 ) ) ;
#396 = LINE ( 'NONE', #5313, #2102 ) ;
#397 = ORIENTED_EDGE ( 'NONE', *, *, #4967, .T. ) ;
#398 = CARTESIAN_POINT ( 'NONE',  ( -70.61076606662614097, 3.000000000000000000, -21.45453730634901390 ) ) ;
#399 = EDGE_CURVE ( 'NONE', #1976, #3133, #4717, .T. ) ;
#400 = CARTESIAN_POINT ( 'NONE',  ( -53.03508199999999562, 3.000000000000000000, 54.55017699999999081 ) ) ;
#401 = CARTESIAN_POINT ( 'NONE',  ( 63.38103698324037794, 0.000000000000000000, -27.55893418939137618 ) ) ;
#402 = FACE_OUTER_BOUND ( 'NONE', #3196, .T. ) ;
#403 = CARTESIAN_POINT ( 'NONE',  ( 22.39453450200806373, 3.000000000000000000, -26.17634925228962928 ) ) ;
#404 = EDGE_CURVE ( 'NONE', #296, #783, #3404, .T. ) ;
#405 = CARTESIAN_POINT ( 'NONE',  ( -63.84392022541653233, 0.000000000000000000, -41.95712549600501973 ) ) ;
#406 = CARTESIAN_POINT ( 'NONE',  ( 0.000000000000000000, 3.000000000000000000, 0.000000000000000000 ) ) ;
#407 = VERTEX_POINT ( 'NONE', #3399 ) ;
#408 = CARTESIAN_POINT ( 'NONE',  ( -56.99661394790859248, 3.000000000000000000, 24.68591891454632403 ) ) ;
#409 = ORIENTED_EDGE ( 'NONE', *, *, #2338, .T. ) ;
#410 = CARTESIAN_POINT ( 'NONE',  ( 59.23442243365284554, 3.000000000000000000, -56.97903554713330010 ) ) ;
#411 = DIRECTION ( 'NONE',  ( -0.000000000000000000, -1.000000000000000000, -0.000000000000000000 ) ) ;
#412 = LINE ( 'NONE', #2478, #2888 ) ;
#413 = CARTESIAN_POINT ( 'NONE',  ( 21.61899999999999267, 3.000000000000000000, -2.338999999999997303 ) ) ;
#414 = ORIENTED_EDGE ( 'NONE', *, *, #2543, .T. ) ;
#415 = ORIENTED_EDGE ( 'NONE', *, *, #3756, .T. ) ;
#416 = DIRECTION ( 'NONE',  ( -0.000000000000000000, -1.000000000000000000, -0.000000000000000000 ) ) ;
#417 = CARTESIAN_POINT ( 'NONE',  ( -46.04954718407758207, 3.000000000000000000, 8.725615406546580743 ) ) ;
#418 = CIRCLE ( 'NONE', #1849, 0.5000000000000000000 ) ;
#419 = CARTESIAN_POINT ( 'NONE',  ( -55.30373892496148613, -1.694065894508600678E-18, -55.73084995483437609 ) ) ;
#420 = ORIENTED_EDGE ( 'NONE', *, *, #4034, .T. ) ;
#421 = ADVANCED_FACE ( 'NONE', ( #1087 ), #536, .T. ) ;
#422 = EDGE_CURVE ( 'NONE', #2266, #2858, #4848, .T. ) ;
#423 = CARTESIAN_POINT ( 'NONE',  ( -14.20681241966810227, 3.000000000000000000, -15.52027310099628465 ) ) ;
#424 = EDGE_LOOP ( 'NONE', ( #172, #5009, #3285, #363 ) ) ;
#425 = EDGE_CURVE ( 'NONE', #1300, #3305, #3979, .T. ) ;
#426 = DIRECTION ( 'NONE',  ( 0.000000000000000000, 0.000000000000000000, 1.000000000000000000 ) ) ;
#427 = CARTESIAN_POINT ( 'NONE',  ( 60.16466442878638787, 0.000000000000000000, -57.34598217879781146 ) ) ;
#428 = CARTESIAN_POINT ( 'NONE',  ( 14.49747438088494889, 3.000000000000000000, -15.52027423023884900 ) ) ;
#429 = CARTESIAN_POINT ( 'NONE',  ( -51.50791639986921666, 1.694065894508600678E-18, 32.09962949993743564 ) ) ;
#430 = CARTESIAN_POINT ( 'NONE',  ( -73.47345917354013523, 3.000000000000000000, -65.66879731386144670 ) ) ;
#431 = CARTESIAN_POINT ( 'NONE',  ( 30.00768249258474896, 3.000000000000000000, 52.73050411332617671 ) ) ;
#432 = CARTESIAN_POINT ( 'NONE',  ( -50.93818735582407697, 0.000000000000000000, 38.70979032364790129 ) ) ;
#433 = ORIENTED_EDGE ( 'NONE', *, *, #772, .F. ) ;
#434 = CARTESIAN_POINT ( 'NONE',  ( 11.35743694670103032, 0.000000000000000000, 41.26634692105835001 ) ) ;
#435 = EDGE_LOOP ( 'NONE', ( #3685, #2505, #1275, #5328 ) ) ;
#436 = VECTOR ( 'NONE', #114, 1000.000000000000114 ) ;
#437 = DIRECTION ( 'NONE',  ( 6.938893903907222067E-15, 0.000000000000000000, 1.000000000000000000 ) ) ;
#438 = CARTESIAN_POINT ( 'NONE',  ( -16.31038336920622100, 0.000000000000000000, 45.98956754242480827 ) ) ;
#439 = CARTESIAN_POINT ( 'NONE',  ( 59.70593670510816509, 3.000000000000000000, -13.51475326089808426 ) ) ;
#440 = CARTESIAN_POINT ( 'NONE',  ( 48.03801116521336922, 1.694065894508600678E-18, 13.95946021185305952 ) ) ;
#441 = ORIENTED_EDGE ( 'NONE', *, *, #752, .F. ) ;
#442 = EDGE_LOOP ( 'NONE', ( #2696, #4203, #4111, #4363 ) ) ;
#443 = EDGE_CURVE ( 'NONE', #3918, #159, #261, .T. ) ;
#444 = DIRECTION ( 'NONE',  ( -0.000000000000000000, -1.000000000000000000, -0.000000000000000000 ) ) ;
#445 = CARTESIAN_POINT ( 'NONE',  ( -7.301900849716593811, 0.000000000000000000, 36.70535012294590160 ) ) ;
#446 = ORIENTED_EDGE ( 'NONE', *, *, #5094, .F. ) ;
#447 = LINE ( 'NONE', #3757, #2146 ) ;
#448 = ORIENTED_EDGE ( 'NONE', *, *, #5120, .F. ) ;
#449 = VECTOR ( 'NONE', #4199, 1000.000000000000000 ) ;
#450 = CARTESIAN_POINT ( 'NONE',  ( -22.39453450200806373, 0.000000000000000000, -26.17634925228962928 ) ) ;
#451 = CYLINDRICAL_SURFACE ( 'NONE', #212, 0.5000000000000004441 ) ;
#452 = CARTESIAN_POINT ( 'NONE',  ( 22.51290100000000649, -3.388131789017201356E-18, -35.21333000000000624 ) ) ;
#453 = CARTESIAN_POINT ( 'NONE',  ( -50.20144811616389546, 1.694065894508600678E-18, 42.10998750058584505 ) ) ;
#454 = CARTESIAN_POINT ( 'NONE',  ( -73.33589601838630756, 3.000000000000000000, -31.24893448183900801 ) ) ;
#455 = CARTESIAN_POINT ( 'NONE',  ( -11.76026647330467867, 3.000000000000000000, 33.57611457789082010 ) ) ;
#456 = CARTESIAN_POINT ( 'NONE',  ( -19.61659659933374300, 3.000000000000000000, -13.60382101644452568 ) ) ;
#457 = VECTOR ( 'NONE', #2910, 1000.000000000000000 ) ;
#458 = CARTESIAN_POINT ( 'NONE',  ( -51.64638579988787370, 3.000000000000000000, 28.81081322521016119 ) ) ;
#459 = VERTEX_POINT ( 'NONE', #210 ) ;
#460 = CARTESIAN_POINT ( 'NONE',  ( -30.72574520725112990, -4.336808689942017736E-16, 46.07608411214243205 ) ) ;
#461 = VERTEX_POINT ( 'NONE', #3547 ) ;
#462 = FACE_OUTER_BOUND ( 'NONE', #1294, .T. ) ;
#463 = CARTESIAN_POINT ( 'NONE',  ( -69.19424598455805153, 0.000000000000000000, -79.64822009782591294 ) ) ;
#464 = EDGE_CURVE ( 'NONE', #5219, #4329, #1838, .T. ) ;
#465 = LINE ( 'NONE', #903, #1983 ) ;
#466 = ORIENTED_EDGE ( 'NONE', *, *, #2620, .F. ) ;
#467 = DIRECTION ( 'NONE',  ( 1.000000000000000000, 0.000000000000000000, 0.000000000000000000 ) ) ;
#468 = EDGE_LOOP ( 'NONE', ( #4574, #654, #1738, #4584 ) ) ;
#469 = CARTESIAN_POINT ( 'NONE',  ( 47.09769371295862328, 3.000000000000000000, 48.57365274403541378 ) ) ;
#470 = DIRECTION ( 'NONE',  ( 0.000000000000000000, 1.000000000000000000, 0.000000000000000000 ) ) ;
#471 = DIRECTION ( 'NONE',  ( 0.000000000000000000, -1.000000000000000000, 0.000000000000000000 ) ) ;
#472 = CARTESIAN_POINT ( 'NONE',  ( 57.84613504054144784, 3.000000000000000000, 30.57518755677947198 ) ) ;
#473 = CARTESIAN_POINT ( 'NONE',  ( 19.63757380277243314, 0.000000000000000000, 0.000000000000000000 ) ) ;
#474 = EDGE_LOOP ( 'NONE', ( #295, #834, #3412, #2114 ) ) ;
#475 = VECTOR ( 'NONE', #2667, 1000.000000000000000 ) ;
#476 = ORIENTED_EDGE ( 'NONE', *, *, #1386, .T. ) ;
#477 = CARTESIAN_POINT ( 'NONE',  ( -68.26692682589892058, 3.000000000000000000, -15.52863851868583289 ) ) ;
#478 = DIRECTION ( 'NONE',  ( -0.000000000000000000, -1.000000000000000000, -0.000000000000000000 ) ) ;
#479 = CARTESIAN_POINT ( 'NONE',  ( -21.97600000000000264, 3.000000000000000000, -2.589000000000000412 ) ) ;
#480 = CARTESIAN_POINT ( 'NONE',  ( 0.000000000000000000, 0.000000000000000000, 17.00712899999999905 ) ) ;
#481 = CARTESIAN_POINT ( 'NONE',  ( -74.78042380755752561, 3.000000000000000000, -57.00402461466837423 ) ) ;
#482 = CARTESIAN_POINT ( 'NONE',  ( -37.09152615237826467, 3.000000000000000000, 47.75623163360876333 ) ) ;
#483 = DIRECTION ( 'NONE',  ( 0.000000000000000000, 1.000000000000000000, 0.000000000000000000 ) ) ;
#484 = CARTESIAN_POINT ( 'NONE',  ( -51.25850343980033585, 3.000000000000000000, 23.70324265457825064 ) ) ;
#485 = ORIENTED_EDGE ( 'NONE', *, *, #113, .T. ) ;
#486 = CARTESIAN_POINT ( 'NONE',  ( -29.39521040800501694, -4.336808689942017736E-16, 45.60067303327976163 ) ) ;
#487 = DIRECTION ( 'NONE',  ( -0.000000000000000000, -1.000000000000000000, -0.000000000000000000 ) ) ;
#488 = ORIENTED_EDGE ( 'NONE', *, *, #752, .T. ) ;
#489 = EDGE_CURVE ( 'NONE', #4263, #5381, #3242, .T. ) ;
#490 = PLANE ( 'NONE',  #1420 ) ;
#491 = EDGE_CURVE ( 'NONE', #915, #5199, #1451, .T. ) ;
#492 = CARTESIAN_POINT ( 'NONE',  ( -22.68784819354412718, 0.000000000000000000, 49.82691168489510147 ) ) ;
#493 = CARTESIAN_POINT ( 'NONE',  ( 70.01562050009107452, 3.000000000000000000, -77.86985685487216813 ) ) ;
#494 = CARTESIAN_POINT ( 'NONE',  ( 51.62816443538031308, 1.694065894508600678E-18, 27.14092059717915717 ) ) ;
#495 = ORIENTED_EDGE ( 'NONE', *, *, #3542, .T. ) ;
#496 = EDGE_LOOP ( 'NONE', ( #584, #1786, #3784, #5027 ) ) ;
#497 = CARTESIAN_POINT ( 'NONE',  ( 52.22403125286269443, 0.000000000000000000, 10.55998522415844931 ) ) ;
#498 = FACE_OUTER_BOUND ( 'NONE', #4654, .T. ) ;
#499 = CARTESIAN_POINT ( 'NONE',  ( 20.13757380277242959, 3.000000000000000000, 3.361000000000001098 ) ) ;
#500 = DIRECTION ( 'NONE',  ( 0.000000000000000000, 0.000000000000000000, -1.000000000000000000 ) ) ;
#501 = ORIENTED_EDGE ( 'NONE', *, *, #2366, .F. ) ;
#502 = CARTESIAN_POINT ( 'NONE',  ( -63.92004680486286361, 3.000000000000000000, -32.34689078352969460 ) ) ;
#503 = CIRCLE ( 'NONE', #5078, 0.5000000000000004441 ) ;
#504 = ORIENTED_EDGE ( 'NONE', *, *, #887, .T. ) ;
#505 = EDGE_CURVE ( 'NONE', #537, #3754, #2087, .T. ) ;
#506 = B_SPLINE_SURFACE_WITH_KNOTS ( 'NONE', 3, 1, ( 
 ( #4292, #3625 ),
 ( #4078, #1446 ),
 ( #1055, #3185 ),
 ( #616, #2742 ),
 ( #4850, #4341 ),
 ( #1789, #3528 ),
 ( #1371, #3498 ),
 ( #3472, #5148 ),
 ( #573, #4756 ),
 ( #3436, #2255 ),
 ( #68, #101 ),
 ( #5201, #1430 ),
 ( #508, #5176 ),
 ( #161, #3021 ),
 ( #980, #1760 ) ),
 .UNSPECIFIED., .F., .F., .F.,
 ( 4, 1, 1, 1, 1, 1, 1, 1, 1, 1, 1, 1, 4 ),
 ( 2, 2 ),
 ( 0.000000000000000000, 0.1550774450904787993, 0.2327627295594772161, 0.3105465180013848303, 0.3884284551216654058, 0.4664103354727686113, 0.5332360190829978919, 0.6001338617997629132, 0.6671022839152550565, 0.7341395771865002473, 0.8012457432384880729, 0.8684207702133938112, 0.9731560847597073849 ),
 ( 0.000000000000000000, 1.000000000000000000 ),
 .UNSPECIFIED. ) ;
#507 = AXIS2_PLACEMENT_3D ( 'NONE', #463, #4706, #868 ) ;
#508 = CARTESIAN_POINT ( 'NONE',  ( -55.30373892496148613, 3.000000000000000000, -55.73084995483437609 ) ) ;
#509 = CARTESIAN_POINT ( 'NONE',  ( -44.54573830231650788, 0.000000000000000000, 48.57128015277073274 ) ) ;
#510 = CARTESIAN_POINT ( 'NONE',  ( 40.67925743880248746, 3.000000000000000000, -44.92703291855361414 ) ) ;
#511 = DIRECTION ( 'NONE',  ( 0.000000000000000000, -1.000000000000000000, 0.000000000000000000 ) ) ;
#512 = CARTESIAN_POINT ( 'NONE',  ( -70.01562050009107452, 3.000000000000000000, -77.86985685487216813 ) ) ;
#513 = AXIS2_PLACEMENT_3D ( 'NONE', #5363, #4456, #1171 ) ;
#514 = DIRECTION ( 'NONE',  ( 0.000000000000000000, 0.000000000000000000, 1.000000000000000000 ) ) ;
#515 = CARTESIAN_POINT ( 'NONE',  ( 20.13757380277242959, 0.000000000000000000, -2.589000000000005297 ) ) ;
#516 = CARTESIAN_POINT ( 'NONE',  ( -51.58253876246494229, 0.000000000000000000, 26.30335974505374708 ) ) ;
#517 = ORIENTED_EDGE ( 'NONE', *, *, #64, .T. ) ;
#518 = CARTESIAN_POINT ( 'NONE',  ( -38.14617242316049328, -4.336808689942017736E-16, 47.94465861678471441 ) ) ;
#519 = CARTESIAN_POINT ( 'NONE',  ( 73.47345917354013523, 3.000000000000000000, -65.66879731386144670 ) ) ;
#520 = ORIENTED_EDGE ( 'NONE', *, *, #2948, .F. ) ;
#521 = CIRCLE ( 'NONE', #4121, 1.000000000000000888 ) ;
#522 = EDGE_CURVE ( 'NONE', #2056, #2170, #1578, .T. ) ;
#523 = CARTESIAN_POINT ( 'NONE',  ( 17.11102934204589943, 3.000000000000000000, 38.63514858060335655 ) ) ;
#524 = CARTESIAN_POINT ( 'NONE',  ( -11.97415429935283093, 1.500000000000000222, 32.35536476096881131 ) ) ;
#525 = AXIS2_PLACEMENT_3D ( 'NONE', #1211, #789, #2691 ) ;
#526 = LINE ( 'NONE', #4361, #1956 ) ;
#527 = DIRECTION ( 'NONE',  ( -2.229714311648399912E-16, 0.000000000000000000, -1.000000000000000000 ) ) ;
#528 = ORIENTED_EDGE ( 'NONE', *, *, #4418, .F. ) ;
#529 = EDGE_CURVE ( 'NONE', #2032, #5399, #1843, .T. ) ;
#530 = EDGE_LOOP ( 'NONE', ( #1389, #4716, #1692, #21 ) ) ;
#531 = DIRECTION ( 'NONE',  ( 0.000000000000000000, 0.000000000000000000, -1.000000000000000000 ) ) ;
#532 = CARTESIAN_POINT ( 'NONE',  ( -7.803807588814857255, 3.000000000000000000, -14.61297399999998703 ) ) ;
#533 = CARTESIAN_POINT ( 'NONE',  ( -19.42424795431855600, 0.000000000000000000, -3.098152983555464424 ) ) ;
#534 = CARTESIAN_POINT ( 'NONE',  ( 26.47344139707613664, 0.000000000000000000, 44.38067799441639494 ) ) ;
#535 = EDGE_LOOP ( 'NONE', ( #5109, #4515, #1514, #1593 ) ) ;
#536 = CYLINDRICAL_SURFACE ( 'NONE', #1568, 33.50000000000000000 ) ;
#537 = VERTEX_POINT ( 'NONE', #1046 ) ;
#538 = DIRECTION ( 'NONE',  ( 0.000000000000000000, 1.000000000000000000, 0.000000000000000000 ) ) ;
#539 = EDGE_CURVE ( 'NONE', #4030, #3065, #2364, .T. ) ;
#540 = CARTESIAN_POINT ( 'NONE',  ( 47.07256356971266342, 0.000000000000000000, 47.57396855595376906 ) ) ;
#541 = CARTESIAN_POINT ( 'NONE',  ( -47.07256356971269184, 0.000000000000000000, 47.57396855595374774 ) ) ;
#542 = CARTESIAN_POINT ( 'NONE',  ( 57.68726925134266992, 0.000000000000000000, -9.020513918806257081 ) ) ;
#543 = CARTESIAN_POINT ( 'NONE',  ( 44.05158331249109693, 0.000000000000000000, -59.76628165142322757 ) ) ;
#544 = AXIS2_PLACEMENT_3D ( 'NONE', #1384, #4640, #555 ) ;
#545 = CARTESIAN_POINT ( 'NONE',  ( -74.67863634339457235, 0.000000000000000000, -39.51896701767081765 ) ) ;
#546 = DIRECTION ( 'NONE',  ( -0.000000000000000000, 1.000000000000000000, 0.000000000000000000 ) ) ;
#547 = CARTESIAN_POINT ( 'NONE',  ( -15.90450226889967844, 3.000000000000000000, 37.64222744140194976 ) ) ;
#548 = CARTESIAN_POINT ( 'NONE',  ( 4.780370999999997039, 3.000000000000000000, 33.60814899999999739 ) ) ;
#549 = CARTESIAN_POINT ( 'NONE',  ( -51.07672011127198886, 0.000000000000000000, 22.78601691263700957 ) ) ;
#550 = ORIENTED_EDGE ( 'NONE', *, *, #505, .F. ) ;
#551 = CARTESIAN_POINT ( 'NONE',  ( -47.09769371295865881, 0.000000000000000000, 48.57365274403540667 ) ) ;
#552 = CARTESIAN_POINT ( 'NONE',  ( 71.57322537419373987, 0.000000000000000000, -24.48788485081163202 ) ) ;
#553 = ORIENTED_EDGE ( 'NONE', *, *, #4588, .F. ) ;
#554 = CARTESIAN_POINT ( 'NONE',  ( 55.33109697127581228, 1.694065894508600678E-18, 49.99432001844002116 ) ) ;
#555 = DIRECTION ( 'NONE',  ( 0.000000000000000000, 0.000000000000000000, 1.000000000000000000 ) ) ;
#556 = CARTESIAN_POINT ( 'NONE',  ( 38.17292978149257721, 3.000000000000000000, -53.94223427134963345 ) ) ;
#557 = CARTESIAN_POINT ( 'NONE',  ( 69.19424598455805153, 0.000000000000000000, -79.76004523117879330 ) ) ;
#558 = CARTESIAN_POINT ( 'NONE',  ( -44.05158331249109693, 3.000000000000000000, -59.76628165142322757 ) ) ;
#559 = VERTEX_POINT ( 'NONE', #2261 ) ;
#560 = CIRCLE ( 'NONE', #5135, 0.2500000000000002220 ) ;
#561 = PRODUCT ( 'Fairy Acrylic', 'Fairy Acrylic', '', ( #3422 ) ) ;
#562 = VERTEX_POINT ( 'NONE', #1436 ) ;
#563 = AXIS2_PLACEMENT_3D ( 'NONE', #3690, #1223, #327 ) ;
#564 = ADVANCED_FACE ( 'NONE', ( #3941 ), #3148, .F. ) ;
#565 = CARTESIAN_POINT ( 'NONE',  ( 11.97415429935309383, 0.000000000000000000, 32.35536476096952185 ) ) ;
#566 = CARTESIAN_POINT ( 'NONE',  ( 14.07881148698490570, 2.602085213965210642E-15, 44.13726295849840398 ) ) ;
#567 = CARTESIAN_POINT ( 'NONE',  ( 39.20524147792314551, 0.000000000000000000, 48.10923363656451812 ) ) ;
#568 = VECTOR ( 'NONE', #1954, 1000.000000000000000 ) ;
#569 = VERTEX_POINT ( 'NONE', #2315 ) ;
#570 = VERTEX_POINT ( 'NONE', #5205 ) ;
#571 = EDGE_CURVE ( 'NONE', #1379, #5360, #4722, .T. ) ;
#572 = VECTOR ( 'NONE', #3503, 1000.000000000000114 ) ;
#573 = CARTESIAN_POINT ( 'NONE',  ( -45.33045749271477831, 3.000000000000000000, -48.68501421704478815 ) ) ;
#574 = DIRECTION ( 'NONE',  ( 0.000000000000000000, 1.000000000000000000, 0.000000000000000000 ) ) ;
#575 = CARTESIAN_POINT ( 'NONE',  ( 27.80819356064831993, 3.000000000000000000, -32.53384667572115774 ) ) ;
#576 = DIRECTION ( 'NONE',  ( 0.000000000000000000, 0.000000000000000000, -1.000000000000000000 ) ) ;
#577 = CARTESIAN_POINT ( 'NONE',  ( 74.30640603525708343, 0.000000000000000000, -36.62170244513047379 ) ) ;
#578 = FACE_OUTER_BOUND ( 'NONE', #720, .T. ) ;
#579 = CARTESIAN_POINT ( 'NONE',  ( 64.07920680320381734, 0.000000000000000000, -37.15437694591127382 ) ) ;
#580 = ADVANCED_FACE ( 'NONE', ( #609 ), #1346, .T. ) ;
#581 = DIRECTION ( 'NONE',  ( 0.000000000000000000, 0.000000000000000000, 1.000000000000000000 ) ) ;
#582 = CARTESIAN_POINT ( 'NONE',  ( 49.41562059525696071, -1.734723475976807094E-15, 44.60480494782673588 ) ) ;
#583 = FACE_OUTER_BOUND ( 'NONE', #647, .T. ) ;
#584 = ORIENTED_EDGE ( 'NONE', *, *, #1997, .F. ) ;
#585 = CARTESIAN_POINT ( 'NONE',  ( -47.09769371295865881, 3.000000000000000888, 48.57365274403540667 ) ) ;
#586 = CARTESIAN_POINT ( 'NONE',  ( -9.183998890571681173, 0.000000000000000000, -16.86613500027347357 ) ) ;
#587 = VERTEX_POINT ( 'NONE', #2795 ) ;
#588 = EDGE_CURVE ( 'NONE', #2071, #2846, #5280, .T. ) ;
#589 = CARTESIAN_POINT ( 'NONE',  ( 19.63757380277243314, 3.000000000000000000, 17.00712899999999905 ) ) ;
#590 = DIRECTION ( 'NONE',  ( 0.000000000000000000, 0.000000000000000000, 1.000000000000000000 ) ) ;
#591 = DIRECTION ( 'NONE',  ( -0.2588195960148444996, 0.000000000000000000, -0.9659256786723875443 ) ) ;
#592 = FACE_OUTER_BOUND ( 'NONE', #37, .T. ) ;
#593 = ORIENTED_EDGE ( 'NONE', *, *, #5316, .F. ) ;
#594 = DIRECTION ( 'NONE',  ( 0.000000000000000000, 1.000000000000000000, 0.000000000000000000 ) ) ;
#595 = DIRECTION ( 'NONE',  ( 0.000000000000000000, -1.000000000000000000, 0.000000000000000000 ) ) ;
#596 = CARTESIAN_POINT ( 'NONE',  ( 41.33421725500435429, 0.000000000000000000, 48.36646633805170836 ) ) ;
#597 = VERTEX_POINT ( 'NONE', #2818 ) ;
#598 = ORIENTED_EDGE ( 'NONE', *, *, #3042, .F. ) ;
#599 = CARTESIAN_POINT ( 'NONE',  ( -60.39490716416133154, 3.000000000000000000, -1.479974017190582414 ) ) ;
#600 = ADVANCED_FACE ( 'NONE', ( #1629 ), #3269, .F. ) ;
#601 = CARTESIAN_POINT ( 'NONE',  ( 74.00885349564477167, 0.000000000000000000, -62.79472622012763594 ) ) ;
#602 = LINE ( 'NONE', #2287, #2769 ) ;
#603 = ADVANCED_FACE ( 'NONE', ( #1572 ), #4528, .F. ) ;
#604 = AXIS2_PLACEMENT_3D ( 'NONE', #1114, #4470, #3984 ) ;
#605 = CARTESIAN_POINT ( 'NONE',  ( 14.72103737457617179, 3.000000000000000000, 17.50712899999999905 ) ) ;
#606 = CARTESIAN_POINT ( 'NONE',  ( -21.72600000000000264, 3.000000000000000000, -2.589000000000000856 ) ) ;
#607 = CARTESIAN_POINT ( 'NONE',  ( -56.17797069690737999, 0.000000000000000000, 4.031167890004335952 ) ) ;
#608 = ADVANCED_FACE ( 'NONE', ( #4116 ), #4142, .F. ) ;
#609 = FACE_OUTER_BOUND ( 'NONE', #4243, .T. ) ;
#610 = CYLINDRICAL_SURFACE ( 'NONE', #3090, 1.000000000000000888 ) ;
#611 = CARTESIAN_POINT ( 'NONE',  ( 51.64638579988787370, 3.000000000000000000, 28.81081322521016119 ) ) ;
#612 = CARTESIAN_POINT ( 'NONE',  ( -24.47410492277700911, 3.000000000000000000, -37.87109014429641718 ) ) ;
#613 = CARTESIAN_POINT ( 'NONE',  ( 20.94001384332798210, 3.000000000000000000, 41.36474856949019596 ) ) ;
#614 = CARTESIAN_POINT ( 'NONE',  ( 75.19643174213283032, 3.000000000000000000, -47.28664632753167041 ) ) ;
#615 = ORIENTED_EDGE ( 'NONE', *, *, #1074, .T. ) ;
#616 = CARTESIAN_POINT ( 'NONE',  ( -33.28056651226683016, 3.000000000000000000, -38.20085852498843337 ) ) ;
#617 = EDGE_CURVE ( 'NONE', #587, #2071, #2544, .T. ) ;
#618 = CARTESIAN_POINT ( 'NONE',  ( 0.000000000000000000, 0.000000000000000000, 0.000000000000000000 ) ) ;
#619 = CARTESIAN_POINT ( 'NONE',  ( 72.83873756801051513, 3.000000000000000000, -68.52445798008615441 ) ) ;
#620 = DIRECTION ( 'NONE',  ( -0.000000000000000000, -1.000000000000000000, -0.000000000000000000 ) ) ;
#621 = CARTESIAN_POINT ( 'NONE',  ( -52.95461300000000193, 3.000000000000000000, 54.60650600000000310 ) ) ;
#622 = DIRECTION ( 'NONE',  ( -0.000000000000000000, -1.000000000000000000, -0.000000000000000000 ) ) ;
#623 = AXIS2_PLACEMENT_3D ( 'NONE', #1361, #5070, #5040 ) ;
#624 = VERTEX_POINT ( 'NONE', #2284 ) ;
#625 = DIRECTION ( 'NONE',  ( -0.7243777105664119809, 0.000000000000000000, 0.6894033162340920118 ) ) ;
#626 = DIRECTION ( 'NONE',  ( -0.000000000000000000, 1.000000000000000000, -0.000000000000000000 ) ) ;
#627 = PLANE ( 'NONE',  #2194 ) ;
#628 = EDGE_LOOP ( 'NONE', ( #2834, #1359, #4950, #244 ) ) ;
#629 = ORIENTED_EDGE ( 'NONE', *, *, #2926, .F. ) ;
#630 = DIRECTION ( 'NONE',  ( -0.000000000000000000, -1.000000000000000000, -0.000000000000000000 ) ) ;
#631 = EDGE_CURVE ( 'NONE', #832, #2032, #2624, .T. ) ;
#632 = CARTESIAN_POINT ( 'NONE',  ( 3.907848913359288634, 3.000000000000000000, 33.27128967849543528 ) ) ;
#633 = CARTESIAN_POINT ( 'NONE',  ( -14.27151731867181006, 0.000000000000000000, -15.76175452066438254 ) ) ;
#634 = DIRECTION ( 'NONE',  ( 1.325447660487638608E-16, 0.000000000000000000, 1.000000000000000000 ) ) ;
#635 = DIRECTION ( 'NONE',  ( 0.000000000000000000, 0.000000000000000000, 1.000000000000000000 ) ) ;
#636 = CARTESIAN_POINT ( 'NONE',  ( 49.11001889993010394, -1.734723475976807094E-15, 45.42302506770478487 ) ) ;
#637 = CARTESIAN_POINT ( 'NONE',  ( -29.53986903256749486, 3.000000000000000000, -44.26378276161428715 ) ) ;
#638 = CARTESIAN_POINT ( 'NONE',  ( 45.75399814769915707, 3.000000000000000000, 48.59335460104893656 ) ) ;
#639 = CARTESIAN_POINT ( 'NONE',  ( 61.69123223475197193, 0.000000000000000000, -3.388928585261459236 ) ) ;
#640 = CARTESIAN_POINT ( 'NONE',  ( -46.09328636962525394, 1.694065894508600678E-18, 9.192884506403062872 ) ) ;
#641 = VECTOR ( 'NONE', #2865, 1000.000000000000000 ) ;
#642 = CARTESIAN_POINT ( 'NONE',  ( 0.000000000000000000, 3.000000000000000000, 0.000000000000000000 ) ) ;
#643 = EDGE_CURVE ( 'NONE', #343, #19, #4397, .T. ) ;
#644 = CARTESIAN_POINT ( 'NONE',  ( 71.57322537419373987, 3.000000000000000000, -24.48788485081163202 ) ) ;
#645 = CARTESIAN_POINT ( 'NONE',  ( -7.882842367380940907, 3.000000000000000000, 17.50712899999999905 ) ) ;
#646 = CARTESIAN_POINT ( 'NONE',  ( -43.02901124936550303, 0.000000000000000000, 55.17307544992112867 ) ) ;
#647 = EDGE_LOOP ( 'NONE', ( #2640, #3313, #550, #771 ) ) ;
#648 = AXIS2_PLACEMENT_3D ( 'NONE', #3689, #1222, #2439 ) ;
#649 = EDGE_CURVE ( 'NONE', #2269, #597, #220, .T. ) ;
#650 = CARTESIAN_POINT ( 'NONE',  ( -50.41924872886040987, 3.000000000000000000, 41.26677915993418821 ) ) ;
#651 = AXIS2_PLACEMENT_3D ( 'NONE', #1421, #4799, #4325 ) ;
#652 = CYLINDRICAL_SURFACE ( 'NONE', #2279, 0.2500000000000002220 ) ;
#653 = AXIS2_PLACEMENT_3D ( 'NONE', #1431, #3964, #4811 ) ;
#654 = ORIENTED_EDGE ( 'NONE', *, *, #113, .F. ) ;
#655 = AXIS2_PLACEMENT_3D ( 'NONE', #1932, #1462, #1100 ) ;
#656 = ORIENTED_EDGE ( 'NONE', *, *, #1343, .F. ) ;
#657 = B_SPLINE_SURFACE_WITH_KNOTS ( 'NONE', 3, 1, ( 
 ( #1785, #3 ),
 ( #3015, #820 ),
 ( #1327, #445 ),
 ( #5043, #4685 ),
 ( #3865, #2157 ),
 ( #2958, #5431 ),
 ( #1032, #2511 ),
 ( #2930, #1722 ),
 ( #5144, #33 ),
 ( #2717, #4187 ),
 ( #2099, #4388 ),
 ( #4625, #1670 ),
 ( #3781, #1084 ),
 ( #1967, #5302 ),
 ( #3159, #2356 ),
 ( #4881, #694 ),
 ( #3189, #5274 ),
 ( #3653, #5327 ),
 ( #714, #1943 ),
 ( #1530, #209 ),
 ( #3628, #646 ),
 ( #4489, #2381 ),
 ( #2826, #4415 ),
 ( #4854, #4056 ),
 ( #621, #2403 ) ),
 .UNSPECIFIED., .F., .F., .F.,
 ( 4, 1, 1, 1, 1, 1, 1, 1, 1, 1, 1, 1, 1, 1, 1, 1, 1, 1, 1, 1, 1, 1, 4 ),
 ( 2, 2 ),
 ( 0.000000000000000000, 0.06920947775898932119, 0.1465216444120995276, 0.1831354800254727799, 0.2159025693415151381, 0.2429578026553484427, 0.2538023914587506646, 0.2625878507571603460, 0.3049044877112426222, 0.3485283135868111892, 0.3933479699685360487, 0.4392177628686812496, 0.4859664502440775302, 0.5334042573342233640, 0.5813283477132034083, 0.6295276555681328379, 0.6777869103086732183, 0.7258904331750865024, 0.7736260684193759785, 0.8207888899144244466, 0.8671859340035965591, 0.9126413343934896005, 1.000000000000000000 ),
 ( 0.000000000000000000, 1.000000000000000000 ),
 .UNSPECIFIED. ) ;
#658 = CARTESIAN_POINT ( 'NONE',  ( -45.94171699999998992, 3.000000000000000000, 8.763695999999999486 ) ) ;
#659 = LINE ( 'NONE', #2343, #3275 ) ;
#660 = CARTESIAN_POINT ( 'NONE',  ( -19.30615467776879512, 0.000000000000000000, 3.351847016444546856 ) ) ;
#661 = CARTESIAN_POINT ( 'NONE',  ( 54.41307803009701871, 0.000000000000000000, -2.815150853046603618 ) ) ;
#662 = FACE_OUTER_BOUND ( 'NONE', #202, .T. ) ;
#663 = CARTESIAN_POINT ( 'NONE',  ( 51.50791639986921666, -1.734723475976807094E-15, 32.09962949993743564 ) ) ;
#664 = DIRECTION ( 'NONE',  ( 0.000000000000000000, 1.000000000000000000, 0.000000000000000000 ) ) ;
#665 = DIRECTION ( 'NONE',  ( -0.000000000000000000, -1.000000000000000000, -0.000000000000000000 ) ) ;
#666 = CARTESIAN_POINT ( 'NONE',  ( -4.780370999999997039, 3.000000000000000000, 33.60814899999999739 ) ) ;
#667 = CARTESIAN_POINT ( 'NONE',  ( -46.42834085992950577, 1.694065894508600678E-18, 10.08485400734957160 ) ) ;
#668 = CIRCLE ( 'NONE', #1180, 1.000000000000000888 ) ;
#669 = CARTESIAN_POINT ( 'NONE',  ( 58.71861801067645814, 0.000000000000000000, -57.83574191295416966 ) ) ;
#670 = LINE ( 'NONE', #3976, #4985 ) ;
#671 = FACE_OUTER_BOUND ( 'NONE', #2297, .T. ) ;
#672 = CARTESIAN_POINT ( 'NONE',  ( -34.94545446291738244, 3.000000000000000000, -50.49467688865504300 ) ) ;
#673 = EDGE_CURVE ( 'NONE', #1650, #4734, #3298, .T. ) ;
#674 = ORIENTED_EDGE ( 'NONE', *, *, #245, .T. ) ;
#675 = ADVANCED_FACE ( 'NONE', ( #1874 ), #1903, .T. ) ;
#676 = CARTESIAN_POINT ( 'NONE',  ( -51.17040117174379787, 3.000000000000000000, 36.98765994906924703 ) ) ;
#677 = CARTESIAN_POINT ( 'NONE',  ( -23.65928550861623236, -4.336808689942017736E-16, -27.76975728627122564 ) ) ;
#678 = VERTEX_POINT ( 'NONE', #1370 ) ;
#679 = ORIENTED_EDGE ( 'NONE', *, *, #2101, .F. ) ;
#680 = DIRECTION ( 'NONE',  ( -0.000000000000000000, -1.000000000000000000, -0.000000000000000000 ) ) ;
#681 = ORIENTED_EDGE ( 'NONE', *, *, #759, .T. ) ;
#682 = CARTESIAN_POINT ( 'NONE',  ( 21.86899999999999267, 0.000000000000000000, 2.611000000000001542 ) ) ;
#683 = CARTESIAN_POINT ( 'NONE',  ( 14.72103737457617179, 0.000000000000000000, 17.50712899999999905 ) ) ;
#684 = CARTESIAN_POINT ( 'NONE',  ( 23.65928550861623236, 3.000000000000000000, -27.76975728627122564 ) ) ;
#685 = CARTESIAN_POINT ( 'NONE',  ( -17.49592501554468171, 1.499999999999999778, -29.73453560845436172 ) ) ;
#686 = CARTESIAN_POINT ( 'NONE',  ( -4.024501119728221887, 3.000000000000000000, 33.26446250471916954 ) ) ;
#687 = CARTESIAN_POINT ( 'NONE',  ( 48.88402445963241405, -1.734723475976807094E-15, 16.02714992246135495 ) ) ;
#688 = CARTESIAN_POINT ( 'NONE',  ( 52.02639311151101964, 3.000000000000000000, 8.627437679690226346 ) ) ;
#689 = CARTESIAN_POINT ( 'NONE',  ( 42.40291812605343580, 3.000000000000000000, 48.45896081904871977 ) ) ;
#690 = CARTESIAN_POINT ( 'NONE',  ( 65.82221648002720826, 0.000000000000000000, -10.32104284989116216 ) ) ;
#691 = LINE ( 'NONE', #1127, #1516 ) ;
#692 = CARTESIAN_POINT ( 'NONE',  ( 19.13757380277243314, 0.000000000000000000, 17.00712899999999905 ) ) ;
#693 = DIRECTION ( 'NONE',  ( -0.000000000000000000, -1.000000000000000000, -0.000000000000000000 ) ) ;
#694 = CARTESIAN_POINT ( 'NONE',  ( -30.00768249258474896, 0.000000000000000000, 52.73050411332617671 ) ) ;
#695 = ORIENTED_EDGE ( 'NONE', *, *, #4782, .F. ) ;
#696 = CARTESIAN_POINT ( 'NONE',  ( -51.25356861471068015, 3.000000000000000000, 36.12266035880166015 ) ) ;
#697 = LINE ( 'NONE', #2786, #1660 ) ;
#698 = ORIENTED_EDGE ( 'NONE', *, *, #4560, .T. ) ;
#699 = ORIENTED_EDGE ( 'NONE', *, *, #539, .T. ) ;
#700 = AXIS2_PLACEMENT_3D ( 'NONE', #2126, #57, #90 ) ;
#701 = CARTESIAN_POINT ( 'NONE',  ( -62.55958234661706996, 3.000000000000000888, -49.74647507105282784 ) ) ;
#702 = ORIENTED_EDGE ( 'NONE', *, *, #4908, .T. ) ;
#703 = VECTOR ( 'NONE', #3122, 1000.000000000000114 ) ;
#704 = CYLINDRICAL_SURFACE ( 'NONE', #2490, 0.2500000000000002220 ) ;
#705 = DIRECTION ( 'NONE',  ( 0.000000000000000000, -1.000000000000000000, 0.000000000000000000 ) ) ;
#706 = CARTESIAN_POINT ( 'NONE',  ( 41.50216093040443610, 3.000000000000000000, -57.29599531449121486 ) ) ;
#707 = CARTESIAN_POINT ( 'NONE',  ( -54.29306563533756957, 3.000000000000000000, 52.32821139029105240 ) ) ;
#708 = CARTESIAN_POINT ( 'NONE',  ( 38.14617242316049328, 3.000000000000000000, 47.94465861678471441 ) ) ;
#709 = DIRECTION ( 'NONE',  ( 0.000000000000000000, 1.000000000000000000, 0.000000000000000000 ) ) ;
#710 = LINE ( 'NONE', #2741, #356 ) ;
#711 = CARTESIAN_POINT ( 'NONE',  ( -50.99204152812359325, 0.000000000000000000, 2.383350968251920055 ) ) ;
#712 = CARTESIAN_POINT ( 'NONE',  ( 74.30640603525708343, 3.000000000000000000, -36.62170244513047379 ) ) ;
#713 = DIRECTION ( 'NONE',  ( 0.000000000000000000, 1.000000000000000000, 0.000000000000000000 ) ) ;
#714 = CARTESIAN_POINT ( 'NONE',  ( -37.80084476696531937, 3.000000000000000000, 54.58296151726742806 ) ) ;
#715 = EDGE_LOOP ( 'NONE', ( #3016, #4794, #2358, #1647 ) ) ;
#716 = VECTOR ( 'NONE', #1474, 1000.000000000000000 ) ;
#717 = CARTESIAN_POINT ( 'NONE',  ( -51.50791639986921666, 3.000000000000000000, 32.09962949993743564 ) ) ;
#718 = CARTESIAN_POINT ( 'NONE',  ( -7.803807588814857255, 3.000000000000000000, -14.11297399999998703 ) ) ;
#719 = ORIENTED_EDGE ( 'NONE', *, *, #617, .T. ) ;
#720 = EDGE_LOOP ( 'NONE', ( #97, #334, #4688, #389 ) ) ;
#721 = CIRCLE ( 'NONE', #3558, 0.5000000000000004441 ) ;
#722 = AXIS2_PLACEMENT_3D ( 'NONE', #2485, #1566, #1646 ) ;
#723 = DIRECTION ( 'NONE',  ( 0.2588191740101292160, -0.000000000000000000, 0.9659257917483695666 ) ) ;
#724 = ORIENTED_EDGE ( 'NONE', *, *, #331, .F. ) ;
#725 = CARTESIAN_POINT ( 'NONE',  ( 48.03801116521336922, 3.000000000000000000, 13.95946021185305952 ) ) ;
#726 = DIRECTION ( 'NONE',  ( -1.000000000000000000, 0.000000000000000000, 0.000000000000000000 ) ) ;
#727 = CARTESIAN_POINT ( 'NONE',  ( -72.83873756801051513, 3.000000000000000000, -68.52445798008615441 ) ) ;
#728 = VECTOR ( 'NONE', #2249, 1000.000000000000000 ) ;
#729 = CARTESIAN_POINT ( 'NONE',  ( -53.03508199999999562, 3.000000000000000000, 54.55017699999999081 ) ) ;
#730 = CARTESIAN_POINT ( 'NONE',  ( 62.89546445926887230, 0.000000000000000000, -48.24105080199478124 ) ) ;
#731 = CARTESIAN_POINT ( 'NONE',  ( 52.92643207439704156, 0.000000000000000000, 7.700559786046834887 ) ) ;
#732 = CARTESIAN_POINT ( 'NONE',  ( -63.38103698324037794, 0.000000000000000000, -27.55893418939137618 ) ) ;
#733 = DIRECTION ( 'NONE',  ( 0.000000000000000000, 0.000000000000000000, 1.000000000000000000 ) ) ;
#734 = VECTOR ( 'NONE', #630, 1000.000000000000000 ) ;
#735 = CARTESIAN_POINT ( 'NONE',  ( 40.42315691954928525, 0.000000000000000000, 54.94557405835164587 ) ) ;
#736 = ORIENTED_EDGE ( 'NONE', *, *, #3183, .F. ) ;
#737 = DIRECTION ( 'NONE',  ( -0.000000000000000000, -1.000000000000000000, -0.000000000000000000 ) ) ;
#738 = CARTESIAN_POINT ( 'NONE',  ( 45.75399814769915707, 3.000000000000000000, 48.59335460104893656 ) ) ;
#739 = CARTESIAN_POINT ( 'NONE',  ( 48.86364677452226601, 3.000000000000000000, 5.251642415774235850 ) ) ;
#740 = ORIENTED_EDGE ( 'NONE', *, *, #366, .T. ) ;
#741 = ORIENTED_EDGE ( 'NONE', *, *, #3163, .F. ) ;
#742 = CARTESIAN_POINT ( 'NONE',  ( -63.24469429960424804, 0.000000000000000000, -46.44330852578764279 ) ) ;
#743 = VERTEX_POINT ( 'NONE', #4719 ) ;
#744 = CARTESIAN_POINT ( 'NONE',  ( 49.99085389146456748, 3.000000000000000000, 18.97724626924816960 ) ) ;
#745 = LINE ( 'NONE', #3268, #311 ) ;
#746 = EDGE_LOOP ( 'NONE', ( #3195, #1187, #3494, #2182 ) ) ;
#747 = CARTESIAN_POINT ( 'NONE',  ( 59.23442243365284554, 1.500000000000000000, -56.97903554713330010 ) ) ;
#748 = EDGE_CURVE ( 'NONE', #182, #2430, #3527, .T. ) ;
#749 = CARTESIAN_POINT ( 'NONE',  ( -55.33109697127581228, 3.000000000000000000, 49.99432001844002116 ) ) ;
#750 = CARTESIAN_POINT ( 'NONE',  ( 61.30293354260651739, 0.000000000000000000, -54.20544071342600745 ) ) ;
#751 =( NAMED_UNIT ( * ) SI_UNIT ( $, .STERADIAN. ) SOLID_ANGLE_UNIT ( ) );
#752 = EDGE_CURVE ( 'NONE', #267, #678, #1429, .T. ) ;
#753 = CARTESIAN_POINT ( 'NONE',  ( -18.56521035969617017, 0.000000000000000000, 16.50712899999999905 ) ) ;
#754 = CARTESIAN_POINT ( 'NONE',  ( -9.137220319125351153, 0.000000000000000000, 20.25668020179040241 ) ) ;
#755 = ORIENTED_EDGE ( 'NONE', *, *, #1329, .F. ) ;
#756 = DIRECTION ( 'NONE',  ( 0.000000000000000000, 0.000000000000000000, 1.000000000000000000 ) ) ;
#757 = VERTEX_POINT ( 'NONE', #2254 ) ;
#758 = VECTOR ( 'NONE', #3410, 1000.000000000000000 ) ;
#759 = EDGE_CURVE ( 'NONE', #861, #1232, #1293, .T. ) ;
#760 = AXIS2_PLACEMENT_3D ( 'NONE', #2273, #3419, #3068 ) ;
#761 = CARTESIAN_POINT ( 'NONE',  ( 41.33421725500435429, 3.000000000000000000, 48.36646633805170836 ) ) ;
#762 = DIRECTION ( 'NONE',  ( 0.000000000000000000, 0.000000000000000000, 1.000000000000000000 ) ) ;
#763 = EDGE_LOOP ( 'NONE', ( #2906, #4495, #3702, #2791 ) ) ;
#764 = VERTEX_POINT ( 'NONE', #935 ) ;
#765 = CARTESIAN_POINT ( 'NONE',  ( 48.40666136689782206, 3.000000000000000000, 47.09949103918490465 ) ) ;
#766 = CARTESIAN_POINT ( 'NONE',  ( -63.84392022541653233, 3.000000000000000888, -41.95712549600501973 ) ) ;
#767 = VERTEX_POINT ( 'NONE', #2212 ) ;
#768 = CARTESIAN_POINT ( 'NONE',  ( 51.58253876246494229, 3.000000000000000000, 26.30335974505374708 ) ) ;
#769 = VECTOR ( 'NONE', #1241, 1000.000000000000114 ) ;
#770 = CARTESIAN_POINT ( 'NONE',  ( 8.526468313423141154, 0.000000000000000000, 17.37771941299493506 ) ) ;
#771 = ORIENTED_EDGE ( 'NONE', *, *, #54, .T. ) ;
#772 = EDGE_CURVE ( 'NONE', #3681, #4754, #2629, .T. ) ;
#773 = CARTESIAN_POINT ( 'NONE',  ( 29.53986903256749486, 3.000000000000000000, -44.26378276161428715 ) ) ;
#774 = AXIS2_PLACEMENT_3D ( 'NONE', #2685, #4769, #1741 ) ;
#775 = CARTESIAN_POINT ( 'NONE',  ( -34.94545446291738244, 0.000000000000000000, -50.49467688865504300 ) ) ;
#776 = DIRECTION ( 'NONE',  ( -0.000000000000000000, -1.000000000000000000, -0.000000000000000000 ) ) ;
#777 = SURFACE_SIDE_STYLE ('',( #4531 ) ) ;
#778 = FACE_OUTER_BOUND ( 'NONE', #944, .T. ) ;
#779 = LINE ( 'NONE', #2524, #4733 ) ;
#780 = VERTEX_POINT ( 'NONE', #2950 ) ;
#781 = CIRCLE ( 'NONE', #1775, 33.50000000000000000 ) ;
#782 = CARTESIAN_POINT ( 'NONE',  ( -56.46615775767583756, 0.000000000000000000, 22.24453399322362301 ) ) ;
#783 = VERTEX_POINT ( 'NONE', #3363 ) ;
#784 = AXIS2_PLACEMENT_3D ( 'NONE', #3575, #5245, #3953 ) ;
#785 = EDGE_CURVE ( 'NONE', #4779, #1316, #1291, .T. ) ;
#786 = LINE ( 'NONE', #2092, #881 ) ;
#787 = CARTESIAN_POINT ( 'NONE',  ( -38.17292978149257721, 0.000000000000000000, -53.94223427134963345 ) ) ;
#788 = ORIENTED_EDGE ( 'NONE', *, *, #2111, .F. ) ;
#789 = DIRECTION ( 'NONE',  ( -0.000000000000000000, -1.000000000000000000, -0.000000000000000000 ) ) ;
#790 = ORIENTED_EDGE ( 'NONE', *, *, #4458, .F. ) ;
#791 = EDGE_CURVE ( 'NONE', #3754, #1040, #1810, .T. ) ;
#792 = CARTESIAN_POINT ( 'NONE',  ( -14.20681241966810049, 3.000000000000000000, -15.52027310099628465 ) ) ;
#793 = CARTESIAN_POINT ( 'NONE',  ( -61.30656566835795473, 3.000000000000000888, -18.11428224824254229 ) ) ;
#794 = EDGE_LOOP ( 'NONE', ( #2679, #3892, #4158, #4394 ) ) ;
#795 = CARTESIAN_POINT ( 'NONE',  ( 14.49747475465786195, 3.000000000000000000, 18.60463307958163526 ) ) ;
#796 = ORIENTED_EDGE ( 'NONE', *, *, #3290, .F. ) ;
#797 = VECTOR ( 'NONE', #2893, 1000.000000000000000 ) ;
#798 = CARTESIAN_POINT ( 'NONE',  ( -57.52873128446579898, 0.000000000000000000, -71.38674136512977952 ) ) ;
#799 = VECTOR ( 'NONE', #2162, 1000.000000000000000 ) ;
#800 = CARTESIAN_POINT ( 'NONE',  ( 58.71861801067645814, 3.000000000000000000, -57.83574191295416966 ) ) ;
#801 = LINE ( 'NONE', #4170, #2242 ) ;
#802 = CIRCLE ( 'NONE', #1897, 1.000000000000000888 ) ;
#803 = CARTESIAN_POINT ( 'NONE',  ( -60.77547253424010876, 0.000000000000000000, -55.74672559359628821 ) ) ;
#804 = VECTOR ( 'NONE', #1569, 1000.000000000000000 ) ;
#805 = DIRECTION ( 'NONE',  ( 0.000000000000000000, -1.000000000000000000, 0.000000000000000000 ) ) ;
#806 = ORIENTED_EDGE ( 'NONE', *, *, #205, .F. ) ;
#807 = CARTESIAN_POINT ( 'NONE',  ( 69.19424598455805153, 0.000000000000000000, -79.64822009782591294 ) ) ;
#808 = ORIENTED_EDGE ( 'NONE', *, *, #3543, .T. ) ;
#809 = VECTOR ( 'NONE', #5077, 999.9999999999998863 ) ;
#810 = ADVANCED_FACE ( 'NONE', ( #4617 ), #842, .F. ) ;
#811 = CARTESIAN_POINT ( 'NONE',  ( 38.14617242316049328, 0.000000000000000000, 47.94465861678471441 ) ) ;
#812 = CARTESIAN_POINT ( 'NONE',  ( 63.57381288809950348, 3.000000000000000000, -44.34928438508360671 ) ) ;
#813 = EDGE_CURVE ( 'NONE', #3110, #2557, #35, .T. ) ;
#814 = FACE_OUTER_BOUND ( 'NONE', #2815, .T. ) ;
#815 = VERTEX_POINT ( 'NONE', #1716 ) ;
#816 = ADVANCED_FACE ( 'NONE', ( #814 ), #3390, .F. ) ;
#817 = EDGE_LOOP ( 'NONE', ( #681, #5159, #5420, #476 ) ) ;
#818 = CYLINDRICAL_SURFACE ( 'NONE', #2984, 0.2500000000000002220 ) ;
#819 = CARTESIAN_POINT ( 'NONE',  ( 48.12931955041965892, -1.734723475976807094E-15, 47.69028253737588585 ) ) ;
#820 = CARTESIAN_POINT ( 'NONE',  ( -5.663267465419664859, 0.000000000000000000, 34.53583603780170108 ) ) ;
#821 = ORIENTED_EDGE ( 'NONE', *, *, #1439, .F. ) ;
#822 = DIRECTION ( 'NONE',  ( 0.2588195960148436114, 0.000000000000000000, 0.9659256786723878774 ) ) ;
#823 = ORIENTED_EDGE ( 'NONE', *, *, #571, .T. ) ;
#824 = CARTESIAN_POINT ( 'NONE',  ( -75.15097199383085069, 3.000000000000000000, -51.17767105170879915 ) ) ;
#825 = EDGE_CURVE ( 'NONE', #2125, #2340, #465, .T. ) ;
#826 = DIRECTION ( 'NONE',  ( -0.000000000000000000, -1.000000000000000000, -0.000000000000000000 ) ) ;
#827 = CARTESIAN_POINT ( 'NONE',  ( 60.38414070415917934, 3.000000000000000000, -56.78959051124099489 ) ) ;
#828 = DIRECTION ( 'NONE',  ( -0.000000000000000000, -1.000000000000000000, -0.000000000000000000 ) ) ;
#829 = CARTESIAN_POINT ( 'NONE',  ( -75.01598022859300841, 0.000000000000000000, -54.09374303767065584 ) ) ;
#830 = DIRECTION ( 'NONE',  ( 0.000000000000000000, 0.000000000000000000, 1.000000000000000000 ) ) ;
#831 = DIRECTION ( 'NONE',  ( 0.000000000000000000, 0.000000000000000000, -1.000000000000000000 ) ) ;
#832 = VERTEX_POINT ( 'NONE', #4653 ) ;
#833 = CARTESIAN_POINT ( 'NONE',  ( 22.68784819354412718, 0.000000000000000000, 49.82691168489510147 ) ) ;
#834 = ORIENTED_EDGE ( 'NONE', *, *, #3624, .T. ) ;
#835 = DIRECTION ( 'NONE',  ( 0.000000000000000000, 0.000000000000000000, 1.000000000000000000 ) ) ;
#836 = CARTESIAN_POINT ( 'NONE',  ( 50.20144811616389546, 3.000000000000000000, 42.10998750058584505 ) ) ;
#837 = EDGE_CURVE ( 'NONE', #1040, #2754, #1637, .T. ) ;
#838 = CARTESIAN_POINT ( 'NONE',  ( 41.33421725500435429, 0.000000000000000000, 48.36646633805170836 ) ) ;
#839 = CARTESIAN_POINT ( 'NONE',  ( 60.77547253424010876, 3.000000000000000000, -55.74672559359629531 ) ) ;
#840 = VECTOR ( 'NONE', #4741, 1000.000000000000000 ) ;
#841 = DIRECTION ( 'NONE',  ( 0.000000000000000000, 0.000000000000000000, 1.000000000000000000 ) ) ;
#842 = CYLINDRICAL_SURFACE ( 'NONE', #1904, 1.000000000000000888 ) ;
#843 = ORIENTED_EDGE ( 'NONE', *, *, #422, .T. ) ;
#844 = CARTESIAN_POINT ( 'NONE',  ( -18.32062889804655370, 3.000000000000000000, -29.16897084099943882 ) ) ;
#845 = ORIENTED_EDGE ( 'NONE', *, *, #5150, .T. ) ;
#846 = DIRECTION ( 'NONE',  ( 0.000000000000000000, 1.000000000000000000, 0.000000000000000000 ) ) ;
#847 = LINE ( 'NONE', #3340, #4907 ) ;
#848 = CARTESIAN_POINT ( 'NONE',  ( 47.07256356971266342, 1.500000000000000000, 47.57396855595376906 ) ) ;
#849 = ORIENTED_EDGE ( 'NONE', *, *, #5154, .T. ) ;
#850 = CARTESIAN_POINT ( 'NONE',  ( -14.48133997294732644, 3.000000000000000000, -14.11297399999998525 ) ) ;
#851 = ORIENTED_EDGE ( 'NONE', *, *, #1239, .F. ) ;
#852 = CARTESIAN_POINT ( 'NONE',  ( -29.39521040800501694, 0.000000000000000000, 45.60067303327976163 ) ) ;
#853 = CARTESIAN_POINT ( 'NONE',  ( 56.15392664154154545, 3.000000000000000000, -5.909220970001160644 ) ) ;
#854 = CARTESIAN_POINT ( 'NONE',  ( -9.248703789575392520, 3.000000000000000000, -17.10761641994157145 ) ) ;
#855 = CARTESIAN_POINT ( 'NONE',  ( -50.78777952006335283, 1.694065894508600678E-18, 39.56614224820167180 ) ) ;
#856 = CARTESIAN_POINT ( 'NONE',  ( -13.74152771142412277, 3.000000000000000000, 16.38300579146331515 ) ) ;
#857 = CARTESIAN_POINT ( 'NONE',  ( 26.32268500000000344, 3.000000000000000000, -30.84581199999999157 ) ) ;
#858 = EDGE_CURVE ( 'NONE', #3610, #5174, #3810, .T. ) ;
#859 = CARTESIAN_POINT ( 'NONE',  ( -45.94171699999998992, 3.000000000000000000, 8.763695999999999486 ) ) ;
#860 = CARTESIAN_POINT ( 'NONE',  ( -48.88402445963241405, 0.000000000000000000, 16.02714992246135495 ) ) ;
#861 = VERTEX_POINT ( 'NONE', #3401 ) ;
#862 = CARTESIAN_POINT ( 'NONE',  ( -36.04190671085773801, -4.336808689942017736E-16, 47.54403607927838493 ) ) ;
#863 = ORIENTED_EDGE ( 'NONE', *, *, #1946, .T. ) ;
#864 = CIRCLE ( 'NONE', #4211, 0.5000000000000004441 ) ;
#865 = CARTESIAN_POINT ( 'NONE',  ( 51.50791639986921666, 3.000000000000000000, 32.09962949993743564 ) ) ;
#866 = LINE ( 'NONE', #1287, #436 ) ;
#867 = CARTESIAN_POINT ( 'NONE',  ( 13.60674997828285271, 0.000000000000000000, 35.53794733254291316 ) ) ;
#868 = DIRECTION ( 'NONE',  ( 0.000000000000000000, 0.000000000000000000, 1.000000000000000000 ) ) ;
#869 = DIRECTION ( 'NONE',  ( 0.000000000000000000, 0.000000000000000000, -1.000000000000000000 ) ) ;
#870 = EDGE_LOOP ( 'NONE', ( #1800, #1137, #2712, #4618 ) ) ;
#871 = CARTESIAN_POINT ( 'NONE',  ( 14.27514868206736409, 3.000000000000000000, 13.58591615616767712 ) ) ;
#872 = ORIENTED_EDGE ( 'NONE', *, *, #2445, .T. ) ;
#873 = FACE_OUTER_BOUND ( 'NONE', #2304, .T. ) ;
#874 = CARTESIAN_POINT ( 'NONE',  ( 0.000000000000000000, 0.000000000000000000, 17.00712899999999905 ) ) ;
#875 = CARTESIAN_POINT ( 'NONE',  ( 5.663267465419664859, 3.000000000000000000, 34.53583603780170108 ) ) ;
#876 = CARTESIAN_POINT ( 'NONE',  ( 17.11102934204589943, 0.000000000000000000, 38.63514858060335655 ) ) ;
#877 = DIRECTION ( 'NONE',  ( 3.469446951953611033E-15, 0.000000000000000000, 1.000000000000000000 ) ) ;
#878 = ORIENTED_EDGE ( 'NONE', *, *, #3870, .F. ) ;
#879 = DIRECTION ( 'NONE',  ( -0.000000000000000000, -1.000000000000000000, -0.000000000000000000 ) ) ;
#880 = ORIENTED_EDGE ( 'NONE', *, *, #3469, .F. ) ;
#881 = VECTOR ( 'NONE', #5423, 1000.000000000000000 ) ;
#882 = CARTESIAN_POINT ( 'NONE',  ( -18.35362831203879352, 0.000000000000000000, 39.58721854979213362 ) ) ;
#883 = EDGE_CURVE ( 'NONE', #4544, #2781, #5, .T. ) ;
#884 = CARTESIAN_POINT ( 'NONE',  ( 35.72822307076612702, 3.000000000000000000, -40.53733558045187380 ) ) ;
#885 = CARTESIAN_POINT ( 'NONE',  ( 66.16332437088969698, 0.000000000000000000, -77.74163664067302193 ) ) ;
#886 = CARTESIAN_POINT ( 'NONE',  ( -14.27151731867181006, 3.000000000000000000, -15.76175452066438254 ) ) ;
#887 = EDGE_CURVE ( 'NONE', #4083, #3423, #3134, .T. ) ;
#888 = CIRCLE ( 'NONE', #1618, 0.5000000000000004441 ) ;
#889 = DIRECTION ( 'NONE',  ( -0.000000000000000000, -1.000000000000000000, -0.000000000000000000 ) ) ;
#890 = VECTOR ( 'NONE', #3889, 999.9999999999998863 ) ;
#891 = CARTESIAN_POINT ( 'NONE',  ( 46.09328636962525394, -1.734723475976807094E-15, 9.192884506403062872 ) ) ;
#892 = VECTOR ( 'NONE', #3594, 1000.000000000000000 ) ;
#893 = CARTESIAN_POINT ( 'NONE',  ( -49.50769610875728688, 0.000000000000000000, 17.62982941057849118 ) ) ;
#894 = ORIENTED_EDGE ( 'NONE', *, *, #1565, .F. ) ;
#895 = CARTESIAN_POINT ( 'NONE',  ( -25.04897453056247869, 3.000000000000000444, 43.69697323368394137 ) ) ;
#896 = CARTESIAN_POINT ( 'NONE',  ( 72.10810993820923898, 3.000000000000000000, -26.31875752400589263 ) ) ;
#897 = VECTOR ( 'NONE', #1149, 1000.000000000000000 ) ;
#898 = ORIENTED_EDGE ( 'NONE', *, *, #858, .T. ) ;
#899 = DIRECTION ( 'NONE',  ( -0.000000000000000000, 1.000000000000000000, 0.000000000000000000 ) ) ;
#900 = AXIS2_PLACEMENT_3D ( 'NONE', #586, #2205, #1771 ) ;
#901 = CARTESIAN_POINT ( 'NONE',  ( 14.73464199026328458, 0.000000000000000000, 36.61033438734273204 ) ) ;
#902 = CYLINDRICAL_SURFACE ( 'NONE', #3327, 33.50000000000000000 ) ;
#903 = CARTESIAN_POINT ( 'NONE',  ( 14.56217954816039395, 3.000000000000000000, 18.84611452751872562 ) ) ;
#904 = EDGE_CURVE ( 'NONE', #1192, #4833, #2960, .T. ) ;
#905 = ORIENTED_EDGE ( 'NONE', *, *, #4836, .F. ) ;
#906 = DIRECTION ( 'NONE',  ( -0.000000000000000000, -1.000000000000000000, -0.000000000000000000 ) ) ;
#907 = EDGE_LOOP ( 'NONE', ( #3633, #863, #1170, #3540 ) ) ;
#908 = FACE_OUTER_BOUND ( 'NONE', #2753, .T. ) ;
#909 = CARTESIAN_POINT ( 'NONE',  ( -59.23442243365285265, 0.000000000000000000, -56.97903554713330720 ) ) ;
#910 = CARTESIAN_POINT ( 'NONE',  ( 52.95461300000000193, 2.602085213965210642E-15, 54.60650600000000310 ) ) ;
#911 = CARTESIAN_POINT ( 'NONE',  ( -47.15170058059664626, 0.000000000000000000, 7.316916945351454871 ) ) ;
#912 = VERTEX_POINT ( 'NONE', #3344 ) ;
#913 = AXIS2_PLACEMENT_3D ( 'NONE', #3800, #2921, #26 ) ;
#914 = CARTESIAN_POINT ( 'NONE',  ( -75.19643174213283032, 0.000000000000000000, -47.28664632753167041 ) ) ;
#915 = VERTEX_POINT ( 'NONE', #850 ) ;
#916 = CARTESIAN_POINT ( 'NONE',  ( 14.23807447870198750, 3.000000000000000000, 17.63653858700506660 ) ) ;
#917 = CARTESIAN_POINT ( 'NONE',  ( -32.92924601521909267, 0.000000000000000000, 46.76567725665499609 ) ) ;
#918 = CARTESIAN_POINT ( 'NONE',  ( 57.68726925134266992, 3.000000000000000000, -9.020513918806257081 ) ) ;
#919 = DIRECTION ( 'NONE',  ( -0.000000000000000000, -1.000000000000000000, -0.000000000000000000 ) ) ;
#920 = CARTESIAN_POINT ( 'NONE',  ( -74.00885349564477167, 3.000000000000000000, -62.79472622012763594 ) ) ;
#921 = ADVANCED_FACE ( 'NONE', ( #3783 ), #1693, .T. ) ;
#922 = CARTESIAN_POINT ( 'NONE',  ( 17.49592501554469948, 3.000000000000000000, -29.73453560845439370 ) ) ;
#923 = CARTESIAN_POINT ( 'NONE',  ( -50.01519951008855003, 3.000000000000000000, -52.15368586642594551 ) ) ;
#924 = EDGE_CURVE ( 'NONE', #1039, #1452, #447, .T. ) ;
#925 = CARTESIAN_POINT ( 'NONE',  ( -50.34286287370224500, 0.000000000000000000, 20.05440397528275653 ) ) ;
#926 = ORIENTED_EDGE ( 'NONE', *, *, #2107, .T. ) ;
#927 = CARTESIAN_POINT ( 'NONE',  ( -41.33421725500435429, 3.000000000000000444, 48.36646633805170836 ) ) ;
#928 = CARTESIAN_POINT ( 'NONE',  ( 74.44460913759078835, 3.000000000000000000, -59.90541375806012070 ) ) ;
#929 = ORIENTED_EDGE ( 'NONE', *, *, #4995, .T. ) ;
#930 = CARTESIAN_POINT ( 'NONE',  ( 54.20032901009870585, 1.694065894508600678E-18, 15.00778510851577785 ) ) ;
#931 = DIRECTION ( 'NONE',  ( -0.9659257917483693445, 0.000000000000000000, 0.2588191740101298821 ) ) ;
#932 = DIRECTION ( 'NONE',  ( 0.2588189855227266967, 0.000000000000000000, -0.9659258422534240385 ) ) ;
#933 = LINE ( 'NONE', #1356, #3853 ) ;
#934 = DIRECTION ( 'NONE',  ( 0.000000000000000000, 0.000000000000000000, -1.000000000000000000 ) ) ;
#935 = CARTESIAN_POINT ( 'NONE',  ( -26.32268500000000344, 3.000000000000000000, -30.84581199999999157 ) ) ;
#936 = VERTEX_POINT ( 'NONE', #3373 ) ;
#937 = ORIENTED_EDGE ( 'NONE', *, *, #1963, .T. ) ;
#938 = DIRECTION ( 'NONE',  ( -0.000000000000000000, -1.000000000000000000, -0.000000000000000000 ) ) ;
#939 = DIRECTION ( 'NONE',  ( 0.000000000000000000, 0.000000000000000000, 1.000000000000000000 ) ) ;
#940 = CARTESIAN_POINT ( 'NONE',  ( 37.80084476696531937, 3.000000000000000000, 54.58296151726742806 ) ) ;
#941 = ORIENTED_EDGE ( 'NONE', *, *, #1343, .T. ) ;
#942 = DIRECTION ( 'NONE',  ( 0.000000000000000000, 1.000000000000000000, 0.000000000000000000 ) ) ;
#943 = CIRCLE ( 'NONE', #3165, 33.50000000000000000 ) ;
#944 = EDGE_LOOP ( 'NONE', ( #273, #1747, #4416, #4527 ) ) ;
#945 = CARTESIAN_POINT ( 'NONE',  ( -52.02639311151100543, 3.000000000000000000, 8.627437679690247663 ) ) ;
#946 = B_SPLINE_SURFACE_WITH_KNOTS ( 'NONE', 3, 1, ( 
 ( #1069, #1489 ),
 ( #1852, #2759 ),
 ( #2729, #2312 ),
 ( #1519, #5203 ),
 ( #4373, #4426 ),
 ( #3991, #2257 ) ),
 .UNSPECIFIED., .F., .F., .F.,
 ( 4, 1, 1, 4 ),
 ( 2, 2 ),
 ( 0.05740497286208131461, 0.2393458539633893101, 0.4927642171075661270, 1.000000000000000000 ),
 ( 0.000000000000000000, 1.000000000000000000 ),
 .UNSPECIFIED. ) ;
#947 = AXIS2_PLACEMENT_3D ( 'NONE', #1890, #4028, #2745 ) ;
#948 = PLANE ( 'NONE',  #2545 ) ;
#949 = CARTESIAN_POINT ( 'NONE',  ( -39.20524147792314551, 0.000000000000000000, 48.10923363656451812 ) ) ;
#950 = CYLINDRICAL_SURFACE ( 'NONE', #3014, 0.2500000000000002220 ) ;
#951 = CARTESIAN_POINT ( 'NONE',  ( -18.32062889804655370, -3.388131789017201356E-18, -29.16897084099943882 ) ) ;
#952 = EDGE_CURVE ( 'NONE', #3948, #1192, #5242, .T. ) ;
#953 = CARTESIAN_POINT ( 'NONE',  ( 23.17778954518533041, 3.000000000000000000, -25.55464873167107243 ) ) ;
#954 = CARTESIAN_POINT ( 'NONE',  ( 56.15392664154154545, 0.000000000000000000, -5.909220970001160644 ) ) ;
#955 = CARTESIAN_POINT ( 'NONE',  ( -31.90587890848826902, 3.000000000000000000, 46.45927064113672600 ) ) ;
#956 = FACE_OUTER_BOUND ( 'NONE', #817, .T. ) ;
#957 = CARTESIAN_POINT ( 'NONE',  ( -51.07672011127198886, 3.000000000000000000, 22.78601691263700957 ) ) ;
#958 = ORIENTED_EDGE ( 'NONE', *, *, #3552, .T. ) ;
#959 = CARTESIAN_POINT ( 'NONE',  ( -57.84613504054144784, 1.694065894508600678E-18, 30.57518755677947198 ) ) ;
#960 = CARTESIAN_POINT ( 'NONE',  ( 73.33589601838630756, 3.000000000000000000, -31.24893448183900801 ) ) ;
#961 = ORIENTED_EDGE ( 'NONE', *, *, #3566, .T. ) ;
#962 = CIRCLE ( 'NONE', #5440, 0.5000000000000000000 ) ;
#963 = CARTESIAN_POINT ( 'NONE',  ( 15.90450226889967844, 0.000000000000000000, 37.64222744140194976 ) ) ;
#964 = CARTESIAN_POINT ( 'NONE',  ( 46.65100804918601796, 3.000000000000000000, -62.18904330299390182 ) ) ;
#965 = VECTOR ( 'NONE', #1819, 1000.000000000000000 ) ;
#966 = FACE_OUTER_BOUND ( 'NONE', #4132, .T. ) ;
#967 = CARTESIAN_POINT ( 'NONE',  ( -29.53986903256749486, 3.000000000000000000, -44.26378276161428715 ) ) ;
#968 = ORIENTED_EDGE ( 'NONE', *, *, #4851, .F. ) ;
#969 = EDGE_CURVE ( 'NONE', #3866, #2003, #3037, .T. ) ;
#970 = ORIENTED_EDGE ( 'NONE', *, *, #3042, .T. ) ;
#971 = DIRECTION ( 'NONE',  ( 0.000000000000000000, 0.000000000000000000, -1.000000000000000000 ) ) ;
#972 = CARTESIAN_POINT ( 'NONE',  ( 52.95461300000000193, 3.000000000000000000, 54.60650600000000310 ) ) ;
#973 = CARTESIAN_POINT ( 'NONE',  ( 53.47598139266078476, 0.000000000000000000, 53.82176670587931255 ) ) ;
#974 = ORIENTED_EDGE ( 'NONE', *, *, #643, .T. ) ;
#975 = DIRECTION ( 'NONE',  ( 0.000000000000000000, 0.000000000000000000, 1.000000000000000000 ) ) ;
#976 = EDGE_CURVE ( 'NONE', #4087, #2056, #668, .T. ) ;
#977 = ORIENTED_EDGE ( 'NONE', *, *, #2784, .F. ) ;
#978 = DIRECTION ( 'NONE',  ( -0.9659258422534238164, -0.000000000000000000, -0.2588189855227273073 ) ) ;
#979 = AXIS2_PLACEMENT_3D ( 'NONE', #4182, #4616, #841 ) ;
#980 = CARTESIAN_POINT ( 'NONE',  ( -58.71861801067646525, 3.000000000000000000, -57.83574191295416966 ) ) ;
#981 = CARTESIAN_POINT ( 'NONE',  ( 14.56217954816039395, 3.000000000000000000, 18.84611452751872562 ) ) ;
#982 = CARTESIAN_POINT ( 'NONE',  ( 54.41307803009701871, 0.000000000000000000, -2.815150853046603618 ) ) ;
#983 = CARTESIAN_POINT ( 'NONE',  ( 9.297883652286206058, 0.000000000000000000, 20.25667911452378434 ) ) ;
#984 = AXIS2_PLACEMENT_3D ( 'NONE', #3328, #4487, #1580 ) ;
#985 = CARTESIAN_POINT ( 'NONE',  ( -52.92643207439704156, 3.000000000000000000, 7.700559786046834887 ) ) ;
#986 = CARTESIAN_POINT ( 'NONE',  ( 63.38103698324037794, 0.000000000000000000, -27.55893418939137618 ) ) ;
#987 = CARTESIAN_POINT ( 'NONE',  ( -23.65086152088949945, 3.000000000000000000, 42.96565016714738050 ) ) ;
#988 = CARTESIAN_POINT ( 'NONE',  ( 50.20144811616389546, -1.734723475976807094E-15, 42.10998750058584505 ) ) ;
#989 = CARTESIAN_POINT ( 'NONE',  ( -50.93818735582407697, 3.000000000000000000, 38.70979032364790129 ) ) ;
#990 = VERTEX_POINT ( 'NONE', #4223 ) ;
#991 = CARTESIAN_POINT ( 'NONE',  ( -40.26812265805829583, 3.000000000000000444, 48.24986187560627116 ) ) ;
#992 = CARTESIAN_POINT ( 'NONE',  ( 70.61076606662614097, 0.000000000000000000, -21.45453730634901390 ) ) ;
#993 = VERTEX_POINT ( 'NONE', #1375 ) ;
#994 = CARTESIAN_POINT ( 'NONE',  ( 54.29306563533756957, 1.694065894508600678E-18, 52.32821139029105240 ) ) ;
#995 = LINE ( 'NONE', #4358, #1948 ) ;
#996 = CIRCLE ( 'NONE', #3562, 1.000000000000000888 ) ;
#997 = CARTESIAN_POINT ( 'NONE',  ( -35.17931797114327708, 0.000000000000000000, 54.08985714986710036 ) ) ;
#998 = CARTESIAN_POINT ( 'NONE',  ( 63.24175436749369794, 3.000000000000000000, -75.67690974196260356 ) ) ;
#999 = DIRECTION ( 'NONE',  ( 0.000000000000000000, 0.000000000000000000, 1.000000000000000000 ) ) ;
#1000 = CARTESIAN_POINT ( 'NONE',  ( -74.30640603525708343, 0.000000000000000000, -36.62170244513047379 ) ) ;
#1001 = ORIENTED_EDGE ( 'NONE', *, *, #3935, .T. ) ;
#1002 = B_SPLINE_SURFACE_WITH_KNOTS ( 'NONE', 3, 1, ( 
 ( #11, #2581 ),
 ( #512, #1733 ),
 ( #2611, #4247 ),
 ( #2937, #1701 ),
 ( #3379, #1824 ),
 ( #430, #2995 ),
 ( #920, #4607 ),
 ( #2229, #2137 ),
 ( #481, #2110 ),
 ( #5053, #829 ),
 ( #3845, #5118 ),
 ( #3026, #5153 ),
 ( #4280, #2198 ),
 ( #2520, #545 ),
 ( #1280, #72 ),
 ( #5086, #4633 ),
 ( #454, #3408 ),
 ( #4660, #2166 ),
 ( #1765, #3875 ),
 ( #4693, #105 ),
 ( #1793, #3908 ),
 ( #2794, #5234 ),
 ( #4375, #3119 ),
 ( #1403, #4044 ),
 ( #2370, #226 ),
 ( #196, #1909 ),
 ( #4401, #1464 ),
 ( #3616, #1854 ),
 ( #1020, #3201 ),
 ( #4787, #3146 ),
 ( #3640, #607 ),
 ( #4455, #2706 ),
 ( #985, #4428 ),
 ( #1880, #2673 ) ),
 .UNSPECIFIED., .F., .F., .F.,
 ( 4, 1, 1, 1, 1, 1, 1, 1, 1, 1, 1, 1, 1, 1, 1, 1, 1, 1, 1, 1, 1, 1, 1, 1, 1, 1, 1, 1, 1, 1, 1, 4 ),
 ( 2, 2 ),
 ( 0.000000000000000000, 0.06121273817483804947, 0.09179086101178143831, 0.1223425892199376669, 0.1528718038082005071, 0.1833819822975039926, 0.2138762936737421128, 0.2443577943152522303, 0.2748293946825828837, 0.3052940748048100783, 0.3357549689455319730, 0.3966699609499036439, 0.4271615374098215456, 0.4576247154306006815, 0.4881259594459063100, 0.5079983905151578272, 0.5477572368942638104, 0.5676542113665553613, 0.5875625082778672681, 0.6074825929439809924, 0.6673087497949029556, 0.6872824228826468484, 0.7072716886850038964, 0.7272777350102105354, 0.8074711104529508354, 0.8315209017768369071, 0.8556047850687839018, 0.8797208062741377343, 0.9038695380922265876, 0.9280513988502842038, 0.9522667411092766709, 0.9927241866443052842 ),
 ( 0.000000000000000000, 1.000000000000000000 ),
 .UNSPECIFIED. ) ;
#1003 = B_SPLINE_CURVE_WITH_KNOTS ( 'NONE', 3,
 ( #4261, #493, #286, #2777, #619, #4413, #2328, #1505, #4442, #2300, #3574, #4386, #3187, #3131, #712, #1918, #3627, #207, #1083, #644, #3651, #5216, #4879, #4004, #5324, #4488, #3545, #4853, #4798, #1965, #4900, #1449, #1110, #236 ),
 .UNSPECIFIED., .F., .F.,
 ( 4, 1, 1, 1, 1, 1, 1, 1, 1, 1, 1, 1, 1, 1, 1, 1, 1, 1, 1, 1, 1, 1, 1, 1, 1, 1, 1, 1, 1, 1, 1, 4 ),
 ( 0.000000000000000000, 0.06121273817483804947, 0.09179086101178143831, 0.1223425892199376669, 0.1528718038082005071, 0.1833819822975039926, 0.2138762936737421128, 0.2443577943152522303, 0.2748293946825828837, 0.3052940748048100783, 0.3357549689455319730, 0.3966699609499036439, 0.4271615374098214901, 0.4576247154306006815, 0.4881259594459063100, 0.5079983905151578272, 0.5477572368942638104, 0.5676542113665553613, 0.5875625082778672681, 0.6074825929439809924, 0.6673087497949029556, 0.6872824228826468484, 0.7072716886850038964, 0.7272777350102105354, 0.8074711104529508354, 0.8315209017768369071, 0.8556047850687839018, 0.8797208062741377343, 0.9038695380922265876, 0.9280513988502842038, 0.9522667411092766709, 0.9927241866431822936 ),
 .UNSPECIFIED. ) ;
#1004 = AXIS2_PLACEMENT_3D ( 'NONE', #3144, #3614, #2792 ) ;
#1005 = EDGE_CURVE ( 'NONE', #2125, #780, #2494, .T. ) ;
#1006 = EDGE_CURVE ( 'NONE', #597, #4779, #1712, .T. ) ;
#1007 = CARTESIAN_POINT ( 'NONE',  ( 4.024501119728221887, 0.000000000000000000, 34.26446250471916954 ) ) ;
#1008 = CARTESIAN_POINT ( 'NONE',  ( 43.02901124936550303, 2.602085213965210642E-15, 55.17307544992112867 ) ) ;
#1009 = EDGE_CURVE ( 'NONE', #2781, #3682, #3057, .T. ) ;
#1010 = CARTESIAN_POINT ( 'NONE',  ( 31.90587890848826902, 0.000000000000000000, 46.45927064113672600 ) ) ;
#1011 = ADVANCED_FACE ( 'NONE', ( #4313 ), #3476, .T. ) ;
#1012 = ORIENTED_EDGE ( 'NONE', *, *, #2048, .F. ) ;
#1013 = EDGE_LOOP ( 'NONE', ( #319, #3225, #4369, #4674 ) ) ;
#1014 = CARTESIAN_POINT ( 'NONE',  ( -19.05613964030383300, 3.000000000000000000, 17.00712899999999905 ) ) ;
#1015 = VECTOR ( 'NONE', #4938, 1000.000000000000000 ) ;
#1016 = CARTESIAN_POINT ( 'NONE',  ( 4.780370999999997039, 3.000000000000000000, 33.60814899999999739 ) ) ;
#1017 = CARTESIAN_POINT ( 'NONE',  ( -59.23442243365285265, 0.000000000000000000, -56.97903554713330720 ) ) ;
#1018 = DIRECTION ( 'NONE',  ( 0.000000000000000000, 1.000000000000000000, 0.000000000000000000 ) ) ;
#1019 = DIRECTION ( 'NONE',  ( -0.000000000000000000, -1.000000000000000000, -0.000000000000000000 ) ) ;
#1020 = CARTESIAN_POINT ( 'NONE',  ( -59.04316248994994254, 3.000000000000000000, 0.3939601283460208436 ) ) ;
#1021 = CARTESIAN_POINT ( 'NONE',  ( 60.16466442879197984, 0.000000000000000000, -57.34598217878365745 ) ) ;
#1022 = CARTESIAN_POINT ( 'NONE',  ( 19.06900000000000617, 3.000000000000000000, 2.861000000000001542 ) ) ;
#1023 = CARTESIAN_POINT ( 'NONE',  ( 48.88402445963241405, 3.000000000000000000, 16.02714992246135495 ) ) ;
#1024 = FACE_OUTER_BOUND ( 'NONE', #4124, .T. ) ;
#1025 = LINE ( 'NONE', #2739, #1970 ) ;
#1026 = DIRECTION ( 'NONE',  ( 0.000000000000000000, -1.000000000000000000, 0.000000000000000000 ) ) ;
#1027 = ORIENTED_EDGE ( 'NONE', *, *, #4440, .F. ) ;
#1028 = CARTESIAN_POINT ( 'NONE',  ( -17.49592501554468171, 3.000000000000000000, -29.73453560845436172 ) ) ;
#1029 = FACE_BOUND ( 'NONE', #1638, .T. ) ;
#1030 = CARTESIAN_POINT ( 'NONE',  ( -9.313997030549471035, 3.000000000000000000, 19.95049399325371553 ) ) ;
#1031 = PLANE ( 'NONE',  #651 ) ;
#1032 = CARTESIAN_POINT ( 'NONE',  ( -13.46454380299624098, 3.000000000000000000, 43.52956487241662131 ) ) ;
#1033 = CARTESIAN_POINT ( 'NONE',  ( -23.29010782125181223, 3.000000000000000000, -36.28146475517992542 ) ) ;
#1034 = ORIENTED_EDGE ( 'NONE', *, *, #5426, .T. ) ;
#1035 = ADVANCED_FACE ( 'NONE', ( #1339 ), #1002, .F. ) ;
#1036 = CARTESIAN_POINT ( 'NONE',  ( -50.60427557001374765, 3.000000000000000000, 20.91910442031266726 ) ) ;
#1037 = CARTESIAN_POINT ( 'NONE',  ( 45.60122540087225218, 2.602085213965210642E-15, 55.26084292898465122 ) ) ;
#1038 = CARTESIAN_POINT ( 'NONE',  ( 44.54573830231650788, 0.000000000000000000, 48.57128015277073274 ) ) ;
#1039 = VERTEX_POINT ( 'NONE', #2762 ) ;
#1040 = VERTEX_POINT ( 'NONE', #4814 ) ;
#1041 = CARTESIAN_POINT ( 'NONE',  ( -21.97600000000000264, 0.000000000000000000, 2.611000000000001098 ) ) ;
#1042 = AXIS2_PLACEMENT_3D ( 'NONE', #4591, #5006, #2919 ) ;
#1043 = LINE ( 'NONE', #633, #1702 ) ;
#1044 = FACE_OUTER_BOUND ( 'NONE', #3769, .T. ) ;
#1045 = CARTESIAN_POINT ( 'NONE',  ( 26.32268500000000344, -4.336808689942017736E-16, -30.84581199999999157 ) ) ;
#1046 = CARTESIAN_POINT ( 'NONE',  ( -22.51290100000000649, 3.000000000000000000, -35.21333000000000624 ) ) ;
#1047 = ADVANCED_FACE ( 'NONE', ( #1102 ), #3998, .F. ) ;
#1048 = CIRCLE ( 'NONE', #4109, 0.2500000000000002220 ) ;
#1049 = CARTESIAN_POINT ( 'NONE',  ( -18.32062889804655725, 3.000000000000000000, -29.16897084099944593 ) ) ;
#1050 = CARTESIAN_POINT ( 'NONE',  ( 48.03801116521336922, -1.734723475976807094E-15, 13.95946021185305952 ) ) ;
#1051 = CARTESIAN_POINT ( 'NONE',  ( 14.56217912726562957, 3.000000000000000000, -15.76175569080220562 ) ) ;
#1052 = CARTESIAN_POINT ( 'NONE',  ( 11.32440482030759554, 3.000000000000000000, 33.12323919592519417 ) ) ;
#1053 = DIRECTION ( 'NONE',  ( 0.000000000000000000, 0.000000000000000000, 1.000000000000000000 ) ) ;
#1054 = ADVANCED_FACE ( 'NONE', ( #578 ), #1934, .T. ) ;
#1055 = CARTESIAN_POINT ( 'NONE',  ( -30.10119409375531063, 3.000000000000000000, -35.01173271421695432 ) ) ;
#1056 = FACE_BOUND ( 'NONE', #2514, .T. ) ;
#1057 = DIRECTION ( 'NONE',  ( 0.000000000000000000, 0.000000000000000000, 1.000000000000000000 ) ) ;
#1058 = DIRECTION ( 'NONE',  ( 0.000000000000000000, 0.000000000000000000, 1.000000000000000000 ) ) ;
#1059 = CARTESIAN_POINT ( 'NONE',  ( -18.56521035969617017, 3.000000000000000000, 17.00712899999999905 ) ) ;
#1060 = CARTESIAN_POINT ( 'NONE',  ( -72.76443933393984764, 0.000000000000000000, -28.77339385267436001 ) ) ;
#1061 = EDGE_LOOP ( 'NONE', ( #4451, #2240, #4477, #615 ) ) ;
#1062 = CARTESIAN_POINT ( 'NONE',  ( -14.27514868206736409, 3.000000000000000000, 13.58591615616767712 ) ) ;
#1063 = AXIS2_PLACEMENT_3D ( 'NONE', #871, #1666, #55 ) ;
#1064 = CARTESIAN_POINT ( 'NONE',  ( -24.99241226516430103, 3.000000000000000000, -29.30753214814435381 ) ) ;
#1065 = VERTEX_POINT ( 'NONE', #3561 ) ;
#1066 = ORIENTED_EDGE ( 'NONE', *, *, #858, .F. ) ;
#1067 = VECTOR ( 'NONE', #1715, 1000.000000000000000 ) ;
#1068 = CARTESIAN_POINT ( 'NONE',  ( -20.59824484781593767, 3.000000000000000000, -32.52759999443244254 ) ) ;
#1069 = CARTESIAN_POINT ( 'NONE',  ( -18.32062889804633343, 3.000000000000000000, -29.16897084099911908 ) ) ;
#1070 = CARTESIAN_POINT ( 'NONE',  ( -19.06512657556842427, 3.000000000000000000, 16.51628198355545152 ) ) ;
#1071 = CARTESIAN_POINT ( 'NONE',  ( -3.907848913359288634, 3.000000000000000000, 33.27128967849543528 ) ) ;
#1072 = CARTESIAN_POINT ( 'NONE',  ( 43.04721560209382147, -1.694065894508600678E-18, -46.88065575780606054 ) ) ;
#1073 = CARTESIAN_POINT ( 'NONE',  ( 19.63757380277243314, 0.000000000000000000, 0.000000000000000000 ) ) ;
#1074 = EDGE_CURVE ( 'NONE', #1116, #2076, #1492, .T. ) ;
#1075 = CARTESIAN_POINT ( 'NONE',  ( 49.96147903824127212, 3.000000000000000000, 42.94775139102330996 ) ) ;
#1076 = CARTESIAN_POINT ( 'NONE',  ( -26.08828623510041567, 3.000000000000000000, -39.96441669746243264 ) ) ;
#1077 = EDGE_CURVE ( 'NONE', #5128, #182, #5382, .T. ) ;
#1078 = CARTESIAN_POINT ( 'NONE',  ( 19.63045902376973473, 3.000000000000000000, 40.49748577262892724 ) ) ;
#1079 = CARTESIAN_POINT ( 'NONE',  ( -43.02901124936550303, 3.000000000000000000, 55.17307544992112867 ) ) ;
#1080 = CARTESIAN_POINT ( 'NONE',  ( 0.000000000000000000, 0.000000000000000000, -14.11297399999999058 ) ) ;
#1081 = AXIS2_PLACEMENT_3D ( 'NONE', #330, #4122, #5418 ) ;
#1082 = CARTESIAN_POINT ( 'NONE',  ( 52.41454668428509933, 3.000000000000000000, -53.81650743556752303 ) ) ;
#1083 = CARTESIAN_POINT ( 'NONE',  ( 72.10810993820923898, 3.000000000000000000, -26.31875752400589263 ) ) ;
#1084 = CARTESIAN_POINT ( 'NONE',  ( -22.68784819354412718, 0.000000000000000000, 49.82691168489510147 ) ) ;
#1085 = CARTESIAN_POINT ( 'NONE',  ( -24.47410492277700911, 3.000000000000000000, -37.87109014429641718 ) ) ;
#1086 = ORIENTED_EDGE ( 'NONE', *, *, #4979, .F. ) ;
#1087 = FACE_OUTER_BOUND ( 'NONE', #1061, .T. ) ;
#1088 = VECTOR ( 'NONE', #574, 1000.000000000000000 ) ;
#1089 = DIRECTION ( 'NONE',  ( 1.000000000000000000, 0.000000000000000000, -1.325447660487638608E-16 ) ) ;
#1090 = EDGE_CURVE ( 'NONE', #5360, #1452, #2487, .T. ) ;
#1091 = DIRECTION ( 'NONE',  ( -0.000000000000000000, -1.000000000000000000, -0.000000000000000000 ) ) ;
#1092 = AXIS2_PLACEMENT_3D ( 'NONE', #1820, #478, #1306 ) ;
#1093 = ORIENTED_EDGE ( 'NONE', *, *, #3183, .T. ) ;
#1094 =( GEOMETRIC_REPRESENTATION_CONTEXT ( 3 ) GLOBAL_UNCERTAINTY_ASSIGNED_CONTEXT ( ( #3167 ) ) GLOBAL_UNIT_ASSIGNED_CONTEXT ( ( #3377, #1602, #751 ) ) REPRESENTATION_CONTEXT ( 'NONE', 'WORKASPACE' ) );
#1095 = ORIENTED_EDGE ( 'NONE', *, *, #3840, .F. ) ;
#1096 = ADVANCED_FACE ( 'NONE', ( #3319 ), #2078, .F. ) ;
#1097 = AXIS2_PLACEMENT_3D ( 'NONE', #40, #511, #576 ) ;
#1098 = CARTESIAN_POINT ( 'NONE',  ( 52.74381046791716443, 0.000000000000000000, 9.324081302159576978 ) ) ;
#1099 = ORIENTED_EDGE ( 'NONE', *, *, #571, .F. ) ;
#1100 = DIRECTION ( 'NONE',  ( 0.000000000000000000, -0.000000000000000000, 1.000000000000000000 ) ) ;
#1101 = DIRECTION ( 'NONE',  ( -0.000000000000000000, -1.000000000000000000, -0.000000000000000000 ) ) ;
#1102 = FACE_OUTER_BOUND ( 'NONE', #628, .T. ) ;
#1103 = CARTESIAN_POINT ( 'NONE',  ( 53.81139177651777317, 8.673617379884035472E-16, -68.42347281644254053 ) ) ;
#1104 = CARTESIAN_POINT ( 'NONE',  ( 51.25850343980033585, 3.000000000000000000, 23.70324265457825064 ) ) ;
#1105 = DIRECTION ( 'NONE',  ( -0.000000000000000000, 1.000000000000000000, -0.000000000000000000 ) ) ;
#1106 = CARTESIAN_POINT ( 'NONE',  ( 17.11102934204589943, 3.000000000000000000, 38.63514858060335655 ) ) ;
#1107 = CARTESIAN_POINT ( 'NONE',  ( -35.17931797114327708, 3.000000000000000000, 54.08985714986710036 ) ) ;
#1108 = EDGE_CURVE ( 'NONE', #296, #268, #745, .T. ) ;
#1109 = CARTESIAN_POINT ( 'NONE',  ( -32.57583771019902485, 0.000000000000000000, 53.47084885933507081 ) ) ;
#1110 = CARTESIAN_POINT ( 'NONE',  ( 52.92643207444576348, 3.000000000000000000, 7.700559785994178341 ) ) ;
#1111 = FACE_OUTER_BOUND ( 'NONE', #395, .T. ) ;
#1112 = VERTEX_POINT ( 'NONE', #1194 ) ;
#1113 = CARTESIAN_POINT ( 'NONE',  ( -26.32268500000000344, 0.000000000000000000, -30.84581199999999157 ) ) ;
#1114 = CARTESIAN_POINT ( 'NONE',  ( -23.17778954518533396, 0.000000000000000000, -25.55464873167107598 ) ) ;
#1115 = EDGE_LOOP ( 'NONE', ( #4265, #4382, #1974, #3168 ) ) ;
#1116 = VERTEX_POINT ( 'NONE', #1598 ) ;
#1117 = CARTESIAN_POINT ( 'NONE',  ( -57.68726925134266992, 0.000000000000000000, -9.020513918806257081 ) ) ;
#1118 = ORIENTED_EDGE ( 'NONE', *, *, #2595, .F. ) ;
#1119 = CARTESIAN_POINT ( 'NONE',  ( -14.40151614669819757, 0.000000000000000000, 18.84611668326346035 ) ) ;
#1120 = DIRECTION ( 'NONE',  ( 0.000000000000000000, 0.000000000000000000, 1.000000000000000000 ) ) ;
#1121 = CARTESIAN_POINT ( 'NONE',  ( -74.78042380755752561, 3.000000000000000000, -57.00402461466837423 ) ) ;
#1122 = LINE ( 'NONE', #4988, #3711 ) ;
#1123 = VECTOR ( 'NONE', #2407, 1000.000000000000000 ) ;
#1124 = DIRECTION ( 'NONE',  ( 0.000000000000000000, 1.000000000000000000, 0.000000000000000000 ) ) ;
#1125 = CARTESIAN_POINT ( 'NONE',  ( -18.35362831203879352, -4.336808689942017736E-16, 39.58721854979213362 ) ) ;
#1126 = CARTESIAN_POINT ( 'NONE',  ( 52.02639311143607159, 0.000000000000000000, 8.627437679767410827 ) ) ;
#1127 = CARTESIAN_POINT ( 'NONE',  ( -19.62591869919314647, 3.000000000000000000, -14.11297399999998525 ) ) ;
#1128 = CARTESIAN_POINT ( 'NONE',  ( -59.70593670510816509, 0.000000000000000000, -13.51475326089808426 ) ) ;
#1129 = CIRCLE ( 'NONE', #2442, 0.2500000000000002220 ) ;
#1130 = CARTESIAN_POINT ( 'NONE',  ( -21.97600000000000264, 0.000000000000000000, 0.000000000000000000 ) ) ;
#1131 = CARTESIAN_POINT ( 'NONE',  ( -63.57381288809950348, 3.000000000000000000, -44.34928438508360671 ) ) ;
#1132 = FACE_OUTER_BOUND ( 'NONE', #3384, .T. ) ;
#1133 = CARTESIAN_POINT ( 'NONE',  ( -53.03508199999999562, 3.000000000000000000, 54.55017699999999081 ) ) ;
#1134 = ORIENTED_EDGE ( 'NONE', *, *, #3778, .F. ) ;
#1135 = CARTESIAN_POINT ( 'NONE',  ( -51.61899086186532060, 3.000000000000000000, 29.95002930523141771 ) ) ;
#1136 = LINE ( 'NONE', #1972, #335 ) ;
#1137 = ORIENTED_EDGE ( 'NONE', *, *, #5113, .F. ) ;
#1138 = EDGE_CURVE ( 'NONE', #3432, #3948, #3664, .T. ) ;
#1139 = ORIENTED_EDGE ( 'NONE', *, *, #2784, .T. ) ;
#1140 = CARTESIAN_POINT ( 'NONE',  ( -62.89546445926887230, 3.000000000000000888, -48.24105080199478124 ) ) ;
#1141 = ORIENTED_EDGE ( 'NONE', *, *, #3023, .T. ) ;
#1142 = VECTOR ( 'NONE', #4128, 1000.000000000000000 ) ;
#1143 = CARTESIAN_POINT ( 'NONE',  ( 47.19567886917845811, 3.000000000000000000, 11.97525126644446303 ) ) ;
#1144 = LINE ( 'NONE', #2251, #3425 ) ;
#1145 = CARTESIAN_POINT ( 'NONE',  ( 53.81139177651777317, 3.000000000000000000, -68.42347281644254053 ) ) ;
#1146 = PRODUCT_DEFINITION ( 'UNKNOWN', '', #4328, #1562 ) ;
#1147 = CARTESIAN_POINT ( 'NONE',  ( -53.81139177651777317, 3.000000000000000000, -68.42347281644254053 ) ) ;
#1148 = DIRECTION ( 'NONE',  ( -0.000000000000000000, -1.000000000000000000, -0.000000000000000000 ) ) ;
#1149 = DIRECTION ( 'NONE',  ( -1.000000000000000000, -0.000000000000000000, 1.734723475976805517E-14 ) ) ;
#1150 = CARTESIAN_POINT ( 'NONE',  ( 18.32062889804634409, 0.000000000000000000, -29.16897084099914039 ) ) ;
#1151 = CARTESIAN_POINT ( 'NONE',  ( -14.03003589900371573, 0.000000000000000000, -15.82645941966809389 ) ) ;
#1152 = LINE ( 'NONE', #754, #3415 ) ;
#1153 = CARTESIAN_POINT ( 'NONE',  ( -69.19424598455805153, 3.000000000000000000, -79.64822009782591294 ) ) ;
#1154 = LINE ( 'NONE', #3215, #5129 ) ;
#1155 = ORIENTED_EDGE ( 'NONE', *, *, #3097, .F. ) ;
#1156 = AXIS2_PLACEMENT_3D ( 'NONE', #2140, #483, #830 ) ;
#1157 = LINE ( 'NONE', #4669, #3623 ) ;
#1158 = CARTESIAN_POINT ( 'NONE',  ( 34.99792729933509605, 3.000000000000000000, 47.30815342917009048 ) ) ;
#1159 = CARTESIAN_POINT ( 'NONE',  ( -26.08828623510041567, 0.000000000000000000, -39.96441669746243264 ) ) ;
#1160 = VECTOR ( 'NONE', #194, 1000.000000000000000 ) ;
#1161 = ORIENTED_EDGE ( 'NONE', *, *, #2424, .F. ) ;
#1162 = ADVANCED_FACE ( 'NONE', ( #1571 ), #2434, .F. ) ;
#1163 = ORIENTED_EDGE ( 'NONE', *, *, #404, .T. ) ;
#1164 = CIRCLE ( 'NONE', #722, 0.5000000000000004441 ) ;
#1165 = EDGE_CURVE ( 'NONE', #2269, #3809, #4551, .T. ) ;
#1166 = CARTESIAN_POINT ( 'NONE',  ( -62.18195581727540855, 0.000000000000000000, -51.24310241979229374 ) ) ;
#1167 = VERTEX_POINT ( 'NONE', #2817 ) ;
#1168 = CARTESIAN_POINT ( 'NONE',  ( 49.50769610875728688, 3.000000000000000000, 17.62982941057849118 ) ) ;
#1169 = DIRECTION ( 'NONE',  ( 0.000000000000000000, 1.000000000000000000, 0.000000000000000000 ) ) ;
#1170 = ORIENTED_EDGE ( 'NONE', *, *, #5439, .F. ) ;
#1171 = DIRECTION ( 'NONE',  ( 0.000000000000000000, 0.000000000000000000, 1.000000000000000000 ) ) ;
#1172 = VECTOR ( 'NONE', #1349, 1000.000000000000000 ) ;
#1173 = CARTESIAN_POINT ( 'NONE',  ( -55.84042679767052419, 3.000000000000000000, 19.87131075041820338 ) ) ;
#1174 = EDGE_CURVE ( 'NONE', #624, #1592, #2023, .T. ) ;
#1175 = LINE ( 'NONE', #4555, #457 ) ;
#1176 = CARTESIAN_POINT ( 'NONE',  ( 69.29859899999998163, 3.000000000000000000, -79.68841100000000210 ) ) ;
#1177 = AXIS2_PLACEMENT_3D ( 'NONE', #4113, #1169, #4501 ) ;
#1178 = CARTESIAN_POINT ( 'NONE',  ( 69.13237399999999866, 3.000000000000000000, -79.74136900000000594 ) ) ;
#1179 = CARTESIAN_POINT ( 'NONE',  ( 69.19424598455805153, 3.000000000000000000, -79.64822009782591294 ) ) ;
#1180 = AXIS2_PLACEMENT_3D ( 'NONE', #953, #4196, #1309 ) ;
#1181 = EDGE_LOOP ( 'NONE', ( #3735, #1787, #1667, #1246 ) ) ;
#1182 = CARTESIAN_POINT ( 'NONE',  ( -57.84613504054144784, 3.000000000000000000, 30.57518755677947198 ) ) ;
#1183 = ORIENTED_EDGE ( 'NONE', *, *, #5080, .T. ) ;
#1184 = CARTESIAN_POINT ( 'NONE',  ( 44.54573830231650788, 0.000000000000000000, 48.57128015277073274 ) ) ;
#1185 = CARTESIAN_POINT ( 'NONE',  ( 45.96153700000000697, 3.000000000000000000, 8.652596999999996541 ) ) ;
#1186 = EDGE_CURVE ( 'NONE', #587, #2266, #2031, .T. ) ;
#1187 = ORIENTED_EDGE ( 'NONE', *, *, #649, .T. ) ;
#1188 = EDGE_LOOP ( 'NONE', ( #5137, #894, #5015, #2638 ) ) ;
#1189 = B_SPLINE_CURVE_WITH_KNOTS ( 'NONE', 3,
 ( #1348, #4256, #110, #1409, #4731, #5186, #3094, #1314, #4319, #78, #959, #1830, #2973, #4766, #3510, #3482, #3881, #3033, #5126, #5210 ),
 .UNSPECIFIED., .F., .F.,
 ( 4, 1, 1, 1, 1, 1, 1, 1, 1, 1, 1, 1, 1, 1, 1, 1, 1, 4 ),
 ( 0.000000000000000000, 0.05394712801074350722, 0.1078116935124601855, 0.1617479887758064561, 0.2158501314831371976, 0.2701579154727004051, 0.3246630592581971064, 0.3793154854655140795, 0.4340294972618318758, 0.5431199617965655202, 0.5972269168538686390, 0.6507980596968709897, 0.7035382084927561674, 0.7555556781335446281, 0.8063317373373791730, 0.8557563589963054218, 0.9286614918859018575, 0.9852771438193285158 ),
 .UNSPECIFIED. ) ;
#1190 = DIRECTION ( 'NONE',  ( 0.000000000000000000, 0.000000000000000000, 1.000000000000000000 ) ) ;
#1191 = CARTESIAN_POINT ( 'NONE',  ( -63.92004680486286361, 0.000000000000000000, -32.34689078352969460 ) ) ;
#1192 = VERTEX_POINT ( 'NONE', #770 ) ;
#1193 = CARTESIAN_POINT ( 'NONE',  ( 51.07672011127198886, 3.000000000000000000, 22.78601691263700957 ) ) ;
#1194 = CARTESIAN_POINT ( 'NONE',  ( 21.61899999999999267, 3.000000000000000000, 2.861000000000000210 ) ) ;
#1195 = ORIENTED_EDGE ( 'NONE', *, *, #4963, .F. ) ;
#1196 = CARTESIAN_POINT ( 'NONE',  ( 50.18381454234577888, 3.000000000000000000, -65.35624814967637519 ) ) ;
#1197 = CARTESIAN_POINT ( 'NONE',  ( -53.81139177651777317, 0.000000000000000000, -68.42347281644254053 ) ) ;
#1198 = DIRECTION ( 'NONE',  ( -0.000000000000000000, -1.000000000000000000, -0.000000000000000000 ) ) ;
#1199 = EDGE_CURVE ( 'NONE', #2173, #2899, #3295, .T. ) ;
#1200 = CARTESIAN_POINT ( 'NONE',  ( -60.16466442879200116, 0.000000000000000000, -57.34598217878367166 ) ) ;
#1201 = DIRECTION ( 'NONE',  ( -0.000000000000000000, -1.000000000000000000, -0.000000000000000000 ) ) ;
#1202 = ORIENTED_EDGE ( 'NONE', *, *, #3027, .T. ) ;
#1203 = CARTESIAN_POINT ( 'NONE',  ( 25.04646925433932125, 0.000000000000000000, 50.90397181029609897 ) ) ;
#1204 = ADVANCED_FACE ( 'NONE', ( #3737 ), #4964, .T. ) ;
#1205 = CIRCLE ( 'NONE', #5353, 0.1143568108858041693 ) ;
#1206 = DIRECTION ( 'NONE',  ( 0.9659258422534238164, 0.000000000000000000, 0.2588189855227273073 ) ) ;
#1207 = VECTOR ( 'NONE', #1475, 1000.000000000000000 ) ;
#1208 = CARTESIAN_POINT ( 'NONE',  ( 46.60479208711303301, 3.000000000000000000, 48.58604334559872484 ) ) ;
#1209 = CARTESIAN_POINT ( 'NONE',  ( 63.84392022541653233, 3.000000000000000000, -41.95712549600501973 ) ) ;
#1210 = ORIENTED_EDGE ( 'NONE', *, *, #673, .F. ) ;
#1211 = CARTESIAN_POINT ( 'NONE',  ( 52.93105502202837442, 0.000000000000000000, 54.48721052110997221 ) ) ;
#1212 = ORIENTED_EDGE ( 'NONE', *, *, #2424, .T. ) ;
#1213 = CARTESIAN_POINT ( 'NONE',  ( -51.84063968968352043, 2.999999999999999556, 9.753362731230160065 ) ) ;
#1214 = CARTESIAN_POINT ( 'NONE',  ( -61.30656566835795473, 0.000000000000000000, -18.11428224824254229 ) ) ;
#1215 = ORIENTED_EDGE ( 'NONE', *, *, #3671, .F. ) ;
#1216 = CARTESIAN_POINT ( 'NONE',  ( 51.64638579988787370, 3.000000000000000000, 28.81081322521016119 ) ) ;
#1217 = CIRCLE ( 'NONE', #1413, 0.2500000000000002220 ) ;
#1218 = CARTESIAN_POINT ( 'NONE',  ( -46.04954718407758207, 0.000000000000000000, 8.725615406546580743 ) ) ;
#1219 = EDGE_LOOP ( 'NONE', ( #2661, #2542, #1608, #4535 ) ) ;
#1220 = VECTOR ( 'NONE', #1740, 1000.000000000000000 ) ;
#1221 = CARTESIAN_POINT ( 'NONE',  ( -57.42354327153222471, 3.000000000000000000, 27.18113448954016675 ) ) ;
#1222 = DIRECTION ( 'NONE',  ( -0.000000000000000000, -1.000000000000000000, -0.000000000000000000 ) ) ;
#1223 = DIRECTION ( 'NONE',  ( -0.000000000000000000, -1.000000000000000000, -0.000000000000000000 ) ) ;
#1224 = CARTESIAN_POINT ( 'NONE',  ( -51.25850343980033585, 1.694065894508600678E-18, 23.70324265457825064 ) ) ;
#1225 = EDGE_CURVE ( 'NONE', #5090, #5058, #1649, .T. ) ;
#1226 = CARTESIAN_POINT ( 'NONE',  ( -47.09769371295864460, 3.000000000000000444, 48.57365274403540667 ) ) ;
#1227 = CARTESIAN_POINT ( 'NONE',  ( -63.92004680486286361, 0.000000000000000000, -32.34689078352969460 ) ) ;
#1228 = EDGE_CURVE ( 'NONE', #2781, #912, #1217, .T. ) ;
#1229 = CARTESIAN_POINT ( 'NONE',  ( 8.043505417548956871, 3.000000000000000000, 17.00712899999999905 ) ) ;
#1230 = VERTEX_POINT ( 'NONE', #5362 ) ;
#1231 = LINE ( 'NONE', #3306, #797 ) ;
#1232 = VERTEX_POINT ( 'NONE', #4575 ) ;
#1233 = AXIS2_PLACEMENT_3D ( 'NONE', #2628, #208, #4828 ) ;
#1234 = CARTESIAN_POINT ( 'NONE',  ( 39.20524147792314551, 0.000000000000000000, 48.10923363656451812 ) ) ;
#1235 = CARTESIAN_POINT ( 'NONE',  ( 61.30656566835795473, 3.000000000000000000, -18.11428224824254229 ) ) ;
#1236 = CARTESIAN_POINT ( 'NONE',  ( 48.12931955041965892, 1.694065894508600678E-18, 47.69028253737588585 ) ) ;
#1237 = VECTOR ( 'NONE', #2372, 1000.000000000000000 ) ;
#1238 = ORIENTED_EDGE ( 'NONE', *, *, #4824, .T. ) ;
#1239 = EDGE_CURVE ( 'NONE', #2432, #4103, #4990, .T. ) ;
#1240 = ORIENTED_EDGE ( 'NONE', *, *, #2139, .T. ) ;
#1241 = DIRECTION ( 'NONE',  ( 0.2588189855227269187, 0.000000000000000000, -0.9659258422534240385 ) ) ;
#1242 = EDGE_CURVE ( 'NONE', #3423, #1479, #396, .T. ) ;
#1243 =( GEOMETRIC_REPRESENTATION_CONTEXT ( 3 ) GLOBAL_UNCERTAINTY_ASSIGNED_CONTEXT ( ( #2787 ) ) GLOBAL_UNIT_ASSIGNED_CONTEXT ( ( #3802, #2855, #4139 ) ) REPRESENTATION_CONTEXT ( 'NONE', 'WORKASPACE' ) );
#1244 = CARTESIAN_POINT ( 'NONE',  ( 11.35743694670103032, 2.602085213965210642E-15, 41.26634692105835001 ) ) ;
#1245 = CARTESIAN_POINT ( 'NONE',  ( -22.51290100000000649, -3.388131789017201356E-18, -35.21333000000000624 ) ) ;
#1246 = ORIENTED_EDGE ( 'NONE', *, *, #2733, .T. ) ;
#1247 = CARTESIAN_POINT ( 'NONE',  ( 4.024501119728221887, 3.000000000000000000, 34.26446250471916954 ) ) ;
#1248 = ORIENTED_EDGE ( 'NONE', *, *, #17, .F. ) ;
#1249 = CIRCLE ( 'NONE', #3360, 0.5000000000000004441 ) ;
#1250 = CARTESIAN_POINT ( 'NONE',  ( -23.65086152088949945, 0.000000000000000000, 42.96565016714738050 ) ) ;
#1251 = AXIS2_PLACEMENT_3D ( 'NONE', #1051, #5319, #4845 ) ;
#1252 = CARTESIAN_POINT ( 'NONE',  ( 64.01178917178602035, 3.000000000000000000, -39.55785164556753131 ) ) ;
#1253 = FILL_AREA_STYLE_COLOUR ( '', #3903 ) ;
#1254 = CARTESIAN_POINT ( 'NONE',  ( -60.36323296338900235, 3.000000000000000000, -73.55831211109210699 ) ) ;
#1255 = CARTESIAN_POINT ( 'NONE',  ( 51.36574918118500221, 3.000000000000000000, 54.90874130349174465 ) ) ;
#1256 = AXIS2_PLACEMENT_3D ( 'NONE', #3348, #828, #1699 ) ;
#1257 = DIRECTION ( 'NONE',  ( 0.2588189942251278852, 0.000000000000000000, -0.9659258399216232860 ) ) ;
#1258 = ORIENTED_EDGE ( 'NONE', *, *, #5068, .T. ) ;
#1259 = CARTESIAN_POINT ( 'NONE',  ( 32.57583771019902485, 0.000000000000000000, 53.47084885933507081 ) ) ;
#1260 = ORIENTED_EDGE ( 'NONE', *, *, #4681, .F. ) ;
#1261 = CARTESIAN_POINT ( 'NONE',  ( 51.17040117174379787, 3.000000000000000000, 36.98765994906924703 ) ) ;
#1262 = AXIS2_PLACEMENT_3D ( 'NONE', #2513, #2541, #4627 ) ;
#1263 = CARTESIAN_POINT ( 'NONE',  ( 25.04897453056247869, 3.000000000000000000, 43.69697323368394137 ) ) ;
#1264 = CARTESIAN_POINT ( 'NONE',  ( -24.47410492277700911, 0.000000000000000000, -37.87109014429641718 ) ) ;
#1265 = DIRECTION ( 'NONE',  ( -0.000000000000000000, -1.000000000000000000, -0.000000000000000000 ) ) ;
#1266 = DIRECTION ( 'NONE',  ( 0.000000000000000000, -1.000000000000000000, 0.000000000000000000 ) ) ;
#1267 = ORIENTED_EDGE ( 'NONE', *, *, #3542, .F. ) ;
#1268 = VERTEX_POINT ( 'NONE', #2007 ) ;
#1269 = CARTESIAN_POINT ( 'NONE',  ( 51.84063968968352754, 3.000000000000000000, 9.753362731230176053 ) ) ;
#1270 = DIRECTION ( 'NONE',  ( 0.000000000000000000, 1.000000000000000000, -0.000000000000000000 ) ) ;
#1271 = CARTESIAN_POINT ( 'NONE',  ( 23.65086152088949945, 0.000000000000000000, 42.96565016714738050 ) ) ;
#1272 = CARTESIAN_POINT ( 'NONE',  ( 8.094470818599306838, 0.000000000000000000, -14.61297399999998881 ) ) ;
#1273 = ORIENTED_EDGE ( 'NONE', *, *, #2101, .T. ) ;
#1274 = DIRECTION ( 'NONE',  ( 0.9659257917483693445, -0.000000000000000000, -0.2588191740101296601 ) ) ;
#1275 = ORIENTED_EDGE ( 'NONE', *, *, #4364, .F. ) ;
#1276 = CARTESIAN_POINT ( 'NONE',  ( -73.88660271667157531, 3.000000000000000000, -34.07411965320424230 ) ) ;
#1277 = CARTESIAN_POINT ( 'NONE',  ( -24.99241226516430103, 0.000000000000000000, -29.30753214814435381 ) ) ;
#1278 = DIRECTION ( 'NONE',  ( 0.000000000000000000, -1.000000000000000000, 0.000000000000000000 ) ) ;
#1279 = DIRECTION ( 'NONE',  ( 0.000000000000000000, 0.000000000000000000, 1.000000000000000000 ) ) ;
#1280 = CARTESIAN_POINT ( 'NONE',  ( -74.30640603525708343, 3.000000000000000000, -36.62170244513047379 ) ) ;
#1281 = CARTESIAN_POINT ( 'NONE',  ( 46.09328636962525394, 3.000000000000000000, 9.192884506403062872 ) ) ;
#1282 = CARTESIAN_POINT ( 'NONE',  ( -48.03801116521336922, 3.000000000000000000, 13.95946021185305952 ) ) ;
#1283 = VERTEX_POINT ( 'NONE', #2414 ) ;
#1284 = CARTESIAN_POINT ( 'NONE',  ( 18.30034746835531578, 0.000000000000000000, 47.36787755499586439 ) ) ;
#1285 = ORIENTED_EDGE ( 'NONE', *, *, #5233, .T. ) ;
#1286 = CARTESIAN_POINT ( 'NONE',  ( 50.41924872886040987, 3.000000000000000000, 41.26677915993418821 ) ) ;
#1287 = CARTESIAN_POINT ( 'NONE',  ( -7.570773783855334393, 0.000000000000000000, -11.81143444359193673 ) ) ;
#1288 = CARTESIAN_POINT ( 'NONE',  ( 11.76026647330483144, 0.000000000000000000, 33.57611457789100484 ) ) ;
#1289 = DIRECTION ( 'NONE',  ( -0.000000000000000000, 1.000000000000000000, -0.000000000000000000 ) ) ;
#1290 = VECTOR ( 'NONE', #471, 1000.000000000000000 ) ;
#1291 = LINE ( 'NONE', #120, #3817 ) ;
#1292 = VERTEX_POINT ( 'NONE', #4091 ) ;
#1293 = B_SPLINE_CURVE_WITH_KNOTS ( 'NONE', 3,
 ( #4780, #2698, #4370, #2094, #440, #3774, #3890, #4709, #3454, #51, #1320, #5065, #5036, #4296, #2121, #2596, #494, #4262, #1358, #2562, #1778, #4183, #2532, #5450, #4593, #2178, #2149, #1746, #3858, #4208, #3828, #3420, #1685, #87, #4673, #5133, #1236, #3041 ),
 .UNSPECIFIED., .F., .F.,
 ( 4, 1, 1, 1, 1, 1, 1, 1, 1, 1, 1, 1, 1, 1, 1, 1, 1, 1, 1, 1, 1, 1, 1, 1, 1, 1, 1, 1, 1, 1, 1, 1, 1, 1, 1, 4 ),
 ( 0.000000000000000000, 0.03301402884041852726, 0.06912885791095986499, 0.1480081206765340718, 0.1894089932466170578, 0.2312116592561086204, 0.2727722837556229574, 0.2932418632890559929, 0.3134239729529152418, 0.3383068906649624452, 0.3619175127210942366, 0.3844605229609985297, 0.4061336771164703041, 0.4271340419707934655, 0.4476505252297119930, 0.4678730461783387473, 0.4879811535513916554, 0.5081484489801264548, 0.5285342454468887619, 0.5706521226300718119, 0.6642990379423662217, 0.6853247149976281483, 0.7063264560935557101, 0.7273351191429134888, 0.7483500992106640881, 0.7693748167951749428, 0.7904096843862608024, 0.8114558934687168268, 0.8325149202986216190, 0.8535873411250010090, 0.8746750485977552447, 0.8957781723743322155, 0.9168991668880944745, 0.9380373901365067768, 0.9591960121925849903, 0.9853810201268422553 ),
 .UNSPECIFIED. ) ;
#1294 = EDGE_LOOP ( 'NONE', ( #2253, #4891, #446, #488 ) ) ;
#1295 = CARTESIAN_POINT ( 'NONE',  ( 52.22403125286269443, 3.000000000000000000, 10.55998522415844931 ) ) ;
#1296 = CARTESIAN_POINT ( 'NONE',  ( -18.56521035969617017, 3.000000000000000000, 16.50712899999999905 ) ) ;
#1297 = CARTESIAN_POINT ( 'NONE',  ( -9.072515570569068544, 0.000000000000000000, 20.01519874180999636 ) ) ;
#1298 = FACE_OUTER_BOUND ( 'NONE', #1351, .T. ) ;
#1299 = CARTESIAN_POINT ( 'NONE',  ( -45.33045749271477831, -1.694065894508600678E-18, -48.68501421704478815 ) ) ;
#1300 = VERTEX_POINT ( 'NONE', #3248 ) ;
#1301 = CARTESIAN_POINT ( 'NONE',  ( -75.01598022859300841, 0.000000000000000000, -54.09374303767065584 ) ) ;
#1302 = DIRECTION ( 'NONE',  ( -0.000000000000000000, 1.000000000000000000, -0.000000000000000000 ) ) ;
#1303 = ORIENTED_EDGE ( 'NONE', *, *, #1946, .F. ) ;
#1304 = CARTESIAN_POINT ( 'NONE',  ( -72.76443933393984764, 3.000000000000000000, -28.77339385267436001 ) ) ;
#1305 = VECTOR ( 'NONE', #2308, 1000.000000000000000 ) ;
#1306 = DIRECTION ( 'NONE',  ( 0.000000000000000000, 0.000000000000000000, 1.000000000000000000 ) ) ;
#1307 = CARTESIAN_POINT ( 'NONE',  ( 52.41454668428509933, 3.000000000000000000, -53.81650743556752303 ) ) ;
#1308 = DIRECTION ( 'NONE',  ( -0.000000000000000000, 1.000000000000000000, -0.000000000000000000 ) ) ;
#1309 = DIRECTION ( 'NONE',  ( 0.000000000000000000, 0.000000000000000000, 1.000000000000000000 ) ) ;
#1310 = CARTESIAN_POINT ( 'NONE',  ( -33.96016299144150707, 3.000000000000000000, 47.04866852622090789 ) ) ;
#1311 = CARTESIAN_POINT ( 'NONE',  ( 13.46454380299624098, 3.000000000000000000, 43.52956487241662131 ) ) ;
#1312 = CARTESIAN_POINT ( 'NONE',  ( -46.42834085992950577, 3.000000000000000000, 10.08485400734957160 ) ) ;
#1313 = EDGE_LOOP ( 'NONE', ( #4865, #598, #1628, #5413 ) ) ;
#1314 = CARTESIAN_POINT ( 'NONE',  ( -57.73796121463694675, 1.694065894508600678E-18, 40.03915219554151861 ) ) ;
#1315 = CARTESIAN_POINT ( 'NONE',  ( 74.67863634339457235, 3.000000000000000000, -39.51896701767081765 ) ) ;
#1316 = VERTEX_POINT ( 'NONE', #3227 ) ;
#1317 = LINE ( 'NONE', #3486, #1434 ) ;
#1318 = CIRCLE ( 'NONE', #979, 0.5000000000000000000 ) ;
#1319 = FACE_OUTER_BOUND ( 'NONE', #3602, .T. ) ;
#1320 = CARTESIAN_POINT ( 'NONE',  ( 50.85231247534594701, 1.694065894508600678E-18, 21.83277693443448442 ) ) ;
#1321 = ORIENTED_EDGE ( 'NONE', *, *, #4346, .T. ) ;
#1322 = ORIENTED_EDGE ( 'NONE', *, *, #4558, .T. ) ;
#1323 = CARTESIAN_POINT ( 'NONE',  ( 53.07011903057330926, 0.000000000000000000, 12.41944438019204711 ) ) ;
#1324 = CARTESIAN_POINT ( 'NONE',  ( -8.347232571899867892, 3.000000000000000000, -14.70921147960910069 ) ) ;
#1325 = LINE ( 'NONE', #2186, #1290 ) ;
#1326 = CARTESIAN_POINT ( 'NONE',  ( 56.46615775767583756, 3.000000000000000000, 22.24453399322362301 ) ) ;
#1327 = CARTESIAN_POINT ( 'NONE',  ( -7.301900849716593811, 3.000000000000000000, 36.70535012294590160 ) ) ;
#1328 = ORIENTED_EDGE ( 'NONE', *, *, #2553, .T. ) ;
#1329 = EDGE_CURVE ( 'NONE', #1902, #1592, #1144, .T. ) ;
#1330 = DIRECTION ( 'NONE',  ( -0.6894033162340920118, 0.000000000000000000, -0.7243777105664119809 ) ) ;
#1331 = ORIENTED_EDGE ( 'NONE', *, *, #1165, .T. ) ;
#1332 = CIRCLE ( 'NONE', #4497, 0.5000000000000004441 ) ;
#1333 = CARTESIAN_POINT ( 'NONE',  ( -71.57322537419373987, 3.000000000000000000, -24.48788485081163202 ) ) ;
#1334 = EDGE_CURVE ( 'NONE', #5066, #5134, #3582, .T. ) ;
#1335 = CARTESIAN_POINT ( 'NONE',  ( 74.78042380755752561, 0.000000000000000000, -57.00402461466837423 ) ) ;
#1336 = CARTESIAN_POINT ( 'NONE',  ( -37.09152615237826467, 0.000000000000000000, 47.75623163360876333 ) ) ;
#1337 = CARTESIAN_POINT ( 'NONE',  ( 50.99204152812359325, 0.000000000000000000, 2.383350968251920055 ) ) ;
#1338 = LINE ( 'NONE', #2994, #4876 ) ;
#1339 = FACE_OUTER_BOUND ( 'NONE', #4167, .T. ) ;
#1340 = CIRCLE ( 'NONE', #4424, 0.1118251333528941238 ) ;
#1341 = FACE_OUTER_BOUND ( 'NONE', #384, .T. ) ;
#1342 = CARTESIAN_POINT ( 'NONE',  ( 27.49212367633437282, 3.000000000000000000, 51.87338075970600215 ) ) ;
#1343 = EDGE_CURVE ( 'NONE', #3681, #3925, #962, .T. ) ;
#1344 = CIRCLE ( 'NONE', #375, 0.5000000000000004441 ) ;
#1345 = CARTESIAN_POINT ( 'NONE',  ( -46.09328636962525394, 0.000000000000000000, 9.192884506403062872 ) ) ;
#1346 = B_SPLINE_SURFACE_WITH_KNOTS ( 'NONE', 3, 1, ( 
 ( #2290, #3563 ),
 ( #5261, #1493 ),
 ( #2346, #2415 ),
 ( #3739, #3641 ),
 ( #4480, #2057 ),
 ( #773, #3249 ),
 ( #2395, #3228 ),
 ( #4870, #5414 ),
 ( #4092, #4966 ),
 ( #706, #3665 ),
 ( #4071, #5341 ),
 ( #5315, #2859 ),
 ( #1196, #1651 ),
 ( #1145, #1103 ),
 ( #303, #2033 ),
 ( #3687, #4894 ),
 ( #4939, #2837 ),
 ( #3710, #2436 ),
 ( #2880, #2009 ),
 ( #4553, #1982 ) ),
 .UNSPECIFIED., .F., .F., .F.,
 ( 4, 1, 1, 1, 1, 1, 1, 1, 1, 1, 1, 1, 1, 1, 1, 1, 1, 4 ),
 ( 2, 2 ),
 ( 0.000000000000000000, 0.06114976956808763908, 0.09174933005458461854, 0.1223654752115593825, 0.1768090400663146211, 0.2313128205766634138, 0.2858867812332531178, 0.3951408668983860673, 0.4498602984943149696, 0.5046339889474501517, 0.5594618429825968242, 0.6143436911704879266, 0.7242631389879071735, 0.7793052841105531092, 0.8344002672575118185, 0.8895478291990016606, 0.9447477873492605704, 1.000000000000000000 ),
 ( 0.000000000000000000, 1.000000000000000000 ),
 .UNSPECIFIED. ) ;
#1347 = ORIENTED_EDGE ( 'NONE', *, *, #360, .T. ) ;
#1348 = CARTESIAN_POINT ( 'NONE',  ( -53.03508199999999562, 0.000000000000000000, 54.55017699999999081 ) ) ;
#1349 = DIRECTION ( 'NONE',  ( -0.000000000000000000, -1.000000000000000000, -0.000000000000000000 ) ) ;
#1350 = MECHANICAL_DESIGN_GEOMETRIC_PRESENTATION_REPRESENTATION (  '', ( #2327 ), #1094 ) ;
#1351 = EDGE_LOOP ( 'NONE', ( #2654, #485, #3356, #1321 ) ) ;
#1352 = DIRECTION ( 'NONE',  ( -0.000000000000000000, -1.000000000000000000, -0.000000000000000000 ) ) ;
#1353 = CARTESIAN_POINT ( 'NONE',  ( -51.84063968968351332, 1.694065894508600678E-18, 9.753362731230158289 ) ) ;
#1354 = AXIS2_PLACEMENT_3D ( 'NONE', #1907, #4067, #4042 ) ;
#1355 = CARTESIAN_POINT ( 'NONE',  ( 14.32069810022330003, 3.000000000000000000, 18.91081932102126117 ) ) ;
#1356 = CARTESIAN_POINT ( 'NONE',  ( -19.61659659933374300, 3.000000000000000000, -13.60382101644452568 ) ) ;
#1357 = CARTESIAN_POINT ( 'NONE',  ( 9.474660306720766201, 0.000000000000000000, 19.95049287308416197 ) ) ;
#1358 = CARTESIAN_POINT ( 'NONE',  ( 51.64638579988787370, 1.694065894508600678E-18, 28.81081322521016119 ) ) ;
#1359 = ORIENTED_EDGE ( 'NONE', *, *, #2808, .T. ) ;
#1360 = VERTEX_POINT ( 'NONE', #1842 ) ;
#1361 = CARTESIAN_POINT ( 'NONE',  ( 14.77200215853132903, 3.000000000000000000, -14.61297399999999058 ) ) ;
#1362 = CARTESIAN_POINT ( 'NONE',  ( -14.48133997294732644, 3.000000000000000000, -14.61297399999998525 ) ) ;
#1363 = ADVANCED_FACE ( 'NONE', ( #3959 ), #627, .T. ) ;
#1364 = CARTESIAN_POINT ( 'NONE',  ( 40.42315691954928525, 2.602085213965210642E-15, 54.94557405835164587 ) ) ;
#1365 = CARTESIAN_POINT ( 'NONE',  ( 57.94401977914655077, 3.000000000000000000, 37.46090347943890464 ) ) ;
#1366 = DIRECTION ( 'NONE',  ( 0.000000000000000000, 0.000000000000000000, 1.000000000000000000 ) ) ;
#1367 = ORIENTED_EDGE ( 'NONE', *, *, #4305, .T. ) ;
#1368 = CARTESIAN_POINT ( 'NONE',  ( -64.04801948120224608, 3.000000000000000000, -34.74970771442661288 ) ) ;
#1369 = ORIENTED_EDGE ( 'NONE', *, *, #2510, .T. ) ;
#1370 = CARTESIAN_POINT ( 'NONE',  ( 9.233178459758233814, 3.000000000000000000, -16.93083772300020939 ) ) ;
#1371 = CARTESIAN_POINT ( 'NONE',  ( -40.67925743880248746, 3.000000000000000000, -44.92703291855361414 ) ) ;
#1372 = CARTESIAN_POINT ( 'NONE',  ( -13.60674997828285271, 0.000000000000000000, 35.53794733254291316 ) ) ;
#1373 = CARTESIAN_POINT ( 'NONE',  ( 62.47673719965337114, 3.000000000000000000, -22.81473369730188949 ) ) ;
#1374 = CARTESIAN_POINT ( 'NONE',  ( 22.51290100000000649, -3.388131789017201356E-18, -35.21333000000000624 ) ) ;
#1375 = CARTESIAN_POINT ( 'NONE',  ( 47.09769371295863749, 3.000000000000000000, 48.57365274403541378 ) ) ;
#1376 = CARTESIAN_POINT ( 'NONE',  ( -66.16332437088969698, 3.000000000000000000, -77.74163664067302193 ) ) ;
#1377 = CARTESIAN_POINT ( 'NONE',  ( 37.80084476696531937, 3.000000000000000000, 54.58296151726742806 ) ) ;
#1378 = CARTESIAN_POINT ( 'NONE',  ( -51.64638579988787370, 0.000000000000000000, 28.81081322521016119 ) ) ;
#1379 = VERTEX_POINT ( 'NONE', #4367 ) ;
#1380 = EDGE_CURVE ( 'NONE', #4423, #4061, #122, .T. ) ;
#1381 = CARTESIAN_POINT ( 'NONE',  ( -29.39521040800501694, 3.000000000000000444, 45.60067303327976163 ) ) ;
#1382 = CARTESIAN_POINT ( 'NONE',  ( 74.00885349564477167, 3.000000000000000000, -62.79472622012763594 ) ) ;
#1383 = ORIENTED_EDGE ( 'NONE', *, *, #5278, .T. ) ;
#1384 = CARTESIAN_POINT ( 'NONE',  ( 19.13757380277243314, 3.000000000000000000, 16.50712899999999905 ) ) ;
#1385 = DIRECTION ( 'NONE',  ( 0.9659256786723876553, 0.000000000000000000, -0.2588195960148445551 ) ) ;
#1386 = EDGE_CURVE ( 'NONE', #569, #861, #3077, .T. ) ;
#1387 = CARTESIAN_POINT ( 'NONE',  ( -4.748878830294631648, 3.000000000000000000, 33.57505918848508486 ) ) ;
#1388 = ORIENTED_EDGE ( 'NONE', *, *, #2539, .F. ) ;
#1389 = ORIENTED_EDGE ( 'NONE', *, *, #1990, .F. ) ;
#1390 = CARTESIAN_POINT ( 'NONE',  ( 21.61899999999999267, 0.000000000000000000, -2.338999999999997303 ) ) ;
#1391 = ADVANCED_FACE ( 'NONE', ( #1298 ), #3956, .F. ) ;
#1392 = CARTESIAN_POINT ( 'NONE',  ( 20.43398048073135698, 3.000000000000000000, 48.64611496752109332 ) ) ;
#1393 = CARTESIAN_POINT ( 'NONE',  ( 11.76026647330483144, 0.000000000000000000, 33.57611457789100484 ) ) ;
#1394 = EDGE_LOOP ( 'NONE', ( #1267, #740, #3986, #2367 ) ) ;
#1395 = CARTESIAN_POINT ( 'NONE',  ( -19.92416417019081010, 3.000000000000000000, -3.089000000000004853 ) ) ;
#1396 = ORIENTED_EDGE ( 'NONE', *, *, #1461, .F. ) ;
#1397 = CARTESIAN_POINT ( 'NONE',  ( -52.92643207444575637, 3.000000000000000000, 7.700559785994194328 ) ) ;
#1398 = B_SPLINE_SURFACE_WITH_KNOTS ( 'NONE', 3, 1, ( 
 ( #2264, #3536 ),
 ( #253, #4379 ),
 ( #612, #5265 ),
 ( #1076, #3971 ),
 ( #2350, #199 ),
 ( #637, #2738 ),
 ( #4023, #1938 ),
 ( #5342, #775 ),
 ( #4095, #3322 ),
 ( #5364, #5387 ),
 ( #325, #2011 ),
 ( #2417, #4073 ),
 ( #3688, #5435 ),
 ( #1147, #1197 ),
 ( #2839, #798 ),
 ( #4168, #4504 ),
 ( #2820, #1675 ),
 ( #3760, #2034 ),
 ( #1600, #2862 ),
 ( #3741, #3712 ) ),
 .UNSPECIFIED., .F., .F., .F.,
 ( 4, 1, 1, 1, 1, 1, 1, 1, 1, 1, 1, 1, 1, 1, 1, 1, 1, 4 ),
 ( 2, 2 ),
 ( 0.000000000000000000, 0.06114976956808763908, 0.09174933005458461854, 0.1223654752115593825, 0.1768090400663146211, 0.2313128205766634138, 0.2858867812332531178, 0.3951408668983860673, 0.4498602984943149696, 0.5046339889474501517, 0.5594618429825968242, 0.6143436911704879266, 0.7242631389879071735, 0.7793052841105531092, 0.8344002672575118185, 0.8895478291990016606, 0.9447477873492605704, 1.000000000000000000 ),
 ( 0.000000000000000000, 1.000000000000000000 ),
 .UNSPECIFIED. ) ;
#1399 = CARTESIAN_POINT ( 'NONE',  ( -8.365805287341753882, 3.000000000000000000, 17.37771950288743739 ) ) ;
#1400 = CARTESIAN_POINT ( 'NONE',  ( -19.19248349561296507, 2.999999999999999556, -30.51841738412851157 ) ) ;
#1401 = CARTESIAN_POINT ( 'NONE',  ( 30.10119409375531063, 3.000000000000000000, -35.01173271421695432 ) ) ;
#1402 = CARTESIAN_POINT ( 'NONE',  ( -21.72600000000000264, 0.000000000000000000, -2.339000000000000856 ) ) ;
#1403 = CARTESIAN_POINT ( 'NONE',  ( -67.48026777112259822, 3.000000000000000000, -13.78243298595314137 ) ) ;
#1404 = CARTESIAN_POINT ( 'NONE',  ( 61.30293354260651739, 0.000000000000000000, -54.20544071342600745 ) ) ;
#1405 = CARTESIAN_POINT ( 'NONE',  ( -19.63045902376973473, 3.000000000000000000, 40.49748577262892724 ) ) ;
#1406 = CARTESIAN_POINT ( 'NONE',  ( 51.64832527752160019, -1.734723475976807094E-15, 27.97463842938604728 ) ) ;
#1407 = CARTESIAN_POINT ( 'NONE',  ( -51.17040117174379787, 0.000000000000000000, 36.98765994906924703 ) ) ;
#1408 = ORIENTED_EDGE ( 'NONE', *, *, #2727, .F. ) ;
#1409 = CARTESIAN_POINT ( 'NONE',  ( -55.33109697127581228, 1.694065894508600678E-18, 49.99432001844002116 ) ) ;
#1410 = CARTESIAN_POINT ( 'NONE',  ( 75.01598022859300841, 0.000000000000000000, -54.09374303767065584 ) ) ;
#1411 = ORIENTED_EDGE ( 'NONE', *, *, #491, .F. ) ;
#1412 = EDGE_CURVE ( 'NONE', #1167, #1116, #269, .T. ) ;
#1413 = AXIS2_PLACEMENT_3D ( 'NONE', #4893, #4070, #370 ) ;
#1414 = EDGE_CURVE ( 'NONE', #3915, #1039, #5095, .T. ) ;
#1415 = CARTESIAN_POINT ( 'NONE',  ( 51.84063968968352754, 1.694065894508600678E-18, 9.753362731230172500 ) ) ;
#1416 = DIRECTION ( 'NONE',  ( 0.000000000000000000, 1.000000000000000000, 0.000000000000000000 ) ) ;
#1417 = ADVANCED_FACE ( 'NONE', ( #873 ), #1750, .F. ) ;
#1418 = PLANE ( 'NONE',  #3271 ) ;
#1419 = DIRECTION ( 'NONE',  ( 0.000000000000000000, 0.000000000000000000, 1.000000000000000000 ) ) ;
#1420 = AXIS2_PLACEMENT_3D ( 'NONE', #5097, #931, #3450 ) ;
#1421 = CARTESIAN_POINT ( 'NONE',  ( 21.86899999999999267, 3.000000000000000000, -2.589000000000005297 ) ) ;
#1422 = ORIENTED_EDGE ( 'NONE', *, *, #813, .T. ) ;
#1423 = CARTESIAN_POINT ( 'NONE',  ( 9.233178858783675835, 0.000000000000000000, 20.01519766658669397 ) ) ;
#1424 = CARTESIAN_POINT ( 'NONE',  ( 16.31038336920622100, 2.602085213965210642E-15, 45.98956754242480827 ) ) ;
#1425 = ADVANCED_FACE ( 'NONE', ( #4597 ), #2183, .T. ) ;
#1426 = CARTESIAN_POINT ( 'NONE',  ( -16.17599999999999483, 3.000000000000000000, 2.861000000000001542 ) ) ;
#1427 = ORIENTED_EDGE ( 'NONE', *, *, #3350, .F. ) ;
#1428 = ORIENTED_EDGE ( 'NONE', *, *, #4624, .T. ) ;
#1429 = LINE ( 'NONE', #3112, #475 ) ;
#1430 = CARTESIAN_POINT ( 'NONE',  ( -52.41454668428509933, 0.000000000000000000, -53.81650743556752303 ) ) ;
#1431 = CARTESIAN_POINT ( 'NONE',  ( -11.97415429935283093, 3.000000000000000000, 32.35536476096881131 ) ) ;
#1432 = CARTESIAN_POINT ( 'NONE',  ( -14.20681241966810049, 0.000000000000000000, -15.52027310099628465 ) ) ;
#1433 = DIRECTION ( 'NONE',  ( 0.000000000000000000, 1.000000000000000000, 0.000000000000000000 ) ) ;
#1434 = VECTOR ( 'NONE', #4705, 1000.000000000000000 ) ;
#1435 = CARTESIAN_POINT ( 'NONE',  ( 71.57322537419373987, 0.000000000000000000, -24.48788485081163202 ) ) ;
#1436 = CARTESIAN_POINT ( 'NONE',  ( -22.39453450200806373, 3.000000000000000000, -26.17634925228962928 ) ) ;
#1437 = DIRECTION ( 'NONE',  ( -0.000000000000000000, -1.000000000000000000, -0.000000000000000000 ) ) ;
#1438 = CARTESIAN_POINT ( 'NONE',  ( 50.85231247534594701, 3.000000000000000000, 21.83277693443448442 ) ) ;
#1439 = EDGE_CURVE ( 'NONE', #3277, #5079, #2633, .T. ) ;
#1440 = DIRECTION ( 'NONE',  ( -0.000000000000000000, -1.000000000000000000, -0.000000000000000000 ) ) ;
#1441 = CARTESIAN_POINT ( 'NONE',  ( -17.11102934204589943, -4.336808689942017736E-16, 38.63514858060335655 ) ) ;
#1442 = CARTESIAN_POINT ( 'NONE',  ( 72.76443933393984764, 0.000000000000000000, -28.77339385267436001 ) ) ;
#1443 = ORIENTED_EDGE ( 'NONE', *, *, #4112, .T. ) ;
#1444 = VECTOR ( 'NONE', #2329, 1000.000000000000000 ) ;
#1445 = CARTESIAN_POINT ( 'NONE',  ( 57.84613504054144784, 1.694065894508600678E-18, 30.57518755677947198 ) ) ;
#1446 = CARTESIAN_POINT ( 'NONE',  ( -27.80819356064831993, 0.000000000000000000, -32.53384667572115774 ) ) ;
#1447 = AXIS2_PLACEMENT_3D ( 'NONE', #1272, #4599, #877 ) ;
#1448 = CARTESIAN_POINT ( 'NONE',  ( -43.02901124936550303, 0.000000000000000000, 55.17307544992112867 ) ) ;
#1449 = CARTESIAN_POINT ( 'NONE',  ( 54.32950738889224596, 3.000000000000000000, 6.184309070479768522 ) ) ;
#1450 = CARTESIAN_POINT ( 'NONE',  ( 13.90219065443456081, 3.000000000000000000, 16.38300375856037761 ) ) ;
#1451 = LINE ( 'NONE', #4855, #840 ) ;
#1452 = VERTEX_POINT ( 'NONE', #1719 ) ;
#1453 = AXIS2_PLACEMENT_3D ( 'NONE', #3252, #5322, #3569 ) ;
#1454 = DIRECTION ( 'NONE',  ( 6.938893903907222067E-15, 0.000000000000000000, 1.000000000000000000 ) ) ;
#1455 = CARTESIAN_POINT ( 'NONE',  ( 9.474659920321592210, 0.000000000000000000, -16.86613297661952870 ) ) ;
#1456 = CARTESIAN_POINT ( 'NONE',  ( 37.09152615237826467, 0.000000000000000000, 47.75623163360876333 ) ) ;
#1457 = ORIENTED_EDGE ( 'NONE', *, *, #3716, .T. ) ;
#1458 = ORIENTED_EDGE ( 'NONE', *, *, #4841, .T. ) ;
#1459 = DIRECTION ( 'NONE',  ( 0.000000000000000000, 0.000000000000000000, -1.000000000000000000 ) ) ;
#1460 = CYLINDRICAL_SURFACE ( 'NONE', #3803, 0.2499999999999997780 ) ;
#1461 = EDGE_CURVE ( 'NONE', #4677, #461, #2292, .T. ) ;
#1462 = DIRECTION ( 'NONE',  ( 0.000000000000000000, 1.000000000000000000, 0.000000000000000000 ) ) ;
#1463 = PLANE ( 'NONE',  #3217 ) ;
#1464 = CARTESIAN_POINT ( 'NONE',  ( -61.69123223475197193, 0.000000000000000000, -3.388928585261459236 ) ) ;
#1465 = CARTESIAN_POINT ( 'NONE',  ( 63.69711083608191160, 0.000000000000000000, -29.94895857253306559 ) ) ;
#1466 = CARTESIAN_POINT ( 'NONE',  ( -19.06512657556842427, 0.000000000000000000, 16.51628198355545507 ) ) ;
#1467 = CARTESIAN_POINT ( 'NONE',  ( 51.64638579988787370, -1.734723475976807094E-15, 28.81081322521016119 ) ) ;
#1468 = CARTESIAN_POINT ( 'NONE',  ( 19.63757380277242959, 3.000000000000000000, -3.089000000000001300 ) ) ;
#1469 = PLANE ( 'NONE',  #2043 ) ;
#1470 = CARTESIAN_POINT ( 'NONE',  ( 32.92924601521909267, 3.000000000000000000, 46.76567725665499609 ) ) ;
#1471 = CARTESIAN_POINT ( 'NONE',  ( 54.32950738886888331, 3.000000000000000000, 6.184309070506981421 ) ) ;
#1472 = ORIENTED_EDGE ( 'NONE', *, *, #5113, .T. ) ;
#1473 = CARTESIAN_POINT ( 'NONE',  ( 57.94401977914655077, 1.694065894508600678E-18, 37.46090347943890464 ) ) ;
#1474 = DIRECTION ( 'NONE',  ( 0.000000000000000000, -1.000000000000000000, 0.000000000000000000 ) ) ;
#1475 = DIRECTION ( 'NONE',  ( 0.000000000000000000, -0.000000000000000000, 1.000000000000000000 ) ) ;
#1476 = CARTESIAN_POINT ( 'NONE',  ( 9.233178459758233814, 0.000000000000000000, -16.93083772300020939 ) ) ;
#1477 = CARTESIAN_POINT ( 'NONE',  ( -14.03003589900371573, 0.000000000000000000, -15.82645941966809389 ) ) ;
#1478 = CARTESIAN_POINT ( 'NONE',  ( -31.82452032347588755, 3.000000000000000000, -46.95821028762578919 ) ) ;
#1479 = VERTEX_POINT ( 'NONE', #2983 ) ;
#1480 = CARTESIAN_POINT ( 'NONE',  ( -22.39453450200806373, 0.000000000000000000, -26.17634925228962928 ) ) ;
#1481 = CARTESIAN_POINT ( 'NONE',  ( 4.024501119728221887, 0.000000000000000000, 33.26446250471916954 ) ) ;
#1482 = CARTESIAN_POINT ( 'NONE',  ( 40.26812265805829583, 0.000000000000000000, 48.24986187560627116 ) ) ;
#1483 = VERTEX_POINT ( 'NONE', #4237 ) ;
#1484 = EDGE_LOOP ( 'NONE', ( #1681, #3883, #5376, #3337, #4982, #3265, #3629, #3457, #2512, #3358, #3141, #2404, #4882, #3512, #5056, #1694, #1509, #3128, #121, #77, #211, #3491, #3861, #414, #719, #1643, #4564, #2462, #2049 ) ) ;
#1485 = ADVANCED_FACE ( 'NONE', ( #908 ), #818, .F. ) ;
#1486 = EDGE_CURVE ( 'NONE', #993, #4423, #3862, .T. ) ;
#1487 = CARTESIAN_POINT ( 'NONE',  ( -18.58826758058494732, 3.000000000000000000, -29.55924030843879535 ) ) ;
#1488 = CIRCLE ( 'NONE', #604, 1.000000000000000888 ) ;
#1489 = CARTESIAN_POINT ( 'NONE',  ( -18.32062889804633343, 0.000000000000000000, -29.16897084099911908 ) ) ;
#1490 = CYLINDRICAL_SURFACE ( 'NONE', #1354, 0.5000000000000004441 ) ;
#1491 = CARTESIAN_POINT ( 'NONE',  ( 69.50758746322182446, 0.000000000000000000, -18.46388140482782703 ) ) ;
#1492 = LINE ( 'NONE', #1071, #5325 ) ;
#1493 = CARTESIAN_POINT ( 'NONE',  ( 23.29010782125181223, 8.673617379884035472E-16, -36.28146475517992542 ) ) ;
#1494 = AXIS2_PLACEMENT_3D ( 'NONE', #4080, #310, #258 ) ;
#1495 = DIRECTION ( 'NONE',  ( 1.000000000000000000, -0.000000000000000000, -4.336808689942018722E-16 ) ) ;
#1496 = CARTESIAN_POINT ( 'NONE',  ( 50.41924872886040987, 3.000000000000000000, 41.26677915993418821 ) ) ;
#1497 = CARTESIAN_POINT ( 'NONE',  ( -50.20144811616389546, 3.000000000000000000, 42.10998750058584505 ) ) ;
#1498 = B_SPLINE_SURFACE_WITH_KNOTS ( 'NONE', 3, 1, ( 
 ( #3734, #2903 ),
 ( #3706, #4548 ),
 ( #2875, #5380 ),
 ( #2391, #2853 ),
 ( #394, #3684 ),
 ( #3315, #1166 ),
 ( #701, #4523 ),
 ( #1140, #2814 ),
 ( #3637, #742 ),
 ( #2412, #4986 ),
 ( #766, #4065 ),
 ( #5310, #2002 ),
 ( #2431, #2458 ),
 ( #4137, #4110 ),
 ( #4935, #1191 ),
 ( #5409, #1541 ),
 ( #3224, #5335 ),
 ( #3266, #5359 ),
 ( #4475, #2833 ),
 ( #793, #1214 ),
 ( #4573, #342 ),
 ( #4890, #1117 ),
 ( #298, #1624 ),
 ( #4916, #3292 ),
 ( #4499, #368 ),
 ( #1977, #3661 ),
 ( #1595, #3431 ),
 ( #3836, #911 ),
 ( #2188, #2603 ) ),
 .UNSPECIFIED., .F., .F., .F.,
 ( 4, 1, 1, 1, 1, 1, 1, 1, 1, 1, 1, 1, 1, 1, 1, 1, 1, 1, 1, 1, 1, 1, 1, 1, 1, 1, 4 ),
 ( 2, 2 ),
 ( 0.01626531257853533821, 0.04111402754415676569, 0.06253455977862762416, 0.08393730617627745416, 0.1053246189871423072, 0.1266973114131078881, 0.1480569171613329016, 0.1693985197110032814, 0.2027737821445751709, 0.2360932871331386240, 0.2693845311223544425, 0.3026680391738904019, 0.3359589306420301402, 0.3692699668901353038, 0.4026105823252937310, 0.4359877173268630890, 0.4694056090374176815, 0.5028659703052755781, 0.5363688304117252281, 0.6706393277260711550, 0.7042957748563131171, 0.7410512762273333554, 0.8147148193594756505, 0.8516404735918039481, 0.8886280513493518551, 0.9256777793044945746, 1.000000000000000000 ),
 ( 0.000000000000000000, 1.000000000000000000 ),
 .UNSPECIFIED. ) ;
#1499 = CARTESIAN_POINT ( 'NONE',  ( 31.90587890848826902, 3.000000000000000000, 46.45927064113672600 ) ) ;
#1500 = CARTESIAN_POINT ( 'NONE',  ( -30.00768249258474896, 3.000000000000000000, 52.73050411332617671 ) ) ;
#1501 = CARTESIAN_POINT ( 'NONE',  ( 21.73244593452860229, 3.000000000000000000, -34.14916548605962276 ) ) ;
#1502 = EDGE_CURVE ( 'NONE', #990, #936, #1944, .T. ) ;
#1503 = ADVANCED_FACE ( 'NONE', ( #4300 ), #3458, .T. ) ;
#1504 = CARTESIAN_POINT ( 'NONE',  ( 43.04721560209382147, 0.000000000000000000, -46.88065575780606054 ) ) ;
#1505 = CARTESIAN_POINT ( 'NONE',  ( 74.44460913759078835, 3.000000000000000000, -59.90541375806012070 ) ) ;
#1506 = CARTESIAN_POINT ( 'NONE',  ( -54.29306563533756957, 3.000000000000000000, 52.32821139029105240 ) ) ;
#1507 = CARTESIAN_POINT ( 'NONE',  ( -60.39490716416133154, 0.000000000000000000, -1.479974017190582414 ) ) ;
#1508 = CIRCLE ( 'NONE', #3334, 1.000000000000000888 ) ;
#1509 = ORIENTED_EDGE ( 'NONE', *, *, #1554, .T. ) ;
#1510 = CARTESIAN_POINT ( 'NONE',  ( -51.36870917564574768, 3.000000000000000000, 34.25606481865698072 ) ) ;
#1511 = VECTOR ( 'NONE', #5038, 1000.000000000000000 ) ;
#1512 = CARTESIAN_POINT ( 'NONE',  ( -22.39453450200806373, 3.000000000000000000, -26.17634925228962928 ) ) ;
#1513 = VERTEX_POINT ( 'NONE', #2215 ) ;
#1514 = ORIENTED_EDGE ( 'NONE', *, *, #1588, .F. ) ;
#1515 = EDGE_CURVE ( 'NONE', #364, #2479, #2081, .T. ) ;
#1516 = VECTOR ( 'NONE', #3210, 1000.000000000000000 ) ;
#1517 = CARTESIAN_POINT ( 'NONE',  ( -21.72600000000000264, 3.000000000000000000, 2.611000000000001098 ) ) ;
#1518 = EDGE_LOOP ( 'NONE', ( #2104, #3490, #2867, #1369 ) ) ;
#1519 = CARTESIAN_POINT ( 'NONE',  ( -20.59824484781593767, 3.000000000000000000, -32.52759999443244254 ) ) ;
#1520 = FACE_OUTER_BOUND ( 'NONE', #530, .T. ) ;
#1521 = EDGE_CURVE ( 'NONE', #678, #5145, #1805, .T. ) ;
#1522 = CARTESIAN_POINT ( 'NONE',  ( 62.97365150562539782, 0.000000000000000000, -25.17990150530035720 ) ) ;
#1523 = CARTESIAN_POINT ( 'NONE',  ( 50.85231247534594701, -1.734723475976807094E-15, 21.83277693443448442 ) ) ;
#1524 = LINE ( 'NONE', #688, #4153 ) ;
#1525 = CARTESIAN_POINT ( 'NONE',  ( 26.47344139707613664, 3.000000000000000000, 44.38067799441639494 ) ) ;
#1526 = CARTESIAN_POINT ( 'NONE',  ( 57.63713850004248229, 0.000000000000000000, 2.231479422910178201 ) ) ;
#1527 = CARTESIAN_POINT ( 'NONE',  ( 21.73244593452860229, 3.000000000000000000, -34.14916548605962276 ) ) ;
#1528 = CARTESIAN_POINT ( 'NONE',  ( 50.01519951008855003, 0.000000000000000000, -52.15368586642594551 ) ) ;
#1529 = DIRECTION ( 'NONE',  ( -0.000000000000000000, -1.000000000000000000, -0.000000000000000000 ) ) ;
#1530 = CARTESIAN_POINT ( 'NONE',  ( -40.42315691954928525, 3.000000000000000000, 54.94557405835164587 ) ) ;
#1531 = VERTEX_POINT ( 'NONE', #4796 ) ;
#1532 = AXIS2_PLACEMENT_3D ( 'NONE', #29, #906, #4525 ) ;
#1533 = CARTESIAN_POINT ( 'NONE',  ( -48.88402445963241405, 3.000000000000000000, 16.02714992246135495 ) ) ;
#1534 = B_SPLINE_CURVE_WITH_KNOTS ( 'NONE', 3,
 ( #4478, #2704, #3615, #4813, #5312, #1543 ),
 .UNSPECIFIED., .F., .F.,
 ( 4, 1, 1, 4 ),
 ( 0.05740497286213092770, 0.2393458539633893101, 0.4927642171075661826, 1.000000000000000000 ),
 .UNSPECIFIED. ) ;
#1535 = CARTESIAN_POINT ( 'NONE',  ( 18.32062889804656791, -3.388131789017201356E-18, -29.16897084099946014 ) ) ;
#1536 = VECTOR ( 'NONE', #3437, 1000.000000000000000 ) ;
#1537 = ORIENTED_EDGE ( 'NONE', *, *, #1709, .T. ) ;
#1538 = CIRCLE ( 'NONE', #3726, 0.5000000000000004441 ) ;
#1539 = ORIENTED_EDGE ( 'NONE', *, *, #791, .T. ) ;
#1540 = AXIS2_PLACEMENT_3D ( 'NONE', #3762, #2493, #2440 ) ;
#1541 = CARTESIAN_POINT ( 'NONE',  ( -63.69711083608191160, 0.000000000000000000, -29.94895857253306559 ) ) ;
#1542 = ORIENTED_EDGE ( 'NONE', *, *, #4331, .F. ) ;
#1543 = CARTESIAN_POINT ( 'NONE',  ( -22.51290100000000649, -3.388131789017201356E-18, -35.21333000000000624 ) ) ;
#1544 = DIRECTION ( 'NONE',  ( -0.000000000000000000, -1.000000000000000000, -0.000000000000000000 ) ) ;
#1545 = DIRECTION ( 'NONE',  ( -0.000000000000000000, -1.000000000000000000, -0.000000000000000000 ) ) ;
#1546 = AXIS2_PLACEMENT_3D ( 'NONE', #1014, #1459, #3931 ) ;
#1547 = EDGE_CURVE ( 'NONE', #743, #2090, #521, .T. ) ;
#1548 = CARTESIAN_POINT ( 'NONE',  ( -49.41562059525696071, 3.000000000000000000, 44.60480494782673588 ) ) ;
#1549 = CARTESIAN_POINT ( 'NONE',  ( -11.32440482030727047, -4.336808689942017736E-16, 33.12323919592485311 ) ) ;
#1550 = CARTESIAN_POINT ( 'NONE',  ( -22.50596955836835988, 3.000000000000000000, -24.81393427568060162 ) ) ;
#1551 = CARTESIAN_POINT ( 'NONE',  ( -48.88402445963241405, 1.694065894508600678E-18, 16.02714992246135495 ) ) ;
#1552 = EDGE_CURVE ( 'NONE', #3508, #343, #5108, .T. ) ;
#1553 = CARTESIAN_POINT ( 'NONE',  ( 19.63757380277242959, 3.000000000000000000, 3.361000000000001098 ) ) ;
#1554 = EDGE_CURVE ( 'NONE', #1292, #4570, #3177, .T. ) ;
#1555 = CARTESIAN_POINT ( 'NONE',  ( 19.13757380277243314, 3.000000000000000000, 17.00712899999999905 ) ) ;
#1556 = CARTESIAN_POINT ( 'NONE',  ( -63.24469429960424804, 3.000000000000000000, -46.44330852578764279 ) ) ;
#1557 = LINE ( 'NONE', #4465, #2674 ) ;
#1558 = ORIENTED_EDGE ( 'NONE', *, *, #3566, .F. ) ;
#1559 = ADVANCED_FACE ( 'NONE', ( #4695 ), #4349, .F. ) ;
#1560 = CARTESIAN_POINT ( 'NONE',  ( -51.40113027495674203, 3.000000000000000000, 24.59094182726887823 ) ) ;
#1561 = CARTESIAN_POINT ( 'NONE',  ( 21.73244593452860229, -3.388131789017201356E-18, -34.14916548605962276 ) ) ;
#1562 = PRODUCT_DEFINITION_CONTEXT ( 'detailed design', #5391, 'design' ) ;
#1563 = ORIENTED_EDGE ( 'NONE', *, *, #3860, .T. ) ;
#1564 = EDGE_LOOP ( 'NONE', ( #4586, #5276, #2363, #415 ) ) ;
#1565 = EDGE_CURVE ( 'NONE', #4448, #4201, #1508, .T. ) ;
#1566 = DIRECTION ( 'NONE',  ( 0.000000000000000000, 1.000000000000000000, 0.000000000000000000 ) ) ;
#1567 = ORIENTED_EDGE ( 'NONE', *, *, #3365, .T. ) ;
#1568 = AXIS2_PLACEMENT_3D ( 'NONE', #3898, #879, #3079 ) ;
#1569 = DIRECTION ( 'NONE',  ( 0.9659258399216233970, 0.000000000000000000, 0.2588189942251272191 ) ) ;
#1570 = CARTESIAN_POINT ( 'NONE',  ( 60.39490716416133154, 0.000000000000000000, -1.479974017190582414 ) ) ;
#1571 = FACE_OUTER_BOUND ( 'NONE', #1844, .T. ) ;
#1572 = FACE_OUTER_BOUND ( 'NONE', #496, .T. ) ;
#1573 = CARTESIAN_POINT ( 'NONE',  ( -59.23442243365285265, 1.500000000000000000, -56.97903554713330720 ) ) ;
#1574 = VECTOR ( 'NONE', #4832, 1000.000000000000000 ) ;
#1575 = DIRECTION ( 'NONE',  ( -0.9659258399216233970, 0.000000000000000000, -0.2588189942251272191 ) ) ;
#1576 = CARTESIAN_POINT ( 'NONE',  ( 47.09769371295863749, 0.000000000000000000, 48.57365274403541378 ) ) ;
#1577 = CARTESIAN_POINT ( 'NONE',  ( -51.36574918118500221, 3.000000000000000000, 54.90874130349174465 ) ) ;
#1579 = CARTESIAN_POINT ( 'NONE',  ( 11.97415429935309383, 3.000000000000000000, 32.35536476096952185 ) ) ;
#1578 = B_SPLINE_CURVE_WITH_KNOTS ( 'NONE', 3,
 ( #403, #2084, #2967, #857 ),
 .UNSPECIFIED., .F., .F.,
 ( 4, 4 ),
 ( 0.07900577818559964549, 1.000000000000000000 ),
 .UNSPECIFIED. ) ;
#1580 = DIRECTION ( 'NONE',  ( 0.000000000000000000, 0.000000000000000000, 1.000000000000000000 ) ) ;
#1581 = CARTESIAN_POINT ( 'NONE',  ( 22.51290100000000649, 3.000000000000000000, -35.21333000000000624 ) ) ;
#1582 = EDGE_CURVE ( 'NONE', #562, #4961, #4048, .T. ) ;
#1583 = DIRECTION ( 'NONE',  ( -0.000000000000000000, -1.000000000000000000, -0.000000000000000000 ) ) ;
#1584 = CARTESIAN_POINT ( 'NONE',  ( -19.80607089364104922, 3.000000000000000000, 3.361000000000002874 ) ) ;
#1585 = ADVANCED_FACE ( 'NONE', ( #1341 ), #3029, .F. ) ;
#1586 = ORIENTED_EDGE ( 'NONE', *, *, #4115, .T. ) ;
#1587 = CYLINDRICAL_SURFACE ( 'NONE', #4133, 0.1143568108858041693 ) ;
#1588 = EDGE_CURVE ( 'NONE', #1650, #1230, #1672, .T. ) ;
#1589 = CARTESIAN_POINT ( 'NONE',  ( 22.28067675997548136, 0.000000000000000000, 42.18785769550562748 ) ) ;
#1590 = AXIS2_PLACEMENT_3D ( 'NONE', #5010, #416, #4645 ) ;
#1591 = LINE ( 'NONE', #3220, #1574 ) ;
#1592 = VERTEX_POINT ( 'NONE', #2766 ) ;
#1593 = ORIENTED_EDGE ( 'NONE', *, *, #5260, .F. ) ;
#1594 = EDGE_CURVE ( 'NONE', #4090, #1112, #4377, .T. ) ;
#1595 = CARTESIAN_POINT ( 'NONE',  ( -48.86364677452226601, 3.000000000000000888, 5.251642415774235850 ) ) ;
#1596 = EDGE_LOOP ( 'NONE', ( #3484, #3221, #99, #3945 ) ) ;
#1597 = AXIS2_PLACEMENT_3D ( 'NONE', #3933, #1850, #3053 ) ;
#1598 = CARTESIAN_POINT ( 'NONE',  ( -3.907848913359288634, 3.000000000000000000, 33.27128967849543528 ) ) ;
#1599 = DIRECTION ( 'NONE',  ( -0.000000000000000000, -1.000000000000000000, -0.000000000000000000 ) ) ;
#1600 = CARTESIAN_POINT ( 'NONE',  ( -68.13813611361483424, 3.000000000000000000, -79.08096968537924454 ) ) ;
#1601 = CARTESIAN_POINT ( 'NONE',  ( 8.094470818599306838, 3.000000000000000000, -14.11297399999998881 ) ) ;
#1602 =( NAMED_UNIT ( * ) PLANE_ANGLE_UNIT ( ) SI_UNIT ( $, .RADIAN. ) );
#1603 = CARTESIAN_POINT ( 'NONE',  ( 21.73244593452860229, 0.000000000000000000, -34.14916548605962276 ) ) ;
#1604 = EDGE_CURVE ( 'NONE', #1658, #4273, #4403, .T. ) ;
#1605 = ADVANCED_FACE ( 'NONE', ( #3176 ), #610, .F. ) ;
#1606 = LINE ( 'NONE', #4899, #641 ) ;
#1607 = CARTESIAN_POINT ( 'NONE',  ( 20.13757380277242959, 3.000000000000000000, -3.089000000000001300 ) ) ;
#1608 = ORIENTED_EDGE ( 'NONE', *, *, #952, .F. ) ;
#1609 = CARTESIAN_POINT ( 'NONE',  ( -57.94401977914655077, 0.000000000000000000, 37.46090347943890464 ) ) ;
#1610 = CARTESIAN_POINT ( 'NONE',  ( -50.18381454234577888, 3.000000000000000000, -65.35624814967637519 ) ) ;
#1611 = ORIENTED_EDGE ( 'NONE', *, *, #4707, .F. ) ;
#1612 = CARTESIAN_POINT ( 'NONE',  ( -8.942517470903583288, 0.000000000000000000, -16.93083989927718491 ) ) ;
#1613 = CIRCLE ( 'NONE', #2314, 33.50000000000000000 ) ;
#1614 = CARTESIAN_POINT ( 'NONE',  ( 19.63045902376973473, 3.000000000000000000, 40.49748577262892724 ) ) ;
#1615 = CARTESIAN_POINT ( 'NONE',  ( -26.32268500000000344, 3.000000000000000000, -30.84581199999999157 ) ) ;
#1616 = AXIS2_PLACEMENT_3D ( 'NONE', #2151, #2005, #467 ) ;
#1617 = ORIENTED_EDGE ( 'NONE', *, *, #1648, .T. ) ;
#1618 = AXIS2_PLACEMENT_3D ( 'NONE', #605, #3559, #3115 ) ;
#1619 = ORIENTED_EDGE ( 'NONE', *, *, #5426, .F. ) ;
#1620 = CIRCLE ( 'NONE', #3211, 0.2500000000000002220 ) ;
#1621 = CARTESIAN_POINT ( 'NONE',  ( 4.780370999999998816, 3.000000000000000000, 33.60814899999999739 ) ) ;
#1622 = EDGE_CURVE ( 'NONE', #2090, #5197, #3592, .T. ) ;
#1623 = CIRCLE ( 'NONE', #4678, 0.5000000000000000000 ) ;
#1624 = CARTESIAN_POINT ( 'NONE',  ( -56.15392664154154545, 0.000000000000000000, -5.909220970001160644 ) ) ;
#1625 = ORIENTED_EDGE ( 'NONE', *, *, #3584, .F. ) ;
#1626 = CARTESIAN_POINT ( 'NONE',  ( 45.94171699999998992, 3.000000000000000000, 8.763695999999999486 ) ) ;
#1627 = DIRECTION ( 'NONE',  ( 1.000000000000000000, 0.000000000000000000, -0.000000000000000000 ) ) ;
#1628 = ORIENTED_EDGE ( 'NONE', *, *, #2692, .F. ) ;
#1629 = FACE_OUTER_BOUND ( 'NONE', #2827, .T. ) ;
#1630 = ADVANCED_FACE ( 'NONE', ( #662 ), #2291, .T. ) ;
#1631 = CARTESIAN_POINT ( 'NONE',  ( -56.86714897299667371, 3.000000000000000000, 45.11435451232583205 ) ) ;
#1632 = CARTESIAN_POINT ( 'NONE',  ( 62.89546445926887230, 3.000000000000000000, -48.24105080199478124 ) ) ;
#1633 = CARTESIAN_POINT ( 'NONE',  ( 21.61899999999999267, 0.000000000000000000, 2.611000000000001542 ) ) ;
#1634 = CARTESIAN_POINT ( 'NONE',  ( -63.24469429960424804, 0.000000000000000000, -46.44330852578764279 ) ) ;
#1635 = DIRECTION ( 'NONE',  ( 0.000000000000000000, 0.000000000000000000, 1.000000000000000000 ) ) ;
#1636 = B_SPLINE_CURVE_WITH_KNOTS ( 'NONE', 3,
 ( #1626, #301, #4165, #1143, #725, #322, #1168, #744, #2030, #4962, #3736, #1193, #2877, #5411, #4550, #768, #3318, #4989, #1216, #3770, #865, #1710, #5031, #1261, #2975, #22, #3387, #5059, #1286, #836, #4639, #2527, #4178, #2558, #4204, #5447, #2944, #1682 ),
 .UNSPECIFIED., .F., .F.,
 ( 4, 1, 1, 1, 1, 1, 1, 1, 1, 1, 1, 1, 1, 1, 1, 1, 1, 1, 1, 1, 1, 1, 1, 1, 1, 1, 1, 1, 1, 1, 1, 1, 1, 1, 1, 4 ),
 ( 0.000000000000000000, 0.03301402884041852726, 0.06912885791095986499, 0.1480081206765340718, 0.1894089932466170578, 0.2312116592561086204, 0.2727722837556229574, 0.2932418632890559929, 0.3134239729529152418, 0.3383068906649624452, 0.3619175127210942366, 0.3844605229609985297, 0.4061336771164703041, 0.4271340419707934655, 0.4476505252297119930, 0.4678730461783387473, 0.4879811535513916554, 0.5081484489801264548, 0.5285342454468887619, 0.5706521226300718119, 0.6642990379423662217, 0.6853247149976281483, 0.7063264560935557101, 0.7273351191429134888, 0.7483500992106640881, 0.7693748167951749428, 0.7904096843862608024, 0.8114558934687168268, 0.8325149202986216190, 0.8535873411250010090, 0.8746750485977552447, 0.8957781723743322155, 0.9168991668880944745, 0.9380373901365067768, 0.9591960121925849903, 0.9853810201268422553 ),
 .UNSPECIFIED. ) ;
#1637 = CIRCLE ( 'NONE', #1262, 0.1118251333528941238 ) ;
#1638 = EDGE_LOOP ( 'NONE', ( #2507, #2811, #4802, #937, #386, #4905, #4, #1328, #1258, #2726, #4571, #1586 ) ) ;
#1639 = CARTESIAN_POINT ( 'NONE',  ( -55.12521485172767655, 3.000000000000000000, 17.57842076602890202 ) ) ;
#1640 = ORIENTED_EDGE ( 'NONE', *, *, #3733, .T. ) ;
#1641 = CARTESIAN_POINT ( 'NONE',  ( 36.04190671085773801, 3.000000000000000000, 47.54403607927838493 ) ) ;
#1642 = CARTESIAN_POINT ( 'NONE',  ( -34.94545446291738244, 0.000000000000000000, -50.49467688865504300 ) ) ;
#1643 = ORIENTED_EDGE ( 'NONE', *, *, #588, .T. ) ;
#1644 = ORIENTED_EDGE ( 'NONE', *, *, #1997, .T. ) ;
#1645 = CARTESIAN_POINT ( 'NONE',  ( 4.780370999999998816, 2.602085213965210642E-15, 33.60814899999999739 ) ) ;
#1646 = DIRECTION ( 'NONE',  ( 0.000000000000000000, 0.000000000000000000, 1.000000000000000000 ) ) ;
#1647 = ORIENTED_EDGE ( 'NONE', *, *, #2895, .T. ) ;
#1648 = EDGE_CURVE ( 'NONE', #5381, #2879, #5236, .T. ) ;
#1649 = LINE ( 'NONE', #2836, #5285 ) ;
#1650 = VERTEX_POINT ( 'NONE', #3995 ) ;
#1651 = CARTESIAN_POINT ( 'NONE',  ( 50.18381454234577888, 8.673617379884035472E-16, -65.35624814967637519 ) ) ;
#1652 = EDGE_CURVE ( 'NONE', #5212, #5351, #5263, .T. ) ;
#1653 = CARTESIAN_POINT ( 'NONE',  ( -55.12521485172767655, 3.000000000000000000, 17.57842076602890202 ) ) ;
#1654 = CARTESIAN_POINT ( 'NONE',  ( 63.92004680486286361, 3.000000000000000000, -32.34689078352969460 ) ) ;
#1655 = CARTESIAN_POINT ( 'NONE',  ( -50.34286287370224500, 1.694065894508600678E-18, 20.05440397528275653 ) ) ;
#1656 = CARTESIAN_POINT ( 'NONE',  ( -69.19424598455805153, 3.000000000000000000, -79.64822009782591294 ) ) ;
#1657 = CARTESIAN_POINT ( 'NONE',  ( -9.313997030549471035, 0.000000000000000000, 19.95049399325371553 ) ) ;
#1658 = VERTEX_POINT ( 'NONE', #4789 ) ;
#1659 = CARTESIAN_POINT ( 'NONE',  ( -52.22403125286268022, 3.000000000000000000, 10.55998522415843155 ) ) ;
#1660 = VECTOR ( 'NONE', #5306, 1000.000000000000000 ) ;
#1661 = CIRCLE ( 'NONE', #4547, 0.2500000000000002220 ) ;
#1662 = CARTESIAN_POINT ( 'NONE',  ( 47.09769371295863749, 0.000000000000000000, 48.57365274403540667 ) ) ;
#1663 = CARTESIAN_POINT ( 'NONE',  ( 56.15392664154154545, 3.000000000000000000, -5.909220970001160644 ) ) ;
#1664 = EDGE_CURVE ( 'NONE', #3682, #1723, #2528, .T. ) ;
#1665 = ORIENTED_EDGE ( 'NONE', *, *, #4979, .T. ) ;
#1666 = DIRECTION ( 'NONE',  ( -0.7243777105664119809, 0.000000000000000000, -0.6894033162340920118 ) ) ;
#1667 = ORIENTED_EDGE ( 'NONE', *, *, #4924, .T. ) ;
#1668 = CARTESIAN_POINT ( 'NONE',  ( 53.03508199999999562, 0.000000000000000000, 54.55017699999999081 ) ) ;
#1669 = FACE_OUTER_BOUND ( 'NONE', #1313, .T. ) ;
#1670 = CARTESIAN_POINT ( 'NONE',  ( -20.43398048073135698, 0.000000000000000000, 48.64611496752109332 ) ) ;
#1671 = ORIENTED_EDGE ( 'NONE', *, *, #2945, .F. ) ;
#1672 = CIRCLE ( 'NONE', #3083, 1.000000000000000888 ) ;
#1673 = DIRECTION ( 'NONE',  ( -0.000000000000000000, -1.000000000000000000, -0.000000000000000000 ) ) ;
#1674 = EDGE_LOOP ( 'NONE', ( #2904, #5101, #2068, #3102 ) ) ;
#1675 = CARTESIAN_POINT ( 'NONE',  ( -63.24175436749369794, 0.000000000000000000, -75.67690974196260356 ) ) ;
#1676 = CARTESIAN_POINT ( 'NONE',  ( 61.76295700050333437, 0.000000000000000000, -52.72975634855954752 ) ) ;
#1677 = CARTESIAN_POINT ( 'NONE',  ( -62.97365150562539782, 0.000000000000000000, -25.17990150530035720 ) ) ;
#1678 = CYLINDRICAL_SURFACE ( 'NONE', #4473, 0.5000000000000000000 ) ;
#1679 = ORIENTED_EDGE ( 'NONE', *, *, #2945, .T. ) ;
#1680 = CARTESIAN_POINT ( 'NONE',  ( 19.13757380277242603, 0.000000000000000000, -14.11297399999999058 ) ) ;
#1681 = ORIENTED_EDGE ( 'NONE', *, *, #5340, .T. ) ;
#1682 = CARTESIAN_POINT ( 'NONE',  ( 47.97038724757349115, 3.000000000000000000, 48.01432368930919381 ) ) ;
#1683 = CARTESIAN_POINT ( 'NONE',  ( 46.60479208711303301, 0.000000000000000000, 48.58604334559872484 ) ) ;
#1684 = CARTESIAN_POINT ( 'NONE',  ( 61.76295700050333437, 3.000000000000000000, -52.72975634855954752 ) ) ;
#1685 = CARTESIAN_POINT ( 'NONE',  ( 49.41562059525696071, 1.694065894508600678E-18, 44.60480494782673588 ) ) ;
#1686 = CIRCLE ( 'NONE', #3790, 0.5000000000000004441 ) ;
#1687 = ORIENTED_EDGE ( 'NONE', *, *, #135, .T. ) ;
#1688 = EDGE_LOOP ( 'NONE', ( #2869, #4834, #5443, #3961 ) ) ;
#1689 = DIRECTION ( 'NONE',  ( 0.000000000000000000, 1.000000000000000000, 0.000000000000000000 ) ) ;
#1690 = CARTESIAN_POINT ( 'NONE',  ( 56.18631606666772882, 0.000000000000000000, 47.58530814514181628 ) ) ;
#1691 = CARTESIAN_POINT ( 'NONE',  ( -50.01519951008855003, -1.694065894508600678E-18, -52.15368586642594551 ) ) ;
#1692 = ORIENTED_EDGE ( 'NONE', *, *, #4810, .F. ) ;
#1693 = PLANE ( 'NONE',  #3919 ) ;
#1694 = ORIENTED_EDGE ( 'NONE', *, *, #13, .F. ) ;
#1695 = CARTESIAN_POINT ( 'NONE',  ( -74.67863634339457235, 3.000000000000000000, -39.51896701767081765 ) ) ;
#1696 = VECTOR ( 'NONE', #5350, 1000.000000000000000 ) ;
#1697 = CARTESIAN_POINT ( 'NONE',  ( -58.71861801067646525, 3.000000000000000000, -57.83574191295417677 ) ) ;
#1698 = LINE ( 'NONE', #2134, #2405 ) ;
#1699 = DIRECTION ( 'NONE',  ( 0.000000000000000000, 0.000000000000000000, 1.000000000000000000 ) ) ;
#1700 = CARTESIAN_POINT ( 'NONE',  ( -51.17040117174379787, 1.694065894508600678E-18, 36.98765994906924703 ) ) ;
#1701 = CARTESIAN_POINT ( 'NONE',  ( -72.10499851117937453, 0.000000000000000000, -71.35853959186772499 ) ) ;
#1702 = VECTOR ( 'NONE', #1906, 1000.000000000000227 ) ;
#1703 = EDGE_CURVE ( 'NONE', #5145, #4522, #2118, .T. ) ;
#1704 = CARTESIAN_POINT ( 'NONE',  ( -55.30373892496148613, 3.000000000000000000, -55.73084995483437609 ) ) ;
#1705 = CARTESIAN_POINT ( 'NONE',  ( -50.61474012157911773, 3.000000000000000000, 40.41865233515631672 ) ) ;
#1706 = ORIENTED_EDGE ( 'NONE', *, *, #5320, .T. ) ;
#1707 = CARTESIAN_POINT ( 'NONE',  ( -56.86714897299667371, 3.000000000000000000, 45.11435451232583205 ) ) ;
#1708 = ORIENTED_EDGE ( 'NONE', *, *, #1552, .T. ) ;
#1709 = EDGE_CURVE ( 'NONE', #2309, #3035, #1157, .T. ) ;
#1710 = CARTESIAN_POINT ( 'NONE',  ( 51.36870917564574768, 3.000000000000000000, 34.25606481865698072 ) ) ;
#1711 = EDGE_CURVE ( 'NONE', #219, #4090, #1862, .T. ) ;
#1712 = CIRCLE ( 'NONE', #4601, 0.5000000000000004441 ) ;
#1713 = CARTESIAN_POINT ( 'NONE',  ( -9.558553129711151897, 0.000000000000000000, 39.23342886425640330 ) ) ;
#1714 = CARTESIAN_POINT ( 'NONE',  ( 50.99204152812359325, 3.000000000000000000, 2.383350968251920055 ) ) ;
#1715 = DIRECTION ( 'NONE',  ( 0.000000000000000000, -1.000000000000000000, 0.000000000000000000 ) ) ;
#1716 = CARTESIAN_POINT ( 'NONE',  ( 52.02639311151101964, 3.000000000000000000, 8.627437679690226346 ) ) ;
#1717 = ORIENTED_EDGE ( 'NONE', *, *, #1414, .F. ) ;
#1718 = ORIENTED_EDGE ( 'NONE', *, *, #5080, .F. ) ;
#1719 = CARTESIAN_POINT ( 'NONE',  ( -19.80607089364104922, 0.000000000000000000, 2.861000000000001542 ) ) ;
#1720 = DIRECTION ( 'NONE',  ( 0.9659258399216233970, 0.000000000000000000, 0.2588189942251272191 ) ) ;
#1721 = DIRECTION ( 'NONE',  ( 0.000000000000000000, 0.000000000000000000, 1.000000000000000000 ) ) ;
#1722 = CARTESIAN_POINT ( 'NONE',  ( -14.07881148698490570, 0.000000000000000000, 44.13726295849840398 ) ) ;
#1723 = VERTEX_POINT ( 'NONE', #2174 ) ;
#1724 = LINE ( 'NONE', #3017, #1739 ) ;
#1725 = DIRECTION ( 'NONE',  ( -0.000000000000000000, -1.000000000000000000, -0.000000000000000000 ) ) ;
#1726 = ORIENTED_EDGE ( 'NONE', *, *, #4560, .F. ) ;
#1727 = PRODUCT_RELATED_PRODUCT_CATEGORY ( 'part', '', ( #561 ) ) ;
#1728 = CARTESIAN_POINT ( 'NONE',  ( -75.03960419855475550, 3.000000000000000000, -43.39444461246201712 ) ) ;
#1729 = B_SPLINE_CURVE_WITH_KNOTS ( 'NONE', 3,
 ( #5178, #575, #1401, #3085, #884, #2547, #510, #2964, #5084, #3873, #70, #1307, #3474, #2671, #3055 ),
 .UNSPECIFIED., .F., .F.,
 ( 4, 1, 1, 1, 1, 1, 1, 1, 1, 1, 1, 1, 4 ),
 ( 0.000000000000000000, 0.1550774450904787993, 0.2327627295594772161, 0.3105465180013848303, 0.3884284551216654058, 0.4664103354727686113, 0.5332360190829978919, 0.6001338617997629132, 0.6671022839152550565, 0.7341395771865002473, 0.8012457432384880729, 0.8684207702133938112, 0.9731560847597071628 ),
 .UNSPECIFIED. ) ;
#1730 = CARTESIAN_POINT ( 'NONE',  ( -31.90587890848826902, 0.000000000000000000, 46.45927064113672600 ) ) ;
#1731 = CARTESIAN_POINT ( 'NONE',  ( 19.13757380277242603, 3.000000000000000000, -13.61297399999998881 ) ) ;
#1732 = CARTESIAN_POINT ( 'NONE',  ( 26.08828623510041567, 0.000000000000000000, -39.96441669746243264 ) ) ;
#1733 = CARTESIAN_POINT ( 'NONE',  ( -70.01562050009107452, 0.000000000000000000, -77.86985685487216813 ) ) ;
#1734 = CARTESIAN_POINT ( 'NONE',  ( 9.558553129711151897, 3.000000000000000000, 39.23342886425640330 ) ) ;
#1735 = CARTESIAN_POINT ( 'NONE',  ( 55.12521485172767655, 3.000000000000000000, 17.57842076602890202 ) ) ;
#1736 = ORIENTED_EDGE ( 'NONE', *, *, #4735, .T. ) ;
#1737 = CARTESIAN_POINT ( 'NONE',  ( -44.54573830231650788, 3.000000000000000444, 48.57128015277073274 ) ) ;
#1738 = ORIENTED_EDGE ( 'NONE', *, *, #4034, .F. ) ;
#1739 = VECTOR ( 'NONE', #4010, 1000.000000000000000 ) ;
#1740 = DIRECTION ( 'NONE',  ( -0.000000000000000000, -1.000000000000000000, -0.000000000000000000 ) ) ;
#1741 = DIRECTION ( 'NONE',  ( -0.2588191740101285498, 0.000000000000000000, -0.9659257917483696776 ) ) ;
#1742 = EDGE_CURVE ( 'NONE', #1232, #5428, #3824, .T. ) ;
#1743 = DIRECTION ( 'NONE',  ( -0.000000000000000000, -1.000000000000000000, -0.000000000000000000 ) ) ;
#1744 = DIRECTION ( 'NONE',  ( -0.000000000000000000, -1.000000000000000000, -0.000000000000000000 ) ) ;
#1745 = CIRCLE ( 'NONE', #3949, 0.1143568108858041693 ) ;
#1746 = CARTESIAN_POINT ( 'NONE',  ( 50.61474012157911773, 1.694065894508600678E-18, 40.41865233515631672 ) ) ;
#1747 = ORIENTED_EDGE ( 'NONE', *, *, #4440, .T. ) ;
#1748 = EDGE_CURVE ( 'NONE', #3658, #4958, #2655, .T. ) ;
#1749 = ORIENTED_EDGE ( 'NONE', *, *, #3135, .F. ) ;
#1750 = CYLINDRICAL_SURFACE ( 'NONE', #1590, 1.000000000000000888 ) ;
#1751 = AXIS2_PLACEMENT_3D ( 'NONE', #3157, #2803, #4464 ) ;
#1752 = CARTESIAN_POINT ( 'NONE',  ( 14.56217912726562957, 0.000000000000000000, -15.76175569080220562 ) ) ;
#1753 = DIRECTION ( 'NONE',  ( 0.000000000000000000, 0.000000000000000000, 1.000000000000000000 ) ) ;
#1754 = CARTESIAN_POINT ( 'NONE',  ( -30.10119409375531063, -1.694065894508600678E-18, -35.01173271421695432 ) ) ;
#1755 = ORIENTED_EDGE ( 'NONE', *, *, #4305, .F. ) ;
#1756 = CARTESIAN_POINT ( 'NONE',  ( -69.29859899999998163, 0.000000000000000000, -79.68841100000000210 ) ) ;
#1757 = CARTESIAN_POINT ( 'NONE',  ( 19.63757380277242959, 3.000000000000000000, 3.361000000000001098 ) ) ;
#1758 = ORIENTED_EDGE ( 'NONE', *, *, #2325, .T. ) ;
#1759 = ADVANCED_FACE ( 'NONE', ( #3855 ), #5060, .F. ) ;
#1760 = CARTESIAN_POINT ( 'NONE',  ( -58.71861801067646525, 0.000000000000000000, -57.83574191295416966 ) ) ;
#1761 = AXIS2_PLACEMENT_3D ( 'NONE', #323, #4140, #726 ) ;
#1762 = CARTESIAN_POINT ( 'NONE',  ( -19.63045902376973473, 0.000000000000000000, 40.49748577262892724 ) ) ;
#1763 = CARTESIAN_POINT ( 'NONE',  ( 8.577433739726018302, 0.000000000000000000, -14.48356450723862565 ) ) ;
#1764 = CARTESIAN_POINT ( 'NONE',  ( 41.50216093040443610, 0.000000000000000000, -57.29599531449121486 ) ) ;
#1765 = CARTESIAN_POINT ( 'NONE',  ( -72.10810993820923898, 3.000000000000000000, -26.31875752400589263 ) ) ;
#1766 = AXIS2_PLACEMENT_3D ( 'NONE', #5008, #2506, #3652 ) ;
#1767 = CARTESIAN_POINT ( 'NONE',  ( 52.95461300000000193, 3.000000000000000000, 54.60650600000000310 ) ) ;
#1768 = CARTESIAN_POINT ( 'NONE',  ( -48.88402445963241405, 3.000000000000000000, 16.02714992246135495 ) ) ;
#1769 = ORIENTED_EDGE ( 'NONE', *, *, #2325, .F. ) ;
#1770 = CARTESIAN_POINT ( 'NONE',  ( -41.33421725500435429, -4.336808689942017736E-16, 48.36646633805170836 ) ) ;
#1771 = DIRECTION ( 'NONE',  ( 0.000000000000000000, 0.000000000000000000, 1.000000000000000000 ) ) ;
#1772 = VERTEX_POINT ( 'NONE', #1353 ) ;
#1773 = ADVANCED_FACE ( 'NONE', ( #2977 ), #3886, .T. ) ;
#1774 = DIRECTION ( 'NONE',  ( 0.9659258422534240385, 0.000000000000000000, 0.2588189855227266967 ) ) ;
#1775 = AXIS2_PLACEMENT_3D ( 'NONE', #3678, #4058, #2020 ) ;
#1776 = CARTESIAN_POINT ( 'NONE',  ( 50.18381454234577888, 3.000000000000000000, -65.35624814967637519 ) ) ;
#1777 = LINE ( 'NONE', #3453, #2996 ) ;
#1778 = CARTESIAN_POINT ( 'NONE',  ( 51.50791639986921666, 1.694065894508600678E-18, 32.09962949993743564 ) ) ;
#1779 = ORIENTED_EDGE ( 'NONE', *, *, #3219, .T. ) ;
#1780 = ORIENTED_EDGE ( 'NONE', *, *, #3765, .T. ) ;
#1781 = DIRECTION ( 'NONE',  ( -0.000000000000000000, -1.000000000000000000, -0.000000000000000000 ) ) ;
#1782 = CARTESIAN_POINT ( 'NONE',  ( -14.33681139814191674, 0.000000000000000000, 18.60463522328305430 ) ) ;
#1783 = CARTESIAN_POINT ( 'NONE',  ( -60.16466442879200116, 0.000000000000000000, -57.34598217878367166 ) ) ;
#1784 = CARTESIAN_POINT ( 'NONE',  ( 20.94001384332798210, 0.000000000000000000, 41.36474856949019596 ) ) ;
#1785 = CARTESIAN_POINT ( 'NONE',  ( -4.780370999999998816, 3.000000000000000000, 33.60814899999999739 ) ) ;
#1786 = ORIENTED_EDGE ( 'NONE', *, *, #4494, .T. ) ;
#1787 = ORIENTED_EDGE ( 'NONE', *, *, #4824, .F. ) ;
#1788 = EDGE_CURVE ( 'NONE', #2001, #159, #866, .T. ) ;
#1789 = CARTESIAN_POINT ( 'NONE',  ( -38.23608357104376410, 3.000000000000000000, -42.81546693887787569 ) ) ;
#1790 = CARTESIAN_POINT ( 'NONE',  ( -17.11102934204589943, 0.000000000000000000, 38.63514858060335655 ) ) ;
#1791 = CARTESIAN_POINT ( 'NONE',  ( -9.313997030549471035, 3.000000000000000000, 19.95049399325371553 ) ) ;
#1792 = FACE_OUTER_BOUND ( 'NONE', #1219, .T. ) ;
#1793 = CARTESIAN_POINT ( 'NONE',  ( -70.61076606662614097, 3.000000000000000000, -21.45453730634901390 ) ) ;
#1794 = CIRCLE ( 'NONE', #4074, 1.000000000000000888 ) ;
#1795 = EDGE_CURVE ( 'NONE', #2832, #990, #995, .T. ) ;
#1796 = CARTESIAN_POINT ( 'NONE',  ( -34.99792729933509605, 3.000000000000000000, 47.30815342917009048 ) ) ;
#1797 = DIRECTION ( 'NONE',  ( 1.040834085586083310E-14, 0.000000000000000000, 1.000000000000000000 ) ) ;
#1798 = CARTESIAN_POINT ( 'NONE',  ( -49.99085389146456748, 0.000000000000000000, 18.97724626924816960 ) ) ;
#1799 = B_SPLINE_SURFACE_WITH_KNOTS ( 'NONE', 3, 1, ( 
 ( #3581, #3194 ),
 ( #2360, #677 ),
 ( #1064, #3606 ),
 ( #2752, #4421 ) ),
 .UNSPECIFIED., .F., .F., .F.,
 ( 4, 4 ),
 ( 2, 2 ),
 ( 0.07900577818559964549, 1.000000000000000000 ),
 ( 0.000000000000000000, 1.000000000000000000 ),
 .UNSPECIFIED. ) ;
#1800 = ORIENTED_EDGE ( 'NONE', *, *, #3354, .F. ) ;
#1801 = CARTESIAN_POINT ( 'NONE',  ( -32.92924601521909267, 3.000000000000000444, 46.76567725665499609 ) ) ;
#1802 = FACE_OUTER_BOUND ( 'NONE', #474, .T. ) ;
#1803 = VECTOR ( 'NONE', #3926, 1000.000000000000000 ) ;
#1804 = FACE_OUTER_BOUND ( 'NONE', #4991, .T. ) ;
#1805 = LINE ( 'NONE', #2684, #2736 ) ;
#1806 = VECTOR ( 'NONE', #1019, 1000.000000000000000 ) ;
#1807 = CARTESIAN_POINT ( 'NONE',  ( 15.90450226889967844, 3.000000000000000000, 37.64222744140194976 ) ) ;
#1808 = DIRECTION ( 'NONE',  ( 0.9998324317445068665, 0.000000000000000000, -0.01830596711091858272 ) ) ;
#1809 = DIRECTION ( 'NONE',  ( 0.000000000000000000, 1.000000000000000000, 0.000000000000000000 ) ) ;
#1810 = LINE ( 'NONE', #3489, #4521 ) ;
#1811 = VERTEX_POINT ( 'NONE', #4231 ) ;
#1812 = EDGE_LOOP ( 'NONE', ( #4861, #5254, #2894, #109 ) ) ;
#1813 = DIRECTION ( 'NONE',  ( 0.000000000000000000, 0.000000000000000000, -1.000000000000000000 ) ) ;
#1814 = DIRECTION ( 'NONE',  ( 0.000000000000000000, 0.000000000000000000, 1.000000000000000000 ) ) ;
#1815 = DIRECTION ( 'NONE',  ( -0.000000000000000000, -1.000000000000000000, -0.000000000000000000 ) ) ;
#1816 = ORIENTED_EDGE ( 'NONE', *, *, #2111, .T. ) ;
#1817 = CARTESIAN_POINT ( 'NONE',  ( -72.83873756801051513, 0.000000000000000000, -68.52445798008615441 ) ) ;
#1818 = ORIENTED_EDGE ( 'NONE', *, *, #3902, .T. ) ;
#1819 = DIRECTION ( 'NONE',  ( -0.000000000000000000, -1.000000000000000000, -0.000000000000000000 ) ) ;
#1820 = CARTESIAN_POINT ( 'NONE',  ( 69.19424598455805153, 0.000000000000000000, -79.64822009782591294 ) ) ;
#1821 = EDGE_CURVE ( 'NONE', #1283, #2150, #4259, .T. ) ;
#1822 = CARTESIAN_POINT ( 'NONE',  ( 59.70593670510816509, 3.000000000000000000, -13.51475326089808426 ) ) ;
#1823 = CARTESIAN_POINT ( 'NONE',  ( 63.24175436749369794, 0.000000000000000000, -75.67690974196260356 ) ) ;
#1824 = CARTESIAN_POINT ( 'NONE',  ( -72.83873756801051513, 0.000000000000000000, -68.52445798008615441 ) ) ;
#1825 = ADVANCED_FACE ( 'NONE', ( #3417 ), #490, .T. ) ;
#1826 = CARTESIAN_POINT ( 'NONE',  ( 45.96153700000000697, 0.000000000000000000, 8.652596999999996541 ) ) ;
#1827 = CARTESIAN_POINT ( 'NONE',  ( 47.19567886917845811, 3.000000000000000000, 11.97525126644446303 ) ) ;
#1828 = CARTESIAN_POINT ( 'NONE',  ( -51.50791639986921666, 0.000000000000000000, 32.09962949993743564 ) ) ;
#1829 = VERTEX_POINT ( 'NONE', #2622 ) ;
#1830 = CARTESIAN_POINT ( 'NONE',  ( -57.42354327153222471, 1.694065894508600678E-18, 27.18113448954016675 ) ) ;
#1831 = CARTESIAN_POINT ( 'NONE',  ( 75.01598022859300841, 3.000000000000000000, -54.09374303767065584 ) ) ;
#1832 = ORIENTED_EDGE ( 'NONE', *, *, #1821, .T. ) ;
#1833 = CARTESIAN_POINT ( 'NONE',  ( -11.35743694670103032, 0.000000000000000000, 41.26634692105835001 ) ) ;
#1834 = CARTESIAN_POINT ( 'NONE',  ( 26.08828623510041567, 3.000000000000000000, -39.96441669746243264 ) ) ;
#1835 = VECTOR ( 'NONE', #2333, 1000.000000000000000 ) ;
#1836 = CARTESIAN_POINT ( 'NONE',  ( -9.313997030549471035, 0.000000000000000000, 20.20049399325371553 ) ) ;
#1837 = ORIENTED_EDGE ( 'NONE', *, *, #54, .F. ) ;
#1838 = CIRCLE ( 'NONE', #4903, 0.5000000000000004441 ) ;
#1839 = CARTESIAN_POINT ( 'NONE',  ( -11.62707736313945084, 0.000000000000000000, 31.41752810122989814 ) ) ;
#1840 = VECTOR ( 'NONE', #4930, 1000.000000000000000 ) ;
#1841 = LINE ( 'NONE', #2218, #3321 ) ;
#1842 = CARTESIAN_POINT ( 'NONE',  ( -4.780370999999997039, 3.000000000000000000, 33.60814899999999739 ) ) ;
#1843 = B_SPLINE_CURVE_WITH_KNOTS ( 'NONE', 3,
 ( #4172, #4431, #2231, #4788, #227, #4402, #3202, #1072, #251, #167, #3504, #1935, #1855, #5181, #3967 ),
 .UNSPECIFIED., .F., .F.,
 ( 4, 1, 1, 1, 1, 1, 1, 1, 1, 1, 1, 1, 4 ),
 ( 0.000000000000000000, 0.1550774450904787993, 0.2327627295594772161, 0.3105465180013848303, 0.3884284551216654058, 0.4664103354727686113, 0.5332360190829978919, 0.6001338617997629132, 0.6671022839152550565, 0.7341395771865002473, 0.8012457432384880729, 0.8684207702133938112, 0.9731560847597071628 ),
 .UNSPECIFIED. ) ;
#1844 = EDGE_LOOP ( 'NONE', ( #1769, #3811, #3831, #1161 ) ) ;
#1845 = ORIENTED_EDGE ( 'NONE', *, *, #837, .T. ) ;
#1846 = CARTESIAN_POINT ( 'NONE',  ( -61.69123223475197193, 3.000000000000000000, -3.388928585261459236 ) ) ;
#1847 = ADVANCED_FACE ( 'NONE', ( #3485 ), #506, .T. ) ;
#1848 = B_SPLINE_SURFACE_WITH_KNOTS ( 'NONE', 3, 1, ( 
 ( #3232, #1863 ),
 ( #5215, #3649 ),
 ( #3626, #2802 ),
 ( #3212, #2687 ),
 ( #285, #206 ),
 ( #4003, #3951 ),
 ( #4852, #4825 ),
 ( #3598, #1504 ),
 ( #3975, #1917 ),
 ( #3130, #1941 ),
 ( #5243, #1528 ),
 ( #1082, #5271 ),
 ( #3156, #4359 ),
 ( #2774, #4463 ),
 ( #4441, #669 ) ),
 .UNSPECIFIED., .F., .F., .F.,
 ( 4, 1, 1, 1, 1, 1, 1, 1, 1, 1, 1, 1, 4 ),
 ( 2, 2 ),
 ( 0.000000000000000000, 0.1550774450904787993, 0.2327627295594772161, 0.3105465180013848303, 0.3884284551216654058, 0.4664103354727686113, 0.5332360190829978919, 0.6001338617997629132, 0.6671022839152550565, 0.7341395771865002473, 0.8012457432384880729, 0.8684207702133938112, 0.9731560847597071628 ),
 ( 0.000000000000000000, 1.000000000000000000 ),
 .UNSPECIFIED. ) ;
#1849 = AXIS2_PLACEMENT_3D ( 'NONE', #338, #4541, #762 ) ;
#1850 = DIRECTION ( 'NONE',  ( -0.000000000000000000, -1.000000000000000000, -0.000000000000000000 ) ) ;
#1851 = LINE ( 'NONE', #3114, #4148 ) ;
#1852 = CARTESIAN_POINT ( 'NONE',  ( -18.58826758058480877, 3.000000000000000000, -29.55924030843858219 ) ) ;
#1853 = LINE ( 'NONE', #4246, #4595 ) ;
#1854 = CARTESIAN_POINT ( 'NONE',  ( -60.39490716416133154, 0.000000000000000000, -1.479974017190582414 ) ) ;
#1855 = CARTESIAN_POINT ( 'NONE',  ( 55.30373892496147192, -1.694065894508600678E-18, -55.73084995483436899 ) ) ;
#1856 = CARTESIAN_POINT ( 'NONE',  ( 51.62816443538031308, -1.734723475976807094E-15, 27.14092059717915717 ) ) ;
#1857 = CARTESIAN_POINT ( 'NONE',  ( -50.20144811616389546, 0.000000000000000000, 42.10998750058584505 ) ) ;
#1858 = VERTEX_POINT ( 'NONE', #1399 ) ;
#1859 = CARTESIAN_POINT ( 'NONE',  ( -43.47364176644354217, 3.000000000000000444, 48.52725241447157600 ) ) ;
#1860 = LINE ( 'NONE', #2239, #2929 ) ;
#1861 = ORIENTED_EDGE ( 'NONE', *, *, #4588, .T. ) ;
#1862 = LINE ( 'NONE', #2591, #2901 ) ;
#1863 = CARTESIAN_POINT ( 'NONE',  ( 26.32268500000000344, 0.000000000000000000, -30.84581199999999157 ) ) ;
#1864 = CARTESIAN_POINT ( 'NONE',  ( 14.28903923740461757, 3.000000000000000000, -14.74238349276135374 ) ) ;
#1865 = VECTOR ( 'NONE', #4704, 1000.000000000000000 ) ;
#1866 = DIRECTION ( 'NONE',  ( 0.000000000000000000, 0.000000000000000000, 1.000000000000000000 ) ) ;
#1867 = CARTESIAN_POINT ( 'NONE',  ( -8.942517470903583288, 0.000000000000000000, -16.93083989927718491 ) ) ;
#1868 = ORIENTED_EDGE ( 'NONE', *, *, #2952, .F. ) ;
#1869 = CARTESIAN_POINT ( 'NONE',  ( -46.09328636962525394, 3.000000000000000000, 9.192884506403062872 ) ) ;
#1870 = CARTESIAN_POINT ( 'NONE',  ( 30.00768249258474896, 3.000000000000000000, 52.73050411332617671 ) ) ;
#1871 = CARTESIAN_POINT ( 'NONE',  ( 29.39521040800501694, 0.000000000000000000, 45.60067303327976163 ) ) ;
#1872 = ORIENTED_EDGE ( 'NONE', *, *, #2472, .F. ) ;
#1873 = ORIENTED_EDGE ( 'NONE', *, *, #3354, .T. ) ;
#1874 = FACE_OUTER_BOUND ( 'NONE', #4976, .T. ) ;
#1875 = DIRECTION ( 'NONE',  ( 0.000000000000000000, 1.000000000000000000, 0.000000000000000000 ) ) ;
#1876 = CARTESIAN_POINT ( 'NONE',  ( 4.024501119728221887, 3.000000000000000000, 34.26446250471916954 ) ) ;
#1877 = CARTESIAN_POINT ( 'NONE',  ( -11.62707736313945261, 3.000000000000000000, 31.41752810122989814 ) ) ;
#1878 = DIRECTION ( 'NONE',  ( 0.000000000000000000, 1.000000000000000000, 0.000000000000000000 ) ) ;
#1879 = CIRCLE ( 'NONE', #4064, 0.5000000000000004441 ) ;
#1880 = CARTESIAN_POINT ( 'NONE',  ( -52.02639311143607159, 3.000000000000000000, 8.627437679767410827 ) ) ;
#1881 = CARTESIAN_POINT ( 'NONE',  ( 47.15170058059664626, 0.000000000000000000, 7.316916945351454871 ) ) ;
#1882 = DIRECTION ( 'NONE',  ( -0.000000000000000000, 0.000000000000000000, -1.000000000000000000 ) ) ;
#1883 = CARTESIAN_POINT ( 'NONE',  ( 51.50800033596801342, 3.000000000000000000, 25.45550268765823532 ) ) ;
#1884 = CARTESIAN_POINT ( 'NONE',  ( -49.96147903824127212, 3.000000000000000000, 42.94775139102330996 ) ) ;
#1885 = CARTESIAN_POINT ( 'NONE',  ( 14.73464199026328458, 3.000000000000000000, 36.61033438734273204 ) ) ;
#1886 = CARTESIAN_POINT ( 'NONE',  ( 59.04316248994994254, 3.000000000000000000, 0.3939601283460208436 ) ) ;
#1887 = ORIENTED_EDGE ( 'NONE', *, *, #489, .T. ) ;
#1888 = CIRCLE ( 'NONE', #1447, 0.5000000000000004441 ) ;
#1889 = CARTESIAN_POINT ( 'NONE',  ( -30.00768249258474896, 0.000000000000000000, 52.73050411332617671 ) ) ;
#1890 = CARTESIAN_POINT ( 'NONE',  ( 19.13757380277242603, 3.000000000000000000, -13.61297399999998881 ) ) ;
#1891 = CYLINDRICAL_SURFACE ( 'NONE', #2, 0.1118251333528941238 ) ;
#1892 = DIRECTION ( 'NONE',  ( 0.000000000000000000, 0.000000000000000000, 1.000000000000000000 ) ) ;
#1893 = CARTESIAN_POINT ( 'NONE',  ( -59.04316248994994254, 0.000000000000000000, 0.3939601283460208436 ) ) ;
#1894 = ORIENTED_EDGE ( 'NONE', *, *, #270, .F. ) ;
#1895 = B_SPLINE_SURFACE_WITH_KNOTS ( 'NONE', 3, 1, ( 
 ( #5162, #1150 ),
 ( #4898, #2420 ),
 ( #4026, #4077 ),
 ( #5268, #4485 ),
 ( #1527, #1603 ),
 ( #3622, #1916 ) ),
 .UNSPECIFIED., .F., .F., .F.,
 ( 4, 1, 1, 4 ),
 ( 2, 2 ),
 ( 0.05740497286208452732, 0.2393458539633893101, 0.4927642171075661270, 1.000000000000000000 ),
 ( 0.000000000000000000, 1.000000000000000000 ),
 .UNSPECIFIED. ) ;
#1896 = EDGE_CURVE ( 'NONE', #340, #3918, #4689, .T. ) ;
#1897 = AXIS2_PLACEMENT_3D ( 'NONE', #5267, #709, #4821 ) ;
#1898 = CARTESIAN_POINT ( 'NONE',  ( -9.137220319125349377, 3.000000000000000000, 20.25668020179040241 ) ) ;
#1899 = FACE_OUTER_BOUND ( 'NONE', #1564, .T. ) ;
#1900 = CARTESIAN_POINT ( 'NONE',  ( 45.75399814769915707, 0.000000000000000000, 48.59335460104893656 ) ) ;
#1901 = ORIENTED_EDGE ( 'NONE', *, *, #393, .T. ) ;
#1902 = VERTEX_POINT ( 'NONE', #2286 ) ;
#1903 = PLANE ( 'NONE',  #1546 ) ;
#1904 = AXIS2_PLACEMENT_3D ( 'NONE', #2504, #4642, #869 ) ;
#1905 = DIRECTION ( 'NONE',  ( 0.000000000000000000, -1.000000000000000000, 0.000000000000000000 ) ) ;
#1906 = DIRECTION ( 'NONE',  ( 0.2588195960148433339, 0.000000000000000000, 0.9659256786723878774 ) ) ;
#1907 = CARTESIAN_POINT ( 'NONE',  ( -14.48133997294732644, 3.000000000000000000, -14.61297399999998525 ) ) ;
#1908 = CARTESIAN_POINT ( 'NONE',  ( 73.88660271667157531, 0.000000000000000000, -34.07411965320424230 ) ) ;
#1909 = CARTESIAN_POINT ( 'NONE',  ( -63.89616829180445734, 0.000000000000000000, -6.843248154517834081 ) ) ;
#1910 = CARTESIAN_POINT ( 'NONE',  ( -21.72600000000000264, 0.000000000000000000, 2.611000000000001098 ) ) ;
#1911 = DIRECTION ( 'NONE',  ( 0.000000000000000000, 0.000000000000000000, 1.000000000000000000 ) ) ;
#1912 = CARTESIAN_POINT ( 'NONE',  ( 51.36870917564574768, 3.000000000000000000, 34.25606481865698072 ) ) ;
#1913 = LINE ( 'NONE', #3643, #892 ) ;
#1914 = CARTESIAN_POINT ( 'NONE',  ( -20.94001384332798210, -4.336808689942017736E-16, 41.36474856949019596 ) ) ;
#1915 = CARTESIAN_POINT ( 'NONE',  ( 63.89616829180445734, 0.000000000000000000, -6.843248154517834081 ) ) ;
#1916 = CARTESIAN_POINT ( 'NONE',  ( 22.51290100000000649, 0.000000000000000000, -35.21333000000000624 ) ) ;
#1917 = CARTESIAN_POINT ( 'NONE',  ( 45.33045749271477831, 0.000000000000000000, -48.68501421704478815 ) ) ;
#1918 = CARTESIAN_POINT ( 'NONE',  ( 73.88660271667157531, 3.000000000000000000, -34.07411965320424230 ) ) ;
#1919 = LINE ( 'NONE', #2245, #5023 ) ;
#1920 = CYLINDRICAL_SURFACE ( 'NONE', #2847, 0.9999999999999991118 ) ;
#1921 = CARTESIAN_POINT ( 'NONE',  ( -57.63713850004248229, 0.000000000000000000, 2.231479422910178201 ) ) ;
#1922 = ORIENTED_EDGE ( 'NONE', *, *, #4249, .T. ) ;
#1923 = CARTESIAN_POINT ( 'NONE',  ( -73.47345917354013523, 0.000000000000000000, -65.66879731386144670 ) ) ;
#1924 = EDGE_CURVE ( 'NONE', #4273, #219, #3867, .T. ) ;
#1925 = CARTESIAN_POINT ( 'NONE',  ( -48.40666136689783627, 3.000000000000000000, 47.09949103918489755 ) ) ;
#1926 = CARTESIAN_POINT ( 'NONE',  ( 21.86899999999999267, 0.000000000000000000, -2.338999999999997303 ) ) ;
#1927 = ADVANCED_FACE ( 'NONE', ( #4720 ), #948, .T. ) ;
#1928 = ORIENTED_EDGE ( 'NONE', *, *, #2568, .T. ) ;
#1929 = ORIENTED_EDGE ( 'NONE', *, *, #952, .T. ) ;
#1930 = DIRECTION ( 'NONE',  ( 0.000000000000000000, 0.000000000000000000, 1.000000000000000000 ) ) ;
#1931 = AXIS2_PLACEMENT_3D ( 'NONE', #2483, #2127, #32 ) ;
#1932 = CARTESIAN_POINT ( 'NONE',  ( 0.000000000000000000, 3.000000000000000000, 0.000000000000000000 ) ) ;
#1933 = FACE_OUTER_BOUND ( 'NONE', #5255, .T. ) ;
#1934 = CYLINDRICAL_SURFACE ( 'NONE', #5045, 0.1118251333528941238 ) ;
#1935 = CARTESIAN_POINT ( 'NONE',  ( 52.41454668428509933, -1.694065894508600678E-18, -53.81650743556752303 ) ) ;
#1936 = AXIS2_PLACEMENT_3D ( 'NONE', #5301, #1529, #3214 ) ;
#1937 = CARTESIAN_POINT ( 'NONE',  ( 51.50791639986921666, 3.000000000000000000, 32.09962949993743564 ) ) ;
#1938 = CARTESIAN_POINT ( 'NONE',  ( -31.82452032347588755, 0.000000000000000000, -46.95821028762578919 ) ) ;
#1939 = CARTESIAN_POINT ( 'NONE',  ( 37.09152615237826467, 3.000000000000000000, 47.75623163360876333 ) ) ;
#1940 = CARTESIAN_POINT ( 'NONE',  ( -12.56218856668103179, 3.000000000000000000, 42.58293304568056215 ) ) ;
#1941 = CARTESIAN_POINT ( 'NONE',  ( 47.65347645414518496, 0.000000000000000000, -50.44294925997562729 ) ) ;
#1942 = CARTESIAN_POINT ( 'NONE',  ( 60.16466442879196563, 3.000000000000000000, -57.34598217878368587 ) ) ;
#1943 = CARTESIAN_POINT ( 'NONE',  ( -37.80084476696531937, 0.000000000000000000, 54.58296151726742806 ) ) ;
#1944 = CIRCLE ( 'NONE', #4396, 0.2500000000000002220 ) ;
#1945 = ORIENTED_EDGE ( 'NONE', *, *, #2181, .T. ) ;
#1946 = EDGE_CURVE ( 'NONE', #4390, #4765, #3904, .T. ) ;
#1947 = CARTESIAN_POINT ( 'NONE',  ( -47.97038724757351957, 3.000000000000000000, 48.01432368930916539 ) ) ;
#1948 = VECTOR ( 'NONE', #2559, 1000.000000000000000 ) ;
#1949 = CARTESIAN_POINT ( 'NONE',  ( -4.024501119728221887, 0.000000000000000000, 33.26446250471916954 ) ) ;
#1950 = ORIENTED_EDGE ( 'NONE', *, *, #3139, .F. ) ;
#1951 = EDGE_LOOP ( 'NONE', ( #3374, #593, #4138, #3585 ) ) ;
#1952 = DIRECTION ( 'NONE',  ( -0.000000000000000000, -1.000000000000000000, -0.000000000000000000 ) ) ;
#1953 = ORIENTED_EDGE ( 'NONE', *, *, #1582, .F. ) ;
#1954 = DIRECTION ( 'NONE',  ( -0.000000000000000000, 1.000000000000000000, -0.000000000000000000 ) ) ;
#1955 = DIRECTION ( 'NONE',  ( -2.081668171172170407E-14, 0.000000000000000000, 1.000000000000000000 ) ) ;
#1956 = VECTOR ( 'NONE', #5165, 1000.000000000000000 ) ;
#1957 = EDGE_CURVE ( 'NONE', #3169, #5212, #4486, .T. ) ;
#1958 = LINE ( 'NONE', #2902, #2627 ) ;
#1959 = VECTOR ( 'NONE', #3743, 1000.000000000000000 ) ;
#1960 = CARTESIAN_POINT ( 'NONE',  ( 19.63757380277242959, 3.000000000000000000, -3.089000000000001300 ) ) ;
#1961 = CARTESIAN_POINT ( 'NONE',  ( -13.60674997828285271, 3.000000000000000444, 35.53794733254291316 ) ) ;
#1962 = PLANE ( 'NONE',  #1453 ) ;
#1963 = EDGE_CURVE ( 'NONE', #4423, #1232, #3339, .T. ) ;
#1964 = DIRECTION ( 'NONE',  ( 0.000000000000000000, 1.000000000000000000, 0.000000000000000000 ) ) ;
#1965 = CARTESIAN_POINT ( 'NONE',  ( 57.63713850004248229, 3.000000000000000000, 2.231479422910178201 ) ) ;
#1966 = CARTESIAN_POINT ( 'NONE',  ( -62.18195581727540855, 3.000000000000000000, -51.24310241979229374 ) ) ;
#1967 = CARTESIAN_POINT ( 'NONE',  ( -25.04646925433932125, 3.000000000000000000, 50.90397181029609897 ) ) ;
#1968 = ORIENTED_EDGE ( 'NONE', *, *, #2813, .F. ) ;
#1969 = DIRECTION ( 'NONE',  ( 0.000000000000000000, 1.000000000000000000, 0.000000000000000000 ) ) ;
#1970 = VECTOR ( 'NONE', #665, 1000.000000000000000 ) ;
#1971 = DIRECTION ( 'NONE',  ( 0.000000000000000000, -1.000000000000000000, 0.000000000000000000 ) ) ;
#1972 = CARTESIAN_POINT ( 'NONE',  ( -9.007222369907294635, 0.000000000000000000, -17.17232131894527924 ) ) ;
#1973 = VECTOR ( 'NONE', #2992, 1000.000000000000000 ) ;
#1974 = ORIENTED_EDGE ( 'NONE', *, *, #3378, .F. ) ;
#1975 = AXIS2_PLACEMENT_3D ( 'NONE', #909, #594, #2154 ) ;
#1976 = VERTEX_POINT ( 'NONE', #1016 ) ;
#1977 = CARTESIAN_POINT ( 'NONE',  ( -50.99204152812359325, 3.000000000000000888, 2.383350968251920055 ) ) ;
#1978 = ORIENTED_EDGE ( 'NONE', *, *, #3587, .F. ) ;
#1979 = LINE ( 'NONE', #2816, #4437 ) ;
#1980 = CARTESIAN_POINT ( 'NONE',  ( 56.17797069690737999, 0.000000000000000000, 4.031167890004335952 ) ) ;
#1981 = DIRECTION ( 'NONE',  ( -0.000000000000000000, 1.000000000000000000, -0.000000000000000000 ) ) ;
#1982 = CARTESIAN_POINT ( 'NONE',  ( 69.13237399999999866, 8.673617379884035472E-16, -79.74136900000000594 ) ) ;
#1983 = VECTOR ( 'NONE', #1274, 1000.000000000000114 ) ;
#1984 = EDGE_CURVE ( 'NONE', #3466, #5225, #4179, .T. ) ;
#1985 = ADVANCED_FACE ( 'NONE', ( #3343 ), #3247, .F. ) ;
#1986 = CARTESIAN_POINT ( 'NONE',  ( -56.99661394790859248, 3.000000000000000000, 24.68591891454632403 ) ) ;
#1987 = EDGE_CURVE ( 'NONE', #569, #5428, #1636, .T. ) ;
#1988 = CARTESIAN_POINT ( 'NONE',  ( 34.99792729933509605, 3.000000000000000000, 47.30815342917009048 ) ) ;
#1989 = CARTESIAN_POINT ( 'NONE',  ( -7.882842367380940907, 3.000000000000000000, 17.00712899999999905 ) ) ;
#1990 = EDGE_CURVE ( 'NONE', #1723, #1531, #864, .T. ) ;
#1991 = CARTESIAN_POINT ( 'NONE',  ( -45.96153700000000697, 0.000000000000000000, 8.652596999999996541 ) ) ;
#1992 = DIRECTION ( 'NONE',  ( 0.000000000000000000, 0.000000000000000000, 1.000000000000000000 ) ) ;
#1993 = CARTESIAN_POINT ( 'NONE',  ( 22.39453450200806373, 3.000000000000000000, -26.17634925228962928 ) ) ;
#1994 = CARTESIAN_POINT ( 'NONE',  ( -53.47598139266078476, 0.000000000000000000, 53.82176670587931255 ) ) ;
#1995 = ORIENTED_EDGE ( 'NONE', *, *, #4159, .T. ) ;
#1996 = CARTESIAN_POINT ( 'NONE',  ( -47.97038724757351957, 1.694065894508600678E-18, 48.01432368930916539 ) ) ;
#1997 = EDGE_CURVE ( 'NONE', #4201, #3345, #5198, .T. ) ;
#1998 = CARTESIAN_POINT ( 'NONE',  ( 23.65086152088949945, 0.000000000000000000, 42.96565016714738050 ) ) ;
#1999 = DIRECTION ( 'NONE',  ( 0.000000000000000000, 0.000000000000000000, 1.000000000000000000 ) ) ;
#2000 = ORIENTED_EDGE ( 'NONE', *, *, #3517, .F. ) ;
#2001 = VERTEX_POINT ( 'NONE', #2117 ) ;
#2002 = CARTESIAN_POINT ( 'NONE',  ( -64.01178917178602035, 0.000000000000000000, -39.55785164556753131 ) ) ;
#2003 = VERTEX_POINT ( 'NONE', #4046 ) ;
#2004 = VECTOR ( 'NONE', #1330, 1000.000000000000114 ) ;
#2005 = DIRECTION ( 'NONE',  ( 0.000000000000000000, 0.000000000000000000, 1.000000000000000000 ) ) ;
#2006 = EDGE_CURVE ( 'NONE', #2876, #4083, #5262, .T. ) ;
#2007 = CARTESIAN_POINT ( 'NONE',  ( 14.72103737457617179, 0.000000000000000000, 17.00712899999999905 ) ) ;
#2008 = ADVANCED_FACE ( 'NONE', ( #2797 ), #3308, .T. ) ;
#2009 = CARTESIAN_POINT ( 'NONE',  ( 68.13813611361483424, 8.673617379884035472E-16, -79.08096968537924454 ) ) ;
#2010 = CIRCLE ( 'NONE', #3513, 0.1215992993800346644 ) ;
#2011 = CARTESIAN_POINT ( 'NONE',  ( -44.05158331249109693, 0.000000000000000000, -59.76628165142322757 ) ) ;
#2012 = CARTESIAN_POINT ( 'NONE',  ( 63.84392022541653233, 0.000000000000000000, -41.95712549600501973 ) ) ;
#2013 = DIRECTION ( 'NONE',  ( 0.000000000000000000, 0.000000000000000000, 1.000000000000000000 ) ) ;
#2014 = CARTESIAN_POINT ( 'NONE',  ( -11.24952735848692420, 0.000000000000000000, 33.04450610827812795 ) ) ;
#2015 = CIRCLE ( 'NONE', #4197, 0.2500000000000002220 ) ;
#2016 = CARTESIAN_POINT ( 'NONE',  ( 0.000000000000000000, 3.000000000000000000, -33.50000000000000000 ) ) ;
#2017 = CARTESIAN_POINT ( 'NONE',  ( 21.61899999999999267, 3.000000000000000000, -2.338999999999997303 ) ) ;
#2018 = CARTESIAN_POINT ( 'NONE',  ( 45.60122540087225218, 0.000000000000000000, 55.26084292898465122 ) ) ;
#2019 = ORIENTED_EDGE ( 'NONE', *, *, #3426, .F. ) ;
#2020 = DIRECTION ( 'NONE',  ( 0.000000000000000000, 0.000000000000000000, 1.000000000000000000 ) ) ;
#2021 = ADVANCED_FACE ( 'NONE', ( #390 ), #2954, .F. ) ;
#2022 = CARTESIAN_POINT ( 'NONE',  ( 26.47344139707613664, 3.000000000000000000, 44.38067799441639494 ) ) ;
#2023 = CIRCLE ( 'NONE', #2382, 0.1143568108858041693 ) ;
#2024 = CARTESIAN_POINT ( 'NONE',  ( -46.65100804918601796, 0.000000000000000000, -62.18904330299390182 ) ) ;
#2025 = EDGE_LOOP ( 'NONE', ( #3481, #851, #2000, #2924 ) ) ;
#2026 = ORIENTED_EDGE ( 'NONE', *, *, #4104, .T. ) ;
#2027 = EDGE_CURVE ( 'NONE', #182, #5079, #4127, .T. ) ;
#2028 = CARTESIAN_POINT ( 'NONE',  ( -60.16466442879200116, 3.000000000000000888, -57.34598217878367166 ) ) ;
#2029 = ORIENTED_EDGE ( 'NONE', *, *, #425, .F. ) ;
#2030 = CARTESIAN_POINT ( 'NONE',  ( 50.34286287370224500, 3.000000000000000000, 20.05440397528275653 ) ) ;
#2031 = LINE ( 'NONE', #4479, #345 ) ;
#2032 = VERTEX_POINT ( 'NONE', #3234 ) ;
#2033 = CARTESIAN_POINT ( 'NONE',  ( 57.52873128446579898, 8.673617379884035472E-16, -71.38674136512977952 ) ) ;
#2034 = CARTESIAN_POINT ( 'NONE',  ( -66.16332437088969698, 0.000000000000000000, -77.74163664067302193 ) ) ;
#2035 = CARTESIAN_POINT ( 'NONE',  ( 20.13757380277242959, 3.000000000000000000, -2.588999999999999524 ) ) ;
#2036 = LINE ( 'NONE', #2885, #3650 ) ;
#2037 = CARTESIAN_POINT ( 'NONE',  ( 51.84063968968352754, 1.694065894508600678E-18, 9.753362731230172500 ) ) ;
#2038 = CARTESIAN_POINT ( 'NONE',  ( 58.02885117147218352, 3.000000000000000000, 34.01454673380372640 ) ) ;
#2039 = ORIENTED_EDGE ( 'NONE', *, *, #3543, .F. ) ;
#2040 = CARTESIAN_POINT ( 'NONE',  ( -7.803807588814857255, 3.000000000000000000, -14.11297399999998703 ) ) ;
#2041 = ORIENTED_EDGE ( 'NONE', *, *, #28, .T. ) ;
#2042 = CARTESIAN_POINT ( 'NONE',  ( -48.78284044652381368, 1.694065894508600678E-18, 46.23368580428790153 ) ) ;
#2043 = AXIS2_PLACEMENT_3D ( 'NONE', #1898, #2785, #3656 ) ;
#2044 = CARTESIAN_POINT ( 'NONE',  ( 18.35362831203879352, 0.000000000000000000, 39.58721854979213362 ) ) ;
#2045 = CARTESIAN_POINT ( 'NONE',  ( -23.29010782125181223, 0.000000000000000000, -36.28146475517992542 ) ) ;
#2046 = ADVANCED_FACE ( 'NONE', ( #1132 ), #5326, .T. ) ;
#2047 = ORIENTED_EDGE ( 'NONE', *, *, #1108, .F. ) ;
#2048 = EDGE_CURVE ( 'NONE', #1772, #2858, #2200, .T. ) ;
#2049 = ORIENTED_EDGE ( 'NONE', *, *, #4924, .F. ) ;
#2050 = AXIS2_PLACEMENT_3D ( 'NONE', #4973, #3674, #733 ) ;
#2051 = DIRECTION ( 'NONE',  ( 0.000000000000000000, 1.000000000000000000, 0.000000000000000000 ) ) ;
#2052 = CARTESIAN_POINT ( 'NONE',  ( 14.25599330672076803, 3.000000000000000000, 18.66933787308416726 ) ) ;
#2053 = ORIENTED_EDGE ( 'NONE', *, *, #1896, .T. ) ;
#2054 = CARTESIAN_POINT ( 'NONE',  ( 9.474660306720766201, 3.000000000000000000, 19.95049287308416197 ) ) ;
#2055 = DIRECTION ( 'NONE',  ( -0.6894033162340920118, 0.000000000000000000, -0.7243777105664119809 ) ) ;
#2056 = VERTEX_POINT ( 'NONE', #1993 ) ;
#2057 = CARTESIAN_POINT ( 'NONE',  ( 27.63585988197559118, 8.673617379884035472E-16, -41.92596029648237987 ) ) ;
#2058 = AXIS2_PLACEMENT_3D ( 'NONE', #1633, #377, #3714 ) ;
#2059 = CARTESIAN_POINT ( 'NONE',  ( -53.07011903057330215, 3.000000000000000000, 12.41944438019204000 ) ) ;
#2060 = CARTESIAN_POINT ( 'NONE',  ( 64.04801948120224608, 3.000000000000000000, -34.74970771442661288 ) ) ;
#2061 = DIRECTION ( 'NONE',  ( -0.000000000000000000, -1.000000000000000000, -0.000000000000000000 ) ) ;
#2062 = CARTESIAN_POINT ( 'NONE',  ( -49.96147903824127212, 1.694065894508600678E-18, 42.94775139102330996 ) ) ;
#2063 = EDGE_CURVE ( 'NONE', #4061, #2690, #3675, .T. ) ;
#2064 = CARTESIAN_POINT ( 'NONE',  ( 21.61899999999999267, 0.000000000000000000, -2.589000000000005297 ) ) ;
#2065 = DIRECTION ( 'NONE',  ( 0.000000000000000000, 1.000000000000000000, 0.000000000000000000 ) ) ;
#2066 = ORIENTED_EDGE ( 'NONE', *, *, #3825, .T. ) ;
#2067 = CARTESIAN_POINT ( 'NONE',  ( -58.02885117147218352, 0.000000000000000000, 34.01454673380372640 ) ) ;
#2068 = ORIENTED_EDGE ( 'NONE', *, *, #4104, .F. ) ;
#2069 = CARTESIAN_POINT ( 'NONE',  ( 27.92268347685851637, 3.000000000000000000, 45.01560170785818826 ) ) ;
#2070 = DIRECTION ( 'NONE',  ( -0.000000000000000000, 1.000000000000000000, -0.000000000000000000 ) ) ;
#2071 = VERTEX_POINT ( 'NONE', #287 ) ;
#2072 = ORIENTED_EDGE ( 'NONE', *, *, #3163, .T. ) ;
#2073 = EDGE_CURVE ( 'NONE', #5199, #1483, #2124, .T. ) ;
#2074 = FACE_OUTER_BOUND ( 'NONE', #4974, .T. ) ;
#2075 = CARTESIAN_POINT ( 'NONE',  ( -58.71861801067646525, -1.694065894508600678E-18, -57.83574191295417677 ) ) ;
#2076 = VERTEX_POINT ( 'NONE', #4981 ) ;
#2077 = CARTESIAN_POINT ( 'NONE',  ( 54.32950738889224596, 0.000000000000000000, 6.184309070479768522 ) ) ;
#2078 = CYLINDRICAL_SURFACE ( 'NONE', #3380, 0.2500000000000002220 ) ;
#2079 = EDGE_LOOP ( 'NONE', ( #2409, #3519, #3555, #4743 ) ) ;
#2080 = CARTESIAN_POINT ( 'NONE',  ( -46.60479208711303301, 0.000000000000000000, 48.58604334559871774 ) ) ;
#2081 = B_SPLINE_CURVE_WITH_KNOTS ( 'NONE', 3,
 ( #1668, #3338, #994, #554, #5270, #3514, #2298, #3572, #1473, #4823, #1445, #3155, #3129, #3884, #4411, #4703, #930, #2621, #5189, #1415 ),
 .UNSPECIFIED., .F., .F.,
 ( 4, 1, 1, 1, 1, 1, 1, 1, 1, 1, 1, 1, 1, 1, 1, 1, 1, 4 ),
 ( 0.000000000000000000, 0.05394712801074350722, 0.1078116935124601855, 0.1617479887758064561, 0.2158501314831371976, 0.2701579154727004051, 0.3246630592581971064, 0.3793154854655140795, 0.4340294972618318758, 0.5431199617965655202, 0.5972269168538686390, 0.6507980596968709897, 0.7035382084927561674, 0.7555556781335446281, 0.8063317373373791730, 0.8557563589963054218, 0.9286614918859018575, 0.9852771438193279607 ),
 .UNSPECIFIED. ) ;
#2082 = CARTESIAN_POINT ( 'NONE',  ( 0.000000000000000000, 3.000000000000000000, -33.50000000000000000 ) ) ;
#2083 = CARTESIAN_POINT ( 'NONE',  ( -14.09532993816151070, 3.000000000000000000, 18.66933997183933513 ) ) ;
#2084 = CARTESIAN_POINT ( 'NONE',  ( 23.65928550861623236, 3.000000000000000000, -27.76975728627122564 ) ) ;
#2085 = CARTESIAN_POINT ( 'NONE',  ( -19.05613964030383300, 3.000000000000000000, 17.00712899999999905 ) ) ;
#2086 = CARTESIAN_POINT ( 'NONE',  ( 14.25599330672076803, 0.000000000000000000, 18.66933787308416726 ) ) ;
#2087 = B_SPLINE_CURVE_WITH_KNOTS ( 'NONE', 3,
 ( #2303, #1033, #1085, #5247, #4444, #967, #1478, #672, #2357, #4326, #558, #3696, #1610, #73, #3441, #1254, #5119, #1376, #3058, #4726 ),
 .UNSPECIFIED., .F., .F.,
 ( 4, 1, 1, 1, 1, 1, 1, 1, 1, 1, 1, 1, 1, 1, 1, 1, 1, 4 ),
 ( 0.000000000000000000, 0.06114976956808763908, 0.09174933005458461854, 0.1223654752115593825, 0.1768090400663146211, 0.2313128205766634138, 0.2858867812332531178, 0.3951408668983860673, 0.4498602984943149696, 0.5046339889474501517, 0.5594618429825968242, 0.6143436911704879266, 0.7242631389879071735, 0.7793052841105531092, 0.8344002672575118185, 0.8895478291990016606, 0.9447477873492605704, 1.000000000000000000 ),
 .UNSPECIFIED. ) ;
#2088 = VERTEX_POINT ( 'NONE', #4619 ) ;
#2089 = CARTESIAN_POINT ( 'NONE',  ( -54.20032901009870585, 3.000000000000000000, 15.00778510851577785 ) ) ;
#2090 = VERTEX_POINT ( 'NONE', #844 ) ;
#2091 = CIRCLE ( 'NONE', #760, 1.000000000000000888 ) ;
#2092 = CARTESIAN_POINT ( 'NONE',  ( 58.71861801067645814, 0.000000000000000000, -57.83574191295416966 ) ) ;
#2093 = PLANE ( 'NONE',  #1042 ) ;
#2094 = CARTESIAN_POINT ( 'NONE',  ( 47.19567886917845811, 1.694065894508600678E-18, 11.97525126644446303 ) ) ;
#2095 = ORIENTED_EDGE ( 'NONE', *, *, #3950, .F. ) ;
#2096 = ORIENTED_EDGE ( 'NONE', *, *, #2390, .T. ) ;
#2097 = CARTESIAN_POINT ( 'NONE',  ( 47.97038724757350536, -1.734723475976807094E-15, 48.01432368930920802 ) ) ;
#2098 = CARTESIAN_POINT ( 'NONE',  ( 55.33109697127581228, 3.000000000000000000, 49.99432001844002116 ) ) ;
#2099 = CARTESIAN_POINT ( 'NONE',  ( -18.30034746835531578, 3.000000000000000000, 47.36787755499586439 ) ) ;
#2100 = ORIENTED_EDGE ( 'NONE', *, *, #3981, .F. ) ;
#2101 = EDGE_CURVE ( 'NONE', #364, #3464, #4566, .T. ) ;
#2102 = VECTOR ( 'NONE', #1544, 1000.000000000000000 ) ;
#2103 = CARTESIAN_POINT ( 'NONE',  ( -59.23442243365285265, 3.000000000000000000, -56.97903554713330720 ) ) ;
#2104 = ORIENTED_EDGE ( 'NONE', *, *, #3175, .F. ) ;
#2105 = AXIS2_PLACEMENT_3D ( 'NONE', #3098, #899, #82 ) ;
#2106 = CARTESIAN_POINT ( 'NONE',  ( -23.65928550861623236, 0.000000000000000000, -27.76975728627122564 ) ) ;
#2107 = EDGE_CURVE ( 'NONE', #3722, #4626, #48, .T. ) ;
#2108 = CARTESIAN_POINT ( 'NONE',  ( 64.01178917178602035, 0.000000000000000000, -39.55785164556753131 ) ) ;
#2109 = CARTESIAN_POINT ( 'NONE',  ( -47.97038724757351247, 3.000000000000000000, 48.01432368930916539 ) ) ;
#2110 = CARTESIAN_POINT ( 'NONE',  ( -74.78042380755752561, 0.000000000000000000, -57.00402461466837423 ) ) ;
#2111 = EDGE_CURVE ( 'NONE', #3930, #3658, #1332, .T. ) ;
#2112 = CARTESIAN_POINT ( 'NONE',  ( 16.31038336920622100, 3.000000000000000000, 45.98956754242480827 ) ) ;
#2113 = CARTESIAN_POINT ( 'NONE',  ( -51.50800033596801342, 0.000000000000000000, 25.45550268765823532 ) ) ;
#2114 = ORIENTED_EDGE ( 'NONE', *, *, #5048, .F. ) ;
#2115 = CARTESIAN_POINT ( 'NONE',  ( 37.80084476696531937, 0.000000000000000000, 54.58296151726742806 ) ) ;
#2116 = ORIENTED_EDGE ( 'NONE', *, *, #2976, .F. ) ;
#2117 = CARTESIAN_POINT ( 'NONE',  ( -8.286770428151051249, 0.000000000000000000, -14.48356420199256256 ) ) ;
#2118 = LINE ( 'NONE', #3725, #1142 ) ;
#2119 = CARTESIAN_POINT ( 'NONE',  ( 11.76026647330483144, 3.000000000000000000, 33.57611457789100484 ) ) ;
#2120 = CARTESIAN_POINT ( 'NONE',  ( 57.68726925134266992, 3.000000000000000000, -9.020513918806257081 ) ) ;
#2121 = CARTESIAN_POINT ( 'NONE',  ( 51.50800033596801342, 1.694065894508600678E-18, 25.45550268765823532 ) ) ;
#2122 = ADVANCED_FACE ( 'NONE', ( #5003 ), #2500, .F. ) ;
#2123 = EDGE_LOOP ( 'NONE', ( #2488, #2525, #4520, #2974 ) ) ;
#2124 = LINE ( 'NONE', #4675, #1511 ) ;
#2125 = VERTEX_POINT ( 'NONE', #3270 ) ;
#2126 = CARTESIAN_POINT ( 'NONE',  ( -4.024501119728221887, 3.000000000000000000, 34.26446250471916954 ) ) ;
#2127 = DIRECTION ( 'NONE',  ( -0.000000000000000000, -1.000000000000000000, -0.000000000000000000 ) ) ;
#2128 = CARTESIAN_POINT ( 'NONE',  ( 55.33109697127581228, 0.000000000000000000, 49.99432001844002116 ) ) ;
#2129 = CARTESIAN_POINT ( 'NONE',  ( -9.248703789575392520, 0.000000000000000000, -17.10761641994157145 ) ) ;
#2130 = ORIENTED_EDGE ( 'NONE', *, *, #4439, .T. ) ;
#2131 = DIRECTION ( 'NONE',  ( -0.000000000000000000, -1.000000000000000000, -0.000000000000000000 ) ) ;
#2132 = ORIENTED_EDGE ( 'NONE', *, *, #5278, .F. ) ;
#2133 = CARTESIAN_POINT ( 'NONE',  ( -14.73464199026328458, 0.000000000000000000, 36.61033438734273204 ) ) ;
#2134 = CARTESIAN_POINT ( 'NONE',  ( -69.19424598455805153, 3.000000000000000000, -79.76004523117879330 ) ) ;
#2135 = CARTESIAN_POINT ( 'NONE',  ( 23.29010782125181223, 0.000000000000000000, -36.28146475517992542 ) ) ;
#2136 = CARTESIAN_POINT ( 'NONE',  ( -51.50800033596801342, 1.694065894508600678E-18, 25.45550268765823532 ) ) ;
#2137 = CARTESIAN_POINT ( 'NONE',  ( -74.44460913759078835, 0.000000000000000000, -59.90541375806012070 ) ) ;
#2138 = AXIS2_PLACEMENT_3D ( 'NONE', #3521, #5194, #1813 ) ;
#2139 = EDGE_CURVE ( 'NONE', #1167, #3110, #2796, .T. ) ;
#2140 = CARTESIAN_POINT ( 'NONE',  ( -14.09532993816151070, 0.000000000000000000, 18.66933997183933513 ) ) ;
#2141 = EDGE_CURVE ( 'NONE', #990, #1858, #1122, .T. ) ;
#2142 = CARTESIAN_POINT ( 'NONE',  ( -51.25356861471068015, 0.000000000000000000, 36.12266035880166015 ) ) ;
#2143 = ORIENTED_EDGE ( 'NONE', *, *, #904, .F. ) ;
#2144 = CARTESIAN_POINT ( 'NONE',  ( 52.95461300000000193, 0.000000000000000000, 54.60650600000000310 ) ) ;
#2145 = B_SPLINE_CURVE_WITH_KNOTS ( 'NONE', 3,
 ( #3101, #3256, #357, #259, #3188, #1966, #2778, #4880, #1556, #1131, #5348, #2844, #4512, #1368, #502, #2222, #3433, #5076, #3465, #98, #2782, #2750, #241, #2159, #3051, #2574, #4304, #3838, #5173 ),
 .UNSPECIFIED., .F., .F.,
 ( 4, 1, 1, 1, 1, 1, 1, 1, 1, 1, 1, 1, 1, 1, 1, 1, 1, 1, 1, 1, 1, 1, 1, 1, 1, 1, 4 ),
 ( 0.01626531257874619038, 0.04111402754415676569, 0.06253455977862762416, 0.08393730617627745416, 0.1053246189871423072, 0.1266973114131078881, 0.1480569171613328738, 0.1693985197110032814, 0.2027737821445751709, 0.2360932871331386518, 0.2693845311223544425, 0.3026680391738904019, 0.3359589306420301402, 0.3692699668901353038, 0.4026105823252937310, 0.4359877173268630890, 0.4694056090374176815, 0.5028659703052755781, 0.5363688304117252281, 0.6706393277260711550, 0.7042957748563131171, 0.7410512762273333554, 0.8147148193594756505, 0.8516404735918039481, 0.8886280513493518551, 0.9256777793044945746, 1.000000000000000000 ),
 .UNSPECIFIED. ) ;
#2146 = VECTOR ( 'NONE', #2932, 1000.000000000000000 ) ;
#2147 = CARTESIAN_POINT ( 'NONE',  ( -18.30034746835531578, 0.000000000000000000, 47.36787755499586439 ) ) ;
#2148 = CARTESIAN_POINT ( 'NONE',  ( 24.47410492277700911, 3.000000000000000000, -37.87109014429641718 ) ) ;
#2149 = CARTESIAN_POINT ( 'NONE',  ( 50.78777952006335283, 1.694065894508600678E-18, 39.56614224820167180 ) ) ;
#2150 = VERTEX_POINT ( 'NONE', #1757 ) ;
#2151 = CARTESIAN_POINT ( 'NONE',  ( 0.000000000000000000, 0.000000000000000000, 0.000000000000000000 ) ) ;
#2152 = ORIENTED_EDGE ( 'NONE', *, *, #4532, .F. ) ;
#2153 = CARTESIAN_POINT ( 'NONE',  ( -9.313997030549471035, 3.000000000000000000, 19.95049399325371553 ) ) ;
#2154 = DIRECTION ( 'NONE',  ( 0.000000000000000000, 0.000000000000000000, 1.000000000000000000 ) ) ;
#2155 = CARTESIAN_POINT ( 'NONE',  ( -52.93105502202837442, 0.000000000000000000, 54.48721052110997221 ) ) ;
#2156 = CARTESIAN_POINT ( 'NONE',  ( 11.24952735848741447, 0.000000000000000000, 33.04450610827865376 ) ) ;
#2157 = CARTESIAN_POINT ( 'NONE',  ( -11.35743694670103032, 0.000000000000000000, 41.26634692105835001 ) ) ;
#2158 = VERTEX_POINT ( 'NONE', #5083 ) ;
#2159 = CARTESIAN_POINT ( 'NONE',  ( -54.41307803009701871, 3.000000000000000000, -2.815150853046603618 ) ) ;
#2160 = ORIENTED_EDGE ( 'NONE', *, *, #3147, .T. ) ;
#2161 = ADVANCED_FACE ( 'NONE', ( #2756 ), #1469, .T. ) ;
#2162 = DIRECTION ( 'NONE',  ( 0.000000000000000000, 1.000000000000000000, 0.000000000000000000 ) ) ;
#2163 = CARTESIAN_POINT ( 'NONE',  ( 48.86364677452226601, 3.000000000000000000, 5.251642415774235850 ) ) ;
#2164 = DIRECTION ( 'NONE',  ( 0.9659257917483693445, 0.000000000000000000, -0.2588191740101296601 ) ) ;
#2165 = EDGE_CURVE ( 'NONE', #3133, #5058, #293, .T. ) ;
#2166 = CARTESIAN_POINT ( 'NONE',  ( -72.76443933393984764, 0.000000000000000000, -28.77339385267436001 ) ) ;
#2167 = CARTESIAN_POINT ( 'NONE',  ( -20.94001384332798210, 3.000000000000000000, 41.36474856949019596 ) ) ;
#2168 = CARTESIAN_POINT ( 'NONE',  ( 12.56218856668103179, 3.000000000000000000, 42.58293304568056215 ) ) ;
#2169 = CARTESIAN_POINT ( 'NONE',  ( -51.25850343980033585, 0.000000000000000000, 23.70324265457825064 ) ) ;
#2170 = VERTEX_POINT ( 'NONE', #183 ) ;
#2171 = CARTESIAN_POINT ( 'NONE',  ( -32.92924601521909267, -4.336808689942017736E-16, 46.76567725665499609 ) ) ;
#2172 = CARTESIAN_POINT ( 'NONE',  ( 73.88660271667157531, 0.000000000000000000, -34.07411965320424230 ) ) ;
#2173 = VERTEX_POINT ( 'NONE', #3193 ) ;
#2174 = CARTESIAN_POINT ( 'NONE',  ( -13.99837713361113245, 0.000000000000000000, -14.74238379800740617 ) ) ;
#2175 = DIRECTION ( 'NONE',  ( -0.000000000000000000, 0.000000000000000000, -1.000000000000000000 ) ) ;
#2176 = DIRECTION ( 'NONE',  ( -0.000000000000000000, 1.000000000000000000, -0.000000000000000000 ) ) ;
#2177 = AXIS2_PLACEMENT_3D ( 'NONE', #4086, #294, #4911 ) ;
#2178 = CARTESIAN_POINT ( 'NONE',  ( 50.93818735582407697, 1.694065894508600678E-18, 38.70979032364790129 ) ) ;
#2179 = EDGE_LOOP ( 'NONE', ( #2047, #1163, #187, #1095 ) ) ;
#2180 = CARTESIAN_POINT ( 'NONE',  ( 69.13237399999999866, 0.000000000000000000, -79.74136900000000594 ) ) ;
#2181 = EDGE_CURVE ( 'NONE', #1230, #1292, #2406, .T. ) ;
#2182 = ORIENTED_EDGE ( 'NONE', *, *, #4851, .T. ) ;
#2183 = CYLINDRICAL_SURFACE ( 'NONE', #623, 0.5000000000000004441 ) ;
#2184 = AXIS2_PLACEMENT_3D ( 'NONE', #118, #1808, #5131 ) ;
#2185 = DIRECTION ( 'NONE',  ( 0.000000000000000000, 1.000000000000000000, 0.000000000000000000 ) ) ;
#2186 = CARTESIAN_POINT ( 'NONE',  ( 21.61899999999999267, 0.000000000000000000, 2.861000000000001542 ) ) ;
#2187 = CARTESIAN_POINT ( 'NONE',  ( 56.86714897299667371, 3.000000000000000000, 45.11435451232583205 ) ) ;
#2188 = CARTESIAN_POINT ( 'NONE',  ( -45.96153700000000697, 3.000000000000000888, 8.652596999999996541 ) ) ;
#2189 = ORIENTED_EDGE ( 'NONE', *, *, #3778, .T. ) ;
#2190 = CARTESIAN_POINT ( 'NONE',  ( -74.67863634339457235, 0.000000000000000000, -39.51896701767081765 ) ) ;
#2191 = ADVANCED_FACE ( 'NONE', ( #5250 ), #3218, .T. ) ;
#2192 = ORIENTED_EDGE ( 'NONE', *, *, #2808, .F. ) ;
#2193 = CARTESIAN_POINT ( 'NONE',  ( 72.83873756801051513, 0.000000000000000000, -68.52445798008615441 ) ) ;
#2194 = AXIS2_PLACEMENT_3D ( 'NONE', #1426, #2695, #216 ) ;
#2195 = CARTESIAN_POINT ( 'NONE',  ( -36.04190671085773801, 0.000000000000000000, 47.54403607927838493 ) ) ;
#2196 = DIRECTION ( 'NONE',  ( 0.000000000000000000, 1.000000000000000000, 0.000000000000000000 ) ) ;
#2197 = CYLINDRICAL_SURFACE ( 'NONE', #1097, 0.5000000000000004441 ) ;
#2198 = CARTESIAN_POINT ( 'NONE',  ( -75.03960419855475550, 0.000000000000000000, -43.39444461246201712 ) ) ;
#2199 = DIRECTION ( 'NONE',  ( 0.000000000000000000, 0.000000000000000000, 1.000000000000000000 ) ) ;
#2200 = CIRCLE ( 'NONE', #2455, 0.9999999999999991118 ) ;
#2201 = CARTESIAN_POINT ( 'NONE',  ( -40.67925743880248746, 3.000000000000000000, -44.92703291855361414 ) ) ;
#2202 = CARTESIAN_POINT ( 'NONE',  ( -51.62816443538031308, 0.000000000000000000, 27.14092059717915717 ) ) ;
#2203 = VERTEX_POINT ( 'NONE', #1113 ) ;
#2204 = CARTESIAN_POINT ( 'NONE',  ( -44.54573830231650788, -4.336808689942017736E-16, 48.57128015277073274 ) ) ;
#2205 = DIRECTION ( 'NONE',  ( 0.000000000000000000, 1.000000000000000000, 0.000000000000000000 ) ) ;
#2206 = ORIENTED_EDGE ( 'NONE', *, *, #3300, .F. ) ;
#2207 = DIRECTION ( 'NONE',  ( -0.000000000000000000, 1.000000000000000000, -0.000000000000000000 ) ) ;
#2208 = DIRECTION ( 'NONE',  ( 0.000000000000000000, 0.000000000000000000, 1.000000000000000000 ) ) ;
#2209 = VECTOR ( 'NONE', #1969, 1000.000000000000000 ) ;
#2210 = PLANE ( 'NONE',  #3609 ) ;
#2211 = CARTESIAN_POINT ( 'NONE',  ( -21.97600000000000264, 3.000000000000000000, -2.339000000000000856 ) ) ;
#2212 = CARTESIAN_POINT ( 'NONE',  ( -4.780370999999997039, 0.000000000000000000, 33.60814899999999739 ) ) ;
#2213 = VERTEX_POINT ( 'NONE', #1480 ) ;
#2214 = ORIENTED_EDGE ( 'NONE', *, *, #1604, .F. ) ;
#2215 = CARTESIAN_POINT ( 'NONE',  ( -58.71861801067646525, -1.694065894508600678E-18, -57.83574191295417677 ) ) ;
#2216 = EDGE_CURVE ( 'NONE', #678, #2430, #4143, .T. ) ;
#2217 = CARTESIAN_POINT ( 'NONE',  ( -14.56037363678291285, 3.000000000000000000, 17.00712899999999905 ) ) ;
#2218 = CARTESIAN_POINT ( 'NONE',  ( 14.28903923740461757, 3.000000000000000000, -14.74238349276135374 ) ) ;
#2219 = ADVANCED_FACE ( 'NONE', ( #2828 ), #4831, .T. ) ;
#2220 = CARTESIAN_POINT ( 'NONE',  ( 18.35362831203879352, 0.000000000000000000, 39.58721854979213362 ) ) ;
#2221 = ORIENTED_EDGE ( 'NONE', *, *, #2139, .F. ) ;
#2222 = CARTESIAN_POINT ( 'NONE',  ( -63.69711083608191160, 3.000000000000000000, -29.94895857253306559 ) ) ;
#2223 = ORIENTED_EDGE ( 'NONE', *, *, #3630, .T. ) ;
#2224 = CARTESIAN_POINT ( 'NONE',  ( 9.297883206138914503, 3.000000000000000000, -17.17231918356356601 ) ) ;
#2225 = DIRECTION ( 'NONE',  ( 0.000000000000000000, 0.000000000000000000, 1.000000000000000000 ) ) ;
#2226 = DIRECTION ( 'NONE',  ( 0.000000000000000000, 0.000000000000000000, 1.000000000000000000 ) ) ;
#2227 = LINE ( 'NONE', #2609, #2577 ) ;
#2228 = CARTESIAN_POINT ( 'NONE',  ( 50.18381454234577888, 0.000000000000000000, -65.35624814967637519 ) ) ;
#2229 = CARTESIAN_POINT ( 'NONE',  ( -74.44460913759078835, 3.000000000000000000, -59.90541375806012070 ) ) ;
#2230 = EDGE_CURVE ( 'NONE', #2597, #2955, #2265, .T. ) ;
#2231 = CARTESIAN_POINT ( 'NONE',  ( 30.10119409375531063, -1.694065894508600678E-18, -35.01173271421695432 ) ) ;
#2232 = CARTESIAN_POINT ( 'NONE',  ( -41.33421725500435429, 3.000000000000000000, 48.36646633805170836 ) ) ;
#2233 = CARTESIAN_POINT ( 'NONE',  ( -4.024501119728221887, 3.000000000000000000, 34.26446250471916954 ) ) ;
#2234 = AXIS2_PLACEMENT_3D ( 'NONE', #541, #5115, #3499 ) ;
#2235 = CARTESIAN_POINT ( 'NONE',  ( -51.50791639986921666, 3.000000000000000000, 32.09962949993743564 ) ) ;
#2236 = PRODUCT_DEFINITION_SHAPE ( 'NONE', 'NONE',  #1146 ) ;
#2237 = ORIENTED_EDGE ( 'NONE', *, *, #4656, .T. ) ;
#2238 = CARTESIAN_POINT ( 'NONE',  ( -45.75399814769915707, 3.000000000000000444, 48.59335460104893656 ) ) ;
#2239 = CARTESIAN_POINT ( 'NONE',  ( 14.32069810022330003, 0.000000000000000000, 18.91081932102126117 ) ) ;
#2240 = ORIENTED_EDGE ( 'NONE', *, *, #3939, .T. ) ;
#2241 = DIRECTION ( 'NONE',  ( 0.000000000000000000, -1.000000000000000000, 0.000000000000000000 ) ) ;
#2242 = VECTOR ( 'NONE', #5052, 999.9999999999998863 ) ;
#2243 = CARTESIAN_POINT ( 'NONE',  ( -19.80607089364104922, 0.000000000000000000, 3.361000000000002874 ) ) ;
#2244 = CARTESIAN_POINT ( 'NONE',  ( 23.29010782125181223, 3.000000000000000000, -36.28146475517992542 ) ) ;
#2245 = CARTESIAN_POINT ( 'NONE',  ( -14.48133997294732644, 3.000000000000000000, -14.11297399999998525 ) ) ;
#2246 = CARTESIAN_POINT ( 'NONE',  ( -69.50758746322182446, 0.000000000000000000, -18.46388140482782703 ) ) ;
#2247 = ORIENTED_EDGE ( 'NONE', *, *, #1957, .F. ) ;
#2248 = VERTEX_POINT ( 'NONE', #4954 ) ;
#2249 = DIRECTION ( 'NONE',  ( -0.000000000000000000, -1.000000000000000000, -0.000000000000000000 ) ) ;
#2250 = CARTESIAN_POINT ( 'NONE',  ( 14.92823454738873501, 3.000000000000000000, 44.90736115638048176 ) ) ;
#2251 = CARTESIAN_POINT ( 'NONE',  ( -45.96153700000000697, 3.000000000000000000, 8.652596999999996541 ) ) ;
#2252 = EDGE_LOOP ( 'NONE', ( #2100, #66, #4216, #3162 ) ) ;
#2253 = ORIENTED_EDGE ( 'NONE', *, *, #1521, .T. ) ;
#2254 = CARTESIAN_POINT ( 'NONE',  ( -21.72600000000000264, 3.000000000000000000, 2.861000000000001542 ) ) ;
#2255 = CARTESIAN_POINT ( 'NONE',  ( -47.65347645414518496, 0.000000000000000000, -50.44294925997562729 ) ) ;
#2256 = DIRECTION ( 'NONE',  ( -0.9659257917483693445, 0.000000000000000000, 0.2588191740101296601 ) ) ;
#2257 = CARTESIAN_POINT ( 'NONE',  ( -22.51290100000000649, 0.000000000000000000, -35.21333000000000624 ) ) ;
#2258 = CARTESIAN_POINT ( 'NONE',  ( 19.63757380277243314, 0.000000000000000000, -13.61297399999998881 ) ) ;
#2259 = CARTESIAN_POINT ( 'NONE',  ( 72.76443933393984764, 0.000000000000000000, -28.77339385267436001 ) ) ;
#2260 = CARTESIAN_POINT ( 'NONE',  ( -69.19424598455805153, 3.000000000000000000, -79.64822009782591294 ) ) ;
#2261 = CARTESIAN_POINT ( 'NONE',  ( -11.62707736313945084, 3.000000000000000000, 31.41752810122989814 ) ) ;
#2262 = CARTESIAN_POINT ( 'NONE',  ( 59.23442243365284554, 3.000000000000000000, -56.97903554713330010 ) ) ;
#2263 = CARTESIAN_POINT ( 'NONE',  ( 49.50769610875728688, -1.734723475976807094E-15, 17.62982941057849118 ) ) ;
#2264 = CARTESIAN_POINT ( 'NONE',  ( -22.51290100000000649, 3.000000000000000000, -35.21333000000000624 ) ) ;
#2265 = B_SPLINE_CURVE_WITH_KNOTS ( 'NONE', 3,
 ( #5330, #1869, #2809, #2751, #3982, #1533, #5281, #2336, #3549, #1036, #4419, #2720, #4491, #1560, #4469, #3237, #4446, #4059, #5222, #1135, #717, #1510, #696, #676, #3136, #4803, #2359, #213, #650, #3580, #4012, #4391, #4031, #242, #3604, #1925, #265, #1947 ),
 .UNSPECIFIED., .F., .F.,
 ( 4, 1, 1, 1, 1, 1, 1, 1, 1, 1, 1, 1, 1, 1, 1, 1, 1, 1, 1, 1, 1, 1, 1, 1, 1, 1, 1, 1, 1, 1, 1, 1, 1, 1, 1, 4 ),
 ( 0.000000000000000000, 0.03301402884041852726, 0.06912885791095987886, 0.1480081206765340718, 0.1894089932466170578, 0.2312116592561086204, 0.2727722837556229574, 0.2932418632890559929, 0.3134239729529152418, 0.3383068906649624452, 0.3619175127210942366, 0.3844605229609985297, 0.4061336771164703041, 0.4271340419707934655, 0.4476505252297119930, 0.4678730461783387473, 0.4879811535513915999, 0.5081484489801264548, 0.5285342454468887619, 0.5706521226300718119, 0.6642990379423662217, 0.6853247149976281483, 0.7063264560935557101, 0.7273351191429134888, 0.7483500992106640881, 0.7693748167951749428, 0.7904096843862608024, 0.8114558934687168268, 0.8325149202986216190, 0.8535873411250010090, 0.8746750485977552447, 0.8957781723743322155, 0.9168991668880944745, 0.9380373901365067768, 0.9591960121925849903, 0.9853810201268415891 ),
 .UNSPECIFIED. ) ;
#2266 = VERTEX_POINT ( 'NONE', #4517 ) ;
#2267 = CARTESIAN_POINT ( 'NONE',  ( -36.04190671085773801, 3.000000000000000444, 47.54403607927838493 ) ) ;
#2268 = CARTESIAN_POINT ( 'NONE',  ( 74.78042380755752561, 0.000000000000000000, -57.00402461466837423 ) ) ;
#2269 = VERTEX_POINT ( 'NONE', #4567 ) ;
#2270 = EDGE_CURVE ( 'NONE', #5399, #4448, #786, .T. ) ;
#2271 = CARTESIAN_POINT ( 'NONE',  ( 47.97038724757349115, 0.000000000000000000, 48.01432368930919381 ) ) ;
#2272 = DIRECTION ( 'NONE',  ( 0.000000000000000000, -1.000000000000000000, 0.000000000000000000 ) ) ;
#2273 = CARTESIAN_POINT ( 'NONE',  ( -4.024501119728221887, 0.000000000000000000, 34.26446250471916954 ) ) ;
#2274 = VECTOR ( 'NONE', #181, 1000.000000000000000 ) ;
#2275 = CARTESIAN_POINT ( 'NONE',  ( 69.19424598455805153, 3.000000000000000000, -79.76004523117879330 ) ) ;
#2276 = CARTESIAN_POINT ( 'NONE',  ( -65.82221648002720826, 0.000000000000000000, -10.32104284989116216 ) ) ;
#2277 = ORIENTED_EDGE ( 'NONE', *, *, #2063, .F. ) ;
#2278 = CARTESIAN_POINT ( 'NONE',  ( 0.000000000000000000, 0.000000000000000000, 0.000000000000000000 ) ) ;
#2279 = AXIS2_PLACEMENT_3D ( 'NONE', #2337, #4033, #4013 ) ;
#2280 = CARTESIAN_POINT ( 'NONE',  ( 32.57583771019902485, 2.602085213965210642E-15, 53.47084885933507081 ) ) ;
#2281 = CARTESIAN_POINT ( 'NONE',  ( 36.04190671085773801, 0.000000000000000000, 47.54403607927838493 ) ) ;
#2282 = ORIENTED_EDGE ( 'NONE', *, *, #5231, .F. ) ;
#2283 = EDGE_LOOP ( 'NONE', ( #4806, #2475, #2959, #3367 ) ) ;
#2284 = CARTESIAN_POINT ( 'NONE',  ( -45.94171699999998992, 0.000000000000000000, 8.763695999999999486 ) ) ;
#2285 = ADVANCED_FACE ( 'NONE', ( #3361 ), #2946, .F. ) ;
#2286 = CARTESIAN_POINT ( 'NONE',  ( -45.96153700000000697, 3.000000000000000000, 8.652596999999996541 ) ) ;
#2287 = CARTESIAN_POINT ( 'NONE',  ( 8.637894758560376474, 3.000000000000000000, 17.79356834556543632 ) ) ;
#2288 = DIRECTION ( 'NONE',  ( -0.000000000000000000, 1.000000000000000000, -0.000000000000000000 ) ) ;
#2289 = LINE ( 'NONE', #3246, #568 ) ;
#2290 = CARTESIAN_POINT ( 'NONE',  ( 22.51290100000000649, 3.000000000000000000, -35.21333000000000624 ) ) ;
#2291 = CYLINDRICAL_SURFACE ( 'NONE', #3777, 0.5000000000000004441 ) ;
#2292 = CIRCLE ( 'NONE', #4835, 0.2500000000000002220 ) ;
#2293 = CARTESIAN_POINT ( 'NONE',  ( 50.20144811616389546, 3.000000000000000000, 42.10998750058584505 ) ) ;
#2294 = CARTESIAN_POINT ( 'NONE',  ( -9.313997030549471035, 0.000000000000000000, 19.95049399325371553 ) ) ;
#2295 = CARTESIAN_POINT ( 'NONE',  ( 15.90450226889967844, 3.000000000000000000, 37.64222744140194976 ) ) ;
#2296 = CARTESIAN_POINT ( 'NONE',  ( 75.19643174213283032, 0.000000000000000000, -47.28664632753167041 ) ) ;
#2297 = EDGE_LOOP ( 'NONE', ( #501, #4035, #1717, #878 ) ) ;
#2298 = CARTESIAN_POINT ( 'NONE',  ( 57.38167299311196246, 1.694065894508600678E-18, 42.59460849329533261 ) ) ;
#2299 = FACE_OUTER_BOUND ( 'NONE', #4337, .T. ) ;
#2300 = CARTESIAN_POINT ( 'NONE',  ( 75.01598022859300841, 3.000000000000000000, -54.09374303767065584 ) ) ;
#2301 = DIRECTION ( 'NONE',  ( -0.000000000000000000, 1.000000000000000000, -0.000000000000000000 ) ) ;
#2302 = LINE ( 'NONE', #1477, #1696 ) ;
#2303 = CARTESIAN_POINT ( 'NONE',  ( -22.51290100000000649, 3.000000000000000000, -35.21333000000000624 ) ) ;
#2304 = EDGE_LOOP ( 'NONE', ( #4235, #3704, #1134, #1718 ) ) ;
#2305 = CARTESIAN_POINT ( 'NONE',  ( 9.474659920321592210, 3.000000000000000000, -16.86613297661952870 ) ) ;
#2306 = ADVANCED_FACE ( 'NONE', ( #387 ), #2334, .F. ) ;
#2307 = CARTESIAN_POINT ( 'NONE',  ( 9.539364666702272899, 0.000000000000000000, -17.10761443718288533 ) ) ;
#2308 = DIRECTION ( 'NONE',  ( -1.000000000000000000, -0.000000000000000000, 0.000000000000000000 ) ) ;
#2309 = VERTEX_POINT ( 'NONE', #4738 ) ;
#2310 = ORIENTED_EDGE ( 'NONE', *, *, #135, .F. ) ;
#2311 = LINE ( 'NONE', #658, #4670 ) ;
#2312 = CARTESIAN_POINT ( 'NONE',  ( -19.19248349561289047, 0.000000000000000000, -30.51841738412840499 ) ) ;
#2313 = CARTESIAN_POINT ( 'NONE',  ( 45.96153700000000697, 3.000000000000000000, 8.652596999999996541 ) ) ;
#2314 = AXIS2_PLACEMENT_3D ( 'NONE', #642, #2326, #4147 ) ;
#2315 = CARTESIAN_POINT ( 'NONE',  ( 45.94171699999998992, 3.000000000000000000, 8.763695999999999486 ) ) ;
#2316 = DIRECTION ( 'NONE',  ( 0.000000000000000000, 0.000000000000000000, 1.000000000000000000 ) ) ;
#2317 = CARTESIAN_POINT ( 'NONE',  ( 48.78284044652381368, 3.000000000000000000, 46.23368580428790153 ) ) ;
#2318 = CARTESIAN_POINT ( 'NONE',  ( -52.93105502202837442, 3.000000000000000000, 54.48721052110997221 ) ) ;
#2319 = CIRCLE ( 'NONE', #4944, 1.000000000000000888 ) ;
#2320 = LINE ( 'NONE', #2082, #3989 ) ;
#2321 = CARTESIAN_POINT ( 'NONE',  ( -27.49212367633437282, 3.000000000000000000, 51.87338075970600215 ) ) ;
#2322 = CARTESIAN_POINT ( 'NONE',  ( -49.50769610875728688, 1.694065894508600678E-18, 17.62982941057849118 ) ) ;
#2323 = ADVANCED_FACE ( 'NONE', ( #4232 ), #5098, .F. ) ;
#2324 = CIRCLE ( 'NONE', #653, 1.000000000000000888 ) ;
#2325 = EDGE_CURVE ( 'NONE', #1283, #3372, #2397, .T. ) ;
#2326 = DIRECTION ( 'NONE',  ( 0.000000000000000000, 1.000000000000000000, 0.000000000000000000 ) ) ;
#2327 = STYLED_ITEM ( 'NONE', ( #351 ), #5004 ) ;
#2328 = CARTESIAN_POINT ( 'NONE',  ( 74.00885349564477167, 3.000000000000000000, -62.79472622012763594 ) ) ;
#2329 = DIRECTION ( 'NONE',  ( -1.000000000000000000, -0.000000000000000000, 0.000000000000000000 ) ) ;
#2330 = DIRECTION ( 'NONE',  ( -0.000000000000000000, -1.000000000000000000, -0.000000000000000000 ) ) ;
#2331 = CARTESIAN_POINT ( 'NONE',  ( -72.10810993820923898, 0.000000000000000000, -26.31875752400589263 ) ) ;
#2332 = ORIENTED_EDGE ( 'NONE', *, *, #3694, .F. ) ;
#2333 = DIRECTION ( 'NONE',  ( -0.000000000000000000, -1.000000000000000000, -0.000000000000000000 ) ) ;
#2334 = B_SPLINE_SURFACE_WITH_KNOTS ( 'NONE', 3, 1, ( 
 ( #2918, #1662 ),
 ( #1208, #1683 ),
 ( #738, #2848 ),
 ( #3333, #1184 ),
 ( #4085, #5005 ),
 ( #2427, #3748 ),
 ( #761, #838 ),
 ( #3283, #4929 ),
 ( #3771, #1234 ),
 ( #2896, #811 ),
 ( #4590, #4180 ),
 ( #1641, #3309 ),
 ( #1158, #361 ),
 ( #2477, #4155 ),
 ( #2870, #4540 ),
 ( #2502, #5448 ),
 ( #5034, #5401 ),
 ( #4977, #3679 ),
 ( #2069, #4105 ),
 ( #2022, #2450 ),
 ( #1263, #4614 ),
 ( #316, #1998 ),
 ( #5354, #1589 ),
 ( #3260, #337 ),
 ( #1614, #5373 ),
 ( #4130, #2044 ),
 ( #523, #3038 ),
 ( #1807, #963 ),
 ( #3921, #901 ),
 ( #49, #867 ),
 ( #2530, #5190 ),
 ( #2119, #1288 ),
 ( #2625, #3418 ),
 ( #83, #2978 ) ),
 .UNSPECIFIED., .F., .F., .F.,
 ( 4, 1, 1, 1, 1, 1, 1, 1, 1, 1, 1, 1, 1, 1, 1, 1, 1, 1, 1, 1, 1, 1, 1, 1, 1, 1, 1, 1, 1, 1, 1, 4 ),
 ( 2, 2 ),
 ( 0.01432074041799125640, 0.04953250805321672556, 0.07507457467481723490, 0.1006175245099810989, 0.1261557507270576473, 0.1516907223483881240, 0.1772191427898470173, 0.2027399975687304290, 0.2282529325392307906, 0.2537553468010663171, 0.2792452409082691878, 0.3047229566969057446, 0.3301855049608792836, 0.3556337556810078571, 0.3810642611126719981, 0.4064694989501170252, 0.4442389824015975930, 0.4819479793836420334, 0.5196063951257438029, 0.5572131062779405175, 0.5947671961786660244, 0.6322673588832004032, 0.6697114270439029626, 0.7070959123558659964, 0.7444185941530346851, 0.7816765658296563890, 0.8188681407795083134, 0.8559925713311657969, 0.8930463069819428723, 0.9300305291004659081, 0.9669454447166447864, 0.9746646690335010188 ),
 ( 0.000000000000000000, 1.000000000000000000 ),
 .UNSPECIFIED. ) ;
#2335 = VECTOR ( 'NONE', #5117, 1000.000000000000000 ) ;
#2336 = CARTESIAN_POINT ( 'NONE',  ( -49.99085389146456748, 3.000000000000000000, 18.97724626924816960 ) ) ;
#2337 = CARTESIAN_POINT ( 'NONE',  ( 14.25599292032159227, 3.000000000000000000, -15.58497897661953147 ) ) ;
#2338 = EDGE_CURVE ( 'NONE', #3267, #2125, #1317, .T. ) ;
#2339 = ORIENTED_EDGE ( 'NONE', *, *, #2733, .F. ) ;
#2340 = VERTEX_POINT ( 'NONE', #1355 ) ;
#2341 = AXIS2_PLACEMENT_3D ( 'NONE', #5227, #538, #160 ) ;
#2342 = DIRECTION ( 'NONE',  ( 0.000000000000000000, 1.000000000000000000, 0.000000000000000000 ) ) ;
#2343 = CARTESIAN_POINT ( 'NONE',  ( -9.313997030549471035, 3.000000000000000000, 20.20049399325371553 ) ) ;
#2344 = DIRECTION ( 'NONE',  ( -1.000000000000000000, 0.000000000000000000, -0.000000000000000000 ) ) ;
#2345 = CARTESIAN_POINT ( 'NONE',  ( 22.39453450200643303, 3.000000000000000000, -26.17634925228757581 ) ) ;
#2346 = CARTESIAN_POINT ( 'NONE',  ( 24.47410492277700911, 3.000000000000000000, -37.87109014429641718 ) ) ;
#2347 = DIRECTION ( 'NONE',  ( 0.000000000000000000, 0.000000000000000000, -1.000000000000000000 ) ) ;
#2348 = CARTESIAN_POINT ( 'NONE',  ( 50.41924872886040987, -1.734723475976807094E-15, 41.26677915993418821 ) ) ;
#2349 = EDGE_CURVE ( 'NONE', #5193, #3372, #4293, .T. ) ;
#2350 = CARTESIAN_POINT ( 'NONE',  ( -27.63585988197559118, 3.000000000000000000, -41.92596029648237987 ) ) ;
#2351 = CARTESIAN_POINT ( 'NONE',  ( 39.20524147792314551, 3.000000000000000000, 48.10923363656451812 ) ) ;
#2352 = CARTESIAN_POINT ( 'NONE',  ( 63.89616829180445734, 3.000000000000000000, -6.843248154517834081 ) ) ;
#2353 = CARTESIAN_POINT ( 'NONE',  ( -48.03801116521336922, 1.694065894508600678E-18, 13.95946021185305952 ) ) ;
#2354 = CARTESIAN_POINT ( 'NONE',  ( -27.49212367633437282, 0.000000000000000000, 51.87338075970600215 ) ) ;
#2355 = DIRECTION ( 'NONE',  ( 0.01830596711091857579, 0.000000000000000000, 0.9998324317445068665 ) ) ;
#2356 = CARTESIAN_POINT ( 'NONE',  ( -27.49212367633437282, 0.000000000000000000, 51.87338075970600215 ) ) ;
#2357 = CARTESIAN_POINT ( 'NONE',  ( -38.17292978149257721, 3.000000000000000000, -53.94223427134963345 ) ) ;
#2358 = ORIENTED_EDGE ( 'NONE', *, *, #1594, .T. ) ;
#2359 = CARTESIAN_POINT ( 'NONE',  ( -50.78777952006335283, 3.000000000000000000, 39.56614224820167180 ) ) ;
#2360 = CARTESIAN_POINT ( 'NONE',  ( -23.65928550861623236, 3.000000000000000000, -27.76975728627122564 ) ) ;
#2361 = ORIENTED_EDGE ( 'NONE', *, *, #748, .F. ) ;
#2362 = ADVANCED_FACE ( 'NONE', ( #462 ), #4323, .T. ) ;
#2363 = ORIENTED_EDGE ( 'NONE', *, *, #3117, .T. ) ;
#2364 = B_SPLINE_CURVE_WITH_KNOTS ( 'NONE', 3,
 ( #1021, #4760, #3174, #1404, #4842, #3617, #5235, #2764, #2675, #2707, #2646, #5291, #579, #3591, #3088, #1465, #986, #1522, #2734, #4376, #3910, #142, #954, #661, #4314, #3533, #4348, #1881, #1826 ),
 .UNSPECIFIED., .F., .F.,
 ( 4, 1, 1, 1, 1, 1, 1, 1, 1, 1, 1, 1, 1, 1, 1, 1, 1, 1, 1, 1, 1, 1, 1, 1, 1, 1, 4 ),
 ( 0.01626531257874622508, 0.04111402754415676569, 0.06253455977862762416, 0.08393730617627745416, 0.1053246189871423072, 0.1266973114131078881, 0.1480569171613329016, 0.1693985197110032814, 0.2027737821445751709, 0.2360932871331386240, 0.2693845311223544425, 0.3026680391738904019, 0.3359589306420301402, 0.3692699668901353038, 0.4026105823252937310, 0.4359877173268630890, 0.4694056090374177370, 0.5028659703052755781, 0.5363688304117252281, 0.6706393277260711550, 0.7042957748563131171, 0.7410512762273333554, 0.8147148193594756505, 0.8516404735918039481, 0.8886280513493518551, 0.9256777793044945746, 1.000000000000000222 ),
 .UNSPECIFIED. ) ;
#2365 = CARTESIAN_POINT ( 'NONE',  ( -8.942517470903585064, 3.000000000000000000, -16.93083989927718491 ) ) ;
#2366 = EDGE_CURVE ( 'NONE', #1452, #5372, #4420, .T. ) ;
#2367 = ORIENTED_EDGE ( 'NONE', *, *, #3911, .T. ) ;
#2368 = LINE ( 'NONE', #1877, #2776 ) ;
#2369 = DIRECTION ( 'NONE',  ( -2.081668171172166620E-14, 0.000000000000000000, 1.000000000000000000 ) ) ;
#2370 = CARTESIAN_POINT ( 'NONE',  ( -65.82221648002720826, 3.000000000000000000, -10.32104284989116216 ) ) ;
#2371 = CARTESIAN_POINT ( 'NONE',  ( -70.01562050009107452, 3.000000000000000000, -77.86985685487216813 ) ) ;
#2372 = DIRECTION ( 'NONE',  ( -0.000000000000000000, -1.000000000000000000, -0.000000000000000000 ) ) ;
#2373 = CIRCLE ( 'NONE', #4826, 0.5000000000000004441 ) ;
#2374 = CARTESIAN_POINT ( 'NONE',  ( 51.40113027495674203, -1.734723475976807094E-15, 24.59094182726887823 ) ) ;
#2375 = ADVANCED_FACE ( 'NONE', ( #3451 ), #5062, .T. ) ;
#2376 = CARTESIAN_POINT ( 'NONE',  ( -48.78284044652381368, 3.000000000000000000, 46.23368580428790153 ) ) ;
#2377 = CARTESIAN_POINT ( 'NONE',  ( -14.73464199026328458, 3.000000000000000444, 36.61033438734273204 ) ) ;
#2378 = CARTESIAN_POINT ( 'NONE',  ( 57.63713850004248229, 3.000000000000000000, 2.231479422910178201 ) ) ;
#2379 = CARTESIAN_POINT ( 'NONE',  ( 14.49747475465786195, 0.000000000000000000, 18.60463307958163526 ) ) ;
#2380 = CARTESIAN_POINT ( 'NONE',  ( -9.183998890571681173, 3.000000000000000000, -16.86613500027347357 ) ) ;
#2381 = CARTESIAN_POINT ( 'NONE',  ( -45.60122540087225218, 0.000000000000000000, 55.26084292898465122 ) ) ;
#2382 = AXIS2_PLACEMENT_3D ( 'NONE', #1218, #2905, #4166 ) ;
#2383 = ORIENTED_EDGE ( 'NONE', *, *, #2476, .F. ) ;
#2384 = CARTESIAN_POINT ( 'NONE',  ( 4.748878830294628095, 3.000000000000000000, 33.57505918848507775 ) ) ;
#2385 = AXIS2_PLACEMENT_3D ( 'NONE', #540, #1875, #2225 ) ;
#2386 = CARTESIAN_POINT ( 'NONE',  ( 20.59824484781593767, -3.388131789017201356E-18, -32.52759999443244254 ) ) ;
#2387 = ORIENTED_EDGE ( 'NONE', *, *, #4496, .F. ) ;
#2388 = ORIENTED_EDGE ( 'NONE', *, *, #3911, .F. ) ;
#2389 = ADVANCED_FACE ( 'NONE', ( #3887 ), #1418, .T. ) ;
#2390 = EDGE_CURVE ( 'NONE', #767, #3891, #3830, .T. ) ;
#2391 = CARTESIAN_POINT ( 'NONE',  ( -61.30293354260651739, 3.000000000000000888, -54.20544071342600745 ) ) ;
#2392 = EDGE_LOOP ( 'NONE', ( #4209, #3738, #2555, #2619 ) ) ;
#2393 = CARTESIAN_POINT ( 'NONE',  ( 19.63757380277242603, 3.000000000000000000, -14.11297399999999058 ) ) ;
#2394 = DIRECTION ( 'NONE',  ( -0.000000000000000000, 1.000000000000000000, -0.000000000000000000 ) ) ;
#2395 = CARTESIAN_POINT ( 'NONE',  ( 31.82452032347588755, 3.000000000000000000, -46.95821028762578919 ) ) ;
#2396 = DIRECTION ( 'NONE',  ( -0.000000000000000000, -1.000000000000000000, -0.000000000000000000 ) ) ;
#2397 = CIRCLE ( 'NONE', #544, 0.5000000000000004441 ) ;
#2398 = CARTESIAN_POINT ( 'NONE',  ( -57.94401977914655077, 3.000000000000000000, 37.46090347943890464 ) ) ;
#2399 = CARTESIAN_POINT ( 'NONE',  ( -22.28067675997548136, -4.336808689942017736E-16, 42.18785769550562748 ) ) ;
#2400 = LINE ( 'NONE', #3669, #897 ) ;
#2401 = CARTESIAN_POINT ( 'NONE',  ( -4.748878830294631648, 0.000000000000000000, 33.57505918848508486 ) ) ;
#2402 = CYLINDRICAL_SURFACE ( 'NONE', #1494, 0.1143568108858041693 ) ;
#2403 = CARTESIAN_POINT ( 'NONE',  ( -52.95461300000000193, 0.000000000000000000, 54.60650600000000310 ) ) ;
#2404 = ORIENTED_EDGE ( 'NONE', *, *, #3326, .F. ) ;
#2405 = VECTOR ( 'NONE', #4343, 1000.000000000000000 ) ;
#2406 = LINE ( 'NONE', #4885, #3983 ) ;
#2407 = DIRECTION ( 'NONE',  ( 0.000000000000000000, -1.000000000000000000, 0.000000000000000000 ) ) ;
#2408 = ADVANCED_FACE ( 'NONE', ( #2299 ), #1848, .F. ) ;
#2409 = ORIENTED_EDGE ( 'NONE', *, *, #4735, .F. ) ;
#2410 = AXIS2_PLACEMENT_3D ( 'NONE', #1390, #58, #939 ) ;
#2411 = ORIENTED_EDGE ( 'NONE', *, *, #1074, .F. ) ;
#2412 = CARTESIAN_POINT ( 'NONE',  ( -63.57381288809950348, 3.000000000000000888, -44.34928438508360671 ) ) ;
#2413 = ORIENTED_EDGE ( 'NONE', *, *, #2623, .F. ) ;
#2414 = CARTESIAN_POINT ( 'NONE',  ( 19.63757380277243314, 3.000000000000000000, 16.50712899999999905 ) ) ;
#2415 = CARTESIAN_POINT ( 'NONE',  ( 24.47410492277700911, 8.673617379884035472E-16, -37.87109014429641718 ) ) ;
#2416 = VECTOR ( 'NONE', #5412, 1000.000000000000000 ) ;
#2417 = CARTESIAN_POINT ( 'NONE',  ( -46.65100804918601796, 3.000000000000000000, -62.18904330299390182 ) ) ;
#2418 = CARTESIAN_POINT ( 'NONE',  ( 62.18195581727540855, 3.000000000000000000, -51.24310241979229374 ) ) ;
#2419 = CARTESIAN_POINT ( 'NONE',  ( -40.42315691954928525, 3.000000000000000000, 54.94557405835164587 ) ) ;
#2420 = CARTESIAN_POINT ( 'NONE',  ( 18.58826758058481587, 0.000000000000000000, -29.55924030843859285 ) ) ;
#2421 = CARTESIAN_POINT ( 'NONE',  ( -62.47673719965337114, 0.000000000000000000, -22.81473369730188949 ) ) ;
#2422 = DIRECTION ( 'NONE',  ( -0.000000000000000000, -1.000000000000000000, -0.000000000000000000 ) ) ;
#2423 = CARTESIAN_POINT ( 'NONE',  ( -56.18631606666772882, 0.000000000000000000, 47.58530814514181628 ) ) ;
#2424 = EDGE_CURVE ( 'NONE', #3372, #4807, #5300, .T. ) ;
#2425 = ORIENTED_EDGE ( 'NONE', *, *, #2006, .T. ) ;
#2426 = DIRECTION ( 'NONE',  ( -0.000000000000000000, 1.000000000000000000, -0.000000000000000000 ) ) ;
#2427 = CARTESIAN_POINT ( 'NONE',  ( 42.40291812605343580, 3.000000000000000000, 48.45896081904871977 ) ) ;
#2428 = CARTESIAN_POINT ( 'NONE',  ( 63.24469429960424804, 3.000000000000000000, -46.44330852578764279 ) ) ;
#2429 = ORIENTED_EDGE ( 'NONE', *, *, #3630, .F. ) ;
#2430 = VERTEX_POINT ( 'NONE', #4877 ) ;
#2431 = CARTESIAN_POINT ( 'NONE',  ( -64.07920680320381734, 3.000000000000000888, -37.15437694591127382 ) ) ;
#2432 = VERTEX_POINT ( 'NONE', #2379 ) ;
#2433 = SHAPE_DEFINITION_REPRESENTATION ( #2236, #4742 ) ;
#2434 = CYLINDRICAL_SURFACE ( 'NONE', #1177, 0.5000000000000004441 ) ;
#2435 = ORIENTED_EDGE ( 'NONE', *, *, #4458, .T. ) ;
#2436 = CARTESIAN_POINT ( 'NONE',  ( 66.16332437088969698, 8.673617379884035472E-16, -77.74163664067302193 ) ) ;
#2437 = AXIS2_PLACEMENT_3D ( 'NONE', #499, #595, #5141 ) ;
#2438 = CARTESIAN_POINT ( 'NONE',  ( -57.38167299311196246, 3.000000000000000000, 42.59460849329533261 ) ) ;
#2439 = DIRECTION ( 'NONE',  ( 0.000000000000000000, 0.000000000000000000, -1.000000000000000000 ) ) ;
#2440 = DIRECTION ( 'NONE',  ( 0.000000000000000000, 0.000000000000000000, 1.000000000000000000 ) ) ;
#2441 = CARTESIAN_POINT ( 'NONE',  ( -51.07672011127198886, 1.694065894508600678E-18, 22.78601691263700957 ) ) ;
#2442 = AXIS2_PLACEMENT_3D ( 'NONE', #2380, #693, #3599 ) ;
#2443 = EDGE_CURVE ( 'NONE', #1483, #5044, #1879, .T. ) ;
#2444 = DIRECTION ( 'NONE',  ( 0.000000000000000000, 0.000000000000000000, 1.000000000000000000 ) ) ;
#2445 = EDGE_CURVE ( 'NONE', #2150, #4273, #5323, .T. ) ;
#2446 = CARTESIAN_POINT ( 'NONE',  ( 57.73796121463694675, 3.000000000000000000, 40.03915219554151861 ) ) ;
#2447 = ORIENTED_EDGE ( 'NONE', *, *, #2886, .T. ) ;
#2448 = CARTESIAN_POINT ( 'NONE',  ( 12.56218856668103179, 0.000000000000000000, 42.58293304568056215 ) ) ;
#2449 = VERTEX_POINT ( 'NONE', #4797 ) ;
#2450 = CARTESIAN_POINT ( 'NONE',  ( 26.47344139707613664, 0.000000000000000000, 44.38067799441639494 ) ) ;
#2451 = AXIS2_PLACEMENT_3D ( 'NONE', #5139, #5429, #531 ) ;
#2452 = CARTESIAN_POINT ( 'NONE',  ( 21.86899999999999267, 3.000000000000000000, -2.589000000000005297 ) ) ;
#2453 = ORIENTED_EDGE ( 'NONE', *, *, #5249, .F. ) ;
#2454 = EDGE_LOOP ( 'NONE', ( #2789, #2388, #5037, #2192 ) ) ;
#2455 = AXIS2_PLACEMENT_3D ( 'NONE', #4055, #713, #4081 ) ;
#2456 = ADVANCED_FACE ( 'NONE', ( #178, #1029, #2713, #1056 ), #4385, .F. ) ;
#2457 = CARTESIAN_POINT ( 'NONE',  ( 9.558553129711151897, 3.000000000000000000, 39.23342886425640330 ) ) ;
#2458 = CARTESIAN_POINT ( 'NONE',  ( -64.07920680320381734, 0.000000000000000000, -37.15437694591127382 ) ) ;
#2459 = ORIENTED_EDGE ( 'NONE', *, *, #4298, .T. ) ;
#2460 = CARTESIAN_POINT ( 'NONE',  ( 52.92643207444576348, 0.000000000000000000, 7.700559785994178341 ) ) ;
#2461 = DIRECTION ( 'NONE',  ( -0.000000000000000000, -1.000000000000000000, -0.000000000000000000 ) ) ;
#2462 = ORIENTED_EDGE ( 'NONE', *, *, #3673, .T. ) ;
#2463 = CARTESIAN_POINT ( 'NONE',  ( -70.99484321320397839, 3.000000000000000000, -75.10505846559856025 ) ) ;
#2464 = CIRCLE ( 'NONE', #4849, 1.000000000000000888 ) ;
#2465 = DIRECTION ( 'NONE',  ( 0.000000000000000000, 0.000000000000000000, 1.000000000000000000 ) ) ;
#2466 = CARTESIAN_POINT ( 'NONE',  ( 63.24469429960424804, 0.000000000000000000, -46.44330852578764279 ) ) ;
#2467 = DIRECTION ( 'NONE',  ( -0.000000000000000000, 1.000000000000000000, 0.000000000000000000 ) ) ;
#2468 = CARTESIAN_POINT ( 'NONE',  ( -50.93818735582407697, 1.694065894508600678E-18, 38.70979032364790129 ) ) ;
#2469 = APPLICATION_CONTEXT ( 'automotive_design' ) ;
#2470 = DIRECTION ( 'NONE',  ( 1.325447660487638608E-16, 0.000000000000000000, 1.000000000000000000 ) ) ;
#2471 = DIRECTION ( 'NONE',  ( 0.000000000000000000, 0.000000000000000000, 1.000000000000000000 ) ) ;
#2472 = EDGE_CURVE ( 'NONE', #4961, #559, #1613, .T. ) ;
#2473 = ORIENTED_EDGE ( 'NONE', *, *, #2623, .T. ) ;
#2474 = CARTESIAN_POINT ( 'NONE',  ( -57.73796121463694675, 0.000000000000000000, 40.03915219554151861 ) ) ;
#2475 = ORIENTED_EDGE ( 'NONE', *, *, #1386, .F. ) ;
#2476 = EDGE_CURVE ( 'NONE', #5197, #2933, #7, .T. ) ;
#2477 = CARTESIAN_POINT ( 'NONE',  ( 33.96016299144150707, 3.000000000000000000, 47.04866852622090789 ) ) ;
#2478 = CARTESIAN_POINT ( 'NONE',  ( -8.286770428151053025, 3.000000000000000000, -14.48356420199256434 ) ) ;
#2479 = VERTEX_POINT ( 'NONE', #2037 ) ;
#2480 = CIRCLE ( 'NONE', #4336, 0.2500000000000002220 ) ;
#2481 = EDGE_LOOP ( 'NONE', ( #4698, #4185, #1260, #5432 ) ) ;
#2482 = CIRCLE ( 'NONE', #2234, 1.000000000000000888 ) ;
#2483 = CARTESIAN_POINT ( 'NONE',  ( 9.474660306720766201, 3.000000000000000000, 19.95049287308416197 ) ) ;
#2484 = CIRCLE ( 'NONE', #1004, 0.2500000000000002220 ) ;
#2485 = CARTESIAN_POINT ( 'NONE',  ( 19.13757380277243314, 0.000000000000000000, 16.50712899999999905 ) ) ;
#2486 = VERTEX_POINT ( 'NONE', #1151 ) ;
#2487 = LINE ( 'NONE', #2878, #3659 ) ;
#2488 = ORIENTED_EDGE ( 'NONE', *, *, #1006, .F. ) ;
#2489 = CARTESIAN_POINT ( 'NONE',  ( -75.19643174213283032, 3.000000000000000000, -47.28664632753167041 ) ) ;
#2490 = AXIS2_PLACEMENT_3D ( 'NONE', #3560, #3200, #4400 ) ;
#2491 = CARTESIAN_POINT ( 'NONE',  ( -9.378701779105753644, 0.000000000000000000, 20.19197545323412157 ) ) ;
#2492 = FACE_OUTER_BOUND ( 'NONE', #5452, .T. ) ;
#2493 = DIRECTION ( 'NONE',  ( 0.000000000000000000, 1.000000000000000000, -0.000000000000000000 ) ) ;
#2494 = CIRCLE ( 'NONE', #2592, 0.2500000000000002220 ) ;
#2495 = FACE_OUTER_BOUND ( 'NONE', #1812, .T. ) ;
#2496 = FACE_OUTER_BOUND ( 'NONE', #1394, .T. ) ;
#2497 = EDGE_LOOP ( 'NONE', ( #528, #4768, #695, #5112 ) ) ;
#2498 = CARTESIAN_POINT ( 'NONE',  ( 13.46454380299624098, 0.000000000000000000, 43.52956487241662131 ) ) ;
#2499 = VERTEX_POINT ( 'NONE', #2016 ) ;
#2500 = CYLINDRICAL_SURFACE ( 'NONE', #3007, 1.000000000000000888 ) ;
#2501 = DIRECTION ( 'NONE',  ( 0.000000000000000000, 0.000000000000000000, 1.000000000000000000 ) ) ;
#2502 = CARTESIAN_POINT ( 'NONE',  ( 31.90587890848826902, 3.000000000000000000, 46.45927064113672600 ) ) ;
#2503 = CARTESIAN_POINT ( 'NONE',  ( -22.51290100000000649, -3.388131789017201356E-18, -35.21333000000000624 ) ) ;
#2504 = CARTESIAN_POINT ( 'NONE',  ( 17.49592501554469948, 1.499999999999999778, -29.73453560845439370 ) ) ;
#2505 = ORIENTED_EDGE ( 'NONE', *, *, #2063, .T. ) ;
#2506 = DIRECTION ( 'NONE',  ( -0.000000000000000000, -1.000000000000000000, -0.000000000000000000 ) ) ;
#2507 = ORIENTED_EDGE ( 'NONE', *, *, #3351, .F. ) ;
#2508 = CARTESIAN_POINT ( 'NONE',  ( 51.84063968968352754, 0.000000000000000000, 9.753362731230176053 ) ) ;
#2509 = CARTESIAN_POINT ( 'NONE',  ( 7.301900849716593811, 2.602085213965210642E-15, 36.70535012294590160 ) ) ;
#2510 = EDGE_CURVE ( 'NONE', #2933, #743, #1606, .T. ) ;
#2511 = CARTESIAN_POINT ( 'NONE',  ( -13.46454380299624098, 0.000000000000000000, 43.52956487241662131 ) ) ;
#2512 = ORIENTED_EDGE ( 'NONE', *, *, #2775, .F. ) ;
#2513 = CARTESIAN_POINT ( 'NONE',  ( -69.19424598455805153, 0.000000000000000000, -79.64822009782591294 ) ) ;
#2514 = EDGE_LOOP ( 'NONE', ( #905, #5370, #1818, #2026, #5102, #1001, #3071, #6, #517, #2189, #1780, #3829 ) ) ;
#2515 = EDGE_CURVE ( 'NONE', #2876, #1592, #4036, .T. ) ;
#2516 = VECTOR ( 'NONE', #5166, 1000.000000000000000 ) ;
#2517 = CARTESIAN_POINT ( 'NONE',  ( -20.94001384332798210, 0.000000000000000000, 41.36474856949019596 ) ) ;
#2518 = CARTESIAN_POINT ( 'NONE',  ( 62.55958234661706996, 0.000000000000000000, -49.74647507105282784 ) ) ;
#2519 = CARTESIAN_POINT ( 'NONE',  ( -19.61659659933374300, 0.000000000000000000, -13.60382101644452568 ) ) ;
#2520 = CARTESIAN_POINT ( 'NONE',  ( -74.67863634339457235, 3.000000000000000000, -39.51896701767081765 ) ) ;
#2521 = AXIS2_PLACEMENT_3D ( 'NONE', #2233, #4226, #1797 ) ;
#2522 = ADVANCED_FACE ( 'NONE', ( #778 ), #4100, .T. ) ;
#2523 = CARTESIAN_POINT ( 'NONE',  ( -30.10119409375531063, 3.000000000000000000, -35.01173271421695432 ) ) ;
#2524 = CARTESIAN_POINT ( 'NONE',  ( -13.74152771142412277, 3.000000000000000000, 16.38300579146331515 ) ) ;
#2525 = ORIENTED_EDGE ( 'NONE', *, *, #649, .F. ) ;
#2526 = CARTESIAN_POINT ( 'NONE',  ( -57.84613504054144784, 0.000000000000000000, 30.57518755677947198 ) ) ;
#2527 = CARTESIAN_POINT ( 'NONE',  ( 49.69949039038171890, 3.000000000000000000, 43.77952958813786211 ) ) ;
#2528 = LINE ( 'NONE', #4953, #5288 ) ;
#2529 = CIRCLE ( 'NONE', #176, 33.50000000000000000 ) ;
#2530 = CARTESIAN_POINT ( 'NONE',  ( 12.50859194856952961, 3.000000000000000000, 34.43617758156187136 ) ) ;
#2531 = CARTESIAN_POINT ( 'NONE',  ( 62.55958234661706996, 3.000000000000000000, -49.74647507105282784 ) ) ;
#2532 = CARTESIAN_POINT ( 'NONE',  ( 51.25356861471068015, 1.694065894508600678E-18, 36.12266035880166015 ) ) ;
#2533 = VERTEX_POINT ( 'NONE', #2064 ) ;
#2534 = EDGE_LOOP ( 'NONE', ( #3316, #2237, #1872, #52 ) ) ;
#2535 = CARTESIAN_POINT ( 'NONE',  ( 48.40666136689782206, -1.734723475976807094E-15, 47.09949103918490465 ) ) ;
#2536 = CARTESIAN_POINT ( 'NONE',  ( 25.04897453056247869, 0.000000000000000000, 43.69697323368394137 ) ) ;
#2537 = LINE ( 'NONE', #473, #5386 ) ;
#2538 = ORIENTED_EDGE ( 'NONE', *, *, #5120, .T. ) ;
#2539 = EDGE_CURVE ( 'NONE', #4958, #3432, #5346, .T. ) ;
#2540 = ADVANCED_FACE ( 'NONE', ( #2495 ), #4173, .T. ) ;
#2541 = DIRECTION ( 'NONE',  ( 0.000000000000000000, 1.000000000000000000, -0.000000000000000000 ) ) ;
#2542 = ORIENTED_EDGE ( 'NONE', *, *, #4439, .F. ) ;
#2543 = EDGE_CURVE ( 'NONE', #5069, #587, #5016, .T. ) ;
#2544 = B_SPLINE_CURVE_WITH_KNOTS ( 'NONE', 3,
 ( #5385, #2371, #2463, #3297, #727, #372, #4045, #276, #1121, #5017, #824, #2489, #1728, #1695, #3869, #1276, #3403, #1304, #4655, #1333, #398, #2962, #477, #3900, #5200, #3467, #1846, #599, #5175, #3988, #5147, #134, #1397, #945 ),
 .UNSPECIFIED., .F., .F.,
 ( 4, 1, 1, 1, 1, 1, 1, 1, 1, 1, 1, 1, 1, 1, 1, 1, 1, 1, 1, 1, 1, 1, 1, 1, 1, 1, 1, 1, 1, 1, 1, 4 ),
 ( 0.000000000000000000, 0.06121273817483804947, 0.09179086101178143831, 0.1223425892199376669, 0.1528718038082005071, 0.1833819822975039926, 0.2138762936737421128, 0.2443577943152522303, 0.2748293946825828837, 0.3052940748048100783, 0.3357549689455319730, 0.3966699609499036439, 0.4271615374098215456, 0.4576247154306006815, 0.4881259594459063100, 0.5079983905151578272, 0.5477572368942638104, 0.5676542113665553613, 0.5875625082778672681, 0.6074825929439809924, 0.6673087497949029556, 0.6872824228826468484, 0.7072716886850038964, 0.7272777350102105354, 0.8074711104529508354, 0.8315209017768370181, 0.8556047850687839018, 0.8797208062741377343, 0.9038695380922265876, 0.9280513988502842038, 0.9522667411092766709, 0.9927241866431826267 ),
 .UNSPECIFIED. ) ;
#2545 = AXIS2_PLACEMENT_3D ( 'NONE', #3082, #2641, #4309 ) ;
#2546 = CARTESIAN_POINT ( 'NONE',  ( 8.043505417548956871, 3.000000000000000000, 17.50712899999999905 ) ) ;
#2547 = CARTESIAN_POINT ( 'NONE',  ( 38.23608357104376410, 3.000000000000000000, -42.81546693887787569 ) ) ;
#2548 = FACE_OUTER_BOUND ( 'NONE', #2454, .T. ) ;
#2549 = CARTESIAN_POINT ( 'NONE',  ( -50.41924872886040987, 1.694065894508600678E-18, 41.26677915993418821 ) ) ;
#2550 = DIRECTION ( 'NONE',  ( 0.000000000000000000, 0.000000000000000000, 1.000000000000000000 ) ) ;
#2551 = CARTESIAN_POINT ( 'NONE',  ( -42.40291812605343580, 3.000000000000000000, 48.45896081904871977 ) ) ;
#2552 = CARTESIAN_POINT ( 'NONE',  ( -27.80819356064831993, 3.000000000000000000, -32.53384667572115774 ) ) ;
#2553 = EDGE_CURVE ( 'NONE', #4030, #1065, #3352, .T. ) ;
#2554 = CARTESIAN_POINT ( 'NONE',  ( -50.85231247534594701, 0.000000000000000000, 21.83277693443448442 ) ) ;
#2555 = ORIENTED_EDGE ( 'NONE', *, *, #2587, .F. ) ;
#2556 = CARTESIAN_POINT ( 'NONE',  ( -33.96016299144150707, -4.336808689942017736E-16, 47.04866852622090789 ) ) ;
#2557 = VERTEX_POINT ( 'NONE', #2401 ) ;
#2558 = CARTESIAN_POINT ( 'NONE',  ( 49.11001889993010394, 3.000000000000000000, 45.42302506770478487 ) ) ;
#2559 = DIRECTION ( 'NONE',  ( -0.000000000000000000, 1.000000000000000000, -0.000000000000000000 ) ) ;
#2560 = DIRECTION ( 'NONE',  ( 1.000000000000000000, 0.000000000000000000, 0.000000000000000000 ) ) ;
#2561 = FACE_OUTER_BOUND ( 'NONE', #3449, .T. ) ;
#2562 = CARTESIAN_POINT ( 'NONE',  ( 51.61899086186532060, 1.694065894508600678E-18, 29.95002930523141771 ) ) ;
#2563 = VECTOR ( 'NONE', #2560, 1000.000000000000000 ) ;
#2564 = VERTEX_POINT ( 'NONE', #1178 ) ;
#2565 = ORIENTED_EDGE ( 'NONE', *, *, #5377, .F. ) ;
#2566 = DIRECTION ( 'NONE',  ( -0.000000000000000000, -1.000000000000000000, -0.000000000000000000 ) ) ;
#2567 = CARTESIAN_POINT ( 'NONE',  ( 60.16466442879196563, 3.000000000000000000, -57.34598217878372139 ) ) ;
#2568 = EDGE_CURVE ( 'NONE', #2879, #459, #1686, .T. ) ;
#2569 = DIRECTION ( 'NONE',  ( -0.000000000000000000, -1.000000000000000000, -0.000000000000000000 ) ) ;
#2570 = CARTESIAN_POINT ( 'NONE',  ( 12.50859194856952961, 0.000000000000000000, 34.43617758156187136 ) ) ;
#2571 = VECTOR ( 'NONE', #3438, 1000.000000000000000 ) ;
#2572 = CARTESIAN_POINT ( 'NONE',  ( 14.49747475465786017, 3.000000000000000000, 18.60463307958163526 ) ) ;
#2573 = EDGE_LOOP ( 'NONE', ( #2143, #2130, #5039, #4210 ) ) ;
#2574 = CARTESIAN_POINT ( 'NONE',  ( -50.99204152812359325, 3.000000000000000000, 2.383350968251920055 ) ) ;
#2575 = ORIENTED_EDGE ( 'NONE', *, *, #2443, .F. ) ;
#2576 = B_SPLINE_CURVE_WITH_KNOTS ( 'NONE', 3,
 ( #666, #233, #3231, #4436, #3646, #1940, #4875, #4076, #5240, #3181, #3621, #3596, #4484, #4097, #2321, #1500, #3153, #1107, #2801, #2419, #1079, #4461, #307, #1577, #2740 ),
 .UNSPECIFIED., .F., .F.,
 ( 4, 1, 1, 1, 1, 1, 1, 1, 1, 1, 1, 1, 1, 1, 1, 1, 1, 1, 1, 1, 1, 1, 4 ),
 ( 0.000000000000000000, 0.06920947775898932119, 0.1465216444120995276, 0.1831354800254727799, 0.2159025693415151381, 0.2429578026553484427, 0.2538023914587506646, 0.2625878507571603460, 0.3049044877112426222, 0.3485283135868111892, 0.3933479699685360487, 0.4392177628686812496, 0.4859664502440775302, 0.5334042573342233640, 0.5813283477132034083, 0.6295276555681328379, 0.6777869103086732183, 0.7258904331750865024, 0.7736260684193759785, 0.8207888899144244466, 0.8671859340035965591, 0.9126413343934896005, 1.000000000000000000 ),
 .UNSPECIFIED. ) ;
#2577 = VECTOR ( 'NONE', #139, 1000.000000000000000 ) ;
#2578 = CARTESIAN_POINT ( 'NONE',  ( 3.907848913359288634, 3.000000000000000000, 33.27128967849543528 ) ) ;
#2579 = DIRECTION ( 'NONE',  ( 0.000000000000000000, 0.000000000000000000, 1.000000000000000000 ) ) ;
#2580 = LINE ( 'NONE', #4278, #3909 ) ;
#2581 = CARTESIAN_POINT ( 'NONE',  ( -69.29859899999998163, 0.000000000000000000, -79.68841100000000210 ) ) ;
#2582 = VECTOR ( 'NONE', #3394, 1000.000000000000000 ) ;
#2583 = CARTESIAN_POINT ( 'NONE',  ( -11.32440482030727047, 3.000000000000000000, 33.12323919592485311 ) ) ;
#2584 = CARTESIAN_POINT ( 'NONE',  ( 5.663267465419664859, 3.000000000000000000, 34.53583603780170108 ) ) ;
#2585 = CARTESIAN_POINT ( 'NONE',  ( -50.60427557001374765, 0.000000000000000000, 20.91910442031266726 ) ) ;
#2586 = VERTEX_POINT ( 'NONE', #456 ) ;
#2587 = EDGE_CURVE ( 'NONE', #5044, #2899, #43, .T. ) ;
#2588 = CARTESIAN_POINT ( 'NONE',  ( -25.04897453056247869, -4.336808689942017736E-16, 43.69697323368394137 ) ) ;
#2589 = CARTESIAN_POINT ( 'NONE',  ( 70.01562050009107452, 0.000000000000000000, -77.86985685487216813 ) ) ;
#2590 = EDGE_LOOP ( 'NONE', ( #5336, #755, #2665, #30 ) ) ;
#2591 = CARTESIAN_POINT ( 'NONE',  ( 20.13757380277242959, 3.000000000000000000, 2.861000000000001542 ) ) ;
#2592 = AXIS2_PLACEMENT_3D ( 'NONE', #2966, #3440, #5180 ) ;
#2593 = CARTESIAN_POINT ( 'NONE',  ( -21.97600000000000264, 3.000000000000000000, -2.589000000000000412 ) ) ;
#2594 = DIRECTION ( 'NONE',  ( 0.000000000000000000, 0.000000000000000000, -1.000000000000000000 ) ) ;
#2595 = EDGE_CURVE ( 'NONE', #3809, #2632, #3550, .T. ) ;
#2596 = CARTESIAN_POINT ( 'NONE',  ( 51.58253876246494229, 1.694065894508600678E-18, 26.30335974505374708 ) ) ;
#2597 = VERTEX_POINT ( 'NONE', #859 ) ;
#2598 = ORIENTED_EDGE ( 'NONE', *, *, #3332, .F. ) ;
#2599 = CARTESIAN_POINT ( 'NONE',  ( 9.474660306720766201, 3.000000000000000000, 19.95049287308416197 ) ) ;
#2600 = LINE ( 'NONE', #1752, #1803 ) ;
#2601 = CARTESIAN_POINT ( 'NONE',  ( 9.539364666702274675, 0.000000000000000000, -17.10761443718288533 ) ) ;
#2602 = CARTESIAN_POINT ( 'NONE',  ( 55.84042679767052419, 0.000000000000000000, 19.87131075041820338 ) ) ;
#2603 = CARTESIAN_POINT ( 'NONE',  ( -45.96153700000000697, 0.000000000000000000, 8.652596999999996541 ) ) ;
#2604 = ORIENTED_EDGE ( 'NONE', *, *, #64, .F. ) ;
#2605 = DIRECTION ( 'NONE',  ( -0.000000000000000000, -1.000000000000000000, -0.000000000000000000 ) ) ;
#2606 = ORIENTED_EDGE ( 'NONE', *, *, #1588, .T. ) ;
#2607 = DIRECTION ( 'NONE',  ( -0.000000000000000000, -1.000000000000000000, -0.000000000000000000 ) ) ;
#2608 = CARTESIAN_POINT ( 'NONE',  ( -27.92268347685851637, 0.000000000000000000, 45.01560170785818826 ) ) ;
#2609 = CARTESIAN_POINT ( 'NONE',  ( 59.23442243365284554, 1.500000000000000000, -57.97903554713330010 ) ) ;
#2610 = DIRECTION ( 'NONE',  ( 0.6894033162340920118, 0.000000000000000000, -0.7243777105664119809 ) ) ;
#2611 = CARTESIAN_POINT ( 'NONE',  ( -70.99484321320397839, 3.000000000000000000, -75.10505846559856025 ) ) ;
#2612 = CARTESIAN_POINT ( 'NONE',  ( 9.297883206138914503, 3.000000000000000000, -17.17231918356356601 ) ) ;
#2613 = CARTESIAN_POINT ( 'NONE',  ( -9.313997030549471035, 3.000000000000000000, 19.95049399325371553 ) ) ;
#2614 = CARTESIAN_POINT ( 'NONE',  ( -57.41759783208954104, 3.000000000000000000, -57.05242572753787300 ) ) ;
#2615 = CARTESIAN_POINT ( 'NONE',  ( 54.20032901009870585, 3.000000000000000000, 15.00778510851577785 ) ) ;
#2616 = ORIENTED_EDGE ( 'NONE', *, *, #245, .F. ) ;
#2617 = CARTESIAN_POINT ( 'NONE',  ( -38.14617242316049328, 3.000000000000000444, 47.94465861678471441 ) ) ;
#2618 = CARTESIAN_POINT ( 'NONE',  ( 69.29859899999998163, 3.000000000000000000, -79.68841100000000210 ) ) ;
#2619 = ORIENTED_EDGE ( 'NONE', *, *, #3300, .T. ) ;
#2620 = EDGE_CURVE ( 'NONE', #315, #1167, #4934, .T. ) ;
#2621 = CARTESIAN_POINT ( 'NONE',  ( 53.07011903057330926, 1.694065894508600678E-18, 12.41944438019204711 ) ) ;
#2622 = CARTESIAN_POINT ( 'NONE',  ( 22.50596955836836699, 0.000000000000000000, -24.81393427568060162 ) ) ;
#2623 = EDGE_CURVE ( 'NONE', #2533, #4542, #4316, .T. ) ;
#2624 = B_SPLINE_CURVE_WITH_KNOTS ( 'NONE', 3,
 ( #4808, #4308, #3497, #3081 ),
 .UNSPECIFIED., .F., .F.,
 ( 4, 4 ),
 ( 0.07900577818559964549, 1.000000000000000000 ),
 .UNSPECIFIED. ) ;
#2625 = CARTESIAN_POINT ( 'NONE',  ( 11.32440482030759554, 3.000000000000000000, 33.12323919592519417 ) ) ;
#2626 = DIRECTION ( 'NONE',  ( -0.000000000000000000, -1.000000000000000000, -0.000000000000000000 ) ) ;
#2627 = VECTOR ( 'NONE', #2569, 1000.000000000000000 ) ;
#2628 = CARTESIAN_POINT ( 'NONE',  ( -69.19424598455805153, 3.000000000000000000, -79.64822009782591294 ) ) ;
#2629 = LINE ( 'NONE', #2980, #136 ) ;
#2630 = ORIENTED_EDGE ( 'NONE', *, *, #443, .T. ) ;
#2631 = B_SPLINE_SURFACE_WITH_KNOTS ( 'NONE', 3, 1, ( 
 ( #4663, #2649 ),
 ( #1281, #891 ),
 ( #2970, #4634 ),
 ( #1827, #4457 ),
 ( #2798, #1050 ),
 ( #1023, #687 ),
 ( #4872, #2263 ),
 ( #3123, #5293 ),
 ( #3205, #4021 ),
 ( #4790, #5237 ),
 ( #1438, #1523 ),
 ( #3091, #3535 ),
 ( #1104, #5264 ),
 ( #3150, #2374 ),
 ( #1883, #4049 ),
 ( #3618, #2708 ),
 ( #3506, #1856 ),
 ( #5183, #1406 ),
 ( #611, #1467 ),
 ( #3178, #2677 ),
 ( #1937, #663 ),
 ( #1912, #3943 ),
 ( #4378, #4762 ),
 ( #4433, #170 ),
 ( #3970, #2767 ),
 ( #198, #3593 ),
 ( #2737, #3996 ),
 ( #3565, #252 ),
 ( #1496, #2348 ),
 ( #2293, #988 ),
 ( #1075, #4844 ),
 ( #5207, #4405 ),
 ( #4350, #582 ),
 ( #4818, #636 ),
 ( #2317, #229 ),
 ( #765, #2535 ),
 ( #3805, #819 ),
 ( #4212, #2097 ) ),
 .UNSPECIFIED., .F., .F., .F.,
 ( 4, 1, 1, 1, 1, 1, 1, 1, 1, 1, 1, 1, 1, 1, 1, 1, 1, 1, 1, 1, 1, 1, 1, 1, 1, 1, 1, 1, 1, 1, 1, 1, 1, 1, 1, 4 ),
 ( 2, 2 ),
 ( 0.000000000000000000, 0.03301402884041852726, 0.06912885791095987886, 0.1480081206765340718, 0.1894089932466170578, 0.2312116592561086204, 0.2727722837556229574, 0.2932418632890559929, 0.3134239729529152418, 0.3383068906649624452, 0.3619175127210942366, 0.3844605229609985297, 0.4061336771164703041, 0.4271340419707934655, 0.4476505252297119930, 0.4678730461783387473, 0.4879811535513915999, 0.5081484489801264548, 0.5285342454468887619, 0.5706521226300718119, 0.6642990379423662217, 0.6853247149976281483, 0.7063264560935557101, 0.7273351191429134888, 0.7483500992106640881, 0.7693748167951749428, 0.7904096843862608024, 0.8114558934687168268, 0.8325149202986216190, 0.8535873411250010090, 0.8746750485977552447, 0.8957781723743322155, 0.9168991668880944745, 0.9380373901365067768, 0.9591960121925849903, 0.9853810201268422553 ),
 ( 0.000000000000000000, 1.000000000000000000 ),
 .UNSPECIFIED. ) ;
#2632 = VERTEX_POINT ( 'NONE', #4608 ) ;
#2633 = LINE ( 'NONE', #3424, #769 ) ;
#2634 = VECTOR ( 'NONE', #1289, 1000.000000000000000 ) ;
#2635 = DIRECTION ( 'NONE',  ( 0.000000000000000000, 0.000000000000000000, 1.000000000000000000 ) ) ;
#2636 = CARTESIAN_POINT ( 'NONE',  ( 18.30034746835531578, 2.602085213965210642E-15, 47.36787755499586439 ) ) ;
#2637 = CARTESIAN_POINT ( 'NONE',  ( 57.38167299311196246, 0.000000000000000000, 42.59460849329533261 ) ) ;
#2638 = ORIENTED_EDGE ( 'NONE', *, *, #5068, .F. ) ;
#2639 = CARTESIAN_POINT ( 'NONE',  ( -14.27514868206736409, 3.000000000000000000, 13.58591615616767712 ) ) ;
#2640 = ORIENTED_EDGE ( 'NONE', *, *, #3139, .T. ) ;
#2641 = DIRECTION ( 'NONE',  ( 0.9998324317445068665, 0.000000000000000000, -0.01830596711091858272 ) ) ;
#2642 = CARTESIAN_POINT ( 'NONE',  ( -33.96016299144150707, 0.000000000000000000, 47.04866852622090789 ) ) ;
#2643 = CARTESIAN_POINT ( 'NONE',  ( -58.71861801067646525, 3.000000000000000000, -57.83574191295418387 ) ) ;
#2644 = CARTESIAN_POINT ( 'NONE',  ( 34.94545446291738244, 0.000000000000000000, -50.49467688865504300 ) ) ;
#2645 = DIRECTION ( 'NONE',  ( 0.000000000000000000, 0.000000000000000000, 1.000000000000000000 ) ) ;
#2646 = CARTESIAN_POINT ( 'NONE',  ( 63.84392022541653233, 0.000000000000000000, -41.95712549600501973 ) ) ;
#2647 = CARTESIAN_POINT ( 'NONE',  ( -18.35362831203879352, 3.000000000000000000, 39.58721854979213362 ) ) ;
#2648 = VECTOR ( 'NONE', #3149, 1000.000000000000000 ) ;
#2649 = CARTESIAN_POINT ( 'NONE',  ( 45.94171699999998992, -1.734723475976807094E-15, 8.763695999999999486 ) ) ;
#2650 = CARTESIAN_POINT ( 'NONE',  ( -46.09328636962525394, 3.000000000000000000, 9.192884506403062872 ) ) ;
#2651 = EDGE_LOOP ( 'NONE', ( #4956, #5209, #2852, #1212 ) ) ;
#2652 = CARTESIAN_POINT ( 'NONE',  ( -45.75399814769915707, -4.336808689942017736E-16, 48.59335460104893656 ) ) ;
#2653 = CARTESIAN_POINT ( 'NONE',  ( -4.024501119728221887, 3.000000000000000000, 34.26446250471916954 ) ) ;
#2654 = ORIENTED_EDGE ( 'NONE', *, *, #1515, .T. ) ;
#2655 = LINE ( 'NONE', #3036, #274 ) ;
#2656 = CARTESIAN_POINT ( 'NONE',  ( 4.024501119728221887, 3.000000000000000000, 34.26446250471916954 ) ) ;
#2657 = CARTESIAN_POINT ( 'NONE',  ( 60.36323296338900235, 3.000000000000000000, -73.55831211109210699 ) ) ;
#2658 = CARTESIAN_POINT ( 'NONE',  ( -14.16003468671779153, 3.000000000000000000, 18.91082143181974118 ) ) ;
#2659 = CARTESIAN_POINT ( 'NONE',  ( -67.48026777112259822, 0.000000000000000000, -13.78243298595314137 ) ) ;
#2660 = ORIENTED_EDGE ( 'NONE', *, *, #1896, .F. ) ;
#2661 = ORIENTED_EDGE ( 'NONE', *, *, #3798, .F. ) ;
#2662 = CYLINDRICAL_SURFACE ( 'NONE', #4948, 0.5000000000000004441 ) ;
#2663 = AXIS2_PLACEMENT_3D ( 'NONE', #1656, #2824, #3274 ) ;
#2664 = CARTESIAN_POINT ( 'NONE',  ( 14.07881148698490570, 3.000000000000000000, 44.13726295849840398 ) ) ;
#2665 = ORIENTED_EDGE ( 'NONE', *, *, #2755, .F. ) ;
#2666 = ORIENTED_EDGE ( 'NONE', *, *, #173, .F. ) ;
#2667 = DIRECTION ( 'NONE',  ( -0.000000000000000000, 1.000000000000000000, -0.000000000000000000 ) ) ;
#2668 = DIRECTION ( 'NONE',  ( -0.2588195960148442776, -0.000000000000000000, -0.9659256786723876553 ) ) ;
#2669 = LINE ( 'NONE', #1041, #3896 ) ;
#2670 = AXIS2_PLACEMENT_3D ( 'NONE', #645, #1809, #1866 ) ;
#2671 = CARTESIAN_POINT ( 'NONE',  ( 57.41759783208953394, 3.000000000000000000, -57.05242572753787300 ) ) ;
#2672 = DIRECTION ( 'NONE',  ( 0.000000000000000000, 1.000000000000000000, 0.000000000000000000 ) ) ;
#2673 = CARTESIAN_POINT ( 'NONE',  ( -52.02639311143607159, 0.000000000000000000, 8.627437679767410827 ) ) ;
#2674 = VECTOR ( 'NONE', #288, 1000.000000000000000 ) ;
#2675 = CARTESIAN_POINT ( 'NONE',  ( 63.24469429960424804, 0.000000000000000000, -46.44330852578764279 ) ) ;
#2676 = DIRECTION ( 'NONE',  ( 1.387778780781444413E-14, 0.000000000000000000, 1.000000000000000000 ) ) ;
#2677 = CARTESIAN_POINT ( 'NONE',  ( 51.61899086186532060, -1.734723475976807094E-15, 29.95002930523141771 ) ) ;
#2678 = CARTESIAN_POINT ( 'NONE',  ( -51.36870917564574768, 3.000000000000000000, 34.25606481865698072 ) ) ;
#2679 = ORIENTED_EDGE ( 'NONE', *, *, #1242, .F. ) ;
#2680 = CARTESIAN_POINT ( 'NONE',  ( -39.20524147792314551, -4.336808689942017736E-16, 48.10923363656451812 ) ) ;
#2681 = CARTESIAN_POINT ( 'NONE',  ( 74.30640603525708343, 0.000000000000000000, -36.62170244513047379 ) ) ;
#2682 = VECTOR ( 'NONE', #2061, 1000.000000000000000 ) ;
#2683 = ORIENTED_EDGE ( 'NONE', *, *, #5094, .T. ) ;
#2684 = CARTESIAN_POINT ( 'NONE',  ( 8.637894793055961529, 3.000000000000000000, -14.70920828581732742 ) ) ;
#2685 = CARTESIAN_POINT ( 'NONE',  ( 9.297883652286206058, 3.000000000000000000, 20.25667911452378434 ) ) ;
#2686 = VECTOR ( 'NONE', #3501, 1000.000000000000000 ) ;
#2687 = CARTESIAN_POINT ( 'NONE',  ( 33.28056651226683016, 0.000000000000000000, -38.20085852498843337 ) ) ;
#2688 = CARTESIAN_POINT ( 'NONE',  ( 66.16332437088969698, 3.000000000000000000, -77.74163664067302193 ) ) ;
#2689 = CYLINDRICAL_SURFACE ( 'NONE', #784, 0.5000000000000000000 ) ;
#2690 = VERTEX_POINT ( 'NONE', #3819 ) ;
#2691 = DIRECTION ( 'NONE',  ( 0.000000000000000000, 0.000000000000000000, 1.000000000000000000 ) ) ;
#2692 = EDGE_CURVE ( 'NONE', #1976, #4987, #4213, .T. ) ;
#2693 = CYLINDRICAL_SURFACE ( 'NONE', #3370, 0.5000000000000004441 ) ;
#2694 = CARTESIAN_POINT ( 'NONE',  ( 35.17931797114327708, 3.000000000000000000, 54.08985714986710036 ) ) ;
#2695 = DIRECTION ( 'NONE',  ( -0.000000000000000000, 0.000000000000000000, -1.000000000000000000 ) ) ;
#2696 = ORIENTED_EDGE ( 'NONE', *, *, #2856, .F. ) ;
#2697 = VERTEX_POINT ( 'NONE', #515 ) ;
#2698 = CARTESIAN_POINT ( 'NONE',  ( 46.09328636962525394, 1.694065894508600678E-18, 9.192884506403062872 ) ) ;
#2699 = EDGE_CURVE ( 'NONE', #764, #3850, #4285, .T. ) ;
#2700 = ADVANCED_FACE ( 'NONE', ( #956 ), #2631, .F. ) ;
#2701 = CARTESIAN_POINT ( 'NONE',  ( 70.99484321320397839, 0.000000000000000000, -75.10505846559856025 ) ) ;
#2702 = LINE ( 'NONE', #5177, #4506 ) ;
#2703 = DIRECTION ( 'NONE',  ( -1.000000000000000000, -0.000000000000000000, 0.000000000000000000 ) ) ;
#2704 = CARTESIAN_POINT ( 'NONE',  ( -18.58826758058494732, -3.388131789017201356E-18, -29.55924030843879535 ) ) ;
#2705 = CARTESIAN_POINT ( 'NONE',  ( 68.26692682589892058, 0.000000000000000000, -15.52863851868583289 ) ) ;
#2706 = CARTESIAN_POINT ( 'NONE',  ( -54.32950738886888331, 0.000000000000000000, 6.184309070506981421 ) ) ;
#2707 = CARTESIAN_POINT ( 'NONE',  ( 63.57381288809950348, 0.000000000000000000, -44.34928438508360671 ) ) ;
#2708 = CARTESIAN_POINT ( 'NONE',  ( 51.58253876246494229, -1.734723475976807094E-15, 26.30335974505374708 ) ) ;
#2709 = CARTESIAN_POINT ( 'NONE',  ( -48.40666136689783627, 3.000000000000000000, 47.09949103918489755 ) ) ;
#2710 = CARTESIAN_POINT ( 'NONE',  ( -15.90450226889967844, 3.000000000000000444, 37.64222744140194976 ) ) ;
#2711 = CARTESIAN_POINT ( 'NONE',  ( 69.29859899999998163, 0.000000000000000000, -79.68841100000000210 ) ) ;
#2712 = ORIENTED_EDGE ( 'NONE', *, *, #4901, .F. ) ;
#2713 = FACE_OUTER_BOUND ( 'NONE', #4612, .T. ) ;
#2714 = DIRECTION ( 'NONE',  ( -0.000000000000000000, -1.000000000000000000, -0.000000000000000000 ) ) ;
#2715 = CIRCLE ( 'NONE', #5345, 0.5000000000000000000 ) ;
#2716 = CARTESIAN_POINT ( 'NONE',  ( 20.13757380277242959, 0.000000000000000000, 2.861000000000002874 ) ) ;
#2717 = CARTESIAN_POINT ( 'NONE',  ( -16.31038336920622100, 3.000000000000000000, 45.98956754242480827 ) ) ;
#2718 = CARTESIAN_POINT ( 'NONE',  ( -68.26692682589892058, 0.000000000000000000, -15.52863851868583289 ) ) ;
#2719 = ORIENTED_EDGE ( 'NONE', *, *, #1652, .F. ) ;
#2720 = CARTESIAN_POINT ( 'NONE',  ( -51.07672011127198886, 3.000000000000000000, 22.78601691263700957 ) ) ;
#2721 = CIRCLE ( 'NONE', #65, 0.2500000000000002220 ) ;
#2722 = CARTESIAN_POINT ( 'NONE',  ( 22.51290100000000649, -3.388131789017201356E-18, -35.21333000000000624 ) ) ;
#2723 = CARTESIAN_POINT ( 'NONE',  ( 32.92924601521909267, 0.000000000000000000, 46.76567725665499609 ) ) ;
#2724 = EDGE_LOOP ( 'NONE', ( #5248, #5311, #2247, #2039 ) ) ;
#2725 = CIRCLE ( 'NONE', #947, 0.5000000000000004441 ) ;
#2726 = ORIENTED_EDGE ( 'NONE', *, *, #529, .F. ) ;
#2727 = EDGE_CURVE ( 'NONE', #569, #5226, #1205, .T. ) ;
#2728 = FACE_OUTER_BOUND ( 'NONE', #369, .T. ) ;
#2729 = CARTESIAN_POINT ( 'NONE',  ( -19.19248349561289047, 3.000000000000000000, -30.51841738412840499 ) ) ;
#2730 = FACE_OUTER_BOUND ( 'NONE', #2025, .T. ) ;
#2731 = CARTESIAN_POINT ( 'NONE',  ( 70.61076606662614097, 0.000000000000000000, -21.45453730634901390 ) ) ;
#2732 = DIRECTION ( 'NONE',  ( 0.000000000000000000, 0.000000000000000000, -1.000000000000000000 ) ) ;
#2733 = EDGE_CURVE ( 'NONE', #4840, #3891, #847, .T. ) ;
#2734 = CARTESIAN_POINT ( 'NONE',  ( 62.47673719965337114, 0.000000000000000000, -22.81473369730188949 ) ) ;
#2735 = CARTESIAN_POINT ( 'NONE',  ( -59.23442243365285265, 1.500000000000000000, -56.97903554713330720 ) ) ;
#2736 = VECTOR ( 'NONE', #4357, 1000.000000000000227 ) ;
#2737 = CARTESIAN_POINT ( 'NONE',  ( 50.78777952006335283, 3.000000000000000000, 39.56614224820167180 ) ) ;
#2738 = CARTESIAN_POINT ( 'NONE',  ( -29.53986903256749486, 0.000000000000000000, -44.26378276161428715 ) ) ;
#2739 = CARTESIAN_POINT ( 'NONE',  ( 53.03508199999999562, 3.000000000000000000, 54.55017699999999081 ) ) ;
#2740 = CARTESIAN_POINT ( 'NONE',  ( -52.95461300000000193, 3.000000000000000000, 54.60650600000000310 ) ) ;
#2741 = CARTESIAN_POINT ( 'NONE',  ( -4.748878830294630760, 3.000000000000000000, 33.57505918848508486 ) ) ;
#2742 = CARTESIAN_POINT ( 'NONE',  ( -33.28056651226683016, 0.000000000000000000, -38.20085852498843337 ) ) ;
#2743 = EDGE_CURVE ( 'NONE', #5351, #5128, #256, .T. ) ;
#2744 = DIRECTION ( 'NONE',  ( 0.000000000000000000, 1.000000000000000000, 0.000000000000000000 ) ) ;
#2745 = DIRECTION ( 'NONE',  ( 0.000000000000000000, 0.000000000000000000, 1.000000000000000000 ) ) ;
#2746 = DIRECTION ( 'NONE',  ( -0.000000000000000000, -1.000000000000000000, -0.000000000000000000 ) ) ;
#2747 = DIRECTION ( 'NONE',  ( -0.000000000000000000, -1.000000000000000000, -0.000000000000000000 ) ) ;
#2748 = CARTESIAN_POINT ( 'NONE',  ( -71.57322537419373987, 0.000000000000000000, -24.48788485081163202 ) ) ;
#2749 = ORIENTED_EDGE ( 'NONE', *, *, #4418, .T. ) ;
#2750 = CARTESIAN_POINT ( 'NONE',  ( -57.68726925134266992, 3.000000000000000000, -9.020513918806257081 ) ) ;
#2751 = CARTESIAN_POINT ( 'NONE',  ( -47.19567886917845811, 3.000000000000000000, 11.97525126644446303 ) ) ;
#2752 = CARTESIAN_POINT ( 'NONE',  ( -26.32268500000000344, 3.000000000000000000, -30.84581199999999157 ) ) ;
#2753 = EDGE_LOOP ( 'NONE', ( #520, #1894, #2387, #977 ) ) ;
#2754 = VERTEX_POINT ( 'NONE', #392 ) ;
#2755 = EDGE_CURVE ( 'NONE', #2597, #1902, #1745, .T. ) ;
#2756 = FACE_OUTER_BOUND ( 'NONE', #1013, .T. ) ;
#2757 = EDGE_CURVE ( 'NONE', #1658, #1283, #4572, .T. ) ;
#2758 = CARTESIAN_POINT ( 'NONE',  ( -22.51290100000000649, 3.000000000000000000, -35.21333000000000624 ) ) ;
#2759 = CARTESIAN_POINT ( 'NONE',  ( -18.58826758058480877, 0.000000000000000000, -29.55924030843858219 ) ) ;
#2760 = CARTESIAN_POINT ( 'NONE',  ( 58.71861801067645814, -1.694065894508600678E-18, -57.83574191295416966 ) ) ;
#2761 = AXIS2_PLACEMENT_3D ( 'NONE', #2243, #1743, #2208 ) ;
#2762 = CARTESIAN_POINT ( 'NONE',  ( -19.80607089364104922, 3.000000000000000000, 2.861000000000001542 ) ) ;
#2763 = ORIENTED_EDGE ( 'NONE', *, *, #4022, .F. ) ;
#2764 = CARTESIAN_POINT ( 'NONE',  ( 62.89546445926887230, 0.000000000000000000, -48.24105080199478124 ) ) ;
#2765 = CARTESIAN_POINT ( 'NONE',  ( -60.16466442879199406, 0.000000000000000000, -57.34598217878368587 ) ) ;
#2766 = CARTESIAN_POINT ( 'NONE',  ( -45.96153700000000697, 0.000000000000000000, 8.652596999999996541 ) ) ;
#2767 = CARTESIAN_POINT ( 'NONE',  ( 51.06597170569261124, -1.734723475976807094E-15, 37.85012381048742469 ) ) ;
#2768 = CARTESIAN_POINT ( 'NONE',  ( -49.11001889993010394, 3.000000000000000000, 45.42302506770478487 ) ) ;
#2769 = VECTOR ( 'NONE', #723, 999.9999999999998863 ) ;
#2770 = CARTESIAN_POINT ( 'NONE',  ( -11.32440482030727047, 3.000000000000000444, 33.12323919592485311 ) ) ;
#2771 = CARTESIAN_POINT ( 'NONE',  ( 56.17797069690737999, 0.000000000000000000, 4.031167890004335952 ) ) ;
#2772 = CARTESIAN_POINT ( 'NONE',  ( -22.51290100000000649, 3.000000000000000000, -35.21333000000000624 ) ) ;
#2773 = VECTOR ( 'NONE', #4968, 1000.000000000000000 ) ;
#2774 = CARTESIAN_POINT ( 'NONE',  ( 57.41759783208953394, 3.000000000000000000, -57.05242572753787300 ) ) ;
#2775 = EDGE_CURVE ( 'NONE', #1811, #4987, #2010, .T. ) ;
#2776 = VECTOR ( 'NONE', #5229, 1000.000000000000000 ) ;
#2777 = CARTESIAN_POINT ( 'NONE',  ( 72.10499851117937453, 3.000000000000000000, -71.35853959186772499 ) ) ;
#2778 = CARTESIAN_POINT ( 'NONE',  ( -62.55958234661706996, 3.000000000000000000, -49.74647507105282784 ) ) ;
#2779 = DIRECTION ( 'NONE',  ( 0.000000000000000000, -1.000000000000000000, 0.000000000000000000 ) ) ;
#2780 = CARTESIAN_POINT ( 'NONE',  ( -73.88660271667157531, 0.000000000000000000, -34.07411965320424230 ) ) ;
#2781 = VERTEX_POINT ( 'NONE', #792 ) ;
#2782 = CARTESIAN_POINT ( 'NONE',  ( -59.70593670510816509, 3.000000000000000000, -13.51475326089808426 ) ) ;
#2783 = CIRCLE ( 'NONE', #4160, 0.2500000000000002220 ) ;
#2784 = EDGE_CURVE ( 'NONE', #780, #4395, #4983, .T. ) ;
#2785 = DIRECTION ( 'NONE',  ( -0.9659258399216233970, 0.000000000000000000, -0.2588189942251271636 ) ) ;
#2786 = CARTESIAN_POINT ( 'NONE',  ( 9.474660306720766201, 3.000000000000000000, 20.20049287308416197 ) ) ;
#2787 = UNCERTAINTY_MEASURE_WITH_UNIT (LENGTH_MEASURE( 1.000000000000000082E-05 ), #3802, 'distance_accuracy_value', 'NONE');
#2788 = ORIENTED_EDGE ( 'NONE', *, *, #673, .T. ) ;
#2789 = ORIENTED_EDGE ( 'NONE', *, *, #976, .F. ) ;
#2790 = PLANE ( 'NONE',  #4863 ) ;
#2791 = ORIENTED_EDGE ( 'NONE', *, *, #2445, .F. ) ;
#2792 = DIRECTION ( 'NONE',  ( 0.000000000000000000, 0.000000000000000000, 1.000000000000000000 ) ) ;
#2793 = DIRECTION ( 'NONE',  ( 1.000000000000000000, 0.000000000000000000, -1.325447660487638608E-16 ) ) ;
#2794 = CARTESIAN_POINT ( 'NONE',  ( -69.50758746322182446, 3.000000000000000000, -18.46388140482782703 ) ) ;
#2795 = CARTESIAN_POINT ( 'NONE',  ( -69.29859899999998163, 3.000000000000000000, -79.68841100000000210 ) ) ;
#2796 = LINE ( 'NONE', #686, #1237 ) ;
#2797 = FACE_OUTER_BOUND ( 'NONE', #2079, .T. ) ;
#2798 = CARTESIAN_POINT ( 'NONE',  ( 48.03801116521336922, 3.000000000000000000, 13.95946021185305952 ) ) ;
#2799 = CARTESIAN_POINT ( 'NONE',  ( -48.78284044652381368, 0.000000000000000000, 46.23368580428790153 ) ) ;
#2800 = CARTESIAN_POINT ( 'NONE',  ( 43.47364176644354217, 3.000000000000000000, 48.52725241447157600 ) ) ;
#2801 = CARTESIAN_POINT ( 'NONE',  ( -37.80084476696531937, 3.000000000000000000, 54.58296151726742806 ) ) ;
#2802 = CARTESIAN_POINT ( 'NONE',  ( 30.10119409375531063, 0.000000000000000000, -35.01173271421695432 ) ) ;
#2803 = DIRECTION ( 'NONE',  ( 0.000000000000000000, 1.000000000000000000, 0.000000000000000000 ) ) ;
#2804 = CARTESIAN_POINT ( 'NONE',  ( -52.74381046791713601, 1.499999999999999556, 9.324081302159578755 ) ) ;
#2805 = ADVANCED_FACE ( 'NONE', ( #2074 ), #367, .T. ) ;
#2806 = ORIENTED_EDGE ( 'NONE', *, *, #380, .T. ) ;
#2807 = CARTESIAN_POINT ( 'NONE',  ( -46.04954718407758207, 3.000000000000000000, 8.725615406546580743 ) ) ;
#2808 = EDGE_CURVE ( 'NONE', #2056, #832, #1958, .T. ) ;
#2809 = CARTESIAN_POINT ( 'NONE',  ( -46.42834085992950577, 3.000000000000000000, 10.08485400734957160 ) ) ;
#2810 = DIRECTION ( 'NONE',  ( 0.000000000000000000, 0.000000000000000000, 1.000000000000000000 ) ) ;
#2811 = ORIENTED_EDGE ( 'NONE', *, *, #4809, .T. ) ;
#2812 = ORIENTED_EDGE ( 'NONE', *, *, #2539, .T. ) ;
#2813 = EDGE_CURVE ( 'NONE', #2846, #1772, #3395, .T. ) ;
#2814 = CARTESIAN_POINT ( 'NONE',  ( -62.89546445926887230, 0.000000000000000000, -48.24105080199478124 ) ) ;
#2815 = EDGE_LOOP ( 'NONE', ( #1978, #2413, #1611, #4088 ) ) ;
#2816 = CARTESIAN_POINT ( 'NONE',  ( 14.27514868206736409, 3.000000000000000000, 13.58591615616767712 ) ) ;
#2817 = CARTESIAN_POINT ( 'NONE',  ( -4.024501119728221887, 3.000000000000000000, 33.26446250471916954 ) ) ;
#2818 = CARTESIAN_POINT ( 'NONE',  ( -14.07741071682210077, 3.000000000000000000, 17.63653849711256427 ) ) ;
#2819 = CIRCLE ( 'NONE', #1751, 33.50000000000000000 ) ;
#2820 = CARTESIAN_POINT ( 'NONE',  ( -63.24175436749369794, 3.000000000000000000, -75.67690974196260356 ) ) ;
#2821 = CARTESIAN_POINT ( 'NONE',  ( -11.24952735848692420, -8.673617379884035472E-16, 33.04450610827812795 ) ) ;
#2822 = CARTESIAN_POINT ( 'NONE',  ( 9.474660306720766201, 0.000000000000000000, 19.95049287308416197 ) ) ;
#2823 = EDGE_CURVE ( 'NONE', #4958, #1858, #503, .T. ) ;
#2824 = DIRECTION ( 'NONE',  ( 0.000000000000000000, 1.000000000000000000, -0.000000000000000000 ) ) ;
#2825 = FACE_OUTER_BOUND ( 'NONE', #2283, .T. ) ;
#2826 = CARTESIAN_POINT ( 'NONE',  ( -48.91845889341247045, 3.000000000000000000, 55.18619668923575006 ) ) ;
#2827 = EDGE_LOOP ( 'NONE', ( #4980, #2310, #3731, #3767 ) ) ;
#2828 = FACE_OUTER_BOUND ( 'NONE', #3638, .T. ) ;
#2829 = AXIS2_PLACEMENT_3D ( 'NONE', #2054, #344, #4937 ) ;
#2830 = CARTESIAN_POINT ( 'NONE',  ( 19.63757380277243314, 0.000000000000000000, -3.089000000000001300 ) ) ;
#2831 = EDGE_LOOP ( 'NONE', ( #1285, #3583, #3307, #4600 ) ) ;
#2832 = VERTEX_POINT ( 'NONE', #1297 ) ;
#2833 = CARTESIAN_POINT ( 'NONE',  ( -62.47673719965337114, 0.000000000000000000, -22.81473369730188949 ) ) ;
#2834 = ORIENTED_EDGE ( 'NONE', *, *, #522, .F. ) ;
#2835 = APPLICATION_PROTOCOL_DEFINITION ( 'draft international standard', 'automotive_design', 1998, #5391 ) ;
#2836 = CARTESIAN_POINT ( 'NONE',  ( -14.27514868206736409, 0.000000000000000000, 13.58591615616767712 ) ) ;
#2837 = CARTESIAN_POINT ( 'NONE',  ( 63.24175436749369794, 8.673617379884035472E-16, -75.67690974196260356 ) ) ;
#2838 = AXIS2_PLACEMENT_3D ( 'NONE', #1062, #625, #5305 ) ;
#2839 = CARTESIAN_POINT ( 'NONE',  ( -57.52873128446579898, 3.000000000000000000, -71.38674136512977952 ) ) ;
#2840 = CARTESIAN_POINT ( 'NONE',  ( 63.24469429960424804, 3.000000000000000000, -46.44330852578764279 ) ) ;
#2841 = CARTESIAN_POINT ( 'NONE',  ( 65.82221648002720826, 3.000000000000000000, -10.32104284989116216 ) ) ;
#2842 = CARTESIAN_POINT ( 'NONE',  ( -61.30293354260651739, 0.000000000000000000, -54.20544071342600745 ) ) ;
#2843 = CYLINDRICAL_SURFACE ( 'NONE', #3763, 0.1118251333528941238 ) ;
#2844 = CARTESIAN_POINT ( 'NONE',  ( -64.01178917178602035, 3.000000000000000000, -39.55785164556753131 ) ) ;
#2845 = CARTESIAN_POINT ( 'NONE',  ( 0.000000000000000000, 3.000000000000000000, 0.000000000000000000 ) ) ;
#2846 = VERTEX_POINT ( 'NONE', #3752 ) ;
#2847 = AXIS2_PLACEMENT_3D ( 'NONE', #2804, #3576, #3235 ) ;
#2848 = CARTESIAN_POINT ( 'NONE',  ( 45.75399814769915707, 0.000000000000000000, 48.59335460104893656 ) ) ;
#2849 = CARTESIAN_POINT ( 'NONE',  ( -29.53986903256749486, 0.000000000000000000, -44.26378276161428715 ) ) ;
#2850 = ORIENTED_EDGE ( 'NONE', *, *, #4008, .F. ) ;
#2851 = CIRCLE ( 'NONE', #3213, 1.000000000000000888 ) ;
#2852 = ORIENTED_EDGE ( 'NONE', *, *, #2349, .T. ) ;
#2853 = CARTESIAN_POINT ( 'NONE',  ( -61.30293354260651739, 0.000000000000000000, -54.20544071342600745 ) ) ;
#2854 = VERTEX_POINT ( 'NONE', #2986 ) ;
#2855 =( NAMED_UNIT ( * ) PLANE_ANGLE_UNIT ( ) SI_UNIT ( $, .RADIAN. ) );
#2856 = EDGE_CURVE ( 'NONE', #2003, #3133, #4545, .T. ) ;
#2857 = CARTESIAN_POINT ( 'NONE',  ( 8.043505417548956871, 3.000000000000000000, 17.00712899999999905 ) ) ;
#2858 = VERTEX_POINT ( 'NONE', #5430 ) ;
#2859 = CARTESIAN_POINT ( 'NONE',  ( 46.65100804918601796, 8.673617379884035472E-16, -62.18904330299390182 ) ) ;
#2860 = ADVANCED_FACE ( 'NONE', ( #1669 ), #5136, .F. ) ;
#2861 = AXIS2_PLACEMENT_3D ( 'NONE', #685, #4920, #348 ) ;
#2862 = CARTESIAN_POINT ( 'NONE',  ( -68.13813611361483424, 0.000000000000000000, -79.08096968537924454 ) ) ;
#2863 = LINE ( 'NONE', #2035, #3644 ) ;
#2864 = FILL_AREA_STYLE ('',( #1253 ) ) ;
#2865 = DIRECTION ( 'NONE',  ( 0.000000000000000000, 1.000000000000000000, 0.000000000000000000 ) ) ;
#2866 = CARTESIAN_POINT ( 'NONE',  ( 53.03508199999999562, 3.000000000000000000, 54.55017699999999081 ) ) ;
#2867 = ORIENTED_EDGE ( 'NONE', *, *, #2926, .T. ) ;
#2868 = CARTESIAN_POINT ( 'NONE',  ( -56.46615775767583756, 3.000000000000000000, 22.24453399322362301 ) ) ;
#2869 = ORIENTED_EDGE ( 'NONE', *, *, #1228, .F. ) ;
#2870 = CARTESIAN_POINT ( 'NONE',  ( 32.92924601521909267, 3.000000000000000000, 46.76567725665499609 ) ) ;
#2871 = CARTESIAN_POINT ( 'NONE',  ( -31.82452032347588755, 0.000000000000000000, -46.95821028762578919 ) ) ;
#2872 = VERTEX_POINT ( 'NONE', #3927 ) ;
#2873 = VERTEX_POINT ( 'NONE', #2601 ) ;
#2874 = DIRECTION ( 'NONE',  ( 0.000000000000000000, 1.000000000000000000, 0.000000000000000000 ) ) ;
#2875 = CARTESIAN_POINT ( 'NONE',  ( -60.77547253423845319, 3.000000000000000888, -55.74672559360109148 ) ) ;
#2876 = VERTEX_POINT ( 'NONE', #1783 ) ;
#2877 = CARTESIAN_POINT ( 'NONE',  ( 51.25850343980033585, 3.000000000000000000, 23.70324265457825064 ) ) ;
#2878 = CARTESIAN_POINT ( 'NONE',  ( 0.000000000000000000, 0.000000000000000000, 2.861000000000001542 ) ) ;
#2879 = VERTEX_POINT ( 'NONE', #4366 ) ;
#2880 = CARTESIAN_POINT ( 'NONE',  ( 68.13813611361483424, 3.000000000000000000, -79.08096968537924454 ) ) ;
#2881 = ADVANCED_FACE ( 'NONE', ( #4239 ), #3551, .T. ) ;
#2882 = AXIS2_PLACEMENT_3D ( 'NONE', #4546, #4959, #4647 ) ;
#2883 = CARTESIAN_POINT ( 'NONE',  ( -51.84063968968351332, 3.000000000000000000, 9.753362731230158289 ) ) ;
#2884 = DIRECTION ( 'NONE',  ( 0.000000000000000000, 0.000000000000000000, -1.000000000000000000 ) ) ;
#2885 = CARTESIAN_POINT ( 'NONE',  ( 26.32268500000000344, 3.000000000000000000, -30.84581199999999157 ) ) ;
#2886 = EDGE_CURVE ( 'NONE', #2873, #267, #2721, .T. ) ;
#2887 = CARTESIAN_POINT ( 'NONE',  ( -50.85231247534594701, 1.694065894508600678E-18, 21.83277693443448442 ) ) ;
#2888 = VECTOR ( 'NONE', #2070, 1000.000000000000000 ) ;
#2889 = CARTESIAN_POINT ( 'NONE',  ( -62.55958234661706996, 0.000000000000000000, -49.74647507105282784 ) ) ;
#2890 = AXIS2_PLACEMENT_3D ( 'NONE', #324, #1599, #1955 ) ;
#2891 = CARTESIAN_POINT ( 'NONE',  ( -9.248703789575392520, 3.000000000000000000, -17.10761641994157145 ) ) ;
#2892 = ORIENTED_EDGE ( 'NONE', *, *, #2230, .F. ) ;
#2893 = DIRECTION ( 'NONE',  ( 1.000000000000000000, 0.000000000000000000, 0.000000000000000000 ) ) ;
#2894 = ORIENTED_EDGE ( 'NONE', *, *, #4112, .F. ) ;
#2895 = EDGE_CURVE ( 'NONE', #1112, #5007, #1325, .T. ) ;
#2896 = CARTESIAN_POINT ( 'NONE',  ( 38.14617242316049328, 3.000000000000000000, 47.94465861678471441 ) ) ;
#2897 = AXIS2_PLACEMENT_3D ( 'NONE', #3818, #889, #5121 ) ;
#2898 = CARTESIAN_POINT ( 'NONE',  ( 63.38103698324037794, 3.000000000000000000, -27.55893418939137618 ) ) ;
#2899 = VERTEX_POINT ( 'NONE', #533 ) ;
#2900 = ORIENTED_EDGE ( 'NONE', *, *, #2510, .F. ) ;
#2901 = VECTOR ( 'NONE', #2207, 1000.000000000000000 ) ;
#2902 = CARTESIAN_POINT ( 'NONE',  ( 22.39453450200970863, 3.000000000000000000, -26.17634925229169696 ) ) ;
#2903 = CARTESIAN_POINT ( 'NONE',  ( -60.16466442878640208, 0.000000000000000000, -57.34598217879779725 ) ) ;
#2904 = ORIENTED_EDGE ( 'NONE', *, *, #2699, .T. ) ;
#2905 = DIRECTION ( 'NONE',  ( 0.000000000000000000, 1.000000000000000000, -0.000000000000000000 ) ) ;
#2906 = ORIENTED_EDGE ( 'NONE', *, *, #3160, .F. ) ;
#2907 = EDGE_CURVE ( 'NONE', #4626, #3891, #4384, .T. ) ;
#2908 = VECTOR ( 'NONE', #4438, 1000.000000000000000 ) ;
#2909 = DIRECTION ( 'NONE',  ( -0.000000000000000000, -1.000000000000000000, -0.000000000000000000 ) ) ;
#2910 = DIRECTION ( 'NONE',  ( -0.000000000000000000, 1.000000000000000000, -0.000000000000000000 ) ) ;
#2911 = DIRECTION ( 'NONE',  ( 0.000000000000000000, 1.000000000000000000, 0.000000000000000000 ) ) ;
#2912 = CARTESIAN_POINT ( 'NONE',  ( -62.18195581727540855, 0.000000000000000000, -51.24310241979229374 ) ) ;
#2913 = CYLINDRICAL_SURFACE ( 'NONE', #3074, 33.50000000000000000 ) ;
#2914 = ORIENTED_EDGE ( 'NONE', *, *, #5249, .T. ) ;
#2915 = CARTESIAN_POINT ( 'NONE',  ( 5.663267465419664859, 0.000000000000000000, 34.53583603780170108 ) ) ;
#2916 = ORIENTED_EDGE ( 'NONE', *, *, #15, .F. ) ;
#2917 = EDGE_CURVE ( 'NONE', #5212, #3277, #1841, .T. ) ;
#2918 = CARTESIAN_POINT ( 'NONE',  ( 47.09769371295863749, 3.000000000000000000, 48.57365274403540667 ) ) ;
#2919 = DIRECTION ( 'NONE',  ( 1.000000000000000000, 0.000000000000000000, 1.301042606982605715E-15 ) ) ;
#2920 = CARTESIAN_POINT ( 'NONE',  ( 19.63757380277242603, 0.000000000000000000, -13.61297399999998881 ) ) ;
#2921 = DIRECTION ( 'NONE',  ( 0.000000000000000000, 1.000000000000000000, 0.000000000000000000 ) ) ;
#2922 = ORIENTED_EDGE ( 'NONE', *, *, #3765, .F. ) ;
#2923 = VECTOR ( 'NONE', #3273, 1000.000000000000000 ) ;
#2924 = ORIENTED_EDGE ( 'NONE', *, *, #4904, .F. ) ;
#2925 = DIRECTION ( 'NONE',  ( 0.000000000000000000, 0.000000000000000000, 1.000000000000000000 ) ) ;
#2926 = EDGE_CURVE ( 'NONE', #4734, #2933, #943, .T. ) ;
#2927 = CIRCLE ( 'NONE', #2050, 33.50000000000000000 ) ;
#2928 = CARTESIAN_POINT ( 'NONE',  ( 8.094470818599306838, 3.000000000000000000, -14.61297399999998881 ) ) ;
#2929 = VECTOR ( 'NONE', #1026, 1000.000000000000000 ) ;
#2930 = CARTESIAN_POINT ( 'NONE',  ( -14.07881148698490570, 3.000000000000000000, 44.13726295849840398 ) ) ;
#2931 = ORIENTED_EDGE ( 'NONE', *, *, #3365, .F. ) ;
#2932 = DIRECTION ( 'NONE',  ( -0.000000000000000000, -1.000000000000000000, -0.000000000000000000 ) ) ;
#2933 = VERTEX_POINT ( 'NONE', #3493 ) ;
#2934 = AXIS2_PLACEMENT_3D ( 'NONE', #5290, #4839, #5258 ) ;
#2935 = LINE ( 'NONE', #4604, #1536 ) ;
#2936 = FACE_OUTER_BOUND ( 'NONE', #468, .T. ) ;
#2937 = CARTESIAN_POINT ( 'NONE',  ( -72.10499851117937453, 3.000000000000000000, -71.35853959186772499 ) ) ;
#2938 = VECTOR ( 'NONE', #1981, 1000.000000000000000 ) ;
#2939 = CARTESIAN_POINT ( 'NONE',  ( -26.32268500000000344, 3.000000000000000000, -30.84581199999999157 ) ) ;
#2940 = DIRECTION ( 'NONE',  ( 0.000000000000000000, 0.000000000000000000, -1.000000000000000000 ) ) ;
#2941 = ORIENTED_EDGE ( 'NONE', *, *, #3332, .T. ) ;
#2942 = CARTESIAN_POINT ( 'NONE',  ( 35.17931797114327708, 0.000000000000000000, 54.08985714986710036 ) ) ;
#2943 = ORIENTED_EDGE ( 'NONE', *, *, #3885, .T. ) ;
#2944 = CARTESIAN_POINT ( 'NONE',  ( 48.12931955041965892, 3.000000000000000000, 47.69028253737588585 ) ) ;
#2945 = EDGE_CURVE ( 'NONE', #757, #2872, #2969, .T. ) ;
#2946 = CYLINDRICAL_SURFACE ( 'NONE', #4225, 1.000000000000000888 ) ;
#2947 = CARTESIAN_POINT ( 'NONE',  ( -66.16332437088969698, 0.000000000000000000, -77.74163664067302193 ) ) ;
#2948 = EDGE_CURVE ( 'NONE', #347, #780, #697, .T. ) ;
#2949 = CARTESIAN_POINT ( 'NONE',  ( 14.32069766670227295, 3.000000000000000000, -15.82646043718288809 ) ) ;
#2950 = CARTESIAN_POINT ( 'NONE',  ( 9.474660306720766201, 3.000000000000000000, 20.20049287308416197 ) ) ;
#2951 = ORIENTED_EDGE ( 'NONE', *, *, #3350, .T. ) ;
#2952 = EDGE_CURVE ( 'NONE', #1230, #5174, #5334, .T. ) ;
#2953 = EDGE_CURVE ( 'NONE', #4538, #2213, #1488, .T. ) ;
#2954 = PLANE ( 'NONE',  #1063 ) ;
#2955 = VERTEX_POINT ( 'NONE', #3680 ) ;
#2956 = CARTESIAN_POINT ( 'NONE',  ( 52.93105502202837442, 3.000000000000000000, 54.48721052110997221 ) ) ;
#2957 = CARTESIAN_POINT ( 'NONE',  ( 57.38167299311196246, 3.000000000000000000, 42.59460849329533261 ) ) ;
#2958 = CARTESIAN_POINT ( 'NONE',  ( -12.56218856668103179, 3.000000000000000000, 42.58293304568056215 ) ) ;
#2959 = ORIENTED_EDGE ( 'NONE', *, *, #2727, .T. ) ;
#2960 = LINE ( 'NONE', #5046, #809 ) ;
#2961 = VERTEX_POINT ( 'NONE', #317 ) ;
#2962 = CARTESIAN_POINT ( 'NONE',  ( -69.50758746322182446, 3.000000000000000000, -18.46388140482782703 ) ) ;
#2963 = CARTESIAN_POINT ( 'NONE',  ( -26.32268500000000344, 0.000000000000000000, -30.84581199999999157 ) ) ;
#2964 = CARTESIAN_POINT ( 'NONE',  ( 43.04721560209382147, 3.000000000000000000, -46.88065575780606054 ) ) ;
#2965 = CARTESIAN_POINT ( 'NONE',  ( -51.62816443538031308, 1.694065894508600678E-18, 27.14092059717915717 ) ) ;
#2966 = CARTESIAN_POINT ( 'NONE',  ( 9.474660306720766201, 3.000000000000000000, 19.95049287308416197 ) ) ;
#2967 = CARTESIAN_POINT ( 'NONE',  ( 24.99241226516430103, 3.000000000000000000, -29.30753214814435381 ) ) ;
#2968 = CARTESIAN_POINT ( 'NONE',  ( -29.39521040800501694, 3.000000000000000000, 45.60067303327976163 ) ) ;
#2969 = CIRCLE ( 'NONE', #3605, 0.2499999999999997780 ) ;
#2970 = CARTESIAN_POINT ( 'NONE',  ( 46.42834085992950577, 3.000000000000000000, 10.08485400734957160 ) ) ;
#2971 = CARTESIAN_POINT ( 'NONE',  ( -47.19567886917845811, 0.000000000000000000, 11.97525126644446303 ) ) ;
#2972 = ORIENTED_EDGE ( 'NONE', *, *, #4135, .F. ) ;
#2973 = CARTESIAN_POINT ( 'NONE',  ( -56.99661394790859248, 1.694065894508600678E-18, 24.68591891454632403 ) ) ;
#2974 = ORIENTED_EDGE ( 'NONE', *, *, #785, .F. ) ;
#2975 = CARTESIAN_POINT ( 'NONE',  ( 51.06597170569261124, 3.000000000000000000, 37.85012381048742469 ) ) ;
#2976 = EDGE_CURVE ( 'NONE', #4299, #5134, #3238, .T. ) ;
#2977 = FACE_OUTER_BOUND ( 'NONE', #2573, .T. ) ;
#2978 = CARTESIAN_POINT ( 'NONE',  ( 11.24952735848741447, 0.000000000000000000, 33.04450610827865376 ) ) ;
#2979 = FACE_OUTER_BOUND ( 'NONE', #4936, .T. ) ;
#2980 = CARTESIAN_POINT ( 'NONE',  ( 19.63757380277243314, 3.000000000000000000, 17.00712899999999905 ) ) ;
#2981 = VERTEX_POINT ( 'NONE', #1481 ) ;
#2982 = ORIENTED_EDGE ( 'NONE', *, *, #2349, .F. ) ;
#2983 = CARTESIAN_POINT ( 'NONE',  ( -59.23442243365285265, 0.000000000000000000, -57.97903554713330720 ) ) ;
#2984 = AXIS2_PLACEMENT_3D ( 'NONE', #2599, #4266, #2925 ) ;
#2985 = LINE ( 'NONE', #1782, #2582 ) ;
#2986 = CARTESIAN_POINT ( 'NONE',  ( 11.62707736313945084, 3.000000000000000000, 31.41752810122989104 ) ) ;
#2987 = CARTESIAN_POINT ( 'NONE',  ( 53.03508199999999562, 3.000000000000000000, 54.55017699999999081 ) ) ;
#2988 = CARTESIAN_POINT ( 'NONE',  ( -57.41759783208954104, -1.694065894508600678E-18, -57.05242572753787300 ) ) ;
#2989 = ORIENTED_EDGE ( 'NONE', *, *, #2216, .T. ) ;
#2990 = DIRECTION ( 'NONE',  ( 0.9659256786723878774, 0.000000000000000000, -0.2588195960148436114 ) ) ;
#2991 = ORIENTED_EDGE ( 'NONE', *, *, #4047, .T. ) ;
#2992 = DIRECTION ( 'NONE',  ( 0.000000000000000000, 1.000000000000000000, 0.000000000000000000 ) ) ;
#2993 = CARTESIAN_POINT ( 'NONE',  ( 54.41307803009701871, 3.000000000000000000, -2.815150853046603618 ) ) ;
#2994 = CARTESIAN_POINT ( 'NONE',  ( -52.02639311151100543, 0.000000000000000000, 8.627437679690247663 ) ) ;
#2995 = CARTESIAN_POINT ( 'NONE',  ( -73.47345917354013523, 0.000000000000000000, -65.66879731386144670 ) ) ;
#2996 = VECTOR ( 'NONE', #5132, 1000.000000000000000 ) ;
#2997 = ADVANCED_FACE ( 'NONE', ( #5331 ), #4492, .T. ) ;
#2998 = CARTESIAN_POINT ( 'NONE',  ( -35.72822307076612702, 3.000000000000000000, -40.53733558045187380 ) ) ;
#2999 = CARTESIAN_POINT ( 'NONE',  ( -50.60427557001374765, 3.000000000000000000, 20.91910442031266726 ) ) ;
#3000 = ORIENTED_EDGE ( 'NONE', *, *, #3666, .T. ) ;
#3001 = FACE_OUTER_BOUND ( 'NONE', #3398, .T. ) ;
#3002 = CARTESIAN_POINT ( 'NONE',  ( 73.88660271667157531, 3.000000000000000000, -34.07411965320424230 ) ) ;
#3003 = ORIENTED_EDGE ( 'NONE', *, *, #2073, .F. ) ;
#3004 = CARTESIAN_POINT ( 'NONE',  ( 8.637894793055961529, 3.000000000000000000, -14.70920828581732742 ) ) ;
#3005 = CARTESIAN_POINT ( 'NONE',  ( 31.82452032347588755, 3.000000000000000000, -46.95821028762578919 ) ) ;
#3006 = DIRECTION ( 'NONE',  ( 0.000000000000000000, 1.000000000000000000, 0.000000000000000000 ) ) ;
#3007 = AXIS2_PLACEMENT_3D ( 'NONE', #1573, #2396, #4093 ) ;
#3008 = ORIENTED_EDGE ( 'NONE', *, *, #2472, .T. ) ;
#3009 = EDGE_LOOP ( 'NONE', ( #3293, #3839, #1034, #1837 ) ) ;
#3010 = DIRECTION ( 'NONE',  ( 0.000000000000000000, 0.000000000000000000, 1.000000000000000000 ) ) ;
#3011 = DIRECTION ( 'NONE',  ( 0.2588195960148435559, 0.000000000000000000, 0.9659256786723878774 ) ) ;
#3012 = CARTESIAN_POINT ( 'NONE',  ( 25.04646925433932125, 2.602085213965210642E-15, 50.90397181029609897 ) ) ;
#3013 = CARTESIAN_POINT ( 'NONE',  ( 55.84042679767052419, 3.000000000000000000, 19.87131075041820338 ) ) ;
#3014 = AXIS2_PLACEMENT_3D ( 'NONE', #1791, #2196, #103 ) ;
#3015 = CARTESIAN_POINT ( 'NONE',  ( -5.663267465419664859, 3.000000000000000000, 34.53583603780170108 ) ) ;
#3016 = ORIENTED_EDGE ( 'NONE', *, *, #4069, .F. ) ;
#3017 = CARTESIAN_POINT ( 'NONE',  ( -47.09769371295864460, 0.000000000000000000, 48.57365274403541378 ) ) ;
#3018 = ORIENTED_EDGE ( 'NONE', *, *, #15, .T. ) ;
#3019 = VECTOR ( 'NONE', #5018, 1000.000000000000000 ) ;
#3020 = PRESENTATION_LAYER_ASSIGNMENT (  '', '', ( #2327 ) ) ;
#3021 = CARTESIAN_POINT ( 'NONE',  ( -57.41759783208954104, 0.000000000000000000, -57.05242572753787300 ) ) ;
#3022 = DIRECTION ( 'NONE',  ( 0.000000000000000000, 0.000000000000000000, 1.000000000000000000 ) ) ;
#3023 = EDGE_CURVE ( 'NONE', #2564, #296, #5269, .T. ) ;
#3024 = LINE ( 'NONE', #4277, #4940 ) ;
#3025 = CARTESIAN_POINT ( 'NONE',  ( -7.803807588814857255, 0.000000000000000000, -14.11297399999999058 ) ) ;
#3026 = CARTESIAN_POINT ( 'NONE',  ( -75.19643174213283032, 3.000000000000000000, -47.28664632753167041 ) ) ;
#3027 = EDGE_CURVE ( 'NONE', #4141, #2486, #1136, .T. ) ;
#3028 = AXIS2_PLACEMENT_3D ( 'NONE', #3815, #3475, #5152 ) ;
#3029 = CYLINDRICAL_SURFACE ( 'NONE', #4745, 0.2500000000000002220 ) ;
#3030 = CARTESIAN_POINT ( 'NONE',  ( 20.43398048073135698, 3.000000000000000000, 48.64611496752109332 ) ) ;
#3031 = CARTESIAN_POINT ( 'NONE',  ( 51.84063968968352754, 3.000000000000000000, 9.753362731230172500 ) ) ;
#3032 = VERTEX_POINT ( 'NONE', #2830 ) ;
#3033 = CARTESIAN_POINT ( 'NONE',  ( -53.07011903057330215, 1.694065894508600678E-18, 12.41944438019204000 ) ) ;
#3034 = CARTESIAN_POINT ( 'NONE',  ( 67.48026777112259822, 0.000000000000000000, -13.78243298595314137 ) ) ;
#3035 = VERTEX_POINT ( 'NONE', #1926 ) ;
#3036 = CARTESIAN_POINT ( 'NONE',  ( -7.882842367380940907, 3.000000000000000000, 17.00712899999999905 ) ) ;
#3037 = CIRCLE ( 'NONE', #3579, 1.000000000000000888 ) ;
#3038 = CARTESIAN_POINT ( 'NONE',  ( 17.11102934204589943, 0.000000000000000000, 38.63514858060335655 ) ) ;
#3039 = CYLINDRICAL_SURFACE ( 'NONE', #3520, 1.000000000000000888 ) ;
#3040 = FACE_OUTER_BOUND ( 'NONE', #1596, .T. ) ;
#3041 = CARTESIAN_POINT ( 'NONE',  ( 47.97038724757349115, 1.694065894508600678E-18, 48.01432368930919381 ) ) ;
#3042 = EDGE_CURVE ( 'NONE', #4987, #3464, #1591, .T. ) ;
#3043 = VERTEX_POINT ( 'NONE', #3262 ) ;
#3044 = ORIENTED_EDGE ( 'NONE', *, *, #2886, .F. ) ;
#3045 = CARTESIAN_POINT ( 'NONE',  ( 54.20032901009870585, 3.000000000000000000, 15.00778510851577785 ) ) ;
#3046 = LINE ( 'NONE', #2567, #3282 ) ;
#3047 = CARTESIAN_POINT ( 'NONE',  ( 16.31038336920622100, 3.000000000000000000, 45.98956754242480827 ) ) ;
#3048 = CARTESIAN_POINT ( 'NONE',  ( 56.99661394790859248, 3.000000000000000000, 24.68591891454632403 ) ) ;
#3049 = CARTESIAN_POINT ( 'NONE',  ( -47.65347645414518496, -1.694065894508600678E-18, -50.44294925997562729 ) ) ;
#3050 = EDGE_LOOP ( 'NONE', ( #112, #2900, #2383, #3745 ) ) ;
#3051 = CARTESIAN_POINT ( 'NONE',  ( -52.50605514512982808, 3.000000000000000000, 0.1823456245236336759 ) ) ;
#3052 = VERTEX_POINT ( 'NONE', #4886 ) ;
#3053 = DIRECTION ( 'NONE',  ( 0.000000000000000000, 0.000000000000000000, 1.000000000000000000 ) ) ;
#3054 = CARTESIAN_POINT ( 'NONE',  ( -12.50859194856952961, 0.000000000000000000, 34.43617758156187136 ) ) ;
#3055 = CARTESIAN_POINT ( 'NONE',  ( 58.71861801067645814, 3.000000000000000000, -57.83574191295416966 ) ) ;
#3056 = CARTESIAN_POINT ( 'NONE',  ( 27.63585988197559118, 0.000000000000000000, -41.92596029648237987 ) ) ;
#3057 = LINE ( 'NONE', #886, #572 ) ;
#3058 = CARTESIAN_POINT ( 'NONE',  ( -68.13813611361483424, 3.000000000000000000, -79.08096968537924454 ) ) ;
#3059 = CARTESIAN_POINT ( 'NONE',  ( 40.42315691954928525, 3.000000000000000000, 54.94557405835164587 ) ) ;
#3060 = EDGE_CURVE ( 'NONE', #2430, #2873, #214, .T. ) ;
#3061 = CARTESIAN_POINT ( 'NONE',  ( -51.61899086186532060, 3.000000000000000000, 29.95002930523141771 ) ) ;
#3062 = ORIENTED_EDGE ( 'NONE', *, *, #1108, .T. ) ;
#3063 = CARTESIAN_POINT ( 'NONE',  ( -46.60479208711303301, 3.000000000000000444, 48.58604334559871774 ) ) ;
#3064 = CARTESIAN_POINT ( 'NONE',  ( 74.78042380755752561, 3.000000000000000000, -57.00402461466837423 ) ) ;
#3065 = VERTEX_POINT ( 'NONE', #4859 ) ;
#3066 = AXIS2_PLACEMENT_3D ( 'NONE', #5218, #622, #239 ) ;
#3067 = CARTESIAN_POINT ( 'NONE',  ( -12.56218856668103179, 0.000000000000000000, 42.58293304568056215 ) ) ;
#3068 = DIRECTION ( 'NONE',  ( 0.000000000000000000, 0.000000000000000000, 1.000000000000000000 ) ) ;
#3069 = LINE ( 'NONE', #119, #1444 ) ;
#3070 = CARTESIAN_POINT ( 'NONE',  ( -61.69123223475197193, 0.000000000000000000, -3.388928585261459236 ) ) ;
#3071 = ORIENTED_EDGE ( 'NONE', *, *, #2515, .T. ) ;
#3072 = B_SPLINE_SURFACE_WITH_KNOTS ( 'NONE', 3, 1, ( 
 ( #4635, #5124 ),
 ( #2650, #1345 ),
 ( #1312, #4665 ),
 ( #4697, #2971 ),
 ( #1282, #76 ),
 ( #1768, #860 ),
 ( #108, #893 ),
 ( #44, #1798 ),
 ( #4317, #925 ),
 ( #2999, #2585 ),
 ( #4284, #2554 ),
 ( #957, #549 ),
 ( #484, #2169 ),
 ( #3849, #145 ),
 ( #4227, #2113 ),
 ( #3914, #516 ),
 ( #3480, #2202 ),
 ( #5158, #3878 ),
 ( #458, #1378 ),
 ( #3061, #4729 ),
 ( #2235, #1828 ),
 ( #2678, #3507 ),
 ( #5184, #2142 ),
 ( #5055, #1407 ),
 ( #3092, #4764 ),
 ( #989, #432 ),
 ( #3792, #18 ),
 ( #1705, #3820 ),
 ( #4351, #4459 ),
 ( #1497, #1857 ),
 ( #1884, #5294 ),
 ( #171, #231 ),
 ( #1548, #3567 ),
 ( #2768, #3997 ),
 ( #2376, #2799 ),
 ( #2709, #4434 ),
 ( #5208, #3619 ),
 ( #3944, #3124 ) ),
 .UNSPECIFIED., .F., .F., .F.,
 ( 4, 1, 1, 1, 1, 1, 1, 1, 1, 1, 1, 1, 1, 1, 1, 1, 1, 1, 1, 1, 1, 1, 1, 1, 1, 1, 1, 1, 1, 1, 1, 1, 1, 1, 1, 4 ),
 ( 2, 2 ),
 ( 0.000000000000000000, 0.03301402884041852726, 0.06912885791095987886, 0.1480081206765340718, 0.1894089932466170578, 0.2312116592561086204, 0.2727722837556229574, 0.2932418632890559929, 0.3134239729529152418, 0.3383068906649624452, 0.3619175127210942366, 0.3844605229609985297, 0.4061336771164703041, 0.4271340419707934655, 0.4476505252297119930, 0.4678730461783387473, 0.4879811535513915999, 0.5081484489801264548, 0.5285342454468887619, 0.5706521226300718119, 0.6642990379423662217, 0.6853247149976281483, 0.7063264560935557101, 0.7273351191429134888, 0.7483500992106640881, 0.7693748167951749428, 0.7904096843862608024, 0.8114558934687168268, 0.8325149202986216190, 0.8535873411250010090, 0.8746750485977552447, 0.8957781723743322155, 0.9168991668880944745, 0.9380373901365067768, 0.9591960121925849903, 0.9853810201268415891 ),
 ( 0.000000000000000000, 1.000000000000000000 ),
 .UNSPECIFIED. ) ;
#3073 = ORIENTED_EDGE ( 'NONE', *, *, #1005, .T. ) ;
#3074 = AXIS2_PLACEMENT_3D ( 'NONE', #406, #1201, #2940 ) ;
#3075 = FACE_OUTER_BOUND ( 'NONE', #4643, .T. ) ;
#3076 = CARTESIAN_POINT ( 'NONE',  ( 48.91845889341247045, 2.602085213965210642E-15, 55.18619668923575006 ) ) ;
#3077 = LINE ( 'NONE', #5073, #3691 ) ;
#3078 = ORIENTED_EDGE ( 'NONE', *, *, #1788, .T. ) ;
#3079 = DIRECTION ( 'NONE',  ( 0.000000000000000000, 0.000000000000000000, -1.000000000000000000 ) ) ;
#3080 = ORIENTED_EDGE ( 'NONE', *, *, #1486, .F. ) ;
#3081 = CARTESIAN_POINT ( 'NONE',  ( 26.32268500000000344, 0.000000000000000000, -30.84581199999999157 ) ) ;
#3082 = CARTESIAN_POINT ( 'NONE',  ( -19.62591869919314647, 3.000000000000000000, -14.11297399999998525 ) ) ;
#3083 = AXIS2_PLACEMENT_3D ( 'NONE', #4843, #197, #1911 ) ;
#3084 = CARTESIAN_POINT ( 'NONE',  ( -22.39453450200970863, 0.000000000000000000, -26.17634925229169696 ) ) ;
#3085 = CARTESIAN_POINT ( 'NONE',  ( 33.28056651226683016, 3.000000000000000000, -38.20085852498843337 ) ) ;
#3086 = CARTESIAN_POINT ( 'NONE',  ( 16.98879675422453062, 3.000000000000000000, -28.87266501110783423 ) ) ;
#3087 = CARTESIAN_POINT ( 'NONE',  ( 23.65928550861623236, -4.336808689942017736E-16, -27.76975728627122564 ) ) ;
#3088 = CARTESIAN_POINT ( 'NONE',  ( 63.92004680486286361, 0.000000000000000000, -32.34689078352969460 ) ) ;
#3089 = CARTESIAN_POINT ( 'NONE',  ( -27.92268347685851637, 3.000000000000000000, 45.01560170785818826 ) ) ;
#3090 = AXIS2_PLACEMENT_3D ( 'NONE', #2735, #1437, #2347 ) ;
#3091 = CARTESIAN_POINT ( 'NONE',  ( 51.07672011127198886, 3.000000000000000000, 22.78601691263700957 ) ) ;
#3092 = CARTESIAN_POINT ( 'NONE',  ( -51.06597170569261124, 3.000000000000000000, 37.85012381048742469 ) ) ;
#3093 = EDGE_LOOP ( 'NONE', ( #1427, #5241, #5410, #3804 ) ) ;
#3094 = CARTESIAN_POINT ( 'NONE',  ( -57.38167299311196246, 1.694065894508600678E-18, 42.59460849329533261 ) ) ;
#3095 = CARTESIAN_POINT ( 'NONE',  ( 75.15097199383085069, 3.000000000000000000, -51.17767105170879915 ) ) ;
#3096 = EDGE_LOOP ( 'NONE', ( #56, #409, #4928, #154 ) ) ;
#3097 = EDGE_CURVE ( 'NONE', #459, #4263, #4447, .T. ) ;
#3098 = CARTESIAN_POINT ( 'NONE',  ( -21.72600000000000264, 3.000000000000000000, -2.339000000000000856 ) ) ;
#3099 = DIRECTION ( 'NONE',  ( 1.000000000000000000, 0.000000000000000000, -0.000000000000000000 ) ) ;
#3100 = CARTESIAN_POINT ( 'NONE',  ( 44.05158331249109693, 3.000000000000000000, -59.76628165142322757 ) ) ;
#3101 = CARTESIAN_POINT ( 'NONE',  ( -60.16466442879200116, 3.000000000000000888, -57.34598217878367166 ) ) ;
#3102 = ORIENTED_EDGE ( 'NONE', *, *, #3756, .F. ) ;
#3103 = ADVANCED_FACE ( 'NONE', ( #1899 ), #1799, .T. ) ;
#3104 = CIRCLE ( 'NONE', #3879, 0.2500000000000002220 ) ;
#3105 = ADVANCED_FACE ( 'NONE', ( #5282 ), #652, .F. ) ;
#3106 = DIRECTION ( 'NONE',  ( 0.000000000000000000, 1.000000000000000000, 0.000000000000000000 ) ) ;
#3107 = AXIS2_PLACEMENT_3D ( 'NONE', #618, #2744, #4412 ) ;
#3108 = CARTESIAN_POINT ( 'NONE',  ( 35.17931797114327708, 2.602085213965210642E-15, 54.08985714986710036 ) ) ;
#3109 = CARTESIAN_POINT ( 'NONE',  ( 33.96016299144150707, 0.000000000000000000, 47.04866852622090789 ) ) ;
#3110 = VERTEX_POINT ( 'NONE', #1949 ) ;
#3111 = EDGE_LOOP ( 'NONE', ( #3435, #2339, #5406, #926 ) ) ;
#3112 = CARTESIAN_POINT ( 'NONE',  ( 9.233178459758235590, 3.000000000000000000, -16.93083772300020939 ) ) ;
#3113 = CARTESIAN_POINT ( 'NONE',  ( 14.77200215853132903, 0.000000000000000000, -14.61297399999999058 ) ) ;
#3114 = CARTESIAN_POINT ( 'NONE',  ( 0.000000000000000000, 0.000000000000000000, 2.861000000000002874 ) ) ;
#3115 = DIRECTION ( 'NONE',  ( 0.000000000000000000, 0.000000000000000000, 1.000000000000000000 ) ) ;
#3116 = DIRECTION ( 'NONE',  ( 0.000000000000000000, 0.000000000000000000, 1.000000000000000000 ) ) ;
#3117 = EDGE_CURVE ( 'NONE', #562, #764, #3289, .T. ) ;
#3118 = ADVANCED_FACE ( 'NONE', ( #243 ), #2093, .T. ) ;
#3119 = CARTESIAN_POINT ( 'NONE',  ( -68.26692682589892058, 0.000000000000000000, -15.52863851868583289 ) ) ;
#3120 = AXIS2_PLACEMENT_3D ( 'NONE', #1584, #4829, #1892 ) ;
#3121 = DIRECTION ( 'NONE',  ( 0.000000000000000000, 0.000000000000000000, 1.000000000000000000 ) ) ;
#3122 = DIRECTION ( 'NONE',  ( 0.2588189855227269187, 0.000000000000000000, -0.9659258422534240385 ) ) ;
#3123 = CARTESIAN_POINT ( 'NONE',  ( 49.99085389146456748, 3.000000000000000000, 18.97724626924816960 ) ) ;
#3124 = CARTESIAN_POINT ( 'NONE',  ( -47.97038724757351957, 0.000000000000000000, 48.01432368930916539 ) ) ;
#3125 = CARTESIAN_POINT ( 'NONE',  ( -11.76026647330467867, -4.336808689942017736E-16, 33.57611457789082010 ) ) ;
#3126 = CARTESIAN_POINT ( 'NONE',  ( 68.26692682589892058, 3.000000000000000000, -15.52863851868583289 ) ) ;
#3127 = AXIS2_PLACEMENT_3D ( 'NONE', #1362, #4713, #4267 ) ;
#3128 = ORIENTED_EDGE ( 'NONE', *, *, #4577, .T. ) ;
#3129 = CARTESIAN_POINT ( 'NONE',  ( 56.99661394790859248, 1.694065894508600678E-18, 24.68591891454632403 ) ) ;
#3130 = CARTESIAN_POINT ( 'NONE',  ( 47.65347645414518496, 3.000000000000000000, -50.44294925997562729 ) ) ;
#3131 = CARTESIAN_POINT ( 'NONE',  ( 74.67863634339457235, 3.000000000000000000, -39.51896701767081765 ) ) ;
#3132 = CARTESIAN_POINT ( 'NONE',  ( -11.24952735848692420, 3.000000000000000000, 33.04450610827812795 ) ) ;
#3133 = VERTEX_POINT ( 'NONE', #3773 ) ;
#3134 = CIRCLE ( 'NONE', #5404, 1.000000000000000888 ) ;
#3135 = EDGE_CURVE ( 'NONE', #2449, #2309, #5374, .T. ) ;
#3136 = CARTESIAN_POINT ( 'NONE',  ( -51.06597170569261124, 3.000000000000000000, 37.85012381048742469 ) ) ;
#3137 = CARTESIAN_POINT ( 'NONE',  ( 27.49212367633437282, 2.602085213965210642E-15, 51.87338075970600215 ) ) ;
#3138 = DIRECTION ( 'NONE',  ( -0.000000000000000000, -1.000000000000000000, -0.000000000000000000 ) ) ;
#3139 = EDGE_CURVE ( 'NONE', #4152, #1040, #3636, .T. ) ;
#3140 = ORIENTED_EDGE ( 'NONE', *, *, #341, .F. ) ;
#3141 = ORIENTED_EDGE ( 'NONE', *, *, #5096, .T. ) ;
#3142 = CARTESIAN_POINT ( 'NONE',  ( -14.07741071682210077, 3.000000000000000000, 17.63653849711256427 ) ) ;
#3143 = DIRECTION ( 'NONE',  ( 0.000000000000000000, 0.000000000000000000, 1.000000000000000000 ) ) ;
#3144 = CARTESIAN_POINT ( 'NONE',  ( -13.96533100000000438, 0.000000000000000000, -15.58497799999999600 ) ) ;
#3145 = DIRECTION ( 'NONE',  ( 0.000000000000000000, 0.000000000000000000, -1.000000000000000000 ) ) ;
#3146 = CARTESIAN_POINT ( 'NONE',  ( -57.63713850004248229, 0.000000000000000000, 2.231479422910178201 ) ) ;
#3147 = EDGE_CURVE ( 'NONE', #3345, #5226, #4592, .T. ) ;
#3148 = CYLINDRICAL_SURFACE ( 'NONE', #5425, 0.5000000000000004441 ) ;
#3149 = DIRECTION ( 'NONE',  ( 0.000000000000000000, -1.000000000000000000, 0.000000000000000000 ) ) ;
#3150 = CARTESIAN_POINT ( 'NONE',  ( 51.40113027495674203, 3.000000000000000000, 24.59094182726887823 ) ) ;
#3151 = DIRECTION ( 'NONE',  ( 0.000000000000000000, 1.000000000000000000, -0.000000000000000000 ) ) ;
#3152 = CARTESIAN_POINT ( 'NONE',  ( 12.50859194856952961, 3.000000000000000000, 34.43617758156187136 ) ) ;
#3153 = CARTESIAN_POINT ( 'NONE',  ( -32.57583771019902485, 3.000000000000000000, 53.47084885933507081 ) ) ;
#3154 = ORIENTED_EDGE ( 'NONE', *, *, #2027, .F. ) ;
#3155 = CARTESIAN_POINT ( 'NONE',  ( 57.42354327153222471, 1.694065894508600678E-18, 27.18113448954016675 ) ) ;
#3156 = CARTESIAN_POINT ( 'NONE',  ( 55.30373892496147192, 3.000000000000000000, -55.73084995483436899 ) ) ;
#3157 = CARTESIAN_POINT ( 'NONE',  ( 0.000000000000000000, 0.000000000000000000, 0.000000000000000000 ) ) ;
#3158 = DIRECTION ( 'NONE',  ( 0.000000000000000000, 1.000000000000000000, 0.000000000000000000 ) ) ;
#3159 = CARTESIAN_POINT ( 'NONE',  ( -27.49212367633437282, 3.000000000000000000, 51.87338075970600215 ) ) ;
#3160 = EDGE_CURVE ( 'NONE', #4090, #2150, #418, .T. ) ;
#3161 = CARTESIAN_POINT ( 'NONE',  ( -52.92643207444575637, 0.000000000000000000, 7.700559785994194328 ) ) ;
#3162 = ORIENTED_EDGE ( 'NONE', *, *, #4841, .F. ) ;
#3163 = EDGE_CURVE ( 'NONE', #2001, #340, #412, .T. ) ;
#3164 = DIRECTION ( 'NONE',  ( -0.000000000000000000, -1.000000000000000000, -0.000000000000000000 ) ) ;
#3165 = AXIS2_PLACEMENT_3D ( 'NONE', #3894, #128, #1814 ) ;
#3166 = DIRECTION ( 'NONE',  ( -0.000000000000000000, -1.000000000000000000, -0.000000000000000000 ) ) ;
#3167 = UNCERTAINTY_MEASURE_WITH_UNIT (LENGTH_MEASURE( 1.000000000000000082E-05 ), #3377, 'distance_accuracy_value', 'NONE');
#3168 = ORIENTED_EDGE ( 'NONE', *, *, #5316, .T. ) ;
#3169 = VERTEX_POINT ( 'NONE', #5191 ) ;
#3170 = DIRECTION ( 'NONE',  ( 0.01830596711091858272, 0.000000000000000000, 0.9998324317445068665 ) ) ;
#3171 = CARTESIAN_POINT ( 'NONE',  ( -19.92416417019081010, 3.000000000000000000, -2.589000000000003965 ) ) ;
#3172 = LINE ( 'NONE', #1119, #804 ) ;
#3173 = CARTESIAN_POINT ( 'NONE',  ( 63.89616829180445734, 0.000000000000000000, -6.843248154517834081 ) ) ;
#3174 = CARTESIAN_POINT ( 'NONE',  ( 60.77547253424010876, 0.000000000000000000, -55.74672559359628821 ) ) ;
#3175 = EDGE_CURVE ( 'NONE', #2499, #743, #336, .T. ) ;
#3176 = FACE_OUTER_BOUND ( 'NONE', #794, .T. ) ;
#3177 = CIRCLE ( 'NONE', #4996, 1.000000000000000888 ) ;
#3178 = CARTESIAN_POINT ( 'NONE',  ( 51.61899086186532060, 3.000000000000000000, 29.95002930523141771 ) ) ;
#3179 = DIRECTION ( 'NONE',  ( 0.000000000000000000, 0.000000000000000000, 1.000000000000000000 ) ) ;
#3180 = CARTESIAN_POINT ( 'NONE',  ( 30.72574520725112990, 3.000000000000000000, 46.07608411214243205 ) ) ;
#3181 = CARTESIAN_POINT ( 'NONE',  ( -16.31038336920622100, 3.000000000000000000, 45.98956754242480827 ) ) ;
#3182 = DIRECTION ( 'NONE',  ( 0.000000000000000000, 0.000000000000000000, 1.000000000000000000 ) ) ;
#3183 = EDGE_CURVE ( 'NONE', #2586, #5199, #2373, .T. ) ;
#3184 = VECTOR ( 'NONE', #4513, 1000.000000000000000 ) ;
#3185 = CARTESIAN_POINT ( 'NONE',  ( -30.10119409375531063, 0.000000000000000000, -35.01173271421695432 ) ) ;
#3186 = CARTESIAN_POINT ( 'NONE',  ( -51.36574918118500221, 0.000000000000000000, 54.90874130349174465 ) ) ;
#3187 = CARTESIAN_POINT ( 'NONE',  ( 75.03960419855475550, 3.000000000000000000, -43.39444461246201712 ) ) ;
#3188 = CARTESIAN_POINT ( 'NONE',  ( -61.76295700050333437, 3.000000000000000000, -52.72975634855954752 ) ) ;
#3189 = CARTESIAN_POINT ( 'NONE',  ( -32.57583771019902485, 3.000000000000000000, 53.47084885933507081 ) ) ;
#3190 = CARTESIAN_POINT ( 'NONE',  ( 19.63757380277242603, 3.000000000000000000, -14.11297399999999058 ) ) ;
#3191 = ORIENTED_EDGE ( 'NONE', *, *, #1009, .F. ) ;
#3192 = DIRECTION ( 'NONE',  ( 0.000000000000000000, 0.000000000000000000, 1.000000000000000000 ) ) ;
#3193 = CARTESIAN_POINT ( 'NONE',  ( -19.42424795431855600, 3.000000000000000000, -3.098152983555464424 ) ) ;
#3194 = CARTESIAN_POINT ( 'NONE',  ( -22.39453450200643303, -4.336808689942017736E-16, -26.17634925228757581 ) ) ;
#3195 = ORIENTED_EDGE ( 'NONE', *, *, #1165, .F. ) ;
#3196 = EDGE_LOOP ( 'NONE', ( #88, #441, #3044, #5047 ) ) ;
#3197 = CARTESIAN_POINT ( 'NONE',  ( -19.62591869919314647, 3.000000000000000000, -14.11297399999998525 ) ) ;
#3198 = ORIENTED_EDGE ( 'NONE', *, *, #2743, .F. ) ;
#3199 = CARTESIAN_POINT ( 'NONE',  ( -22.50596955836835988, 0.000000000000000000, -24.81393427568060162 ) ) ;
#3200 = DIRECTION ( 'NONE',  ( 0.000000000000000000, 1.000000000000000000, 0.000000000000000000 ) ) ;
#3201 = CARTESIAN_POINT ( 'NONE',  ( -59.04316248994994254, 0.000000000000000000, 0.3939601283460208436 ) ) ;
#3202 = CARTESIAN_POINT ( 'NONE',  ( 40.67925743880248746, -1.694065894508600678E-18, -44.92703291855361414 ) ) ;
#3203 = DIRECTION ( 'NONE',  ( 0.000000000000000000, 1.000000000000000000, 0.000000000000000000 ) ) ;
#3204 = EDGE_CURVE ( 'NONE', #3610, #2564, #4932, .T. ) ;
#3205 = CARTESIAN_POINT ( 'NONE',  ( 50.34286287370224500, 3.000000000000000000, 20.05440397528275653 ) ) ;
#3206 = DIRECTION ( 'NONE',  ( 0.000000000000000000, 0.000000000000000000, 1.000000000000000000 ) ) ;
#3207 = ADVANCED_FACE ( 'NONE', ( #3452 ), #2210, .T. ) ;
#3208 = CARTESIAN_POINT ( 'NONE',  ( 18.35362831203879352, 3.000000000000000000, 39.58721854979213362 ) ) ;
#3209 = CARTESIAN_POINT ( 'NONE',  ( 54.32950738886888331, 0.000000000000000000, 6.184309070506981421 ) ) ;
#3210 = DIRECTION ( 'NONE',  ( 0.01830596711091858272, 0.000000000000000000, 0.9998324317445068665 ) ) ;
#3211 = AXIS2_PLACEMENT_3D ( 'NONE', #2017, #2422, #1635 ) ;
#3212 = CARTESIAN_POINT ( 'NONE',  ( 33.28056651226683016, 3.000000000000000000, -38.20085852498843337 ) ) ;
#3213 = AXIS2_PLACEMENT_3D ( 'NONE', #1007, #3957, #5071 ) ;
#3214 = DIRECTION ( 'NONE',  ( 0.000000000000000000, 0.000000000000000000, 1.000000000000000000 ) ) ;
#3215 = CARTESIAN_POINT ( 'NONE',  ( -21.72600000000000264, 0.000000000000000000, -2.589000000000000856 ) ) ;
#3216 = ORIENTED_EDGE ( 'NONE', *, *, #5299, .T. ) ;
#3217 = AXIS2_PLACEMENT_3D ( 'NONE', #3992, #3145, #2344 ) ;
#3218 = PLANE ( 'NONE',  #2838 ) ;
#3219 = EDGE_CURVE ( 'NONE', #2076, #3110, #2091, .T. ) ;
#3220 = CARTESIAN_POINT ( 'NONE',  ( 52.95461300000000193, 3.000000000000000000, 54.60650600000000310 ) ) ;
#3221 = ORIENTED_EDGE ( 'NONE', *, *, #4624, .F. ) ;
#3222 = VECTOR ( 'NONE', #190, 1000.000000000000000 ) ;
#3223 = ORIENTED_EDGE ( 'NONE', *, *, #360, .F. ) ;
#3224 = CARTESIAN_POINT ( 'NONE',  ( -63.38103698324037794, 3.000000000000000888, -27.55893418939137618 ) ) ;
#3225 = ORIENTED_EDGE ( 'NONE', *, *, #5231, .T. ) ;
#3226 = CARTESIAN_POINT ( 'NONE',  ( 47.97038724757349115, 3.000000000000000000, 48.01432368930919381 ) ) ;
#3227 = CARTESIAN_POINT ( 'NONE',  ( -14.56037363678291285, 0.000000000000000000, 17.00712899999999905 ) ) ;
#3228 = CARTESIAN_POINT ( 'NONE',  ( 31.82452032347588755, 8.673617379884035472E-16, -46.95821028762578919 ) ) ;
#3229 = LINE ( 'NONE', #4819, #3993 ) ;
#3230 = CARTESIAN_POINT ( 'NONE',  ( 40.26812265805829583, 3.000000000000000000, 48.24986187560627116 ) ) ;
#3231 = CARTESIAN_POINT ( 'NONE',  ( -7.301900849716593811, 3.000000000000000000, 36.70535012294590160 ) ) ;
#3232 = CARTESIAN_POINT ( 'NONE',  ( 26.32268500000000344, 3.000000000000000000, -30.84581199999999157 ) ) ;
#3233 = LINE ( 'NONE', #1130, #1207 ) ;
#3234 = CARTESIAN_POINT ( 'NONE',  ( 26.32268500000000344, 0.000000000000000000, -30.84581199999999157 ) ) ;
#3235 = DIRECTION ( 'NONE',  ( 0.000000000000000000, 0.000000000000000000, -1.000000000000000000 ) ) ;
#3236 = ORIENTED_EDGE ( 'NONE', *, *, #4084, .T. ) ;
#3237 = CARTESIAN_POINT ( 'NONE',  ( -51.58253876246494229, 3.000000000000000000, 26.30335974505374708 ) ) ;
#3238 = LINE ( 'NONE', #718, #1123 ) ;
#3239 = ORIENTED_EDGE ( 'NONE', *, *, #3027, .F. ) ;
#3240 = EDGE_CURVE ( 'NONE', #5360, #757, #3952, .T. ) ;
#3241 = ORIENTED_EDGE ( 'NONE', *, *, #1228, .T. ) ;
#3242 = CIRCLE ( 'NONE', #3066, 0.5000000000000004441 ) ;
#3243 = VECTOR ( 'NONE', #5072, 1000.000000000000000 ) ;
#3244 = DIRECTION ( 'NONE',  ( -0.000000000000000000, -1.000000000000000000, -0.000000000000000000 ) ) ;
#3245 = ORIENTED_EDGE ( 'NONE', *, *, #4069, .T. ) ;
#3246 = CARTESIAN_POINT ( 'NONE',  ( -21.97600000000000264, 3.000000000000000000, -2.339000000000000856 ) ) ;
#3247 = CYLINDRICAL_SURFACE ( 'NONE', #2829, 0.2500000000000002220 ) ;
#3248 = CARTESIAN_POINT ( 'NONE',  ( 19.13757380277242603, 3.000000000000000000, -14.11297399999999058 ) ) ;
#3249 = CARTESIAN_POINT ( 'NONE',  ( 29.53986903256749486, 8.673617379884035472E-16, -44.26378276161428715 ) ) ;
#3250 = CARTESIAN_POINT ( 'NONE',  ( -14.40151614669819757, 3.000000000000000000, 18.84611668326346035 ) ) ;
#3251 = CARTESIAN_POINT ( 'NONE',  ( 63.38103698324037794, 3.000000000000000000, -27.55893418939137618 ) ) ;
#3252 = CARTESIAN_POINT ( 'NONE',  ( 19.63757380277243314, 3.000000000000000000, 17.00712899999999905 ) ) ;
#3253 = LINE ( 'NONE', #2772, #3442 ) ;
#3254 = DIRECTION ( 'NONE',  ( 0.000000000000000000, 1.000000000000000000, 0.000000000000000000 ) ) ;
#3255 = FACE_OUTER_BOUND ( 'NONE', #2179, .T. ) ;
#3256 = CARTESIAN_POINT ( 'NONE',  ( -60.38414070416275337, 3.000000000000000000, -56.78959051123147361 ) ) ;
#3257 = FACE_OUTER_BOUND ( 'NONE', #2534, .T. ) ;
#3258 = ORIENTED_EDGE ( 'NONE', *, *, #205, .T. ) ;
#3259 = CARTESIAN_POINT ( 'NONE',  ( 21.86899999999999267, 3.000000000000000000, 2.611000000000001542 ) ) ;
#3260 = CARTESIAN_POINT ( 'NONE',  ( 20.94001384332798210, 3.000000000000000000, 41.36474856949019596 ) ) ;
#3261 = VECTOR ( 'NONE', #2668, 1000.000000000000114 ) ;
#3262 = CARTESIAN_POINT ( 'NONE',  ( -21.72600000000000264, 0.000000000000000000, -2.589000000000000856 ) ) ;
#3263 = ADVANCED_FACE ( 'NONE', ( #2561 ), #3039, .F. ) ;
#3264 = ORIENTED_EDGE ( 'NONE', *, *, #13, .T. ) ;
#3265 = ORIENTED_EDGE ( 'NONE', *, *, #2856, .T. ) ;
#3266 = CARTESIAN_POINT ( 'NONE',  ( -62.97365150562539782, 3.000000000000000888, -25.17990150530035720 ) ) ;
#3267 = VERTEX_POINT ( 'NONE', #3857 ) ;
#3268 = CARTESIAN_POINT ( 'NONE',  ( 69.19424598455805153, 3.000000000000000000, -79.76004523117879330 ) ) ;
#3269 = CYLINDRICAL_SURFACE ( 'NONE', #513, 0.2500000000000002220 ) ;
#3270 = CARTESIAN_POINT ( 'NONE',  ( 9.539365100223298199, 3.000000000000000000, 20.19197432102125234 ) ) ;
#3271 = AXIS2_PLACEMENT_3D ( 'NONE', #2593, #3099, #2175 ) ;
#3272 = CARTESIAN_POINT ( 'NONE',  ( -58.02885117147218352, 3.000000000000000000, 34.01454673380372640 ) ) ;
#3273 = DIRECTION ( 'NONE',  ( -0.000000000000000000, 1.000000000000000000, 0.000000000000000000 ) ) ;
#3274 = DIRECTION ( 'NONE',  ( 0.000000000000000000, 0.000000000000000000, 1.000000000000000000 ) ) ;
#3275 = VECTOR ( 'NONE', #4867, 1000.000000000000000 ) ;
#3276 = CARTESIAN_POINT ( 'NONE',  ( 55.33109697127581228, 3.000000000000000000, 49.99432001844002116 ) ) ;
#3277 = VERTEX_POINT ( 'NONE', #1864 ) ;
#3278 = CARTESIAN_POINT ( 'NONE',  ( -56.86714897299667371, 0.000000000000000000, 45.11435451232583205 ) ) ;
#3279 = ORIENTED_EDGE ( 'NONE', *, *, #3517, .T. ) ;
#3280 = AXIS2_PLACEMENT_3D ( 'NONE', #3546, #2746, #999 ) ;
#3281 = AXIS2_PLACEMENT_3D ( 'NONE', #5050, #826, #426 ) ;
#3282 = VECTOR ( 'NONE', #3833, 1000.000000000000000 ) ;
#3283 = CARTESIAN_POINT ( 'NONE',  ( 40.26812265805829583, 3.000000000000000000, 48.24986187560627116 ) ) ;
#3284 = CARTESIAN_POINT ( 'NONE',  ( 62.18195581727540855, 3.000000000000000000, -51.24310241979229374 ) ) ;
#3285 = ORIENTED_EDGE ( 'NONE', *, *, #491, .T. ) ;
#3286 = CIRCLE ( 'NONE', #5392, 0.2500000000000002220 ) ;
#3287 = ADVANCED_FACE ( 'NONE', ( #2979 ), #4641, .T. ) ;
#3288 = ORIENTED_EDGE ( 'NONE', *, *, #341, .T. ) ;
#3289 = B_SPLINE_CURVE_WITH_KNOTS ( 'NONE', 3,
 ( #1512, #266, #3632, #1615 ),
 .UNSPECIFIED., .F., .F.,
 ( 4, 4 ),
 ( 0.07900577818559964549, 1.000000000000000000 ),
 .UNSPECIFIED. ) ;
#3290 = EDGE_CURVE ( 'NONE', #2754, #2266, #67, .T. ) ;
#3291 = CARTESIAN_POINT ( 'NONE',  ( 7.301900849716593811, 3.000000000000000000, 36.70535012294590160 ) ) ;
#3292 = CARTESIAN_POINT ( 'NONE',  ( -54.41307803009701871, 0.000000000000000000, -2.815150853046603618 ) ) ;
#3293 = ORIENTED_EDGE ( 'NONE', *, *, #4011, .F. ) ;
#3294 = CARTESIAN_POINT ( 'NONE',  ( 57.63713850004248229, 0.000000000000000000, 2.231479422910178201 ) ) ;
#3295 = LINE ( 'NONE', #3708, #3962 ) ;
#3296 = ORIENTED_EDGE ( 'NONE', *, *, #2027, .T. ) ;
#3297 = CARTESIAN_POINT ( 'NONE',  ( -72.10499851117937453, 3.000000000000000000, -71.35853959186772499 ) ) ;
#3298 = CIRCLE ( 'NONE', #2341, 33.50000000000000000 ) ;
#3299 = CARTESIAN_POINT ( 'NONE',  ( -52.22403125286268022, 3.000000000000000000, 10.55998522415843155 ) ) ;
#3300 = EDGE_CURVE ( 'NONE', #5044, #2586, #933, .T. ) ;
#3301 = CARTESIAN_POINT ( 'NONE',  ( 63.57381288809950348, 3.000000000000000000, -44.34928438508360671 ) ) ;
#3302 = CYLINDRICAL_SURFACE ( 'NONE', #1540, 0.2500000000000002220 ) ;
#3303 = CARTESIAN_POINT ( 'NONE',  ( -63.57381288809950348, 0.000000000000000000, -44.34928438508360671 ) ) ;
#3304 = DIRECTION ( 'NONE',  ( 0.000000000000000000, 0.000000000000000000, -1.000000000000000000 ) ) ;
#3305 = VERTEX_POINT ( 'NONE', #4233 ) ;
#3306 = CARTESIAN_POINT ( 'NONE',  ( -19.05613964030383300, 3.000000000000000000, 17.00712899999999905 ) ) ;
#3307 = ORIENTED_EDGE ( 'NONE', *, *, #1090, .F. ) ;
#3308 = PLANE ( 'NONE',  #3434 ) ;
#3309 = CARTESIAN_POINT ( 'NONE',  ( 36.04190671085773801, 0.000000000000000000, 47.54403607927838493 ) ) ;
#3310 = CARTESIAN_POINT ( 'NONE',  ( -41.50216093040443610, 0.000000000000000000, -57.29599531449121486 ) ) ;
#3311 = ADVANCED_FACE ( 'NONE', ( #1319 ), #902, .T. ) ;
#3312 = ORIENTED_EDGE ( 'NONE', *, *, #4331, .T. ) ;
#3313 = ORIENTED_EDGE ( 'NONE', *, *, #791, .F. ) ;
#3314 = CARTESIAN_POINT ( 'NONE',  ( 13.46454380299624098, 3.000000000000000000, 43.52956487241662131 ) ) ;
#3315 = CARTESIAN_POINT ( 'NONE',  ( -62.18195581727540855, 3.000000000000000888, -51.24310241979229374 ) ) ;
#3316 = ORIENTED_EDGE ( 'NONE', *, *, #4836, .T. ) ;
#3317 = DIRECTION ( 'NONE',  ( 0.2588189942251279407, -0.000000000000000000, -0.9659258399216231750 ) ) ;
#3318 = CARTESIAN_POINT ( 'NONE',  ( 51.62816443538031308, 3.000000000000000000, 27.14092059717915717 ) ) ;
#3319 = FACE_OUTER_BOUND ( 'NONE', #1688, .T. ) ;
#3320 = EDGE_LOOP ( 'NONE', ( #788, #2282, #3960, #3729 ) ) ;
#3321 = VECTOR ( 'NONE', #3428, 1000.000000000000000 ) ;
#3322 = CARTESIAN_POINT ( 'NONE',  ( -38.17292978149257721, 0.000000000000000000, -53.94223427134963345 ) ) ;
#3323 = CARTESIAN_POINT ( 'NONE',  ( 63.69711083608191160, 3.000000000000000000, -29.94895857253306559 ) ) ;
#3324 = DIRECTION ( 'NONE',  ( 0.000000000000000000, 0.000000000000000000, 1.000000000000000000 ) ) ;
#3325 = CARTESIAN_POINT ( 'NONE',  ( -51.40113027495674203, 1.694065894508600678E-18, 24.59094182726887823 ) ) ;
#3326 = EDGE_CURVE ( 'NONE', #783, #815, #1003, .T. ) ;
#3327 = AXIS2_PLACEMENT_3D ( 'NONE', #3487, #2626, #2594 ) ;
#3328 = CARTESIAN_POINT ( 'NONE',  ( 59.23442243365284554, 0.000000000000000000, -56.97903554713330010 ) ) ;
#3329 = PLANE ( 'NONE',  #4913 ) ;
#3330 = ORIENTED_EDGE ( 'NONE', *, *, #588, .F. ) ;
#3331 = CARTESIAN_POINT ( 'NONE',  ( -55.84042679767052419, 3.000000000000000000, 19.87131075041820338 ) ) ;
#3332 = EDGE_CURVE ( 'NONE', #5372, #2879, #670, .T. ) ;
#3333 = CARTESIAN_POINT ( 'NONE',  ( 44.54573830231650788, 3.000000000000000000, 48.57128015277073274 ) ) ;
#3334 = AXIS2_PLACEMENT_3D ( 'NONE', #2262, #3846, #2199 ) ;
#3335 = CARTESIAN_POINT ( 'NONE',  ( 63.92004680486286361, 3.000000000000000000, -32.34689078352969460 ) ) ;
#3336 = ORIENTED_EDGE ( 'NONE', *, *, #2366, .T. ) ;
#3337 = ORIENTED_EDGE ( 'NONE', *, *, #94, .T. ) ;
#3338 = CARTESIAN_POINT ( 'NONE',  ( 53.47598139266078476, 1.694065894508600678E-18, 53.82176670587931255 ) ) ;
#3339 = CIRCLE ( 'NONE', #2385, 1.000000000000000888 ) ;
#3340 = CARTESIAN_POINT ( 'NONE',  ( -52.95461300000000193, 3.000000000000000000, 54.60650600000000310 ) ) ;
#3341 = CARTESIAN_POINT ( 'NONE',  ( -27.80819356064831993, -1.694065894508600678E-18, -32.53384667572115774 ) ) ;
#3342 = ORIENTED_EDGE ( 'NONE', *, *, #1990, .T. ) ;
#3343 = FACE_OUTER_BOUND ( 'NONE', #189, .T. ) ;
#3344 = CARTESIAN_POINT ( 'NONE',  ( -14.03003589900371573, 3.000000000000000000, -15.82645941966809389 ) ) ;
#3345 = VERTEX_POINT ( 'NONE', #1942 ) ;
#3346 = LINE ( 'NONE', #2491, #3019 ) ;
#3347 = CARTESIAN_POINT ( 'NONE',  ( 9.233178858783675835, 3.000000000000000000, 20.01519766658669397 ) ) ;
#3348 = CARTESIAN_POINT ( 'NONE',  ( 52.74381046791716443, 3.000000000000000000, 9.324081302159576978 ) ) ;
#3349 = CARTESIAN_POINT ( 'NONE',  ( -50.60427557001374765, 1.694065894508600678E-18, 20.91910442031266726 ) ) ;
#3350 = EDGE_CURVE ( 'NONE', #1300, #4754, #2725, .T. ) ;
#3351 = EDGE_CURVE ( 'NONE', #570, #1829, #2819, .T. ) ;
#3352 = CIRCLE ( 'NONE', #984, 1.000000000000000888 ) ;
#3353 = CARTESIAN_POINT ( 'NONE',  ( 45.60122540087225218, 3.000000000000000000, 55.26084292898465122 ) ) ;
#3354 = EDGE_CURVE ( 'NONE', #3446, #3918, #1129, .T. ) ;
#3355 = FACE_OUTER_BOUND ( 'NONE', #3677, .T. ) ;
#3356 = ORIENTED_EDGE ( 'NONE', *, *, #3611, .F. ) ;
#3357 = CARTESIAN_POINT ( 'NONE',  ( 20.43398048073135698, 0.000000000000000000, 48.64611496752109332 ) ) ;
#3358 = ORIENTED_EDGE ( 'NONE', *, *, #3611, .T. ) ;
#3359 = DIRECTION ( 'NONE',  ( -0.000000000000000000, -1.000000000000000000, -0.000000000000000000 ) ) ;
#3360 = AXIS2_PLACEMENT_3D ( 'NONE', #4427, #1878, #4018 ) ;
#3361 = FACE_OUTER_BOUND ( 'NONE', #1188, .T. ) ;
#3362 = CARTESIAN_POINT ( 'NONE',  ( -69.13237399999999866, 0.000000000000000000, -79.74136900000000594 ) ) ;
#3363 = CARTESIAN_POINT ( 'NONE',  ( 69.29859899999998163, 3.000000000000000000, -79.68841100000000210 ) ) ;
#3364 = ORIENTED_EDGE ( 'NONE', *, *, #4346, .F. ) ;
#3365 = EDGE_CURVE ( 'NONE', #3446, #912, #5273, .T. ) ;
#3366 = VECTOR ( 'NONE', #3170, 1000.000000000000000 ) ;
#3367 = ORIENTED_EDGE ( 'NONE', *, *, #5358, .T. ) ;
#3368 = DIRECTION ( 'NONE',  ( -0.000000000000000000, -1.000000000000000000, -0.000000000000000000 ) ) ;
#3369 = CARTESIAN_POINT ( 'NONE',  ( 53.03508199999999562, 0.000000000000000000, 54.55017699999999081 ) ) ;
#3370 = AXIS2_PLACEMENT_3D ( 'NONE', #532, #4746, #971 ) ;
#3371 = DIRECTION ( 'NONE',  ( -0.000000000000000000, 0.000000000000000000, -1.000000000000000000 ) ) ;
#3372 = VERTEX_POINT ( 'NONE', #1555 ) ;
#3373 = CARTESIAN_POINT ( 'NONE',  ( -9.313997030549471035, 3.000000000000000000, 20.20049399325371553 ) ) ;
#3374 = ORIENTED_EDGE ( 'NONE', *, *, #3885, .F. ) ;
#3375 = LINE ( 'NONE', #3813, #1973 ) ;
#3376 = CARTESIAN_POINT ( 'NONE',  ( 50.99204152812359325, 3.000000000000000000, 2.383350968251920055 ) ) ;
#3377 =( LENGTH_UNIT ( ) NAMED_UNIT ( * ) SI_UNIT ( .MILLI., .METRE. ) );
#3378 = EDGE_CURVE ( 'NONE', #3052, #1379, #3233, .T. ) ;
#3379 = CARTESIAN_POINT ( 'NONE',  ( -72.83873756801051513, 3.000000000000000000, -68.52445798008615441 ) ) ;
#3380 = AXIS2_PLACEMENT_3D ( 'NONE', #302, #4919, #1120 ) ;
#3381 = DIRECTION ( 'NONE',  ( -3.469446951953611033E-15, 0.000000000000000000, 1.000000000000000000 ) ) ;
#3382 = CARTESIAN_POINT ( 'NONE',  ( -45.33045749271477831, 3.000000000000000000, -48.68501421704478815 ) ) ;
#3383 = CARTESIAN_POINT ( 'NONE',  ( 55.84042679767052419, 3.000000000000000000, 19.87131075041820338 ) ) ;
#3384 = EDGE_LOOP ( 'NONE', ( #80, #5029, #1539, #1845 ) ) ;
#3385 = CARTESIAN_POINT ( 'NONE',  ( 7.301900849716593811, 0.000000000000000000, 36.70535012294590160 ) ) ;
#3386 = ORIENTED_EDGE ( 'NONE', *, *, #1703, .F. ) ;
#3387 = CARTESIAN_POINT ( 'NONE',  ( 50.78777952006335283, 3.000000000000000000, 39.56614224820167180 ) ) ;
#3388 = CARTESIAN_POINT ( 'NONE',  ( -7.301900849716593811, 0.000000000000000000, 36.70535012294590160 ) ) ;
#3389 = CARTESIAN_POINT ( 'NONE',  ( -44.05158331249109693, 0.000000000000000000, -59.76628165142322757 ) ) ;
#3390 = CYLINDRICAL_SURFACE ( 'NONE', #4248, 0.2500000000000002220 ) ;
#3391 = ORIENTED_EDGE ( 'NONE', *, *, #3716, .F. ) ;
#3392 = ORIENTED_EDGE ( 'NONE', *, *, #1957, .T. ) ;
#3393 = CARTESIAN_POINT ( 'NONE',  ( -14.09532993816151070, 3.000000000000000000, 18.66933997183933513 ) ) ;
#3394 = DIRECTION ( 'NONE',  ( 0.000000000000000000, -1.000000000000000000, 0.000000000000000000 ) ) ;
#3395 = LINE ( 'NONE', #1213, #3243 ) ;
#3396 = CARTESIAN_POINT ( 'NONE',  ( 11.32440482030759554, 0.000000000000000000, 33.12323919592519417 ) ) ;
#3397 = FACE_OUTER_BOUND ( 'NONE', #1181, .T. ) ;
#3398 = EDGE_LOOP ( 'NONE', ( #1708, #974, #2922, #2806 ) ) ;
#3399 = CARTESIAN_POINT ( 'NONE',  ( -9.378701779105751868, 3.000000000000000000, 20.19197545323412157 ) ) ;
#3400 = ADVANCED_FACE ( 'NONE', ( #2825 ), #2402, .T. ) ;
#3401 = CARTESIAN_POINT ( 'NONE',  ( 45.94171699999998992, 0.000000000000000000, 8.763695999999999486 ) ) ;
#3402 = EDGE_LOOP ( 'NONE', ( #679, #3364, #146, #970 ) ) ;
#3403 = CARTESIAN_POINT ( 'NONE',  ( -73.33589601838630756, 3.000000000000000000, -31.24893448183900801 ) ) ;
#3404 = CIRCLE ( 'NONE', #4816, 0.1118251333528941238 ) ;
#3405 = CARTESIAN_POINT ( 'NONE',  ( -11.24952735848692420, 0.000000000000000000, 33.04450610827812795 ) ) ;
#3406 = DIRECTION ( 'NONE',  ( 0.000000000000000000, 1.000000000000000000, -0.000000000000000000 ) ) ;
#3407 = CARTESIAN_POINT ( 'NONE',  ( 31.82452032347588755, 0.000000000000000000, -46.95821028762578919 ) ) ;
#3408 = CARTESIAN_POINT ( 'NONE',  ( -73.33589601838630756, 0.000000000000000000, -31.24893448183900801 ) ) ;
#3409 = CARTESIAN_POINT ( 'NONE',  ( -43.47364176644354217, 3.000000000000000000, 48.52725241447157600 ) ) ;
#3410 = DIRECTION ( 'NONE',  ( -0.000000000000000000, 1.000000000000000000, -0.000000000000000000 ) ) ;
#3411 = CARTESIAN_POINT ( 'NONE',  ( 52.22403125286269443, 3.000000000000000000, 10.55998522415844931 ) ) ;
#3412 = ORIENTED_EDGE ( 'NONE', *, *, #1984, .F. ) ;
#3413 = CARTESIAN_POINT ( 'NONE',  ( -27.92268347685851637, 3.000000000000000444, 45.01560170785818826 ) ) ;
#3414 = CARTESIAN_POINT ( 'NONE',  ( 75.03960419855475550, 0.000000000000000000, -43.39444461246201712 ) ) ;
#3415 = VECTOR ( 'NONE', #1257, 999.9999999999998863 ) ;
#3416 = ORIENTED_EDGE ( 'NONE', *, *, #3240, .F. ) ;
#3417 = FACE_OUTER_BOUND ( 'NONE', #907, .T. ) ;
#3418 = CARTESIAN_POINT ( 'NONE',  ( 11.32440482030759554, 0.000000000000000000, 33.12323919592519417 ) ) ;
#3419 = DIRECTION ( 'NONE',  ( 0.000000000000000000, 1.000000000000000000, 0.000000000000000000 ) ) ;
#3420 = CARTESIAN_POINT ( 'NONE',  ( 49.69949039038171890, 1.694065894508600678E-18, 43.77952958813786211 ) ) ;
#3421 = ORIENTED_EDGE ( 'NONE', *, *, #5320, .F. ) ;
#3422 = PRODUCT_CONTEXT ( 'NONE', #2469, 'mechanical' ) ;
#3423 = VERTEX_POINT ( 'NONE', #4827 ) ;
#3424 = CARTESIAN_POINT ( 'NONE',  ( 13.12573375761449412, 3.000000000000000000, -10.40086726629569824 ) ) ;
#3425 = VECTOR ( 'NONE', #3138, 1000.000000000000000 ) ;
#3426 = EDGE_CURVE ( 'NONE', #936, #407, #1661, .T. ) ;
#3427 = FACE_OUTER_BOUND ( 'NONE', #4490, .T. ) ;
#3428 = DIRECTION ( 'NONE',  ( -0.000000000000000000, 1.000000000000000000, -0.000000000000000000 ) ) ;
#3429 = EDGE_CURVE ( 'NONE', #1316, #2269, #4290, .T. ) ;
#3430 = CARTESIAN_POINT ( 'NONE',  ( 57.42354327153222471, 3.000000000000000000, 27.18113448954016675 ) ) ;
#3431 = CARTESIAN_POINT ( 'NONE',  ( -48.86364677452226601, 0.000000000000000000, 5.251642415774235850 ) ) ;
#3432 = VERTEX_POINT ( 'NONE', #1229 ) ;
#3433 = CARTESIAN_POINT ( 'NONE',  ( -63.38103698324037794, 3.000000000000000000, -27.55893418939137618 ) ) ;
#3434 = AXIS2_PLACEMENT_3D ( 'NONE', #2612, #5155, #1206 ) ;
#3435 = ORIENTED_EDGE ( 'NONE', *, *, #2907, .T. ) ;
#3436 = CARTESIAN_POINT ( 'NONE',  ( -47.65347645414518496, 3.000000000000000000, -50.44294925997562729 ) ) ;
#3437 = DIRECTION ( 'NONE',  ( 1.000000000000000000, 0.000000000000000000, -0.000000000000000000 ) ) ;
#3438 = DIRECTION ( 'NONE',  ( 0.000000000000000000, 0.000000000000000000, 1.000000000000000000 ) ) ;
#3439 = CARTESIAN_POINT ( 'NONE',  ( 24.47410492277700911, 0.000000000000000000, -37.87109014429641718 ) ) ;
#3440 = DIRECTION ( 'NONE',  ( -0.000000000000000000, -1.000000000000000000, -0.000000000000000000 ) ) ;
#3441 = CARTESIAN_POINT ( 'NONE',  ( -57.52873128446579898, 3.000000000000000000, -71.38674136512977952 ) ) ;
#3442 = VECTOR ( 'NONE', #4822, 1000.000000000000000 ) ;
#3443 = ADVANCED_FACE ( 'NONE', ( #2496 ), #2913, .T. ) ;
#3444 = CARTESIAN_POINT ( 'NONE',  ( 48.91845889341247045, 3.000000000000000000, 55.18619668923575006 ) ) ;
#3445 = CARTESIAN_POINT ( 'NONE',  ( 56.46615775767583756, 3.000000000000000000, 22.24453399322362301 ) ) ;
#3446 = VERTEX_POINT ( 'NONE', #2891 ) ;
#3447 = CARTESIAN_POINT ( 'NONE',  ( -42.40291812605343580, 3.000000000000000444, 48.45896081904871977 ) ) ;
#3448 = CARTESIAN_POINT ( 'NONE',  ( 72.83873756801051513, 0.000000000000000000, -68.52445798008615441 ) ) ;
#3449 = EDGE_LOOP ( 'NONE', ( #34, #47, #1195, #3801 ) ) ;
#3450 = DIRECTION ( 'NONE',  ( 0.2588191740101298821, 0.000000000000000000, 0.9659257917483693445 ) ) ;
#3451 = FACE_OUTER_BOUND ( 'NONE', #3837, .T. ) ;
#3452 = FACE_OUTER_BOUND ( 'NONE', #2481, .T. ) ;
#3453 = CARTESIAN_POINT ( 'NONE',  ( 14.72103737457617179, 3.000000000000000000, 17.00712899999999905 ) ) ;
#3454 = CARTESIAN_POINT ( 'NONE',  ( 50.34286287370224500, 1.694065894508600678E-18, 20.05440397528275653 ) ) ;
#3455 = AXIS2_PLACEMENT_3D ( 'NONE', #352, #2470, #3672 ) ;
#3456 = ORIENTED_EDGE ( 'NONE', *, *, #4862, .T. ) ;
#3457 = ORIENTED_EDGE ( 'NONE', *, *, #2692, .T. ) ;
#3458 = CYLINDRICAL_SURFACE ( 'NONE', #2451, 33.50000000000000000 ) ;
#3459 = DIRECTION ( 'NONE',  ( 0.000000000000000000, 1.000000000000000000, 0.000000000000000000 ) ) ;
#3460 = CARTESIAN_POINT ( 'NONE',  ( 27.49212367633437282, 3.000000000000000000, 51.87338075970600215 ) ) ;
#3461 = CARTESIAN_POINT ( 'NONE',  ( 57.42354327153222471, 0.000000000000000000, 27.18113448954016675 ) ) ;
#3462 = VECTOR ( 'NONE', #5228, 1000.000000000000000 ) ;
#3463 = CARTESIAN_POINT ( 'NONE',  ( -52.41454668428509933, -1.694065894508600678E-18, -53.81650743556752303 ) ) ;
#3464 = VERTEX_POINT ( 'NONE', #4609 ) ;
#3465 = CARTESIAN_POINT ( 'NONE',  ( -62.47673719965337114, 3.000000000000000000, -22.81473369730188949 ) ) ;
#3466 = VERTEX_POINT ( 'NONE', #4101 ) ;
#3467 = CARTESIAN_POINT ( 'NONE',  ( -63.89616829180445734, 3.000000000000000000, -6.843248154517834081 ) ) ;
#3468 = AXIS2_PLACEMENT_3D ( 'NONE', #3842, #138, #3022 ) ;
#3469 = EDGE_CURVE ( 'NONE', #597, #461, #779, .T. ) ;
#3470 = B_SPLINE_SURFACE_WITH_KNOTS ( 'NONE', 3, 1, ( 
 ( #585, #551 ),
 ( #3063, #3916 ),
 ( #2238, #2652 ),
 ( #1737, #2204 ),
 ( #1859, #4700 ),
 ( #3447, #4637 ),
 ( #927, #1770 ),
 ( #991, #147 ),
 ( #4229, #2680 ),
 ( #2617, #518 ),
 ( #4353, #3822 ),
 ( #2267, #862 ),
 ( #3946, #46 ),
 ( #174, #2556 ),
 ( #1801, #2171 ),
 ( #4288, #3538 ),
 ( #5160, #460 ),
 ( #1381, #486 ),
 ( #3413, #3851 ),
 ( #5091, #4667 ),
 ( #895, #2588 ),
 ( #3645, #4896 ),
 ( #3595, #2399 ),
 ( #3972, #1914 ),
 ( #4874, #3620 ),
 ( #4435, #1125 ),
 ( #4075, #1441 ),
 ( #2710, #254 ),
 ( #2377, #306 ),
 ( #1961, #5321 ),
 ( #232, #5266 ),
 ( #200, #3125 ),
 ( #2770, #1549 ),
 ( #4024, #2821 ) ),
 .UNSPECIFIED., .F., .F., .F.,
 ( 4, 1, 1, 1, 1, 1, 1, 1, 1, 1, 1, 1, 1, 1, 1, 1, 1, 1, 1, 1, 1, 1, 1, 1, 1, 1, 1, 1, 1, 1, 1, 4 ),
 ( 2, 2 ),
 ( 0.01432074041799108639, 0.04953250805321672556, 0.07507457467481723490, 0.1006175245099810989, 0.1261557507270576473, 0.1516907223483881240, 0.1772191427898470173, 0.2027399975687304290, 0.2282529325392307906, 0.2537553468010663171, 0.2792452409082691878, 0.3047229566969057446, 0.3301855049608792836, 0.3556337556810078571, 0.3810642611126719981, 0.4064694989501170252, 0.4442389824015975930, 0.4819479793836420334, 0.5196063951257438029, 0.5572131062779405175, 0.5947671961786660244, 0.6322673588832004032, 0.6697114270439029626, 0.7070959123558659964, 0.7444185941530346851, 0.7816765658296563890, 0.8188681407795083134, 0.8559925713311657969, 0.8930463069819428723, 0.9300305291004659081, 0.9669454447166447864, 0.9746646690335177832 ),
 ( 0.000000000000000000, 1.000000000000000000 ),
 .UNSPECIFIED. ) ;
#3471 = CIRCLE ( 'NONE', #3127, 0.5000000000000004441 ) ;
#3472 = CARTESIAN_POINT ( 'NONE',  ( -43.04721560209382147, 3.000000000000000000, -46.88065575780606054 ) ) ;
#3473 = CARTESIAN_POINT ( 'NONE',  ( -25.04897453056247869, 0.000000000000000000, 43.69697323368394137 ) ) ;
#3474 = CARTESIAN_POINT ( 'NONE',  ( 55.30373892496147192, 3.000000000000000000, -55.73084995483436899 ) ) ;
#3475 = DIRECTION ( 'NONE',  ( 0.000000000000000000, -1.000000000000000000, 0.000000000000000000 ) ) ;
#3476 = PLANE ( 'NONE',  #234 ) ;
#3477 = CIRCLE ( 'NONE', #1256, 1.000000000000000888 ) ;
#3478 = CARTESIAN_POINT ( 'NONE',  ( -39.20524147792314551, 3.000000000000000000, 48.10923363656451812 ) ) ;
#3479 = CARTESIAN_POINT ( 'NONE',  ( 7.301900849716593811, 3.000000000000000000, 36.70535012294590160 ) ) ;
#3480 = CARTESIAN_POINT ( 'NONE',  ( -51.62816443538031308, 3.000000000000000000, 27.14092059717915717 ) ) ;
#3481 = ORIENTED_EDGE ( 'NONE', *, *, #4094, .F. ) ;
#3482 = CARTESIAN_POINT ( 'NONE',  ( -55.12521485172767655, 1.694065894508600678E-18, 17.57842076602890202 ) ) ;
#3483 = CARTESIAN_POINT ( 'NONE',  ( 70.99484321320397839, 3.000000000000000000, -75.10505846559856025 ) ) ;
#3484 = ORIENTED_EDGE ( 'NONE', *, *, #393, .F. ) ;
#3485 = FACE_OUTER_BOUND ( 'NONE', #1674, .T. ) ;
#3486 = CARTESIAN_POINT ( 'NONE',  ( 9.539365100223299976, 3.000000000000000000, 20.19197432102125234 ) ) ;
#3487 = CARTESIAN_POINT ( 'NONE',  ( 0.000000000000000000, 3.000000000000000000, 0.000000000000000000 ) ) ;
#3488 = LINE ( 'NONE', #3600, #100 ) ;
#3489 = CARTESIAN_POINT ( 'NONE',  ( -69.13237399999999866, 3.000000000000000000, -79.74136900000000594 ) ) ;
#3490 = ORIENTED_EDGE ( 'NONE', *, *, #4383, .T. ) ;
#3491 = ORIENTED_EDGE ( 'NONE', *, *, #505, .T. ) ;
#3492 = CARTESIAN_POINT ( 'NONE',  ( 0.000000000000000000, 0.000000000000000000, -33.50000000000000000 ) ) ;
#3493 = CARTESIAN_POINT ( 'NONE',  ( -16.98879675422453062, 0.000000000000000000, -28.87266501110782713 ) ) ;
#3494 = ORIENTED_EDGE ( 'NONE', *, *, #3469, .T. ) ;
#3495 = CARTESIAN_POINT ( 'NONE',  ( -70.01562050009107452, 0.000000000000000000, -77.86985685487216813 ) ) ;
#3496 = ORIENTED_EDGE ( 'NONE', *, *, #2953, .F. ) ;
#3497 = CARTESIAN_POINT ( 'NONE',  ( 24.99241226516430103, 0.000000000000000000, -29.30753214814435381 ) ) ;
#3498 = CARTESIAN_POINT ( 'NONE',  ( -40.67925743880248746, 0.000000000000000000, -44.92703291855361414 ) ) ;
#3499 = DIRECTION ( 'NONE',  ( 0.000000000000000000, 0.000000000000000000, 1.000000000000000000 ) ) ;
#3500 = DIRECTION ( 'NONE',  ( -0.000000000000000000, -1.000000000000000000, -0.000000000000000000 ) ) ;
#3501 = DIRECTION ( 'NONE',  ( 1.000000000000000000, 0.000000000000000000, 0.000000000000000000 ) ) ;
#3502 = CYLINDRICAL_SURFACE ( 'NONE', #3703, 0.1215992993800346644 ) ;
#3503 = DIRECTION ( 'NONE',  ( 0.2588195960148433894, 0.000000000000000000, 0.9659256786723878774 ) ) ;
#3504 = CARTESIAN_POINT ( 'NONE',  ( 50.01519951008855003, -1.694065894508600678E-18, -52.15368586642594551 ) ) ;
#3505 = CARTESIAN_POINT ( 'NONE',  ( -30.72574520725112990, 3.000000000000000000, 46.07608411214243205 ) ) ;
#3506 = CARTESIAN_POINT ( 'NONE',  ( 51.62816443538031308, 3.000000000000000000, 27.14092059717915717 ) ) ;
#3507 = CARTESIAN_POINT ( 'NONE',  ( -51.36870917564574768, 0.000000000000000000, 34.25606481865698072 ) ) ;
#3508 = VERTEX_POINT ( 'NONE', #4123 ) ;
#3509 = ADVANCED_FACE ( 'NONE', ( #3255 ), #2843, .T. ) ;
#3510 = CARTESIAN_POINT ( 'NONE',  ( -55.84042679767052419, 1.694065894508600678E-18, 19.87131075041820338 ) ) ;
#3511 = CARTESIAN_POINT ( 'NONE',  ( 74.67863634339457235, 0.000000000000000000, -39.51896701767081765 ) ) ;
#3512 = ORIENTED_EDGE ( 'NONE', *, *, #3023, .F. ) ;
#3513 = AXIS2_PLACEMENT_3D ( 'NONE', #2956, #444, #4162 ) ;
#3514 = CARTESIAN_POINT ( 'NONE',  ( 56.86714897299667371, 1.694065894508600678E-18, 45.11435451232583205 ) ) ;
#3515 = CARTESIAN_POINT ( 'NONE',  ( -19.05613964030383300, 3.000000000000000000, 17.00712899999999905 ) ) ;
#3516 = CARTESIAN_POINT ( 'NONE',  ( 53.81139177651777317, 3.000000000000000000, -68.42347281644254053 ) ) ;
#3517 = EDGE_CURVE ( 'NONE', #4150, #2432, #2015, .T. ) ;
#3518 = LINE ( 'NONE', #1450, #890 ) ;
#3519 = ORIENTED_EDGE ( 'NONE', *, *, #1077, .T. ) ;
#3520 = AXIS2_PLACEMENT_3D ( 'NONE', #524, #1744, #5099 ) ;
#3521 = CARTESIAN_POINT ( 'NONE',  ( -23.17778954518533396, 1.500000000000000666, -25.55464873167107598 ) ) ;
#3522 = ADVANCED_FACE ( 'NONE', ( #3355 ), #1678, .T. ) ;
#3523 = CARTESIAN_POINT ( 'NONE',  ( 22.68784819354412718, 2.602085213965210642E-15, 49.82691168489510147 ) ) ;
#3524 = CARTESIAN_POINT ( 'NONE',  ( 43.47364176644354217, 0.000000000000000000, 48.52725241447157600 ) ) ;
#3525 = ORIENTED_EDGE ( 'NONE', *, *, #4577, .F. ) ;
#3526 = EDGE_LOOP ( 'NONE', ( #5167, #4474, #3008, #4134, #4287, #1922, #2892, #355, #3223, #504, #2749, #4228 ) ) ;
#3527 = LINE ( 'NONE', #2224, #4795 ) ;
#3528 = CARTESIAN_POINT ( 'NONE',  ( -38.23608357104376410, 0.000000000000000000, -42.81546693887787569 ) ) ;
#3529 = CARTESIAN_POINT ( 'NONE',  ( -19.30615467776879512, 3.000000000000000000, 3.351847016444546856 ) ) ;
#3530 = CARTESIAN_POINT ( 'NONE',  ( 0.000000000000000000, 0.000000000000000000, -2.589000000000005297 ) ) ;
#3531 = FACE_OUTER_BOUND ( 'NONE', #2123, .T. ) ;
#3532 = CARTESIAN_POINT ( 'NONE',  ( 26.32268500000000344, 3.000000000000000000, -30.84581199999999157 ) ) ;
#3533 = CARTESIAN_POINT ( 'NONE',  ( 50.99204152812359325, 0.000000000000000000, 2.383350968251920055 ) ) ;
#3534 = AXIS2_PLACEMENT_3D ( 'NONE', #410, #4613, #437 ) ;
#3535 = CARTESIAN_POINT ( 'NONE',  ( 51.07672011127198886, -1.734723475976807094E-15, 22.78601691263700957 ) ) ;
#3536 = CARTESIAN_POINT ( 'NONE',  ( -22.51290100000000649, 0.000000000000000000, -35.21333000000000624 ) ) ;
#3537 = EDGE_LOOP ( 'NONE', ( #4666, #1183, #2604, #4161 ) ) ;
#3538 = CARTESIAN_POINT ( 'NONE',  ( -31.90587890848826902, -4.336808689942017736E-16, 46.45927064113672600 ) ) ;
#3539 = CYLINDRICAL_SURFACE ( 'NONE', #221, 1.000000000000000888 ) ;
#3540 = ORIENTED_EDGE ( 'NONE', *, *, #1239, .T. ) ;
#3541 = ADVANCED_FACE ( 'NONE', ( #4998 ), #3329, .T. ) ;
#3542 = EDGE_CURVE ( 'NONE', #2854, #4087, #2529, .T. ) ;
#3543 = EDGE_CURVE ( 'NONE', #3305, #3169, #5026, .T. ) ;
#3544 = CARTESIAN_POINT ( 'NONE',  ( -52.95461300000000193, 0.000000000000000000, 54.60650600000000310 ) ) ;
#3545 = CARTESIAN_POINT ( 'NONE',  ( 61.69123223475197193, 3.000000000000000000, -3.388928585261459236 ) ) ;
#3546 = CARTESIAN_POINT ( 'NONE',  ( 46.04954718407758207, 0.000000000000000000, 8.725615406546580743 ) ) ;
#3547 = CARTESIAN_POINT ( 'NONE',  ( -14.33681139814191674, 3.000000000000000000, 18.60463522328305430 ) ) ;
#3548 = ORIENTED_EDGE ( 'NONE', *, *, #4737, .T. ) ;
#3549 = CARTESIAN_POINT ( 'NONE',  ( -50.34286287370224500, 3.000000000000000000, 20.05440397528275653 ) ) ;
#3550 = CIRCLE ( 'NONE', #1156, 0.2500000000000002220 ) ;
#3551 = CYLINDRICAL_SURFACE ( 'NONE', #2437, 0.5000000000000000000 ) ;
#3552 = EDGE_CURVE ( 'NONE', #2832, #3930, #1152, .T. ) ;
#3553 = CARTESIAN_POINT ( 'NONE',  ( 27.92268347685851637, 0.000000000000000000, 45.01560170785818826 ) ) ;
#3554 = ORIENTED_EDGE ( 'NONE', *, *, #1652, .T. ) ;
#3555 = ORIENTED_EDGE ( 'NONE', *, *, #748, .T. ) ;
#3556 = CARTESIAN_POINT ( 'NONE',  ( 69.29859899999998163, 0.000000000000000000, -79.68841100000000210 ) ) ;
#3557 = CARTESIAN_POINT ( 'NONE',  ( 8.043505417548956871, 0.000000000000000000, 17.00712899999999905 ) ) ;
#3558 = AXIS2_PLACEMENT_3D ( 'NONE', #180, #4708, #4295 ) ;
#3559 = DIRECTION ( 'NONE',  ( 0.000000000000000000, 1.000000000000000000, 0.000000000000000000 ) ) ;
#3560 = CARTESIAN_POINT ( 'NONE',  ( 14.25599330672076803, 3.000000000000000000, 18.66933787308416726 ) ) ;
#3561 = CARTESIAN_POINT ( 'NONE',  ( 59.23442243365284554, 0.000000000000000000, -57.97903554713330010 ) ) ;
#3562 = AXIS2_PLACEMENT_3D ( 'NONE', #1098, #2342, #1930 ) ;
#3563 = CARTESIAN_POINT ( 'NONE',  ( 22.51290100000000649, 8.673617379884035472E-16, -35.21333000000000624 ) ) ;
#3564 = CARTESIAN_POINT ( 'NONE',  ( 14.72103737457617179, 3.000000000000000000, 17.50712899999999905 ) ) ;
#3565 = CARTESIAN_POINT ( 'NONE',  ( 50.61474012157911773, 3.000000000000000000, 40.41865233515631672 ) ) ;
#3566 = EDGE_CURVE ( 'NONE', #2088, #359, #1048, .T. ) ;
#3567 = CARTESIAN_POINT ( 'NONE',  ( -49.41562059525696071, 0.000000000000000000, 44.60480494782673588 ) ) ;
#3568 = CARTESIAN_POINT ( 'NONE',  ( 25.04897453056247869, 3.000000000000000000, 43.69697323368394137 ) ) ;
#3569 = DIRECTION ( 'NONE',  ( 2.229714311648399912E-16, 0.000000000000000000, 1.000000000000000000 ) ) ;
#3570 = CIRCLE ( 'NONE', #379, 1.000000000000000888 ) ;
#3571 = ORIENTED_EDGE ( 'NONE', *, *, #4364, .T. ) ;
#3572 = CARTESIAN_POINT ( 'NONE',  ( 57.73796121463694675, 1.694065894508600678E-18, 40.03915219554151861 ) ) ;
#3573 = CARTESIAN_POINT ( 'NONE',  ( -40.42315691954928525, 0.000000000000000000, 54.94557405835164587 ) ) ;
#3574 = CARTESIAN_POINT ( 'NONE',  ( 75.15097199383085069, 3.000000000000000000, -51.17767105170879915 ) ) ;
#3575 = CARTESIAN_POINT ( 'NONE',  ( -19.92416417019081010, 3.000000000000000000, -3.089000000000004853 ) ) ;
#3576 = DIRECTION ( 'NONE',  ( -0.000000000000000000, -1.000000000000000000, -0.000000000000000000 ) ) ;
#3577 = DIRECTION ( 'NONE',  ( 0.000000000000000000, 0.000000000000000000, 1.000000000000000000 ) ) ;
#3578 = ORIENTED_EDGE ( 'NONE', *, *, #1225, .F. ) ;
#3579 = AXIS2_PLACEMENT_3D ( 'NONE', #1247, #4602, #2550 ) ;
#3580 = CARTESIAN_POINT ( 'NONE',  ( -50.20144811616389546, 3.000000000000000000, 42.10998750058584505 ) ) ;
#3581 = CARTESIAN_POINT ( 'NONE',  ( -22.39453450200643303, 3.000000000000000000, -26.17634925228757581 ) ) ;
#3582 = LINE ( 'NONE', #3928, #1305 ) ;
#3583 = ORIENTED_EDGE ( 'NONE', *, *, #924, .T. ) ;
#3584 = EDGE_CURVE ( 'NONE', #2076, #5332, #2927, .T. ) ;
#3585 = ORIENTED_EDGE ( 'NONE', *, *, #4217, .F. ) ;
#3586 = CARTESIAN_POINT ( 'NONE',  ( -18.32062889804655370, 3.000000000000000000, -29.16897084099943882 ) ) ;
#3587 = EDGE_CURVE ( 'NONE', #4542, #2309, #1620, .T. ) ;
#3588 = FACE_OUTER_BOUND ( 'NONE', #45, .T. ) ;
#3589 = CARTESIAN_POINT ( 'NONE',  ( 69.13237399999999866, 0.000000000000000000, -79.74136900000000594 ) ) ;
#3590 = CARTESIAN_POINT ( 'NONE',  ( 65.82221648002720826, 0.000000000000000000, -10.32104284989116216 ) ) ;
#3591 = CARTESIAN_POINT ( 'NONE',  ( 64.04801948120224608, 0.000000000000000000, -34.74970771442661288 ) ) ;
#3592 = LINE ( 'NONE', #1049, #5002 ) ;
#3593 = CARTESIAN_POINT ( 'NONE',  ( 50.93818735582407697, -1.734723475976807094E-15, 38.70979032364790129 ) ) ;
#3594 = DIRECTION ( 'NONE',  ( -1.000000000000000000, 0.000000000000000000, 1.325447660487638608E-16 ) ) ;
#3595 = CARTESIAN_POINT ( 'NONE',  ( -22.28067675997548136, 3.000000000000000444, 42.18785769550562748 ) ) ;
#3596 = CARTESIAN_POINT ( 'NONE',  ( -20.43398048073135698, 3.000000000000000000, 48.64611496752109332 ) ) ;
#3597 = CARTESIAN_POINT ( 'NONE',  ( 22.51290100000000649, 3.000000000000000000, -35.21333000000000624 ) ) ;
#3598 = CARTESIAN_POINT ( 'NONE',  ( 43.04721560209382147, 3.000000000000000000, -46.88065575780606054 ) ) ;
#3599 = DIRECTION ( 'NONE',  ( -6.938893903907222067E-15, 0.000000000000000000, 1.000000000000000000 ) ) ;
#3600 = CARTESIAN_POINT ( 'NONE',  ( -22.50596955836836344, 3.000000000000000000, -24.81393427568060517 ) ) ;
#3601 = CARTESIAN_POINT ( 'NONE',  ( -53.03508199999999562, 0.000000000000000000, 54.55017699999999081 ) ) ;
#3602 = EDGE_LOOP ( 'NONE', ( #4629, #3525, #4307, #2788 ) ) ;
#3603 = CARTESIAN_POINT ( 'NONE',  ( -74.00885349564477167, 0.000000000000000000, -62.79472622012763594 ) ) ;
#3604 = CARTESIAN_POINT ( 'NONE',  ( -48.78284044652381368, 3.000000000000000000, 46.23368580428790153 ) ) ;
#3605 = AXIS2_PLACEMENT_3D ( 'NONE', #5170, #1091, #2810 ) ;
#3606 = CARTESIAN_POINT ( 'NONE',  ( -24.99241226516430103, -4.336808689942017736E-16, -29.30753214814435381 ) ) ;
#3607 = CARTESIAN_POINT ( 'NONE',  ( -52.93105502202837442, 3.000000000000000000, 54.48721052110997221 ) ) ;
#3608 = VERTEX_POINT ( 'NONE', #5347 ) ;
#3609 = AXIS2_PLACEMENT_3D ( 'NONE', #4360, #1385, #591 ) ;
#3610 = VERTEX_POINT ( 'NONE', #1581 ) ;
#3611 = EDGE_CURVE ( 'NONE', #1811, #131, #5394, .T. ) ;
#3612 = ADVANCED_FACE ( 'NONE', ( #5089 ), #3072, .T. ) ;
#3613 = FACE_OUTER_BOUND ( 'NONE', #3096, .T. ) ;
#3614 = DIRECTION ( 'NONE',  ( 0.000000000000000000, 1.000000000000000000, 0.000000000000000000 ) ) ;
#3615 = CARTESIAN_POINT ( 'NONE',  ( -19.19248349561296507, -3.388131789017201356E-18, -30.51841738412851157 ) ) ;
#3616 = CARTESIAN_POINT ( 'NONE',  ( -60.39490716416133154, 3.000000000000000000, -1.479974017190582414 ) ) ;
#3617 = CARTESIAN_POINT ( 'NONE',  ( 62.18195581727540855, 0.000000000000000000, -51.24310241979229374 ) ) ;
#3618 = CARTESIAN_POINT ( 'NONE',  ( 51.58253876246494229, 3.000000000000000000, 26.30335974505374708 ) ) ;
#3619 = CARTESIAN_POINT ( 'NONE',  ( -48.12931955041967313, 0.000000000000000000, 47.69028253737586454 ) ) ;
#3620 = CARTESIAN_POINT ( 'NONE',  ( -19.63045902376973473, -4.336808689942017736E-16, 40.49748577262892724 ) ) ;
#3621 = CARTESIAN_POINT ( 'NONE',  ( -18.30034746835531578, 3.000000000000000000, 47.36787755499586439 ) ) ;
#3622 = CARTESIAN_POINT ( 'NONE',  ( 22.51290100000000649, 3.000000000000000000, -35.21333000000000624 ) ) ;
#3623 = VECTOR ( 'NONE', #2241, 1000.000000000000000 ) ;
#3624 = EDGE_CURVE ( 'NONE', #815, #5225, #1524, .T. ) ;
#3625 = CARTESIAN_POINT ( 'NONE',  ( -26.32268500000000344, 0.000000000000000000, -30.84581199999999157 ) ) ;
#3626 = CARTESIAN_POINT ( 'NONE',  ( 30.10119409375531063, 3.000000000000000000, -35.01173271421695432 ) ) ;
#3627 = CARTESIAN_POINT ( 'NONE',  ( 73.33589601838630756, 3.000000000000000000, -31.24893448183900801 ) ) ;
#3628 = CARTESIAN_POINT ( 'NONE',  ( -43.02901124936550303, 3.000000000000000000, 55.17307544992112867 ) ) ;
#3629 = ORIENTED_EDGE ( 'NONE', *, *, #399, .F. ) ;
#3630 = EDGE_CURVE ( 'NONE', #359, #2832, #560, .T. ) ;
#3631 = DIRECTION ( 'NONE',  ( 1.325447660487638608E-16, 0.000000000000000000, 1.000000000000000000 ) ) ;
#3632 = CARTESIAN_POINT ( 'NONE',  ( -24.99241226516430103, 3.000000000000000000, -29.30753214814435381 ) ) ;
#3633 = ORIENTED_EDGE ( 'NONE', *, *, #329, .T. ) ;
#3634 = VECTOR ( 'NONE', #2301, 1000.000000000000000 ) ;
#3635 = ORIENTED_EDGE ( 'NONE', *, *, #5213, .T. ) ;
#3636 = B_SPLINE_CURVE_WITH_KNOTS ( 'NONE', 3,
 ( #2503, #2045, #1264, #1159, #5402, #2849, #2871, #1642, #787, #3310, #3389, #2024, #362, #3701, #3799, #4615, #5449, #2947, #3749, #3362 ),
 .UNSPECIFIED., .F., .F.,
 ( 4, 1, 1, 1, 1, 1, 1, 1, 1, 1, 1, 1, 1, 1, 1, 1, 1, 4 ),
 ( 0.000000000000000000, 0.06114976956808763908, 0.09174933005458461854, 0.1223654752115593825, 0.1768090400663146211, 0.2313128205766634138, 0.2858867812332531178, 0.3951408668983860673, 0.4498602984943149696, 0.5046339889474501517, 0.5594618429825968242, 0.6143436911704879266, 0.7242631389879071735, 0.7793052841105531092, 0.8344002672575118185, 0.8895478291990016606, 0.9447477873492605704, 1.000000000000000000 ),
 .UNSPECIFIED. ) ;
#3637 = CARTESIAN_POINT ( 'NONE',  ( -63.24469429960424804, 3.000000000000000888, -46.44330852578764279 ) ) ;
#3638 = EDGE_LOOP ( 'NONE', ( #3140, #3000, #3775, #808 ) ) ;
#3639 = CARTESIAN_POINT ( 'NONE',  ( -21.72600000000000264, 0.000000000000000000, 2.861000000000001542 ) ) ;
#3640 = CARTESIAN_POINT ( 'NONE',  ( -56.17797069690737999, 3.000000000000000000, 4.031167890004335952 ) ) ;
#3641 = CARTESIAN_POINT ( 'NONE',  ( 26.08828623510041567, 8.673617379884035472E-16, -39.96441669746243264 ) ) ;
#3642 = CARTESIAN_POINT ( 'NONE',  ( 5.663267465419664859, 2.602085213965210642E-15, 34.53583603780170108 ) ) ;
#3643 = CARTESIAN_POINT ( 'NONE',  ( 19.63757380277242603, 3.000000000000000000, -14.11297399999999058 ) ) ;
#3644 = VECTOR ( 'NONE', #776, 1000.000000000000000 ) ;
#3645 = CARTESIAN_POINT ( 'NONE',  ( -23.65086152088949945, 3.000000000000000444, 42.96565016714738050 ) ) ;
#3646 = CARTESIAN_POINT ( 'NONE',  ( -11.35743694670103032, 3.000000000000000000, 41.26634692105835001 ) ) ;
#3647 = CARTESIAN_POINT ( 'NONE',  ( 18.58826758058495443, 3.000000000000000000, -29.55924030843881312 ) ) ;
#3648 = VECTOR ( 'NONE', #1105, 1000.000000000000000 ) ;
#3649 = CARTESIAN_POINT ( 'NONE',  ( 27.80819356064831993, 0.000000000000000000, -32.53384667572115774 ) ) ;
#3650 = VECTOR ( 'NONE', #5417, 1000.000000000000000 ) ;
#3651 = CARTESIAN_POINT ( 'NONE',  ( 70.61076606662614097, 3.000000000000000000, -21.45453730634901390 ) ) ;
#3652 = DIRECTION ( 'NONE',  ( 0.000000000000000000, 0.000000000000000000, 1.000000000000000000 ) ) ;
#3653 = CARTESIAN_POINT ( 'NONE',  ( -35.17931797114327708, 3.000000000000000000, 54.08985714986710036 ) ) ;
#3654 = ORIENTED_EDGE ( 'NONE', *, *, #2515, .F. ) ;
#3655 = CIRCLE ( 'NONE', #130, 0.5000000000000004441 ) ;
#3656 = DIRECTION ( 'NONE',  ( -0.2588189942251271636, 0.000000000000000000, 0.9659258399216233970 ) ) ;
#3657 = CARTESIAN_POINT ( 'NONE',  ( 69.19424598455805153, 3.000000000000000000, -79.64822009782591294 ) ) ;
#3658 = VERTEX_POINT ( 'NONE', #4050 ) ;
#3659 = VECTOR ( 'NONE', #1627, 1000.000000000000000 ) ;
#3660 = ORIENTED_EDGE ( 'NONE', *, *, #813, .F. ) ;
#3661 = CARTESIAN_POINT ( 'NONE',  ( -50.99204152812359325, 0.000000000000000000, 2.383350968251920055 ) ) ;
#3662 = ORIENTED_EDGE ( 'NONE', *, *, #5049, .T. ) ;
#3663 = CARTESIAN_POINT ( 'NONE',  ( 3.907848913359288634, 0.000000000000000000, 33.27128967849543528 ) ) ;
#3664 = LINE ( 'NONE', #2857, #1015 ) ;
#3665 = CARTESIAN_POINT ( 'NONE',  ( 41.50216093040443610, 8.673617379884035472E-16, -57.29599531449121486 ) ) ;
#3666 = EDGE_CURVE ( 'NONE', #4329, #1300, #278, .T. ) ;
#3667 = PLANE ( 'NONE',  #3901 ) ;
#3668 = CARTESIAN_POINT ( 'NONE',  ( 29.39521040800501694, 3.000000000000000000, 45.60067303327976163 ) ) ;
#3669 = CARTESIAN_POINT ( 'NONE',  ( 21.61899999999999267, 3.000000000000000000, -2.589000000000000856 ) ) ;
#3670 = CARTESIAN_POINT ( 'NONE',  ( 18.32062889804656791, 3.000000000000000000, -29.16897084099946014 ) ) ;
#3671 = EDGE_CURVE ( 'NONE', #3032, #3681, #4406, .T. ) ;
#3672 = DIRECTION ( 'NONE',  ( 1.000000000000000000, 0.000000000000000000, -1.325447660487638608E-16 ) ) ;
#3673 = EDGE_CURVE ( 'NONE', #3722, #4840, #4587, .T. ) ;
#3674 = DIRECTION ( 'NONE',  ( 0.000000000000000000, 1.000000000000000000, 0.000000000000000000 ) ) ;
#3675 = LINE ( 'NONE', #5349, #3184 ) ;
#3676 = CARTESIAN_POINT ( 'NONE',  ( -54.29306563533756957, 0.000000000000000000, 52.32821139029105240 ) ) ;
#3677 = EDGE_LOOP ( 'NONE', ( #4610, #790, #656, #1215 ) ) ;
#3678 = CARTESIAN_POINT ( 'NONE',  ( 0.000000000000000000, 3.000000000000000000, 0.000000000000000000 ) ) ;
#3679 = CARTESIAN_POINT ( 'NONE',  ( 29.39521040800501694, 0.000000000000000000, 45.60067303327976163 ) ) ;
#3680 = CARTESIAN_POINT ( 'NONE',  ( -47.97038724757351957, 3.000000000000000000, 48.01432368930916539 ) ) ;
#3681 = VERTEX_POINT ( 'NONE', #1960 ) ;
#3682 = VERTEX_POINT ( 'NONE', #4791 ) ;
#3683 = AXIS2_PLACEMENT_3D ( 'NONE', #2928, #1689, #1721 ) ;
#3684 = CARTESIAN_POINT ( 'NONE',  ( -61.76295700050333437, 0.000000000000000000, -52.72975634855954752 ) ) ;
#3685 = ORIENTED_EDGE ( 'NONE', *, *, #1380, .T. ) ;
#3686 = DIRECTION ( 'NONE',  ( -0.000000000000000000, -1.000000000000000000, -0.000000000000000000 ) ) ;
#3687 = CARTESIAN_POINT ( 'NONE',  ( 60.36323296338900235, 3.000000000000000000, -73.55831211109210699 ) ) ;
#3688 = CARTESIAN_POINT ( 'NONE',  ( -50.18381454234577888, 3.000000000000000000, -65.35624814967637519 ) ) ;
#3689 = CARTESIAN_POINT ( 'NONE',  ( 52.74381046791716443, 1.500000000000000000, 9.324081302159576978 ) ) ;
#3690 = CARTESIAN_POINT ( 'NONE',  ( 23.17778954518533041, 1.500000000000000666, -25.55464873167107243 ) ) ;
#3691 = VECTOR ( 'NONE', #1815, 1000.000000000000000 ) ;
#3692 = CARTESIAN_POINT ( 'NONE',  ( -56.15392664154154545, 0.000000000000000000, -5.909220970001160644 ) ) ;
#3693 = CARTESIAN_POINT ( 'NONE',  ( 54.29306563533756957, 3.000000000000000000, 52.32821139029105240 ) ) ;
#3694 = EDGE_CURVE ( 'NONE', #1976, #5090, #3229, .T. ) ;
#3695 = CARTESIAN_POINT ( 'NONE',  ( 48.91845889341247045, 0.000000000000000000, 55.18619668923575006 ) ) ;
#3696 = CARTESIAN_POINT ( 'NONE',  ( -46.65100804918601796, 3.000000000000000000, -62.18904330299390182 ) ) ;
#3697 = ORIENTED_EDGE ( 'NONE', *, *, #5340, .F. ) ;
#3698 = EDGE_CURVE ( 'NONE', #2961, #4299, #1913, .T. ) ;
#3699 = B_SPLINE_CURVE_WITH_KNOTS ( 'NONE', 3,
 ( #450, #2106, #1277, #2963 ),
 .UNSPECIFIED., .F., .F.,
 ( 4, 4 ),
 ( 0.07900577818559964549, 1.000000000000000000 ),
 .UNSPECIFIED. ) ;
#3700 = DIRECTION ( 'NONE',  ( 0.000000000000000000, 0.000000000000000000, -1.000000000000000000 ) ) ;
#3701 = CARTESIAN_POINT ( 'NONE',  ( -53.81139177651777317, 0.000000000000000000, -68.42347281644254053 ) ) ;
#3702 = ORIENTED_EDGE ( 'NONE', *, *, #1924, .F. ) ;
#3703 = AXIS2_PLACEMENT_3D ( 'NONE', #3607, #1265, #86 ) ;
#3704 = ORIENTED_EDGE ( 'NONE', *, *, #380, .F. ) ;
#3705 = ADVANCED_FACE ( 'NONE', ( #1024 ), #4895, .T. ) ;
#3706 = CARTESIAN_POINT ( 'NONE',  ( -60.38414070415916513, 3.000000000000000888, -56.78959051124097357 ) ) ;
#3707 = ORIENTED_EDGE ( 'NONE', *, *, #4094, .T. ) ;
#3708 = CARTESIAN_POINT ( 'NONE',  ( -19.42424795431855600, 3.000000000000000000, -3.098152983555464424 ) ) ;
#3709 = ORIENTED_EDGE ( 'NONE', *, *, #41, .F. ) ;
#3710 = CARTESIAN_POINT ( 'NONE',  ( 66.16332437088969698, 3.000000000000000000, -77.74163664067302193 ) ) ;
#3711 = VECTOR ( 'NONE', #3317, 1000.000000000000114 ) ;
#3712 = CARTESIAN_POINT ( 'NONE',  ( -69.13237399999999866, 0.000000000000000000, -79.74136900000000594 ) ) ;
#3713 = CARTESIAN_POINT ( 'NONE',  ( 60.77547253423845319, 3.000000000000000000, -55.74672559360109858 ) ) ;
#3714 = DIRECTION ( 'NONE',  ( 0.000000000000000000, 0.000000000000000000, 1.000000000000000000 ) ) ;
#3715 = ADVANCED_FACE ( 'NONE', ( #583 ), #1398, .F. ) ;
#3716 = EDGE_CURVE ( 'NONE', #407, #2088, #3346, .T. ) ;
#3717 = CARTESIAN_POINT ( 'NONE',  ( -61.76295700050333437, 0.000000000000000000, -52.72975634855954752 ) ) ;
#3718 = VECTOR ( 'NONE', #5202, 1000.000000000000000 ) ;
#3719 = CARTESIAN_POINT ( 'NONE',  ( 57.84613504054144784, 3.000000000000000000, 30.57518755677947198 ) ) ;
#3720 = EDGE_LOOP ( 'NONE', ( #2565, #3258, #3548, #1457 ) ) ;
#3721 = CARTESIAN_POINT ( 'NONE',  ( -55.12521485172767655, 0.000000000000000000, 17.57842076602890202 ) ) ;
#3722 = VERTEX_POINT ( 'NONE', #729 ) ;
#3723 = CARTESIAN_POINT ( 'NONE',  ( -48.12931955041967313, 1.694065894508600678E-18, 47.69028253737586454 ) ) ;
#3724 = VECTOR ( 'NONE', #1124, 1000.000000000000000 ) ;
#3725 = CARTESIAN_POINT ( 'NONE',  ( 8.577433739726018302, 3.000000000000000000, -14.48356450723862565 ) ) ;
#3726 = AXIS2_PLACEMENT_3D ( 'NONE', #4680, #3459, #148 ) ;
#3727 = CARTESIAN_POINT ( 'NONE',  ( 59.23442243365284554, 1.500000000000000000, -56.97903554713330010 ) ) ;
#3728 = CARTESIAN_POINT ( 'NONE',  ( 60.38414070416273915, 2.999999999999999556, -56.78959051123148782 ) ) ;
#3729 = ORIENTED_EDGE ( 'NONE', *, *, #1748, .F. ) ;
#3730 = AXIS2_PLACEMENT_3D ( 'NONE', #2393, #634, #2793 ) ;
#3731 = ORIENTED_EDGE ( 'NONE', *, *, #5049, .F. ) ;
#3732 = CARTESIAN_POINT ( 'NONE',  ( 11.35743694670103032, 3.000000000000000000, 41.26634692105835001 ) ) ;
#3733 = EDGE_CURVE ( 'NONE', #3722, #2846, #4750, .T. ) ;
#3734 = CARTESIAN_POINT ( 'NONE',  ( -60.16466442878640208, 3.000000000000000888, -57.34598217879779725 ) ) ;
#3735 = ORIENTED_EDGE ( 'NONE', *, *, #2390, .F. ) ;
#3736 = CARTESIAN_POINT ( 'NONE',  ( 50.85231247534594701, 3.000000000000000000, 21.83277693443448442 ) ) ;
#3737 = FACE_OUTER_BOUND ( 'NONE', #715, .T. ) ;
#3738 = ORIENTED_EDGE ( 'NONE', *, *, #1199, .T. ) ;
#3739 = CARTESIAN_POINT ( 'NONE',  ( 26.08828623510041567, 3.000000000000000000, -39.96441669746243264 ) ) ;
#3740 = ADVANCED_FACE ( 'NONE', ( #4144 ), #3667, .T. ) ;
#3741 = CARTESIAN_POINT ( 'NONE',  ( -69.13237399999999866, 3.000000000000000000, -79.74136900000000594 ) ) ;
#3742 = CARTESIAN_POINT ( 'NONE',  ( 64.04801948120224608, 0.000000000000000000, -34.74970771442661288 ) ) ;
#3743 = DIRECTION ( 'NONE',  ( 1.000000000000000000, 0.000000000000000000, 0.000000000000000000 ) ) ;
#3744 = DIRECTION ( 'NONE',  ( 0.000000000000000000, 0.000000000000000000, 1.000000000000000000 ) ) ;
#3745 = ORIENTED_EDGE ( 'NONE', *, *, #1622, .F. ) ;
#3746 = CARTESIAN_POINT ( 'NONE',  ( -56.99661394790859248, 0.000000000000000000, 24.68591891454632403 ) ) ;
#3747 = EDGE_LOOP ( 'NONE', ( #5013, #4445, #246, #3080 ) ) ;
#3748 = CARTESIAN_POINT ( 'NONE',  ( 42.40291812605343580, 0.000000000000000000, 48.45896081904871977 ) ) ;
#3749 = CARTESIAN_POINT ( 'NONE',  ( -68.13813611361483424, 0.000000000000000000, -79.08096968537924454 ) ) ;
#3750 = EDGE_LOOP ( 'NONE', ( #2214, #5172, #1832, #872 ) ) ;
#3751 = ORIENTED_EDGE ( 'NONE', *, *, #4558, .F. ) ;
#3752 = CARTESIAN_POINT ( 'NONE',  ( -51.84063968968351332, 3.000000000000000000, 9.753362731230158289 ) ) ;
#3753 = CARTESIAN_POINT ( 'NONE',  ( 23.17778954518533041, 0.000000000000000000, -25.55464873167107243 ) ) ;
#3754 = VERTEX_POINT ( 'NONE', #4921 ) ;
#3755 = CARTESIAN_POINT ( 'NONE',  ( 59.04316248994994254, 0.000000000000000000, 0.3939601283460208436 ) ) ;
#3756 = EDGE_CURVE ( 'NONE', #764, #2203, #349, .T. ) ;
#3757 = CARTESIAN_POINT ( 'NONE',  ( -19.80607089364104922, 3.000000000000000000, 2.861000000000001542 ) ) ;
#3758 = ORIENTED_EDGE ( 'NONE', *, *, #1005, .F. ) ;
#3759 = EDGE_CURVE ( 'NONE', #5134, #2001, #1344, .T. ) ;
#3760 = CARTESIAN_POINT ( 'NONE',  ( -66.16332437088969698, 3.000000000000000000, -77.74163664067302193 ) ) ;
#3761 = CYLINDRICAL_SURFACE ( 'NONE', #648, 1.000000000000000888 ) ;
#3762 = CARTESIAN_POINT ( 'NONE',  ( 9.474659920321592210, 3.000000000000000000, -16.86613297661952870 ) ) ;
#3763 = AXIS2_PLACEMENT_3D ( 'NONE', #1179, #4511, #831 ) ;
#3764 = CARTESIAN_POINT ( 'NONE',  ( -64.07920680320381734, 0.000000000000000000, -37.15437694591127382 ) ) ;
#3765 = EDGE_CURVE ( 'NONE', #2158, #19, #4543, .T. ) ;
#3766 = CARTESIAN_POINT ( 'NONE',  ( -19.05613964030383300, 3.000000000000000000, 17.00712899999999905 ) ) ;
#3767 = ORIENTED_EDGE ( 'NONE', *, *, #2895, .F. ) ;
#3768 = CARTESIAN_POINT ( 'NONE',  ( -54.20032901009870585, 0.000000000000000000, 15.00778510851577785 ) ) ;
#3769 = EDGE_LOOP ( 'NONE', ( #2221, #466, #3709, #3660 ) ) ;
#3770 = CARTESIAN_POINT ( 'NONE',  ( 51.61899086186532060, 3.000000000000000000, 29.95002930523141771 ) ) ;
#3771 = CARTESIAN_POINT ( 'NONE',  ( 39.20524147792314551, 3.000000000000000000, 48.10923363656451812 ) ) ;
#3772 = VECTOR ( 'NONE', #1495, 1000.000000000000000 ) ;
#3773 = CARTESIAN_POINT ( 'NONE',  ( 4.748878830294631648, 3.000000000000000000, 33.57505918848508486 ) ) ;
#3774 = CARTESIAN_POINT ( 'NONE',  ( 48.88402445963241405, 1.694065894508600678E-18, 16.02714992246135495 ) ) ;
#3775 = ORIENTED_EDGE ( 'NONE', *, *, #425, .T. ) ;
#3776 = ORIENTED_EDGE ( 'NONE', *, *, #5154, .F. ) ;
#3777 = AXIS2_PLACEMENT_3D ( 'NONE', #3564, #3968, #2316 ) ;
#3778 = EDGE_CURVE ( 'NONE', #3608, #2158, #2482, .T. ) ;
#3779 = CARTESIAN_POINT ( 'NONE',  ( 19.63757380277243314, 3.000000000000000000, 16.50712899999999905 ) ) ;
#3780 = CARTESIAN_POINT ( 'NONE',  ( 56.18631606666772882, 3.000000000000000000, 47.58530814514181628 ) ) ;
#3781 = CARTESIAN_POINT ( 'NONE',  ( -22.68784819354412718, 3.000000000000000000, 49.82691168489510147 ) ) ;
#3782 = ORIENTED_EDGE ( 'NONE', *, *, #3840, .T. ) ;
#3783 = FACE_OUTER_BOUND ( 'NONE', #5188, .T. ) ;
#3784 = ORIENTED_EDGE ( 'NONE', *, *, #2553, .F. ) ;
#3785 = B_SPLINE_CURVE_WITH_KNOTS ( 'NONE', 3,
 ( #3670, #3647, #4099, #328, #1501, #3597 ),
 .UNSPECIFIED., .F., .F.,
 ( 4, 1, 1, 4 ),
 ( 0.05740497286213438327, 0.2393458539633893101, 0.4927642171075661270, 1.000000000000000000 ),
 .UNSPECIFIED. ) ;
#3786 = CARTESIAN_POINT ( 'NONE',  ( -42.40291812605343580, 0.000000000000000000, 48.45896081904871977 ) ) ;
#3787 = CARTESIAN_POINT ( 'NONE',  ( 47.15170058059664626, 3.000000000000000000, 7.316916945351454871 ) ) ;
#3788 = SURFACE_STYLE_USAGE ( .BOTH. , #777 ) ;
#3789 = CARTESIAN_POINT ( 'NONE',  ( -14.56037363678291285, 3.000000000000000000, 17.50712899999999905 ) ) ;
#3790 = AXIS2_PLACEMENT_3D ( 'NONE', #753, #3254, #2444 ) ;
#3791 = CARTESIAN_POINT ( 'NONE',  ( -33.28056651226683016, 3.000000000000000000, -38.20085852498843337 ) ) ;
#3792 = CARTESIAN_POINT ( 'NONE',  ( -50.78777952006335283, 3.000000000000000000, 39.56614224820167180 ) ) ;
#3793 = ORIENTED_EDGE ( 'NONE', *, *, #2338, .F. ) ;
#3794 = CARTESIAN_POINT ( 'NONE',  ( 16.31038336920622100, 0.000000000000000000, 45.98956754242480827 ) ) ;
#3795 = ORIENTED_EDGE ( 'NONE', *, *, #4681, .T. ) ;
#3796 = CARTESIAN_POINT ( 'NONE',  ( -14.48133997294732644, 0.000000000000000000, -14.61297399999998525 ) ) ;
#3797 = CARTESIAN_POINT ( 'NONE',  ( -4.780370999999997039, 0.000000000000000000, 33.60814899999999739 ) ) ;
#3798 = EDGE_CURVE ( 'NONE', #218, #3432, #4339, .T. ) ;
#3799 = CARTESIAN_POINT ( 'NONE',  ( -57.52873128446579898, 0.000000000000000000, -71.38674136512977952 ) ) ;
#3800 = CARTESIAN_POINT ( 'NONE',  ( -4.024501119728221887, 0.000000000000000000, 34.26446250471916954 ) ) ;
#3801 = ORIENTED_EDGE ( 'NONE', *, *, #643, .F. ) ;
#3802 =( LENGTH_UNIT ( ) NAMED_UNIT ( * ) SI_UNIT ( .MILLI., .METRE. ) );
#3803 = AXIS2_PLACEMENT_3D ( 'NONE', #1517, #4864, #5256 ) ;
#3804 = ORIENTED_EDGE ( 'NONE', *, *, #184, .F. ) ;
#3805 = CARTESIAN_POINT ( 'NONE',  ( 48.12931955041965892, 3.000000000000000000, 47.69028253737588585 ) ) ;
#3806 = CARTESIAN_POINT ( 'NONE',  ( 58.02885117147218352, 3.000000000000000000, 34.01454673380372640 ) ) ;
#3807 = AXIS2_PLACEMENT_3D ( 'NONE', #1324, #4301, #3011 ) ;
#3808 = CARTESIAN_POINT ( 'NONE',  ( -35.72822307076612702, -1.694065894508600678E-18, -40.53733558045187380 ) ) ;
#3809 = VERTEX_POINT ( 'NONE', #5082 ) ;
#3810 = LINE ( 'NONE', #36, #4957 ) ;
#3811 = ORIENTED_EDGE ( 'NONE', *, *, #2757, .F. ) ;
#3812 = AXIS2_PLACEMENT_3D ( 'NONE', #747, #1545, #4502 ) ;
#3813 = CARTESIAN_POINT ( 'NONE',  ( -19.30615467776879512, 3.000000000000000000, 3.351847016444543303 ) ) ;
#3814 = CARTESIAN_POINT ( 'NONE',  ( 52.50605514512982808, 3.000000000000000000, 0.1823456245236336759 ) ) ;
#3815 = CARTESIAN_POINT ( 'NONE',  ( -14.56037363678291285, 3.000000000000000000, 17.50712899999999905 ) ) ;
#3816 = CARTESIAN_POINT ( 'NONE',  ( -49.69949039038171890, 1.694065894508600678E-18, 43.77952958813786211 ) ) ;
#3817 = VECTOR ( 'NONE', #1266, 1000.000000000000000 ) ;
#3818 = CARTESIAN_POINT ( 'NONE',  ( -23.17778954518533396, 3.000000000000000000, -25.55464873167107598 ) ) ;
#3819 = CARTESIAN_POINT ( 'NONE',  ( 11.24952735848741447, 3.000000000000000000, 33.04450610827865376 ) ) ;
#3820 = CARTESIAN_POINT ( 'NONE',  ( -50.61474012157911773, 0.000000000000000000, 40.41865233515631672 ) ) ;
#3821 = ORIENTED_EDGE ( 'NONE', *, *, #2948, .T. ) ;
#3822 = CARTESIAN_POINT ( 'NONE',  ( -37.09152615237826467, -4.336808689942017736E-16, 47.75623163360876333 ) ) ;
#3823 = ORIENTED_EDGE ( 'NONE', *, *, #422, .F. ) ;
#3824 = LINE ( 'NONE', #2271, #188 ) ;
#3825 = EDGE_CURVE ( 'NONE', #2449, #1112, #4429, .T. ) ;
#3826 = DIRECTION ( 'NONE',  ( -0.000000000000000000, -1.000000000000000000, -0.000000000000000000 ) ) ;
#3827 = CARTESIAN_POINT ( 'NONE',  ( 41.50216093040443610, 3.000000000000000000, -57.29599531449121486 ) ) ;
#3828 = CARTESIAN_POINT ( 'NONE',  ( 49.96147903824127212, 1.694065894508600678E-18, 42.94775139102330996 ) ) ;
#3829 = ORIENTED_EDGE ( 'NONE', *, *, #4963, .T. ) ;
#3830 = B_SPLINE_CURVE_WITH_KNOTS ( 'NONE', 3,
 ( #3797, #150, #3388, #1713, #1833, #3067, #117, #4770, #4206, #438, #2147, #4260, #492, #3856, #2354, #1889, #1109, #997, #4027, #3573, #1448, #257, #235, #3186, #3544 ),
 .UNSPECIFIED., .F., .F.,
 ( 4, 1, 1, 1, 1, 1, 1, 1, 1, 1, 1, 1, 1, 1, 1, 1, 1, 1, 1, 1, 1, 1, 4 ),
 ( 0.000000000000000000, 0.06920947775898932119, 0.1465216444120995276, 0.1831354800254727799, 0.2159025693415151381, 0.2429578026553484427, 0.2538023914587506646, 0.2625878507571603460, 0.3049044877112426222, 0.3485283135868111892, 0.3933479699685360487, 0.4392177628686812496, 0.4859664502440775302, 0.5334042573342233640, 0.5813283477132034083, 0.6295276555681328379, 0.6777869103086732183, 0.7258904331750865024, 0.7736260684193759785, 0.8207888899144244466, 0.8671859340035965591, 0.9126413343934896005, 1.000000000000000000 ),
 .UNSPECIFIED. ) ;
#3831 = ORIENTED_EDGE ( 'NONE', *, *, #4084, .F. ) ;
#3832 = DIRECTION ( 'NONE',  ( -1.387778780781444413E-14, 0.000000000000000000, 1.000000000000000000 ) ) ;
#3833 = DIRECTION ( 'NONE',  ( -0.000000000000000000, -1.000000000000000000, -0.000000000000000000 ) ) ;
#3834 = CARTESIAN_POINT ( 'NONE',  ( 25.04646925433932125, 3.000000000000000000, 50.90397181029609897 ) ) ;
#3835 = CARTESIAN_POINT ( 'NONE',  ( 53.47598139266078476, 3.000000000000000000, 53.82176670587931255 ) ) ;
#3836 = CARTESIAN_POINT ( 'NONE',  ( -47.15170058059664626, 3.000000000000000888, 7.316916945351454871 ) ) ;
#3837 = EDGE_LOOP ( 'NONE', ( #724, #1428, #5397, #4914 ) ) ;
#3838 = CARTESIAN_POINT ( 'NONE',  ( -47.15170058059664626, 3.000000000000000000, 7.316916945351454871 ) ) ;
#3839 = ORIENTED_EDGE ( 'NONE', *, *, #1622, .T. ) ;
#3840 = EDGE_CURVE ( 'NONE', #268, #3466, #123, .T. ) ;
#3841 = CARTESIAN_POINT ( 'NONE',  ( 73.47345917354013523, 0.000000000000000000, -65.66879731386144670 ) ) ;
#3842 = CARTESIAN_POINT ( 'NONE',  ( 21.61899999999999267, 3.000000000000000000, 2.611000000000001542 ) ) ;
#3843 = LINE ( 'NONE', #2643, #5025 ) ;
#3844 = CARTESIAN_POINT ( 'NONE',  ( 14.32069766670227295, 0.000000000000000000, -15.82646043718288809 ) ) ;
#3845 = CARTESIAN_POINT ( 'NONE',  ( -75.15097199383085069, 3.000000000000000000, -51.17767105170879915 ) ) ;
#3846 = DIRECTION ( 'NONE',  ( -0.000000000000000000, -1.000000000000000000, -0.000000000000000000 ) ) ;
#3847 = AXIS2_PLACEMENT_3D ( 'NONE', #2155, #59, #1753 ) ;
#3848 = CARTESIAN_POINT ( 'NONE',  ( 14.07881148698490570, 3.000000000000000000, 44.13726295849840398 ) ) ;
#3849 = CARTESIAN_POINT ( 'NONE',  ( -51.40113027495674203, 3.000000000000000000, 24.59094182726887823 ) ) ;
#3850 = VERTEX_POINT ( 'NONE', #1697 ) ;
#3851 = CARTESIAN_POINT ( 'NONE',  ( -27.92268347685851637, -4.336808689942017736E-16, 45.01560170785818826 ) ) ;
#3852 = CARTESIAN_POINT ( 'NONE',  ( 72.10810993820923898, 0.000000000000000000, -26.31875752400589263 ) ) ;
#3853 = VECTOR ( 'NONE', #2176, 1000.000000000000000 ) ;
#3854 = EDGE_LOOP ( 'NONE', ( #4576, #4702, #699, #4711 ) ) ;
#3855 = FACE_OUTER_BOUND ( 'NONE', #1951, .T. ) ;
#3856 = CARTESIAN_POINT ( 'NONE',  ( -25.04646925433932125, 0.000000000000000000, 50.90397181029609897 ) ) ;
#3857 = CARTESIAN_POINT ( 'NONE',  ( 9.539365100223299976, 0.000000000000000000, 20.19197432102125234 ) ) ;
#3858 = CARTESIAN_POINT ( 'NONE',  ( 50.41924872886040987, 1.694065894508600678E-18, 41.26677915993418821 ) ) ;
#3859 = ORIENTED_EDGE ( 'NONE', *, *, #464, .T. ) ;
#3860 = EDGE_CURVE ( 'NONE', #1268, #4807, #2935, .T. ) ;
#3861 = ORIENTED_EDGE ( 'NONE', *, *, #230, .T. ) ;
#3862 = LINE ( 'NONE', #469, #5361 ) ;
#3863 = CARTESIAN_POINT ( 'NONE',  ( -4.780370999999997039, 3.000000000000000000, 33.60814899999999739 ) ) ;
#3864 = DIRECTION ( 'NONE',  ( 0.000000000000000000, 1.000000000000000000, 0.000000000000000000 ) ) ;
#3865 = CARTESIAN_POINT ( 'NONE',  ( -11.35743694670103032, 3.000000000000000000, 41.26634692105835001 ) ) ;
#3866 = VERTEX_POINT ( 'NONE', #2578 ) ;
#3867 = CIRCLE ( 'NONE', #1597, 0.5000000000000000000 ) ;
#3868 = ORIENTED_EDGE ( 'NONE', *, *, #2270, .T. ) ;
#3869 = CARTESIAN_POINT ( 'NONE',  ( -74.30640603525708343, 3.000000000000000000, -36.62170244513047379 ) ) ;
#3870 = EDGE_CURVE ( 'NONE', #5372, #3915, #3375, .T. ) ;
#3871 = CARTESIAN_POINT ( 'NONE',  ( 75.15097199383085069, 0.000000000000000000, -51.17767105170879915 ) ) ;
#3872 = CARTESIAN_POINT ( 'NONE',  ( -43.47364176644354217, 0.000000000000000000, 48.52725241447157600 ) ) ;
#3873 = CARTESIAN_POINT ( 'NONE',  ( 47.65347645414518496, 3.000000000000000000, -50.44294925997562729 ) ) ;
#3874 = LINE ( 'NONE', #480, #2335 ) ;
#3875 = CARTESIAN_POINT ( 'NONE',  ( -72.10810993820923898, 0.000000000000000000, -26.31875752400589263 ) ) ;
#3876 = CARTESIAN_POINT ( 'NONE',  ( -40.26812265805829583, 3.000000000000000000, 48.24986187560627116 ) ) ;
#3877 = CARTESIAN_POINT ( 'NONE',  ( -58.71861801067646525, 3.000000000000000000, -57.83574191295417677 ) ) ;
#3878 = CARTESIAN_POINT ( 'NONE',  ( -51.64832527752160019, 0.000000000000000000, 27.97463842938604728 ) ) ;
#3879 = AXIS2_PLACEMENT_3D ( 'NONE', #1357, #3158, #1058 ) ;
#3880 = EDGE_LOOP ( 'NONE', ( #3654, #2425, #1347, #4062 ) ) ;
#3881 = CARTESIAN_POINT ( 'NONE',  ( -54.20032901009870585, 1.694065894508600678E-18, 15.00778510851577785 ) ) ;
#3882 = CARTESIAN_POINT ( 'NONE',  ( 72.83873756801051513, 3.000000000000000000, -68.52445798008615441 ) ) ;
#3883 = ORIENTED_EDGE ( 'NONE', *, *, #2620, .T. ) ;
#3884 = CARTESIAN_POINT ( 'NONE',  ( 56.46615775767583756, 1.694065894508600678E-18, 22.24453399322362301 ) ) ;
#3885 = EDGE_CURVE ( 'NONE', #299, #5333, #217, .T. ) ;
#3886 = PLANE ( 'NONE',  #774 ) ;
#3887 = FACE_OUTER_BOUND ( 'NONE', #1115, .T. ) ;
#3888 = CARTESIAN_POINT ( 'NONE',  ( 27.63585988197559118, 3.000000000000000000, -41.92596029648237987 ) ) ;
#3889 = DIRECTION ( 'NONE',  ( -0.2588191740101298266, -0.000000000000000000, -0.9659257917483694555 ) ) ;
#3890 = CARTESIAN_POINT ( 'NONE',  ( 49.50769610875728688, 1.694065894508600678E-18, 17.62982941057849118 ) ) ;
#3891 = VERTEX_POINT ( 'NONE', #4690 ) ;
#3892 = ORIENTED_EDGE ( 'NONE', *, *, #887, .F. ) ;
#3893 = CARTESIAN_POINT ( 'NONE',  ( 19.13757380277243314, 0.000000000000000000, 17.00712899999999905 ) ) ;
#3894 = CARTESIAN_POINT ( 'NONE',  ( 0.000000000000000000, 0.000000000000000000, 0.000000000000000000 ) ) ;
#3895 = CARTESIAN_POINT ( 'NONE',  ( 15.90450226889967844, 0.000000000000000000, 37.64222744140194976 ) ) ;
#3896 = VECTOR ( 'NONE', #1905, 1000.000000000000000 ) ;
#3897 = ORIENTED_EDGE ( 'NONE', *, *, #1788, .F. ) ;
#3898 = CARTESIAN_POINT ( 'NONE',  ( 0.000000000000000000, 3.000000000000000000, 0.000000000000000000 ) ) ;
#3899 = ORIENTED_EDGE ( 'NONE', *, *, #399, .T. ) ;
#3900 = CARTESIAN_POINT ( 'NONE',  ( -67.48026777112259822, 3.000000000000000000, -13.78243298595314137 ) ) ;
#3901 = AXIS2_PLACEMENT_3D ( 'NONE', #3250, #4117, #1575 ) ;
#3902 = EDGE_CURVE ( 'NONE', #2213, #2203, #3699, .T. ) ;
#3903 = COLOUR_RGB ( '',0.8588235294117646523, 0.8588235294117646523, 0.8588235294117646523 ) ;
#3904 = LINE ( 'NONE', #916, #965 ) ;
#3905 = CARTESIAN_POINT ( 'NONE',  ( -15.90450226889967844, 0.000000000000000000, 37.64222744140194976 ) ) ;
#3906 = CARTESIAN_POINT ( 'NONE',  ( 62.47673719965337114, 0.000000000000000000, -22.81473369730188949 ) ) ;
#3907 = CARTESIAN_POINT ( 'NONE',  ( 57.52873128446579898, 0.000000000000000000, -71.38674136512977952 ) ) ;
#3908 = CARTESIAN_POINT ( 'NONE',  ( -70.61076606662614097, 0.000000000000000000, -21.45453730634901390 ) ) ;
#3909 = VECTOR ( 'NONE', #919, 1000.000000000000000 ) ;
#3910 = CARTESIAN_POINT ( 'NONE',  ( 59.70593670510816509, 0.000000000000000000, -13.51475326089808426 ) ) ;
#3911 = EDGE_CURVE ( 'NONE', #1829, #4087, #4220, .T. ) ;
#3912 = CARTESIAN_POINT ( 'NONE',  ( -38.14617242316049328, 3.000000000000000000, 47.94465861678471441 ) ) ;
#3913 = CARTESIAN_POINT ( 'NONE',  ( 18.30034746835531578, 3.000000000000000000, 47.36787755499586439 ) ) ;
#3914 = CARTESIAN_POINT ( 'NONE',  ( -51.58253876246494229, 3.000000000000000000, 26.30335974505374708 ) ) ;
#3915 = VERTEX_POINT ( 'NONE', #3529 ) ;
#3916 = CARTESIAN_POINT ( 'NONE',  ( -46.60479208711303301, -4.336808689942017736E-16, 48.58604334559871774 ) ) ;
#3917 = CARTESIAN_POINT ( 'NONE',  ( 75.15097199383085069, 0.000000000000000000, -51.17767105170879915 ) ) ;
#3918 = VERTEX_POINT ( 'NONE', #2365 ) ;
#3919 = AXIS2_PLACEMENT_3D ( 'NONE', #4218, #822, #2990 ) ;
#3920 = ADVANCED_FACE ( 'NONE', ( #4450 ), #272, .F. ) ;
#3921 = CARTESIAN_POINT ( 'NONE',  ( 14.73464199026328458, 3.000000000000000000, 36.61033438734273204 ) ) ;
#3922 = CARTESIAN_POINT ( 'NONE',  ( -19.11668038346149956, 3.000000000000000000, -13.61297399999998348 ) ) ;
#3923 = CARTESIAN_POINT ( 'NONE',  ( -8.286770428151053025, 3.000000000000000000, -14.48356420199256434 ) ) ;
#3924 = CARTESIAN_POINT ( 'NONE',  ( -63.89616829180445734, 0.000000000000000000, -6.843248154517834081 ) ) ;
#3925 = VERTEX_POINT ( 'NONE', #4398 ) ;
#3926 = DIRECTION ( 'NONE',  ( -0.9659258422534238164, 0.000000000000000000, -0.2588189855227273073 ) ) ;
#3927 = CARTESIAN_POINT ( 'NONE',  ( -21.97600000000000264, 3.000000000000000000, 2.611000000000001098 ) ) ;
#3928 = CARTESIAN_POINT ( 'NONE',  ( 0.000000000000000000, 0.000000000000000000, -14.11297399999999058 ) ) ;
#3929 = ORIENTED_EDGE ( 'NONE', *, *, #4498, .T. ) ;
#3930 = VERTEX_POINT ( 'NONE', #4039 ) ;
#3931 = DIRECTION ( 'NONE',  ( -1.000000000000000000, 0.000000000000000000, -0.000000000000000000 ) ) ;
#3932 = EDGE_CURVE ( 'NONE', #559, #343, #2324, .T. ) ;
#3933 = CARTESIAN_POINT ( 'NONE',  ( 20.13757380277242959, 0.000000000000000000, 3.361000000000001098 ) ) ;
#3934 = LINE ( 'NONE', #3084, #1088 ) ;
#3935 = EDGE_CURVE ( 'NONE', #1479, #2876, #4869, .T. ) ;
#3936 = DIRECTION ( 'NONE',  ( 0.000000000000000000, 0.000000000000000000, 1.000000000000000000 ) ) ;
#3937 = CARTESIAN_POINT ( 'NONE',  ( 52.02639311151101964, 0.000000000000000000, 8.627437679690226346 ) ) ;
#3938 = CARTESIAN_POINT ( 'NONE',  ( 72.10810993820923898, 0.000000000000000000, -26.31875752400589263 ) ) ;
#3939 = EDGE_CURVE ( 'NONE', #5332, #3866, #5287, .T. ) ;
#3940 = EDGE_CURVE ( 'NONE', #2597, #624, #2311, .T. ) ;
#3941 = FACE_OUTER_BOUND ( 'NONE', #4236, .T. ) ;
#3942 = DIRECTION ( 'NONE',  ( -0.000000000000000000, -1.000000000000000000, -0.000000000000000000 ) ) ;
#3943 = CARTESIAN_POINT ( 'NONE',  ( 51.36870917564574768, -1.734723475976807094E-15, 34.25606481865698072 ) ) ;
#3944 = CARTESIAN_POINT ( 'NONE',  ( -47.97038724757351957, 3.000000000000000000, 48.01432368930916539 ) ) ;
#3945 = ORIENTED_EDGE ( 'NONE', *, *, #1199, .F. ) ;
#3946 = CARTESIAN_POINT ( 'NONE',  ( -34.99792729933509605, 3.000000000000000444, 47.30815342917009048 ) ) ;
#3947 = CARTESIAN_POINT ( 'NONE',  ( 69.50758746322182446, 0.000000000000000000, -18.46388140482782703 ) ) ;
#3948 = VERTEX_POINT ( 'NONE', #3557 ) ;
#3949 = AXIS2_PLACEMENT_3D ( 'NONE', #417, #1270, #1190 ) ;
#3950 = EDGE_CURVE ( 'NONE', #3915, #5381, #192, .T. ) ;
#3951 = CARTESIAN_POINT ( 'NONE',  ( 38.23608357104376410, 0.000000000000000000, -42.81546693887787569 ) ) ;
#3952 = LINE ( 'NONE', #179, #2634 ) ;
#3953 = DIRECTION ( 'NONE',  ( 0.000000000000000000, 0.000000000000000000, -1.000000000000000000 ) ) ;
#3954 = CARTESIAN_POINT ( 'NONE',  ( -52.02639311151100543, 0.000000000000000000, 8.627437679690247663 ) ) ;
#3955 = ORIENTED_EDGE ( 'NONE', *, *, #1565, .T. ) ;
#3956 = B_SPLINE_SURFACE_WITH_KNOTS ( 'NONE', 3, 1, ( 
 ( #2987, #3369 ),
 ( #3835, #973 ),
 ( #4749, #4648 ),
 ( #2098, #2128 ),
 ( #3780, #1690 ),
 ( #2187, #5042 ),
 ( #2957, #2637 ),
 ( #5142, #4214 ),
 ( #1365, #4683 ),
 ( #3806, #4240 ),
 ( #472, #60 ),
 ( #3430, #3461 ),
 ( #3048, #5106 ),
 ( #1326, #4269 ),
 ( #3013, #2602 ),
 ( #4715, #31 ),
 ( #3045, #4621 ),
 ( #4679, #1323 ),
 ( #1295, #497 ),
 ( #1269, #2508 ) ),
 .UNSPECIFIED., .F., .F., .F.,
 ( 4, 1, 1, 1, 1, 1, 1, 1, 1, 1, 1, 1, 1, 1, 1, 1, 1, 4 ),
 ( 2, 2 ),
 ( 0.000000000000000000, 0.05394712801074350722, 0.1078116935124601855, 0.1617479887758064561, 0.2158501314831371976, 0.2701579154727004051, 0.3246630592581971064, 0.3793154854655140795, 0.4340294972618318758, 0.5431199617965655202, 0.5972269168538686390, 0.6507980596968709897, 0.7035382084927561674, 0.7555556781335446281, 0.8063317373373791730, 0.8557563589963054218, 0.9286614918859018575, 0.9852771438193279607 ),
 ( 0.000000000000000000, 1.000000000000000000 ),
 .UNSPECIFIED. ) ;
#3957 = DIRECTION ( 'NONE',  ( 0.000000000000000000, 1.000000000000000000, 0.000000000000000000 ) ) ;
#3958 = CARTESIAN_POINT ( 'NONE',  ( 45.60122540087225218, 3.000000000000000000, 55.26084292898465122 ) ) ;
#3959 = FACE_OUTER_BOUND ( 'NONE', #2831, .T. ) ;
#3960 = ORIENTED_EDGE ( 'NONE', *, *, #2823, .F. ) ;
#3961 = ORIENTED_EDGE ( 'NONE', *, *, #4159, .F. ) ;
#3962 = VECTOR ( 'NONE', #705, 1000.000000000000000 ) ;
#3963 = ADVANCED_FACE ( 'NONE', ( #2728 ), #1460, .F. ) ;
#3964 = DIRECTION ( 'NONE',  ( -0.000000000000000000, -1.000000000000000000, -0.000000000000000000 ) ) ;
#3965 = CARTESIAN_POINT ( 'NONE',  ( -53.03508199999999562, 0.000000000000000000, 54.55017699999999081 ) ) ;
#3966 = CARTESIAN_POINT ( 'NONE',  ( 14.56217954816039395, 0.000000000000000000, 18.84611452751872562 ) ) ;
#3967 = CARTESIAN_POINT ( 'NONE',  ( 58.71861801067645814, -1.694065894508600678E-18, -57.83574191295416966 ) ) ;
#3968 = DIRECTION ( 'NONE',  ( 0.000000000000000000, 1.000000000000000000, 0.000000000000000000 ) ) ;
#3969 = VECTOR ( 'NONE', #3203, 1000.000000000000000 ) ;
#3970 = CARTESIAN_POINT ( 'NONE',  ( 51.06597170569261124, 3.000000000000000000, 37.85012381048742469 ) ) ;
#3971 = CARTESIAN_POINT ( 'NONE',  ( -26.08828623510041567, 0.000000000000000000, -39.96441669746243264 ) ) ;
#3972 = CARTESIAN_POINT ( 'NONE',  ( -20.94001384332798210, 3.000000000000000444, 41.36474856949019596 ) ) ;
#3973 = CARTESIAN_POINT ( 'NONE',  ( 75.03960419855475550, 3.000000000000000000, -43.39444461246201712 ) ) ;
#3974 = VERTEX_POINT ( 'NONE', #222 ) ;
#3975 = CARTESIAN_POINT ( 'NONE',  ( 45.33045749271477831, 3.000000000000000000, -48.68501421704478815 ) ) ;
#3976 = CARTESIAN_POINT ( 'NONE',  ( -19.62591869919314647, 0.000000000000000000, -14.11297399999998525 ) ) ;
#3977 = DIRECTION ( 'NONE',  ( -0.000000000000000000, -1.000000000000000000, -0.000000000000000000 ) ) ;
#3978 = CARTESIAN_POINT ( 'NONE',  ( -47.07256356971269184, 3.000000000000000000, 47.57396855595374774 ) ) ;
#3979 = LINE ( 'NONE', #3190, #2274 ) ;
#3980 = ORIENTED_EDGE ( 'NONE', *, *, #3219, .F. ) ;
#3981 = EDGE_CURVE ( 'NONE', #2003, #2981, #2702, .T. ) ;
#3982 = CARTESIAN_POINT ( 'NONE',  ( -48.03801116521336922, 3.000000000000000000, 13.95946021185305952 ) ) ;
#3983 = VECTOR ( 'NONE', #4910, 1000.000000000000000 ) ;
#3984 = DIRECTION ( 'NONE',  ( 0.000000000000000000, 0.000000000000000000, 1.000000000000000000 ) ) ;
#3985 = CARTESIAN_POINT ( 'NONE',  ( 20.13757380277242959, 3.000000000000000000, -3.089000000000001300 ) ) ;
#3986 = ORIENTED_EDGE ( 'NONE', *, *, #3351, .T. ) ;
#3987 = ORIENTED_EDGE ( 'NONE', *, *, #3587, .T. ) ;
#3988 = CARTESIAN_POINT ( 'NONE',  ( -57.63713850004248229, 3.000000000000000000, 2.231479422910178201 ) ) ;
#3989 = VECTOR ( 'NONE', #1198, 1000.000000000000000 ) ;
#3990 = DIRECTION ( 'NONE',  ( 0.000000000000000000, 0.000000000000000000, -1.000000000000000000 ) ) ;
#3991 = CARTESIAN_POINT ( 'NONE',  ( -22.51290100000000649, 3.000000000000000000, -35.21333000000000624 ) ) ;
#3992 = CARTESIAN_POINT ( 'NONE',  ( -19.05613964030383300, 3.000000000000000000, 17.00712899999999905 ) ) ;
#3993 = VECTOR ( 'NONE', #4873, 1000.000000000000000 ) ;
#3994 = CIRCLE ( 'NONE', #1975, 1.000000000000000888 ) ;
#3995 = CARTESIAN_POINT ( 'NONE',  ( 16.98879675422452706, 0.000000000000000000, -28.87266501110782713 ) ) ;
#3996 = CARTESIAN_POINT ( 'NONE',  ( 50.78777952006335283, -1.734723475976807094E-15, 39.56614224820167180 ) ) ;
#3997 = CARTESIAN_POINT ( 'NONE',  ( -49.11001889993010394, 0.000000000000000000, 45.42302506770478487 ) ) ;
#3998 = B_SPLINE_SURFACE_WITH_KNOTS ( 'NONE', 3, 1, ( 
 ( #2345, #4019 ),
 ( #684, #3087 ),
 ( #166, #4345 ),
 ( #3532, #1045 ) ),
 .UNSPECIFIED., .F., .F., .F.,
 ( 4, 4 ),
 ( 2, 2 ),
 ( 0.07900577818559964549, 1.000000000000000000 ),
 ( 0.000000000000000000, 1.000000000000000000 ),
 .UNSPECIFIED. ) ;
#3999 = CARTESIAN_POINT ( 'NONE',  ( 46.60479208711303301, 3.000000000000000000, 48.58604334559872484 ) ) ;
#4000 = CARTESIAN_POINT ( 'NONE',  ( -19.92416417019081010, 0.000000000000000000, -3.089000000000004853 ) ) ;
#4001 = VECTOR ( 'NONE', #1308, 1000.000000000000000 ) ;
#4002 = CARTESIAN_POINT ( 'NONE',  ( -49.99085389146456748, 1.694065894508600678E-18, 18.97724626924816960 ) ) ;
#4003 = CARTESIAN_POINT ( 'NONE',  ( 38.23608357104376410, 3.000000000000000000, -42.81546693887787569 ) ) ;
#4004 = CARTESIAN_POINT ( 'NONE',  ( 67.48026777112259822, 3.000000000000000000, -13.78243298595314137 ) ) ;
#4005 = CARTESIAN_POINT ( 'NONE',  ( 9.474660306720766201, 0.000000000000000000, 20.20049287308416197 ) ) ;
#4006 = CARTESIAN_POINT ( 'NONE',  ( 19.63757380277243314, 0.000000000000000000, 3.361000000000001098 ) ) ;
#4007 = CARTESIAN_POINT ( 'NONE',  ( 19.13757380277242603, 0.000000000000000000, -13.61297399999998881 ) ) ;
#4008 = EDGE_CURVE ( 'NONE', #2872, #1379, #2669, .T. ) ;
#4009 = ORIENTED_EDGE ( 'NONE', *, *, #1502, .T. ) ;
#4010 = DIRECTION ( 'NONE',  ( 0.000000000000000000, 1.000000000000000000, 0.000000000000000000 ) ) ;
#4011 = EDGE_CURVE ( 'NONE', #2090, #537, #5221, .T. ) ;
#4012 = CARTESIAN_POINT ( 'NONE',  ( -49.96147903824127212, 3.000000000000000000, 42.94775139102330996 ) ) ;
#4013 = DIRECTION ( 'NONE',  ( 0.000000000000000000, 0.000000000000000000, 1.000000000000000000 ) ) ;
#4014 = ORIENTED_EDGE ( 'NONE', *, *, #3698, .F. ) ;
#4015 = ORIENTED_EDGE ( 'NONE', *, *, #1515, .F. ) ;
#4016 = CARTESIAN_POINT ( 'NONE',  ( 11.24952735848741447, 0.000000000000000000, 33.04450610827865376 ) ) ;
#4017 = CARTESIAN_POINT ( 'NONE',  ( 0.000000000000000000, 3.000000000000000000, 0.000000000000000000 ) ) ;
#4018 = DIRECTION ( 'NONE',  ( 0.000000000000000000, 0.000000000000000000, 1.000000000000000000 ) ) ;
#4019 = CARTESIAN_POINT ( 'NONE',  ( 22.39453450200643303, -4.336808689942017736E-16, -26.17634925228757581 ) ) ;
#4020 = DIRECTION ( 'NONE',  ( 0.000000000000000000, 1.000000000000000000, 0.000000000000000000 ) ) ;
#4021 = CARTESIAN_POINT ( 'NONE',  ( 50.34286287370224500, -1.734723475976807094E-15, 20.05440397528275653 ) ) ;
#4022 = EDGE_CURVE ( 'NONE', #2213, #562, #3934, .T. ) ;
#4023 = CARTESIAN_POINT ( 'NONE',  ( -31.82452032347588755, 3.000000000000000000, -46.95821028762578919 ) ) ;
#4024 = CARTESIAN_POINT ( 'NONE',  ( -11.24952735848692420, 3.000000000000000000, 33.04450610827812795 ) ) ;
#4025 = CARTESIAN_POINT ( 'NONE',  ( 52.02639311143607159, 3.000000000000000000, 8.627437679767410827 ) ) ;
#4026 = CARTESIAN_POINT ( 'NONE',  ( 19.19248349561289757, 2.999999999999999556, -30.51841738412841565 ) ) ;
#4027 = CARTESIAN_POINT ( 'NONE',  ( -37.80084476696531937, 0.000000000000000000, 54.58296151726742806 ) ) ;
#4028 = DIRECTION ( 'NONE',  ( -0.000000000000000000, -1.000000000000000000, -0.000000000000000000 ) ) ;
#4029 = CYLINDRICAL_SURFACE ( 'NONE', #3120, 0.5000000000000000000 ) ;
#4030 = VERTEX_POINT ( 'NONE', #4425 ) ;
#4031 = CARTESIAN_POINT ( 'NONE',  ( -49.41562059525696071, 3.000000000000000000, 44.60480494782673588 ) ) ;
#4032 = VECTOR ( 'NONE', #1, 1000.000000000000000 ) ;
#4033 = DIRECTION ( 'NONE',  ( 0.000000000000000000, 1.000000000000000000, 0.000000000000000000 ) ) ;
#4034 = EDGE_CURVE ( 'NONE', #5225, #2479, #996, .T. ) ;
#4035 = ORIENTED_EDGE ( 'NONE', *, *, #924, .F. ) ;
#4036 = B_SPLINE_CURVE_WITH_KNOTS ( 'NONE', 3,
 ( #1200, #5368, #803, #2842, #3717, #2912, #2889, #4079, #1634, #3303, #405, #4947, #3764, #4533, #1227, #4509, #732, #1677, #2421, #4972, #1128, #381, #3692, #4559, #4997, #711, #4581, #309, #1991 ),
 .UNSPECIFIED., .F., .F.,
 ( 4, 1, 1, 1, 1, 1, 1, 1, 1, 1, 1, 1, 1, 1, 1, 1, 1, 1, 1, 1, 1, 1, 1, 1, 1, 1, 4 ),
 ( 0.01626531257874619038, 0.04111402754415676569, 0.06253455977862762416, 0.08393730617627745416, 0.1053246189871423072, 0.1266973114131078881, 0.1480569171613328738, 0.1693985197110032814, 0.2027737821445751709, 0.2360932871331386518, 0.2693845311223544425, 0.3026680391738904019, 0.3359589306420301402, 0.3692699668901353038, 0.4026105823252937310, 0.4359877173268630890, 0.4694056090374176815, 0.5028659703052755781, 0.5363688304117252281, 0.6706393277260711550, 0.7042957748563131171, 0.7410512762273333554, 0.8147148193594756505, 0.8516404735918039481, 0.8886280513493518551, 0.9256777793044945746, 1.000000000000000000 ),
 .UNSPECIFIED. ) ;
#4037 = VECTOR ( 'NONE', #5244, 1000.000000000000000 ) ;
#4038 = ORIENTED_EDGE ( 'NONE', *, *, #2107, .F. ) ;
#4039 = CARTESIAN_POINT ( 'NONE',  ( -8.365805287341753882, 0.000000000000000000, 17.37771950288743739 ) ) ;
#4040 = ORIENTED_EDGE ( 'NONE', *, *, #4862, .F. ) ;
#4041 = CARTESIAN_POINT ( 'NONE',  ( -14.16003468671779153, 3.000000000000000000, 18.91082143181974118 ) ) ;
#4042 = DIRECTION ( 'NONE',  ( 0.000000000000000000, 0.000000000000000000, 1.000000000000000000 ) ) ;
#4043 = CARTESIAN_POINT ( 'NONE',  ( 74.67863634339457235, 0.000000000000000000, -39.51896701767081765 ) ) ;
#4044 = CARTESIAN_POINT ( 'NONE',  ( -67.48026777112259822, 0.000000000000000000, -13.78243298595314137 ) ) ;
#4045 = CARTESIAN_POINT ( 'NONE',  ( -74.00885349564477167, 3.000000000000000000, -62.79472622012763594 ) ) ;
#4046 = CARTESIAN_POINT ( 'NONE',  ( 4.024501119728221887, 3.000000000000000000, 33.26446250471916954 ) ) ;
#4047 = EDGE_CURVE ( 'NONE', #4594, #3035, #4784, .T. ) ;
#4048 = CIRCLE ( 'NONE', #2897, 1.000000000000000888 ) ;
#4049 = CARTESIAN_POINT ( 'NONE',  ( 51.50800033596801342, -1.734723475976807094E-15, 25.45550268765823532 ) ) ;
#4050 = CARTESIAN_POINT ( 'NONE',  ( -7.882842367380940907, 0.000000000000000000, 17.00712899999999905 ) ) ;
#4051 = CARTESIAN_POINT ( 'NONE',  ( 47.09769371295863749, 3.000000000000000000, 48.57365274403541378 ) ) ;
#4052 = CARTESIAN_POINT ( 'NONE',  ( 61.69123223475197193, 3.000000000000000000, -3.388928585261459236 ) ) ;
#4053 = CARTESIAN_POINT ( 'NONE',  ( -19.11668038346149956, 0.000000000000000000, -13.61297399999998348 ) ) ;
#4054 = CARTESIAN_POINT ( 'NONE',  ( -9.007222369907294635, 3.000000000000000000, -17.17232131894527924 ) ) ;
#4055 = CARTESIAN_POINT ( 'NONE',  ( -52.74381046791713601, 0.000000000000000000, 9.324081302159578755 ) ) ;
#4056 = CARTESIAN_POINT ( 'NONE',  ( -51.36574918118500221, 0.000000000000000000, 54.90874130349174465 ) ) ;
#4057 = ORIENTED_EDGE ( 'NONE', *, *, #529, .T. ) ;
#4058 = DIRECTION ( 'NONE',  ( 0.000000000000000000, 1.000000000000000000, 0.000000000000000000 ) ) ;
#4059 = CARTESIAN_POINT ( 'NONE',  ( -51.64832527752160019, 3.000000000000000000, 27.97463842938604728 ) ) ;
#4060 = CARTESIAN_POINT ( 'NONE',  ( 19.19248349561297218, -3.388131789017201356E-18, -30.51841738412852223 ) ) ;
#4061 = VERTEX_POINT ( 'NONE', #4016 ) ;
#4062 = ORIENTED_EDGE ( 'NONE', *, *, #1329, .T. ) ;
#4063 = ADVANCED_FACE ( 'NONE', ( #3613 ), #2790, .T. ) ;
#4064 = AXIS2_PLACEMENT_3D ( 'NONE', #4053, #1964, #590 ) ;
#4065 = CARTESIAN_POINT ( 'NONE',  ( -63.84392022541653233, 0.000000000000000000, -41.95712549600501973 ) ) ;
#4066 = ORIENTED_EDGE ( 'NONE', *, *, #2595, .T. ) ;
#4067 = DIRECTION ( 'NONE',  ( -0.000000000000000000, 1.000000000000000000, 0.000000000000000000 ) ) ;
#4068 = CARTESIAN_POINT ( 'NONE',  ( 61.69123223475197193, 0.000000000000000000, -3.388928585261459236 ) ) ;
#4069 = EDGE_CURVE ( 'NONE', #219, #5007, #1851, .T. ) ;
#4070 = DIRECTION ( 'NONE',  ( -0.000000000000000000, -1.000000000000000000, -0.000000000000000000 ) ) ;
#4071 = CARTESIAN_POINT ( 'NONE',  ( 44.05158331249109693, 3.000000000000000000, -59.76628165142322757 ) ) ;
#4072 = EDGE_CURVE ( 'NONE', #218, #4395, #602, .T. ) ;
#4073 = CARTESIAN_POINT ( 'NONE',  ( -46.65100804918601796, 0.000000000000000000, -62.18904330299390182 ) ) ;
#4074 = AXIS2_PLACEMENT_3D ( 'NONE', #3978, #2330, #4443 ) ;
#4075 = CARTESIAN_POINT ( 'NONE',  ( -17.11102934204589943, 3.000000000000000444, 38.63514858060335655 ) ) ;
#4076 = CARTESIAN_POINT ( 'NONE',  ( -14.07881148698490570, 3.000000000000000000, 44.13726295849840398 ) ) ;
#4077 = CARTESIAN_POINT ( 'NONE',  ( 19.19248349561289757, -4.336808689942017736E-16, -30.51841738412841565 ) ) ;
#4078 = CARTESIAN_POINT ( 'NONE',  ( -27.80819356064831993, 3.000000000000000000, -32.53384667572115774 ) ) ;
#4079 = CARTESIAN_POINT ( 'NONE',  ( -62.89546445926887230, 0.000000000000000000, -48.24105080199478124 ) ) ;
#4080 = CARTESIAN_POINT ( 'NONE',  ( 46.04954718407758207, 3.000000000000000000, 8.725615406546580743 ) ) ;
#4081 = DIRECTION ( 'NONE',  ( 0.000000000000000000, 0.000000000000000000, 1.000000000000000000 ) ) ;
#4082 = CARTESIAN_POINT ( 'NONE',  ( 59.23442243365284554, 3.000000000000000000, -57.97903554713330010 ) ) ;
#4083 = VERTEX_POINT ( 'NONE', #2028 ) ;
#4084 = EDGE_CURVE ( 'NONE', #4807, #1658, #1164, .T. ) ;
#4085 = CARTESIAN_POINT ( 'NONE',  ( 43.47364176644354217, 3.000000000000000000, 48.52725241447157600 ) ) ;
#4086 = CARTESIAN_POINT ( 'NONE',  ( 52.93105502202837442, 3.000000000000000000, 54.48721052110997221 ) ) ;
#4087 = VERTEX_POINT ( 'NONE', #4163 ) ;
#4088 = ORIENTED_EDGE ( 'NONE', *, *, #1709, .F. ) ;
#4089 = FACE_OUTER_BOUND ( 'NONE', #3880, .T. ) ;
#4090 = VERTEX_POINT ( 'NONE', #320 ) ;
#4091 = CARTESIAN_POINT ( 'NONE',  ( 18.32062889804656791, 3.000000000000000000, -29.16897084099946014 ) ) ;
#4092 = CARTESIAN_POINT ( 'NONE',  ( 38.17292978149257721, 3.000000000000000000, -53.94223427134963345 ) ) ;
#4093 = DIRECTION ( 'NONE',  ( 0.000000000000000000, 0.000000000000000000, -1.000000000000000000 ) ) ;
#4094 = EDGE_CURVE ( 'NONE', #4103, #2340, #2480, .T. ) ;
#4095 = CARTESIAN_POINT ( 'NONE',  ( -38.17292978149257721, 3.000000000000000000, -53.94223427134963345 ) ) ;
#4096 = CARTESIAN_POINT ( 'NONE',  ( 63.69711083608191160, 0.000000000000000000, -29.94895857253306559 ) ) ;
#4097 = CARTESIAN_POINT ( 'NONE',  ( -25.04646925433932125, 3.000000000000000000, 50.90397181029609897 ) ) ;
#4098 = ADVANCED_FACE ( 'NONE', ( #4089 ), #1498, .T. ) ;
#4099 = CARTESIAN_POINT ( 'NONE',  ( 19.19248349561297218, 3.000000000000000000, -30.51841738412852223 ) ) ;
#4100 = PLANE ( 'NONE',  #3455 ) ;
#4101 = CARTESIAN_POINT ( 'NONE',  ( 69.29859899999998163, 0.000000000000000000, -79.68841100000000210 ) ) ;
#4102 = CARTESIAN_POINT ( 'NONE',  ( -52.22403125286268022, 0.000000000000000000, 10.55998522415843155 ) ) ;
#4103 = VERTEX_POINT ( 'NONE', #2572 ) ;
#4104 = EDGE_CURVE ( 'NONE', #2203, #1513, #292, .T. ) ;
#4105 = CARTESIAN_POINT ( 'NONE',  ( 27.92268347685851637, 0.000000000000000000, 45.01560170785818826 ) ) ;
#4106 = DIRECTION ( 'NONE',  ( -0.000000000000000000, -0.000000000000000000, -1.000000000000000000 ) ) ;
#4107 = ORIENTED_EDGE ( 'NONE', *, *, #2165, .T. ) ;
#4108 = ORIENTED_EDGE ( 'NONE', *, *, #3759, .F. ) ;
#4109 = AXIS2_PLACEMENT_3D ( 'NONE', #1657, #4200, #1992 ) ;
#4110 = CARTESIAN_POINT ( 'NONE',  ( -64.04801948120224608, 0.000000000000000000, -34.74970771442661288 ) ) ;
#4111 = ORIENTED_EDGE ( 'NONE', *, *, #5299, .F. ) ;
#4112 = EDGE_CURVE ( 'NONE', #3032, #5219, #2537, .T. ) ;
#4113 = CARTESIAN_POINT ( 'NONE',  ( 19.13757380277243314, 3.000000000000000000, 16.50712899999999905 ) ) ;
#4114 = ORIENTED_EDGE ( 'NONE', *, *, #4889, .T. ) ;
#4115 = EDGE_CURVE ( 'NONE', #832, #1829, #5309, .T. ) ;
#4116 = FACE_OUTER_BOUND ( 'NONE', #3050, .T. ) ;
#4117 = DIRECTION ( 'NONE',  ( 0.2588189942251272191, 0.000000000000000000, -0.9659258399216233970 ) ) ;
#4118 = CARTESIAN_POINT ( 'NONE',  ( 62.18195581727540855, 0.000000000000000000, -51.24310241979229374 ) ) ;
#4119 = CARTESIAN_POINT ( 'NONE',  ( 8.094470818599306838, 0.000000000000000000, -14.11297399999999058 ) ) ;
#4120 = CARTESIAN_POINT ( 'NONE',  ( -50.61474012157911773, 1.694065894508600678E-18, 40.41865233515631672 ) ) ;
#4121 = AXIS2_PLACEMENT_3D ( 'NONE', #1028, #5087, #3381 ) ;
#4122 = DIRECTION ( 'NONE',  ( -1.000000000000000000, 0.000000000000000000, 2.229714311648399912E-16 ) ) ;
#4123 = CARTESIAN_POINT ( 'NONE',  ( -47.09769371295864460, 3.000000000000000444, 48.57365274403540667 ) ) ;
#4124 = EDGE_LOOP ( 'NONE', ( #2719, #5378, #5075, #674 ) ) ;
#4125 = CARTESIAN_POINT ( 'NONE',  ( 9.558553129711151897, 0.000000000000000000, 39.23342886425640330 ) ) ;
#4126 = ORIENTED_EDGE ( 'NONE', *, *, #366, .F. ) ;
#4127 = CIRCLE ( 'NONE', #1766, 0.2500000000000002220 ) ;
#4128 = DIRECTION ( 'NONE',  ( 0.000000000000000000, -1.000000000000000000, -0.000000000000000000 ) ) ;
#4129 = ADVANCED_FACE ( 'NONE', ( #4649 ), #5012, .F. ) ;
#4130 = CARTESIAN_POINT ( 'NONE',  ( 18.35362831203879352, 3.000000000000000000, 39.58721854979213362 ) ) ;
#4131 = CARTESIAN_POINT ( 'NONE',  ( 61.30293354260651739, 3.000000000000000000, -54.20544071342600745 ) ) ;
#4132 = EDGE_LOOP ( 'NONE', ( #4999, #1687, #4965, #1537 ) ) ;
#4133 = AXIS2_PLACEMENT_3D ( 'NONE', #2807, #737, #4468 ) ;
#4134 = ORIENTED_EDGE ( 'NONE', *, *, #3932, .T. ) ;
#4135 = EDGE_CURVE ( 'NONE', #4522, #5066, #1888, .T. ) ;
#4136 = CARTESIAN_POINT ( 'NONE',  ( 9.558553129711151897, 2.602085213965210642E-15, 39.23342886425640330 ) ) ;
#4137 = CARTESIAN_POINT ( 'NONE',  ( -64.04801948120224608, 3.000000000000000888, -34.74970771442661288 ) ) ;
#4138 = ORIENTED_EDGE ( 'NONE', *, *, #5213, .F. ) ;
#4139 =( NAMED_UNIT ( * ) SI_UNIT ( $, .STERADIAN. ) SOLID_ANGLE_UNIT ( ) );
#4140 = DIRECTION ( 'NONE',  ( -0.000000000000000000, 0.000000000000000000, -1.000000000000000000 ) ) ;
#4141 = VERTEX_POINT ( 'NONE', #2129 ) ;
#4142 = CYLINDRICAL_SURFACE ( 'NONE', #2861, 1.000000000000000888 ) ;
#4143 = CIRCLE ( 'NONE', #4662, 0.2500000000000002220 ) ;
#4144 = FACE_OUTER_BOUND ( 'NONE', #3720, .T. ) ;
#4145 = CARTESIAN_POINT ( 'NONE',  ( 60.38414070415917934, 0.000000000000000000, -56.78959051124099489 ) ) ;
#4146 = CARTESIAN_POINT ( 'NONE',  ( -44.54573830231650788, 3.000000000000000000, 48.57128015277073274 ) ) ;
#4147 = DIRECTION ( 'NONE',  ( 0.000000000000000000, 0.000000000000000000, 1.000000000000000000 ) ) ;
#4148 = VECTOR ( 'NONE', #4372, 1000.000000000000000 ) ;
#4149 = CARTESIAN_POINT ( 'NONE',  ( 56.99661394790859248, 3.000000000000000000, 24.68591891454632403 ) ) ;
#4150 = VERTEX_POINT ( 'NONE', #5107 ) ;
#4151 = CARTESIAN_POINT ( 'NONE',  ( -57.38167299311196246, 0.000000000000000000, 42.59460849329533261 ) ) ;
#4152 = VERTEX_POINT ( 'NONE', #1245 ) ;
#4153 = VECTOR ( 'NONE', #1440, 1000.000000000000000 ) ;
#4154 = AXIS2_PLACEMENT_3D ( 'NONE', #2278, #3106, #4774 ) ;
#4155 = CARTESIAN_POINT ( 'NONE',  ( 33.96016299144150707, 0.000000000000000000, 47.04866852622090789 ) ) ;
#4156 = CARTESIAN_POINT ( 'NONE',  ( 60.16466442879196563, 3.000000000000000000, -57.34598217878368587 ) ) ;
#4157 = ADVANCED_FACE ( 'NONE', ( #3397 ), #657, .T. ) ;
#4158 = ORIENTED_EDGE ( 'NONE', *, *, #2006, .F. ) ;
#4159 = EDGE_CURVE ( 'NONE', #912, #2486, #2302, .T. ) ;
#4160 = AXIS2_PLACEMENT_3D ( 'NONE', #1402, #1433, #3116 ) ;
#4161 = ORIENTED_EDGE ( 'NONE', *, *, #3940, .F. ) ;
#4162 = DIRECTION ( 'NONE',  ( 0.000000000000000000, 0.000000000000000000, 1.000000000000000000 ) ) ;
#4163 = CARTESIAN_POINT ( 'NONE',  ( 22.50596955836836699, 3.000000000000000000, -24.81393427568060162 ) ) ;
#4164 = ORIENTED_EDGE ( 'NONE', *, *, #1604, .T. ) ;
#4165 = CARTESIAN_POINT ( 'NONE',  ( 46.42834085992950577, 3.000000000000000000, 10.08485400734957160 ) ) ;
#4166 = DIRECTION ( 'NONE',  ( 0.000000000000000000, 0.000000000000000000, 1.000000000000000000 ) ) ;
#4167 = EDGE_LOOP ( 'NONE', ( #843, #849, #4219, #4321 ) ) ;
#4168 = CARTESIAN_POINT ( 'NONE',  ( -60.36323296338900235, 3.000000000000000000, -73.55831211109210699 ) ) ;
#4169 = CARTESIAN_POINT ( 'NONE',  ( 61.76295700050333437, 3.000000000000000000, -52.72975634855954752 ) ) ;
#4170 = CARTESIAN_POINT ( 'NONE',  ( 9.297883206138914503, 0.000000000000000000, -17.17231918356356601 ) ) ;
#4171 = CARTESIAN_POINT ( 'NONE',  ( -51.58253876246494229, 1.694065894508600678E-18, 26.30335974505374708 ) ) ;
#4172 = CARTESIAN_POINT ( 'NONE',  ( 26.32268500000000344, 0.000000000000000000, -30.84581199999999157 ) ) ;
#4173 = PLANE ( 'NONE',  #1081 ) ;
#4174 = DIRECTION ( 'NONE',  ( 0.000000000000000000, 1.000000000000000000, 0.000000000000000000 ) ) ;
#4175 = ORIENTED_EDGE ( 'NONE', *, *, #1006, .T. ) ;
#4176 = CARTESIAN_POINT ( 'NONE',  ( -57.42354327153222471, 3.000000000000000000, 27.18113448954016675 ) ) ;
#4177 = ORIENTED_EDGE ( 'NONE', *, *, #2952, .T. ) ;
#4178 = CARTESIAN_POINT ( 'NONE',  ( 49.41562059525696071, 3.000000000000000000, 44.60480494782673588 ) ) ;
#4179 = B_SPLINE_CURVE_WITH_KNOTS ( 'NONE', 3,
 ( #3556, #137, #2701, #4371, #2193, #3841, #601, #5114, #1335, #4275, #3871, #4454, #225, #4043, #577, #1908, #195, #2259, #3938, #1435, #2731, #1491, #2705, #5232, #3590, #3173, #4068, #1570, #3755, #3294, #1980, #2077, #2460, #5338 ),
 .UNSPECIFIED., .F., .F.,
 ( 4, 1, 1, 1, 1, 1, 1, 1, 1, 1, 1, 1, 1, 1, 1, 1, 1, 1, 1, 1, 1, 1, 1, 1, 1, 1, 1, 1, 1, 1, 1, 4 ),
 ( 0.000000000000000000, 0.06121273817483804947, 0.09179086101178143831, 0.1223425892199376669, 0.1528718038082005071, 0.1833819822975039926, 0.2138762936737421128, 0.2443577943152522303, 0.2748293946825828837, 0.3052940748048100783, 0.3357549689455319730, 0.3966699609499036439, 0.4271615374098214901, 0.4576247154306006815, 0.4881259594459063100, 0.5079983905151578272, 0.5477572368942638104, 0.5676542113665553613, 0.5875625082778672681, 0.6074825929439809924, 0.6673087497949029556, 0.6872824228826468484, 0.7072716886850038964, 0.7272777350102105354, 0.8074711104529508354, 0.8315209017768369071, 0.8556047850687839018, 0.8797208062741377343, 0.9038695380922265876, 0.9280513988502842038, 0.9522667411092766709, 0.9927241866431822936 ),
 .UNSPECIFIED. ) ;
#4180 = CARTESIAN_POINT ( 'NONE',  ( 37.09152615237826467, 0.000000000000000000, 47.75623163360876333 ) ) ;
#4181 = CARTESIAN_POINT ( 'NONE',  ( 64.07920680320381734, 3.000000000000000000, -37.15437694591127382 ) ) ;
#4182 = CARTESIAN_POINT ( 'NONE',  ( 20.13757380277242959, 0.000000000000000000, -3.089000000000001300 ) ) ;
#4183 = CARTESIAN_POINT ( 'NONE',  ( 51.36870917564574768, 1.694065894508600678E-18, 34.25606481865698072 ) ) ;
#4184 = ORIENTED_EDGE ( 'NONE', *, *, #5407, .T. ) ;
#4185 = ORIENTED_EDGE ( 'NONE', *, *, #1664, .T. ) ;
#4186 = CARTESIAN_POINT ( 'NONE',  ( 12.56218856668103179, 3.000000000000000000, 42.58293304568056215 ) ) ;
#4187 = CARTESIAN_POINT ( 'NONE',  ( -16.31038336920622100, 0.000000000000000000, 45.98956754242480827 ) ) ;
#4188 = ORIENTED_EDGE ( 'NONE', *, *, #2823, .T. ) ;
#4189 = DIRECTION ( 'NONE',  ( 6.938893903907222067E-15, 0.000000000000000000, 1.000000000000000000 ) ) ;
#4190 = AXIS2_PLACEMENT_3D ( 'NONE', #3657, #3166, #1999 ) ;
#4191 = ORIENTED_EDGE ( 'NONE', *, *, #4889, .F. ) ;
#4192 = CARTESIAN_POINT ( 'NONE',  ( -11.76026647330467867, 0.000000000000000000, 33.57611457789082010 ) ) ;
#4193 = CARTESIAN_POINT ( 'NONE',  ( 63.57381288809950348, 0.000000000000000000, -44.34928438508360671 ) ) ;
#4194 = CARTESIAN_POINT ( 'NONE',  ( -69.19424598455805153, 3.000000000000000000, -79.76004523117879330 ) ) ;
#4195 = CARTESIAN_POINT ( 'NONE',  ( -51.61899086186532060, 1.694065894508600678E-18, 29.95002930523141771 ) ) ;
#4196 = DIRECTION ( 'NONE',  ( -0.000000000000000000, -1.000000000000000000, -0.000000000000000000 ) ) ;
#4197 = AXIS2_PLACEMENT_3D ( 'NONE', #2086, #4174, #2471 ) ;
#4198 = EDGE_CURVE ( 'NONE', #3974, #5333, #1557, .T. ) ;
#4199 = DIRECTION ( 'NONE',  ( 0.01830596711091857579, 0.000000000000000000, 0.9998324317445068665 ) ) ;
#4200 = DIRECTION ( 'NONE',  ( 0.000000000000000000, 1.000000000000000000, 0.000000000000000000 ) ) ;
#4201 = VERTEX_POINT ( 'NONE', #4082 ) ;
#4202 = CARTESIAN_POINT ( 'NONE',  ( 4.780370999999997039, 0.000000000000000000, 33.60814899999999739 ) ) ;
#4203 = ORIENTED_EDGE ( 'NONE', *, *, #3981, .T. ) ;
#4204 = CARTESIAN_POINT ( 'NONE',  ( 48.78284044652381368, 3.000000000000000000, 46.23368580428790153 ) ) ;
#4205 = DIRECTION ( 'NONE',  ( -0.000000000000000000, -1.000000000000000000, -0.000000000000000000 ) ) ;
#4206 = CARTESIAN_POINT ( 'NONE',  ( -14.92823454738873501, 0.000000000000000000, 44.90736115638048176 ) ) ;
#4207 = CARTESIAN_POINT ( 'NONE',  ( 62.97365150562539782, 3.000000000000000000, -25.17990150530035720 ) ) ;
#4208 = CARTESIAN_POINT ( 'NONE',  ( 50.20144811616389546, 1.694065894508600678E-18, 42.10998750058584505 ) ) ;
#4209 = ORIENTED_EDGE ( 'NONE', *, *, #17, .T. ) ;
#4210 = ORIENTED_EDGE ( 'NONE', *, *, #4496, .T. ) ;
#4211 = AXIS2_PLACEMENT_3D ( 'NONE', #3796, #3359, #2501 ) ;
#4212 = CARTESIAN_POINT ( 'NONE',  ( 47.97038724757350536, 3.000000000000000000, 48.01432368930920802 ) ) ;
#4213 = B_SPLINE_CURVE_WITH_KNOTS ( 'NONE', 3,
 ( #548, #2584, #3479, #1734, #4252, #2168, #1311, #3848, #144, #2112, #3913, #3030, #5054, #5024, #1342, #431, #5157, #5088, #1377, #3059, #5123, #3353, #3444, #1255, #1767 ),
 .UNSPECIFIED., .F., .F.,
 ( 4, 1, 1, 1, 1, 1, 1, 1, 1, 1, 1, 1, 1, 1, 1, 1, 1, 1, 1, 1, 1, 1, 4 ),
 ( 0.000000000000000000, 0.06920947775898932119, 0.1465216444120995276, 0.1831354800254727799, 0.2159025693415151381, 0.2429578026553484427, 0.2538023914587506646, 0.2625878507571603460, 0.3049044877112426222, 0.3485283135868111892, 0.3933479699685360487, 0.4392177628686812496, 0.4859664502440775302, 0.5334042573342233640, 0.5813283477132034083, 0.6295276555681328379, 0.6777869103086732183, 0.7258904331750865024, 0.7736260684193759785, 0.8207888899144244466, 0.8671859340035965591, 0.9126413343934896005, 1.000000000000000000 ),
 .UNSPECIFIED. ) ;
#4214 = CARTESIAN_POINT ( 'NONE',  ( 57.73796121463694675, 0.000000000000000000, 40.03915219554151861 ) ) ;
#4215 = DIRECTION ( 'NONE',  ( -0.000000000000000000, -1.000000000000000000, -0.000000000000000000 ) ) ;
#4216 = ORIENTED_EDGE ( 'NONE', *, *, #3939, .F. ) ;
#4217 = EDGE_CURVE ( 'NONE', #5333, #3043, #1154, .T. ) ;
#4218 = CARTESIAN_POINT ( 'NONE',  ( -9.007222369907294635, 3.000000000000000000, -17.17232131894527924 ) ) ;
#4219 = ORIENTED_EDGE ( 'NONE', *, *, #617, .F. ) ;
#4220 = LINE ( 'NONE', #4244, #799 ) ;
#4221 = CARTESIAN_POINT ( 'NONE',  ( 47.15170058059664626, 0.000000000000000000, 7.316916945351454871 ) ) ;
#4222 = CARTESIAN_POINT ( 'NONE',  ( -21.97600000000000264, 3.000000000000000000, 2.861000000000001542 ) ) ;
#4223 = CARTESIAN_POINT ( 'NONE',  ( -9.072515570569068544, 3.000000000000000000, 20.01519874180999281 ) ) ;
#4224 = CARTESIAN_POINT ( 'NONE',  ( -14.73464199026328458, 3.000000000000000000, 36.61033438734273204 ) ) ;
#4225 = AXIS2_PLACEMENT_3D ( 'NONE', #3727, #411, #3700 ) ;
#4226 = DIRECTION ( 'NONE',  ( -0.000000000000000000, -1.000000000000000000, -0.000000000000000000 ) ) ;
#4227 = CARTESIAN_POINT ( 'NONE',  ( -51.50800033596801342, 3.000000000000000000, 25.45550268765823532 ) ) ;
#4228 = ORIENTED_EDGE ( 'NONE', *, *, #2699, .F. ) ;
#4229 = CARTESIAN_POINT ( 'NONE',  ( -39.20524147792314551, 3.000000000000000444, 48.10923363656451812 ) ) ;
#4230 = CARTESIAN_POINT ( 'NONE',  ( -53.03508199999999562, 3.000000000000000000, 54.55017699999999081 ) ) ;
#4231 = CARTESIAN_POINT ( 'NONE',  ( 53.03508199999999562, 3.000000000000000000, 54.55017699999999081 ) ) ;
#4232 = FACE_OUTER_BOUND ( 'NONE', #442, .T. ) ;
#4233 = CARTESIAN_POINT ( 'NONE',  ( 14.77200215853132903, 3.000000000000000000, -14.11297399999999058 ) ) ;
#4234 = DIRECTION ( 'NONE',  ( 0.000000000000000000, 0.000000000000000000, 1.000000000000000000 ) ) ;
#4235 = ORIENTED_EDGE ( 'NONE', *, *, #4249, .F. ) ;
#4236 = EDGE_LOOP ( 'NONE', ( #736, #2206, #2575, #3003 ) ) ;
#4237 = CARTESIAN_POINT ( 'NONE',  ( -19.11668038346149956, 0.000000000000000000, -14.11297399999999058 ) ) ;
#4238 = DIRECTION ( 'NONE',  ( 1.000000000000000000, 0.000000000000000000, -0.000000000000000000 ) ) ;
#4239 = FACE_OUTER_BOUND ( 'NONE', #763, .T. ) ;
#4240 = CARTESIAN_POINT ( 'NONE',  ( 58.02885117147218352, 0.000000000000000000, 34.01454673380372640 ) ) ;
#4241 = CARTESIAN_POINT ( 'NONE',  ( -33.28056651226683016, -1.694065894508600678E-18, -38.20085852498843337 ) ) ;
#4242 = ORIENTED_EDGE ( 'NONE', *, *, #4198, .F. ) ;
#4243 = EDGE_LOOP ( 'NONE', ( #2132, #1066, #4931, #702 ) ) ;
#4244 = CARTESIAN_POINT ( 'NONE',  ( 22.50596955836836699, 3.000000000000000000, -24.81393427568060162 ) ) ;
#4245 = LINE ( 'NONE', #479, #2571 ) ;
#4246 = CARTESIAN_POINT ( 'NONE',  ( 14.27514868206736409, 0.000000000000000000, 13.58591615616767712 ) ) ;
#4247 = CARTESIAN_POINT ( 'NONE',  ( -70.99484321320397839, 0.000000000000000000, -75.10505846559856025 ) ) ;
#4248 = AXIS2_PLACEMENT_3D ( 'NONE', #413, #3006, #4234 ) ;
#4249 = EDGE_CURVE ( 'NONE', #3508, #2955, #1794, .T. ) ;
#4250 = DIRECTION ( 'NONE',  ( 0.000000000000000000, 1.000000000000000000, -0.000000000000000000 ) ) ;
#4251 = CARTESIAN_POINT ( 'NONE',  ( -46.60479208711303301, 3.000000000000000000, 48.58604334559871774 ) ) ;
#4252 = CARTESIAN_POINT ( 'NONE',  ( 11.35743694670103032, 3.000000000000000000, 41.26634692105835001 ) ) ;
#4253 = ADVANCED_FACE ( 'NONE', ( #671 ), #4029, .T. ) ;
#4254 = CARTESIAN_POINT ( 'NONE',  ( 53.07011903057330926, 3.000000000000000000, 12.41944438019204711 ) ) ;
#4255 = ORIENTED_EDGE ( 'NONE', *, *, #837, .F. ) ;
#4256 = CARTESIAN_POINT ( 'NONE',  ( -53.47598139266078476, 1.694065894508600678E-18, 53.82176670587931255 ) ) ;
#4257 = CARTESIAN_POINT ( 'NONE',  ( 74.30640603525708343, 3.000000000000000000, -36.62170244513047379 ) ) ;
#4258 = ORIENTED_EDGE ( 'NONE', *, *, #4135, .T. ) ;
#4259 = LINE ( 'NONE', #589, #1865 ) ;
#4260 = CARTESIAN_POINT ( 'NONE',  ( -20.43398048073135698, 0.000000000000000000, 48.64611496752109332 ) ) ;
#4261 = CARTESIAN_POINT ( 'NONE',  ( 69.29859899999998163, 3.000000000000000000, -79.68841100000000210 ) ) ;
#4262 = CARTESIAN_POINT ( 'NONE',  ( 51.64832527752160019, 1.694065894508600678E-18, 27.97463842938604728 ) ) ;
#4263 = VERTEX_POINT ( 'NONE', #1059 ) ;
#4264 = ADVANCED_FACE ( 'NONE', ( #3257 ), #260, .T. ) ;
#4265 = ORIENTED_EDGE ( 'NONE', *, *, #4532, .T. ) ;
#4266 = DIRECTION ( 'NONE',  ( 0.000000000000000000, 1.000000000000000000, 0.000000000000000000 ) ) ;
#4267 = DIRECTION ( 'NONE',  ( 0.000000000000000000, 0.000000000000000000, 1.000000000000000000 ) ) ;
#4268 = CARTESIAN_POINT ( 'NONE',  ( 51.36574918118500221, 2.602085213965210642E-15, 54.90874130349174465 ) ) ;
#4269 = CARTESIAN_POINT ( 'NONE',  ( 56.46615775767583756, 0.000000000000000000, 22.24453399322362301 ) ) ;
#4270 = CARTESIAN_POINT ( 'NONE',  ( -40.67925743880248746, -1.694065894508600678E-18, -44.92703291855361414 ) ) ;
#4271 = EDGE_LOOP ( 'NONE', ( #2914, #4830, #3697, #1238 ) ) ;
#4272 = CARTESIAN_POINT ( 'NONE',  ( -75.03960419855475550, 0.000000000000000000, -43.39444461246201712 ) ) ;
#4273 = VERTEX_POINT ( 'NONE', #4006 ) ;
#4274 = ADVANCED_FACE ( 'NONE', ( #1111 ), #1920, .F. ) ;
#4275 = CARTESIAN_POINT ( 'NONE',  ( 75.01598022859300841, 0.000000000000000000, -54.09374303767065584 ) ) ;
#4276 = CARTESIAN_POINT ( 'NONE',  ( -26.47344139707613664, 0.000000000000000000, 44.38067799441639494 ) ) ;
#4277 = CARTESIAN_POINT ( 'NONE',  ( 9.233178858783674059, 0.000000000000000000, 20.01519766658669397 ) ) ;
#4278 = CARTESIAN_POINT ( 'NONE',  ( -8.365805287341753882, 3.000000000000000000, 17.37771950288743739 ) ) ;
#4279 = ADVANCED_FACE ( 'NONE', ( #4902 ), #4286, .T. ) ;
#4280 = CARTESIAN_POINT ( 'NONE',  ( -75.03960419855475550, 3.000000000000000000, -43.39444461246201712 ) ) ;
#4281 = DIRECTION ( 'NONE',  ( 0.000000000000000000, 1.000000000000000000, 0.000000000000000000 ) ) ;
#4282 = AXIS2_PLACEMENT_3D ( 'NONE', #4984, #2874, #5011 ) ;
#4283 = CARTESIAN_POINT ( 'NONE',  ( -52.41454668428509933, 3.000000000000000000, -53.81650743556752303 ) ) ;
#4284 = CARTESIAN_POINT ( 'NONE',  ( -50.85231247534594701, 3.000000000000000000, 21.83277693443448442 ) ) ;
#4285 = B_SPLINE_CURVE_WITH_KNOTS ( 'NONE', 3,
 ( #2939, #2552, #2523, #3791, #2998, #4728, #2201, #14, #3382, #4696, #923, #4283, #1704, #2614, #3877 ),
 .UNSPECIFIED., .F., .F.,
 ( 4, 1, 1, 1, 1, 1, 1, 1, 1, 1, 1, 1, 4 ),
 ( 0.000000000000000000, 0.1550774450904787993, 0.2327627295594772161, 0.3105465180013848303, 0.3884284551216654058, 0.4664103354727686113, 0.5332360190829978919, 0.6001338617997629132, 0.6671022839152550565, 0.7341395771865002473, 0.8012457432384880729, 0.8684207702133938112, 0.9731560847597073849 ),
 .UNSPECIFIED. ) ;
#4286 = B_SPLINE_SURFACE_WITH_KNOTS ( 'NONE', 3, 1, ( 
 ( #1133, #3601 ),
 ( #314, #1994 ),
 ( #1506, #3676 ),
 ( #4927, #5246 ),
 ( #5398, #2423 ),
 ( #1707, #3278 ),
 ( #5371, #4151 ),
 ( #385, #2474 ),
 ( #20, #1609 ),
 ( #4951, #2067 ),
 ( #1182, #2526 ),
 ( #4176, #4975 ),
 ( #408, #3746 ),
 ( #2868, #782 ),
 ( #3331, #4585 ),
 ( #1639, #3721 ),
 ( #2089, #3768 ),
 ( #4611, #5421 ),
 ( #1659, #4102 ),
 ( #5000, #4536 ) ),
 .UNSPECIFIED., .F., .F., .F.,
 ( 4, 1, 1, 1, 1, 1, 1, 1, 1, 1, 1, 1, 1, 1, 1, 1, 1, 4 ),
 ( 2, 2 ),
 ( 0.000000000000000000, 0.05394712801074350722, 0.1078116935124601855, 0.1617479887758064561, 0.2158501314831371976, 0.2701579154727004051, 0.3246630592581971064, 0.3793154854655140795, 0.4340294972618318758, 0.5431199617965655202, 0.5972269168538686390, 0.6507980596968709897, 0.7035382084927561674, 0.7555556781335446281, 0.8063317373373791730, 0.8557563589963054218, 0.9286614918859018575, 0.9852771438193285158 ),
 ( 0.000000000000000000, 1.000000000000000000 ),
 .UNSPECIFIED. ) ;
#4287 = ORIENTED_EDGE ( 'NONE', *, *, #1552, .F. ) ;
#4288 = CARTESIAN_POINT ( 'NONE',  ( -31.90587890848826902, 3.000000000000000444, 46.45927064113672600 ) ) ;
#4289 = DIRECTION ( 'NONE',  ( 0.000000000000000000, 0.000000000000000000, -1.000000000000000000 ) ) ;
#4290 = CIRCLE ( 'NONE', #1936, 0.5000000000000004441 ) ;
#4291 = ORIENTED_EDGE ( 'NONE', *, *, #5405, .T. ) ;
#4292 = CARTESIAN_POINT ( 'NONE',  ( -26.32268500000000344, 3.000000000000000000, -30.84581199999999157 ) ) ;
#4293 = LINE ( 'NONE', #3515, #2563 ) ;
#4294 = CARTESIAN_POINT ( 'NONE',  ( 68.13813611361483424, 3.000000000000000000, -79.08096968537924454 ) ) ;
#4295 = DIRECTION ( 'NONE',  ( 0.000000000000000000, 0.000000000000000000, 1.000000000000000000 ) ) ;
#4296 = CARTESIAN_POINT ( 'NONE',  ( 51.40113027495674203, 1.694065894508600678E-18, 24.59094182726887823 ) ) ;
#4297 = ORIENTED_EDGE ( 'NONE', *, *, #1461, .T. ) ;
#4298 = EDGE_CURVE ( 'NONE', #5451, #268, #1340, .T. ) ;
#4299 = VERTEX_POINT ( 'NONE', #2040 ) ;
#4300 = FACE_OUTER_BOUND ( 'NONE', #1518, .T. ) ;
#4301 = DIRECTION ( 'NONE',  ( -0.9659256786723878774, 0.000000000000000000, 0.2588195960148435559 ) ) ;
#4302 = CARTESIAN_POINT ( 'NONE',  ( 40.42315691954928525, 3.000000000000000000, 54.94557405835164587 ) ) ;
#4303 = ORIENTED_EDGE ( 'NONE', *, *, #2476, .T. ) ;
#4304 = CARTESIAN_POINT ( 'NONE',  ( -48.86364677452226601, 3.000000000000000000, 5.251642415774235850 ) ) ;
#4305 = EDGE_CURVE ( 'NONE', #4263, #4779, #1231, .T. ) ;
#4306 = VECTOR ( 'NONE', #1882, 1000.000000000000000 ) ;
#4307 = ORIENTED_EDGE ( 'NONE', *, *, #5260, .T. ) ;
#4308 = CARTESIAN_POINT ( 'NONE',  ( 23.65928550861623236, 0.000000000000000000, -27.76975728627122564 ) ) ;
#4309 = DIRECTION ( 'NONE',  ( -0.01830596711091858272, 0.000000000000000000, -0.9998324317445068665 ) ) ;
#4310 = DIRECTION ( 'NONE',  ( 0.000000000000000000, 1.000000000000000000, 0.000000000000000000 ) ) ;
#4311 = CARTESIAN_POINT ( 'NONE',  ( 61.30656566835795473, 3.000000000000000000, -18.11428224824254229 ) ) ;
#4312 = CARTESIAN_POINT ( 'NONE',  ( 38.17292978149257721, 0.000000000000000000, -53.94223427134963345 ) ) ;
#4313 = FACE_OUTER_BOUND ( 'NONE', #746, .T. ) ;
#4314 = CARTESIAN_POINT ( 'NONE',  ( 52.50605514512982808, 0.000000000000000000, 0.1823456245236336759 ) ) ;
#4315 = CARTESIAN_POINT ( 'NONE',  ( -32.92924601521909267, 3.000000000000000000, 46.76567725665499609 ) ) ;
#4316 = LINE ( 'NONE', #107, #758 ) ;
#4317 = CARTESIAN_POINT ( 'NONE',  ( -50.34286287370224500, 3.000000000000000000, 20.05440397528275653 ) ) ;
#4318 = ORIENTED_EDGE ( 'NONE', *, *, #2048, .T. ) ;
#4319 = CARTESIAN_POINT ( 'NONE',  ( -57.94401977914655077, 1.694065894508600678E-18, 37.46090347943890464 ) ) ;
#4320 = CARTESIAN_POINT ( 'NONE',  ( 71.57322537419373987, 3.000000000000000000, -24.48788485081163202 ) ) ;
#4321 = ORIENTED_EDGE ( 'NONE', *, *, #1186, .T. ) ;
#4322 = AXIS2_PLACEMENT_3D ( 'NONE', #4858, #3631, #1089 ) ;
#4323 = PLANE ( 'NONE',  #204 ) ;
#4324 = CARTESIAN_POINT ( 'NONE',  ( 22.51290100000000649, 3.000000000000000000, -35.21333000000000624 ) ) ;
#4325 = DIRECTION ( 'NONE',  ( 0.000000000000000000, 0.000000000000000000, 1.000000000000000000 ) ) ;
#4326 = CARTESIAN_POINT ( 'NONE',  ( -41.50216093040443610, 3.000000000000000000, -57.29599531449121486 ) ) ;
#4327 = EDGE_LOOP ( 'NONE', ( #3899, #4107, #3578, #2332 ) ) ;
#4328 = PRODUCT_DEFINITION_FORMATION_WITH_SPECIFIED_SOURCE ( 'ANY', '', #561, .NOT_KNOWN. ) ;
#4329 = VERTEX_POINT ( 'NONE', #1680 ) ;
#4330 = EDGE_CURVE ( 'NONE', #5090, #3464, #4941, .T. ) ;
#4331 = EDGE_CURVE ( 'NONE', #4626, #1772, #1189, .T. ) ;
#4332 = CARTESIAN_POINT ( 'NONE',  ( 19.63757380277242603, 3.000000000000000000, -13.61297399999998881 ) ) ;
#4333 = AXIS2_PLACEMENT_3D ( 'NONE', #4918, #250, #2369 ) ;
#4334 = CARTESIAN_POINT ( 'NONE',  ( 20.43398048073135698, 2.602085213965210642E-15, 48.64611496752109332 ) ) ;
#4335 = ADVANCED_FACE ( 'NONE', ( #3001 ), #3470, .T. ) ;
#4336 = AXIS2_PLACEMENT_3D ( 'NONE', #2052, #3244, #4960 ) ;
#4337 = EDGE_LOOP ( 'NONE', ( #4057, #3868, #4620, #240 ) ) ;
#4338 = ORIENTED_EDGE ( 'NONE', *, *, #2907, .F. ) ;
#4339 = CIRCLE ( 'NONE', #4676, 0.5000000000000004441 ) ;
#4340 = VECTOR ( 'NONE', #4238, 1000.000000000000000 ) ;
#4341 = CARTESIAN_POINT ( 'NONE',  ( -35.72822307076612702, 0.000000000000000000, -40.53733558045187380 ) ) ;
#4342 = DIRECTION ( 'NONE',  ( -0.000000000000000000, -1.000000000000000000, -0.000000000000000000 ) ) ;
#4343 = DIRECTION ( 'NONE',  ( -0.000000000000000000, -1.000000000000000000, -0.000000000000000000 ) ) ;
#4344 = CARTESIAN_POINT ( 'NONE',  ( 14.72103737457617179, 3.000000000000000000, 17.00712899999999905 ) ) ;
#4345 = CARTESIAN_POINT ( 'NONE',  ( 24.99241226516430103, -4.336808689942017736E-16, -29.30753214814435381 ) ) ;
#4346 = EDGE_CURVE ( 'NONE', #1811, #364, #1025, .T. ) ;
#4347 = VECTOR ( 'NONE', #2164, 1000.000000000000114 ) ;
#4348 = CARTESIAN_POINT ( 'NONE',  ( 48.86364677452226601, 0.000000000000000000, 5.251642415774235850 ) ) ;
#4349 = CYLINDRICAL_SURFACE ( 'NONE', #4557, 0.2500000000000002220 ) ;
#4350 = CARTESIAN_POINT ( 'NONE',  ( 49.41562059525696071, 3.000000000000000000, 44.60480494782673588 ) ) ;
#4351 = CARTESIAN_POINT ( 'NONE',  ( -50.41924872886040987, 3.000000000000000000, 41.26677915993418821 ) ) ;
#4352 = ORIENTED_EDGE ( 'NONE', *, *, #215, .F. ) ;
#4353 = CARTESIAN_POINT ( 'NONE',  ( -37.09152615237826467, 3.000000000000000444, 47.75623163360876333 ) ) ;
#4354 = FACE_OUTER_BOUND ( 'NONE', #5356, .T. ) ;
#4355 = EDGE_LOOP ( 'NONE', ( #2429, #1322, #27, #318 ) ) ;
#4356 = AXIS2_PLACEMENT_3D ( 'NONE', #5433, #1673, #5014 ) ;
#4357 = DIRECTION ( 'NONE',  ( -0.2588189855227261971, -0.000000000000000000, 0.9659258422534241495 ) ) ;
#4358 = CARTESIAN_POINT ( 'NONE',  ( -9.072515570569066767, 3.000000000000000000, 20.01519874180999636 ) ) ;
#4359 = CARTESIAN_POINT ( 'NONE',  ( 55.30373892496147192, 0.000000000000000000, -55.73084995483436899 ) ) ;
#4360 = CARTESIAN_POINT ( 'NONE',  ( -13.61152752066438332, 3.000000000000000000, -13.29864468132820043 ) ) ;
#4361 = CARTESIAN_POINT ( 'NONE',  ( 14.49747438088494889, 0.000000000000000000, -15.52027423023884900 ) ) ;
#4362 = CARTESIAN_POINT ( 'NONE',  ( -73.33589601838630756, 0.000000000000000000, -31.24893448183900801 ) ) ;
#4363 = ORIENTED_EDGE ( 'NONE', *, *, #2165, .F. ) ;
#4364 = EDGE_CURVE ( 'NONE', #993, #2690, #5286, .T. ) ;
#4365 = CARTESIAN_POINT ( 'NONE',  ( 14.23807447870198750, 0.000000000000000000, 17.63653858700506660 ) ) ;
#4366 = CARTESIAN_POINT ( 'NONE',  ( -19.06512657556842427, 0.000000000000000000, 16.51628198355545152 ) ) ;
#4367 = CARTESIAN_POINT ( 'NONE',  ( -21.97600000000000264, 0.000000000000000000, 2.611000000000001098 ) ) ;
#4368 = ORIENTED_EDGE ( 'NONE', *, *, #1414, .T. ) ;
#4369 = ORIENTED_EDGE ( 'NONE', *, *, #3552, .F. ) ;
#4370 = CARTESIAN_POINT ( 'NONE',  ( 46.42834085992950577, 1.694065894508600678E-18, 10.08485400734957160 ) ) ;
#4371 = CARTESIAN_POINT ( 'NONE',  ( 72.10499851117937453, 0.000000000000000000, -71.35853959186772499 ) ) ;
#4372 = DIRECTION ( 'NONE',  ( 1.000000000000000000, 0.000000000000000000, -0.000000000000000000 ) ) ;
#4373 = CARTESIAN_POINT ( 'NONE',  ( -21.73244593452860229, 3.000000000000000000, -34.14916548605962276 ) ) ;
#4374 = LINE ( 'NONE', #3966, #1160 ) ;
#4375 = CARTESIAN_POINT ( 'NONE',  ( -68.26692682589892058, 3.000000000000000000, -15.52863851868583289 ) ) ;
#4376 = CARTESIAN_POINT ( 'NONE',  ( 61.30656566835795473, 0.000000000000000000, -18.11428224824254229 ) ) ;
#4377 = LINE ( 'NONE', #1022, #3772 ) ;
#4378 = CARTESIAN_POINT ( 'NONE',  ( 51.25356861471068015, 3.000000000000000000, 36.12266035880166015 ) ) ;
#4379 = CARTESIAN_POINT ( 'NONE',  ( -23.29010782125181223, 0.000000000000000000, -36.28146475517992542 ) ) ;
#4380 = CARTESIAN_POINT ( 'NONE',  ( 36.04190671085773801, 3.000000000000000000, 47.54403607927838493 ) ) ;
#4381 = LINE ( 'NONE', #175, #1172 ) ;
#4382 = ORIENTED_EDGE ( 'NONE', *, *, #4008, .T. ) ;
#4383 = EDGE_CURVE ( 'NONE', #2499, #4734, #2320, .T. ) ;
#4384 = CIRCLE ( 'NONE', #3847, 0.1215992993800346644 ) ;
#4385 = PLANE ( 'NONE',  #3107 ) ;
#4386 = CARTESIAN_POINT ( 'NONE',  ( 75.19643174213283032, 3.000000000000000000, -47.28664632753167041 ) ) ;
#4387 = CARTESIAN_POINT ( 'NONE',  ( 8.526468313423141154, 3.000000000000000000, 17.37771941299493506 ) ) ;
#4388 = CARTESIAN_POINT ( 'NONE',  ( -18.30034746835531578, 0.000000000000000000, 47.36787755499586439 ) ) ;
#4389 = DIRECTION ( 'NONE',  ( 0.000000000000000000, 1.000000000000000000, 0.000000000000000000 ) ) ;
#4390 = VERTEX_POINT ( 'NONE', #4969 ) ;
#4391 = CARTESIAN_POINT ( 'NONE',  ( -49.69949039038171890, 3.000000000000000000, 43.77952958813786211 ) ) ;
#4392 = CARTESIAN_POINT ( 'NONE',  ( -18.56521035969617017, 3.000000000000000000, 17.00712899999999905 ) ) ;
#4393 = CARTESIAN_POINT ( 'NONE',  ( 34.99792729933509605, 0.000000000000000000, 47.30815342917009048 ) ) ;
#4394 = ORIENTED_EDGE ( 'NONE', *, *, #3935, .F. ) ;
#4395 = VERTEX_POINT ( 'NONE', #3347 ) ;
#4396 = AXIS2_PLACEMENT_3D ( 'NONE', #2153, #1781, #3832 ) ;
#4397 = LINE ( 'NONE', #4755, #734 ) ;
#4398 = CARTESIAN_POINT ( 'NONE',  ( 20.13757380277242959, 3.000000000000000000, -2.588999999999975543 ) ) ;
#4399 = FACE_BOUND ( 'NONE', #62, .T. ) ;
#4400 = DIRECTION ( 'NONE',  ( 0.000000000000000000, 0.000000000000000000, 1.000000000000000000 ) ) ;
#4401 = CARTESIAN_POINT ( 'NONE',  ( -61.69123223475197193, 3.000000000000000000, -3.388928585261459236 ) ) ;
#4402 = CARTESIAN_POINT ( 'NONE',  ( 38.23608357104376410, -1.694065894508600678E-18, -42.81546693887787569 ) ) ;
#4403 = LINE ( 'NONE', #1073, #4306 ) ;
#4404 = ADVANCED_FACE ( 'NONE', ( #2492 ), #326, .F. ) ;
#4405 = CARTESIAN_POINT ( 'NONE',  ( 49.69949039038171890, -1.734723475976807094E-15, 43.77952958813786211 ) ) ;
#4406 = LINE ( 'NONE', #1468, #3724 ) ;
#4407 = ADVANCED_FACE ( 'NONE', ( #2936 ), #3761, .F. ) ;
#4408 = CARTESIAN_POINT ( 'NONE',  ( 11.24952735848741447, 3.000000000000000000, 33.04450610827865376 ) ) ;
#4409 = CARTESIAN_POINT ( 'NONE',  ( 52.95461300000000193, 3.000000000000000000, 54.60650600000000310 ) ) ;
#4410 = CARTESIAN_POINT ( 'NONE',  ( -45.94171699999998992, 0.000000000000000000, 8.763695999999999486 ) ) ;
#4411 = CARTESIAN_POINT ( 'NONE',  ( 55.84042679767052419, 1.694065894508600678E-18, 19.87131075041820338 ) ) ;
#4412 = DIRECTION ( 'NONE',  ( 0.000000000000000000, -0.000000000000000000, 1.000000000000000000 ) ) ;
#4413 = CARTESIAN_POINT ( 'NONE',  ( 73.47345917354013523, 3.000000000000000000, -65.66879731386144670 ) ) ;
#4414 = CYLINDRICAL_SURFACE ( 'NONE', #2670, 0.5000000000000004441 ) ;
#4415 = CARTESIAN_POINT ( 'NONE',  ( -48.91845889341247045, 0.000000000000000000, 55.18619668923575006 ) ) ;
#4416 = ORIENTED_EDGE ( 'NONE', *, *, #3698, .T. ) ;
#4417 = CARTESIAN_POINT ( 'NONE',  ( 11.62707736313945261, 3.000000000000000000, 31.41752810122989814 ) ) ;
#4418 = EDGE_CURVE ( 'NONE', #3423, #3850, #2319, .T. ) ;
#4419 = CARTESIAN_POINT ( 'NONE',  ( -50.85231247534594701, 3.000000000000000000, 21.83277693443448442 ) ) ;
#4420 = CIRCLE ( 'NONE', #2761, 0.5000000000000000000 ) ;
#4421 = CARTESIAN_POINT ( 'NONE',  ( -26.32268500000000344, -4.336808689942017736E-16, -30.84581199999999157 ) ) ;
#4422 = ORIENTED_EDGE ( 'NONE', *, *, #331, .T. ) ;
#4423 = VERTEX_POINT ( 'NONE', #1576 ) ;
#4424 = AXIS2_PLACEMENT_3D ( 'NONE', #807, #5444, #756 ) ;
#4425 = CARTESIAN_POINT ( 'NONE',  ( 60.16466442879197984, 0.000000000000000000, -57.34598217878365745 ) ) ;
#4426 = CARTESIAN_POINT ( 'NONE',  ( -21.73244593452860229, 0.000000000000000000, -34.14916548605962276 ) ) ;
#4427 = CARTESIAN_POINT ( 'NONE',  ( 14.77200215853132903, 3.000000000000000000, -14.61297399999999058 ) ) ;
#4428 = CARTESIAN_POINT ( 'NONE',  ( -52.92643207439704156, 0.000000000000000000, 7.700559786046834887 ) ) ;
#4429 = CIRCLE ( 'NONE', #3468, 0.2500000000000002220 ) ;
#4430 = ORIENTED_EDGE ( 'NONE', *, *, #1984, .T. ) ;
#4431 = CARTESIAN_POINT ( 'NONE',  ( 27.80819356064831993, -1.694065894508600678E-18, -32.53384667572115774 ) ) ;
#4432 = DIRECTION ( 'NONE',  ( -0.000000000000000000, -1.000000000000000000, -0.000000000000000000 ) ) ;
#4433 = CARTESIAN_POINT ( 'NONE',  ( 51.17040117174379787, 3.000000000000000000, 36.98765994906924703 ) ) ;
#4434 = CARTESIAN_POINT ( 'NONE',  ( -48.40666136689783627, 0.000000000000000000, 47.09949103918489755 ) ) ;
#4435 = CARTESIAN_POINT ( 'NONE',  ( -18.35362831203879352, 3.000000000000000444, 39.58721854979213362 ) ) ;
#4436 = CARTESIAN_POINT ( 'NONE',  ( -9.558553129711151897, 3.000000000000000000, 39.23342886425640330 ) ) ;
#4437 = VECTOR ( 'NONE', #5337, 1000.000000000000114 ) ;
#4438 = DIRECTION ( 'NONE',  ( -1.000000000000000000, -0.000000000000000000, 0.000000000000000000 ) ) ;
#4439 = EDGE_CURVE ( 'NONE', #1192, #218, #1175, .T. ) ;
#4440 = EDGE_CURVE ( 'NONE', #5066, #2961, #350, .T. ) ;
#4441 = CARTESIAN_POINT ( 'NONE',  ( 58.71861801067645814, 3.000000000000000000, -57.83574191295416966 ) ) ;
#4442 = CARTESIAN_POINT ( 'NONE',  ( 74.78042380755752561, 3.000000000000000000, -57.00402461466837423 ) ) ;
#4443 = DIRECTION ( 'NONE',  ( 0.000000000000000000, 0.000000000000000000, 1.000000000000000000 ) ) ;
#4444 = CARTESIAN_POINT ( 'NONE',  ( -27.63585988197559118, 3.000000000000000000, -41.92596029648237987 ) ) ;
#4445 = ORIENTED_EDGE ( 'NONE', *, *, #1742, .F. ) ;
#4446 = CARTESIAN_POINT ( 'NONE',  ( -51.62816443538031308, 3.000000000000000000, 27.14092059717915717 ) ) ;
#4447 = LINE ( 'NONE', #4392, #163 ) ;
#4448 = VERTEX_POINT ( 'NONE', #800 ) ;
#4449 = ORIENTED_EDGE ( 'NONE', *, *, #3426, .T. ) ;
#4450 = FACE_OUTER_BOUND ( 'NONE', #2252, .T. ) ;
#4451 = ORIENTED_EDGE ( 'NONE', *, *, #3584, .T. ) ;
#4452 = FACE_BOUND ( 'NONE', #339, .T. ) ;
#4453 = CARTESIAN_POINT ( 'NONE',  ( 68.13813611361483424, 0.000000000000000000, -79.08096968537924454 ) ) ;
#4454 = CARTESIAN_POINT ( 'NONE',  ( 75.19643174213283032, 0.000000000000000000, -47.28664632753167041 ) ) ;
#4455 = CARTESIAN_POINT ( 'NONE',  ( -54.32950738886888331, 3.000000000000000000, 6.184309070506981421 ) ) ;
#4456 = DIRECTION ( 'NONE',  ( 0.000000000000000000, 1.000000000000000000, 0.000000000000000000 ) ) ;
#4457 = CARTESIAN_POINT ( 'NONE',  ( 47.19567886917845811, -1.734723475976807094E-15, 11.97525126644446303 ) ) ;
#4458 = EDGE_CURVE ( 'NONE', #3925, #2697, #2863, .T. ) ;
#4459 = CARTESIAN_POINT ( 'NONE',  ( -50.41924872886040987, 0.000000000000000000, 41.26677915993418821 ) ) ;
#4460 = CARTESIAN_POINT ( 'NONE',  ( 41.33421725500435429, 3.000000000000000000, 48.36646633805170836 ) ) ;
#4461 = CARTESIAN_POINT ( 'NONE',  ( -45.60122540087225218, 3.000000000000000000, 55.26084292898465122 ) ) ;
#4462 = DIRECTION ( 'NONE',  ( -0.000000000000000000, -1.000000000000000000, -0.000000000000000000 ) ) ;
#4463 = CARTESIAN_POINT ( 'NONE',  ( 57.41759783208953394, 0.000000000000000000, -57.05242572753787300 ) ) ;
#4464 = DIRECTION ( 'NONE',  ( 0.000000000000000000, 0.000000000000000000, 1.000000000000000000 ) ) ;
#4465 = CARTESIAN_POINT ( 'NONE',  ( -19.17599999999999483, 3.000000000000000000, -2.589000000000000856 ) ) ;
#4466 = ADVANCED_FACE ( 'NONE', ( #4530 ), #5279, .F. ) ;
#4467 = ORIENTED_EDGE ( 'NONE', *, *, #1648, .F. ) ;
#4468 = DIRECTION ( 'NONE',  ( 0.000000000000000000, 0.000000000000000000, -1.000000000000000000 ) ) ;
#4469 = CARTESIAN_POINT ( 'NONE',  ( -51.50800033596801342, 3.000000000000000000, 25.45550268765823532 ) ) ;
#4470 = DIRECTION ( 'NONE',  ( 0.000000000000000000, 1.000000000000000000, 0.000000000000000000 ) ) ;
#4471 = ORIENTED_EDGE ( 'NONE', *, *, #3759, .T. ) ;
#4472 = ADVANCED_FACE ( 'NONE', ( #4723 ), #950, .F. ) ;
#4473 = AXIS2_PLACEMENT_3D ( 'NONE', #1607, #2065, #4583 ) ;
#4474 = ORIENTED_EDGE ( 'NONE', *, *, #1582, .T. ) ;
#4475 = CARTESIAN_POINT ( 'NONE',  ( -62.47673719965337114, 3.000000000000000888, -22.81473369730188949 ) ) ;
#4476 = EDGE_CURVE ( 'NONE', #3850, #1513, #3843, .T. ) ;
#4477 = ORIENTED_EDGE ( 'NONE', *, *, #94, .F. ) ;
#4478 = CARTESIAN_POINT ( 'NONE',  ( -18.32062889804655370, -3.388131789017201356E-18, -29.16897084099943882 ) ) ;
#4479 = CARTESIAN_POINT ( 'NONE',  ( -69.29859899999998163, 3.000000000000000000, -79.68841100000000210 ) ) ;
#4480 = CARTESIAN_POINT ( 'NONE',  ( 27.63585988197559118, 3.000000000000000000, -41.92596029648237987 ) ) ;
#4481 = VECTOR ( 'NONE', #2394, 1000.000000000000000 ) ;
#4482 = CARTESIAN_POINT ( 'NONE',  ( -53.47598139266078476, 3.000000000000000000, 53.82176670587931255 ) ) ;
#4483 = CARTESIAN_POINT ( 'NONE',  ( 44.54573830231650788, 3.000000000000000000, 48.57128015277073274 ) ) ;
#4484 = CARTESIAN_POINT ( 'NONE',  ( -22.68784819354412718, 3.000000000000000000, 49.82691168489510147 ) ) ;
#4485 = CARTESIAN_POINT ( 'NONE',  ( 20.59824484781593767, 0.000000000000000000, -32.52759999443244254 ) ) ;
#4486 = CIRCLE ( 'NONE', #4753, 0.5000000000000004441 ) ;
#4487 = DIRECTION ( 'NONE',  ( 0.000000000000000000, 1.000000000000000000, 0.000000000000000000 ) ) ;
#4488 = CARTESIAN_POINT ( 'NONE',  ( 63.89616829180445734, 3.000000000000000000, -6.843248154517834081 ) ) ;
#4489 = CARTESIAN_POINT ( 'NONE',  ( -45.60122540087225218, 3.000000000000000000, 55.26084292898465122 ) ) ;
#4490 = EDGE_LOOP ( 'NONE', ( #3897, #2072, #2053, #2630 ) ) ;
#4491 = CARTESIAN_POINT ( 'NONE',  ( -51.25850343980033585, 3.000000000000000000, 23.70324265457825064 ) ) ;
#4492 = CYLINDRICAL_SURFACE ( 'NONE', #2177, 0.1215992993800346644 ) ;
#4493 = EDGE_LOOP ( 'NONE', ( #2538, #5308, #1331, #4066, #4860, #961, #2223, #958, #1816, #3456, #1929, #4500, #5146, #397, #845, #3279, #4603, #1706, #1563, #3236, #4164, #4552, #3245, #3662, #2991, #371, #1861, #5383, #1443, #3859, #3288, #3392, #3554, #4887, #1736, #2447, #2683, #4258, #4751, #4471, #3078, #89, #1202, #4744, #3795, #3342, #2041, #4912, #5185, #929, #4422, #3635, #125, #823, #5357, #3336, #2941, #1928 ) ) ;
#4494 = EDGE_CURVE ( 'NONE', #4201, #1065, #2227, .T. ) ;
#4495 = ORIENTED_EDGE ( 'NONE', *, *, #1711, .F. ) ;
#4496 = EDGE_CURVE ( 'NONE', #4395, #4833, #3024, .T. ) ;
#4497 = AXIS2_PLACEMENT_3D ( 'NONE', #5422, #1352, #835 ) ;
#4498 = EDGE_CURVE ( 'NONE', #2170, #4448, #1729, .T. ) ;
#4499 = CARTESIAN_POINT ( 'NONE',  ( -52.50605514512982808, 3.000000000000000888, 0.1823456245236336759 ) ) ;
#4500 = ORIENTED_EDGE ( 'NONE', *, *, #904, .T. ) ;
#4501 = DIRECTION ( 'NONE',  ( 0.000000000000000000, 0.000000000000000000, 1.000000000000000000 ) ) ;
#4502 = DIRECTION ( 'NONE',  ( 0.000000000000000000, 0.000000000000000000, -1.000000000000000000 ) ) ;
#4503 = VECTOR ( 'NONE', #152, 1000.000000000000000 ) ;
#4504 = CARTESIAN_POINT ( 'NONE',  ( -60.36323296338900235, 0.000000000000000000, -73.55831211109210699 ) ) ;
#4505 = EDGE_CURVE ( 'NONE', #5069, #2754, #1698, .T. ) ;
#4506 = VECTOR ( 'NONE', #4342, 1000.000000000000000 ) ;
#4507 = CARTESIAN_POINT ( 'NONE',  ( 63.92004680486286361, 0.000000000000000000, -32.34689078352969460 ) ) ;
#4508 = CARTESIAN_POINT ( 'NONE',  ( 56.17797069690737999, 3.000000000000000000, 4.031167890004335952 ) ) ;
#4509 = CARTESIAN_POINT ( 'NONE',  ( -63.69711083608191160, 0.000000000000000000, -29.94895857253306559 ) ) ;
#4510 = VECTOR ( 'NONE', #1720, 1000.000000000000000 ) ;
#4511 = DIRECTION ( 'NONE',  ( -0.000000000000000000, -1.000000000000000000, -0.000000000000000000 ) ) ;
#4512 = CARTESIAN_POINT ( 'NONE',  ( -64.07920680320381734, 3.000000000000000000, -37.15437694591127382 ) ) ;
#4513 = DIRECTION ( 'NONE',  ( 0.000000000000000000, 1.000000000000000000, 0.000000000000000000 ) ) ;
#4514 = CARTESIAN_POINT ( 'NONE',  ( 14.07881148698490570, 0.000000000000000000, 44.13726295849840398 ) ) ;
#4515 = ORIENTED_EDGE ( 'NONE', *, *, #2181, .F. ) ;
#4516 = CARTESIAN_POINT ( 'NONE',  ( -48.40666136689783627, 1.694065894508600678E-18, 47.09949103918489755 ) ) ;
#4517 = CARTESIAN_POINT ( 'NONE',  ( -69.29859899999998163, 0.000000000000000000, -79.68841100000000210 ) ) ;
#4518 = CARTESIAN_POINT ( 'NONE',  ( 52.50605514512982808, 3.000000000000000000, 0.1823456245236336759 ) ) ;
#4519 = ADVANCED_FACE ( 'NONE', ( #9 ), #451, .F. ) ;
#4520 = ORIENTED_EDGE ( 'NONE', *, *, #3429, .F. ) ;
#4521 = VECTOR ( 'NONE', #5100, 1000.000000000000000 ) ;
#4522 = VERTEX_POINT ( 'NONE', #1763 ) ;
#4523 = CARTESIAN_POINT ( 'NONE',  ( -62.55958234661706996, 0.000000000000000000, -49.74647507105282784 ) ) ;
#4524 = ORIENTED_EDGE ( 'NONE', *, *, #3798, .T. ) ;
#4525 = DIRECTION ( 'NONE',  ( 0.000000000000000000, 0.000000000000000000, -1.000000000000000000 ) ) ;
#4526 = DIRECTION ( 'NONE',  ( -0.000000000000000000, -1.000000000000000000, -0.000000000000000000 ) ) ;
#4527 = ORIENTED_EDGE ( 'NONE', *, *, #2976, .T. ) ;
#4528 = CYLINDRICAL_SURFACE ( 'NONE', #3812, 1.000000000000000888 ) ;
#4529 = CARTESIAN_POINT ( 'NONE',  ( -54.20032901009870585, 3.000000000000000000, 15.00778510851577785 ) ) ;
#4530 = FACE_OUTER_BOUND ( 'NONE', #3854, .T. ) ;
#4531 = SURFACE_STYLE_FILL_AREA ( #2864 ) ;
#4532 = EDGE_CURVE ( 'NONE', #299, #2872, #4245, .T. ) ;
#4533 = CARTESIAN_POINT ( 'NONE',  ( -64.04801948120224608, 0.000000000000000000, -34.74970771442661288 ) ) ;
#4534 = CARTESIAN_POINT ( 'NONE',  ( 56.86714897299667371, 3.000000000000000000, 45.11435451232583205 ) ) ;
#4535 = ORIENTED_EDGE ( 'NONE', *, *, #1138, .F. ) ;
#4536 = CARTESIAN_POINT ( 'NONE',  ( -51.84063968968351332, 0.000000000000000000, 9.753362731230151184 ) ) ;
#4537 = ADVANCED_FACE ( 'NONE', ( #5289 ), #946, .F. ) ;
#4538 = VERTEX_POINT ( 'NONE', #3199 ) ;
#4539 = B_SPLINE_CURVE_WITH_KNOTS ( 'NONE', 3,
 ( #452, #2135, #3439, #1732, #3056, #4724, #3407, #2644, #4312, #1764, #543, #4659, #2228, #4759, #3907, #140, #1823, #885, #4453, #3589 ),
 .UNSPECIFIED., .F., .F.,
 ( 4, 1, 1, 1, 1, 1, 1, 1, 1, 1, 1, 1, 1, 1, 1, 1, 1, 4 ),
 ( 0.000000000000000000, 0.06114976956808763908, 0.09174933005458461854, 0.1223654752115593825, 0.1768090400663146211, 0.2313128205766634138, 0.2858867812332531178, 0.3951408668983860673, 0.4498602984943149696, 0.5046339889474501517, 0.5594618429825968242, 0.6143436911704879266, 0.7242631389879071735, 0.7793052841105531092, 0.8344002672575118185, 0.8895478291990016606, 0.9447477873492605704, 1.000000000000000000 ),
 .UNSPECIFIED. ) ;
#4540 = CARTESIAN_POINT ( 'NONE',  ( 32.92924601521909267, 0.000000000000000000, 46.76567725665499609 ) ) ;
#4541 = DIRECTION ( 'NONE',  ( 0.000000000000000000, 1.000000000000000000, 0.000000000000000000 ) ) ;
#4542 = VERTEX_POINT ( 'NONE', #4812 ) ;
#4543 = B_SPLINE_CURVE_WITH_KNOTS ( 'NONE', 3,
 ( #4578, #2080, #4721, #509, #3872, #3786, #102, #69, #949, #4630, #1336, #2195, #8, #2642, #917, #1730, #5149, #852, #2608, #4276, #3473, #1250, #4657, #2517, #1762, #882, #1790, #3905, #2133, #1372, #3054, #4192, #38, #3405 ),
 .UNSPECIFIED., .F., .F.,
 ( 4, 1, 1, 1, 1, 1, 1, 1, 1, 1, 1, 1, 1, 1, 1, 1, 1, 1, 1, 1, 1, 1, 1, 1, 1, 1, 1, 1, 1, 1, 1, 4 ),
 ( 0.01432074041799108639, 0.04953250805321672556, 0.07507457467481723490, 0.1006175245099810989, 0.1261557507270576473, 0.1516907223483881240, 0.1772191427898470173, 0.2027399975687304290, 0.2282529325392307906, 0.2537553468010663726, 0.2792452409082691878, 0.3047229566969058001, 0.3301855049608792836, 0.3556337556810078571, 0.3810642611126719981, 0.4064694989501170252, 0.4442389824015975930, 0.4819479793836420334, 0.5196063951257438029, 0.5572131062779405175, 0.5947671961786660244, 0.6322673588832004032, 0.6697114270439029626, 0.7070959123558659964, 0.7444185941530346851, 0.7816765658296563890, 0.8188681407795083134, 0.8559925713311657969, 0.8930463069819427613, 0.9300305291004659081, 0.9669454447166447864, 0.9746646690335177832 ),
 .UNSPECIFIED. ) ;
#4544 = VERTEX_POINT ( 'NONE', #1432 ) ;
#4545 = CIRCLE ( 'NONE', #2882, 1.000000000000000888 ) ;
#4546 = CARTESIAN_POINT ( 'NONE',  ( 4.024501119728221887, 3.000000000000000000, 34.26446250471916954 ) ) ;
#4547 = AXIS2_PLACEMENT_3D ( 'NONE', #1030, #2714, #1057 ) ;
#4548 = CARTESIAN_POINT ( 'NONE',  ( -60.38414070415916513, 0.000000000000000000, -56.78959051124097357 ) ) ;
#4549 = ORIENTED_EDGE ( 'NONE', *, *, #1412, .F. ) ;
#4550 = CARTESIAN_POINT ( 'NONE',  ( 51.50800033596801342, 3.000000000000000000, 25.45550268765823532 ) ) ;
#4551 = LINE ( 'NONE', #346, #2416 ) ;
#4552 = ORIENTED_EDGE ( 'NONE', *, *, #1924, .T. ) ;
#4553 = CARTESIAN_POINT ( 'NONE',  ( 69.13237399999999866, 3.000000000000000000, -79.74136900000000594 ) ) ;
#4554 = CARTESIAN_POINT ( 'NONE',  ( -7.803807588814857255, 0.000000000000000000, -14.61297399999998703 ) ) ;
#4555 = CARTESIAN_POINT ( 'NONE',  ( 8.526468313423141154, 3.000000000000000000, 17.37771941299493506 ) ) ;
#4556 = CYLINDRICAL_SURFACE ( 'NONE', #5033, 0.2500000000000002220 ) ;
#4557 = AXIS2_PLACEMENT_3D ( 'NONE', #4661, #4250, #581 ) ;
#4558 = EDGE_CURVE ( 'NONE', #359, #936, #659, .T. ) ;
#4559 = CARTESIAN_POINT ( 'NONE',  ( -54.41307803009701871, 0.000000000000000000, -2.815150853046603618 ) ) ;
#4560 = EDGE_CURVE ( 'NONE', #5193, #4390, #888, .T. ) ;
#4561 = CARTESIAN_POINT ( 'NONE',  ( 57.38167299311196246, 3.000000000000000000, 42.59460849329533261 ) ) ;
#4562 = ORIENTED_EDGE ( 'NONE', *, *, #271, .T. ) ;
#4563 = CARTESIAN_POINT ( 'NONE',  ( 27.49212367633437282, 0.000000000000000000, 51.87338075970600215 ) ) ;
#4564 = ORIENTED_EDGE ( 'NONE', *, *, #3733, .F. ) ;
#4565 = LINE ( 'NONE', #3259, #5298 ) ;
#4566 = CIRCLE ( 'NONE', #525, 0.1215992993800346644 ) ;
#4567 = CARTESIAN_POINT ( 'NONE',  ( -14.07741071682210077, 0.000000000000000000, 17.63653849711256427 ) ) ;
#4568 = CARTESIAN_POINT ( 'NONE',  ( 47.15170058059664626, 3.000000000000000000, 7.316916945351454871 ) ) ;
#4569 = LINE ( 'NONE', #2920, #1067 ) ;
#4570 = VERTEX_POINT ( 'NONE', #4785 ) ;
#4571 = ORIENTED_EDGE ( 'NONE', *, *, #631, .F. ) ;
#4572 = LINE ( 'NONE', #3779, #4032 ) ;
#4573 = CARTESIAN_POINT ( 'NONE',  ( -59.70593670510816509, 3.000000000000000888, -13.51475326089808426 ) ) ;
#4574 = ORIENTED_EDGE ( 'NONE', *, *, #5096, .F. ) ;
#4575 = CARTESIAN_POINT ( 'NONE',  ( 47.97038724757349115, 1.694065894508600678E-18, 48.01432368930919381 ) ) ;
#4576 = ORIENTED_EDGE ( 'NONE', *, *, #3147, .F. ) ;
#4577 = EDGE_CURVE ( 'NONE', #4570, #2499, #373, .T. ) ;
#4578 = CARTESIAN_POINT ( 'NONE',  ( -47.09769371295864460, 0.000000000000000000, 48.57365274403540667 ) ) ;
#4579 = CARTESIAN_POINT ( 'NONE',  ( -59.23442243365285265, 3.000000000000000000, -56.97903554713330720 ) ) ;
#4580 = CARTESIAN_POINT ( 'NONE',  ( 4.780370999999997039, 0.000000000000000000, 33.60814899999999739 ) ) ;
#4581 = CARTESIAN_POINT ( 'NONE',  ( -48.86364677452226601, 0.000000000000000000, 5.251642415774235850 ) ) ;
#4582 = AXIS2_PLACEMENT_3D ( 'NONE', #848, #4215, #500 ) ;
#4583 = DIRECTION ( 'NONE',  ( 0.000000000000000000, 0.000000000000000000, 1.000000000000000000 ) ) ;
#4584 = ORIENTED_EDGE ( 'NONE', *, *, #3624, .F. ) ;
#4585 = CARTESIAN_POINT ( 'NONE',  ( -55.84042679767052419, 0.000000000000000000, 19.87131075041820338 ) ) ;
#4586 = ORIENTED_EDGE ( 'NONE', *, *, #3902, .F. ) ;
#4587 = CIRCLE ( 'NONE', #5314, 0.1215992993800346644 ) ;
#4588 = EDGE_CURVE ( 'NONE', #2533, #2697, #223, .T. ) ;
#4589 = CIRCLE ( 'NONE', #900, 0.2500000000000002220 ) ;
#4590 = CARTESIAN_POINT ( 'NONE',  ( 37.09152615237826467, 3.000000000000000000, 47.75623163360876333 ) ) ;
#4591 = CARTESIAN_POINT ( 'NONE',  ( 19.06900000000000617, 3.000000000000000000, -2.589000000000000856 ) ) ;
#4592 = B_SPLINE_CURVE_WITH_KNOTS ( 'NONE', 3,
 ( #4156, #3728, #839, #4131, #1684, #3284, #2531, #4978, #2428, #812, #1209, #5035, #4181, #388, #3335, #4955, #2898, #4207, #5424, #1235, #439, #2120, #1663, #25, #4518, #1714, #739, #4568, #1185 ),
 .UNSPECIFIED., .F., .F.,
 ( 4, 1, 1, 1, 1, 1, 1, 1, 1, 1, 1, 1, 1, 1, 1, 1, 1, 1, 1, 1, 1, 1, 1, 1, 1, 1, 4 ),
 ( 0.01626531257874585384, 0.04111402754415676569, 0.06253455977862762416, 0.08393730617627745416, 0.1053246189871423211, 0.1266973114131078604, 0.1480569171613329016, 0.1693985197110032814, 0.2027737821445751709, 0.2360932871331386240, 0.2693845311223544425, 0.3026680391738904019, 0.3359589306420301402, 0.3692699668901353038, 0.4026105823252937310, 0.4359877173268630890, 0.4694056090374176815, 0.5028659703052755781, 0.5363688304117252281, 0.6706393277260711550, 0.7042957748563131171, 0.7410512762273333554, 0.8147148193594756505, 0.8516404735918039481, 0.8886280513493518551, 0.9256777793044945746, 1.000000000000000000 ),
 .UNSPECIFIED. ) ;
#4593 = CARTESIAN_POINT ( 'NONE',  ( 51.06597170569261124, 1.694065894508600678E-18, 37.85012381048742469 ) ) ;
#4594 = VERTEX_POINT ( 'NONE', #682 ) ;
#4595 = VECTOR ( 'NONE', #2610, 1000.000000000000114 ) ;
#4596 = ORIENTED_EDGE ( 'NONE', *, *, #5233, .F. ) ;
#4597 = FACE_OUTER_BOUND ( 'NONE', #2724, .T. ) ;
#4598 = DIRECTION ( 'NONE',  ( 0.000000000000000000, 0.000000000000000000, 1.000000000000000000 ) ) ;
#4599 = DIRECTION ( 'NONE',  ( -0.000000000000000000, -1.000000000000000000, -0.000000000000000000 ) ) ;
#4600 = ORIENTED_EDGE ( 'NONE', *, *, #3240, .T. ) ;
#4601 = AXIS2_PLACEMENT_3D ( 'NONE', #3789, #141, #2645 ) ;
#4602 = DIRECTION ( 'NONE',  ( -0.000000000000000000, -1.000000000000000000, -0.000000000000000000 ) ) ;
#4603 = ORIENTED_EDGE ( 'NONE', *, *, #5439, .T. ) ;
#4604 = CARTESIAN_POINT ( 'NONE',  ( 0.000000000000000000, 0.000000000000000000, 17.00712899999999905 ) ) ;
#4605 = CARTESIAN_POINT ( 'NONE',  ( 64.07920680320381734, 3.000000000000000000, -37.15437694591127382 ) ) ;
#4606 = DIRECTION ( 'NONE',  ( -0.000000000000000000, -1.000000000000000000, -0.000000000000000000 ) ) ;
#4607 = CARTESIAN_POINT ( 'NONE',  ( -74.00885349564477167, 0.000000000000000000, -62.79472622012763594 ) ) ;
#4608 = CARTESIAN_POINT ( 'NONE',  ( -14.16003468671779153, 0.000000000000000000, 18.91082143181974118 ) ) ;
#4609 = CARTESIAN_POINT ( 'NONE',  ( 52.95461300000000193, 0.000000000000000000, 54.60650600000000310 ) ) ;
#4610 = ORIENTED_EDGE ( 'NONE', *, *, #203, .F. ) ;
#4611 = CARTESIAN_POINT ( 'NONE',  ( -53.07011903057330215, 3.000000000000000000, 12.41944438019204000 ) ) ;
#4612 = EDGE_LOOP ( 'NONE', ( #4650, #3216, #1458, #1625, #1779, #1422, #2453, #2096, #4338, #3312, #4318, #3823, #796, #4255, #1950, #1619, #4303, #629, #1210, #2606, #4177, #1383, #2459, #3782, #4430, #420, #4015, #1273, #4917 ) ) ;
#4613 = DIRECTION ( 'NONE',  ( -0.000000000000000000, -1.000000000000000000, -0.000000000000000000 ) ) ;
#4614 = CARTESIAN_POINT ( 'NONE',  ( 25.04897453056247869, 0.000000000000000000, 43.69697323368394137 ) ) ;
#4615 = CARTESIAN_POINT ( 'NONE',  ( -60.36323296338900235, 0.000000000000000000, -73.55831211109210699 ) ) ;
#4616 = DIRECTION ( 'NONE',  ( -0.000000000000000000, -1.000000000000000000, -0.000000000000000000 ) ) ;
#4617 = FACE_OUTER_BOUND ( 'NONE', #535, .T. ) ;
#4618 = ORIENTED_EDGE ( 'NONE', *, *, #443, .F. ) ;
#4619 = CARTESIAN_POINT ( 'NONE',  ( -9.378701779105751868, 0.000000000000000000, 20.19197545323412157 ) ) ;
#4620 = ORIENTED_EDGE ( 'NONE', *, *, #4498, .F. ) ;
#4621 = CARTESIAN_POINT ( 'NONE',  ( 54.20032901009870585, 0.000000000000000000, 15.00778510851577785 ) ) ;
#4622 = CARTESIAN_POINT ( 'NONE',  ( 46.04954718407758207, 3.000000000000000000, 8.725615406546580743 ) ) ;
#4623 = CARTESIAN_POINT ( 'NONE',  ( 19.63045902376973473, 0.000000000000000000, 40.49748577262892724 ) ) ;
#4624 = EDGE_CURVE ( 'NONE', #2248, #3974, #164, .T. ) ;
#4625 = CARTESIAN_POINT ( 'NONE',  ( -20.43398048073135698, 3.000000000000000000, 48.64611496752109332 ) ) ;
#4626 = VERTEX_POINT ( 'NONE', #3965 ) ;
#4627 = DIRECTION ( 'NONE',  ( 0.000000000000000000, 0.000000000000000000, 1.000000000000000000 ) ) ;
#4628 = VECTOR ( 'NONE', #4106, 1000.000000000000000 ) ;
#4629 = ORIENTED_EDGE ( 'NONE', *, *, #4383, .F. ) ;
#4630 = CARTESIAN_POINT ( 'NONE',  ( -38.14617242316049328, 0.000000000000000000, 47.94465861678471441 ) ) ;
#4631 = CARTESIAN_POINT ( 'NONE',  ( 52.50605514512982808, 0.000000000000000000, 0.1823456245236336759 ) ) ;
#4632 = LINE ( 'NONE', #854, #4001 ) ;
#4633 = CARTESIAN_POINT ( 'NONE',  ( -73.88660271667157531, 0.000000000000000000, -34.07411965320424230 ) ) ;
#4634 = CARTESIAN_POINT ( 'NONE',  ( 46.42834085992950577, -1.734723475976807094E-15, 10.08485400734957160 ) ) ;
#4635 = CARTESIAN_POINT ( 'NONE',  ( -45.94171699999998992, 3.000000000000000000, 8.763695999999999486 ) ) ;
#4636 = ORIENTED_EDGE ( 'NONE', *, *, #3097, .T. ) ;
#4637 = CARTESIAN_POINT ( 'NONE',  ( -42.40291812605343580, -4.336808689942017736E-16, 48.45896081904871977 ) ) ;
#4638 = ORIENTED_EDGE ( 'NONE', *, *, #3160, .T. ) ;
#4639 = CARTESIAN_POINT ( 'NONE',  ( 49.96147903824127212, 3.000000000000000000, 42.94775139102330996 ) ) ;
#4640 = DIRECTION ( 'NONE',  ( -0.000000000000000000, -1.000000000000000000, -0.000000000000000000 ) ) ;
#4641 = PLANE ( 'NONE',  #2184 ) ;
#4642 = DIRECTION ( 'NONE',  ( -0.000000000000000000, -1.000000000000000000, -0.000000000000000000 ) ) ;
#4643 = EDGE_LOOP ( 'NONE', ( #4191, #741, #4108, #2116 ) ) ;
#4644 = ORIENTED_EDGE ( 'NONE', *, *, #4809, .F. ) ;
#4645 = DIRECTION ( 'NONE',  ( 0.000000000000000000, 0.000000000000000000, -1.000000000000000000 ) ) ;
#4646 = LINE ( 'NONE', #874, #4340 ) ;
#4647 = DIRECTION ( 'NONE',  ( 1.040834085586083310E-14, 0.000000000000000000, 1.000000000000000000 ) ) ;
#4648 = CARTESIAN_POINT ( 'NONE',  ( 54.29306563533756957, 0.000000000000000000, 52.32821139029105240 ) ) ;
#4649 = FACE_OUTER_BOUND ( 'NONE', #3747, .T. ) ;
#4650 = ORIENTED_EDGE ( 'NONE', *, *, #1225, .T. ) ;
#4651 = ADVANCED_FACE ( 'NONE', ( #4399, #4452, #249, #4838 ), #193, .T. ) ;
#4652 = CARTESIAN_POINT ( 'NONE',  ( -75.15097199383085069, 0.000000000000000000, -51.17767105170879915 ) ) ;
#4653 = CARTESIAN_POINT ( 'NONE',  ( 22.39453450200806373, 0.000000000000000000, -26.17634925228962928 ) ) ;
#4654 = EDGE_LOOP ( 'NONE', ( #5168, #1155, #158, #4467 ) ) ;
#4655 = CARTESIAN_POINT ( 'NONE',  ( -72.10810993820923898, 3.000000000000000000, -26.31875752400589263 ) ) ;
#4656 = EDGE_CURVE ( 'NONE', #4778, #559, #2368, .T. ) ;
#4657 = CARTESIAN_POINT ( 'NONE',  ( -22.28067675997548136, 0.000000000000000000, 42.18785769550562748 ) ) ;
#4658 = CARTESIAN_POINT ( 'NONE',  ( 56.15392664154154545, 0.000000000000000000, -5.909220970001160644 ) ) ;
#4659 = CARTESIAN_POINT ( 'NONE',  ( 46.65100804918601796, 0.000000000000000000, -62.18904330299390182 ) ) ;
#4660 = CARTESIAN_POINT ( 'NONE',  ( -72.76443933393984764, 3.000000000000000000, -28.77339385267436001 ) ) ;
#4661 = CARTESIAN_POINT ( 'NONE',  ( -9.183998890571681173, 3.000000000000000000, -16.86613500027347357 ) ) ;
#4662 = AXIS2_PLACEMENT_3D ( 'NONE', #2305, #3164, #1454 ) ;
#4663 = CARTESIAN_POINT ( 'NONE',  ( 45.94171699999998992, 3.000000000000000000, 8.763695999999999486 ) ) ;
#4664 = EDGE_CURVE ( 'NONE', #2486, #4544, #2484, .T. ) ;
#4665 = CARTESIAN_POINT ( 'NONE',  ( -46.42834085992950577, 0.000000000000000000, 10.08485400734957160 ) ) ;
#4666 = ORIENTED_EDGE ( 'NONE', *, *, #2230, .T. ) ;
#4667 = CARTESIAN_POINT ( 'NONE',  ( -26.47344139707613664, -4.336808689942017736E-16, 44.38067799441639494 ) ) ;
#4668 = CARTESIAN_POINT ( 'NONE',  ( 72.76443933393984764, 3.000000000000000000, -28.77339385267436001 ) ) ;
#4669 = CARTESIAN_POINT ( 'NONE',  ( 21.86899999999999267, 0.000000000000000000, -2.338999999999997303 ) ) ;
#4670 = VECTOR ( 'NONE', #1952, 1000.000000000000000 ) ;
#4671 = DIRECTION ( 'NONE',  ( 1.000000000000000000, 0.000000000000000000, -1.734723475976805517E-15 ) ) ;
#4672 = CARTESIAN_POINT ( 'NONE',  ( 57.52873128446579898, 3.000000000000000000, -71.38674136512977952 ) ) ;
#4673 = CARTESIAN_POINT ( 'NONE',  ( 48.78284044652381368, 1.694065894508600678E-18, 46.23368580428790153 ) ) ;
#4674 = ORIENTED_EDGE ( 'NONE', *, *, #1795, .T. ) ;
#4675 = CARTESIAN_POINT ( 'NONE',  ( -19.11668038346149956, 0.000000000000000000, -14.11297399999998525 ) ) ;
#4676 = AXIS2_PLACEMENT_3D ( 'NONE', #2546, #4310, #2226 ) ;
#4677 = VERTEX_POINT ( 'NONE', #4041 ) ;
#4678 = AXIS2_PLACEMENT_3D ( 'NONE', #4000, #4847, #2013 ) ;
#4679 = CARTESIAN_POINT ( 'NONE',  ( 53.07011903057330926, 3.000000000000000000, 12.41944438019204711 ) ) ;
#4680 = CARTESIAN_POINT ( 'NONE',  ( -7.803807588814857255, 3.000000000000000000, -14.61297399999998703 ) ) ;
#4681 = EDGE_CURVE ( 'NONE', #4544, #1723, #1043, .T. ) ;
#4682 = CARTESIAN_POINT ( 'NONE',  ( 30.00768249258474896, 2.602085213965210642E-15, 52.73050411332617671 ) ) ;
#4683 = CARTESIAN_POINT ( 'NONE',  ( 57.94401977914655077, 0.000000000000000000, 37.46090347943890464 ) ) ;
#4684 = CIRCLE ( 'NONE', #382, 1.000000000000000888 ) ;
#4685 = CARTESIAN_POINT ( 'NONE',  ( -9.558553129711151897, 0.000000000000000000, 39.23342886425640330 ) ) ;
#4686 = ORIENTED_EDGE ( 'NONE', *, *, #329, .F. ) ;
#4687 = CARTESIAN_POINT ( 'NONE',  ( -74.78042380755752561, 0.000000000000000000, -57.00402461466837423 ) ) ;
#4688 = ORIENTED_EDGE ( 'NONE', *, *, #3290, .T. ) ;
#4689 = LINE ( 'NONE', #191, #3261 ) ;
#4690 = CARTESIAN_POINT ( 'NONE',  ( -52.95461300000000193, 0.000000000000000000, 54.60650600000000310 ) ) ;
#4691 = CARTESIAN_POINT ( 'NONE',  ( 61.30656566835795473, 0.000000000000000000, -18.11428224824254229 ) ) ;
#4692 = CARTESIAN_POINT ( 'NONE',  ( 14.28903923740461757, 0.000000000000000000, -14.74238349276135196 ) ) ;
#4693 = CARTESIAN_POINT ( 'NONE',  ( -71.57322537419373987, 3.000000000000000000, -24.48788485081163202 ) ) ;
#4694 = VECTOR ( 'NONE', #1302, 1000.000000000000000 ) ;
#4695 = FACE_OUTER_BOUND ( 'NONE', #870, .T. ) ;
#4696 = CARTESIAN_POINT ( 'NONE',  ( -47.65347645414518496, 3.000000000000000000, -50.44294925997562729 ) ) ;
#4697 = CARTESIAN_POINT ( 'NONE',  ( -47.19567886917845811, 3.000000000000000000, 11.97525126644446303 ) ) ;
#4698 = ORIENTED_EDGE ( 'NONE', *, *, #1009, .T. ) ;
#4699 = ADVANCED_FACE ( 'NONE', ( #3588 ), #5257, .F. ) ;
#4700 = CARTESIAN_POINT ( 'NONE',  ( -43.47364176644354217, -4.336808689942017736E-16, 48.52725241447157600 ) ) ;
#4701 = CARTESIAN_POINT ( 'NONE',  ( 70.99484321320397839, 0.000000000000000000, -75.10505846559856025 ) ) ;
#4702 = ORIENTED_EDGE ( 'NONE', *, *, #4878, .T. ) ;
#4703 = CARTESIAN_POINT ( 'NONE',  ( 55.12521485172767655, 1.694065894508600678E-18, 17.57842076602890202 ) ) ;
#4704 = DIRECTION ( 'NONE',  ( -2.229714311648399912E-16, 0.000000000000000000, -1.000000000000000000 ) ) ;
#4705 = DIRECTION ( 'NONE',  ( -0.000000000000000000, 1.000000000000000000, -0.000000000000000000 ) ) ;
#4706 = DIRECTION ( 'NONE',  ( 0.000000000000000000, 1.000000000000000000, -0.000000000000000000 ) ) ;
#4707 = EDGE_CURVE ( 'NONE', #3035, #2533, #5138, .T. ) ;
#4708 = DIRECTION ( 'NONE',  ( 0.000000000000000000, 1.000000000000000000, 0.000000000000000000 ) ) ;
#4709 = CARTESIAN_POINT ( 'NONE',  ( 49.99085389146456748, 1.694065894508600678E-18, 18.97724626924816960 ) ) ;
#4710 = EDGE_LOOP ( 'NONE', ( #1640, #5284, #1542, #4038 ) ) ;
#4711 = ORIENTED_EDGE ( 'NONE', *, *, #5358, .F. ) ;
#4712 = CARTESIAN_POINT ( 'NONE',  ( -19.80607089364104922, 3.000000000000000000, 3.361000000000002874 ) ) ;
#4713 = DIRECTION ( 'NONE',  ( 0.000000000000000000, 1.000000000000000000, 0.000000000000000000 ) ) ;
#4714 = CARTESIAN_POINT ( 'NONE',  ( 51.36574918118500221, 3.000000000000000000, 54.90874130349174465 ) ) ;
#4715 = CARTESIAN_POINT ( 'NONE',  ( 55.12521485172767655, 3.000000000000000000, 17.57842076602890202 ) ) ;
#4716 = ORIENTED_EDGE ( 'NONE', *, *, #1664, .F. ) ;
#4717 = LINE ( 'NONE', #2639, #2004 ) ;
#4718 = ORIENTED_EDGE ( 'NONE', *, *, #1077, .F. ) ;
#4719 = CARTESIAN_POINT ( 'NONE',  ( -16.98879675422453062, 3.000000000000000000, -28.87266501110782713 ) ) ;
#4720 = FACE_OUTER_BOUND ( 'NONE', #2392, .T. ) ;
#4721 = CARTESIAN_POINT ( 'NONE',  ( -45.75399814769915707, 0.000000000000000000, 48.59335460104893656 ) ) ;
#4722 = CIRCLE ( 'NONE', #264, 0.2499999999999997780 ) ;
#4723 = FACE_OUTER_BOUND ( 'NONE', #4355, .T. ) ;
#4724 = CARTESIAN_POINT ( 'NONE',  ( 29.53986903256749486, 0.000000000000000000, -44.26378276161428715 ) ) ;
#4725 = DIRECTION ( 'NONE',  ( 0.2588189942251271636, 0.000000000000000000, -0.9659258399216233970 ) ) ;
#4726 = CARTESIAN_POINT ( 'NONE',  ( -69.13237399999999866, 3.000000000000000000, -79.74136900000000594 ) ) ;
#4727 = CARTESIAN_POINT ( 'NONE',  ( -17.11102934204589943, 3.000000000000000000, 38.63514858060335655 ) ) ;
#4728 = CARTESIAN_POINT ( 'NONE',  ( -38.23608357104376410, 3.000000000000000000, -42.81546693887787569 ) ) ;
#4729 = CARTESIAN_POINT ( 'NONE',  ( -51.61899086186532060, 0.000000000000000000, 29.95002930523141771 ) ) ;
#4730 = ORIENTED_EDGE ( 'NONE', *, *, #4967, .F. ) ;
#4731 = CARTESIAN_POINT ( 'NONE',  ( -56.18631606666772882, 1.694065894508600678E-18, 47.58530814514181628 ) ) ;
#4732 = CARTESIAN_POINT ( 'NONE',  ( 70.01562050009107452, 3.000000000000000000, -77.86985685487216813 ) ) ;
#4733 = VECTOR ( 'NONE', #5369, 1000.000000000000000 ) ;
#4734 = VERTEX_POINT ( 'NONE', #3492 ) ;
#4735 = EDGE_CURVE ( 'NONE', #5128, #2873, #2600, .T. ) ;
#4736 = DIRECTION ( 'NONE',  ( 0.000000000000000000, 1.000000000000000000, 0.000000000000000000 ) ) ;
#4737 = EDGE_CURVE ( 'NONE', #4677, #407, #5169, .T. ) ;
#4738 = CARTESIAN_POINT ( 'NONE',  ( 21.86899999999999267, 3.000000000000000000, -2.338999999999997303 ) ) ;
#4739 = CARTESIAN_POINT ( 'NONE',  ( 0.000000000000000000, 3.000000000000000000, 0.000000000000000000 ) ) ;
#4740 = LINE ( 'NONE', #5192, #4503 ) ;
#4741 = DIRECTION ( 'NONE',  ( -1.000000000000000000, 0.000000000000000000, 1.325447660487638608E-16 ) ) ;
#4742 = ADVANCED_BREP_SHAPE_REPRESENTATION ( 'Fairy Acrylic', ( #5004, #1616 ), #1243 ) ;
#4743 = ORIENTED_EDGE ( 'NONE', *, *, #3060, .T. ) ;
#4744 = ORIENTED_EDGE ( 'NONE', *, *, #4664, .T. ) ;
#4745 = AXIS2_PLACEMENT_3D ( 'NONE', #2613, #4281, #514 ) ;
#4746 = DIRECTION ( 'NONE',  ( 0.000000000000000000, -1.000000000000000000, 0.000000000000000000 ) ) ;
#4747 = CARTESIAN_POINT ( 'NONE',  ( 14.92823454738873501, 2.602085213965210642E-15, 44.90736115638048176 ) ) ;
#4748 = ADVANCED_FACE ( 'NONE', ( #3075 ), #2693, .T. ) ;
#4749 = CARTESIAN_POINT ( 'NONE',  ( 54.29306563533756957, 3.000000000000000000, 52.32821139029105240 ) ) ;
#4750 = B_SPLINE_CURVE_WITH_KNOTS ( 'NONE', 3,
 ( #400, #4482, #707, #749, #305, #1631, #2438, #5415, #2398, #3272, #4992, #1221, #1986, #4943, #1173, #1653, #4529, #2059, #3299, #2883 ),
 .UNSPECIFIED., .F., .F.,
 ( 4, 1, 1, 1, 1, 1, 1, 1, 1, 1, 1, 1, 1, 1, 1, 1, 1, 4 ),
 ( 0.000000000000000000, 0.05394712801074350722, 0.1078116935124601855, 0.1617479887758064561, 0.2158501314831371976, 0.2701579154727004051, 0.3246630592581971064, 0.3793154854655140795, 0.4340294972618318758, 0.5431199617965655202, 0.5972269168538686390, 0.6507980596968709897, 0.7035382084927561674, 0.7555556781335446281, 0.8063317373373791730, 0.8557563589963054218, 0.9286614918859018575, 0.9852771438193285158 ),
 .UNSPECIFIED. ) ;
#4751 = ORIENTED_EDGE ( 'NONE', *, *, #1334, .T. ) ;
#4752 = CARTESIAN_POINT ( 'NONE',  ( -72.10499851117937453, 0.000000000000000000, -71.35853959186772499 ) ) ;
#4753 = AXIS2_PLACEMENT_3D ( 'NONE', #3113, #2607, #4783 ) ;
#4754 = VERTEX_POINT ( 'NONE', #4332 ) ;
#4755 = CARTESIAN_POINT ( 'NONE',  ( -11.24952735848692420, 3.000000000000000000, 33.04450610827812795 ) ) ;
#4756 = CARTESIAN_POINT ( 'NONE',  ( -45.33045749271477831, 0.000000000000000000, -48.68501421704478815 ) ) ;
#4757 = CARTESIAN_POINT ( 'NONE',  ( 21.86899999999999267, 0.000000000000000000, 0.000000000000000000 ) ) ;
#4758 = CARTESIAN_POINT ( 'NONE',  ( 48.86364677452226601, 0.000000000000000000, 5.251642415774235850 ) ) ;
#4759 = CARTESIAN_POINT ( 'NONE',  ( 53.81139177651777317, 0.000000000000000000, -68.42347281644254053 ) ) ;
#4760 = CARTESIAN_POINT ( 'NONE',  ( 60.38414070416275337, 0.000000000000000000, -56.78959051123147361 ) ) ;
#4761 = CARTESIAN_POINT ( 'NONE',  ( -13.60674997828285271, 3.000000000000000000, 35.53794733254291316 ) ) ;
#4762 = CARTESIAN_POINT ( 'NONE',  ( 51.25356861471068015, -1.734723475976807094E-15, 36.12266035880166015 ) ) ;
#4763 = ADVANCED_FACE ( 'NONE', ( #498 ), #2662, .F. ) ;
#4764 = CARTESIAN_POINT ( 'NONE',  ( -51.06597170569261124, 0.000000000000000000, 37.85012381048742469 ) ) ;
#4765 = VERTEX_POINT ( 'NONE', #4365 ) ;
#4766 = CARTESIAN_POINT ( 'NONE',  ( -56.46615775767583756, 1.694065894508600678E-18, 22.24453399322362301 ) ) ;
#4767 = CARTESIAN_POINT ( 'NONE',  ( 70.61076606662614097, 3.000000000000000000, -21.45453730634901390 ) ) ;
#4768 = ORIENTED_EDGE ( 'NONE', *, *, #1242, .T. ) ;
#4769 = DIRECTION ( 'NONE',  ( 0.9659257917483696776, 0.000000000000000000, -0.2588191740101285498 ) ) ;
#4770 = CARTESIAN_POINT ( 'NONE',  ( -14.07881148698490570, 0.000000000000000000, 44.13726295849840398 ) ) ;
#4771 = CARTESIAN_POINT ( 'NONE',  ( 29.53986903256749486, 3.000000000000000000, -44.26378276161428715 ) ) ;
#4772 = CARTESIAN_POINT ( 'NONE',  ( 69.19424598455805153, 3.000000000000000000, -79.64822009782591294 ) ) ;
#4773 = ORIENTED_EDGE ( 'NONE', *, *, #1594, .F. ) ;
#4774 = DIRECTION ( 'NONE',  ( 0.000000000000000000, 0.000000000000000000, 1.000000000000000000 ) ) ;
#4775 = CARTESIAN_POINT ( 'NONE',  ( 43.02901124936550303, 3.000000000000000000, 55.17307544992112867 ) ) ;
#4776 = DIRECTION ( 'NONE',  ( 0.000000000000000000, 1.000000000000000000, 0.000000000000000000 ) ) ;
#4777 = AXIS2_PLACEMENT_3D ( 'NONE', #3753, #4800, #1366 ) ;
#4778 = VERTEX_POINT ( 'NONE', #1839 ) ;
#4779 = VERTEX_POINT ( 'NONE', #2217 ) ;
#4780 = CARTESIAN_POINT ( 'NONE',  ( 45.94171699999998992, 0.000000000000000000, 8.763695999999999486 ) ) ;
#4781 = VECTOR ( 'NONE', #2703, 1000.000000000000000 ) ;
#4782 = EDGE_CURVE ( 'NONE', #1513, #1479, #3994, .T. ) ;
#4783 = DIRECTION ( 'NONE',  ( 0.000000000000000000, 0.000000000000000000, 1.000000000000000000 ) ) ;
#4784 = LINE ( 'NONE', #4757, #3718 ) ;
#4785 = CARTESIAN_POINT ( 'NONE',  ( 16.98879675422452706, 3.000000000000000000, -28.87266501110782713 ) ) ;
#4786 = LINE ( 'NONE', #3086, #1806 ) ;
#4787 = CARTESIAN_POINT ( 'NONE',  ( -57.63713850004248229, 3.000000000000000000, 2.231479422910178201 ) ) ;
#4788 = CARTESIAN_POINT ( 'NONE',  ( 33.28056651226683016, -1.694065894508600678E-18, -38.20085852498843337 ) ) ;
#4789 = CARTESIAN_POINT ( 'NONE',  ( 19.63757380277243314, 0.000000000000000000, 16.50712899999999905 ) ) ;
#4790 = CARTESIAN_POINT ( 'NONE',  ( 50.60427557001374765, 3.000000000000000000, 20.91910442031266726 ) ) ;
#4791 = CARTESIAN_POINT ( 'NONE',  ( -13.99837713361113245, 3.000000000000000000, -14.74238379800740617 ) ) ;
#4792 = CARTESIAN_POINT ( 'NONE',  ( 27.92268347685851637, 3.000000000000000000, 45.01560170785818826 ) ) ;
#4793 = CARTESIAN_POINT ( 'NONE',  ( 68.26692682589892058, 0.000000000000000000, -15.52863851868583289 ) ) ;
#4794 = ORIENTED_EDGE ( 'NONE', *, *, #1711, .T. ) ;
#4795 = VECTOR ( 'NONE', #978, 1000.000000000000000 ) ;
#4796 = CARTESIAN_POINT ( 'NONE',  ( -14.48133997294732644, 0.000000000000000000, -14.11297399999999058 ) ) ;
#4797 = CARTESIAN_POINT ( 'NONE',  ( 21.86899999999999267, 3.000000000000000000, 2.611000000000001542 ) ) ;
#4798 = CARTESIAN_POINT ( 'NONE',  ( 59.04316248994994254, 3.000000000000000000, 0.3939601283460208436 ) ) ;
#4799 = DIRECTION ( 'NONE',  ( -1.000000000000000000, 0.000000000000000000, 0.000000000000000000 ) ) ;
#4800 = DIRECTION ( 'NONE',  ( 0.000000000000000000, 1.000000000000000000, 0.000000000000000000 ) ) ;
#4801 = CARTESIAN_POINT ( 'NONE',  ( -56.17797069690737999, 0.000000000000000000, 4.031167890004335952 ) ) ;
#4802 = ORIENTED_EDGE ( 'NONE', *, *, #1380, .F. ) ;
#4803 = CARTESIAN_POINT ( 'NONE',  ( -50.93818735582407697, 3.000000000000000000, 38.70979032364790129 ) ) ;
#4804 = CARTESIAN_POINT ( 'NONE',  ( 37.80084476696531937, 2.602085213965210642E-15, 54.58296151726742806 ) ) ;
#4805 = DIRECTION ( 'NONE',  ( 0.000000000000000000, 0.000000000000000000, 1.000000000000000000 ) ) ;
#4806 = ORIENTED_EDGE ( 'NONE', *, *, #283, .F. ) ;
#4807 = VERTEX_POINT ( 'NONE', #3893 ) ;
#4808 = CARTESIAN_POINT ( 'NONE',  ( 22.39453450200806373, 0.000000000000000000, -26.17634925228962928 ) ) ;
#4809 = EDGE_CURVE ( 'NONE', #570, #4061, #3570, .T. ) ;
#4810 = EDGE_CURVE ( 'NONE', #915, #3682, #3471, .T. ) ;
#4811 = DIRECTION ( 'NONE',  ( -3.469446951953611033E-15, 0.000000000000000000, 1.000000000000000000 ) ) ;
#4812 = CARTESIAN_POINT ( 'NONE',  ( 21.61899999999999267, 3.000000000000000000, -2.589000000000000856 ) ) ;
#4813 = CARTESIAN_POINT ( 'NONE',  ( -20.59824484781593767, -3.388131789017201356E-18, -32.52759999443244254 ) ) ;
#4814 = CARTESIAN_POINT ( 'NONE',  ( -69.13237399999999866, 0.000000000000000000, -79.74136900000000594 ) ) ;
#4815 = CARTESIAN_POINT ( 'NONE',  ( -19.11668038346149956, 3.000000000000000000, -13.61297399999998348 ) ) ;
#4816 = AXIS2_PLACEMENT_3D ( 'NONE', #4857, #2605, #975 ) ;
#4817 = CARTESIAN_POINT ( 'NONE',  ( 13.12573375761449412, 0.000000000000000000, -10.40086726629569824 ) ) ;
#4818 = CARTESIAN_POINT ( 'NONE',  ( 49.11001889993010394, 3.000000000000000000, 45.42302506770478487 ) ) ;
#4819 = CARTESIAN_POINT ( 'NONE',  ( 4.780370999999997039, 3.000000000000000000, 33.60814899999999739 ) ) ;
#4820 = CARTESIAN_POINT ( 'NONE',  ( 11.76026647330483144, 3.000000000000000000, 33.57611457789100484 ) ) ;
#4821 = DIRECTION ( 'NONE',  ( 0.000000000000000000, 0.000000000000000000, 1.000000000000000000 ) ) ;
#4822 = DIRECTION ( 'NONE',  ( -0.000000000000000000, -1.000000000000000000, -0.000000000000000000 ) ) ;
#4823 = CARTESIAN_POINT ( 'NONE',  ( 58.02885117147218352, 1.694065894508600678E-18, 34.01454673380372640 ) ) ;
#4824 = EDGE_CURVE ( 'NONE', #1360, #767, #127, .T. ) ;
#4825 = CARTESIAN_POINT ( 'NONE',  ( 40.67925743880248746, 0.000000000000000000, -44.92703291855361414 ) ) ;
#4826 = AXIS2_PLACEMENT_3D ( 'NONE', #3922, #5063, #1419 ) ;
#4827 = CARTESIAN_POINT ( 'NONE',  ( -59.23442243365285265, 3.000000000000000000, -57.97903554713330720 ) ) ;
#4828 = DIRECTION ( 'NONE',  ( 0.000000000000000000, 0.000000000000000000, 1.000000000000000000 ) ) ;
#4829 = DIRECTION ( 'NONE',  ( 0.000000000000000000, 1.000000000000000000, 0.000000000000000000 ) ) ;
#4830 = ORIENTED_EDGE ( 'NONE', *, *, #41, .T. ) ;
#4831 = PLANE ( 'NONE',  #4322 ) ;
#4832 = DIRECTION ( 'NONE',  ( -0.000000000000000000, -1.000000000000000000, -0.000000000000000000 ) ) ;
#4833 = VERTEX_POINT ( 'NONE', #1423 ) ;
#4834 = ORIENTED_EDGE ( 'NONE', *, *, #883, .F. ) ;
#4835 = AXIS2_PLACEMENT_3D ( 'NONE', #3393, #2566, #5103 ) ;
#4836 = EDGE_CURVE ( 'NONE', #4538, #4778, #126, .T. ) ;
#4837 = CARTESIAN_POINT ( 'NONE',  ( -21.73244593452860229, 3.000000000000000000, -34.14916548605962276 ) ) ;
#4838 = FACE_BOUND ( 'NONE', #3526, .T. ) ;
#4839 = DIRECTION ( 'NONE',  ( 0.000000000000000000, 1.000000000000000000, 0.000000000000000000 ) ) ;
#4840 = VERTEX_POINT ( 'NONE', #92 ) ;
#4841 = EDGE_CURVE ( 'NONE', #2981, #5332, #2851, .T. ) ;
#4842 = CARTESIAN_POINT ( 'NONE',  ( 61.76295700050333437, 0.000000000000000000, -52.72975634855954752 ) ) ;
#4843 = CARTESIAN_POINT ( 'NONE',  ( 17.49592501554469948, 0.000000000000000000, -29.73453560845439370 ) ) ;
#4844 = CARTESIAN_POINT ( 'NONE',  ( 49.96147903824127212, -1.734723475976807094E-15, 42.94775139102330996 ) ) ;
#4845 = DIRECTION ( 'NONE',  ( -0.2588189855227269742, 0.000000000000000000, 0.9659258422534240385 ) ) ;
#4846 = CARTESIAN_POINT ( 'NONE',  ( 22.28067675997548136, 3.000000000000000000, 42.18785769550562748 ) ) ;
#4847 = DIRECTION ( 'NONE',  ( -0.000000000000000000, -1.000000000000000000, -0.000000000000000000 ) ) ;
#4848 = B_SPLINE_CURVE_WITH_KNOTS ( 'NONE', 3,
 ( #1756, #3495, #132, #4752, #1817, #1923, #3603, #5277, #4687, #1301, #4652, #914, #4272, #2190, #1000, #2780, #4362, #1060, #2331, #2748, #5275, #2246, #2718, #2659, #2276, #3924, #3070, #1507, #1893, #1921, #4801, #153, #3161, #3954 ),
 .UNSPECIFIED., .F., .F.,
 ( 4, 1, 1, 1, 1, 1, 1, 1, 1, 1, 1, 1, 1, 1, 1, 1, 1, 1, 1, 1, 1, 1, 1, 1, 1, 1, 1, 1, 1, 1, 1, 4 ),
 ( 0.000000000000000000, 0.06121273817483804947, 0.09179086101178143831, 0.1223425892199376669, 0.1528718038082005071, 0.1833819822975039926, 0.2138762936737421128, 0.2443577943152522303, 0.2748293946825828837, 0.3052940748048100783, 0.3357549689455319730, 0.3966699609499036439, 0.4271615374098215456, 0.4576247154306006815, 0.4881259594459063100, 0.5079983905151578272, 0.5477572368942638104, 0.5676542113665553613, 0.5875625082778672681, 0.6074825929439809924, 0.6673087497949029556, 0.6872824228826468484, 0.7072716886850038964, 0.7272777350102105354, 0.8074711104529508354, 0.8315209017768370181, 0.8556047850687839018, 0.8797208062741377343, 0.9038695380922265876, 0.9280513988502842038, 0.9522667411092766709, 0.9927241866431826267 ),
 .UNSPECIFIED. ) ;
#4849 = AXIS2_PLACEMENT_3D ( 'NONE', #1579, #4462, #3182 ) ;
#4850 = CARTESIAN_POINT ( 'NONE',  ( -35.72822307076612702, 3.000000000000000000, -40.53733558045187380 ) ) ;
#4851 = EDGE_CURVE ( 'NONE', #461, #3809, #2985, .T. ) ;
#4852 = CARTESIAN_POINT ( 'NONE',  ( 40.67925743880248746, 3.000000000000000000, -44.92703291855361414 ) ) ;
#4853 = CARTESIAN_POINT ( 'NONE',  ( 60.39490716416133154, 3.000000000000000000, -1.479974017190582414 ) ) ;
#4854 = CARTESIAN_POINT ( 'NONE',  ( -51.36574918118500221, 3.000000000000000000, 54.90874130349174465 ) ) ;
#4855 = CARTESIAN_POINT ( 'NONE',  ( 19.63757380277242603, 3.000000000000000000, -14.11297399999999058 ) ) ;
#4856 = ORIENTED_EDGE ( 'NONE', *, *, #785, .T. ) ;
#4857 = CARTESIAN_POINT ( 'NONE',  ( 69.19424598455805153, 3.000000000000000000, -79.64822009782591294 ) ) ;
#4858 = CARTESIAN_POINT ( 'NONE',  ( 19.63757380277242603, 3.000000000000000000, -14.11297399999999058 ) ) ;
#4859 = CARTESIAN_POINT ( 'NONE',  ( 45.96153700000000697, 0.000000000000000000, 8.652596999999996541 ) ) ;
#4860 = ORIENTED_EDGE ( 'NONE', *, *, #5377, .T. ) ;
#4861 = ORIENTED_EDGE ( 'NONE', *, *, #772, .T. ) ;
#4862 = EDGE_CURVE ( 'NONE', #3658, #3948, #4646, .T. ) ;
#4863 = AXIS2_PLACEMENT_3D ( 'NONE', #981, #162, #2256 ) ;
#4864 = DIRECTION ( 'NONE',  ( 0.000000000000000000, 1.000000000000000000, 0.000000000000000000 ) ) ;
#4865 = ORIENTED_EDGE ( 'NONE', *, *, #4330, .T. ) ;
#4866 = CIRCLE ( 'NONE', #3280, 0.1143568108858041693 ) ;
#4867 = DIRECTION ( 'NONE',  ( 0.000000000000000000, 1.000000000000000000, 0.000000000000000000 ) ) ;
#4868 = PLANE ( 'NONE',  #3730 ) ;
#4869 = CIRCLE ( 'NONE', #16, 1.000000000000000888 ) ;
#4870 = CARTESIAN_POINT ( 'NONE',  ( 34.94545446291738244, 3.000000000000000000, -50.49467688865504300 ) ) ;
#4871 = AXIS2_PLACEMENT_3D ( 'NONE', #4017, #1018, #3936 ) ;
#4872 = CARTESIAN_POINT ( 'NONE',  ( 49.50769610875728688, 3.000000000000000000, 17.62982941057849118 ) ) ;
#4873 = DIRECTION ( 'NONE',  ( -0.000000000000000000, -1.000000000000000000, -0.000000000000000000 ) ) ;
#4874 = CARTESIAN_POINT ( 'NONE',  ( -19.63045902376973473, 3.000000000000000444, 40.49748577262892724 ) ) ;
#4875 = CARTESIAN_POINT ( 'NONE',  ( -13.46454380299624098, 3.000000000000000000, 43.52956487241662131 ) ) ;
#4876 = VECTOR ( 'NONE', #2672, 1000.000000000000000 ) ;
#4877 = CARTESIAN_POINT ( 'NONE',  ( 9.539364666702272899, 3.000000000000000000, -17.10761443718288533 ) ) ;
#4878 = EDGE_CURVE ( 'NONE', #3345, #4030, #3046, .T. ) ;
#4879 = CARTESIAN_POINT ( 'NONE',  ( 68.26692682589892058, 3.000000000000000000, -15.52863851868583289 ) ) ;
#4880 = CARTESIAN_POINT ( 'NONE',  ( -62.89546445926887230, 3.000000000000000000, -48.24105080199478124 ) ) ;
#4881 = CARTESIAN_POINT ( 'NONE',  ( -30.00768249258474896, 3.000000000000000000, 52.73050411332617671 ) ) ;
#4882 = ORIENTED_EDGE ( 'NONE', *, *, #404, .F. ) ;
#4883 = LINE ( 'NONE', #5352, #2209 ) ;
#4884 = ADVANCED_FACE ( 'NONE', ( #3427 ), #5104, .T. ) ;
#4885 = CARTESIAN_POINT ( 'NONE',  ( 18.32062889804656791, 0.000000000000000000, -29.16897084099946014 ) ) ;
#4886 = CARTESIAN_POINT ( 'NONE',  ( -21.97600000000000264, 0.000000000000000000, -2.339000000000000856 ) ) ;
#4887 = ORIENTED_EDGE ( 'NONE', *, *, #2743, .T. ) ;
#4888 = ORIENTED_EDGE ( 'NONE', *, *, #4072, .F. ) ;
#4889 = EDGE_CURVE ( 'NONE', #340, #4299, #1538, .T. ) ;
#4890 = CARTESIAN_POINT ( 'NONE',  ( -57.68726925134266992, 3.000000000000000888, -9.020513918806257081 ) ) ;
#4891 = ORIENTED_EDGE ( 'NONE', *, *, #1703, .T. ) ;
#4892 = CARTESIAN_POINT ( 'NONE',  ( 14.49747438088494889, 0.000000000000000000, -15.52027423023884722 ) ) ;
#4893 = CARTESIAN_POINT ( 'NONE',  ( -13.96533100000000438, 3.000000000000000000, -15.58497799999999600 ) ) ;
#4894 = CARTESIAN_POINT ( 'NONE',  ( 60.36323296338900235, 8.673617379884035472E-16, -73.55831211109210699 ) ) ;
#4895 = PLANE ( 'NONE',  #1251 ) ;
#4896 = CARTESIAN_POINT ( 'NONE',  ( -23.65086152088949945, -4.336808689942017736E-16, 42.96565016714738050 ) ) ;
#4897 = DIRECTION ( 'NONE',  ( 0.000000000000000000, 1.000000000000000000, 0.000000000000000000 ) ) ;
#4898 = CARTESIAN_POINT ( 'NONE',  ( 18.58826758058481587, 3.000000000000000000, -29.55924030843859285 ) ) ;
#4899 = CARTESIAN_POINT ( 'NONE',  ( -16.98879675422453062, 3.000000000000000000, -28.87266501110782713 ) ) ;
#4900 = CARTESIAN_POINT ( 'NONE',  ( 56.17797069690737999, 3.000000000000000000, 4.031167890004335952 ) ) ;
#4901 = EDGE_CURVE ( 'NONE', #159, #4141, #4589, .T. ) ;
#4902 = FACE_OUTER_BOUND ( 'NONE', #4710, .T. ) ;
#4903 = AXIS2_PLACEMENT_3D ( 'NONE', #4007, #4389, #3577 ) ;
#4904 = EDGE_CURVE ( 'NONE', #2340, #4150, #1860, .T. ) ;
#4905 = ORIENTED_EDGE ( 'NONE', *, *, #283, .T. ) ;
#4906 = CARTESIAN_POINT ( 'NONE',  ( -49.11001889993010394, 1.694065894508600678E-18, 45.42302506770478487 ) ) ;
#4907 = VECTOR ( 'NONE', #5318, 1000.000000000000000 ) ;
#4908 = EDGE_CURVE ( 'NONE', #2564, #5451, #4381, .T. ) ;
#4909 = ADVANCED_FACE ( 'NONE', ( #4354 ), #3539, .F. ) ;
#4910 = DIRECTION ( 'NONE',  ( 0.000000000000000000, 1.000000000000000000, 0.000000000000000000 ) ) ;
#4911 = DIRECTION ( 'NONE',  ( 0.000000000000000000, 0.000000000000000000, -1.000000000000000000 ) ) ;
#4912 = ORIENTED_EDGE ( 'NONE', *, *, #2443, .T. ) ;
#4913 = AXIS2_PLACEMENT_3D ( 'NONE', #3766, #3304, #5442 ) ;
#4914 = ORIENTED_EDGE ( 'NONE', *, *, #4217, .T. ) ;
#4915 = ADVANCED_FACE ( 'NONE', ( #1802 ), #124, .T. ) ;
#4916 = CARTESIAN_POINT ( 'NONE',  ( -54.41307803009701871, 3.000000000000000888, -2.815150853046603618 ) ) ;
#4917 = ORIENTED_EDGE ( 'NONE', *, *, #4330, .F. ) ;
#4918 = CARTESIAN_POINT ( 'NONE',  ( 47.07256356971266342, 3.000000000000000000, 47.57396855595376906 ) ) ;
#4919 = DIRECTION ( 'NONE',  ( -0.000000000000000000, 1.000000000000000000, 0.000000000000000000 ) ) ;
#4920 = DIRECTION ( 'NONE',  ( -0.000000000000000000, -1.000000000000000000, -0.000000000000000000 ) ) ;
#4921 = CARTESIAN_POINT ( 'NONE',  ( -69.13237399999999866, 3.000000000000000000, -79.74136900000000594 ) ) ;
#4922 = DIRECTION ( 'NONE',  ( 0.000000000000000000, 0.000000000000000000, 1.000000000000000000 ) ) ;
#4923 = CARTESIAN_POINT ( 'NONE',  ( 60.39490716416133154, 0.000000000000000000, -1.479974017190582414 ) ) ;
#4924 = EDGE_CURVE ( 'NONE', #1360, #4840, #2576, .T. ) ;
#4925 = DIRECTION ( 'NONE',  ( 0.000000000000000000, 1.000000000000000000, 0.000000000000000000 ) ) ;
#4926 = CARTESIAN_POINT ( 'NONE',  ( 14.77200215853132903, 3.000000000000000000, -14.11297399999999058 ) ) ;
#4927 = CARTESIAN_POINT ( 'NONE',  ( -55.33109697127581228, 3.000000000000000000, 49.99432001844002116 ) ) ;
#4928 = ORIENTED_EDGE ( 'NONE', *, *, #825, .T. ) ;
#4929 = CARTESIAN_POINT ( 'NONE',  ( 40.26812265805829583, 0.000000000000000000, 48.24986187560627116 ) ) ;
#4930 = DIRECTION ( 'NONE',  ( 0.000000000000000000, -1.000000000000000000, 0.000000000000000000 ) ) ;
#4931 = ORIENTED_EDGE ( 'NONE', *, *, #3204, .T. ) ;
#4932 = B_SPLINE_CURVE_WITH_KNOTS ( 'NONE', 3,
 ( #4324, #2244, #2148, #1834, #3888, #4771, #3005, #5164, #556, #3827, #3100, #964, #1776, #3516, #4672, #2657, #998, #2688, #4294, #50 ),
 .UNSPECIFIED., .F., .F.,
 ( 4, 1, 1, 1, 1, 1, 1, 1, 1, 1, 1, 1, 1, 1, 1, 1, 1, 4 ),
 ( 0.000000000000000000, 0.06114976956808763908, 0.09174933005458461854, 0.1223654752115593825, 0.1768090400663146211, 0.2313128205766634138, 0.2858867812332531178, 0.3951408668983860673, 0.4498602984943149696, 0.5046339889474501517, 0.5594618429825968242, 0.6143436911704879266, 0.7242631389879071735, 0.7793052841105531092, 0.8344002672575118185, 0.8895478291990016606, 0.9447477873492605704, 1.000000000000000000 ),
 .UNSPECIFIED. ) ;
#4933 = ORIENTED_EDGE ( 'NONE', *, *, #4908, .F. ) ;
#4934 = CIRCLE ( 'NONE', #2521, 1.000000000000000888 ) ;
#4935 = CARTESIAN_POINT ( 'NONE',  ( -63.92004680486286361, 3.000000000000000888, -32.34689078352969460 ) ) ;
#4936 = EDGE_LOOP ( 'NONE', ( #289, #1617, #2598, #133 ) ) ;
#4937 = DIRECTION ( 'NONE',  ( 0.000000000000000000, 0.000000000000000000, 1.000000000000000000 ) ) ;
#4938 = DIRECTION ( 'NONE',  ( 0.000000000000000000, -1.000000000000000000, 0.000000000000000000 ) ) ;
#4939 = CARTESIAN_POINT ( 'NONE',  ( 63.24175436749369794, 3.000000000000000000, -75.67690974196260356 ) ) ;
#4940 = VECTOR ( 'NONE', #1278, 1000.000000000000000 ) ;
#4941 = B_SPLINE_CURVE_WITH_KNOTS ( 'NONE', 3,
 ( #4202, #2915, #3385, #4125, #434, #2448, #2498, #4514, #5057, #3794, #1284, #3357, #833, #1203, #4563, #5028, #1259, #2942, #2115, #735, #333, #2018, #3695, #358, #2144 ),
 .UNSPECIFIED., .F., .F.,
 ( 4, 1, 1, 1, 1, 1, 1, 1, 1, 1, 1, 1, 1, 1, 1, 1, 1, 1, 1, 1, 1, 1, 4 ),
 ( 0.000000000000000000, 0.06920947775898932119, 0.1465216444120995276, 0.1831354800254727799, 0.2159025693415151381, 0.2429578026553484427, 0.2538023914587506646, 0.2625878507571603460, 0.3049044877112426222, 0.3485283135868111892, 0.3933479699685360487, 0.4392177628686812496, 0.4859664502440775302, 0.5334042573342233640, 0.5813283477132034083, 0.6295276555681328379, 0.6777869103086732183, 0.7258904331750865024, 0.7736260684193759785, 0.8207888899144244466, 0.8671859340035965591, 0.9126413343934896005, 1.000000000000000000 ),
 .UNSPECIFIED. ) ;
#4942 = ADVANCED_FACE ( 'NONE', ( #281 ), #1962, .T. ) ;
#4943 = CARTESIAN_POINT ( 'NONE',  ( -56.46615775767583756, 3.000000000000000000, 22.24453399322362301 ) ) ;
#4944 = AXIS2_PLACEMENT_3D ( 'NONE', #4579, #5416, #4922 ) ;
#4945 = CARTESIAN_POINT ( 'NONE',  ( 11.97415429935309383, 1.500000000000000222, 32.35536476096952185 ) ) ;
#4946 = CARTESIAN_POINT ( 'NONE',  ( 21.61899999999999267, 0.000000000000000000, 2.861000000000002874 ) ) ;
#4947 = CARTESIAN_POINT ( 'NONE',  ( -64.01178917178602035, 0.000000000000000000, -39.55785164556753131 ) ) ;
#4948 = AXIS2_PLACEMENT_3D ( 'NONE', #1296, #470, #2635 ) ;
#4949 = CARTESIAN_POINT ( 'NONE',  ( 56.18631606666772882, 3.000000000000000000, 47.58530814514181628 ) ) ;
#4950 = ORIENTED_EDGE ( 'NONE', *, *, #631, .T. ) ;
#4951 = CARTESIAN_POINT ( 'NONE',  ( -58.02885117147218352, 3.000000000000000000, 34.01454673380372640 ) ) ;
#4952 = ORIENTED_EDGE ( 'NONE', *, *, #4810, .T. ) ;
#4953 = CARTESIAN_POINT ( 'NONE',  ( -13.99837713361113423, 3.000000000000000000, -14.74238379800740617 ) ) ;
#4954 = CARTESIAN_POINT ( 'NONE',  ( -19.92416417019081010, 0.000000000000000000, -2.589000000000000856 ) ) ;
#4955 = CARTESIAN_POINT ( 'NONE',  ( 63.69711083608191160, 3.000000000000000000, -29.94895857253306559 ) ) ;
#4956 = ORIENTED_EDGE ( 'NONE', *, *, #3860, .F. ) ;
#4957 = VECTOR ( 'NONE', #2131, 1000.000000000000000 ) ;
#4958 = VERTEX_POINT ( 'NONE', #1989 ) ;
#4959 = DIRECTION ( 'NONE',  ( -0.000000000000000000, -1.000000000000000000, -0.000000000000000000 ) ) ;
#4960 = DIRECTION ( 'NONE',  ( 0.000000000000000000, 0.000000000000000000, 1.000000000000000000 ) ) ;
#4961 = VERTEX_POINT ( 'NONE', #1550 ) ;
#4962 = CARTESIAN_POINT ( 'NONE',  ( 50.60427557001374765, 3.000000000000000000, 20.91910442031266726 ) ) ;
#4963 = EDGE_CURVE ( 'NONE', #19, #4778, #802, .T. ) ;
#4964 = PLANE ( 'NONE',  #1761 ) ;
#4965 = ORIENTED_EDGE ( 'NONE', *, *, #3135, .T. ) ;
#4966 = CARTESIAN_POINT ( 'NONE',  ( 38.17292978149257721, 8.673617379884035472E-16, -53.94223427134963345 ) ) ;
#4967 = EDGE_CURVE ( 'NONE', #347, #3267, #3286, .T. ) ;
#4968 = DIRECTION ( 'NONE',  ( -0.000000000000000000, -1.000000000000000000, -0.000000000000000000 ) ) ;
#4969 = CARTESIAN_POINT ( 'NONE',  ( 14.23807447870198750, 3.000000000000000000, 17.63653858700506660 ) ) ;
#4970 = LINE ( 'NONE', #2109, #308 ) ;
#4971 = CARTESIAN_POINT ( 'NONE',  ( -51.36870917564574768, 1.694065894508600678E-18, 34.25606481865698072 ) ) ;
#4972 = CARTESIAN_POINT ( 'NONE',  ( -61.30656566835795473, 0.000000000000000000, -18.11428224824254229 ) ) ;
#4973 = CARTESIAN_POINT ( 'NONE',  ( 0.000000000000000000, 0.000000000000000000, 0.000000000000000000 ) ) ;
#4974 = EDGE_LOOP ( 'NONE', ( #2972, #3386, #5427, #1027 ) ) ;
#4975 = CARTESIAN_POINT ( 'NONE',  ( -57.42354327153222471, 0.000000000000000000, 27.18113448954016675 ) ) ;
#4976 = EDGE_LOOP ( 'NONE', ( #4040, #177, #2812, #5303 ) ) ;
#4977 = CARTESIAN_POINT ( 'NONE',  ( 29.39521040800501694, 3.000000000000000000, 45.60067303327976163 ) ) ;
#4978 = CARTESIAN_POINT ( 'NONE',  ( 62.89546445926887230, 3.000000000000000000, -48.24105080199478124 ) ) ;
#4979 = EDGE_CURVE ( 'NONE', #4542, #3925, #2400, .T. ) ;
#4980 = ORIENTED_EDGE ( 'NONE', *, *, #3825, .F. ) ;
#4981 = CARTESIAN_POINT ( 'NONE',  ( -3.907848913359288634, 0.000000000000000000, 33.27128967849543528 ) ) ;
#4982 = ORIENTED_EDGE ( 'NONE', *, *, #969, .T. ) ;
#4983 = CIRCLE ( 'NONE', #1931, 0.2500000000000002220 ) ;
#4984 = CARTESIAN_POINT ( 'NONE',  ( 14.25599292032159227, 0.000000000000000000, -15.58497897661953147 ) ) ;
#4985 = VECTOR ( 'NONE', #2355, 1000.000000000000000 ) ;
#4986 = CARTESIAN_POINT ( 'NONE',  ( -63.57381288809950348, 0.000000000000000000, -44.34928438508360671 ) ) ;
#4987 = VERTEX_POINT ( 'NONE', #4409 ) ;
#4988 = CARTESIAN_POINT ( 'NONE',  ( -7.700774901175889475, 3.000000000000000000, 14.89579179022538824 ) ) ;
#4989 = CARTESIAN_POINT ( 'NONE',  ( 51.64832527752160019, 3.000000000000000000, 27.97463842938604728 ) ) ;
#4990 = LINE ( 'NONE', #795, #4481 ) ;
#4991 = EDGE_LOOP ( 'NONE', ( #1868, #1945, #3264, #898 ) ) ;
#4992 = CARTESIAN_POINT ( 'NONE',  ( -57.84613504054144784, 3.000000000000000000, 30.57518755677947198 ) ) ;
#4993 = CARTESIAN_POINT ( 'NONE',  ( 62.97365150562539782, 3.000000000000000000, -25.17990150530035720 ) ) ;
#4994 = LINE ( 'NONE', #1176, #2682 ) ;
#4995 = EDGE_CURVE ( 'NONE', #2899, #2248, #1623, .T. ) ;
#4996 = AXIS2_PLACEMENT_3D ( 'NONE', #922, #3942, #2676 ) ;
#4997 = CARTESIAN_POINT ( 'NONE',  ( -52.50605514512982808, 0.000000000000000000, 0.1823456245236336759 ) ) ;
#4998 = FACE_OUTER_BOUND ( 'NONE', #2651, .T. ) ;
#4999 = ORIENTED_EDGE ( 'NONE', *, *, #4047, .F. ) ;
#5000 = CARTESIAN_POINT ( 'NONE',  ( -51.84063968968351332, 3.000000000000000000, 9.753362731230151184 ) ) ;
#5001 = EDGE_LOOP ( 'NONE', ( #3154, #4718, #3198, #2616 ) ) ;
#5002 = VECTOR ( 'NONE', #4432, 1000.000000000000000 ) ;
#5003 = FACE_OUTER_BOUND ( 'NONE', #2497, .T. ) ;
#5004 = MANIFOLD_SOLID_BREP ( 'Fillet5', #5111 ) ;
#5005 = CARTESIAN_POINT ( 'NONE',  ( 43.47364176644354217, 0.000000000000000000, 48.52725241447157600 ) ) ;
#5006 = DIRECTION ( 'NONE',  ( -1.301042606982605715E-15, 0.000000000000000000, 1.000000000000000000 ) ) ;
#5007 = VERTEX_POINT ( 'NONE', #4946 ) ;
#5008 = CARTESIAN_POINT ( 'NONE',  ( 14.25599292032159227, 3.000000000000000000, -15.58497897661953147 ) ) ;
#5009 = ORIENTED_EDGE ( 'NONE', *, *, #279, .T. ) ;
#5010 = CARTESIAN_POINT ( 'NONE',  ( -47.07256356971269184, 1.500000000000000000, 47.57396855595374774 ) ) ;
#5011 = DIRECTION ( 'NONE',  ( 0.000000000000000000, 0.000000000000000000, 1.000000000000000000 ) ) ;
#5012 = CYLINDRICAL_SURFACE ( 'NONE', #4582, 1.000000000000000888 ) ;
#5013 = ORIENTED_EDGE ( 'NONE', *, *, #5407, .F. ) ;
#5014 = DIRECTION ( 'NONE',  ( -3.469446951953611033E-15, 0.000000000000000000, 1.000000000000000000 ) ) ;
#5015 = ORIENTED_EDGE ( 'NONE', *, *, #2270, .F. ) ;
#5016 = CIRCLE ( 'NONE', #2663, 0.1118251333528941238 ) ;
#5017 = CARTESIAN_POINT ( 'NONE',  ( -75.01598022859300841, 3.000000000000000000, -54.09374303767065584 ) ) ;
#5018 = DIRECTION ( 'NONE',  ( 0.000000000000000000, -1.000000000000000000, 0.000000000000000000 ) ) ;
#5019 = CARTESIAN_POINT ( 'NONE',  ( 60.16466442878638787, 3.000000000000000000, -57.34598217879781146 ) ) ;
#5020 = CARTESIAN_POINT ( 'NONE',  ( 4.748878830294631648, 0.000000000000000000, 33.57505918848508486 ) ) ;
#5021 = CARTESIAN_POINT ( 'NONE',  ( -51.64638579988787370, 1.694065894508600678E-18, 28.81081322521016119 ) ) ;
#5022 = ADVANCED_FACE ( 'NONE', ( #2548 ), #5390, .F. ) ;
#5023 = VECTOR ( 'NONE', #237, 1000.000000000000000 ) ;
#5024 = CARTESIAN_POINT ( 'NONE',  ( 25.04646925433932125, 3.000000000000000000, 50.90397181029609897 ) ) ;
#5025 = VECTOR ( 'NONE', #3500, 1000.000000000000000 ) ;
#5026 = LINE ( 'NONE', #4926, #5081 ) ;
#5027 = ORIENTED_EDGE ( 'NONE', *, *, #4878, .F. ) ;
#5028 = CARTESIAN_POINT ( 'NONE',  ( 30.00768249258474896, 0.000000000000000000, 52.73050411332617671 ) ) ;
#5029 = ORIENTED_EDGE ( 'NONE', *, *, #230, .F. ) ;
#5030 = EDGE_CURVE ( 'NONE', #2170, #2032, #2036, .T. ) ;
#5031 = CARTESIAN_POINT ( 'NONE',  ( 51.25356861471068015, 3.000000000000000000, 36.12266035880166015 ) ) ;
#5032 = ADVANCED_FACE ( 'NONE', ( #5366 ), #4556, .F. ) ;
#5033 = AXIS2_PLACEMENT_3D ( 'NONE', #2083, #2467, #3324 ) ;
#5034 = CARTESIAN_POINT ( 'NONE',  ( 30.72574520725112990, 3.000000000000000000, 46.07608411214243205 ) ) ;
#5035 = CARTESIAN_POINT ( 'NONE',  ( 64.01178917178602035, 3.000000000000000000, -39.55785164556753131 ) ) ;
#5036 = CARTESIAN_POINT ( 'NONE',  ( 51.25850343980033585, 1.694065894508600678E-18, 23.70324265457825064 ) ) ;
#5037 = ORIENTED_EDGE ( 'NONE', *, *, #4115, .F. ) ;
#5038 = DIRECTION ( 'NONE',  ( 0.000000000000000000, -1.000000000000000000, 0.000000000000000000 ) ) ;
#5039 = ORIENTED_EDGE ( 'NONE', *, *, #4072, .T. ) ;
#5040 = DIRECTION ( 'NONE',  ( 0.000000000000000000, 0.000000000000000000, -1.000000000000000000 ) ) ;
#5041 = DIRECTION ( 'NONE',  ( 0.000000000000000000, 0.000000000000000000, 1.000000000000000000 ) ) ;
#5042 = CARTESIAN_POINT ( 'NONE',  ( 56.86714897299667371, 0.000000000000000000, 45.11435451232583205 ) ) ;
#5043 = CARTESIAN_POINT ( 'NONE',  ( -9.558553129711151897, 3.000000000000000000, 39.23342886425640330 ) ) ;
#5044 = VERTEX_POINT ( 'NONE', #2519 ) ;
#5045 = AXIS2_PLACEMENT_3D ( 'NONE', #2260, #5259, #2732 ) ;
#5046 = CARTESIAN_POINT ( 'NONE',  ( 7.861437236529988937, 0.000000000000000000, 14.89579097032033062 ) ) ;
#5047 = ORIENTED_EDGE ( 'NONE', *, *, #3060, .F. ) ;
#5048 = EDGE_CURVE ( 'NONE', #783, #3466, #4994, .T. ) ;
#5049 = EDGE_CURVE ( 'NONE', #5007, #4594, #304, .T. ) ;
#5050 = CARTESIAN_POINT ( 'NONE',  ( -21.72600000000000264, 3.000000000000000000, -2.339000000000000856 ) ) ;
#5051 = CARTESIAN_POINT ( 'NONE',  ( 45.96153700000000697, 0.000000000000000000, 8.652596999999996541 ) ) ;
#5052 = DIRECTION ( 'NONE',  ( -0.2588189855227263081, 0.000000000000000000, 0.9659258422534241495 ) ) ;
#5053 = CARTESIAN_POINT ( 'NONE',  ( -75.01598022859300841, 3.000000000000000000, -54.09374303767065584 ) ) ;
#5054 = CARTESIAN_POINT ( 'NONE',  ( 22.68784819354412718, 3.000000000000000000, 49.82691168489510147 ) ) ;
#5055 = CARTESIAN_POINT ( 'NONE',  ( -51.17040117174379787, 3.000000000000000000, 36.98765994906924703 ) ) ;
#5056 = ORIENTED_EDGE ( 'NONE', *, *, #3204, .F. ) ;
#5057 = CARTESIAN_POINT ( 'NONE',  ( 14.92823454738873501, 0.000000000000000000, 44.90736115638048176 ) ) ;
#5058 = VERTEX_POINT ( 'NONE', #5020 ) ;
#5059 = CARTESIAN_POINT ( 'NONE',  ( 50.61474012157911773, 3.000000000000000000, 40.41865233515631672 ) ) ;
#5060 = CYLINDRICAL_SURFACE ( 'NONE', #2105, 0.2500000000000002220 ) ;
#5061 = ADVANCED_FACE ( 'NONE', ( #402 ), #3302, .F. ) ;
#5062 = PLANE ( 'NONE',  #365 ) ;
#5063 = DIRECTION ( 'NONE',  ( -0.000000000000000000, -1.000000000000000000, -0.000000000000000000 ) ) ;
#5064 = LINE ( 'NONE', #2658, #3634 ) ;
#5065 = CARTESIAN_POINT ( 'NONE',  ( 51.07672011127198886, 1.694065894508600678E-18, 22.78601691263700957 ) ) ;
#5066 = VERTEX_POINT ( 'NONE', #4119 ) ;
#5067 = APPLICATION_PROTOCOL_DEFINITION ( 'draft international standard', 'automotive_design', 1998, #2469 ) ;
#5068 = EDGE_CURVE ( 'NONE', #1065, #5399, #4684, .T. ) ;
#5069 = VERTEX_POINT ( 'NONE', #4194 ) ;
#5070 = DIRECTION ( 'NONE',  ( 0.000000000000000000, -1.000000000000000000, 0.000000000000000000 ) ) ;
#5071 = DIRECTION ( 'NONE',  ( 0.000000000000000000, 0.000000000000000000, 1.000000000000000000 ) ) ;
#5072 = DIRECTION ( 'NONE',  ( -0.000000000000000000, -1.000000000000000000, -0.000000000000000000 ) ) ;
#5073 = CARTESIAN_POINT ( 'NONE',  ( 45.94171699999998992, 3.000000000000000000, 8.763695999999999486 ) ) ;
#5074 = CARTESIAN_POINT ( 'NONE',  ( -38.23608357104376410, -1.694065894508600678E-18, -42.81546693887787569 ) ) ;
#5075 = ORIENTED_EDGE ( 'NONE', *, *, #1439, .T. ) ;
#5076 = CARTESIAN_POINT ( 'NONE',  ( -62.97365150562539782, 3.000000000000000000, -25.17990150530035720 ) ) ;
#5077 = DIRECTION ( 'NONE',  ( 0.2588191740101292160, 0.000000000000000000, 0.9659257917483695666 ) ) ;
#5078 = AXIS2_PLACEMENT_3D ( 'NONE', #277, #2051, #4598 ) ;
#5079 = VERTEX_POINT ( 'NONE', #428 ) ;
#5080 = EDGE_CURVE ( 'NONE', #2955, #3608, #4970, .T. ) ;
#5081 = VECTOR ( 'NONE', #805, 1000.000000000000000 ) ;
#5082 = CARTESIAN_POINT ( 'NONE',  ( -14.33681139814191674, 0.000000000000000000, 18.60463522328305430 ) ) ;
#5083 = CARTESIAN_POINT ( 'NONE',  ( -47.09769371295864460, 0.000000000000000000, 48.57365274403540667 ) ) ;
#5084 = CARTESIAN_POINT ( 'NONE',  ( 45.33045749271477831, 3.000000000000000000, -48.68501421704478815 ) ) ;
#5085 = CARTESIAN_POINT ( 'NONE',  ( 8.577433739726018302, 3.000000000000000000, -14.48356450723862565 ) ) ;
#5086 = CARTESIAN_POINT ( 'NONE',  ( -73.88660271667157531, 3.000000000000000000, -34.07411965320424230 ) ) ;
#5087 = DIRECTION ( 'NONE',  ( -0.000000000000000000, -1.000000000000000000, -0.000000000000000000 ) ) ;
#5088 = CARTESIAN_POINT ( 'NONE',  ( 35.17931797114327708, 3.000000000000000000, 54.08985714986710036 ) ) ;
#5089 = FACE_OUTER_BOUND ( 'NONE', #3537, .T. ) ;
#5090 = VERTEX_POINT ( 'NONE', #4580 ) ;
#5091 = CARTESIAN_POINT ( 'NONE',  ( -26.47344139707613664, 3.000000000000000444, 44.38067799441639494 ) ) ;
#5092 = CARTESIAN_POINT ( 'NONE',  ( 73.33589601838630756, 0.000000000000000000, -31.24893448183900801 ) ) ;
#5093 = ORIENTED_EDGE ( 'NONE', *, *, #976, .T. ) ;
#5094 = EDGE_CURVE ( 'NONE', #267, #4522, #801, .T. ) ;
#5095 = CIRCLE ( 'NONE', #81, 0.5000000000000000000 ) ;
#5096 = EDGE_CURVE ( 'NONE', #131, #815, #3477, .T. ) ;
#5097 = CARTESIAN_POINT ( 'NONE',  ( 13.12573313240417150, 3.000000000000000000, 13.48522638331527368 ) ) ;
#5098 = CYLINDRICAL_SURFACE ( 'NONE', #291, 1.000000000000000888 ) ;
#5099 = DIRECTION ( 'NONE',  ( 0.000000000000000000, 0.000000000000000000, -1.000000000000000000 ) ) ;
#5100 = DIRECTION ( 'NONE',  ( -0.000000000000000000, -1.000000000000000000, -0.000000000000000000 ) ) ;
#5101 = ORIENTED_EDGE ( 'NONE', *, *, #4476, .T. ) ;
#5102 = ORIENTED_EDGE ( 'NONE', *, *, #4782, .T. ) ;
#5103 = DIRECTION ( 'NONE',  ( 0.000000000000000000, 0.000000000000000000, 1.000000000000000000 ) ) ;
#5104 = PLANE ( 'NONE',  #3807 ) ;
#5105 = CARTESIAN_POINT ( 'NONE',  ( 22.68784819354412718, 3.000000000000000000, 49.82691168489510147 ) ) ;
#5106 = CARTESIAN_POINT ( 'NONE',  ( 56.99661394790859248, 0.000000000000000000, 24.68591891454632403 ) ) ;
#5107 = CARTESIAN_POINT ( 'NONE',  ( 14.32069810022330181, 0.000000000000000000, 18.91081932102126117 ) ) ;
#5108 = B_SPLINE_CURVE_WITH_KNOTS ( 'NONE', 3,
 ( #1226, #4251, #74, #4146, #3409, #2551, #2232, #3876, #3478, #3912, #482, #106, #1796, #1310, #4315, #955, #3505, #2968, #3089, #5182, #5206, #987, #143, #2167, #1405, #2647, #4727, #547, #4224, #4761, #5156, #455, #2583, #168 ),
 .UNSPECIFIED., .F., .F.,
 ( 4, 1, 1, 1, 1, 1, 1, 1, 1, 1, 1, 1, 1, 1, 1, 1, 1, 1, 1, 1, 1, 1, 1, 1, 1, 1, 1, 1, 1, 1, 1, 4 ),
 ( 0.01432074041799108639, 0.04953250805321672556, 0.07507457467481723490, 0.1006175245099810989, 0.1261557507270576473, 0.1516907223483881240, 0.1772191427898470173, 0.2027399975687304290, 0.2282529325392307906, 0.2537553468010663726, 0.2792452409082691878, 0.3047229566969058001, 0.3301855049608792836, 0.3556337556810078571, 0.3810642611126719981, 0.4064694989501170252, 0.4442389824015975930, 0.4819479793836420334, 0.5196063951257438029, 0.5572131062779405175, 0.5947671961786660244, 0.6322673588832004032, 0.6697114270439029626, 0.7070959123558659964, 0.7444185941530346851, 0.7816765658296563890, 0.8188681407795083134, 0.8559925713311657969, 0.8930463069819427613, 0.9300305291004659081, 0.9669454447166447864, 0.9746646690335177832 ),
 .UNSPECIFIED. ) ;
#5109 = ORIENTED_EDGE ( 'NONE', *, *, #1554, .F. ) ;
#5110 = CARTESIAN_POINT ( 'NONE',  ( 53.03508199999999562, 0.000000000000000000, 54.55017699999999081 ) ) ;
#5111 = CLOSED_SHELL ( 'NONE', ( #1985, #4472, #4909, #2323, #603, #2122, #228, #1054, #1503, #2522, #5329, #2219, #1927, #3287, #5375, #675, #3541, #4942, #2540, #4651, #3443, #3311, #4264, #421, #2456, #4335, #3612, #91, #4098, #1847, #3103, #4537, #3715, #2046, #1035, #4279, #169, #4157, #2021, #2306, #2191, #2860, #2997, #1391, #4915, #3509, #580, #12, #1047, #2408, #4466, #3400, #2700, #1204, #354, #3118, #1773, #4063, #1825, #1011, #3740, #2161, #2375, #2389, #1363, #3705, #2008, #2362, #4884, #921, #3207, #4404, #3263, #608, #810, #5022, #4699, #1605, #2285, #4407, #1417, #4129, #3920, #5445, #4274, #3963, #1759, #600, #816, #5032, #1585, #1485, #5292, #3105, #5061, #1096, #1559, #5253, #312, #4763, #248, #4253, #5220, #1630, #1162, #2881, #2805, #4748, #5317, #564, #4519, #3522, #1425 ) ) ;
#5112 = ORIENTED_EDGE ( 'NONE', *, *, #4476, .F. ) ;
#5113 = EDGE_CURVE ( 'NONE', #4141, #3446, #4632, .T. ) ;
#5114 = CARTESIAN_POINT ( 'NONE',  ( 74.44460913759078835, 0.000000000000000000, -59.90541375806012070 ) ) ;
#5115 = DIRECTION ( 'NONE',  ( 0.000000000000000000, 1.000000000000000000, 0.000000000000000000 ) ) ;
#5116 = CARTESIAN_POINT ( 'NONE',  ( 59.70593670510816509, 0.000000000000000000, -13.51475326089808426 ) ) ;
#5117 = DIRECTION ( 'NONE',  ( 1.000000000000000000, 0.000000000000000000, -0.000000000000000000 ) ) ;
#5118 = CARTESIAN_POINT ( 'NONE',  ( -75.15097199383085069, 0.000000000000000000, -51.17767105170879915 ) ) ;
#5119 = CARTESIAN_POINT ( 'NONE',  ( -63.24175436749369794, 3.000000000000000000, -75.67690974196260356 ) ) ;
#5120 = EDGE_CURVE ( 'NONE', #459, #1316, #3874, .T. ) ;
#5121 = DIRECTION ( 'NONE',  ( -1.040834085586083310E-14, 0.000000000000000000, 1.000000000000000000 ) ) ;
#5122 = VECTOR ( 'NONE', #1971, 1000.000000000000000 ) ;
#5123 = CARTESIAN_POINT ( 'NONE',  ( 43.02901124936550303, 3.000000000000000000, 55.17307544992112867 ) ) ;
#5124 = CARTESIAN_POINT ( 'NONE',  ( -45.94171699999998992, 0.000000000000000000, 8.763695999999999486 ) ) ;
#5125 = ORIENTED_EDGE ( 'NONE', *, *, #825, .F. ) ;
#5126 = CARTESIAN_POINT ( 'NONE',  ( -52.22403125286268022, 1.694065894508600678E-18, 10.55998522415843155 ) ) ;
#5127 = CARTESIAN_POINT ( 'NONE',  ( 67.48026777112259822, 3.000000000000000000, -13.78243298595314137 ) ) ;
#5128 = VERTEX_POINT ( 'NONE', #3844 ) ;
#5129 = VECTOR ( 'NONE', #2779, 1000.000000000000000 ) ;
#5130 = CARTESIAN_POINT ( 'NONE',  ( -21.72600000000000264, 3.000000000000000000, -2.589000000000000856 ) ) ;
#5131 = DIRECTION ( 'NONE',  ( -0.01830596711091858272, 0.000000000000000000, -0.9998324317445068665 ) ) ;
#5132 = DIRECTION ( 'NONE',  ( 0.000000000000000000, 1.000000000000000000, 0.000000000000000000 ) ) ;
#5133 = CARTESIAN_POINT ( 'NONE',  ( 48.40666136689782206, 1.694065894508600678E-18, 47.09949103918490465 ) ) ;
#5134 = VERTEX_POINT ( 'NONE', #3025 ) ;
#5135 = AXIS2_PLACEMENT_3D ( 'NONE', #2294, #664, #3206 ) ;
#5136 = B_SPLINE_SURFACE_WITH_KNOTS ( 'NONE', 3, 1, ( 
 ( #1621, #1645 ),
 ( #875, #3642 ),
 ( #3291, #2509 ),
 ( #2457, #4136 ),
 ( #3732, #1244 ),
 ( #4186, #5408 ),
 ( #3314, #5195 ),
 ( #2664, #566 ),
 ( #2250, #4747 ),
 ( #3047, #1424 ),
 ( #185, #2636 ),
 ( #1392, #4334 ),
 ( #5105, #3523 ),
 ( #3834, #3012 ),
 ( #3460, #3137 ),
 ( #1870, #4682 ),
 ( #93, #2280 ),
 ( #2694, #3108 ),
 ( #940, #4804 ),
 ( #4302, #1364 ),
 ( #4775, #1008 ),
 ( #3958, #1037 ),
 ( #5223, #3076 ),
 ( #4714, #4268 ),
 ( #972, #910 ) ),
 .UNSPECIFIED., .F., .F., .F.,
 ( 4, 1, 1, 1, 1, 1, 1, 1, 1, 1, 1, 1, 1, 1, 1, 1, 1, 1, 1, 1, 1, 1, 4 ),
 ( 2, 2 ),
 ( 0.000000000000000000, 0.06920947775898932119, 0.1465216444120995276, 0.1831354800254727799, 0.2159025693415151381, 0.2429578026553484427, 0.2538023914587506646, 0.2625878507571603460, 0.3049044877112426222, 0.3485283135868111892, 0.3933479699685360487, 0.4392177628686812496, 0.4859664502440775302, 0.5334042573342233640, 0.5813283477132034083, 0.6295276555681328379, 0.6777869103086732183, 0.7258904331750865024, 0.7736260684193759785, 0.8207888899144244466, 0.8671859340035965591, 0.9126413343934896005, 1.000000000000000000 ),
 ( 0.000000000000000000, 1.000000000000000000 ),
 .UNSPECIFIED. ) ;
#5137 = ORIENTED_EDGE ( 'NONE', *, *, #4494, .F. ) ;
#5138 = CIRCLE ( 'NONE', #2410, 0.2500000000000002220 ) ;
#5139 = CARTESIAN_POINT ( 'NONE',  ( 0.000000000000000000, 3.000000000000000000, 0.000000000000000000 ) ) ;
#5140 = CARTESIAN_POINT ( 'NONE',  ( -14.40151614669819757, 3.000000000000000000, 18.84611668326346035 ) ) ;
#5141 = DIRECTION ( 'NONE',  ( 0.000000000000000000, 0.000000000000000000, -1.000000000000000000 ) ) ;
#5142 = CARTESIAN_POINT ( 'NONE',  ( 57.73796121463694675, 3.000000000000000000, 40.03915219554151861 ) ) ;
#5143 = VECTOR ( 'NONE', #1101, 1000.000000000000000 ) ;
#5144 = CARTESIAN_POINT ( 'NONE',  ( -14.92823454738873501, 3.000000000000000000, 44.90736115638048176 ) ) ;
#5145 = VERTEX_POINT ( 'NONE', #5085 ) ;
#5146 = ORIENTED_EDGE ( 'NONE', *, *, #270, .T. ) ;
#5147 = CARTESIAN_POINT ( 'NONE',  ( -56.17797069690737999, 3.000000000000000000, 4.031167890004335952 ) ) ;
#5148 = CARTESIAN_POINT ( 'NONE',  ( -43.04721560209382147, 0.000000000000000000, -46.88065575780606054 ) ) ;
#5149 = CARTESIAN_POINT ( 'NONE',  ( -30.72574520725112990, 0.000000000000000000, 46.07608411214243205 ) ) ;
#5150 = EDGE_CURVE ( 'NONE', #3267, #4150, #5204, .T. ) ;
#5151 = CARTESIAN_POINT ( 'NONE',  ( 62.97365150562539782, 0.000000000000000000, -25.17990150530035720 ) ) ;
#5152 = DIRECTION ( 'NONE',  ( 0.000000000000000000, 0.000000000000000000, -1.000000000000000000 ) ) ;
#5153 = CARTESIAN_POINT ( 'NONE',  ( -75.19643174213283032, 0.000000000000000000, -47.28664632753167041 ) ) ;
#5154 = EDGE_CURVE ( 'NONE', #2858, #2071, #1338, .T. ) ;
#5155 = DIRECTION ( 'NONE',  ( -0.2588189855227273073, 0.000000000000000000, 0.9659258422534238164 ) ) ;
#5156 = CARTESIAN_POINT ( 'NONE',  ( -12.50859194856952961, 3.000000000000000000, 34.43617758156187136 ) ) ;
#5157 = CARTESIAN_POINT ( 'NONE',  ( 32.57583771019902485, 3.000000000000000000, 53.47084885933507081 ) ) ;
#5158 = CARTESIAN_POINT ( 'NONE',  ( -51.64832527752160019, 3.000000000000000000, 27.97463842938604728 ) ) ;
#5159 = ORIENTED_EDGE ( 'NONE', *, *, #1742, .T. ) ;
#5160 = CARTESIAN_POINT ( 'NONE',  ( -30.72574520725112990, 3.000000000000000444, 46.07608411214243205 ) ) ;
#5161 = CARTESIAN_POINT ( 'NONE',  ( 72.10499851117937453, 0.000000000000000000, -71.35853959186772499 ) ) ;
#5162 = CARTESIAN_POINT ( 'NONE',  ( 18.32062889804634409, 3.000000000000000000, -29.16897084099914039 ) ) ;
#5163 = DIRECTION ( 'NONE',  ( 0.000000000000000000, 0.000000000000000000, -1.000000000000000000 ) ) ;
#5164 = CARTESIAN_POINT ( 'NONE',  ( 34.94545446291738244, 3.000000000000000000, -50.49467688865504300 ) ) ;
#5165 = DIRECTION ( 'NONE',  ( 0.000000000000000000, -1.000000000000000000, 0.000000000000000000 ) ) ;
#5166 = DIRECTION ( 'NONE',  ( 0.000000000000000000, -1.000000000000000000, 0.000000000000000000 ) ) ;
#5167 = ORIENTED_EDGE ( 'NONE', *, *, #3117, .F. ) ;
#5168 = ORIENTED_EDGE ( 'NONE', *, *, #489, .F. ) ;
#5169 = LINE ( 'NONE', #5140, #4510 ) ;
#5170 = CARTESIAN_POINT ( 'NONE',  ( -21.72600000000000264, 3.000000000000000000, 2.611000000000001098 ) ) ;
#5171 = CARTESIAN_POINT ( 'NONE',  ( 22.28067675997548136, 0.000000000000000000, 42.18785769550562748 ) ) ;
#5172 = ORIENTED_EDGE ( 'NONE', *, *, #2757, .T. ) ;
#5173 = CARTESIAN_POINT ( 'NONE',  ( -45.96153700000000697, 3.000000000000000000, 8.652596999999996541 ) ) ;
#5174 = VERTEX_POINT ( 'NONE', #1374 ) ;
#5175 = CARTESIAN_POINT ( 'NONE',  ( -59.04316248994994254, 3.000000000000000000, 0.3939601283460208436 ) ) ;
#5176 = CARTESIAN_POINT ( 'NONE',  ( -55.30373892496148613, 0.000000000000000000, -55.73084995483437609 ) ) ;
#5177 = CARTESIAN_POINT ( 'NONE',  ( 4.024501119728221887, 3.000000000000000000, 33.26446250471916954 ) ) ;
#5178 = CARTESIAN_POINT ( 'NONE',  ( 26.32268500000000344, 3.000000000000000000, -30.84581199999999157 ) ) ;
#5179 = LINE ( 'NONE', #4222, #2686 ) ;
#5180 = DIRECTION ( 'NONE',  ( 0.000000000000000000, 0.000000000000000000, 1.000000000000000000 ) ) ;
#5181 = CARTESIAN_POINT ( 'NONE',  ( 57.41759783208953394, -1.694065894508600678E-18, -57.05242572753787300 ) ) ;
#5182 = CARTESIAN_POINT ( 'NONE',  ( -26.47344139707613664, 3.000000000000000000, 44.38067799441639494 ) ) ;
#5183 = CARTESIAN_POINT ( 'NONE',  ( 51.64832527752160019, 3.000000000000000000, 27.97463842938604728 ) ) ;
#5184 = CARTESIAN_POINT ( 'NONE',  ( -51.25356861471068015, 3.000000000000000000, 36.12266035880166015 ) ) ;
#5185 = ORIENTED_EDGE ( 'NONE', *, *, #2587, .T. ) ;
#5186 = CARTESIAN_POINT ( 'NONE',  ( -56.86714897299667371, 1.694065894508600678E-18, 45.11435451232583205 ) ) ;
#5187 = CARTESIAN_POINT ( 'NONE',  ( 73.47345917354013523, 0.000000000000000000, -65.66879731386144670 ) ) ;
#5188 = EDGE_LOOP ( 'NONE', ( #1567, #1995, #3239, #1472 ) ) ;
#5189 = CARTESIAN_POINT ( 'NONE',  ( 52.22403125286269443, 1.694065894508600678E-18, 10.55998522415844931 ) ) ;
#5190 = CARTESIAN_POINT ( 'NONE',  ( 12.50859194856952961, 0.000000000000000000, 34.43617758156187136 ) ) ;
#5191 = CARTESIAN_POINT ( 'NONE',  ( 14.77200215853132903, 0.000000000000000000, -14.11297399999999058 ) ) ;
#5192 = CARTESIAN_POINT ( 'NONE',  ( 0.000000000000000000, 0.000000000000000000, -14.11297399999999058 ) ) ;
#5193 = VERTEX_POINT ( 'NONE', #4344 ) ;
#5194 = DIRECTION ( 'NONE',  ( -0.000000000000000000, -1.000000000000000000, -0.000000000000000000 ) ) ;
#5195 = CARTESIAN_POINT ( 'NONE',  ( 13.46454380299624098, 2.602085213965210642E-15, 43.52956487241662131 ) ) ;
#5196 = CARTESIAN_POINT ( 'NONE',  ( 38.14617242316049328, 0.000000000000000000, 47.94465861678471441 ) ) ;
#5197 = VERTEX_POINT ( 'NONE', #951 ) ;
#5198 = CIRCLE ( 'NONE', #3534, 1.000000000000000888 ) ;
#5199 = VERTEX_POINT ( 'NONE', #71 ) ;
#5200 = CARTESIAN_POINT ( 'NONE',  ( -65.82221648002720826, 3.000000000000000000, -10.32104284989116216 ) ) ;
#5201 = CARTESIAN_POINT ( 'NONE',  ( -52.41454668428509933, 3.000000000000000000, -53.81650743556752303 ) ) ;
#5202 = DIRECTION ( 'NONE',  ( -0.000000000000000000, 0.000000000000000000, -1.000000000000000000 ) ) ;
#5203 = CARTESIAN_POINT ( 'NONE',  ( -20.59824484781593767, 0.000000000000000000, -32.52759999443244254 ) ) ;
#5204 = LINE ( 'NONE', #983, #4347 ) ;
#5205 = CARTESIAN_POINT ( 'NONE',  ( 11.62707736313945084, 0.000000000000000000, 31.41752810122989104 ) ) ;
#5206 = CARTESIAN_POINT ( 'NONE',  ( -25.04897453056247869, 3.000000000000000000, 43.69697323368394137 ) ) ;
#5207 = CARTESIAN_POINT ( 'NONE',  ( 49.69949039038171890, 3.000000000000000000, 43.77952958813786211 ) ) ;
#5208 = CARTESIAN_POINT ( 'NONE',  ( -48.12931955041967313, 3.000000000000000000, 47.69028253737586454 ) ) ;
#5209 = ORIENTED_EDGE ( 'NONE', *, *, #173, .T. ) ;
#5210 = CARTESIAN_POINT ( 'NONE',  ( -51.84063968968351332, 1.694065894508600678E-18, 9.753362731230158289 ) ) ;
#5211 = CARTESIAN_POINT ( 'NONE',  ( 74.00885349564477167, 0.000000000000000000, -62.79472622012763594 ) ) ;
#5212 = VERTEX_POINT ( 'NONE', #4692 ) ;
#5213 = EDGE_CURVE ( 'NONE', #3043, #3052, #2783, .T. ) ;
#5214 = VECTOR ( 'NONE', #2272, 1000.000000000000000 ) ;
#5215 = CARTESIAN_POINT ( 'NONE',  ( 27.80819356064831993, 3.000000000000000000, -32.53384667572115774 ) ) ;
#5216 = CARTESIAN_POINT ( 'NONE',  ( 69.50758746322182446, 3.000000000000000000, -18.46388140482782703 ) ) ;
#5217 = FACE_OUTER_BOUND ( 'NONE', #3320, .T. ) ;
#5218 = CARTESIAN_POINT ( 'NONE',  ( -18.56521035969617017, 3.000000000000000000, 16.50712899999999905 ) ) ;
#5219 = VERTEX_POINT ( 'NONE', #2258 ) ;
#5220 = ADVANCED_FACE ( 'NONE', ( #1792 ), #2197, .T. ) ;
#5221 = B_SPLINE_CURVE_WITH_KNOTS ( 'NONE', 3,
 ( #3586, #1487, #1400, #1068, #4837, #2758 ),
 .UNSPECIFIED., .F., .F.,
 ( 4, 1, 1, 4 ),
 ( 0.05740497286213092770, 0.2393458539633893101, 0.4927642171075661826, 1.000000000000000000 ),
 .UNSPECIFIED. ) ;
#5222 = CARTESIAN_POINT ( 'NONE',  ( -51.64638579988787370, 3.000000000000000000, 28.81081322521016119 ) ) ;
#5223 = CARTESIAN_POINT ( 'NONE',  ( 48.91845889341247045, 3.000000000000000000, 55.18619668923575006 ) ) ;
#5224 = CARTESIAN_POINT ( 'NONE',  ( 47.09769371295863749, 0.000000000000000000, 48.57365274403541378 ) ) ;
#5225 = VERTEX_POINT ( 'NONE', #3937 ) ;
#5226 = VERTEX_POINT ( 'NONE', #165 ) ;
#5227 = CARTESIAN_POINT ( 'NONE',  ( 0.000000000000000000, 0.000000000000000000, 0.000000000000000000 ) ) ;
#5228 = DIRECTION ( 'NONE',  ( 0.000000000000000000, 1.000000000000000000, 0.000000000000000000 ) ) ;
#5229 = DIRECTION ( 'NONE',  ( 0.000000000000000000, 1.000000000000000000, 0.000000000000000000 ) ) ;
#5230 = FACE_OUTER_BOUND ( 'NONE', #424, .T. ) ;
#5231 = EDGE_CURVE ( 'NONE', #1858, #3930, #2580, .T. ) ;
#5232 = CARTESIAN_POINT ( 'NONE',  ( 67.48026777112259822, 0.000000000000000000, -13.78243298595314137 ) ) ;
#5233 = EDGE_CURVE ( 'NONE', #757, #1039, #5179, .T. ) ;
#5234 = CARTESIAN_POINT ( 'NONE',  ( -69.50758746322182446, 0.000000000000000000, -18.46388140482782703 ) ) ;
#5235 = CARTESIAN_POINT ( 'NONE',  ( 62.55958234661706996, 0.000000000000000000, -49.74647507105282784 ) ) ;
#5236 = LINE ( 'NONE', #1466, #2648 ) ;
#5237 = CARTESIAN_POINT ( 'NONE',  ( 50.60427557001374765, -1.734723475976807094E-15, 20.91910442031266726 ) ) ;
#5238 = CARTESIAN_POINT ( 'NONE',  ( 19.13757380277242603, 3.000000000000000000, -14.11297399999999058 ) ) ;
#5239 = CARTESIAN_POINT ( 'NONE',  ( 13.60674997828285271, 3.000000000000000000, 35.53794733254291316 ) ) ;
#5240 = CARTESIAN_POINT ( 'NONE',  ( -14.92823454738873501, 3.000000000000000000, 44.90736115638048176 ) ) ;
#5241 = ORIENTED_EDGE ( 'NONE', *, *, #3666, .F. ) ;
#5242 = CIRCLE ( 'NONE', #4356, 0.5000000000000004441 ) ;
#5243 = CARTESIAN_POINT ( 'NONE',  ( 50.01519951008855003, 3.000000000000000000, -52.15368586642594551 ) ) ;
#5244 = DIRECTION ( 'NONE',  ( -0.9659256786723878774, 0.000000000000000000, 0.2588195960148436114 ) ) ;
#5245 = DIRECTION ( 'NONE',  ( 0.000000000000000000, -1.000000000000000000, 0.000000000000000000 ) ) ;
#5246 = CARTESIAN_POINT ( 'NONE',  ( -55.33109697127581228, 0.000000000000000000, 49.99432001844002116 ) ) ;
#5247 = CARTESIAN_POINT ( 'NONE',  ( -26.08828623510041567, 3.000000000000000000, -39.96441669746243264 ) ) ;
#5248 = ORIENTED_EDGE ( 'NONE', *, *, #5405, .F. ) ;
#5249 = EDGE_CURVE ( 'NONE', #767, #2557, #1853, .T. ) ;
#5250 = FACE_OUTER_BOUND ( 'NONE', #4327, .T. ) ;
#5251 = CARTESIAN_POINT ( 'NONE',  ( 18.58826758058495443, -3.388131789017201356E-18, -29.55924030843881312 ) ) ;
#5252 = CARTESIAN_POINT ( 'NONE',  ( 42.40291812605343580, 0.000000000000000000, 48.45896081904871977 ) ) ;
#5253 = ADVANCED_FACE ( 'NONE', ( #3531 ), #104, .T. ) ;
#5254 = ORIENTED_EDGE ( 'NONE', *, *, #184, .T. ) ;
#5255 = EDGE_LOOP ( 'NONE', ( #1367, #4856, #448, #4636 ) ) ;
#5256 = DIRECTION ( 'NONE',  ( 0.000000000000000000, 0.000000000000000000, 1.000000000000000000 ) ) ;
#5257 = CYLINDRICAL_SURFACE ( 'NONE', #2138, 1.000000000000000888 ) ;
#5258 = DIRECTION ( 'NONE',  ( 0.000000000000000000, 0.000000000000000000, 1.000000000000000000 ) ) ;
#5259 = DIRECTION ( 'NONE',  ( -0.000000000000000000, -1.000000000000000000, -0.000000000000000000 ) ) ;
#5260 = EDGE_CURVE ( 'NONE', #4570, #1650, #4786, .T. ) ;
#5261 = CARTESIAN_POINT ( 'NONE',  ( 23.29010782125181223, 3.000000000000000000, -36.28146475517992542 ) ) ;
#5262 = LINE ( 'NONE', #2765, #3969 ) ;
#5263 = LINE ( 'NONE', #4817, #703 ) ;
#5264 = CARTESIAN_POINT ( 'NONE',  ( 51.25850343980033585, -1.734723475976807094E-15, 23.70324265457825064 ) ) ;
#5265 = CARTESIAN_POINT ( 'NONE',  ( -24.47410492277700911, 0.000000000000000000, -37.87109014429641718 ) ) ;
#5266 = CARTESIAN_POINT ( 'NONE',  ( -12.50859194856952961, -4.336808689942017736E-16, 34.43617758156187136 ) ) ;
#5267 = CARTESIAN_POINT ( 'NONE',  ( -11.97415429935283093, 0.000000000000000000, 32.35536476096881131 ) ) ;
#5268 = CARTESIAN_POINT ( 'NONE',  ( 20.59824484781593767, 3.000000000000000000, -32.52759999443244254 ) ) ;
#5269 = CIRCLE ( 'NONE', #4190, 0.1118251333528941238 ) ;
#5270 = CARTESIAN_POINT ( 'NONE',  ( 56.18631606666772882, 1.694065894508600678E-18, 47.58530814514181628 ) ) ;
#5271 = CARTESIAN_POINT ( 'NONE',  ( 52.41454668428509933, 0.000000000000000000, -53.81650743556752303 ) ) ;
#5272 = AXIS2_PLACEMENT_3D ( 'NONE', #4739, #84, #151 ) ;
#5273 = LINE ( 'NONE', #4054, #4037 ) ;
#5274 = CARTESIAN_POINT ( 'NONE',  ( -32.57583771019902485, 0.000000000000000000, 53.47084885933507081 ) ) ;
#5275 = CARTESIAN_POINT ( 'NONE',  ( -70.61076606662614097, 0.000000000000000000, -21.45453730634901390 ) ) ;
#5276 = ORIENTED_EDGE ( 'NONE', *, *, #4022, .T. ) ;
#5277 = CARTESIAN_POINT ( 'NONE',  ( -74.44460913759078835, 0.000000000000000000, -59.90541375806012070 ) ) ;
#5278 = EDGE_CURVE ( 'NONE', #5174, #5451, #4539, .T. ) ;
#5279 = B_SPLINE_SURFACE_WITH_KNOTS ( 'NONE', 3, 1, ( 
 ( #5019, #427 ),
 ( #827, #4145 ),
 ( #3713, #5365 ),
 ( #5436, #750 ),
 ( #4169, #1676 ),
 ( #2418, #4118 ),
 ( #5389, #2518 ),
 ( #1632, #730 ),
 ( #2840, #2466 ),
 ( #3301, #4193 ),
 ( #5343, #2012 ),
 ( #1252, #2108 ),
 ( #4605, #376 ),
 ( #2060, #3742 ),
 ( #1654, #4507 ),
 ( #3323, #4096 ),
 ( #3251, #401 ),
 ( #4993, #5151 ),
 ( #1373, #3906 ),
 ( #4311, #4691 ),
 ( #1822, #5116 ),
 ( #918, #542 ),
 ( #853, #4658 ),
 ( #2993, #982 ),
 ( #3814, #4631 ),
 ( #3376, #1337 ),
 ( #2163, #4758 ),
 ( #3787, #4221 ),
 ( #39, #5051 ) ),
 .UNSPECIFIED., .F., .F., .F.,
 ( 4, 1, 1, 1, 1, 1, 1, 1, 1, 1, 1, 1, 1, 1, 1, 1, 1, 1, 1, 1, 1, 1, 1, 1, 1, 1, 4 ),
 ( 2, 2 ),
 ( 0.01626531257853498780, 0.04111402754415676569, 0.06253455977862762416, 0.08393730617627745416, 0.1053246189871423072, 0.1266973114131078881, 0.1480569171613329016, 0.1693985197110032814, 0.2027737821445751709, 0.2360932871331386240, 0.2693845311223544425, 0.3026680391738904019, 0.3359589306420301402, 0.3692699668901353038, 0.4026105823252937310, 0.4359877173268630890, 0.4694056090374176815, 0.5028659703052755781, 0.5363688304117252281, 0.6706393277260711550, 0.7042957748563131171, 0.7410512762273333554, 0.8147148193594756505, 0.8516404735918039481, 0.8886280513493518551, 0.9256777793044945746, 1.000000000000000000 ),
 ( 0.000000000000000000, 1.000000000000000000 ),
 .UNSPECIFIED. ) ;
#5280 = CIRCLE ( 'NONE', #2890, 0.9999999999999991118 ) ;
#5281 = CARTESIAN_POINT ( 'NONE',  ( -49.50769610875728688, 3.000000000000000000, 17.62982941057849118 ) ) ;
#5282 = FACE_OUTER_BOUND ( 'NONE', #5001, .T. ) ;
#5283 = ORIENTED_EDGE ( 'NONE', *, *, #2141, .F. ) ;
#5284 = ORIENTED_EDGE ( 'NONE', *, *, #2813, .T. ) ;
#5285 = VECTOR ( 'NONE', #2055, 1000.000000000000114 ) ;
#5286 = B_SPLINE_CURVE_WITH_KNOTS ( 'NONE', 3,
 ( #4051, #3999, #638, #4483, #2800, #689, #4460, #3230, #2351, #708, #1939, #4380, #1988, #5295, #1470, #1499, #3180, #3668, #4792, #1525, #3568, #280, #4846, #613, #1078, #3208, #1106, #2295, #1885, #5239, #3152, #4820, #1052, #4408 ),
 .UNSPECIFIED., .F., .F.,
 ( 4, 1, 1, 1, 1, 1, 1, 1, 1, 1, 1, 1, 1, 1, 1, 1, 1, 1, 1, 1, 1, 1, 1, 1, 1, 1, 1, 1, 1, 1, 1, 4 ),
 ( 0.01432074041799125640, 0.04953250805321672556, 0.07507457467481723490, 0.1006175245099810989, 0.1261557507270576473, 0.1516907223483881240, 0.1772191427898469895, 0.2027399975687304290, 0.2282529325392307906, 0.2537553468010663171, 0.2792452409082691878, 0.3047229566969057446, 0.3301855049608792836, 0.3556337556810078571, 0.3810642611126719981, 0.4064694989501170252, 0.4442389824015975930, 0.4819479793836420334, 0.5196063951257438029, 0.5572131062779405175, 0.5947671961786660244, 0.6322673588832004032, 0.6697114270439029626, 0.7070959123558659964, 0.7444185941530346851, 0.7816765658296563890, 0.8188681407795083134, 0.8559925713311657969, 0.8930463069819428723, 0.9300305291004659081, 0.9669454447166447864, 0.9746646690335010188 ),
 .UNSPECIFIED. ) ;
#5287 = LINE ( 'NONE', #632, #3462 ) ;
#5288 = VECTOR ( 'NONE', #4205, 1000.000000000000000 ) ;
#5289 = FACE_OUTER_BOUND ( 'NONE', #3009, .T. ) ;
#5290 = CARTESIAN_POINT ( 'NONE',  ( 4.024501119728221887, 0.000000000000000000, 34.26446250471916954 ) ) ;
#5291 = CARTESIAN_POINT ( 'NONE',  ( 64.01178917178602035, 0.000000000000000000, -39.55785164556753131 ) ) ;
#5292 = ADVANCED_FACE ( 'NONE', ( #2730 ), #704, .F. ) ;
#5293 = CARTESIAN_POINT ( 'NONE',  ( 49.99085389146456748, -1.734723475976807094E-15, 18.97724626924816960 ) ) ;
#5294 = CARTESIAN_POINT ( 'NONE',  ( -49.96147903824127212, 0.000000000000000000, 42.94775139102330996 ) ) ;
#5295 = CARTESIAN_POINT ( 'NONE',  ( 33.96016299144150707, 3.000000000000000000, 47.04866852622090789 ) ) ;
#5296 = CARTESIAN_POINT ( 'NONE',  ( 59.04316248994994254, 0.000000000000000000, 0.3939601283460208436 ) ) ;
#5297 = LINE ( 'NONE', #1080, #2908 ) ;
#5298 = VECTOR ( 'NONE', #2426, 1000.000000000000000 ) ;
#5299 = EDGE_CURVE ( 'NONE', #5058, #2981, #5395, .T. ) ;
#5300 = LINE ( 'NONE', #692, #716 ) ;
#5301 = CARTESIAN_POINT ( 'NONE',  ( -14.56037363678291285, 0.000000000000000000, 17.50712899999999905 ) ) ;
#5302 = CARTESIAN_POINT ( 'NONE',  ( -25.04646925433932125, 0.000000000000000000, 50.90397181029609897 ) ) ;
#5303 = ORIENTED_EDGE ( 'NONE', *, *, #1138, .T. ) ;
#5304 = FACE_OUTER_BOUND ( 'NONE', #3111, .T. ) ;
#5305 = DIRECTION ( 'NONE',  ( 0.6894033162340920118, 0.000000000000000000, 0.7243777105664119809 ) ) ;
#5306 = DIRECTION ( 'NONE',  ( 0.000000000000000000, 1.000000000000000000, 0.000000000000000000 ) ) ;
#5307 = ORIENTED_EDGE ( 'NONE', *, *, #4298, .F. ) ;
#5308 = ORIENTED_EDGE ( 'NONE', *, *, #3429, .T. ) ;
#5309 = CIRCLE ( 'NONE', #4777, 1.000000000000000888 ) ;
#5310 = CARTESIAN_POINT ( 'NONE',  ( -64.01178917178602035, 3.000000000000000888, -39.55785164556753131 ) ) ;
#5311 = ORIENTED_EDGE ( 'NONE', *, *, #2917, .F. ) ;
#5312 = CARTESIAN_POINT ( 'NONE',  ( -21.73244593452860229, -3.388131789017201356E-18, -34.14916548605962276 ) ) ;
#5313 = CARTESIAN_POINT ( 'NONE',  ( -59.23442243365285265, 1.500000000000000000, -57.97903554713330720 ) ) ;
#5314 = AXIS2_PLACEMENT_3D ( 'NONE', #2318, #3151, #3179 ) ;
#5315 = CARTESIAN_POINT ( 'NONE',  ( 46.65100804918601796, 3.000000000000000000, -62.18904330299390182 ) ) ;
#5316 = EDGE_CURVE ( 'NONE', #3052, #299, #2289, .T. ) ;
#5317 = ADVANCED_FACE ( 'NONE', ( #1520 ), #1490, .T. ) ;
#5318 = DIRECTION ( 'NONE',  ( -0.000000000000000000, -1.000000000000000000, -0.000000000000000000 ) ) ;
#5319 = DIRECTION ( 'NONE',  ( -0.9659258422534240385, 0.000000000000000000, -0.2588189855227269742 ) ) ;
#5320 = EDGE_CURVE ( 'NONE', #4765, #1268, #3655, .T. ) ;
#5321 = CARTESIAN_POINT ( 'NONE',  ( -13.60674997828285271, -4.336808689942017736E-16, 35.53794733254291316 ) ) ;
#5322 = DIRECTION ( 'NONE',  ( -1.000000000000000000, 0.000000000000000000, 2.229714311648399912E-16 ) ) ;
#5323 = LINE ( 'NONE', #1553, #5214 ) ;
#5324 = CARTESIAN_POINT ( 'NONE',  ( 65.82221648002720826, 3.000000000000000000, -10.32104284989116216 ) ) ;
#5325 = VECTOR ( 'NONE', #4526, 1000.000000000000000 ) ;
#5326 = CYLINDRICAL_SURFACE ( 'NONE', #85, 0.1118251333528941238 ) ;
#5327 = CARTESIAN_POINT ( 'NONE',  ( -35.17931797114327708, 0.000000000000000000, 54.08985714986710036 ) ) ;
#5328 = ORIENTED_EDGE ( 'NONE', *, *, #1486, .T. ) ;
#5329 = ADVANCED_FACE ( 'NONE', ( #5230 ), #4868, .T. ) ;
#5330 = CARTESIAN_POINT ( 'NONE',  ( -45.94171699999998992, 3.000000000000000000, 8.763695999999999486 ) ) ;
#5331 = FACE_OUTER_BOUND ( 'NONE', #3402, .T. ) ;
#5332 = VERTEX_POINT ( 'NONE', #3663 ) ;
#5333 = VERTEX_POINT ( 'NONE', #606 ) ;
#5334 = B_SPLINE_CURVE_WITH_KNOTS ( 'NONE', 3,
 ( #1535, #5251, #4060, #2386, #1561, #2722 ),
 .UNSPECIFIED., .F., .F.,
 ( 4, 1, 1, 4 ),
 ( 0.05740497286213438327, 0.2393458539633893101, 0.4927642171075661270, 1.000000000000000000 ),
 .UNSPECIFIED. ) ;
#5335 = CARTESIAN_POINT ( 'NONE',  ( -63.38103698324037794, 0.000000000000000000, -27.55893418939137618 ) ) ;
#5336 = ORIENTED_EDGE ( 'NONE', *, *, #1174, .T. ) ;
#5337 = DIRECTION ( 'NONE',  ( 0.6894033162340920118, 0.000000000000000000, -0.7243777105664119809 ) ) ;
#5338 = CARTESIAN_POINT ( 'NONE',  ( 52.02639311151101964, 0.000000000000000000, 8.627437679690226346 ) ) ;
#5339 = CARTESIAN_POINT ( 'NONE',  ( 14.32069766670227295, 3.000000000000000000, -15.82646043718288809 ) ) ;
#5340 = EDGE_CURVE ( 'NONE', #1360, #315, #1979, .T. ) ;
#5341 = CARTESIAN_POINT ( 'NONE',  ( 44.05158331249109693, 8.673617379884035472E-16, -59.76628165142322757 ) ) ;
#5342 = CARTESIAN_POINT ( 'NONE',  ( -34.94545446291738244, 3.000000000000000000, -50.49467688865504300 ) ) ;
#5343 = CARTESIAN_POINT ( 'NONE',  ( 63.84392022541653233, 3.000000000000000000, -41.95712549600501973 ) ) ;
#5344 = CARTESIAN_POINT ( 'NONE',  ( 60.39490716416133154, 3.000000000000000000, -1.479974017190582414 ) ) ;
#5345 = AXIS2_PLACEMENT_3D ( 'NONE', #1395, #942, #3192 ) ;
#5346 = LINE ( 'NONE', #2085, #1959 ) ;
#5347 = CARTESIAN_POINT ( 'NONE',  ( -47.97038724757351957, 1.694065894508600678E-18, 48.01432368930916539 ) ) ;
#5348 = CARTESIAN_POINT ( 'NONE',  ( -63.84392022541653233, 3.000000000000000000, -41.95712549600501973 ) ) ;
#5349 = CARTESIAN_POINT ( 'NONE',  ( 11.24952735848741625, 0.000000000000000000, 33.04450610827865376 ) ) ;
#5350 = DIRECTION ( 'NONE',  ( 0.000000000000000000, -1.000000000000000000, 0.000000000000000000 ) ) ;
#5351 = VERTEX_POINT ( 'NONE', #4892 ) ;
#5352 = CARTESIAN_POINT ( 'NONE',  ( 51.84063968968352043, -4.336808689942017736E-16, 9.753362731230172500 ) ) ;
#5353 = AXIS2_PLACEMENT_3D ( 'NONE', #4622, #3368, #5041 ) ;
#5354 = CARTESIAN_POINT ( 'NONE',  ( 22.28067675997548136, 3.000000000000000000, 42.18785769550562748 ) ) ;
#5355 = DIRECTION ( 'NONE',  ( -0.9659256786723878774, 0.000000000000000000, 0.2588195960148435559 ) ) ;
#5356 = EDGE_LOOP ( 'NONE', ( #4549, #1240, #3980, #2411 ) ) ;
#5357 = ORIENTED_EDGE ( 'NONE', *, *, #1090, .T. ) ;
#5358 = EDGE_CURVE ( 'NONE', #5226, #3065, #300, .T. ) ;
#5359 = CARTESIAN_POINT ( 'NONE',  ( -62.97365150562539782, 0.000000000000000000, -25.17990150530035720 ) ) ;
#5360 = VERTEX_POINT ( 'NONE', #3639 ) ;
#5361 = VECTOR ( 'NONE', #938, 1000.000000000000000 ) ;
#5362 = CARTESIAN_POINT ( 'NONE',  ( 18.32062889804656791, -3.388131789017201356E-18, -29.16897084099946014 ) ) ;
#5363 = CARTESIAN_POINT ( 'NONE',  ( 21.61899999999999267, 3.000000000000000000, 2.611000000000001542 ) ) ;
#5364 = CARTESIAN_POINT ( 'NONE',  ( -41.50216093040443610, 3.000000000000000000, -57.29599531449121486 ) ) ;
#5365 = CARTESIAN_POINT ( 'NONE',  ( 60.77547253423845319, 0.000000000000000000, -55.74672559360109858 ) ) ;
#5366 = FACE_OUTER_BOUND ( 'NONE', #5403, .T. ) ;
#5367 = DIRECTION ( 'NONE',  ( 0.000000000000000000, 1.000000000000000000, 0.000000000000000000 ) ) ;
#5368 = CARTESIAN_POINT ( 'NONE',  ( -60.38414070416275337, 0.000000000000000000, -56.78959051123147361 ) ) ;
#5369 = DIRECTION ( 'NONE',  ( -0.2588189942251272746, -0.000000000000000000, 0.9659258399216233970 ) ) ;
#5370 = ORIENTED_EDGE ( 'NONE', *, *, #2953, .T. ) ;
#5371 = CARTESIAN_POINT ( 'NONE',  ( -57.38167299311196246, 3.000000000000000000, 42.59460849329533261 ) ) ;
#5372 = VERTEX_POINT ( 'NONE', #660 ) ;
#5373 = CARTESIAN_POINT ( 'NONE',  ( 19.63045902376973473, 0.000000000000000000, 40.49748577262892724 ) ) ;
#5374 = LINE ( 'NONE', #2452, #4628 ) ;
#5375 = ADVANCED_FACE ( 'NONE', ( #1933 ), #1463, .T. ) ;
#5376 = ORIENTED_EDGE ( 'NONE', *, *, #1412, .T. ) ;
#5377 = EDGE_CURVE ( 'NONE', #2632, #2088, #3172, .T. ) ;
#5378 = ORIENTED_EDGE ( 'NONE', *, *, #2917, .T. ) ;
#5379 = AXIS2_PLACEMENT_3D ( 'NONE', #5441, #4925, #5393 ) ;
#5380 = CARTESIAN_POINT ( 'NONE',  ( -60.77547253423845319, 0.000000000000000000, -55.74672559360109148 ) ) ;
#5381 = VERTEX_POINT ( 'NONE', #1070 ) ;
#5382 = LINE ( 'NONE', #5339, #2938 ) ;
#5383 = ORIENTED_EDGE ( 'NONE', *, *, #203, .T. ) ;
#5384 = CIRCLE ( 'NONE', #4333, 1.000000000000000888 ) ;
#5385 = CARTESIAN_POINT ( 'NONE',  ( -69.29859899999998163, 3.000000000000000000, -79.68841100000000210 ) ) ;
#5386 = VECTOR ( 'NONE', #3371, 1000.000000000000000 ) ;
#5387 = CARTESIAN_POINT ( 'NONE',  ( -41.50216093040443610, 0.000000000000000000, -57.29599531449121486 ) ) ;
#5388 = AXIS2_PLACEMENT_3D ( 'NONE', #1876, #680, #3990 ) ;
#5389 = CARTESIAN_POINT ( 'NONE',  ( 62.55958234661706996, 3.000000000000000000, -49.74647507105282784 ) ) ;
#5390 = CYLINDRICAL_SURFACE ( 'NONE', #563, 1.000000000000000888 ) ;
#5391 = APPLICATION_CONTEXT ( 'automotive_design' ) ;
#5392 = AXIS2_PLACEMENT_3D ( 'NONE', #2822, #4897, #1053 ) ;
#5393 = DIRECTION ( 'NONE',  ( 0.000000000000000000, 0.000000000000000000, 1.000000000000000000 ) ) ;
#5394 = B_SPLINE_CURVE_WITH_KNOTS ( 'NONE', 3,
 ( #2866, #332, #3693, #3276, #4949, #4534, #4561, #2446, #353, #2038, #3719, #5396, #4149, #3445, #3383, #1735, #2615, #4254, #3411, #3031 ),
 .UNSPECIFIED., .F., .F.,
 ( 4, 1, 1, 1, 1, 1, 1, 1, 1, 1, 1, 1, 1, 1, 1, 1, 1, 4 ),
 ( 0.000000000000000000, 0.05394712801074350722, 0.1078116935124601855, 0.1617479887758064561, 0.2158501314831371976, 0.2701579154727004051, 0.3246630592581971064, 0.3793154854655140795, 0.4340294972618318758, 0.5431199617965655202, 0.5972269168538686390, 0.6507980596968709897, 0.7035382084927561674, 0.7555556781335446281, 0.8063317373373791730, 0.8557563589963054218, 0.9286614918859018575, 0.9852771438193279607 ),
 .UNSPECIFIED. ) ;
#5395 = CIRCLE ( 'NONE', #2934, 1.000000000000000888 ) ;
#5396 = CARTESIAN_POINT ( 'NONE',  ( 57.42354327153222471, 3.000000000000000000, 27.18113448954016675 ) ) ;
#5397 = ORIENTED_EDGE ( 'NONE', *, *, #4198, .T. ) ;
#5398 = CARTESIAN_POINT ( 'NONE',  ( -56.18631606666772882, 3.000000000000000000, 47.58530814514181628 ) ) ;
#5399 = VERTEX_POINT ( 'NONE', #2760 ) ;
#5400 = FACE_OUTER_BOUND ( 'NONE', #2590, .T. ) ;
#5401 = CARTESIAN_POINT ( 'NONE',  ( 30.72574520725112990, 0.000000000000000000, 46.07608411214243205 ) ) ;
#5402 = CARTESIAN_POINT ( 'NONE',  ( -27.63585988197559118, 0.000000000000000000, -41.92596029648237987 ) ) ;
#5403 = EDGE_LOOP ( 'NONE', ( #1396, #806, #1118, #968 ) ) ;
#5404 = AXIS2_PLACEMENT_3D ( 'NONE', #2103, #1725, #4189 ) ;
#5405 = EDGE_CURVE ( 'NONE', #3277, #3305, #1249, .T. ) ;
#5406 = ORIENTED_EDGE ( 'NONE', *, *, #3673, .F. ) ;
#5407 = EDGE_CURVE ( 'NONE', #5428, #993, #5384, .T. ) ;
#5408 = CARTESIAN_POINT ( 'NONE',  ( 12.56218856668103179, 2.602085213965210642E-15, 42.58293304568056215 ) ) ;
#5409 = CARTESIAN_POINT ( 'NONE',  ( -63.69711083608191160, 3.000000000000000888, -29.94895857253306559 ) ) ;
#5410 = ORIENTED_EDGE ( 'NONE', *, *, #464, .F. ) ;
#5411 = CARTESIAN_POINT ( 'NONE',  ( 51.40113027495674203, 3.000000000000000000, 24.59094182726887823 ) ) ;
#5412 = DIRECTION ( 'NONE',  ( -0.2588189942251272191, 0.000000000000000000, 0.9659258399216233970 ) ) ;
#5413 = ORIENTED_EDGE ( 'NONE', *, *, #3694, .T. ) ;
#5414 = CARTESIAN_POINT ( 'NONE',  ( 34.94545446291738244, 8.673617379884035472E-16, -50.49467688865504300 ) ) ;
#5415 = CARTESIAN_POINT ( 'NONE',  ( -57.73796121463694675, 3.000000000000000000, 40.03915219554151861 ) ) ;
#5416 = DIRECTION ( 'NONE',  ( -0.000000000000000000, -1.000000000000000000, -0.000000000000000000 ) ) ;
#5417 = DIRECTION ( 'NONE',  ( -0.000000000000000000, -1.000000000000000000, -0.000000000000000000 ) ) ;
#5418 = DIRECTION ( 'NONE',  ( 2.229714311648399912E-16, 0.000000000000000000, 1.000000000000000000 ) ) ;
#5419 = CARTESIAN_POINT ( 'NONE',  ( 0.000000000000000000, 3.000000000000000000, 0.000000000000000000 ) ) ;
#5420 = ORIENTED_EDGE ( 'NONE', *, *, #1987, .F. ) ;
#5421 = CARTESIAN_POINT ( 'NONE',  ( -53.07011903057330215, 0.000000000000000000, 12.41944438019204000 ) ) ;
#5422 = CARTESIAN_POINT ( 'NONE',  ( -7.882842367380940907, 0.000000000000000000, 17.50712899999999905 ) ) ;
#5423 = DIRECTION ( 'NONE',  ( 0.000000000000000000, 1.000000000000000000, 0.000000000000000000 ) ) ;
#5424 = CARTESIAN_POINT ( 'NONE',  ( 62.47673719965337114, 3.000000000000000000, -22.81473369730188949 ) ) ;
#5425 = AXIS2_PLACEMENT_3D ( 'NONE', #4815, #546, #635 ) ;
#5426 = EDGE_CURVE ( 'NONE', #5197, #4152, #1534, .T. ) ;
#5427 = ORIENTED_EDGE ( 'NONE', *, *, #271, .F. ) ;
#5428 = VERTEX_POINT ( 'NONE', #3226 ) ;
#5429 = DIRECTION ( 'NONE',  ( -0.000000000000000000, -1.000000000000000000, -0.000000000000000000 ) ) ;
#5430 = CARTESIAN_POINT ( 'NONE',  ( -52.02639311151100543, 0.000000000000000000, 8.627437679690247663 ) ) ;
#5431 = CARTESIAN_POINT ( 'NONE',  ( -12.56218856668103179, 0.000000000000000000, 42.58293304568056215 ) ) ;
#5432 = ORIENTED_EDGE ( 'NONE', *, *, #883, .T. ) ;
#5433 = CARTESIAN_POINT ( 'NONE',  ( 8.043505417548956871, 0.000000000000000000, 17.50712899999999905 ) ) ;
#5434 = ORIENTED_EDGE ( 'NONE', *, *, #1987, .T. ) ;
#5435 = CARTESIAN_POINT ( 'NONE',  ( -50.18381454234577888, 0.000000000000000000, -65.35624814967637519 ) ) ;
#5436 = CARTESIAN_POINT ( 'NONE',  ( 61.30293354260651739, 3.000000000000000000, -54.20544071342600745 ) ) ;
#5437 = CARTESIAN_POINT ( 'NONE',  ( 59.23442243365284554, 0.000000000000000000, -56.97903554713330010 ) ) ;
#5438 = CARTESIAN_POINT ( 'NONE',  ( -51.64832527752160019, 1.694065894508600678E-18, 27.97463842938604728 ) ) ;
#5439 = EDGE_CURVE ( 'NONE', #2432, #4765, #4374, .T. ) ;
#5440 = AXIS2_PLACEMENT_3D ( 'NONE', #3985, #4776, #4805 ) ;
#5441 = CARTESIAN_POINT ( 'NONE',  ( -17.49592501554468171, 0.000000000000000000, -29.73453560845436172 ) ) ;
#5442 = DIRECTION ( 'NONE',  ( -1.000000000000000000, 0.000000000000000000, -0.000000000000000000 ) ) ;
#5443 = ORIENTED_EDGE ( 'NONE', *, *, #4664, .F. ) ;
#5444 = DIRECTION ( 'NONE',  ( -0.000000000000000000, -1.000000000000000000, -0.000000000000000000 ) ) ;
#5445 = ADVANCED_FACE ( 'NONE', ( #1044 ), #53, .F. ) ;
#5446 = ORIENTED_EDGE ( 'NONE', *, *, #522, .T. ) ;
#5447 = CARTESIAN_POINT ( 'NONE',  ( 48.40666136689782206, 3.000000000000000000, 47.09949103918490465 ) ) ;
#5448 = CARTESIAN_POINT ( 'NONE',  ( 31.90587890848826902, 0.000000000000000000, 46.45927064113672600 ) ) ;
#5449 = CARTESIAN_POINT ( 'NONE',  ( -63.24175436749369794, 0.000000000000000000, -75.67690974196260356 ) ) ;
#5450 = CARTESIAN_POINT ( 'NONE',  ( 51.17040117174379787, 1.694065894508600678E-18, 36.98765994906924703 ) ) ;
#5451 = VERTEX_POINT ( 'NONE', #2180 ) ;
#5452 = EDGE_LOOP ( 'NONE', ( #2916, #2277, #4644, #4126 ) ) ;
ENDSEC;
END-ISO-10303-21;
