ISO-10303-21;
HEADER;
FILE_DESCRIPTION(('FreeCAD Model'),'2;1');
FILE_NAME('Open CASCADE Shape Model','2026-03-06T15:20:09',('Author'),(
    ''),'Open CASCADE STEP processor 7.8','FreeCAD','Unknown');
FILE_SCHEMA(('AUTOMOTIVE_DESIGN { 1 0 10303 214 1 1 1 1 }'));
ENDSEC;
DATA;
#1 = APPLICATION_PROTOCOL_DEFINITION('international standard',
  'automotive_design',2000,#2);
#2 = APPLICATION_CONTEXT(
  'core data for automotive mechanical design processes');
#3 = SHAPE_DEFINITION_REPRESENTATION(#4,#10);
#4 = PRODUCT_DEFINITION_SHAPE('','',#5);
#5 = PRODUCT_DEFINITION('design','',#6,#9);
#6 = PRODUCT_DEFINITION_FORMATION('','',#7);
#7 = PRODUCT('oled_svg','oled_svg','',(#8));
#8 = PRODUCT_CONTEXT('',#2,'mechanical');
#9 = PRODUCT_DEFINITION_CONTEXT('part definition',#2,'design');
#10 = SHAPE_REPRESENTATION('',(#11,#15,#19,#23,#27,#31,#35,#39,#43),#47
  );
#11 = AXIS2_PLACEMENT_3D('',#12,#13,#14);
#12 = CARTESIAN_POINT('',(0.,0.,0.));
#13 = DIRECTION('',(0.,0.,1.));
#14 = DIRECTION('',(1.,0.,-0.));
#15 = AXIS2_PLACEMENT_3D('',#16,#17,#18);
#16 = CARTESIAN_POINT('',(0.,0.,0.));
#17 = DIRECTION('',(0.,0.,1.));
#18 = DIRECTION('',(1.,0.,0.));
#19 = AXIS2_PLACEMENT_3D('',#20,#21,#22);
#20 = CARTESIAN_POINT('',(0.,0.,0.));
#21 = DIRECTION('',(0.,0.,1.));
#22 = DIRECTION('',(1.,0.,0.));
#23 = AXIS2_PLACEMENT_3D('',#24,#25,#26);
#24 = CARTESIAN_POINT('',(0.,0.,0.));
#25 = DIRECTION('',(0.,0.,1.));
#26 = DIRECTION('',(1.,0.,0.));
#27 = AXIS2_PLACEMENT_3D('',#28,#29,#30);
#28 = CARTESIAN_POINT('',(0.,0.,0.));
#29 = DIRECTION('',(0.,0.,1.));
#30 = DIRECTION('',(1.,0.,0.));
#31 = AXIS2_PLACEMENT_3D('',#32,#33,#34);
#32 = CARTESIAN_POINT('',(0.,0.,0.));
#33 = DIRECTION('',(0.,0.,1.));
#34 = DIRECTION('',(1.,0.,0.));
#35 = AXIS2_PLACEMENT_3D('',#36,#37,#38);
#36 = CARTESIAN_POINT('',(0.,0.,0.));
#37 = DIRECTION('',(0.,0.,1.));
#38 = DIRECTION('',(1.,0.,0.));
#39 = AXIS2_PLACEMENT_3D('',#40,#41,#42);
#40 = CARTESIAN_POINT('',(0.,0.,0.));
#41 = DIRECTION('',(0.,0.,1.));
#42 = DIRECTION('',(1.,0.,0.));
#43 = AXIS2_PLACEMENT_3D('',#44,#45,#46);
#44 = CARTESIAN_POINT('',(0.,0.,0.));
#45 = DIRECTION('',(0.,0.,1.));
#46 = DIRECTION('',(1.,0.,0.));
#47 = ( GEOMETRIC_REPRESENTATION_CONTEXT(3) 
GLOBAL_UNCERTAINTY_ASSIGNED_CONTEXT((#51)) GLOBAL_UNIT_ASSIGNED_CONTEXT(
(#48,#49,#50)) REPRESENTATION_CONTEXT('Context #1',
  '3D Context with UNIT and UNCERTAINTY') );
#48 = ( LENGTH_UNIT() NAMED_UNIT(*) SI_UNIT(.MILLI.,.METRE.) );
#49 = ( NAMED_UNIT(*) PLANE_ANGLE_UNIT() SI_UNIT($,.RADIAN.) );
#50 = ( NAMED_UNIT(*) SI_UNIT($,.STERADIAN.) SOLID_ANGLE_UNIT() );
#51 = UNCERTAINTY_MEASURE_WITH_UNIT(LENGTH_MEASURE(1.E-07),#48,
  'distance_accuracy_value','confusion accuracy');
#52 = PRODUCT_RELATED_PRODUCT_CATEGORY('part',$,(#7));
#53 = SHAPE_DEFINITION_REPRESENTATION(#54,#60);
#54 = PRODUCT_DEFINITION_SHAPE('','',#55);
#55 = PRODUCT_DEFINITION('design','',#56,#59);
#56 = PRODUCT_DEFINITION_FORMATION('','',#57);
#57 = PRODUCT('path1415','path1415','',(#58));
#58 = PRODUCT_CONTEXT('',#2,'mechanical');
#59 = PRODUCT_DEFINITION_CONTEXT('part definition',#2,'design');
#60 = MANIFOLD_SURFACE_SHAPE_REPRESENTATION('',(#11,#61),#594);
#61 = SHELL_BASED_SURFACE_MODEL('',(#62));
#62 = OPEN_SHELL('',(#63));
#63 = ADVANCED_FACE('',(#64),#589,.T.);
#64 = FACE_BOUND('',#65,.T.);
#65 = EDGE_LOOP('',(#66,#77,#84,#93,#100,#109,#116,#125,#132,#139,#146,
    #155,#162,#171,#178,#187,#194,#203,#210,#219,#228,#235,#242,#249,
    #258,#267,#276,#283,#292,#299,#308,#315,#324,#331,#340,#347,#356,
    #365,#372,#379,#386,#393,#402,#409,#418,#427,#434,#443,#450,#459,
    #466,#475,#482,#491,#500,#509,#518,#527,#536,#545,#552,#559,#566,
    #575,#584));
#66 = ORIENTED_EDGE('',*,*,#67,.T.);
#67 = EDGE_CURVE('',#68,#70,#72,.T.);
#68 = VERTEX_POINT('',#69);
#69 = CARTESIAN_POINT('',(21.04471,0.,0.));
#70 = VERTEX_POINT('',#71);
#71 = CARTESIAN_POINT('',(21.00492,-7.2347E-03,0.));
#72 = B_SPLINE_CURVE_WITH_KNOTS('',3,(#73,#74,#75,#76),.UNSPECIFIED.,.F.
  ,.F.,(4,4),(0.,1.),.PIECEWISE_BEZIER_KNOTS.);
#73 = CARTESIAN_POINT('',(21.04471,0.,0.));
#74 = CARTESIAN_POINT('',(21.03111,1.1305544E-04,0.));
#75 = CARTESIAN_POINT('',(21.01761,-2.34146E-03,0.));
#76 = CARTESIAN_POINT('',(21.00492,-7.2347E-03,0.));
#77 = ORIENTED_EDGE('',*,*,#78,.T.);
#78 = EDGE_CURVE('',#70,#79,#81,.T.);
#79 = VERTEX_POINT('',#80);
#80 = CARTESIAN_POINT('',(20.875213,-3.927409E-02,0.));
#81 = B_SPLINE_CURVE_WITH_KNOTS('',1,(#82,#83),.UNSPECIFIED.,.F.,.F.,(2,
    2),(0.,0.133605495248),.PIECEWISE_BEZIER_KNOTS.);
#82 = CARTESIAN_POINT('',(21.00492,-7.2347E-03,0.));
#83 = CARTESIAN_POINT('',(20.875213,-3.927409E-02,0.));
#84 = ORIENTED_EDGE('',*,*,#85,.T.);
#85 = EDGE_CURVE('',#79,#86,#88,.T.);
#86 = VERTEX_POINT('',#87);
#87 = CARTESIAN_POINT('',(20.824053,-6.821289E-02,0.));
#88 = B_SPLINE_CURVE_WITH_KNOTS('',3,(#89,#90,#91,#92),.UNSPECIFIED.,.F.
  ,.F.,(4,4),(0.,1.),.PIECEWISE_BEZIER_KNOTS.);
#89 = CARTESIAN_POINT('',(20.875213,-3.927409E-02,0.));
#90 = CARTESIAN_POINT('',(20.855813,-4.401079E-02,0.));
#91 = CARTESIAN_POINT('',(20.838103,-5.40272E-02,0.));
#92 = CARTESIAN_POINT('',(20.824053,-6.821289E-02,0.));
#93 = ORIENTED_EDGE('',*,*,#94,.T.);
#94 = EDGE_CURVE('',#86,#95,#97,.T.);
#95 = VERTEX_POINT('',#96);
#96 = CARTESIAN_POINT('',(20.715016,-0.17569987,0.));
#97 = B_SPLINE_CURVE_WITH_KNOTS('',1,(#98,#99),.UNSPECIFIED.,.F.,.F.,(2,
    2),(0.,0.153109497545),.PIECEWISE_BEZIER_KNOTS.);
#98 = CARTESIAN_POINT('',(20.824053,-6.821289E-02,0.));
#99 = CARTESIAN_POINT('',(20.715016,-0.17569987,0.));
#100 = ORIENTED_EDGE('',*,*,#101,.T.);
#101 = EDGE_CURVE('',#95,#102,#104,.T.);
#102 = VERTEX_POINT('',#103);
#103 = CARTESIAN_POINT('',(20.689696,-0.21859127,0.));
#104 = B_SPLINE_CURVE_WITH_KNOTS('',3,(#105,#106,#107,#108),
  .UNSPECIFIED.,.F.,.F.,(4,4),(0.,1.),.PIECEWISE_BEZIER_KNOTS.);
#105 = CARTESIAN_POINT('',(20.715016,-0.17569987,0.));
#106 = CARTESIAN_POINT('',(20.703356,-0.18783137,0.));
#107 = CARTESIAN_POINT('',(20.694686,-0.20251827,0.));
#108 = CARTESIAN_POINT('',(20.689696,-0.21859127,0.));
#109 = ORIENTED_EDGE('',*,*,#110,.T.);
#110 = EDGE_CURVE('',#102,#111,#113,.T.);
#111 = VERTEX_POINT('',#112);
#112 = CARTESIAN_POINT('',(20.634916,-0.38085527,0.));
#113 = B_SPLINE_CURVE_WITH_KNOTS('',1,(#114,#115),.UNSPECIFIED.,.F.,.F.,
  (2,2),(0.,0.171261361947),.PIECEWISE_BEZIER_KNOTS.);
#114 = CARTESIAN_POINT('',(20.689696,-0.21859127,0.));
#115 = CARTESIAN_POINT('',(20.634916,-0.38085527,0.));
#116 = ORIENTED_EDGE('',*,*,#117,.T.);
#117 = EDGE_CURVE('',#111,#118,#120,.T.);
#118 = VERTEX_POINT('',#119);
#119 = CARTESIAN_POINT('',(20.630816,-0.43356527,0.));
#120 = B_SPLINE_CURVE_WITH_KNOTS('',3,(#121,#122,#123,#124),
  .UNSPECIFIED.,.F.,.F.,(4,4),(0.,1.),.PIECEWISE_BEZIER_KNOTS.);
#121 = CARTESIAN_POINT('',(20.634916,-0.38085527,0.));
#122 = CARTESIAN_POINT('',(20.629216,-0.39781227,0.));
#123 = CARTESIAN_POINT('',(20.627816,-0.41592387,0.));
#124 = CARTESIAN_POINT('',(20.630816,-0.43356527,0.));
#125 = ORIENTED_EDGE('',*,*,#126,.T.);
#126 = EDGE_CURVE('',#118,#127,#129,.T.);
#127 = VERTEX_POINT('',#128);
#128 = CARTESIAN_POINT('',(20.630816,-1.6035197,0.));
#129 = B_SPLINE_CURVE_WITH_KNOTS('',1,(#130,#131),.UNSPECIFIED.,.F.,.F.,
  (2,2),(0.,1.16995443),.PIECEWISE_BEZIER_KNOTS.);
#130 = CARTESIAN_POINT('',(20.630816,-0.43356527,0.));
#131 = CARTESIAN_POINT('',(20.630816,-1.6035197,0.));
#132 = ORIENTED_EDGE('',*,*,#133,.T.);
#133 = EDGE_CURVE('',#127,#134,#136,.T.);
#134 = VERTEX_POINT('',#135);
#135 = CARTESIAN_POINT('',(20.630816,-34.810795,0.));
#136 = B_SPLINE_CURVE_WITH_KNOTS('',1,(#137,#138),.UNSPECIFIED.,.F.,.F.,
  (2,2),(0.,33.2072753),.PIECEWISE_BEZIER_KNOTS.);
#137 = CARTESIAN_POINT('',(20.630816,-1.6035197,0.));
#138 = CARTESIAN_POINT('',(20.630816,-34.810795,0.));
#139 = ORIENTED_EDGE('',*,*,#140,.T.);
#140 = EDGE_CURVE('',#134,#141,#143,.T.);
#141 = VERTEX_POINT('',#142);
#142 = CARTESIAN_POINT('',(20.630816,-35.980233,0.));
#143 = B_SPLINE_CURVE_WITH_KNOTS('',1,(#144,#145),.UNSPECIFIED.,.F.,.F.,
  (2,2),(0.,1.169438),.PIECEWISE_BEZIER_KNOTS.);
#144 = CARTESIAN_POINT('',(20.630816,-34.810795,0.));
#145 = CARTESIAN_POINT('',(20.630816,-35.980233,0.));
#146 = ORIENTED_EDGE('',*,*,#147,.T.);
#147 = EDGE_CURVE('',#141,#148,#150,.T.);
#148 = VERTEX_POINT('',#149);
#149 = CARTESIAN_POINT('',(20.634916,-36.033463,0.));
#150 = B_SPLINE_CURVE_WITH_KNOTS('',3,(#151,#152,#153,#154),
  .UNSPECIFIED.,.F.,.F.,(4,4),(0.,1.),.PIECEWISE_BEZIER_KNOTS.);
#151 = CARTESIAN_POINT('',(20.630816,-35.980233,0.));
#152 = CARTESIAN_POINT('',(20.627716,-35.998043,0.));
#153 = CARTESIAN_POINT('',(20.629116,-36.016343,0.));
#154 = CARTESIAN_POINT('',(20.634916,-36.033463,0.));
#155 = ORIENTED_EDGE('',*,*,#156,.T.);
#156 = EDGE_CURVE('',#148,#157,#159,.T.);
#157 = VERTEX_POINT('',#158);
#158 = CARTESIAN_POINT('',(20.689696,-36.195211,0.));
#159 = B_SPLINE_CURVE_WITH_KNOTS('',1,(#160,#161),.UNSPECIFIED.,.F.,.F.,
  (2,2),(0.,0.170772550206),.PIECEWISE_BEZIER_KNOTS.);
#160 = CARTESIAN_POINT('',(20.634916,-36.033463,0.));
#161 = CARTESIAN_POINT('',(20.689696,-36.195211,0.));
#162 = ORIENTED_EDGE('',*,*,#163,.T.);
#163 = EDGE_CURVE('',#157,#164,#166,.T.);
#164 = VERTEX_POINT('',#165);
#165 = CARTESIAN_POINT('',(20.715016,-36.238101,0.));
#166 = B_SPLINE_CURVE_WITH_KNOTS('',3,(#167,#168,#169,#170),
  .UNSPECIFIED.,.F.,.F.,(4,4),(0.,1.),.PIECEWISE_BEZIER_KNOTS.);
#167 = CARTESIAN_POINT('',(20.689696,-36.195211,0.));
#168 = CARTESIAN_POINT('',(20.694696,-36.211281,0.));
#169 = CARTESIAN_POINT('',(20.703356,-36.225971,0.));
#170 = CARTESIAN_POINT('',(20.715016,-36.238101,0.));
#171 = ORIENTED_EDGE('',*,*,#172,.T.);
#172 = EDGE_CURVE('',#164,#173,#175,.T.);
#173 = VERTEX_POINT('',#174);
#174 = CARTESIAN_POINT('',(20.824053,-36.345588,0.));
#175 = B_SPLINE_CURVE_WITH_KNOTS('',1,(#176,#177),.UNSPECIFIED.,.F.,.F.,
  (2,2),(0.,0.153109511586),.PIECEWISE_BEZIER_KNOTS.);
#176 = CARTESIAN_POINT('',(20.715016,-36.238101,0.));
#177 = CARTESIAN_POINT('',(20.824053,-36.345588,0.));
#178 = ORIENTED_EDGE('',*,*,#179,.T.);
#179 = EDGE_CURVE('',#173,#180,#182,.T.);
#180 = VERTEX_POINT('',#181);
#181 = CARTESIAN_POINT('',(20.875213,-36.372978,0.));
#182 = B_SPLINE_CURVE_WITH_KNOTS('',3,(#183,#184,#185,#186),
  .UNSPECIFIED.,.F.,.F.,(4,4),(0.,1.),.PIECEWISE_BEZIER_KNOTS.);
#183 = CARTESIAN_POINT('',(20.824053,-36.345588,0.));
#184 = CARTESIAN_POINT('',(20.838293,-36.359208,0.));
#185 = CARTESIAN_POINT('',(20.855983,-36.368678,0.));
#186 = CARTESIAN_POINT('',(20.875213,-36.372978,0.));
#187 = ORIENTED_EDGE('',*,*,#188,.T.);
#188 = EDGE_CURVE('',#180,#189,#191,.T.);
#189 = VERTEX_POINT('',#190);
#190 = CARTESIAN_POINT('',(21.009571,-36.408118,0.));
#191 = B_SPLINE_CURVE_WITH_KNOTS('',1,(#192,#193),.UNSPECIFIED.,.F.,.F.,
  (2,2),(0.,0.138877254308),.PIECEWISE_BEZIER_KNOTS.);
#192 = CARTESIAN_POINT('',(20.875213,-36.372978,0.));
#193 = CARTESIAN_POINT('',(21.009571,-36.408118,0.));
#194 = ORIENTED_EDGE('',*,*,#195,.T.);
#195 = EDGE_CURVE('',#189,#196,#198,.T.);
#196 = VERTEX_POINT('',#197);
#197 = CARTESIAN_POINT('',(21.044711,-36.414318,0.));
#198 = B_SPLINE_CURVE_WITH_KNOTS('',3,(#199,#200,#201,#202),
  .UNSPECIFIED.,.F.,.F.,(4,4),(0.,1.),.PIECEWISE_BEZIER_KNOTS.);
#199 = CARTESIAN_POINT('',(21.009571,-36.408118,0.));
#200 = CARTESIAN_POINT('',(21.020861,-36.412118,0.));
#201 = CARTESIAN_POINT('',(21.032731,-36.414218,0.));
#202 = CARTESIAN_POINT('',(21.044711,-36.414318,0.));
#203 = ORIENTED_EDGE('',*,*,#204,.T.);
#204 = EDGE_CURVE('',#196,#205,#207,.T.);
#205 = VERTEX_POINT('',#206);
#206 = CARTESIAN_POINT('',(23.062676,-36.414318,0.));
#207 = B_SPLINE_CURVE_WITH_KNOTS('',1,(#208,#209),.UNSPECIFIED.,.F.,.F.,
  (2,2),(0.,2.017965),.PIECEWISE_BEZIER_KNOTS.);
#208 = CARTESIAN_POINT('',(21.044711,-36.414318,0.));
#209 = CARTESIAN_POINT('',(23.062676,-36.414318,0.));
#210 = ORIENTED_EDGE('',*,*,#211,.T.);
#211 = EDGE_CURVE('',#205,#212,#214,.T.);
#212 = VERTEX_POINT('',#213);
#213 = CARTESIAN_POINT('',(23.076626,-36.413318,0.));
#214 = B_SPLINE_CURVE_WITH_KNOTS('',3,(#215,#216,#217,#218),
  .UNSPECIFIED.,.F.,.F.,(4,4),(0.,1.),.PIECEWISE_BEZIER_KNOTS.);
#215 = CARTESIAN_POINT('',(23.062676,-36.414318,0.));
#216 = CARTESIAN_POINT('',(23.067376,-36.414275,0.));
#217 = CARTESIAN_POINT('',(23.071976,-36.41393,0.));
#218 = CARTESIAN_POINT('',(23.076626,-36.413318,0.));
#219 = ORIENTED_EDGE('',*,*,#220,.T.);
#220 = EDGE_CURVE('',#212,#221,#223,.T.);
#221 = VERTEX_POINT('',#222);
#222 = CARTESIAN_POINT('',(23.170156,-36.304798,0.));
#223 = B_SPLINE_CURVE_WITH_KNOTS('',3,(#224,#225,#226,#227),
  .UNSPECIFIED.,.F.,.F.,(4,4),(0.,1.),.PIECEWISE_BEZIER_KNOTS.);
#224 = CARTESIAN_POINT('',(23.076626,-36.413318,0.));
#225 = CARTESIAN_POINT('',(23.130736,-36.405918,0.));
#226 = CARTESIAN_POINT('',(23.170866,-36.359408,0.));
#227 = CARTESIAN_POINT('',(23.170156,-36.304798,0.));
#228 = ORIENTED_EDGE('',*,*,#229,.T.);
#229 = EDGE_CURVE('',#221,#230,#232,.T.);
#230 = VERTEX_POINT('',#231);
#231 = CARTESIAN_POINT('',(23.170156,-36.269658,0.));
#232 = B_SPLINE_CURVE_WITH_KNOTS('',1,(#233,#234),.UNSPECIFIED.,.F.,.F.,
  (2,2),(0.,3.514E-02),.PIECEWISE_BEZIER_KNOTS.);
#233 = CARTESIAN_POINT('',(23.170156,-36.304798,0.));
#234 = CARTESIAN_POINT('',(23.170156,-36.269658,0.));
#235 = ORIENTED_EDGE('',*,*,#236,.T.);
#236 = EDGE_CURVE('',#230,#237,#239,.T.);
#237 = VERTEX_POINT('',#238);
#238 = CARTESIAN_POINT('',(70.105276,-36.269658,0.));
#239 = B_SPLINE_CURVE_WITH_KNOTS('',1,(#240,#241),.UNSPECIFIED.,.F.,.F.,
  (2,2),(0.,46.93512),.PIECEWISE_BEZIER_KNOTS.);
#240 = CARTESIAN_POINT('',(23.170156,-36.269658,0.));
#241 = CARTESIAN_POINT('',(70.105276,-36.269658,0.));
#242 = ORIENTED_EDGE('',*,*,#243,.T.);
#243 = EDGE_CURVE('',#237,#244,#246,.T.);
#244 = VERTEX_POINT('',#245);
#245 = CARTESIAN_POINT('',(70.105276,-36.304798,0.));
#246 = B_SPLINE_CURVE_WITH_KNOTS('',1,(#247,#248),.UNSPECIFIED.,.F.,.F.,
  (2,2),(0.,3.514E-02),.PIECEWISE_BEZIER_KNOTS.);
#247 = CARTESIAN_POINT('',(70.105276,-36.269658,0.));
#248 = CARTESIAN_POINT('',(70.105276,-36.304798,0.));
#249 = ORIENTED_EDGE('',*,*,#250,.T.);
#250 = EDGE_CURVE('',#244,#251,#253,.T.);
#251 = VERTEX_POINT('',#252);
#252 = CARTESIAN_POINT('',(70.186406,-36.410734,0.));
#253 = B_SPLINE_CURVE_WITH_KNOTS('',3,(#254,#255,#256,#257),
  .UNSPECIFIED.,.F.,.F.,(4,4),(0.,1.),.PIECEWISE_BEZIER_KNOTS.);
#254 = CARTESIAN_POINT('',(70.105276,-36.304798,0.));
#255 = CARTESIAN_POINT('',(70.104701,-36.354578,0.));
#256 = CARTESIAN_POINT('',(70.138196,-36.398318,0.));
#257 = CARTESIAN_POINT('',(70.186406,-36.410734,0.));
#258 = ORIENTED_EDGE('',*,*,#259,.T.);
#259 = EDGE_CURVE('',#251,#260,#262,.T.);
#260 = VERTEX_POINT('',#261);
#261 = CARTESIAN_POINT('',(70.214826,-36.414334,0.));
#262 = B_SPLINE_CURVE_WITH_KNOTS('',3,(#263,#264,#265,#266),
  .UNSPECIFIED.,.F.,.F.,(4,4),(0.,1.),.PIECEWISE_BEZIER_KNOTS.);
#263 = CARTESIAN_POINT('',(70.186406,-36.410734,0.));
#264 = CARTESIAN_POINT('',(70.195706,-36.413234,0.));
#265 = CARTESIAN_POINT('',(70.205236,-36.414434,0.));
#266 = CARTESIAN_POINT('',(70.214826,-36.414334,0.));
#267 = ORIENTED_EDGE('',*,*,#268,.T.);
#268 = EDGE_CURVE('',#260,#269,#271,.T.);
#269 = VERTEX_POINT('',#270);
#270 = CARTESIAN_POINT('',(70.215342,-36.414334,0.));
#271 = B_SPLINE_CURVE_WITH_KNOTS('',3,(#272,#273,#274,#275),
  .UNSPECIFIED.,.F.,.F.,(4,4),(0.,1.),.PIECEWISE_BEZIER_KNOTS.);
#272 = CARTESIAN_POINT('',(70.214826,-36.414334,0.));
#273 = CARTESIAN_POINT('',(70.214998,-36.414334,0.));
#274 = CARTESIAN_POINT('',(70.21517,-36.414334,0.));
#275 = CARTESIAN_POINT('',(70.215342,-36.414334,0.));
#276 = ORIENTED_EDGE('',*,*,#277,.T.);
#277 = EDGE_CURVE('',#269,#278,#280,.T.);
#278 = VERTEX_POINT('',#279);
#279 = CARTESIAN_POINT('',(72.232274,-36.414334,0.));
#280 = B_SPLINE_CURVE_WITH_KNOTS('',1,(#281,#282),.UNSPECIFIED.,.F.,.F.,
  (2,2),(0.,2.016932),.PIECEWISE_BEZIER_KNOTS.);
#281 = CARTESIAN_POINT('',(70.215342,-36.414334,0.));
#282 = CARTESIAN_POINT('',(72.232274,-36.414334,0.));
#283 = ORIENTED_EDGE('',*,*,#284,.T.);
#284 = EDGE_CURVE('',#278,#285,#287,.T.);
#285 = VERTEX_POINT('',#286);
#286 = CARTESIAN_POINT('',(72.271544,-36.406534,0.));
#287 = B_SPLINE_CURVE_WITH_KNOTS('',3,(#288,#289,#290,#291),
  .UNSPECIFIED.,.F.,.F.,(4,4),(0.,1.),.PIECEWISE_BEZIER_KNOTS.);
#288 = CARTESIAN_POINT('',(72.232274,-36.414334,0.));
#289 = CARTESIAN_POINT('',(72.245734,-36.414218,0.));
#290 = CARTESIAN_POINT('',(72.259054,-36.411634,0.));
#291 = CARTESIAN_POINT('',(72.271544,-36.406534,0.));
#292 = ORIENTED_EDGE('',*,*,#293,.T.);
#293 = EDGE_CURVE('',#285,#294,#296,.T.);
#294 = VERTEX_POINT('',#295);
#295 = CARTESIAN_POINT('',(72.402285,-36.372944,0.));
#296 = B_SPLINE_CURVE_WITH_KNOTS('',1,(#297,#298),.UNSPECIFIED.,.F.,.F.,
  (2,2),(0.,0.134987025973),.PIECEWISE_BEZIER_KNOTS.);
#297 = CARTESIAN_POINT('',(72.271544,-36.406534,0.));
#298 = CARTESIAN_POINT('',(72.402285,-36.372944,0.));
#299 = ORIENTED_EDGE('',*,*,#300,.T.);
#300 = EDGE_CURVE('',#294,#301,#303,.T.);
#301 = VERTEX_POINT('',#302);
#302 = CARTESIAN_POINT('',(72.447245,-36.351754,0.));
#303 = B_SPLINE_CURVE_WITH_KNOTS('',3,(#304,#305,#306,#307),
  .UNSPECIFIED.,.F.,.F.,(4,4),(0.,1.),.PIECEWISE_BEZIER_KNOTS.);
#304 = CARTESIAN_POINT('',(72.402285,-36.372944,0.));
#305 = CARTESIAN_POINT('',(72.418715,-36.369444,0.));
#306 = CARTESIAN_POINT('',(72.434105,-36.362214,0.));
#307 = CARTESIAN_POINT('',(72.447245,-36.351754,0.));
#308 = ORIENTED_EDGE('',*,*,#309,.T.);
#309 = EDGE_CURVE('',#301,#310,#312,.T.);
#310 = VERTEX_POINT('',#311);
#311 = CARTESIAN_POINT('',(72.572302,-36.2422,0.));
#312 = B_SPLINE_CURVE_WITH_KNOTS('',1,(#313,#314),.UNSPECIFIED.,.F.,.F.,
  (2,2),(0.,0.16625682592),.PIECEWISE_BEZIER_KNOTS.);
#313 = CARTESIAN_POINT('',(72.447245,-36.351754,0.));
#314 = CARTESIAN_POINT('',(72.572302,-36.2422,0.));
#315 = ORIENTED_EDGE('',*,*,#316,.T.);
#316 = EDGE_CURVE('',#310,#317,#319,.T.);
#317 = VERTEX_POINT('',#318);
#318 = CARTESIAN_POINT('',(72.607442,-36.18381,0.));
#319 = B_SPLINE_CURVE_WITH_KNOTS('',3,(#320,#321,#322,#323),
  .UNSPECIFIED.,.F.,.F.,(4,4),(0.,1.),.PIECEWISE_BEZIER_KNOTS.);
#320 = CARTESIAN_POINT('',(72.572302,-36.2422,0.));
#321 = CARTESIAN_POINT('',(72.590002,-36.22703,0.));
#322 = CARTESIAN_POINT('',(72.602332,-36.20655,0.));
#323 = CARTESIAN_POINT('',(72.607442,-36.18381,0.));
#324 = ORIENTED_EDGE('',*,*,#325,.T.);
#325 = EDGE_CURVE('',#317,#326,#328,.T.);
#326 = VERTEX_POINT('',#327);
#327 = CARTESIAN_POINT('',(72.644652,-36.021546,0.));
#328 = B_SPLINE_CURVE_WITH_KNOTS('',1,(#329,#330),.UNSPECIFIED.,.F.,.F.,
  (2,2),(0.,0.166475793424),.PIECEWISE_BEZIER_KNOTS.);
#329 = CARTESIAN_POINT('',(72.607442,-36.18381,0.));
#330 = CARTESIAN_POINT('',(72.644652,-36.021546,0.));
#331 = ORIENTED_EDGE('',*,*,#332,.T.);
#332 = EDGE_CURVE('',#326,#333,#335,.T.);
#333 = VERTEX_POINT('',#334);
#334 = CARTESIAN_POINT('',(72.646752,-35.986406,0.));
#335 = B_SPLINE_CURVE_WITH_KNOTS('',3,(#336,#337,#338,#339),
  .UNSPECIFIED.,.F.,.F.,(4,4),(0.,1.),.PIECEWISE_BEZIER_KNOTS.);
#336 = CARTESIAN_POINT('',(72.644652,-36.021546,0.));
#337 = CARTESIAN_POINT('',(72.647252,-36.010026,0.));
#338 = CARTESIAN_POINT('',(72.647952,-35.998156,0.));
#339 = CARTESIAN_POINT('',(72.646752,-35.986406,0.));
#340 = ORIENTED_EDGE('',*,*,#341,.T.);
#341 = EDGE_CURVE('',#333,#342,#344,.T.);
#342 = VERTEX_POINT('',#343);
#343 = CARTESIAN_POINT('',(72.646752,-33.982911,0.));
#344 = B_SPLINE_CURVE_WITH_KNOTS('',1,(#345,#346),.UNSPECIFIED.,.F.,.F.,
  (2,2),(0.,2.003495),.PIECEWISE_BEZIER_KNOTS.);
#345 = CARTESIAN_POINT('',(72.646752,-35.986406,0.));
#346 = CARTESIAN_POINT('',(72.646752,-33.982911,0.));
#347 = ORIENTED_EDGE('',*,*,#348,.T.);
#348 = EDGE_CURVE('',#342,#349,#351,.T.);
#349 = VERTEX_POINT('',#350);
#350 = CARTESIAN_POINT('',(72.646752,-33.980311,0.));
#351 = B_SPLINE_CURVE_WITH_KNOTS('',3,(#352,#353,#354,#355),
  .UNSPECIFIED.,.F.,.F.,(4,4),(0.,1.),.PIECEWISE_BEZIER_KNOTS.);
#352 = CARTESIAN_POINT('',(72.646752,-33.982911,0.));
#353 = CARTESIAN_POINT('',(72.646762,-33.98205,0.));
#354 = CARTESIAN_POINT('',(72.646762,-33.981211,0.));
#355 = CARTESIAN_POINT('',(72.646752,-33.980311,0.));
#356 = ORIENTED_EDGE('',*,*,#357,.T.);
#357 = EDGE_CURVE('',#349,#358,#360,.T.);
#358 = VERTEX_POINT('',#359);
#359 = CARTESIAN_POINT('',(72.539265,-33.872824,0.));
#360 = B_SPLINE_CURVE_WITH_KNOTS('',3,(#361,#362,#363,#364),
  .UNSPECIFIED.,.F.,.F.,(4,4),(0.,1.),.PIECEWISE_BEZIER_KNOTS.);
#361 = CARTESIAN_POINT('',(72.646752,-33.980311,0.));
#362 = CARTESIAN_POINT('',(72.646415,-33.921091,0.));
#363 = CARTESIAN_POINT('',(72.598492,-33.873161,0.));
#364 = CARTESIAN_POINT('',(72.539265,-33.872824,0.));
#365 = ORIENTED_EDGE('',*,*,#366,.T.);
#366 = EDGE_CURVE('',#358,#367,#369,.T.);
#367 = VERTEX_POINT('',#368);
#368 = CARTESIAN_POINT('',(72.484485,-33.872824,0.));
#369 = B_SPLINE_CURVE_WITH_KNOTS('',1,(#370,#371),.UNSPECIFIED.,.F.,.F.,
  (2,2),(0.,5.477999999999E-02),.PIECEWISE_BEZIER_KNOTS.);
#370 = CARTESIAN_POINT('',(72.539265,-33.872824,0.));
#371 = CARTESIAN_POINT('',(72.484485,-33.872824,0.));
#372 = ORIENTED_EDGE('',*,*,#373,.T.);
#373 = EDGE_CURVE('',#367,#374,#376,.T.);
#374 = VERTEX_POINT('',#375);
#375 = CARTESIAN_POINT('',(72.484485,-2.5409302,0.));
#376 = B_SPLINE_CURVE_WITH_KNOTS('',1,(#377,#378),.UNSPECIFIED.,.F.,.F.,
  (2,2),(0.,31.3318938),.PIECEWISE_BEZIER_KNOTS.);
#377 = CARTESIAN_POINT('',(72.484485,-33.872824,0.));
#378 = CARTESIAN_POINT('',(72.484485,-2.5409302,0.));
#379 = ORIENTED_EDGE('',*,*,#380,.T.);
#380 = EDGE_CURVE('',#374,#381,#383,.T.);
#381 = VERTEX_POINT('',#382);
#382 = CARTESIAN_POINT('',(72.536675,-2.5409302,0.));
#383 = B_SPLINE_CURVE_WITH_KNOTS('',1,(#384,#385),.UNSPECIFIED.,.F.,.F.,
  (2,2),(0.,5.219E-02),.PIECEWISE_BEZIER_KNOTS.);
#384 = CARTESIAN_POINT('',(72.484485,-2.5409302,0.));
#385 = CARTESIAN_POINT('',(72.536675,-2.5409302,0.));
#386 = ORIENTED_EDGE('',*,*,#387,.T.);
#387 = EDGE_CURVE('',#381,#388,#390,.T.);
#388 = VERTEX_POINT('',#389);
#389 = CARTESIAN_POINT('',(72.539275,-2.5409302,0.));
#390 = B_SPLINE_CURVE_WITH_KNOTS('',1,(#391,#392),.UNSPECIFIED.,.F.,.F.,
  (2,2),(0.,2.600000000001E-03),.PIECEWISE_BEZIER_KNOTS.);
#391 = CARTESIAN_POINT('',(72.536675,-2.5409302,0.));
#392 = CARTESIAN_POINT('',(72.539275,-2.5409302,0.));
#393 = ORIENTED_EDGE('',*,*,#394,.T.);
#394 = EDGE_CURVE('',#388,#395,#397,.T.);
#395 = VERTEX_POINT('',#396);
#396 = CARTESIAN_POINT('',(72.646762,-2.4318929,0.));
#397 = B_SPLINE_CURVE_WITH_KNOTS('',3,(#398,#399,#400,#401),
  .UNSPECIFIED.,.F.,.F.,(4,4),(0.,1.),.PIECEWISE_BEZIER_KNOTS.);
#398 = CARTESIAN_POINT('',(72.539275,-2.5409302,0.));
#399 = CARTESIAN_POINT('',(72.599105,-2.5405907,0.));
#400 = CARTESIAN_POINT('',(72.647279,-2.4917202,0.));
#401 = CARTESIAN_POINT('',(72.646762,-2.4318929,0.));
#402 = ORIENTED_EDGE('',*,*,#403,.T.);
#403 = EDGE_CURVE('',#395,#404,#406,.T.);
#404 = VERTEX_POINT('',#405);
#405 = CARTESIAN_POINT('',(72.646762,-0.42529704,0.));
#406 = B_SPLINE_CURVE_WITH_KNOTS('',1,(#407,#408),.UNSPECIFIED.,.F.,.F.,
  (2,2),(0.,2.00659586),.PIECEWISE_BEZIER_KNOTS.);
#407 = CARTESIAN_POINT('',(72.646762,-2.4318929,0.));
#408 = CARTESIAN_POINT('',(72.646762,-0.42529704,0.));
#409 = ORIENTED_EDGE('',*,*,#410,.T.);
#410 = EDGE_CURVE('',#404,#411,#413,.T.);
#411 = VERTEX_POINT('',#412);
#412 = CARTESIAN_POINT('',(72.645762,-0.39997554,0.));
#413 = B_SPLINE_CURVE_WITH_KNOTS('',3,(#414,#415,#416,#417),
  .UNSPECIFIED.,.F.,.F.,(4,4),(0.,1.),.PIECEWISE_BEZIER_KNOTS.);
#414 = CARTESIAN_POINT('',(72.646762,-0.42529704,0.));
#415 = CARTESIAN_POINT('',(72.647411,-0.41684504,0.));
#416 = CARTESIAN_POINT('',(72.647064,-0.40834634,0.));
#417 = CARTESIAN_POINT('',(72.645762,-0.39997554,0.));
#418 = ORIENTED_EDGE('',*,*,#419,.T.);
#419 = EDGE_CURVE('',#411,#420,#422,.T.);
#420 = VERTEX_POINT('',#421);
#421 = CARTESIAN_POINT('',(72.644762,-0.39067354,0.));
#422 = B_SPLINE_CURVE_WITH_KNOTS('',3,(#423,#424,#425,#426),
  .UNSPECIFIED.,.F.,.F.,(4,4),(0.,1.),.PIECEWISE_BEZIER_KNOTS.);
#423 = CARTESIAN_POINT('',(72.645762,-0.39997554,0.));
#424 = CARTESIAN_POINT('',(72.645552,-0.39686154,0.));
#425 = CARTESIAN_POINT('',(72.645207,-0.39375754,0.));
#426 = CARTESIAN_POINT('',(72.644762,-0.39067354,0.));
#427 = ORIENTED_EDGE('',*,*,#428,.T.);
#428 = EDGE_CURVE('',#420,#429,#431,.T.);
#429 = VERTEX_POINT('',#430);
#430 = CARTESIAN_POINT('',(72.607552,-0.22840954,0.));
#431 = B_SPLINE_CURVE_WITH_KNOTS('',1,(#432,#433),.UNSPECIFIED.,.F.,.F.,
  (2,2),(0.,0.166475793424),.PIECEWISE_BEZIER_KNOTS.);
#432 = CARTESIAN_POINT('',(72.644762,-0.39067354,0.));
#433 = CARTESIAN_POINT('',(72.607552,-0.22840954,0.));
#434 = ORIENTED_EDGE('',*,*,#435,.T.);
#435 = EDGE_CURVE('',#429,#436,#438,.T.);
#436 = VERTEX_POINT('',#437);
#437 = CARTESIAN_POINT('',(72.572412,-0.17001514,0.));
#438 = B_SPLINE_CURVE_WITH_KNOTS('',3,(#439,#440,#441,#442),
  .UNSPECIFIED.,.F.,.F.,(4,4),(0.,1.),.PIECEWISE_BEZIER_KNOTS.);
#439 = CARTESIAN_POINT('',(72.607552,-0.22840954,0.));
#440 = CARTESIAN_POINT('',(72.602452,-0.20566534,0.));
#441 = CARTESIAN_POINT('',(72.590112,-0.18518254,0.));
#442 = CARTESIAN_POINT('',(72.572412,-0.17001514,0.));
#443 = ORIENTED_EDGE('',*,*,#444,.T.);
#444 = EDGE_CURVE('',#436,#445,#447,.T.);
#445 = VERTEX_POINT('',#446);
#446 = CARTESIAN_POINT('',(72.447257,-6.252848E-02,0.));
#447 = B_SPLINE_CURVE_WITH_KNOTS('',1,(#448,#449),.UNSPECIFIED.,.F.,.F.,
  (2,2),(0.,0.164976228903),.PIECEWISE_BEZIER_KNOTS.);
#448 = CARTESIAN_POINT('',(72.572412,-0.17001514,0.));
#449 = CARTESIAN_POINT('',(72.447257,-6.252848E-02,0.));
#450 = ORIENTED_EDGE('',*,*,#451,.T.);
#451 = EDGE_CURVE('',#445,#452,#454,.T.);
#452 = VERTEX_POINT('',#453);
#453 = CARTESIAN_POINT('',(72.402299,-3.927409E-02,0.));
#454 = B_SPLINE_CURVE_WITH_KNOTS('',3,(#455,#456,#457,#458),
  .UNSPECIFIED.,.F.,.F.,(4,4),(0.,1.),.PIECEWISE_BEZIER_KNOTS.);
#455 = CARTESIAN_POINT('',(72.447257,-6.252848E-02,0.));
#456 = CARTESIAN_POINT('',(72.434322,-5.132882E-02,0.));
#457 = CARTESIAN_POINT('',(72.418914,-4.335896E-02,0.));
#458 = CARTESIAN_POINT('',(72.402299,-3.927409E-02,0.));
#459 = ORIENTED_EDGE('',*,*,#460,.T.);
#460 = EDGE_CURVE('',#452,#461,#463,.T.);
#461 = VERTEX_POINT('',#462);
#462 = CARTESIAN_POINT('',(72.268974,-6.71794E-03,0.));
#463 = B_SPLINE_CURVE_WITH_KNOTS('',1,(#464,#465),.UNSPECIFIED.,.F.,.F.,
  (2,2),(0.,0.137242335042),.PIECEWISE_BEZIER_KNOTS.);
#464 = CARTESIAN_POINT('',(72.402299,-3.927409E-02,0.));
#465 = CARTESIAN_POINT('',(72.268974,-6.71794E-03,0.));
#466 = ORIENTED_EDGE('',*,*,#467,.T.);
#467 = EDGE_CURVE('',#461,#468,#470,.T.);
#468 = VERTEX_POINT('',#469);
#469 = CARTESIAN_POINT('',(72.232284,0.,0.));
#470 = B_SPLINE_CURVE_WITH_KNOTS('',3,(#471,#472,#473,#474),
  .UNSPECIFIED.,.F.,.F.,(4,4),(0.,1.),.PIECEWISE_BEZIER_KNOTS.);
#471 = CARTESIAN_POINT('',(72.268974,-6.71794E-03,0.));
#472 = CARTESIAN_POINT('',(72.257226,-2.36971E-03,0.));
#473 = CARTESIAN_POINT('',(72.244811,-9.6564704E-05,0.));
#474 = CARTESIAN_POINT('',(72.232284,-4.336808689942E-19,0.));
#475 = ORIENTED_EDGE('',*,*,#476,.T.);
#476 = EDGE_CURVE('',#468,#477,#479,.T.);
#477 = VERTEX_POINT('',#478);
#478 = CARTESIAN_POINT('',(70.214836,0.,0.));
#479 = B_SPLINE_CURVE_WITH_KNOTS('',1,(#480,#481),.UNSPECIFIED.,.F.,.F.,
  (2,2),(0.,2.017448),.PIECEWISE_BEZIER_KNOTS.);
#480 = CARTESIAN_POINT('',(72.232284,0.,0.));
#481 = CARTESIAN_POINT('',(70.214836,0.,0.));
#482 = ORIENTED_EDGE('',*,*,#483,.T.);
#483 = EDGE_CURVE('',#477,#484,#486,.T.);
#484 = VERTEX_POINT('',#485);
#485 = CARTESIAN_POINT('',(70.200886,-5.1676432E-04,0.));
#486 = B_SPLINE_CURVE_WITH_KNOTS('',3,(#487,#488,#489,#490),
  .UNSPECIFIED.,.F.,.F.,(4,4),(0.,1.),.PIECEWISE_BEZIER_KNOTS.);
#487 = CARTESIAN_POINT('',(70.214836,0.,0.));
#488 = CARTESIAN_POINT('',(70.210136,1.2859605E-04,0.));
#489 = CARTESIAN_POINT('',(70.205536,-4.4018666E-05,0.));
#490 = CARTESIAN_POINT('',(70.200886,-5.1676432E-04,0.));
#491 = ORIENTED_EDGE('',*,*,#492,.T.);
#492 = EDGE_CURVE('',#484,#493,#495,.T.);
#493 = VERTEX_POINT('',#494);
#494 = CARTESIAN_POINT('',(70.186936,-3.61735032E-03,0.));
#495 = B_SPLINE_CURVE_WITH_KNOTS('',3,(#496,#497,#498,#499),
  .UNSPECIFIED.,.F.,.F.,(4,4),(0.,1.),.PIECEWISE_BEZIER_KNOTS.);
#496 = CARTESIAN_POINT('',(70.200886,-5.1676432E-04,0.));
#497 = CARTESIAN_POINT('',(70.196186,-1.24135E-03,0.));
#498 = CARTESIAN_POINT('',(70.191486,-2.27714032E-03,0.));
#499 = CARTESIAN_POINT('',(70.186936,-3.61735032E-03,0.));
#500 = ORIENTED_EDGE('',*,*,#501,.T.);
#501 = EDGE_CURVE('',#493,#502,#504,.T.);
#502 = VERTEX_POINT('',#503);
#503 = CARTESIAN_POINT('',(70.114076,-6.614583032E-02,0.));
#504 = B_SPLINE_CURVE_WITH_KNOTS('',3,(#505,#506,#507,#508),
  .UNSPECIFIED.,.F.,.F.,(4,4),(0.,1.),.PIECEWISE_BEZIER_KNOTS.);
#505 = CARTESIAN_POINT('',(70.186936,-3.61735032E-03,0.));
#506 = CARTESIAN_POINT('',(70.154216,-1.193929032E-02,0.));
#507 = CARTESIAN_POINT('',(70.127266,-3.506900032E-02,0.));
#508 = CARTESIAN_POINT('',(70.114076,-6.614583032E-02,0.));
#509 = ORIENTED_EDGE('',*,*,#510,.T.);
#510 = EDGE_CURVE('',#502,#511,#513,.T.);
#511 = VERTEX_POINT('',#512);
#512 = CARTESIAN_POINT('',(70.109376,-7.958171032E-02,0.));
#513 = B_SPLINE_CURVE_WITH_KNOTS('',3,(#514,#515,#516,#517),
  .UNSPECIFIED.,.F.,.F.,(4,4),(0.,1.),.PIECEWISE_BEZIER_KNOTS.);
#514 = CARTESIAN_POINT('',(70.114076,-6.614583032E-02,0.));
#515 = CARTESIAN_POINT('',(70.112276,-7.051753032E-02,0.));
#516 = CARTESIAN_POINT('',(70.110676,-7.500583032E-02,0.));
#517 = CARTESIAN_POINT('',(70.109376,-7.958171032E-02,0.));
#518 = ORIENTED_EDGE('',*,*,#519,.T.);
#519 = EDGE_CURVE('',#511,#520,#522,.T.);
#520 = VERTEX_POINT('',#521);
#521 = CARTESIAN_POINT('',(70.106276,-9.301758032E-02,0.));
#522 = B_SPLINE_CURVE_WITH_KNOTS('',3,(#523,#524,#525,#526),
  .UNSPECIFIED.,.F.,.F.,(4,4),(0.,1.),.PIECEWISE_BEZIER_KNOTS.);
#523 = CARTESIAN_POINT('',(70.109376,-7.958171032E-02,0.));
#524 = CARTESIAN_POINT('',(70.108076,-8.398981032E-02,0.));
#525 = CARTESIAN_POINT('',(70.106976,-8.847751032E-02,0.));
#526 = CARTESIAN_POINT('',(70.106276,-9.301758032E-02,0.));
#527 = ORIENTED_EDGE('',*,*,#528,.T.);
#528 = EDGE_CURVE('',#520,#529,#531,.T.);
#529 = VERTEX_POINT('',#530);
#530 = CARTESIAN_POINT('',(70.105276,-0.10748698032,0.));
#531 = B_SPLINE_CURVE_WITH_KNOTS('',3,(#532,#533,#534,#535),
  .UNSPECIFIED.,.F.,.F.,(4,4),(0.,1.),.PIECEWISE_BEZIER_KNOTS.);
#532 = CARTESIAN_POINT('',(70.106276,-9.301758032E-02,0.));
#533 = CARTESIAN_POINT('',(70.105608,-9.781218032E-02,0.));
#534 = CARTESIAN_POINT('',(70.105276,-0.10264618032,0.));
#535 = CARTESIAN_POINT('',(70.105276,-0.10748698032,0.));
#536 = ORIENTED_EDGE('',*,*,#537,.T.);
#537 = EDGE_CURVE('',#529,#538,#540,.T.);
#538 = VERTEX_POINT('',#539);
#539 = CARTESIAN_POINT('',(70.105276,-0.11007098032,0.));
#540 = B_SPLINE_CURVE_WITH_KNOTS('',3,(#541,#542,#543,#544),
  .UNSPECIFIED.,.F.,.F.,(4,4),(0.,1.),.PIECEWISE_BEZIER_KNOTS.);
#541 = CARTESIAN_POINT('',(70.105276,-0.10748698032,0.));
#542 = CARTESIAN_POINT('',(70.105266,-0.10834822032,0.));
#543 = CARTESIAN_POINT('',(70.105266,-0.10920998032,0.));
#544 = CARTESIAN_POINT('',(70.105276,-0.11007098032,0.));
#545 = ORIENTED_EDGE('',*,*,#546,.T.);
#546 = EDGE_CURVE('',#538,#547,#549,.T.);
#547 = VERTEX_POINT('',#548);
#548 = CARTESIAN_POINT('',(70.105276,-0.14469418032,0.));
#549 = B_SPLINE_CURVE_WITH_KNOTS('',1,(#550,#551),.UNSPECIFIED.,.F.,.F.,
  (2,2),(0.,3.46232E-02),.PIECEWISE_BEZIER_KNOTS.);
#550 = CARTESIAN_POINT('',(70.105276,-0.11007098032,0.));
#551 = CARTESIAN_POINT('',(70.105276,-0.14469418032,0.));
#552 = ORIENTED_EDGE('',*,*,#553,.T.);
#553 = EDGE_CURVE('',#547,#554,#556,.T.);
#554 = VERTEX_POINT('',#555);
#555 = CARTESIAN_POINT('',(23.170162,-0.14469418032,0.));
#556 = B_SPLINE_CURVE_WITH_KNOTS('',1,(#557,#558),.UNSPECIFIED.,.F.,.F.,
  (2,2),(0.,46.935114),.PIECEWISE_BEZIER_KNOTS.);
#557 = CARTESIAN_POINT('',(70.105276,-0.14469418032,0.));
#558 = CARTESIAN_POINT('',(23.170162,-0.14469418032,0.));
#559 = ORIENTED_EDGE('',*,*,#560,.T.);
#560 = EDGE_CURVE('',#554,#561,#563,.T.);
#561 = VERTEX_POINT('',#562);
#562 = CARTESIAN_POINT('',(23.170162,-0.1100708,0.));
#563 = B_SPLINE_CURVE_WITH_KNOTS('',1,(#564,#565),.UNSPECIFIED.,.F.,.F.,
  (2,2),(0.,3.462338032E-02),.PIECEWISE_BEZIER_KNOTS.);
#564 = CARTESIAN_POINT('',(23.170162,-0.14469418032,0.));
#565 = CARTESIAN_POINT('',(23.170162,-0.1100708,0.));
#566 = ORIENTED_EDGE('',*,*,#567,.T.);
#567 = EDGE_CURVE('',#561,#568,#570,.T.);
#568 = VERTEX_POINT('',#569);
#569 = CARTESIAN_POINT('',(23.170162,-0.1074868,0.));
#570 = B_SPLINE_CURVE_WITH_KNOTS('',3,(#571,#572,#573,#574),
  .UNSPECIFIED.,.F.,.F.,(4,4),(0.,1.),.PIECEWISE_BEZIER_KNOTS.);
#571 = CARTESIAN_POINT('',(23.170162,-0.1100708,0.));
#572 = CARTESIAN_POINT('',(23.170172,-0.10920956,0.));
#573 = CARTESIAN_POINT('',(23.170172,-0.1083478,0.));
#574 = CARTESIAN_POINT('',(23.170162,-0.1074868,0.));
#575 = ORIENTED_EDGE('',*,*,#576,.T.);
#576 = EDGE_CURVE('',#568,#577,#579,.T.);
#577 = VERTEX_POINT('',#578);
#578 = CARTESIAN_POINT('',(23.062675,0.,0.));
#579 = B_SPLINE_CURVE_WITH_KNOTS('',3,(#580,#581,#582,#583),
  .UNSPECIFIED.,.F.,.F.,(4,4),(0.,1.),.PIECEWISE_BEZIER_KNOTS.);
#580 = CARTESIAN_POINT('',(23.170162,-0.1074868,0.));
#581 = CARTESIAN_POINT('',(23.169825,-4.826385E-02,0.));
#582 = CARTESIAN_POINT('',(23.121898,-3.3733115E-04,0.));
#583 = CARTESIAN_POINT('',(23.062675,6.938893903907E-18,0.));
#584 = ORIENTED_EDGE('',*,*,#585,.T.);
#585 = EDGE_CURVE('',#577,#68,#586,.T.);
#586 = B_SPLINE_CURVE_WITH_KNOTS('',1,(#587,#588),.UNSPECIFIED.,.F.,.F.,
  (2,2),(0.,2.017965),.PIECEWISE_BEZIER_KNOTS.);
#587 = CARTESIAN_POINT('',(23.062675,0.,0.));
#588 = CARTESIAN_POINT('',(21.04471,0.,0.));
#589 = B_SPLINE_SURFACE_WITH_KNOTS('',1,1,(
    (#590,#591)
    ,(#592,#593
    )),.UNSPECIFIED.,.F.,.F.,.F.,(2,2),(2,2),(-26.01795404071,
    26.002281959287),(-18.20749874905,18.207063846993),
  .PIECEWISE_BEZIER_KNOTS.);
#590 = CARTESIAN_POINT('',(20.627716,-36.414434,0.));
#591 = CARTESIAN_POINT('',(20.627716,1.285960500006E-04,0.));
#592 = CARTESIAN_POINT('',(72.647952,-36.414434,0.));
#593 = CARTESIAN_POINT('',(72.647952,1.285960500006E-04,0.));
#594 = ( GEOMETRIC_REPRESENTATION_CONTEXT(3) 
GLOBAL_UNCERTAINTY_ASSIGNED_CONTEXT((#598)) GLOBAL_UNIT_ASSIGNED_CONTEXT
((#595,#596,#597)) REPRESENTATION_CONTEXT('Context #1',
  '3D Context with UNIT and UNCERTAINTY') );
#595 = ( LENGTH_UNIT() NAMED_UNIT(*) SI_UNIT(.MILLI.,.METRE.) );
#596 = ( NAMED_UNIT(*) PLANE_ANGLE_UNIT() SI_UNIT($,.RADIAN.) );
#597 = ( NAMED_UNIT(*) SI_UNIT($,.STERADIAN.) SOLID_ANGLE_UNIT() );
#598 = UNCERTAINTY_MEASURE_WITH_UNIT(LENGTH_MEASURE(1.E-07),#595,
  'distance_accuracy_value','confusion accuracy');
#599 = CONTEXT_DEPENDENT_SHAPE_REPRESENTATION(#600,#602);
#600 = ( REPRESENTATION_RELATIONSHIP('','',#60,#10) 
REPRESENTATION_RELATIONSHIP_WITH_TRANSFORMATION(#601) 
SHAPE_REPRESENTATION_RELATIONSHIP() );
#601 = ITEM_DEFINED_TRANSFORMATION('','',#11,#15);
#602 = PRODUCT_DEFINITION_SHAPE('Placement','Placement of an item',#603
  );
#603 = NEXT_ASSEMBLY_USAGE_OCCURRENCE('1','path1415','',#5,#55,$);
#604 = PRODUCT_RELATED_PRODUCT_CATEGORY('part',$,(#57));
#605 = SHAPE_DEFINITION_REPRESENTATION(#606,#612);
#606 = PRODUCT_DEFINITION_SHAPE('','',#607);
#607 = PRODUCT_DEFINITION('design','',#608,#611);
#608 = PRODUCT_DEFINITION_FORMATION('','',#609);
#609 = PRODUCT('path2412','path2412','',(#610));
#610 = PRODUCT_CONTEXT('',#2,'mechanical');
#611 = PRODUCT_DEFINITION_CONTEXT('part definition',#2,'design');
#612 = MANIFOLD_SURFACE_SHAPE_REPRESENTATION('',(#11,#613),#651);
#613 = SHELL_BASED_SURFACE_MODEL('',(#614));
#614 = OPEN_SHELL('',(#615));
#615 = ADVANCED_FACE('',(#616),#646,.T.);
#616 = FACE_BOUND('',#617,.T.);
#617 = EDGE_LOOP('',(#618,#627,#634,#641));
#618 = ORIENTED_EDGE('',*,*,#619,.T.);
#619 = EDGE_CURVE('',#620,#622,#624,.T.);
#620 = VERTEX_POINT('',#621);
#621 = CARTESIAN_POINT('',(29.098174,-2.9008,0.));
#622 = VERTEX_POINT('',#623);
#623 = CARTESIAN_POINT('',(69.889664,-2.9008,0.));
#624 = B_SPLINE_CURVE_WITH_KNOTS('',1,(#625,#626),.UNSPECIFIED.,.F.,.F.,
  (2,2),(0.,40.79149),.PIECEWISE_BEZIER_KNOTS.);
#625 = CARTESIAN_POINT('',(29.098174,-2.9008,0.));
#626 = CARTESIAN_POINT('',(69.889664,-2.9008,0.));
#627 = ORIENTED_EDGE('',*,*,#628,.T.);
#628 = EDGE_CURVE('',#622,#629,#631,.T.);
#629 = VERTEX_POINT('',#630);
#630 = CARTESIAN_POINT('',(69.889664,-33.51243,0.));
#631 = B_SPLINE_CURVE_WITH_KNOTS('',1,(#632,#633),.UNSPECIFIED.,.F.,.F.,
  (2,2),(0.,30.61163),.PIECEWISE_BEZIER_KNOTS.);
#632 = CARTESIAN_POINT('',(69.889664,-2.9008,0.));
#633 = CARTESIAN_POINT('',(69.889664,-33.51243,0.));
#634 = ORIENTED_EDGE('',*,*,#635,.T.);
#635 = EDGE_CURVE('',#629,#636,#638,.T.);
#636 = VERTEX_POINT('',#637);
#637 = CARTESIAN_POINT('',(29.098174,-33.51243,0.));
#638 = B_SPLINE_CURVE_WITH_KNOTS('',1,(#639,#640),.UNSPECIFIED.,.F.,.F.,
  (2,2),(0.,40.79149),.PIECEWISE_BEZIER_KNOTS.);
#639 = CARTESIAN_POINT('',(69.889664,-33.51243,0.));
#640 = CARTESIAN_POINT('',(29.098174,-33.51243,0.));
#641 = ORIENTED_EDGE('',*,*,#642,.T.);
#642 = EDGE_CURVE('',#636,#620,#643,.T.);
#643 = B_SPLINE_CURVE_WITH_KNOTS('',1,(#644,#645),.UNSPECIFIED.,.F.,.F.,
  (2,2),(0.,30.61163),.PIECEWISE_BEZIER_KNOTS.);
#644 = CARTESIAN_POINT('',(29.098174,-33.51243,0.));
#645 = CARTESIAN_POINT('',(29.098174,-2.9008,0.));
#646 = B_SPLINE_SURFACE_WITH_KNOTS('',1,1,(
    (#647,#648)
    ,(#649,#650
    )),.UNSPECIFIED.,.F.,.F.,.F.,(2,2),(2,2),(-20.395745,20.395745),(
    -15.305815,15.305815),.PIECEWISE_BEZIER_KNOTS.);
#647 = CARTESIAN_POINT('',(69.889664,-33.51243,0.));
#648 = CARTESIAN_POINT('',(69.889664,-2.9008,0.));
#649 = CARTESIAN_POINT('',(29.098174,-33.51243,0.));
#650 = CARTESIAN_POINT('',(29.098174,-2.9008,0.));
#651 = ( GEOMETRIC_REPRESENTATION_CONTEXT(3) 
GLOBAL_UNCERTAINTY_ASSIGNED_CONTEXT((#655)) GLOBAL_UNIT_ASSIGNED_CONTEXT
((#652,#653,#654)) REPRESENTATION_CONTEXT('Context #1',
  '3D Context with UNIT and UNCERTAINTY') );
#652 = ( LENGTH_UNIT() NAMED_UNIT(*) SI_UNIT(.MILLI.,.METRE.) );
#653 = ( NAMED_UNIT(*) PLANE_ANGLE_UNIT() SI_UNIT($,.RADIAN.) );
#654 = ( NAMED_UNIT(*) SI_UNIT($,.STERADIAN.) SOLID_ANGLE_UNIT() );
#655 = UNCERTAINTY_MEASURE_WITH_UNIT(LENGTH_MEASURE(1.E-07),#652,
  'distance_accuracy_value','confusion accuracy');
#656 = CONTEXT_DEPENDENT_SHAPE_REPRESENTATION(#657,#659);
#657 = ( REPRESENTATION_RELATIONSHIP('','',#612,#10) 
REPRESENTATION_RELATIONSHIP_WITH_TRANSFORMATION(#658) 
SHAPE_REPRESENTATION_RELATIONSHIP() );
#658 = ITEM_DEFINED_TRANSFORMATION('','',#11,#19);
#659 = PRODUCT_DEFINITION_SHAPE('Placement','Placement of an item',#660
  );
#660 = NEXT_ASSEMBLY_USAGE_OCCURRENCE('2','path2412','',#5,#607,$);
#661 = PRODUCT_RELATED_PRODUCT_CATEGORY('part',$,(#609));
#662 = SHAPE_DEFINITION_REPRESENTATION(#663,#669);
#663 = PRODUCT_DEFINITION_SHAPE('','',#664);
#664 = PRODUCT_DEFINITION('design','',#665,#668);
#665 = PRODUCT_DEFINITION_FORMATION('','',#666);
#666 = PRODUCT('path2776','path2776','',(#667));
#667 = PRODUCT_CONTEXT('',#2,'mechanical');
#668 = PRODUCT_DEFINITION_CONTEXT('part definition',#2,'design');
#669 = MANIFOLD_SURFACE_SHAPE_REPRESENTATION('',(#11,#670),#1404);
#670 = SHELL_BASED_SURFACE_MODEL('',(#671));
#671 = OPEN_SHELL('',(#672));
#672 = ADVANCED_FACE('',(#673),#1399,.T.);
#673 = FACE_BOUND('',#674,.T.);
#674 = EDGE_LOOP('',(#675,#684,#693,#702,#709,#718,#725,#734,#741,#750,
    #757,#766,#773,#782,#789,#798,#805,#812,#821,#828,#837,#844,#853,
    #860,#869,#876,#885,#892,#901,#908,#917,#924,#933,#940,#949,#958,
    #965,#972,#981,#988,#997,#1004,#1013,#1020,#1029,#1036,#1045,#1052,
    #1061,#1068,#1077,#1084,#1093,#1100,#1109,#1116,#1125,#1132,#1141,
    #1148,#1157,#1164,#1173,#1180,#1187,#1194,#1201,#1208,#1215,#1222,
    #1229,#1236,#1243,#1250,#1257,#1264,#1273,#1280,#1289,#1296,#1305,
    #1312,#1321,#1328,#1337,#1344,#1353,#1360,#1369,#1378,#1385,#1394));
#675 = ORIENTED_EDGE('',*,*,#676,.T.);
#676 = EDGE_CURVE('',#677,#679,#681,.T.);
#677 = VERTEX_POINT('',#678);
#678 = CARTESIAN_POINT('',(25.657349,-7.4264201,0.));
#679 = VERTEX_POINT('',#680);
#680 = CARTESIAN_POINT('',(11.602393,-7.4269368,0.));
#681 = B_SPLINE_CURVE_WITH_KNOTS('',1,(#682,#683),.UNSPECIFIED.,.F.,.F.,
  (2,2),(0.,14.054956009498),.PIECEWISE_BEZIER_KNOTS.);
#682 = CARTESIAN_POINT('',(25.657349,-7.4264201,0.));
#683 = CARTESIAN_POINT('',(11.602393,-7.4269368,0.));
#684 = ORIENTED_EDGE('',*,*,#685,.T.);
#685 = EDGE_CURVE('',#679,#686,#688,.T.);
#686 = VERTEX_POINT('',#687);
#687 = CARTESIAN_POINT('',(11.586893,-7.4300368,0.));
#688 = B_SPLINE_CURVE_WITH_KNOTS('',3,(#689,#690,#691,#692),
  .UNSPECIFIED.,.F.,.F.,(4,4),(0.,1.),.PIECEWISE_BEZIER_KNOTS.);
#689 = CARTESIAN_POINT('',(11.602393,-7.4269368,0.));
#690 = CARTESIAN_POINT('',(11.597093,-7.4271417,0.));
#691 = CARTESIAN_POINT('',(11.591863,-7.4281868,0.));
#692 = CARTESIAN_POINT('',(11.586893,-7.4300368,0.));
#693 = ORIENTED_EDGE('',*,*,#694,.T.);
#694 = EDGE_CURVE('',#686,#695,#697,.T.);
#695 = VERTEX_POINT('',#696);
#696 = CARTESIAN_POINT('',(11.585893,-7.4300368,0.));
#697 = B_SPLINE_CURVE_WITH_KNOTS('',3,(#698,#699,#700,#701),
  .UNSPECIFIED.,.F.,.F.,(4,4),(0.,1.),.PIECEWISE_BEZIER_KNOTS.);
#698 = CARTESIAN_POINT('',(11.586893,-7.4300368,0.));
#699 = CARTESIAN_POINT('',(11.58656,-7.4300335,0.));
#700 = CARTESIAN_POINT('',(11.586226,-7.4300335,0.));
#701 = CARTESIAN_POINT('',(11.585893,-7.4300368,0.));
#702 = ORIENTED_EDGE('',*,*,#703,.T.);
#703 = EDGE_CURVE('',#695,#704,#706,.T.);
#704 = VERTEX_POINT('',#705);
#705 = CARTESIAN_POINT('',(11.327511,-7.4636268,0.));
#706 = B_SPLINE_CURVE_WITH_KNOTS('',1,(#707,#708),.UNSPECIFIED.,.F.,.F.,
  (2,2),(0.,0.260556224305),.PIECEWISE_BEZIER_KNOTS.);
#707 = CARTESIAN_POINT('',(11.585893,-7.4300368,0.));
#708 = CARTESIAN_POINT('',(11.327511,-7.4636268,0.));
#709 = ORIENTED_EDGE('',*,*,#710,.T.);
#710 = EDGE_CURVE('',#704,#711,#713,.T.);
#711 = VERTEX_POINT('',#712);
#712 = CARTESIAN_POINT('',(11.311491,-7.4677568,0.));
#713 = B_SPLINE_CURVE_WITH_KNOTS('',3,(#714,#715,#716,#717),
  .UNSPECIFIED.,.F.,.F.,(4,4),(0.,1.),.PIECEWISE_BEZIER_KNOTS.);
#714 = CARTESIAN_POINT('',(11.327511,-7.4636268,0.));
#715 = CARTESIAN_POINT('',(11.322011,-7.4641044,0.));
#716 = CARTESIAN_POINT('',(11.316561,-7.4654968,0.));
#717 = CARTESIAN_POINT('',(11.311491,-7.4677568,0.));
#718 = ORIENTED_EDGE('',*,*,#719,.T.);
#719 = EDGE_CURVE('',#711,#720,#722,.T.);
#720 = VERTEX_POINT('',#721);
#721 = CARTESIAN_POINT('',(11.077397,-7.5752438,0.));
#722 = B_SPLINE_CURVE_WITH_KNOTS('',1,(#723,#724),.UNSPECIFIED.,.F.,.F.,
  (2,2),(0.,0.257591645837),.PIECEWISE_BEZIER_KNOTS.);
#723 = CARTESIAN_POINT('',(11.311491,-7.4677568,0.));
#724 = CARTESIAN_POINT('',(11.077397,-7.5752438,0.));
#725 = ORIENTED_EDGE('',*,*,#726,.T.);
#726 = EDGE_CURVE('',#720,#727,#729,.T.);
#727 = VERTEX_POINT('',#728);
#728 = CARTESIAN_POINT('',(11.071197,-7.5793738,0.));
#729 = B_SPLINE_CURVE_WITH_KNOTS('',3,(#730,#731,#732,#733),
  .UNSPECIFIED.,.F.,.F.,(4,4),(0.,1.),.PIECEWISE_BEZIER_KNOTS.);
#730 = CARTESIAN_POINT('',(11.077397,-7.5752438,0.));
#731 = CARTESIAN_POINT('',(11.075197,-7.5764638,0.));
#732 = CARTESIAN_POINT('',(11.073197,-7.5778438,0.));
#733 = CARTESIAN_POINT('',(11.071197,-7.5793738,0.));
#734 = ORIENTED_EDGE('',*,*,#735,.T.);
#735 = EDGE_CURVE('',#727,#736,#738,.T.);
#736 = VERTEX_POINT('',#737);
#737 = CARTESIAN_POINT('',(10.854673,-7.7235511,0.));
#738 = B_SPLINE_CURVE_WITH_KNOTS('',1,(#739,#740),.UNSPECIFIED.,.F.,.F.,
  (2,2),(0.,0.260134073914),.PIECEWISE_BEZIER_KNOTS.);
#739 = CARTESIAN_POINT('',(11.071197,-7.5793738,0.));
#740 = CARTESIAN_POINT('',(10.854673,-7.7235511,0.));
#741 = ORIENTED_EDGE('',*,*,#742,.T.);
#742 = EDGE_CURVE('',#736,#743,#745,.T.);
#743 = VERTEX_POINT('',#744);
#744 = CARTESIAN_POINT('',(10.840723,-7.7375041,0.));
#745 = B_SPLINE_CURVE_WITH_KNOTS('',3,(#746,#747,#748,#749),
  .UNSPECIFIED.,.F.,.F.,(4,4),(0.,1.),.PIECEWISE_BEZIER_KNOTS.);
#746 = CARTESIAN_POINT('',(10.854673,-7.7235511,0.));
#747 = CARTESIAN_POINT('',(10.849173,-7.7272311,0.));
#748 = CARTESIAN_POINT('',(10.844403,-7.7319711,0.));
#749 = CARTESIAN_POINT('',(10.840723,-7.7375041,0.));
#750 = ORIENTED_EDGE('',*,*,#751,.T.);
#751 = EDGE_CURVE('',#743,#752,#754,.T.);
#752 = VERTEX_POINT('',#753);
#753 = CARTESIAN_POINT('',(10.696546,-7.9540284,0.));
#754 = B_SPLINE_CURVE_WITH_KNOTS('',1,(#755,#756),.UNSPECIFIED.,.F.,.F.,
  (2,2),(0.,0.260134157349),.PIECEWISE_BEZIER_KNOTS.);
#755 = CARTESIAN_POINT('',(10.840723,-7.7375041,0.));
#756 = CARTESIAN_POINT('',(10.696546,-7.9540284,0.));
#757 = ORIENTED_EDGE('',*,*,#758,.T.);
#758 = EDGE_CURVE('',#752,#759,#761,.T.);
#759 = VERTEX_POINT('',#760);
#760 = CARTESIAN_POINT('',(10.692446,-7.9602284,0.));
#761 = B_SPLINE_CURVE_WITH_KNOTS('',3,(#762,#763,#764,#765),
  .UNSPECIFIED.,.F.,.F.,(4,4),(0.,1.),.PIECEWISE_BEZIER_KNOTS.);
#762 = CARTESIAN_POINT('',(10.696546,-7.9540284,0.));
#763 = CARTESIAN_POINT('',(10.695046,-7.9559884,0.));
#764 = CARTESIAN_POINT('',(10.693646,-7.9580584,0.));
#765 = CARTESIAN_POINT('',(10.692446,-7.9602284,0.));
#766 = ORIENTED_EDGE('',*,*,#767,.T.);
#767 = EDGE_CURVE('',#759,#768,#770,.T.);
#768 = VERTEX_POINT('',#769);
#769 = CARTESIAN_POINT('',(10.584959,-8.1948394,0.));
#770 = B_SPLINE_CURVE_WITH_KNOTS('',1,(#771,#772),.UNSPECIFIED.,.F.,.F.,
  (2,2),(0.,0.258061574997),.PIECEWISE_BEZIER_KNOTS.);
#771 = CARTESIAN_POINT('',(10.692446,-7.9602284,0.));
#772 = CARTESIAN_POINT('',(10.584959,-8.1948394,0.));
#773 = ORIENTED_EDGE('',*,*,#774,.T.);
#774 = EDGE_CURVE('',#768,#775,#777,.T.);
#775 = VERTEX_POINT('',#776);
#776 = CARTESIAN_POINT('',(10.581359,-8.2103424,0.));
#777 = B_SPLINE_CURVE_WITH_KNOTS('',3,(#778,#779,#780,#781),
  .UNSPECIFIED.,.F.,.F.,(4,4),(0.,1.),.PIECEWISE_BEZIER_KNOTS.);
#778 = CARTESIAN_POINT('',(10.584959,-8.1948394,0.));
#779 = CARTESIAN_POINT('',(10.582959,-8.1997794,0.));
#780 = CARTESIAN_POINT('',(10.581759,-8.2050154,0.));
#781 = CARTESIAN_POINT('',(10.581359,-8.2103424,0.));
#782 = ORIENTED_EDGE('',*,*,#783,.T.);
#783 = EDGE_CURVE('',#775,#784,#786,.T.);
#784 = VERTEX_POINT('',#785);
#785 = CARTESIAN_POINT('',(10.544149,-8.4795766,0.));
#786 = B_SPLINE_CURVE_WITH_KNOTS('',1,(#787,#788),.UNSPECIFIED.,.F.,.F.,
  (2,2),(0.,0.271793374735),.PIECEWISE_BEZIER_KNOTS.);
#787 = CARTESIAN_POINT('',(10.581359,-8.2103424,0.));
#788 = CARTESIAN_POINT('',(10.544149,-8.4795766,0.));
#789 = ORIENTED_EDGE('',*,*,#790,.T.);
#790 = EDGE_CURVE('',#784,#791,#793,.T.);
#791 = VERTEX_POINT('',#792);
#792 = CARTESIAN_POINT('',(10.544149,-8.4940456,0.));
#793 = B_SPLINE_CURVE_WITH_KNOTS('',3,(#794,#795,#796,#797),
  .UNSPECIFIED.,.F.,.F.,(4,4),(0.,1.),.PIECEWISE_BEZIER_KNOTS.);
#794 = CARTESIAN_POINT('',(10.544149,-8.4795766,0.));
#795 = CARTESIAN_POINT('',(10.543447,-8.4843766,0.));
#796 = CARTESIAN_POINT('',(10.543447,-8.4892466,0.));
#797 = CARTESIAN_POINT('',(10.544149,-8.4940456,0.));
#798 = ORIENTED_EDGE('',*,*,#799,.T.);
#799 = EDGE_CURVE('',#791,#800,#802,.T.);
#800 = VERTEX_POINT('',#801);
#801 = CARTESIAN_POINT('',(10.544149,-13.955727,0.));
#802 = B_SPLINE_CURVE_WITH_KNOTS('',1,(#803,#804),.UNSPECIFIED.,.F.,.F.,
  (2,2),(0.,5.4616814),.PIECEWISE_BEZIER_KNOTS.);
#803 = CARTESIAN_POINT('',(10.544149,-8.4940456,0.));
#804 = CARTESIAN_POINT('',(10.544149,-13.955727,0.));
#805 = ORIENTED_EDGE('',*,*,#806,.T.);
#806 = EDGE_CURVE('',#800,#807,#809,.T.);
#807 = VERTEX_POINT('',#808);
#808 = CARTESIAN_POINT('',(10.509009,-14.203774,0.));
#809 = B_SPLINE_CURVE_WITH_KNOTS('',1,(#810,#811),.UNSPECIFIED.,.F.,.F.,
  (2,2),(0.,0.250523719055),.PIECEWISE_BEZIER_KNOTS.);
#810 = CARTESIAN_POINT('',(10.544149,-13.955727,0.));
#811 = CARTESIAN_POINT('',(10.509009,-14.203774,0.));
#812 = ORIENTED_EDGE('',*,*,#813,.T.);
#813 = EDGE_CURVE('',#807,#814,#816,.T.);
#814 = VERTEX_POINT('',#815);
#815 = CARTESIAN_POINT('',(9.6005376,-14.905023,0.));
#816 = B_SPLINE_CURVE_WITH_KNOTS('',3,(#817,#818,#819,#820),
  .UNSPECIFIED.,.F.,.F.,(4,4),(0.,1.),.PIECEWISE_BEZIER_KNOTS.);
#817 = CARTESIAN_POINT('',(10.509009,-14.203774,0.));
#818 = CARTESIAN_POINT('',(10.398954,-14.638274,0.));
#819 = CARTESIAN_POINT('',(10.042724,-14.890343,0.));
#820 = CARTESIAN_POINT('',(9.6005376,-14.905023,0.));
#821 = ORIENTED_EDGE('',*,*,#822,.T.);
#822 = EDGE_CURVE('',#814,#823,#825,.T.);
#823 = VERTEX_POINT('',#824);
#824 = CARTESIAN_POINT('',(0.25889893,-14.905023,0.));
#825 = B_SPLINE_CURVE_WITH_KNOTS('',1,(#826,#827),.UNSPECIFIED.,.F.,.F.,
  (2,2),(0.,9.34163867),.PIECEWISE_BEZIER_KNOTS.);
#826 = CARTESIAN_POINT('',(9.6005376,-14.905023,0.));
#827 = CARTESIAN_POINT('',(0.25889893,-14.905023,0.));
#828 = ORIENTED_EDGE('',*,*,#829,.T.);
#829 = EDGE_CURVE('',#823,#830,#832,.T.);
#830 = VERTEX_POINT('',#831);
#831 = CARTESIAN_POINT('',(0.23719483,-14.907123,0.));
#832 = B_SPLINE_CURVE_WITH_KNOTS('',3,(#833,#834,#835,#836),
  .UNSPECIFIED.,.F.,.F.,(4,4),(0.,1.),.PIECEWISE_BEZIER_KNOTS.);
#833 = CARTESIAN_POINT('',(0.25889893,-14.905023,0.));
#834 = CARTESIAN_POINT('',(0.25159793,-14.904118,0.));
#835 = CARTESIAN_POINT('',(0.24418693,-14.904835,0.));
#836 = CARTESIAN_POINT('',(0.23719483,-14.907123,0.));
#837 = ORIENTED_EDGE('',*,*,#838,.T.);
#838 = EDGE_CURVE('',#830,#839,#841,.T.);
#839 = VERTEX_POINT('',#840);
#840 = CARTESIAN_POINT('',(0.12815756,-14.942263,0.));
#841 = B_SPLINE_CURVE_WITH_KNOTS('',1,(#842,#843),.UNSPECIFIED.,.F.,.F.,
  (2,2),(0.,0.11455979159),.PIECEWISE_BEZIER_KNOTS.);
#842 = CARTESIAN_POINT('',(0.23719483,-14.907123,0.));
#843 = CARTESIAN_POINT('',(0.12815756,-14.942263,0.));
#844 = ORIENTED_EDGE('',*,*,#845,.T.);
#845 = EDGE_CURVE('',#839,#846,#848,.T.);
#846 = VERTEX_POINT('',#847);
#847 = CARTESIAN_POINT('',(0.10852056,-14.956213,0.));
#848 = B_SPLINE_CURVE_WITH_KNOTS('',3,(#849,#850,#851,#852),
  .UNSPECIFIED.,.F.,.F.,(4,4),(0.,1.),.PIECEWISE_BEZIER_KNOTS.);
#849 = CARTESIAN_POINT('',(0.12815756,-14.942263,0.));
#850 = CARTESIAN_POINT('',(0.12057256,-14.945263,0.));
#851 = CARTESIAN_POINT('',(0.11383176,-14.950063,0.));
#852 = CARTESIAN_POINT('',(0.10852056,-14.956213,0.));
#853 = ORIENTED_EDGE('',*,*,#854,.T.);
#854 = EDGE_CURVE('',#846,#855,#857,.T.);
#855 = VERTEX_POINT('',#856);
#856 = CARTESIAN_POINT('',(3.617355E-02,-15.026493,0.));
#857 = B_SPLINE_CURVE_WITH_KNOTS('',1,(#858,#859),.UNSPECIFIED.,.F.,.F.,
  (2,2),(0.,0.10086311643),.PIECEWISE_BEZIER_KNOTS.);
#858 = CARTESIAN_POINT('',(0.10852056,-14.956213,0.));
#859 = CARTESIAN_POINT('',(3.617355E-02,-15.026493,0.));
#860 = ORIENTED_EDGE('',*,*,#861,.T.);
#861 = EDGE_CURVE('',#855,#862,#864,.T.);
#862 = VERTEX_POINT('',#863);
#863 = CARTESIAN_POINT('',(2.273768E-02,-15.053883,0.));
#864 = B_SPLINE_CURVE_WITH_KNOTS('',3,(#865,#866,#867,#868),
  .UNSPECIFIED.,.F.,.F.,(4,4),(0.,1.),.PIECEWISE_BEZIER_KNOTS.);
#865 = CARTESIAN_POINT('',(3.617355E-02,-15.026493,0.));
#866 = CARTESIAN_POINT('',(2.895115E-02,-15.033993,0.));
#867 = CARTESIAN_POINT('',(2.425387E-02,-15.043573,0.));
#868 = CARTESIAN_POINT('',(2.273768E-02,-15.053883,0.));
#869 = ORIENTED_EDGE('',*,*,#870,.T.);
#870 = EDGE_CURVE('',#862,#871,#873,.T.);
#871 = VERTEX_POINT('',#872);
#872 = CARTESIAN_POINT('',(5.16769E-03,-15.143283,0.));
#873 = B_SPLINE_CURVE_WITH_KNOTS('',1,(#874,#875),.UNSPECIFIED.,.F.,.F.,
  (2,2),(0.,9.111017807358E-02),.PIECEWISE_BEZIER_KNOTS.);
#874 = CARTESIAN_POINT('',(2.273768E-02,-15.053883,0.));
#875 = CARTESIAN_POINT('',(5.16769E-03,-15.143283,0.));
#876 = ORIENTED_EDGE('',*,*,#877,.T.);
#877 = EDGE_CURVE('',#871,#878,#880,.T.);
#878 = VERTEX_POINT('',#879);
#879 = CARTESIAN_POINT('',(5.16769E-03,-15.162923,0.));
#880 = B_SPLINE_CURVE_WITH_KNOTS('',3,(#881,#882,#883,#884),
  .UNSPECIFIED.,.F.,.F.,(4,4),(0.,1.),.PIECEWISE_BEZIER_KNOTS.);
#881 = CARTESIAN_POINT('',(5.16769E-03,-15.143283,0.));
#882 = CARTESIAN_POINT('',(3.86928E-03,-15.149783,0.));
#883 = CARTESIAN_POINT('',(3.86928E-03,-15.156443,0.));
#884 = CARTESIAN_POINT('',(5.16769E-03,-15.162923,0.));
#885 = ORIENTED_EDGE('',*,*,#886,.T.);
#886 = EDGE_CURVE('',#878,#887,#889,.T.);
#887 = VERTEX_POINT('',#888);
#888 = CARTESIAN_POINT('',(5.16769E-03,-21.25144,0.));
#889 = B_SPLINE_CURVE_WITH_KNOTS('',1,(#890,#891),.UNSPECIFIED.,.F.,.F.,
  (2,2),(0.,6.088517),.PIECEWISE_BEZIER_KNOTS.);
#890 = CARTESIAN_POINT('',(5.16769E-03,-15.162923,0.));
#891 = CARTESIAN_POINT('',(5.16769E-03,-21.25144,0.));
#892 = ORIENTED_EDGE('',*,*,#893,.T.);
#893 = EDGE_CURVE('',#887,#894,#896,.T.);
#894 = VERTEX_POINT('',#895);
#895 = CARTESIAN_POINT('',(5.16769E-03,-21.27056,0.));
#896 = B_SPLINE_CURVE_WITH_KNOTS('',3,(#897,#898,#899,#900),
  .UNSPECIFIED.,.F.,.F.,(4,4),(0.,1.),.PIECEWISE_BEZIER_KNOTS.);
#897 = CARTESIAN_POINT('',(5.16769E-03,-21.25144,0.));
#898 = CARTESIAN_POINT('',(3.93776E-03,-21.25774,0.));
#899 = CARTESIAN_POINT('',(3.93776E-03,-21.26425,0.));
#900 = CARTESIAN_POINT('',(5.16769E-03,-21.27056,0.));
#901 = ORIENTED_EDGE('',*,*,#902,.T.);
#902 = EDGE_CURVE('',#894,#903,#905,.T.);
#903 = VERTEX_POINT('',#904);
#904 = CARTESIAN_POINT('',(2.273768E-02,-21.36048,0.));
#905 = B_SPLINE_CURVE_WITH_KNOTS('',1,(#906,#907),.UNSPECIFIED.,.F.,.F.,
  (2,2),(0.,9.162047232251E-02),.PIECEWISE_BEZIER_KNOTS.);
#906 = CARTESIAN_POINT('',(5.16769E-03,-21.27056,0.));
#907 = CARTESIAN_POINT('',(2.273768E-02,-21.36048,0.));
#908 = ORIENTED_EDGE('',*,*,#909,.T.);
#909 = EDGE_CURVE('',#903,#910,#912,.T.);
#910 = VERTEX_POINT('',#911);
#911 = CARTESIAN_POINT('',(3.617355E-02,-21.3858,0.));
#912 = B_SPLINE_CURVE_WITH_KNOTS('',3,(#913,#914,#915,#916),
  .UNSPECIFIED.,.F.,.F.,(4,4),(0.,1.),.PIECEWISE_BEZIER_KNOTS.);
#913 = CARTESIAN_POINT('',(2.273768E-02,-21.36048,0.));
#914 = CARTESIAN_POINT('',(2.464948E-02,-21.37008,0.));
#915 = CARTESIAN_POINT('',(2.932008E-02,-21.37885,0.));
#916 = CARTESIAN_POINT('',(3.617355E-02,-21.3858,0.));
#917 = ORIENTED_EDGE('',*,*,#918,.T.);
#918 = EDGE_CURVE('',#910,#919,#921,.T.);
#919 = VERTEX_POINT('',#920);
#920 = CARTESIAN_POINT('',(0.10852056,-21.45815,0.));
#921 = B_SPLINE_CURVE_WITH_KNOTS('',1,(#922,#923),.UNSPECIFIED.,.F.,.F.,
  (2,2),(0.,0.10231623701),.PIECEWISE_BEZIER_KNOTS.);
#922 = CARTESIAN_POINT('',(3.617355E-02,-21.3858,0.));
#923 = CARTESIAN_POINT('',(0.10852056,-21.45815,0.));
#924 = ORIENTED_EDGE('',*,*,#925,.T.);
#925 = EDGE_CURVE('',#919,#926,#928,.T.);
#926 = VERTEX_POINT('',#927);
#927 = CARTESIAN_POINT('',(0.12815756,-21.46952,0.));
#928 = B_SPLINE_CURVE_WITH_KNOTS('',3,(#929,#930,#931,#932),
  .UNSPECIFIED.,.F.,.F.,(4,4),(0.,1.),.PIECEWISE_BEZIER_KNOTS.);
#929 = CARTESIAN_POINT('',(0.10852056,-21.45815,0.));
#930 = CARTESIAN_POINT('',(0.11410856,-21.46335,0.));
#931 = CARTESIAN_POINT('',(0.12082706,-21.46725,0.));
#932 = CARTESIAN_POINT('',(0.12815756,-21.46952,0.));
#933 = ORIENTED_EDGE('',*,*,#934,.T.);
#934 = EDGE_CURVE('',#926,#935,#937,.T.);
#935 = VERTEX_POINT('',#936);
#936 = CARTESIAN_POINT('',(0.23719483,-21.50673,0.));
#937 = B_SPLINE_CURVE_WITH_KNOTS('',1,(#938,#939),.UNSPECIFIED.,.F.,.F.,
  (2,2),(0.,0.115211589474),.PIECEWISE_BEZIER_KNOTS.);
#938 = CARTESIAN_POINT('',(0.12815756,-21.46952,0.));
#939 = CARTESIAN_POINT('',(0.23719483,-21.50673,0.));
#940 = ORIENTED_EDGE('',*,*,#941,.T.);
#941 = EDGE_CURVE('',#935,#942,#944,.T.);
#942 = VERTEX_POINT('',#943);
#943 = CARTESIAN_POINT('',(0.23977883,-21.507246,0.));
#944 = B_SPLINE_CURVE_WITH_KNOTS('',3,(#945,#946,#947,#948),
  .UNSPECIFIED.,.F.,.F.,(4,4),(0.,1.),.PIECEWISE_BEZIER_KNOTS.);
#945 = CARTESIAN_POINT('',(0.23719483,-21.50673,0.));
#946 = CARTESIAN_POINT('',(0.23805148,-21.506925,0.));
#947 = CARTESIAN_POINT('',(0.23891283,-21.507097,0.));
#948 = CARTESIAN_POINT('',(0.23977883,-21.507246,0.));
#949 = ORIENTED_EDGE('',*,*,#950,.T.);
#950 = EDGE_CURVE('',#942,#951,#953,.T.);
#951 = VERTEX_POINT('',#952);
#952 = CARTESIAN_POINT('',(0.25889913,-21.508846,0.));
#953 = B_SPLINE_CURVE_WITH_KNOTS('',3,(#954,#955,#956,#957),
  .UNSPECIFIED.,.F.,.F.,(4,4),(0.,1.),.PIECEWISE_BEZIER_KNOTS.);
#954 = CARTESIAN_POINT('',(0.23977883,-21.507246,0.));
#955 = CARTESIAN_POINT('',(0.24598883,-21.509046,0.));
#956 = CARTESIAN_POINT('',(0.25248213,-21.509546,0.));
#957 = CARTESIAN_POINT('',(0.25889913,-21.508846,0.));
#958 = ORIENTED_EDGE('',*,*,#959,.T.);
#959 = EDGE_CURVE('',#951,#960,#962,.T.);
#960 = VERTEX_POINT('',#961);
#961 = CARTESIAN_POINT('',(9.5968302,-21.508846,0.));
#962 = B_SPLINE_CURVE_WITH_KNOTS('',1,(#963,#964),.UNSPECIFIED.,.F.,.F.,
  (2,2),(0.,9.33793107),.PIECEWISE_BEZIER_KNOTS.);
#963 = CARTESIAN_POINT('',(0.25889913,-21.508846,0.));
#964 = CARTESIAN_POINT('',(9.5968302,-21.508846,0.));
#965 = ORIENTED_EDGE('',*,*,#966,.T.);
#966 = EDGE_CURVE('',#960,#967,#969,.T.);
#967 = VERTEX_POINT('',#968);
#968 = CARTESIAN_POINT('',(9.8428101,-21.543986,0.));
#969 = B_SPLINE_CURVE_WITH_KNOTS('',1,(#970,#971),.UNSPECIFIED.,.F.,.F.,
  (2,2),(0.,0.248477223914),.PIECEWISE_BEZIER_KNOTS.);
#970 = CARTESIAN_POINT('',(9.5968302,-21.508846,0.));
#971 = CARTESIAN_POINT('',(9.8428101,-21.543986,0.));
#972 = ORIENTED_EDGE('',*,*,#973,.T.);
#973 = EDGE_CURVE('',#967,#974,#976,.T.);
#974 = VERTEX_POINT('',#975);
#975 = CARTESIAN_POINT('',(10.544059,-22.451941,0.));
#976 = B_SPLINE_CURVE_WITH_KNOTS('',3,(#977,#978,#979,#980),
  .UNSPECIFIED.,.F.,.F.,(4,4),(0.,1.),.PIECEWISE_BEZIER_KNOTS.);
#977 = CARTESIAN_POINT('',(9.8428101,-21.543986,0.));
#978 = CARTESIAN_POINT('',(10.277303,-21.654046,0.));
#979 = CARTESIAN_POINT('',(10.529372,-22.009751,0.));
#980 = CARTESIAN_POINT('',(10.544059,-22.451941,0.));
#981 = ORIENTED_EDGE('',*,*,#982,.T.);
#982 = EDGE_CURVE('',#974,#983,#985,.T.);
#983 = VERTEX_POINT('',#984);
#984 = CARTESIAN_POINT('',(10.544059,-27.110054,0.));
#985 = B_SPLINE_CURVE_WITH_KNOTS('',1,(#986,#987),.UNSPECIFIED.,.F.,.F.,
  (2,2),(0.,4.658113),.PIECEWISE_BEZIER_KNOTS.);
#986 = CARTESIAN_POINT('',(10.544059,-22.451941,0.));
#987 = CARTESIAN_POINT('',(10.544059,-27.110054,0.));
#988 = ORIENTED_EDGE('',*,*,#989,.T.);
#989 = EDGE_CURVE('',#983,#990,#992,.T.);
#990 = VERTEX_POINT('',#991);
#991 = CARTESIAN_POINT('',(10.544059,-27.124004,0.));
#992 = B_SPLINE_CURVE_WITH_KNOTS('',3,(#993,#994,#995,#996),
  .UNSPECIFIED.,.F.,.F.,(4,4),(0.,1.),.PIECEWISE_BEZIER_KNOTS.);
#993 = CARTESIAN_POINT('',(10.544059,-27.110054,0.));
#994 = CARTESIAN_POINT('',(10.543407,-27.114654,0.));
#995 = CARTESIAN_POINT('',(10.543407,-27.119354,0.));
#996 = CARTESIAN_POINT('',(10.544059,-27.124004,0.));
#997 = ORIENTED_EDGE('',*,*,#998,.T.);
#998 = EDGE_CURVE('',#990,#999,#1001,.T.);
#999 = VERTEX_POINT('',#1000);
#1000 = CARTESIAN_POINT('',(10.581269,-27.376185,0.));
#1001 = B_SPLINE_CURVE_WITH_KNOTS('',1,(#1002,#1003),.UNSPECIFIED.,.F.,
  .F.,(2,2),(0.,0.25491143729),.PIECEWISE_BEZIER_KNOTS.);
#1002 = CARTESIAN_POINT('',(10.544059,-27.124004,0.));
#1003 = CARTESIAN_POINT('',(10.581269,-27.376185,0.));
#1004 = ORIENTED_EDGE('',*,*,#1005,.T.);
#1005 = EDGE_CURVE('',#999,#1006,#1008,.T.);
#1006 = VERTEX_POINT('',#1007);
#1007 = CARTESIAN_POINT('',(10.586969,-27.393755,0.));
#1008 = B_SPLINE_CURVE_WITH_KNOTS('',3,(#1009,#1010,#1011,#1012),
  .UNSPECIFIED.,.F.,.F.,(4,4),(0.,1.),.PIECEWISE_BEZIER_KNOTS.);
#1009 = CARTESIAN_POINT('',(10.581269,-27.376185,0.));
#1010 = CARTESIAN_POINT('',(10.582061,-27.382385,0.));
#1011 = CARTESIAN_POINT('',(10.583969,-27.388305,0.));
#1012 = CARTESIAN_POINT('',(10.586969,-27.393755,0.));
#1013 = ORIENTED_EDGE('',*,*,#1014,.T.);
#1014 = EDGE_CURVE('',#1006,#1015,#1017,.T.);
#1015 = VERTEX_POINT('',#1016);
#1016 = CARTESIAN_POINT('',(10.714093,-27.610279,0.));
#1017 = B_SPLINE_CURVE_WITH_KNOTS('',1,(#1018,#1019),.UNSPECIFIED.,.F.,
  .F.,(2,2),(0.,0.251083957974),.PIECEWISE_BEZIER_KNOTS.);
#1018 = CARTESIAN_POINT('',(10.586969,-27.393755,0.));
#1019 = CARTESIAN_POINT('',(10.714093,-27.610279,0.));
#1020 = ORIENTED_EDGE('',*,*,#1021,.T.);
#1021 = EDGE_CURVE('',#1015,#1022,#1024,.T.);
#1022 = VERTEX_POINT('',#1023);
#1023 = CARTESIAN_POINT('',(10.719793,-27.618579,0.));
#1024 = B_SPLINE_CURVE_WITH_KNOTS('',3,(#1025,#1026,#1027,#1028),
  .UNSPECIFIED.,.F.,.F.,(4,4),(0.,1.),.PIECEWISE_BEZIER_KNOTS.);
#1025 = CARTESIAN_POINT('',(10.714093,-27.610279,0.));
#1026 = CARTESIAN_POINT('',(10.715693,-27.613279,0.));
#1027 = CARTESIAN_POINT('',(10.717593,-27.615979,0.));
#1028 = CARTESIAN_POINT('',(10.719793,-27.618579,0.));
#1029 = ORIENTED_EDGE('',*,*,#1030,.T.);
#1030 = EDGE_CURVE('',#1022,#1031,#1033,.T.);
#1031 = VERTEX_POINT('',#1032);
#1032 = CARTESIAN_POINT('',(10.882057,-27.797896,0.));
#1033 = B_SPLINE_CURVE_WITH_KNOTS('',1,(#1034,#1035),.UNSPECIFIED.,.F.,
  .F.,(2,2),(0.,0.241835051605),.PIECEWISE_BEZIER_KNOTS.);
#1034 = CARTESIAN_POINT('',(10.719793,-27.618579,0.));
#1035 = CARTESIAN_POINT('',(10.882057,-27.797896,0.));
#1036 = ORIENTED_EDGE('',*,*,#1037,.T.);
#1037 = EDGE_CURVE('',#1031,#1038,#1040,.T.);
#1038 = VERTEX_POINT('',#1039);
#1039 = CARTESIAN_POINT('',(10.897557,-27.809786,0.));
#1040 = B_SPLINE_CURVE_WITH_KNOTS('',3,(#1041,#1042,#1043,#1044),
  .UNSPECIFIED.,.F.,.F.,(4,4),(0.,1.),.PIECEWISE_BEZIER_KNOTS.);
#1041 = CARTESIAN_POINT('',(10.882057,-27.797896,0.));
#1042 = CARTESIAN_POINT('',(10.886357,-27.802796,0.));
#1043 = CARTESIAN_POINT('',(10.891657,-27.806896,0.));
#1044 = CARTESIAN_POINT('',(10.897557,-27.809786,0.));
#1045 = ORIENTED_EDGE('',*,*,#1046,.T.);
#1046 = EDGE_CURVE('',#1038,#1047,#1049,.T.);
#1047 = VERTEX_POINT('',#1048);
#1048 = CARTESIAN_POINT('',(11.132168,-27.91934,0.));
#1049 = B_SPLINE_CURVE_WITH_KNOTS('',1,(#1050,#1051),.UNSPECIFIED.,.F.,
  .F.,(2,2),(0.,0.258929334447),.PIECEWISE_BEZIER_KNOTS.);
#1050 = CARTESIAN_POINT('',(10.897557,-27.809786,0.));
#1051 = CARTESIAN_POINT('',(11.132168,-27.91934,0.));
#1052 = ORIENTED_EDGE('',*,*,#1053,.T.);
#1053 = EDGE_CURVE('',#1047,#1054,#1056,.T.);
#1054 = VERTEX_POINT('',#1055);
#1055 = CARTESIAN_POINT('',(11.145608,-27.92294,0.));
#1056 = B_SPLINE_CURVE_WITH_KNOTS('',3,(#1057,#1058,#1059,#1060),
  .UNSPECIFIED.,.F.,.F.,(4,4),(0.,1.),.PIECEWISE_BEZIER_KNOTS.);
#1057 = CARTESIAN_POINT('',(11.132168,-27.91934,0.));
#1058 = CARTESIAN_POINT('',(11.136468,-27.92114,0.));
#1059 = CARTESIAN_POINT('',(11.140968,-27.92234,0.));
#1060 = CARTESIAN_POINT('',(11.145608,-27.92294,0.));
#1061 = ORIENTED_EDGE('',*,*,#1062,.T.);
#1062 = EDGE_CURVE('',#1054,#1063,#1065,.T.);
#1063 = VERTEX_POINT('',#1064);
#1064 = CARTESIAN_POINT('',(11.36885,-27.95653,0.));
#1065 = B_SPLINE_CURVE_WITH_KNOTS('',1,(#1066,#1067),.UNSPECIFIED.,.F.,
  .F.,(2,2),(0.,0.225754908394),.PIECEWISE_BEZIER_KNOTS.);
#1066 = CARTESIAN_POINT('',(11.145608,-27.92294,0.));
#1067 = CARTESIAN_POINT('',(11.36885,-27.95653,0.));
#1068 = ORIENTED_EDGE('',*,*,#1069,.T.);
#1069 = EDGE_CURVE('',#1063,#1070,#1072,.T.);
#1070 = VERTEX_POINT('',#1071);
#1071 = CARTESIAN_POINT('',(11.38797,-27.96013,0.));
#1072 = B_SPLINE_CURVE_WITH_KNOTS('',3,(#1073,#1074,#1075,#1076),
  .UNSPECIFIED.,.F.,.F.,(4,4),(0.,1.),.PIECEWISE_BEZIER_KNOTS.);
#1073 = CARTESIAN_POINT('',(11.36885,-27.95653,0.));
#1074 = CARTESIAN_POINT('',(11.37495,-27.95893,0.));
#1075 = CARTESIAN_POINT('',(11.38142,-27.96023,0.));
#1076 = CARTESIAN_POINT('',(11.38797,-27.96013,0.));
#1077 = ORIENTED_EDGE('',*,*,#1078,.T.);
#1078 = EDGE_CURVE('',#1070,#1079,#1081,.T.);
#1079 = VERTEX_POINT('',#1080);
#1080 = CARTESIAN_POINT('',(17.944676,-27.96013,0.));
#1081 = B_SPLINE_CURVE_WITH_KNOTS('',1,(#1082,#1083),.UNSPECIFIED.,.F.,
  .F.,(2,2),(0.,6.556706),.PIECEWISE_BEZIER_KNOTS.);
#1082 = CARTESIAN_POINT('',(11.38797,-27.96013,0.));
#1083 = CARTESIAN_POINT('',(17.944676,-27.96013,0.));
#1084 = ORIENTED_EDGE('',*,*,#1085,.T.);
#1085 = EDGE_CURVE('',#1079,#1086,#1088,.T.);
#1086 = VERTEX_POINT('',#1087);
#1087 = CARTESIAN_POINT('',(17.964826,-27.95653,0.));
#1088 = B_SPLINE_CURVE_WITH_KNOTS('',3,(#1089,#1090,#1091,#1092),
  .UNSPECIFIED.,.F.,.F.,(4,4),(0.,1.),.PIECEWISE_BEZIER_KNOTS.);
#1089 = CARTESIAN_POINT('',(17.944676,-27.96013,0.));
#1090 = CARTESIAN_POINT('',(17.951576,-27.960332,0.));
#1091 = CARTESIAN_POINT('',(17.958426,-27.95913,0.));
#1092 = CARTESIAN_POINT('',(17.964826,-27.95653,0.));
#1093 = ORIENTED_EDGE('',*,*,#1094,.T.);
#1094 = EDGE_CURVE('',#1086,#1095,#1097,.T.);
#1095 = VERTEX_POINT('',#1096);
#1096 = CARTESIAN_POINT('',(18.204088,-27.92294,0.));
#1097 = B_SPLINE_CURVE_WITH_KNOTS('',1,(#1098,#1099),.UNSPECIFIED.,.F.,
  .F.,(2,2),(0.,0.241608345766),.PIECEWISE_BEZIER_KNOTS.);
#1098 = CARTESIAN_POINT('',(17.964826,-27.95653,0.));
#1099 = CARTESIAN_POINT('',(18.204088,-27.92294,0.));
#1100 = ORIENTED_EDGE('',*,*,#1101,.T.);
#1101 = EDGE_CURVE('',#1095,#1102,#1104,.T.);
#1102 = VERTEX_POINT('',#1103);
#1103 = CARTESIAN_POINT('',(18.219588,-27.91674,0.));
#1104 = B_SPLINE_CURVE_WITH_KNOTS('',3,(#1105,#1106,#1107,#1108),
  .UNSPECIFIED.,.F.,.F.,(4,4),(0.,1.),.PIECEWISE_BEZIER_KNOTS.);
#1105 = CARTESIAN_POINT('',(18.204088,-27.92294,0.));
#1106 = CARTESIAN_POINT('',(18.209588,-27.92174,0.));
#1107 = CARTESIAN_POINT('',(18.214808,-27.91964,0.));
#1108 = CARTESIAN_POINT('',(18.219588,-27.91674,0.));
#1109 = ORIENTED_EDGE('',*,*,#1110,.T.);
#1110 = EDGE_CURVE('',#1102,#1111,#1113,.T.);
#1111 = VERTEX_POINT('',#1112);
#1112 = CARTESIAN_POINT('',(18.436629,-27.809253,0.));
#1113 = B_SPLINE_CURVE_WITH_KNOTS('',1,(#1114,#1115),.UNSPECIFIED.,.F.,
  .F.,(2,2),(0.,0.24219878375),.PIECEWISE_BEZIER_KNOTS.);
#1114 = CARTESIAN_POINT('',(18.219588,-27.91674,0.));
#1115 = CARTESIAN_POINT('',(18.436629,-27.809253,0.));
#1116 = ORIENTED_EDGE('',*,*,#1117,.T.);
#1117 = EDGE_CURVE('',#1111,#1118,#1120,.T.);
#1118 = VERTEX_POINT('',#1119);
#1119 = CARTESIAN_POINT('',(18.448509,-27.799453,0.));
#1120 = B_SPLINE_CURVE_WITH_KNOTS('',3,(#1121,#1122,#1123,#1124),
  .UNSPECIFIED.,.F.,.F.,(4,4),(0.,1.),.PIECEWISE_BEZIER_KNOTS.);
#1121 = CARTESIAN_POINT('',(18.436629,-27.809253,0.));
#1122 = CARTESIAN_POINT('',(18.441029,-27.806653,0.));
#1123 = CARTESIAN_POINT('',(18.445029,-27.803353,0.));
#1124 = CARTESIAN_POINT('',(18.448509,-27.799453,0.));
#1125 = ORIENTED_EDGE('',*,*,#1126,.T.);
#1126 = EDGE_CURVE('',#1118,#1127,#1129,.T.);
#1127 = VERTEX_POINT('',#1128);
#1128 = CARTESIAN_POINT('',(18.629894,-27.619619,0.));
#1129 = B_SPLINE_CURVE_WITH_KNOTS('',1,(#1130,#1131),.UNSPECIFIED.,.F.,
  .F.,(2,2),(0.,0.255422758933),.PIECEWISE_BEZIER_KNOTS.);
#1130 = CARTESIAN_POINT('',(18.448509,-27.799453,0.));
#1131 = CARTESIAN_POINT('',(18.629894,-27.619619,0.));
#1132 = ORIENTED_EDGE('',*,*,#1133,.T.);
#1133 = EDGE_CURVE('',#1127,#1134,#1136,.T.);
#1134 = VERTEX_POINT('',#1135);
#1135 = CARTESIAN_POINT('',(18.637694,-27.606179,0.));
#1136 = B_SPLINE_CURVE_WITH_KNOTS('',3,(#1137,#1138,#1139,#1140),
  .UNSPECIFIED.,.F.,.F.,(4,4),(0.,1.),.PIECEWISE_BEZIER_KNOTS.);
#1137 = CARTESIAN_POINT('',(18.629894,-27.619619,0.));
#1138 = CARTESIAN_POINT('',(18.633194,-27.615619,0.));
#1139 = CARTESIAN_POINT('',(18.635794,-27.611019,0.));
#1140 = CARTESIAN_POINT('',(18.637694,-27.606179,0.));
#1141 = ORIENTED_EDGE('',*,*,#1142,.T.);
#1142 = EDGE_CURVE('',#1134,#1143,#1145,.T.);
#1143 = VERTEX_POINT('',#1144);
#1144 = CARTESIAN_POINT('',(18.747248,-27.391205,0.));
#1145 = B_SPLINE_CURVE_WITH_KNOTS('',1,(#1146,#1147),.UNSPECIFIED.,.F.,
  .F.,(2,2),(0.,0.241279712351),.PIECEWISE_BEZIER_KNOTS.);
#1146 = CARTESIAN_POINT('',(18.637694,-27.606179,0.));
#1147 = CARTESIAN_POINT('',(18.747248,-27.391205,0.));
#1148 = ORIENTED_EDGE('',*,*,#1149,.T.);
#1149 = EDGE_CURVE('',#1143,#1150,#1152,.T.);
#1150 = VERTEX_POINT('',#1151);
#1151 = CARTESIAN_POINT('',(18.750848,-27.375705,0.));
#1152 = B_SPLINE_CURVE_WITH_KNOTS('',3,(#1153,#1154,#1155,#1156),
  .UNSPECIFIED.,.F.,.F.,(4,4),(0.,1.),.PIECEWISE_BEZIER_KNOTS.);
#1153 = CARTESIAN_POINT('',(18.747248,-27.391205,0.));
#1154 = CARTESIAN_POINT('',(18.749248,-27.386305,0.));
#1155 = CARTESIAN_POINT('',(18.750448,-27.381035,0.));
#1156 = CARTESIAN_POINT('',(18.750848,-27.375705,0.));
#1157 = ORIENTED_EDGE('',*,*,#1158,.T.);
#1158 = EDGE_CURVE('',#1150,#1159,#1161,.T.);
#1159 = VERTEX_POINT('',#1160);
#1160 = CARTESIAN_POINT('',(18.788,-27.123409,0.));
#1161 = B_SPLINE_CURVE_WITH_KNOTS('',1,(#1162,#1163),.UNSPECIFIED.,.F.,
  .F.,(2,2),(0.,0.255016749881),.PIECEWISE_BEZIER_KNOTS.);
#1162 = CARTESIAN_POINT('',(18.750848,-27.375705,0.));
#1163 = CARTESIAN_POINT('',(18.788,-27.123409,0.));
#1164 = ORIENTED_EDGE('',*,*,#1165,.T.);
#1165 = EDGE_CURVE('',#1159,#1166,#1168,.T.);
#1166 = VERTEX_POINT('',#1167);
#1167 = CARTESIAN_POINT('',(18.788,-27.109459,0.));
#1168 = B_SPLINE_CURVE_WITH_KNOTS('',3,(#1169,#1170,#1171,#1172),
  .UNSPECIFIED.,.F.,.F.,(4,4),(0.,1.),.PIECEWISE_BEZIER_KNOTS.);
#1169 = CARTESIAN_POINT('',(18.788,-27.123409,0.));
#1170 = CARTESIAN_POINT('',(18.788652,-27.118809,0.));
#1171 = CARTESIAN_POINT('',(18.788652,-27.114109,0.));
#1172 = CARTESIAN_POINT('',(18.788,-27.109459,0.));
#1173 = ORIENTED_EDGE('',*,*,#1174,.T.);
#1174 = EDGE_CURVE('',#1166,#1175,#1177,.T.);
#1175 = VERTEX_POINT('',#1176);
#1176 = CARTESIAN_POINT('',(18.788,-23.681245,0.));
#1177 = B_SPLINE_CURVE_WITH_KNOTS('',1,(#1178,#1179),.UNSPECIFIED.,.F.,
  .F.,(2,2),(0.,3.428214),.PIECEWISE_BEZIER_KNOTS.);
#1178 = CARTESIAN_POINT('',(18.788,-27.109459,0.));
#1179 = CARTESIAN_POINT('',(18.788,-23.681245,0.));
#1180 = ORIENTED_EDGE('',*,*,#1181,.T.);
#1181 = EDGE_CURVE('',#1175,#1182,#1184,.T.);
#1182 = VERTEX_POINT('',#1183);
#1183 = CARTESIAN_POINT('',(18.83916,-23.458519,0.));
#1184 = B_SPLINE_CURVE_WITH_KNOTS('',1,(#1185,#1186),.UNSPECIFIED.,.F.,
  .F.,(2,2),(0.,0.228526183786),.PIECEWISE_BEZIER_KNOTS.);
#1185 = CARTESIAN_POINT('',(18.788,-23.681245,0.));
#1186 = CARTESIAN_POINT('',(18.83916,-23.458519,0.));
#1187 = ORIENTED_EDGE('',*,*,#1188,.T.);
#1188 = EDGE_CURVE('',#1182,#1189,#1191,.T.);
#1189 = VERTEX_POINT('',#1190);
#1190 = CARTESIAN_POINT('',(18.940446,-23.237861,0.));
#1191 = B_SPLINE_CURVE_WITH_KNOTS('',1,(#1192,#1193),.UNSPECIFIED.,.F.,
  .F.,(2,2),(0.,0.242793753544),.PIECEWISE_BEZIER_KNOTS.);
#1192 = CARTESIAN_POINT('',(18.83916,-23.458519,0.));
#1193 = CARTESIAN_POINT('',(18.940446,-23.237861,0.));
#1194 = ORIENTED_EDGE('',*,*,#1195,.T.);
#1195 = EDGE_CURVE('',#1189,#1196,#1198,.T.);
#1196 = VERTEX_POINT('',#1197);
#1197 = CARTESIAN_POINT('',(19.110461,-23.085416,0.));
#1198 = B_SPLINE_CURVE_WITH_KNOTS('',1,(#1199,#1200),.UNSPECIFIED.,.F.,
  .F.,(2,2),(0.,0.228351873761),.PIECEWISE_BEZIER_KNOTS.);
#1199 = CARTESIAN_POINT('',(18.940446,-23.237861,0.));
#1200 = CARTESIAN_POINT('',(19.110461,-23.085416,0.));
#1201 = ORIENTED_EDGE('',*,*,#1202,.T.);
#1202 = EDGE_CURVE('',#1196,#1203,#1205,.T.);
#1203 = VERTEX_POINT('',#1204);
#1204 = CARTESIAN_POINT('',(19.31355,-22.96656,0.));
#1205 = B_SPLINE_CURVE_WITH_KNOTS('',1,(#1206,#1207),.UNSPECIFIED.,.F.,
  .F.,(2,2),(0.,0.235312325765),.PIECEWISE_BEZIER_KNOTS.);
#1206 = CARTESIAN_POINT('',(19.110461,-23.085416,0.));
#1207 = CARTESIAN_POINT('',(19.31355,-22.96656,0.));
#1208 = ORIENTED_EDGE('',*,*,#1209,.T.);
#1209 = EDGE_CURVE('',#1203,#1210,#1212,.T.);
#1210 = VERTEX_POINT('',#1211);
#1211 = CARTESIAN_POINT('',(19.551778,-22.93297,0.));
#1212 = B_SPLINE_CURVE_WITH_KNOTS('',1,(#1213,#1214),.UNSPECIFIED.,.F.,
  .F.,(2,2),(0.,0.240584430261),.PIECEWISE_BEZIER_KNOTS.);
#1213 = CARTESIAN_POINT('',(19.31355,-22.96656,0.));
#1214 = CARTESIAN_POINT('',(19.551778,-22.93297,0.));
#1215 = ORIENTED_EDGE('',*,*,#1216,.T.);
#1216 = EDGE_CURVE('',#1210,#1217,#1219,.T.);
#1217 = VERTEX_POINT('',#1218);
#1218 = CARTESIAN_POINT('',(20.895365,-22.93297,0.));
#1219 = B_SPLINE_CURVE_WITH_KNOTS('',1,(#1220,#1221),.UNSPECIFIED.,.F.,
  .F.,(2,2),(0.,1.343587),.PIECEWISE_BEZIER_KNOTS.);
#1220 = CARTESIAN_POINT('',(19.551778,-22.93297,0.));
#1221 = CARTESIAN_POINT('',(20.895365,-22.93297,0.));
#1222 = ORIENTED_EDGE('',*,*,#1223,.T.);
#1223 = EDGE_CURVE('',#1217,#1224,#1226,.T.);
#1224 = VERTEX_POINT('',#1225);
#1225 = CARTESIAN_POINT('',(21.118091,-22.96656,0.));
#1226 = B_SPLINE_CURVE_WITH_KNOTS('',1,(#1227,#1228),.UNSPECIFIED.,.F.,
  .F.,(2,2),(0.,0.225244665144),.PIECEWISE_BEZIER_KNOTS.);
#1227 = CARTESIAN_POINT('',(20.895365,-22.93297,0.));
#1228 = CARTESIAN_POINT('',(21.118091,-22.96656,0.));
#1229 = ORIENTED_EDGE('',*,*,#1230,.T.);
#1230 = EDGE_CURVE('',#1224,#1231,#1233,.T.);
#1231 = VERTEX_POINT('',#1232);
#1232 = CARTESIAN_POINT('',(21.338749,-23.085416,0.));
#1233 = B_SPLINE_CURVE_WITH_KNOTS('',1,(#1234,#1235),.UNSPECIFIED.,.F.,
  .F.,(2,2),(0.,0.250632603027),.PIECEWISE_BEZIER_KNOTS.);
#1234 = CARTESIAN_POINT('',(21.118091,-22.96656,0.));
#1235 = CARTESIAN_POINT('',(21.338749,-23.085416,0.));
#1236 = ORIENTED_EDGE('',*,*,#1237,.T.);
#1237 = EDGE_CURVE('',#1231,#1238,#1240,.T.);
#1238 = VERTEX_POINT('',#1239);
#1239 = CARTESIAN_POINT('',(21.506698,-23.237861,0.));
#1240 = B_SPLINE_CURVE_WITH_KNOTS('',1,(#1241,#1242),.UNSPECIFIED.,.F.,
  .F.,(2,2),(0.,0.226817866638),.PIECEWISE_BEZIER_KNOTS.);
#1241 = CARTESIAN_POINT('',(21.338749,-23.085416,0.));
#1242 = CARTESIAN_POINT('',(21.506698,-23.237861,0.));
#1243 = ORIENTED_EDGE('',*,*,#1244,.T.);
#1244 = EDGE_CURVE('',#1238,#1245,#1247,.T.);
#1245 = VERTEX_POINT('',#1246);
#1246 = CARTESIAN_POINT('',(21.6085,-23.456452,0.));
#1247 = B_SPLINE_CURVE_WITH_KNOTS('',1,(#1248,#1249),.UNSPECIFIED.,.F.,
  .F.,(2,2),(0.,0.24113413795),.PIECEWISE_BEZIER_KNOTS.);
#1248 = CARTESIAN_POINT('',(21.506698,-23.237861,0.));
#1249 = CARTESIAN_POINT('',(21.6085,-23.456452,0.));
#1250 = ORIENTED_EDGE('',*,*,#1251,.T.);
#1251 = EDGE_CURVE('',#1245,#1252,#1254,.T.);
#1252 = VERTEX_POINT('',#1253);
#1253 = CARTESIAN_POINT('',(21.64364,-23.679178,0.));
#1254 = B_SPLINE_CURVE_WITH_KNOTS('',1,(#1255,#1256),.UNSPECIFIED.,.F.,
  .F.,(2,2),(0.,0.225481020656),.PIECEWISE_BEZIER_KNOTS.);
#1255 = CARTESIAN_POINT('',(21.6085,-23.456452,0.));
#1256 = CARTESIAN_POINT('',(21.64364,-23.679178,0.));
#1257 = ORIENTED_EDGE('',*,*,#1258,.T.);
#1258 = EDGE_CURVE('',#1252,#1259,#1261,.T.);
#1259 = VERTEX_POINT('',#1260);
#1260 = CARTESIAN_POINT('',(21.64364,-28.13627,0.));
#1261 = B_SPLINE_CURVE_WITH_KNOTS('',1,(#1262,#1263),.UNSPECIFIED.,.F.,
  .F.,(2,2),(0.,4.457092),.PIECEWISE_BEZIER_KNOTS.);
#1262 = CARTESIAN_POINT('',(21.64364,-23.679178,0.));
#1263 = CARTESIAN_POINT('',(21.64364,-28.13627,0.));
#1264 = ORIENTED_EDGE('',*,*,#1265,.T.);
#1265 = EDGE_CURVE('',#1259,#1266,#1268,.T.);
#1266 = VERTEX_POINT('',#1267);
#1267 = CARTESIAN_POINT('',(21.64364,-28.15126,0.));
#1268 = B_SPLINE_CURVE_WITH_KNOTS('',3,(#1269,#1270,#1271,#1272),
  .UNSPECIFIED.,.F.,.F.,(4,4),(0.,1.),.PIECEWISE_BEZIER_KNOTS.);
#1269 = CARTESIAN_POINT('',(21.64364,-28.13627,0.));
#1270 = CARTESIAN_POINT('',(21.642887,-28.14127,0.));
#1271 = CARTESIAN_POINT('',(21.642887,-28.14629,0.));
#1272 = CARTESIAN_POINT('',(21.64364,-28.15126,0.));
#1273 = ORIENTED_EDGE('',*,*,#1274,.T.);
#1274 = EDGE_CURVE('',#1266,#1275,#1277,.T.);
#1275 = VERTEX_POINT('',#1276);
#1276 = CARTESIAN_POINT('',(21.67878,-28.385871,0.));
#1277 = B_SPLINE_CURVE_WITH_KNOTS('',1,(#1278,#1279),.UNSPECIFIED.,.F.,
  .F.,(2,2),(0.,0.237228035698),.PIECEWISE_BEZIER_KNOTS.);
#1278 = CARTESIAN_POINT('',(21.64364,-28.15126,0.));
#1279 = CARTESIAN_POINT('',(21.67878,-28.385871,0.));
#1280 = ORIENTED_EDGE('',*,*,#1281,.T.);
#1281 = EDGE_CURVE('',#1275,#1282,#1284,.T.);
#1282 = VERTEX_POINT('',#1283);
#1283 = CARTESIAN_POINT('',(21.68448,-28.401371,0.));
#1284 = B_SPLINE_CURVE_WITH_KNOTS('',3,(#1285,#1286,#1287,#1288),
  .UNSPECIFIED.,.F.,.F.,(4,4),(0.,1.),.PIECEWISE_BEZIER_KNOTS.);
#1285 = CARTESIAN_POINT('',(21.67878,-28.385871,0.));
#1286 = CARTESIAN_POINT('',(21.67978,-28.391271,0.));
#1287 = CARTESIAN_POINT('',(21.68178,-28.396551,0.));
#1288 = CARTESIAN_POINT('',(21.68448,-28.401371,0.));
#1289 = ORIENTED_EDGE('',*,*,#1290,.T.);
#1290 = EDGE_CURVE('',#1282,#1291,#1293,.T.);
#1291 = VERTEX_POINT('',#1292);
#1292 = CARTESIAN_POINT('',(21.811604,-28.635465,0.));
#1293 = B_SPLINE_CURVE_WITH_KNOTS('',1,(#1294,#1295),.UNSPECIFIED.,.F.,
  .F.,(2,2),(0.,0.26638414407),.PIECEWISE_BEZIER_KNOTS.);
#1294 = CARTESIAN_POINT('',(21.68448,-28.401371,0.));
#1295 = CARTESIAN_POINT('',(21.811604,-28.635465,0.));
#1296 = ORIENTED_EDGE('',*,*,#1297,.T.);
#1297 = EDGE_CURVE('',#1291,#1298,#1300,.T.);
#1298 = VERTEX_POINT('',#1299);
#1299 = CARTESIAN_POINT('',(21.819404,-28.647355,0.));
#1300 = B_SPLINE_CURVE_WITH_KNOTS('',3,(#1301,#1302,#1303,#1304),
  .UNSPECIFIED.,.F.,.F.,(4,4),(0.,1.),.PIECEWISE_BEZIER_KNOTS.);
#1301 = CARTESIAN_POINT('',(21.811604,-28.635465,0.));
#1302 = CARTESIAN_POINT('',(21.813604,-28.639765,0.));
#1303 = CARTESIAN_POINT('',(21.816204,-28.643765,0.));
#1304 = CARTESIAN_POINT('',(21.819404,-28.647355,0.));
#1305 = ORIENTED_EDGE('',*,*,#1306,.T.);
#1306 = EDGE_CURVE('',#1298,#1307,#1309,.T.);
#1307 = VERTEX_POINT('',#1308);
#1308 = CARTESIAN_POINT('',(21.981668,-28.809619,0.));
#1309 = B_SPLINE_CURVE_WITH_KNOTS('',1,(#1310,#1311),.UNSPECIFIED.,.F.,
  .F.,(2,2),(0.,0.229475949485),.PIECEWISE_BEZIER_KNOTS.);
#1310 = CARTESIAN_POINT('',(21.819404,-28.647355,0.));
#1311 = CARTESIAN_POINT('',(21.981668,-28.809619,0.));
#1312 = ORIENTED_EDGE('',*,*,#1313,.T.);
#1313 = EDGE_CURVE('',#1307,#1314,#1316,.T.);
#1314 = VERTEX_POINT('',#1315);
#1315 = CARTESIAN_POINT('',(21.993558,-28.817419,0.));
#1316 = B_SPLINE_CURVE_WITH_KNOTS('',3,(#1317,#1318,#1319,#1320),
  .UNSPECIFIED.,.F.,.F.,(4,4),(0.,1.),.PIECEWISE_BEZIER_KNOTS.);
#1317 = CARTESIAN_POINT('',(21.981668,-28.809619,0.));
#1318 = CARTESIAN_POINT('',(21.985268,-28.812819,0.));
#1319 = CARTESIAN_POINT('',(21.989268,-28.815419,0.));
#1320 = CARTESIAN_POINT('',(21.993558,-28.817419,0.));
#1321 = ORIENTED_EDGE('',*,*,#1322,.T.);
#1322 = EDGE_CURVE('',#1314,#1323,#1325,.T.);
#1323 = VERTEX_POINT('',#1324);
#1324 = CARTESIAN_POINT('',(22.227652,-28.944543,0.));
#1325 = B_SPLINE_CURVE_WITH_KNOTS('',1,(#1326,#1327),.UNSPECIFIED.,.F.,
  .F.,(2,2),(0.,0.26638414407),.PIECEWISE_BEZIER_KNOTS.);
#1326 = CARTESIAN_POINT('',(21.993558,-28.817419,0.));
#1327 = CARTESIAN_POINT('',(22.227652,-28.944543,0.));
#1328 = ORIENTED_EDGE('',*,*,#1329,.T.);
#1329 = EDGE_CURVE('',#1323,#1330,#1332,.T.);
#1330 = VERTEX_POINT('',#1331);
#1331 = CARTESIAN_POINT('',(22.243152,-28.950743,0.));
#1332 = B_SPLINE_CURVE_WITH_KNOTS('',3,(#1333,#1334,#1335,#1336),
  .UNSPECIFIED.,.F.,.F.,(4,4),(0.,1.),.PIECEWISE_BEZIER_KNOTS.);
#1333 = CARTESIAN_POINT('',(22.227652,-28.944543,0.));
#1334 = CARTESIAN_POINT('',(22.232452,-28.947443,0.));
#1335 = CARTESIAN_POINT('',(22.237672,-28.949543,0.));
#1336 = CARTESIAN_POINT('',(22.243152,-28.950743,0.));
#1337 = ORIENTED_EDGE('',*,*,#1338,.T.);
#1338 = EDGE_CURVE('',#1330,#1339,#1341,.T.);
#1339 = VERTEX_POINT('',#1340);
#1340 = CARTESIAN_POINT('',(22.477763,-28.985883,0.));
#1341 = B_SPLINE_CURVE_WITH_KNOTS('',1,(#1342,#1343),.UNSPECIFIED.,.F.,
  .F.,(2,2),(0.,0.237228035698),.PIECEWISE_BEZIER_KNOTS.);
#1342 = CARTESIAN_POINT('',(22.243152,-28.950743,0.));
#1343 = CARTESIAN_POINT('',(22.477763,-28.985883,0.));
#1344 = ORIENTED_EDGE('',*,*,#1345,.T.);
#1345 = EDGE_CURVE('',#1339,#1346,#1348,.T.);
#1346 = VERTEX_POINT('',#1347);
#1347 = CARTESIAN_POINT('',(22.494813,-28.985366,0.));
#1348 = B_SPLINE_CURVE_WITH_KNOTS('',3,(#1349,#1350,#1351,#1352),
  .UNSPECIFIED.,.F.,.F.,(4,4),(0.,1.),.PIECEWISE_BEZIER_KNOTS.);
#1349 = CARTESIAN_POINT('',(22.477763,-28.985883,0.));
#1350 = CARTESIAN_POINT('',(22.483463,-28.986689,0.));
#1351 = CARTESIAN_POINT('',(22.489203,-28.986514,0.));
#1352 = CARTESIAN_POINT('',(22.494813,-28.985366,0.));
#1353 = ORIENTED_EDGE('',*,*,#1354,.T.);
#1354 = EDGE_CURVE('',#1346,#1355,#1357,.T.);
#1355 = VERTEX_POINT('',#1356);
#1356 = CARTESIAN_POINT('',(25.657411,-28.985366,0.));
#1357 = B_SPLINE_CURVE_WITH_KNOTS('',1,(#1358,#1359),.UNSPECIFIED.,.F.,
  .F.,(2,2),(0.,3.162598),.PIECEWISE_BEZIER_KNOTS.);
#1358 = CARTESIAN_POINT('',(22.494813,-28.985366,0.));
#1359 = CARTESIAN_POINT('',(25.657411,-28.985366,0.));
#1360 = ORIENTED_EDGE('',*,*,#1361,.T.);
#1361 = EDGE_CURVE('',#1355,#1362,#1364,.T.);
#1362 = VERTEX_POINT('',#1363);
#1363 = CARTESIAN_POINT('',(25.705981,-28.936276,0.));
#1364 = B_SPLINE_CURVE_WITH_KNOTS('',3,(#1365,#1366,#1367,#1368),
  .UNSPECIFIED.,.F.,.F.,(4,4),(0.,1.),.PIECEWISE_BEZIER_KNOTS.);
#1365 = CARTESIAN_POINT('',(25.657411,-28.985366,0.));
#1366 = CARTESIAN_POINT('',(25.684111,-28.984606,0.));
#1367 = CARTESIAN_POINT('',(25.705501,-28.962986,0.));
#1368 = CARTESIAN_POINT('',(25.705981,-28.936276,0.));
#1369 = ORIENTED_EDGE('',*,*,#1370,.T.);
#1370 = EDGE_CURVE('',#1362,#1371,#1373,.T.);
#1371 = VERTEX_POINT('',#1372);
#1372 = CARTESIAN_POINT('',(25.705981,-28.930076,0.));
#1373 = B_SPLINE_CURVE_WITH_KNOTS('',3,(#1374,#1375,#1376,#1377),
  .UNSPECIFIED.,.F.,.F.,(4,4),(0.,1.),.PIECEWISE_BEZIER_KNOTS.);
#1374 = CARTESIAN_POINT('',(25.705981,-28.936276,0.));
#1375 = CARTESIAN_POINT('',(25.706109,-28.934176,0.));
#1376 = CARTESIAN_POINT('',(25.706109,-28.932176,0.));
#1377 = CARTESIAN_POINT('',(25.705981,-28.930076,0.));
#1378 = ORIENTED_EDGE('',*,*,#1379,.T.);
#1379 = EDGE_CURVE('',#1371,#1380,#1382,.T.);
#1380 = VERTEX_POINT('',#1381);
#1381 = CARTESIAN_POINT('',(25.705981,-7.4775798,0.));
#1382 = B_SPLINE_CURVE_WITH_KNOTS('',1,(#1383,#1384),.UNSPECIFIED.,.F.,
  .F.,(2,2),(0.,21.4524962),.PIECEWISE_BEZIER_KNOTS.);
#1383 = CARTESIAN_POINT('',(25.705981,-28.930076,0.));
#1384 = CARTESIAN_POINT('',(25.705981,-7.4775798,0.));
#1385 = ORIENTED_EDGE('',*,*,#1386,.T.);
#1386 = EDGE_CURVE('',#1380,#1387,#1389,.T.);
#1387 = VERTEX_POINT('',#1388);
#1388 = CARTESIAN_POINT('',(25.657411,-7.4264198,0.));
#1389 = B_SPLINE_CURVE_WITH_KNOTS('',3,(#1390,#1391,#1392,#1393),
  .UNSPECIFIED.,.F.,.F.,(4,4),(0.,1.),.PIECEWISE_BEZIER_KNOTS.);
#1390 = CARTESIAN_POINT('',(25.705981,-7.4775798,0.));
#1391 = CARTESIAN_POINT('',(25.706628,-7.4500668,0.));
#1392 = CARTESIAN_POINT('',(25.684921,-7.4272018,0.));
#1393 = CARTESIAN_POINT('',(25.657411,-7.4264198,0.));
#1394 = ORIENTED_EDGE('',*,*,#1395,.T.);
#1395 = EDGE_CURVE('',#1387,#677,#1396,.T.);
#1396 = B_SPLINE_CURVE_WITH_KNOTS('',1,(#1397,#1398),.UNSPECIFIED.,.F.,
  .F.,(2,2),(0.,6.200072579843E-05),.PIECEWISE_BEZIER_KNOTS.);
#1397 = CARTESIAN_POINT('',(25.657411,-7.4264198,0.));
#1398 = CARTESIAN_POINT('',(25.657349,-7.4264201,0.));
#1399 = B_SPLINE_SURFACE_WITH_KNOTS('',1,1,(
    (#1400,#1401)
    ,(#1402,#1403
    )),.UNSPECIFIED.,.F.,.F.,.F.,(2,2),(2,2),(-15.20987981976,
    10.492878900234),(-10.40700279352,11.153266406476),
  .PIECEWISE_BEZIER_KNOTS.);
#1400 = CARTESIAN_POINT('',(3.86928E-03,-28.986689,0.));
#1401 = CARTESIAN_POINT('',(3.86928E-03,-7.4264198,0.));
#1402 = CARTESIAN_POINT('',(25.706628,-28.986689,0.));
#1403 = CARTESIAN_POINT('',(25.706628,-7.4264198,0.));
#1404 = ( GEOMETRIC_REPRESENTATION_CONTEXT(3) 
GLOBAL_UNCERTAINTY_ASSIGNED_CONTEXT((#1408)) 
GLOBAL_UNIT_ASSIGNED_CONTEXT((#1405,#1406,#1407)) REPRESENTATION_CONTEXT
('Context #1','3D Context with UNIT and UNCERTAINTY') );
#1405 = ( LENGTH_UNIT() NAMED_UNIT(*) SI_UNIT(.MILLI.,.METRE.) );
#1406 = ( NAMED_UNIT(*) PLANE_ANGLE_UNIT() SI_UNIT($,.RADIAN.) );
#1407 = ( NAMED_UNIT(*) SI_UNIT($,.STERADIAN.) SOLID_ANGLE_UNIT() );
#1408 = UNCERTAINTY_MEASURE_WITH_UNIT(LENGTH_MEASURE(1.E-07),#1405,
  'distance_accuracy_value','confusion accuracy');
#1409 = CONTEXT_DEPENDENT_SHAPE_REPRESENTATION(#1410,#1412);
#1410 = ( REPRESENTATION_RELATIONSHIP('','',#669,#10) 
REPRESENTATION_RELATIONSHIP_WITH_TRANSFORMATION(#1411) 
SHAPE_REPRESENTATION_RELATIONSHIP() );
#1411 = ITEM_DEFINED_TRANSFORMATION('','',#11,#23);
#1412 = PRODUCT_DEFINITION_SHAPE('Placement','Placement of an item',
  #1413);
#1413 = NEXT_ASSEMBLY_USAGE_OCCURRENCE('3','path2776','',#5,#664,$);
#1414 = PRODUCT_RELATED_PRODUCT_CATEGORY('part',$,(#666));
#1415 = SHAPE_DEFINITION_REPRESENTATION(#1416,#1422);
#1416 = PRODUCT_DEFINITION_SHAPE('','',#1417);
#1417 = PRODUCT_DEFINITION('design','',#1418,#1421);
#1418 = PRODUCT_DEFINITION_FORMATION('','',#1419);
#1419 = PRODUCT('path1737','path1737','',(#1420));
#1420 = PRODUCT_CONTEXT('',#2,'mechanical');
#1421 = PRODUCT_DEFINITION_CONTEXT('part definition',#2,'design');
#1422 = MANIFOLD_SURFACE_SHAPE_REPRESENTATION('',(#11,#1423),#1743);
#1423 = SHELL_BASED_SURFACE_MODEL('',(#1424));
#1424 = OPEN_SHELL('',(#1425));
#1425 = ADVANCED_FACE('',(#1426),#1738,.T.);
#1426 = FACE_BOUND('',#1427,.T.);
#1427 = EDGE_LOOP('',(#1428,#1439,#1446,#1455,#1462,#1471,#1480,#1487,
    #1494,#1501,#1508,#1515,#1522,#1531,#1538,#1547,#1554,#1563,#1572,
    #1579,#1586,#1595,#1602,#1611,#1618,#1625,#1632,#1639,#1646,#1653,
    #1662,#1669,#1678,#1685,#1694,#1701,#1710,#1717,#1724,#1733));
#1428 = ORIENTED_EDGE('',*,*,#1429,.T.);
#1429 = EDGE_CURVE('',#1430,#1432,#1434,.T.);
#1430 = VERTEX_POINT('',#1431);
#1431 = CARTESIAN_POINT('',(23.656437,-4.00389,0.));
#1432 = VERTEX_POINT('',#1433);
#1433 = CARTESIAN_POINT('',(23.607347,-4.054533,0.));
#1434 = B_SPLINE_CURVE_WITH_KNOTS('',3,(#1435,#1436,#1437,#1438),
  .UNSPECIFIED.,.F.,.F.,(4,4),(0.,1.),.PIECEWISE_BEZIER_KNOTS.);
#1435 = CARTESIAN_POINT('',(23.656437,-4.00389,0.));
#1436 = CARTESIAN_POINT('',(23.628927,-4.0043874,0.));
#1437 = CARTESIAN_POINT('',(23.606987,-4.02702,0.));
#1438 = CARTESIAN_POINT('',(23.607347,-4.054533,0.));
#1439 = ORIENTED_EDGE('',*,*,#1440,.T.);
#1440 = EDGE_CURVE('',#1432,#1441,#1443,.T.);
#1441 = VERTEX_POINT('',#1442);
#1442 = CARTESIAN_POINT('',(23.607347,-4.7557822,0.));
#1443 = B_SPLINE_CURVE_WITH_KNOTS('',1,(#1444,#1445),.UNSPECIFIED.,.F.,
  .F.,(2,2),(0.,0.7012492),.PIECEWISE_BEZIER_KNOTS.);
#1444 = CARTESIAN_POINT('',(23.607347,-4.054533,0.));
#1445 = CARTESIAN_POINT('',(23.607347,-4.7557822,0.));
#1446 = ORIENTED_EDGE('',*,*,#1447,.T.);
#1447 = EDGE_CURVE('',#1441,#1448,#1450,.T.);
#1448 = VERTEX_POINT('',#1449);
#1449 = CARTESIAN_POINT('',(23.607347,-4.7573322,0.));
#1450 = B_SPLINE_CURVE_WITH_KNOTS('',3,(#1451,#1452,#1453,#1454),
  .UNSPECIFIED.,.F.,.F.,(4,4),(0.,1.),.PIECEWISE_BEZIER_KNOTS.);
#1451 = CARTESIAN_POINT('',(23.607347,-4.7557822,0.));
#1452 = CARTESIAN_POINT('',(23.607339,-4.7562989,0.));
#1453 = CARTESIAN_POINT('',(23.607339,-4.7568122,0.));
#1454 = CARTESIAN_POINT('',(23.607347,-4.7573322,0.));
#1455 = ORIENTED_EDGE('',*,*,#1456,.T.);
#1456 = EDGE_CURVE('',#1448,#1457,#1459,.T.);
#1457 = VERTEX_POINT('',#1458);
#1458 = CARTESIAN_POINT('',(23.607347,-23.061125,0.));
#1459 = B_SPLINE_CURVE_WITH_KNOTS('',1,(#1460,#1461),.UNSPECIFIED.,.F.,
  .F.,(2,2),(0.,18.3037928),.PIECEWISE_BEZIER_KNOTS.);
#1460 = CARTESIAN_POINT('',(23.607347,-4.7573322,0.));
#1461 = CARTESIAN_POINT('',(23.607347,-23.061125,0.));
#1462 = ORIENTED_EDGE('',*,*,#1463,.T.);
#1463 = EDGE_CURVE('',#1457,#1464,#1466,.T.);
#1464 = VERTEX_POINT('',#1465);
#1465 = CARTESIAN_POINT('',(23.607347,-23.062625,0.));
#1466 = B_SPLINE_CURVE_WITH_KNOTS('',3,(#1467,#1468,#1469,#1470),
  .UNSPECIFIED.,.F.,.F.,(4,4),(0.,1.),.PIECEWISE_BEZIER_KNOTS.);
#1467 = CARTESIAN_POINT('',(23.607347,-23.061125,0.));
#1468 = CARTESIAN_POINT('',(23.607339,-23.061642,0.));
#1469 = CARTESIAN_POINT('',(23.607339,-23.062125,0.));
#1470 = CARTESIAN_POINT('',(23.607347,-23.062625,0.));
#1471 = ORIENTED_EDGE('',*,*,#1472,.T.);
#1472 = EDGE_CURVE('',#1464,#1473,#1475,.T.);
#1473 = VERTEX_POINT('',#1474);
#1474 = CARTESIAN_POINT('',(23.607347,-23.064225,0.));
#1475 = B_SPLINE_CURVE_WITH_KNOTS('',3,(#1476,#1477,#1478,#1479),
  .UNSPECIFIED.,.F.,.F.,(4,4),(0.,1.),.PIECEWISE_BEZIER_KNOTS.);
#1476 = CARTESIAN_POINT('',(23.607347,-23.062625,0.));
#1477 = CARTESIAN_POINT('',(23.607339,-23.063142,0.));
#1478 = CARTESIAN_POINT('',(23.607339,-23.063625,0.));
#1479 = CARTESIAN_POINT('',(23.607347,-23.064225,0.));
#1480 = ORIENTED_EDGE('',*,*,#1481,.T.);
#1481 = EDGE_CURVE('',#1473,#1482,#1484,.T.);
#1482 = VERTEX_POINT('',#1483);
#1483 = CARTESIAN_POINT('',(23.607347,-23.666256,0.));
#1484 = B_SPLINE_CURVE_WITH_KNOTS('',1,(#1485,#1486),.UNSPECIFIED.,.F.,
  .F.,(2,2),(0.,0.602031),.PIECEWISE_BEZIER_KNOTS.);
#1485 = CARTESIAN_POINT('',(23.607347,-23.064225,0.));
#1486 = CARTESIAN_POINT('',(23.607347,-23.666256,0.));
#1487 = ORIENTED_EDGE('',*,*,#1488,.T.);
#1488 = EDGE_CURVE('',#1482,#1489,#1491,.T.);
#1489 = VERTEX_POINT('',#1490);
#1490 = CARTESIAN_POINT('',(23.591847,-23.759786,0.));
#1491 = B_SPLINE_CURVE_WITH_KNOTS('',1,(#1492,#1493),.UNSPECIFIED.,.F.,
  .F.,(2,2),(0.,9.48056480385E-02),.PIECEWISE_BEZIER_KNOTS.);
#1492 = CARTESIAN_POINT('',(23.607347,-23.666256,0.));
#1493 = CARTESIAN_POINT('',(23.591847,-23.759786,0.));
#1494 = ORIENTED_EDGE('',*,*,#1495,.T.);
#1495 = EDGE_CURVE('',#1489,#1496,#1498,.T.);
#1496 = VERTEX_POINT('',#1497);
#1497 = CARTESIAN_POINT('',(23.542757,-23.808366,0.));
#1498 = B_SPLINE_CURVE_WITH_KNOTS('',1,(#1499,#1500),.UNSPECIFIED.,.F.,
  .F.,(2,2),(0.,6.906406084209E-02),.PIECEWISE_BEZIER_KNOTS.);
#1499 = CARTESIAN_POINT('',(23.591847,-23.759786,0.));
#1500 = CARTESIAN_POINT('',(23.542757,-23.808366,0.));
#1501 = ORIENTED_EDGE('',*,*,#1502,.T.);
#1502 = EDGE_CURVE('',#1496,#1503,#1505,.T.);
#1503 = VERTEX_POINT('',#1504);
#1504 = CARTESIAN_POINT('',(23.454907,-23.822316,0.));
#1505 = B_SPLINE_CURVE_WITH_KNOTS('',1,(#1506,#1507),.UNSPECIFIED.,.F.,
  .F.,(2,2),(0.,8.895068858643E-02),.PIECEWISE_BEZIER_KNOTS.);
#1506 = CARTESIAN_POINT('',(23.542757,-23.808366,0.));
#1507 = CARTESIAN_POINT('',(23.454907,-23.822316,0.));
#1508 = ORIENTED_EDGE('',*,*,#1509,.T.);
#1509 = EDGE_CURVE('',#1503,#1510,#1512,.T.);
#1510 = VERTEX_POINT('',#1511);
#1511 = CARTESIAN_POINT('',(21.476733,-23.822316,0.));
#1512 = B_SPLINE_CURVE_WITH_KNOTS('',1,(#1513,#1514),.UNSPECIFIED.,.F.,
  .F.,(2,2),(0.,1.978174),.PIECEWISE_BEZIER_KNOTS.);
#1513 = CARTESIAN_POINT('',(23.454907,-23.822316,0.));
#1514 = CARTESIAN_POINT('',(21.476733,-23.822316,0.));
#1515 = ORIENTED_EDGE('',*,*,#1516,.T.);
#1516 = EDGE_CURVE('',#1510,#1517,#1519,.T.);
#1517 = VERTEX_POINT('',#1518);
#1518 = CARTESIAN_POINT('',(14.593949,-23.822316,0.));
#1519 = B_SPLINE_CURVE_WITH_KNOTS('',1,(#1520,#1521),.UNSPECIFIED.,.F.,
  .F.,(2,2),(0.,6.882784),.PIECEWISE_BEZIER_KNOTS.);
#1520 = CARTESIAN_POINT('',(21.476733,-23.822316,0.));
#1521 = CARTESIAN_POINT('',(14.593949,-23.822316,0.));
#1522 = ORIENTED_EDGE('',*,*,#1523,.T.);
#1523 = EDGE_CURVE('',#1517,#1524,#1526,.T.);
#1524 = VERTEX_POINT('',#1525);
#1525 = CARTESIAN_POINT('',(14.544859,-23.872956,0.));
#1526 = B_SPLINE_CURVE_WITH_KNOTS('',3,(#1527,#1528,#1529,#1530),
  .UNSPECIFIED.,.F.,.F.,(4,4),(0.,1.),.PIECEWISE_BEZIER_KNOTS.);
#1527 = CARTESIAN_POINT('',(14.593949,-23.822316,0.));
#1528 = CARTESIAN_POINT('',(14.566439,-23.822816,0.));
#1529 = CARTESIAN_POINT('',(14.544499,-23.845446,0.));
#1530 = CARTESIAN_POINT('',(14.544859,-23.872956,0.));
#1531 = ORIENTED_EDGE('',*,*,#1532,.T.);
#1532 = EDGE_CURVE('',#1524,#1533,#1535,.T.);
#1533 = VERTEX_POINT('',#1534);
#1534 = CARTESIAN_POINT('',(14.544859,-24.269315,0.));
#1535 = B_SPLINE_CURVE_WITH_KNOTS('',1,(#1536,#1537),.UNSPECIFIED.,.F.,
  .F.,(2,2),(0.,0.396359),.PIECEWISE_BEZIER_KNOTS.);
#1536 = CARTESIAN_POINT('',(14.544859,-23.872956,0.));
#1537 = CARTESIAN_POINT('',(14.544859,-24.269315,0.));
#1538 = ORIENTED_EDGE('',*,*,#1539,.T.);
#1539 = EDGE_CURVE('',#1533,#1540,#1542,.T.);
#1540 = VERTEX_POINT('',#1541);
#1541 = CARTESIAN_POINT('',(14.544859,-24.270815,0.));
#1542 = B_SPLINE_CURVE_WITH_KNOTS('',3,(#1543,#1544,#1545,#1546),
  .UNSPECIFIED.,.F.,.F.,(4,4),(0.,1.),.PIECEWISE_BEZIER_KNOTS.);
#1543 = CARTESIAN_POINT('',(14.544859,-24.269315,0.));
#1544 = CARTESIAN_POINT('',(14.544851,-24.269832,0.));
#1545 = CARTESIAN_POINT('',(14.544851,-24.270315,0.));
#1546 = CARTESIAN_POINT('',(14.544859,-24.270815,0.));
#1547 = ORIENTED_EDGE('',*,*,#1548,.T.);
#1548 = EDGE_CURVE('',#1540,#1549,#1551,.T.);
#1549 = VERTEX_POINT('',#1550);
#1550 = CARTESIAN_POINT('',(14.544859,-25.078518,0.));
#1551 = B_SPLINE_CURVE_WITH_KNOTS('',1,(#1552,#1553),.UNSPECIFIED.,.F.,
  .F.,(2,2),(0.,0.807703),.PIECEWISE_BEZIER_KNOTS.);
#1552 = CARTESIAN_POINT('',(14.544859,-24.270815,0.));
#1553 = CARTESIAN_POINT('',(14.544859,-25.078518,0.));
#1554 = ORIENTED_EDGE('',*,*,#1555,.T.);
#1555 = EDGE_CURVE('',#1549,#1556,#1558,.T.);
#1556 = VERTEX_POINT('',#1557);
#1557 = CARTESIAN_POINT('',(14.544859,-25.080118,0.));
#1558 = B_SPLINE_CURVE_WITH_KNOTS('',3,(#1559,#1560,#1561,#1562),
  .UNSPECIFIED.,.F.,.F.,(4,4),(0.,1.),.PIECEWISE_BEZIER_KNOTS.);
#1559 = CARTESIAN_POINT('',(14.544859,-25.078518,0.));
#1560 = CARTESIAN_POINT('',(14.544851,-25.079035,0.));
#1561 = CARTESIAN_POINT('',(14.544851,-25.079518,0.));
#1562 = CARTESIAN_POINT('',(14.544859,-25.080118,0.));
#1563 = ORIENTED_EDGE('',*,*,#1564,.T.);
#1564 = EDGE_CURVE('',#1556,#1565,#1567,.T.);
#1565 = VERTEX_POINT('',#1566);
#1566 = CARTESIAN_POINT('',(14.544859,-25.081618,0.));
#1567 = B_SPLINE_CURVE_WITH_KNOTS('',3,(#1568,#1569,#1570,#1571),
  .UNSPECIFIED.,.F.,.F.,(4,4),(0.,1.),.PIECEWISE_BEZIER_KNOTS.);
#1568 = CARTESIAN_POINT('',(14.544859,-25.080118,0.));
#1569 = CARTESIAN_POINT('',(14.544851,-25.080635,0.));
#1570 = CARTESIAN_POINT('',(14.544851,-25.081118,0.));
#1571 = CARTESIAN_POINT('',(14.544859,-25.081618,0.));
#1572 = ORIENTED_EDGE('',*,*,#1573,.T.);
#1573 = EDGE_CURVE('',#1565,#1574,#1576,.T.);
#1574 = VERTEX_POINT('',#1575);
#1575 = CARTESIAN_POINT('',(14.544859,-25.783384,0.));
#1576 = B_SPLINE_CURVE_WITH_KNOTS('',1,(#1577,#1578),.UNSPECIFIED.,.F.,
  .F.,(2,2),(0.,0.701766),.PIECEWISE_BEZIER_KNOTS.);
#1577 = CARTESIAN_POINT('',(14.544859,-25.081618,0.));
#1578 = CARTESIAN_POINT('',(14.544859,-25.783384,0.));
#1579 = ORIENTED_EDGE('',*,*,#1580,.T.);
#1580 = EDGE_CURVE('',#1574,#1581,#1583,.T.);
#1581 = VERTEX_POINT('',#1582);
#1582 = CARTESIAN_POINT('',(14.544859,-26.57455,0.));
#1583 = B_SPLINE_CURVE_WITH_KNOTS('',1,(#1584,#1585),.UNSPECIFIED.,.F.,
  .F.,(2,2),(0.,0.791166),.PIECEWISE_BEZIER_KNOTS.);
#1584 = CARTESIAN_POINT('',(14.544859,-25.783384,0.));
#1585 = CARTESIAN_POINT('',(14.544859,-26.57455,0.));
#1586 = ORIENTED_EDGE('',*,*,#1587,.T.);
#1587 = EDGE_CURVE('',#1581,#1588,#1590,.T.);
#1588 = VERTEX_POINT('',#1589);
#1589 = CARTESIAN_POINT('',(14.544859,-26.57615,0.));
#1590 = B_SPLINE_CURVE_WITH_KNOTS('',3,(#1591,#1592,#1593,#1594),
  .UNSPECIFIED.,.F.,.F.,(4,4),(0.,1.),.PIECEWISE_BEZIER_KNOTS.);
#1591 = CARTESIAN_POINT('',(14.544859,-26.57455,0.));
#1592 = CARTESIAN_POINT('',(14.544851,-26.575067,0.));
#1593 = CARTESIAN_POINT('',(14.544851,-26.57555,0.));
#1594 = CARTESIAN_POINT('',(14.544859,-26.57615,0.));
#1595 = ORIENTED_EDGE('',*,*,#1596,.T.);
#1596 = EDGE_CURVE('',#1588,#1597,#1599,.T.);
#1597 = VERTEX_POINT('',#1598);
#1598 = CARTESIAN_POINT('',(14.544859,-26.972508,0.));
#1599 = B_SPLINE_CURVE_WITH_KNOTS('',1,(#1600,#1601),.UNSPECIFIED.,.F.,
  .F.,(2,2),(0.,0.396358),.PIECEWISE_BEZIER_KNOTS.);
#1600 = CARTESIAN_POINT('',(14.544859,-26.57615,0.));
#1601 = CARTESIAN_POINT('',(14.544859,-26.972508,0.));
#1602 = ORIENTED_EDGE('',*,*,#1603,.T.);
#1603 = EDGE_CURVE('',#1597,#1604,#1606,.T.);
#1604 = VERTEX_POINT('',#1605);
#1605 = CARTESIAN_POINT('',(14.593949,-27.021598,0.));
#1606 = B_SPLINE_CURVE_WITH_KNOTS('',3,(#1607,#1608,#1609,#1610),
  .UNSPECIFIED.,.F.,.F.,(4,4),(0.,1.),.PIECEWISE_BEZIER_KNOTS.);
#1607 = CARTESIAN_POINT('',(14.544859,-26.972508,0.));
#1608 = CARTESIAN_POINT('',(14.545346,-26.999418,0.));
#1609 = CARTESIAN_POINT('',(14.567039,-27.021108,0.));
#1610 = CARTESIAN_POINT('',(14.593949,-27.021598,0.));
#1611 = ORIENTED_EDGE('',*,*,#1612,.T.);
#1612 = EDGE_CURVE('',#1604,#1613,#1615,.T.);
#1613 = VERTEX_POINT('',#1614);
#1614 = CARTESIAN_POINT('',(21.459163,-27.021598,0.));
#1615 = B_SPLINE_CURVE_WITH_KNOTS('',1,(#1616,#1617),.UNSPECIFIED.,.F.,
  .F.,(2,2),(0.,6.865214),.PIECEWISE_BEZIER_KNOTS.);
#1616 = CARTESIAN_POINT('',(14.593949,-27.021598,0.));
#1617 = CARTESIAN_POINT('',(21.459163,-27.021598,0.));
#1618 = ORIENTED_EDGE('',*,*,#1619,.T.);
#1619 = EDGE_CURVE('',#1613,#1620,#1622,.T.);
#1620 = VERTEX_POINT('',#1621);
#1621 = CARTESIAN_POINT('',(23.449739,-27.021598,0.));
#1622 = B_SPLINE_CURVE_WITH_KNOTS('',1,(#1623,#1624),.UNSPECIFIED.,.F.,
  .F.,(2,2),(0.,1.990576),.PIECEWISE_BEZIER_KNOTS.);
#1623 = CARTESIAN_POINT('',(21.459163,-27.021598,0.));
#1624 = CARTESIAN_POINT('',(23.449739,-27.021598,0.));
#1625 = ORIENTED_EDGE('',*,*,#1626,.T.);
#1626 = EDGE_CURVE('',#1620,#1627,#1629,.T.);
#1627 = VERTEX_POINT('',#1628);
#1628 = CARTESIAN_POINT('',(23.539139,-27.052608,0.));
#1629 = B_SPLINE_CURVE_WITH_KNOTS('',1,(#1630,#1631),.UNSPECIFIED.,.F.,
  .F.,(2,2),(0.,9.462547278614E-02),.PIECEWISE_BEZIER_KNOTS.);
#1630 = CARTESIAN_POINT('',(23.449739,-27.021598,0.));
#1631 = CARTESIAN_POINT('',(23.539139,-27.052608,0.));
#1632 = ORIENTED_EDGE('',*,*,#1633,.T.);
#1633 = EDGE_CURVE('',#1627,#1634,#1636,.T.);
#1634 = VERTEX_POINT('',#1635);
#1635 = CARTESIAN_POINT('',(23.593919,-27.105318,0.));
#1636 = B_SPLINE_CURVE_WITH_KNOTS('',1,(#1637,#1638),.UNSPECIFIED.,.F.,
  .F.,(2,2),(0.,7.602100038805E-02),.PIECEWISE_BEZIER_KNOTS.);
#1637 = CARTESIAN_POINT('',(23.539139,-27.052608,0.));
#1638 = CARTESIAN_POINT('',(23.593919,-27.105318,0.));
#1639 = ORIENTED_EDGE('',*,*,#1640,.T.);
#1640 = EDGE_CURVE('',#1634,#1641,#1643,.T.);
#1641 = VERTEX_POINT('',#1642);
#1642 = CARTESIAN_POINT('',(23.607359,-27.179728,0.));
#1643 = B_SPLINE_CURVE_WITH_KNOTS('',1,(#1644,#1645),.UNSPECIFIED.,.F.,
  .F.,(2,2),(0.,7.561403110534E-02),.PIECEWISE_BEZIER_KNOTS.);
#1644 = CARTESIAN_POINT('',(23.593919,-27.105318,0.));
#1645 = CARTESIAN_POINT('',(23.607359,-27.179728,0.));
#1646 = ORIENTED_EDGE('',*,*,#1647,.T.);
#1647 = EDGE_CURVE('',#1641,#1648,#1650,.T.);
#1648 = VERTEX_POINT('',#1649);
#1649 = CARTESIAN_POINT('',(23.607359,-31.745858,0.));
#1650 = B_SPLINE_CURVE_WITH_KNOTS('',1,(#1651,#1652),.UNSPECIFIED.,.F.,
  .F.,(2,2),(0.,4.56613),.PIECEWISE_BEZIER_KNOTS.);
#1651 = CARTESIAN_POINT('',(23.607359,-27.179728,0.));
#1652 = CARTESIAN_POINT('',(23.607359,-31.745858,0.));
#1653 = ORIENTED_EDGE('',*,*,#1654,.T.);
#1654 = EDGE_CURVE('',#1648,#1655,#1657,.T.);
#1655 = VERTEX_POINT('',#1656);
#1656 = CARTESIAN_POINT('',(23.607359,-31.747958,0.));
#1657 = B_SPLINE_CURVE_WITH_KNOTS('',3,(#1658,#1659,#1660,#1661),
  .UNSPECIFIED.,.F.,.F.,(4,4),(0.,1.),.PIECEWISE_BEZIER_KNOTS.);
#1658 = CARTESIAN_POINT('',(23.607359,-31.745858,0.));
#1659 = CARTESIAN_POINT('',(23.607345,-31.746547,0.));
#1660 = CARTESIAN_POINT('',(23.607345,-31.747258,0.));
#1661 = CARTESIAN_POINT('',(23.607359,-31.747958,0.));
#1662 = ORIENTED_EDGE('',*,*,#1663,.T.);
#1663 = EDGE_CURVE('',#1655,#1664,#1666,.T.);
#1664 = VERTEX_POINT('',#1665);
#1665 = CARTESIAN_POINT('',(23.607359,-33.26001,0.));
#1666 = B_SPLINE_CURVE_WITH_KNOTS('',1,(#1667,#1668),.UNSPECIFIED.,.F.,
  .F.,(2,2),(0.,1.512052),.PIECEWISE_BEZIER_KNOTS.);
#1667 = CARTESIAN_POINT('',(23.607359,-31.747958,0.));
#1668 = CARTESIAN_POINT('',(23.607359,-33.26001,0.));
#1669 = ORIENTED_EDGE('',*,*,#1670,.T.);
#1670 = EDGE_CURVE('',#1664,#1671,#1673,.T.);
#1671 = VERTEX_POINT('',#1672);
#1672 = CARTESIAN_POINT('',(23.656449,-33.31065,0.));
#1673 = B_SPLINE_CURVE_WITH_KNOTS('',3,(#1674,#1675,#1676,#1677),
  .UNSPECIFIED.,.F.,.F.,(4,4),(0.,1.),.PIECEWISE_BEZIER_KNOTS.);
#1674 = CARTESIAN_POINT('',(23.607359,-33.26001,0.));
#1675 = CARTESIAN_POINT('',(23.607001,-33.28752,0.));
#1676 = CARTESIAN_POINT('',(23.628939,-33.31016,0.));
#1677 = CARTESIAN_POINT('',(23.656449,-33.31065,0.));
#1678 = ORIENTED_EDGE('',*,*,#1679,.T.);
#1679 = EDGE_CURVE('',#1671,#1680,#1682,.T.);
#1680 = VERTEX_POINT('',#1681);
#1681 = CARTESIAN_POINT('',(27.259847,-33.31065,0.));
#1682 = B_SPLINE_CURVE_WITH_KNOTS('',1,(#1683,#1684),.UNSPECIFIED.,.F.,
  .F.,(2,2),(0.,3.603398),.PIECEWISE_BEZIER_KNOTS.);
#1683 = CARTESIAN_POINT('',(23.656449,-33.31065,0.));
#1684 = CARTESIAN_POINT('',(27.259847,-33.31065,0.));
#1685 = ORIENTED_EDGE('',*,*,#1686,.T.);
#1686 = EDGE_CURVE('',#1680,#1687,#1689,.T.);
#1687 = VERTEX_POINT('',#1688);
#1688 = CARTESIAN_POINT('',(27.310487,-33.26001,0.));
#1689 = B_SPLINE_CURVE_WITH_KNOTS('',3,(#1690,#1691,#1692,#1693),
  .UNSPECIFIED.,.F.,.F.,(4,4),(0.,1.),.PIECEWISE_BEZIER_KNOTS.);
#1690 = CARTESIAN_POINT('',(27.259847,-33.31065,0.));
#1691 = CARTESIAN_POINT('',(27.287967,-33.311014,0.));
#1692 = CARTESIAN_POINT('',(27.310857,-33.28813,0.));
#1693 = CARTESIAN_POINT('',(27.310487,-33.26001,0.));
#1694 = ORIENTED_EDGE('',*,*,#1695,.T.);
#1695 = EDGE_CURVE('',#1687,#1696,#1698,.T.);
#1696 = VERTEX_POINT('',#1697);
#1697 = CARTESIAN_POINT('',(27.310487,-31.747441,0.));
#1698 = B_SPLINE_CURVE_WITH_KNOTS('',1,(#1699,#1700),.UNSPECIFIED.,.F.,
  .F.,(2,2),(0.,1.512569),.PIECEWISE_BEZIER_KNOTS.);
#1699 = CARTESIAN_POINT('',(27.310487,-33.26001,0.));
#1700 = CARTESIAN_POINT('',(27.310487,-31.747441,0.));
#1701 = ORIENTED_EDGE('',*,*,#1702,.T.);
#1702 = EDGE_CURVE('',#1696,#1703,#1705,.T.);
#1703 = VERTEX_POINT('',#1704);
#1704 = CARTESIAN_POINT('',(27.310487,-31.745841,0.));
#1705 = B_SPLINE_CURVE_WITH_KNOTS('',3,(#1706,#1707,#1708,#1709),
  .UNSPECIFIED.,.F.,.F.,(4,4),(0.,1.),.PIECEWISE_BEZIER_KNOTS.);
#1706 = CARTESIAN_POINT('',(27.310487,-31.747441,0.));
#1707 = CARTESIAN_POINT('',(27.310495,-31.746924,0.));
#1708 = CARTESIAN_POINT('',(27.310495,-31.746441,0.));
#1709 = CARTESIAN_POINT('',(27.310487,-31.745841,0.));
#1710 = ORIENTED_EDGE('',*,*,#1711,.T.);
#1711 = EDGE_CURVE('',#1703,#1712,#1714,.T.);
#1712 = VERTEX_POINT('',#1713);
#1713 = CARTESIAN_POINT('',(27.310487,-4.7557821,0.));
#1714 = B_SPLINE_CURVE_WITH_KNOTS('',1,(#1715,#1716),.UNSPECIFIED.,.F.,
  .F.,(2,2),(0.,26.9900589),.PIECEWISE_BEZIER_KNOTS.);
#1715 = CARTESIAN_POINT('',(27.310487,-31.745841,0.));
#1716 = CARTESIAN_POINT('',(27.310487,-4.7557821,0.));
#1717 = ORIENTED_EDGE('',*,*,#1718,.T.);
#1718 = EDGE_CURVE('',#1712,#1719,#1721,.T.);
#1719 = VERTEX_POINT('',#1720);
#1720 = CARTESIAN_POINT('',(27.310487,-4.0545329,0.));
#1721 = B_SPLINE_CURVE_WITH_KNOTS('',1,(#1722,#1723),.UNSPECIFIED.,.F.,
  .F.,(2,2),(0.,0.7012492),.PIECEWISE_BEZIER_KNOTS.);
#1722 = CARTESIAN_POINT('',(27.310487,-4.7557821,0.));
#1723 = CARTESIAN_POINT('',(27.310487,-4.0545329,0.));
#1724 = ORIENTED_EDGE('',*,*,#1725,.T.);
#1725 = EDGE_CURVE('',#1719,#1726,#1728,.T.);
#1726 = VERTEX_POINT('',#1727);
#1727 = CARTESIAN_POINT('',(27.259847,-4.0038899,0.));
#1728 = B_SPLINE_CURVE_WITH_KNOTS('',3,(#1729,#1730,#1731,#1732),
  .UNSPECIFIED.,.F.,.F.,(4,4),(0.,1.),.PIECEWISE_BEZIER_KNOTS.);
#1729 = CARTESIAN_POINT('',(27.310487,-4.0545329,0.));
#1730 = CARTESIAN_POINT('',(27.310851,-4.0264139,0.));
#1731 = CARTESIAN_POINT('',(27.287967,-4.0035259,0.));
#1732 = CARTESIAN_POINT('',(27.259847,-4.0038899,0.));
#1733 = ORIENTED_EDGE('',*,*,#1734,.T.);
#1734 = EDGE_CURVE('',#1726,#1430,#1735,.T.);
#1735 = B_SPLINE_CURVE_WITH_KNOTS('',1,(#1736,#1737),.UNSPECIFIED.,.F.,
  .F.,(2,2),(0.,3.60341),.PIECEWISE_BEZIER_KNOTS.);
#1736 = CARTESIAN_POINT('',(27.259847,-4.0038899,0.));
#1737 = CARTESIAN_POINT('',(23.656437,-4.00389,0.));
#1738 = B_SPLINE_SURFACE_WITH_KNOTS('',1,1,(
    (#1739,#1740)
    ,(#1741,#1742
    )),.UNSPECIFIED.,.F.,.F.,.F.,(2,2),(2,2),(-9.198194812503,
    3.568163187497),(-13.2060535991,16.101434500895),
  .PIECEWISE_BEZIER_KNOTS.);
#1739 = CARTESIAN_POINT('',(14.544499,-33.311014,0.));
#1740 = CARTESIAN_POINT('',(14.544499,-4.0035259,0.));
#1741 = CARTESIAN_POINT('',(27.310857,-33.311014,0.));
#1742 = CARTESIAN_POINT('',(27.310857,-4.0035259,0.));
#1743 = ( GEOMETRIC_REPRESENTATION_CONTEXT(3) 
GLOBAL_UNCERTAINTY_ASSIGNED_CONTEXT((#1747)) 
GLOBAL_UNIT_ASSIGNED_CONTEXT((#1744,#1745,#1746)) REPRESENTATION_CONTEXT
('Context #1','3D Context with UNIT and UNCERTAINTY') );
#1744 = ( LENGTH_UNIT() NAMED_UNIT(*) SI_UNIT(.MILLI.,.METRE.) );
#1745 = ( NAMED_UNIT(*) PLANE_ANGLE_UNIT() SI_UNIT($,.RADIAN.) );
#1746 = ( NAMED_UNIT(*) SI_UNIT($,.STERADIAN.) SOLID_ANGLE_UNIT() );
#1747 = UNCERTAINTY_MEASURE_WITH_UNIT(LENGTH_MEASURE(1.E-07),#1744,
  'distance_accuracy_value','confusion accuracy');
#1748 = CONTEXT_DEPENDENT_SHAPE_REPRESENTATION(#1749,#1751);
#1749 = ( REPRESENTATION_RELATIONSHIP('','',#1422,#10) 
REPRESENTATION_RELATIONSHIP_WITH_TRANSFORMATION(#1750) 
SHAPE_REPRESENTATION_RELATIONSHIP() );
#1750 = ITEM_DEFINED_TRANSFORMATION('','',#11,#27);
#1751 = PRODUCT_DEFINITION_SHAPE('Placement','Placement of an item',
  #1752);
#1752 = NEXT_ASSEMBLY_USAGE_OCCURRENCE('4','path1737','',#5,#1417,$);
#1753 = PRODUCT_RELATED_PRODUCT_CATEGORY('part',$,(#1419));
#1754 = SHAPE_DEFINITION_REPRESENTATION(#1755,#1761);
#1755 = PRODUCT_DEFINITION_SHAPE('','',#1756);
#1756 = PRODUCT_DEFINITION('design','',#1757,#1760);
#1757 = PRODUCT_DEFINITION_FORMATION('','',#1758);
#1758 = PRODUCT('Extrude','Extrude','',(#1759));
#1759 = PRODUCT_CONTEXT('',#2,'mechanical');
#1760 = PRODUCT_DEFINITION_CONTEXT('part definition',#2,'design');
#1761 = ADVANCED_BREP_SHAPE_REPRESENTATION('',(#11,#1762),#1908);
#1762 = MANIFOLD_SOLID_BREP('',#1763);
#1763 = CLOSED_SHELL('',(#1764,#1803,#1833,#1863,#1884,#1896));
#1764 = ADVANCED_FACE('',(#1765),#1797,.T.);
#1765 = FACE_BOUND('',#1766,.T.);
#1766 = EDGE_LOOP('',(#1767,#1777,#1784,#1792));
#1767 = ORIENTED_EDGE('',*,*,#1768,.T.);
#1768 = EDGE_CURVE('',#1769,#1771,#1773,.T.);
#1769 = VERTEX_POINT('',#1770);
#1770 = CARTESIAN_POINT('',(29.098174,-2.9008,0.));
#1771 = VERTEX_POINT('',#1772);
#1772 = CARTESIAN_POINT('',(29.098174,-2.9008,2.06));
#1773 = LINE('',#1774,#1775);
#1774 = CARTESIAN_POINT('',(29.098174,-2.9008,0.));
#1775 = VECTOR('',#1776,1.);
#1776 = DIRECTION('',(0.,0.,1.));
#1777 = ORIENTED_EDGE('',*,*,#1778,.T.);
#1778 = EDGE_CURVE('',#1771,#1779,#1781,.T.);
#1779 = VERTEX_POINT('',#1780);
#1780 = CARTESIAN_POINT('',(69.889664,-2.9008,2.06));
#1781 = B_SPLINE_CURVE_WITH_KNOTS('',1,(#1782,#1783),.UNSPECIFIED.,.F.,
  .F.,(2,2),(0.,40.79149),.PIECEWISE_BEZIER_KNOTS.);
#1782 = CARTESIAN_POINT('',(29.098174,-2.9008,2.06));
#1783 = CARTESIAN_POINT('',(69.889664,-2.9008,2.06));
#1784 = ORIENTED_EDGE('',*,*,#1785,.F.);
#1785 = EDGE_CURVE('',#1786,#1779,#1788,.T.);
#1786 = VERTEX_POINT('',#1787);
#1787 = CARTESIAN_POINT('',(69.889664,-2.9008,0.));
#1788 = LINE('',#1789,#1790);
#1789 = CARTESIAN_POINT('',(69.889664,-2.9008,0.));
#1790 = VECTOR('',#1791,1.);
#1791 = DIRECTION('',(0.,0.,1.));
#1792 = ORIENTED_EDGE('',*,*,#1793,.F.);
#1793 = EDGE_CURVE('',#1769,#1786,#1794,.T.);
#1794 = B_SPLINE_CURVE_WITH_KNOTS('',1,(#1795,#1796),.UNSPECIFIED.,.F.,
  .F.,(2,2),(0.,40.79149),.PIECEWISE_BEZIER_KNOTS.);
#1795 = CARTESIAN_POINT('',(29.098174,-2.9008,0.));
#1796 = CARTESIAN_POINT('',(69.889664,-2.9008,0.));
#1797 = SURFACE_OF_LINEAR_EXTRUSION('',#1798,#1801);
#1798 = B_SPLINE_CURVE_WITH_KNOTS('',1,(#1799,#1800),.UNSPECIFIED.,.F.,
  .F.,(2,2),(0.,40.79149),.PIECEWISE_BEZIER_KNOTS.);
#1799 = CARTESIAN_POINT('',(29.098174,-2.9008,0.));
#1800 = CARTESIAN_POINT('',(69.889664,-2.9008,0.));
#1801 = VECTOR('',#1802,1.);
#1802 = DIRECTION('',(-0.,-0.,-1.));
#1803 = ADVANCED_FACE('',(#1804),#1827,.T.);
#1804 = FACE_BOUND('',#1805,.T.);
#1805 = EDGE_LOOP('',(#1806,#1807,#1814,#1822));
#1806 = ORIENTED_EDGE('',*,*,#1785,.T.);
#1807 = ORIENTED_EDGE('',*,*,#1808,.T.);
#1808 = EDGE_CURVE('',#1779,#1809,#1811,.T.);
#1809 = VERTEX_POINT('',#1810);
#1810 = CARTESIAN_POINT('',(69.889664,-33.51243,2.06));
#1811 = B_SPLINE_CURVE_WITH_KNOTS('',1,(#1812,#1813),.UNSPECIFIED.,.F.,
  .F.,(2,2),(0.,30.61163),.PIECEWISE_BEZIER_KNOTS.);
#1812 = CARTESIAN_POINT('',(69.889664,-2.9008,2.06));
#1813 = CARTESIAN_POINT('',(69.889664,-33.51243,2.06));
#1814 = ORIENTED_EDGE('',*,*,#1815,.F.);
#1815 = EDGE_CURVE('',#1816,#1809,#1818,.T.);
#1816 = VERTEX_POINT('',#1817);
#1817 = CARTESIAN_POINT('',(69.889664,-33.51243,0.));
#1818 = LINE('',#1819,#1820);
#1819 = CARTESIAN_POINT('',(69.889664,-33.51243,0.));
#1820 = VECTOR('',#1821,1.);
#1821 = DIRECTION('',(0.,0.,1.));
#1822 = ORIENTED_EDGE('',*,*,#1823,.F.);
#1823 = EDGE_CURVE('',#1786,#1816,#1824,.T.);
#1824 = B_SPLINE_CURVE_WITH_KNOTS('',1,(#1825,#1826),.UNSPECIFIED.,.F.,
  .F.,(2,2),(0.,30.61163),.PIECEWISE_BEZIER_KNOTS.);
#1825 = CARTESIAN_POINT('',(69.889664,-2.9008,0.));
#1826 = CARTESIAN_POINT('',(69.889664,-33.51243,0.));
#1827 = SURFACE_OF_LINEAR_EXTRUSION('',#1828,#1831);
#1828 = B_SPLINE_CURVE_WITH_KNOTS('',1,(#1829,#1830),.UNSPECIFIED.,.F.,
  .F.,(2,2),(0.,30.61163),.PIECEWISE_BEZIER_KNOTS.);
#1829 = CARTESIAN_POINT('',(69.889664,-2.9008,0.));
#1830 = CARTESIAN_POINT('',(69.889664,-33.51243,0.));
#1831 = VECTOR('',#1832,1.);
#1832 = DIRECTION('',(-0.,-0.,-1.));
#1833 = ADVANCED_FACE('',(#1834),#1857,.T.);
#1834 = FACE_BOUND('',#1835,.T.);
#1835 = EDGE_LOOP('',(#1836,#1837,#1844,#1852));
#1836 = ORIENTED_EDGE('',*,*,#1815,.T.);
#1837 = ORIENTED_EDGE('',*,*,#1838,.T.);
#1838 = EDGE_CURVE('',#1809,#1839,#1841,.T.);
#1839 = VERTEX_POINT('',#1840);
#1840 = CARTESIAN_POINT('',(29.098174,-33.51243,2.06));
#1841 = B_SPLINE_CURVE_WITH_KNOTS('',1,(#1842,#1843),.UNSPECIFIED.,.F.,
  .F.,(2,2),(0.,40.79149),.PIECEWISE_BEZIER_KNOTS.);
#1842 = CARTESIAN_POINT('',(69.889664,-33.51243,2.06));
#1843 = CARTESIAN_POINT('',(29.098174,-33.51243,2.06));
#1844 = ORIENTED_EDGE('',*,*,#1845,.F.);
#1845 = EDGE_CURVE('',#1846,#1839,#1848,.T.);
#1846 = VERTEX_POINT('',#1847);
#1847 = CARTESIAN_POINT('',(29.098174,-33.51243,0.));
#1848 = LINE('',#1849,#1850);
#1849 = CARTESIAN_POINT('',(29.098174,-33.51243,0.));
#1850 = VECTOR('',#1851,1.);
#1851 = DIRECTION('',(0.,0.,1.));
#1852 = ORIENTED_EDGE('',*,*,#1853,.F.);
#1853 = EDGE_CURVE('',#1816,#1846,#1854,.T.);
#1854 = B_SPLINE_CURVE_WITH_KNOTS('',1,(#1855,#1856),.UNSPECIFIED.,.F.,
  .F.,(2,2),(0.,40.79149),.PIECEWISE_BEZIER_KNOTS.);
#1855 = CARTESIAN_POINT('',(69.889664,-33.51243,0.));
#1856 = CARTESIAN_POINT('',(29.098174,-33.51243,0.));
#1857 = SURFACE_OF_LINEAR_EXTRUSION('',#1858,#1861);
#1858 = B_SPLINE_CURVE_WITH_KNOTS('',1,(#1859,#1860),.UNSPECIFIED.,.F.,
  .F.,(2,2),(0.,40.79149),.PIECEWISE_BEZIER_KNOTS.);
#1859 = CARTESIAN_POINT('',(69.889664,-33.51243,0.));
#1860 = CARTESIAN_POINT('',(29.098174,-33.51243,0.));
#1861 = VECTOR('',#1862,1.);
#1862 = DIRECTION('',(-0.,-0.,-1.));
#1863 = ADVANCED_FACE('',(#1864),#1878,.T.);
#1864 = FACE_BOUND('',#1865,.T.);
#1865 = EDGE_LOOP('',(#1866,#1867,#1872,#1873));
#1866 = ORIENTED_EDGE('',*,*,#1845,.T.);
#1867 = ORIENTED_EDGE('',*,*,#1868,.T.);
#1868 = EDGE_CURVE('',#1839,#1771,#1869,.T.);
#1869 = B_SPLINE_CURVE_WITH_KNOTS('',1,(#1870,#1871),.UNSPECIFIED.,.F.,
  .F.,(2,2),(0.,30.61163),.PIECEWISE_BEZIER_KNOTS.);
#1870 = CARTESIAN_POINT('',(29.098174,-33.51243,2.06));
#1871 = CARTESIAN_POINT('',(29.098174,-2.9008,2.06));
#1872 = ORIENTED_EDGE('',*,*,#1768,.F.);
#1873 = ORIENTED_EDGE('',*,*,#1874,.F.);
#1874 = EDGE_CURVE('',#1846,#1769,#1875,.T.);
#1875 = B_SPLINE_CURVE_WITH_KNOTS('',1,(#1876,#1877),.UNSPECIFIED.,.F.,
  .F.,(2,2),(0.,30.61163),.PIECEWISE_BEZIER_KNOTS.);
#1876 = CARTESIAN_POINT('',(29.098174,-33.51243,0.));
#1877 = CARTESIAN_POINT('',(29.098174,-2.9008,0.));
#1878 = SURFACE_OF_LINEAR_EXTRUSION('',#1879,#1882);
#1879 = B_SPLINE_CURVE_WITH_KNOTS('',1,(#1880,#1881),.UNSPECIFIED.,.F.,
  .F.,(2,2),(0.,30.61163),.PIECEWISE_BEZIER_KNOTS.);
#1880 = CARTESIAN_POINT('',(29.098174,-33.51243,0.));
#1881 = CARTESIAN_POINT('',(29.098174,-2.9008,0.));
#1882 = VECTOR('',#1883,1.);
#1883 = DIRECTION('',(-0.,-0.,-1.));
#1884 = ADVANCED_FACE('',(#1885),#1891,.T.);
#1885 = FACE_BOUND('',#1886,.T.);
#1886 = EDGE_LOOP('',(#1887,#1888,#1889,#1890));
#1887 = ORIENTED_EDGE('',*,*,#1793,.T.);
#1888 = ORIENTED_EDGE('',*,*,#1823,.T.);
#1889 = ORIENTED_EDGE('',*,*,#1853,.T.);
#1890 = ORIENTED_EDGE('',*,*,#1874,.T.);
#1891 = B_SPLINE_SURFACE_WITH_KNOTS('',1,1,(
    (#1892,#1893)
    ,(#1894,#1895
    )),.UNSPECIFIED.,.F.,.F.,.F.,(2,2),(2,2),(-20.395745,20.395745),(
    -15.305815,15.305815),.PIECEWISE_BEZIER_KNOTS.);
#1892 = CARTESIAN_POINT('',(69.889664,-33.51243,0.));
#1893 = CARTESIAN_POINT('',(69.889664,-2.9008,0.));
#1894 = CARTESIAN_POINT('',(29.098174,-33.51243,0.));
#1895 = CARTESIAN_POINT('',(29.098174,-2.9008,0.));
#1896 = ADVANCED_FACE('',(#1897),#1903,.F.);
#1897 = FACE_BOUND('',#1898,.F.);
#1898 = EDGE_LOOP('',(#1899,#1900,#1901,#1902));
#1899 = ORIENTED_EDGE('',*,*,#1778,.T.);
#1900 = ORIENTED_EDGE('',*,*,#1808,.T.);
#1901 = ORIENTED_EDGE('',*,*,#1838,.T.);
#1902 = ORIENTED_EDGE('',*,*,#1868,.T.);
#1903 = B_SPLINE_SURFACE_WITH_KNOTS('',1,1,(
    (#1904,#1905)
    ,(#1906,#1907
    )),.UNSPECIFIED.,.F.,.F.,.F.,(2,2),(2,2),(-20.395745,20.395745),(
    -15.305815,15.305815),.PIECEWISE_BEZIER_KNOTS.);
#1904 = CARTESIAN_POINT('',(69.889664,-33.51243,2.06));
#1905 = CARTESIAN_POINT('',(69.889664,-2.9008,2.06));
#1906 = CARTESIAN_POINT('',(29.098174,-33.51243,2.06));
#1907 = CARTESIAN_POINT('',(29.098174,-2.9008,2.06));
#1908 = ( GEOMETRIC_REPRESENTATION_CONTEXT(3) 
GLOBAL_UNCERTAINTY_ASSIGNED_CONTEXT((#1912)) 
GLOBAL_UNIT_ASSIGNED_CONTEXT((#1909,#1910,#1911)) REPRESENTATION_CONTEXT
('Context #1','3D Context with UNIT and UNCERTAINTY') );
#1909 = ( LENGTH_UNIT() NAMED_UNIT(*) SI_UNIT(.MILLI.,.METRE.) );
#1910 = ( NAMED_UNIT(*) PLANE_ANGLE_UNIT() SI_UNIT($,.RADIAN.) );
#1911 = ( NAMED_UNIT(*) SI_UNIT($,.STERADIAN.) SOLID_ANGLE_UNIT() );
#1912 = UNCERTAINTY_MEASURE_WITH_UNIT(LENGTH_MEASURE(1.E-07),#1909,
  'distance_accuracy_value','confusion accuracy');
#1913 = CONTEXT_DEPENDENT_SHAPE_REPRESENTATION(#1914,#1916);
#1914 = ( REPRESENTATION_RELATIONSHIP('','',#1761,#10) 
REPRESENTATION_RELATIONSHIP_WITH_TRANSFORMATION(#1915) 
SHAPE_REPRESENTATION_RELATIONSHIP() );
#1915 = ITEM_DEFINED_TRANSFORMATION('','',#11,#31);
#1916 = PRODUCT_DEFINITION_SHAPE('Placement','Placement of an item',
  #1917);
#1917 = NEXT_ASSEMBLY_USAGE_OCCURRENCE('5','Extrude','',#5,#1756,$);
#1918 = PRODUCT_RELATED_PRODUCT_CATEGORY('part',$,(#1758));
#1919 = SHAPE_DEFINITION_REPRESENTATION(#1920,#1926);
#1920 = PRODUCT_DEFINITION_SHAPE('','',#1921);
#1921 = PRODUCT_DEFINITION('design','',#1922,#1925);
#1922 = PRODUCT_DEFINITION_FORMATION('','',#1923);
#1923 = PRODUCT('Extrude002','Extrude002','',(#1924));
#1924 = PRODUCT_CONTEXT('',#2,'mechanical');
#1925 = PRODUCT_DEFINITION_CONTEXT('part definition',#2,'design');
#1926 = ADVANCED_BREP_SHAPE_REPRESENTATION('',(#11,#1927),#4229);
#1927 = MANIFOLD_SOLID_BREP('',#1928);
#1928 = CLOSED_SHELL('',(#1929,#1974,#2004,#2040,#2070,#2106,#2136,#2172
    ,#2202,#2232,#2262,#2298,#2328,#2364,#2394,#2430,#2460,#2496,#2526,
    #2562,#2598,#2628,#2658,#2688,#2724,#2760,#2796,#2826,#2862,#2892,
    #2928,#2958,#2994,#3024,#3060,#3090,#3126,#3162,#3192,#3222,#3252,
    #3282,#3318,#3348,#3384,#3420,#3450,#3486,#3516,#3552,#3582,#3618,
    #3648,#3684,#3720,#3756,#3792,#3828,#3864,#3900,#3930,#3960,#3990,
    #4026,#4062,#4083,#4156));
#1929 = ADVANCED_FACE('',(#1930),#1966,.F.);
#1930 = FACE_BOUND('',#1931,.F.);
#1931 = EDGE_LOOP('',(#1932,#1942,#1951,#1959));
#1932 = ORIENTED_EDGE('',*,*,#1933,.T.);
#1933 = EDGE_CURVE('',#1934,#1936,#1938,.T.);
#1934 = VERTEX_POINT('',#1935);
#1935 = CARTESIAN_POINT('',(21.04471,0.,0.));
#1936 = VERTEX_POINT('',#1937);
#1937 = CARTESIAN_POINT('',(21.04471,0.,2.05));
#1938 = LINE('',#1939,#1940);
#1939 = CARTESIAN_POINT('',(21.04471,0.,0.));
#1940 = VECTOR('',#1941,1.);
#1941 = DIRECTION('',(0.,0.,1.));
#1942 = ORIENTED_EDGE('',*,*,#1943,.T.);
#1943 = EDGE_CURVE('',#1936,#1944,#1946,.T.);
#1944 = VERTEX_POINT('',#1945);
#1945 = CARTESIAN_POINT('',(21.00492,-7.2347E-03,2.05));
#1946 = B_SPLINE_CURVE_WITH_KNOTS('',3,(#1947,#1948,#1949,#1950),
  .UNSPECIFIED.,.F.,.F.,(4,4),(0.,1.),.PIECEWISE_BEZIER_KNOTS.);
#1947 = CARTESIAN_POINT('',(21.04471,0.,2.05));
#1948 = CARTESIAN_POINT('',(21.03111,1.1305544E-04,2.05));
#1949 = CARTESIAN_POINT('',(21.01761,-2.34146E-03,2.05));
#1950 = CARTESIAN_POINT('',(21.00492,-7.2347E-03,2.05));
#1951 = ORIENTED_EDGE('',*,*,#1952,.F.);
#1952 = EDGE_CURVE('',#1953,#1944,#1955,.T.);
#1953 = VERTEX_POINT('',#1954);
#1954 = CARTESIAN_POINT('',(21.00492,-7.2347E-03,0.));
#1955 = LINE('',#1956,#1957);
#1956 = CARTESIAN_POINT('',(21.00492,-7.2347E-03,0.));
#1957 = VECTOR('',#1958,1.);
#1958 = DIRECTION('',(0.,0.,1.));
#1959 = ORIENTED_EDGE('',*,*,#1960,.F.);
#1960 = EDGE_CURVE('',#1934,#1953,#1961,.T.);
#1961 = B_SPLINE_CURVE_WITH_KNOTS('',3,(#1962,#1963,#1964,#1965),
  .UNSPECIFIED.,.F.,.F.,(4,4),(0.,1.),.PIECEWISE_BEZIER_KNOTS.);
#1962 = CARTESIAN_POINT('',(21.04471,0.,0.));
#1963 = CARTESIAN_POINT('',(21.03111,1.1305544E-04,0.));
#1964 = CARTESIAN_POINT('',(21.01761,-2.34146E-03,0.));
#1965 = CARTESIAN_POINT('',(21.00492,-7.2347E-03,0.));
#1966 = SURFACE_OF_LINEAR_EXTRUSION('',#1967,#1972);
#1967 = B_SPLINE_CURVE_WITH_KNOTS('',3,(#1968,#1969,#1970,#1971),
  .UNSPECIFIED.,.F.,.F.,(4,4),(0.,1.),.PIECEWISE_BEZIER_KNOTS.);
#1968 = CARTESIAN_POINT('',(21.04471,0.,0.));
#1969 = CARTESIAN_POINT('',(21.03111,1.1305544E-04,0.));
#1970 = CARTESIAN_POINT('',(21.01761,-2.34146E-03,0.));
#1971 = CARTESIAN_POINT('',(21.00492,-7.2347E-03,0.));
#1972 = VECTOR('',#1973,1.);
#1973 = DIRECTION('',(-0.,-0.,-1.));
#1974 = ADVANCED_FACE('',(#1975),#1998,.F.);
#1975 = FACE_BOUND('',#1976,.F.);
#1976 = EDGE_LOOP('',(#1977,#1978,#1985,#1993));
#1977 = ORIENTED_EDGE('',*,*,#1952,.T.);
#1978 = ORIENTED_EDGE('',*,*,#1979,.T.);
#1979 = EDGE_CURVE('',#1944,#1980,#1982,.T.);
#1980 = VERTEX_POINT('',#1981);
#1981 = CARTESIAN_POINT('',(20.875213,-3.927409E-02,2.05));
#1982 = B_SPLINE_CURVE_WITH_KNOTS('',1,(#1983,#1984),.UNSPECIFIED.,.F.,
  .F.,(2,2),(0.,0.133605495248),.PIECEWISE_BEZIER_KNOTS.);
#1983 = CARTESIAN_POINT('',(21.00492,-7.2347E-03,2.05));
#1984 = CARTESIAN_POINT('',(20.875213,-3.927409E-02,2.05));
#1985 = ORIENTED_EDGE('',*,*,#1986,.F.);
#1986 = EDGE_CURVE('',#1987,#1980,#1989,.T.);
#1987 = VERTEX_POINT('',#1988);
#1988 = CARTESIAN_POINT('',(20.875213,-3.927409E-02,0.));
#1989 = LINE('',#1990,#1991);
#1990 = CARTESIAN_POINT('',(20.875213,-3.927409E-02,0.));
#1991 = VECTOR('',#1992,1.);
#1992 = DIRECTION('',(0.,0.,1.));
#1993 = ORIENTED_EDGE('',*,*,#1994,.F.);
#1994 = EDGE_CURVE('',#1953,#1987,#1995,.T.);
#1995 = B_SPLINE_CURVE_WITH_KNOTS('',1,(#1996,#1997),.UNSPECIFIED.,.F.,
  .F.,(2,2),(0.,0.133605495248),.PIECEWISE_BEZIER_KNOTS.);
#1996 = CARTESIAN_POINT('',(21.00492,-7.2347E-03,0.));
#1997 = CARTESIAN_POINT('',(20.875213,-3.927409E-02,0.));
#1998 = SURFACE_OF_LINEAR_EXTRUSION('',#1999,#2002);
#1999 = B_SPLINE_CURVE_WITH_KNOTS('',1,(#2000,#2001),.UNSPECIFIED.,.F.,
  .F.,(2,2),(0.,0.133605495248),.PIECEWISE_BEZIER_KNOTS.);
#2000 = CARTESIAN_POINT('',(21.00492,-7.2347E-03,0.));
#2001 = CARTESIAN_POINT('',(20.875213,-3.927409E-02,0.));
#2002 = VECTOR('',#2003,1.);
#2003 = DIRECTION('',(-0.,-0.,-1.));
#2004 = ADVANCED_FACE('',(#2005),#2032,.F.);
#2005 = FACE_BOUND('',#2006,.F.);
#2006 = EDGE_LOOP('',(#2007,#2008,#2017,#2025));
#2007 = ORIENTED_EDGE('',*,*,#1986,.T.);
#2008 = ORIENTED_EDGE('',*,*,#2009,.T.);
#2009 = EDGE_CURVE('',#1980,#2010,#2012,.T.);
#2010 = VERTEX_POINT('',#2011);
#2011 = CARTESIAN_POINT('',(20.824053,-6.821289E-02,2.05));
#2012 = B_SPLINE_CURVE_WITH_KNOTS('',3,(#2013,#2014,#2015,#2016),
  .UNSPECIFIED.,.F.,.F.,(4,4),(0.,1.),.PIECEWISE_BEZIER_KNOTS.);
#2013 = CARTESIAN_POINT('',(20.875213,-3.927409E-02,2.05));
#2014 = CARTESIAN_POINT('',(20.855813,-4.401079E-02,2.05));
#2015 = CARTESIAN_POINT('',(20.838103,-5.40272E-02,2.05));
#2016 = CARTESIAN_POINT('',(20.824053,-6.821289E-02,2.05));
#2017 = ORIENTED_EDGE('',*,*,#2018,.F.);
#2018 = EDGE_CURVE('',#2019,#2010,#2021,.T.);
#2019 = VERTEX_POINT('',#2020);
#2020 = CARTESIAN_POINT('',(20.824053,-6.821289E-02,0.));
#2021 = LINE('',#2022,#2023);
#2022 = CARTESIAN_POINT('',(20.824053,-6.821289E-02,0.));
#2023 = VECTOR('',#2024,1.);
#2024 = DIRECTION('',(0.,0.,1.));
#2025 = ORIENTED_EDGE('',*,*,#2026,.F.);
#2026 = EDGE_CURVE('',#1987,#2019,#2027,.T.);
#2027 = B_SPLINE_CURVE_WITH_KNOTS('',3,(#2028,#2029,#2030,#2031),
  .UNSPECIFIED.,.F.,.F.,(4,4),(0.,1.),.PIECEWISE_BEZIER_KNOTS.);
#2028 = CARTESIAN_POINT('',(20.875213,-3.927409E-02,0.));
#2029 = CARTESIAN_POINT('',(20.855813,-4.401079E-02,0.));
#2030 = CARTESIAN_POINT('',(20.838103,-5.40272E-02,0.));
#2031 = CARTESIAN_POINT('',(20.824053,-6.821289E-02,0.));
#2032 = SURFACE_OF_LINEAR_EXTRUSION('',#2033,#2038);
#2033 = B_SPLINE_CURVE_WITH_KNOTS('',3,(#2034,#2035,#2036,#2037),
  .UNSPECIFIED.,.F.,.F.,(4,4),(0.,1.),.PIECEWISE_BEZIER_KNOTS.);
#2034 = CARTESIAN_POINT('',(20.875213,-3.927409E-02,0.));
#2035 = CARTESIAN_POINT('',(20.855813,-4.401079E-02,0.));
#2036 = CARTESIAN_POINT('',(20.838103,-5.40272E-02,0.));
#2037 = CARTESIAN_POINT('',(20.824053,-6.821289E-02,0.));
#2038 = VECTOR('',#2039,1.);
#2039 = DIRECTION('',(-0.,-0.,-1.));
#2040 = ADVANCED_FACE('',(#2041),#2064,.F.);
#2041 = FACE_BOUND('',#2042,.F.);
#2042 = EDGE_LOOP('',(#2043,#2044,#2051,#2059));
#2043 = ORIENTED_EDGE('',*,*,#2018,.T.);
#2044 = ORIENTED_EDGE('',*,*,#2045,.T.);
#2045 = EDGE_CURVE('',#2010,#2046,#2048,.T.);
#2046 = VERTEX_POINT('',#2047);
#2047 = CARTESIAN_POINT('',(20.715016,-0.17569987,2.05));
#2048 = B_SPLINE_CURVE_WITH_KNOTS('',1,(#2049,#2050),.UNSPECIFIED.,.F.,
  .F.,(2,2),(0.,0.153109497545),.PIECEWISE_BEZIER_KNOTS.);
#2049 = CARTESIAN_POINT('',(20.824053,-6.821289E-02,2.05));
#2050 = CARTESIAN_POINT('',(20.715016,-0.17569987,2.05));
#2051 = ORIENTED_EDGE('',*,*,#2052,.F.);
#2052 = EDGE_CURVE('',#2053,#2046,#2055,.T.);
#2053 = VERTEX_POINT('',#2054);
#2054 = CARTESIAN_POINT('',(20.715016,-0.17569987,0.));
#2055 = LINE('',#2056,#2057);
#2056 = CARTESIAN_POINT('',(20.715016,-0.17569987,0.));
#2057 = VECTOR('',#2058,1.);
#2058 = DIRECTION('',(0.,0.,1.));
#2059 = ORIENTED_EDGE('',*,*,#2060,.F.);
#2060 = EDGE_CURVE('',#2019,#2053,#2061,.T.);
#2061 = B_SPLINE_CURVE_WITH_KNOTS('',1,(#2062,#2063),.UNSPECIFIED.,.F.,
  .F.,(2,2),(0.,0.153109497545),.PIECEWISE_BEZIER_KNOTS.);
#2062 = CARTESIAN_POINT('',(20.824053,-6.821289E-02,0.));
#2063 = CARTESIAN_POINT('',(20.715016,-0.17569987,0.));
#2064 = SURFACE_OF_LINEAR_EXTRUSION('',#2065,#2068);
#2065 = B_SPLINE_CURVE_WITH_KNOTS('',1,(#2066,#2067),.UNSPECIFIED.,.F.,
  .F.,(2,2),(0.,0.153109497545),.PIECEWISE_BEZIER_KNOTS.);
#2066 = CARTESIAN_POINT('',(20.824053,-6.821289E-02,0.));
#2067 = CARTESIAN_POINT('',(20.715016,-0.17569987,0.));
#2068 = VECTOR('',#2069,1.);
#2069 = DIRECTION('',(-0.,-0.,-1.));
#2070 = ADVANCED_FACE('',(#2071),#2098,.F.);
#2071 = FACE_BOUND('',#2072,.F.);
#2072 = EDGE_LOOP('',(#2073,#2074,#2083,#2091));
#2073 = ORIENTED_EDGE('',*,*,#2052,.T.);
#2074 = ORIENTED_EDGE('',*,*,#2075,.T.);
#2075 = EDGE_CURVE('',#2046,#2076,#2078,.T.);
#2076 = VERTEX_POINT('',#2077);
#2077 = CARTESIAN_POINT('',(20.689696,-0.21859127,2.05));
#2078 = B_SPLINE_CURVE_WITH_KNOTS('',3,(#2079,#2080,#2081,#2082),
  .UNSPECIFIED.,.F.,.F.,(4,4),(0.,1.),.PIECEWISE_BEZIER_KNOTS.);
#2079 = CARTESIAN_POINT('',(20.715016,-0.17569987,2.05));
#2080 = CARTESIAN_POINT('',(20.703356,-0.18783137,2.05));
#2081 = CARTESIAN_POINT('',(20.694686,-0.20251827,2.05));
#2082 = CARTESIAN_POINT('',(20.689696,-0.21859127,2.05));
#2083 = ORIENTED_EDGE('',*,*,#2084,.F.);
#2084 = EDGE_CURVE('',#2085,#2076,#2087,.T.);
#2085 = VERTEX_POINT('',#2086);
#2086 = CARTESIAN_POINT('',(20.689696,-0.21859127,0.));
#2087 = LINE('',#2088,#2089);
#2088 = CARTESIAN_POINT('',(20.689696,-0.21859127,0.));
#2089 = VECTOR('',#2090,1.);
#2090 = DIRECTION('',(0.,0.,1.));
#2091 = ORIENTED_EDGE('',*,*,#2092,.F.);
#2092 = EDGE_CURVE('',#2053,#2085,#2093,.T.);
#2093 = B_SPLINE_CURVE_WITH_KNOTS('',3,(#2094,#2095,#2096,#2097),
  .UNSPECIFIED.,.F.,.F.,(4,4),(0.,1.),.PIECEWISE_BEZIER_KNOTS.);
#2094 = CARTESIAN_POINT('',(20.715016,-0.17569987,0.));
#2095 = CARTESIAN_POINT('',(20.703356,-0.18783137,0.));
#2096 = CARTESIAN_POINT('',(20.694686,-0.20251827,0.));
#2097 = CARTESIAN_POINT('',(20.689696,-0.21859127,0.));
#2098 = SURFACE_OF_LINEAR_EXTRUSION('',#2099,#2104);
#2099 = B_SPLINE_CURVE_WITH_KNOTS('',3,(#2100,#2101,#2102,#2103),
  .UNSPECIFIED.,.F.,.F.,(4,4),(0.,1.),.PIECEWISE_BEZIER_KNOTS.);
#2100 = CARTESIAN_POINT('',(20.715016,-0.17569987,0.));
#2101 = CARTESIAN_POINT('',(20.703356,-0.18783137,0.));
#2102 = CARTESIAN_POINT('',(20.694686,-0.20251827,0.));
#2103 = CARTESIAN_POINT('',(20.689696,-0.21859127,0.));
#2104 = VECTOR('',#2105,1.);
#2105 = DIRECTION('',(-0.,-0.,-1.));
#2106 = ADVANCED_FACE('',(#2107),#2130,.F.);
#2107 = FACE_BOUND('',#2108,.F.);
#2108 = EDGE_LOOP('',(#2109,#2110,#2117,#2125));
#2109 = ORIENTED_EDGE('',*,*,#2084,.T.);
#2110 = ORIENTED_EDGE('',*,*,#2111,.T.);
#2111 = EDGE_CURVE('',#2076,#2112,#2114,.T.);
#2112 = VERTEX_POINT('',#2113);
#2113 = CARTESIAN_POINT('',(20.634916,-0.38085527,2.05));
#2114 = B_SPLINE_CURVE_WITH_KNOTS('',1,(#2115,#2116),.UNSPECIFIED.,.F.,
  .F.,(2,2),(0.,0.171261361947),.PIECEWISE_BEZIER_KNOTS.);
#2115 = CARTESIAN_POINT('',(20.689696,-0.21859127,2.05));
#2116 = CARTESIAN_POINT('',(20.634916,-0.38085527,2.05));
#2117 = ORIENTED_EDGE('',*,*,#2118,.F.);
#2118 = EDGE_CURVE('',#2119,#2112,#2121,.T.);
#2119 = VERTEX_POINT('',#2120);
#2120 = CARTESIAN_POINT('',(20.634916,-0.38085527,0.));
#2121 = LINE('',#2122,#2123);
#2122 = CARTESIAN_POINT('',(20.634916,-0.38085527,0.));
#2123 = VECTOR('',#2124,1.);
#2124 = DIRECTION('',(0.,0.,1.));
#2125 = ORIENTED_EDGE('',*,*,#2126,.F.);
#2126 = EDGE_CURVE('',#2085,#2119,#2127,.T.);
#2127 = B_SPLINE_CURVE_WITH_KNOTS('',1,(#2128,#2129),.UNSPECIFIED.,.F.,
  .F.,(2,2),(0.,0.171261361947),.PIECEWISE_BEZIER_KNOTS.);
#2128 = CARTESIAN_POINT('',(20.689696,-0.21859127,0.));
#2129 = CARTESIAN_POINT('',(20.634916,-0.38085527,0.));
#2130 = SURFACE_OF_LINEAR_EXTRUSION('',#2131,#2134);
#2131 = B_SPLINE_CURVE_WITH_KNOTS('',1,(#2132,#2133),.UNSPECIFIED.,.F.,
  .F.,(2,2),(0.,0.171261361947),.PIECEWISE_BEZIER_KNOTS.);
#2132 = CARTESIAN_POINT('',(20.689696,-0.21859127,0.));
#2133 = CARTESIAN_POINT('',(20.634916,-0.38085527,0.));
#2134 = VECTOR('',#2135,1.);
#2135 = DIRECTION('',(-0.,-0.,-1.));
#2136 = ADVANCED_FACE('',(#2137),#2164,.F.);
#2137 = FACE_BOUND('',#2138,.F.);
#2138 = EDGE_LOOP('',(#2139,#2140,#2149,#2157));
#2139 = ORIENTED_EDGE('',*,*,#2118,.T.);
#2140 = ORIENTED_EDGE('',*,*,#2141,.T.);
#2141 = EDGE_CURVE('',#2112,#2142,#2144,.T.);
#2142 = VERTEX_POINT('',#2143);
#2143 = CARTESIAN_POINT('',(20.630816,-0.43356527,2.05));
#2144 = B_SPLINE_CURVE_WITH_KNOTS('',3,(#2145,#2146,#2147,#2148),
  .UNSPECIFIED.,.F.,.F.,(4,4),(0.,1.),.PIECEWISE_BEZIER_KNOTS.);
#2145 = CARTESIAN_POINT('',(20.634916,-0.38085527,2.05));
#2146 = CARTESIAN_POINT('',(20.629216,-0.39781227,2.05));
#2147 = CARTESIAN_POINT('',(20.627816,-0.41592387,2.05));
#2148 = CARTESIAN_POINT('',(20.630816,-0.43356527,2.05));
#2149 = ORIENTED_EDGE('',*,*,#2150,.F.);
#2150 = EDGE_CURVE('',#2151,#2142,#2153,.T.);
#2151 = VERTEX_POINT('',#2152);
#2152 = CARTESIAN_POINT('',(20.630816,-0.43356527,0.));
#2153 = LINE('',#2154,#2155);
#2154 = CARTESIAN_POINT('',(20.630816,-0.43356527,0.));
#2155 = VECTOR('',#2156,1.);
#2156 = DIRECTION('',(0.,0.,1.));
#2157 = ORIENTED_EDGE('',*,*,#2158,.F.);
#2158 = EDGE_CURVE('',#2119,#2151,#2159,.T.);
#2159 = B_SPLINE_CURVE_WITH_KNOTS('',3,(#2160,#2161,#2162,#2163),
  .UNSPECIFIED.,.F.,.F.,(4,4),(0.,1.),.PIECEWISE_BEZIER_KNOTS.);
#2160 = CARTESIAN_POINT('',(20.634916,-0.38085527,0.));
#2161 = CARTESIAN_POINT('',(20.629216,-0.39781227,0.));
#2162 = CARTESIAN_POINT('',(20.627816,-0.41592387,0.));
#2163 = CARTESIAN_POINT('',(20.630816,-0.43356527,0.));
#2164 = SURFACE_OF_LINEAR_EXTRUSION('',#2165,#2170);
#2165 = B_SPLINE_CURVE_WITH_KNOTS('',3,(#2166,#2167,#2168,#2169),
  .UNSPECIFIED.,.F.,.F.,(4,4),(0.,1.),.PIECEWISE_BEZIER_KNOTS.);
#2166 = CARTESIAN_POINT('',(20.634916,-0.38085527,0.));
#2167 = CARTESIAN_POINT('',(20.629216,-0.39781227,0.));
#2168 = CARTESIAN_POINT('',(20.627816,-0.41592387,0.));
#2169 = CARTESIAN_POINT('',(20.630816,-0.43356527,0.));
#2170 = VECTOR('',#2171,1.);
#2171 = DIRECTION('',(-0.,-0.,-1.));
#2172 = ADVANCED_FACE('',(#2173),#2196,.F.);
#2173 = FACE_BOUND('',#2174,.F.);
#2174 = EDGE_LOOP('',(#2175,#2176,#2183,#2191));
#2175 = ORIENTED_EDGE('',*,*,#2150,.T.);
#2176 = ORIENTED_EDGE('',*,*,#2177,.T.);
#2177 = EDGE_CURVE('',#2142,#2178,#2180,.T.);
#2178 = VERTEX_POINT('',#2179);
#2179 = CARTESIAN_POINT('',(20.630816,-1.6035197,2.05));
#2180 = B_SPLINE_CURVE_WITH_KNOTS('',1,(#2181,#2182),.UNSPECIFIED.,.F.,
  .F.,(2,2),(0.,1.16995443),.PIECEWISE_BEZIER_KNOTS.);
#2181 = CARTESIAN_POINT('',(20.630816,-0.43356527,2.05));
#2182 = CARTESIAN_POINT('',(20.630816,-1.6035197,2.05));
#2183 = ORIENTED_EDGE('',*,*,#2184,.F.);
#2184 = EDGE_CURVE('',#2185,#2178,#2187,.T.);
#2185 = VERTEX_POINT('',#2186);
#2186 = CARTESIAN_POINT('',(20.630816,-1.6035197,0.));
#2187 = LINE('',#2188,#2189);
#2188 = CARTESIAN_POINT('',(20.630816,-1.6035197,0.));
#2189 = VECTOR('',#2190,1.);
#2190 = DIRECTION('',(0.,0.,1.));
#2191 = ORIENTED_EDGE('',*,*,#2192,.F.);
#2192 = EDGE_CURVE('',#2151,#2185,#2193,.T.);
#2193 = B_SPLINE_CURVE_WITH_KNOTS('',1,(#2194,#2195),.UNSPECIFIED.,.F.,
  .F.,(2,2),(0.,1.16995443),.PIECEWISE_BEZIER_KNOTS.);
#2194 = CARTESIAN_POINT('',(20.630816,-0.43356527,0.));
#2195 = CARTESIAN_POINT('',(20.630816,-1.6035197,0.));
#2196 = SURFACE_OF_LINEAR_EXTRUSION('',#2197,#2200);
#2197 = B_SPLINE_CURVE_WITH_KNOTS('',1,(#2198,#2199),.UNSPECIFIED.,.F.,
  .F.,(2,2),(0.,1.16995443),.PIECEWISE_BEZIER_KNOTS.);
#2198 = CARTESIAN_POINT('',(20.630816,-0.43356527,0.));
#2199 = CARTESIAN_POINT('',(20.630816,-1.6035197,0.));
#2200 = VECTOR('',#2201,1.);
#2201 = DIRECTION('',(-0.,-0.,-1.));
#2202 = ADVANCED_FACE('',(#2203),#2226,.F.);
#2203 = FACE_BOUND('',#2204,.F.);
#2204 = EDGE_LOOP('',(#2205,#2206,#2213,#2221));
#2205 = ORIENTED_EDGE('',*,*,#2184,.T.);
#2206 = ORIENTED_EDGE('',*,*,#2207,.T.);
#2207 = EDGE_CURVE('',#2178,#2208,#2210,.T.);
#2208 = VERTEX_POINT('',#2209);
#2209 = CARTESIAN_POINT('',(20.630816,-34.810795,2.05));
#2210 = B_SPLINE_CURVE_WITH_KNOTS('',1,(#2211,#2212),.UNSPECIFIED.,.F.,
  .F.,(2,2),(0.,33.2072753),.PIECEWISE_BEZIER_KNOTS.);
#2211 = CARTESIAN_POINT('',(20.630816,-1.6035197,2.05));
#2212 = CARTESIAN_POINT('',(20.630816,-34.810795,2.05));
#2213 = ORIENTED_EDGE('',*,*,#2214,.F.);
#2214 = EDGE_CURVE('',#2215,#2208,#2217,.T.);
#2215 = VERTEX_POINT('',#2216);
#2216 = CARTESIAN_POINT('',(20.630816,-34.810795,0.));
#2217 = LINE('',#2218,#2219);
#2218 = CARTESIAN_POINT('',(20.630816,-34.810795,0.));
#2219 = VECTOR('',#2220,1.);
#2220 = DIRECTION('',(0.,0.,1.));
#2221 = ORIENTED_EDGE('',*,*,#2222,.F.);
#2222 = EDGE_CURVE('',#2185,#2215,#2223,.T.);
#2223 = B_SPLINE_CURVE_WITH_KNOTS('',1,(#2224,#2225),.UNSPECIFIED.,.F.,
  .F.,(2,2),(0.,33.2072753),.PIECEWISE_BEZIER_KNOTS.);
#2224 = CARTESIAN_POINT('',(20.630816,-1.6035197,0.));
#2225 = CARTESIAN_POINT('',(20.630816,-34.810795,0.));
#2226 = SURFACE_OF_LINEAR_EXTRUSION('',#2227,#2230);
#2227 = B_SPLINE_CURVE_WITH_KNOTS('',1,(#2228,#2229),.UNSPECIFIED.,.F.,
  .F.,(2,2),(0.,33.2072753),.PIECEWISE_BEZIER_KNOTS.);
#2228 = CARTESIAN_POINT('',(20.630816,-1.6035197,0.));
#2229 = CARTESIAN_POINT('',(20.630816,-34.810795,0.));
#2230 = VECTOR('',#2231,1.);
#2231 = DIRECTION('',(-0.,-0.,-1.));
#2232 = ADVANCED_FACE('',(#2233),#2256,.F.);
#2233 = FACE_BOUND('',#2234,.F.);
#2234 = EDGE_LOOP('',(#2235,#2236,#2243,#2251));
#2235 = ORIENTED_EDGE('',*,*,#2214,.T.);
#2236 = ORIENTED_EDGE('',*,*,#2237,.T.);
#2237 = EDGE_CURVE('',#2208,#2238,#2240,.T.);
#2238 = VERTEX_POINT('',#2239);
#2239 = CARTESIAN_POINT('',(20.630816,-35.980233,2.05));
#2240 = B_SPLINE_CURVE_WITH_KNOTS('',1,(#2241,#2242),.UNSPECIFIED.,.F.,
  .F.,(2,2),(0.,1.169438),.PIECEWISE_BEZIER_KNOTS.);
#2241 = CARTESIAN_POINT('',(20.630816,-34.810795,2.05));
#2242 = CARTESIAN_POINT('',(20.630816,-35.980233,2.05));
#2243 = ORIENTED_EDGE('',*,*,#2244,.F.);
#2244 = EDGE_CURVE('',#2245,#2238,#2247,.T.);
#2245 = VERTEX_POINT('',#2246);
#2246 = CARTESIAN_POINT('',(20.630816,-35.980233,0.));
#2247 = LINE('',#2248,#2249);
#2248 = CARTESIAN_POINT('',(20.630816,-35.980233,0.));
#2249 = VECTOR('',#2250,1.);
#2250 = DIRECTION('',(0.,0.,1.));
#2251 = ORIENTED_EDGE('',*,*,#2252,.F.);
#2252 = EDGE_CURVE('',#2215,#2245,#2253,.T.);
#2253 = B_SPLINE_CURVE_WITH_KNOTS('',1,(#2254,#2255),.UNSPECIFIED.,.F.,
  .F.,(2,2),(0.,1.169438),.PIECEWISE_BEZIER_KNOTS.);
#2254 = CARTESIAN_POINT('',(20.630816,-34.810795,0.));
#2255 = CARTESIAN_POINT('',(20.630816,-35.980233,0.));
#2256 = SURFACE_OF_LINEAR_EXTRUSION('',#2257,#2260);
#2257 = B_SPLINE_CURVE_WITH_KNOTS('',1,(#2258,#2259),.UNSPECIFIED.,.F.,
  .F.,(2,2),(0.,1.169438),.PIECEWISE_BEZIER_KNOTS.);
#2258 = CARTESIAN_POINT('',(20.630816,-34.810795,0.));
#2259 = CARTESIAN_POINT('',(20.630816,-35.980233,0.));
#2260 = VECTOR('',#2261,1.);
#2261 = DIRECTION('',(-0.,-0.,-1.));
#2262 = ADVANCED_FACE('',(#2263),#2290,.F.);
#2263 = FACE_BOUND('',#2264,.F.);
#2264 = EDGE_LOOP('',(#2265,#2266,#2275,#2283));
#2265 = ORIENTED_EDGE('',*,*,#2244,.T.);
#2266 = ORIENTED_EDGE('',*,*,#2267,.T.);
#2267 = EDGE_CURVE('',#2238,#2268,#2270,.T.);
#2268 = VERTEX_POINT('',#2269);
#2269 = CARTESIAN_POINT('',(20.634916,-36.033463,2.05));
#2270 = B_SPLINE_CURVE_WITH_KNOTS('',3,(#2271,#2272,#2273,#2274),
  .UNSPECIFIED.,.F.,.F.,(4,4),(0.,1.),.PIECEWISE_BEZIER_KNOTS.);
#2271 = CARTESIAN_POINT('',(20.630816,-35.980233,2.05));
#2272 = CARTESIAN_POINT('',(20.627716,-35.998043,2.05));
#2273 = CARTESIAN_POINT('',(20.629116,-36.016343,2.05));
#2274 = CARTESIAN_POINT('',(20.634916,-36.033463,2.05));
#2275 = ORIENTED_EDGE('',*,*,#2276,.F.);
#2276 = EDGE_CURVE('',#2277,#2268,#2279,.T.);
#2277 = VERTEX_POINT('',#2278);
#2278 = CARTESIAN_POINT('',(20.634916,-36.033463,0.));
#2279 = LINE('',#2280,#2281);
#2280 = CARTESIAN_POINT('',(20.634916,-36.033463,0.));
#2281 = VECTOR('',#2282,1.);
#2282 = DIRECTION('',(0.,0.,1.));
#2283 = ORIENTED_EDGE('',*,*,#2284,.F.);
#2284 = EDGE_CURVE('',#2245,#2277,#2285,.T.);
#2285 = B_SPLINE_CURVE_WITH_KNOTS('',3,(#2286,#2287,#2288,#2289),
  .UNSPECIFIED.,.F.,.F.,(4,4),(0.,1.),.PIECEWISE_BEZIER_KNOTS.);
#2286 = CARTESIAN_POINT('',(20.630816,-35.980233,0.));
#2287 = CARTESIAN_POINT('',(20.627716,-35.998043,0.));
#2288 = CARTESIAN_POINT('',(20.629116,-36.016343,0.));
#2289 = CARTESIAN_POINT('',(20.634916,-36.033463,0.));
#2290 = SURFACE_OF_LINEAR_EXTRUSION('',#2291,#2296);
#2291 = B_SPLINE_CURVE_WITH_KNOTS('',3,(#2292,#2293,#2294,#2295),
  .UNSPECIFIED.,.F.,.F.,(4,4),(0.,1.),.PIECEWISE_BEZIER_KNOTS.);
#2292 = CARTESIAN_POINT('',(20.630816,-35.980233,0.));
#2293 = CARTESIAN_POINT('',(20.627716,-35.998043,0.));
#2294 = CARTESIAN_POINT('',(20.629116,-36.016343,0.));
#2295 = CARTESIAN_POINT('',(20.634916,-36.033463,0.));
#2296 = VECTOR('',#2297,1.);
#2297 = DIRECTION('',(-0.,-0.,-1.));
#2298 = ADVANCED_FACE('',(#2299),#2322,.F.);
#2299 = FACE_BOUND('',#2300,.F.);
#2300 = EDGE_LOOP('',(#2301,#2302,#2309,#2317));
#2301 = ORIENTED_EDGE('',*,*,#2276,.T.);
#2302 = ORIENTED_EDGE('',*,*,#2303,.T.);
#2303 = EDGE_CURVE('',#2268,#2304,#2306,.T.);
#2304 = VERTEX_POINT('',#2305);
#2305 = CARTESIAN_POINT('',(20.689696,-36.195211,2.05));
#2306 = B_SPLINE_CURVE_WITH_KNOTS('',1,(#2307,#2308),.UNSPECIFIED.,.F.,
  .F.,(2,2),(0.,0.170772550206),.PIECEWISE_BEZIER_KNOTS.);
#2307 = CARTESIAN_POINT('',(20.634916,-36.033463,2.05));
#2308 = CARTESIAN_POINT('',(20.689696,-36.195211,2.05));
#2309 = ORIENTED_EDGE('',*,*,#2310,.F.);
#2310 = EDGE_CURVE('',#2311,#2304,#2313,.T.);
#2311 = VERTEX_POINT('',#2312);
#2312 = CARTESIAN_POINT('',(20.689696,-36.195211,0.));
#2313 = LINE('',#2314,#2315);
#2314 = CARTESIAN_POINT('',(20.689696,-36.195211,0.));
#2315 = VECTOR('',#2316,1.);
#2316 = DIRECTION('',(0.,0.,1.));
#2317 = ORIENTED_EDGE('',*,*,#2318,.F.);
#2318 = EDGE_CURVE('',#2277,#2311,#2319,.T.);
#2319 = B_SPLINE_CURVE_WITH_KNOTS('',1,(#2320,#2321),.UNSPECIFIED.,.F.,
  .F.,(2,2),(0.,0.170772550206),.PIECEWISE_BEZIER_KNOTS.);
#2320 = CARTESIAN_POINT('',(20.634916,-36.033463,0.));
#2321 = CARTESIAN_POINT('',(20.689696,-36.195211,0.));
#2322 = SURFACE_OF_LINEAR_EXTRUSION('',#2323,#2326);
#2323 = B_SPLINE_CURVE_WITH_KNOTS('',1,(#2324,#2325),.UNSPECIFIED.,.F.,
  .F.,(2,2),(0.,0.170772550206),.PIECEWISE_BEZIER_KNOTS.);
#2324 = CARTESIAN_POINT('',(20.634916,-36.033463,0.));
#2325 = CARTESIAN_POINT('',(20.689696,-36.195211,0.));
#2326 = VECTOR('',#2327,1.);
#2327 = DIRECTION('',(-0.,-0.,-1.));
#2328 = ADVANCED_FACE('',(#2329),#2356,.F.);
#2329 = FACE_BOUND('',#2330,.F.);
#2330 = EDGE_LOOP('',(#2331,#2332,#2341,#2349));
#2331 = ORIENTED_EDGE('',*,*,#2310,.T.);
#2332 = ORIENTED_EDGE('',*,*,#2333,.T.);
#2333 = EDGE_CURVE('',#2304,#2334,#2336,.T.);
#2334 = VERTEX_POINT('',#2335);
#2335 = CARTESIAN_POINT('',(20.715016,-36.238101,2.05));
#2336 = B_SPLINE_CURVE_WITH_KNOTS('',3,(#2337,#2338,#2339,#2340),
  .UNSPECIFIED.,.F.,.F.,(4,4),(0.,1.),.PIECEWISE_BEZIER_KNOTS.);
#2337 = CARTESIAN_POINT('',(20.689696,-36.195211,2.05));
#2338 = CARTESIAN_POINT('',(20.694696,-36.211281,2.05));
#2339 = CARTESIAN_POINT('',(20.703356,-36.225971,2.05));
#2340 = CARTESIAN_POINT('',(20.715016,-36.238101,2.05));
#2341 = ORIENTED_EDGE('',*,*,#2342,.F.);
#2342 = EDGE_CURVE('',#2343,#2334,#2345,.T.);
#2343 = VERTEX_POINT('',#2344);
#2344 = CARTESIAN_POINT('',(20.715016,-36.238101,0.));
#2345 = LINE('',#2346,#2347);
#2346 = CARTESIAN_POINT('',(20.715016,-36.238101,0.));
#2347 = VECTOR('',#2348,1.);
#2348 = DIRECTION('',(0.,0.,1.));
#2349 = ORIENTED_EDGE('',*,*,#2350,.F.);
#2350 = EDGE_CURVE('',#2311,#2343,#2351,.T.);
#2351 = B_SPLINE_CURVE_WITH_KNOTS('',3,(#2352,#2353,#2354,#2355),
  .UNSPECIFIED.,.F.,.F.,(4,4),(0.,1.),.PIECEWISE_BEZIER_KNOTS.);
#2352 = CARTESIAN_POINT('',(20.689696,-36.195211,0.));
#2353 = CARTESIAN_POINT('',(20.694696,-36.211281,0.));
#2354 = CARTESIAN_POINT('',(20.703356,-36.225971,0.));
#2355 = CARTESIAN_POINT('',(20.715016,-36.238101,0.));
#2356 = SURFACE_OF_LINEAR_EXTRUSION('',#2357,#2362);
#2357 = B_SPLINE_CURVE_WITH_KNOTS('',3,(#2358,#2359,#2360,#2361),
  .UNSPECIFIED.,.F.,.F.,(4,4),(0.,1.),.PIECEWISE_BEZIER_KNOTS.);
#2358 = CARTESIAN_POINT('',(20.689696,-36.195211,0.));
#2359 = CARTESIAN_POINT('',(20.694696,-36.211281,0.));
#2360 = CARTESIAN_POINT('',(20.703356,-36.225971,0.));
#2361 = CARTESIAN_POINT('',(20.715016,-36.238101,0.));
#2362 = VECTOR('',#2363,1.);
#2363 = DIRECTION('',(-0.,-0.,-1.));
#2364 = ADVANCED_FACE('',(#2365),#2388,.F.);
#2365 = FACE_BOUND('',#2366,.F.);
#2366 = EDGE_LOOP('',(#2367,#2368,#2375,#2383));
#2367 = ORIENTED_EDGE('',*,*,#2342,.T.);
#2368 = ORIENTED_EDGE('',*,*,#2369,.T.);
#2369 = EDGE_CURVE('',#2334,#2370,#2372,.T.);
#2370 = VERTEX_POINT('',#2371);
#2371 = CARTESIAN_POINT('',(20.824053,-36.345588,2.05));
#2372 = B_SPLINE_CURVE_WITH_KNOTS('',1,(#2373,#2374),.UNSPECIFIED.,.F.,
  .F.,(2,2),(0.,0.153109511586),.PIECEWISE_BEZIER_KNOTS.);
#2373 = CARTESIAN_POINT('',(20.715016,-36.238101,2.05));
#2374 = CARTESIAN_POINT('',(20.824053,-36.345588,2.05));
#2375 = ORIENTED_EDGE('',*,*,#2376,.F.);
#2376 = EDGE_CURVE('',#2377,#2370,#2379,.T.);
#2377 = VERTEX_POINT('',#2378);
#2378 = CARTESIAN_POINT('',(20.824053,-36.345588,0.));
#2379 = LINE('',#2380,#2381);
#2380 = CARTESIAN_POINT('',(20.824053,-36.345588,0.));
#2381 = VECTOR('',#2382,1.);
#2382 = DIRECTION('',(0.,0.,1.));
#2383 = ORIENTED_EDGE('',*,*,#2384,.F.);
#2384 = EDGE_CURVE('',#2343,#2377,#2385,.T.);
#2385 = B_SPLINE_CURVE_WITH_KNOTS('',1,(#2386,#2387),.UNSPECIFIED.,.F.,
  .F.,(2,2),(0.,0.153109511586),.PIECEWISE_BEZIER_KNOTS.);
#2386 = CARTESIAN_POINT('',(20.715016,-36.238101,0.));
#2387 = CARTESIAN_POINT('',(20.824053,-36.345588,0.));
#2388 = SURFACE_OF_LINEAR_EXTRUSION('',#2389,#2392);
#2389 = B_SPLINE_CURVE_WITH_KNOTS('',1,(#2390,#2391),.UNSPECIFIED.,.F.,
  .F.,(2,2),(0.,0.153109511586),.PIECEWISE_BEZIER_KNOTS.);
#2390 = CARTESIAN_POINT('',(20.715016,-36.238101,0.));
#2391 = CARTESIAN_POINT('',(20.824053,-36.345588,0.));
#2392 = VECTOR('',#2393,1.);
#2393 = DIRECTION('',(-0.,-0.,-1.));
#2394 = ADVANCED_FACE('',(#2395),#2422,.F.);
#2395 = FACE_BOUND('',#2396,.F.);
#2396 = EDGE_LOOP('',(#2397,#2398,#2407,#2415));
#2397 = ORIENTED_EDGE('',*,*,#2376,.T.);
#2398 = ORIENTED_EDGE('',*,*,#2399,.T.);
#2399 = EDGE_CURVE('',#2370,#2400,#2402,.T.);
#2400 = VERTEX_POINT('',#2401);
#2401 = CARTESIAN_POINT('',(20.875213,-36.372978,2.05));
#2402 = B_SPLINE_CURVE_WITH_KNOTS('',3,(#2403,#2404,#2405,#2406),
  .UNSPECIFIED.,.F.,.F.,(4,4),(0.,1.),.PIECEWISE_BEZIER_KNOTS.);
#2403 = CARTESIAN_POINT('',(20.824053,-36.345588,2.05));
#2404 = CARTESIAN_POINT('',(20.838293,-36.359208,2.05));
#2405 = CARTESIAN_POINT('',(20.855983,-36.368678,2.05));
#2406 = CARTESIAN_POINT('',(20.875213,-36.372978,2.05));
#2407 = ORIENTED_EDGE('',*,*,#2408,.F.);
#2408 = EDGE_CURVE('',#2409,#2400,#2411,.T.);
#2409 = VERTEX_POINT('',#2410);
#2410 = CARTESIAN_POINT('',(20.875213,-36.372978,0.));
#2411 = LINE('',#2412,#2413);
#2412 = CARTESIAN_POINT('',(20.875213,-36.372978,0.));
#2413 = VECTOR('',#2414,1.);
#2414 = DIRECTION('',(0.,0.,1.));
#2415 = ORIENTED_EDGE('',*,*,#2416,.F.);
#2416 = EDGE_CURVE('',#2377,#2409,#2417,.T.);
#2417 = B_SPLINE_CURVE_WITH_KNOTS('',3,(#2418,#2419,#2420,#2421),
  .UNSPECIFIED.,.F.,.F.,(4,4),(0.,1.),.PIECEWISE_BEZIER_KNOTS.);
#2418 = CARTESIAN_POINT('',(20.824053,-36.345588,0.));
#2419 = CARTESIAN_POINT('',(20.838293,-36.359208,0.));
#2420 = CARTESIAN_POINT('',(20.855983,-36.368678,0.));
#2421 = CARTESIAN_POINT('',(20.875213,-36.372978,0.));
#2422 = SURFACE_OF_LINEAR_EXTRUSION('',#2423,#2428);
#2423 = B_SPLINE_CURVE_WITH_KNOTS('',3,(#2424,#2425,#2426,#2427),
  .UNSPECIFIED.,.F.,.F.,(4,4),(0.,1.),.PIECEWISE_BEZIER_KNOTS.);
#2424 = CARTESIAN_POINT('',(20.824053,-36.345588,0.));
#2425 = CARTESIAN_POINT('',(20.838293,-36.359208,0.));
#2426 = CARTESIAN_POINT('',(20.855983,-36.368678,0.));
#2427 = CARTESIAN_POINT('',(20.875213,-36.372978,0.));
#2428 = VECTOR('',#2429,1.);
#2429 = DIRECTION('',(-0.,-0.,-1.));
#2430 = ADVANCED_FACE('',(#2431),#2454,.F.);
#2431 = FACE_BOUND('',#2432,.F.);
#2432 = EDGE_LOOP('',(#2433,#2434,#2441,#2449));
#2433 = ORIENTED_EDGE('',*,*,#2408,.T.);
#2434 = ORIENTED_EDGE('',*,*,#2435,.T.);
#2435 = EDGE_CURVE('',#2400,#2436,#2438,.T.);
#2436 = VERTEX_POINT('',#2437);
#2437 = CARTESIAN_POINT('',(21.009571,-36.408118,2.05));
#2438 = B_SPLINE_CURVE_WITH_KNOTS('',1,(#2439,#2440),.UNSPECIFIED.,.F.,
  .F.,(2,2),(0.,0.138877254308),.PIECEWISE_BEZIER_KNOTS.);
#2439 = CARTESIAN_POINT('',(20.875213,-36.372978,2.05));
#2440 = CARTESIAN_POINT('',(21.009571,-36.408118,2.05));
#2441 = ORIENTED_EDGE('',*,*,#2442,.F.);
#2442 = EDGE_CURVE('',#2443,#2436,#2445,.T.);
#2443 = VERTEX_POINT('',#2444);
#2444 = CARTESIAN_POINT('',(21.009571,-36.408118,0.));
#2445 = LINE('',#2446,#2447);
#2446 = CARTESIAN_POINT('',(21.009571,-36.408118,0.));
#2447 = VECTOR('',#2448,1.);
#2448 = DIRECTION('',(0.,0.,1.));
#2449 = ORIENTED_EDGE('',*,*,#2450,.F.);
#2450 = EDGE_CURVE('',#2409,#2443,#2451,.T.);
#2451 = B_SPLINE_CURVE_WITH_KNOTS('',1,(#2452,#2453),.UNSPECIFIED.,.F.,
  .F.,(2,2),(0.,0.138877254308),.PIECEWISE_BEZIER_KNOTS.);
#2452 = CARTESIAN_POINT('',(20.875213,-36.372978,0.));
#2453 = CARTESIAN_POINT('',(21.009571,-36.408118,0.));
#2454 = SURFACE_OF_LINEAR_EXTRUSION('',#2455,#2458);
#2455 = B_SPLINE_CURVE_WITH_KNOTS('',1,(#2456,#2457),.UNSPECIFIED.,.F.,
  .F.,(2,2),(0.,0.138877254308),.PIECEWISE_BEZIER_KNOTS.);
#2456 = CARTESIAN_POINT('',(20.875213,-36.372978,0.));
#2457 = CARTESIAN_POINT('',(21.009571,-36.408118,0.));
#2458 = VECTOR('',#2459,1.);
#2459 = DIRECTION('',(-0.,-0.,-1.));
#2460 = ADVANCED_FACE('',(#2461),#2488,.F.);
#2461 = FACE_BOUND('',#2462,.F.);
#2462 = EDGE_LOOP('',(#2463,#2464,#2473,#2481));
#2463 = ORIENTED_EDGE('',*,*,#2442,.T.);
#2464 = ORIENTED_EDGE('',*,*,#2465,.T.);
#2465 = EDGE_CURVE('',#2436,#2466,#2468,.T.);
#2466 = VERTEX_POINT('',#2467);
#2467 = CARTESIAN_POINT('',(21.044711,-36.414318,2.05));
#2468 = B_SPLINE_CURVE_WITH_KNOTS('',3,(#2469,#2470,#2471,#2472),
  .UNSPECIFIED.,.F.,.F.,(4,4),(0.,1.),.PIECEWISE_BEZIER_KNOTS.);
#2469 = CARTESIAN_POINT('',(21.009571,-36.408118,2.05));
#2470 = CARTESIAN_POINT('',(21.020861,-36.412118,2.05));
#2471 = CARTESIAN_POINT('',(21.032731,-36.414218,2.05));
#2472 = CARTESIAN_POINT('',(21.044711,-36.414318,2.05));
#2473 = ORIENTED_EDGE('',*,*,#2474,.F.);
#2474 = EDGE_CURVE('',#2475,#2466,#2477,.T.);
#2475 = VERTEX_POINT('',#2476);
#2476 = CARTESIAN_POINT('',(21.044711,-36.414318,0.));
#2477 = LINE('',#2478,#2479);
#2478 = CARTESIAN_POINT('',(21.044711,-36.414318,0.));
#2479 = VECTOR('',#2480,1.);
#2480 = DIRECTION('',(0.,0.,1.));
#2481 = ORIENTED_EDGE('',*,*,#2482,.F.);
#2482 = EDGE_CURVE('',#2443,#2475,#2483,.T.);
#2483 = B_SPLINE_CURVE_WITH_KNOTS('',3,(#2484,#2485,#2486,#2487),
  .UNSPECIFIED.,.F.,.F.,(4,4),(0.,1.),.PIECEWISE_BEZIER_KNOTS.);
#2484 = CARTESIAN_POINT('',(21.009571,-36.408118,0.));
#2485 = CARTESIAN_POINT('',(21.020861,-36.412118,0.));
#2486 = CARTESIAN_POINT('',(21.032731,-36.414218,0.));
#2487 = CARTESIAN_POINT('',(21.044711,-36.414318,0.));
#2488 = SURFACE_OF_LINEAR_EXTRUSION('',#2489,#2494);
#2489 = B_SPLINE_CURVE_WITH_KNOTS('',3,(#2490,#2491,#2492,#2493),
  .UNSPECIFIED.,.F.,.F.,(4,4),(0.,1.),.PIECEWISE_BEZIER_KNOTS.);
#2490 = CARTESIAN_POINT('',(21.009571,-36.408118,0.));
#2491 = CARTESIAN_POINT('',(21.020861,-36.412118,0.));
#2492 = CARTESIAN_POINT('',(21.032731,-36.414218,0.));
#2493 = CARTESIAN_POINT('',(21.044711,-36.414318,0.));
#2494 = VECTOR('',#2495,1.);
#2495 = DIRECTION('',(-0.,-0.,-1.));
#2496 = ADVANCED_FACE('',(#2497),#2520,.F.);
#2497 = FACE_BOUND('',#2498,.F.);
#2498 = EDGE_LOOP('',(#2499,#2500,#2507,#2515));
#2499 = ORIENTED_EDGE('',*,*,#2474,.T.);
#2500 = ORIENTED_EDGE('',*,*,#2501,.T.);
#2501 = EDGE_CURVE('',#2466,#2502,#2504,.T.);
#2502 = VERTEX_POINT('',#2503);
#2503 = CARTESIAN_POINT('',(23.062676,-36.414318,2.05));
#2504 = B_SPLINE_CURVE_WITH_KNOTS('',1,(#2505,#2506),.UNSPECIFIED.,.F.,
  .F.,(2,2),(0.,2.017965),.PIECEWISE_BEZIER_KNOTS.);
#2505 = CARTESIAN_POINT('',(21.044711,-36.414318,2.05));
#2506 = CARTESIAN_POINT('',(23.062676,-36.414318,2.05));
#2507 = ORIENTED_EDGE('',*,*,#2508,.F.);
#2508 = EDGE_CURVE('',#2509,#2502,#2511,.T.);
#2509 = VERTEX_POINT('',#2510);
#2510 = CARTESIAN_POINT('',(23.062676,-36.414318,0.));
#2511 = LINE('',#2512,#2513);
#2512 = CARTESIAN_POINT('',(23.062676,-36.414318,0.));
#2513 = VECTOR('',#2514,1.);
#2514 = DIRECTION('',(0.,0.,1.));
#2515 = ORIENTED_EDGE('',*,*,#2516,.F.);
#2516 = EDGE_CURVE('',#2475,#2509,#2517,.T.);
#2517 = B_SPLINE_CURVE_WITH_KNOTS('',1,(#2518,#2519),.UNSPECIFIED.,.F.,
  .F.,(2,2),(0.,2.017965),.PIECEWISE_BEZIER_KNOTS.);
#2518 = CARTESIAN_POINT('',(21.044711,-36.414318,0.));
#2519 = CARTESIAN_POINT('',(23.062676,-36.414318,0.));
#2520 = SURFACE_OF_LINEAR_EXTRUSION('',#2521,#2524);
#2521 = B_SPLINE_CURVE_WITH_KNOTS('',1,(#2522,#2523),.UNSPECIFIED.,.F.,
  .F.,(2,2),(0.,2.017965),.PIECEWISE_BEZIER_KNOTS.);
#2522 = CARTESIAN_POINT('',(21.044711,-36.414318,0.));
#2523 = CARTESIAN_POINT('',(23.062676,-36.414318,0.));
#2524 = VECTOR('',#2525,1.);
#2525 = DIRECTION('',(-0.,-0.,-1.));
#2526 = ADVANCED_FACE('',(#2527),#2554,.F.);
#2527 = FACE_BOUND('',#2528,.F.);
#2528 = EDGE_LOOP('',(#2529,#2530,#2539,#2547));
#2529 = ORIENTED_EDGE('',*,*,#2508,.T.);
#2530 = ORIENTED_EDGE('',*,*,#2531,.T.);
#2531 = EDGE_CURVE('',#2502,#2532,#2534,.T.);
#2532 = VERTEX_POINT('',#2533);
#2533 = CARTESIAN_POINT('',(23.076626,-36.413318,2.05));
#2534 = B_SPLINE_CURVE_WITH_KNOTS('',3,(#2535,#2536,#2537,#2538),
  .UNSPECIFIED.,.F.,.F.,(4,4),(0.,1.),.PIECEWISE_BEZIER_KNOTS.);
#2535 = CARTESIAN_POINT('',(23.062676,-36.414318,2.05));
#2536 = CARTESIAN_POINT('',(23.067376,-36.414275,2.05));
#2537 = CARTESIAN_POINT('',(23.071976,-36.41393,2.05));
#2538 = CARTESIAN_POINT('',(23.076626,-36.413318,2.05));
#2539 = ORIENTED_EDGE('',*,*,#2540,.F.);
#2540 = EDGE_CURVE('',#2541,#2532,#2543,.T.);
#2541 = VERTEX_POINT('',#2542);
#2542 = CARTESIAN_POINT('',(23.076626,-36.413318,0.));
#2543 = LINE('',#2544,#2545);
#2544 = CARTESIAN_POINT('',(23.076626,-36.413318,0.));
#2545 = VECTOR('',#2546,1.);
#2546 = DIRECTION('',(0.,0.,1.));
#2547 = ORIENTED_EDGE('',*,*,#2548,.F.);
#2548 = EDGE_CURVE('',#2509,#2541,#2549,.T.);
#2549 = B_SPLINE_CURVE_WITH_KNOTS('',3,(#2550,#2551,#2552,#2553),
  .UNSPECIFIED.,.F.,.F.,(4,4),(0.,1.),.PIECEWISE_BEZIER_KNOTS.);
#2550 = CARTESIAN_POINT('',(23.062676,-36.414318,0.));
#2551 = CARTESIAN_POINT('',(23.067376,-36.414275,0.));
#2552 = CARTESIAN_POINT('',(23.071976,-36.41393,0.));
#2553 = CARTESIAN_POINT('',(23.076626,-36.413318,0.));
#2554 = SURFACE_OF_LINEAR_EXTRUSION('',#2555,#2560);
#2555 = B_SPLINE_CURVE_WITH_KNOTS('',3,(#2556,#2557,#2558,#2559),
  .UNSPECIFIED.,.F.,.F.,(4,4),(0.,1.),.PIECEWISE_BEZIER_KNOTS.);
#2556 = CARTESIAN_POINT('',(23.062676,-36.414318,0.));
#2557 = CARTESIAN_POINT('',(23.067376,-36.414275,0.));
#2558 = CARTESIAN_POINT('',(23.071976,-36.41393,0.));
#2559 = CARTESIAN_POINT('',(23.076626,-36.413318,0.));
#2560 = VECTOR('',#2561,1.);
#2561 = DIRECTION('',(-0.,-0.,-1.));
#2562 = ADVANCED_FACE('',(#2563),#2590,.F.);
#2563 = FACE_BOUND('',#2564,.F.);
#2564 = EDGE_LOOP('',(#2565,#2566,#2575,#2583));
#2565 = ORIENTED_EDGE('',*,*,#2540,.T.);
#2566 = ORIENTED_EDGE('',*,*,#2567,.T.);
#2567 = EDGE_CURVE('',#2532,#2568,#2570,.T.);
#2568 = VERTEX_POINT('',#2569);
#2569 = CARTESIAN_POINT('',(23.170156,-36.304798,2.05));
#2570 = B_SPLINE_CURVE_WITH_KNOTS('',3,(#2571,#2572,#2573,#2574),
  .UNSPECIFIED.,.F.,.F.,(4,4),(0.,1.),.PIECEWISE_BEZIER_KNOTS.);
#2571 = CARTESIAN_POINT('',(23.076626,-36.413318,2.05));
#2572 = CARTESIAN_POINT('',(23.130736,-36.405918,2.05));
#2573 = CARTESIAN_POINT('',(23.170866,-36.359408,2.05));
#2574 = CARTESIAN_POINT('',(23.170156,-36.304798,2.05));
#2575 = ORIENTED_EDGE('',*,*,#2576,.F.);
#2576 = EDGE_CURVE('',#2577,#2568,#2579,.T.);
#2577 = VERTEX_POINT('',#2578);
#2578 = CARTESIAN_POINT('',(23.170156,-36.304798,0.));
#2579 = LINE('',#2580,#2581);
#2580 = CARTESIAN_POINT('',(23.170156,-36.304798,0.));
#2581 = VECTOR('',#2582,1.);
#2582 = DIRECTION('',(0.,0.,1.));
#2583 = ORIENTED_EDGE('',*,*,#2584,.F.);
#2584 = EDGE_CURVE('',#2541,#2577,#2585,.T.);
#2585 = B_SPLINE_CURVE_WITH_KNOTS('',3,(#2586,#2587,#2588,#2589),
  .UNSPECIFIED.,.F.,.F.,(4,4),(0.,1.),.PIECEWISE_BEZIER_KNOTS.);
#2586 = CARTESIAN_POINT('',(23.076626,-36.413318,0.));
#2587 = CARTESIAN_POINT('',(23.130736,-36.405918,0.));
#2588 = CARTESIAN_POINT('',(23.170866,-36.359408,0.));
#2589 = CARTESIAN_POINT('',(23.170156,-36.304798,0.));
#2590 = SURFACE_OF_LINEAR_EXTRUSION('',#2591,#2596);
#2591 = B_SPLINE_CURVE_WITH_KNOTS('',3,(#2592,#2593,#2594,#2595),
  .UNSPECIFIED.,.F.,.F.,(4,4),(0.,1.),.PIECEWISE_BEZIER_KNOTS.);
#2592 = CARTESIAN_POINT('',(23.076626,-36.413318,0.));
#2593 = CARTESIAN_POINT('',(23.130736,-36.405918,0.));
#2594 = CARTESIAN_POINT('',(23.170866,-36.359408,0.));
#2595 = CARTESIAN_POINT('',(23.170156,-36.304798,0.));
#2596 = VECTOR('',#2597,1.);
#2597 = DIRECTION('',(-0.,-0.,-1.));
#2598 = ADVANCED_FACE('',(#2599),#2622,.F.);
#2599 = FACE_BOUND('',#2600,.F.);
#2600 = EDGE_LOOP('',(#2601,#2602,#2609,#2617));
#2601 = ORIENTED_EDGE('',*,*,#2576,.T.);
#2602 = ORIENTED_EDGE('',*,*,#2603,.T.);
#2603 = EDGE_CURVE('',#2568,#2604,#2606,.T.);
#2604 = VERTEX_POINT('',#2605);
#2605 = CARTESIAN_POINT('',(23.170156,-36.269658,2.05));
#2606 = B_SPLINE_CURVE_WITH_KNOTS('',1,(#2607,#2608),.UNSPECIFIED.,.F.,
  .F.,(2,2),(0.,3.514E-02),.PIECEWISE_BEZIER_KNOTS.);
#2607 = CARTESIAN_POINT('',(23.170156,-36.304798,2.05));
#2608 = CARTESIAN_POINT('',(23.170156,-36.269658,2.05));
#2609 = ORIENTED_EDGE('',*,*,#2610,.F.);
#2610 = EDGE_CURVE('',#2611,#2604,#2613,.T.);
#2611 = VERTEX_POINT('',#2612);
#2612 = CARTESIAN_POINT('',(23.170156,-36.269658,0.));
#2613 = LINE('',#2614,#2615);
#2614 = CARTESIAN_POINT('',(23.170156,-36.269658,0.));
#2615 = VECTOR('',#2616,1.);
#2616 = DIRECTION('',(0.,0.,1.));
#2617 = ORIENTED_EDGE('',*,*,#2618,.F.);
#2618 = EDGE_CURVE('',#2577,#2611,#2619,.T.);
#2619 = B_SPLINE_CURVE_WITH_KNOTS('',1,(#2620,#2621),.UNSPECIFIED.,.F.,
  .F.,(2,2),(0.,3.514E-02),.PIECEWISE_BEZIER_KNOTS.);
#2620 = CARTESIAN_POINT('',(23.170156,-36.304798,0.));
#2621 = CARTESIAN_POINT('',(23.170156,-36.269658,0.));
#2622 = SURFACE_OF_LINEAR_EXTRUSION('',#2623,#2626);
#2623 = B_SPLINE_CURVE_WITH_KNOTS('',1,(#2624,#2625),.UNSPECIFIED.,.F.,
  .F.,(2,2),(0.,3.514E-02),.PIECEWISE_BEZIER_KNOTS.);
#2624 = CARTESIAN_POINT('',(23.170156,-36.304798,0.));
#2625 = CARTESIAN_POINT('',(23.170156,-36.269658,0.));
#2626 = VECTOR('',#2627,1.);
#2627 = DIRECTION('',(-0.,-0.,-1.));
#2628 = ADVANCED_FACE('',(#2629),#2652,.F.);
#2629 = FACE_BOUND('',#2630,.F.);
#2630 = EDGE_LOOP('',(#2631,#2632,#2639,#2647));
#2631 = ORIENTED_EDGE('',*,*,#2610,.T.);
#2632 = ORIENTED_EDGE('',*,*,#2633,.T.);
#2633 = EDGE_CURVE('',#2604,#2634,#2636,.T.);
#2634 = VERTEX_POINT('',#2635);
#2635 = CARTESIAN_POINT('',(70.105276,-36.269658,2.05));
#2636 = B_SPLINE_CURVE_WITH_KNOTS('',1,(#2637,#2638),.UNSPECIFIED.,.F.,
  .F.,(2,2),(0.,46.93512),.PIECEWISE_BEZIER_KNOTS.);
#2637 = CARTESIAN_POINT('',(23.170156,-36.269658,2.05));
#2638 = CARTESIAN_POINT('',(70.105276,-36.269658,2.05));
#2639 = ORIENTED_EDGE('',*,*,#2640,.F.);
#2640 = EDGE_CURVE('',#2641,#2634,#2643,.T.);
#2641 = VERTEX_POINT('',#2642);
#2642 = CARTESIAN_POINT('',(70.105276,-36.269658,0.));
#2643 = LINE('',#2644,#2645);
#2644 = CARTESIAN_POINT('',(70.105276,-36.269658,0.));
#2645 = VECTOR('',#2646,1.);
#2646 = DIRECTION('',(0.,0.,1.));
#2647 = ORIENTED_EDGE('',*,*,#2648,.F.);
#2648 = EDGE_CURVE('',#2611,#2641,#2649,.T.);
#2649 = B_SPLINE_CURVE_WITH_KNOTS('',1,(#2650,#2651),.UNSPECIFIED.,.F.,
  .F.,(2,2),(0.,46.93512),.PIECEWISE_BEZIER_KNOTS.);
#2650 = CARTESIAN_POINT('',(23.170156,-36.269658,0.));
#2651 = CARTESIAN_POINT('',(70.105276,-36.269658,0.));
#2652 = SURFACE_OF_LINEAR_EXTRUSION('',#2653,#2656);
#2653 = B_SPLINE_CURVE_WITH_KNOTS('',1,(#2654,#2655),.UNSPECIFIED.,.F.,
  .F.,(2,2),(0.,46.93512),.PIECEWISE_BEZIER_KNOTS.);
#2654 = CARTESIAN_POINT('',(23.170156,-36.269658,0.));
#2655 = CARTESIAN_POINT('',(70.105276,-36.269658,0.));
#2656 = VECTOR('',#2657,1.);
#2657 = DIRECTION('',(-0.,-0.,-1.));
#2658 = ADVANCED_FACE('',(#2659),#2682,.F.);
#2659 = FACE_BOUND('',#2660,.F.);
#2660 = EDGE_LOOP('',(#2661,#2662,#2669,#2677));
#2661 = ORIENTED_EDGE('',*,*,#2640,.T.);
#2662 = ORIENTED_EDGE('',*,*,#2663,.T.);
#2663 = EDGE_CURVE('',#2634,#2664,#2666,.T.);
#2664 = VERTEX_POINT('',#2665);
#2665 = CARTESIAN_POINT('',(70.105276,-36.304798,2.05));
#2666 = B_SPLINE_CURVE_WITH_KNOTS('',1,(#2667,#2668),.UNSPECIFIED.,.F.,
  .F.,(2,2),(0.,3.514E-02),.PIECEWISE_BEZIER_KNOTS.);
#2667 = CARTESIAN_POINT('',(70.105276,-36.269658,2.05));
#2668 = CARTESIAN_POINT('',(70.105276,-36.304798,2.05));
#2669 = ORIENTED_EDGE('',*,*,#2670,.F.);
#2670 = EDGE_CURVE('',#2671,#2664,#2673,.T.);
#2671 = VERTEX_POINT('',#2672);
#2672 = CARTESIAN_POINT('',(70.105276,-36.304798,0.));
#2673 = LINE('',#2674,#2675);
#2674 = CARTESIAN_POINT('',(70.105276,-36.304798,0.));
#2675 = VECTOR('',#2676,1.);
#2676 = DIRECTION('',(0.,0.,1.));
#2677 = ORIENTED_EDGE('',*,*,#2678,.F.);
#2678 = EDGE_CURVE('',#2641,#2671,#2679,.T.);
#2679 = B_SPLINE_CURVE_WITH_KNOTS('',1,(#2680,#2681),.UNSPECIFIED.,.F.,
  .F.,(2,2),(0.,3.514E-02),.PIECEWISE_BEZIER_KNOTS.);
#2680 = CARTESIAN_POINT('',(70.105276,-36.269658,0.));
#2681 = CARTESIAN_POINT('',(70.105276,-36.304798,0.));
#2682 = SURFACE_OF_LINEAR_EXTRUSION('',#2683,#2686);
#2683 = B_SPLINE_CURVE_WITH_KNOTS('',1,(#2684,#2685),.UNSPECIFIED.,.F.,
  .F.,(2,2),(0.,3.514E-02),.PIECEWISE_BEZIER_KNOTS.);
#2684 = CARTESIAN_POINT('',(70.105276,-36.269658,0.));
#2685 = CARTESIAN_POINT('',(70.105276,-36.304798,0.));
#2686 = VECTOR('',#2687,1.);
#2687 = DIRECTION('',(-0.,-0.,-1.));
#2688 = ADVANCED_FACE('',(#2689),#2716,.F.);
#2689 = FACE_BOUND('',#2690,.F.);
#2690 = EDGE_LOOP('',(#2691,#2692,#2701,#2709));
#2691 = ORIENTED_EDGE('',*,*,#2670,.T.);
#2692 = ORIENTED_EDGE('',*,*,#2693,.T.);
#2693 = EDGE_CURVE('',#2664,#2694,#2696,.T.);
#2694 = VERTEX_POINT('',#2695);
#2695 = CARTESIAN_POINT('',(70.186406,-36.410734,2.05));
#2696 = B_SPLINE_CURVE_WITH_KNOTS('',3,(#2697,#2698,#2699,#2700),
  .UNSPECIFIED.,.F.,.F.,(4,4),(0.,1.),.PIECEWISE_BEZIER_KNOTS.);
#2697 = CARTESIAN_POINT('',(70.105276,-36.304798,2.05));
#2698 = CARTESIAN_POINT('',(70.104701,-36.354578,2.05));
#2699 = CARTESIAN_POINT('',(70.138196,-36.398318,2.05));
#2700 = CARTESIAN_POINT('',(70.186406,-36.410734,2.05));
#2701 = ORIENTED_EDGE('',*,*,#2702,.F.);
#2702 = EDGE_CURVE('',#2703,#2694,#2705,.T.);
#2703 = VERTEX_POINT('',#2704);
#2704 = CARTESIAN_POINT('',(70.186406,-36.410734,0.));
#2705 = LINE('',#2706,#2707);
#2706 = CARTESIAN_POINT('',(70.186406,-36.410734,0.));
#2707 = VECTOR('',#2708,1.);
#2708 = DIRECTION('',(0.,0.,1.));
#2709 = ORIENTED_EDGE('',*,*,#2710,.F.);
#2710 = EDGE_CURVE('',#2671,#2703,#2711,.T.);
#2711 = B_SPLINE_CURVE_WITH_KNOTS('',3,(#2712,#2713,#2714,#2715),
  .UNSPECIFIED.,.F.,.F.,(4,4),(0.,1.),.PIECEWISE_BEZIER_KNOTS.);
#2712 = CARTESIAN_POINT('',(70.105276,-36.304798,0.));
#2713 = CARTESIAN_POINT('',(70.104701,-36.354578,0.));
#2714 = CARTESIAN_POINT('',(70.138196,-36.398318,0.));
#2715 = CARTESIAN_POINT('',(70.186406,-36.410734,0.));
#2716 = SURFACE_OF_LINEAR_EXTRUSION('',#2717,#2722);
#2717 = B_SPLINE_CURVE_WITH_KNOTS('',3,(#2718,#2719,#2720,#2721),
  .UNSPECIFIED.,.F.,.F.,(4,4),(0.,1.),.PIECEWISE_BEZIER_KNOTS.);
#2718 = CARTESIAN_POINT('',(70.105276,-36.304798,0.));
#2719 = CARTESIAN_POINT('',(70.104701,-36.354578,0.));
#2720 = CARTESIAN_POINT('',(70.138196,-36.398318,0.));
#2721 = CARTESIAN_POINT('',(70.186406,-36.410734,0.));
#2722 = VECTOR('',#2723,1.);
#2723 = DIRECTION('',(-0.,-0.,-1.));
#2724 = ADVANCED_FACE('',(#2725),#2752,.F.);
#2725 = FACE_BOUND('',#2726,.F.);
#2726 = EDGE_LOOP('',(#2727,#2728,#2737,#2745));
#2727 = ORIENTED_EDGE('',*,*,#2702,.T.);
#2728 = ORIENTED_EDGE('',*,*,#2729,.T.);
#2729 = EDGE_CURVE('',#2694,#2730,#2732,.T.);
#2730 = VERTEX_POINT('',#2731);
#2731 = CARTESIAN_POINT('',(70.214826,-36.414334,2.05));
#2732 = B_SPLINE_CURVE_WITH_KNOTS('',3,(#2733,#2734,#2735,#2736),
  .UNSPECIFIED.,.F.,.F.,(4,4),(0.,1.),.PIECEWISE_BEZIER_KNOTS.);
#2733 = CARTESIAN_POINT('',(70.186406,-36.410734,2.05));
#2734 = CARTESIAN_POINT('',(70.195706,-36.413234,2.05));
#2735 = CARTESIAN_POINT('',(70.205236,-36.414434,2.05));
#2736 = CARTESIAN_POINT('',(70.214826,-36.414334,2.05));
#2737 = ORIENTED_EDGE('',*,*,#2738,.F.);
#2738 = EDGE_CURVE('',#2739,#2730,#2741,.T.);
#2739 = VERTEX_POINT('',#2740);
#2740 = CARTESIAN_POINT('',(70.214826,-36.414334,0.));
#2741 = LINE('',#2742,#2743);
#2742 = CARTESIAN_POINT('',(70.214826,-36.414334,0.));
#2743 = VECTOR('',#2744,1.);
#2744 = DIRECTION('',(0.,0.,1.));
#2745 = ORIENTED_EDGE('',*,*,#2746,.F.);
#2746 = EDGE_CURVE('',#2703,#2739,#2747,.T.);
#2747 = B_SPLINE_CURVE_WITH_KNOTS('',3,(#2748,#2749,#2750,#2751),
  .UNSPECIFIED.,.F.,.F.,(4,4),(0.,1.),.PIECEWISE_BEZIER_KNOTS.);
#2748 = CARTESIAN_POINT('',(70.186406,-36.410734,0.));
#2749 = CARTESIAN_POINT('',(70.195706,-36.413234,0.));
#2750 = CARTESIAN_POINT('',(70.205236,-36.414434,0.));
#2751 = CARTESIAN_POINT('',(70.214826,-36.414334,0.));
#2752 = SURFACE_OF_LINEAR_EXTRUSION('',#2753,#2758);
#2753 = B_SPLINE_CURVE_WITH_KNOTS('',3,(#2754,#2755,#2756,#2757),
  .UNSPECIFIED.,.F.,.F.,(4,4),(0.,1.),.PIECEWISE_BEZIER_KNOTS.);
#2754 = CARTESIAN_POINT('',(70.186406,-36.410734,0.));
#2755 = CARTESIAN_POINT('',(70.195706,-36.413234,0.));
#2756 = CARTESIAN_POINT('',(70.205236,-36.414434,0.));
#2757 = CARTESIAN_POINT('',(70.214826,-36.414334,0.));
#2758 = VECTOR('',#2759,1.);
#2759 = DIRECTION('',(-0.,-0.,-1.));
#2760 = ADVANCED_FACE('',(#2761),#2788,.F.);
#2761 = FACE_BOUND('',#2762,.F.);
#2762 = EDGE_LOOP('',(#2763,#2764,#2773,#2781));
#2763 = ORIENTED_EDGE('',*,*,#2738,.T.);
#2764 = ORIENTED_EDGE('',*,*,#2765,.T.);
#2765 = EDGE_CURVE('',#2730,#2766,#2768,.T.);
#2766 = VERTEX_POINT('',#2767);
#2767 = CARTESIAN_POINT('',(70.215342,-36.414334,2.05));
#2768 = B_SPLINE_CURVE_WITH_KNOTS('',3,(#2769,#2770,#2771,#2772),
  .UNSPECIFIED.,.F.,.F.,(4,4),(0.,1.),.PIECEWISE_BEZIER_KNOTS.);
#2769 = CARTESIAN_POINT('',(70.214826,-36.414334,2.05));
#2770 = CARTESIAN_POINT('',(70.214998,-36.414334,2.05));
#2771 = CARTESIAN_POINT('',(70.21517,-36.414334,2.05));
#2772 = CARTESIAN_POINT('',(70.215342,-36.414334,2.05));
#2773 = ORIENTED_EDGE('',*,*,#2774,.F.);
#2774 = EDGE_CURVE('',#2775,#2766,#2777,.T.);
#2775 = VERTEX_POINT('',#2776);
#2776 = CARTESIAN_POINT('',(70.215342,-36.414334,0.));
#2777 = LINE('',#2778,#2779);
#2778 = CARTESIAN_POINT('',(70.215342,-36.414334,0.));
#2779 = VECTOR('',#2780,1.);
#2780 = DIRECTION('',(0.,0.,1.));
#2781 = ORIENTED_EDGE('',*,*,#2782,.F.);
#2782 = EDGE_CURVE('',#2739,#2775,#2783,.T.);
#2783 = B_SPLINE_CURVE_WITH_KNOTS('',3,(#2784,#2785,#2786,#2787),
  .UNSPECIFIED.,.F.,.F.,(4,4),(0.,1.),.PIECEWISE_BEZIER_KNOTS.);
#2784 = CARTESIAN_POINT('',(70.214826,-36.414334,0.));
#2785 = CARTESIAN_POINT('',(70.214998,-36.414334,0.));
#2786 = CARTESIAN_POINT('',(70.21517,-36.414334,0.));
#2787 = CARTESIAN_POINT('',(70.215342,-36.414334,0.));
#2788 = SURFACE_OF_LINEAR_EXTRUSION('',#2789,#2794);
#2789 = B_SPLINE_CURVE_WITH_KNOTS('',3,(#2790,#2791,#2792,#2793),
  .UNSPECIFIED.,.F.,.F.,(4,4),(0.,1.),.PIECEWISE_BEZIER_KNOTS.);
#2790 = CARTESIAN_POINT('',(70.214826,-36.414334,0.));
#2791 = CARTESIAN_POINT('',(70.214998,-36.414334,0.));
#2792 = CARTESIAN_POINT('',(70.21517,-36.414334,0.));
#2793 = CARTESIAN_POINT('',(70.215342,-36.414334,0.));
#2794 = VECTOR('',#2795,1.);
#2795 = DIRECTION('',(-0.,-0.,-1.));
#2796 = ADVANCED_FACE('',(#2797),#2820,.F.);
#2797 = FACE_BOUND('',#2798,.F.);
#2798 = EDGE_LOOP('',(#2799,#2800,#2807,#2815));
#2799 = ORIENTED_EDGE('',*,*,#2774,.T.);
#2800 = ORIENTED_EDGE('',*,*,#2801,.T.);
#2801 = EDGE_CURVE('',#2766,#2802,#2804,.T.);
#2802 = VERTEX_POINT('',#2803);
#2803 = CARTESIAN_POINT('',(72.232274,-36.414334,2.05));
#2804 = B_SPLINE_CURVE_WITH_KNOTS('',1,(#2805,#2806),.UNSPECIFIED.,.F.,
  .F.,(2,2),(0.,2.016932),.PIECEWISE_BEZIER_KNOTS.);
#2805 = CARTESIAN_POINT('',(70.215342,-36.414334,2.05));
#2806 = CARTESIAN_POINT('',(72.232274,-36.414334,2.05));
#2807 = ORIENTED_EDGE('',*,*,#2808,.F.);
#2808 = EDGE_CURVE('',#2809,#2802,#2811,.T.);
#2809 = VERTEX_POINT('',#2810);
#2810 = CARTESIAN_POINT('',(72.232274,-36.414334,0.));
#2811 = LINE('',#2812,#2813);
#2812 = CARTESIAN_POINT('',(72.232274,-36.414334,0.));
#2813 = VECTOR('',#2814,1.);
#2814 = DIRECTION('',(0.,0.,1.));
#2815 = ORIENTED_EDGE('',*,*,#2816,.F.);
#2816 = EDGE_CURVE('',#2775,#2809,#2817,.T.);
#2817 = B_SPLINE_CURVE_WITH_KNOTS('',1,(#2818,#2819),.UNSPECIFIED.,.F.,
  .F.,(2,2),(0.,2.016932),.PIECEWISE_BEZIER_KNOTS.);
#2818 = CARTESIAN_POINT('',(70.215342,-36.414334,0.));
#2819 = CARTESIAN_POINT('',(72.232274,-36.414334,0.));
#2820 = SURFACE_OF_LINEAR_EXTRUSION('',#2821,#2824);
#2821 = B_SPLINE_CURVE_WITH_KNOTS('',1,(#2822,#2823),.UNSPECIFIED.,.F.,
  .F.,(2,2),(0.,2.016932),.PIECEWISE_BEZIER_KNOTS.);
#2822 = CARTESIAN_POINT('',(70.215342,-36.414334,0.));
#2823 = CARTESIAN_POINT('',(72.232274,-36.414334,0.));
#2824 = VECTOR('',#2825,1.);
#2825 = DIRECTION('',(-0.,-0.,-1.));
#2826 = ADVANCED_FACE('',(#2827),#2854,.F.);
#2827 = FACE_BOUND('',#2828,.F.);
#2828 = EDGE_LOOP('',(#2829,#2830,#2839,#2847));
#2829 = ORIENTED_EDGE('',*,*,#2808,.T.);
#2830 = ORIENTED_EDGE('',*,*,#2831,.T.);
#2831 = EDGE_CURVE('',#2802,#2832,#2834,.T.);
#2832 = VERTEX_POINT('',#2833);
#2833 = CARTESIAN_POINT('',(72.271544,-36.406534,2.05));
#2834 = B_SPLINE_CURVE_WITH_KNOTS('',3,(#2835,#2836,#2837,#2838),
  .UNSPECIFIED.,.F.,.F.,(4,4),(0.,1.),.PIECEWISE_BEZIER_KNOTS.);
#2835 = CARTESIAN_POINT('',(72.232274,-36.414334,2.05));
#2836 = CARTESIAN_POINT('',(72.245734,-36.414218,2.05));
#2837 = CARTESIAN_POINT('',(72.259054,-36.411634,2.05));
#2838 = CARTESIAN_POINT('',(72.271544,-36.406534,2.05));
#2839 = ORIENTED_EDGE('',*,*,#2840,.F.);
#2840 = EDGE_CURVE('',#2841,#2832,#2843,.T.);
#2841 = VERTEX_POINT('',#2842);
#2842 = CARTESIAN_POINT('',(72.271544,-36.406534,0.));
#2843 = LINE('',#2844,#2845);
#2844 = CARTESIAN_POINT('',(72.271544,-36.406534,0.));
#2845 = VECTOR('',#2846,1.);
#2846 = DIRECTION('',(0.,0.,1.));
#2847 = ORIENTED_EDGE('',*,*,#2848,.F.);
#2848 = EDGE_CURVE('',#2809,#2841,#2849,.T.);
#2849 = B_SPLINE_CURVE_WITH_KNOTS('',3,(#2850,#2851,#2852,#2853),
  .UNSPECIFIED.,.F.,.F.,(4,4),(0.,1.),.PIECEWISE_BEZIER_KNOTS.);
#2850 = CARTESIAN_POINT('',(72.232274,-36.414334,0.));
#2851 = CARTESIAN_POINT('',(72.245734,-36.414218,0.));
#2852 = CARTESIAN_POINT('',(72.259054,-36.411634,0.));
#2853 = CARTESIAN_POINT('',(72.271544,-36.406534,0.));
#2854 = SURFACE_OF_LINEAR_EXTRUSION('',#2855,#2860);
#2855 = B_SPLINE_CURVE_WITH_KNOTS('',3,(#2856,#2857,#2858,#2859),
  .UNSPECIFIED.,.F.,.F.,(4,4),(0.,1.),.PIECEWISE_BEZIER_KNOTS.);
#2856 = CARTESIAN_POINT('',(72.232274,-36.414334,0.));
#2857 = CARTESIAN_POINT('',(72.245734,-36.414218,0.));
#2858 = CARTESIAN_POINT('',(72.259054,-36.411634,0.));
#2859 = CARTESIAN_POINT('',(72.271544,-36.406534,0.));
#2860 = VECTOR('',#2861,1.);
#2861 = DIRECTION('',(-0.,-0.,-1.));
#2862 = ADVANCED_FACE('',(#2863),#2886,.F.);
#2863 = FACE_BOUND('',#2864,.F.);
#2864 = EDGE_LOOP('',(#2865,#2866,#2873,#2881));
#2865 = ORIENTED_EDGE('',*,*,#2840,.T.);
#2866 = ORIENTED_EDGE('',*,*,#2867,.T.);
#2867 = EDGE_CURVE('',#2832,#2868,#2870,.T.);
#2868 = VERTEX_POINT('',#2869);
#2869 = CARTESIAN_POINT('',(72.402285,-36.372944,2.05));
#2870 = B_SPLINE_CURVE_WITH_KNOTS('',1,(#2871,#2872),.UNSPECIFIED.,.F.,
  .F.,(2,2),(0.,0.134987025973),.PIECEWISE_BEZIER_KNOTS.);
#2871 = CARTESIAN_POINT('',(72.271544,-36.406534,2.05));
#2872 = CARTESIAN_POINT('',(72.402285,-36.372944,2.05));
#2873 = ORIENTED_EDGE('',*,*,#2874,.F.);
#2874 = EDGE_CURVE('',#2875,#2868,#2877,.T.);
#2875 = VERTEX_POINT('',#2876);
#2876 = CARTESIAN_POINT('',(72.402285,-36.372944,0.));
#2877 = LINE('',#2878,#2879);
#2878 = CARTESIAN_POINT('',(72.402285,-36.372944,0.));
#2879 = VECTOR('',#2880,1.);
#2880 = DIRECTION('',(0.,0.,1.));
#2881 = ORIENTED_EDGE('',*,*,#2882,.F.);
#2882 = EDGE_CURVE('',#2841,#2875,#2883,.T.);
#2883 = B_SPLINE_CURVE_WITH_KNOTS('',1,(#2884,#2885),.UNSPECIFIED.,.F.,
  .F.,(2,2),(0.,0.134987025973),.PIECEWISE_BEZIER_KNOTS.);
#2884 = CARTESIAN_POINT('',(72.271544,-36.406534,0.));
#2885 = CARTESIAN_POINT('',(72.402285,-36.372944,0.));
#2886 = SURFACE_OF_LINEAR_EXTRUSION('',#2887,#2890);
#2887 = B_SPLINE_CURVE_WITH_KNOTS('',1,(#2888,#2889),.UNSPECIFIED.,.F.,
  .F.,(2,2),(0.,0.134987025973),.PIECEWISE_BEZIER_KNOTS.);
#2888 = CARTESIAN_POINT('',(72.271544,-36.406534,0.));
#2889 = CARTESIAN_POINT('',(72.402285,-36.372944,0.));
#2890 = VECTOR('',#2891,1.);
#2891 = DIRECTION('',(-0.,-0.,-1.));
#2892 = ADVANCED_FACE('',(#2893),#2920,.F.);
#2893 = FACE_BOUND('',#2894,.F.);
#2894 = EDGE_LOOP('',(#2895,#2896,#2905,#2913));
#2895 = ORIENTED_EDGE('',*,*,#2874,.T.);
#2896 = ORIENTED_EDGE('',*,*,#2897,.T.);
#2897 = EDGE_CURVE('',#2868,#2898,#2900,.T.);
#2898 = VERTEX_POINT('',#2899);
#2899 = CARTESIAN_POINT('',(72.447245,-36.351754,2.05));
#2900 = B_SPLINE_CURVE_WITH_KNOTS('',3,(#2901,#2902,#2903,#2904),
  .UNSPECIFIED.,.F.,.F.,(4,4),(0.,1.),.PIECEWISE_BEZIER_KNOTS.);
#2901 = CARTESIAN_POINT('',(72.402285,-36.372944,2.05));
#2902 = CARTESIAN_POINT('',(72.418715,-36.369444,2.05));
#2903 = CARTESIAN_POINT('',(72.434105,-36.362214,2.05));
#2904 = CARTESIAN_POINT('',(72.447245,-36.351754,2.05));
#2905 = ORIENTED_EDGE('',*,*,#2906,.F.);
#2906 = EDGE_CURVE('',#2907,#2898,#2909,.T.);
#2907 = VERTEX_POINT('',#2908);
#2908 = CARTESIAN_POINT('',(72.447245,-36.351754,0.));
#2909 = LINE('',#2910,#2911);
#2910 = CARTESIAN_POINT('',(72.447245,-36.351754,0.));
#2911 = VECTOR('',#2912,1.);
#2912 = DIRECTION('',(0.,0.,1.));
#2913 = ORIENTED_EDGE('',*,*,#2914,.F.);
#2914 = EDGE_CURVE('',#2875,#2907,#2915,.T.);
#2915 = B_SPLINE_CURVE_WITH_KNOTS('',3,(#2916,#2917,#2918,#2919),
  .UNSPECIFIED.,.F.,.F.,(4,4),(0.,1.),.PIECEWISE_BEZIER_KNOTS.);
#2916 = CARTESIAN_POINT('',(72.402285,-36.372944,0.));
#2917 = CARTESIAN_POINT('',(72.418715,-36.369444,0.));
#2918 = CARTESIAN_POINT('',(72.434105,-36.362214,0.));
#2919 = CARTESIAN_POINT('',(72.447245,-36.351754,0.));
#2920 = SURFACE_OF_LINEAR_EXTRUSION('',#2921,#2926);
#2921 = B_SPLINE_CURVE_WITH_KNOTS('',3,(#2922,#2923,#2924,#2925),
  .UNSPECIFIED.,.F.,.F.,(4,4),(0.,1.),.PIECEWISE_BEZIER_KNOTS.);
#2922 = CARTESIAN_POINT('',(72.402285,-36.372944,0.));
#2923 = CARTESIAN_POINT('',(72.418715,-36.369444,0.));
#2924 = CARTESIAN_POINT('',(72.434105,-36.362214,0.));
#2925 = CARTESIAN_POINT('',(72.447245,-36.351754,0.));
#2926 = VECTOR('',#2927,1.);
#2927 = DIRECTION('',(-0.,-0.,-1.));
#2928 = ADVANCED_FACE('',(#2929),#2952,.F.);
#2929 = FACE_BOUND('',#2930,.F.);
#2930 = EDGE_LOOP('',(#2931,#2932,#2939,#2947));
#2931 = ORIENTED_EDGE('',*,*,#2906,.T.);
#2932 = ORIENTED_EDGE('',*,*,#2933,.T.);
#2933 = EDGE_CURVE('',#2898,#2934,#2936,.T.);
#2934 = VERTEX_POINT('',#2935);
#2935 = CARTESIAN_POINT('',(72.572302,-36.2422,2.05));
#2936 = B_SPLINE_CURVE_WITH_KNOTS('',1,(#2937,#2938),.UNSPECIFIED.,.F.,
  .F.,(2,2),(0.,0.16625682592),.PIECEWISE_BEZIER_KNOTS.);
#2937 = CARTESIAN_POINT('',(72.447245,-36.351754,2.05));
#2938 = CARTESIAN_POINT('',(72.572302,-36.2422,2.05));
#2939 = ORIENTED_EDGE('',*,*,#2940,.F.);
#2940 = EDGE_CURVE('',#2941,#2934,#2943,.T.);
#2941 = VERTEX_POINT('',#2942);
#2942 = CARTESIAN_POINT('',(72.572302,-36.2422,0.));
#2943 = LINE('',#2944,#2945);
#2944 = CARTESIAN_POINT('',(72.572302,-36.2422,0.));
#2945 = VECTOR('',#2946,1.);
#2946 = DIRECTION('',(0.,0.,1.));
#2947 = ORIENTED_EDGE('',*,*,#2948,.F.);
#2948 = EDGE_CURVE('',#2907,#2941,#2949,.T.);
#2949 = B_SPLINE_CURVE_WITH_KNOTS('',1,(#2950,#2951),.UNSPECIFIED.,.F.,
  .F.,(2,2),(0.,0.16625682592),.PIECEWISE_BEZIER_KNOTS.);
#2950 = CARTESIAN_POINT('',(72.447245,-36.351754,0.));
#2951 = CARTESIAN_POINT('',(72.572302,-36.2422,0.));
#2952 = SURFACE_OF_LINEAR_EXTRUSION('',#2953,#2956);
#2953 = B_SPLINE_CURVE_WITH_KNOTS('',1,(#2954,#2955),.UNSPECIFIED.,.F.,
  .F.,(2,2),(0.,0.16625682592),.PIECEWISE_BEZIER_KNOTS.);
#2954 = CARTESIAN_POINT('',(72.447245,-36.351754,0.));
#2955 = CARTESIAN_POINT('',(72.572302,-36.2422,0.));
#2956 = VECTOR('',#2957,1.);
#2957 = DIRECTION('',(-0.,-0.,-1.));
#2958 = ADVANCED_FACE('',(#2959),#2986,.F.);
#2959 = FACE_BOUND('',#2960,.F.);
#2960 = EDGE_LOOP('',(#2961,#2962,#2971,#2979));
#2961 = ORIENTED_EDGE('',*,*,#2940,.T.);
#2962 = ORIENTED_EDGE('',*,*,#2963,.T.);
#2963 = EDGE_CURVE('',#2934,#2964,#2966,.T.);
#2964 = VERTEX_POINT('',#2965);
#2965 = CARTESIAN_POINT('',(72.607442,-36.18381,2.05));
#2966 = B_SPLINE_CURVE_WITH_KNOTS('',3,(#2967,#2968,#2969,#2970),
  .UNSPECIFIED.,.F.,.F.,(4,4),(0.,1.),.PIECEWISE_BEZIER_KNOTS.);
#2967 = CARTESIAN_POINT('',(72.572302,-36.2422,2.05));
#2968 = CARTESIAN_POINT('',(72.590002,-36.22703,2.05));
#2969 = CARTESIAN_POINT('',(72.602332,-36.20655,2.05));
#2970 = CARTESIAN_POINT('',(72.607442,-36.18381,2.05));
#2971 = ORIENTED_EDGE('',*,*,#2972,.F.);
#2972 = EDGE_CURVE('',#2973,#2964,#2975,.T.);
#2973 = VERTEX_POINT('',#2974);
#2974 = CARTESIAN_POINT('',(72.607442,-36.18381,0.));
#2975 = LINE('',#2976,#2977);
#2976 = CARTESIAN_POINT('',(72.607442,-36.18381,0.));
#2977 = VECTOR('',#2978,1.);
#2978 = DIRECTION('',(0.,0.,1.));
#2979 = ORIENTED_EDGE('',*,*,#2980,.F.);
#2980 = EDGE_CURVE('',#2941,#2973,#2981,.T.);
#2981 = B_SPLINE_CURVE_WITH_KNOTS('',3,(#2982,#2983,#2984,#2985),
  .UNSPECIFIED.,.F.,.F.,(4,4),(0.,1.),.PIECEWISE_BEZIER_KNOTS.);
#2982 = CARTESIAN_POINT('',(72.572302,-36.2422,0.));
#2983 = CARTESIAN_POINT('',(72.590002,-36.22703,0.));
#2984 = CARTESIAN_POINT('',(72.602332,-36.20655,0.));
#2985 = CARTESIAN_POINT('',(72.607442,-36.18381,0.));
#2986 = SURFACE_OF_LINEAR_EXTRUSION('',#2987,#2992);
#2987 = B_SPLINE_CURVE_WITH_KNOTS('',3,(#2988,#2989,#2990,#2991),
  .UNSPECIFIED.,.F.,.F.,(4,4),(0.,1.),.PIECEWISE_BEZIER_KNOTS.);
#2988 = CARTESIAN_POINT('',(72.572302,-36.2422,0.));
#2989 = CARTESIAN_POINT('',(72.590002,-36.22703,0.));
#2990 = CARTESIAN_POINT('',(72.602332,-36.20655,0.));
#2991 = CARTESIAN_POINT('',(72.607442,-36.18381,0.));
#2992 = VECTOR('',#2993,1.);
#2993 = DIRECTION('',(-0.,-0.,-1.));
#2994 = ADVANCED_FACE('',(#2995),#3018,.F.);
#2995 = FACE_BOUND('',#2996,.F.);
#2996 = EDGE_LOOP('',(#2997,#2998,#3005,#3013));
#2997 = ORIENTED_EDGE('',*,*,#2972,.T.);
#2998 = ORIENTED_EDGE('',*,*,#2999,.T.);
#2999 = EDGE_CURVE('',#2964,#3000,#3002,.T.);
#3000 = VERTEX_POINT('',#3001);
#3001 = CARTESIAN_POINT('',(72.644652,-36.021546,2.05));
#3002 = B_SPLINE_CURVE_WITH_KNOTS('',1,(#3003,#3004),.UNSPECIFIED.,.F.,
  .F.,(2,2),(0.,0.166475793424),.PIECEWISE_BEZIER_KNOTS.);
#3003 = CARTESIAN_POINT('',(72.607442,-36.18381,2.05));
#3004 = CARTESIAN_POINT('',(72.644652,-36.021546,2.05));
#3005 = ORIENTED_EDGE('',*,*,#3006,.F.);
#3006 = EDGE_CURVE('',#3007,#3000,#3009,.T.);
#3007 = VERTEX_POINT('',#3008);
#3008 = CARTESIAN_POINT('',(72.644652,-36.021546,0.));
#3009 = LINE('',#3010,#3011);
#3010 = CARTESIAN_POINT('',(72.644652,-36.021546,0.));
#3011 = VECTOR('',#3012,1.);
#3012 = DIRECTION('',(0.,0.,1.));
#3013 = ORIENTED_EDGE('',*,*,#3014,.F.);
#3014 = EDGE_CURVE('',#2973,#3007,#3015,.T.);
#3015 = B_SPLINE_CURVE_WITH_KNOTS('',1,(#3016,#3017),.UNSPECIFIED.,.F.,
  .F.,(2,2),(0.,0.166475793424),.PIECEWISE_BEZIER_KNOTS.);
#3016 = CARTESIAN_POINT('',(72.607442,-36.18381,0.));
#3017 = CARTESIAN_POINT('',(72.644652,-36.021546,0.));
#3018 = SURFACE_OF_LINEAR_EXTRUSION('',#3019,#3022);
#3019 = B_SPLINE_CURVE_WITH_KNOTS('',1,(#3020,#3021),.UNSPECIFIED.,.F.,
  .F.,(2,2),(0.,0.166475793424),.PIECEWISE_BEZIER_KNOTS.);
#3020 = CARTESIAN_POINT('',(72.607442,-36.18381,0.));
#3021 = CARTESIAN_POINT('',(72.644652,-36.021546,0.));
#3022 = VECTOR('',#3023,1.);
#3023 = DIRECTION('',(-0.,-0.,-1.));
#3024 = ADVANCED_FACE('',(#3025),#3052,.F.);
#3025 = FACE_BOUND('',#3026,.F.);
#3026 = EDGE_LOOP('',(#3027,#3028,#3037,#3045));
#3027 = ORIENTED_EDGE('',*,*,#3006,.T.);
#3028 = ORIENTED_EDGE('',*,*,#3029,.T.);
#3029 = EDGE_CURVE('',#3000,#3030,#3032,.T.);
#3030 = VERTEX_POINT('',#3031);
#3031 = CARTESIAN_POINT('',(72.646752,-35.986406,2.05));
#3032 = B_SPLINE_CURVE_WITH_KNOTS('',3,(#3033,#3034,#3035,#3036),
  .UNSPECIFIED.,.F.,.F.,(4,4),(0.,1.),.PIECEWISE_BEZIER_KNOTS.);
#3033 = CARTESIAN_POINT('',(72.644652,-36.021546,2.05));
#3034 = CARTESIAN_POINT('',(72.647252,-36.010026,2.05));
#3035 = CARTESIAN_POINT('',(72.647952,-35.998156,2.05));
#3036 = CARTESIAN_POINT('',(72.646752,-35.986406,2.05));
#3037 = ORIENTED_EDGE('',*,*,#3038,.F.);
#3038 = EDGE_CURVE('',#3039,#3030,#3041,.T.);
#3039 = VERTEX_POINT('',#3040);
#3040 = CARTESIAN_POINT('',(72.646752,-35.986406,0.));
#3041 = LINE('',#3042,#3043);
#3042 = CARTESIAN_POINT('',(72.646752,-35.986406,0.));
#3043 = VECTOR('',#3044,1.);
#3044 = DIRECTION('',(0.,0.,1.));
#3045 = ORIENTED_EDGE('',*,*,#3046,.F.);
#3046 = EDGE_CURVE('',#3007,#3039,#3047,.T.);
#3047 = B_SPLINE_CURVE_WITH_KNOTS('',3,(#3048,#3049,#3050,#3051),
  .UNSPECIFIED.,.F.,.F.,(4,4),(0.,1.),.PIECEWISE_BEZIER_KNOTS.);
#3048 = CARTESIAN_POINT('',(72.644652,-36.021546,0.));
#3049 = CARTESIAN_POINT('',(72.647252,-36.010026,0.));
#3050 = CARTESIAN_POINT('',(72.647952,-35.998156,0.));
#3051 = CARTESIAN_POINT('',(72.646752,-35.986406,0.));
#3052 = SURFACE_OF_LINEAR_EXTRUSION('',#3053,#3058);
#3053 = B_SPLINE_CURVE_WITH_KNOTS('',3,(#3054,#3055,#3056,#3057),
  .UNSPECIFIED.,.F.,.F.,(4,4),(0.,1.),.PIECEWISE_BEZIER_KNOTS.);
#3054 = CARTESIAN_POINT('',(72.644652,-36.021546,0.));
#3055 = CARTESIAN_POINT('',(72.647252,-36.010026,0.));
#3056 = CARTESIAN_POINT('',(72.647952,-35.998156,0.));
#3057 = CARTESIAN_POINT('',(72.646752,-35.986406,0.));
#3058 = VECTOR('',#3059,1.);
#3059 = DIRECTION('',(-0.,-0.,-1.));
#3060 = ADVANCED_FACE('',(#3061),#3084,.F.);
#3061 = FACE_BOUND('',#3062,.F.);
#3062 = EDGE_LOOP('',(#3063,#3064,#3071,#3079));
#3063 = ORIENTED_EDGE('',*,*,#3038,.T.);
#3064 = ORIENTED_EDGE('',*,*,#3065,.T.);
#3065 = EDGE_CURVE('',#3030,#3066,#3068,.T.);
#3066 = VERTEX_POINT('',#3067);
#3067 = CARTESIAN_POINT('',(72.646752,-33.982911,2.05));
#3068 = B_SPLINE_CURVE_WITH_KNOTS('',1,(#3069,#3070),.UNSPECIFIED.,.F.,
  .F.,(2,2),(0.,2.003495),.PIECEWISE_BEZIER_KNOTS.);
#3069 = CARTESIAN_POINT('',(72.646752,-35.986406,2.05));
#3070 = CARTESIAN_POINT('',(72.646752,-33.982911,2.05));
#3071 = ORIENTED_EDGE('',*,*,#3072,.F.);
#3072 = EDGE_CURVE('',#3073,#3066,#3075,.T.);
#3073 = VERTEX_POINT('',#3074);
#3074 = CARTESIAN_POINT('',(72.646752,-33.982911,0.));
#3075 = LINE('',#3076,#3077);
#3076 = CARTESIAN_POINT('',(72.646752,-33.982911,0.));
#3077 = VECTOR('',#3078,1.);
#3078 = DIRECTION('',(0.,0.,1.));
#3079 = ORIENTED_EDGE('',*,*,#3080,.F.);
#3080 = EDGE_CURVE('',#3039,#3073,#3081,.T.);
#3081 = B_SPLINE_CURVE_WITH_KNOTS('',1,(#3082,#3083),.UNSPECIFIED.,.F.,
  .F.,(2,2),(0.,2.003495),.PIECEWISE_BEZIER_KNOTS.);
#3082 = CARTESIAN_POINT('',(72.646752,-35.986406,0.));
#3083 = CARTESIAN_POINT('',(72.646752,-33.982911,0.));
#3084 = SURFACE_OF_LINEAR_EXTRUSION('',#3085,#3088);
#3085 = B_SPLINE_CURVE_WITH_KNOTS('',1,(#3086,#3087),.UNSPECIFIED.,.F.,
  .F.,(2,2),(0.,2.003495),.PIECEWISE_BEZIER_KNOTS.);
#3086 = CARTESIAN_POINT('',(72.646752,-35.986406,0.));
#3087 = CARTESIAN_POINT('',(72.646752,-33.982911,0.));
#3088 = VECTOR('',#3089,1.);
#3089 = DIRECTION('',(-0.,-0.,-1.));
#3090 = ADVANCED_FACE('',(#3091),#3118,.F.);
#3091 = FACE_BOUND('',#3092,.F.);
#3092 = EDGE_LOOP('',(#3093,#3094,#3103,#3111));
#3093 = ORIENTED_EDGE('',*,*,#3072,.T.);
#3094 = ORIENTED_EDGE('',*,*,#3095,.T.);
#3095 = EDGE_CURVE('',#3066,#3096,#3098,.T.);
#3096 = VERTEX_POINT('',#3097);
#3097 = CARTESIAN_POINT('',(72.646752,-33.980311,2.05));
#3098 = B_SPLINE_CURVE_WITH_KNOTS('',3,(#3099,#3100,#3101,#3102),
  .UNSPECIFIED.,.F.,.F.,(4,4),(0.,1.),.PIECEWISE_BEZIER_KNOTS.);
#3099 = CARTESIAN_POINT('',(72.646752,-33.982911,2.05));
#3100 = CARTESIAN_POINT('',(72.646762,-33.98205,2.05));
#3101 = CARTESIAN_POINT('',(72.646762,-33.981211,2.05));
#3102 = CARTESIAN_POINT('',(72.646752,-33.980311,2.05));
#3103 = ORIENTED_EDGE('',*,*,#3104,.F.);
#3104 = EDGE_CURVE('',#3105,#3096,#3107,.T.);
#3105 = VERTEX_POINT('',#3106);
#3106 = CARTESIAN_POINT('',(72.646752,-33.980311,0.));
#3107 = LINE('',#3108,#3109);
#3108 = CARTESIAN_POINT('',(72.646752,-33.980311,0.));
#3109 = VECTOR('',#3110,1.);
#3110 = DIRECTION('',(0.,0.,1.));
#3111 = ORIENTED_EDGE('',*,*,#3112,.F.);
#3112 = EDGE_CURVE('',#3073,#3105,#3113,.T.);
#3113 = B_SPLINE_CURVE_WITH_KNOTS('',3,(#3114,#3115,#3116,#3117),
  .UNSPECIFIED.,.F.,.F.,(4,4),(0.,1.),.PIECEWISE_BEZIER_KNOTS.);
#3114 = CARTESIAN_POINT('',(72.646752,-33.982911,0.));
#3115 = CARTESIAN_POINT('',(72.646762,-33.98205,0.));
#3116 = CARTESIAN_POINT('',(72.646762,-33.981211,0.));
#3117 = CARTESIAN_POINT('',(72.646752,-33.980311,0.));
#3118 = SURFACE_OF_LINEAR_EXTRUSION('',#3119,#3124);
#3119 = B_SPLINE_CURVE_WITH_KNOTS('',3,(#3120,#3121,#3122,#3123),
  .UNSPECIFIED.,.F.,.F.,(4,4),(0.,1.),.PIECEWISE_BEZIER_KNOTS.);
#3120 = CARTESIAN_POINT('',(72.646752,-33.982911,0.));
#3121 = CARTESIAN_POINT('',(72.646762,-33.98205,0.));
#3122 = CARTESIAN_POINT('',(72.646762,-33.981211,0.));
#3123 = CARTESIAN_POINT('',(72.646752,-33.980311,0.));
#3124 = VECTOR('',#3125,1.);
#3125 = DIRECTION('',(-0.,-0.,-1.));
#3126 = ADVANCED_FACE('',(#3127),#3154,.F.);
#3127 = FACE_BOUND('',#3128,.F.);
#3128 = EDGE_LOOP('',(#3129,#3130,#3139,#3147));
#3129 = ORIENTED_EDGE('',*,*,#3104,.T.);
#3130 = ORIENTED_EDGE('',*,*,#3131,.T.);
#3131 = EDGE_CURVE('',#3096,#3132,#3134,.T.);
#3132 = VERTEX_POINT('',#3133);
#3133 = CARTESIAN_POINT('',(72.539265,-33.872824,2.05));
#3134 = B_SPLINE_CURVE_WITH_KNOTS('',3,(#3135,#3136,#3137,#3138),
  .UNSPECIFIED.,.F.,.F.,(4,4),(0.,1.),.PIECEWISE_BEZIER_KNOTS.);
#3135 = CARTESIAN_POINT('',(72.646752,-33.980311,2.05));
#3136 = CARTESIAN_POINT('',(72.646415,-33.921091,2.05));
#3137 = CARTESIAN_POINT('',(72.598492,-33.873161,2.05));
#3138 = CARTESIAN_POINT('',(72.539265,-33.872824,2.05));
#3139 = ORIENTED_EDGE('',*,*,#3140,.F.);
#3140 = EDGE_CURVE('',#3141,#3132,#3143,.T.);
#3141 = VERTEX_POINT('',#3142);
#3142 = CARTESIAN_POINT('',(72.539265,-33.872824,0.));
#3143 = LINE('',#3144,#3145);
#3144 = CARTESIAN_POINT('',(72.539265,-33.872824,0.));
#3145 = VECTOR('',#3146,1.);
#3146 = DIRECTION('',(0.,0.,1.));
#3147 = ORIENTED_EDGE('',*,*,#3148,.F.);
#3148 = EDGE_CURVE('',#3105,#3141,#3149,.T.);
#3149 = B_SPLINE_CURVE_WITH_KNOTS('',3,(#3150,#3151,#3152,#3153),
  .UNSPECIFIED.,.F.,.F.,(4,4),(0.,1.),.PIECEWISE_BEZIER_KNOTS.);
#3150 = CARTESIAN_POINT('',(72.646752,-33.980311,0.));
#3151 = CARTESIAN_POINT('',(72.646415,-33.921091,0.));
#3152 = CARTESIAN_POINT('',(72.598492,-33.873161,0.));
#3153 = CARTESIAN_POINT('',(72.539265,-33.872824,0.));
#3154 = SURFACE_OF_LINEAR_EXTRUSION('',#3155,#3160);
#3155 = B_SPLINE_CURVE_WITH_KNOTS('',3,(#3156,#3157,#3158,#3159),
  .UNSPECIFIED.,.F.,.F.,(4,4),(0.,1.),.PIECEWISE_BEZIER_KNOTS.);
#3156 = CARTESIAN_POINT('',(72.646752,-33.980311,0.));
#3157 = CARTESIAN_POINT('',(72.646415,-33.921091,0.));
#3158 = CARTESIAN_POINT('',(72.598492,-33.873161,0.));
#3159 = CARTESIAN_POINT('',(72.539265,-33.872824,0.));
#3160 = VECTOR('',#3161,1.);
#3161 = DIRECTION('',(-0.,-0.,-1.));
#3162 = ADVANCED_FACE('',(#3163),#3186,.F.);
#3163 = FACE_BOUND('',#3164,.F.);
#3164 = EDGE_LOOP('',(#3165,#3166,#3173,#3181));
#3165 = ORIENTED_EDGE('',*,*,#3140,.T.);
#3166 = ORIENTED_EDGE('',*,*,#3167,.T.);
#3167 = EDGE_CURVE('',#3132,#3168,#3170,.T.);
#3168 = VERTEX_POINT('',#3169);
#3169 = CARTESIAN_POINT('',(72.484485,-33.872824,2.05));
#3170 = B_SPLINE_CURVE_WITH_KNOTS('',1,(#3171,#3172),.UNSPECIFIED.,.F.,
  .F.,(2,2),(0.,5.477999999999E-02),.PIECEWISE_BEZIER_KNOTS.);
#3171 = CARTESIAN_POINT('',(72.539265,-33.872824,2.05));
#3172 = CARTESIAN_POINT('',(72.484485,-33.872824,2.05));
#3173 = ORIENTED_EDGE('',*,*,#3174,.F.);
#3174 = EDGE_CURVE('',#3175,#3168,#3177,.T.);
#3175 = VERTEX_POINT('',#3176);
#3176 = CARTESIAN_POINT('',(72.484485,-33.872824,0.));
#3177 = LINE('',#3178,#3179);
#3178 = CARTESIAN_POINT('',(72.484485,-33.872824,0.));
#3179 = VECTOR('',#3180,1.);
#3180 = DIRECTION('',(0.,0.,1.));
#3181 = ORIENTED_EDGE('',*,*,#3182,.F.);
#3182 = EDGE_CURVE('',#3141,#3175,#3183,.T.);
#3183 = B_SPLINE_CURVE_WITH_KNOTS('',1,(#3184,#3185),.UNSPECIFIED.,.F.,
  .F.,(2,2),(0.,5.477999999999E-02),.PIECEWISE_BEZIER_KNOTS.);
#3184 = CARTESIAN_POINT('',(72.539265,-33.872824,0.));
#3185 = CARTESIAN_POINT('',(72.484485,-33.872824,0.));
#3186 = SURFACE_OF_LINEAR_EXTRUSION('',#3187,#3190);
#3187 = B_SPLINE_CURVE_WITH_KNOTS('',1,(#3188,#3189),.UNSPECIFIED.,.F.,
  .F.,(2,2),(0.,5.477999999999E-02),.PIECEWISE_BEZIER_KNOTS.);
#3188 = CARTESIAN_POINT('',(72.539265,-33.872824,0.));
#3189 = CARTESIAN_POINT('',(72.484485,-33.872824,0.));
#3190 = VECTOR('',#3191,1.);
#3191 = DIRECTION('',(-0.,-0.,-1.));
#3192 = ADVANCED_FACE('',(#3193),#3216,.F.);
#3193 = FACE_BOUND('',#3194,.F.);
#3194 = EDGE_LOOP('',(#3195,#3196,#3203,#3211));
#3195 = ORIENTED_EDGE('',*,*,#3174,.T.);
#3196 = ORIENTED_EDGE('',*,*,#3197,.T.);
#3197 = EDGE_CURVE('',#3168,#3198,#3200,.T.);
#3198 = VERTEX_POINT('',#3199);
#3199 = CARTESIAN_POINT('',(72.484485,-2.5409302,2.05));
#3200 = B_SPLINE_CURVE_WITH_KNOTS('',1,(#3201,#3202),.UNSPECIFIED.,.F.,
  .F.,(2,2),(0.,31.3318938),.PIECEWISE_BEZIER_KNOTS.);
#3201 = CARTESIAN_POINT('',(72.484485,-33.872824,2.05));
#3202 = CARTESIAN_POINT('',(72.484485,-2.5409302,2.05));
#3203 = ORIENTED_EDGE('',*,*,#3204,.F.);
#3204 = EDGE_CURVE('',#3205,#3198,#3207,.T.);
#3205 = VERTEX_POINT('',#3206);
#3206 = CARTESIAN_POINT('',(72.484485,-2.5409302,0.));
#3207 = LINE('',#3208,#3209);
#3208 = CARTESIAN_POINT('',(72.484485,-2.5409302,0.));
#3209 = VECTOR('',#3210,1.);
#3210 = DIRECTION('',(0.,0.,1.));
#3211 = ORIENTED_EDGE('',*,*,#3212,.F.);
#3212 = EDGE_CURVE('',#3175,#3205,#3213,.T.);
#3213 = B_SPLINE_CURVE_WITH_KNOTS('',1,(#3214,#3215),.UNSPECIFIED.,.F.,
  .F.,(2,2),(0.,31.3318938),.PIECEWISE_BEZIER_KNOTS.);
#3214 = CARTESIAN_POINT('',(72.484485,-33.872824,0.));
#3215 = CARTESIAN_POINT('',(72.484485,-2.5409302,0.));
#3216 = SURFACE_OF_LINEAR_EXTRUSION('',#3217,#3220);
#3217 = B_SPLINE_CURVE_WITH_KNOTS('',1,(#3218,#3219),.UNSPECIFIED.,.F.,
  .F.,(2,2),(0.,31.3318938),.PIECEWISE_BEZIER_KNOTS.);
#3218 = CARTESIAN_POINT('',(72.484485,-33.872824,0.));
#3219 = CARTESIAN_POINT('',(72.484485,-2.5409302,0.));
#3220 = VECTOR('',#3221,1.);
#3221 = DIRECTION('',(-0.,-0.,-1.));
#3222 = ADVANCED_FACE('',(#3223),#3246,.F.);
#3223 = FACE_BOUND('',#3224,.F.);
#3224 = EDGE_LOOP('',(#3225,#3226,#3233,#3241));
#3225 = ORIENTED_EDGE('',*,*,#3204,.T.);
#3226 = ORIENTED_EDGE('',*,*,#3227,.T.);
#3227 = EDGE_CURVE('',#3198,#3228,#3230,.T.);
#3228 = VERTEX_POINT('',#3229);
#3229 = CARTESIAN_POINT('',(72.536675,-2.5409302,2.05));
#3230 = B_SPLINE_CURVE_WITH_KNOTS('',1,(#3231,#3232),.UNSPECIFIED.,.F.,
  .F.,(2,2),(0.,5.219E-02),.PIECEWISE_BEZIER_KNOTS.);
#3231 = CARTESIAN_POINT('',(72.484485,-2.5409302,2.05));
#3232 = CARTESIAN_POINT('',(72.536675,-2.5409302,2.05));
#3233 = ORIENTED_EDGE('',*,*,#3234,.F.);
#3234 = EDGE_CURVE('',#3235,#3228,#3237,.T.);
#3235 = VERTEX_POINT('',#3236);
#3236 = CARTESIAN_POINT('',(72.536675,-2.5409302,0.));
#3237 = LINE('',#3238,#3239);
#3238 = CARTESIAN_POINT('',(72.536675,-2.5409302,0.));
#3239 = VECTOR('',#3240,1.);
#3240 = DIRECTION('',(0.,0.,1.));
#3241 = ORIENTED_EDGE('',*,*,#3242,.F.);
#3242 = EDGE_CURVE('',#3205,#3235,#3243,.T.);
#3243 = B_SPLINE_CURVE_WITH_KNOTS('',1,(#3244,#3245),.UNSPECIFIED.,.F.,
  .F.,(2,2),(0.,5.219E-02),.PIECEWISE_BEZIER_KNOTS.);
#3244 = CARTESIAN_POINT('',(72.484485,-2.5409302,0.));
#3245 = CARTESIAN_POINT('',(72.536675,-2.5409302,0.));
#3246 = SURFACE_OF_LINEAR_EXTRUSION('',#3247,#3250);
#3247 = B_SPLINE_CURVE_WITH_KNOTS('',1,(#3248,#3249),.UNSPECIFIED.,.F.,
  .F.,(2,2),(0.,5.219E-02),.PIECEWISE_BEZIER_KNOTS.);
#3248 = CARTESIAN_POINT('',(72.484485,-2.5409302,0.));
#3249 = CARTESIAN_POINT('',(72.536675,-2.5409302,0.));
#3250 = VECTOR('',#3251,1.);
#3251 = DIRECTION('',(-0.,-0.,-1.));
#3252 = ADVANCED_FACE('',(#3253),#3276,.F.);
#3253 = FACE_BOUND('',#3254,.F.);
#3254 = EDGE_LOOP('',(#3255,#3256,#3263,#3271));
#3255 = ORIENTED_EDGE('',*,*,#3234,.T.);
#3256 = ORIENTED_EDGE('',*,*,#3257,.T.);
#3257 = EDGE_CURVE('',#3228,#3258,#3260,.T.);
#3258 = VERTEX_POINT('',#3259);
#3259 = CARTESIAN_POINT('',(72.539275,-2.5409302,2.05));
#3260 = B_SPLINE_CURVE_WITH_KNOTS('',1,(#3261,#3262),.UNSPECIFIED.,.F.,
  .F.,(2,2),(0.,2.600000000001E-03),.PIECEWISE_BEZIER_KNOTS.);
#3261 = CARTESIAN_POINT('',(72.536675,-2.5409302,2.05));
#3262 = CARTESIAN_POINT('',(72.539275,-2.5409302,2.05));
#3263 = ORIENTED_EDGE('',*,*,#3264,.F.);
#3264 = EDGE_CURVE('',#3265,#3258,#3267,.T.);
#3265 = VERTEX_POINT('',#3266);
#3266 = CARTESIAN_POINT('',(72.539275,-2.5409302,0.));
#3267 = LINE('',#3268,#3269);
#3268 = CARTESIAN_POINT('',(72.539275,-2.5409302,0.));
#3269 = VECTOR('',#3270,1.);
#3270 = DIRECTION('',(0.,0.,1.));
#3271 = ORIENTED_EDGE('',*,*,#3272,.F.);
#3272 = EDGE_CURVE('',#3235,#3265,#3273,.T.);
#3273 = B_SPLINE_CURVE_WITH_KNOTS('',1,(#3274,#3275),.UNSPECIFIED.,.F.,
  .F.,(2,2),(0.,2.600000000001E-03),.PIECEWISE_BEZIER_KNOTS.);
#3274 = CARTESIAN_POINT('',(72.536675,-2.5409302,0.));
#3275 = CARTESIAN_POINT('',(72.539275,-2.5409302,0.));
#3276 = SURFACE_OF_LINEAR_EXTRUSION('',#3277,#3280);
#3277 = B_SPLINE_CURVE_WITH_KNOTS('',1,(#3278,#3279),.UNSPECIFIED.,.F.,
  .F.,(2,2),(0.,2.600000000001E-03),.PIECEWISE_BEZIER_KNOTS.);
#3278 = CARTESIAN_POINT('',(72.536675,-2.5409302,0.));
#3279 = CARTESIAN_POINT('',(72.539275,-2.5409302,0.));
#3280 = VECTOR('',#3281,1.);
#3281 = DIRECTION('',(-0.,-0.,-1.));
#3282 = ADVANCED_FACE('',(#3283),#3310,.F.);
#3283 = FACE_BOUND('',#3284,.F.);
#3284 = EDGE_LOOP('',(#3285,#3286,#3295,#3303));
#3285 = ORIENTED_EDGE('',*,*,#3264,.T.);
#3286 = ORIENTED_EDGE('',*,*,#3287,.T.);
#3287 = EDGE_CURVE('',#3258,#3288,#3290,.T.);
#3288 = VERTEX_POINT('',#3289);
#3289 = CARTESIAN_POINT('',(72.646762,-2.4318929,2.05));
#3290 = B_SPLINE_CURVE_WITH_KNOTS('',3,(#3291,#3292,#3293,#3294),
  .UNSPECIFIED.,.F.,.F.,(4,4),(0.,1.),.PIECEWISE_BEZIER_KNOTS.);
#3291 = CARTESIAN_POINT('',(72.539275,-2.5409302,2.05));
#3292 = CARTESIAN_POINT('',(72.599105,-2.5405907,2.05));
#3293 = CARTESIAN_POINT('',(72.647279,-2.4917202,2.05));
#3294 = CARTESIAN_POINT('',(72.646762,-2.4318929,2.05));
#3295 = ORIENTED_EDGE('',*,*,#3296,.F.);
#3296 = EDGE_CURVE('',#3297,#3288,#3299,.T.);
#3297 = VERTEX_POINT('',#3298);
#3298 = CARTESIAN_POINT('',(72.646762,-2.4318929,0.));
#3299 = LINE('',#3300,#3301);
#3300 = CARTESIAN_POINT('',(72.646762,-2.4318929,0.));
#3301 = VECTOR('',#3302,1.);
#3302 = DIRECTION('',(0.,0.,1.));
#3303 = ORIENTED_EDGE('',*,*,#3304,.F.);
#3304 = EDGE_CURVE('',#3265,#3297,#3305,.T.);
#3305 = B_SPLINE_CURVE_WITH_KNOTS('',3,(#3306,#3307,#3308,#3309),
  .UNSPECIFIED.,.F.,.F.,(4,4),(0.,1.),.PIECEWISE_BEZIER_KNOTS.);
#3306 = CARTESIAN_POINT('',(72.539275,-2.5409302,0.));
#3307 = CARTESIAN_POINT('',(72.599105,-2.5405907,0.));
#3308 = CARTESIAN_POINT('',(72.647279,-2.4917202,0.));
#3309 = CARTESIAN_POINT('',(72.646762,-2.4318929,0.));
#3310 = SURFACE_OF_LINEAR_EXTRUSION('',#3311,#3316);
#3311 = B_SPLINE_CURVE_WITH_KNOTS('',3,(#3312,#3313,#3314,#3315),
  .UNSPECIFIED.,.F.,.F.,(4,4),(0.,1.),.PIECEWISE_BEZIER_KNOTS.);
#3312 = CARTESIAN_POINT('',(72.539275,-2.5409302,0.));
#3313 = CARTESIAN_POINT('',(72.599105,-2.5405907,0.));
#3314 = CARTESIAN_POINT('',(72.647279,-2.4917202,0.));
#3315 = CARTESIAN_POINT('',(72.646762,-2.4318929,0.));
#3316 = VECTOR('',#3317,1.);
#3317 = DIRECTION('',(-0.,-0.,-1.));
#3318 = ADVANCED_FACE('',(#3319),#3342,.F.);
#3319 = FACE_BOUND('',#3320,.F.);
#3320 = EDGE_LOOP('',(#3321,#3322,#3329,#3337));
#3321 = ORIENTED_EDGE('',*,*,#3296,.T.);
#3322 = ORIENTED_EDGE('',*,*,#3323,.T.);
#3323 = EDGE_CURVE('',#3288,#3324,#3326,.T.);
#3324 = VERTEX_POINT('',#3325);
#3325 = CARTESIAN_POINT('',(72.646762,-0.42529704,2.05));
#3326 = B_SPLINE_CURVE_WITH_KNOTS('',1,(#3327,#3328),.UNSPECIFIED.,.F.,
  .F.,(2,2),(0.,2.00659586),.PIECEWISE_BEZIER_KNOTS.);
#3327 = CARTESIAN_POINT('',(72.646762,-2.4318929,2.05));
#3328 = CARTESIAN_POINT('',(72.646762,-0.42529704,2.05));
#3329 = ORIENTED_EDGE('',*,*,#3330,.F.);
#3330 = EDGE_CURVE('',#3331,#3324,#3333,.T.);
#3331 = VERTEX_POINT('',#3332);
#3332 = CARTESIAN_POINT('',(72.646762,-0.42529704,0.));
#3333 = LINE('',#3334,#3335);
#3334 = CARTESIAN_POINT('',(72.646762,-0.42529704,0.));
#3335 = VECTOR('',#3336,1.);
#3336 = DIRECTION('',(0.,0.,1.));
#3337 = ORIENTED_EDGE('',*,*,#3338,.F.);
#3338 = EDGE_CURVE('',#3297,#3331,#3339,.T.);
#3339 = B_SPLINE_CURVE_WITH_KNOTS('',1,(#3340,#3341),.UNSPECIFIED.,.F.,
  .F.,(2,2),(0.,2.00659586),.PIECEWISE_BEZIER_KNOTS.);
#3340 = CARTESIAN_POINT('',(72.646762,-2.4318929,0.));
#3341 = CARTESIAN_POINT('',(72.646762,-0.42529704,0.));
#3342 = SURFACE_OF_LINEAR_EXTRUSION('',#3343,#3346);
#3343 = B_SPLINE_CURVE_WITH_KNOTS('',1,(#3344,#3345),.UNSPECIFIED.,.F.,
  .F.,(2,2),(0.,2.00659586),.PIECEWISE_BEZIER_KNOTS.);
#3344 = CARTESIAN_POINT('',(72.646762,-2.4318929,0.));
#3345 = CARTESIAN_POINT('',(72.646762,-0.42529704,0.));
#3346 = VECTOR('',#3347,1.);
#3347 = DIRECTION('',(-0.,-0.,-1.));
#3348 = ADVANCED_FACE('',(#3349),#3376,.F.);
#3349 = FACE_BOUND('',#3350,.F.);
#3350 = EDGE_LOOP('',(#3351,#3352,#3361,#3369));
#3351 = ORIENTED_EDGE('',*,*,#3330,.T.);
#3352 = ORIENTED_EDGE('',*,*,#3353,.T.);
#3353 = EDGE_CURVE('',#3324,#3354,#3356,.T.);
#3354 = VERTEX_POINT('',#3355);
#3355 = CARTESIAN_POINT('',(72.645762,-0.39997554,2.05));
#3356 = B_SPLINE_CURVE_WITH_KNOTS('',3,(#3357,#3358,#3359,#3360),
  .UNSPECIFIED.,.F.,.F.,(4,4),(0.,1.),.PIECEWISE_BEZIER_KNOTS.);
#3357 = CARTESIAN_POINT('',(72.646762,-0.42529704,2.05));
#3358 = CARTESIAN_POINT('',(72.647411,-0.41684504,2.05));
#3359 = CARTESIAN_POINT('',(72.647064,-0.40834634,2.05));
#3360 = CARTESIAN_POINT('',(72.645762,-0.39997554,2.05));
#3361 = ORIENTED_EDGE('',*,*,#3362,.F.);
#3362 = EDGE_CURVE('',#3363,#3354,#3365,.T.);
#3363 = VERTEX_POINT('',#3364);
#3364 = CARTESIAN_POINT('',(72.645762,-0.39997554,0.));
#3365 = LINE('',#3366,#3367);
#3366 = CARTESIAN_POINT('',(72.645762,-0.39997554,0.));
#3367 = VECTOR('',#3368,1.);
#3368 = DIRECTION('',(0.,0.,1.));
#3369 = ORIENTED_EDGE('',*,*,#3370,.F.);
#3370 = EDGE_CURVE('',#3331,#3363,#3371,.T.);
#3371 = B_SPLINE_CURVE_WITH_KNOTS('',3,(#3372,#3373,#3374,#3375),
  .UNSPECIFIED.,.F.,.F.,(4,4),(0.,1.),.PIECEWISE_BEZIER_KNOTS.);
#3372 = CARTESIAN_POINT('',(72.646762,-0.42529704,0.));
#3373 = CARTESIAN_POINT('',(72.647411,-0.41684504,0.));
#3374 = CARTESIAN_POINT('',(72.647064,-0.40834634,0.));
#3375 = CARTESIAN_POINT('',(72.645762,-0.39997554,0.));
#3376 = SURFACE_OF_LINEAR_EXTRUSION('',#3377,#3382);
#3377 = B_SPLINE_CURVE_WITH_KNOTS('',3,(#3378,#3379,#3380,#3381),
  .UNSPECIFIED.,.F.,.F.,(4,4),(0.,1.),.PIECEWISE_BEZIER_KNOTS.);
#3378 = CARTESIAN_POINT('',(72.646762,-0.42529704,0.));
#3379 = CARTESIAN_POINT('',(72.647411,-0.41684504,0.));
#3380 = CARTESIAN_POINT('',(72.647064,-0.40834634,0.));
#3381 = CARTESIAN_POINT('',(72.645762,-0.39997554,0.));
#3382 = VECTOR('',#3383,1.);
#3383 = DIRECTION('',(-0.,-0.,-1.));
#3384 = ADVANCED_FACE('',(#3385),#3412,.F.);
#3385 = FACE_BOUND('',#3386,.F.);
#3386 = EDGE_LOOP('',(#3387,#3388,#3397,#3405));
#3387 = ORIENTED_EDGE('',*,*,#3362,.T.);
#3388 = ORIENTED_EDGE('',*,*,#3389,.T.);
#3389 = EDGE_CURVE('',#3354,#3390,#3392,.T.);
#3390 = VERTEX_POINT('',#3391);
#3391 = CARTESIAN_POINT('',(72.644762,-0.39067354,2.05));
#3392 = B_SPLINE_CURVE_WITH_KNOTS('',3,(#3393,#3394,#3395,#3396),
  .UNSPECIFIED.,.F.,.F.,(4,4),(0.,1.),.PIECEWISE_BEZIER_KNOTS.);
#3393 = CARTESIAN_POINT('',(72.645762,-0.39997554,2.05));
#3394 = CARTESIAN_POINT('',(72.645552,-0.39686154,2.05));
#3395 = CARTESIAN_POINT('',(72.645207,-0.39375754,2.05));
#3396 = CARTESIAN_POINT('',(72.644762,-0.39067354,2.05));
#3397 = ORIENTED_EDGE('',*,*,#3398,.F.);
#3398 = EDGE_CURVE('',#3399,#3390,#3401,.T.);
#3399 = VERTEX_POINT('',#3400);
#3400 = CARTESIAN_POINT('',(72.644762,-0.39067354,0.));
#3401 = LINE('',#3402,#3403);
#3402 = CARTESIAN_POINT('',(72.644762,-0.39067354,0.));
#3403 = VECTOR('',#3404,1.);
#3404 = DIRECTION('',(0.,0.,1.));
#3405 = ORIENTED_EDGE('',*,*,#3406,.F.);
#3406 = EDGE_CURVE('',#3363,#3399,#3407,.T.);
#3407 = B_SPLINE_CURVE_WITH_KNOTS('',3,(#3408,#3409,#3410,#3411),
  .UNSPECIFIED.,.F.,.F.,(4,4),(0.,1.),.PIECEWISE_BEZIER_KNOTS.);
#3408 = CARTESIAN_POINT('',(72.645762,-0.39997554,0.));
#3409 = CARTESIAN_POINT('',(72.645552,-0.39686154,0.));
#3410 = CARTESIAN_POINT('',(72.645207,-0.39375754,0.));
#3411 = CARTESIAN_POINT('',(72.644762,-0.39067354,0.));
#3412 = SURFACE_OF_LINEAR_EXTRUSION('',#3413,#3418);
#3413 = B_SPLINE_CURVE_WITH_KNOTS('',3,(#3414,#3415,#3416,#3417),
  .UNSPECIFIED.,.F.,.F.,(4,4),(0.,1.),.PIECEWISE_BEZIER_KNOTS.);
#3414 = CARTESIAN_POINT('',(72.645762,-0.39997554,0.));
#3415 = CARTESIAN_POINT('',(72.645552,-0.39686154,0.));
#3416 = CARTESIAN_POINT('',(72.645207,-0.39375754,0.));
#3417 = CARTESIAN_POINT('',(72.644762,-0.39067354,0.));
#3418 = VECTOR('',#3419,1.);
#3419 = DIRECTION('',(-0.,-0.,-1.));
#3420 = ADVANCED_FACE('',(#3421),#3444,.F.);
#3421 = FACE_BOUND('',#3422,.F.);
#3422 = EDGE_LOOP('',(#3423,#3424,#3431,#3439));
#3423 = ORIENTED_EDGE('',*,*,#3398,.T.);
#3424 = ORIENTED_EDGE('',*,*,#3425,.T.);
#3425 = EDGE_CURVE('',#3390,#3426,#3428,.T.);
#3426 = VERTEX_POINT('',#3427);
#3427 = CARTESIAN_POINT('',(72.607552,-0.22840954,2.05));
#3428 = B_SPLINE_CURVE_WITH_KNOTS('',1,(#3429,#3430),.UNSPECIFIED.,.F.,
  .F.,(2,2),(0.,0.166475793424),.PIECEWISE_BEZIER_KNOTS.);
#3429 = CARTESIAN_POINT('',(72.644762,-0.39067354,2.05));
#3430 = CARTESIAN_POINT('',(72.607552,-0.22840954,2.05));
#3431 = ORIENTED_EDGE('',*,*,#3432,.F.);
#3432 = EDGE_CURVE('',#3433,#3426,#3435,.T.);
#3433 = VERTEX_POINT('',#3434);
#3434 = CARTESIAN_POINT('',(72.607552,-0.22840954,0.));
#3435 = LINE('',#3436,#3437);
#3436 = CARTESIAN_POINT('',(72.607552,-0.22840954,0.));
#3437 = VECTOR('',#3438,1.);
#3438 = DIRECTION('',(0.,0.,1.));
#3439 = ORIENTED_EDGE('',*,*,#3440,.F.);
#3440 = EDGE_CURVE('',#3399,#3433,#3441,.T.);
#3441 = B_SPLINE_CURVE_WITH_KNOTS('',1,(#3442,#3443),.UNSPECIFIED.,.F.,
  .F.,(2,2),(0.,0.166475793424),.PIECEWISE_BEZIER_KNOTS.);
#3442 = CARTESIAN_POINT('',(72.644762,-0.39067354,0.));
#3443 = CARTESIAN_POINT('',(72.607552,-0.22840954,0.));
#3444 = SURFACE_OF_LINEAR_EXTRUSION('',#3445,#3448);
#3445 = B_SPLINE_CURVE_WITH_KNOTS('',1,(#3446,#3447),.UNSPECIFIED.,.F.,
  .F.,(2,2),(0.,0.166475793424),.PIECEWISE_BEZIER_KNOTS.);
#3446 = CARTESIAN_POINT('',(72.644762,-0.39067354,0.));
#3447 = CARTESIAN_POINT('',(72.607552,-0.22840954,0.));
#3448 = VECTOR('',#3449,1.);
#3449 = DIRECTION('',(-0.,-0.,-1.));
#3450 = ADVANCED_FACE('',(#3451),#3478,.F.);
#3451 = FACE_BOUND('',#3452,.F.);
#3452 = EDGE_LOOP('',(#3453,#3454,#3463,#3471));
#3453 = ORIENTED_EDGE('',*,*,#3432,.T.);
#3454 = ORIENTED_EDGE('',*,*,#3455,.T.);
#3455 = EDGE_CURVE('',#3426,#3456,#3458,.T.);
#3456 = VERTEX_POINT('',#3457);
#3457 = CARTESIAN_POINT('',(72.572412,-0.17001514,2.05));
#3458 = B_SPLINE_CURVE_WITH_KNOTS('',3,(#3459,#3460,#3461,#3462),
  .UNSPECIFIED.,.F.,.F.,(4,4),(0.,1.),.PIECEWISE_BEZIER_KNOTS.);
#3459 = CARTESIAN_POINT('',(72.607552,-0.22840954,2.05));
#3460 = CARTESIAN_POINT('',(72.602452,-0.20566534,2.05));
#3461 = CARTESIAN_POINT('',(72.590112,-0.18518254,2.05));
#3462 = CARTESIAN_POINT('',(72.572412,-0.17001514,2.05));
#3463 = ORIENTED_EDGE('',*,*,#3464,.F.);
#3464 = EDGE_CURVE('',#3465,#3456,#3467,.T.);
#3465 = VERTEX_POINT('',#3466);
#3466 = CARTESIAN_POINT('',(72.572412,-0.17001514,0.));
#3467 = LINE('',#3468,#3469);
#3468 = CARTESIAN_POINT('',(72.572412,-0.17001514,0.));
#3469 = VECTOR('',#3470,1.);
#3470 = DIRECTION('',(0.,0.,1.));
#3471 = ORIENTED_EDGE('',*,*,#3472,.F.);
#3472 = EDGE_CURVE('',#3433,#3465,#3473,.T.);
#3473 = B_SPLINE_CURVE_WITH_KNOTS('',3,(#3474,#3475,#3476,#3477),
  .UNSPECIFIED.,.F.,.F.,(4,4),(0.,1.),.PIECEWISE_BEZIER_KNOTS.);
#3474 = CARTESIAN_POINT('',(72.607552,-0.22840954,0.));
#3475 = CARTESIAN_POINT('',(72.602452,-0.20566534,0.));
#3476 = CARTESIAN_POINT('',(72.590112,-0.18518254,0.));
#3477 = CARTESIAN_POINT('',(72.572412,-0.17001514,0.));
#3478 = SURFACE_OF_LINEAR_EXTRUSION('',#3479,#3484);
#3479 = B_SPLINE_CURVE_WITH_KNOTS('',3,(#3480,#3481,#3482,#3483),
  .UNSPECIFIED.,.F.,.F.,(4,4),(0.,1.),.PIECEWISE_BEZIER_KNOTS.);
#3480 = CARTESIAN_POINT('',(72.607552,-0.22840954,0.));
#3481 = CARTESIAN_POINT('',(72.602452,-0.20566534,0.));
#3482 = CARTESIAN_POINT('',(72.590112,-0.18518254,0.));
#3483 = CARTESIAN_POINT('',(72.572412,-0.17001514,0.));
#3484 = VECTOR('',#3485,1.);
#3485 = DIRECTION('',(-0.,-0.,-1.));
#3486 = ADVANCED_FACE('',(#3487),#3510,.F.);
#3487 = FACE_BOUND('',#3488,.F.);
#3488 = EDGE_LOOP('',(#3489,#3490,#3497,#3505));
#3489 = ORIENTED_EDGE('',*,*,#3464,.T.);
#3490 = ORIENTED_EDGE('',*,*,#3491,.T.);
#3491 = EDGE_CURVE('',#3456,#3492,#3494,.T.);
#3492 = VERTEX_POINT('',#3493);
#3493 = CARTESIAN_POINT('',(72.447257,-6.252848E-02,2.05));
#3494 = B_SPLINE_CURVE_WITH_KNOTS('',1,(#3495,#3496),.UNSPECIFIED.,.F.,
  .F.,(2,2),(0.,0.164976228903),.PIECEWISE_BEZIER_KNOTS.);
#3495 = CARTESIAN_POINT('',(72.572412,-0.17001514,2.05));
#3496 = CARTESIAN_POINT('',(72.447257,-6.252848E-02,2.05));
#3497 = ORIENTED_EDGE('',*,*,#3498,.F.);
#3498 = EDGE_CURVE('',#3499,#3492,#3501,.T.);
#3499 = VERTEX_POINT('',#3500);
#3500 = CARTESIAN_POINT('',(72.447257,-6.252848E-02,0.));
#3501 = LINE('',#3502,#3503);
#3502 = CARTESIAN_POINT('',(72.447257,-6.252848E-02,0.));
#3503 = VECTOR('',#3504,1.);
#3504 = DIRECTION('',(0.,0.,1.));
#3505 = ORIENTED_EDGE('',*,*,#3506,.F.);
#3506 = EDGE_CURVE('',#3465,#3499,#3507,.T.);
#3507 = B_SPLINE_CURVE_WITH_KNOTS('',1,(#3508,#3509),.UNSPECIFIED.,.F.,
  .F.,(2,2),(0.,0.164976228903),.PIECEWISE_BEZIER_KNOTS.);
#3508 = CARTESIAN_POINT('',(72.572412,-0.17001514,0.));
#3509 = CARTESIAN_POINT('',(72.447257,-6.252848E-02,0.));
#3510 = SURFACE_OF_LINEAR_EXTRUSION('',#3511,#3514);
#3511 = B_SPLINE_CURVE_WITH_KNOTS('',1,(#3512,#3513),.UNSPECIFIED.,.F.,
  .F.,(2,2),(0.,0.164976228903),.PIECEWISE_BEZIER_KNOTS.);
#3512 = CARTESIAN_POINT('',(72.572412,-0.17001514,0.));
#3513 = CARTESIAN_POINT('',(72.447257,-6.252848E-02,0.));
#3514 = VECTOR('',#3515,1.);
#3515 = DIRECTION('',(-0.,-0.,-1.));
#3516 = ADVANCED_FACE('',(#3517),#3544,.F.);
#3517 = FACE_BOUND('',#3518,.F.);
#3518 = EDGE_LOOP('',(#3519,#3520,#3529,#3537));
#3519 = ORIENTED_EDGE('',*,*,#3498,.T.);
#3520 = ORIENTED_EDGE('',*,*,#3521,.T.);
#3521 = EDGE_CURVE('',#3492,#3522,#3524,.T.);
#3522 = VERTEX_POINT('',#3523);
#3523 = CARTESIAN_POINT('',(72.402299,-3.927409E-02,2.05));
#3524 = B_SPLINE_CURVE_WITH_KNOTS('',3,(#3525,#3526,#3527,#3528),
  .UNSPECIFIED.,.F.,.F.,(4,4),(0.,1.),.PIECEWISE_BEZIER_KNOTS.);
#3525 = CARTESIAN_POINT('',(72.447257,-6.252848E-02,2.05));
#3526 = CARTESIAN_POINT('',(72.434322,-5.132882E-02,2.05));
#3527 = CARTESIAN_POINT('',(72.418914,-4.335896E-02,2.05));
#3528 = CARTESIAN_POINT('',(72.402299,-3.927409E-02,2.05));
#3529 = ORIENTED_EDGE('',*,*,#3530,.F.);
#3530 = EDGE_CURVE('',#3531,#3522,#3533,.T.);
#3531 = VERTEX_POINT('',#3532);
#3532 = CARTESIAN_POINT('',(72.402299,-3.927409E-02,0.));
#3533 = LINE('',#3534,#3535);
#3534 = CARTESIAN_POINT('',(72.402299,-3.927409E-02,0.));
#3535 = VECTOR('',#3536,1.);
#3536 = DIRECTION('',(0.,0.,1.));
#3537 = ORIENTED_EDGE('',*,*,#3538,.F.);
#3538 = EDGE_CURVE('',#3499,#3531,#3539,.T.);
#3539 = B_SPLINE_CURVE_WITH_KNOTS('',3,(#3540,#3541,#3542,#3543),
  .UNSPECIFIED.,.F.,.F.,(4,4),(0.,1.),.PIECEWISE_BEZIER_KNOTS.);
#3540 = CARTESIAN_POINT('',(72.447257,-6.252848E-02,0.));
#3541 = CARTESIAN_POINT('',(72.434322,-5.132882E-02,0.));
#3542 = CARTESIAN_POINT('',(72.418914,-4.335896E-02,0.));
#3543 = CARTESIAN_POINT('',(72.402299,-3.927409E-02,0.));
#3544 = SURFACE_OF_LINEAR_EXTRUSION('',#3545,#3550);
#3545 = B_SPLINE_CURVE_WITH_KNOTS('',3,(#3546,#3547,#3548,#3549),
  .UNSPECIFIED.,.F.,.F.,(4,4),(0.,1.),.PIECEWISE_BEZIER_KNOTS.);
#3546 = CARTESIAN_POINT('',(72.447257,-6.252848E-02,0.));
#3547 = CARTESIAN_POINT('',(72.434322,-5.132882E-02,0.));
#3548 = CARTESIAN_POINT('',(72.418914,-4.335896E-02,0.));
#3549 = CARTESIAN_POINT('',(72.402299,-3.927409E-02,0.));
#3550 = VECTOR('',#3551,1.);
#3551 = DIRECTION('',(-0.,-0.,-1.));
#3552 = ADVANCED_FACE('',(#3553),#3576,.F.);
#3553 = FACE_BOUND('',#3554,.F.);
#3554 = EDGE_LOOP('',(#3555,#3556,#3563,#3571));
#3555 = ORIENTED_EDGE('',*,*,#3530,.T.);
#3556 = ORIENTED_EDGE('',*,*,#3557,.T.);
#3557 = EDGE_CURVE('',#3522,#3558,#3560,.T.);
#3558 = VERTEX_POINT('',#3559);
#3559 = CARTESIAN_POINT('',(72.268974,-6.71794E-03,2.05));
#3560 = B_SPLINE_CURVE_WITH_KNOTS('',1,(#3561,#3562),.UNSPECIFIED.,.F.,
  .F.,(2,2),(0.,0.137242335042),.PIECEWISE_BEZIER_KNOTS.);
#3561 = CARTESIAN_POINT('',(72.402299,-3.927409E-02,2.05));
#3562 = CARTESIAN_POINT('',(72.268974,-6.71794E-03,2.05));
#3563 = ORIENTED_EDGE('',*,*,#3564,.F.);
#3564 = EDGE_CURVE('',#3565,#3558,#3567,.T.);
#3565 = VERTEX_POINT('',#3566);
#3566 = CARTESIAN_POINT('',(72.268974,-6.71794E-03,0.));
#3567 = LINE('',#3568,#3569);
#3568 = CARTESIAN_POINT('',(72.268974,-6.71794E-03,0.));
#3569 = VECTOR('',#3570,1.);
#3570 = DIRECTION('',(0.,0.,1.));
#3571 = ORIENTED_EDGE('',*,*,#3572,.F.);
#3572 = EDGE_CURVE('',#3531,#3565,#3573,.T.);
#3573 = B_SPLINE_CURVE_WITH_KNOTS('',1,(#3574,#3575),.UNSPECIFIED.,.F.,
  .F.,(2,2),(0.,0.137242335042),.PIECEWISE_BEZIER_KNOTS.);
#3574 = CARTESIAN_POINT('',(72.402299,-3.927409E-02,0.));
#3575 = CARTESIAN_POINT('',(72.268974,-6.71794E-03,0.));
#3576 = SURFACE_OF_LINEAR_EXTRUSION('',#3577,#3580);
#3577 = B_SPLINE_CURVE_WITH_KNOTS('',1,(#3578,#3579),.UNSPECIFIED.,.F.,
  .F.,(2,2),(0.,0.137242335042),.PIECEWISE_BEZIER_KNOTS.);
#3578 = CARTESIAN_POINT('',(72.402299,-3.927409E-02,0.));
#3579 = CARTESIAN_POINT('',(72.268974,-6.71794E-03,0.));
#3580 = VECTOR('',#3581,1.);
#3581 = DIRECTION('',(-0.,-0.,-1.));
#3582 = ADVANCED_FACE('',(#3583),#3610,.F.);
#3583 = FACE_BOUND('',#3584,.F.);
#3584 = EDGE_LOOP('',(#3585,#3586,#3595,#3603));
#3585 = ORIENTED_EDGE('',*,*,#3564,.T.);
#3586 = ORIENTED_EDGE('',*,*,#3587,.T.);
#3587 = EDGE_CURVE('',#3558,#3588,#3590,.T.);
#3588 = VERTEX_POINT('',#3589);
#3589 = CARTESIAN_POINT('',(72.232284,0.,2.05));
#3590 = B_SPLINE_CURVE_WITH_KNOTS('',3,(#3591,#3592,#3593,#3594),
  .UNSPECIFIED.,.F.,.F.,(4,4),(0.,1.),.PIECEWISE_BEZIER_KNOTS.);
#3591 = CARTESIAN_POINT('',(72.268974,-6.71794E-03,2.05));
#3592 = CARTESIAN_POINT('',(72.257226,-2.36971E-03,2.05));
#3593 = CARTESIAN_POINT('',(72.244811,-9.6564704E-05,2.05));
#3594 = CARTESIAN_POINT('',(72.232284,-4.336808689942E-19,2.05));
#3595 = ORIENTED_EDGE('',*,*,#3596,.F.);
#3596 = EDGE_CURVE('',#3597,#3588,#3599,.T.);
#3597 = VERTEX_POINT('',#3598);
#3598 = CARTESIAN_POINT('',(72.232284,0.,0.));
#3599 = LINE('',#3600,#3601);
#3600 = CARTESIAN_POINT('',(72.232284,0.,0.));
#3601 = VECTOR('',#3602,1.);
#3602 = DIRECTION('',(0.,0.,1.));
#3603 = ORIENTED_EDGE('',*,*,#3604,.F.);
#3604 = EDGE_CURVE('',#3565,#3597,#3605,.T.);
#3605 = B_SPLINE_CURVE_WITH_KNOTS('',3,(#3606,#3607,#3608,#3609),
  .UNSPECIFIED.,.F.,.F.,(4,4),(0.,1.),.PIECEWISE_BEZIER_KNOTS.);
#3606 = CARTESIAN_POINT('',(72.268974,-6.71794E-03,0.));
#3607 = CARTESIAN_POINT('',(72.257226,-2.36971E-03,0.));
#3608 = CARTESIAN_POINT('',(72.244811,-9.6564704E-05,0.));
#3609 = CARTESIAN_POINT('',(72.232284,-4.336808689942E-19,0.));
#3610 = SURFACE_OF_LINEAR_EXTRUSION('',#3611,#3616);
#3611 = B_SPLINE_CURVE_WITH_KNOTS('',3,(#3612,#3613,#3614,#3615),
  .UNSPECIFIED.,.F.,.F.,(4,4),(0.,1.),.PIECEWISE_BEZIER_KNOTS.);
#3612 = CARTESIAN_POINT('',(72.268974,-6.71794E-03,0.));
#3613 = CARTESIAN_POINT('',(72.257226,-2.36971E-03,0.));
#3614 = CARTESIAN_POINT('',(72.244811,-9.6564704E-05,0.));
#3615 = CARTESIAN_POINT('',(72.232284,-4.336808689942E-19,0.));
#3616 = VECTOR('',#3617,1.);
#3617 = DIRECTION('',(-0.,-0.,-1.));
#3618 = ADVANCED_FACE('',(#3619),#3642,.F.);
#3619 = FACE_BOUND('',#3620,.F.);
#3620 = EDGE_LOOP('',(#3621,#3622,#3629,#3637));
#3621 = ORIENTED_EDGE('',*,*,#3596,.T.);
#3622 = ORIENTED_EDGE('',*,*,#3623,.T.);
#3623 = EDGE_CURVE('',#3588,#3624,#3626,.T.);
#3624 = VERTEX_POINT('',#3625);
#3625 = CARTESIAN_POINT('',(70.214836,0.,2.05));
#3626 = B_SPLINE_CURVE_WITH_KNOTS('',1,(#3627,#3628),.UNSPECIFIED.,.F.,
  .F.,(2,2),(0.,2.017448),.PIECEWISE_BEZIER_KNOTS.);
#3627 = CARTESIAN_POINT('',(72.232284,0.,2.05));
#3628 = CARTESIAN_POINT('',(70.214836,0.,2.05));
#3629 = ORIENTED_EDGE('',*,*,#3630,.F.);
#3630 = EDGE_CURVE('',#3631,#3624,#3633,.T.);
#3631 = VERTEX_POINT('',#3632);
#3632 = CARTESIAN_POINT('',(70.214836,0.,0.));
#3633 = LINE('',#3634,#3635);
#3634 = CARTESIAN_POINT('',(70.214836,0.,0.));
#3635 = VECTOR('',#3636,1.);
#3636 = DIRECTION('',(0.,0.,1.));
#3637 = ORIENTED_EDGE('',*,*,#3638,.F.);
#3638 = EDGE_CURVE('',#3597,#3631,#3639,.T.);
#3639 = B_SPLINE_CURVE_WITH_KNOTS('',1,(#3640,#3641),.UNSPECIFIED.,.F.,
  .F.,(2,2),(0.,2.017448),.PIECEWISE_BEZIER_KNOTS.);
#3640 = CARTESIAN_POINT('',(72.232284,0.,0.));
#3641 = CARTESIAN_POINT('',(70.214836,0.,0.));
#3642 = SURFACE_OF_LINEAR_EXTRUSION('',#3643,#3646);
#3643 = B_SPLINE_CURVE_WITH_KNOTS('',1,(#3644,#3645),.UNSPECIFIED.,.F.,
  .F.,(2,2),(0.,2.017448),.PIECEWISE_BEZIER_KNOTS.);
#3644 = CARTESIAN_POINT('',(72.232284,0.,0.));
#3645 = CARTESIAN_POINT('',(70.214836,0.,0.));
#3646 = VECTOR('',#3647,1.);
#3647 = DIRECTION('',(-0.,-0.,-1.));
#3648 = ADVANCED_FACE('',(#3649),#3676,.F.);
#3649 = FACE_BOUND('',#3650,.F.);
#3650 = EDGE_LOOP('',(#3651,#3652,#3661,#3669));
#3651 = ORIENTED_EDGE('',*,*,#3630,.T.);
#3652 = ORIENTED_EDGE('',*,*,#3653,.T.);
#3653 = EDGE_CURVE('',#3624,#3654,#3656,.T.);
#3654 = VERTEX_POINT('',#3655);
#3655 = CARTESIAN_POINT('',(70.200886,-5.1676432E-04,2.05));
#3656 = B_SPLINE_CURVE_WITH_KNOTS('',3,(#3657,#3658,#3659,#3660),
  .UNSPECIFIED.,.F.,.F.,(4,4),(0.,1.),.PIECEWISE_BEZIER_KNOTS.);
#3657 = CARTESIAN_POINT('',(70.214836,0.,2.05));
#3658 = CARTESIAN_POINT('',(70.210136,1.2859605E-04,2.05));
#3659 = CARTESIAN_POINT('',(70.205536,-4.4018666E-05,2.05));
#3660 = CARTESIAN_POINT('',(70.200886,-5.1676432E-04,2.05));
#3661 = ORIENTED_EDGE('',*,*,#3662,.F.);
#3662 = EDGE_CURVE('',#3663,#3654,#3665,.T.);
#3663 = VERTEX_POINT('',#3664);
#3664 = CARTESIAN_POINT('',(70.200886,-5.1676432E-04,0.));
#3665 = LINE('',#3666,#3667);
#3666 = CARTESIAN_POINT('',(70.200886,-5.1676432E-04,0.));
#3667 = VECTOR('',#3668,1.);
#3668 = DIRECTION('',(0.,0.,1.));
#3669 = ORIENTED_EDGE('',*,*,#3670,.F.);
#3670 = EDGE_CURVE('',#3631,#3663,#3671,.T.);
#3671 = B_SPLINE_CURVE_WITH_KNOTS('',3,(#3672,#3673,#3674,#3675),
  .UNSPECIFIED.,.F.,.F.,(4,4),(0.,1.),.PIECEWISE_BEZIER_KNOTS.);
#3672 = CARTESIAN_POINT('',(70.214836,0.,0.));
#3673 = CARTESIAN_POINT('',(70.210136,1.2859605E-04,0.));
#3674 = CARTESIAN_POINT('',(70.205536,-4.4018666E-05,0.));
#3675 = CARTESIAN_POINT('',(70.200886,-5.1676432E-04,0.));
#3676 = SURFACE_OF_LINEAR_EXTRUSION('',#3677,#3682);
#3677 = B_SPLINE_CURVE_WITH_KNOTS('',3,(#3678,#3679,#3680,#3681),
  .UNSPECIFIED.,.F.,.F.,(4,4),(0.,1.),.PIECEWISE_BEZIER_KNOTS.);
#3678 = CARTESIAN_POINT('',(70.214836,0.,0.));
#3679 = CARTESIAN_POINT('',(70.210136,1.2859605E-04,0.));
#3680 = CARTESIAN_POINT('',(70.205536,-4.4018666E-05,0.));
#3681 = CARTESIAN_POINT('',(70.200886,-5.1676432E-04,0.));
#3682 = VECTOR('',#3683,1.);
#3683 = DIRECTION('',(-0.,-0.,-1.));
#3684 = ADVANCED_FACE('',(#3685),#3712,.F.);
#3685 = FACE_BOUND('',#3686,.F.);
#3686 = EDGE_LOOP('',(#3687,#3688,#3697,#3705));
#3687 = ORIENTED_EDGE('',*,*,#3662,.T.);
#3688 = ORIENTED_EDGE('',*,*,#3689,.T.);
#3689 = EDGE_CURVE('',#3654,#3690,#3692,.T.);
#3690 = VERTEX_POINT('',#3691);
#3691 = CARTESIAN_POINT('',(70.186936,-3.61735032E-03,2.05));
#3692 = B_SPLINE_CURVE_WITH_KNOTS('',3,(#3693,#3694,#3695,#3696),
  .UNSPECIFIED.,.F.,.F.,(4,4),(0.,1.),.PIECEWISE_BEZIER_KNOTS.);
#3693 = CARTESIAN_POINT('',(70.200886,-5.1676432E-04,2.05));
#3694 = CARTESIAN_POINT('',(70.196186,-1.24135E-03,2.05));
#3695 = CARTESIAN_POINT('',(70.191486,-2.27714032E-03,2.05));
#3696 = CARTESIAN_POINT('',(70.186936,-3.61735032E-03,2.05));
#3697 = ORIENTED_EDGE('',*,*,#3698,.F.);
#3698 = EDGE_CURVE('',#3699,#3690,#3701,.T.);
#3699 = VERTEX_POINT('',#3700);
#3700 = CARTESIAN_POINT('',(70.186936,-3.61735032E-03,0.));
#3701 = LINE('',#3702,#3703);
#3702 = CARTESIAN_POINT('',(70.186936,-3.61735032E-03,0.));
#3703 = VECTOR('',#3704,1.);
#3704 = DIRECTION('',(0.,0.,1.));
#3705 = ORIENTED_EDGE('',*,*,#3706,.F.);
#3706 = EDGE_CURVE('',#3663,#3699,#3707,.T.);
#3707 = B_SPLINE_CURVE_WITH_KNOTS('',3,(#3708,#3709,#3710,#3711),
  .UNSPECIFIED.,.F.,.F.,(4,4),(0.,1.),.PIECEWISE_BEZIER_KNOTS.);
#3708 = CARTESIAN_POINT('',(70.200886,-5.1676432E-04,0.));
#3709 = CARTESIAN_POINT('',(70.196186,-1.24135E-03,0.));
#3710 = CARTESIAN_POINT('',(70.191486,-2.27714032E-03,0.));
#3711 = CARTESIAN_POINT('',(70.186936,-3.61735032E-03,0.));
#3712 = SURFACE_OF_LINEAR_EXTRUSION('',#3713,#3718);
#3713 = B_SPLINE_CURVE_WITH_KNOTS('',3,(#3714,#3715,#3716,#3717),
  .UNSPECIFIED.,.F.,.F.,(4,4),(0.,1.),.PIECEWISE_BEZIER_KNOTS.);
#3714 = CARTESIAN_POINT('',(70.200886,-5.1676432E-04,0.));
#3715 = CARTESIAN_POINT('',(70.196186,-1.24135E-03,0.));
#3716 = CARTESIAN_POINT('',(70.191486,-2.27714032E-03,0.));
#3717 = CARTESIAN_POINT('',(70.186936,-3.61735032E-03,0.));
#3718 = VECTOR('',#3719,1.);
#3719 = DIRECTION('',(-0.,-0.,-1.));
#3720 = ADVANCED_FACE('',(#3721),#3748,.F.);
#3721 = FACE_BOUND('',#3722,.F.);
#3722 = EDGE_LOOP('',(#3723,#3724,#3733,#3741));
#3723 = ORIENTED_EDGE('',*,*,#3698,.T.);
#3724 = ORIENTED_EDGE('',*,*,#3725,.T.);
#3725 = EDGE_CURVE('',#3690,#3726,#3728,.T.);
#3726 = VERTEX_POINT('',#3727);
#3727 = CARTESIAN_POINT('',(70.114076,-6.614583032E-02,2.05));
#3728 = B_SPLINE_CURVE_WITH_KNOTS('',3,(#3729,#3730,#3731,#3732),
  .UNSPECIFIED.,.F.,.F.,(4,4),(0.,1.),.PIECEWISE_BEZIER_KNOTS.);
#3729 = CARTESIAN_POINT('',(70.186936,-3.61735032E-03,2.05));
#3730 = CARTESIAN_POINT('',(70.154216,-1.193929032E-02,2.05));
#3731 = CARTESIAN_POINT('',(70.127266,-3.506900032E-02,2.05));
#3732 = CARTESIAN_POINT('',(70.114076,-6.614583032E-02,2.05));
#3733 = ORIENTED_EDGE('',*,*,#3734,.F.);
#3734 = EDGE_CURVE('',#3735,#3726,#3737,.T.);
#3735 = VERTEX_POINT('',#3736);
#3736 = CARTESIAN_POINT('',(70.114076,-6.614583032E-02,0.));
#3737 = LINE('',#3738,#3739);
#3738 = CARTESIAN_POINT('',(70.114076,-6.614583032E-02,0.));
#3739 = VECTOR('',#3740,1.);
#3740 = DIRECTION('',(0.,0.,1.));
#3741 = ORIENTED_EDGE('',*,*,#3742,.F.);
#3742 = EDGE_CURVE('',#3699,#3735,#3743,.T.);
#3743 = B_SPLINE_CURVE_WITH_KNOTS('',3,(#3744,#3745,#3746,#3747),
  .UNSPECIFIED.,.F.,.F.,(4,4),(0.,1.),.PIECEWISE_BEZIER_KNOTS.);
#3744 = CARTESIAN_POINT('',(70.186936,-3.61735032E-03,0.));
#3745 = CARTESIAN_POINT('',(70.154216,-1.193929032E-02,0.));
#3746 = CARTESIAN_POINT('',(70.127266,-3.506900032E-02,0.));
#3747 = CARTESIAN_POINT('',(70.114076,-6.614583032E-02,0.));
#3748 = SURFACE_OF_LINEAR_EXTRUSION('',#3749,#3754);
#3749 = B_SPLINE_CURVE_WITH_KNOTS('',3,(#3750,#3751,#3752,#3753),
  .UNSPECIFIED.,.F.,.F.,(4,4),(0.,1.),.PIECEWISE_BEZIER_KNOTS.);
#3750 = CARTESIAN_POINT('',(70.186936,-3.61735032E-03,0.));
#3751 = CARTESIAN_POINT('',(70.154216,-1.193929032E-02,0.));
#3752 = CARTESIAN_POINT('',(70.127266,-3.506900032E-02,0.));
#3753 = CARTESIAN_POINT('',(70.114076,-6.614583032E-02,0.));
#3754 = VECTOR('',#3755,1.);
#3755 = DIRECTION('',(-0.,-0.,-1.));
#3756 = ADVANCED_FACE('',(#3757),#3784,.F.);
#3757 = FACE_BOUND('',#3758,.F.);
#3758 = EDGE_LOOP('',(#3759,#3760,#3769,#3777));
#3759 = ORIENTED_EDGE('',*,*,#3734,.T.);
#3760 = ORIENTED_EDGE('',*,*,#3761,.T.);
#3761 = EDGE_CURVE('',#3726,#3762,#3764,.T.);
#3762 = VERTEX_POINT('',#3763);
#3763 = CARTESIAN_POINT('',(70.109376,-7.958171032E-02,2.05));
#3764 = B_SPLINE_CURVE_WITH_KNOTS('',3,(#3765,#3766,#3767,#3768),
  .UNSPECIFIED.,.F.,.F.,(4,4),(0.,1.),.PIECEWISE_BEZIER_KNOTS.);
#3765 = CARTESIAN_POINT('',(70.114076,-6.614583032E-02,2.05));
#3766 = CARTESIAN_POINT('',(70.112276,-7.051753032E-02,2.05));
#3767 = CARTESIAN_POINT('',(70.110676,-7.500583032E-02,2.05));
#3768 = CARTESIAN_POINT('',(70.109376,-7.958171032E-02,2.05));
#3769 = ORIENTED_EDGE('',*,*,#3770,.F.);
#3770 = EDGE_CURVE('',#3771,#3762,#3773,.T.);
#3771 = VERTEX_POINT('',#3772);
#3772 = CARTESIAN_POINT('',(70.109376,-7.958171032E-02,0.));
#3773 = LINE('',#3774,#3775);
#3774 = CARTESIAN_POINT('',(70.109376,-7.958171032E-02,0.));
#3775 = VECTOR('',#3776,1.);
#3776 = DIRECTION('',(0.,0.,1.));
#3777 = ORIENTED_EDGE('',*,*,#3778,.F.);
#3778 = EDGE_CURVE('',#3735,#3771,#3779,.T.);
#3779 = B_SPLINE_CURVE_WITH_KNOTS('',3,(#3780,#3781,#3782,#3783),
  .UNSPECIFIED.,.F.,.F.,(4,4),(0.,1.),.PIECEWISE_BEZIER_KNOTS.);
#3780 = CARTESIAN_POINT('',(70.114076,-6.614583032E-02,0.));
#3781 = CARTESIAN_POINT('',(70.112276,-7.051753032E-02,0.));
#3782 = CARTESIAN_POINT('',(70.110676,-7.500583032E-02,0.));
#3783 = CARTESIAN_POINT('',(70.109376,-7.958171032E-02,0.));
#3784 = SURFACE_OF_LINEAR_EXTRUSION('',#3785,#3790);
#3785 = B_SPLINE_CURVE_WITH_KNOTS('',3,(#3786,#3787,#3788,#3789),
  .UNSPECIFIED.,.F.,.F.,(4,4),(0.,1.),.PIECEWISE_BEZIER_KNOTS.);
#3786 = CARTESIAN_POINT('',(70.114076,-6.614583032E-02,0.));
#3787 = CARTESIAN_POINT('',(70.112276,-7.051753032E-02,0.));
#3788 = CARTESIAN_POINT('',(70.110676,-7.500583032E-02,0.));
#3789 = CARTESIAN_POINT('',(70.109376,-7.958171032E-02,0.));
#3790 = VECTOR('',#3791,1.);
#3791 = DIRECTION('',(-0.,-0.,-1.));
#3792 = ADVANCED_FACE('',(#3793),#3820,.F.);
#3793 = FACE_BOUND('',#3794,.F.);
#3794 = EDGE_LOOP('',(#3795,#3796,#3805,#3813));
#3795 = ORIENTED_EDGE('',*,*,#3770,.T.);
#3796 = ORIENTED_EDGE('',*,*,#3797,.T.);
#3797 = EDGE_CURVE('',#3762,#3798,#3800,.T.);
#3798 = VERTEX_POINT('',#3799);
#3799 = CARTESIAN_POINT('',(70.106276,-9.301758032E-02,2.05));
#3800 = B_SPLINE_CURVE_WITH_KNOTS('',3,(#3801,#3802,#3803,#3804),
  .UNSPECIFIED.,.F.,.F.,(4,4),(0.,1.),.PIECEWISE_BEZIER_KNOTS.);
#3801 = CARTESIAN_POINT('',(70.109376,-7.958171032E-02,2.05));
#3802 = CARTESIAN_POINT('',(70.108076,-8.398981032E-02,2.05));
#3803 = CARTESIAN_POINT('',(70.106976,-8.847751032E-02,2.05));
#3804 = CARTESIAN_POINT('',(70.106276,-9.301758032E-02,2.05));
#3805 = ORIENTED_EDGE('',*,*,#3806,.F.);
#3806 = EDGE_CURVE('',#3807,#3798,#3809,.T.);
#3807 = VERTEX_POINT('',#3808);
#3808 = CARTESIAN_POINT('',(70.106276,-9.301758032E-02,0.));
#3809 = LINE('',#3810,#3811);
#3810 = CARTESIAN_POINT('',(70.106276,-9.301758032E-02,0.));
#3811 = VECTOR('',#3812,1.);
#3812 = DIRECTION('',(0.,0.,1.));
#3813 = ORIENTED_EDGE('',*,*,#3814,.F.);
#3814 = EDGE_CURVE('',#3771,#3807,#3815,.T.);
#3815 = B_SPLINE_CURVE_WITH_KNOTS('',3,(#3816,#3817,#3818,#3819),
  .UNSPECIFIED.,.F.,.F.,(4,4),(0.,1.),.PIECEWISE_BEZIER_KNOTS.);
#3816 = CARTESIAN_POINT('',(70.109376,-7.958171032E-02,0.));
#3817 = CARTESIAN_POINT('',(70.108076,-8.398981032E-02,0.));
#3818 = CARTESIAN_POINT('',(70.106976,-8.847751032E-02,0.));
#3819 = CARTESIAN_POINT('',(70.106276,-9.301758032E-02,0.));
#3820 = SURFACE_OF_LINEAR_EXTRUSION('',#3821,#3826);
#3821 = B_SPLINE_CURVE_WITH_KNOTS('',3,(#3822,#3823,#3824,#3825),
  .UNSPECIFIED.,.F.,.F.,(4,4),(0.,1.),.PIECEWISE_BEZIER_KNOTS.);
#3822 = CARTESIAN_POINT('',(70.109376,-7.958171032E-02,0.));
#3823 = CARTESIAN_POINT('',(70.108076,-8.398981032E-02,0.));
#3824 = CARTESIAN_POINT('',(70.106976,-8.847751032E-02,0.));
#3825 = CARTESIAN_POINT('',(70.106276,-9.301758032E-02,0.));
#3826 = VECTOR('',#3827,1.);
#3827 = DIRECTION('',(-0.,-0.,-1.));
#3828 = ADVANCED_FACE('',(#3829),#3856,.F.);
#3829 = FACE_BOUND('',#3830,.F.);
#3830 = EDGE_LOOP('',(#3831,#3832,#3841,#3849));
#3831 = ORIENTED_EDGE('',*,*,#3806,.T.);
#3832 = ORIENTED_EDGE('',*,*,#3833,.T.);
#3833 = EDGE_CURVE('',#3798,#3834,#3836,.T.);
#3834 = VERTEX_POINT('',#3835);
#3835 = CARTESIAN_POINT('',(70.105276,-0.10748698032,2.05));
#3836 = B_SPLINE_CURVE_WITH_KNOTS('',3,(#3837,#3838,#3839,#3840),
  .UNSPECIFIED.,.F.,.F.,(4,4),(0.,1.),.PIECEWISE_BEZIER_KNOTS.);
#3837 = CARTESIAN_POINT('',(70.106276,-9.301758032E-02,2.05));
#3838 = CARTESIAN_POINT('',(70.105608,-9.781218032E-02,2.05));
#3839 = CARTESIAN_POINT('',(70.105276,-0.10264618032,2.05));
#3840 = CARTESIAN_POINT('',(70.105276,-0.10748698032,2.05));
#3841 = ORIENTED_EDGE('',*,*,#3842,.F.);
#3842 = EDGE_CURVE('',#3843,#3834,#3845,.T.);
#3843 = VERTEX_POINT('',#3844);
#3844 = CARTESIAN_POINT('',(70.105276,-0.10748698032,0.));
#3845 = LINE('',#3846,#3847);
#3846 = CARTESIAN_POINT('',(70.105276,-0.10748698032,0.));
#3847 = VECTOR('',#3848,1.);
#3848 = DIRECTION('',(0.,0.,1.));
#3849 = ORIENTED_EDGE('',*,*,#3850,.F.);
#3850 = EDGE_CURVE('',#3807,#3843,#3851,.T.);
#3851 = B_SPLINE_CURVE_WITH_KNOTS('',3,(#3852,#3853,#3854,#3855),
  .UNSPECIFIED.,.F.,.F.,(4,4),(0.,1.),.PIECEWISE_BEZIER_KNOTS.);
#3852 = CARTESIAN_POINT('',(70.106276,-9.301758032E-02,0.));
#3853 = CARTESIAN_POINT('',(70.105608,-9.781218032E-02,0.));
#3854 = CARTESIAN_POINT('',(70.105276,-0.10264618032,0.));
#3855 = CARTESIAN_POINT('',(70.105276,-0.10748698032,0.));
#3856 = SURFACE_OF_LINEAR_EXTRUSION('',#3857,#3862);
#3857 = B_SPLINE_CURVE_WITH_KNOTS('',3,(#3858,#3859,#3860,#3861),
  .UNSPECIFIED.,.F.,.F.,(4,4),(0.,1.),.PIECEWISE_BEZIER_KNOTS.);
#3858 = CARTESIAN_POINT('',(70.106276,-9.301758032E-02,0.));
#3859 = CARTESIAN_POINT('',(70.105608,-9.781218032E-02,0.));
#3860 = CARTESIAN_POINT('',(70.105276,-0.10264618032,0.));
#3861 = CARTESIAN_POINT('',(70.105276,-0.10748698032,0.));
#3862 = VECTOR('',#3863,1.);
#3863 = DIRECTION('',(-0.,-0.,-1.));
#3864 = ADVANCED_FACE('',(#3865),#3892,.F.);
#3865 = FACE_BOUND('',#3866,.F.);
#3866 = EDGE_LOOP('',(#3867,#3868,#3877,#3885));
#3867 = ORIENTED_EDGE('',*,*,#3842,.T.);
#3868 = ORIENTED_EDGE('',*,*,#3869,.T.);
#3869 = EDGE_CURVE('',#3834,#3870,#3872,.T.);
#3870 = VERTEX_POINT('',#3871);
#3871 = CARTESIAN_POINT('',(70.105276,-0.11007098032,2.05));
#3872 = B_SPLINE_CURVE_WITH_KNOTS('',3,(#3873,#3874,#3875,#3876),
  .UNSPECIFIED.,.F.,.F.,(4,4),(0.,1.),.PIECEWISE_BEZIER_KNOTS.);
#3873 = CARTESIAN_POINT('',(70.105276,-0.10748698032,2.05));
#3874 = CARTESIAN_POINT('',(70.105266,-0.10834822032,2.05));
#3875 = CARTESIAN_POINT('',(70.105266,-0.10920998032,2.05));
#3876 = CARTESIAN_POINT('',(70.105276,-0.11007098032,2.05));
#3877 = ORIENTED_EDGE('',*,*,#3878,.F.);
#3878 = EDGE_CURVE('',#3879,#3870,#3881,.T.);
#3879 = VERTEX_POINT('',#3880);
#3880 = CARTESIAN_POINT('',(70.105276,-0.11007098032,0.));
#3881 = LINE('',#3882,#3883);
#3882 = CARTESIAN_POINT('',(70.105276,-0.11007098032,0.));
#3883 = VECTOR('',#3884,1.);
#3884 = DIRECTION('',(0.,0.,1.));
#3885 = ORIENTED_EDGE('',*,*,#3886,.F.);
#3886 = EDGE_CURVE('',#3843,#3879,#3887,.T.);
#3887 = B_SPLINE_CURVE_WITH_KNOTS('',3,(#3888,#3889,#3890,#3891),
  .UNSPECIFIED.,.F.,.F.,(4,4),(0.,1.),.PIECEWISE_BEZIER_KNOTS.);
#3888 = CARTESIAN_POINT('',(70.105276,-0.10748698032,0.));
#3889 = CARTESIAN_POINT('',(70.105266,-0.10834822032,0.));
#3890 = CARTESIAN_POINT('',(70.105266,-0.10920998032,0.));
#3891 = CARTESIAN_POINT('',(70.105276,-0.11007098032,0.));
#3892 = SURFACE_OF_LINEAR_EXTRUSION('',#3893,#3898);
#3893 = B_SPLINE_CURVE_WITH_KNOTS('',3,(#3894,#3895,#3896,#3897),
  .UNSPECIFIED.,.F.,.F.,(4,4),(0.,1.),.PIECEWISE_BEZIER_KNOTS.);
#3894 = CARTESIAN_POINT('',(70.105276,-0.10748698032,0.));
#3895 = CARTESIAN_POINT('',(70.105266,-0.10834822032,0.));
#3896 = CARTESIAN_POINT('',(70.105266,-0.10920998032,0.));
#3897 = CARTESIAN_POINT('',(70.105276,-0.11007098032,0.));
#3898 = VECTOR('',#3899,1.);
#3899 = DIRECTION('',(-0.,-0.,-1.));
#3900 = ADVANCED_FACE('',(#3901),#3924,.F.);
#3901 = FACE_BOUND('',#3902,.F.);
#3902 = EDGE_LOOP('',(#3903,#3904,#3911,#3919));
#3903 = ORIENTED_EDGE('',*,*,#3878,.T.);
#3904 = ORIENTED_EDGE('',*,*,#3905,.T.);
#3905 = EDGE_CURVE('',#3870,#3906,#3908,.T.);
#3906 = VERTEX_POINT('',#3907);
#3907 = CARTESIAN_POINT('',(70.105276,-0.14469418032,2.05));
#3908 = B_SPLINE_CURVE_WITH_KNOTS('',1,(#3909,#3910),.UNSPECIFIED.,.F.,
  .F.,(2,2),(0.,3.46232E-02),.PIECEWISE_BEZIER_KNOTS.);
#3909 = CARTESIAN_POINT('',(70.105276,-0.11007098032,2.05));
#3910 = CARTESIAN_POINT('',(70.105276,-0.14469418032,2.05));
#3911 = ORIENTED_EDGE('',*,*,#3912,.F.);
#3912 = EDGE_CURVE('',#3913,#3906,#3915,.T.);
#3913 = VERTEX_POINT('',#3914);
#3914 = CARTESIAN_POINT('',(70.105276,-0.14469418032,0.));
#3915 = LINE('',#3916,#3917);
#3916 = CARTESIAN_POINT('',(70.105276,-0.14469418032,0.));
#3917 = VECTOR('',#3918,1.);
#3918 = DIRECTION('',(0.,0.,1.));
#3919 = ORIENTED_EDGE('',*,*,#3920,.F.);
#3920 = EDGE_CURVE('',#3879,#3913,#3921,.T.);
#3921 = B_SPLINE_CURVE_WITH_KNOTS('',1,(#3922,#3923),.UNSPECIFIED.,.F.,
  .F.,(2,2),(0.,3.46232E-02),.PIECEWISE_BEZIER_KNOTS.);
#3922 = CARTESIAN_POINT('',(70.105276,-0.11007098032,0.));
#3923 = CARTESIAN_POINT('',(70.105276,-0.14469418032,0.));
#3924 = SURFACE_OF_LINEAR_EXTRUSION('',#3925,#3928);
#3925 = B_SPLINE_CURVE_WITH_KNOTS('',1,(#3926,#3927),.UNSPECIFIED.,.F.,
  .F.,(2,2),(0.,3.46232E-02),.PIECEWISE_BEZIER_KNOTS.);
#3926 = CARTESIAN_POINT('',(70.105276,-0.11007098032,0.));
#3927 = CARTESIAN_POINT('',(70.105276,-0.14469418032,0.));
#3928 = VECTOR('',#3929,1.);
#3929 = DIRECTION('',(-0.,-0.,-1.));
#3930 = ADVANCED_FACE('',(#3931),#3954,.F.);
#3931 = FACE_BOUND('',#3932,.F.);
#3932 = EDGE_LOOP('',(#3933,#3934,#3941,#3949));
#3933 = ORIENTED_EDGE('',*,*,#3912,.T.);
#3934 = ORIENTED_EDGE('',*,*,#3935,.T.);
#3935 = EDGE_CURVE('',#3906,#3936,#3938,.T.);
#3936 = VERTEX_POINT('',#3937);
#3937 = CARTESIAN_POINT('',(23.170162,-0.14469418032,2.05));
#3938 = B_SPLINE_CURVE_WITH_KNOTS('',1,(#3939,#3940),.UNSPECIFIED.,.F.,
  .F.,(2,2),(0.,46.935114),.PIECEWISE_BEZIER_KNOTS.);
#3939 = CARTESIAN_POINT('',(70.105276,-0.14469418032,2.05));
#3940 = CARTESIAN_POINT('',(23.170162,-0.14469418032,2.05));
#3941 = ORIENTED_EDGE('',*,*,#3942,.F.);
#3942 = EDGE_CURVE('',#3943,#3936,#3945,.T.);
#3943 = VERTEX_POINT('',#3944);
#3944 = CARTESIAN_POINT('',(23.170162,-0.14469418032,0.));
#3945 = LINE('',#3946,#3947);
#3946 = CARTESIAN_POINT('',(23.170162,-0.14469418032,0.));
#3947 = VECTOR('',#3948,1.);
#3948 = DIRECTION('',(0.,0.,1.));
#3949 = ORIENTED_EDGE('',*,*,#3950,.F.);
#3950 = EDGE_CURVE('',#3913,#3943,#3951,.T.);
#3951 = B_SPLINE_CURVE_WITH_KNOTS('',1,(#3952,#3953),.UNSPECIFIED.,.F.,
  .F.,(2,2),(0.,46.935114),.PIECEWISE_BEZIER_KNOTS.);
#3952 = CARTESIAN_POINT('',(70.105276,-0.14469418032,0.));
#3953 = CARTESIAN_POINT('',(23.170162,-0.14469418032,0.));
#3954 = SURFACE_OF_LINEAR_EXTRUSION('',#3955,#3958);
#3955 = B_SPLINE_CURVE_WITH_KNOTS('',1,(#3956,#3957),.UNSPECIFIED.,.F.,
  .F.,(2,2),(0.,46.935114),.PIECEWISE_BEZIER_KNOTS.);
#3956 = CARTESIAN_POINT('',(70.105276,-0.14469418032,0.));
#3957 = CARTESIAN_POINT('',(23.170162,-0.14469418032,0.));
#3958 = VECTOR('',#3959,1.);
#3959 = DIRECTION('',(-0.,-0.,-1.));
#3960 = ADVANCED_FACE('',(#3961),#3984,.F.);
#3961 = FACE_BOUND('',#3962,.F.);
#3962 = EDGE_LOOP('',(#3963,#3964,#3971,#3979));
#3963 = ORIENTED_EDGE('',*,*,#3942,.T.);
#3964 = ORIENTED_EDGE('',*,*,#3965,.T.);
#3965 = EDGE_CURVE('',#3936,#3966,#3968,.T.);
#3966 = VERTEX_POINT('',#3967);
#3967 = CARTESIAN_POINT('',(23.170162,-0.1100708,2.05));
#3968 = B_SPLINE_CURVE_WITH_KNOTS('',1,(#3969,#3970),.UNSPECIFIED.,.F.,
  .F.,(2,2),(0.,3.462338032E-02),.PIECEWISE_BEZIER_KNOTS.);
#3969 = CARTESIAN_POINT('',(23.170162,-0.14469418032,2.05));
#3970 = CARTESIAN_POINT('',(23.170162,-0.1100708,2.05));
#3971 = ORIENTED_EDGE('',*,*,#3972,.F.);
#3972 = EDGE_CURVE('',#3973,#3966,#3975,.T.);
#3973 = VERTEX_POINT('',#3974);
#3974 = CARTESIAN_POINT('',(23.170162,-0.1100708,0.));
#3975 = LINE('',#3976,#3977);
#3976 = CARTESIAN_POINT('',(23.170162,-0.1100708,0.));
#3977 = VECTOR('',#3978,1.);
#3978 = DIRECTION('',(0.,0.,1.));
#3979 = ORIENTED_EDGE('',*,*,#3980,.F.);
#3980 = EDGE_CURVE('',#3943,#3973,#3981,.T.);
#3981 = B_SPLINE_CURVE_WITH_KNOTS('',1,(#3982,#3983),.UNSPECIFIED.,.F.,
  .F.,(2,2),(0.,3.462338032E-02),.PIECEWISE_BEZIER_KNOTS.);
#3982 = CARTESIAN_POINT('',(23.170162,-0.14469418032,0.));
#3983 = CARTESIAN_POINT('',(23.170162,-0.1100708,0.));
#3984 = SURFACE_OF_LINEAR_EXTRUSION('',#3985,#3988);
#3985 = B_SPLINE_CURVE_WITH_KNOTS('',1,(#3986,#3987),.UNSPECIFIED.,.F.,
  .F.,(2,2),(0.,3.462338032E-02),.PIECEWISE_BEZIER_KNOTS.);
#3986 = CARTESIAN_POINT('',(23.170162,-0.14469418032,0.));
#3987 = CARTESIAN_POINT('',(23.170162,-0.1100708,0.));
#3988 = VECTOR('',#3989,1.);
#3989 = DIRECTION('',(-0.,-0.,-1.));
#3990 = ADVANCED_FACE('',(#3991),#4018,.F.);
#3991 = FACE_BOUND('',#3992,.F.);
#3992 = EDGE_LOOP('',(#3993,#3994,#4003,#4011));
#3993 = ORIENTED_EDGE('',*,*,#3972,.T.);
#3994 = ORIENTED_EDGE('',*,*,#3995,.T.);
#3995 = EDGE_CURVE('',#3966,#3996,#3998,.T.);
#3996 = VERTEX_POINT('',#3997);
#3997 = CARTESIAN_POINT('',(23.170162,-0.1074868,2.05));
#3998 = B_SPLINE_CURVE_WITH_KNOTS('',3,(#3999,#4000,#4001,#4002),
  .UNSPECIFIED.,.F.,.F.,(4,4),(0.,1.),.PIECEWISE_BEZIER_KNOTS.);
#3999 = CARTESIAN_POINT('',(23.170162,-0.1100708,2.05));
#4000 = CARTESIAN_POINT('',(23.170172,-0.10920956,2.05));
#4001 = CARTESIAN_POINT('',(23.170172,-0.1083478,2.05));
#4002 = CARTESIAN_POINT('',(23.170162,-0.1074868,2.05));
#4003 = ORIENTED_EDGE('',*,*,#4004,.F.);
#4004 = EDGE_CURVE('',#4005,#3996,#4007,.T.);
#4005 = VERTEX_POINT('',#4006);
#4006 = CARTESIAN_POINT('',(23.170162,-0.1074868,0.));
#4007 = LINE('',#4008,#4009);
#4008 = CARTESIAN_POINT('',(23.170162,-0.1074868,0.));
#4009 = VECTOR('',#4010,1.);
#4010 = DIRECTION('',(0.,0.,1.));
#4011 = ORIENTED_EDGE('',*,*,#4012,.F.);
#4012 = EDGE_CURVE('',#3973,#4005,#4013,.T.);
#4013 = B_SPLINE_CURVE_WITH_KNOTS('',3,(#4014,#4015,#4016,#4017),
  .UNSPECIFIED.,.F.,.F.,(4,4),(0.,1.),.PIECEWISE_BEZIER_KNOTS.);
#4014 = CARTESIAN_POINT('',(23.170162,-0.1100708,0.));
#4015 = CARTESIAN_POINT('',(23.170172,-0.10920956,0.));
#4016 = CARTESIAN_POINT('',(23.170172,-0.1083478,0.));
#4017 = CARTESIAN_POINT('',(23.170162,-0.1074868,0.));
#4018 = SURFACE_OF_LINEAR_EXTRUSION('',#4019,#4024);
#4019 = B_SPLINE_CURVE_WITH_KNOTS('',3,(#4020,#4021,#4022,#4023),
  .UNSPECIFIED.,.F.,.F.,(4,4),(0.,1.),.PIECEWISE_BEZIER_KNOTS.);
#4020 = CARTESIAN_POINT('',(23.170162,-0.1100708,0.));
#4021 = CARTESIAN_POINT('',(23.170172,-0.10920956,0.));
#4022 = CARTESIAN_POINT('',(23.170172,-0.1083478,0.));
#4023 = CARTESIAN_POINT('',(23.170162,-0.1074868,0.));
#4024 = VECTOR('',#4025,1.);
#4025 = DIRECTION('',(-0.,-0.,-1.));
#4026 = ADVANCED_FACE('',(#4027),#4054,.F.);
#4027 = FACE_BOUND('',#4028,.F.);
#4028 = EDGE_LOOP('',(#4029,#4030,#4039,#4047));
#4029 = ORIENTED_EDGE('',*,*,#4004,.T.);
#4030 = ORIENTED_EDGE('',*,*,#4031,.T.);
#4031 = EDGE_CURVE('',#3996,#4032,#4034,.T.);
#4032 = VERTEX_POINT('',#4033);
#4033 = CARTESIAN_POINT('',(23.062675,0.,2.05));
#4034 = B_SPLINE_CURVE_WITH_KNOTS('',3,(#4035,#4036,#4037,#4038),
  .UNSPECIFIED.,.F.,.F.,(4,4),(0.,1.),.PIECEWISE_BEZIER_KNOTS.);
#4035 = CARTESIAN_POINT('',(23.170162,-0.1074868,2.05));
#4036 = CARTESIAN_POINT('',(23.169825,-4.826385E-02,2.05));
#4037 = CARTESIAN_POINT('',(23.121898,-3.3733115E-04,2.05));
#4038 = CARTESIAN_POINT('',(23.062675,6.938893903907E-18,2.05));
#4039 = ORIENTED_EDGE('',*,*,#4040,.F.);
#4040 = EDGE_CURVE('',#4041,#4032,#4043,.T.);
#4041 = VERTEX_POINT('',#4042);
#4042 = CARTESIAN_POINT('',(23.062675,0.,0.));
#4043 = LINE('',#4044,#4045);
#4044 = CARTESIAN_POINT('',(23.062675,0.,0.));
#4045 = VECTOR('',#4046,1.);
#4046 = DIRECTION('',(0.,0.,1.));
#4047 = ORIENTED_EDGE('',*,*,#4048,.F.);
#4048 = EDGE_CURVE('',#4005,#4041,#4049,.T.);
#4049 = B_SPLINE_CURVE_WITH_KNOTS('',3,(#4050,#4051,#4052,#4053),
  .UNSPECIFIED.,.F.,.F.,(4,4),(0.,1.),.PIECEWISE_BEZIER_KNOTS.);
#4050 = CARTESIAN_POINT('',(23.170162,-0.1074868,0.));
#4051 = CARTESIAN_POINT('',(23.169825,-4.826385E-02,0.));
#4052 = CARTESIAN_POINT('',(23.121898,-3.3733115E-04,0.));
#4053 = CARTESIAN_POINT('',(23.062675,6.938893903907E-18,0.));
#4054 = SURFACE_OF_LINEAR_EXTRUSION('',#4055,#4060);
#4055 = B_SPLINE_CURVE_WITH_KNOTS('',3,(#4056,#4057,#4058,#4059),
  .UNSPECIFIED.,.F.,.F.,(4,4),(0.,1.),.PIECEWISE_BEZIER_KNOTS.);
#4056 = CARTESIAN_POINT('',(23.170162,-0.1074868,0.));
#4057 = CARTESIAN_POINT('',(23.169825,-4.826385E-02,0.));
#4058 = CARTESIAN_POINT('',(23.121898,-3.3733115E-04,0.));
#4059 = CARTESIAN_POINT('',(23.062675,6.938893903907E-18,0.));
#4060 = VECTOR('',#4061,1.);
#4061 = DIRECTION('',(-0.,-0.,-1.));
#4062 = ADVANCED_FACE('',(#4063),#4077,.F.);
#4063 = FACE_BOUND('',#4064,.F.);
#4064 = EDGE_LOOP('',(#4065,#4066,#4071,#4072));
#4065 = ORIENTED_EDGE('',*,*,#4040,.T.);
#4066 = ORIENTED_EDGE('',*,*,#4067,.T.);
#4067 = EDGE_CURVE('',#4032,#1936,#4068,.T.);
#4068 = B_SPLINE_CURVE_WITH_KNOTS('',1,(#4069,#4070),.UNSPECIFIED.,.F.,
  .F.,(2,2),(0.,2.017965),.PIECEWISE_BEZIER_KNOTS.);
#4069 = CARTESIAN_POINT('',(23.062675,0.,2.05));
#4070 = CARTESIAN_POINT('',(21.04471,0.,2.05));
#4071 = ORIENTED_EDGE('',*,*,#1933,.F.);
#4072 = ORIENTED_EDGE('',*,*,#4073,.F.);
#4073 = EDGE_CURVE('',#4041,#1934,#4074,.T.);
#4074 = B_SPLINE_CURVE_WITH_KNOTS('',1,(#4075,#4076),.UNSPECIFIED.,.F.,
  .F.,(2,2),(0.,2.017965),.PIECEWISE_BEZIER_KNOTS.);
#4075 = CARTESIAN_POINT('',(23.062675,0.,0.));
#4076 = CARTESIAN_POINT('',(21.04471,0.,0.));
#4077 = SURFACE_OF_LINEAR_EXTRUSION('',#4078,#4081);
#4078 = B_SPLINE_CURVE_WITH_KNOTS('',1,(#4079,#4080),.UNSPECIFIED.,.F.,
  .F.,(2,2),(0.,2.017965),.PIECEWISE_BEZIER_KNOTS.);
#4079 = CARTESIAN_POINT('',(23.062675,0.,0.));
#4080 = CARTESIAN_POINT('',(21.04471,0.,0.));
#4081 = VECTOR('',#4082,1.);
#4082 = DIRECTION('',(-0.,-0.,-1.));
#4083 = ADVANCED_FACE('',(#4084),#4151,.F.);
#4084 = FACE_BOUND('',#4085,.F.);
#4085 = EDGE_LOOP('',(#4086,#4087,#4088,#4089,#4090,#4091,#4092,#4093,
    #4094,#4095,#4096,#4097,#4098,#4099,#4100,#4101,#4102,#4103,#4104,
    #4105,#4106,#4107,#4108,#4109,#4110,#4111,#4112,#4113,#4114,#4115,
    #4116,#4117,#4118,#4119,#4120,#4121,#4122,#4123,#4124,#4125,#4126,
    #4127,#4128,#4129,#4130,#4131,#4132,#4133,#4134,#4135,#4136,#4137,
    #4138,#4139,#4140,#4141,#4142,#4143,#4144,#4145,#4146,#4147,#4148,
    #4149,#4150));
#4086 = ORIENTED_EDGE('',*,*,#1960,.T.);
#4087 = ORIENTED_EDGE('',*,*,#1994,.T.);
#4088 = ORIENTED_EDGE('',*,*,#2026,.T.);
#4089 = ORIENTED_EDGE('',*,*,#2060,.T.);
#4090 = ORIENTED_EDGE('',*,*,#2092,.T.);
#4091 = ORIENTED_EDGE('',*,*,#2126,.T.);
#4092 = ORIENTED_EDGE('',*,*,#2158,.T.);
#4093 = ORIENTED_EDGE('',*,*,#2192,.T.);
#4094 = ORIENTED_EDGE('',*,*,#2222,.T.);
#4095 = ORIENTED_EDGE('',*,*,#2252,.T.);
#4096 = ORIENTED_EDGE('',*,*,#2284,.T.);
#4097 = ORIENTED_EDGE('',*,*,#2318,.T.);
#4098 = ORIENTED_EDGE('',*,*,#2350,.T.);
#4099 = ORIENTED_EDGE('',*,*,#2384,.T.);
#4100 = ORIENTED_EDGE('',*,*,#2416,.T.);
#4101 = ORIENTED_EDGE('',*,*,#2450,.T.);
#4102 = ORIENTED_EDGE('',*,*,#2482,.T.);
#4103 = ORIENTED_EDGE('',*,*,#2516,.T.);
#4104 = ORIENTED_EDGE('',*,*,#2548,.T.);
#4105 = ORIENTED_EDGE('',*,*,#2584,.T.);
#4106 = ORIENTED_EDGE('',*,*,#2618,.T.);
#4107 = ORIENTED_EDGE('',*,*,#2648,.T.);
#4108 = ORIENTED_EDGE('',*,*,#2678,.T.);
#4109 = ORIENTED_EDGE('',*,*,#2710,.T.);
#4110 = ORIENTED_EDGE('',*,*,#2746,.T.);
#4111 = ORIENTED_EDGE('',*,*,#2782,.T.);
#4112 = ORIENTED_EDGE('',*,*,#2816,.T.);
#4113 = ORIENTED_EDGE('',*,*,#2848,.T.);
#4114 = ORIENTED_EDGE('',*,*,#2882,.T.);
#4115 = ORIENTED_EDGE('',*,*,#2914,.T.);
#4116 = ORIENTED_EDGE('',*,*,#2948,.T.);
#4117 = ORIENTED_EDGE('',*,*,#2980,.T.);
#4118 = ORIENTED_EDGE('',*,*,#3014,.T.);
#4119 = ORIENTED_EDGE('',*,*,#3046,.T.);
#4120 = ORIENTED_EDGE('',*,*,#3080,.T.);
#4121 = ORIENTED_EDGE('',*,*,#3112,.T.);
#4122 = ORIENTED_EDGE('',*,*,#3148,.T.);
#4123 = ORIENTED_EDGE('',*,*,#3182,.T.);
#4124 = ORIENTED_EDGE('',*,*,#3212,.T.);
#4125 = ORIENTED_EDGE('',*,*,#3242,.T.);
#4126 = ORIENTED_EDGE('',*,*,#3272,.T.);
#4127 = ORIENTED_EDGE('',*,*,#3304,.T.);
#4128 = ORIENTED_EDGE('',*,*,#3338,.T.);
#4129 = ORIENTED_EDGE('',*,*,#3370,.T.);
#4130 = ORIENTED_EDGE('',*,*,#3406,.T.);
#4131 = ORIENTED_EDGE('',*,*,#3440,.T.);
#4132 = ORIENTED_EDGE('',*,*,#3472,.T.);
#4133 = ORIENTED_EDGE('',*,*,#3506,.T.);
#4134 = ORIENTED_EDGE('',*,*,#3538,.T.);
#4135 = ORIENTED_EDGE('',*,*,#3572,.T.);
#4136 = ORIENTED_EDGE('',*,*,#3604,.T.);
#4137 = ORIENTED_EDGE('',*,*,#3638,.T.);
#4138 = ORIENTED_EDGE('',*,*,#3670,.T.);
#4139 = ORIENTED_EDGE('',*,*,#3706,.T.);
#4140 = ORIENTED_EDGE('',*,*,#3742,.T.);
#4141 = ORIENTED_EDGE('',*,*,#3778,.T.);
#4142 = ORIENTED_EDGE('',*,*,#3814,.T.);
#4143 = ORIENTED_EDGE('',*,*,#3850,.T.);
#4144 = ORIENTED_EDGE('',*,*,#3886,.T.);
#4145 = ORIENTED_EDGE('',*,*,#3920,.T.);
#4146 = ORIENTED_EDGE('',*,*,#3950,.T.);
#4147 = ORIENTED_EDGE('',*,*,#3980,.T.);
#4148 = ORIENTED_EDGE('',*,*,#4012,.T.);
#4149 = ORIENTED_EDGE('',*,*,#4048,.T.);
#4150 = ORIENTED_EDGE('',*,*,#4073,.T.);
#4151 = B_SPLINE_SURFACE_WITH_KNOTS('',1,1,(
    (#4152,#4153)
    ,(#4154,#4155
    )),.UNSPECIFIED.,.F.,.F.,.F.,(2,2),(2,2),(-26.01795404071,
    26.002281959287),(-18.20749874905,18.207063846993),
  .PIECEWISE_BEZIER_KNOTS.);
#4152 = CARTESIAN_POINT('',(20.627716,-36.414434,0.));
#4153 = CARTESIAN_POINT('',(20.627716,1.285960500006E-04,0.));
#4154 = CARTESIAN_POINT('',(72.647952,-36.414434,0.));
#4155 = CARTESIAN_POINT('',(72.647952,1.285960500006E-04,0.));
#4156 = ADVANCED_FACE('',(#4157),#4224,.T.);
#4157 = FACE_BOUND('',#4158,.T.);
#4158 = EDGE_LOOP('',(#4159,#4160,#4161,#4162,#4163,#4164,#4165,#4166,
    #4167,#4168,#4169,#4170,#4171,#4172,#4173,#4174,#4175,#4176,#4177,
    #4178,#4179,#4180,#4181,#4182,#4183,#4184,#4185,#4186,#4187,#4188,
    #4189,#4190,#4191,#4192,#4193,#4194,#4195,#4196,#4197,#4198,#4199,
    #4200,#4201,#4202,#4203,#4204,#4205,#4206,#4207,#4208,#4209,#4210,
    #4211,#4212,#4213,#4214,#4215,#4216,#4217,#4218,#4219,#4220,#4221,
    #4222,#4223));
#4159 = ORIENTED_EDGE('',*,*,#1943,.T.);
#4160 = ORIENTED_EDGE('',*,*,#1979,.T.);
#4161 = ORIENTED_EDGE('',*,*,#2009,.T.);
#4162 = ORIENTED_EDGE('',*,*,#2045,.T.);
#4163 = ORIENTED_EDGE('',*,*,#2075,.T.);
#4164 = ORIENTED_EDGE('',*,*,#2111,.T.);
#4165 = ORIENTED_EDGE('',*,*,#2141,.T.);
#4166 = ORIENTED_EDGE('',*,*,#2177,.T.);
#4167 = ORIENTED_EDGE('',*,*,#2207,.T.);
#4168 = ORIENTED_EDGE('',*,*,#2237,.T.);
#4169 = ORIENTED_EDGE('',*,*,#2267,.T.);
#4170 = ORIENTED_EDGE('',*,*,#2303,.T.);
#4171 = ORIENTED_EDGE('',*,*,#2333,.T.);
#4172 = ORIENTED_EDGE('',*,*,#2369,.T.);
#4173 = ORIENTED_EDGE('',*,*,#2399,.T.);
#4174 = ORIENTED_EDGE('',*,*,#2435,.T.);
#4175 = ORIENTED_EDGE('',*,*,#2465,.T.);
#4176 = ORIENTED_EDGE('',*,*,#2501,.T.);
#4177 = ORIENTED_EDGE('',*,*,#2531,.T.);
#4178 = ORIENTED_EDGE('',*,*,#2567,.T.);
#4179 = ORIENTED_EDGE('',*,*,#2603,.T.);
#4180 = ORIENTED_EDGE('',*,*,#2633,.T.);
#4181 = ORIENTED_EDGE('',*,*,#2663,.T.);
#4182 = ORIENTED_EDGE('',*,*,#2693,.T.);
#4183 = ORIENTED_EDGE('',*,*,#2729,.T.);
#4184 = ORIENTED_EDGE('',*,*,#2765,.T.);
#4185 = ORIENTED_EDGE('',*,*,#2801,.T.);
#4186 = ORIENTED_EDGE('',*,*,#2831,.T.);
#4187 = ORIENTED_EDGE('',*,*,#2867,.T.);
#4188 = ORIENTED_EDGE('',*,*,#2897,.T.);
#4189 = ORIENTED_EDGE('',*,*,#2933,.T.);
#4190 = ORIENTED_EDGE('',*,*,#2963,.T.);
#4191 = ORIENTED_EDGE('',*,*,#2999,.T.);
#4192 = ORIENTED_EDGE('',*,*,#3029,.T.);
#4193 = ORIENTED_EDGE('',*,*,#3065,.T.);
#4194 = ORIENTED_EDGE('',*,*,#3095,.T.);
#4195 = ORIENTED_EDGE('',*,*,#3131,.T.);
#4196 = ORIENTED_EDGE('',*,*,#3167,.T.);
#4197 = ORIENTED_EDGE('',*,*,#3197,.T.);
#4198 = ORIENTED_EDGE('',*,*,#3227,.T.);
#4199 = ORIENTED_EDGE('',*,*,#3257,.T.);
#4200 = ORIENTED_EDGE('',*,*,#3287,.T.);
#4201 = ORIENTED_EDGE('',*,*,#3323,.T.);
#4202 = ORIENTED_EDGE('',*,*,#3353,.T.);
#4203 = ORIENTED_EDGE('',*,*,#3389,.T.);
#4204 = ORIENTED_EDGE('',*,*,#3425,.T.);
#4205 = ORIENTED_EDGE('',*,*,#3455,.T.);
#4206 = ORIENTED_EDGE('',*,*,#3491,.T.);
#4207 = ORIENTED_EDGE('',*,*,#3521,.T.);
#4208 = ORIENTED_EDGE('',*,*,#3557,.T.);
#4209 = ORIENTED_EDGE('',*,*,#3587,.T.);
#4210 = ORIENTED_EDGE('',*,*,#3623,.T.);
#4211 = ORIENTED_EDGE('',*,*,#3653,.T.);
#4212 = ORIENTED_EDGE('',*,*,#3689,.T.);
#4213 = ORIENTED_EDGE('',*,*,#3725,.T.);
#4214 = ORIENTED_EDGE('',*,*,#3761,.T.);
#4215 = ORIENTED_EDGE('',*,*,#3797,.T.);
#4216 = ORIENTED_EDGE('',*,*,#3833,.T.);
#4217 = ORIENTED_EDGE('',*,*,#3869,.T.);
#4218 = ORIENTED_EDGE('',*,*,#3905,.T.);
#4219 = ORIENTED_EDGE('',*,*,#3935,.T.);
#4220 = ORIENTED_EDGE('',*,*,#3965,.T.);
#4221 = ORIENTED_EDGE('',*,*,#3995,.T.);
#4222 = ORIENTED_EDGE('',*,*,#4031,.T.);
#4223 = ORIENTED_EDGE('',*,*,#4067,.T.);
#4224 = B_SPLINE_SURFACE_WITH_KNOTS('',1,1,(
    (#4225,#4226)
    ,(#4227,#4228
    )),.UNSPECIFIED.,.F.,.F.,.F.,(2,2),(2,2),(-26.01795404071,
    26.002281959287),(-18.20749874905,18.207063846993),
  .PIECEWISE_BEZIER_KNOTS.);
#4225 = CARTESIAN_POINT('',(20.627716,-36.414434,2.05));
#4226 = CARTESIAN_POINT('',(20.627716,1.285960500006E-04,2.05));
#4227 = CARTESIAN_POINT('',(72.647952,-36.414434,2.05));
#4228 = CARTESIAN_POINT('',(72.647952,1.285960500006E-04,2.05));
#4229 = ( GEOMETRIC_REPRESENTATION_CONTEXT(3) 
GLOBAL_UNCERTAINTY_ASSIGNED_CONTEXT((#4233)) 
GLOBAL_UNIT_ASSIGNED_CONTEXT((#4230,#4231,#4232)) REPRESENTATION_CONTEXT
('Context #1','3D Context with UNIT and UNCERTAINTY') );
#4230 = ( LENGTH_UNIT() NAMED_UNIT(*) SI_UNIT(.MILLI.,.METRE.) );
#4231 = ( NAMED_UNIT(*) PLANE_ANGLE_UNIT() SI_UNIT($,.RADIAN.) );
#4232 = ( NAMED_UNIT(*) SI_UNIT($,.STERADIAN.) SOLID_ANGLE_UNIT() );
#4233 = UNCERTAINTY_MEASURE_WITH_UNIT(LENGTH_MEASURE(1.E-07),#4230,
  'distance_accuracy_value','confusion accuracy');
#4234 = CONTEXT_DEPENDENT_SHAPE_REPRESENTATION(#4235,#4237);
#4235 = ( REPRESENTATION_RELATIONSHIP('','',#1926,#10) 
REPRESENTATION_RELATIONSHIP_WITH_TRANSFORMATION(#4236) 
SHAPE_REPRESENTATION_RELATIONSHIP() );
#4236 = ITEM_DEFINED_TRANSFORMATION('','',#11,#35);
#4237 = PRODUCT_DEFINITION_SHAPE('Placement','Placement of an item',
  #4238);
#4238 = NEXT_ASSEMBLY_USAGE_OCCURRENCE('6','Extrude002','',#5,#1921,$);
#4239 = PRODUCT_RELATED_PRODUCT_CATEGORY('part',$,(#1923));
#4240 = SHAPE_DEFINITION_REPRESENTATION(#4241,#4247);
#4241 = PRODUCT_DEFINITION_SHAPE('','',#4242);
#4242 = PRODUCT_DEFINITION('design','',#4243,#4246);
#4243 = PRODUCT_DEFINITION_FORMATION('','',#4244);
#4244 = PRODUCT('Extrude004','Extrude004','',(#4245));
#4245 = PRODUCT_CONTEXT('',#2,'mechanical');
#4246 = PRODUCT_DEFINITION_CONTEXT('part definition',#2,'design');
#4247 = ADVANCED_BREP_SHAPE_REPRESENTATION('',(#11,#4248),#5636);
#4248 = MANIFOLD_SOLID_BREP('',#4249);
#4249 = CLOSED_SHELL('',(#4250,#4295,#4325,#4361,#4391,#4427,#4463,#4493
    ,#4523,#4553,#4583,#4613,#4643,#4679,#4709,#4745,#4775,#4811,#4847,
    #4877,#4907,#4943,#4973,#5009,#5039,#5069,#5099,#5129,#5159,#5189,
    #5225,#5255,#5291,#5321,#5357,#5387,#5423,#5453,#5483,#5519,#5540,
    #5588));
#4250 = ADVANCED_FACE('',(#4251),#4287,.F.);
#4251 = FACE_BOUND('',#4252,.F.);
#4252 = EDGE_LOOP('',(#4253,#4263,#4272,#4280));
#4253 = ORIENTED_EDGE('',*,*,#4254,.T.);
#4254 = EDGE_CURVE('',#4255,#4257,#4259,.T.);
#4255 = VERTEX_POINT('',#4256);
#4256 = CARTESIAN_POINT('',(23.656437,-4.00389,0.));
#4257 = VERTEX_POINT('',#4258);
#4258 = CARTESIAN_POINT('',(23.656437,-4.00389,0.31));
#4259 = LINE('',#4260,#4261);
#4260 = CARTESIAN_POINT('',(23.656437,-4.00389,0.));
#4261 = VECTOR('',#4262,1.);
#4262 = DIRECTION('',(0.,0.,1.));
#4263 = ORIENTED_EDGE('',*,*,#4264,.T.);
#4264 = EDGE_CURVE('',#4257,#4265,#4267,.T.);
#4265 = VERTEX_POINT('',#4266);
#4266 = CARTESIAN_POINT('',(23.607347,-4.054533,0.31));
#4267 = B_SPLINE_CURVE_WITH_KNOTS('',3,(#4268,#4269,#4270,#4271),
  .UNSPECIFIED.,.F.,.F.,(4,4),(0.,1.),.PIECEWISE_BEZIER_KNOTS.);
#4268 = CARTESIAN_POINT('',(23.656437,-4.00389,0.31));
#4269 = CARTESIAN_POINT('',(23.628927,-4.0043874,0.31));
#4270 = CARTESIAN_POINT('',(23.606987,-4.02702,0.31));
#4271 = CARTESIAN_POINT('',(23.607347,-4.054533,0.31));
#4272 = ORIENTED_EDGE('',*,*,#4273,.F.);
#4273 = EDGE_CURVE('',#4274,#4265,#4276,.T.);
#4274 = VERTEX_POINT('',#4275);
#4275 = CARTESIAN_POINT('',(23.607347,-4.054533,0.));
#4276 = LINE('',#4277,#4278);
#4277 = CARTESIAN_POINT('',(23.607347,-4.054533,0.));
#4278 = VECTOR('',#4279,1.);
#4279 = DIRECTION('',(0.,0.,1.));
#4280 = ORIENTED_EDGE('',*,*,#4281,.F.);
#4281 = EDGE_CURVE('',#4255,#4274,#4282,.T.);
#4282 = B_SPLINE_CURVE_WITH_KNOTS('',3,(#4283,#4284,#4285,#4286),
  .UNSPECIFIED.,.F.,.F.,(4,4),(0.,1.),.PIECEWISE_BEZIER_KNOTS.);
#4283 = CARTESIAN_POINT('',(23.656437,-4.00389,0.));
#4284 = CARTESIAN_POINT('',(23.628927,-4.0043874,0.));
#4285 = CARTESIAN_POINT('',(23.606987,-4.02702,0.));
#4286 = CARTESIAN_POINT('',(23.607347,-4.054533,0.));
#4287 = SURFACE_OF_LINEAR_EXTRUSION('',#4288,#4293);
#4288 = B_SPLINE_CURVE_WITH_KNOTS('',3,(#4289,#4290,#4291,#4292),
  .UNSPECIFIED.,.F.,.F.,(4,4),(0.,1.),.PIECEWISE_BEZIER_KNOTS.);
#4289 = CARTESIAN_POINT('',(23.656437,-4.00389,0.));
#4290 = CARTESIAN_POINT('',(23.628927,-4.0043874,0.));
#4291 = CARTESIAN_POINT('',(23.606987,-4.02702,0.));
#4292 = CARTESIAN_POINT('',(23.607347,-4.054533,0.));
#4293 = VECTOR('',#4294,1.);
#4294 = DIRECTION('',(-0.,-0.,-1.));
#4295 = ADVANCED_FACE('',(#4296),#4319,.F.);
#4296 = FACE_BOUND('',#4297,.F.);
#4297 = EDGE_LOOP('',(#4298,#4299,#4306,#4314));
#4298 = ORIENTED_EDGE('',*,*,#4273,.T.);
#4299 = ORIENTED_EDGE('',*,*,#4300,.T.);
#4300 = EDGE_CURVE('',#4265,#4301,#4303,.T.);
#4301 = VERTEX_POINT('',#4302);
#4302 = CARTESIAN_POINT('',(23.607347,-4.7557822,0.31));
#4303 = B_SPLINE_CURVE_WITH_KNOTS('',1,(#4304,#4305),.UNSPECIFIED.,.F.,
  .F.,(2,2),(0.,0.7012492),.PIECEWISE_BEZIER_KNOTS.);
#4304 = CARTESIAN_POINT('',(23.607347,-4.054533,0.31));
#4305 = CARTESIAN_POINT('',(23.607347,-4.7557822,0.31));
#4306 = ORIENTED_EDGE('',*,*,#4307,.F.);
#4307 = EDGE_CURVE('',#4308,#4301,#4310,.T.);
#4308 = VERTEX_POINT('',#4309);
#4309 = CARTESIAN_POINT('',(23.607347,-4.7557822,0.));
#4310 = LINE('',#4311,#4312);
#4311 = CARTESIAN_POINT('',(23.607347,-4.7557822,0.));
#4312 = VECTOR('',#4313,1.);
#4313 = DIRECTION('',(0.,0.,1.));
#4314 = ORIENTED_EDGE('',*,*,#4315,.F.);
#4315 = EDGE_CURVE('',#4274,#4308,#4316,.T.);
#4316 = B_SPLINE_CURVE_WITH_KNOTS('',1,(#4317,#4318),.UNSPECIFIED.,.F.,
  .F.,(2,2),(0.,0.7012492),.PIECEWISE_BEZIER_KNOTS.);
#4317 = CARTESIAN_POINT('',(23.607347,-4.054533,0.));
#4318 = CARTESIAN_POINT('',(23.607347,-4.7557822,0.));
#4319 = SURFACE_OF_LINEAR_EXTRUSION('',#4320,#4323);
#4320 = B_SPLINE_CURVE_WITH_KNOTS('',1,(#4321,#4322),.UNSPECIFIED.,.F.,
  .F.,(2,2),(0.,0.7012492),.PIECEWISE_BEZIER_KNOTS.);
#4321 = CARTESIAN_POINT('',(23.607347,-4.054533,0.));
#4322 = CARTESIAN_POINT('',(23.607347,-4.7557822,0.));
#4323 = VECTOR('',#4324,1.);
#4324 = DIRECTION('',(-0.,-0.,-1.));
#4325 = ADVANCED_FACE('',(#4326),#4353,.F.);
#4326 = FACE_BOUND('',#4327,.F.);
#4327 = EDGE_LOOP('',(#4328,#4329,#4338,#4346));
#4328 = ORIENTED_EDGE('',*,*,#4307,.T.);
#4329 = ORIENTED_EDGE('',*,*,#4330,.T.);
#4330 = EDGE_CURVE('',#4301,#4331,#4333,.T.);
#4331 = VERTEX_POINT('',#4332);
#4332 = CARTESIAN_POINT('',(23.607347,-4.7573322,0.31));
#4333 = B_SPLINE_CURVE_WITH_KNOTS('',3,(#4334,#4335,#4336,#4337),
  .UNSPECIFIED.,.F.,.F.,(4,4),(0.,1.),.PIECEWISE_BEZIER_KNOTS.);
#4334 = CARTESIAN_POINT('',(23.607347,-4.7557822,0.31));
#4335 = CARTESIAN_POINT('',(23.607339,-4.7562989,0.31));
#4336 = CARTESIAN_POINT('',(23.607339,-4.7568122,0.31));
#4337 = CARTESIAN_POINT('',(23.607347,-4.7573322,0.31));
#4338 = ORIENTED_EDGE('',*,*,#4339,.F.);
#4339 = EDGE_CURVE('',#4340,#4331,#4342,.T.);
#4340 = VERTEX_POINT('',#4341);
#4341 = CARTESIAN_POINT('',(23.607347,-4.7573322,0.));
#4342 = LINE('',#4343,#4344);
#4343 = CARTESIAN_POINT('',(23.607347,-4.7573322,0.));
#4344 = VECTOR('',#4345,1.);
#4345 = DIRECTION('',(0.,0.,1.));
#4346 = ORIENTED_EDGE('',*,*,#4347,.F.);
#4347 = EDGE_CURVE('',#4308,#4340,#4348,.T.);
#4348 = B_SPLINE_CURVE_WITH_KNOTS('',3,(#4349,#4350,#4351,#4352),
  .UNSPECIFIED.,.F.,.F.,(4,4),(0.,1.),.PIECEWISE_BEZIER_KNOTS.);
#4349 = CARTESIAN_POINT('',(23.607347,-4.7557822,0.));
#4350 = CARTESIAN_POINT('',(23.607339,-4.7562989,0.));
#4351 = CARTESIAN_POINT('',(23.607339,-4.7568122,0.));
#4352 = CARTESIAN_POINT('',(23.607347,-4.7573322,0.));
#4353 = SURFACE_OF_LINEAR_EXTRUSION('',#4354,#4359);
#4354 = B_SPLINE_CURVE_WITH_KNOTS('',3,(#4355,#4356,#4357,#4358),
  .UNSPECIFIED.,.F.,.F.,(4,4),(0.,1.),.PIECEWISE_BEZIER_KNOTS.);
#4355 = CARTESIAN_POINT('',(23.607347,-4.7557822,0.));
#4356 = CARTESIAN_POINT('',(23.607339,-4.7562989,0.));
#4357 = CARTESIAN_POINT('',(23.607339,-4.7568122,0.));
#4358 = CARTESIAN_POINT('',(23.607347,-4.7573322,0.));
#4359 = VECTOR('',#4360,1.);
#4360 = DIRECTION('',(-0.,-0.,-1.));
#4361 = ADVANCED_FACE('',(#4362),#4385,.F.);
#4362 = FACE_BOUND('',#4363,.F.);
#4363 = EDGE_LOOP('',(#4364,#4365,#4372,#4380));
#4364 = ORIENTED_EDGE('',*,*,#4339,.T.);
#4365 = ORIENTED_EDGE('',*,*,#4366,.T.);
#4366 = EDGE_CURVE('',#4331,#4367,#4369,.T.);
#4367 = VERTEX_POINT('',#4368);
#4368 = CARTESIAN_POINT('',(23.607347,-23.061125,0.31));
#4369 = B_SPLINE_CURVE_WITH_KNOTS('',1,(#4370,#4371),.UNSPECIFIED.,.F.,
  .F.,(2,2),(0.,18.3037928),.PIECEWISE_BEZIER_KNOTS.);
#4370 = CARTESIAN_POINT('',(23.607347,-4.7573322,0.31));
#4371 = CARTESIAN_POINT('',(23.607347,-23.061125,0.31));
#4372 = ORIENTED_EDGE('',*,*,#4373,.F.);
#4373 = EDGE_CURVE('',#4374,#4367,#4376,.T.);
#4374 = VERTEX_POINT('',#4375);
#4375 = CARTESIAN_POINT('',(23.607347,-23.061125,0.));
#4376 = LINE('',#4377,#4378);
#4377 = CARTESIAN_POINT('',(23.607347,-23.061125,0.));
#4378 = VECTOR('',#4379,1.);
#4379 = DIRECTION('',(0.,0.,1.));
#4380 = ORIENTED_EDGE('',*,*,#4381,.F.);
#4381 = EDGE_CURVE('',#4340,#4374,#4382,.T.);
#4382 = B_SPLINE_CURVE_WITH_KNOTS('',1,(#4383,#4384),.UNSPECIFIED.,.F.,
  .F.,(2,2),(0.,18.3037928),.PIECEWISE_BEZIER_KNOTS.);
#4383 = CARTESIAN_POINT('',(23.607347,-4.7573322,0.));
#4384 = CARTESIAN_POINT('',(23.607347,-23.061125,0.));
#4385 = SURFACE_OF_LINEAR_EXTRUSION('',#4386,#4389);
#4386 = B_SPLINE_CURVE_WITH_KNOTS('',1,(#4387,#4388),.UNSPECIFIED.,.F.,
  .F.,(2,2),(0.,18.3037928),.PIECEWISE_BEZIER_KNOTS.);
#4387 = CARTESIAN_POINT('',(23.607347,-4.7573322,0.));
#4388 = CARTESIAN_POINT('',(23.607347,-23.061125,0.));
#4389 = VECTOR('',#4390,1.);
#4390 = DIRECTION('',(-0.,-0.,-1.));
#4391 = ADVANCED_FACE('',(#4392),#4419,.F.);
#4392 = FACE_BOUND('',#4393,.F.);
#4393 = EDGE_LOOP('',(#4394,#4395,#4404,#4412));
#4394 = ORIENTED_EDGE('',*,*,#4373,.T.);
#4395 = ORIENTED_EDGE('',*,*,#4396,.T.);
#4396 = EDGE_CURVE('',#4367,#4397,#4399,.T.);
#4397 = VERTEX_POINT('',#4398);
#4398 = CARTESIAN_POINT('',(23.607347,-23.062625,0.31));
#4399 = B_SPLINE_CURVE_WITH_KNOTS('',3,(#4400,#4401,#4402,#4403),
  .UNSPECIFIED.,.F.,.F.,(4,4),(0.,1.),.PIECEWISE_BEZIER_KNOTS.);
#4400 = CARTESIAN_POINT('',(23.607347,-23.061125,0.31));
#4401 = CARTESIAN_POINT('',(23.607339,-23.061642,0.31));
#4402 = CARTESIAN_POINT('',(23.607339,-23.062125,0.31));
#4403 = CARTESIAN_POINT('',(23.607347,-23.062625,0.31));
#4404 = ORIENTED_EDGE('',*,*,#4405,.F.);
#4405 = EDGE_CURVE('',#4406,#4397,#4408,.T.);
#4406 = VERTEX_POINT('',#4407);
#4407 = CARTESIAN_POINT('',(23.607347,-23.062625,0.));
#4408 = LINE('',#4409,#4410);
#4409 = CARTESIAN_POINT('',(23.607347,-23.062625,0.));
#4410 = VECTOR('',#4411,1.);
#4411 = DIRECTION('',(0.,0.,1.));
#4412 = ORIENTED_EDGE('',*,*,#4413,.F.);
#4413 = EDGE_CURVE('',#4374,#4406,#4414,.T.);
#4414 = B_SPLINE_CURVE_WITH_KNOTS('',3,(#4415,#4416,#4417,#4418),
  .UNSPECIFIED.,.F.,.F.,(4,4),(0.,1.),.PIECEWISE_BEZIER_KNOTS.);
#4415 = CARTESIAN_POINT('',(23.607347,-23.061125,0.));
#4416 = CARTESIAN_POINT('',(23.607339,-23.061642,0.));
#4417 = CARTESIAN_POINT('',(23.607339,-23.062125,0.));
#4418 = CARTESIAN_POINT('',(23.607347,-23.062625,0.));
#4419 = SURFACE_OF_LINEAR_EXTRUSION('',#4420,#4425);
#4420 = B_SPLINE_CURVE_WITH_KNOTS('',3,(#4421,#4422,#4423,#4424),
  .UNSPECIFIED.,.F.,.F.,(4,4),(0.,1.),.PIECEWISE_BEZIER_KNOTS.);
#4421 = CARTESIAN_POINT('',(23.607347,-23.061125,0.));
#4422 = CARTESIAN_POINT('',(23.607339,-23.061642,0.));
#4423 = CARTESIAN_POINT('',(23.607339,-23.062125,0.));
#4424 = CARTESIAN_POINT('',(23.607347,-23.062625,0.));
#4425 = VECTOR('',#4426,1.);
#4426 = DIRECTION('',(-0.,-0.,-1.));
#4427 = ADVANCED_FACE('',(#4428),#4455,.F.);
#4428 = FACE_BOUND('',#4429,.F.);
#4429 = EDGE_LOOP('',(#4430,#4431,#4440,#4448));
#4430 = ORIENTED_EDGE('',*,*,#4405,.T.);
#4431 = ORIENTED_EDGE('',*,*,#4432,.T.);
#4432 = EDGE_CURVE('',#4397,#4433,#4435,.T.);
#4433 = VERTEX_POINT('',#4434);
#4434 = CARTESIAN_POINT('',(23.607347,-23.064225,0.31));
#4435 = B_SPLINE_CURVE_WITH_KNOTS('',3,(#4436,#4437,#4438,#4439),
  .UNSPECIFIED.,.F.,.F.,(4,4),(0.,1.),.PIECEWISE_BEZIER_KNOTS.);
#4436 = CARTESIAN_POINT('',(23.607347,-23.062625,0.31));
#4437 = CARTESIAN_POINT('',(23.607339,-23.063142,0.31));
#4438 = CARTESIAN_POINT('',(23.607339,-23.063625,0.31));
#4439 = CARTESIAN_POINT('',(23.607347,-23.064225,0.31));
#4440 = ORIENTED_EDGE('',*,*,#4441,.F.);
#4441 = EDGE_CURVE('',#4442,#4433,#4444,.T.);
#4442 = VERTEX_POINT('',#4443);
#4443 = CARTESIAN_POINT('',(23.607347,-23.064225,0.));
#4444 = LINE('',#4445,#4446);
#4445 = CARTESIAN_POINT('',(23.607347,-23.064225,0.));
#4446 = VECTOR('',#4447,1.);
#4447 = DIRECTION('',(0.,0.,1.));
#4448 = ORIENTED_EDGE('',*,*,#4449,.F.);
#4449 = EDGE_CURVE('',#4406,#4442,#4450,.T.);
#4450 = B_SPLINE_CURVE_WITH_KNOTS('',3,(#4451,#4452,#4453,#4454),
  .UNSPECIFIED.,.F.,.F.,(4,4),(0.,1.),.PIECEWISE_BEZIER_KNOTS.);
#4451 = CARTESIAN_POINT('',(23.607347,-23.062625,0.));
#4452 = CARTESIAN_POINT('',(23.607339,-23.063142,0.));
#4453 = CARTESIAN_POINT('',(23.607339,-23.063625,0.));
#4454 = CARTESIAN_POINT('',(23.607347,-23.064225,0.));
#4455 = SURFACE_OF_LINEAR_EXTRUSION('',#4456,#4461);
#4456 = B_SPLINE_CURVE_WITH_KNOTS('',3,(#4457,#4458,#4459,#4460),
  .UNSPECIFIED.,.F.,.F.,(4,4),(0.,1.),.PIECEWISE_BEZIER_KNOTS.);
#4457 = CARTESIAN_POINT('',(23.607347,-23.062625,0.));
#4458 = CARTESIAN_POINT('',(23.607339,-23.063142,0.));
#4459 = CARTESIAN_POINT('',(23.607339,-23.063625,0.));
#4460 = CARTESIAN_POINT('',(23.607347,-23.064225,0.));
#4461 = VECTOR('',#4462,1.);
#4462 = DIRECTION('',(-0.,-0.,-1.));
#4463 = ADVANCED_FACE('',(#4464),#4487,.F.);
#4464 = FACE_BOUND('',#4465,.F.);
#4465 = EDGE_LOOP('',(#4466,#4467,#4474,#4482));
#4466 = ORIENTED_EDGE('',*,*,#4441,.T.);
#4467 = ORIENTED_EDGE('',*,*,#4468,.T.);
#4468 = EDGE_CURVE('',#4433,#4469,#4471,.T.);
#4469 = VERTEX_POINT('',#4470);
#4470 = CARTESIAN_POINT('',(23.607347,-23.666256,0.31));
#4471 = B_SPLINE_CURVE_WITH_KNOTS('',1,(#4472,#4473),.UNSPECIFIED.,.F.,
  .F.,(2,2),(0.,0.602031),.PIECEWISE_BEZIER_KNOTS.);
#4472 = CARTESIAN_POINT('',(23.607347,-23.064225,0.31));
#4473 = CARTESIAN_POINT('',(23.607347,-23.666256,0.31));
#4474 = ORIENTED_EDGE('',*,*,#4475,.F.);
#4475 = EDGE_CURVE('',#4476,#4469,#4478,.T.);
#4476 = VERTEX_POINT('',#4477);
#4477 = CARTESIAN_POINT('',(23.607347,-23.666256,0.));
#4478 = LINE('',#4479,#4480);
#4479 = CARTESIAN_POINT('',(23.607347,-23.666256,0.));
#4480 = VECTOR('',#4481,1.);
#4481 = DIRECTION('',(0.,0.,1.));
#4482 = ORIENTED_EDGE('',*,*,#4483,.F.);
#4483 = EDGE_CURVE('',#4442,#4476,#4484,.T.);
#4484 = B_SPLINE_CURVE_WITH_KNOTS('',1,(#4485,#4486),.UNSPECIFIED.,.F.,
  .F.,(2,2),(0.,0.602031),.PIECEWISE_BEZIER_KNOTS.);
#4485 = CARTESIAN_POINT('',(23.607347,-23.064225,0.));
#4486 = CARTESIAN_POINT('',(23.607347,-23.666256,0.));
#4487 = SURFACE_OF_LINEAR_EXTRUSION('',#4488,#4491);
#4488 = B_SPLINE_CURVE_WITH_KNOTS('',1,(#4489,#4490),.UNSPECIFIED.,.F.,
  .F.,(2,2),(0.,0.602031),.PIECEWISE_BEZIER_KNOTS.);
#4489 = CARTESIAN_POINT('',(23.607347,-23.064225,0.));
#4490 = CARTESIAN_POINT('',(23.607347,-23.666256,0.));
#4491 = VECTOR('',#4492,1.);
#4492 = DIRECTION('',(-0.,-0.,-1.));
#4493 = ADVANCED_FACE('',(#4494),#4517,.F.);
#4494 = FACE_BOUND('',#4495,.F.);
#4495 = EDGE_LOOP('',(#4496,#4497,#4504,#4512));
#4496 = ORIENTED_EDGE('',*,*,#4475,.T.);
#4497 = ORIENTED_EDGE('',*,*,#4498,.T.);
#4498 = EDGE_CURVE('',#4469,#4499,#4501,.T.);
#4499 = VERTEX_POINT('',#4500);
#4500 = CARTESIAN_POINT('',(23.591847,-23.759786,0.31));
#4501 = B_SPLINE_CURVE_WITH_KNOTS('',1,(#4502,#4503),.UNSPECIFIED.,.F.,
  .F.,(2,2),(0.,9.48056480385E-02),.PIECEWISE_BEZIER_KNOTS.);
#4502 = CARTESIAN_POINT('',(23.607347,-23.666256,0.31));
#4503 = CARTESIAN_POINT('',(23.591847,-23.759786,0.31));
#4504 = ORIENTED_EDGE('',*,*,#4505,.F.);
#4505 = EDGE_CURVE('',#4506,#4499,#4508,.T.);
#4506 = VERTEX_POINT('',#4507);
#4507 = CARTESIAN_POINT('',(23.591847,-23.759786,0.));
#4508 = LINE('',#4509,#4510);
#4509 = CARTESIAN_POINT('',(23.591847,-23.759786,0.));
#4510 = VECTOR('',#4511,1.);
#4511 = DIRECTION('',(0.,0.,1.));
#4512 = ORIENTED_EDGE('',*,*,#4513,.F.);
#4513 = EDGE_CURVE('',#4476,#4506,#4514,.T.);
#4514 = B_SPLINE_CURVE_WITH_KNOTS('',1,(#4515,#4516),.UNSPECIFIED.,.F.,
  .F.,(2,2),(0.,9.48056480385E-02),.PIECEWISE_BEZIER_KNOTS.);
#4515 = CARTESIAN_POINT('',(23.607347,-23.666256,0.));
#4516 = CARTESIAN_POINT('',(23.591847,-23.759786,0.));
#4517 = SURFACE_OF_LINEAR_EXTRUSION('',#4518,#4521);
#4518 = B_SPLINE_CURVE_WITH_KNOTS('',1,(#4519,#4520),.UNSPECIFIED.,.F.,
  .F.,(2,2),(0.,9.48056480385E-02),.PIECEWISE_BEZIER_KNOTS.);
#4519 = CARTESIAN_POINT('',(23.607347,-23.666256,0.));
#4520 = CARTESIAN_POINT('',(23.591847,-23.759786,0.));
#4521 = VECTOR('',#4522,1.);
#4522 = DIRECTION('',(-0.,-0.,-1.));
#4523 = ADVANCED_FACE('',(#4524),#4547,.F.);
#4524 = FACE_BOUND('',#4525,.F.);
#4525 = EDGE_LOOP('',(#4526,#4527,#4534,#4542));
#4526 = ORIENTED_EDGE('',*,*,#4505,.T.);
#4527 = ORIENTED_EDGE('',*,*,#4528,.T.);
#4528 = EDGE_CURVE('',#4499,#4529,#4531,.T.);
#4529 = VERTEX_POINT('',#4530);
#4530 = CARTESIAN_POINT('',(23.542757,-23.808366,0.31));
#4531 = B_SPLINE_CURVE_WITH_KNOTS('',1,(#4532,#4533),.UNSPECIFIED.,.F.,
  .F.,(2,2),(0.,6.906406084209E-02),.PIECEWISE_BEZIER_KNOTS.);
#4532 = CARTESIAN_POINT('',(23.591847,-23.759786,0.31));
#4533 = CARTESIAN_POINT('',(23.542757,-23.808366,0.31));
#4534 = ORIENTED_EDGE('',*,*,#4535,.F.);
#4535 = EDGE_CURVE('',#4536,#4529,#4538,.T.);
#4536 = VERTEX_POINT('',#4537);
#4537 = CARTESIAN_POINT('',(23.542757,-23.808366,0.));
#4538 = LINE('',#4539,#4540);
#4539 = CARTESIAN_POINT('',(23.542757,-23.808366,0.));
#4540 = VECTOR('',#4541,1.);
#4541 = DIRECTION('',(0.,0.,1.));
#4542 = ORIENTED_EDGE('',*,*,#4543,.F.);
#4543 = EDGE_CURVE('',#4506,#4536,#4544,.T.);
#4544 = B_SPLINE_CURVE_WITH_KNOTS('',1,(#4545,#4546),.UNSPECIFIED.,.F.,
  .F.,(2,2),(0.,6.906406084209E-02),.PIECEWISE_BEZIER_KNOTS.);
#4545 = CARTESIAN_POINT('',(23.591847,-23.759786,0.));
#4546 = CARTESIAN_POINT('',(23.542757,-23.808366,0.));
#4547 = SURFACE_OF_LINEAR_EXTRUSION('',#4548,#4551);
#4548 = B_SPLINE_CURVE_WITH_KNOTS('',1,(#4549,#4550),.UNSPECIFIED.,.F.,
  .F.,(2,2),(0.,6.906406084209E-02),.PIECEWISE_BEZIER_KNOTS.);
#4549 = CARTESIAN_POINT('',(23.591847,-23.759786,0.));
#4550 = CARTESIAN_POINT('',(23.542757,-23.808366,0.));
#4551 = VECTOR('',#4552,1.);
#4552 = DIRECTION('',(-0.,-0.,-1.));
#4553 = ADVANCED_FACE('',(#4554),#4577,.F.);
#4554 = FACE_BOUND('',#4555,.F.);
#4555 = EDGE_LOOP('',(#4556,#4557,#4564,#4572));
#4556 = ORIENTED_EDGE('',*,*,#4535,.T.);
#4557 = ORIENTED_EDGE('',*,*,#4558,.T.);
#4558 = EDGE_CURVE('',#4529,#4559,#4561,.T.);
#4559 = VERTEX_POINT('',#4560);
#4560 = CARTESIAN_POINT('',(23.454907,-23.822316,0.31));
#4561 = B_SPLINE_CURVE_WITH_KNOTS('',1,(#4562,#4563),.UNSPECIFIED.,.F.,
  .F.,(2,2),(0.,8.895068858643E-02),.PIECEWISE_BEZIER_KNOTS.);
#4562 = CARTESIAN_POINT('',(23.542757,-23.808366,0.31));
#4563 = CARTESIAN_POINT('',(23.454907,-23.822316,0.31));
#4564 = ORIENTED_EDGE('',*,*,#4565,.F.);
#4565 = EDGE_CURVE('',#4566,#4559,#4568,.T.);
#4566 = VERTEX_POINT('',#4567);
#4567 = CARTESIAN_POINT('',(23.454907,-23.822316,0.));
#4568 = LINE('',#4569,#4570);
#4569 = CARTESIAN_POINT('',(23.454907,-23.822316,0.));
#4570 = VECTOR('',#4571,1.);
#4571 = DIRECTION('',(0.,0.,1.));
#4572 = ORIENTED_EDGE('',*,*,#4573,.F.);
#4573 = EDGE_CURVE('',#4536,#4566,#4574,.T.);
#4574 = B_SPLINE_CURVE_WITH_KNOTS('',1,(#4575,#4576),.UNSPECIFIED.,.F.,
  .F.,(2,2),(0.,8.895068858643E-02),.PIECEWISE_BEZIER_KNOTS.);
#4575 = CARTESIAN_POINT('',(23.542757,-23.808366,0.));
#4576 = CARTESIAN_POINT('',(23.454907,-23.822316,0.));
#4577 = SURFACE_OF_LINEAR_EXTRUSION('',#4578,#4581);
#4578 = B_SPLINE_CURVE_WITH_KNOTS('',1,(#4579,#4580),.UNSPECIFIED.,.F.,
  .F.,(2,2),(0.,8.895068858643E-02),.PIECEWISE_BEZIER_KNOTS.);
#4579 = CARTESIAN_POINT('',(23.542757,-23.808366,0.));
#4580 = CARTESIAN_POINT('',(23.454907,-23.822316,0.));
#4581 = VECTOR('',#4582,1.);
#4582 = DIRECTION('',(-0.,-0.,-1.));
#4583 = ADVANCED_FACE('',(#4584),#4607,.F.);
#4584 = FACE_BOUND('',#4585,.F.);
#4585 = EDGE_LOOP('',(#4586,#4587,#4594,#4602));
#4586 = ORIENTED_EDGE('',*,*,#4565,.T.);
#4587 = ORIENTED_EDGE('',*,*,#4588,.T.);
#4588 = EDGE_CURVE('',#4559,#4589,#4591,.T.);
#4589 = VERTEX_POINT('',#4590);
#4590 = CARTESIAN_POINT('',(21.476733,-23.822316,0.31));
#4591 = B_SPLINE_CURVE_WITH_KNOTS('',1,(#4592,#4593),.UNSPECIFIED.,.F.,
  .F.,(2,2),(0.,1.978174),.PIECEWISE_BEZIER_KNOTS.);
#4592 = CARTESIAN_POINT('',(23.454907,-23.822316,0.31));
#4593 = CARTESIAN_POINT('',(21.476733,-23.822316,0.31));
#4594 = ORIENTED_EDGE('',*,*,#4595,.F.);
#4595 = EDGE_CURVE('',#4596,#4589,#4598,.T.);
#4596 = VERTEX_POINT('',#4597);
#4597 = CARTESIAN_POINT('',(21.476733,-23.822316,0.));
#4598 = LINE('',#4599,#4600);
#4599 = CARTESIAN_POINT('',(21.476733,-23.822316,0.));
#4600 = VECTOR('',#4601,1.);
#4601 = DIRECTION('',(0.,0.,1.));
#4602 = ORIENTED_EDGE('',*,*,#4603,.F.);
#4603 = EDGE_CURVE('',#4566,#4596,#4604,.T.);
#4604 = B_SPLINE_CURVE_WITH_KNOTS('',1,(#4605,#4606),.UNSPECIFIED.,.F.,
  .F.,(2,2),(0.,1.978174),.PIECEWISE_BEZIER_KNOTS.);
#4605 = CARTESIAN_POINT('',(23.454907,-23.822316,0.));
#4606 = CARTESIAN_POINT('',(21.476733,-23.822316,0.));
#4607 = SURFACE_OF_LINEAR_EXTRUSION('',#4608,#4611);
#4608 = B_SPLINE_CURVE_WITH_KNOTS('',1,(#4609,#4610),.UNSPECIFIED.,.F.,
  .F.,(2,2),(0.,1.978174),.PIECEWISE_BEZIER_KNOTS.);
#4609 = CARTESIAN_POINT('',(23.454907,-23.822316,0.));
#4610 = CARTESIAN_POINT('',(21.476733,-23.822316,0.));
#4611 = VECTOR('',#4612,1.);
#4612 = DIRECTION('',(-0.,-0.,-1.));
#4613 = ADVANCED_FACE('',(#4614),#4637,.F.);
#4614 = FACE_BOUND('',#4615,.F.);
#4615 = EDGE_LOOP('',(#4616,#4617,#4624,#4632));
#4616 = ORIENTED_EDGE('',*,*,#4595,.T.);
#4617 = ORIENTED_EDGE('',*,*,#4618,.T.);
#4618 = EDGE_CURVE('',#4589,#4619,#4621,.T.);
#4619 = VERTEX_POINT('',#4620);
#4620 = CARTESIAN_POINT('',(14.593949,-23.822316,0.31));
#4621 = B_SPLINE_CURVE_WITH_KNOTS('',1,(#4622,#4623),.UNSPECIFIED.,.F.,
  .F.,(2,2),(0.,6.882784),.PIECEWISE_BEZIER_KNOTS.);
#4622 = CARTESIAN_POINT('',(21.476733,-23.822316,0.31));
#4623 = CARTESIAN_POINT('',(14.593949,-23.822316,0.31));
#4624 = ORIENTED_EDGE('',*,*,#4625,.F.);
#4625 = EDGE_CURVE('',#4626,#4619,#4628,.T.);
#4626 = VERTEX_POINT('',#4627);
#4627 = CARTESIAN_POINT('',(14.593949,-23.822316,0.));
#4628 = LINE('',#4629,#4630);
#4629 = CARTESIAN_POINT('',(14.593949,-23.822316,0.));
#4630 = VECTOR('',#4631,1.);
#4631 = DIRECTION('',(0.,0.,1.));
#4632 = ORIENTED_EDGE('',*,*,#4633,.F.);
#4633 = EDGE_CURVE('',#4596,#4626,#4634,.T.);
#4634 = B_SPLINE_CURVE_WITH_KNOTS('',1,(#4635,#4636),.UNSPECIFIED.,.F.,
  .F.,(2,2),(0.,6.882784),.PIECEWISE_BEZIER_KNOTS.);
#4635 = CARTESIAN_POINT('',(21.476733,-23.822316,0.));
#4636 = CARTESIAN_POINT('',(14.593949,-23.822316,0.));
#4637 = SURFACE_OF_LINEAR_EXTRUSION('',#4638,#4641);
#4638 = B_SPLINE_CURVE_WITH_KNOTS('',1,(#4639,#4640),.UNSPECIFIED.,.F.,
  .F.,(2,2),(0.,6.882784),.PIECEWISE_BEZIER_KNOTS.);
#4639 = CARTESIAN_POINT('',(21.476733,-23.822316,0.));
#4640 = CARTESIAN_POINT('',(14.593949,-23.822316,0.));
#4641 = VECTOR('',#4642,1.);
#4642 = DIRECTION('',(-0.,-0.,-1.));
#4643 = ADVANCED_FACE('',(#4644),#4671,.F.);
#4644 = FACE_BOUND('',#4645,.F.);
#4645 = EDGE_LOOP('',(#4646,#4647,#4656,#4664));
#4646 = ORIENTED_EDGE('',*,*,#4625,.T.);
#4647 = ORIENTED_EDGE('',*,*,#4648,.T.);
#4648 = EDGE_CURVE('',#4619,#4649,#4651,.T.);
#4649 = VERTEX_POINT('',#4650);
#4650 = CARTESIAN_POINT('',(14.544859,-23.872956,0.31));
#4651 = B_SPLINE_CURVE_WITH_KNOTS('',3,(#4652,#4653,#4654,#4655),
  .UNSPECIFIED.,.F.,.F.,(4,4),(0.,1.),.PIECEWISE_BEZIER_KNOTS.);
#4652 = CARTESIAN_POINT('',(14.593949,-23.822316,0.31));
#4653 = CARTESIAN_POINT('',(14.566439,-23.822816,0.31));
#4654 = CARTESIAN_POINT('',(14.544499,-23.845446,0.31));
#4655 = CARTESIAN_POINT('',(14.544859,-23.872956,0.31));
#4656 = ORIENTED_EDGE('',*,*,#4657,.F.);
#4657 = EDGE_CURVE('',#4658,#4649,#4660,.T.);
#4658 = VERTEX_POINT('',#4659);
#4659 = CARTESIAN_POINT('',(14.544859,-23.872956,0.));
#4660 = LINE('',#4661,#4662);
#4661 = CARTESIAN_POINT('',(14.544859,-23.872956,0.));
#4662 = VECTOR('',#4663,1.);
#4663 = DIRECTION('',(0.,0.,1.));
#4664 = ORIENTED_EDGE('',*,*,#4665,.F.);
#4665 = EDGE_CURVE('',#4626,#4658,#4666,.T.);
#4666 = B_SPLINE_CURVE_WITH_KNOTS('',3,(#4667,#4668,#4669,#4670),
  .UNSPECIFIED.,.F.,.F.,(4,4),(0.,1.),.PIECEWISE_BEZIER_KNOTS.);
#4667 = CARTESIAN_POINT('',(14.593949,-23.822316,0.));
#4668 = CARTESIAN_POINT('',(14.566439,-23.822816,0.));
#4669 = CARTESIAN_POINT('',(14.544499,-23.845446,0.));
#4670 = CARTESIAN_POINT('',(14.544859,-23.872956,0.));
#4671 = SURFACE_OF_LINEAR_EXTRUSION('',#4672,#4677);
#4672 = B_SPLINE_CURVE_WITH_KNOTS('',3,(#4673,#4674,#4675,#4676),
  .UNSPECIFIED.,.F.,.F.,(4,4),(0.,1.),.PIECEWISE_BEZIER_KNOTS.);
#4673 = CARTESIAN_POINT('',(14.593949,-23.822316,0.));
#4674 = CARTESIAN_POINT('',(14.566439,-23.822816,0.));
#4675 = CARTESIAN_POINT('',(14.544499,-23.845446,0.));
#4676 = CARTESIAN_POINT('',(14.544859,-23.872956,0.));
#4677 = VECTOR('',#4678,1.);
#4678 = DIRECTION('',(-0.,-0.,-1.));
#4679 = ADVANCED_FACE('',(#4680),#4703,.F.);
#4680 = FACE_BOUND('',#4681,.F.);
#4681 = EDGE_LOOP('',(#4682,#4683,#4690,#4698));
#4682 = ORIENTED_EDGE('',*,*,#4657,.T.);
#4683 = ORIENTED_EDGE('',*,*,#4684,.T.);
#4684 = EDGE_CURVE('',#4649,#4685,#4687,.T.);
#4685 = VERTEX_POINT('',#4686);
#4686 = CARTESIAN_POINT('',(14.544859,-24.269315,0.31));
#4687 = B_SPLINE_CURVE_WITH_KNOTS('',1,(#4688,#4689),.UNSPECIFIED.,.F.,
  .F.,(2,2),(0.,0.396359),.PIECEWISE_BEZIER_KNOTS.);
#4688 = CARTESIAN_POINT('',(14.544859,-23.872956,0.31));
#4689 = CARTESIAN_POINT('',(14.544859,-24.269315,0.31));
#4690 = ORIENTED_EDGE('',*,*,#4691,.F.);
#4691 = EDGE_CURVE('',#4692,#4685,#4694,.T.);
#4692 = VERTEX_POINT('',#4693);
#4693 = CARTESIAN_POINT('',(14.544859,-24.269315,0.));
#4694 = LINE('',#4695,#4696);
#4695 = CARTESIAN_POINT('',(14.544859,-24.269315,0.));
#4696 = VECTOR('',#4697,1.);
#4697 = DIRECTION('',(0.,0.,1.));
#4698 = ORIENTED_EDGE('',*,*,#4699,.F.);
#4699 = EDGE_CURVE('',#4658,#4692,#4700,.T.);
#4700 = B_SPLINE_CURVE_WITH_KNOTS('',1,(#4701,#4702),.UNSPECIFIED.,.F.,
  .F.,(2,2),(0.,0.396359),.PIECEWISE_BEZIER_KNOTS.);
#4701 = CARTESIAN_POINT('',(14.544859,-23.872956,0.));
#4702 = CARTESIAN_POINT('',(14.544859,-24.269315,0.));
#4703 = SURFACE_OF_LINEAR_EXTRUSION('',#4704,#4707);
#4704 = B_SPLINE_CURVE_WITH_KNOTS('',1,(#4705,#4706),.UNSPECIFIED.,.F.,
  .F.,(2,2),(0.,0.396359),.PIECEWISE_BEZIER_KNOTS.);
#4705 = CARTESIAN_POINT('',(14.544859,-23.872956,0.));
#4706 = CARTESIAN_POINT('',(14.544859,-24.269315,0.));
#4707 = VECTOR('',#4708,1.);
#4708 = DIRECTION('',(-0.,-0.,-1.));
#4709 = ADVANCED_FACE('',(#4710),#4737,.F.);
#4710 = FACE_BOUND('',#4711,.F.);
#4711 = EDGE_LOOP('',(#4712,#4713,#4722,#4730));
#4712 = ORIENTED_EDGE('',*,*,#4691,.T.);
#4713 = ORIENTED_EDGE('',*,*,#4714,.T.);
#4714 = EDGE_CURVE('',#4685,#4715,#4717,.T.);
#4715 = VERTEX_POINT('',#4716);
#4716 = CARTESIAN_POINT('',(14.544859,-24.270815,0.31));
#4717 = B_SPLINE_CURVE_WITH_KNOTS('',3,(#4718,#4719,#4720,#4721),
  .UNSPECIFIED.,.F.,.F.,(4,4),(0.,1.),.PIECEWISE_BEZIER_KNOTS.);
#4718 = CARTESIAN_POINT('',(14.544859,-24.269315,0.31));
#4719 = CARTESIAN_POINT('',(14.544851,-24.269832,0.31));
#4720 = CARTESIAN_POINT('',(14.544851,-24.270315,0.31));
#4721 = CARTESIAN_POINT('',(14.544859,-24.270815,0.31));
#4722 = ORIENTED_EDGE('',*,*,#4723,.F.);
#4723 = EDGE_CURVE('',#4724,#4715,#4726,.T.);
#4724 = VERTEX_POINT('',#4725);
#4725 = CARTESIAN_POINT('',(14.544859,-24.270815,0.));
#4726 = LINE('',#4727,#4728);
#4727 = CARTESIAN_POINT('',(14.544859,-24.270815,0.));
#4728 = VECTOR('',#4729,1.);
#4729 = DIRECTION('',(0.,0.,1.));
#4730 = ORIENTED_EDGE('',*,*,#4731,.F.);
#4731 = EDGE_CURVE('',#4692,#4724,#4732,.T.);
#4732 = B_SPLINE_CURVE_WITH_KNOTS('',3,(#4733,#4734,#4735,#4736),
  .UNSPECIFIED.,.F.,.F.,(4,4),(0.,1.),.PIECEWISE_BEZIER_KNOTS.);
#4733 = CARTESIAN_POINT('',(14.544859,-24.269315,0.));
#4734 = CARTESIAN_POINT('',(14.544851,-24.269832,0.));
#4735 = CARTESIAN_POINT('',(14.544851,-24.270315,0.));
#4736 = CARTESIAN_POINT('',(14.544859,-24.270815,0.));
#4737 = SURFACE_OF_LINEAR_EXTRUSION('',#4738,#4743);
#4738 = B_SPLINE_CURVE_WITH_KNOTS('',3,(#4739,#4740,#4741,#4742),
  .UNSPECIFIED.,.F.,.F.,(4,4),(0.,1.),.PIECEWISE_BEZIER_KNOTS.);
#4739 = CARTESIAN_POINT('',(14.544859,-24.269315,0.));
#4740 = CARTESIAN_POINT('',(14.544851,-24.269832,0.));
#4741 = CARTESIAN_POINT('',(14.544851,-24.270315,0.));
#4742 = CARTESIAN_POINT('',(14.544859,-24.270815,0.));
#4743 = VECTOR('',#4744,1.);
#4744 = DIRECTION('',(-0.,-0.,-1.));
#4745 = ADVANCED_FACE('',(#4746),#4769,.F.);
#4746 = FACE_BOUND('',#4747,.F.);
#4747 = EDGE_LOOP('',(#4748,#4749,#4756,#4764));
#4748 = ORIENTED_EDGE('',*,*,#4723,.T.);
#4749 = ORIENTED_EDGE('',*,*,#4750,.T.);
#4750 = EDGE_CURVE('',#4715,#4751,#4753,.T.);
#4751 = VERTEX_POINT('',#4752);
#4752 = CARTESIAN_POINT('',(14.544859,-25.078518,0.31));
#4753 = B_SPLINE_CURVE_WITH_KNOTS('',1,(#4754,#4755),.UNSPECIFIED.,.F.,
  .F.,(2,2),(0.,0.807703),.PIECEWISE_BEZIER_KNOTS.);
#4754 = CARTESIAN_POINT('',(14.544859,-24.270815,0.31));
#4755 = CARTESIAN_POINT('',(14.544859,-25.078518,0.31));
#4756 = ORIENTED_EDGE('',*,*,#4757,.F.);
#4757 = EDGE_CURVE('',#4758,#4751,#4760,.T.);
#4758 = VERTEX_POINT('',#4759);
#4759 = CARTESIAN_POINT('',(14.544859,-25.078518,0.));
#4760 = LINE('',#4761,#4762);
#4761 = CARTESIAN_POINT('',(14.544859,-25.078518,0.));
#4762 = VECTOR('',#4763,1.);
#4763 = DIRECTION('',(0.,0.,1.));
#4764 = ORIENTED_EDGE('',*,*,#4765,.F.);
#4765 = EDGE_CURVE('',#4724,#4758,#4766,.T.);
#4766 = B_SPLINE_CURVE_WITH_KNOTS('',1,(#4767,#4768),.UNSPECIFIED.,.F.,
  .F.,(2,2),(0.,0.807703),.PIECEWISE_BEZIER_KNOTS.);
#4767 = CARTESIAN_POINT('',(14.544859,-24.270815,0.));
#4768 = CARTESIAN_POINT('',(14.544859,-25.078518,0.));
#4769 = SURFACE_OF_LINEAR_EXTRUSION('',#4770,#4773);
#4770 = B_SPLINE_CURVE_WITH_KNOTS('',1,(#4771,#4772),.UNSPECIFIED.,.F.,
  .F.,(2,2),(0.,0.807703),.PIECEWISE_BEZIER_KNOTS.);
#4771 = CARTESIAN_POINT('',(14.544859,-24.270815,0.));
#4772 = CARTESIAN_POINT('',(14.544859,-25.078518,0.));
#4773 = VECTOR('',#4774,1.);
#4774 = DIRECTION('',(-0.,-0.,-1.));
#4775 = ADVANCED_FACE('',(#4776),#4803,.F.);
#4776 = FACE_BOUND('',#4777,.F.);
#4777 = EDGE_LOOP('',(#4778,#4779,#4788,#4796));
#4778 = ORIENTED_EDGE('',*,*,#4757,.T.);
#4779 = ORIENTED_EDGE('',*,*,#4780,.T.);
#4780 = EDGE_CURVE('',#4751,#4781,#4783,.T.);
#4781 = VERTEX_POINT('',#4782);
#4782 = CARTESIAN_POINT('',(14.544859,-25.080118,0.31));
#4783 = B_SPLINE_CURVE_WITH_KNOTS('',3,(#4784,#4785,#4786,#4787),
  .UNSPECIFIED.,.F.,.F.,(4,4),(0.,1.),.PIECEWISE_BEZIER_KNOTS.);
#4784 = CARTESIAN_POINT('',(14.544859,-25.078518,0.31));
#4785 = CARTESIAN_POINT('',(14.544851,-25.079035,0.31));
#4786 = CARTESIAN_POINT('',(14.544851,-25.079518,0.31));
#4787 = CARTESIAN_POINT('',(14.544859,-25.080118,0.31));
#4788 = ORIENTED_EDGE('',*,*,#4789,.F.);
#4789 = EDGE_CURVE('',#4790,#4781,#4792,.T.);
#4790 = VERTEX_POINT('',#4791);
#4791 = CARTESIAN_POINT('',(14.544859,-25.080118,0.));
#4792 = LINE('',#4793,#4794);
#4793 = CARTESIAN_POINT('',(14.544859,-25.080118,0.));
#4794 = VECTOR('',#4795,1.);
#4795 = DIRECTION('',(0.,0.,1.));
#4796 = ORIENTED_EDGE('',*,*,#4797,.F.);
#4797 = EDGE_CURVE('',#4758,#4790,#4798,.T.);
#4798 = B_SPLINE_CURVE_WITH_KNOTS('',3,(#4799,#4800,#4801,#4802),
  .UNSPECIFIED.,.F.,.F.,(4,4),(0.,1.),.PIECEWISE_BEZIER_KNOTS.);
#4799 = CARTESIAN_POINT('',(14.544859,-25.078518,0.));
#4800 = CARTESIAN_POINT('',(14.544851,-25.079035,0.));
#4801 = CARTESIAN_POINT('',(14.544851,-25.079518,0.));
#4802 = CARTESIAN_POINT('',(14.544859,-25.080118,0.));
#4803 = SURFACE_OF_LINEAR_EXTRUSION('',#4804,#4809);
#4804 = B_SPLINE_CURVE_WITH_KNOTS('',3,(#4805,#4806,#4807,#4808),
  .UNSPECIFIED.,.F.,.F.,(4,4),(0.,1.),.PIECEWISE_BEZIER_KNOTS.);
#4805 = CARTESIAN_POINT('',(14.544859,-25.078518,0.));
#4806 = CARTESIAN_POINT('',(14.544851,-25.079035,0.));
#4807 = CARTESIAN_POINT('',(14.544851,-25.079518,0.));
#4808 = CARTESIAN_POINT('',(14.544859,-25.080118,0.));
#4809 = VECTOR('',#4810,1.);
#4810 = DIRECTION('',(-0.,-0.,-1.));
#4811 = ADVANCED_FACE('',(#4812),#4839,.F.);
#4812 = FACE_BOUND('',#4813,.F.);
#4813 = EDGE_LOOP('',(#4814,#4815,#4824,#4832));
#4814 = ORIENTED_EDGE('',*,*,#4789,.T.);
#4815 = ORIENTED_EDGE('',*,*,#4816,.T.);
#4816 = EDGE_CURVE('',#4781,#4817,#4819,.T.);
#4817 = VERTEX_POINT('',#4818);
#4818 = CARTESIAN_POINT('',(14.544859,-25.081618,0.31));
#4819 = B_SPLINE_CURVE_WITH_KNOTS('',3,(#4820,#4821,#4822,#4823),
  .UNSPECIFIED.,.F.,.F.,(4,4),(0.,1.),.PIECEWISE_BEZIER_KNOTS.);
#4820 = CARTESIAN_POINT('',(14.544859,-25.080118,0.31));
#4821 = CARTESIAN_POINT('',(14.544851,-25.080635,0.31));
#4822 = CARTESIAN_POINT('',(14.544851,-25.081118,0.31));
#4823 = CARTESIAN_POINT('',(14.544859,-25.081618,0.31));
#4824 = ORIENTED_EDGE('',*,*,#4825,.F.);
#4825 = EDGE_CURVE('',#4826,#4817,#4828,.T.);
#4826 = VERTEX_POINT('',#4827);
#4827 = CARTESIAN_POINT('',(14.544859,-25.081618,0.));
#4828 = LINE('',#4829,#4830);
#4829 = CARTESIAN_POINT('',(14.544859,-25.081618,0.));
#4830 = VECTOR('',#4831,1.);
#4831 = DIRECTION('',(0.,0.,1.));
#4832 = ORIENTED_EDGE('',*,*,#4833,.F.);
#4833 = EDGE_CURVE('',#4790,#4826,#4834,.T.);
#4834 = B_SPLINE_CURVE_WITH_KNOTS('',3,(#4835,#4836,#4837,#4838),
  .UNSPECIFIED.,.F.,.F.,(4,4),(0.,1.),.PIECEWISE_BEZIER_KNOTS.);
#4835 = CARTESIAN_POINT('',(14.544859,-25.080118,0.));
#4836 = CARTESIAN_POINT('',(14.544851,-25.080635,0.));
#4837 = CARTESIAN_POINT('',(14.544851,-25.081118,0.));
#4838 = CARTESIAN_POINT('',(14.544859,-25.081618,0.));
#4839 = SURFACE_OF_LINEAR_EXTRUSION('',#4840,#4845);
#4840 = B_SPLINE_CURVE_WITH_KNOTS('',3,(#4841,#4842,#4843,#4844),
  .UNSPECIFIED.,.F.,.F.,(4,4),(0.,1.),.PIECEWISE_BEZIER_KNOTS.);
#4841 = CARTESIAN_POINT('',(14.544859,-25.080118,0.));
#4842 = CARTESIAN_POINT('',(14.544851,-25.080635,0.));
#4843 = CARTESIAN_POINT('',(14.544851,-25.081118,0.));
#4844 = CARTESIAN_POINT('',(14.544859,-25.081618,0.));
#4845 = VECTOR('',#4846,1.);
#4846 = DIRECTION('',(-0.,-0.,-1.));
#4847 = ADVANCED_FACE('',(#4848),#4871,.F.);
#4848 = FACE_BOUND('',#4849,.F.);
#4849 = EDGE_LOOP('',(#4850,#4851,#4858,#4866));
#4850 = ORIENTED_EDGE('',*,*,#4825,.T.);
#4851 = ORIENTED_EDGE('',*,*,#4852,.T.);
#4852 = EDGE_CURVE('',#4817,#4853,#4855,.T.);
#4853 = VERTEX_POINT('',#4854);
#4854 = CARTESIAN_POINT('',(14.544859,-25.783384,0.31));
#4855 = B_SPLINE_CURVE_WITH_KNOTS('',1,(#4856,#4857),.UNSPECIFIED.,.F.,
  .F.,(2,2),(0.,0.701766),.PIECEWISE_BEZIER_KNOTS.);
#4856 = CARTESIAN_POINT('',(14.544859,-25.081618,0.31));
#4857 = CARTESIAN_POINT('',(14.544859,-25.783384,0.31));
#4858 = ORIENTED_EDGE('',*,*,#4859,.F.);
#4859 = EDGE_CURVE('',#4860,#4853,#4862,.T.);
#4860 = VERTEX_POINT('',#4861);
#4861 = CARTESIAN_POINT('',(14.544859,-25.783384,0.));
#4862 = LINE('',#4863,#4864);
#4863 = CARTESIAN_POINT('',(14.544859,-25.783384,0.));
#4864 = VECTOR('',#4865,1.);
#4865 = DIRECTION('',(0.,0.,1.));
#4866 = ORIENTED_EDGE('',*,*,#4867,.F.);
#4867 = EDGE_CURVE('',#4826,#4860,#4868,.T.);
#4868 = B_SPLINE_CURVE_WITH_KNOTS('',1,(#4869,#4870),.UNSPECIFIED.,.F.,
  .F.,(2,2),(0.,0.701766),.PIECEWISE_BEZIER_KNOTS.);
#4869 = CARTESIAN_POINT('',(14.544859,-25.081618,0.));
#4870 = CARTESIAN_POINT('',(14.544859,-25.783384,0.));
#4871 = SURFACE_OF_LINEAR_EXTRUSION('',#4872,#4875);
#4872 = B_SPLINE_CURVE_WITH_KNOTS('',1,(#4873,#4874),.UNSPECIFIED.,.F.,
  .F.,(2,2),(0.,0.701766),.PIECEWISE_BEZIER_KNOTS.);
#4873 = CARTESIAN_POINT('',(14.544859,-25.081618,0.));
#4874 = CARTESIAN_POINT('',(14.544859,-25.783384,0.));
#4875 = VECTOR('',#4876,1.);
#4876 = DIRECTION('',(-0.,-0.,-1.));
#4877 = ADVANCED_FACE('',(#4878),#4901,.F.);
#4878 = FACE_BOUND('',#4879,.F.);
#4879 = EDGE_LOOP('',(#4880,#4881,#4888,#4896));
#4880 = ORIENTED_EDGE('',*,*,#4859,.T.);
#4881 = ORIENTED_EDGE('',*,*,#4882,.T.);
#4882 = EDGE_CURVE('',#4853,#4883,#4885,.T.);
#4883 = VERTEX_POINT('',#4884);
#4884 = CARTESIAN_POINT('',(14.544859,-26.57455,0.31));
#4885 = B_SPLINE_CURVE_WITH_KNOTS('',1,(#4886,#4887),.UNSPECIFIED.,.F.,
  .F.,(2,2),(0.,0.791166),.PIECEWISE_BEZIER_KNOTS.);
#4886 = CARTESIAN_POINT('',(14.544859,-25.783384,0.31));
#4887 = CARTESIAN_POINT('',(14.544859,-26.57455,0.31));
#4888 = ORIENTED_EDGE('',*,*,#4889,.F.);
#4889 = EDGE_CURVE('',#4890,#4883,#4892,.T.);
#4890 = VERTEX_POINT('',#4891);
#4891 = CARTESIAN_POINT('',(14.544859,-26.57455,0.));
#4892 = LINE('',#4893,#4894);
#4893 = CARTESIAN_POINT('',(14.544859,-26.57455,0.));
#4894 = VECTOR('',#4895,1.);
#4895 = DIRECTION('',(0.,0.,1.));
#4896 = ORIENTED_EDGE('',*,*,#4897,.F.);
#4897 = EDGE_CURVE('',#4860,#4890,#4898,.T.);
#4898 = B_SPLINE_CURVE_WITH_KNOTS('',1,(#4899,#4900),.UNSPECIFIED.,.F.,
  .F.,(2,2),(0.,0.791166),.PIECEWISE_BEZIER_KNOTS.);
#4899 = CARTESIAN_POINT('',(14.544859,-25.783384,0.));
#4900 = CARTESIAN_POINT('',(14.544859,-26.57455,0.));
#4901 = SURFACE_OF_LINEAR_EXTRUSION('',#4902,#4905);
#4902 = B_SPLINE_CURVE_WITH_KNOTS('',1,(#4903,#4904),.UNSPECIFIED.,.F.,
  .F.,(2,2),(0.,0.791166),.PIECEWISE_BEZIER_KNOTS.);
#4903 = CARTESIAN_POINT('',(14.544859,-25.783384,0.));
#4904 = CARTESIAN_POINT('',(14.544859,-26.57455,0.));
#4905 = VECTOR('',#4906,1.);
#4906 = DIRECTION('',(-0.,-0.,-1.));
#4907 = ADVANCED_FACE('',(#4908),#4935,.F.);
#4908 = FACE_BOUND('',#4909,.F.);
#4909 = EDGE_LOOP('',(#4910,#4911,#4920,#4928));
#4910 = ORIENTED_EDGE('',*,*,#4889,.T.);
#4911 = ORIENTED_EDGE('',*,*,#4912,.T.);
#4912 = EDGE_CURVE('',#4883,#4913,#4915,.T.);
#4913 = VERTEX_POINT('',#4914);
#4914 = CARTESIAN_POINT('',(14.544859,-26.57615,0.31));
#4915 = B_SPLINE_CURVE_WITH_KNOTS('',3,(#4916,#4917,#4918,#4919),
  .UNSPECIFIED.,.F.,.F.,(4,4),(0.,1.),.PIECEWISE_BEZIER_KNOTS.);
#4916 = CARTESIAN_POINT('',(14.544859,-26.57455,0.31));
#4917 = CARTESIAN_POINT('',(14.544851,-26.575067,0.31));
#4918 = CARTESIAN_POINT('',(14.544851,-26.57555,0.31));
#4919 = CARTESIAN_POINT('',(14.544859,-26.57615,0.31));
#4920 = ORIENTED_EDGE('',*,*,#4921,.F.);
#4921 = EDGE_CURVE('',#4922,#4913,#4924,.T.);
#4922 = VERTEX_POINT('',#4923);
#4923 = CARTESIAN_POINT('',(14.544859,-26.57615,0.));
#4924 = LINE('',#4925,#4926);
#4925 = CARTESIAN_POINT('',(14.544859,-26.57615,0.));
#4926 = VECTOR('',#4927,1.);
#4927 = DIRECTION('',(0.,0.,1.));
#4928 = ORIENTED_EDGE('',*,*,#4929,.F.);
#4929 = EDGE_CURVE('',#4890,#4922,#4930,.T.);
#4930 = B_SPLINE_CURVE_WITH_KNOTS('',3,(#4931,#4932,#4933,#4934),
  .UNSPECIFIED.,.F.,.F.,(4,4),(0.,1.),.PIECEWISE_BEZIER_KNOTS.);
#4931 = CARTESIAN_POINT('',(14.544859,-26.57455,0.));
#4932 = CARTESIAN_POINT('',(14.544851,-26.575067,0.));
#4933 = CARTESIAN_POINT('',(14.544851,-26.57555,0.));
#4934 = CARTESIAN_POINT('',(14.544859,-26.57615,0.));
#4935 = SURFACE_OF_LINEAR_EXTRUSION('',#4936,#4941);
#4936 = B_SPLINE_CURVE_WITH_KNOTS('',3,(#4937,#4938,#4939,#4940),
  .UNSPECIFIED.,.F.,.F.,(4,4),(0.,1.),.PIECEWISE_BEZIER_KNOTS.);
#4937 = CARTESIAN_POINT('',(14.544859,-26.57455,0.));
#4938 = CARTESIAN_POINT('',(14.544851,-26.575067,0.));
#4939 = CARTESIAN_POINT('',(14.544851,-26.57555,0.));
#4940 = CARTESIAN_POINT('',(14.544859,-26.57615,0.));
#4941 = VECTOR('',#4942,1.);
#4942 = DIRECTION('',(-0.,-0.,-1.));
#4943 = ADVANCED_FACE('',(#4944),#4967,.F.);
#4944 = FACE_BOUND('',#4945,.F.);
#4945 = EDGE_LOOP('',(#4946,#4947,#4954,#4962));
#4946 = ORIENTED_EDGE('',*,*,#4921,.T.);
#4947 = ORIENTED_EDGE('',*,*,#4948,.T.);
#4948 = EDGE_CURVE('',#4913,#4949,#4951,.T.);
#4949 = VERTEX_POINT('',#4950);
#4950 = CARTESIAN_POINT('',(14.544859,-26.972508,0.31));
#4951 = B_SPLINE_CURVE_WITH_KNOTS('',1,(#4952,#4953),.UNSPECIFIED.,.F.,
  .F.,(2,2),(0.,0.396358),.PIECEWISE_BEZIER_KNOTS.);
#4952 = CARTESIAN_POINT('',(14.544859,-26.57615,0.31));
#4953 = CARTESIAN_POINT('',(14.544859,-26.972508,0.31));
#4954 = ORIENTED_EDGE('',*,*,#4955,.F.);
#4955 = EDGE_CURVE('',#4956,#4949,#4958,.T.);
#4956 = VERTEX_POINT('',#4957);
#4957 = CARTESIAN_POINT('',(14.544859,-26.972508,0.));
#4958 = LINE('',#4959,#4960);
#4959 = CARTESIAN_POINT('',(14.544859,-26.972508,0.));
#4960 = VECTOR('',#4961,1.);
#4961 = DIRECTION('',(0.,0.,1.));
#4962 = ORIENTED_EDGE('',*,*,#4963,.F.);
#4963 = EDGE_CURVE('',#4922,#4956,#4964,.T.);
#4964 = B_SPLINE_CURVE_WITH_KNOTS('',1,(#4965,#4966),.UNSPECIFIED.,.F.,
  .F.,(2,2),(0.,0.396358),.PIECEWISE_BEZIER_KNOTS.);
#4965 = CARTESIAN_POINT('',(14.544859,-26.57615,0.));
#4966 = CARTESIAN_POINT('',(14.544859,-26.972508,0.));
#4967 = SURFACE_OF_LINEAR_EXTRUSION('',#4968,#4971);
#4968 = B_SPLINE_CURVE_WITH_KNOTS('',1,(#4969,#4970),.UNSPECIFIED.,.F.,
  .F.,(2,2),(0.,0.396358),.PIECEWISE_BEZIER_KNOTS.);
#4969 = CARTESIAN_POINT('',(14.544859,-26.57615,0.));
#4970 = CARTESIAN_POINT('',(14.544859,-26.972508,0.));
#4971 = VECTOR('',#4972,1.);
#4972 = DIRECTION('',(-0.,-0.,-1.));
#4973 = ADVANCED_FACE('',(#4974),#5001,.F.);
#4974 = FACE_BOUND('',#4975,.F.);
#4975 = EDGE_LOOP('',(#4976,#4977,#4986,#4994));
#4976 = ORIENTED_EDGE('',*,*,#4955,.T.);
#4977 = ORIENTED_EDGE('',*,*,#4978,.T.);
#4978 = EDGE_CURVE('',#4949,#4979,#4981,.T.);
#4979 = VERTEX_POINT('',#4980);
#4980 = CARTESIAN_POINT('',(14.593949,-27.021598,0.31));
#4981 = B_SPLINE_CURVE_WITH_KNOTS('',3,(#4982,#4983,#4984,#4985),
  .UNSPECIFIED.,.F.,.F.,(4,4),(0.,1.),.PIECEWISE_BEZIER_KNOTS.);
#4982 = CARTESIAN_POINT('',(14.544859,-26.972508,0.31));
#4983 = CARTESIAN_POINT('',(14.545346,-26.999418,0.31));
#4984 = CARTESIAN_POINT('',(14.567039,-27.021108,0.31));
#4985 = CARTESIAN_POINT('',(14.593949,-27.021598,0.31));
#4986 = ORIENTED_EDGE('',*,*,#4987,.F.);
#4987 = EDGE_CURVE('',#4988,#4979,#4990,.T.);
#4988 = VERTEX_POINT('',#4989);
#4989 = CARTESIAN_POINT('',(14.593949,-27.021598,0.));
#4990 = LINE('',#4991,#4992);
#4991 = CARTESIAN_POINT('',(14.593949,-27.021598,0.));
#4992 = VECTOR('',#4993,1.);
#4993 = DIRECTION('',(0.,0.,1.));
#4994 = ORIENTED_EDGE('',*,*,#4995,.F.);
#4995 = EDGE_CURVE('',#4956,#4988,#4996,.T.);
#4996 = B_SPLINE_CURVE_WITH_KNOTS('',3,(#4997,#4998,#4999,#5000),
  .UNSPECIFIED.,.F.,.F.,(4,4),(0.,1.),.PIECEWISE_BEZIER_KNOTS.);
#4997 = CARTESIAN_POINT('',(14.544859,-26.972508,0.));
#4998 = CARTESIAN_POINT('',(14.545346,-26.999418,0.));
#4999 = CARTESIAN_POINT('',(14.567039,-27.021108,0.));
#5000 = CARTESIAN_POINT('',(14.593949,-27.021598,0.));
#5001 = SURFACE_OF_LINEAR_EXTRUSION('',#5002,#5007);
#5002 = B_SPLINE_CURVE_WITH_KNOTS('',3,(#5003,#5004,#5005,#5006),
  .UNSPECIFIED.,.F.,.F.,(4,4),(0.,1.),.PIECEWISE_BEZIER_KNOTS.);
#5003 = CARTESIAN_POINT('',(14.544859,-26.972508,0.));
#5004 = CARTESIAN_POINT('',(14.545346,-26.999418,0.));
#5005 = CARTESIAN_POINT('',(14.567039,-27.021108,0.));
#5006 = CARTESIAN_POINT('',(14.593949,-27.021598,0.));
#5007 = VECTOR('',#5008,1.);
#5008 = DIRECTION('',(-0.,-0.,-1.));
#5009 = ADVANCED_FACE('',(#5010),#5033,.F.);
#5010 = FACE_BOUND('',#5011,.F.);
#5011 = EDGE_LOOP('',(#5012,#5013,#5020,#5028));
#5012 = ORIENTED_EDGE('',*,*,#4987,.T.);
#5013 = ORIENTED_EDGE('',*,*,#5014,.T.);
#5014 = EDGE_CURVE('',#4979,#5015,#5017,.T.);
#5015 = VERTEX_POINT('',#5016);
#5016 = CARTESIAN_POINT('',(21.459163,-27.021598,0.31));
#5017 = B_SPLINE_CURVE_WITH_KNOTS('',1,(#5018,#5019),.UNSPECIFIED.,.F.,
  .F.,(2,2),(0.,6.865214),.PIECEWISE_BEZIER_KNOTS.);
#5018 = CARTESIAN_POINT('',(14.593949,-27.021598,0.31));
#5019 = CARTESIAN_POINT('',(21.459163,-27.021598,0.31));
#5020 = ORIENTED_EDGE('',*,*,#5021,.F.);
#5021 = EDGE_CURVE('',#5022,#5015,#5024,.T.);
#5022 = VERTEX_POINT('',#5023);
#5023 = CARTESIAN_POINT('',(21.459163,-27.021598,0.));
#5024 = LINE('',#5025,#5026);
#5025 = CARTESIAN_POINT('',(21.459163,-27.021598,0.));
#5026 = VECTOR('',#5027,1.);
#5027 = DIRECTION('',(0.,0.,1.));
#5028 = ORIENTED_EDGE('',*,*,#5029,.F.);
#5029 = EDGE_CURVE('',#4988,#5022,#5030,.T.);
#5030 = B_SPLINE_CURVE_WITH_KNOTS('',1,(#5031,#5032),.UNSPECIFIED.,.F.,
  .F.,(2,2),(0.,6.865214),.PIECEWISE_BEZIER_KNOTS.);
#5031 = CARTESIAN_POINT('',(14.593949,-27.021598,0.));
#5032 = CARTESIAN_POINT('',(21.459163,-27.021598,0.));
#5033 = SURFACE_OF_LINEAR_EXTRUSION('',#5034,#5037);
#5034 = B_SPLINE_CURVE_WITH_KNOTS('',1,(#5035,#5036),.UNSPECIFIED.,.F.,
  .F.,(2,2),(0.,6.865214),.PIECEWISE_BEZIER_KNOTS.);
#5035 = CARTESIAN_POINT('',(14.593949,-27.021598,0.));
#5036 = CARTESIAN_POINT('',(21.459163,-27.021598,0.));
#5037 = VECTOR('',#5038,1.);
#5038 = DIRECTION('',(-0.,-0.,-1.));
#5039 = ADVANCED_FACE('',(#5040),#5063,.F.);
#5040 = FACE_BOUND('',#5041,.F.);
#5041 = EDGE_LOOP('',(#5042,#5043,#5050,#5058));
#5042 = ORIENTED_EDGE('',*,*,#5021,.T.);
#5043 = ORIENTED_EDGE('',*,*,#5044,.T.);
#5044 = EDGE_CURVE('',#5015,#5045,#5047,.T.);
#5045 = VERTEX_POINT('',#5046);
#5046 = CARTESIAN_POINT('',(23.449739,-27.021598,0.31));
#5047 = B_SPLINE_CURVE_WITH_KNOTS('',1,(#5048,#5049),.UNSPECIFIED.,.F.,
  .F.,(2,2),(0.,1.990576),.PIECEWISE_BEZIER_KNOTS.);
#5048 = CARTESIAN_POINT('',(21.459163,-27.021598,0.31));
#5049 = CARTESIAN_POINT('',(23.449739,-27.021598,0.31));
#5050 = ORIENTED_EDGE('',*,*,#5051,.F.);
#5051 = EDGE_CURVE('',#5052,#5045,#5054,.T.);
#5052 = VERTEX_POINT('',#5053);
#5053 = CARTESIAN_POINT('',(23.449739,-27.021598,0.));
#5054 = LINE('',#5055,#5056);
#5055 = CARTESIAN_POINT('',(23.449739,-27.021598,0.));
#5056 = VECTOR('',#5057,1.);
#5057 = DIRECTION('',(0.,0.,1.));
#5058 = ORIENTED_EDGE('',*,*,#5059,.F.);
#5059 = EDGE_CURVE('',#5022,#5052,#5060,.T.);
#5060 = B_SPLINE_CURVE_WITH_KNOTS('',1,(#5061,#5062),.UNSPECIFIED.,.F.,
  .F.,(2,2),(0.,1.990576),.PIECEWISE_BEZIER_KNOTS.);
#5061 = CARTESIAN_POINT('',(21.459163,-27.021598,0.));
#5062 = CARTESIAN_POINT('',(23.449739,-27.021598,0.));
#5063 = SURFACE_OF_LINEAR_EXTRUSION('',#5064,#5067);
#5064 = B_SPLINE_CURVE_WITH_KNOTS('',1,(#5065,#5066),.UNSPECIFIED.,.F.,
  .F.,(2,2),(0.,1.990576),.PIECEWISE_BEZIER_KNOTS.);
#5065 = CARTESIAN_POINT('',(21.459163,-27.021598,0.));
#5066 = CARTESIAN_POINT('',(23.449739,-27.021598,0.));
#5067 = VECTOR('',#5068,1.);
#5068 = DIRECTION('',(-0.,-0.,-1.));
#5069 = ADVANCED_FACE('',(#5070),#5093,.F.);
#5070 = FACE_BOUND('',#5071,.F.);
#5071 = EDGE_LOOP('',(#5072,#5073,#5080,#5088));
#5072 = ORIENTED_EDGE('',*,*,#5051,.T.);
#5073 = ORIENTED_EDGE('',*,*,#5074,.T.);
#5074 = EDGE_CURVE('',#5045,#5075,#5077,.T.);
#5075 = VERTEX_POINT('',#5076);
#5076 = CARTESIAN_POINT('',(23.539139,-27.052608,0.31));
#5077 = B_SPLINE_CURVE_WITH_KNOTS('',1,(#5078,#5079),.UNSPECIFIED.,.F.,
  .F.,(2,2),(0.,9.462547278614E-02),.PIECEWISE_BEZIER_KNOTS.);
#5078 = CARTESIAN_POINT('',(23.449739,-27.021598,0.31));
#5079 = CARTESIAN_POINT('',(23.539139,-27.052608,0.31));
#5080 = ORIENTED_EDGE('',*,*,#5081,.F.);
#5081 = EDGE_CURVE('',#5082,#5075,#5084,.T.);
#5082 = VERTEX_POINT('',#5083);
#5083 = CARTESIAN_POINT('',(23.539139,-27.052608,0.));
#5084 = LINE('',#5085,#5086);
#5085 = CARTESIAN_POINT('',(23.539139,-27.052608,0.));
#5086 = VECTOR('',#5087,1.);
#5087 = DIRECTION('',(0.,0.,1.));
#5088 = ORIENTED_EDGE('',*,*,#5089,.F.);
#5089 = EDGE_CURVE('',#5052,#5082,#5090,.T.);
#5090 = B_SPLINE_CURVE_WITH_KNOTS('',1,(#5091,#5092),.UNSPECIFIED.,.F.,
  .F.,(2,2),(0.,9.462547278614E-02),.PIECEWISE_BEZIER_KNOTS.);
#5091 = CARTESIAN_POINT('',(23.449739,-27.021598,0.));
#5092 = CARTESIAN_POINT('',(23.539139,-27.052608,0.));
#5093 = SURFACE_OF_LINEAR_EXTRUSION('',#5094,#5097);
#5094 = B_SPLINE_CURVE_WITH_KNOTS('',1,(#5095,#5096),.UNSPECIFIED.,.F.,
  .F.,(2,2),(0.,9.462547278614E-02),.PIECEWISE_BEZIER_KNOTS.);
#5095 = CARTESIAN_POINT('',(23.449739,-27.021598,0.));
#5096 = CARTESIAN_POINT('',(23.539139,-27.052608,0.));
#5097 = VECTOR('',#5098,1.);
#5098 = DIRECTION('',(-0.,-0.,-1.));
#5099 = ADVANCED_FACE('',(#5100),#5123,.F.);
#5100 = FACE_BOUND('',#5101,.F.);
#5101 = EDGE_LOOP('',(#5102,#5103,#5110,#5118));
#5102 = ORIENTED_EDGE('',*,*,#5081,.T.);
#5103 = ORIENTED_EDGE('',*,*,#5104,.T.);
#5104 = EDGE_CURVE('',#5075,#5105,#5107,.T.);
#5105 = VERTEX_POINT('',#5106);
#5106 = CARTESIAN_POINT('',(23.593919,-27.105318,0.31));
#5107 = B_SPLINE_CURVE_WITH_KNOTS('',1,(#5108,#5109),.UNSPECIFIED.,.F.,
  .F.,(2,2),(0.,7.602100038805E-02),.PIECEWISE_BEZIER_KNOTS.);
#5108 = CARTESIAN_POINT('',(23.539139,-27.052608,0.31));
#5109 = CARTESIAN_POINT('',(23.593919,-27.105318,0.31));
#5110 = ORIENTED_EDGE('',*,*,#5111,.F.);
#5111 = EDGE_CURVE('',#5112,#5105,#5114,.T.);
#5112 = VERTEX_POINT('',#5113);
#5113 = CARTESIAN_POINT('',(23.593919,-27.105318,0.));
#5114 = LINE('',#5115,#5116);
#5115 = CARTESIAN_POINT('',(23.593919,-27.105318,0.));
#5116 = VECTOR('',#5117,1.);
#5117 = DIRECTION('',(0.,0.,1.));
#5118 = ORIENTED_EDGE('',*,*,#5119,.F.);
#5119 = EDGE_CURVE('',#5082,#5112,#5120,.T.);
#5120 = B_SPLINE_CURVE_WITH_KNOTS('',1,(#5121,#5122),.UNSPECIFIED.,.F.,
  .F.,(2,2),(0.,7.602100038805E-02),.PIECEWISE_BEZIER_KNOTS.);
#5121 = CARTESIAN_POINT('',(23.539139,-27.052608,0.));
#5122 = CARTESIAN_POINT('',(23.593919,-27.105318,0.));
#5123 = SURFACE_OF_LINEAR_EXTRUSION('',#5124,#5127);
#5124 = B_SPLINE_CURVE_WITH_KNOTS('',1,(#5125,#5126),.UNSPECIFIED.,.F.,
  .F.,(2,2),(0.,7.602100038805E-02),.PIECEWISE_BEZIER_KNOTS.);
#5125 = CARTESIAN_POINT('',(23.539139,-27.052608,0.));
#5126 = CARTESIAN_POINT('',(23.593919,-27.105318,0.));
#5127 = VECTOR('',#5128,1.);
#5128 = DIRECTION('',(-0.,-0.,-1.));
#5129 = ADVANCED_FACE('',(#5130),#5153,.F.);
#5130 = FACE_BOUND('',#5131,.F.);
#5131 = EDGE_LOOP('',(#5132,#5133,#5140,#5148));
#5132 = ORIENTED_EDGE('',*,*,#5111,.T.);
#5133 = ORIENTED_EDGE('',*,*,#5134,.T.);
#5134 = EDGE_CURVE('',#5105,#5135,#5137,.T.);
#5135 = VERTEX_POINT('',#5136);
#5136 = CARTESIAN_POINT('',(23.607359,-27.179728,0.31));
#5137 = B_SPLINE_CURVE_WITH_KNOTS('',1,(#5138,#5139),.UNSPECIFIED.,.F.,
  .F.,(2,2),(0.,7.561403110534E-02),.PIECEWISE_BEZIER_KNOTS.);
#5138 = CARTESIAN_POINT('',(23.593919,-27.105318,0.31));
#5139 = CARTESIAN_POINT('',(23.607359,-27.179728,0.31));
#5140 = ORIENTED_EDGE('',*,*,#5141,.F.);
#5141 = EDGE_CURVE('',#5142,#5135,#5144,.T.);
#5142 = VERTEX_POINT('',#5143);
#5143 = CARTESIAN_POINT('',(23.607359,-27.179728,0.));
#5144 = LINE('',#5145,#5146);
#5145 = CARTESIAN_POINT('',(23.607359,-27.179728,0.));
#5146 = VECTOR('',#5147,1.);
#5147 = DIRECTION('',(0.,0.,1.));
#5148 = ORIENTED_EDGE('',*,*,#5149,.F.);
#5149 = EDGE_CURVE('',#5112,#5142,#5150,.T.);
#5150 = B_SPLINE_CURVE_WITH_KNOTS('',1,(#5151,#5152),.UNSPECIFIED.,.F.,
  .F.,(2,2),(0.,7.561403110534E-02),.PIECEWISE_BEZIER_KNOTS.);
#5151 = CARTESIAN_POINT('',(23.593919,-27.105318,0.));
#5152 = CARTESIAN_POINT('',(23.607359,-27.179728,0.));
#5153 = SURFACE_OF_LINEAR_EXTRUSION('',#5154,#5157);
#5154 = B_SPLINE_CURVE_WITH_KNOTS('',1,(#5155,#5156),.UNSPECIFIED.,.F.,
  .F.,(2,2),(0.,7.561403110534E-02),.PIECEWISE_BEZIER_KNOTS.);
#5155 = CARTESIAN_POINT('',(23.593919,-27.105318,0.));
#5156 = CARTESIAN_POINT('',(23.607359,-27.179728,0.));
#5157 = VECTOR('',#5158,1.);
#5158 = DIRECTION('',(-0.,-0.,-1.));
#5159 = ADVANCED_FACE('',(#5160),#5183,.F.);
#5160 = FACE_BOUND('',#5161,.F.);
#5161 = EDGE_LOOP('',(#5162,#5163,#5170,#5178));
#5162 = ORIENTED_EDGE('',*,*,#5141,.T.);
#5163 = ORIENTED_EDGE('',*,*,#5164,.T.);
#5164 = EDGE_CURVE('',#5135,#5165,#5167,.T.);
#5165 = VERTEX_POINT('',#5166);
#5166 = CARTESIAN_POINT('',(23.607359,-31.745858,0.31));
#5167 = B_SPLINE_CURVE_WITH_KNOTS('',1,(#5168,#5169),.UNSPECIFIED.,.F.,
  .F.,(2,2),(0.,4.56613),.PIECEWISE_BEZIER_KNOTS.);
#5168 = CARTESIAN_POINT('',(23.607359,-27.179728,0.31));
#5169 = CARTESIAN_POINT('',(23.607359,-31.745858,0.31));
#5170 = ORIENTED_EDGE('',*,*,#5171,.F.);
#5171 = EDGE_CURVE('',#5172,#5165,#5174,.T.);
#5172 = VERTEX_POINT('',#5173);
#5173 = CARTESIAN_POINT('',(23.607359,-31.745858,0.));
#5174 = LINE('',#5175,#5176);
#5175 = CARTESIAN_POINT('',(23.607359,-31.745858,0.));
#5176 = VECTOR('',#5177,1.);
#5177 = DIRECTION('',(0.,0.,1.));
#5178 = ORIENTED_EDGE('',*,*,#5179,.F.);
#5179 = EDGE_CURVE('',#5142,#5172,#5180,.T.);
#5180 = B_SPLINE_CURVE_WITH_KNOTS('',1,(#5181,#5182),.UNSPECIFIED.,.F.,
  .F.,(2,2),(0.,4.56613),.PIECEWISE_BEZIER_KNOTS.);
#5181 = CARTESIAN_POINT('',(23.607359,-27.179728,0.));
#5182 = CARTESIAN_POINT('',(23.607359,-31.745858,0.));
#5183 = SURFACE_OF_LINEAR_EXTRUSION('',#5184,#5187);
#5184 = B_SPLINE_CURVE_WITH_KNOTS('',1,(#5185,#5186),.UNSPECIFIED.,.F.,
  .F.,(2,2),(0.,4.56613),.PIECEWISE_BEZIER_KNOTS.);
#5185 = CARTESIAN_POINT('',(23.607359,-27.179728,0.));
#5186 = CARTESIAN_POINT('',(23.607359,-31.745858,0.));
#5187 = VECTOR('',#5188,1.);
#5188 = DIRECTION('',(-0.,-0.,-1.));
#5189 = ADVANCED_FACE('',(#5190),#5217,.F.);
#5190 = FACE_BOUND('',#5191,.F.);
#5191 = EDGE_LOOP('',(#5192,#5193,#5202,#5210));
#5192 = ORIENTED_EDGE('',*,*,#5171,.T.);
#5193 = ORIENTED_EDGE('',*,*,#5194,.T.);
#5194 = EDGE_CURVE('',#5165,#5195,#5197,.T.);
#5195 = VERTEX_POINT('',#5196);
#5196 = CARTESIAN_POINT('',(23.607359,-31.747958,0.31));
#5197 = B_SPLINE_CURVE_WITH_KNOTS('',3,(#5198,#5199,#5200,#5201),
  .UNSPECIFIED.,.F.,.F.,(4,4),(0.,1.),.PIECEWISE_BEZIER_KNOTS.);
#5198 = CARTESIAN_POINT('',(23.607359,-31.745858,0.31));
#5199 = CARTESIAN_POINT('',(23.607345,-31.746547,0.31));
#5200 = CARTESIAN_POINT('',(23.607345,-31.747258,0.31));
#5201 = CARTESIAN_POINT('',(23.607359,-31.747958,0.31));
#5202 = ORIENTED_EDGE('',*,*,#5203,.F.);
#5203 = EDGE_CURVE('',#5204,#5195,#5206,.T.);
#5204 = VERTEX_POINT('',#5205);
#5205 = CARTESIAN_POINT('',(23.607359,-31.747958,0.));
#5206 = LINE('',#5207,#5208);
#5207 = CARTESIAN_POINT('',(23.607359,-31.747958,0.));
#5208 = VECTOR('',#5209,1.);
#5209 = DIRECTION('',(0.,0.,1.));
#5210 = ORIENTED_EDGE('',*,*,#5211,.F.);
#5211 = EDGE_CURVE('',#5172,#5204,#5212,.T.);
#5212 = B_SPLINE_CURVE_WITH_KNOTS('',3,(#5213,#5214,#5215,#5216),
  .UNSPECIFIED.,.F.,.F.,(4,4),(0.,1.),.PIECEWISE_BEZIER_KNOTS.);
#5213 = CARTESIAN_POINT('',(23.607359,-31.745858,0.));
#5214 = CARTESIAN_POINT('',(23.607345,-31.746547,0.));
#5215 = CARTESIAN_POINT('',(23.607345,-31.747258,0.));
#5216 = CARTESIAN_POINT('',(23.607359,-31.747958,0.));
#5217 = SURFACE_OF_LINEAR_EXTRUSION('',#5218,#5223);
#5218 = B_SPLINE_CURVE_WITH_KNOTS('',3,(#5219,#5220,#5221,#5222),
  .UNSPECIFIED.,.F.,.F.,(4,4),(0.,1.),.PIECEWISE_BEZIER_KNOTS.);
#5219 = CARTESIAN_POINT('',(23.607359,-31.745858,0.));
#5220 = CARTESIAN_POINT('',(23.607345,-31.746547,0.));
#5221 = CARTESIAN_POINT('',(23.607345,-31.747258,0.));
#5222 = CARTESIAN_POINT('',(23.607359,-31.747958,0.));
#5223 = VECTOR('',#5224,1.);
#5224 = DIRECTION('',(-0.,-0.,-1.));
#5225 = ADVANCED_FACE('',(#5226),#5249,.F.);
#5226 = FACE_BOUND('',#5227,.F.);
#5227 = EDGE_LOOP('',(#5228,#5229,#5236,#5244));
#5228 = ORIENTED_EDGE('',*,*,#5203,.T.);
#5229 = ORIENTED_EDGE('',*,*,#5230,.T.);
#5230 = EDGE_CURVE('',#5195,#5231,#5233,.T.);
#5231 = VERTEX_POINT('',#5232);
#5232 = CARTESIAN_POINT('',(23.607359,-33.26001,0.31));
#5233 = B_SPLINE_CURVE_WITH_KNOTS('',1,(#5234,#5235),.UNSPECIFIED.,.F.,
  .F.,(2,2),(0.,1.512052),.PIECEWISE_BEZIER_KNOTS.);
#5234 = CARTESIAN_POINT('',(23.607359,-31.747958,0.31));
#5235 = CARTESIAN_POINT('',(23.607359,-33.26001,0.31));
#5236 = ORIENTED_EDGE('',*,*,#5237,.F.);
#5237 = EDGE_CURVE('',#5238,#5231,#5240,.T.);
#5238 = VERTEX_POINT('',#5239);
#5239 = CARTESIAN_POINT('',(23.607359,-33.26001,0.));
#5240 = LINE('',#5241,#5242);
#5241 = CARTESIAN_POINT('',(23.607359,-33.26001,0.));
#5242 = VECTOR('',#5243,1.);
#5243 = DIRECTION('',(0.,0.,1.));
#5244 = ORIENTED_EDGE('',*,*,#5245,.F.);
#5245 = EDGE_CURVE('',#5204,#5238,#5246,.T.);
#5246 = B_SPLINE_CURVE_WITH_KNOTS('',1,(#5247,#5248),.UNSPECIFIED.,.F.,
  .F.,(2,2),(0.,1.512052),.PIECEWISE_BEZIER_KNOTS.);
#5247 = CARTESIAN_POINT('',(23.607359,-31.747958,0.));
#5248 = CARTESIAN_POINT('',(23.607359,-33.26001,0.));
#5249 = SURFACE_OF_LINEAR_EXTRUSION('',#5250,#5253);
#5250 = B_SPLINE_CURVE_WITH_KNOTS('',1,(#5251,#5252),.UNSPECIFIED.,.F.,
  .F.,(2,2),(0.,1.512052),.PIECEWISE_BEZIER_KNOTS.);
#5251 = CARTESIAN_POINT('',(23.607359,-31.747958,0.));
#5252 = CARTESIAN_POINT('',(23.607359,-33.26001,0.));
#5253 = VECTOR('',#5254,1.);
#5254 = DIRECTION('',(-0.,-0.,-1.));
#5255 = ADVANCED_FACE('',(#5256),#5283,.F.);
#5256 = FACE_BOUND('',#5257,.F.);
#5257 = EDGE_LOOP('',(#5258,#5259,#5268,#5276));
#5258 = ORIENTED_EDGE('',*,*,#5237,.T.);
#5259 = ORIENTED_EDGE('',*,*,#5260,.T.);
#5260 = EDGE_CURVE('',#5231,#5261,#5263,.T.);
#5261 = VERTEX_POINT('',#5262);
#5262 = CARTESIAN_POINT('',(23.656449,-33.31065,0.31));
#5263 = B_SPLINE_CURVE_WITH_KNOTS('',3,(#5264,#5265,#5266,#5267),
  .UNSPECIFIED.,.F.,.F.,(4,4),(0.,1.),.PIECEWISE_BEZIER_KNOTS.);
#5264 = CARTESIAN_POINT('',(23.607359,-33.26001,0.31));
#5265 = CARTESIAN_POINT('',(23.607001,-33.28752,0.31));
#5266 = CARTESIAN_POINT('',(23.628939,-33.31016,0.31));
#5267 = CARTESIAN_POINT('',(23.656449,-33.31065,0.31));
#5268 = ORIENTED_EDGE('',*,*,#5269,.F.);
#5269 = EDGE_CURVE('',#5270,#5261,#5272,.T.);
#5270 = VERTEX_POINT('',#5271);
#5271 = CARTESIAN_POINT('',(23.656449,-33.31065,0.));
#5272 = LINE('',#5273,#5274);
#5273 = CARTESIAN_POINT('',(23.656449,-33.31065,0.));
#5274 = VECTOR('',#5275,1.);
#5275 = DIRECTION('',(0.,0.,1.));
#5276 = ORIENTED_EDGE('',*,*,#5277,.F.);
#5277 = EDGE_CURVE('',#5238,#5270,#5278,.T.);
#5278 = B_SPLINE_CURVE_WITH_KNOTS('',3,(#5279,#5280,#5281,#5282),
  .UNSPECIFIED.,.F.,.F.,(4,4),(0.,1.),.PIECEWISE_BEZIER_KNOTS.);
#5279 = CARTESIAN_POINT('',(23.607359,-33.26001,0.));
#5280 = CARTESIAN_POINT('',(23.607001,-33.28752,0.));
#5281 = CARTESIAN_POINT('',(23.628939,-33.31016,0.));
#5282 = CARTESIAN_POINT('',(23.656449,-33.31065,0.));
#5283 = SURFACE_OF_LINEAR_EXTRUSION('',#5284,#5289);
#5284 = B_SPLINE_CURVE_WITH_KNOTS('',3,(#5285,#5286,#5287,#5288),
  .UNSPECIFIED.,.F.,.F.,(4,4),(0.,1.),.PIECEWISE_BEZIER_KNOTS.);
#5285 = CARTESIAN_POINT('',(23.607359,-33.26001,0.));
#5286 = CARTESIAN_POINT('',(23.607001,-33.28752,0.));
#5287 = CARTESIAN_POINT('',(23.628939,-33.31016,0.));
#5288 = CARTESIAN_POINT('',(23.656449,-33.31065,0.));
#5289 = VECTOR('',#5290,1.);
#5290 = DIRECTION('',(-0.,-0.,-1.));
#5291 = ADVANCED_FACE('',(#5292),#5315,.F.);
#5292 = FACE_BOUND('',#5293,.F.);
#5293 = EDGE_LOOP('',(#5294,#5295,#5302,#5310));
#5294 = ORIENTED_EDGE('',*,*,#5269,.T.);
#5295 = ORIENTED_EDGE('',*,*,#5296,.T.);
#5296 = EDGE_CURVE('',#5261,#5297,#5299,.T.);
#5297 = VERTEX_POINT('',#5298);
#5298 = CARTESIAN_POINT('',(27.259847,-33.31065,0.31));
#5299 = B_SPLINE_CURVE_WITH_KNOTS('',1,(#5300,#5301),.UNSPECIFIED.,.F.,
  .F.,(2,2),(0.,3.603398),.PIECEWISE_BEZIER_KNOTS.);
#5300 = CARTESIAN_POINT('',(23.656449,-33.31065,0.31));
#5301 = CARTESIAN_POINT('',(27.259847,-33.31065,0.31));
#5302 = ORIENTED_EDGE('',*,*,#5303,.F.);
#5303 = EDGE_CURVE('',#5304,#5297,#5306,.T.);
#5304 = VERTEX_POINT('',#5305);
#5305 = CARTESIAN_POINT('',(27.259847,-33.31065,0.));
#5306 = LINE('',#5307,#5308);
#5307 = CARTESIAN_POINT('',(27.259847,-33.31065,0.));
#5308 = VECTOR('',#5309,1.);
#5309 = DIRECTION('',(0.,0.,1.));
#5310 = ORIENTED_EDGE('',*,*,#5311,.F.);
#5311 = EDGE_CURVE('',#5270,#5304,#5312,.T.);
#5312 = B_SPLINE_CURVE_WITH_KNOTS('',1,(#5313,#5314),.UNSPECIFIED.,.F.,
  .F.,(2,2),(0.,3.603398),.PIECEWISE_BEZIER_KNOTS.);
#5313 = CARTESIAN_POINT('',(23.656449,-33.31065,0.));
#5314 = CARTESIAN_POINT('',(27.259847,-33.31065,0.));
#5315 = SURFACE_OF_LINEAR_EXTRUSION('',#5316,#5319);
#5316 = B_SPLINE_CURVE_WITH_KNOTS('',1,(#5317,#5318),.UNSPECIFIED.,.F.,
  .F.,(2,2),(0.,3.603398),.PIECEWISE_BEZIER_KNOTS.);
#5317 = CARTESIAN_POINT('',(23.656449,-33.31065,0.));
#5318 = CARTESIAN_POINT('',(27.259847,-33.31065,0.));
#5319 = VECTOR('',#5320,1.);
#5320 = DIRECTION('',(-0.,-0.,-1.));
#5321 = ADVANCED_FACE('',(#5322),#5349,.F.);
#5322 = FACE_BOUND('',#5323,.F.);
#5323 = EDGE_LOOP('',(#5324,#5325,#5334,#5342));
#5324 = ORIENTED_EDGE('',*,*,#5303,.T.);
#5325 = ORIENTED_EDGE('',*,*,#5326,.T.);
#5326 = EDGE_CURVE('',#5297,#5327,#5329,.T.);
#5327 = VERTEX_POINT('',#5328);
#5328 = CARTESIAN_POINT('',(27.310487,-33.26001,0.31));
#5329 = B_SPLINE_CURVE_WITH_KNOTS('',3,(#5330,#5331,#5332,#5333),
  .UNSPECIFIED.,.F.,.F.,(4,4),(0.,1.),.PIECEWISE_BEZIER_KNOTS.);
#5330 = CARTESIAN_POINT('',(27.259847,-33.31065,0.31));
#5331 = CARTESIAN_POINT('',(27.287967,-33.311014,0.31));
#5332 = CARTESIAN_POINT('',(27.310857,-33.28813,0.31));
#5333 = CARTESIAN_POINT('',(27.310487,-33.26001,0.31));
#5334 = ORIENTED_EDGE('',*,*,#5335,.F.);
#5335 = EDGE_CURVE('',#5336,#5327,#5338,.T.);
#5336 = VERTEX_POINT('',#5337);
#5337 = CARTESIAN_POINT('',(27.310487,-33.26001,0.));
#5338 = LINE('',#5339,#5340);
#5339 = CARTESIAN_POINT('',(27.310487,-33.26001,0.));
#5340 = VECTOR('',#5341,1.);
#5341 = DIRECTION('',(0.,0.,1.));
#5342 = ORIENTED_EDGE('',*,*,#5343,.F.);
#5343 = EDGE_CURVE('',#5304,#5336,#5344,.T.);
#5344 = B_SPLINE_CURVE_WITH_KNOTS('',3,(#5345,#5346,#5347,#5348),
  .UNSPECIFIED.,.F.,.F.,(4,4),(0.,1.),.PIECEWISE_BEZIER_KNOTS.);
#5345 = CARTESIAN_POINT('',(27.259847,-33.31065,0.));
#5346 = CARTESIAN_POINT('',(27.287967,-33.311014,0.));
#5347 = CARTESIAN_POINT('',(27.310857,-33.28813,0.));
#5348 = CARTESIAN_POINT('',(27.310487,-33.26001,0.));
#5349 = SURFACE_OF_LINEAR_EXTRUSION('',#5350,#5355);
#5350 = B_SPLINE_CURVE_WITH_KNOTS('',3,(#5351,#5352,#5353,#5354),
  .UNSPECIFIED.,.F.,.F.,(4,4),(0.,1.),.PIECEWISE_BEZIER_KNOTS.);
#5351 = CARTESIAN_POINT('',(27.259847,-33.31065,0.));
#5352 = CARTESIAN_POINT('',(27.287967,-33.311014,0.));
#5353 = CARTESIAN_POINT('',(27.310857,-33.28813,0.));
#5354 = CARTESIAN_POINT('',(27.310487,-33.26001,0.));
#5355 = VECTOR('',#5356,1.);
#5356 = DIRECTION('',(-0.,-0.,-1.));
#5357 = ADVANCED_FACE('',(#5358),#5381,.F.);
#5358 = FACE_BOUND('',#5359,.F.);
#5359 = EDGE_LOOP('',(#5360,#5361,#5368,#5376));
#5360 = ORIENTED_EDGE('',*,*,#5335,.T.);
#5361 = ORIENTED_EDGE('',*,*,#5362,.T.);
#5362 = EDGE_CURVE('',#5327,#5363,#5365,.T.);
#5363 = VERTEX_POINT('',#5364);
#5364 = CARTESIAN_POINT('',(27.310487,-31.747441,0.31));
#5365 = B_SPLINE_CURVE_WITH_KNOTS('',1,(#5366,#5367),.UNSPECIFIED.,.F.,
  .F.,(2,2),(0.,1.512569),.PIECEWISE_BEZIER_KNOTS.);
#5366 = CARTESIAN_POINT('',(27.310487,-33.26001,0.31));
#5367 = CARTESIAN_POINT('',(27.310487,-31.747441,0.31));
#5368 = ORIENTED_EDGE('',*,*,#5369,.F.);
#5369 = EDGE_CURVE('',#5370,#5363,#5372,.T.);
#5370 = VERTEX_POINT('',#5371);
#5371 = CARTESIAN_POINT('',(27.310487,-31.747441,0.));
#5372 = LINE('',#5373,#5374);
#5373 = CARTESIAN_POINT('',(27.310487,-31.747441,0.));
#5374 = VECTOR('',#5375,1.);
#5375 = DIRECTION('',(0.,0.,1.));
#5376 = ORIENTED_EDGE('',*,*,#5377,.F.);
#5377 = EDGE_CURVE('',#5336,#5370,#5378,.T.);
#5378 = B_SPLINE_CURVE_WITH_KNOTS('',1,(#5379,#5380),.UNSPECIFIED.,.F.,
  .F.,(2,2),(0.,1.512569),.PIECEWISE_BEZIER_KNOTS.);
#5379 = CARTESIAN_POINT('',(27.310487,-33.26001,0.));
#5380 = CARTESIAN_POINT('',(27.310487,-31.747441,0.));
#5381 = SURFACE_OF_LINEAR_EXTRUSION('',#5382,#5385);
#5382 = B_SPLINE_CURVE_WITH_KNOTS('',1,(#5383,#5384),.UNSPECIFIED.,.F.,
  .F.,(2,2),(0.,1.512569),.PIECEWISE_BEZIER_KNOTS.);
#5383 = CARTESIAN_POINT('',(27.310487,-33.26001,0.));
#5384 = CARTESIAN_POINT('',(27.310487,-31.747441,0.));
#5385 = VECTOR('',#5386,1.);
#5386 = DIRECTION('',(-0.,-0.,-1.));
#5387 = ADVANCED_FACE('',(#5388),#5415,.F.);
#5388 = FACE_BOUND('',#5389,.F.);
#5389 = EDGE_LOOP('',(#5390,#5391,#5400,#5408));
#5390 = ORIENTED_EDGE('',*,*,#5369,.T.);
#5391 = ORIENTED_EDGE('',*,*,#5392,.T.);
#5392 = EDGE_CURVE('',#5363,#5393,#5395,.T.);
#5393 = VERTEX_POINT('',#5394);
#5394 = CARTESIAN_POINT('',(27.310487,-31.745841,0.31));
#5395 = B_SPLINE_CURVE_WITH_KNOTS('',3,(#5396,#5397,#5398,#5399),
  .UNSPECIFIED.,.F.,.F.,(4,4),(0.,1.),.PIECEWISE_BEZIER_KNOTS.);
#5396 = CARTESIAN_POINT('',(27.310487,-31.747441,0.31));
#5397 = CARTESIAN_POINT('',(27.310495,-31.746924,0.31));
#5398 = CARTESIAN_POINT('',(27.310495,-31.746441,0.31));
#5399 = CARTESIAN_POINT('',(27.310487,-31.745841,0.31));
#5400 = ORIENTED_EDGE('',*,*,#5401,.F.);
#5401 = EDGE_CURVE('',#5402,#5393,#5404,.T.);
#5402 = VERTEX_POINT('',#5403);
#5403 = CARTESIAN_POINT('',(27.310487,-31.745841,0.));
#5404 = LINE('',#5405,#5406);
#5405 = CARTESIAN_POINT('',(27.310487,-31.745841,0.));
#5406 = VECTOR('',#5407,1.);
#5407 = DIRECTION('',(0.,0.,1.));
#5408 = ORIENTED_EDGE('',*,*,#5409,.F.);
#5409 = EDGE_CURVE('',#5370,#5402,#5410,.T.);
#5410 = B_SPLINE_CURVE_WITH_KNOTS('',3,(#5411,#5412,#5413,#5414),
  .UNSPECIFIED.,.F.,.F.,(4,4),(0.,1.),.PIECEWISE_BEZIER_KNOTS.);
#5411 = CARTESIAN_POINT('',(27.310487,-31.747441,0.));
#5412 = CARTESIAN_POINT('',(27.310495,-31.746924,0.));
#5413 = CARTESIAN_POINT('',(27.310495,-31.746441,0.));
#5414 = CARTESIAN_POINT('',(27.310487,-31.745841,0.));
#5415 = SURFACE_OF_LINEAR_EXTRUSION('',#5416,#5421);
#5416 = B_SPLINE_CURVE_WITH_KNOTS('',3,(#5417,#5418,#5419,#5420),
  .UNSPECIFIED.,.F.,.F.,(4,4),(0.,1.),.PIECEWISE_BEZIER_KNOTS.);
#5417 = CARTESIAN_POINT('',(27.310487,-31.747441,0.));
#5418 = CARTESIAN_POINT('',(27.310495,-31.746924,0.));
#5419 = CARTESIAN_POINT('',(27.310495,-31.746441,0.));
#5420 = CARTESIAN_POINT('',(27.310487,-31.745841,0.));
#5421 = VECTOR('',#5422,1.);
#5422 = DIRECTION('',(-0.,-0.,-1.));
#5423 = ADVANCED_FACE('',(#5424),#5447,.F.);
#5424 = FACE_BOUND('',#5425,.F.);
#5425 = EDGE_LOOP('',(#5426,#5427,#5434,#5442));
#5426 = ORIENTED_EDGE('',*,*,#5401,.T.);
#5427 = ORIENTED_EDGE('',*,*,#5428,.T.);
#5428 = EDGE_CURVE('',#5393,#5429,#5431,.T.);
#5429 = VERTEX_POINT('',#5430);
#5430 = CARTESIAN_POINT('',(27.310487,-4.7557821,0.31));
#5431 = B_SPLINE_CURVE_WITH_KNOTS('',1,(#5432,#5433),.UNSPECIFIED.,.F.,
  .F.,(2,2),(0.,26.9900589),.PIECEWISE_BEZIER_KNOTS.);
#5432 = CARTESIAN_POINT('',(27.310487,-31.745841,0.31));
#5433 = CARTESIAN_POINT('',(27.310487,-4.7557821,0.31));
#5434 = ORIENTED_EDGE('',*,*,#5435,.F.);
#5435 = EDGE_CURVE('',#5436,#5429,#5438,.T.);
#5436 = VERTEX_POINT('',#5437);
#5437 = CARTESIAN_POINT('',(27.310487,-4.7557821,0.));
#5438 = LINE('',#5439,#5440);
#5439 = CARTESIAN_POINT('',(27.310487,-4.7557821,0.));
#5440 = VECTOR('',#5441,1.);
#5441 = DIRECTION('',(0.,0.,1.));
#5442 = ORIENTED_EDGE('',*,*,#5443,.F.);
#5443 = EDGE_CURVE('',#5402,#5436,#5444,.T.);
#5444 = B_SPLINE_CURVE_WITH_KNOTS('',1,(#5445,#5446),.UNSPECIFIED.,.F.,
  .F.,(2,2),(0.,26.9900589),.PIECEWISE_BEZIER_KNOTS.);
#5445 = CARTESIAN_POINT('',(27.310487,-31.745841,0.));
#5446 = CARTESIAN_POINT('',(27.310487,-4.7557821,0.));
#5447 = SURFACE_OF_LINEAR_EXTRUSION('',#5448,#5451);
#5448 = B_SPLINE_CURVE_WITH_KNOTS('',1,(#5449,#5450),.UNSPECIFIED.,.F.,
  .F.,(2,2),(0.,26.9900589),.PIECEWISE_BEZIER_KNOTS.);
#5449 = CARTESIAN_POINT('',(27.310487,-31.745841,0.));
#5450 = CARTESIAN_POINT('',(27.310487,-4.7557821,0.));
#5451 = VECTOR('',#5452,1.);
#5452 = DIRECTION('',(-0.,-0.,-1.));
#5453 = ADVANCED_FACE('',(#5454),#5477,.F.);
#5454 = FACE_BOUND('',#5455,.F.);
#5455 = EDGE_LOOP('',(#5456,#5457,#5464,#5472));
#5456 = ORIENTED_EDGE('',*,*,#5435,.T.);
#5457 = ORIENTED_EDGE('',*,*,#5458,.T.);
#5458 = EDGE_CURVE('',#5429,#5459,#5461,.T.);
#5459 = VERTEX_POINT('',#5460);
#5460 = CARTESIAN_POINT('',(27.310487,-4.0545329,0.31));
#5461 = B_SPLINE_CURVE_WITH_KNOTS('',1,(#5462,#5463),.UNSPECIFIED.,.F.,
  .F.,(2,2),(0.,0.7012492),.PIECEWISE_BEZIER_KNOTS.);
#5462 = CARTESIAN_POINT('',(27.310487,-4.7557821,0.31));
#5463 = CARTESIAN_POINT('',(27.310487,-4.0545329,0.31));
#5464 = ORIENTED_EDGE('',*,*,#5465,.F.);
#5465 = EDGE_CURVE('',#5466,#5459,#5468,.T.);
#5466 = VERTEX_POINT('',#5467);
#5467 = CARTESIAN_POINT('',(27.310487,-4.0545329,0.));
#5468 = LINE('',#5469,#5470);
#5469 = CARTESIAN_POINT('',(27.310487,-4.0545329,0.));
#5470 = VECTOR('',#5471,1.);
#5471 = DIRECTION('',(0.,0.,1.));
#5472 = ORIENTED_EDGE('',*,*,#5473,.F.);
#5473 = EDGE_CURVE('',#5436,#5466,#5474,.T.);
#5474 = B_SPLINE_CURVE_WITH_KNOTS('',1,(#5475,#5476),.UNSPECIFIED.,.F.,
  .F.,(2,2),(0.,0.7012492),.PIECEWISE_BEZIER_KNOTS.);
#5475 = CARTESIAN_POINT('',(27.310487,-4.7557821,0.));
#5476 = CARTESIAN_POINT('',(27.310487,-4.0545329,0.));
#5477 = SURFACE_OF_LINEAR_EXTRUSION('',#5478,#5481);
#5478 = B_SPLINE_CURVE_WITH_KNOTS('',1,(#5479,#5480),.UNSPECIFIED.,.F.,
  .F.,(2,2),(0.,0.7012492),.PIECEWISE_BEZIER_KNOTS.);
#5479 = CARTESIAN_POINT('',(27.310487,-4.7557821,0.));
#5480 = CARTESIAN_POINT('',(27.310487,-4.0545329,0.));
#5481 = VECTOR('',#5482,1.);
#5482 = DIRECTION('',(-0.,-0.,-1.));
#5483 = ADVANCED_FACE('',(#5484),#5511,.F.);
#5484 = FACE_BOUND('',#5485,.F.);
#5485 = EDGE_LOOP('',(#5486,#5487,#5496,#5504));
#5486 = ORIENTED_EDGE('',*,*,#5465,.T.);
#5487 = ORIENTED_EDGE('',*,*,#5488,.T.);
#5488 = EDGE_CURVE('',#5459,#5489,#5491,.T.);
#5489 = VERTEX_POINT('',#5490);
#5490 = CARTESIAN_POINT('',(27.259847,-4.0038899,0.31));
#5491 = B_SPLINE_CURVE_WITH_KNOTS('',3,(#5492,#5493,#5494,#5495),
  .UNSPECIFIED.,.F.,.F.,(4,4),(0.,1.),.PIECEWISE_BEZIER_KNOTS.);
#5492 = CARTESIAN_POINT('',(27.310487,-4.0545329,0.31));
#5493 = CARTESIAN_POINT('',(27.310851,-4.0264139,0.31));
#5494 = CARTESIAN_POINT('',(27.287967,-4.0035259,0.31));
#5495 = CARTESIAN_POINT('',(27.259847,-4.0038899,0.31));
#5496 = ORIENTED_EDGE('',*,*,#5497,.F.);
#5497 = EDGE_CURVE('',#5498,#5489,#5500,.T.);
#5498 = VERTEX_POINT('',#5499);
#5499 = CARTESIAN_POINT('',(27.259847,-4.0038899,0.));
#5500 = LINE('',#5501,#5502);
#5501 = CARTESIAN_POINT('',(27.259847,-4.0038899,0.));
#5502 = VECTOR('',#5503,1.);
#5503 = DIRECTION('',(0.,0.,1.));
#5504 = ORIENTED_EDGE('',*,*,#5505,.F.);
#5505 = EDGE_CURVE('',#5466,#5498,#5506,.T.);
#5506 = B_SPLINE_CURVE_WITH_KNOTS('',3,(#5507,#5508,#5509,#5510),
  .UNSPECIFIED.,.F.,.F.,(4,4),(0.,1.),.PIECEWISE_BEZIER_KNOTS.);
#5507 = CARTESIAN_POINT('',(27.310487,-4.0545329,0.));
#5508 = CARTESIAN_POINT('',(27.310851,-4.0264139,0.));
#5509 = CARTESIAN_POINT('',(27.287967,-4.0035259,0.));
#5510 = CARTESIAN_POINT('',(27.259847,-4.0038899,0.));
#5511 = SURFACE_OF_LINEAR_EXTRUSION('',#5512,#5517);
#5512 = B_SPLINE_CURVE_WITH_KNOTS('',3,(#5513,#5514,#5515,#5516),
  .UNSPECIFIED.,.F.,.F.,(4,4),(0.,1.),.PIECEWISE_BEZIER_KNOTS.);
#5513 = CARTESIAN_POINT('',(27.310487,-4.0545329,0.));
#5514 = CARTESIAN_POINT('',(27.310851,-4.0264139,0.));
#5515 = CARTESIAN_POINT('',(27.287967,-4.0035259,0.));
#5516 = CARTESIAN_POINT('',(27.259847,-4.0038899,0.));
#5517 = VECTOR('',#5518,1.);
#5518 = DIRECTION('',(-0.,-0.,-1.));
#5519 = ADVANCED_FACE('',(#5520),#5534,.F.);
#5520 = FACE_BOUND('',#5521,.F.);
#5521 = EDGE_LOOP('',(#5522,#5523,#5528,#5529));
#5522 = ORIENTED_EDGE('',*,*,#5497,.T.);
#5523 = ORIENTED_EDGE('',*,*,#5524,.T.);
#5524 = EDGE_CURVE('',#5489,#4257,#5525,.T.);
#5525 = B_SPLINE_CURVE_WITH_KNOTS('',1,(#5526,#5527),.UNSPECIFIED.,.F.,
  .F.,(2,2),(0.,3.60341),.PIECEWISE_BEZIER_KNOTS.);
#5526 = CARTESIAN_POINT('',(27.259847,-4.0038899,0.31));
#5527 = CARTESIAN_POINT('',(23.656437,-4.00389,0.31));
#5528 = ORIENTED_EDGE('',*,*,#4254,.F.);
#5529 = ORIENTED_EDGE('',*,*,#5530,.F.);
#5530 = EDGE_CURVE('',#5498,#4255,#5531,.T.);
#5531 = B_SPLINE_CURVE_WITH_KNOTS('',1,(#5532,#5533),.UNSPECIFIED.,.F.,
  .F.,(2,2),(0.,3.60341),.PIECEWISE_BEZIER_KNOTS.);
#5532 = CARTESIAN_POINT('',(27.259847,-4.0038899,0.));
#5533 = CARTESIAN_POINT('',(23.656437,-4.00389,0.));
#5534 = SURFACE_OF_LINEAR_EXTRUSION('',#5535,#5538);
#5535 = B_SPLINE_CURVE_WITH_KNOTS('',1,(#5536,#5537),.UNSPECIFIED.,.F.,
  .F.,(2,2),(0.,3.60341),.PIECEWISE_BEZIER_KNOTS.);
#5536 = CARTESIAN_POINT('',(27.259847,-4.0038899,0.));
#5537 = CARTESIAN_POINT('',(23.656437,-4.00389,0.));
#5538 = VECTOR('',#5539,1.);
#5539 = DIRECTION('',(-0.,-0.,-1.));
#5540 = ADVANCED_FACE('',(#5541),#5583,.F.);
#5541 = FACE_BOUND('',#5542,.F.);
#5542 = EDGE_LOOP('',(#5543,#5544,#5545,#5546,#5547,#5548,#5549,#5550,
    #5551,#5552,#5553,#5554,#5555,#5556,#5557,#5558,#5559,#5560,#5561,
    #5562,#5563,#5564,#5565,#5566,#5567,#5568,#5569,#5570,#5571,#5572,
    #5573,#5574,#5575,#5576,#5577,#5578,#5579,#5580,#5581,#5582));
#5543 = ORIENTED_EDGE('',*,*,#4281,.T.);
#5544 = ORIENTED_EDGE('',*,*,#4315,.T.);
#5545 = ORIENTED_EDGE('',*,*,#4347,.T.);
#5546 = ORIENTED_EDGE('',*,*,#4381,.T.);
#5547 = ORIENTED_EDGE('',*,*,#4413,.T.);
#5548 = ORIENTED_EDGE('',*,*,#4449,.T.);
#5549 = ORIENTED_EDGE('',*,*,#4483,.T.);
#5550 = ORIENTED_EDGE('',*,*,#4513,.T.);
#5551 = ORIENTED_EDGE('',*,*,#4543,.T.);
#5552 = ORIENTED_EDGE('',*,*,#4573,.T.);
#5553 = ORIENTED_EDGE('',*,*,#4603,.T.);
#5554 = ORIENTED_EDGE('',*,*,#4633,.T.);
#5555 = ORIENTED_EDGE('',*,*,#4665,.T.);
#5556 = ORIENTED_EDGE('',*,*,#4699,.T.);
#5557 = ORIENTED_EDGE('',*,*,#4731,.T.);
#5558 = ORIENTED_EDGE('',*,*,#4765,.T.);
#5559 = ORIENTED_EDGE('',*,*,#4797,.T.);
#5560 = ORIENTED_EDGE('',*,*,#4833,.T.);
#5561 = ORIENTED_EDGE('',*,*,#4867,.T.);
#5562 = ORIENTED_EDGE('',*,*,#4897,.T.);
#5563 = ORIENTED_EDGE('',*,*,#4929,.T.);
#5564 = ORIENTED_EDGE('',*,*,#4963,.T.);
#5565 = ORIENTED_EDGE('',*,*,#4995,.T.);
#5566 = ORIENTED_EDGE('',*,*,#5029,.T.);
#5567 = ORIENTED_EDGE('',*,*,#5059,.T.);
#5568 = ORIENTED_EDGE('',*,*,#5089,.T.);
#5569 = ORIENTED_EDGE('',*,*,#5119,.T.);
#5570 = ORIENTED_EDGE('',*,*,#5149,.T.);
#5571 = ORIENTED_EDGE('',*,*,#5179,.T.);
#5572 = ORIENTED_EDGE('',*,*,#5211,.T.);
#5573 = ORIENTED_EDGE('',*,*,#5245,.T.);
#5574 = ORIENTED_EDGE('',*,*,#5277,.T.);
#5575 = ORIENTED_EDGE('',*,*,#5311,.T.);
#5576 = ORIENTED_EDGE('',*,*,#5343,.T.);
#5577 = ORIENTED_EDGE('',*,*,#5377,.T.);
#5578 = ORIENTED_EDGE('',*,*,#5409,.T.);
#5579 = ORIENTED_EDGE('',*,*,#5443,.T.);
#5580 = ORIENTED_EDGE('',*,*,#5473,.T.);
#5581 = ORIENTED_EDGE('',*,*,#5505,.T.);
#5582 = ORIENTED_EDGE('',*,*,#5530,.T.);
#5583 = B_SPLINE_SURFACE_WITH_KNOTS('',1,1,(
    (#5584,#5585)
    ,(#5586,#5587
    )),.UNSPECIFIED.,.F.,.F.,.F.,(2,2),(2,2),(-9.198194812503,
    3.568163187497),(-13.2060535991,16.101434500895),
  .PIECEWISE_BEZIER_KNOTS.);
#5584 = CARTESIAN_POINT('',(14.544499,-33.311014,0.));
#5585 = CARTESIAN_POINT('',(14.544499,-4.0035259,0.));
#5586 = CARTESIAN_POINT('',(27.310857,-33.311014,0.));
#5587 = CARTESIAN_POINT('',(27.310857,-4.0035259,0.));
#5588 = ADVANCED_FACE('',(#5589),#5631,.T.);
#5589 = FACE_BOUND('',#5590,.T.);
#5590 = EDGE_LOOP('',(#5591,#5592,#5593,#5594,#5595,#5596,#5597,#5598,
    #5599,#5600,#5601,#5602,#5603,#5604,#5605,#5606,#5607,#5608,#5609,
    #5610,#5611,#5612,#5613,#5614,#5615,#5616,#5617,#5618,#5619,#5620,
    #5621,#5622,#5623,#5624,#5625,#5626,#5627,#5628,#5629,#5630));
#5591 = ORIENTED_EDGE('',*,*,#4264,.T.);
#5592 = ORIENTED_EDGE('',*,*,#4300,.T.);
#5593 = ORIENTED_EDGE('',*,*,#4330,.T.);
#5594 = ORIENTED_EDGE('',*,*,#4366,.T.);
#5595 = ORIENTED_EDGE('',*,*,#4396,.T.);
#5596 = ORIENTED_EDGE('',*,*,#4432,.T.);
#5597 = ORIENTED_EDGE('',*,*,#4468,.T.);
#5598 = ORIENTED_EDGE('',*,*,#4498,.T.);
#5599 = ORIENTED_EDGE('',*,*,#4528,.T.);
#5600 = ORIENTED_EDGE('',*,*,#4558,.T.);
#5601 = ORIENTED_EDGE('',*,*,#4588,.T.);
#5602 = ORIENTED_EDGE('',*,*,#4618,.T.);
#5603 = ORIENTED_EDGE('',*,*,#4648,.T.);
#5604 = ORIENTED_EDGE('',*,*,#4684,.T.);
#5605 = ORIENTED_EDGE('',*,*,#4714,.T.);
#5606 = ORIENTED_EDGE('',*,*,#4750,.T.);
#5607 = ORIENTED_EDGE('',*,*,#4780,.T.);
#5608 = ORIENTED_EDGE('',*,*,#4816,.T.);
#5609 = ORIENTED_EDGE('',*,*,#4852,.T.);
#5610 = ORIENTED_EDGE('',*,*,#4882,.T.);
#5611 = ORIENTED_EDGE('',*,*,#4912,.T.);
#5612 = ORIENTED_EDGE('',*,*,#4948,.T.);
#5613 = ORIENTED_EDGE('',*,*,#4978,.T.);
#5614 = ORIENTED_EDGE('',*,*,#5014,.T.);
#5615 = ORIENTED_EDGE('',*,*,#5044,.T.);
#5616 = ORIENTED_EDGE('',*,*,#5074,.T.);
#5617 = ORIENTED_EDGE('',*,*,#5104,.T.);
#5618 = ORIENTED_EDGE('',*,*,#5134,.T.);
#5619 = ORIENTED_EDGE('',*,*,#5164,.T.);
#5620 = ORIENTED_EDGE('',*,*,#5194,.T.);
#5621 = ORIENTED_EDGE('',*,*,#5230,.T.);
#5622 = ORIENTED_EDGE('',*,*,#5260,.T.);
#5623 = ORIENTED_EDGE('',*,*,#5296,.T.);
#5624 = ORIENTED_EDGE('',*,*,#5326,.T.);
#5625 = ORIENTED_EDGE('',*,*,#5362,.T.);
#5626 = ORIENTED_EDGE('',*,*,#5392,.T.);
#5627 = ORIENTED_EDGE('',*,*,#5428,.T.);
#5628 = ORIENTED_EDGE('',*,*,#5458,.T.);
#5629 = ORIENTED_EDGE('',*,*,#5488,.T.);
#5630 = ORIENTED_EDGE('',*,*,#5524,.T.);
#5631 = B_SPLINE_SURFACE_WITH_KNOTS('',1,1,(
    (#5632,#5633)
    ,(#5634,#5635
    )),.UNSPECIFIED.,.F.,.F.,.F.,(2,2),(2,2),(-9.198194812503,
    3.568163187497),(-13.2060535991,16.101434500895),
  .PIECEWISE_BEZIER_KNOTS.);
#5632 = CARTESIAN_POINT('',(14.544499,-33.311014,0.31));
#5633 = CARTESIAN_POINT('',(14.544499,-4.0035259,0.31));
#5634 = CARTESIAN_POINT('',(27.310857,-33.311014,0.31));
#5635 = CARTESIAN_POINT('',(27.310857,-4.0035259,0.31));
#5636 = ( GEOMETRIC_REPRESENTATION_CONTEXT(3) 
GLOBAL_UNCERTAINTY_ASSIGNED_CONTEXT((#5640)) 
GLOBAL_UNIT_ASSIGNED_CONTEXT((#5637,#5638,#5639)) REPRESENTATION_CONTEXT
('Context #1','3D Context with UNIT and UNCERTAINTY') );
#5637 = ( LENGTH_UNIT() NAMED_UNIT(*) SI_UNIT(.MILLI.,.METRE.) );
#5638 = ( NAMED_UNIT(*) PLANE_ANGLE_UNIT() SI_UNIT($,.RADIAN.) );
#5639 = ( NAMED_UNIT(*) SI_UNIT($,.STERADIAN.) SOLID_ANGLE_UNIT() );
#5640 = UNCERTAINTY_MEASURE_WITH_UNIT(LENGTH_MEASURE(1.E-07),#5637,
  'distance_accuracy_value','confusion accuracy');
#5641 = CONTEXT_DEPENDENT_SHAPE_REPRESENTATION(#5642,#5644);
#5642 = ( REPRESENTATION_RELATIONSHIP('','',#4247,#10) 
REPRESENTATION_RELATIONSHIP_WITH_TRANSFORMATION(#5643) 
SHAPE_REPRESENTATION_RELATIONSHIP() );
#5643 = ITEM_DEFINED_TRANSFORMATION('','',#11,#39);
#5644 = PRODUCT_DEFINITION_SHAPE('Placement','Placement of an item',
  #5645);
#5645 = NEXT_ASSEMBLY_USAGE_OCCURRENCE('7','Extrude004','',#5,#4242,$);
#5646 = PRODUCT_RELATED_PRODUCT_CATEGORY('part',$,(#4244));
#5647 = SHAPE_DEFINITION_REPRESENTATION(#5648,#5654);
#5648 = PRODUCT_DEFINITION_SHAPE('','',#5649);
#5649 = PRODUCT_DEFINITION('design','',#5650,#5653);
#5650 = PRODUCT_DEFINITION_FORMATION('','',#5651);
#5651 = PRODUCT('Extrude006','Extrude006','',(#5652));
#5652 = PRODUCT_CONTEXT('',#2,'mechanical');
#5653 = PRODUCT_DEFINITION_CONTEXT('part definition',#2,'design');
#5654 = ADVANCED_BREP_SHAPE_REPRESENTATION('',(#11,#5655),#8857);
#5655 = MANIFOLD_SOLID_BREP('',#5656);
#5656 = CLOSED_SHELL('',(#5657,#5696,#5732,#5768,#5798,#5834,#5864,#5900
    ,#5930,#5966,#5996,#6032,#6062,#6098,#6128,#6164,#6194,#6224,#6260,
    #6290,#6326,#6356,#6392,#6422,#6458,#6488,#6524,#6554,#6590,#6620,
    #6656,#6686,#6722,#6752,#6788,#6824,#6854,#6884,#6920,#6950,#6986,
    #7016,#7052,#7082,#7118,#7148,#7184,#7214,#7250,#7280,#7316,#7346,
    #7382,#7412,#7448,#7478,#7514,#7544,#7580,#7610,#7646,#7676,#7712,
    #7742,#7772,#7802,#7832,#7862,#7892,#7922,#7952,#7982,#8012,#8042,
    #8072,#8102,#8138,#8168,#8204,#8234,#8270,#8300,#8336,#8366,#8402,
    #8432,#8468,#8498,#8534,#8570,#8600,#8636,#8657,#8757));
#5657 = ADVANCED_FACE('',(#5658),#5690,.F.);
#5658 = FACE_BOUND('',#5659,.F.);
#5659 = EDGE_LOOP('',(#5660,#5670,#5677,#5685));
#5660 = ORIENTED_EDGE('',*,*,#5661,.T.);
#5661 = EDGE_CURVE('',#5662,#5664,#5666,.T.);
#5662 = VERTEX_POINT('',#5663);
#5663 = CARTESIAN_POINT('',(25.657349,-7.4264201,0.));
#5664 = VERTEX_POINT('',#5665);
#5665 = CARTESIAN_POINT('',(25.657349,-7.4264201,0.3));
#5666 = LINE('',#5667,#5668);
#5667 = CARTESIAN_POINT('',(25.657349,-7.4264201,0.));
#5668 = VECTOR('',#5669,1.);
#5669 = DIRECTION('',(0.,0.,1.));
#5670 = ORIENTED_EDGE('',*,*,#5671,.T.);
#5671 = EDGE_CURVE('',#5664,#5672,#5674,.T.);
#5672 = VERTEX_POINT('',#5673);
#5673 = CARTESIAN_POINT('',(11.602393,-7.4269368,0.3));
#5674 = B_SPLINE_CURVE_WITH_KNOTS('',1,(#5675,#5676),.UNSPECIFIED.,.F.,
  .F.,(2,2),(0.,14.054956009498),.PIECEWISE_BEZIER_KNOTS.);
#5675 = CARTESIAN_POINT('',(25.657349,-7.4264201,0.3));
#5676 = CARTESIAN_POINT('',(11.602393,-7.4269368,0.3));
#5677 = ORIENTED_EDGE('',*,*,#5678,.F.);
#5678 = EDGE_CURVE('',#5679,#5672,#5681,.T.);
#5679 = VERTEX_POINT('',#5680);
#5680 = CARTESIAN_POINT('',(11.602393,-7.4269368,0.));
#5681 = LINE('',#5682,#5683);
#5682 = CARTESIAN_POINT('',(11.602393,-7.4269368,0.));
#5683 = VECTOR('',#5684,1.);
#5684 = DIRECTION('',(0.,0.,1.));
#5685 = ORIENTED_EDGE('',*,*,#5686,.F.);
#5686 = EDGE_CURVE('',#5662,#5679,#5687,.T.);
#5687 = B_SPLINE_CURVE_WITH_KNOTS('',1,(#5688,#5689),.UNSPECIFIED.,.F.,
  .F.,(2,2),(0.,14.054956009498),.PIECEWISE_BEZIER_KNOTS.);
#5688 = CARTESIAN_POINT('',(25.657349,-7.4264201,0.));
#5689 = CARTESIAN_POINT('',(11.602393,-7.4269368,0.));
#5690 = SURFACE_OF_LINEAR_EXTRUSION('',#5691,#5694);
#5691 = B_SPLINE_CURVE_WITH_KNOTS('',1,(#5692,#5693),.UNSPECIFIED.,.F.,
  .F.,(2,2),(0.,14.054956009498),.PIECEWISE_BEZIER_KNOTS.);
#5692 = CARTESIAN_POINT('',(25.657349,-7.4264201,0.));
#5693 = CARTESIAN_POINT('',(11.602393,-7.4269368,0.));
#5694 = VECTOR('',#5695,1.);
#5695 = DIRECTION('',(-0.,-0.,-1.));
#5696 = ADVANCED_FACE('',(#5697),#5724,.F.);
#5697 = FACE_BOUND('',#5698,.F.);
#5698 = EDGE_LOOP('',(#5699,#5700,#5709,#5717));
#5699 = ORIENTED_EDGE('',*,*,#5678,.T.);
#5700 = ORIENTED_EDGE('',*,*,#5701,.T.);
#5701 = EDGE_CURVE('',#5672,#5702,#5704,.T.);
#5702 = VERTEX_POINT('',#5703);
#5703 = CARTESIAN_POINT('',(11.586893,-7.4300368,0.3));
#5704 = B_SPLINE_CURVE_WITH_KNOTS('',3,(#5705,#5706,#5707,#5708),
  .UNSPECIFIED.,.F.,.F.,(4,4),(0.,1.),.PIECEWISE_BEZIER_KNOTS.);
#5705 = CARTESIAN_POINT('',(11.602393,-7.4269368,0.3));
#5706 = CARTESIAN_POINT('',(11.597093,-7.4271417,0.3));
#5707 = CARTESIAN_POINT('',(11.591863,-7.4281868,0.3));
#5708 = CARTESIAN_POINT('',(11.586893,-7.4300368,0.3));
#5709 = ORIENTED_EDGE('',*,*,#5710,.F.);
#5710 = EDGE_CURVE('',#5711,#5702,#5713,.T.);
#5711 = VERTEX_POINT('',#5712);
#5712 = CARTESIAN_POINT('',(11.586893,-7.4300368,0.));
#5713 = LINE('',#5714,#5715);
#5714 = CARTESIAN_POINT('',(11.586893,-7.4300368,0.));
#5715 = VECTOR('',#5716,1.);
#5716 = DIRECTION('',(0.,0.,1.));
#5717 = ORIENTED_EDGE('',*,*,#5718,.F.);
#5718 = EDGE_CURVE('',#5679,#5711,#5719,.T.);
#5719 = B_SPLINE_CURVE_WITH_KNOTS('',3,(#5720,#5721,#5722,#5723),
  .UNSPECIFIED.,.F.,.F.,(4,4),(0.,1.),.PIECEWISE_BEZIER_KNOTS.);
#5720 = CARTESIAN_POINT('',(11.602393,-7.4269368,0.));
#5721 = CARTESIAN_POINT('',(11.597093,-7.4271417,0.));
#5722 = CARTESIAN_POINT('',(11.591863,-7.4281868,0.));
#5723 = CARTESIAN_POINT('',(11.586893,-7.4300368,0.));
#5724 = SURFACE_OF_LINEAR_EXTRUSION('',#5725,#5730);
#5725 = B_SPLINE_CURVE_WITH_KNOTS('',3,(#5726,#5727,#5728,#5729),
  .UNSPECIFIED.,.F.,.F.,(4,4),(0.,1.),.PIECEWISE_BEZIER_KNOTS.);
#5726 = CARTESIAN_POINT('',(11.602393,-7.4269368,0.));
#5727 = CARTESIAN_POINT('',(11.597093,-7.4271417,0.));
#5728 = CARTESIAN_POINT('',(11.591863,-7.4281868,0.));
#5729 = CARTESIAN_POINT('',(11.586893,-7.4300368,0.));
#5730 = VECTOR('',#5731,1.);
#5731 = DIRECTION('',(-0.,-0.,-1.));
#5732 = ADVANCED_FACE('',(#5733),#5760,.F.);
#5733 = FACE_BOUND('',#5734,.F.);
#5734 = EDGE_LOOP('',(#5735,#5736,#5745,#5753));
#5735 = ORIENTED_EDGE('',*,*,#5710,.T.);
#5736 = ORIENTED_EDGE('',*,*,#5737,.T.);
#5737 = EDGE_CURVE('',#5702,#5738,#5740,.T.);
#5738 = VERTEX_POINT('',#5739);
#5739 = CARTESIAN_POINT('',(11.585893,-7.4300368,0.3));
#5740 = B_SPLINE_CURVE_WITH_KNOTS('',3,(#5741,#5742,#5743,#5744),
  .UNSPECIFIED.,.F.,.F.,(4,4),(0.,1.),.PIECEWISE_BEZIER_KNOTS.);
#5741 = CARTESIAN_POINT('',(11.586893,-7.4300368,0.3));
#5742 = CARTESIAN_POINT('',(11.58656,-7.4300335,0.3));
#5743 = CARTESIAN_POINT('',(11.586226,-7.4300335,0.3));
#5744 = CARTESIAN_POINT('',(11.585893,-7.4300368,0.3));
#5745 = ORIENTED_EDGE('',*,*,#5746,.F.);
#5746 = EDGE_CURVE('',#5747,#5738,#5749,.T.);
#5747 = VERTEX_POINT('',#5748);
#5748 = CARTESIAN_POINT('',(11.585893,-7.4300368,0.));
#5749 = LINE('',#5750,#5751);
#5750 = CARTESIAN_POINT('',(11.585893,-7.4300368,0.));
#5751 = VECTOR('',#5752,1.);
#5752 = DIRECTION('',(0.,0.,1.));
#5753 = ORIENTED_EDGE('',*,*,#5754,.F.);
#5754 = EDGE_CURVE('',#5711,#5747,#5755,.T.);
#5755 = B_SPLINE_CURVE_WITH_KNOTS('',3,(#5756,#5757,#5758,#5759),
  .UNSPECIFIED.,.F.,.F.,(4,4),(0.,1.),.PIECEWISE_BEZIER_KNOTS.);
#5756 = CARTESIAN_POINT('',(11.586893,-7.4300368,0.));
#5757 = CARTESIAN_POINT('',(11.58656,-7.4300335,0.));
#5758 = CARTESIAN_POINT('',(11.586226,-7.4300335,0.));
#5759 = CARTESIAN_POINT('',(11.585893,-7.4300368,0.));
#5760 = SURFACE_OF_LINEAR_EXTRUSION('',#5761,#5766);
#5761 = B_SPLINE_CURVE_WITH_KNOTS('',3,(#5762,#5763,#5764,#5765),
  .UNSPECIFIED.,.F.,.F.,(4,4),(0.,1.),.PIECEWISE_BEZIER_KNOTS.);
#5762 = CARTESIAN_POINT('',(11.586893,-7.4300368,0.));
#5763 = CARTESIAN_POINT('',(11.58656,-7.4300335,0.));
#5764 = CARTESIAN_POINT('',(11.586226,-7.4300335,0.));
#5765 = CARTESIAN_POINT('',(11.585893,-7.4300368,0.));
#5766 = VECTOR('',#5767,1.);
#5767 = DIRECTION('',(-0.,-0.,-1.));
#5768 = ADVANCED_FACE('',(#5769),#5792,.F.);
#5769 = FACE_BOUND('',#5770,.F.);
#5770 = EDGE_LOOP('',(#5771,#5772,#5779,#5787));
#5771 = ORIENTED_EDGE('',*,*,#5746,.T.);
#5772 = ORIENTED_EDGE('',*,*,#5773,.T.);
#5773 = EDGE_CURVE('',#5738,#5774,#5776,.T.);
#5774 = VERTEX_POINT('',#5775);
#5775 = CARTESIAN_POINT('',(11.327511,-7.4636268,0.3));
#5776 = B_SPLINE_CURVE_WITH_KNOTS('',1,(#5777,#5778),.UNSPECIFIED.,.F.,
  .F.,(2,2),(0.,0.260556224305),.PIECEWISE_BEZIER_KNOTS.);
#5777 = CARTESIAN_POINT('',(11.585893,-7.4300368,0.3));
#5778 = CARTESIAN_POINT('',(11.327511,-7.4636268,0.3));
#5779 = ORIENTED_EDGE('',*,*,#5780,.F.);
#5780 = EDGE_CURVE('',#5781,#5774,#5783,.T.);
#5781 = VERTEX_POINT('',#5782);
#5782 = CARTESIAN_POINT('',(11.327511,-7.4636268,0.));
#5783 = LINE('',#5784,#5785);
#5784 = CARTESIAN_POINT('',(11.327511,-7.4636268,0.));
#5785 = VECTOR('',#5786,1.);
#5786 = DIRECTION('',(0.,0.,1.));
#5787 = ORIENTED_EDGE('',*,*,#5788,.F.);
#5788 = EDGE_CURVE('',#5747,#5781,#5789,.T.);
#5789 = B_SPLINE_CURVE_WITH_KNOTS('',1,(#5790,#5791),.UNSPECIFIED.,.F.,
  .F.,(2,2),(0.,0.260556224305),.PIECEWISE_BEZIER_KNOTS.);
#5790 = CARTESIAN_POINT('',(11.585893,-7.4300368,0.));
#5791 = CARTESIAN_POINT('',(11.327511,-7.4636268,0.));
#5792 = SURFACE_OF_LINEAR_EXTRUSION('',#5793,#5796);
#5793 = B_SPLINE_CURVE_WITH_KNOTS('',1,(#5794,#5795),.UNSPECIFIED.,.F.,
  .F.,(2,2),(0.,0.260556224305),.PIECEWISE_BEZIER_KNOTS.);
#5794 = CARTESIAN_POINT('',(11.585893,-7.4300368,0.));
#5795 = CARTESIAN_POINT('',(11.327511,-7.4636268,0.));
#5796 = VECTOR('',#5797,1.);
#5797 = DIRECTION('',(-0.,-0.,-1.));
#5798 = ADVANCED_FACE('',(#5799),#5826,.F.);
#5799 = FACE_BOUND('',#5800,.F.);
#5800 = EDGE_LOOP('',(#5801,#5802,#5811,#5819));
#5801 = ORIENTED_EDGE('',*,*,#5780,.T.);
#5802 = ORIENTED_EDGE('',*,*,#5803,.T.);
#5803 = EDGE_CURVE('',#5774,#5804,#5806,.T.);
#5804 = VERTEX_POINT('',#5805);
#5805 = CARTESIAN_POINT('',(11.311491,-7.4677568,0.3));
#5806 = B_SPLINE_CURVE_WITH_KNOTS('',3,(#5807,#5808,#5809,#5810),
  .UNSPECIFIED.,.F.,.F.,(4,4),(0.,1.),.PIECEWISE_BEZIER_KNOTS.);
#5807 = CARTESIAN_POINT('',(11.327511,-7.4636268,0.3));
#5808 = CARTESIAN_POINT('',(11.322011,-7.4641044,0.3));
#5809 = CARTESIAN_POINT('',(11.316561,-7.4654968,0.3));
#5810 = CARTESIAN_POINT('',(11.311491,-7.4677568,0.3));
#5811 = ORIENTED_EDGE('',*,*,#5812,.F.);
#5812 = EDGE_CURVE('',#5813,#5804,#5815,.T.);
#5813 = VERTEX_POINT('',#5814);
#5814 = CARTESIAN_POINT('',(11.311491,-7.4677568,0.));
#5815 = LINE('',#5816,#5817);
#5816 = CARTESIAN_POINT('',(11.311491,-7.4677568,0.));
#5817 = VECTOR('',#5818,1.);
#5818 = DIRECTION('',(0.,0.,1.));
#5819 = ORIENTED_EDGE('',*,*,#5820,.F.);
#5820 = EDGE_CURVE('',#5781,#5813,#5821,.T.);
#5821 = B_SPLINE_CURVE_WITH_KNOTS('',3,(#5822,#5823,#5824,#5825),
  .UNSPECIFIED.,.F.,.F.,(4,4),(0.,1.),.PIECEWISE_BEZIER_KNOTS.);
#5822 = CARTESIAN_POINT('',(11.327511,-7.4636268,0.));
#5823 = CARTESIAN_POINT('',(11.322011,-7.4641044,0.));
#5824 = CARTESIAN_POINT('',(11.316561,-7.4654968,0.));
#5825 = CARTESIAN_POINT('',(11.311491,-7.4677568,0.));
#5826 = SURFACE_OF_LINEAR_EXTRUSION('',#5827,#5832);
#5827 = B_SPLINE_CURVE_WITH_KNOTS('',3,(#5828,#5829,#5830,#5831),
  .UNSPECIFIED.,.F.,.F.,(4,4),(0.,1.),.PIECEWISE_BEZIER_KNOTS.);
#5828 = CARTESIAN_POINT('',(11.327511,-7.4636268,0.));
#5829 = CARTESIAN_POINT('',(11.322011,-7.4641044,0.));
#5830 = CARTESIAN_POINT('',(11.316561,-7.4654968,0.));
#5831 = CARTESIAN_POINT('',(11.311491,-7.4677568,0.));
#5832 = VECTOR('',#5833,1.);
#5833 = DIRECTION('',(-0.,-0.,-1.));
#5834 = ADVANCED_FACE('',(#5835),#5858,.F.);
#5835 = FACE_BOUND('',#5836,.F.);
#5836 = EDGE_LOOP('',(#5837,#5838,#5845,#5853));
#5837 = ORIENTED_EDGE('',*,*,#5812,.T.);
#5838 = ORIENTED_EDGE('',*,*,#5839,.T.);
#5839 = EDGE_CURVE('',#5804,#5840,#5842,.T.);
#5840 = VERTEX_POINT('',#5841);
#5841 = CARTESIAN_POINT('',(11.077397,-7.5752438,0.3));
#5842 = B_SPLINE_CURVE_WITH_KNOTS('',1,(#5843,#5844),.UNSPECIFIED.,.F.,
  .F.,(2,2),(0.,0.257591645837),.PIECEWISE_BEZIER_KNOTS.);
#5843 = CARTESIAN_POINT('',(11.311491,-7.4677568,0.3));
#5844 = CARTESIAN_POINT('',(11.077397,-7.5752438,0.3));
#5845 = ORIENTED_EDGE('',*,*,#5846,.F.);
#5846 = EDGE_CURVE('',#5847,#5840,#5849,.T.);
#5847 = VERTEX_POINT('',#5848);
#5848 = CARTESIAN_POINT('',(11.077397,-7.5752438,0.));
#5849 = LINE('',#5850,#5851);
#5850 = CARTESIAN_POINT('',(11.077397,-7.5752438,0.));
#5851 = VECTOR('',#5852,1.);
#5852 = DIRECTION('',(0.,0.,1.));
#5853 = ORIENTED_EDGE('',*,*,#5854,.F.);
#5854 = EDGE_CURVE('',#5813,#5847,#5855,.T.);
#5855 = B_SPLINE_CURVE_WITH_KNOTS('',1,(#5856,#5857),.UNSPECIFIED.,.F.,
  .F.,(2,2),(0.,0.257591645837),.PIECEWISE_BEZIER_KNOTS.);
#5856 = CARTESIAN_POINT('',(11.311491,-7.4677568,0.));
#5857 = CARTESIAN_POINT('',(11.077397,-7.5752438,0.));
#5858 = SURFACE_OF_LINEAR_EXTRUSION('',#5859,#5862);
#5859 = B_SPLINE_CURVE_WITH_KNOTS('',1,(#5860,#5861),.UNSPECIFIED.,.F.,
  .F.,(2,2),(0.,0.257591645837),.PIECEWISE_BEZIER_KNOTS.);
#5860 = CARTESIAN_POINT('',(11.311491,-7.4677568,0.));
#5861 = CARTESIAN_POINT('',(11.077397,-7.5752438,0.));
#5862 = VECTOR('',#5863,1.);
#5863 = DIRECTION('',(-0.,-0.,-1.));
#5864 = ADVANCED_FACE('',(#5865),#5892,.F.);
#5865 = FACE_BOUND('',#5866,.F.);
#5866 = EDGE_LOOP('',(#5867,#5868,#5877,#5885));
#5867 = ORIENTED_EDGE('',*,*,#5846,.T.);
#5868 = ORIENTED_EDGE('',*,*,#5869,.T.);
#5869 = EDGE_CURVE('',#5840,#5870,#5872,.T.);
#5870 = VERTEX_POINT('',#5871);
#5871 = CARTESIAN_POINT('',(11.071197,-7.5793738,0.3));
#5872 = B_SPLINE_CURVE_WITH_KNOTS('',3,(#5873,#5874,#5875,#5876),
  .UNSPECIFIED.,.F.,.F.,(4,4),(0.,1.),.PIECEWISE_BEZIER_KNOTS.);
#5873 = CARTESIAN_POINT('',(11.077397,-7.5752438,0.3));
#5874 = CARTESIAN_POINT('',(11.075197,-7.5764638,0.3));
#5875 = CARTESIAN_POINT('',(11.073197,-7.5778438,0.3));
#5876 = CARTESIAN_POINT('',(11.071197,-7.5793738,0.3));
#5877 = ORIENTED_EDGE('',*,*,#5878,.F.);
#5878 = EDGE_CURVE('',#5879,#5870,#5881,.T.);
#5879 = VERTEX_POINT('',#5880);
#5880 = CARTESIAN_POINT('',(11.071197,-7.5793738,0.));
#5881 = LINE('',#5882,#5883);
#5882 = CARTESIAN_POINT('',(11.071197,-7.5793738,0.));
#5883 = VECTOR('',#5884,1.);
#5884 = DIRECTION('',(0.,0.,1.));
#5885 = ORIENTED_EDGE('',*,*,#5886,.F.);
#5886 = EDGE_CURVE('',#5847,#5879,#5887,.T.);
#5887 = B_SPLINE_CURVE_WITH_KNOTS('',3,(#5888,#5889,#5890,#5891),
  .UNSPECIFIED.,.F.,.F.,(4,4),(0.,1.),.PIECEWISE_BEZIER_KNOTS.);
#5888 = CARTESIAN_POINT('',(11.077397,-7.5752438,0.));
#5889 = CARTESIAN_POINT('',(11.075197,-7.5764638,0.));
#5890 = CARTESIAN_POINT('',(11.073197,-7.5778438,0.));
#5891 = CARTESIAN_POINT('',(11.071197,-7.5793738,0.));
#5892 = SURFACE_OF_LINEAR_EXTRUSION('',#5893,#5898);
#5893 = B_SPLINE_CURVE_WITH_KNOTS('',3,(#5894,#5895,#5896,#5897),
  .UNSPECIFIED.,.F.,.F.,(4,4),(0.,1.),.PIECEWISE_BEZIER_KNOTS.);
#5894 = CARTESIAN_POINT('',(11.077397,-7.5752438,0.));
#5895 = CARTESIAN_POINT('',(11.075197,-7.5764638,0.));
#5896 = CARTESIAN_POINT('',(11.073197,-7.5778438,0.));
#5897 = CARTESIAN_POINT('',(11.071197,-7.5793738,0.));
#5898 = VECTOR('',#5899,1.);
#5899 = DIRECTION('',(-0.,-0.,-1.));
#5900 = ADVANCED_FACE('',(#5901),#5924,.F.);
#5901 = FACE_BOUND('',#5902,.F.);
#5902 = EDGE_LOOP('',(#5903,#5904,#5911,#5919));
#5903 = ORIENTED_EDGE('',*,*,#5878,.T.);
#5904 = ORIENTED_EDGE('',*,*,#5905,.T.);
#5905 = EDGE_CURVE('',#5870,#5906,#5908,.T.);
#5906 = VERTEX_POINT('',#5907);
#5907 = CARTESIAN_POINT('',(10.854673,-7.7235511,0.3));
#5908 = B_SPLINE_CURVE_WITH_KNOTS('',1,(#5909,#5910),.UNSPECIFIED.,.F.,
  .F.,(2,2),(0.,0.260134073914),.PIECEWISE_BEZIER_KNOTS.);
#5909 = CARTESIAN_POINT('',(11.071197,-7.5793738,0.3));
#5910 = CARTESIAN_POINT('',(10.854673,-7.7235511,0.3));
#5911 = ORIENTED_EDGE('',*,*,#5912,.F.);
#5912 = EDGE_CURVE('',#5913,#5906,#5915,.T.);
#5913 = VERTEX_POINT('',#5914);
#5914 = CARTESIAN_POINT('',(10.854673,-7.7235511,0.));
#5915 = LINE('',#5916,#5917);
#5916 = CARTESIAN_POINT('',(10.854673,-7.7235511,0.));
#5917 = VECTOR('',#5918,1.);
#5918 = DIRECTION('',(0.,0.,1.));
#5919 = ORIENTED_EDGE('',*,*,#5920,.F.);
#5920 = EDGE_CURVE('',#5879,#5913,#5921,.T.);
#5921 = B_SPLINE_CURVE_WITH_KNOTS('',1,(#5922,#5923),.UNSPECIFIED.,.F.,
  .F.,(2,2),(0.,0.260134073914),.PIECEWISE_BEZIER_KNOTS.);
#5922 = CARTESIAN_POINT('',(11.071197,-7.5793738,0.));
#5923 = CARTESIAN_POINT('',(10.854673,-7.7235511,0.));
#5924 = SURFACE_OF_LINEAR_EXTRUSION('',#5925,#5928);
#5925 = B_SPLINE_CURVE_WITH_KNOTS('',1,(#5926,#5927),.UNSPECIFIED.,.F.,
  .F.,(2,2),(0.,0.260134073914),.PIECEWISE_BEZIER_KNOTS.);
#5926 = CARTESIAN_POINT('',(11.071197,-7.5793738,0.));
#5927 = CARTESIAN_POINT('',(10.854673,-7.7235511,0.));
#5928 = VECTOR('',#5929,1.);
#5929 = DIRECTION('',(-0.,-0.,-1.));
#5930 = ADVANCED_FACE('',(#5931),#5958,.F.);
#5931 = FACE_BOUND('',#5932,.F.);
#5932 = EDGE_LOOP('',(#5933,#5934,#5943,#5951));
#5933 = ORIENTED_EDGE('',*,*,#5912,.T.);
#5934 = ORIENTED_EDGE('',*,*,#5935,.T.);
#5935 = EDGE_CURVE('',#5906,#5936,#5938,.T.);
#5936 = VERTEX_POINT('',#5937);
#5937 = CARTESIAN_POINT('',(10.840723,-7.7375041,0.3));
#5938 = B_SPLINE_CURVE_WITH_KNOTS('',3,(#5939,#5940,#5941,#5942),
  .UNSPECIFIED.,.F.,.F.,(4,4),(0.,1.),.PIECEWISE_BEZIER_KNOTS.);
#5939 = CARTESIAN_POINT('',(10.854673,-7.7235511,0.3));
#5940 = CARTESIAN_POINT('',(10.849173,-7.7272311,0.3));
#5941 = CARTESIAN_POINT('',(10.844403,-7.7319711,0.3));
#5942 = CARTESIAN_POINT('',(10.840723,-7.7375041,0.3));
#5943 = ORIENTED_EDGE('',*,*,#5944,.F.);
#5944 = EDGE_CURVE('',#5945,#5936,#5947,.T.);
#5945 = VERTEX_POINT('',#5946);
#5946 = CARTESIAN_POINT('',(10.840723,-7.7375041,0.));
#5947 = LINE('',#5948,#5949);
#5948 = CARTESIAN_POINT('',(10.840723,-7.7375041,0.));
#5949 = VECTOR('',#5950,1.);
#5950 = DIRECTION('',(0.,0.,1.));
#5951 = ORIENTED_EDGE('',*,*,#5952,.F.);
#5952 = EDGE_CURVE('',#5913,#5945,#5953,.T.);
#5953 = B_SPLINE_CURVE_WITH_KNOTS('',3,(#5954,#5955,#5956,#5957),
  .UNSPECIFIED.,.F.,.F.,(4,4),(0.,1.),.PIECEWISE_BEZIER_KNOTS.);
#5954 = CARTESIAN_POINT('',(10.854673,-7.7235511,0.));
#5955 = CARTESIAN_POINT('',(10.849173,-7.7272311,0.));
#5956 = CARTESIAN_POINT('',(10.844403,-7.7319711,0.));
#5957 = CARTESIAN_POINT('',(10.840723,-7.7375041,0.));
#5958 = SURFACE_OF_LINEAR_EXTRUSION('',#5959,#5964);
#5959 = B_SPLINE_CURVE_WITH_KNOTS('',3,(#5960,#5961,#5962,#5963),
  .UNSPECIFIED.,.F.,.F.,(4,4),(0.,1.),.PIECEWISE_BEZIER_KNOTS.);
#5960 = CARTESIAN_POINT('',(10.854673,-7.7235511,0.));
#5961 = CARTESIAN_POINT('',(10.849173,-7.7272311,0.));
#5962 = CARTESIAN_POINT('',(10.844403,-7.7319711,0.));
#5963 = CARTESIAN_POINT('',(10.840723,-7.7375041,0.));
#5964 = VECTOR('',#5965,1.);
#5965 = DIRECTION('',(-0.,-0.,-1.));
#5966 = ADVANCED_FACE('',(#5967),#5990,.F.);
#5967 = FACE_BOUND('',#5968,.F.);
#5968 = EDGE_LOOP('',(#5969,#5970,#5977,#5985));
#5969 = ORIENTED_EDGE('',*,*,#5944,.T.);
#5970 = ORIENTED_EDGE('',*,*,#5971,.T.);
#5971 = EDGE_CURVE('',#5936,#5972,#5974,.T.);
#5972 = VERTEX_POINT('',#5973);
#5973 = CARTESIAN_POINT('',(10.696546,-7.9540284,0.3));
#5974 = B_SPLINE_CURVE_WITH_KNOTS('',1,(#5975,#5976),.UNSPECIFIED.,.F.,
  .F.,(2,2),(0.,0.260134157349),.PIECEWISE_BEZIER_KNOTS.);
#5975 = CARTESIAN_POINT('',(10.840723,-7.7375041,0.3));
#5976 = CARTESIAN_POINT('',(10.696546,-7.9540284,0.3));
#5977 = ORIENTED_EDGE('',*,*,#5978,.F.);
#5978 = EDGE_CURVE('',#5979,#5972,#5981,.T.);
#5979 = VERTEX_POINT('',#5980);
#5980 = CARTESIAN_POINT('',(10.696546,-7.9540284,0.));
#5981 = LINE('',#5982,#5983);
#5982 = CARTESIAN_POINT('',(10.696546,-7.9540284,0.));
#5983 = VECTOR('',#5984,1.);
#5984 = DIRECTION('',(0.,0.,1.));
#5985 = ORIENTED_EDGE('',*,*,#5986,.F.);
#5986 = EDGE_CURVE('',#5945,#5979,#5987,.T.);
#5987 = B_SPLINE_CURVE_WITH_KNOTS('',1,(#5988,#5989),.UNSPECIFIED.,.F.,
  .F.,(2,2),(0.,0.260134157349),.PIECEWISE_BEZIER_KNOTS.);
#5988 = CARTESIAN_POINT('',(10.840723,-7.7375041,0.));
#5989 = CARTESIAN_POINT('',(10.696546,-7.9540284,0.));
#5990 = SURFACE_OF_LINEAR_EXTRUSION('',#5991,#5994);
#5991 = B_SPLINE_CURVE_WITH_KNOTS('',1,(#5992,#5993),.UNSPECIFIED.,.F.,
  .F.,(2,2),(0.,0.260134157349),.PIECEWISE_BEZIER_KNOTS.);
#5992 = CARTESIAN_POINT('',(10.840723,-7.7375041,0.));
#5993 = CARTESIAN_POINT('',(10.696546,-7.9540284,0.));
#5994 = VECTOR('',#5995,1.);
#5995 = DIRECTION('',(-0.,-0.,-1.));
#5996 = ADVANCED_FACE('',(#5997),#6024,.F.);
#5997 = FACE_BOUND('',#5998,.F.);
#5998 = EDGE_LOOP('',(#5999,#6000,#6009,#6017));
#5999 = ORIENTED_EDGE('',*,*,#5978,.T.);
#6000 = ORIENTED_EDGE('',*,*,#6001,.T.);
#6001 = EDGE_CURVE('',#5972,#6002,#6004,.T.);
#6002 = VERTEX_POINT('',#6003);
#6003 = CARTESIAN_POINT('',(10.692446,-7.9602284,0.3));
#6004 = B_SPLINE_CURVE_WITH_KNOTS('',3,(#6005,#6006,#6007,#6008),
  .UNSPECIFIED.,.F.,.F.,(4,4),(0.,1.),.PIECEWISE_BEZIER_KNOTS.);
#6005 = CARTESIAN_POINT('',(10.696546,-7.9540284,0.3));
#6006 = CARTESIAN_POINT('',(10.695046,-7.9559884,0.3));
#6007 = CARTESIAN_POINT('',(10.693646,-7.9580584,0.3));
#6008 = CARTESIAN_POINT('',(10.692446,-7.9602284,0.3));
#6009 = ORIENTED_EDGE('',*,*,#6010,.F.);
#6010 = EDGE_CURVE('',#6011,#6002,#6013,.T.);
#6011 = VERTEX_POINT('',#6012);
#6012 = CARTESIAN_POINT('',(10.692446,-7.9602284,0.));
#6013 = LINE('',#6014,#6015);
#6014 = CARTESIAN_POINT('',(10.692446,-7.9602284,0.));
#6015 = VECTOR('',#6016,1.);
#6016 = DIRECTION('',(0.,0.,1.));
#6017 = ORIENTED_EDGE('',*,*,#6018,.F.);
#6018 = EDGE_CURVE('',#5979,#6011,#6019,.T.);
#6019 = B_SPLINE_CURVE_WITH_KNOTS('',3,(#6020,#6021,#6022,#6023),
  .UNSPECIFIED.,.F.,.F.,(4,4),(0.,1.),.PIECEWISE_BEZIER_KNOTS.);
#6020 = CARTESIAN_POINT('',(10.696546,-7.9540284,0.));
#6021 = CARTESIAN_POINT('',(10.695046,-7.9559884,0.));
#6022 = CARTESIAN_POINT('',(10.693646,-7.9580584,0.));
#6023 = CARTESIAN_POINT('',(10.692446,-7.9602284,0.));
#6024 = SURFACE_OF_LINEAR_EXTRUSION('',#6025,#6030);
#6025 = B_SPLINE_CURVE_WITH_KNOTS('',3,(#6026,#6027,#6028,#6029),
  .UNSPECIFIED.,.F.,.F.,(4,4),(0.,1.),.PIECEWISE_BEZIER_KNOTS.);
#6026 = CARTESIAN_POINT('',(10.696546,-7.9540284,0.));
#6027 = CARTESIAN_POINT('',(10.695046,-7.9559884,0.));
#6028 = CARTESIAN_POINT('',(10.693646,-7.9580584,0.));
#6029 = CARTESIAN_POINT('',(10.692446,-7.9602284,0.));
#6030 = VECTOR('',#6031,1.);
#6031 = DIRECTION('',(-0.,-0.,-1.));
#6032 = ADVANCED_FACE('',(#6033),#6056,.F.);
#6033 = FACE_BOUND('',#6034,.F.);
#6034 = EDGE_LOOP('',(#6035,#6036,#6043,#6051));
#6035 = ORIENTED_EDGE('',*,*,#6010,.T.);
#6036 = ORIENTED_EDGE('',*,*,#6037,.T.);
#6037 = EDGE_CURVE('',#6002,#6038,#6040,.T.);
#6038 = VERTEX_POINT('',#6039);
#6039 = CARTESIAN_POINT('',(10.584959,-8.1948394,0.3));
#6040 = B_SPLINE_CURVE_WITH_KNOTS('',1,(#6041,#6042),.UNSPECIFIED.,.F.,
  .F.,(2,2),(0.,0.258061574997),.PIECEWISE_BEZIER_KNOTS.);
#6041 = CARTESIAN_POINT('',(10.692446,-7.9602284,0.3));
#6042 = CARTESIAN_POINT('',(10.584959,-8.1948394,0.3));
#6043 = ORIENTED_EDGE('',*,*,#6044,.F.);
#6044 = EDGE_CURVE('',#6045,#6038,#6047,.T.);
#6045 = VERTEX_POINT('',#6046);
#6046 = CARTESIAN_POINT('',(10.584959,-8.1948394,0.));
#6047 = LINE('',#6048,#6049);
#6048 = CARTESIAN_POINT('',(10.584959,-8.1948394,0.));
#6049 = VECTOR('',#6050,1.);
#6050 = DIRECTION('',(0.,0.,1.));
#6051 = ORIENTED_EDGE('',*,*,#6052,.F.);
#6052 = EDGE_CURVE('',#6011,#6045,#6053,.T.);
#6053 = B_SPLINE_CURVE_WITH_KNOTS('',1,(#6054,#6055),.UNSPECIFIED.,.F.,
  .F.,(2,2),(0.,0.258061574997),.PIECEWISE_BEZIER_KNOTS.);
#6054 = CARTESIAN_POINT('',(10.692446,-7.9602284,0.));
#6055 = CARTESIAN_POINT('',(10.584959,-8.1948394,0.));
#6056 = SURFACE_OF_LINEAR_EXTRUSION('',#6057,#6060);
#6057 = B_SPLINE_CURVE_WITH_KNOTS('',1,(#6058,#6059),.UNSPECIFIED.,.F.,
  .F.,(2,2),(0.,0.258061574997),.PIECEWISE_BEZIER_KNOTS.);
#6058 = CARTESIAN_POINT('',(10.692446,-7.9602284,0.));
#6059 = CARTESIAN_POINT('',(10.584959,-8.1948394,0.));
#6060 = VECTOR('',#6061,1.);
#6061 = DIRECTION('',(-0.,-0.,-1.));
#6062 = ADVANCED_FACE('',(#6063),#6090,.F.);
#6063 = FACE_BOUND('',#6064,.F.);
#6064 = EDGE_LOOP('',(#6065,#6066,#6075,#6083));
#6065 = ORIENTED_EDGE('',*,*,#6044,.T.);
#6066 = ORIENTED_EDGE('',*,*,#6067,.T.);
#6067 = EDGE_CURVE('',#6038,#6068,#6070,.T.);
#6068 = VERTEX_POINT('',#6069);
#6069 = CARTESIAN_POINT('',(10.581359,-8.2103424,0.3));
#6070 = B_SPLINE_CURVE_WITH_KNOTS('',3,(#6071,#6072,#6073,#6074),
  .UNSPECIFIED.,.F.,.F.,(4,4),(0.,1.),.PIECEWISE_BEZIER_KNOTS.);
#6071 = CARTESIAN_POINT('',(10.584959,-8.1948394,0.3));
#6072 = CARTESIAN_POINT('',(10.582959,-8.1997794,0.3));
#6073 = CARTESIAN_POINT('',(10.581759,-8.2050154,0.3));
#6074 = CARTESIAN_POINT('',(10.581359,-8.2103424,0.3));
#6075 = ORIENTED_EDGE('',*,*,#6076,.F.);
#6076 = EDGE_CURVE('',#6077,#6068,#6079,.T.);
#6077 = VERTEX_POINT('',#6078);
#6078 = CARTESIAN_POINT('',(10.581359,-8.2103424,0.));
#6079 = LINE('',#6080,#6081);
#6080 = CARTESIAN_POINT('',(10.581359,-8.2103424,0.));
#6081 = VECTOR('',#6082,1.);
#6082 = DIRECTION('',(0.,0.,1.));
#6083 = ORIENTED_EDGE('',*,*,#6084,.F.);
#6084 = EDGE_CURVE('',#6045,#6077,#6085,.T.);
#6085 = B_SPLINE_CURVE_WITH_KNOTS('',3,(#6086,#6087,#6088,#6089),
  .UNSPECIFIED.,.F.,.F.,(4,4),(0.,1.),.PIECEWISE_BEZIER_KNOTS.);
#6086 = CARTESIAN_POINT('',(10.584959,-8.1948394,0.));
#6087 = CARTESIAN_POINT('',(10.582959,-8.1997794,0.));
#6088 = CARTESIAN_POINT('',(10.581759,-8.2050154,0.));
#6089 = CARTESIAN_POINT('',(10.581359,-8.2103424,0.));
#6090 = SURFACE_OF_LINEAR_EXTRUSION('',#6091,#6096);
#6091 = B_SPLINE_CURVE_WITH_KNOTS('',3,(#6092,#6093,#6094,#6095),
  .UNSPECIFIED.,.F.,.F.,(4,4),(0.,1.),.PIECEWISE_BEZIER_KNOTS.);
#6092 = CARTESIAN_POINT('',(10.584959,-8.1948394,0.));
#6093 = CARTESIAN_POINT('',(10.582959,-8.1997794,0.));
#6094 = CARTESIAN_POINT('',(10.581759,-8.2050154,0.));
#6095 = CARTESIAN_POINT('',(10.581359,-8.2103424,0.));
#6096 = VECTOR('',#6097,1.);
#6097 = DIRECTION('',(-0.,-0.,-1.));
#6098 = ADVANCED_FACE('',(#6099),#6122,.F.);
#6099 = FACE_BOUND('',#6100,.F.);
#6100 = EDGE_LOOP('',(#6101,#6102,#6109,#6117));
#6101 = ORIENTED_EDGE('',*,*,#6076,.T.);
#6102 = ORIENTED_EDGE('',*,*,#6103,.T.);
#6103 = EDGE_CURVE('',#6068,#6104,#6106,.T.);
#6104 = VERTEX_POINT('',#6105);
#6105 = CARTESIAN_POINT('',(10.544149,-8.4795766,0.3));
#6106 = B_SPLINE_CURVE_WITH_KNOTS('',1,(#6107,#6108),.UNSPECIFIED.,.F.,
  .F.,(2,2),(0.,0.271793374735),.PIECEWISE_BEZIER_KNOTS.);
#6107 = CARTESIAN_POINT('',(10.581359,-8.2103424,0.3));
#6108 = CARTESIAN_POINT('',(10.544149,-8.4795766,0.3));
#6109 = ORIENTED_EDGE('',*,*,#6110,.F.);
#6110 = EDGE_CURVE('',#6111,#6104,#6113,.T.);
#6111 = VERTEX_POINT('',#6112);
#6112 = CARTESIAN_POINT('',(10.544149,-8.4795766,0.));
#6113 = LINE('',#6114,#6115);
#6114 = CARTESIAN_POINT('',(10.544149,-8.4795766,0.));
#6115 = VECTOR('',#6116,1.);
#6116 = DIRECTION('',(0.,0.,1.));
#6117 = ORIENTED_EDGE('',*,*,#6118,.F.);
#6118 = EDGE_CURVE('',#6077,#6111,#6119,.T.);
#6119 = B_SPLINE_CURVE_WITH_KNOTS('',1,(#6120,#6121),.UNSPECIFIED.,.F.,
  .F.,(2,2),(0.,0.271793374735),.PIECEWISE_BEZIER_KNOTS.);
#6120 = CARTESIAN_POINT('',(10.581359,-8.2103424,0.));
#6121 = CARTESIAN_POINT('',(10.544149,-8.4795766,0.));
#6122 = SURFACE_OF_LINEAR_EXTRUSION('',#6123,#6126);
#6123 = B_SPLINE_CURVE_WITH_KNOTS('',1,(#6124,#6125),.UNSPECIFIED.,.F.,
  .F.,(2,2),(0.,0.271793374735),.PIECEWISE_BEZIER_KNOTS.);
#6124 = CARTESIAN_POINT('',(10.581359,-8.2103424,0.));
#6125 = CARTESIAN_POINT('',(10.544149,-8.4795766,0.));
#6126 = VECTOR('',#6127,1.);
#6127 = DIRECTION('',(-0.,-0.,-1.));
#6128 = ADVANCED_FACE('',(#6129),#6156,.F.);
#6129 = FACE_BOUND('',#6130,.F.);
#6130 = EDGE_LOOP('',(#6131,#6132,#6141,#6149));
#6131 = ORIENTED_EDGE('',*,*,#6110,.T.);
#6132 = ORIENTED_EDGE('',*,*,#6133,.T.);
#6133 = EDGE_CURVE('',#6104,#6134,#6136,.T.);
#6134 = VERTEX_POINT('',#6135);
#6135 = CARTESIAN_POINT('',(10.544149,-8.4940456,0.3));
#6136 = B_SPLINE_CURVE_WITH_KNOTS('',3,(#6137,#6138,#6139,#6140),
  .UNSPECIFIED.,.F.,.F.,(4,4),(0.,1.),.PIECEWISE_BEZIER_KNOTS.);
#6137 = CARTESIAN_POINT('',(10.544149,-8.4795766,0.3));
#6138 = CARTESIAN_POINT('',(10.543447,-8.4843766,0.3));
#6139 = CARTESIAN_POINT('',(10.543447,-8.4892466,0.3));
#6140 = CARTESIAN_POINT('',(10.544149,-8.4940456,0.3));
#6141 = ORIENTED_EDGE('',*,*,#6142,.F.);
#6142 = EDGE_CURVE('',#6143,#6134,#6145,.T.);
#6143 = VERTEX_POINT('',#6144);
#6144 = CARTESIAN_POINT('',(10.544149,-8.4940456,0.));
#6145 = LINE('',#6146,#6147);
#6146 = CARTESIAN_POINT('',(10.544149,-8.4940456,0.));
#6147 = VECTOR('',#6148,1.);
#6148 = DIRECTION('',(0.,0.,1.));
#6149 = ORIENTED_EDGE('',*,*,#6150,.F.);
#6150 = EDGE_CURVE('',#6111,#6143,#6151,.T.);
#6151 = B_SPLINE_CURVE_WITH_KNOTS('',3,(#6152,#6153,#6154,#6155),
  .UNSPECIFIED.,.F.,.F.,(4,4),(0.,1.),.PIECEWISE_BEZIER_KNOTS.);
#6152 = CARTESIAN_POINT('',(10.544149,-8.4795766,0.));
#6153 = CARTESIAN_POINT('',(10.543447,-8.4843766,0.));
#6154 = CARTESIAN_POINT('',(10.543447,-8.4892466,0.));
#6155 = CARTESIAN_POINT('',(10.544149,-8.4940456,0.));
#6156 = SURFACE_OF_LINEAR_EXTRUSION('',#6157,#6162);
#6157 = B_SPLINE_CURVE_WITH_KNOTS('',3,(#6158,#6159,#6160,#6161),
  .UNSPECIFIED.,.F.,.F.,(4,4),(0.,1.),.PIECEWISE_BEZIER_KNOTS.);
#6158 = CARTESIAN_POINT('',(10.544149,-8.4795766,0.));
#6159 = CARTESIAN_POINT('',(10.543447,-8.4843766,0.));
#6160 = CARTESIAN_POINT('',(10.543447,-8.4892466,0.));
#6161 = CARTESIAN_POINT('',(10.544149,-8.4940456,0.));
#6162 = VECTOR('',#6163,1.);
#6163 = DIRECTION('',(-0.,-0.,-1.));
#6164 = ADVANCED_FACE('',(#6165),#6188,.F.);
#6165 = FACE_BOUND('',#6166,.F.);
#6166 = EDGE_LOOP('',(#6167,#6168,#6175,#6183));
#6167 = ORIENTED_EDGE('',*,*,#6142,.T.);
#6168 = ORIENTED_EDGE('',*,*,#6169,.T.);
#6169 = EDGE_CURVE('',#6134,#6170,#6172,.T.);
#6170 = VERTEX_POINT('',#6171);
#6171 = CARTESIAN_POINT('',(10.544149,-13.955727,0.3));
#6172 = B_SPLINE_CURVE_WITH_KNOTS('',1,(#6173,#6174),.UNSPECIFIED.,.F.,
  .F.,(2,2),(0.,5.4616814),.PIECEWISE_BEZIER_KNOTS.);
#6173 = CARTESIAN_POINT('',(10.544149,-8.4940456,0.3));
#6174 = CARTESIAN_POINT('',(10.544149,-13.955727,0.3));
#6175 = ORIENTED_EDGE('',*,*,#6176,.F.);
#6176 = EDGE_CURVE('',#6177,#6170,#6179,.T.);
#6177 = VERTEX_POINT('',#6178);
#6178 = CARTESIAN_POINT('',(10.544149,-13.955727,0.));
#6179 = LINE('',#6180,#6181);
#6180 = CARTESIAN_POINT('',(10.544149,-13.955727,0.));
#6181 = VECTOR('',#6182,1.);
#6182 = DIRECTION('',(0.,0.,1.));
#6183 = ORIENTED_EDGE('',*,*,#6184,.F.);
#6184 = EDGE_CURVE('',#6143,#6177,#6185,.T.);
#6185 = B_SPLINE_CURVE_WITH_KNOTS('',1,(#6186,#6187),.UNSPECIFIED.,.F.,
  .F.,(2,2),(0.,5.4616814),.PIECEWISE_BEZIER_KNOTS.);
#6186 = CARTESIAN_POINT('',(10.544149,-8.4940456,0.));
#6187 = CARTESIAN_POINT('',(10.544149,-13.955727,0.));
#6188 = SURFACE_OF_LINEAR_EXTRUSION('',#6189,#6192);
#6189 = B_SPLINE_CURVE_WITH_KNOTS('',1,(#6190,#6191),.UNSPECIFIED.,.F.,
  .F.,(2,2),(0.,5.4616814),.PIECEWISE_BEZIER_KNOTS.);
#6190 = CARTESIAN_POINT('',(10.544149,-8.4940456,0.));
#6191 = CARTESIAN_POINT('',(10.544149,-13.955727,0.));
#6192 = VECTOR('',#6193,1.);
#6193 = DIRECTION('',(-0.,-0.,-1.));
#6194 = ADVANCED_FACE('',(#6195),#6218,.F.);
#6195 = FACE_BOUND('',#6196,.F.);
#6196 = EDGE_LOOP('',(#6197,#6198,#6205,#6213));
#6197 = ORIENTED_EDGE('',*,*,#6176,.T.);
#6198 = ORIENTED_EDGE('',*,*,#6199,.T.);
#6199 = EDGE_CURVE('',#6170,#6200,#6202,.T.);
#6200 = VERTEX_POINT('',#6201);
#6201 = CARTESIAN_POINT('',(10.509009,-14.203774,0.3));
#6202 = B_SPLINE_CURVE_WITH_KNOTS('',1,(#6203,#6204),.UNSPECIFIED.,.F.,
  .F.,(2,2),(0.,0.250523719055),.PIECEWISE_BEZIER_KNOTS.);
#6203 = CARTESIAN_POINT('',(10.544149,-13.955727,0.3));
#6204 = CARTESIAN_POINT('',(10.509009,-14.203774,0.3));
#6205 = ORIENTED_EDGE('',*,*,#6206,.F.);
#6206 = EDGE_CURVE('',#6207,#6200,#6209,.T.);
#6207 = VERTEX_POINT('',#6208);
#6208 = CARTESIAN_POINT('',(10.509009,-14.203774,0.));
#6209 = LINE('',#6210,#6211);
#6210 = CARTESIAN_POINT('',(10.509009,-14.203774,0.));
#6211 = VECTOR('',#6212,1.);
#6212 = DIRECTION('',(0.,0.,1.));
#6213 = ORIENTED_EDGE('',*,*,#6214,.F.);
#6214 = EDGE_CURVE('',#6177,#6207,#6215,.T.);
#6215 = B_SPLINE_CURVE_WITH_KNOTS('',1,(#6216,#6217),.UNSPECIFIED.,.F.,
  .F.,(2,2),(0.,0.250523719055),.PIECEWISE_BEZIER_KNOTS.);
#6216 = CARTESIAN_POINT('',(10.544149,-13.955727,0.));
#6217 = CARTESIAN_POINT('',(10.509009,-14.203774,0.));
#6218 = SURFACE_OF_LINEAR_EXTRUSION('',#6219,#6222);
#6219 = B_SPLINE_CURVE_WITH_KNOTS('',1,(#6220,#6221),.UNSPECIFIED.,.F.,
  .F.,(2,2),(0.,0.250523719055),.PIECEWISE_BEZIER_KNOTS.);
#6220 = CARTESIAN_POINT('',(10.544149,-13.955727,0.));
#6221 = CARTESIAN_POINT('',(10.509009,-14.203774,0.));
#6222 = VECTOR('',#6223,1.);
#6223 = DIRECTION('',(-0.,-0.,-1.));
#6224 = ADVANCED_FACE('',(#6225),#6252,.F.);
#6225 = FACE_BOUND('',#6226,.F.);
#6226 = EDGE_LOOP('',(#6227,#6228,#6237,#6245));
#6227 = ORIENTED_EDGE('',*,*,#6206,.T.);
#6228 = ORIENTED_EDGE('',*,*,#6229,.T.);
#6229 = EDGE_CURVE('',#6200,#6230,#6232,.T.);
#6230 = VERTEX_POINT('',#6231);
#6231 = CARTESIAN_POINT('',(9.6005376,-14.905023,0.3));
#6232 = B_SPLINE_CURVE_WITH_KNOTS('',3,(#6233,#6234,#6235,#6236),
  .UNSPECIFIED.,.F.,.F.,(4,4),(0.,1.),.PIECEWISE_BEZIER_KNOTS.);
#6233 = CARTESIAN_POINT('',(10.509009,-14.203774,0.3));
#6234 = CARTESIAN_POINT('',(10.398954,-14.638274,0.3));
#6235 = CARTESIAN_POINT('',(10.042724,-14.890343,0.3));
#6236 = CARTESIAN_POINT('',(9.6005376,-14.905023,0.3));
#6237 = ORIENTED_EDGE('',*,*,#6238,.F.);
#6238 = EDGE_CURVE('',#6239,#6230,#6241,.T.);
#6239 = VERTEX_POINT('',#6240);
#6240 = CARTESIAN_POINT('',(9.6005376,-14.905023,0.));
#6241 = LINE('',#6242,#6243);
#6242 = CARTESIAN_POINT('',(9.6005376,-14.905023,0.));
#6243 = VECTOR('',#6244,1.);
#6244 = DIRECTION('',(0.,0.,1.));
#6245 = ORIENTED_EDGE('',*,*,#6246,.F.);
#6246 = EDGE_CURVE('',#6207,#6239,#6247,.T.);
#6247 = B_SPLINE_CURVE_WITH_KNOTS('',3,(#6248,#6249,#6250,#6251),
  .UNSPECIFIED.,.F.,.F.,(4,4),(0.,1.),.PIECEWISE_BEZIER_KNOTS.);
#6248 = CARTESIAN_POINT('',(10.509009,-14.203774,0.));
#6249 = CARTESIAN_POINT('',(10.398954,-14.638274,0.));
#6250 = CARTESIAN_POINT('',(10.042724,-14.890343,0.));
#6251 = CARTESIAN_POINT('',(9.6005376,-14.905023,0.));
#6252 = SURFACE_OF_LINEAR_EXTRUSION('',#6253,#6258);
#6253 = B_SPLINE_CURVE_WITH_KNOTS('',3,(#6254,#6255,#6256,#6257),
  .UNSPECIFIED.,.F.,.F.,(4,4),(0.,1.),.PIECEWISE_BEZIER_KNOTS.);
#6254 = CARTESIAN_POINT('',(10.509009,-14.203774,0.));
#6255 = CARTESIAN_POINT('',(10.398954,-14.638274,0.));
#6256 = CARTESIAN_POINT('',(10.042724,-14.890343,0.));
#6257 = CARTESIAN_POINT('',(9.6005376,-14.905023,0.));
#6258 = VECTOR('',#6259,1.);
#6259 = DIRECTION('',(-0.,-0.,-1.));
#6260 = ADVANCED_FACE('',(#6261),#6284,.F.);
#6261 = FACE_BOUND('',#6262,.F.);
#6262 = EDGE_LOOP('',(#6263,#6264,#6271,#6279));
#6263 = ORIENTED_EDGE('',*,*,#6238,.T.);
#6264 = ORIENTED_EDGE('',*,*,#6265,.T.);
#6265 = EDGE_CURVE('',#6230,#6266,#6268,.T.);
#6266 = VERTEX_POINT('',#6267);
#6267 = CARTESIAN_POINT('',(0.25889893,-14.905023,0.3));
#6268 = B_SPLINE_CURVE_WITH_KNOTS('',1,(#6269,#6270),.UNSPECIFIED.,.F.,
  .F.,(2,2),(0.,9.34163867),.PIECEWISE_BEZIER_KNOTS.);
#6269 = CARTESIAN_POINT('',(9.6005376,-14.905023,0.3));
#6270 = CARTESIAN_POINT('',(0.25889893,-14.905023,0.3));
#6271 = ORIENTED_EDGE('',*,*,#6272,.F.);
#6272 = EDGE_CURVE('',#6273,#6266,#6275,.T.);
#6273 = VERTEX_POINT('',#6274);
#6274 = CARTESIAN_POINT('',(0.25889893,-14.905023,0.));
#6275 = LINE('',#6276,#6277);
#6276 = CARTESIAN_POINT('',(0.25889893,-14.905023,0.));
#6277 = VECTOR('',#6278,1.);
#6278 = DIRECTION('',(0.,0.,1.));
#6279 = ORIENTED_EDGE('',*,*,#6280,.F.);
#6280 = EDGE_CURVE('',#6239,#6273,#6281,.T.);
#6281 = B_SPLINE_CURVE_WITH_KNOTS('',1,(#6282,#6283),.UNSPECIFIED.,.F.,
  .F.,(2,2),(0.,9.34163867),.PIECEWISE_BEZIER_KNOTS.);
#6282 = CARTESIAN_POINT('',(9.6005376,-14.905023,0.));
#6283 = CARTESIAN_POINT('',(0.25889893,-14.905023,0.));
#6284 = SURFACE_OF_LINEAR_EXTRUSION('',#6285,#6288);
#6285 = B_SPLINE_CURVE_WITH_KNOTS('',1,(#6286,#6287),.UNSPECIFIED.,.F.,
  .F.,(2,2),(0.,9.34163867),.PIECEWISE_BEZIER_KNOTS.);
#6286 = CARTESIAN_POINT('',(9.6005376,-14.905023,0.));
#6287 = CARTESIAN_POINT('',(0.25889893,-14.905023,0.));
#6288 = VECTOR('',#6289,1.);
#6289 = DIRECTION('',(-0.,-0.,-1.));
#6290 = ADVANCED_FACE('',(#6291),#6318,.F.);
#6291 = FACE_BOUND('',#6292,.F.);
#6292 = EDGE_LOOP('',(#6293,#6294,#6303,#6311));
#6293 = ORIENTED_EDGE('',*,*,#6272,.T.);
#6294 = ORIENTED_EDGE('',*,*,#6295,.T.);
#6295 = EDGE_CURVE('',#6266,#6296,#6298,.T.);
#6296 = VERTEX_POINT('',#6297);
#6297 = CARTESIAN_POINT('',(0.23719483,-14.907123,0.3));
#6298 = B_SPLINE_CURVE_WITH_KNOTS('',3,(#6299,#6300,#6301,#6302),
  .UNSPECIFIED.,.F.,.F.,(4,4),(0.,1.),.PIECEWISE_BEZIER_KNOTS.);
#6299 = CARTESIAN_POINT('',(0.25889893,-14.905023,0.3));
#6300 = CARTESIAN_POINT('',(0.25159793,-14.904118,0.3));
#6301 = CARTESIAN_POINT('',(0.24418693,-14.904835,0.3));
#6302 = CARTESIAN_POINT('',(0.23719483,-14.907123,0.3));
#6303 = ORIENTED_EDGE('',*,*,#6304,.F.);
#6304 = EDGE_CURVE('',#6305,#6296,#6307,.T.);
#6305 = VERTEX_POINT('',#6306);
#6306 = CARTESIAN_POINT('',(0.23719483,-14.907123,0.));
#6307 = LINE('',#6308,#6309);
#6308 = CARTESIAN_POINT('',(0.23719483,-14.907123,0.));
#6309 = VECTOR('',#6310,1.);
#6310 = DIRECTION('',(0.,0.,1.));
#6311 = ORIENTED_EDGE('',*,*,#6312,.F.);
#6312 = EDGE_CURVE('',#6273,#6305,#6313,.T.);
#6313 = B_SPLINE_CURVE_WITH_KNOTS('',3,(#6314,#6315,#6316,#6317),
  .UNSPECIFIED.,.F.,.F.,(4,4),(0.,1.),.PIECEWISE_BEZIER_KNOTS.);
#6314 = CARTESIAN_POINT('',(0.25889893,-14.905023,0.));
#6315 = CARTESIAN_POINT('',(0.25159793,-14.904118,0.));
#6316 = CARTESIAN_POINT('',(0.24418693,-14.904835,0.));
#6317 = CARTESIAN_POINT('',(0.23719483,-14.907123,0.));
#6318 = SURFACE_OF_LINEAR_EXTRUSION('',#6319,#6324);
#6319 = B_SPLINE_CURVE_WITH_KNOTS('',3,(#6320,#6321,#6322,#6323),
  .UNSPECIFIED.,.F.,.F.,(4,4),(0.,1.),.PIECEWISE_BEZIER_KNOTS.);
#6320 = CARTESIAN_POINT('',(0.25889893,-14.905023,0.));
#6321 = CARTESIAN_POINT('',(0.25159793,-14.904118,0.));
#6322 = CARTESIAN_POINT('',(0.24418693,-14.904835,0.));
#6323 = CARTESIAN_POINT('',(0.23719483,-14.907123,0.));
#6324 = VECTOR('',#6325,1.);
#6325 = DIRECTION('',(-0.,-0.,-1.));
#6326 = ADVANCED_FACE('',(#6327),#6350,.F.);
#6327 = FACE_BOUND('',#6328,.F.);
#6328 = EDGE_LOOP('',(#6329,#6330,#6337,#6345));
#6329 = ORIENTED_EDGE('',*,*,#6304,.T.);
#6330 = ORIENTED_EDGE('',*,*,#6331,.T.);
#6331 = EDGE_CURVE('',#6296,#6332,#6334,.T.);
#6332 = VERTEX_POINT('',#6333);
#6333 = CARTESIAN_POINT('',(0.12815756,-14.942263,0.3));
#6334 = B_SPLINE_CURVE_WITH_KNOTS('',1,(#6335,#6336),.UNSPECIFIED.,.F.,
  .F.,(2,2),(0.,0.11455979159),.PIECEWISE_BEZIER_KNOTS.);
#6335 = CARTESIAN_POINT('',(0.23719483,-14.907123,0.3));
#6336 = CARTESIAN_POINT('',(0.12815756,-14.942263,0.3));
#6337 = ORIENTED_EDGE('',*,*,#6338,.F.);
#6338 = EDGE_CURVE('',#6339,#6332,#6341,.T.);
#6339 = VERTEX_POINT('',#6340);
#6340 = CARTESIAN_POINT('',(0.12815756,-14.942263,0.));
#6341 = LINE('',#6342,#6343);
#6342 = CARTESIAN_POINT('',(0.12815756,-14.942263,0.));
#6343 = VECTOR('',#6344,1.);
#6344 = DIRECTION('',(0.,0.,1.));
#6345 = ORIENTED_EDGE('',*,*,#6346,.F.);
#6346 = EDGE_CURVE('',#6305,#6339,#6347,.T.);
#6347 = B_SPLINE_CURVE_WITH_KNOTS('',1,(#6348,#6349),.UNSPECIFIED.,.F.,
  .F.,(2,2),(0.,0.11455979159),.PIECEWISE_BEZIER_KNOTS.);
#6348 = CARTESIAN_POINT('',(0.23719483,-14.907123,0.));
#6349 = CARTESIAN_POINT('',(0.12815756,-14.942263,0.));
#6350 = SURFACE_OF_LINEAR_EXTRUSION('',#6351,#6354);
#6351 = B_SPLINE_CURVE_WITH_KNOTS('',1,(#6352,#6353),.UNSPECIFIED.,.F.,
  .F.,(2,2),(0.,0.11455979159),.PIECEWISE_BEZIER_KNOTS.);
#6352 = CARTESIAN_POINT('',(0.23719483,-14.907123,0.));
#6353 = CARTESIAN_POINT('',(0.12815756,-14.942263,0.));
#6354 = VECTOR('',#6355,1.);
#6355 = DIRECTION('',(-0.,-0.,-1.));
#6356 = ADVANCED_FACE('',(#6357),#6384,.F.);
#6357 = FACE_BOUND('',#6358,.F.);
#6358 = EDGE_LOOP('',(#6359,#6360,#6369,#6377));
#6359 = ORIENTED_EDGE('',*,*,#6338,.T.);
#6360 = ORIENTED_EDGE('',*,*,#6361,.T.);
#6361 = EDGE_CURVE('',#6332,#6362,#6364,.T.);
#6362 = VERTEX_POINT('',#6363);
#6363 = CARTESIAN_POINT('',(0.10852056,-14.956213,0.3));
#6364 = B_SPLINE_CURVE_WITH_KNOTS('',3,(#6365,#6366,#6367,#6368),
  .UNSPECIFIED.,.F.,.F.,(4,4),(0.,1.),.PIECEWISE_BEZIER_KNOTS.);
#6365 = CARTESIAN_POINT('',(0.12815756,-14.942263,0.3));
#6366 = CARTESIAN_POINT('',(0.12057256,-14.945263,0.3));
#6367 = CARTESIAN_POINT('',(0.11383176,-14.950063,0.3));
#6368 = CARTESIAN_POINT('',(0.10852056,-14.956213,0.3));
#6369 = ORIENTED_EDGE('',*,*,#6370,.F.);
#6370 = EDGE_CURVE('',#6371,#6362,#6373,.T.);
#6371 = VERTEX_POINT('',#6372);
#6372 = CARTESIAN_POINT('',(0.10852056,-14.956213,0.));
#6373 = LINE('',#6374,#6375);
#6374 = CARTESIAN_POINT('',(0.10852056,-14.956213,0.));
#6375 = VECTOR('',#6376,1.);
#6376 = DIRECTION('',(0.,0.,1.));
#6377 = ORIENTED_EDGE('',*,*,#6378,.F.);
#6378 = EDGE_CURVE('',#6339,#6371,#6379,.T.);
#6379 = B_SPLINE_CURVE_WITH_KNOTS('',3,(#6380,#6381,#6382,#6383),
  .UNSPECIFIED.,.F.,.F.,(4,4),(0.,1.),.PIECEWISE_BEZIER_KNOTS.);
#6380 = CARTESIAN_POINT('',(0.12815756,-14.942263,0.));
#6381 = CARTESIAN_POINT('',(0.12057256,-14.945263,0.));
#6382 = CARTESIAN_POINT('',(0.11383176,-14.950063,0.));
#6383 = CARTESIAN_POINT('',(0.10852056,-14.956213,0.));
#6384 = SURFACE_OF_LINEAR_EXTRUSION('',#6385,#6390);
#6385 = B_SPLINE_CURVE_WITH_KNOTS('',3,(#6386,#6387,#6388,#6389),
  .UNSPECIFIED.,.F.,.F.,(4,4),(0.,1.),.PIECEWISE_BEZIER_KNOTS.);
#6386 = CARTESIAN_POINT('',(0.12815756,-14.942263,0.));
#6387 = CARTESIAN_POINT('',(0.12057256,-14.945263,0.));
#6388 = CARTESIAN_POINT('',(0.11383176,-14.950063,0.));
#6389 = CARTESIAN_POINT('',(0.10852056,-14.956213,0.));
#6390 = VECTOR('',#6391,1.);
#6391 = DIRECTION('',(-0.,-0.,-1.));
#6392 = ADVANCED_FACE('',(#6393),#6416,.F.);
#6393 = FACE_BOUND('',#6394,.F.);
#6394 = EDGE_LOOP('',(#6395,#6396,#6403,#6411));
#6395 = ORIENTED_EDGE('',*,*,#6370,.T.);
#6396 = ORIENTED_EDGE('',*,*,#6397,.T.);
#6397 = EDGE_CURVE('',#6362,#6398,#6400,.T.);
#6398 = VERTEX_POINT('',#6399);
#6399 = CARTESIAN_POINT('',(3.617355E-02,-15.026493,0.3));
#6400 = B_SPLINE_CURVE_WITH_KNOTS('',1,(#6401,#6402),.UNSPECIFIED.,.F.,
  .F.,(2,2),(0.,0.10086311643),.PIECEWISE_BEZIER_KNOTS.);
#6401 = CARTESIAN_POINT('',(0.10852056,-14.956213,0.3));
#6402 = CARTESIAN_POINT('',(3.617355E-02,-15.026493,0.3));
#6403 = ORIENTED_EDGE('',*,*,#6404,.F.);
#6404 = EDGE_CURVE('',#6405,#6398,#6407,.T.);
#6405 = VERTEX_POINT('',#6406);
#6406 = CARTESIAN_POINT('',(3.617355E-02,-15.026493,0.));
#6407 = LINE('',#6408,#6409);
#6408 = CARTESIAN_POINT('',(3.617355E-02,-15.026493,0.));
#6409 = VECTOR('',#6410,1.);
#6410 = DIRECTION('',(0.,0.,1.));
#6411 = ORIENTED_EDGE('',*,*,#6412,.F.);
#6412 = EDGE_CURVE('',#6371,#6405,#6413,.T.);
#6413 = B_SPLINE_CURVE_WITH_KNOTS('',1,(#6414,#6415),.UNSPECIFIED.,.F.,
  .F.,(2,2),(0.,0.10086311643),.PIECEWISE_BEZIER_KNOTS.);
#6414 = CARTESIAN_POINT('',(0.10852056,-14.956213,0.));
#6415 = CARTESIAN_POINT('',(3.617355E-02,-15.026493,0.));
#6416 = SURFACE_OF_LINEAR_EXTRUSION('',#6417,#6420);
#6417 = B_SPLINE_CURVE_WITH_KNOTS('',1,(#6418,#6419),.UNSPECIFIED.,.F.,
  .F.,(2,2),(0.,0.10086311643),.PIECEWISE_BEZIER_KNOTS.);
#6418 = CARTESIAN_POINT('',(0.10852056,-14.956213,0.));
#6419 = CARTESIAN_POINT('',(3.617355E-02,-15.026493,0.));
#6420 = VECTOR('',#6421,1.);
#6421 = DIRECTION('',(-0.,-0.,-1.));
#6422 = ADVANCED_FACE('',(#6423),#6450,.F.);
#6423 = FACE_BOUND('',#6424,.F.);
#6424 = EDGE_LOOP('',(#6425,#6426,#6435,#6443));
#6425 = ORIENTED_EDGE('',*,*,#6404,.T.);
#6426 = ORIENTED_EDGE('',*,*,#6427,.T.);
#6427 = EDGE_CURVE('',#6398,#6428,#6430,.T.);
#6428 = VERTEX_POINT('',#6429);
#6429 = CARTESIAN_POINT('',(2.273768E-02,-15.053883,0.3));
#6430 = B_SPLINE_CURVE_WITH_KNOTS('',3,(#6431,#6432,#6433,#6434),
  .UNSPECIFIED.,.F.,.F.,(4,4),(0.,1.),.PIECEWISE_BEZIER_KNOTS.);
#6431 = CARTESIAN_POINT('',(3.617355E-02,-15.026493,0.3));
#6432 = CARTESIAN_POINT('',(2.895115E-02,-15.033993,0.3));
#6433 = CARTESIAN_POINT('',(2.425387E-02,-15.043573,0.3));
#6434 = CARTESIAN_POINT('',(2.273768E-02,-15.053883,0.3));
#6435 = ORIENTED_EDGE('',*,*,#6436,.F.);
#6436 = EDGE_CURVE('',#6437,#6428,#6439,.T.);
#6437 = VERTEX_POINT('',#6438);
#6438 = CARTESIAN_POINT('',(2.273768E-02,-15.053883,0.));
#6439 = LINE('',#6440,#6441);
#6440 = CARTESIAN_POINT('',(2.273768E-02,-15.053883,0.));
#6441 = VECTOR('',#6442,1.);
#6442 = DIRECTION('',(0.,0.,1.));
#6443 = ORIENTED_EDGE('',*,*,#6444,.F.);
#6444 = EDGE_CURVE('',#6405,#6437,#6445,.T.);
#6445 = B_SPLINE_CURVE_WITH_KNOTS('',3,(#6446,#6447,#6448,#6449),
  .UNSPECIFIED.,.F.,.F.,(4,4),(0.,1.),.PIECEWISE_BEZIER_KNOTS.);
#6446 = CARTESIAN_POINT('',(3.617355E-02,-15.026493,0.));
#6447 = CARTESIAN_POINT('',(2.895115E-02,-15.033993,0.));
#6448 = CARTESIAN_POINT('',(2.425387E-02,-15.043573,0.));
#6449 = CARTESIAN_POINT('',(2.273768E-02,-15.053883,0.));
#6450 = SURFACE_OF_LINEAR_EXTRUSION('',#6451,#6456);
#6451 = B_SPLINE_CURVE_WITH_KNOTS('',3,(#6452,#6453,#6454,#6455),
  .UNSPECIFIED.,.F.,.F.,(4,4),(0.,1.),.PIECEWISE_BEZIER_KNOTS.);
#6452 = CARTESIAN_POINT('',(3.617355E-02,-15.026493,0.));
#6453 = CARTESIAN_POINT('',(2.895115E-02,-15.033993,0.));
#6454 = CARTESIAN_POINT('',(2.425387E-02,-15.043573,0.));
#6455 = CARTESIAN_POINT('',(2.273768E-02,-15.053883,0.));
#6456 = VECTOR('',#6457,1.);
#6457 = DIRECTION('',(-0.,-0.,-1.));
#6458 = ADVANCED_FACE('',(#6459),#6482,.F.);
#6459 = FACE_BOUND('',#6460,.F.);
#6460 = EDGE_LOOP('',(#6461,#6462,#6469,#6477));
#6461 = ORIENTED_EDGE('',*,*,#6436,.T.);
#6462 = ORIENTED_EDGE('',*,*,#6463,.T.);
#6463 = EDGE_CURVE('',#6428,#6464,#6466,.T.);
#6464 = VERTEX_POINT('',#6465);
#6465 = CARTESIAN_POINT('',(5.16769E-03,-15.143283,0.3));
#6466 = B_SPLINE_CURVE_WITH_KNOTS('',1,(#6467,#6468),.UNSPECIFIED.,.F.,
  .F.,(2,2),(0.,9.111017807358E-02),.PIECEWISE_BEZIER_KNOTS.);
#6467 = CARTESIAN_POINT('',(2.273768E-02,-15.053883,0.3));
#6468 = CARTESIAN_POINT('',(5.16769E-03,-15.143283,0.3));
#6469 = ORIENTED_EDGE('',*,*,#6470,.F.);
#6470 = EDGE_CURVE('',#6471,#6464,#6473,.T.);
#6471 = VERTEX_POINT('',#6472);
#6472 = CARTESIAN_POINT('',(5.16769E-03,-15.143283,0.));
#6473 = LINE('',#6474,#6475);
#6474 = CARTESIAN_POINT('',(5.16769E-03,-15.143283,0.));
#6475 = VECTOR('',#6476,1.);
#6476 = DIRECTION('',(0.,0.,1.));
#6477 = ORIENTED_EDGE('',*,*,#6478,.F.);
#6478 = EDGE_CURVE('',#6437,#6471,#6479,.T.);
#6479 = B_SPLINE_CURVE_WITH_KNOTS('',1,(#6480,#6481),.UNSPECIFIED.,.F.,
  .F.,(2,2),(0.,9.111017807358E-02),.PIECEWISE_BEZIER_KNOTS.);
#6480 = CARTESIAN_POINT('',(2.273768E-02,-15.053883,0.));
#6481 = CARTESIAN_POINT('',(5.16769E-03,-15.143283,0.));
#6482 = SURFACE_OF_LINEAR_EXTRUSION('',#6483,#6486);
#6483 = B_SPLINE_CURVE_WITH_KNOTS('',1,(#6484,#6485),.UNSPECIFIED.,.F.,
  .F.,(2,2),(0.,9.111017807358E-02),.PIECEWISE_BEZIER_KNOTS.);
#6484 = CARTESIAN_POINT('',(2.273768E-02,-15.053883,0.));
#6485 = CARTESIAN_POINT('',(5.16769E-03,-15.143283,0.));
#6486 = VECTOR('',#6487,1.);
#6487 = DIRECTION('',(-0.,-0.,-1.));
#6488 = ADVANCED_FACE('',(#6489),#6516,.F.);
#6489 = FACE_BOUND('',#6490,.F.);
#6490 = EDGE_LOOP('',(#6491,#6492,#6501,#6509));
#6491 = ORIENTED_EDGE('',*,*,#6470,.T.);
#6492 = ORIENTED_EDGE('',*,*,#6493,.T.);
#6493 = EDGE_CURVE('',#6464,#6494,#6496,.T.);
#6494 = VERTEX_POINT('',#6495);
#6495 = CARTESIAN_POINT('',(5.16769E-03,-15.162923,0.3));
#6496 = B_SPLINE_CURVE_WITH_KNOTS('',3,(#6497,#6498,#6499,#6500),
  .UNSPECIFIED.,.F.,.F.,(4,4),(0.,1.),.PIECEWISE_BEZIER_KNOTS.);
#6497 = CARTESIAN_POINT('',(5.16769E-03,-15.143283,0.3));
#6498 = CARTESIAN_POINT('',(3.86928E-03,-15.149783,0.3));
#6499 = CARTESIAN_POINT('',(3.86928E-03,-15.156443,0.3));
#6500 = CARTESIAN_POINT('',(5.16769E-03,-15.162923,0.3));
#6501 = ORIENTED_EDGE('',*,*,#6502,.F.);
#6502 = EDGE_CURVE('',#6503,#6494,#6505,.T.);
#6503 = VERTEX_POINT('',#6504);
#6504 = CARTESIAN_POINT('',(5.16769E-03,-15.162923,0.));
#6505 = LINE('',#6506,#6507);
#6506 = CARTESIAN_POINT('',(5.16769E-03,-15.162923,0.));
#6507 = VECTOR('',#6508,1.);
#6508 = DIRECTION('',(0.,0.,1.));
#6509 = ORIENTED_EDGE('',*,*,#6510,.F.);
#6510 = EDGE_CURVE('',#6471,#6503,#6511,.T.);
#6511 = B_SPLINE_CURVE_WITH_KNOTS('',3,(#6512,#6513,#6514,#6515),
  .UNSPECIFIED.,.F.,.F.,(4,4),(0.,1.),.PIECEWISE_BEZIER_KNOTS.);
#6512 = CARTESIAN_POINT('',(5.16769E-03,-15.143283,0.));
#6513 = CARTESIAN_POINT('',(3.86928E-03,-15.149783,0.));
#6514 = CARTESIAN_POINT('',(3.86928E-03,-15.156443,0.));
#6515 = CARTESIAN_POINT('',(5.16769E-03,-15.162923,0.));
#6516 = SURFACE_OF_LINEAR_EXTRUSION('',#6517,#6522);
#6517 = B_SPLINE_CURVE_WITH_KNOTS('',3,(#6518,#6519,#6520,#6521),
  .UNSPECIFIED.,.F.,.F.,(4,4),(0.,1.),.PIECEWISE_BEZIER_KNOTS.);
#6518 = CARTESIAN_POINT('',(5.16769E-03,-15.143283,0.));
#6519 = CARTESIAN_POINT('',(3.86928E-03,-15.149783,0.));
#6520 = CARTESIAN_POINT('',(3.86928E-03,-15.156443,0.));
#6521 = CARTESIAN_POINT('',(5.16769E-03,-15.162923,0.));
#6522 = VECTOR('',#6523,1.);
#6523 = DIRECTION('',(-0.,-0.,-1.));
#6524 = ADVANCED_FACE('',(#6525),#6548,.F.);
#6525 = FACE_BOUND('',#6526,.F.);
#6526 = EDGE_LOOP('',(#6527,#6528,#6535,#6543));
#6527 = ORIENTED_EDGE('',*,*,#6502,.T.);
#6528 = ORIENTED_EDGE('',*,*,#6529,.T.);
#6529 = EDGE_CURVE('',#6494,#6530,#6532,.T.);
#6530 = VERTEX_POINT('',#6531);
#6531 = CARTESIAN_POINT('',(5.16769E-03,-21.25144,0.3));
#6532 = B_SPLINE_CURVE_WITH_KNOTS('',1,(#6533,#6534),.UNSPECIFIED.,.F.,
  .F.,(2,2),(0.,6.088517),.PIECEWISE_BEZIER_KNOTS.);
#6533 = CARTESIAN_POINT('',(5.16769E-03,-15.162923,0.3));
#6534 = CARTESIAN_POINT('',(5.16769E-03,-21.25144,0.3));
#6535 = ORIENTED_EDGE('',*,*,#6536,.F.);
#6536 = EDGE_CURVE('',#6537,#6530,#6539,.T.);
#6537 = VERTEX_POINT('',#6538);
#6538 = CARTESIAN_POINT('',(5.16769E-03,-21.25144,0.));
#6539 = LINE('',#6540,#6541);
#6540 = CARTESIAN_POINT('',(5.16769E-03,-21.25144,0.));
#6541 = VECTOR('',#6542,1.);
#6542 = DIRECTION('',(0.,0.,1.));
#6543 = ORIENTED_EDGE('',*,*,#6544,.F.);
#6544 = EDGE_CURVE('',#6503,#6537,#6545,.T.);
#6545 = B_SPLINE_CURVE_WITH_KNOTS('',1,(#6546,#6547),.UNSPECIFIED.,.F.,
  .F.,(2,2),(0.,6.088517),.PIECEWISE_BEZIER_KNOTS.);
#6546 = CARTESIAN_POINT('',(5.16769E-03,-15.162923,0.));
#6547 = CARTESIAN_POINT('',(5.16769E-03,-21.25144,0.));
#6548 = SURFACE_OF_LINEAR_EXTRUSION('',#6549,#6552);
#6549 = B_SPLINE_CURVE_WITH_KNOTS('',1,(#6550,#6551),.UNSPECIFIED.,.F.,
  .F.,(2,2),(0.,6.088517),.PIECEWISE_BEZIER_KNOTS.);
#6550 = CARTESIAN_POINT('',(5.16769E-03,-15.162923,0.));
#6551 = CARTESIAN_POINT('',(5.16769E-03,-21.25144,0.));
#6552 = VECTOR('',#6553,1.);
#6553 = DIRECTION('',(-0.,-0.,-1.));
#6554 = ADVANCED_FACE('',(#6555),#6582,.F.);
#6555 = FACE_BOUND('',#6556,.F.);
#6556 = EDGE_LOOP('',(#6557,#6558,#6567,#6575));
#6557 = ORIENTED_EDGE('',*,*,#6536,.T.);
#6558 = ORIENTED_EDGE('',*,*,#6559,.T.);
#6559 = EDGE_CURVE('',#6530,#6560,#6562,.T.);
#6560 = VERTEX_POINT('',#6561);
#6561 = CARTESIAN_POINT('',(5.16769E-03,-21.27056,0.3));
#6562 = B_SPLINE_CURVE_WITH_KNOTS('',3,(#6563,#6564,#6565,#6566),
  .UNSPECIFIED.,.F.,.F.,(4,4),(0.,1.),.PIECEWISE_BEZIER_KNOTS.);
#6563 = CARTESIAN_POINT('',(5.16769E-03,-21.25144,0.3));
#6564 = CARTESIAN_POINT('',(3.93776E-03,-21.25774,0.3));
#6565 = CARTESIAN_POINT('',(3.93776E-03,-21.26425,0.3));
#6566 = CARTESIAN_POINT('',(5.16769E-03,-21.27056,0.3));
#6567 = ORIENTED_EDGE('',*,*,#6568,.F.);
#6568 = EDGE_CURVE('',#6569,#6560,#6571,.T.);
#6569 = VERTEX_POINT('',#6570);
#6570 = CARTESIAN_POINT('',(5.16769E-03,-21.27056,0.));
#6571 = LINE('',#6572,#6573);
#6572 = CARTESIAN_POINT('',(5.16769E-03,-21.27056,0.));
#6573 = VECTOR('',#6574,1.);
#6574 = DIRECTION('',(0.,0.,1.));
#6575 = ORIENTED_EDGE('',*,*,#6576,.F.);
#6576 = EDGE_CURVE('',#6537,#6569,#6577,.T.);
#6577 = B_SPLINE_CURVE_WITH_KNOTS('',3,(#6578,#6579,#6580,#6581),
  .UNSPECIFIED.,.F.,.F.,(4,4),(0.,1.),.PIECEWISE_BEZIER_KNOTS.);
#6578 = CARTESIAN_POINT('',(5.16769E-03,-21.25144,0.));
#6579 = CARTESIAN_POINT('',(3.93776E-03,-21.25774,0.));
#6580 = CARTESIAN_POINT('',(3.93776E-03,-21.26425,0.));
#6581 = CARTESIAN_POINT('',(5.16769E-03,-21.27056,0.));
#6582 = SURFACE_OF_LINEAR_EXTRUSION('',#6583,#6588);
#6583 = B_SPLINE_CURVE_WITH_KNOTS('',3,(#6584,#6585,#6586,#6587),
  .UNSPECIFIED.,.F.,.F.,(4,4),(0.,1.),.PIECEWISE_BEZIER_KNOTS.);
#6584 = CARTESIAN_POINT('',(5.16769E-03,-21.25144,0.));
#6585 = CARTESIAN_POINT('',(3.93776E-03,-21.25774,0.));
#6586 = CARTESIAN_POINT('',(3.93776E-03,-21.26425,0.));
#6587 = CARTESIAN_POINT('',(5.16769E-03,-21.27056,0.));
#6588 = VECTOR('',#6589,1.);
#6589 = DIRECTION('',(-0.,-0.,-1.));
#6590 = ADVANCED_FACE('',(#6591),#6614,.F.);
#6591 = FACE_BOUND('',#6592,.F.);
#6592 = EDGE_LOOP('',(#6593,#6594,#6601,#6609));
#6593 = ORIENTED_EDGE('',*,*,#6568,.T.);
#6594 = ORIENTED_EDGE('',*,*,#6595,.T.);
#6595 = EDGE_CURVE('',#6560,#6596,#6598,.T.);
#6596 = VERTEX_POINT('',#6597);
#6597 = CARTESIAN_POINT('',(2.273768E-02,-21.36048,0.3));
#6598 = B_SPLINE_CURVE_WITH_KNOTS('',1,(#6599,#6600),.UNSPECIFIED.,.F.,
  .F.,(2,2),(0.,9.162047232251E-02),.PIECEWISE_BEZIER_KNOTS.);
#6599 = CARTESIAN_POINT('',(5.16769E-03,-21.27056,0.3));
#6600 = CARTESIAN_POINT('',(2.273768E-02,-21.36048,0.3));
#6601 = ORIENTED_EDGE('',*,*,#6602,.F.);
#6602 = EDGE_CURVE('',#6603,#6596,#6605,.T.);
#6603 = VERTEX_POINT('',#6604);
#6604 = CARTESIAN_POINT('',(2.273768E-02,-21.36048,0.));
#6605 = LINE('',#6606,#6607);
#6606 = CARTESIAN_POINT('',(2.273768E-02,-21.36048,0.));
#6607 = VECTOR('',#6608,1.);
#6608 = DIRECTION('',(0.,0.,1.));
#6609 = ORIENTED_EDGE('',*,*,#6610,.F.);
#6610 = EDGE_CURVE('',#6569,#6603,#6611,.T.);
#6611 = B_SPLINE_CURVE_WITH_KNOTS('',1,(#6612,#6613),.UNSPECIFIED.,.F.,
  .F.,(2,2),(0.,9.162047232251E-02),.PIECEWISE_BEZIER_KNOTS.);
#6612 = CARTESIAN_POINT('',(5.16769E-03,-21.27056,0.));
#6613 = CARTESIAN_POINT('',(2.273768E-02,-21.36048,0.));
#6614 = SURFACE_OF_LINEAR_EXTRUSION('',#6615,#6618);
#6615 = B_SPLINE_CURVE_WITH_KNOTS('',1,(#6616,#6617),.UNSPECIFIED.,.F.,
  .F.,(2,2),(0.,9.162047232251E-02),.PIECEWISE_BEZIER_KNOTS.);
#6616 = CARTESIAN_POINT('',(5.16769E-03,-21.27056,0.));
#6617 = CARTESIAN_POINT('',(2.273768E-02,-21.36048,0.));
#6618 = VECTOR('',#6619,1.);
#6619 = DIRECTION('',(-0.,-0.,-1.));
#6620 = ADVANCED_FACE('',(#6621),#6648,.F.);
#6621 = FACE_BOUND('',#6622,.F.);
#6622 = EDGE_LOOP('',(#6623,#6624,#6633,#6641));
#6623 = ORIENTED_EDGE('',*,*,#6602,.T.);
#6624 = ORIENTED_EDGE('',*,*,#6625,.T.);
#6625 = EDGE_CURVE('',#6596,#6626,#6628,.T.);
#6626 = VERTEX_POINT('',#6627);
#6627 = CARTESIAN_POINT('',(3.617355E-02,-21.3858,0.3));
#6628 = B_SPLINE_CURVE_WITH_KNOTS('',3,(#6629,#6630,#6631,#6632),
  .UNSPECIFIED.,.F.,.F.,(4,4),(0.,1.),.PIECEWISE_BEZIER_KNOTS.);
#6629 = CARTESIAN_POINT('',(2.273768E-02,-21.36048,0.3));
#6630 = CARTESIAN_POINT('',(2.464948E-02,-21.37008,0.3));
#6631 = CARTESIAN_POINT('',(2.932008E-02,-21.37885,0.3));
#6632 = CARTESIAN_POINT('',(3.617355E-02,-21.3858,0.3));
#6633 = ORIENTED_EDGE('',*,*,#6634,.F.);
#6634 = EDGE_CURVE('',#6635,#6626,#6637,.T.);
#6635 = VERTEX_POINT('',#6636);
#6636 = CARTESIAN_POINT('',(3.617355E-02,-21.3858,0.));
#6637 = LINE('',#6638,#6639);
#6638 = CARTESIAN_POINT('',(3.617355E-02,-21.3858,0.));
#6639 = VECTOR('',#6640,1.);
#6640 = DIRECTION('',(0.,0.,1.));
#6641 = ORIENTED_EDGE('',*,*,#6642,.F.);
#6642 = EDGE_CURVE('',#6603,#6635,#6643,.T.);
#6643 = B_SPLINE_CURVE_WITH_KNOTS('',3,(#6644,#6645,#6646,#6647),
  .UNSPECIFIED.,.F.,.F.,(4,4),(0.,1.),.PIECEWISE_BEZIER_KNOTS.);
#6644 = CARTESIAN_POINT('',(2.273768E-02,-21.36048,0.));
#6645 = CARTESIAN_POINT('',(2.464948E-02,-21.37008,0.));
#6646 = CARTESIAN_POINT('',(2.932008E-02,-21.37885,0.));
#6647 = CARTESIAN_POINT('',(3.617355E-02,-21.3858,0.));
#6648 = SURFACE_OF_LINEAR_EXTRUSION('',#6649,#6654);
#6649 = B_SPLINE_CURVE_WITH_KNOTS('',3,(#6650,#6651,#6652,#6653),
  .UNSPECIFIED.,.F.,.F.,(4,4),(0.,1.),.PIECEWISE_BEZIER_KNOTS.);
#6650 = CARTESIAN_POINT('',(2.273768E-02,-21.36048,0.));
#6651 = CARTESIAN_POINT('',(2.464948E-02,-21.37008,0.));
#6652 = CARTESIAN_POINT('',(2.932008E-02,-21.37885,0.));
#6653 = CARTESIAN_POINT('',(3.617355E-02,-21.3858,0.));
#6654 = VECTOR('',#6655,1.);
#6655 = DIRECTION('',(-0.,-0.,-1.));
#6656 = ADVANCED_FACE('',(#6657),#6680,.F.);
#6657 = FACE_BOUND('',#6658,.F.);
#6658 = EDGE_LOOP('',(#6659,#6660,#6667,#6675));
#6659 = ORIENTED_EDGE('',*,*,#6634,.T.);
#6660 = ORIENTED_EDGE('',*,*,#6661,.T.);
#6661 = EDGE_CURVE('',#6626,#6662,#6664,.T.);
#6662 = VERTEX_POINT('',#6663);
#6663 = CARTESIAN_POINT('',(0.10852056,-21.45815,0.3));
#6664 = B_SPLINE_CURVE_WITH_KNOTS('',1,(#6665,#6666),.UNSPECIFIED.,.F.,
  .F.,(2,2),(0.,0.10231623701),.PIECEWISE_BEZIER_KNOTS.);
#6665 = CARTESIAN_POINT('',(3.617355E-02,-21.3858,0.3));
#6666 = CARTESIAN_POINT('',(0.10852056,-21.45815,0.3));
#6667 = ORIENTED_EDGE('',*,*,#6668,.F.);
#6668 = EDGE_CURVE('',#6669,#6662,#6671,.T.);
#6669 = VERTEX_POINT('',#6670);
#6670 = CARTESIAN_POINT('',(0.10852056,-21.45815,0.));
#6671 = LINE('',#6672,#6673);
#6672 = CARTESIAN_POINT('',(0.10852056,-21.45815,0.));
#6673 = VECTOR('',#6674,1.);
#6674 = DIRECTION('',(0.,0.,1.));
#6675 = ORIENTED_EDGE('',*,*,#6676,.F.);
#6676 = EDGE_CURVE('',#6635,#6669,#6677,.T.);
#6677 = B_SPLINE_CURVE_WITH_KNOTS('',1,(#6678,#6679),.UNSPECIFIED.,.F.,
  .F.,(2,2),(0.,0.10231623701),.PIECEWISE_BEZIER_KNOTS.);
#6678 = CARTESIAN_POINT('',(3.617355E-02,-21.3858,0.));
#6679 = CARTESIAN_POINT('',(0.10852056,-21.45815,0.));
#6680 = SURFACE_OF_LINEAR_EXTRUSION('',#6681,#6684);
#6681 = B_SPLINE_CURVE_WITH_KNOTS('',1,(#6682,#6683),.UNSPECIFIED.,.F.,
  .F.,(2,2),(0.,0.10231623701),.PIECEWISE_BEZIER_KNOTS.);
#6682 = CARTESIAN_POINT('',(3.617355E-02,-21.3858,0.));
#6683 = CARTESIAN_POINT('',(0.10852056,-21.45815,0.));
#6684 = VECTOR('',#6685,1.);
#6685 = DIRECTION('',(-0.,-0.,-1.));
#6686 = ADVANCED_FACE('',(#6687),#6714,.F.);
#6687 = FACE_BOUND('',#6688,.F.);
#6688 = EDGE_LOOP('',(#6689,#6690,#6699,#6707));
#6689 = ORIENTED_EDGE('',*,*,#6668,.T.);
#6690 = ORIENTED_EDGE('',*,*,#6691,.T.);
#6691 = EDGE_CURVE('',#6662,#6692,#6694,.T.);
#6692 = VERTEX_POINT('',#6693);
#6693 = CARTESIAN_POINT('',(0.12815756,-21.46952,0.3));
#6694 = B_SPLINE_CURVE_WITH_KNOTS('',3,(#6695,#6696,#6697,#6698),
  .UNSPECIFIED.,.F.,.F.,(4,4),(0.,1.),.PIECEWISE_BEZIER_KNOTS.);
#6695 = CARTESIAN_POINT('',(0.10852056,-21.45815,0.3));
#6696 = CARTESIAN_POINT('',(0.11410856,-21.46335,0.3));
#6697 = CARTESIAN_POINT('',(0.12082706,-21.46725,0.3));
#6698 = CARTESIAN_POINT('',(0.12815756,-21.46952,0.3));
#6699 = ORIENTED_EDGE('',*,*,#6700,.F.);
#6700 = EDGE_CURVE('',#6701,#6692,#6703,.T.);
#6701 = VERTEX_POINT('',#6702);
#6702 = CARTESIAN_POINT('',(0.12815756,-21.46952,0.));
#6703 = LINE('',#6704,#6705);
#6704 = CARTESIAN_POINT('',(0.12815756,-21.46952,0.));
#6705 = VECTOR('',#6706,1.);
#6706 = DIRECTION('',(0.,0.,1.));
#6707 = ORIENTED_EDGE('',*,*,#6708,.F.);
#6708 = EDGE_CURVE('',#6669,#6701,#6709,.T.);
#6709 = B_SPLINE_CURVE_WITH_KNOTS('',3,(#6710,#6711,#6712,#6713),
  .UNSPECIFIED.,.F.,.F.,(4,4),(0.,1.),.PIECEWISE_BEZIER_KNOTS.);
#6710 = CARTESIAN_POINT('',(0.10852056,-21.45815,0.));
#6711 = CARTESIAN_POINT('',(0.11410856,-21.46335,0.));
#6712 = CARTESIAN_POINT('',(0.12082706,-21.46725,0.));
#6713 = CARTESIAN_POINT('',(0.12815756,-21.46952,0.));
#6714 = SURFACE_OF_LINEAR_EXTRUSION('',#6715,#6720);
#6715 = B_SPLINE_CURVE_WITH_KNOTS('',3,(#6716,#6717,#6718,#6719),
  .UNSPECIFIED.,.F.,.F.,(4,4),(0.,1.),.PIECEWISE_BEZIER_KNOTS.);
#6716 = CARTESIAN_POINT('',(0.10852056,-21.45815,0.));
#6717 = CARTESIAN_POINT('',(0.11410856,-21.46335,0.));
#6718 = CARTESIAN_POINT('',(0.12082706,-21.46725,0.));
#6719 = CARTESIAN_POINT('',(0.12815756,-21.46952,0.));
#6720 = VECTOR('',#6721,1.);
#6721 = DIRECTION('',(-0.,-0.,-1.));
#6722 = ADVANCED_FACE('',(#6723),#6746,.F.);
#6723 = FACE_BOUND('',#6724,.F.);
#6724 = EDGE_LOOP('',(#6725,#6726,#6733,#6741));
#6725 = ORIENTED_EDGE('',*,*,#6700,.T.);
#6726 = ORIENTED_EDGE('',*,*,#6727,.T.);
#6727 = EDGE_CURVE('',#6692,#6728,#6730,.T.);
#6728 = VERTEX_POINT('',#6729);
#6729 = CARTESIAN_POINT('',(0.23719483,-21.50673,0.3));
#6730 = B_SPLINE_CURVE_WITH_KNOTS('',1,(#6731,#6732),.UNSPECIFIED.,.F.,
  .F.,(2,2),(0.,0.115211589474),.PIECEWISE_BEZIER_KNOTS.);
#6731 = CARTESIAN_POINT('',(0.12815756,-21.46952,0.3));
#6732 = CARTESIAN_POINT('',(0.23719483,-21.50673,0.3));
#6733 = ORIENTED_EDGE('',*,*,#6734,.F.);
#6734 = EDGE_CURVE('',#6735,#6728,#6737,.T.);
#6735 = VERTEX_POINT('',#6736);
#6736 = CARTESIAN_POINT('',(0.23719483,-21.50673,0.));
#6737 = LINE('',#6738,#6739);
#6738 = CARTESIAN_POINT('',(0.23719483,-21.50673,0.));
#6739 = VECTOR('',#6740,1.);
#6740 = DIRECTION('',(0.,0.,1.));
#6741 = ORIENTED_EDGE('',*,*,#6742,.F.);
#6742 = EDGE_CURVE('',#6701,#6735,#6743,.T.);
#6743 = B_SPLINE_CURVE_WITH_KNOTS('',1,(#6744,#6745),.UNSPECIFIED.,.F.,
  .F.,(2,2),(0.,0.115211589474),.PIECEWISE_BEZIER_KNOTS.);
#6744 = CARTESIAN_POINT('',(0.12815756,-21.46952,0.));
#6745 = CARTESIAN_POINT('',(0.23719483,-21.50673,0.));
#6746 = SURFACE_OF_LINEAR_EXTRUSION('',#6747,#6750);
#6747 = B_SPLINE_CURVE_WITH_KNOTS('',1,(#6748,#6749),.UNSPECIFIED.,.F.,
  .F.,(2,2),(0.,0.115211589474),.PIECEWISE_BEZIER_KNOTS.);
#6748 = CARTESIAN_POINT('',(0.12815756,-21.46952,0.));
#6749 = CARTESIAN_POINT('',(0.23719483,-21.50673,0.));
#6750 = VECTOR('',#6751,1.);
#6751 = DIRECTION('',(-0.,-0.,-1.));
#6752 = ADVANCED_FACE('',(#6753),#6780,.F.);
#6753 = FACE_BOUND('',#6754,.F.);
#6754 = EDGE_LOOP('',(#6755,#6756,#6765,#6773));
#6755 = ORIENTED_EDGE('',*,*,#6734,.T.);
#6756 = ORIENTED_EDGE('',*,*,#6757,.T.);
#6757 = EDGE_CURVE('',#6728,#6758,#6760,.T.);
#6758 = VERTEX_POINT('',#6759);
#6759 = CARTESIAN_POINT('',(0.23977883,-21.507246,0.3));
#6760 = B_SPLINE_CURVE_WITH_KNOTS('',3,(#6761,#6762,#6763,#6764),
  .UNSPECIFIED.,.F.,.F.,(4,4),(0.,1.),.PIECEWISE_BEZIER_KNOTS.);
#6761 = CARTESIAN_POINT('',(0.23719483,-21.50673,0.3));
#6762 = CARTESIAN_POINT('',(0.23805148,-21.506925,0.3));
#6763 = CARTESIAN_POINT('',(0.23891283,-21.507097,0.3));
#6764 = CARTESIAN_POINT('',(0.23977883,-21.507246,0.3));
#6765 = ORIENTED_EDGE('',*,*,#6766,.F.);
#6766 = EDGE_CURVE('',#6767,#6758,#6769,.T.);
#6767 = VERTEX_POINT('',#6768);
#6768 = CARTESIAN_POINT('',(0.23977883,-21.507246,0.));
#6769 = LINE('',#6770,#6771);
#6770 = CARTESIAN_POINT('',(0.23977883,-21.507246,0.));
#6771 = VECTOR('',#6772,1.);
#6772 = DIRECTION('',(0.,0.,1.));
#6773 = ORIENTED_EDGE('',*,*,#6774,.F.);
#6774 = EDGE_CURVE('',#6735,#6767,#6775,.T.);
#6775 = B_SPLINE_CURVE_WITH_KNOTS('',3,(#6776,#6777,#6778,#6779),
  .UNSPECIFIED.,.F.,.F.,(4,4),(0.,1.),.PIECEWISE_BEZIER_KNOTS.);
#6776 = CARTESIAN_POINT('',(0.23719483,-21.50673,0.));
#6777 = CARTESIAN_POINT('',(0.23805148,-21.506925,0.));
#6778 = CARTESIAN_POINT('',(0.23891283,-21.507097,0.));
#6779 = CARTESIAN_POINT('',(0.23977883,-21.507246,0.));
#6780 = SURFACE_OF_LINEAR_EXTRUSION('',#6781,#6786);
#6781 = B_SPLINE_CURVE_WITH_KNOTS('',3,(#6782,#6783,#6784,#6785),
  .UNSPECIFIED.,.F.,.F.,(4,4),(0.,1.),.PIECEWISE_BEZIER_KNOTS.);
#6782 = CARTESIAN_POINT('',(0.23719483,-21.50673,0.));
#6783 = CARTESIAN_POINT('',(0.23805148,-21.506925,0.));
#6784 = CARTESIAN_POINT('',(0.23891283,-21.507097,0.));
#6785 = CARTESIAN_POINT('',(0.23977883,-21.507246,0.));
#6786 = VECTOR('',#6787,1.);
#6787 = DIRECTION('',(-0.,-0.,-1.));
#6788 = ADVANCED_FACE('',(#6789),#6816,.F.);
#6789 = FACE_BOUND('',#6790,.F.);
#6790 = EDGE_LOOP('',(#6791,#6792,#6801,#6809));
#6791 = ORIENTED_EDGE('',*,*,#6766,.T.);
#6792 = ORIENTED_EDGE('',*,*,#6793,.T.);
#6793 = EDGE_CURVE('',#6758,#6794,#6796,.T.);
#6794 = VERTEX_POINT('',#6795);
#6795 = CARTESIAN_POINT('',(0.25889913,-21.508846,0.3));
#6796 = B_SPLINE_CURVE_WITH_KNOTS('',3,(#6797,#6798,#6799,#6800),
  .UNSPECIFIED.,.F.,.F.,(4,4),(0.,1.),.PIECEWISE_BEZIER_KNOTS.);
#6797 = CARTESIAN_POINT('',(0.23977883,-21.507246,0.3));
#6798 = CARTESIAN_POINT('',(0.24598883,-21.509046,0.3));
#6799 = CARTESIAN_POINT('',(0.25248213,-21.509546,0.3));
#6800 = CARTESIAN_POINT('',(0.25889913,-21.508846,0.3));
#6801 = ORIENTED_EDGE('',*,*,#6802,.F.);
#6802 = EDGE_CURVE('',#6803,#6794,#6805,.T.);
#6803 = VERTEX_POINT('',#6804);
#6804 = CARTESIAN_POINT('',(0.25889913,-21.508846,0.));
#6805 = LINE('',#6806,#6807);
#6806 = CARTESIAN_POINT('',(0.25889913,-21.508846,0.));
#6807 = VECTOR('',#6808,1.);
#6808 = DIRECTION('',(0.,0.,1.));
#6809 = ORIENTED_EDGE('',*,*,#6810,.F.);
#6810 = EDGE_CURVE('',#6767,#6803,#6811,.T.);
#6811 = B_SPLINE_CURVE_WITH_KNOTS('',3,(#6812,#6813,#6814,#6815),
  .UNSPECIFIED.,.F.,.F.,(4,4),(0.,1.),.PIECEWISE_BEZIER_KNOTS.);
#6812 = CARTESIAN_POINT('',(0.23977883,-21.507246,0.));
#6813 = CARTESIAN_POINT('',(0.24598883,-21.509046,0.));
#6814 = CARTESIAN_POINT('',(0.25248213,-21.509546,0.));
#6815 = CARTESIAN_POINT('',(0.25889913,-21.508846,0.));
#6816 = SURFACE_OF_LINEAR_EXTRUSION('',#6817,#6822);
#6817 = B_SPLINE_CURVE_WITH_KNOTS('',3,(#6818,#6819,#6820,#6821),
  .UNSPECIFIED.,.F.,.F.,(4,4),(0.,1.),.PIECEWISE_BEZIER_KNOTS.);
#6818 = CARTESIAN_POINT('',(0.23977883,-21.507246,0.));
#6819 = CARTESIAN_POINT('',(0.24598883,-21.509046,0.));
#6820 = CARTESIAN_POINT('',(0.25248213,-21.509546,0.));
#6821 = CARTESIAN_POINT('',(0.25889913,-21.508846,0.));
#6822 = VECTOR('',#6823,1.);
#6823 = DIRECTION('',(-0.,-0.,-1.));
#6824 = ADVANCED_FACE('',(#6825),#6848,.F.);
#6825 = FACE_BOUND('',#6826,.F.);
#6826 = EDGE_LOOP('',(#6827,#6828,#6835,#6843));
#6827 = ORIENTED_EDGE('',*,*,#6802,.T.);
#6828 = ORIENTED_EDGE('',*,*,#6829,.T.);
#6829 = EDGE_CURVE('',#6794,#6830,#6832,.T.);
#6830 = VERTEX_POINT('',#6831);
#6831 = CARTESIAN_POINT('',(9.5968302,-21.508846,0.3));
#6832 = B_SPLINE_CURVE_WITH_KNOTS('',1,(#6833,#6834),.UNSPECIFIED.,.F.,
  .F.,(2,2),(0.,9.33793107),.PIECEWISE_BEZIER_KNOTS.);
#6833 = CARTESIAN_POINT('',(0.25889913,-21.508846,0.3));
#6834 = CARTESIAN_POINT('',(9.5968302,-21.508846,0.3));
#6835 = ORIENTED_EDGE('',*,*,#6836,.F.);
#6836 = EDGE_CURVE('',#6837,#6830,#6839,.T.);
#6837 = VERTEX_POINT('',#6838);
#6838 = CARTESIAN_POINT('',(9.5968302,-21.508846,0.));
#6839 = LINE('',#6840,#6841);
#6840 = CARTESIAN_POINT('',(9.5968302,-21.508846,0.));
#6841 = VECTOR('',#6842,1.);
#6842 = DIRECTION('',(0.,0.,1.));
#6843 = ORIENTED_EDGE('',*,*,#6844,.F.);
#6844 = EDGE_CURVE('',#6803,#6837,#6845,.T.);
#6845 = B_SPLINE_CURVE_WITH_KNOTS('',1,(#6846,#6847),.UNSPECIFIED.,.F.,
  .F.,(2,2),(0.,9.33793107),.PIECEWISE_BEZIER_KNOTS.);
#6846 = CARTESIAN_POINT('',(0.25889913,-21.508846,0.));
#6847 = CARTESIAN_POINT('',(9.5968302,-21.508846,0.));
#6848 = SURFACE_OF_LINEAR_EXTRUSION('',#6849,#6852);
#6849 = B_SPLINE_CURVE_WITH_KNOTS('',1,(#6850,#6851),.UNSPECIFIED.,.F.,
  .F.,(2,2),(0.,9.33793107),.PIECEWISE_BEZIER_KNOTS.);
#6850 = CARTESIAN_POINT('',(0.25889913,-21.508846,0.));
#6851 = CARTESIAN_POINT('',(9.5968302,-21.508846,0.));
#6852 = VECTOR('',#6853,1.);
#6853 = DIRECTION('',(-0.,-0.,-1.));
#6854 = ADVANCED_FACE('',(#6855),#6878,.F.);
#6855 = FACE_BOUND('',#6856,.F.);
#6856 = EDGE_LOOP('',(#6857,#6858,#6865,#6873));
#6857 = ORIENTED_EDGE('',*,*,#6836,.T.);
#6858 = ORIENTED_EDGE('',*,*,#6859,.T.);
#6859 = EDGE_CURVE('',#6830,#6860,#6862,.T.);
#6860 = VERTEX_POINT('',#6861);
#6861 = CARTESIAN_POINT('',(9.8428101,-21.543986,0.3));
#6862 = B_SPLINE_CURVE_WITH_KNOTS('',1,(#6863,#6864),.UNSPECIFIED.,.F.,
  .F.,(2,2),(0.,0.248477223914),.PIECEWISE_BEZIER_KNOTS.);
#6863 = CARTESIAN_POINT('',(9.5968302,-21.508846,0.3));
#6864 = CARTESIAN_POINT('',(9.8428101,-21.543986,0.3));
#6865 = ORIENTED_EDGE('',*,*,#6866,.F.);
#6866 = EDGE_CURVE('',#6867,#6860,#6869,.T.);
#6867 = VERTEX_POINT('',#6868);
#6868 = CARTESIAN_POINT('',(9.8428101,-21.543986,0.));
#6869 = LINE('',#6870,#6871);
#6870 = CARTESIAN_POINT('',(9.8428101,-21.543986,0.));
#6871 = VECTOR('',#6872,1.);
#6872 = DIRECTION('',(0.,0.,1.));
#6873 = ORIENTED_EDGE('',*,*,#6874,.F.);
#6874 = EDGE_CURVE('',#6837,#6867,#6875,.T.);
#6875 = B_SPLINE_CURVE_WITH_KNOTS('',1,(#6876,#6877),.UNSPECIFIED.,.F.,
  .F.,(2,2),(0.,0.248477223914),.PIECEWISE_BEZIER_KNOTS.);
#6876 = CARTESIAN_POINT('',(9.5968302,-21.508846,0.));
#6877 = CARTESIAN_POINT('',(9.8428101,-21.543986,0.));
#6878 = SURFACE_OF_LINEAR_EXTRUSION('',#6879,#6882);
#6879 = B_SPLINE_CURVE_WITH_KNOTS('',1,(#6880,#6881),.UNSPECIFIED.,.F.,
  .F.,(2,2),(0.,0.248477223914),.PIECEWISE_BEZIER_KNOTS.);
#6880 = CARTESIAN_POINT('',(9.5968302,-21.508846,0.));
#6881 = CARTESIAN_POINT('',(9.8428101,-21.543986,0.));
#6882 = VECTOR('',#6883,1.);
#6883 = DIRECTION('',(-0.,-0.,-1.));
#6884 = ADVANCED_FACE('',(#6885),#6912,.F.);
#6885 = FACE_BOUND('',#6886,.F.);
#6886 = EDGE_LOOP('',(#6887,#6888,#6897,#6905));
#6887 = ORIENTED_EDGE('',*,*,#6866,.T.);
#6888 = ORIENTED_EDGE('',*,*,#6889,.T.);
#6889 = EDGE_CURVE('',#6860,#6890,#6892,.T.);
#6890 = VERTEX_POINT('',#6891);
#6891 = CARTESIAN_POINT('',(10.544059,-22.451941,0.3));
#6892 = B_SPLINE_CURVE_WITH_KNOTS('',3,(#6893,#6894,#6895,#6896),
  .UNSPECIFIED.,.F.,.F.,(4,4),(0.,1.),.PIECEWISE_BEZIER_KNOTS.);
#6893 = CARTESIAN_POINT('',(9.8428101,-21.543986,0.3));
#6894 = CARTESIAN_POINT('',(10.277303,-21.654046,0.3));
#6895 = CARTESIAN_POINT('',(10.529372,-22.009751,0.3));
#6896 = CARTESIAN_POINT('',(10.544059,-22.451941,0.3));
#6897 = ORIENTED_EDGE('',*,*,#6898,.F.);
#6898 = EDGE_CURVE('',#6899,#6890,#6901,.T.);
#6899 = VERTEX_POINT('',#6900);
#6900 = CARTESIAN_POINT('',(10.544059,-22.451941,0.));
#6901 = LINE('',#6902,#6903);
#6902 = CARTESIAN_POINT('',(10.544059,-22.451941,0.));
#6903 = VECTOR('',#6904,1.);
#6904 = DIRECTION('',(0.,0.,1.));
#6905 = ORIENTED_EDGE('',*,*,#6906,.F.);
#6906 = EDGE_CURVE('',#6867,#6899,#6907,.T.);
#6907 = B_SPLINE_CURVE_WITH_KNOTS('',3,(#6908,#6909,#6910,#6911),
  .UNSPECIFIED.,.F.,.F.,(4,4),(0.,1.),.PIECEWISE_BEZIER_KNOTS.);
#6908 = CARTESIAN_POINT('',(9.8428101,-21.543986,0.));
#6909 = CARTESIAN_POINT('',(10.277303,-21.654046,0.));
#6910 = CARTESIAN_POINT('',(10.529372,-22.009751,0.));
#6911 = CARTESIAN_POINT('',(10.544059,-22.451941,0.));
#6912 = SURFACE_OF_LINEAR_EXTRUSION('',#6913,#6918);
#6913 = B_SPLINE_CURVE_WITH_KNOTS('',3,(#6914,#6915,#6916,#6917),
  .UNSPECIFIED.,.F.,.F.,(4,4),(0.,1.),.PIECEWISE_BEZIER_KNOTS.);
#6914 = CARTESIAN_POINT('',(9.8428101,-21.543986,0.));
#6915 = CARTESIAN_POINT('',(10.277303,-21.654046,0.));
#6916 = CARTESIAN_POINT('',(10.529372,-22.009751,0.));
#6917 = CARTESIAN_POINT('',(10.544059,-22.451941,0.));
#6918 = VECTOR('',#6919,1.);
#6919 = DIRECTION('',(-0.,-0.,-1.));
#6920 = ADVANCED_FACE('',(#6921),#6944,.F.);
#6921 = FACE_BOUND('',#6922,.F.);
#6922 = EDGE_LOOP('',(#6923,#6924,#6931,#6939));
#6923 = ORIENTED_EDGE('',*,*,#6898,.T.);
#6924 = ORIENTED_EDGE('',*,*,#6925,.T.);
#6925 = EDGE_CURVE('',#6890,#6926,#6928,.T.);
#6926 = VERTEX_POINT('',#6927);
#6927 = CARTESIAN_POINT('',(10.544059,-27.110054,0.3));
#6928 = B_SPLINE_CURVE_WITH_KNOTS('',1,(#6929,#6930),.UNSPECIFIED.,.F.,
  .F.,(2,2),(0.,4.658113),.PIECEWISE_BEZIER_KNOTS.);
#6929 = CARTESIAN_POINT('',(10.544059,-22.451941,0.3));
#6930 = CARTESIAN_POINT('',(10.544059,-27.110054,0.3));
#6931 = ORIENTED_EDGE('',*,*,#6932,.F.);
#6932 = EDGE_CURVE('',#6933,#6926,#6935,.T.);
#6933 = VERTEX_POINT('',#6934);
#6934 = CARTESIAN_POINT('',(10.544059,-27.110054,0.));
#6935 = LINE('',#6936,#6937);
#6936 = CARTESIAN_POINT('',(10.544059,-27.110054,0.));
#6937 = VECTOR('',#6938,1.);
#6938 = DIRECTION('',(0.,0.,1.));
#6939 = ORIENTED_EDGE('',*,*,#6940,.F.);
#6940 = EDGE_CURVE('',#6899,#6933,#6941,.T.);
#6941 = B_SPLINE_CURVE_WITH_KNOTS('',1,(#6942,#6943),.UNSPECIFIED.,.F.,
  .F.,(2,2),(0.,4.658113),.PIECEWISE_BEZIER_KNOTS.);
#6942 = CARTESIAN_POINT('',(10.544059,-22.451941,0.));
#6943 = CARTESIAN_POINT('',(10.544059,-27.110054,0.));
#6944 = SURFACE_OF_LINEAR_EXTRUSION('',#6945,#6948);
#6945 = B_SPLINE_CURVE_WITH_KNOTS('',1,(#6946,#6947),.UNSPECIFIED.,.F.,
  .F.,(2,2),(0.,4.658113),.PIECEWISE_BEZIER_KNOTS.);
#6946 = CARTESIAN_POINT('',(10.544059,-22.451941,0.));
#6947 = CARTESIAN_POINT('',(10.544059,-27.110054,0.));
#6948 = VECTOR('',#6949,1.);
#6949 = DIRECTION('',(-0.,-0.,-1.));
#6950 = ADVANCED_FACE('',(#6951),#6978,.F.);
#6951 = FACE_BOUND('',#6952,.F.);
#6952 = EDGE_LOOP('',(#6953,#6954,#6963,#6971));
#6953 = ORIENTED_EDGE('',*,*,#6932,.T.);
#6954 = ORIENTED_EDGE('',*,*,#6955,.T.);
#6955 = EDGE_CURVE('',#6926,#6956,#6958,.T.);
#6956 = VERTEX_POINT('',#6957);
#6957 = CARTESIAN_POINT('',(10.544059,-27.124004,0.3));
#6958 = B_SPLINE_CURVE_WITH_KNOTS('',3,(#6959,#6960,#6961,#6962),
  .UNSPECIFIED.,.F.,.F.,(4,4),(0.,1.),.PIECEWISE_BEZIER_KNOTS.);
#6959 = CARTESIAN_POINT('',(10.544059,-27.110054,0.3));
#6960 = CARTESIAN_POINT('',(10.543407,-27.114654,0.3));
#6961 = CARTESIAN_POINT('',(10.543407,-27.119354,0.3));
#6962 = CARTESIAN_POINT('',(10.544059,-27.124004,0.3));
#6963 = ORIENTED_EDGE('',*,*,#6964,.F.);
#6964 = EDGE_CURVE('',#6965,#6956,#6967,.T.);
#6965 = VERTEX_POINT('',#6966);
#6966 = CARTESIAN_POINT('',(10.544059,-27.124004,0.));
#6967 = LINE('',#6968,#6969);
#6968 = CARTESIAN_POINT('',(10.544059,-27.124004,0.));
#6969 = VECTOR('',#6970,1.);
#6970 = DIRECTION('',(0.,0.,1.));
#6971 = ORIENTED_EDGE('',*,*,#6972,.F.);
#6972 = EDGE_CURVE('',#6933,#6965,#6973,.T.);
#6973 = B_SPLINE_CURVE_WITH_KNOTS('',3,(#6974,#6975,#6976,#6977),
  .UNSPECIFIED.,.F.,.F.,(4,4),(0.,1.),.PIECEWISE_BEZIER_KNOTS.);
#6974 = CARTESIAN_POINT('',(10.544059,-27.110054,0.));
#6975 = CARTESIAN_POINT('',(10.543407,-27.114654,0.));
#6976 = CARTESIAN_POINT('',(10.543407,-27.119354,0.));
#6977 = CARTESIAN_POINT('',(10.544059,-27.124004,0.));
#6978 = SURFACE_OF_LINEAR_EXTRUSION('',#6979,#6984);
#6979 = B_SPLINE_CURVE_WITH_KNOTS('',3,(#6980,#6981,#6982,#6983),
  .UNSPECIFIED.,.F.,.F.,(4,4),(0.,1.),.PIECEWISE_BEZIER_KNOTS.);
#6980 = CARTESIAN_POINT('',(10.544059,-27.110054,0.));
#6981 = CARTESIAN_POINT('',(10.543407,-27.114654,0.));
#6982 = CARTESIAN_POINT('',(10.543407,-27.119354,0.));
#6983 = CARTESIAN_POINT('',(10.544059,-27.124004,0.));
#6984 = VECTOR('',#6985,1.);
#6985 = DIRECTION('',(-0.,-0.,-1.));
#6986 = ADVANCED_FACE('',(#6987),#7010,.F.);
#6987 = FACE_BOUND('',#6988,.F.);
#6988 = EDGE_LOOP('',(#6989,#6990,#6997,#7005));
#6989 = ORIENTED_EDGE('',*,*,#6964,.T.);
#6990 = ORIENTED_EDGE('',*,*,#6991,.T.);
#6991 = EDGE_CURVE('',#6956,#6992,#6994,.T.);
#6992 = VERTEX_POINT('',#6993);
#6993 = CARTESIAN_POINT('',(10.581269,-27.376185,0.3));
#6994 = B_SPLINE_CURVE_WITH_KNOTS('',1,(#6995,#6996),.UNSPECIFIED.,.F.,
  .F.,(2,2),(0.,0.25491143729),.PIECEWISE_BEZIER_KNOTS.);
#6995 = CARTESIAN_POINT('',(10.544059,-27.124004,0.3));
#6996 = CARTESIAN_POINT('',(10.581269,-27.376185,0.3));
#6997 = ORIENTED_EDGE('',*,*,#6998,.F.);
#6998 = EDGE_CURVE('',#6999,#6992,#7001,.T.);
#6999 = VERTEX_POINT('',#7000);
#7000 = CARTESIAN_POINT('',(10.581269,-27.376185,0.));
#7001 = LINE('',#7002,#7003);
#7002 = CARTESIAN_POINT('',(10.581269,-27.376185,0.));
#7003 = VECTOR('',#7004,1.);
#7004 = DIRECTION('',(0.,0.,1.));
#7005 = ORIENTED_EDGE('',*,*,#7006,.F.);
#7006 = EDGE_CURVE('',#6965,#6999,#7007,.T.);
#7007 = B_SPLINE_CURVE_WITH_KNOTS('',1,(#7008,#7009),.UNSPECIFIED.,.F.,
  .F.,(2,2),(0.,0.25491143729),.PIECEWISE_BEZIER_KNOTS.);
#7008 = CARTESIAN_POINT('',(10.544059,-27.124004,0.));
#7009 = CARTESIAN_POINT('',(10.581269,-27.376185,0.));
#7010 = SURFACE_OF_LINEAR_EXTRUSION('',#7011,#7014);
#7011 = B_SPLINE_CURVE_WITH_KNOTS('',1,(#7012,#7013),.UNSPECIFIED.,.F.,
  .F.,(2,2),(0.,0.25491143729),.PIECEWISE_BEZIER_KNOTS.);
#7012 = CARTESIAN_POINT('',(10.544059,-27.124004,0.));
#7013 = CARTESIAN_POINT('',(10.581269,-27.376185,0.));
#7014 = VECTOR('',#7015,1.);
#7015 = DIRECTION('',(-0.,-0.,-1.));
#7016 = ADVANCED_FACE('',(#7017),#7044,.F.);
#7017 = FACE_BOUND('',#7018,.F.);
#7018 = EDGE_LOOP('',(#7019,#7020,#7029,#7037));
#7019 = ORIENTED_EDGE('',*,*,#6998,.T.);
#7020 = ORIENTED_EDGE('',*,*,#7021,.T.);
#7021 = EDGE_CURVE('',#6992,#7022,#7024,.T.);
#7022 = VERTEX_POINT('',#7023);
#7023 = CARTESIAN_POINT('',(10.586969,-27.393755,0.3));
#7024 = B_SPLINE_CURVE_WITH_KNOTS('',3,(#7025,#7026,#7027,#7028),
  .UNSPECIFIED.,.F.,.F.,(4,4),(0.,1.),.PIECEWISE_BEZIER_KNOTS.);
#7025 = CARTESIAN_POINT('',(10.581269,-27.376185,0.3));
#7026 = CARTESIAN_POINT('',(10.582061,-27.382385,0.3));
#7027 = CARTESIAN_POINT('',(10.583969,-27.388305,0.3));
#7028 = CARTESIAN_POINT('',(10.586969,-27.393755,0.3));
#7029 = ORIENTED_EDGE('',*,*,#7030,.F.);
#7030 = EDGE_CURVE('',#7031,#7022,#7033,.T.);
#7031 = VERTEX_POINT('',#7032);
#7032 = CARTESIAN_POINT('',(10.586969,-27.393755,0.));
#7033 = LINE('',#7034,#7035);
#7034 = CARTESIAN_POINT('',(10.586969,-27.393755,0.));
#7035 = VECTOR('',#7036,1.);
#7036 = DIRECTION('',(0.,0.,1.));
#7037 = ORIENTED_EDGE('',*,*,#7038,.F.);
#7038 = EDGE_CURVE('',#6999,#7031,#7039,.T.);
#7039 = B_SPLINE_CURVE_WITH_KNOTS('',3,(#7040,#7041,#7042,#7043),
  .UNSPECIFIED.,.F.,.F.,(4,4),(0.,1.),.PIECEWISE_BEZIER_KNOTS.);
#7040 = CARTESIAN_POINT('',(10.581269,-27.376185,0.));
#7041 = CARTESIAN_POINT('',(10.582061,-27.382385,0.));
#7042 = CARTESIAN_POINT('',(10.583969,-27.388305,0.));
#7043 = CARTESIAN_POINT('',(10.586969,-27.393755,0.));
#7044 = SURFACE_OF_LINEAR_EXTRUSION('',#7045,#7050);
#7045 = B_SPLINE_CURVE_WITH_KNOTS('',3,(#7046,#7047,#7048,#7049),
  .UNSPECIFIED.,.F.,.F.,(4,4),(0.,1.),.PIECEWISE_BEZIER_KNOTS.);
#7046 = CARTESIAN_POINT('',(10.581269,-27.376185,0.));
#7047 = CARTESIAN_POINT('',(10.582061,-27.382385,0.));
#7048 = CARTESIAN_POINT('',(10.583969,-27.388305,0.));
#7049 = CARTESIAN_POINT('',(10.586969,-27.393755,0.));
#7050 = VECTOR('',#7051,1.);
#7051 = DIRECTION('',(-0.,-0.,-1.));
#7052 = ADVANCED_FACE('',(#7053),#7076,.F.);
#7053 = FACE_BOUND('',#7054,.F.);
#7054 = EDGE_LOOP('',(#7055,#7056,#7063,#7071));
#7055 = ORIENTED_EDGE('',*,*,#7030,.T.);
#7056 = ORIENTED_EDGE('',*,*,#7057,.T.);
#7057 = EDGE_CURVE('',#7022,#7058,#7060,.T.);
#7058 = VERTEX_POINT('',#7059);
#7059 = CARTESIAN_POINT('',(10.714093,-27.610279,0.3));
#7060 = B_SPLINE_CURVE_WITH_KNOTS('',1,(#7061,#7062),.UNSPECIFIED.,.F.,
  .F.,(2,2),(0.,0.251083957974),.PIECEWISE_BEZIER_KNOTS.);
#7061 = CARTESIAN_POINT('',(10.586969,-27.393755,0.3));
#7062 = CARTESIAN_POINT('',(10.714093,-27.610279,0.3));
#7063 = ORIENTED_EDGE('',*,*,#7064,.F.);
#7064 = EDGE_CURVE('',#7065,#7058,#7067,.T.);
#7065 = VERTEX_POINT('',#7066);
#7066 = CARTESIAN_POINT('',(10.714093,-27.610279,0.));
#7067 = LINE('',#7068,#7069);
#7068 = CARTESIAN_POINT('',(10.714093,-27.610279,0.));
#7069 = VECTOR('',#7070,1.);
#7070 = DIRECTION('',(0.,0.,1.));
#7071 = ORIENTED_EDGE('',*,*,#7072,.F.);
#7072 = EDGE_CURVE('',#7031,#7065,#7073,.T.);
#7073 = B_SPLINE_CURVE_WITH_KNOTS('',1,(#7074,#7075),.UNSPECIFIED.,.F.,
  .F.,(2,2),(0.,0.251083957974),.PIECEWISE_BEZIER_KNOTS.);
#7074 = CARTESIAN_POINT('',(10.586969,-27.393755,0.));
#7075 = CARTESIAN_POINT('',(10.714093,-27.610279,0.));
#7076 = SURFACE_OF_LINEAR_EXTRUSION('',#7077,#7080);
#7077 = B_SPLINE_CURVE_WITH_KNOTS('',1,(#7078,#7079),.UNSPECIFIED.,.F.,
  .F.,(2,2),(0.,0.251083957974),.PIECEWISE_BEZIER_KNOTS.);
#7078 = CARTESIAN_POINT('',(10.586969,-27.393755,0.));
#7079 = CARTESIAN_POINT('',(10.714093,-27.610279,0.));
#7080 = VECTOR('',#7081,1.);
#7081 = DIRECTION('',(-0.,-0.,-1.));
#7082 = ADVANCED_FACE('',(#7083),#7110,.F.);
#7083 = FACE_BOUND('',#7084,.F.);
#7084 = EDGE_LOOP('',(#7085,#7086,#7095,#7103));
#7085 = ORIENTED_EDGE('',*,*,#7064,.T.);
#7086 = ORIENTED_EDGE('',*,*,#7087,.T.);
#7087 = EDGE_CURVE('',#7058,#7088,#7090,.T.);
#7088 = VERTEX_POINT('',#7089);
#7089 = CARTESIAN_POINT('',(10.719793,-27.618579,0.3));
#7090 = B_SPLINE_CURVE_WITH_KNOTS('',3,(#7091,#7092,#7093,#7094),
  .UNSPECIFIED.,.F.,.F.,(4,4),(0.,1.),.PIECEWISE_BEZIER_KNOTS.);
#7091 = CARTESIAN_POINT('',(10.714093,-27.610279,0.3));
#7092 = CARTESIAN_POINT('',(10.715693,-27.613279,0.3));
#7093 = CARTESIAN_POINT('',(10.717593,-27.615979,0.3));
#7094 = CARTESIAN_POINT('',(10.719793,-27.618579,0.3));
#7095 = ORIENTED_EDGE('',*,*,#7096,.F.);
#7096 = EDGE_CURVE('',#7097,#7088,#7099,.T.);
#7097 = VERTEX_POINT('',#7098);
#7098 = CARTESIAN_POINT('',(10.719793,-27.618579,0.));
#7099 = LINE('',#7100,#7101);
#7100 = CARTESIAN_POINT('',(10.719793,-27.618579,0.));
#7101 = VECTOR('',#7102,1.);
#7102 = DIRECTION('',(0.,0.,1.));
#7103 = ORIENTED_EDGE('',*,*,#7104,.F.);
#7104 = EDGE_CURVE('',#7065,#7097,#7105,.T.);
#7105 = B_SPLINE_CURVE_WITH_KNOTS('',3,(#7106,#7107,#7108,#7109),
  .UNSPECIFIED.,.F.,.F.,(4,4),(0.,1.),.PIECEWISE_BEZIER_KNOTS.);
#7106 = CARTESIAN_POINT('',(10.714093,-27.610279,0.));
#7107 = CARTESIAN_POINT('',(10.715693,-27.613279,0.));
#7108 = CARTESIAN_POINT('',(10.717593,-27.615979,0.));
#7109 = CARTESIAN_POINT('',(10.719793,-27.618579,0.));
#7110 = SURFACE_OF_LINEAR_EXTRUSION('',#7111,#7116);
#7111 = B_SPLINE_CURVE_WITH_KNOTS('',3,(#7112,#7113,#7114,#7115),
  .UNSPECIFIED.,.F.,.F.,(4,4),(0.,1.),.PIECEWISE_BEZIER_KNOTS.);
#7112 = CARTESIAN_POINT('',(10.714093,-27.610279,0.));
#7113 = CARTESIAN_POINT('',(10.715693,-27.613279,0.));
#7114 = CARTESIAN_POINT('',(10.717593,-27.615979,0.));
#7115 = CARTESIAN_POINT('',(10.719793,-27.618579,0.));
#7116 = VECTOR('',#7117,1.);
#7117 = DIRECTION('',(-0.,-0.,-1.));
#7118 = ADVANCED_FACE('',(#7119),#7142,.F.);
#7119 = FACE_BOUND('',#7120,.F.);
#7120 = EDGE_LOOP('',(#7121,#7122,#7129,#7137));
#7121 = ORIENTED_EDGE('',*,*,#7096,.T.);
#7122 = ORIENTED_EDGE('',*,*,#7123,.T.);
#7123 = EDGE_CURVE('',#7088,#7124,#7126,.T.);
#7124 = VERTEX_POINT('',#7125);
#7125 = CARTESIAN_POINT('',(10.882057,-27.797896,0.3));
#7126 = B_SPLINE_CURVE_WITH_KNOTS('',1,(#7127,#7128),.UNSPECIFIED.,.F.,
  .F.,(2,2),(0.,0.241835051605),.PIECEWISE_BEZIER_KNOTS.);
#7127 = CARTESIAN_POINT('',(10.719793,-27.618579,0.3));
#7128 = CARTESIAN_POINT('',(10.882057,-27.797896,0.3));
#7129 = ORIENTED_EDGE('',*,*,#7130,.F.);
#7130 = EDGE_CURVE('',#7131,#7124,#7133,.T.);
#7131 = VERTEX_POINT('',#7132);
#7132 = CARTESIAN_POINT('',(10.882057,-27.797896,0.));
#7133 = LINE('',#7134,#7135);
#7134 = CARTESIAN_POINT('',(10.882057,-27.797896,0.));
#7135 = VECTOR('',#7136,1.);
#7136 = DIRECTION('',(0.,0.,1.));
#7137 = ORIENTED_EDGE('',*,*,#7138,.F.);
#7138 = EDGE_CURVE('',#7097,#7131,#7139,.T.);
#7139 = B_SPLINE_CURVE_WITH_KNOTS('',1,(#7140,#7141),.UNSPECIFIED.,.F.,
  .F.,(2,2),(0.,0.241835051605),.PIECEWISE_BEZIER_KNOTS.);
#7140 = CARTESIAN_POINT('',(10.719793,-27.618579,0.));
#7141 = CARTESIAN_POINT('',(10.882057,-27.797896,0.));
#7142 = SURFACE_OF_LINEAR_EXTRUSION('',#7143,#7146);
#7143 = B_SPLINE_CURVE_WITH_KNOTS('',1,(#7144,#7145),.UNSPECIFIED.,.F.,
  .F.,(2,2),(0.,0.241835051605),.PIECEWISE_BEZIER_KNOTS.);
#7144 = CARTESIAN_POINT('',(10.719793,-27.618579,0.));
#7145 = CARTESIAN_POINT('',(10.882057,-27.797896,0.));
#7146 = VECTOR('',#7147,1.);
#7147 = DIRECTION('',(-0.,-0.,-1.));
#7148 = ADVANCED_FACE('',(#7149),#7176,.F.);
#7149 = FACE_BOUND('',#7150,.F.);
#7150 = EDGE_LOOP('',(#7151,#7152,#7161,#7169));
#7151 = ORIENTED_EDGE('',*,*,#7130,.T.);
#7152 = ORIENTED_EDGE('',*,*,#7153,.T.);
#7153 = EDGE_CURVE('',#7124,#7154,#7156,.T.);
#7154 = VERTEX_POINT('',#7155);
#7155 = CARTESIAN_POINT('',(10.897557,-27.809786,0.3));
#7156 = B_SPLINE_CURVE_WITH_KNOTS('',3,(#7157,#7158,#7159,#7160),
  .UNSPECIFIED.,.F.,.F.,(4,4),(0.,1.),.PIECEWISE_BEZIER_KNOTS.);
#7157 = CARTESIAN_POINT('',(10.882057,-27.797896,0.3));
#7158 = CARTESIAN_POINT('',(10.886357,-27.802796,0.3));
#7159 = CARTESIAN_POINT('',(10.891657,-27.806896,0.3));
#7160 = CARTESIAN_POINT('',(10.897557,-27.809786,0.3));
#7161 = ORIENTED_EDGE('',*,*,#7162,.F.);
#7162 = EDGE_CURVE('',#7163,#7154,#7165,.T.);
#7163 = VERTEX_POINT('',#7164);
#7164 = CARTESIAN_POINT('',(10.897557,-27.809786,0.));
#7165 = LINE('',#7166,#7167);
#7166 = CARTESIAN_POINT('',(10.897557,-27.809786,0.));
#7167 = VECTOR('',#7168,1.);
#7168 = DIRECTION('',(0.,0.,1.));
#7169 = ORIENTED_EDGE('',*,*,#7170,.F.);
#7170 = EDGE_CURVE('',#7131,#7163,#7171,.T.);
#7171 = B_SPLINE_CURVE_WITH_KNOTS('',3,(#7172,#7173,#7174,#7175),
  .UNSPECIFIED.,.F.,.F.,(4,4),(0.,1.),.PIECEWISE_BEZIER_KNOTS.);
#7172 = CARTESIAN_POINT('',(10.882057,-27.797896,0.));
#7173 = CARTESIAN_POINT('',(10.886357,-27.802796,0.));
#7174 = CARTESIAN_POINT('',(10.891657,-27.806896,0.));
#7175 = CARTESIAN_POINT('',(10.897557,-27.809786,0.));
#7176 = SURFACE_OF_LINEAR_EXTRUSION('',#7177,#7182);
#7177 = B_SPLINE_CURVE_WITH_KNOTS('',3,(#7178,#7179,#7180,#7181),
  .UNSPECIFIED.,.F.,.F.,(4,4),(0.,1.),.PIECEWISE_BEZIER_KNOTS.);
#7178 = CARTESIAN_POINT('',(10.882057,-27.797896,0.));
#7179 = CARTESIAN_POINT('',(10.886357,-27.802796,0.));
#7180 = CARTESIAN_POINT('',(10.891657,-27.806896,0.));
#7181 = CARTESIAN_POINT('',(10.897557,-27.809786,0.));
#7182 = VECTOR('',#7183,1.);
#7183 = DIRECTION('',(-0.,-0.,-1.));
#7184 = ADVANCED_FACE('',(#7185),#7208,.F.);
#7185 = FACE_BOUND('',#7186,.F.);
#7186 = EDGE_LOOP('',(#7187,#7188,#7195,#7203));
#7187 = ORIENTED_EDGE('',*,*,#7162,.T.);
#7188 = ORIENTED_EDGE('',*,*,#7189,.T.);
#7189 = EDGE_CURVE('',#7154,#7190,#7192,.T.);
#7190 = VERTEX_POINT('',#7191);
#7191 = CARTESIAN_POINT('',(11.132168,-27.91934,0.3));
#7192 = B_SPLINE_CURVE_WITH_KNOTS('',1,(#7193,#7194),.UNSPECIFIED.,.F.,
  .F.,(2,2),(0.,0.258929334447),.PIECEWISE_BEZIER_KNOTS.);
#7193 = CARTESIAN_POINT('',(10.897557,-27.809786,0.3));
#7194 = CARTESIAN_POINT('',(11.132168,-27.91934,0.3));
#7195 = ORIENTED_EDGE('',*,*,#7196,.F.);
#7196 = EDGE_CURVE('',#7197,#7190,#7199,.T.);
#7197 = VERTEX_POINT('',#7198);
#7198 = CARTESIAN_POINT('',(11.132168,-27.91934,0.));
#7199 = LINE('',#7200,#7201);
#7200 = CARTESIAN_POINT('',(11.132168,-27.91934,0.));
#7201 = VECTOR('',#7202,1.);
#7202 = DIRECTION('',(0.,0.,1.));
#7203 = ORIENTED_EDGE('',*,*,#7204,.F.);
#7204 = EDGE_CURVE('',#7163,#7197,#7205,.T.);
#7205 = B_SPLINE_CURVE_WITH_KNOTS('',1,(#7206,#7207),.UNSPECIFIED.,.F.,
  .F.,(2,2),(0.,0.258929334447),.PIECEWISE_BEZIER_KNOTS.);
#7206 = CARTESIAN_POINT('',(10.897557,-27.809786,0.));
#7207 = CARTESIAN_POINT('',(11.132168,-27.91934,0.));
#7208 = SURFACE_OF_LINEAR_EXTRUSION('',#7209,#7212);
#7209 = B_SPLINE_CURVE_WITH_KNOTS('',1,(#7210,#7211),.UNSPECIFIED.,.F.,
  .F.,(2,2),(0.,0.258929334447),.PIECEWISE_BEZIER_KNOTS.);
#7210 = CARTESIAN_POINT('',(10.897557,-27.809786,0.));
#7211 = CARTESIAN_POINT('',(11.132168,-27.91934,0.));
#7212 = VECTOR('',#7213,1.);
#7213 = DIRECTION('',(-0.,-0.,-1.));
#7214 = ADVANCED_FACE('',(#7215),#7242,.F.);
#7215 = FACE_BOUND('',#7216,.F.);
#7216 = EDGE_LOOP('',(#7217,#7218,#7227,#7235));
#7217 = ORIENTED_EDGE('',*,*,#7196,.T.);
#7218 = ORIENTED_EDGE('',*,*,#7219,.T.);
#7219 = EDGE_CURVE('',#7190,#7220,#7222,.T.);
#7220 = VERTEX_POINT('',#7221);
#7221 = CARTESIAN_POINT('',(11.145608,-27.92294,0.3));
#7222 = B_SPLINE_CURVE_WITH_KNOTS('',3,(#7223,#7224,#7225,#7226),
  .UNSPECIFIED.,.F.,.F.,(4,4),(0.,1.),.PIECEWISE_BEZIER_KNOTS.);
#7223 = CARTESIAN_POINT('',(11.132168,-27.91934,0.3));
#7224 = CARTESIAN_POINT('',(11.136468,-27.92114,0.3));
#7225 = CARTESIAN_POINT('',(11.140968,-27.92234,0.3));
#7226 = CARTESIAN_POINT('',(11.145608,-27.92294,0.3));
#7227 = ORIENTED_EDGE('',*,*,#7228,.F.);
#7228 = EDGE_CURVE('',#7229,#7220,#7231,.T.);
#7229 = VERTEX_POINT('',#7230);
#7230 = CARTESIAN_POINT('',(11.145608,-27.92294,0.));
#7231 = LINE('',#7232,#7233);
#7232 = CARTESIAN_POINT('',(11.145608,-27.92294,0.));
#7233 = VECTOR('',#7234,1.);
#7234 = DIRECTION('',(0.,0.,1.));
#7235 = ORIENTED_EDGE('',*,*,#7236,.F.);
#7236 = EDGE_CURVE('',#7197,#7229,#7237,.T.);
#7237 = B_SPLINE_CURVE_WITH_KNOTS('',3,(#7238,#7239,#7240,#7241),
  .UNSPECIFIED.,.F.,.F.,(4,4),(0.,1.),.PIECEWISE_BEZIER_KNOTS.);
#7238 = CARTESIAN_POINT('',(11.132168,-27.91934,0.));
#7239 = CARTESIAN_POINT('',(11.136468,-27.92114,0.));
#7240 = CARTESIAN_POINT('',(11.140968,-27.92234,0.));
#7241 = CARTESIAN_POINT('',(11.145608,-27.92294,0.));
#7242 = SURFACE_OF_LINEAR_EXTRUSION('',#7243,#7248);
#7243 = B_SPLINE_CURVE_WITH_KNOTS('',3,(#7244,#7245,#7246,#7247),
  .UNSPECIFIED.,.F.,.F.,(4,4),(0.,1.),.PIECEWISE_BEZIER_KNOTS.);
#7244 = CARTESIAN_POINT('',(11.132168,-27.91934,0.));
#7245 = CARTESIAN_POINT('',(11.136468,-27.92114,0.));
#7246 = CARTESIAN_POINT('',(11.140968,-27.92234,0.));
#7247 = CARTESIAN_POINT('',(11.145608,-27.92294,0.));
#7248 = VECTOR('',#7249,1.);
#7249 = DIRECTION('',(-0.,-0.,-1.));
#7250 = ADVANCED_FACE('',(#7251),#7274,.F.);
#7251 = FACE_BOUND('',#7252,.F.);
#7252 = EDGE_LOOP('',(#7253,#7254,#7261,#7269));
#7253 = ORIENTED_EDGE('',*,*,#7228,.T.);
#7254 = ORIENTED_EDGE('',*,*,#7255,.T.);
#7255 = EDGE_CURVE('',#7220,#7256,#7258,.T.);
#7256 = VERTEX_POINT('',#7257);
#7257 = CARTESIAN_POINT('',(11.36885,-27.95653,0.3));
#7258 = B_SPLINE_CURVE_WITH_KNOTS('',1,(#7259,#7260),.UNSPECIFIED.,.F.,
  .F.,(2,2),(0.,0.225754908394),.PIECEWISE_BEZIER_KNOTS.);
#7259 = CARTESIAN_POINT('',(11.145608,-27.92294,0.3));
#7260 = CARTESIAN_POINT('',(11.36885,-27.95653,0.3));
#7261 = ORIENTED_EDGE('',*,*,#7262,.F.);
#7262 = EDGE_CURVE('',#7263,#7256,#7265,.T.);
#7263 = VERTEX_POINT('',#7264);
#7264 = CARTESIAN_POINT('',(11.36885,-27.95653,0.));
#7265 = LINE('',#7266,#7267);
#7266 = CARTESIAN_POINT('',(11.36885,-27.95653,0.));
#7267 = VECTOR('',#7268,1.);
#7268 = DIRECTION('',(0.,0.,1.));
#7269 = ORIENTED_EDGE('',*,*,#7270,.F.);
#7270 = EDGE_CURVE('',#7229,#7263,#7271,.T.);
#7271 = B_SPLINE_CURVE_WITH_KNOTS('',1,(#7272,#7273),.UNSPECIFIED.,.F.,
  .F.,(2,2),(0.,0.225754908394),.PIECEWISE_BEZIER_KNOTS.);
#7272 = CARTESIAN_POINT('',(11.145608,-27.92294,0.));
#7273 = CARTESIAN_POINT('',(11.36885,-27.95653,0.));
#7274 = SURFACE_OF_LINEAR_EXTRUSION('',#7275,#7278);
#7275 = B_SPLINE_CURVE_WITH_KNOTS('',1,(#7276,#7277),.UNSPECIFIED.,.F.,
  .F.,(2,2),(0.,0.225754908394),.PIECEWISE_BEZIER_KNOTS.);
#7276 = CARTESIAN_POINT('',(11.145608,-27.92294,0.));
#7277 = CARTESIAN_POINT('',(11.36885,-27.95653,0.));
#7278 = VECTOR('',#7279,1.);
#7279 = DIRECTION('',(-0.,-0.,-1.));
#7280 = ADVANCED_FACE('',(#7281),#7308,.F.);
#7281 = FACE_BOUND('',#7282,.F.);
#7282 = EDGE_LOOP('',(#7283,#7284,#7293,#7301));
#7283 = ORIENTED_EDGE('',*,*,#7262,.T.);
#7284 = ORIENTED_EDGE('',*,*,#7285,.T.);
#7285 = EDGE_CURVE('',#7256,#7286,#7288,.T.);
#7286 = VERTEX_POINT('',#7287);
#7287 = CARTESIAN_POINT('',(11.38797,-27.96013,0.3));
#7288 = B_SPLINE_CURVE_WITH_KNOTS('',3,(#7289,#7290,#7291,#7292),
  .UNSPECIFIED.,.F.,.F.,(4,4),(0.,1.),.PIECEWISE_BEZIER_KNOTS.);
#7289 = CARTESIAN_POINT('',(11.36885,-27.95653,0.3));
#7290 = CARTESIAN_POINT('',(11.37495,-27.95893,0.3));
#7291 = CARTESIAN_POINT('',(11.38142,-27.96023,0.3));
#7292 = CARTESIAN_POINT('',(11.38797,-27.96013,0.3));
#7293 = ORIENTED_EDGE('',*,*,#7294,.F.);
#7294 = EDGE_CURVE('',#7295,#7286,#7297,.T.);
#7295 = VERTEX_POINT('',#7296);
#7296 = CARTESIAN_POINT('',(11.38797,-27.96013,0.));
#7297 = LINE('',#7298,#7299);
#7298 = CARTESIAN_POINT('',(11.38797,-27.96013,0.));
#7299 = VECTOR('',#7300,1.);
#7300 = DIRECTION('',(0.,0.,1.));
#7301 = ORIENTED_EDGE('',*,*,#7302,.F.);
#7302 = EDGE_CURVE('',#7263,#7295,#7303,.T.);
#7303 = B_SPLINE_CURVE_WITH_KNOTS('',3,(#7304,#7305,#7306,#7307),
  .UNSPECIFIED.,.F.,.F.,(4,4),(0.,1.),.PIECEWISE_BEZIER_KNOTS.);
#7304 = CARTESIAN_POINT('',(11.36885,-27.95653,0.));
#7305 = CARTESIAN_POINT('',(11.37495,-27.95893,0.));
#7306 = CARTESIAN_POINT('',(11.38142,-27.96023,0.));
#7307 = CARTESIAN_POINT('',(11.38797,-27.96013,0.));
#7308 = SURFACE_OF_LINEAR_EXTRUSION('',#7309,#7314);
#7309 = B_SPLINE_CURVE_WITH_KNOTS('',3,(#7310,#7311,#7312,#7313),
  .UNSPECIFIED.,.F.,.F.,(4,4),(0.,1.),.PIECEWISE_BEZIER_KNOTS.);
#7310 = CARTESIAN_POINT('',(11.36885,-27.95653,0.));
#7311 = CARTESIAN_POINT('',(11.37495,-27.95893,0.));
#7312 = CARTESIAN_POINT('',(11.38142,-27.96023,0.));
#7313 = CARTESIAN_POINT('',(11.38797,-27.96013,0.));
#7314 = VECTOR('',#7315,1.);
#7315 = DIRECTION('',(-0.,-0.,-1.));
#7316 = ADVANCED_FACE('',(#7317),#7340,.F.);
#7317 = FACE_BOUND('',#7318,.F.);
#7318 = EDGE_LOOP('',(#7319,#7320,#7327,#7335));
#7319 = ORIENTED_EDGE('',*,*,#7294,.T.);
#7320 = ORIENTED_EDGE('',*,*,#7321,.T.);
#7321 = EDGE_CURVE('',#7286,#7322,#7324,.T.);
#7322 = VERTEX_POINT('',#7323);
#7323 = CARTESIAN_POINT('',(17.944676,-27.96013,0.3));
#7324 = B_SPLINE_CURVE_WITH_KNOTS('',1,(#7325,#7326),.UNSPECIFIED.,.F.,
  .F.,(2,2),(0.,6.556706),.PIECEWISE_BEZIER_KNOTS.);
#7325 = CARTESIAN_POINT('',(11.38797,-27.96013,0.3));
#7326 = CARTESIAN_POINT('',(17.944676,-27.96013,0.3));
#7327 = ORIENTED_EDGE('',*,*,#7328,.F.);
#7328 = EDGE_CURVE('',#7329,#7322,#7331,.T.);
#7329 = VERTEX_POINT('',#7330);
#7330 = CARTESIAN_POINT('',(17.944676,-27.96013,0.));
#7331 = LINE('',#7332,#7333);
#7332 = CARTESIAN_POINT('',(17.944676,-27.96013,0.));
#7333 = VECTOR('',#7334,1.);
#7334 = DIRECTION('',(0.,0.,1.));
#7335 = ORIENTED_EDGE('',*,*,#7336,.F.);
#7336 = EDGE_CURVE('',#7295,#7329,#7337,.T.);
#7337 = B_SPLINE_CURVE_WITH_KNOTS('',1,(#7338,#7339),.UNSPECIFIED.,.F.,
  .F.,(2,2),(0.,6.556706),.PIECEWISE_BEZIER_KNOTS.);
#7338 = CARTESIAN_POINT('',(11.38797,-27.96013,0.));
#7339 = CARTESIAN_POINT('',(17.944676,-27.96013,0.));
#7340 = SURFACE_OF_LINEAR_EXTRUSION('',#7341,#7344);
#7341 = B_SPLINE_CURVE_WITH_KNOTS('',1,(#7342,#7343),.UNSPECIFIED.,.F.,
  .F.,(2,2),(0.,6.556706),.PIECEWISE_BEZIER_KNOTS.);
#7342 = CARTESIAN_POINT('',(11.38797,-27.96013,0.));
#7343 = CARTESIAN_POINT('',(17.944676,-27.96013,0.));
#7344 = VECTOR('',#7345,1.);
#7345 = DIRECTION('',(-0.,-0.,-1.));
#7346 = ADVANCED_FACE('',(#7347),#7374,.F.);
#7347 = FACE_BOUND('',#7348,.F.);
#7348 = EDGE_LOOP('',(#7349,#7350,#7359,#7367));
#7349 = ORIENTED_EDGE('',*,*,#7328,.T.);
#7350 = ORIENTED_EDGE('',*,*,#7351,.T.);
#7351 = EDGE_CURVE('',#7322,#7352,#7354,.T.);
#7352 = VERTEX_POINT('',#7353);
#7353 = CARTESIAN_POINT('',(17.964826,-27.95653,0.3));
#7354 = B_SPLINE_CURVE_WITH_KNOTS('',3,(#7355,#7356,#7357,#7358),
  .UNSPECIFIED.,.F.,.F.,(4,4),(0.,1.),.PIECEWISE_BEZIER_KNOTS.);
#7355 = CARTESIAN_POINT('',(17.944676,-27.96013,0.3));
#7356 = CARTESIAN_POINT('',(17.951576,-27.960332,0.3));
#7357 = CARTESIAN_POINT('',(17.958426,-27.95913,0.3));
#7358 = CARTESIAN_POINT('',(17.964826,-27.95653,0.3));
#7359 = ORIENTED_EDGE('',*,*,#7360,.F.);
#7360 = EDGE_CURVE('',#7361,#7352,#7363,.T.);
#7361 = VERTEX_POINT('',#7362);
#7362 = CARTESIAN_POINT('',(17.964826,-27.95653,0.));
#7363 = LINE('',#7364,#7365);
#7364 = CARTESIAN_POINT('',(17.964826,-27.95653,0.));
#7365 = VECTOR('',#7366,1.);
#7366 = DIRECTION('',(0.,0.,1.));
#7367 = ORIENTED_EDGE('',*,*,#7368,.F.);
#7368 = EDGE_CURVE('',#7329,#7361,#7369,.T.);
#7369 = B_SPLINE_CURVE_WITH_KNOTS('',3,(#7370,#7371,#7372,#7373),
  .UNSPECIFIED.,.F.,.F.,(4,4),(0.,1.),.PIECEWISE_BEZIER_KNOTS.);
#7370 = CARTESIAN_POINT('',(17.944676,-27.96013,0.));
#7371 = CARTESIAN_POINT('',(17.951576,-27.960332,0.));
#7372 = CARTESIAN_POINT('',(17.958426,-27.95913,0.));
#7373 = CARTESIAN_POINT('',(17.964826,-27.95653,0.));
#7374 = SURFACE_OF_LINEAR_EXTRUSION('',#7375,#7380);
#7375 = B_SPLINE_CURVE_WITH_KNOTS('',3,(#7376,#7377,#7378,#7379),
  .UNSPECIFIED.,.F.,.F.,(4,4),(0.,1.),.PIECEWISE_BEZIER_KNOTS.);
#7376 = CARTESIAN_POINT('',(17.944676,-27.96013,0.));
#7377 = CARTESIAN_POINT('',(17.951576,-27.960332,0.));
#7378 = CARTESIAN_POINT('',(17.958426,-27.95913,0.));
#7379 = CARTESIAN_POINT('',(17.964826,-27.95653,0.));
#7380 = VECTOR('',#7381,1.);
#7381 = DIRECTION('',(-0.,-0.,-1.));
#7382 = ADVANCED_FACE('',(#7383),#7406,.F.);
#7383 = FACE_BOUND('',#7384,.F.);
#7384 = EDGE_LOOP('',(#7385,#7386,#7393,#7401));
#7385 = ORIENTED_EDGE('',*,*,#7360,.T.);
#7386 = ORIENTED_EDGE('',*,*,#7387,.T.);
#7387 = EDGE_CURVE('',#7352,#7388,#7390,.T.);
#7388 = VERTEX_POINT('',#7389);
#7389 = CARTESIAN_POINT('',(18.204088,-27.92294,0.3));
#7390 = B_SPLINE_CURVE_WITH_KNOTS('',1,(#7391,#7392),.UNSPECIFIED.,.F.,
  .F.,(2,2),(0.,0.241608345766),.PIECEWISE_BEZIER_KNOTS.);
#7391 = CARTESIAN_POINT('',(17.964826,-27.95653,0.3));
#7392 = CARTESIAN_POINT('',(18.204088,-27.92294,0.3));
#7393 = ORIENTED_EDGE('',*,*,#7394,.F.);
#7394 = EDGE_CURVE('',#7395,#7388,#7397,.T.);
#7395 = VERTEX_POINT('',#7396);
#7396 = CARTESIAN_POINT('',(18.204088,-27.92294,0.));
#7397 = LINE('',#7398,#7399);
#7398 = CARTESIAN_POINT('',(18.204088,-27.92294,0.));
#7399 = VECTOR('',#7400,1.);
#7400 = DIRECTION('',(0.,0.,1.));
#7401 = ORIENTED_EDGE('',*,*,#7402,.F.);
#7402 = EDGE_CURVE('',#7361,#7395,#7403,.T.);
#7403 = B_SPLINE_CURVE_WITH_KNOTS('',1,(#7404,#7405),.UNSPECIFIED.,.F.,
  .F.,(2,2),(0.,0.241608345766),.PIECEWISE_BEZIER_KNOTS.);
#7404 = CARTESIAN_POINT('',(17.964826,-27.95653,0.));
#7405 = CARTESIAN_POINT('',(18.204088,-27.92294,0.));
#7406 = SURFACE_OF_LINEAR_EXTRUSION('',#7407,#7410);
#7407 = B_SPLINE_CURVE_WITH_KNOTS('',1,(#7408,#7409),.UNSPECIFIED.,.F.,
  .F.,(2,2),(0.,0.241608345766),.PIECEWISE_BEZIER_KNOTS.);
#7408 = CARTESIAN_POINT('',(17.964826,-27.95653,0.));
#7409 = CARTESIAN_POINT('',(18.204088,-27.92294,0.));
#7410 = VECTOR('',#7411,1.);
#7411 = DIRECTION('',(-0.,-0.,-1.));
#7412 = ADVANCED_FACE('',(#7413),#7440,.F.);
#7413 = FACE_BOUND('',#7414,.F.);
#7414 = EDGE_LOOP('',(#7415,#7416,#7425,#7433));
#7415 = ORIENTED_EDGE('',*,*,#7394,.T.);
#7416 = ORIENTED_EDGE('',*,*,#7417,.T.);
#7417 = EDGE_CURVE('',#7388,#7418,#7420,.T.);
#7418 = VERTEX_POINT('',#7419);
#7419 = CARTESIAN_POINT('',(18.219588,-27.91674,0.3));
#7420 = B_SPLINE_CURVE_WITH_KNOTS('',3,(#7421,#7422,#7423,#7424),
  .UNSPECIFIED.,.F.,.F.,(4,4),(0.,1.),.PIECEWISE_BEZIER_KNOTS.);
#7421 = CARTESIAN_POINT('',(18.204088,-27.92294,0.3));
#7422 = CARTESIAN_POINT('',(18.209588,-27.92174,0.3));
#7423 = CARTESIAN_POINT('',(18.214808,-27.91964,0.3));
#7424 = CARTESIAN_POINT('',(18.219588,-27.91674,0.3));
#7425 = ORIENTED_EDGE('',*,*,#7426,.F.);
#7426 = EDGE_CURVE('',#7427,#7418,#7429,.T.);
#7427 = VERTEX_POINT('',#7428);
#7428 = CARTESIAN_POINT('',(18.219588,-27.91674,0.));
#7429 = LINE('',#7430,#7431);
#7430 = CARTESIAN_POINT('',(18.219588,-27.91674,0.));
#7431 = VECTOR('',#7432,1.);
#7432 = DIRECTION('',(0.,0.,1.));
#7433 = ORIENTED_EDGE('',*,*,#7434,.F.);
#7434 = EDGE_CURVE('',#7395,#7427,#7435,.T.);
#7435 = B_SPLINE_CURVE_WITH_KNOTS('',3,(#7436,#7437,#7438,#7439),
  .UNSPECIFIED.,.F.,.F.,(4,4),(0.,1.),.PIECEWISE_BEZIER_KNOTS.);
#7436 = CARTESIAN_POINT('',(18.204088,-27.92294,0.));
#7437 = CARTESIAN_POINT('',(18.209588,-27.92174,0.));
#7438 = CARTESIAN_POINT('',(18.214808,-27.91964,0.));
#7439 = CARTESIAN_POINT('',(18.219588,-27.91674,0.));
#7440 = SURFACE_OF_LINEAR_EXTRUSION('',#7441,#7446);
#7441 = B_SPLINE_CURVE_WITH_KNOTS('',3,(#7442,#7443,#7444,#7445),
  .UNSPECIFIED.,.F.,.F.,(4,4),(0.,1.),.PIECEWISE_BEZIER_KNOTS.);
#7442 = CARTESIAN_POINT('',(18.204088,-27.92294,0.));
#7443 = CARTESIAN_POINT('',(18.209588,-27.92174,0.));
#7444 = CARTESIAN_POINT('',(18.214808,-27.91964,0.));
#7445 = CARTESIAN_POINT('',(18.219588,-27.91674,0.));
#7446 = VECTOR('',#7447,1.);
#7447 = DIRECTION('',(-0.,-0.,-1.));
#7448 = ADVANCED_FACE('',(#7449),#7472,.F.);
#7449 = FACE_BOUND('',#7450,.F.);
#7450 = EDGE_LOOP('',(#7451,#7452,#7459,#7467));
#7451 = ORIENTED_EDGE('',*,*,#7426,.T.);
#7452 = ORIENTED_EDGE('',*,*,#7453,.T.);
#7453 = EDGE_CURVE('',#7418,#7454,#7456,.T.);
#7454 = VERTEX_POINT('',#7455);
#7455 = CARTESIAN_POINT('',(18.436629,-27.809253,0.3));
#7456 = B_SPLINE_CURVE_WITH_KNOTS('',1,(#7457,#7458),.UNSPECIFIED.,.F.,
  .F.,(2,2),(0.,0.24219878375),.PIECEWISE_BEZIER_KNOTS.);
#7457 = CARTESIAN_POINT('',(18.219588,-27.91674,0.3));
#7458 = CARTESIAN_POINT('',(18.436629,-27.809253,0.3));
#7459 = ORIENTED_EDGE('',*,*,#7460,.F.);
#7460 = EDGE_CURVE('',#7461,#7454,#7463,.T.);
#7461 = VERTEX_POINT('',#7462);
#7462 = CARTESIAN_POINT('',(18.436629,-27.809253,0.));
#7463 = LINE('',#7464,#7465);
#7464 = CARTESIAN_POINT('',(18.436629,-27.809253,0.));
#7465 = VECTOR('',#7466,1.);
#7466 = DIRECTION('',(0.,0.,1.));
#7467 = ORIENTED_EDGE('',*,*,#7468,.F.);
#7468 = EDGE_CURVE('',#7427,#7461,#7469,.T.);
#7469 = B_SPLINE_CURVE_WITH_KNOTS('',1,(#7470,#7471),.UNSPECIFIED.,.F.,
  .F.,(2,2),(0.,0.24219878375),.PIECEWISE_BEZIER_KNOTS.);
#7470 = CARTESIAN_POINT('',(18.219588,-27.91674,0.));
#7471 = CARTESIAN_POINT('',(18.436629,-27.809253,0.));
#7472 = SURFACE_OF_LINEAR_EXTRUSION('',#7473,#7476);
#7473 = B_SPLINE_CURVE_WITH_KNOTS('',1,(#7474,#7475),.UNSPECIFIED.,.F.,
  .F.,(2,2),(0.,0.24219878375),.PIECEWISE_BEZIER_KNOTS.);
#7474 = CARTESIAN_POINT('',(18.219588,-27.91674,0.));
#7475 = CARTESIAN_POINT('',(18.436629,-27.809253,0.));
#7476 = VECTOR('',#7477,1.);
#7477 = DIRECTION('',(-0.,-0.,-1.));
#7478 = ADVANCED_FACE('',(#7479),#7506,.F.);
#7479 = FACE_BOUND('',#7480,.F.);
#7480 = EDGE_LOOP('',(#7481,#7482,#7491,#7499));
#7481 = ORIENTED_EDGE('',*,*,#7460,.T.);
#7482 = ORIENTED_EDGE('',*,*,#7483,.T.);
#7483 = EDGE_CURVE('',#7454,#7484,#7486,.T.);
#7484 = VERTEX_POINT('',#7485);
#7485 = CARTESIAN_POINT('',(18.448509,-27.799453,0.3));
#7486 = B_SPLINE_CURVE_WITH_KNOTS('',3,(#7487,#7488,#7489,#7490),
  .UNSPECIFIED.,.F.,.F.,(4,4),(0.,1.),.PIECEWISE_BEZIER_KNOTS.);
#7487 = CARTESIAN_POINT('',(18.436629,-27.809253,0.3));
#7488 = CARTESIAN_POINT('',(18.441029,-27.806653,0.3));
#7489 = CARTESIAN_POINT('',(18.445029,-27.803353,0.3));
#7490 = CARTESIAN_POINT('',(18.448509,-27.799453,0.3));
#7491 = ORIENTED_EDGE('',*,*,#7492,.F.);
#7492 = EDGE_CURVE('',#7493,#7484,#7495,.T.);
#7493 = VERTEX_POINT('',#7494);
#7494 = CARTESIAN_POINT('',(18.448509,-27.799453,0.));
#7495 = LINE('',#7496,#7497);
#7496 = CARTESIAN_POINT('',(18.448509,-27.799453,0.));
#7497 = VECTOR('',#7498,1.);
#7498 = DIRECTION('',(0.,0.,1.));
#7499 = ORIENTED_EDGE('',*,*,#7500,.F.);
#7500 = EDGE_CURVE('',#7461,#7493,#7501,.T.);
#7501 = B_SPLINE_CURVE_WITH_KNOTS('',3,(#7502,#7503,#7504,#7505),
  .UNSPECIFIED.,.F.,.F.,(4,4),(0.,1.),.PIECEWISE_BEZIER_KNOTS.);
#7502 = CARTESIAN_POINT('',(18.436629,-27.809253,0.));
#7503 = CARTESIAN_POINT('',(18.441029,-27.806653,0.));
#7504 = CARTESIAN_POINT('',(18.445029,-27.803353,0.));
#7505 = CARTESIAN_POINT('',(18.448509,-27.799453,0.));
#7506 = SURFACE_OF_LINEAR_EXTRUSION('',#7507,#7512);
#7507 = B_SPLINE_CURVE_WITH_KNOTS('',3,(#7508,#7509,#7510,#7511),
  .UNSPECIFIED.,.F.,.F.,(4,4),(0.,1.),.PIECEWISE_BEZIER_KNOTS.);
#7508 = CARTESIAN_POINT('',(18.436629,-27.809253,0.));
#7509 = CARTESIAN_POINT('',(18.441029,-27.806653,0.));
#7510 = CARTESIAN_POINT('',(18.445029,-27.803353,0.));
#7511 = CARTESIAN_POINT('',(18.448509,-27.799453,0.));
#7512 = VECTOR('',#7513,1.);
#7513 = DIRECTION('',(-0.,-0.,-1.));
#7514 = ADVANCED_FACE('',(#7515),#7538,.F.);
#7515 = FACE_BOUND('',#7516,.F.);
#7516 = EDGE_LOOP('',(#7517,#7518,#7525,#7533));
#7517 = ORIENTED_EDGE('',*,*,#7492,.T.);
#7518 = ORIENTED_EDGE('',*,*,#7519,.T.);
#7519 = EDGE_CURVE('',#7484,#7520,#7522,.T.);
#7520 = VERTEX_POINT('',#7521);
#7521 = CARTESIAN_POINT('',(18.629894,-27.619619,0.3));
#7522 = B_SPLINE_CURVE_WITH_KNOTS('',1,(#7523,#7524),.UNSPECIFIED.,.F.,
  .F.,(2,2),(0.,0.255422758933),.PIECEWISE_BEZIER_KNOTS.);
#7523 = CARTESIAN_POINT('',(18.448509,-27.799453,0.3));
#7524 = CARTESIAN_POINT('',(18.629894,-27.619619,0.3));
#7525 = ORIENTED_EDGE('',*,*,#7526,.F.);
#7526 = EDGE_CURVE('',#7527,#7520,#7529,.T.);
#7527 = VERTEX_POINT('',#7528);
#7528 = CARTESIAN_POINT('',(18.629894,-27.619619,0.));
#7529 = LINE('',#7530,#7531);
#7530 = CARTESIAN_POINT('',(18.629894,-27.619619,0.));
#7531 = VECTOR('',#7532,1.);
#7532 = DIRECTION('',(0.,0.,1.));
#7533 = ORIENTED_EDGE('',*,*,#7534,.F.);
#7534 = EDGE_CURVE('',#7493,#7527,#7535,.T.);
#7535 = B_SPLINE_CURVE_WITH_KNOTS('',1,(#7536,#7537),.UNSPECIFIED.,.F.,
  .F.,(2,2),(0.,0.255422758933),.PIECEWISE_BEZIER_KNOTS.);
#7536 = CARTESIAN_POINT('',(18.448509,-27.799453,0.));
#7537 = CARTESIAN_POINT('',(18.629894,-27.619619,0.));
#7538 = SURFACE_OF_LINEAR_EXTRUSION('',#7539,#7542);
#7539 = B_SPLINE_CURVE_WITH_KNOTS('',1,(#7540,#7541),.UNSPECIFIED.,.F.,
  .F.,(2,2),(0.,0.255422758933),.PIECEWISE_BEZIER_KNOTS.);
#7540 = CARTESIAN_POINT('',(18.448509,-27.799453,0.));
#7541 = CARTESIAN_POINT('',(18.629894,-27.619619,0.));
#7542 = VECTOR('',#7543,1.);
#7543 = DIRECTION('',(-0.,-0.,-1.));
#7544 = ADVANCED_FACE('',(#7545),#7572,.F.);
#7545 = FACE_BOUND('',#7546,.F.);
#7546 = EDGE_LOOP('',(#7547,#7548,#7557,#7565));
#7547 = ORIENTED_EDGE('',*,*,#7526,.T.);
#7548 = ORIENTED_EDGE('',*,*,#7549,.T.);
#7549 = EDGE_CURVE('',#7520,#7550,#7552,.T.);
#7550 = VERTEX_POINT('',#7551);
#7551 = CARTESIAN_POINT('',(18.637694,-27.606179,0.3));
#7552 = B_SPLINE_CURVE_WITH_KNOTS('',3,(#7553,#7554,#7555,#7556),
  .UNSPECIFIED.,.F.,.F.,(4,4),(0.,1.),.PIECEWISE_BEZIER_KNOTS.);
#7553 = CARTESIAN_POINT('',(18.629894,-27.619619,0.3));
#7554 = CARTESIAN_POINT('',(18.633194,-27.615619,0.3));
#7555 = CARTESIAN_POINT('',(18.635794,-27.611019,0.3));
#7556 = CARTESIAN_POINT('',(18.637694,-27.606179,0.3));
#7557 = ORIENTED_EDGE('',*,*,#7558,.F.);
#7558 = EDGE_CURVE('',#7559,#7550,#7561,.T.);
#7559 = VERTEX_POINT('',#7560);
#7560 = CARTESIAN_POINT('',(18.637694,-27.606179,0.));
#7561 = LINE('',#7562,#7563);
#7562 = CARTESIAN_POINT('',(18.637694,-27.606179,0.));
#7563 = VECTOR('',#7564,1.);
#7564 = DIRECTION('',(0.,0.,1.));
#7565 = ORIENTED_EDGE('',*,*,#7566,.F.);
#7566 = EDGE_CURVE('',#7527,#7559,#7567,.T.);
#7567 = B_SPLINE_CURVE_WITH_KNOTS('',3,(#7568,#7569,#7570,#7571),
  .UNSPECIFIED.,.F.,.F.,(4,4),(0.,1.),.PIECEWISE_BEZIER_KNOTS.);
#7568 = CARTESIAN_POINT('',(18.629894,-27.619619,0.));
#7569 = CARTESIAN_POINT('',(18.633194,-27.615619,0.));
#7570 = CARTESIAN_POINT('',(18.635794,-27.611019,0.));
#7571 = CARTESIAN_POINT('',(18.637694,-27.606179,0.));
#7572 = SURFACE_OF_LINEAR_EXTRUSION('',#7573,#7578);
#7573 = B_SPLINE_CURVE_WITH_KNOTS('',3,(#7574,#7575,#7576,#7577),
  .UNSPECIFIED.,.F.,.F.,(4,4),(0.,1.),.PIECEWISE_BEZIER_KNOTS.);
#7574 = CARTESIAN_POINT('',(18.629894,-27.619619,0.));
#7575 = CARTESIAN_POINT('',(18.633194,-27.615619,0.));
#7576 = CARTESIAN_POINT('',(18.635794,-27.611019,0.));
#7577 = CARTESIAN_POINT('',(18.637694,-27.606179,0.));
#7578 = VECTOR('',#7579,1.);
#7579 = DIRECTION('',(-0.,-0.,-1.));
#7580 = ADVANCED_FACE('',(#7581),#7604,.F.);
#7581 = FACE_BOUND('',#7582,.F.);
#7582 = EDGE_LOOP('',(#7583,#7584,#7591,#7599));
#7583 = ORIENTED_EDGE('',*,*,#7558,.T.);
#7584 = ORIENTED_EDGE('',*,*,#7585,.T.);
#7585 = EDGE_CURVE('',#7550,#7586,#7588,.T.);
#7586 = VERTEX_POINT('',#7587);
#7587 = CARTESIAN_POINT('',(18.747248,-27.391205,0.3));
#7588 = B_SPLINE_CURVE_WITH_KNOTS('',1,(#7589,#7590),.UNSPECIFIED.,.F.,
  .F.,(2,2),(0.,0.241279712351),.PIECEWISE_BEZIER_KNOTS.);
#7589 = CARTESIAN_POINT('',(18.637694,-27.606179,0.3));
#7590 = CARTESIAN_POINT('',(18.747248,-27.391205,0.3));
#7591 = ORIENTED_EDGE('',*,*,#7592,.F.);
#7592 = EDGE_CURVE('',#7593,#7586,#7595,.T.);
#7593 = VERTEX_POINT('',#7594);
#7594 = CARTESIAN_POINT('',(18.747248,-27.391205,0.));
#7595 = LINE('',#7596,#7597);
#7596 = CARTESIAN_POINT('',(18.747248,-27.391205,0.));
#7597 = VECTOR('',#7598,1.);
#7598 = DIRECTION('',(0.,0.,1.));
#7599 = ORIENTED_EDGE('',*,*,#7600,.F.);
#7600 = EDGE_CURVE('',#7559,#7593,#7601,.T.);
#7601 = B_SPLINE_CURVE_WITH_KNOTS('',1,(#7602,#7603),.UNSPECIFIED.,.F.,
  .F.,(2,2),(0.,0.241279712351),.PIECEWISE_BEZIER_KNOTS.);
#7602 = CARTESIAN_POINT('',(18.637694,-27.606179,0.));
#7603 = CARTESIAN_POINT('',(18.747248,-27.391205,0.));
#7604 = SURFACE_OF_LINEAR_EXTRUSION('',#7605,#7608);
#7605 = B_SPLINE_CURVE_WITH_KNOTS('',1,(#7606,#7607),.UNSPECIFIED.,.F.,
  .F.,(2,2),(0.,0.241279712351),.PIECEWISE_BEZIER_KNOTS.);
#7606 = CARTESIAN_POINT('',(18.637694,-27.606179,0.));
#7607 = CARTESIAN_POINT('',(18.747248,-27.391205,0.));
#7608 = VECTOR('',#7609,1.);
#7609 = DIRECTION('',(-0.,-0.,-1.));
#7610 = ADVANCED_FACE('',(#7611),#7638,.F.);
#7611 = FACE_BOUND('',#7612,.F.);
#7612 = EDGE_LOOP('',(#7613,#7614,#7623,#7631));
#7613 = ORIENTED_EDGE('',*,*,#7592,.T.);
#7614 = ORIENTED_EDGE('',*,*,#7615,.T.);
#7615 = EDGE_CURVE('',#7586,#7616,#7618,.T.);
#7616 = VERTEX_POINT('',#7617);
#7617 = CARTESIAN_POINT('',(18.750848,-27.375705,0.3));
#7618 = B_SPLINE_CURVE_WITH_KNOTS('',3,(#7619,#7620,#7621,#7622),
  .UNSPECIFIED.,.F.,.F.,(4,4),(0.,1.),.PIECEWISE_BEZIER_KNOTS.);
#7619 = CARTESIAN_POINT('',(18.747248,-27.391205,0.3));
#7620 = CARTESIAN_POINT('',(18.749248,-27.386305,0.3));
#7621 = CARTESIAN_POINT('',(18.750448,-27.381035,0.3));
#7622 = CARTESIAN_POINT('',(18.750848,-27.375705,0.3));
#7623 = ORIENTED_EDGE('',*,*,#7624,.F.);
#7624 = EDGE_CURVE('',#7625,#7616,#7627,.T.);
#7625 = VERTEX_POINT('',#7626);
#7626 = CARTESIAN_POINT('',(18.750848,-27.375705,0.));
#7627 = LINE('',#7628,#7629);
#7628 = CARTESIAN_POINT('',(18.750848,-27.375705,0.));
#7629 = VECTOR('',#7630,1.);
#7630 = DIRECTION('',(0.,0.,1.));
#7631 = ORIENTED_EDGE('',*,*,#7632,.F.);
#7632 = EDGE_CURVE('',#7593,#7625,#7633,.T.);
#7633 = B_SPLINE_CURVE_WITH_KNOTS('',3,(#7634,#7635,#7636,#7637),
  .UNSPECIFIED.,.F.,.F.,(4,4),(0.,1.),.PIECEWISE_BEZIER_KNOTS.);
#7634 = CARTESIAN_POINT('',(18.747248,-27.391205,0.));
#7635 = CARTESIAN_POINT('',(18.749248,-27.386305,0.));
#7636 = CARTESIAN_POINT('',(18.750448,-27.381035,0.));
#7637 = CARTESIAN_POINT('',(18.750848,-27.375705,0.));
#7638 = SURFACE_OF_LINEAR_EXTRUSION('',#7639,#7644);
#7639 = B_SPLINE_CURVE_WITH_KNOTS('',3,(#7640,#7641,#7642,#7643),
  .UNSPECIFIED.,.F.,.F.,(4,4),(0.,1.),.PIECEWISE_BEZIER_KNOTS.);
#7640 = CARTESIAN_POINT('',(18.747248,-27.391205,0.));
#7641 = CARTESIAN_POINT('',(18.749248,-27.386305,0.));
#7642 = CARTESIAN_POINT('',(18.750448,-27.381035,0.));
#7643 = CARTESIAN_POINT('',(18.750848,-27.375705,0.));
#7644 = VECTOR('',#7645,1.);
#7645 = DIRECTION('',(-0.,-0.,-1.));
#7646 = ADVANCED_FACE('',(#7647),#7670,.F.);
#7647 = FACE_BOUND('',#7648,.F.);
#7648 = EDGE_LOOP('',(#7649,#7650,#7657,#7665));
#7649 = ORIENTED_EDGE('',*,*,#7624,.T.);
#7650 = ORIENTED_EDGE('',*,*,#7651,.T.);
#7651 = EDGE_CURVE('',#7616,#7652,#7654,.T.);
#7652 = VERTEX_POINT('',#7653);
#7653 = CARTESIAN_POINT('',(18.788,-27.123409,0.3));
#7654 = B_SPLINE_CURVE_WITH_KNOTS('',1,(#7655,#7656),.UNSPECIFIED.,.F.,
  .F.,(2,2),(0.,0.255016749881),.PIECEWISE_BEZIER_KNOTS.);
#7655 = CARTESIAN_POINT('',(18.750848,-27.375705,0.3));
#7656 = CARTESIAN_POINT('',(18.788,-27.123409,0.3));
#7657 = ORIENTED_EDGE('',*,*,#7658,.F.);
#7658 = EDGE_CURVE('',#7659,#7652,#7661,.T.);
#7659 = VERTEX_POINT('',#7660);
#7660 = CARTESIAN_POINT('',(18.788,-27.123409,0.));
#7661 = LINE('',#7662,#7663);
#7662 = CARTESIAN_POINT('',(18.788,-27.123409,0.));
#7663 = VECTOR('',#7664,1.);
#7664 = DIRECTION('',(0.,0.,1.));
#7665 = ORIENTED_EDGE('',*,*,#7666,.F.);
#7666 = EDGE_CURVE('',#7625,#7659,#7667,.T.);
#7667 = B_SPLINE_CURVE_WITH_KNOTS('',1,(#7668,#7669),.UNSPECIFIED.,.F.,
  .F.,(2,2),(0.,0.255016749881),.PIECEWISE_BEZIER_KNOTS.);
#7668 = CARTESIAN_POINT('',(18.750848,-27.375705,0.));
#7669 = CARTESIAN_POINT('',(18.788,-27.123409,0.));
#7670 = SURFACE_OF_LINEAR_EXTRUSION('',#7671,#7674);
#7671 = B_SPLINE_CURVE_WITH_KNOTS('',1,(#7672,#7673),.UNSPECIFIED.,.F.,
  .F.,(2,2),(0.,0.255016749881),.PIECEWISE_BEZIER_KNOTS.);
#7672 = CARTESIAN_POINT('',(18.750848,-27.375705,0.));
#7673 = CARTESIAN_POINT('',(18.788,-27.123409,0.));
#7674 = VECTOR('',#7675,1.);
#7675 = DIRECTION('',(-0.,-0.,-1.));
#7676 = ADVANCED_FACE('',(#7677),#7704,.F.);
#7677 = FACE_BOUND('',#7678,.F.);
#7678 = EDGE_LOOP('',(#7679,#7680,#7689,#7697));
#7679 = ORIENTED_EDGE('',*,*,#7658,.T.);
#7680 = ORIENTED_EDGE('',*,*,#7681,.T.);
#7681 = EDGE_CURVE('',#7652,#7682,#7684,.T.);
#7682 = VERTEX_POINT('',#7683);
#7683 = CARTESIAN_POINT('',(18.788,-27.109459,0.3));
#7684 = B_SPLINE_CURVE_WITH_KNOTS('',3,(#7685,#7686,#7687,#7688),
  .UNSPECIFIED.,.F.,.F.,(4,4),(0.,1.),.PIECEWISE_BEZIER_KNOTS.);
#7685 = CARTESIAN_POINT('',(18.788,-27.123409,0.3));
#7686 = CARTESIAN_POINT('',(18.788652,-27.118809,0.3));
#7687 = CARTESIAN_POINT('',(18.788652,-27.114109,0.3));
#7688 = CARTESIAN_POINT('',(18.788,-27.109459,0.3));
#7689 = ORIENTED_EDGE('',*,*,#7690,.F.);
#7690 = EDGE_CURVE('',#7691,#7682,#7693,.T.);
#7691 = VERTEX_POINT('',#7692);
#7692 = CARTESIAN_POINT('',(18.788,-27.109459,0.));
#7693 = LINE('',#7694,#7695);
#7694 = CARTESIAN_POINT('',(18.788,-27.109459,0.));
#7695 = VECTOR('',#7696,1.);
#7696 = DIRECTION('',(0.,0.,1.));
#7697 = ORIENTED_EDGE('',*,*,#7698,.F.);
#7698 = EDGE_CURVE('',#7659,#7691,#7699,.T.);
#7699 = B_SPLINE_CURVE_WITH_KNOTS('',3,(#7700,#7701,#7702,#7703),
  .UNSPECIFIED.,.F.,.F.,(4,4),(0.,1.),.PIECEWISE_BEZIER_KNOTS.);
#7700 = CARTESIAN_POINT('',(18.788,-27.123409,0.));
#7701 = CARTESIAN_POINT('',(18.788652,-27.118809,0.));
#7702 = CARTESIAN_POINT('',(18.788652,-27.114109,0.));
#7703 = CARTESIAN_POINT('',(18.788,-27.109459,0.));
#7704 = SURFACE_OF_LINEAR_EXTRUSION('',#7705,#7710);
#7705 = B_SPLINE_CURVE_WITH_KNOTS('',3,(#7706,#7707,#7708,#7709),
  .UNSPECIFIED.,.F.,.F.,(4,4),(0.,1.),.PIECEWISE_BEZIER_KNOTS.);
#7706 = CARTESIAN_POINT('',(18.788,-27.123409,0.));
#7707 = CARTESIAN_POINT('',(18.788652,-27.118809,0.));
#7708 = CARTESIAN_POINT('',(18.788652,-27.114109,0.));
#7709 = CARTESIAN_POINT('',(18.788,-27.109459,0.));
#7710 = VECTOR('',#7711,1.);
#7711 = DIRECTION('',(-0.,-0.,-1.));
#7712 = ADVANCED_FACE('',(#7713),#7736,.F.);
#7713 = FACE_BOUND('',#7714,.F.);
#7714 = EDGE_LOOP('',(#7715,#7716,#7723,#7731));
#7715 = ORIENTED_EDGE('',*,*,#7690,.T.);
#7716 = ORIENTED_EDGE('',*,*,#7717,.T.);
#7717 = EDGE_CURVE('',#7682,#7718,#7720,.T.);
#7718 = VERTEX_POINT('',#7719);
#7719 = CARTESIAN_POINT('',(18.788,-23.681245,0.3));
#7720 = B_SPLINE_CURVE_WITH_KNOTS('',1,(#7721,#7722),.UNSPECIFIED.,.F.,
  .F.,(2,2),(0.,3.428214),.PIECEWISE_BEZIER_KNOTS.);
#7721 = CARTESIAN_POINT('',(18.788,-27.109459,0.3));
#7722 = CARTESIAN_POINT('',(18.788,-23.681245,0.3));
#7723 = ORIENTED_EDGE('',*,*,#7724,.F.);
#7724 = EDGE_CURVE('',#7725,#7718,#7727,.T.);
#7725 = VERTEX_POINT('',#7726);
#7726 = CARTESIAN_POINT('',(18.788,-23.681245,0.));
#7727 = LINE('',#7728,#7729);
#7728 = CARTESIAN_POINT('',(18.788,-23.681245,0.));
#7729 = VECTOR('',#7730,1.);
#7730 = DIRECTION('',(0.,0.,1.));
#7731 = ORIENTED_EDGE('',*,*,#7732,.F.);
#7732 = EDGE_CURVE('',#7691,#7725,#7733,.T.);
#7733 = B_SPLINE_CURVE_WITH_KNOTS('',1,(#7734,#7735),.UNSPECIFIED.,.F.,
  .F.,(2,2),(0.,3.428214),.PIECEWISE_BEZIER_KNOTS.);
#7734 = CARTESIAN_POINT('',(18.788,-27.109459,0.));
#7735 = CARTESIAN_POINT('',(18.788,-23.681245,0.));
#7736 = SURFACE_OF_LINEAR_EXTRUSION('',#7737,#7740);
#7737 = B_SPLINE_CURVE_WITH_KNOTS('',1,(#7738,#7739),.UNSPECIFIED.,.F.,
  .F.,(2,2),(0.,3.428214),.PIECEWISE_BEZIER_KNOTS.);
#7738 = CARTESIAN_POINT('',(18.788,-27.109459,0.));
#7739 = CARTESIAN_POINT('',(18.788,-23.681245,0.));
#7740 = VECTOR('',#7741,1.);
#7741 = DIRECTION('',(-0.,-0.,-1.));
#7742 = ADVANCED_FACE('',(#7743),#7766,.F.);
#7743 = FACE_BOUND('',#7744,.F.);
#7744 = EDGE_LOOP('',(#7745,#7746,#7753,#7761));
#7745 = ORIENTED_EDGE('',*,*,#7724,.T.);
#7746 = ORIENTED_EDGE('',*,*,#7747,.T.);
#7747 = EDGE_CURVE('',#7718,#7748,#7750,.T.);
#7748 = VERTEX_POINT('',#7749);
#7749 = CARTESIAN_POINT('',(18.83916,-23.458519,0.3));
#7750 = B_SPLINE_CURVE_WITH_KNOTS('',1,(#7751,#7752),.UNSPECIFIED.,.F.,
  .F.,(2,2),(0.,0.228526183786),.PIECEWISE_BEZIER_KNOTS.);
#7751 = CARTESIAN_POINT('',(18.788,-23.681245,0.3));
#7752 = CARTESIAN_POINT('',(18.83916,-23.458519,0.3));
#7753 = ORIENTED_EDGE('',*,*,#7754,.F.);
#7754 = EDGE_CURVE('',#7755,#7748,#7757,.T.);
#7755 = VERTEX_POINT('',#7756);
#7756 = CARTESIAN_POINT('',(18.83916,-23.458519,0.));
#7757 = LINE('',#7758,#7759);
#7758 = CARTESIAN_POINT('',(18.83916,-23.458519,0.));
#7759 = VECTOR('',#7760,1.);
#7760 = DIRECTION('',(0.,0.,1.));
#7761 = ORIENTED_EDGE('',*,*,#7762,.F.);
#7762 = EDGE_CURVE('',#7725,#7755,#7763,.T.);
#7763 = B_SPLINE_CURVE_WITH_KNOTS('',1,(#7764,#7765),.UNSPECIFIED.,.F.,
  .F.,(2,2),(0.,0.228526183786),.PIECEWISE_BEZIER_KNOTS.);
#7764 = CARTESIAN_POINT('',(18.788,-23.681245,0.));
#7765 = CARTESIAN_POINT('',(18.83916,-23.458519,0.));
#7766 = SURFACE_OF_LINEAR_EXTRUSION('',#7767,#7770);
#7767 = B_SPLINE_CURVE_WITH_KNOTS('',1,(#7768,#7769),.UNSPECIFIED.,.F.,
  .F.,(2,2),(0.,0.228526183786),.PIECEWISE_BEZIER_KNOTS.);
#7768 = CARTESIAN_POINT('',(18.788,-23.681245,0.));
#7769 = CARTESIAN_POINT('',(18.83916,-23.458519,0.));
#7770 = VECTOR('',#7771,1.);
#7771 = DIRECTION('',(-0.,-0.,-1.));
#7772 = ADVANCED_FACE('',(#7773),#7796,.F.);
#7773 = FACE_BOUND('',#7774,.F.);
#7774 = EDGE_LOOP('',(#7775,#7776,#7783,#7791));
#7775 = ORIENTED_EDGE('',*,*,#7754,.T.);
#7776 = ORIENTED_EDGE('',*,*,#7777,.T.);
#7777 = EDGE_CURVE('',#7748,#7778,#7780,.T.);
#7778 = VERTEX_POINT('',#7779);
#7779 = CARTESIAN_POINT('',(18.940446,-23.237861,0.3));
#7780 = B_SPLINE_CURVE_WITH_KNOTS('',1,(#7781,#7782),.UNSPECIFIED.,.F.,
  .F.,(2,2),(0.,0.242793753544),.PIECEWISE_BEZIER_KNOTS.);
#7781 = CARTESIAN_POINT('',(18.83916,-23.458519,0.3));
#7782 = CARTESIAN_POINT('',(18.940446,-23.237861,0.3));
#7783 = ORIENTED_EDGE('',*,*,#7784,.F.);
#7784 = EDGE_CURVE('',#7785,#7778,#7787,.T.);
#7785 = VERTEX_POINT('',#7786);
#7786 = CARTESIAN_POINT('',(18.940446,-23.237861,0.));
#7787 = LINE('',#7788,#7789);
#7788 = CARTESIAN_POINT('',(18.940446,-23.237861,0.));
#7789 = VECTOR('',#7790,1.);
#7790 = DIRECTION('',(0.,0.,1.));
#7791 = ORIENTED_EDGE('',*,*,#7792,.F.);
#7792 = EDGE_CURVE('',#7755,#7785,#7793,.T.);
#7793 = B_SPLINE_CURVE_WITH_KNOTS('',1,(#7794,#7795),.UNSPECIFIED.,.F.,
  .F.,(2,2),(0.,0.242793753544),.PIECEWISE_BEZIER_KNOTS.);
#7794 = CARTESIAN_POINT('',(18.83916,-23.458519,0.));
#7795 = CARTESIAN_POINT('',(18.940446,-23.237861,0.));
#7796 = SURFACE_OF_LINEAR_EXTRUSION('',#7797,#7800);
#7797 = B_SPLINE_CURVE_WITH_KNOTS('',1,(#7798,#7799),.UNSPECIFIED.,.F.,
  .F.,(2,2),(0.,0.242793753544),.PIECEWISE_BEZIER_KNOTS.);
#7798 = CARTESIAN_POINT('',(18.83916,-23.458519,0.));
#7799 = CARTESIAN_POINT('',(18.940446,-23.237861,0.));
#7800 = VECTOR('',#7801,1.);
#7801 = DIRECTION('',(-0.,-0.,-1.));
#7802 = ADVANCED_FACE('',(#7803),#7826,.F.);
#7803 = FACE_BOUND('',#7804,.F.);
#7804 = EDGE_LOOP('',(#7805,#7806,#7813,#7821));
#7805 = ORIENTED_EDGE('',*,*,#7784,.T.);
#7806 = ORIENTED_EDGE('',*,*,#7807,.T.);
#7807 = EDGE_CURVE('',#7778,#7808,#7810,.T.);
#7808 = VERTEX_POINT('',#7809);
#7809 = CARTESIAN_POINT('',(19.110461,-23.085416,0.3));
#7810 = B_SPLINE_CURVE_WITH_KNOTS('',1,(#7811,#7812),.UNSPECIFIED.,.F.,
  .F.,(2,2),(0.,0.228351873761),.PIECEWISE_BEZIER_KNOTS.);
#7811 = CARTESIAN_POINT('',(18.940446,-23.237861,0.3));
#7812 = CARTESIAN_POINT('',(19.110461,-23.085416,0.3));
#7813 = ORIENTED_EDGE('',*,*,#7814,.F.);
#7814 = EDGE_CURVE('',#7815,#7808,#7817,.T.);
#7815 = VERTEX_POINT('',#7816);
#7816 = CARTESIAN_POINT('',(19.110461,-23.085416,0.));
#7817 = LINE('',#7818,#7819);
#7818 = CARTESIAN_POINT('',(19.110461,-23.085416,0.));
#7819 = VECTOR('',#7820,1.);
#7820 = DIRECTION('',(0.,0.,1.));
#7821 = ORIENTED_EDGE('',*,*,#7822,.F.);
#7822 = EDGE_CURVE('',#7785,#7815,#7823,.T.);
#7823 = B_SPLINE_CURVE_WITH_KNOTS('',1,(#7824,#7825),.UNSPECIFIED.,.F.,
  .F.,(2,2),(0.,0.228351873761),.PIECEWISE_BEZIER_KNOTS.);
#7824 = CARTESIAN_POINT('',(18.940446,-23.237861,0.));
#7825 = CARTESIAN_POINT('',(19.110461,-23.085416,0.));
#7826 = SURFACE_OF_LINEAR_EXTRUSION('',#7827,#7830);
#7827 = B_SPLINE_CURVE_WITH_KNOTS('',1,(#7828,#7829),.UNSPECIFIED.,.F.,
  .F.,(2,2),(0.,0.228351873761),.PIECEWISE_BEZIER_KNOTS.);
#7828 = CARTESIAN_POINT('',(18.940446,-23.237861,0.));
#7829 = CARTESIAN_POINT('',(19.110461,-23.085416,0.));
#7830 = VECTOR('',#7831,1.);
#7831 = DIRECTION('',(-0.,-0.,-1.));
#7832 = ADVANCED_FACE('',(#7833),#7856,.F.);
#7833 = FACE_BOUND('',#7834,.F.);
#7834 = EDGE_LOOP('',(#7835,#7836,#7843,#7851));
#7835 = ORIENTED_EDGE('',*,*,#7814,.T.);
#7836 = ORIENTED_EDGE('',*,*,#7837,.T.);
#7837 = EDGE_CURVE('',#7808,#7838,#7840,.T.);
#7838 = VERTEX_POINT('',#7839);
#7839 = CARTESIAN_POINT('',(19.31355,-22.96656,0.3));
#7840 = B_SPLINE_CURVE_WITH_KNOTS('',1,(#7841,#7842),.UNSPECIFIED.,.F.,
  .F.,(2,2),(0.,0.235312325765),.PIECEWISE_BEZIER_KNOTS.);
#7841 = CARTESIAN_POINT('',(19.110461,-23.085416,0.3));
#7842 = CARTESIAN_POINT('',(19.31355,-22.96656,0.3));
#7843 = ORIENTED_EDGE('',*,*,#7844,.F.);
#7844 = EDGE_CURVE('',#7845,#7838,#7847,.T.);
#7845 = VERTEX_POINT('',#7846);
#7846 = CARTESIAN_POINT('',(19.31355,-22.96656,0.));
#7847 = LINE('',#7848,#7849);
#7848 = CARTESIAN_POINT('',(19.31355,-22.96656,0.));
#7849 = VECTOR('',#7850,1.);
#7850 = DIRECTION('',(0.,0.,1.));
#7851 = ORIENTED_EDGE('',*,*,#7852,.F.);
#7852 = EDGE_CURVE('',#7815,#7845,#7853,.T.);
#7853 = B_SPLINE_CURVE_WITH_KNOTS('',1,(#7854,#7855),.UNSPECIFIED.,.F.,
  .F.,(2,2),(0.,0.235312325765),.PIECEWISE_BEZIER_KNOTS.);
#7854 = CARTESIAN_POINT('',(19.110461,-23.085416,0.));
#7855 = CARTESIAN_POINT('',(19.31355,-22.96656,0.));
#7856 = SURFACE_OF_LINEAR_EXTRUSION('',#7857,#7860);
#7857 = B_SPLINE_CURVE_WITH_KNOTS('',1,(#7858,#7859),.UNSPECIFIED.,.F.,
  .F.,(2,2),(0.,0.235312325765),.PIECEWISE_BEZIER_KNOTS.);
#7858 = CARTESIAN_POINT('',(19.110461,-23.085416,0.));
#7859 = CARTESIAN_POINT('',(19.31355,-22.96656,0.));
#7860 = VECTOR('',#7861,1.);
#7861 = DIRECTION('',(-0.,-0.,-1.));
#7862 = ADVANCED_FACE('',(#7863),#7886,.F.);
#7863 = FACE_BOUND('',#7864,.F.);
#7864 = EDGE_LOOP('',(#7865,#7866,#7873,#7881));
#7865 = ORIENTED_EDGE('',*,*,#7844,.T.);
#7866 = ORIENTED_EDGE('',*,*,#7867,.T.);
#7867 = EDGE_CURVE('',#7838,#7868,#7870,.T.);
#7868 = VERTEX_POINT('',#7869);
#7869 = CARTESIAN_POINT('',(19.551778,-22.93297,0.3));
#7870 = B_SPLINE_CURVE_WITH_KNOTS('',1,(#7871,#7872),.UNSPECIFIED.,.F.,
  .F.,(2,2),(0.,0.240584430261),.PIECEWISE_BEZIER_KNOTS.);
#7871 = CARTESIAN_POINT('',(19.31355,-22.96656,0.3));
#7872 = CARTESIAN_POINT('',(19.551778,-22.93297,0.3));
#7873 = ORIENTED_EDGE('',*,*,#7874,.F.);
#7874 = EDGE_CURVE('',#7875,#7868,#7877,.T.);
#7875 = VERTEX_POINT('',#7876);
#7876 = CARTESIAN_POINT('',(19.551778,-22.93297,0.));
#7877 = LINE('',#7878,#7879);
#7878 = CARTESIAN_POINT('',(19.551778,-22.93297,0.));
#7879 = VECTOR('',#7880,1.);
#7880 = DIRECTION('',(0.,0.,1.));
#7881 = ORIENTED_EDGE('',*,*,#7882,.F.);
#7882 = EDGE_CURVE('',#7845,#7875,#7883,.T.);
#7883 = B_SPLINE_CURVE_WITH_KNOTS('',1,(#7884,#7885),.UNSPECIFIED.,.F.,
  .F.,(2,2),(0.,0.240584430261),.PIECEWISE_BEZIER_KNOTS.);
#7884 = CARTESIAN_POINT('',(19.31355,-22.96656,0.));
#7885 = CARTESIAN_POINT('',(19.551778,-22.93297,0.));
#7886 = SURFACE_OF_LINEAR_EXTRUSION('',#7887,#7890);
#7887 = B_SPLINE_CURVE_WITH_KNOTS('',1,(#7888,#7889),.UNSPECIFIED.,.F.,
  .F.,(2,2),(0.,0.240584430261),.PIECEWISE_BEZIER_KNOTS.);
#7888 = CARTESIAN_POINT('',(19.31355,-22.96656,0.));
#7889 = CARTESIAN_POINT('',(19.551778,-22.93297,0.));
#7890 = VECTOR('',#7891,1.);
#7891 = DIRECTION('',(-0.,-0.,-1.));
#7892 = ADVANCED_FACE('',(#7893),#7916,.F.);
#7893 = FACE_BOUND('',#7894,.F.);
#7894 = EDGE_LOOP('',(#7895,#7896,#7903,#7911));
#7895 = ORIENTED_EDGE('',*,*,#7874,.T.);
#7896 = ORIENTED_EDGE('',*,*,#7897,.T.);
#7897 = EDGE_CURVE('',#7868,#7898,#7900,.T.);
#7898 = VERTEX_POINT('',#7899);
#7899 = CARTESIAN_POINT('',(20.895365,-22.93297,0.3));
#7900 = B_SPLINE_CURVE_WITH_KNOTS('',1,(#7901,#7902),.UNSPECIFIED.,.F.,
  .F.,(2,2),(0.,1.343587),.PIECEWISE_BEZIER_KNOTS.);
#7901 = CARTESIAN_POINT('',(19.551778,-22.93297,0.3));
#7902 = CARTESIAN_POINT('',(20.895365,-22.93297,0.3));
#7903 = ORIENTED_EDGE('',*,*,#7904,.F.);
#7904 = EDGE_CURVE('',#7905,#7898,#7907,.T.);
#7905 = VERTEX_POINT('',#7906);
#7906 = CARTESIAN_POINT('',(20.895365,-22.93297,0.));
#7907 = LINE('',#7908,#7909);
#7908 = CARTESIAN_POINT('',(20.895365,-22.93297,0.));
#7909 = VECTOR('',#7910,1.);
#7910 = DIRECTION('',(0.,0.,1.));
#7911 = ORIENTED_EDGE('',*,*,#7912,.F.);
#7912 = EDGE_CURVE('',#7875,#7905,#7913,.T.);
#7913 = B_SPLINE_CURVE_WITH_KNOTS('',1,(#7914,#7915),.UNSPECIFIED.,.F.,
  .F.,(2,2),(0.,1.343587),.PIECEWISE_BEZIER_KNOTS.);
#7914 = CARTESIAN_POINT('',(19.551778,-22.93297,0.));
#7915 = CARTESIAN_POINT('',(20.895365,-22.93297,0.));
#7916 = SURFACE_OF_LINEAR_EXTRUSION('',#7917,#7920);
#7917 = B_SPLINE_CURVE_WITH_KNOTS('',1,(#7918,#7919),.UNSPECIFIED.,.F.,
  .F.,(2,2),(0.,1.343587),.PIECEWISE_BEZIER_KNOTS.);
#7918 = CARTESIAN_POINT('',(19.551778,-22.93297,0.));
#7919 = CARTESIAN_POINT('',(20.895365,-22.93297,0.));
#7920 = VECTOR('',#7921,1.);
#7921 = DIRECTION('',(-0.,-0.,-1.));
#7922 = ADVANCED_FACE('',(#7923),#7946,.F.);
#7923 = FACE_BOUND('',#7924,.F.);
#7924 = EDGE_LOOP('',(#7925,#7926,#7933,#7941));
#7925 = ORIENTED_EDGE('',*,*,#7904,.T.);
#7926 = ORIENTED_EDGE('',*,*,#7927,.T.);
#7927 = EDGE_CURVE('',#7898,#7928,#7930,.T.);
#7928 = VERTEX_POINT('',#7929);
#7929 = CARTESIAN_POINT('',(21.118091,-22.96656,0.3));
#7930 = B_SPLINE_CURVE_WITH_KNOTS('',1,(#7931,#7932),.UNSPECIFIED.,.F.,
  .F.,(2,2),(0.,0.225244665144),.PIECEWISE_BEZIER_KNOTS.);
#7931 = CARTESIAN_POINT('',(20.895365,-22.93297,0.3));
#7932 = CARTESIAN_POINT('',(21.118091,-22.96656,0.3));
#7933 = ORIENTED_EDGE('',*,*,#7934,.F.);
#7934 = EDGE_CURVE('',#7935,#7928,#7937,.T.);
#7935 = VERTEX_POINT('',#7936);
#7936 = CARTESIAN_POINT('',(21.118091,-22.96656,0.));
#7937 = LINE('',#7938,#7939);
#7938 = CARTESIAN_POINT('',(21.118091,-22.96656,0.));
#7939 = VECTOR('',#7940,1.);
#7940 = DIRECTION('',(0.,0.,1.));
#7941 = ORIENTED_EDGE('',*,*,#7942,.F.);
#7942 = EDGE_CURVE('',#7905,#7935,#7943,.T.);
#7943 = B_SPLINE_CURVE_WITH_KNOTS('',1,(#7944,#7945),.UNSPECIFIED.,.F.,
  .F.,(2,2),(0.,0.225244665144),.PIECEWISE_BEZIER_KNOTS.);
#7944 = CARTESIAN_POINT('',(20.895365,-22.93297,0.));
#7945 = CARTESIAN_POINT('',(21.118091,-22.96656,0.));
#7946 = SURFACE_OF_LINEAR_EXTRUSION('',#7947,#7950);
#7947 = B_SPLINE_CURVE_WITH_KNOTS('',1,(#7948,#7949),.UNSPECIFIED.,.F.,
  .F.,(2,2),(0.,0.225244665144),.PIECEWISE_BEZIER_KNOTS.);
#7948 = CARTESIAN_POINT('',(20.895365,-22.93297,0.));
#7949 = CARTESIAN_POINT('',(21.118091,-22.96656,0.));
#7950 = VECTOR('',#7951,1.);
#7951 = DIRECTION('',(-0.,-0.,-1.));
#7952 = ADVANCED_FACE('',(#7953),#7976,.F.);
#7953 = FACE_BOUND('',#7954,.F.);
#7954 = EDGE_LOOP('',(#7955,#7956,#7963,#7971));
#7955 = ORIENTED_EDGE('',*,*,#7934,.T.);
#7956 = ORIENTED_EDGE('',*,*,#7957,.T.);
#7957 = EDGE_CURVE('',#7928,#7958,#7960,.T.);
#7958 = VERTEX_POINT('',#7959);
#7959 = CARTESIAN_POINT('',(21.338749,-23.085416,0.3));
#7960 = B_SPLINE_CURVE_WITH_KNOTS('',1,(#7961,#7962),.UNSPECIFIED.,.F.,
  .F.,(2,2),(0.,0.250632603027),.PIECEWISE_BEZIER_KNOTS.);
#7961 = CARTESIAN_POINT('',(21.118091,-22.96656,0.3));
#7962 = CARTESIAN_POINT('',(21.338749,-23.085416,0.3));
#7963 = ORIENTED_EDGE('',*,*,#7964,.F.);
#7964 = EDGE_CURVE('',#7965,#7958,#7967,.T.);
#7965 = VERTEX_POINT('',#7966);
#7966 = CARTESIAN_POINT('',(21.338749,-23.085416,0.));
#7967 = LINE('',#7968,#7969);
#7968 = CARTESIAN_POINT('',(21.338749,-23.085416,0.));
#7969 = VECTOR('',#7970,1.);
#7970 = DIRECTION('',(0.,0.,1.));
#7971 = ORIENTED_EDGE('',*,*,#7972,.F.);
#7972 = EDGE_CURVE('',#7935,#7965,#7973,.T.);
#7973 = B_SPLINE_CURVE_WITH_KNOTS('',1,(#7974,#7975),.UNSPECIFIED.,.F.,
  .F.,(2,2),(0.,0.250632603027),.PIECEWISE_BEZIER_KNOTS.);
#7974 = CARTESIAN_POINT('',(21.118091,-22.96656,0.));
#7975 = CARTESIAN_POINT('',(21.338749,-23.085416,0.));
#7976 = SURFACE_OF_LINEAR_EXTRUSION('',#7977,#7980);
#7977 = B_SPLINE_CURVE_WITH_KNOTS('',1,(#7978,#7979),.UNSPECIFIED.,.F.,
  .F.,(2,2),(0.,0.250632603027),.PIECEWISE_BEZIER_KNOTS.);
#7978 = CARTESIAN_POINT('',(21.118091,-22.96656,0.));
#7979 = CARTESIAN_POINT('',(21.338749,-23.085416,0.));
#7980 = VECTOR('',#7981,1.);
#7981 = DIRECTION('',(-0.,-0.,-1.));
#7982 = ADVANCED_FACE('',(#7983),#8006,.F.);
#7983 = FACE_BOUND('',#7984,.F.);
#7984 = EDGE_LOOP('',(#7985,#7986,#7993,#8001));
#7985 = ORIENTED_EDGE('',*,*,#7964,.T.);
#7986 = ORIENTED_EDGE('',*,*,#7987,.T.);
#7987 = EDGE_CURVE('',#7958,#7988,#7990,.T.);
#7988 = VERTEX_POINT('',#7989);
#7989 = CARTESIAN_POINT('',(21.506698,-23.237861,0.3));
#7990 = B_SPLINE_CURVE_WITH_KNOTS('',1,(#7991,#7992),.UNSPECIFIED.,.F.,
  .F.,(2,2),(0.,0.226817866638),.PIECEWISE_BEZIER_KNOTS.);
#7991 = CARTESIAN_POINT('',(21.338749,-23.085416,0.3));
#7992 = CARTESIAN_POINT('',(21.506698,-23.237861,0.3));
#7993 = ORIENTED_EDGE('',*,*,#7994,.F.);
#7994 = EDGE_CURVE('',#7995,#7988,#7997,.T.);
#7995 = VERTEX_POINT('',#7996);
#7996 = CARTESIAN_POINT('',(21.506698,-23.237861,0.));
#7997 = LINE('',#7998,#7999);
#7998 = CARTESIAN_POINT('',(21.506698,-23.237861,0.));
#7999 = VECTOR('',#8000,1.);
#8000 = DIRECTION('',(0.,0.,1.));
#8001 = ORIENTED_EDGE('',*,*,#8002,.F.);
#8002 = EDGE_CURVE('',#7965,#7995,#8003,.T.);
#8003 = B_SPLINE_CURVE_WITH_KNOTS('',1,(#8004,#8005),.UNSPECIFIED.,.F.,
  .F.,(2,2),(0.,0.226817866638),.PIECEWISE_BEZIER_KNOTS.);
#8004 = CARTESIAN_POINT('',(21.338749,-23.085416,0.));
#8005 = CARTESIAN_POINT('',(21.506698,-23.237861,0.));
#8006 = SURFACE_OF_LINEAR_EXTRUSION('',#8007,#8010);
#8007 = B_SPLINE_CURVE_WITH_KNOTS('',1,(#8008,#8009),.UNSPECIFIED.,.F.,
  .F.,(2,2),(0.,0.226817866638),.PIECEWISE_BEZIER_KNOTS.);
#8008 = CARTESIAN_POINT('',(21.338749,-23.085416,0.));
#8009 = CARTESIAN_POINT('',(21.506698,-23.237861,0.));
#8010 = VECTOR('',#8011,1.);
#8011 = DIRECTION('',(-0.,-0.,-1.));
#8012 = ADVANCED_FACE('',(#8013),#8036,.F.);
#8013 = FACE_BOUND('',#8014,.F.);
#8014 = EDGE_LOOP('',(#8015,#8016,#8023,#8031));
#8015 = ORIENTED_EDGE('',*,*,#7994,.T.);
#8016 = ORIENTED_EDGE('',*,*,#8017,.T.);
#8017 = EDGE_CURVE('',#7988,#8018,#8020,.T.);
#8018 = VERTEX_POINT('',#8019);
#8019 = CARTESIAN_POINT('',(21.6085,-23.456452,0.3));
#8020 = B_SPLINE_CURVE_WITH_KNOTS('',1,(#8021,#8022),.UNSPECIFIED.,.F.,
  .F.,(2,2),(0.,0.24113413795),.PIECEWISE_BEZIER_KNOTS.);
#8021 = CARTESIAN_POINT('',(21.506698,-23.237861,0.3));
#8022 = CARTESIAN_POINT('',(21.6085,-23.456452,0.3));
#8023 = ORIENTED_EDGE('',*,*,#8024,.F.);
#8024 = EDGE_CURVE('',#8025,#8018,#8027,.T.);
#8025 = VERTEX_POINT('',#8026);
#8026 = CARTESIAN_POINT('',(21.6085,-23.456452,0.));
#8027 = LINE('',#8028,#8029);
#8028 = CARTESIAN_POINT('',(21.6085,-23.456452,0.));
#8029 = VECTOR('',#8030,1.);
#8030 = DIRECTION('',(0.,0.,1.));
#8031 = ORIENTED_EDGE('',*,*,#8032,.F.);
#8032 = EDGE_CURVE('',#7995,#8025,#8033,.T.);
#8033 = B_SPLINE_CURVE_WITH_KNOTS('',1,(#8034,#8035),.UNSPECIFIED.,.F.,
  .F.,(2,2),(0.,0.24113413795),.PIECEWISE_BEZIER_KNOTS.);
#8034 = CARTESIAN_POINT('',(21.506698,-23.237861,0.));
#8035 = CARTESIAN_POINT('',(21.6085,-23.456452,0.));
#8036 = SURFACE_OF_LINEAR_EXTRUSION('',#8037,#8040);
#8037 = B_SPLINE_CURVE_WITH_KNOTS('',1,(#8038,#8039),.UNSPECIFIED.,.F.,
  .F.,(2,2),(0.,0.24113413795),.PIECEWISE_BEZIER_KNOTS.);
#8038 = CARTESIAN_POINT('',(21.506698,-23.237861,0.));
#8039 = CARTESIAN_POINT('',(21.6085,-23.456452,0.));
#8040 = VECTOR('',#8041,1.);
#8041 = DIRECTION('',(-0.,-0.,-1.));
#8042 = ADVANCED_FACE('',(#8043),#8066,.F.);
#8043 = FACE_BOUND('',#8044,.F.);
#8044 = EDGE_LOOP('',(#8045,#8046,#8053,#8061));
#8045 = ORIENTED_EDGE('',*,*,#8024,.T.);
#8046 = ORIENTED_EDGE('',*,*,#8047,.T.);
#8047 = EDGE_CURVE('',#8018,#8048,#8050,.T.);
#8048 = VERTEX_POINT('',#8049);
#8049 = CARTESIAN_POINT('',(21.64364,-23.679178,0.3));
#8050 = B_SPLINE_CURVE_WITH_KNOTS('',1,(#8051,#8052),.UNSPECIFIED.,.F.,
  .F.,(2,2),(0.,0.225481020656),.PIECEWISE_BEZIER_KNOTS.);
#8051 = CARTESIAN_POINT('',(21.6085,-23.456452,0.3));
#8052 = CARTESIAN_POINT('',(21.64364,-23.679178,0.3));
#8053 = ORIENTED_EDGE('',*,*,#8054,.F.);
#8054 = EDGE_CURVE('',#8055,#8048,#8057,.T.);
#8055 = VERTEX_POINT('',#8056);
#8056 = CARTESIAN_POINT('',(21.64364,-23.679178,0.));
#8057 = LINE('',#8058,#8059);
#8058 = CARTESIAN_POINT('',(21.64364,-23.679178,0.));
#8059 = VECTOR('',#8060,1.);
#8060 = DIRECTION('',(0.,0.,1.));
#8061 = ORIENTED_EDGE('',*,*,#8062,.F.);
#8062 = EDGE_CURVE('',#8025,#8055,#8063,.T.);
#8063 = B_SPLINE_CURVE_WITH_KNOTS('',1,(#8064,#8065),.UNSPECIFIED.,.F.,
  .F.,(2,2),(0.,0.225481020656),.PIECEWISE_BEZIER_KNOTS.);
#8064 = CARTESIAN_POINT('',(21.6085,-23.456452,0.));
#8065 = CARTESIAN_POINT('',(21.64364,-23.679178,0.));
#8066 = SURFACE_OF_LINEAR_EXTRUSION('',#8067,#8070);
#8067 = B_SPLINE_CURVE_WITH_KNOTS('',1,(#8068,#8069),.UNSPECIFIED.,.F.,
  .F.,(2,2),(0.,0.225481020656),.PIECEWISE_BEZIER_KNOTS.);
#8068 = CARTESIAN_POINT('',(21.6085,-23.456452,0.));
#8069 = CARTESIAN_POINT('',(21.64364,-23.679178,0.));
#8070 = VECTOR('',#8071,1.);
#8071 = DIRECTION('',(-0.,-0.,-1.));
#8072 = ADVANCED_FACE('',(#8073),#8096,.F.);
#8073 = FACE_BOUND('',#8074,.F.);
#8074 = EDGE_LOOP('',(#8075,#8076,#8083,#8091));
#8075 = ORIENTED_EDGE('',*,*,#8054,.T.);
#8076 = ORIENTED_EDGE('',*,*,#8077,.T.);
#8077 = EDGE_CURVE('',#8048,#8078,#8080,.T.);
#8078 = VERTEX_POINT('',#8079);
#8079 = CARTESIAN_POINT('',(21.64364,-28.13627,0.3));
#8080 = B_SPLINE_CURVE_WITH_KNOTS('',1,(#8081,#8082),.UNSPECIFIED.,.F.,
  .F.,(2,2),(0.,4.457092),.PIECEWISE_BEZIER_KNOTS.);
#8081 = CARTESIAN_POINT('',(21.64364,-23.679178,0.3));
#8082 = CARTESIAN_POINT('',(21.64364,-28.13627,0.3));
#8083 = ORIENTED_EDGE('',*,*,#8084,.F.);
#8084 = EDGE_CURVE('',#8085,#8078,#8087,.T.);
#8085 = VERTEX_POINT('',#8086);
#8086 = CARTESIAN_POINT('',(21.64364,-28.13627,0.));
#8087 = LINE('',#8088,#8089);
#8088 = CARTESIAN_POINT('',(21.64364,-28.13627,0.));
#8089 = VECTOR('',#8090,1.);
#8090 = DIRECTION('',(0.,0.,1.));
#8091 = ORIENTED_EDGE('',*,*,#8092,.F.);
#8092 = EDGE_CURVE('',#8055,#8085,#8093,.T.);
#8093 = B_SPLINE_CURVE_WITH_KNOTS('',1,(#8094,#8095),.UNSPECIFIED.,.F.,
  .F.,(2,2),(0.,4.457092),.PIECEWISE_BEZIER_KNOTS.);
#8094 = CARTESIAN_POINT('',(21.64364,-23.679178,0.));
#8095 = CARTESIAN_POINT('',(21.64364,-28.13627,0.));
#8096 = SURFACE_OF_LINEAR_EXTRUSION('',#8097,#8100);
#8097 = B_SPLINE_CURVE_WITH_KNOTS('',1,(#8098,#8099),.UNSPECIFIED.,.F.,
  .F.,(2,2),(0.,4.457092),.PIECEWISE_BEZIER_KNOTS.);
#8098 = CARTESIAN_POINT('',(21.64364,-23.679178,0.));
#8099 = CARTESIAN_POINT('',(21.64364,-28.13627,0.));
#8100 = VECTOR('',#8101,1.);
#8101 = DIRECTION('',(-0.,-0.,-1.));
#8102 = ADVANCED_FACE('',(#8103),#8130,.F.);
#8103 = FACE_BOUND('',#8104,.F.);
#8104 = EDGE_LOOP('',(#8105,#8106,#8115,#8123));
#8105 = ORIENTED_EDGE('',*,*,#8084,.T.);
#8106 = ORIENTED_EDGE('',*,*,#8107,.T.);
#8107 = EDGE_CURVE('',#8078,#8108,#8110,.T.);
#8108 = VERTEX_POINT('',#8109);
#8109 = CARTESIAN_POINT('',(21.64364,-28.15126,0.3));
#8110 = B_SPLINE_CURVE_WITH_KNOTS('',3,(#8111,#8112,#8113,#8114),
  .UNSPECIFIED.,.F.,.F.,(4,4),(0.,1.),.PIECEWISE_BEZIER_KNOTS.);
#8111 = CARTESIAN_POINT('',(21.64364,-28.13627,0.3));
#8112 = CARTESIAN_POINT('',(21.642887,-28.14127,0.3));
#8113 = CARTESIAN_POINT('',(21.642887,-28.14629,0.3));
#8114 = CARTESIAN_POINT('',(21.64364,-28.15126,0.3));
#8115 = ORIENTED_EDGE('',*,*,#8116,.F.);
#8116 = EDGE_CURVE('',#8117,#8108,#8119,.T.);
#8117 = VERTEX_POINT('',#8118);
#8118 = CARTESIAN_POINT('',(21.64364,-28.15126,0.));
#8119 = LINE('',#8120,#8121);
#8120 = CARTESIAN_POINT('',(21.64364,-28.15126,0.));
#8121 = VECTOR('',#8122,1.);
#8122 = DIRECTION('',(0.,0.,1.));
#8123 = ORIENTED_EDGE('',*,*,#8124,.F.);
#8124 = EDGE_CURVE('',#8085,#8117,#8125,.T.);
#8125 = B_SPLINE_CURVE_WITH_KNOTS('',3,(#8126,#8127,#8128,#8129),
  .UNSPECIFIED.,.F.,.F.,(4,4),(0.,1.),.PIECEWISE_BEZIER_KNOTS.);
#8126 = CARTESIAN_POINT('',(21.64364,-28.13627,0.));
#8127 = CARTESIAN_POINT('',(21.642887,-28.14127,0.));
#8128 = CARTESIAN_POINT('',(21.642887,-28.14629,0.));
#8129 = CARTESIAN_POINT('',(21.64364,-28.15126,0.));
#8130 = SURFACE_OF_LINEAR_EXTRUSION('',#8131,#8136);
#8131 = B_SPLINE_CURVE_WITH_KNOTS('',3,(#8132,#8133,#8134,#8135),
  .UNSPECIFIED.,.F.,.F.,(4,4),(0.,1.),.PIECEWISE_BEZIER_KNOTS.);
#8132 = CARTESIAN_POINT('',(21.64364,-28.13627,0.));
#8133 = CARTESIAN_POINT('',(21.642887,-28.14127,0.));
#8134 = CARTESIAN_POINT('',(21.642887,-28.14629,0.));
#8135 = CARTESIAN_POINT('',(21.64364,-28.15126,0.));
#8136 = VECTOR('',#8137,1.);
#8137 = DIRECTION('',(-0.,-0.,-1.));
#8138 = ADVANCED_FACE('',(#8139),#8162,.F.);
#8139 = FACE_BOUND('',#8140,.F.);
#8140 = EDGE_LOOP('',(#8141,#8142,#8149,#8157));
#8141 = ORIENTED_EDGE('',*,*,#8116,.T.);
#8142 = ORIENTED_EDGE('',*,*,#8143,.T.);
#8143 = EDGE_CURVE('',#8108,#8144,#8146,.T.);
#8144 = VERTEX_POINT('',#8145);
#8145 = CARTESIAN_POINT('',(21.67878,-28.385871,0.3));
#8146 = B_SPLINE_CURVE_WITH_KNOTS('',1,(#8147,#8148),.UNSPECIFIED.,.F.,
  .F.,(2,2),(0.,0.237228035698),.PIECEWISE_BEZIER_KNOTS.);
#8147 = CARTESIAN_POINT('',(21.64364,-28.15126,0.3));
#8148 = CARTESIAN_POINT('',(21.67878,-28.385871,0.3));
#8149 = ORIENTED_EDGE('',*,*,#8150,.F.);
#8150 = EDGE_CURVE('',#8151,#8144,#8153,.T.);
#8151 = VERTEX_POINT('',#8152);
#8152 = CARTESIAN_POINT('',(21.67878,-28.385871,0.));
#8153 = LINE('',#8154,#8155);
#8154 = CARTESIAN_POINT('',(21.67878,-28.385871,0.));
#8155 = VECTOR('',#8156,1.);
#8156 = DIRECTION('',(0.,0.,1.));
#8157 = ORIENTED_EDGE('',*,*,#8158,.F.);
#8158 = EDGE_CURVE('',#8117,#8151,#8159,.T.);
#8159 = B_SPLINE_CURVE_WITH_KNOTS('',1,(#8160,#8161),.UNSPECIFIED.,.F.,
  .F.,(2,2),(0.,0.237228035698),.PIECEWISE_BEZIER_KNOTS.);
#8160 = CARTESIAN_POINT('',(21.64364,-28.15126,0.));
#8161 = CARTESIAN_POINT('',(21.67878,-28.385871,0.));
#8162 = SURFACE_OF_LINEAR_EXTRUSION('',#8163,#8166);
#8163 = B_SPLINE_CURVE_WITH_KNOTS('',1,(#8164,#8165),.UNSPECIFIED.,.F.,
  .F.,(2,2),(0.,0.237228035698),.PIECEWISE_BEZIER_KNOTS.);
#8164 = CARTESIAN_POINT('',(21.64364,-28.15126,0.));
#8165 = CARTESIAN_POINT('',(21.67878,-28.385871,0.));
#8166 = VECTOR('',#8167,1.);
#8167 = DIRECTION('',(-0.,-0.,-1.));
#8168 = ADVANCED_FACE('',(#8169),#8196,.F.);
#8169 = FACE_BOUND('',#8170,.F.);
#8170 = EDGE_LOOP('',(#8171,#8172,#8181,#8189));
#8171 = ORIENTED_EDGE('',*,*,#8150,.T.);
#8172 = ORIENTED_EDGE('',*,*,#8173,.T.);
#8173 = EDGE_CURVE('',#8144,#8174,#8176,.T.);
#8174 = VERTEX_POINT('',#8175);
#8175 = CARTESIAN_POINT('',(21.68448,-28.401371,0.3));
#8176 = B_SPLINE_CURVE_WITH_KNOTS('',3,(#8177,#8178,#8179,#8180),
  .UNSPECIFIED.,.F.,.F.,(4,4),(0.,1.),.PIECEWISE_BEZIER_KNOTS.);
#8177 = CARTESIAN_POINT('',(21.67878,-28.385871,0.3));
#8178 = CARTESIAN_POINT('',(21.67978,-28.391271,0.3));
#8179 = CARTESIAN_POINT('',(21.68178,-28.396551,0.3));
#8180 = CARTESIAN_POINT('',(21.68448,-28.401371,0.3));
#8181 = ORIENTED_EDGE('',*,*,#8182,.F.);
#8182 = EDGE_CURVE('',#8183,#8174,#8185,.T.);
#8183 = VERTEX_POINT('',#8184);
#8184 = CARTESIAN_POINT('',(21.68448,-28.401371,0.));
#8185 = LINE('',#8186,#8187);
#8186 = CARTESIAN_POINT('',(21.68448,-28.401371,0.));
#8187 = VECTOR('',#8188,1.);
#8188 = DIRECTION('',(0.,0.,1.));
#8189 = ORIENTED_EDGE('',*,*,#8190,.F.);
#8190 = EDGE_CURVE('',#8151,#8183,#8191,.T.);
#8191 = B_SPLINE_CURVE_WITH_KNOTS('',3,(#8192,#8193,#8194,#8195),
  .UNSPECIFIED.,.F.,.F.,(4,4),(0.,1.),.PIECEWISE_BEZIER_KNOTS.);
#8192 = CARTESIAN_POINT('',(21.67878,-28.385871,0.));
#8193 = CARTESIAN_POINT('',(21.67978,-28.391271,0.));
#8194 = CARTESIAN_POINT('',(21.68178,-28.396551,0.));
#8195 = CARTESIAN_POINT('',(21.68448,-28.401371,0.));
#8196 = SURFACE_OF_LINEAR_EXTRUSION('',#8197,#8202);
#8197 = B_SPLINE_CURVE_WITH_KNOTS('',3,(#8198,#8199,#8200,#8201),
  .UNSPECIFIED.,.F.,.F.,(4,4),(0.,1.),.PIECEWISE_BEZIER_KNOTS.);
#8198 = CARTESIAN_POINT('',(21.67878,-28.385871,0.));
#8199 = CARTESIAN_POINT('',(21.67978,-28.391271,0.));
#8200 = CARTESIAN_POINT('',(21.68178,-28.396551,0.));
#8201 = CARTESIAN_POINT('',(21.68448,-28.401371,0.));
#8202 = VECTOR('',#8203,1.);
#8203 = DIRECTION('',(-0.,-0.,-1.));
#8204 = ADVANCED_FACE('',(#8205),#8228,.F.);
#8205 = FACE_BOUND('',#8206,.F.);
#8206 = EDGE_LOOP('',(#8207,#8208,#8215,#8223));
#8207 = ORIENTED_EDGE('',*,*,#8182,.T.);
#8208 = ORIENTED_EDGE('',*,*,#8209,.T.);
#8209 = EDGE_CURVE('',#8174,#8210,#8212,.T.);
#8210 = VERTEX_POINT('',#8211);
#8211 = CARTESIAN_POINT('',(21.811604,-28.635465,0.3));
#8212 = B_SPLINE_CURVE_WITH_KNOTS('',1,(#8213,#8214),.UNSPECIFIED.,.F.,
  .F.,(2,2),(0.,0.26638414407),.PIECEWISE_BEZIER_KNOTS.);
#8213 = CARTESIAN_POINT('',(21.68448,-28.401371,0.3));
#8214 = CARTESIAN_POINT('',(21.811604,-28.635465,0.3));
#8215 = ORIENTED_EDGE('',*,*,#8216,.F.);
#8216 = EDGE_CURVE('',#8217,#8210,#8219,.T.);
#8217 = VERTEX_POINT('',#8218);
#8218 = CARTESIAN_POINT('',(21.811604,-28.635465,0.));
#8219 = LINE('',#8220,#8221);
#8220 = CARTESIAN_POINT('',(21.811604,-28.635465,0.));
#8221 = VECTOR('',#8222,1.);
#8222 = DIRECTION('',(0.,0.,1.));
#8223 = ORIENTED_EDGE('',*,*,#8224,.F.);
#8224 = EDGE_CURVE('',#8183,#8217,#8225,.T.);
#8225 = B_SPLINE_CURVE_WITH_KNOTS('',1,(#8226,#8227),.UNSPECIFIED.,.F.,
  .F.,(2,2),(0.,0.26638414407),.PIECEWISE_BEZIER_KNOTS.);
#8226 = CARTESIAN_POINT('',(21.68448,-28.401371,0.));
#8227 = CARTESIAN_POINT('',(21.811604,-28.635465,0.));
#8228 = SURFACE_OF_LINEAR_EXTRUSION('',#8229,#8232);
#8229 = B_SPLINE_CURVE_WITH_KNOTS('',1,(#8230,#8231),.UNSPECIFIED.,.F.,
  .F.,(2,2),(0.,0.26638414407),.PIECEWISE_BEZIER_KNOTS.);
#8230 = CARTESIAN_POINT('',(21.68448,-28.401371,0.));
#8231 = CARTESIAN_POINT('',(21.811604,-28.635465,0.));
#8232 = VECTOR('',#8233,1.);
#8233 = DIRECTION('',(-0.,-0.,-1.));
#8234 = ADVANCED_FACE('',(#8235),#8262,.F.);
#8235 = FACE_BOUND('',#8236,.F.);
#8236 = EDGE_LOOP('',(#8237,#8238,#8247,#8255));
#8237 = ORIENTED_EDGE('',*,*,#8216,.T.);
#8238 = ORIENTED_EDGE('',*,*,#8239,.T.);
#8239 = EDGE_CURVE('',#8210,#8240,#8242,.T.);
#8240 = VERTEX_POINT('',#8241);
#8241 = CARTESIAN_POINT('',(21.819404,-28.647355,0.3));
#8242 = B_SPLINE_CURVE_WITH_KNOTS('',3,(#8243,#8244,#8245,#8246),
  .UNSPECIFIED.,.F.,.F.,(4,4),(0.,1.),.PIECEWISE_BEZIER_KNOTS.);
#8243 = CARTESIAN_POINT('',(21.811604,-28.635465,0.3));
#8244 = CARTESIAN_POINT('',(21.813604,-28.639765,0.3));
#8245 = CARTESIAN_POINT('',(21.816204,-28.643765,0.3));
#8246 = CARTESIAN_POINT('',(21.819404,-28.647355,0.3));
#8247 = ORIENTED_EDGE('',*,*,#8248,.F.);
#8248 = EDGE_CURVE('',#8249,#8240,#8251,.T.);
#8249 = VERTEX_POINT('',#8250);
#8250 = CARTESIAN_POINT('',(21.819404,-28.647355,0.));
#8251 = LINE('',#8252,#8253);
#8252 = CARTESIAN_POINT('',(21.819404,-28.647355,0.));
#8253 = VECTOR('',#8254,1.);
#8254 = DIRECTION('',(0.,0.,1.));
#8255 = ORIENTED_EDGE('',*,*,#8256,.F.);
#8256 = EDGE_CURVE('',#8217,#8249,#8257,.T.);
#8257 = B_SPLINE_CURVE_WITH_KNOTS('',3,(#8258,#8259,#8260,#8261),
  .UNSPECIFIED.,.F.,.F.,(4,4),(0.,1.),.PIECEWISE_BEZIER_KNOTS.);
#8258 = CARTESIAN_POINT('',(21.811604,-28.635465,0.));
#8259 = CARTESIAN_POINT('',(21.813604,-28.639765,0.));
#8260 = CARTESIAN_POINT('',(21.816204,-28.643765,0.));
#8261 = CARTESIAN_POINT('',(21.819404,-28.647355,0.));
#8262 = SURFACE_OF_LINEAR_EXTRUSION('',#8263,#8268);
#8263 = B_SPLINE_CURVE_WITH_KNOTS('',3,(#8264,#8265,#8266,#8267),
  .UNSPECIFIED.,.F.,.F.,(4,4),(0.,1.),.PIECEWISE_BEZIER_KNOTS.);
#8264 = CARTESIAN_POINT('',(21.811604,-28.635465,0.));
#8265 = CARTESIAN_POINT('',(21.813604,-28.639765,0.));
#8266 = CARTESIAN_POINT('',(21.816204,-28.643765,0.));
#8267 = CARTESIAN_POINT('',(21.819404,-28.647355,0.));
#8268 = VECTOR('',#8269,1.);
#8269 = DIRECTION('',(-0.,-0.,-1.));
#8270 = ADVANCED_FACE('',(#8271),#8294,.F.);
#8271 = FACE_BOUND('',#8272,.F.);
#8272 = EDGE_LOOP('',(#8273,#8274,#8281,#8289));
#8273 = ORIENTED_EDGE('',*,*,#8248,.T.);
#8274 = ORIENTED_EDGE('',*,*,#8275,.T.);
#8275 = EDGE_CURVE('',#8240,#8276,#8278,.T.);
#8276 = VERTEX_POINT('',#8277);
#8277 = CARTESIAN_POINT('',(21.981668,-28.809619,0.3));
#8278 = B_SPLINE_CURVE_WITH_KNOTS('',1,(#8279,#8280),.UNSPECIFIED.,.F.,
  .F.,(2,2),(0.,0.229475949485),.PIECEWISE_BEZIER_KNOTS.);
#8279 = CARTESIAN_POINT('',(21.819404,-28.647355,0.3));
#8280 = CARTESIAN_POINT('',(21.981668,-28.809619,0.3));
#8281 = ORIENTED_EDGE('',*,*,#8282,.F.);
#8282 = EDGE_CURVE('',#8283,#8276,#8285,.T.);
#8283 = VERTEX_POINT('',#8284);
#8284 = CARTESIAN_POINT('',(21.981668,-28.809619,0.));
#8285 = LINE('',#8286,#8287);
#8286 = CARTESIAN_POINT('',(21.981668,-28.809619,0.));
#8287 = VECTOR('',#8288,1.);
#8288 = DIRECTION('',(0.,0.,1.));
#8289 = ORIENTED_EDGE('',*,*,#8290,.F.);
#8290 = EDGE_CURVE('',#8249,#8283,#8291,.T.);
#8291 = B_SPLINE_CURVE_WITH_KNOTS('',1,(#8292,#8293),.UNSPECIFIED.,.F.,
  .F.,(2,2),(0.,0.229475949485),.PIECEWISE_BEZIER_KNOTS.);
#8292 = CARTESIAN_POINT('',(21.819404,-28.647355,0.));
#8293 = CARTESIAN_POINT('',(21.981668,-28.809619,0.));
#8294 = SURFACE_OF_LINEAR_EXTRUSION('',#8295,#8298);
#8295 = B_SPLINE_CURVE_WITH_KNOTS('',1,(#8296,#8297),.UNSPECIFIED.,.F.,
  .F.,(2,2),(0.,0.229475949485),.PIECEWISE_BEZIER_KNOTS.);
#8296 = CARTESIAN_POINT('',(21.819404,-28.647355,0.));
#8297 = CARTESIAN_POINT('',(21.981668,-28.809619,0.));
#8298 = VECTOR('',#8299,1.);
#8299 = DIRECTION('',(-0.,-0.,-1.));
#8300 = ADVANCED_FACE('',(#8301),#8328,.F.);
#8301 = FACE_BOUND('',#8302,.F.);
#8302 = EDGE_LOOP('',(#8303,#8304,#8313,#8321));
#8303 = ORIENTED_EDGE('',*,*,#8282,.T.);
#8304 = ORIENTED_EDGE('',*,*,#8305,.T.);
#8305 = EDGE_CURVE('',#8276,#8306,#8308,.T.);
#8306 = VERTEX_POINT('',#8307);
#8307 = CARTESIAN_POINT('',(21.993558,-28.817419,0.3));
#8308 = B_SPLINE_CURVE_WITH_KNOTS('',3,(#8309,#8310,#8311,#8312),
  .UNSPECIFIED.,.F.,.F.,(4,4),(0.,1.),.PIECEWISE_BEZIER_KNOTS.);
#8309 = CARTESIAN_POINT('',(21.981668,-28.809619,0.3));
#8310 = CARTESIAN_POINT('',(21.985268,-28.812819,0.3));
#8311 = CARTESIAN_POINT('',(21.989268,-28.815419,0.3));
#8312 = CARTESIAN_POINT('',(21.993558,-28.817419,0.3));
#8313 = ORIENTED_EDGE('',*,*,#8314,.F.);
#8314 = EDGE_CURVE('',#8315,#8306,#8317,.T.);
#8315 = VERTEX_POINT('',#8316);
#8316 = CARTESIAN_POINT('',(21.993558,-28.817419,0.));
#8317 = LINE('',#8318,#8319);
#8318 = CARTESIAN_POINT('',(21.993558,-28.817419,0.));
#8319 = VECTOR('',#8320,1.);
#8320 = DIRECTION('',(0.,0.,1.));
#8321 = ORIENTED_EDGE('',*,*,#8322,.F.);
#8322 = EDGE_CURVE('',#8283,#8315,#8323,.T.);
#8323 = B_SPLINE_CURVE_WITH_KNOTS('',3,(#8324,#8325,#8326,#8327),
  .UNSPECIFIED.,.F.,.F.,(4,4),(0.,1.),.PIECEWISE_BEZIER_KNOTS.);
#8324 = CARTESIAN_POINT('',(21.981668,-28.809619,0.));
#8325 = CARTESIAN_POINT('',(21.985268,-28.812819,0.));
#8326 = CARTESIAN_POINT('',(21.989268,-28.815419,0.));
#8327 = CARTESIAN_POINT('',(21.993558,-28.817419,0.));
#8328 = SURFACE_OF_LINEAR_EXTRUSION('',#8329,#8334);
#8329 = B_SPLINE_CURVE_WITH_KNOTS('',3,(#8330,#8331,#8332,#8333),
  .UNSPECIFIED.,.F.,.F.,(4,4),(0.,1.),.PIECEWISE_BEZIER_KNOTS.);
#8330 = CARTESIAN_POINT('',(21.981668,-28.809619,0.));
#8331 = CARTESIAN_POINT('',(21.985268,-28.812819,0.));
#8332 = CARTESIAN_POINT('',(21.989268,-28.815419,0.));
#8333 = CARTESIAN_POINT('',(21.993558,-28.817419,0.));
#8334 = VECTOR('',#8335,1.);
#8335 = DIRECTION('',(-0.,-0.,-1.));
#8336 = ADVANCED_FACE('',(#8337),#8360,.F.);
#8337 = FACE_BOUND('',#8338,.F.);
#8338 = EDGE_LOOP('',(#8339,#8340,#8347,#8355));
#8339 = ORIENTED_EDGE('',*,*,#8314,.T.);
#8340 = ORIENTED_EDGE('',*,*,#8341,.T.);
#8341 = EDGE_CURVE('',#8306,#8342,#8344,.T.);
#8342 = VERTEX_POINT('',#8343);
#8343 = CARTESIAN_POINT('',(22.227652,-28.944543,0.3));
#8344 = B_SPLINE_CURVE_WITH_KNOTS('',1,(#8345,#8346),.UNSPECIFIED.,.F.,
  .F.,(2,2),(0.,0.26638414407),.PIECEWISE_BEZIER_KNOTS.);
#8345 = CARTESIAN_POINT('',(21.993558,-28.817419,0.3));
#8346 = CARTESIAN_POINT('',(22.227652,-28.944543,0.3));
#8347 = ORIENTED_EDGE('',*,*,#8348,.F.);
#8348 = EDGE_CURVE('',#8349,#8342,#8351,.T.);
#8349 = VERTEX_POINT('',#8350);
#8350 = CARTESIAN_POINT('',(22.227652,-28.944543,0.));
#8351 = LINE('',#8352,#8353);
#8352 = CARTESIAN_POINT('',(22.227652,-28.944543,0.));
#8353 = VECTOR('',#8354,1.);
#8354 = DIRECTION('',(0.,0.,1.));
#8355 = ORIENTED_EDGE('',*,*,#8356,.F.);
#8356 = EDGE_CURVE('',#8315,#8349,#8357,.T.);
#8357 = B_SPLINE_CURVE_WITH_KNOTS('',1,(#8358,#8359),.UNSPECIFIED.,.F.,
  .F.,(2,2),(0.,0.26638414407),.PIECEWISE_BEZIER_KNOTS.);
#8358 = CARTESIAN_POINT('',(21.993558,-28.817419,0.));
#8359 = CARTESIAN_POINT('',(22.227652,-28.944543,0.));
#8360 = SURFACE_OF_LINEAR_EXTRUSION('',#8361,#8364);
#8361 = B_SPLINE_CURVE_WITH_KNOTS('',1,(#8362,#8363),.UNSPECIFIED.,.F.,
  .F.,(2,2),(0.,0.26638414407),.PIECEWISE_BEZIER_KNOTS.);
#8362 = CARTESIAN_POINT('',(21.993558,-28.817419,0.));
#8363 = CARTESIAN_POINT('',(22.227652,-28.944543,0.));
#8364 = VECTOR('',#8365,1.);
#8365 = DIRECTION('',(-0.,-0.,-1.));
#8366 = ADVANCED_FACE('',(#8367),#8394,.F.);
#8367 = FACE_BOUND('',#8368,.F.);
#8368 = EDGE_LOOP('',(#8369,#8370,#8379,#8387));
#8369 = ORIENTED_EDGE('',*,*,#8348,.T.);
#8370 = ORIENTED_EDGE('',*,*,#8371,.T.);
#8371 = EDGE_CURVE('',#8342,#8372,#8374,.T.);
#8372 = VERTEX_POINT('',#8373);
#8373 = CARTESIAN_POINT('',(22.243152,-28.950743,0.3));
#8374 = B_SPLINE_CURVE_WITH_KNOTS('',3,(#8375,#8376,#8377,#8378),
  .UNSPECIFIED.,.F.,.F.,(4,4),(0.,1.),.PIECEWISE_BEZIER_KNOTS.);
#8375 = CARTESIAN_POINT('',(22.227652,-28.944543,0.3));
#8376 = CARTESIAN_POINT('',(22.232452,-28.947443,0.3));
#8377 = CARTESIAN_POINT('',(22.237672,-28.949543,0.3));
#8378 = CARTESIAN_POINT('',(22.243152,-28.950743,0.3));
#8379 = ORIENTED_EDGE('',*,*,#8380,.F.);
#8380 = EDGE_CURVE('',#8381,#8372,#8383,.T.);
#8381 = VERTEX_POINT('',#8382);
#8382 = CARTESIAN_POINT('',(22.243152,-28.950743,0.));
#8383 = LINE('',#8384,#8385);
#8384 = CARTESIAN_POINT('',(22.243152,-28.950743,0.));
#8385 = VECTOR('',#8386,1.);
#8386 = DIRECTION('',(0.,0.,1.));
#8387 = ORIENTED_EDGE('',*,*,#8388,.F.);
#8388 = EDGE_CURVE('',#8349,#8381,#8389,.T.);
#8389 = B_SPLINE_CURVE_WITH_KNOTS('',3,(#8390,#8391,#8392,#8393),
  .UNSPECIFIED.,.F.,.F.,(4,4),(0.,1.),.PIECEWISE_BEZIER_KNOTS.);
#8390 = CARTESIAN_POINT('',(22.227652,-28.944543,0.));
#8391 = CARTESIAN_POINT('',(22.232452,-28.947443,0.));
#8392 = CARTESIAN_POINT('',(22.237672,-28.949543,0.));
#8393 = CARTESIAN_POINT('',(22.243152,-28.950743,0.));
#8394 = SURFACE_OF_LINEAR_EXTRUSION('',#8395,#8400);
#8395 = B_SPLINE_CURVE_WITH_KNOTS('',3,(#8396,#8397,#8398,#8399),
  .UNSPECIFIED.,.F.,.F.,(4,4),(0.,1.),.PIECEWISE_BEZIER_KNOTS.);
#8396 = CARTESIAN_POINT('',(22.227652,-28.944543,0.));
#8397 = CARTESIAN_POINT('',(22.232452,-28.947443,0.));
#8398 = CARTESIAN_POINT('',(22.237672,-28.949543,0.));
#8399 = CARTESIAN_POINT('',(22.243152,-28.950743,0.));
#8400 = VECTOR('',#8401,1.);
#8401 = DIRECTION('',(-0.,-0.,-1.));
#8402 = ADVANCED_FACE('',(#8403),#8426,.F.);
#8403 = FACE_BOUND('',#8404,.F.);
#8404 = EDGE_LOOP('',(#8405,#8406,#8413,#8421));
#8405 = ORIENTED_EDGE('',*,*,#8380,.T.);
#8406 = ORIENTED_EDGE('',*,*,#8407,.T.);
#8407 = EDGE_CURVE('',#8372,#8408,#8410,.T.);
#8408 = VERTEX_POINT('',#8409);
#8409 = CARTESIAN_POINT('',(22.477763,-28.985883,0.3));
#8410 = B_SPLINE_CURVE_WITH_KNOTS('',1,(#8411,#8412),.UNSPECIFIED.,.F.,
  .F.,(2,2),(0.,0.237228035698),.PIECEWISE_BEZIER_KNOTS.);
#8411 = CARTESIAN_POINT('',(22.243152,-28.950743,0.3));
#8412 = CARTESIAN_POINT('',(22.477763,-28.985883,0.3));
#8413 = ORIENTED_EDGE('',*,*,#8414,.F.);
#8414 = EDGE_CURVE('',#8415,#8408,#8417,.T.);
#8415 = VERTEX_POINT('',#8416);
#8416 = CARTESIAN_POINT('',(22.477763,-28.985883,0.));
#8417 = LINE('',#8418,#8419);
#8418 = CARTESIAN_POINT('',(22.477763,-28.985883,0.));
#8419 = VECTOR('',#8420,1.);
#8420 = DIRECTION('',(0.,0.,1.));
#8421 = ORIENTED_EDGE('',*,*,#8422,.F.);
#8422 = EDGE_CURVE('',#8381,#8415,#8423,.T.);
#8423 = B_SPLINE_CURVE_WITH_KNOTS('',1,(#8424,#8425),.UNSPECIFIED.,.F.,
  .F.,(2,2),(0.,0.237228035698),.PIECEWISE_BEZIER_KNOTS.);
#8424 = CARTESIAN_POINT('',(22.243152,-28.950743,0.));
#8425 = CARTESIAN_POINT('',(22.477763,-28.985883,0.));
#8426 = SURFACE_OF_LINEAR_EXTRUSION('',#8427,#8430);
#8427 = B_SPLINE_CURVE_WITH_KNOTS('',1,(#8428,#8429),.UNSPECIFIED.,.F.,
  .F.,(2,2),(0.,0.237228035698),.PIECEWISE_BEZIER_KNOTS.);
#8428 = CARTESIAN_POINT('',(22.243152,-28.950743,0.));
#8429 = CARTESIAN_POINT('',(22.477763,-28.985883,0.));
#8430 = VECTOR('',#8431,1.);
#8431 = DIRECTION('',(-0.,-0.,-1.));
#8432 = ADVANCED_FACE('',(#8433),#8460,.F.);
#8433 = FACE_BOUND('',#8434,.F.);
#8434 = EDGE_LOOP('',(#8435,#8436,#8445,#8453));
#8435 = ORIENTED_EDGE('',*,*,#8414,.T.);
#8436 = ORIENTED_EDGE('',*,*,#8437,.T.);
#8437 = EDGE_CURVE('',#8408,#8438,#8440,.T.);
#8438 = VERTEX_POINT('',#8439);
#8439 = CARTESIAN_POINT('',(22.494813,-28.985366,0.3));
#8440 = B_SPLINE_CURVE_WITH_KNOTS('',3,(#8441,#8442,#8443,#8444),
  .UNSPECIFIED.,.F.,.F.,(4,4),(0.,1.),.PIECEWISE_BEZIER_KNOTS.);
#8441 = CARTESIAN_POINT('',(22.477763,-28.985883,0.3));
#8442 = CARTESIAN_POINT('',(22.483463,-28.986689,0.3));
#8443 = CARTESIAN_POINT('',(22.489203,-28.986514,0.3));
#8444 = CARTESIAN_POINT('',(22.494813,-28.985366,0.3));
#8445 = ORIENTED_EDGE('',*,*,#8446,.F.);
#8446 = EDGE_CURVE('',#8447,#8438,#8449,.T.);
#8447 = VERTEX_POINT('',#8448);
#8448 = CARTESIAN_POINT('',(22.494813,-28.985366,0.));
#8449 = LINE('',#8450,#8451);
#8450 = CARTESIAN_POINT('',(22.494813,-28.985366,0.));
#8451 = VECTOR('',#8452,1.);
#8452 = DIRECTION('',(0.,0.,1.));
#8453 = ORIENTED_EDGE('',*,*,#8454,.F.);
#8454 = EDGE_CURVE('',#8415,#8447,#8455,.T.);
#8455 = B_SPLINE_CURVE_WITH_KNOTS('',3,(#8456,#8457,#8458,#8459),
  .UNSPECIFIED.,.F.,.F.,(4,4),(0.,1.),.PIECEWISE_BEZIER_KNOTS.);
#8456 = CARTESIAN_POINT('',(22.477763,-28.985883,0.));
#8457 = CARTESIAN_POINT('',(22.483463,-28.986689,0.));
#8458 = CARTESIAN_POINT('',(22.489203,-28.986514,0.));
#8459 = CARTESIAN_POINT('',(22.494813,-28.985366,0.));
#8460 = SURFACE_OF_LINEAR_EXTRUSION('',#8461,#8466);
#8461 = B_SPLINE_CURVE_WITH_KNOTS('',3,(#8462,#8463,#8464,#8465),
  .UNSPECIFIED.,.F.,.F.,(4,4),(0.,1.),.PIECEWISE_BEZIER_KNOTS.);
#8462 = CARTESIAN_POINT('',(22.477763,-28.985883,0.));
#8463 = CARTESIAN_POINT('',(22.483463,-28.986689,0.));
#8464 = CARTESIAN_POINT('',(22.489203,-28.986514,0.));
#8465 = CARTESIAN_POINT('',(22.494813,-28.985366,0.));
#8466 = VECTOR('',#8467,1.);
#8467 = DIRECTION('',(-0.,-0.,-1.));
#8468 = ADVANCED_FACE('',(#8469),#8492,.F.);
#8469 = FACE_BOUND('',#8470,.F.);
#8470 = EDGE_LOOP('',(#8471,#8472,#8479,#8487));
#8471 = ORIENTED_EDGE('',*,*,#8446,.T.);
#8472 = ORIENTED_EDGE('',*,*,#8473,.T.);
#8473 = EDGE_CURVE('',#8438,#8474,#8476,.T.);
#8474 = VERTEX_POINT('',#8475);
#8475 = CARTESIAN_POINT('',(25.657411,-28.985366,0.3));
#8476 = B_SPLINE_CURVE_WITH_KNOTS('',1,(#8477,#8478),.UNSPECIFIED.,.F.,
  .F.,(2,2),(0.,3.162598),.PIECEWISE_BEZIER_KNOTS.);
#8477 = CARTESIAN_POINT('',(22.494813,-28.985366,0.3));
#8478 = CARTESIAN_POINT('',(25.657411,-28.985366,0.3));
#8479 = ORIENTED_EDGE('',*,*,#8480,.F.);
#8480 = EDGE_CURVE('',#8481,#8474,#8483,.T.);
#8481 = VERTEX_POINT('',#8482);
#8482 = CARTESIAN_POINT('',(25.657411,-28.985366,0.));
#8483 = LINE('',#8484,#8485);
#8484 = CARTESIAN_POINT('',(25.657411,-28.985366,0.));
#8485 = VECTOR('',#8486,1.);
#8486 = DIRECTION('',(0.,0.,1.));
#8487 = ORIENTED_EDGE('',*,*,#8488,.F.);
#8488 = EDGE_CURVE('',#8447,#8481,#8489,.T.);
#8489 = B_SPLINE_CURVE_WITH_KNOTS('',1,(#8490,#8491),.UNSPECIFIED.,.F.,
  .F.,(2,2),(0.,3.162598),.PIECEWISE_BEZIER_KNOTS.);
#8490 = CARTESIAN_POINT('',(22.494813,-28.985366,0.));
#8491 = CARTESIAN_POINT('',(25.657411,-28.985366,0.));
#8492 = SURFACE_OF_LINEAR_EXTRUSION('',#8493,#8496);
#8493 = B_SPLINE_CURVE_WITH_KNOTS('',1,(#8494,#8495),.UNSPECIFIED.,.F.,
  .F.,(2,2),(0.,3.162598),.PIECEWISE_BEZIER_KNOTS.);
#8494 = CARTESIAN_POINT('',(22.494813,-28.985366,0.));
#8495 = CARTESIAN_POINT('',(25.657411,-28.985366,0.));
#8496 = VECTOR('',#8497,1.);
#8497 = DIRECTION('',(-0.,-0.,-1.));
#8498 = ADVANCED_FACE('',(#8499),#8526,.F.);
#8499 = FACE_BOUND('',#8500,.F.);
#8500 = EDGE_LOOP('',(#8501,#8502,#8511,#8519));
#8501 = ORIENTED_EDGE('',*,*,#8480,.T.);
#8502 = ORIENTED_EDGE('',*,*,#8503,.T.);
#8503 = EDGE_CURVE('',#8474,#8504,#8506,.T.);
#8504 = VERTEX_POINT('',#8505);
#8505 = CARTESIAN_POINT('',(25.705981,-28.936276,0.3));
#8506 = B_SPLINE_CURVE_WITH_KNOTS('',3,(#8507,#8508,#8509,#8510),
  .UNSPECIFIED.,.F.,.F.,(4,4),(0.,1.),.PIECEWISE_BEZIER_KNOTS.);
#8507 = CARTESIAN_POINT('',(25.657411,-28.985366,0.3));
#8508 = CARTESIAN_POINT('',(25.684111,-28.984606,0.3));
#8509 = CARTESIAN_POINT('',(25.705501,-28.962986,0.3));
#8510 = CARTESIAN_POINT('',(25.705981,-28.936276,0.3));
#8511 = ORIENTED_EDGE('',*,*,#8512,.F.);
#8512 = EDGE_CURVE('',#8513,#8504,#8515,.T.);
#8513 = VERTEX_POINT('',#8514);
#8514 = CARTESIAN_POINT('',(25.705981,-28.936276,0.));
#8515 = LINE('',#8516,#8517);
#8516 = CARTESIAN_POINT('',(25.705981,-28.936276,0.));
#8517 = VECTOR('',#8518,1.);
#8518 = DIRECTION('',(0.,0.,1.));
#8519 = ORIENTED_EDGE('',*,*,#8520,.F.);
#8520 = EDGE_CURVE('',#8481,#8513,#8521,.T.);
#8521 = B_SPLINE_CURVE_WITH_KNOTS('',3,(#8522,#8523,#8524,#8525),
  .UNSPECIFIED.,.F.,.F.,(4,4),(0.,1.),.PIECEWISE_BEZIER_KNOTS.);
#8522 = CARTESIAN_POINT('',(25.657411,-28.985366,0.));
#8523 = CARTESIAN_POINT('',(25.684111,-28.984606,0.));
#8524 = CARTESIAN_POINT('',(25.705501,-28.962986,0.));
#8525 = CARTESIAN_POINT('',(25.705981,-28.936276,0.));
#8526 = SURFACE_OF_LINEAR_EXTRUSION('',#8527,#8532);
#8527 = B_SPLINE_CURVE_WITH_KNOTS('',3,(#8528,#8529,#8530,#8531),
  .UNSPECIFIED.,.F.,.F.,(4,4),(0.,1.),.PIECEWISE_BEZIER_KNOTS.);
#8528 = CARTESIAN_POINT('',(25.657411,-28.985366,0.));
#8529 = CARTESIAN_POINT('',(25.684111,-28.984606,0.));
#8530 = CARTESIAN_POINT('',(25.705501,-28.962986,0.));
#8531 = CARTESIAN_POINT('',(25.705981,-28.936276,0.));
#8532 = VECTOR('',#8533,1.);
#8533 = DIRECTION('',(-0.,-0.,-1.));
#8534 = ADVANCED_FACE('',(#8535),#8562,.F.);
#8535 = FACE_BOUND('',#8536,.F.);
#8536 = EDGE_LOOP('',(#8537,#8538,#8547,#8555));
#8537 = ORIENTED_EDGE('',*,*,#8512,.T.);
#8538 = ORIENTED_EDGE('',*,*,#8539,.T.);
#8539 = EDGE_CURVE('',#8504,#8540,#8542,.T.);
#8540 = VERTEX_POINT('',#8541);
#8541 = CARTESIAN_POINT('',(25.705981,-28.930076,0.3));
#8542 = B_SPLINE_CURVE_WITH_KNOTS('',3,(#8543,#8544,#8545,#8546),
  .UNSPECIFIED.,.F.,.F.,(4,4),(0.,1.),.PIECEWISE_BEZIER_KNOTS.);
#8543 = CARTESIAN_POINT('',(25.705981,-28.936276,0.3));
#8544 = CARTESIAN_POINT('',(25.706109,-28.934176,0.3));
#8545 = CARTESIAN_POINT('',(25.706109,-28.932176,0.3));
#8546 = CARTESIAN_POINT('',(25.705981,-28.930076,0.3));
#8547 = ORIENTED_EDGE('',*,*,#8548,.F.);
#8548 = EDGE_CURVE('',#8549,#8540,#8551,.T.);
#8549 = VERTEX_POINT('',#8550);
#8550 = CARTESIAN_POINT('',(25.705981,-28.930076,0.));
#8551 = LINE('',#8552,#8553);
#8552 = CARTESIAN_POINT('',(25.705981,-28.930076,0.));
#8553 = VECTOR('',#8554,1.);
#8554 = DIRECTION('',(0.,0.,1.));
#8555 = ORIENTED_EDGE('',*,*,#8556,.F.);
#8556 = EDGE_CURVE('',#8513,#8549,#8557,.T.);
#8557 = B_SPLINE_CURVE_WITH_KNOTS('',3,(#8558,#8559,#8560,#8561),
  .UNSPECIFIED.,.F.,.F.,(4,4),(0.,1.),.PIECEWISE_BEZIER_KNOTS.);
#8558 = CARTESIAN_POINT('',(25.705981,-28.936276,0.));
#8559 = CARTESIAN_POINT('',(25.706109,-28.934176,0.));
#8560 = CARTESIAN_POINT('',(25.706109,-28.932176,0.));
#8561 = CARTESIAN_POINT('',(25.705981,-28.930076,0.));
#8562 = SURFACE_OF_LINEAR_EXTRUSION('',#8563,#8568);
#8563 = B_SPLINE_CURVE_WITH_KNOTS('',3,(#8564,#8565,#8566,#8567),
  .UNSPECIFIED.,.F.,.F.,(4,4),(0.,1.),.PIECEWISE_BEZIER_KNOTS.);
#8564 = CARTESIAN_POINT('',(25.705981,-28.936276,0.));
#8565 = CARTESIAN_POINT('',(25.706109,-28.934176,0.));
#8566 = CARTESIAN_POINT('',(25.706109,-28.932176,0.));
#8567 = CARTESIAN_POINT('',(25.705981,-28.930076,0.));
#8568 = VECTOR('',#8569,1.);
#8569 = DIRECTION('',(-0.,-0.,-1.));
#8570 = ADVANCED_FACE('',(#8571),#8594,.F.);
#8571 = FACE_BOUND('',#8572,.F.);
#8572 = EDGE_LOOP('',(#8573,#8574,#8581,#8589));
#8573 = ORIENTED_EDGE('',*,*,#8548,.T.);
#8574 = ORIENTED_EDGE('',*,*,#8575,.T.);
#8575 = EDGE_CURVE('',#8540,#8576,#8578,.T.);
#8576 = VERTEX_POINT('',#8577);
#8577 = CARTESIAN_POINT('',(25.705981,-7.4775798,0.3));
#8578 = B_SPLINE_CURVE_WITH_KNOTS('',1,(#8579,#8580),.UNSPECIFIED.,.F.,
  .F.,(2,2),(0.,21.4524962),.PIECEWISE_BEZIER_KNOTS.);
#8579 = CARTESIAN_POINT('',(25.705981,-28.930076,0.3));
#8580 = CARTESIAN_POINT('',(25.705981,-7.4775798,0.3));
#8581 = ORIENTED_EDGE('',*,*,#8582,.F.);
#8582 = EDGE_CURVE('',#8583,#8576,#8585,.T.);
#8583 = VERTEX_POINT('',#8584);
#8584 = CARTESIAN_POINT('',(25.705981,-7.4775798,0.));
#8585 = LINE('',#8586,#8587);
#8586 = CARTESIAN_POINT('',(25.705981,-7.4775798,0.));
#8587 = VECTOR('',#8588,1.);
#8588 = DIRECTION('',(0.,0.,1.));
#8589 = ORIENTED_EDGE('',*,*,#8590,.F.);
#8590 = EDGE_CURVE('',#8549,#8583,#8591,.T.);
#8591 = B_SPLINE_CURVE_WITH_KNOTS('',1,(#8592,#8593),.UNSPECIFIED.,.F.,
  .F.,(2,2),(0.,21.4524962),.PIECEWISE_BEZIER_KNOTS.);
#8592 = CARTESIAN_POINT('',(25.705981,-28.930076,0.));
#8593 = CARTESIAN_POINT('',(25.705981,-7.4775798,0.));
#8594 = SURFACE_OF_LINEAR_EXTRUSION('',#8595,#8598);
#8595 = B_SPLINE_CURVE_WITH_KNOTS('',1,(#8596,#8597),.UNSPECIFIED.,.F.,
  .F.,(2,2),(0.,21.4524962),.PIECEWISE_BEZIER_KNOTS.);
#8596 = CARTESIAN_POINT('',(25.705981,-28.930076,0.));
#8597 = CARTESIAN_POINT('',(25.705981,-7.4775798,0.));
#8598 = VECTOR('',#8599,1.);
#8599 = DIRECTION('',(-0.,-0.,-1.));
#8600 = ADVANCED_FACE('',(#8601),#8628,.F.);
#8601 = FACE_BOUND('',#8602,.F.);
#8602 = EDGE_LOOP('',(#8603,#8604,#8613,#8621));
#8603 = ORIENTED_EDGE('',*,*,#8582,.T.);
#8604 = ORIENTED_EDGE('',*,*,#8605,.T.);
#8605 = EDGE_CURVE('',#8576,#8606,#8608,.T.);
#8606 = VERTEX_POINT('',#8607);
#8607 = CARTESIAN_POINT('',(25.657411,-7.4264198,0.3));
#8608 = B_SPLINE_CURVE_WITH_KNOTS('',3,(#8609,#8610,#8611,#8612),
  .UNSPECIFIED.,.F.,.F.,(4,4),(0.,1.),.PIECEWISE_BEZIER_KNOTS.);
#8609 = CARTESIAN_POINT('',(25.705981,-7.4775798,0.3));
#8610 = CARTESIAN_POINT('',(25.706628,-7.4500668,0.3));
#8611 = CARTESIAN_POINT('',(25.684921,-7.4272018,0.3));
#8612 = CARTESIAN_POINT('',(25.657411,-7.4264198,0.3));
#8613 = ORIENTED_EDGE('',*,*,#8614,.F.);
#8614 = EDGE_CURVE('',#8615,#8606,#8617,.T.);
#8615 = VERTEX_POINT('',#8616);
#8616 = CARTESIAN_POINT('',(25.657411,-7.4264198,0.));
#8617 = LINE('',#8618,#8619);
#8618 = CARTESIAN_POINT('',(25.657411,-7.4264198,0.));
#8619 = VECTOR('',#8620,1.);
#8620 = DIRECTION('',(0.,0.,1.));
#8621 = ORIENTED_EDGE('',*,*,#8622,.F.);
#8622 = EDGE_CURVE('',#8583,#8615,#8623,.T.);
#8623 = B_SPLINE_CURVE_WITH_KNOTS('',3,(#8624,#8625,#8626,#8627),
  .UNSPECIFIED.,.F.,.F.,(4,4),(0.,1.),.PIECEWISE_BEZIER_KNOTS.);
#8624 = CARTESIAN_POINT('',(25.705981,-7.4775798,0.));
#8625 = CARTESIAN_POINT('',(25.706628,-7.4500668,0.));
#8626 = CARTESIAN_POINT('',(25.684921,-7.4272018,0.));
#8627 = CARTESIAN_POINT('',(25.657411,-7.4264198,0.));
#8628 = SURFACE_OF_LINEAR_EXTRUSION('',#8629,#8634);
#8629 = B_SPLINE_CURVE_WITH_KNOTS('',3,(#8630,#8631,#8632,#8633),
  .UNSPECIFIED.,.F.,.F.,(4,4),(0.,1.),.PIECEWISE_BEZIER_KNOTS.);
#8630 = CARTESIAN_POINT('',(25.705981,-7.4775798,0.));
#8631 = CARTESIAN_POINT('',(25.706628,-7.4500668,0.));
#8632 = CARTESIAN_POINT('',(25.684921,-7.4272018,0.));
#8633 = CARTESIAN_POINT('',(25.657411,-7.4264198,0.));
#8634 = VECTOR('',#8635,1.);
#8635 = DIRECTION('',(-0.,-0.,-1.));
#8636 = ADVANCED_FACE('',(#8637),#8651,.F.);
#8637 = FACE_BOUND('',#8638,.F.);
#8638 = EDGE_LOOP('',(#8639,#8640,#8645,#8646));
#8639 = ORIENTED_EDGE('',*,*,#8614,.T.);
#8640 = ORIENTED_EDGE('',*,*,#8641,.T.);
#8641 = EDGE_CURVE('',#8606,#5664,#8642,.T.);
#8642 = B_SPLINE_CURVE_WITH_KNOTS('',1,(#8643,#8644),.UNSPECIFIED.,.F.,
  .F.,(2,2),(0.,6.200072579843E-05),.PIECEWISE_BEZIER_KNOTS.);
#8643 = CARTESIAN_POINT('',(25.657411,-7.4264198,0.3));
#8644 = CARTESIAN_POINT('',(25.657349,-7.4264201,0.3));
#8645 = ORIENTED_EDGE('',*,*,#5661,.F.);
#8646 = ORIENTED_EDGE('',*,*,#8647,.F.);
#8647 = EDGE_CURVE('',#8615,#5662,#8648,.T.);
#8648 = B_SPLINE_CURVE_WITH_KNOTS('',1,(#8649,#8650),.UNSPECIFIED.,.F.,
  .F.,(2,2),(0.,6.200072579843E-05),.PIECEWISE_BEZIER_KNOTS.);
#8649 = CARTESIAN_POINT('',(25.657411,-7.4264198,0.));
#8650 = CARTESIAN_POINT('',(25.657349,-7.4264201,0.));
#8651 = SURFACE_OF_LINEAR_EXTRUSION('',#8652,#8655);
#8652 = B_SPLINE_CURVE_WITH_KNOTS('',1,(#8653,#8654),.UNSPECIFIED.,.F.,
  .F.,(2,2),(0.,6.200072579843E-05),.PIECEWISE_BEZIER_KNOTS.);
#8653 = CARTESIAN_POINT('',(25.657411,-7.4264198,0.));
#8654 = CARTESIAN_POINT('',(25.657349,-7.4264201,0.));
#8655 = VECTOR('',#8656,1.);
#8656 = DIRECTION('',(-0.,-0.,-1.));
#8657 = ADVANCED_FACE('',(#8658),#8752,.F.);
#8658 = FACE_BOUND('',#8659,.F.);
#8659 = EDGE_LOOP('',(#8660,#8661,#8662,#8663,#8664,#8665,#8666,#8667,
    #8668,#8669,#8670,#8671,#8672,#8673,#8674,#8675,#8676,#8677,#8678,
    #8679,#8680,#8681,#8682,#8683,#8684,#8685,#8686,#8687,#8688,#8689,
    #8690,#8691,#8692,#8693,#8694,#8695,#8696,#8697,#8698,#8699,#8700,
    #8701,#8702,#8703,#8704,#8705,#8706,#8707,#8708,#8709,#8710,#8711,
    #8712,#8713,#8714,#8715,#8716,#8717,#8718,#8719,#8720,#8721,#8722,
    #8723,#8724,#8725,#8726,#8727,#8728,#8729,#8730,#8731,#8732,#8733,
    #8734,#8735,#8736,#8737,#8738,#8739,#8740,#8741,#8742,#8743,#8744,
    #8745,#8746,#8747,#8748,#8749,#8750,#8751));
#8660 = ORIENTED_EDGE('',*,*,#5686,.T.);
#8661 = ORIENTED_EDGE('',*,*,#5718,.T.);
#8662 = ORIENTED_EDGE('',*,*,#5754,.T.);
#8663 = ORIENTED_EDGE('',*,*,#5788,.T.);
#8664 = ORIENTED_EDGE('',*,*,#5820,.T.);
#8665 = ORIENTED_EDGE('',*,*,#5854,.T.);
#8666 = ORIENTED_EDGE('',*,*,#5886,.T.);
#8667 = ORIENTED_EDGE('',*,*,#5920,.T.);
#8668 = ORIENTED_EDGE('',*,*,#5952,.T.);
#8669 = ORIENTED_EDGE('',*,*,#5986,.T.);
#8670 = ORIENTED_EDGE('',*,*,#6018,.T.);
#8671 = ORIENTED_EDGE('',*,*,#6052,.T.);
#8672 = ORIENTED_EDGE('',*,*,#6084,.T.);
#8673 = ORIENTED_EDGE('',*,*,#6118,.T.);
#8674 = ORIENTED_EDGE('',*,*,#6150,.T.);
#8675 = ORIENTED_EDGE('',*,*,#6184,.T.);
#8676 = ORIENTED_EDGE('',*,*,#6214,.T.);
#8677 = ORIENTED_EDGE('',*,*,#6246,.T.);
#8678 = ORIENTED_EDGE('',*,*,#6280,.T.);
#8679 = ORIENTED_EDGE('',*,*,#6312,.T.);
#8680 = ORIENTED_EDGE('',*,*,#6346,.T.);
#8681 = ORIENTED_EDGE('',*,*,#6378,.T.);
#8682 = ORIENTED_EDGE('',*,*,#6412,.T.);
#8683 = ORIENTED_EDGE('',*,*,#6444,.T.);
#8684 = ORIENTED_EDGE('',*,*,#6478,.T.);
#8685 = ORIENTED_EDGE('',*,*,#6510,.T.);
#8686 = ORIENTED_EDGE('',*,*,#6544,.T.);
#8687 = ORIENTED_EDGE('',*,*,#6576,.T.);
#8688 = ORIENTED_EDGE('',*,*,#6610,.T.);
#8689 = ORIENTED_EDGE('',*,*,#6642,.T.);
#8690 = ORIENTED_EDGE('',*,*,#6676,.T.);
#8691 = ORIENTED_EDGE('',*,*,#6708,.T.);
#8692 = ORIENTED_EDGE('',*,*,#6742,.T.);
#8693 = ORIENTED_EDGE('',*,*,#6774,.T.);
#8694 = ORIENTED_EDGE('',*,*,#6810,.T.);
#8695 = ORIENTED_EDGE('',*,*,#6844,.T.);
#8696 = ORIENTED_EDGE('',*,*,#6874,.T.);
#8697 = ORIENTED_EDGE('',*,*,#6906,.T.);
#8698 = ORIENTED_EDGE('',*,*,#6940,.T.);
#8699 = ORIENTED_EDGE('',*,*,#6972,.T.);
#8700 = ORIENTED_EDGE('',*,*,#7006,.T.);
#8701 = ORIENTED_EDGE('',*,*,#7038,.T.);
#8702 = ORIENTED_EDGE('',*,*,#7072,.T.);
#8703 = ORIENTED_EDGE('',*,*,#7104,.T.);
#8704 = ORIENTED_EDGE('',*,*,#7138,.T.);
#8705 = ORIENTED_EDGE('',*,*,#7170,.T.);
#8706 = ORIENTED_EDGE('',*,*,#7204,.T.);
#8707 = ORIENTED_EDGE('',*,*,#7236,.T.);
#8708 = ORIENTED_EDGE('',*,*,#7270,.T.);
#8709 = ORIENTED_EDGE('',*,*,#7302,.T.);
#8710 = ORIENTED_EDGE('',*,*,#7336,.T.);
#8711 = ORIENTED_EDGE('',*,*,#7368,.T.);
#8712 = ORIENTED_EDGE('',*,*,#7402,.T.);
#8713 = ORIENTED_EDGE('',*,*,#7434,.T.);
#8714 = ORIENTED_EDGE('',*,*,#7468,.T.);
#8715 = ORIENTED_EDGE('',*,*,#7500,.T.);
#8716 = ORIENTED_EDGE('',*,*,#7534,.T.);
#8717 = ORIENTED_EDGE('',*,*,#7566,.T.);
#8718 = ORIENTED_EDGE('',*,*,#7600,.T.);
#8719 = ORIENTED_EDGE('',*,*,#7632,.T.);
#8720 = ORIENTED_EDGE('',*,*,#7666,.T.);
#8721 = ORIENTED_EDGE('',*,*,#7698,.T.);
#8722 = ORIENTED_EDGE('',*,*,#7732,.T.);
#8723 = ORIENTED_EDGE('',*,*,#7762,.T.);
#8724 = ORIENTED_EDGE('',*,*,#7792,.T.);
#8725 = ORIENTED_EDGE('',*,*,#7822,.T.);
#8726 = ORIENTED_EDGE('',*,*,#7852,.T.);
#8727 = ORIENTED_EDGE('',*,*,#7882,.T.);
#8728 = ORIENTED_EDGE('',*,*,#7912,.T.);
#8729 = ORIENTED_EDGE('',*,*,#7942,.T.);
#8730 = ORIENTED_EDGE('',*,*,#7972,.T.);
#8731 = ORIENTED_EDGE('',*,*,#8002,.T.);
#8732 = ORIENTED_EDGE('',*,*,#8032,.T.);
#8733 = ORIENTED_EDGE('',*,*,#8062,.T.);
#8734 = ORIENTED_EDGE('',*,*,#8092,.T.);
#8735 = ORIENTED_EDGE('',*,*,#8124,.T.);
#8736 = ORIENTED_EDGE('',*,*,#8158,.T.);
#8737 = ORIENTED_EDGE('',*,*,#8190,.T.);
#8738 = ORIENTED_EDGE('',*,*,#8224,.T.);
#8739 = ORIENTED_EDGE('',*,*,#8256,.T.);
#8740 = ORIENTED_EDGE('',*,*,#8290,.T.);
#8741 = ORIENTED_EDGE('',*,*,#8322,.T.);
#8742 = ORIENTED_EDGE('',*,*,#8356,.T.);
#8743 = ORIENTED_EDGE('',*,*,#8388,.T.);
#8744 = ORIENTED_EDGE('',*,*,#8422,.T.);
#8745 = ORIENTED_EDGE('',*,*,#8454,.T.);
#8746 = ORIENTED_EDGE('',*,*,#8488,.T.);
#8747 = ORIENTED_EDGE('',*,*,#8520,.T.);
#8748 = ORIENTED_EDGE('',*,*,#8556,.T.);
#8749 = ORIENTED_EDGE('',*,*,#8590,.T.);
#8750 = ORIENTED_EDGE('',*,*,#8622,.T.);
#8751 = ORIENTED_EDGE('',*,*,#8647,.T.);
#8752 = B_SPLINE_SURFACE_WITH_KNOTS('',1,1,(
    (#8753,#8754)
    ,(#8755,#8756
    )),.UNSPECIFIED.,.F.,.F.,.F.,(2,2),(2,2),(-15.20987981976,
    10.492878900234),(-10.40700279352,11.153266406476),
  .PIECEWISE_BEZIER_KNOTS.);
#8753 = CARTESIAN_POINT('',(3.86928E-03,-28.986689,0.));
#8754 = CARTESIAN_POINT('',(3.86928E-03,-7.4264198,0.));
#8755 = CARTESIAN_POINT('',(25.706628,-28.986689,0.));
#8756 = CARTESIAN_POINT('',(25.706628,-7.4264198,0.));
#8757 = ADVANCED_FACE('',(#8758),#8852,.T.);
#8758 = FACE_BOUND('',#8759,.T.);
#8759 = EDGE_LOOP('',(#8760,#8761,#8762,#8763,#8764,#8765,#8766,#8767,
    #8768,#8769,#8770,#8771,#8772,#8773,#8774,#8775,#8776,#8777,#8778,
    #8779,#8780,#8781,#8782,#8783,#8784,#8785,#8786,#8787,#8788,#8789,
    #8790,#8791,#8792,#8793,#8794,#8795,#8796,#8797,#8798,#8799,#8800,
    #8801,#8802,#8803,#8804,#8805,#8806,#8807,#8808,#8809,#8810,#8811,
    #8812,#8813,#8814,#8815,#8816,#8817,#8818,#8819,#8820,#8821,#8822,
    #8823,#8824,#8825,#8826,#8827,#8828,#8829,#8830,#8831,#8832,#8833,
    #8834,#8835,#8836,#8837,#8838,#8839,#8840,#8841,#8842,#8843,#8844,
    #8845,#8846,#8847,#8848,#8849,#8850,#8851));
#8760 = ORIENTED_EDGE('',*,*,#5671,.T.);
#8761 = ORIENTED_EDGE('',*,*,#5701,.T.);
#8762 = ORIENTED_EDGE('',*,*,#5737,.T.);
#8763 = ORIENTED_EDGE('',*,*,#5773,.T.);
#8764 = ORIENTED_EDGE('',*,*,#5803,.T.);
#8765 = ORIENTED_EDGE('',*,*,#5839,.T.);
#8766 = ORIENTED_EDGE('',*,*,#5869,.T.);
#8767 = ORIENTED_EDGE('',*,*,#5905,.T.);
#8768 = ORIENTED_EDGE('',*,*,#5935,.T.);
#8769 = ORIENTED_EDGE('',*,*,#5971,.T.);
#8770 = ORIENTED_EDGE('',*,*,#6001,.T.);
#8771 = ORIENTED_EDGE('',*,*,#6037,.T.);
#8772 = ORIENTED_EDGE('',*,*,#6067,.T.);
#8773 = ORIENTED_EDGE('',*,*,#6103,.T.);
#8774 = ORIENTED_EDGE('',*,*,#6133,.T.);
#8775 = ORIENTED_EDGE('',*,*,#6169,.T.);
#8776 = ORIENTED_EDGE('',*,*,#6199,.T.);
#8777 = ORIENTED_EDGE('',*,*,#6229,.T.);
#8778 = ORIENTED_EDGE('',*,*,#6265,.T.);
#8779 = ORIENTED_EDGE('',*,*,#6295,.T.);
#8780 = ORIENTED_EDGE('',*,*,#6331,.T.);
#8781 = ORIENTED_EDGE('',*,*,#6361,.T.);
#8782 = ORIENTED_EDGE('',*,*,#6397,.T.);
#8783 = ORIENTED_EDGE('',*,*,#6427,.T.);
#8784 = ORIENTED_EDGE('',*,*,#6463,.T.);
#8785 = ORIENTED_EDGE('',*,*,#6493,.T.);
#8786 = ORIENTED_EDGE('',*,*,#6529,.T.);
#8787 = ORIENTED_EDGE('',*,*,#6559,.T.);
#8788 = ORIENTED_EDGE('',*,*,#6595,.T.);
#8789 = ORIENTED_EDGE('',*,*,#6625,.T.);
#8790 = ORIENTED_EDGE('',*,*,#6661,.T.);
#8791 = ORIENTED_EDGE('',*,*,#6691,.T.);
#8792 = ORIENTED_EDGE('',*,*,#6727,.T.);
#8793 = ORIENTED_EDGE('',*,*,#6757,.T.);
#8794 = ORIENTED_EDGE('',*,*,#6793,.T.);
#8795 = ORIENTED_EDGE('',*,*,#6829,.T.);
#8796 = ORIENTED_EDGE('',*,*,#6859,.T.);
#8797 = ORIENTED_EDGE('',*,*,#6889,.T.);
#8798 = ORIENTED_EDGE('',*,*,#6925,.T.);
#8799 = ORIENTED_EDGE('',*,*,#6955,.T.);
#8800 = ORIENTED_EDGE('',*,*,#6991,.T.);
#8801 = ORIENTED_EDGE('',*,*,#7021,.T.);
#8802 = ORIENTED_EDGE('',*,*,#7057,.T.);
#8803 = ORIENTED_EDGE('',*,*,#7087,.T.);
#8804 = ORIENTED_EDGE('',*,*,#7123,.T.);
#8805 = ORIENTED_EDGE('',*,*,#7153,.T.);
#8806 = ORIENTED_EDGE('',*,*,#7189,.T.);
#8807 = ORIENTED_EDGE('',*,*,#7219,.T.);
#8808 = ORIENTED_EDGE('',*,*,#7255,.T.);
#8809 = ORIENTED_EDGE('',*,*,#7285,.T.);
#8810 = ORIENTED_EDGE('',*,*,#7321,.T.);
#8811 = ORIENTED_EDGE('',*,*,#7351,.T.);
#8812 = ORIENTED_EDGE('',*,*,#7387,.T.);
#8813 = ORIENTED_EDGE('',*,*,#7417,.T.);
#8814 = ORIENTED_EDGE('',*,*,#7453,.T.);
#8815 = ORIENTED_EDGE('',*,*,#7483,.T.);
#8816 = ORIENTED_EDGE('',*,*,#7519,.T.);
#8817 = ORIENTED_EDGE('',*,*,#7549,.T.);
#8818 = ORIENTED_EDGE('',*,*,#7585,.T.);
#8819 = ORIENTED_EDGE('',*,*,#7615,.T.);
#8820 = ORIENTED_EDGE('',*,*,#7651,.T.);
#8821 = ORIENTED_EDGE('',*,*,#7681,.T.);
#8822 = ORIENTED_EDGE('',*,*,#7717,.T.);
#8823 = ORIENTED_EDGE('',*,*,#7747,.T.);
#8824 = ORIENTED_EDGE('',*,*,#7777,.T.);
#8825 = ORIENTED_EDGE('',*,*,#7807,.T.);
#8826 = ORIENTED_EDGE('',*,*,#7837,.T.);
#8827 = ORIENTED_EDGE('',*,*,#7867,.T.);
#8828 = ORIENTED_EDGE('',*,*,#7897,.T.);
#8829 = ORIENTED_EDGE('',*,*,#7927,.T.);
#8830 = ORIENTED_EDGE('',*,*,#7957,.T.);
#8831 = ORIENTED_EDGE('',*,*,#7987,.T.);
#8832 = ORIENTED_EDGE('',*,*,#8017,.T.);
#8833 = ORIENTED_EDGE('',*,*,#8047,.T.);
#8834 = ORIENTED_EDGE('',*,*,#8077,.T.);
#8835 = ORIENTED_EDGE('',*,*,#8107,.T.);
#8836 = ORIENTED_EDGE('',*,*,#8143,.T.);
#8837 = ORIENTED_EDGE('',*,*,#8173,.T.);
#8838 = ORIENTED_EDGE('',*,*,#8209,.T.);
#8839 = ORIENTED_EDGE('',*,*,#8239,.T.);
#8840 = ORIENTED_EDGE('',*,*,#8275,.T.);
#8841 = ORIENTED_EDGE('',*,*,#8305,.T.);
#8842 = ORIENTED_EDGE('',*,*,#8341,.T.);
#8843 = ORIENTED_EDGE('',*,*,#8371,.T.);
#8844 = ORIENTED_EDGE('',*,*,#8407,.T.);
#8845 = ORIENTED_EDGE('',*,*,#8437,.T.);
#8846 = ORIENTED_EDGE('',*,*,#8473,.T.);
#8847 = ORIENTED_EDGE('',*,*,#8503,.T.);
#8848 = ORIENTED_EDGE('',*,*,#8539,.T.);
#8849 = ORIENTED_EDGE('',*,*,#8575,.T.);
#8850 = ORIENTED_EDGE('',*,*,#8605,.T.);
#8851 = ORIENTED_EDGE('',*,*,#8641,.T.);
#8852 = B_SPLINE_SURFACE_WITH_KNOTS('',1,1,(
    (#8853,#8854)
    ,(#8855,#8856
    )),.UNSPECIFIED.,.F.,.F.,.F.,(2,2),(2,2),(-15.20987981976,
    10.492878900234),(-10.40700279352,11.153266406476),
  .PIECEWISE_BEZIER_KNOTS.);
#8853 = CARTESIAN_POINT('',(3.86928E-03,-28.986689,0.3));
#8854 = CARTESIAN_POINT('',(3.86928E-03,-7.4264198,0.3));
#8855 = CARTESIAN_POINT('',(25.706628,-28.986689,0.3));
#8856 = CARTESIAN_POINT('',(25.706628,-7.4264198,0.3));
#8857 = ( GEOMETRIC_REPRESENTATION_CONTEXT(3) 
GLOBAL_UNCERTAINTY_ASSIGNED_CONTEXT((#8861)) 
GLOBAL_UNIT_ASSIGNED_CONTEXT((#8858,#8859,#8860)) REPRESENTATION_CONTEXT
('Context #1','3D Context with UNIT and UNCERTAINTY') );
#8858 = ( LENGTH_UNIT() NAMED_UNIT(*) SI_UNIT(.MILLI.,.METRE.) );
#8859 = ( NAMED_UNIT(*) PLANE_ANGLE_UNIT() SI_UNIT($,.RADIAN.) );
#8860 = ( NAMED_UNIT(*) SI_UNIT($,.STERADIAN.) SOLID_ANGLE_UNIT() );
#8861 = UNCERTAINTY_MEASURE_WITH_UNIT(LENGTH_MEASURE(1.E-07),#8858,
  'distance_accuracy_value','confusion accuracy');
#8862 = CONTEXT_DEPENDENT_SHAPE_REPRESENTATION(#8863,#8865);
#8863 = ( REPRESENTATION_RELATIONSHIP('','',#5654,#10) 
REPRESENTATION_RELATIONSHIP_WITH_TRANSFORMATION(#8864) 
SHAPE_REPRESENTATION_RELATIONSHIP() );
#8864 = ITEM_DEFINED_TRANSFORMATION('','',#11,#43);
#8865 = PRODUCT_DEFINITION_SHAPE('Placement','Placement of an item',
  #8866);
#8866 = NEXT_ASSEMBLY_USAGE_OCCURRENCE('8','Extrude006','',#5,#5649,$);
#8867 = PRODUCT_RELATED_PRODUCT_CATEGORY('part',$,(#5651));
#8868 = MECHANICAL_DESIGN_GEOMETRIC_PRESENTATION_REPRESENTATION('',(
    #8869),#4229);
#8869 = STYLED_ITEM('color',(#8870),#1927);
#8870 = PRESENTATION_STYLE_ASSIGNMENT((#8871,#8877));
#8871 = SURFACE_STYLE_USAGE(.BOTH.,#8872);
#8872 = SURFACE_SIDE_STYLE('',(#8873));
#8873 = SURFACE_STYLE_FILL_AREA(#8874);
#8874 = FILL_AREA_STYLE('',(#8875));
#8875 = FILL_AREA_STYLE_COLOUR('',#8876);
#8876 = COLOUR_RGB('',0.83137256512,0.827450977613,0.839215683236);
#8877 = CURVE_STYLE('',#8878,POSITIVE_LENGTH_MEASURE(0.1),#8879);
#8878 = DRAUGHTING_PRE_DEFINED_CURVE_FONT('continuous');
#8879 = COLOUR_RGB('',9.803921802644E-02,9.803921802644E-02,
  9.803921802644E-02);
#8880 = MECHANICAL_DESIGN_GEOMETRIC_PRESENTATION_REPRESENTATION('',(
    #8881),#1404);
#8881 = STYLED_ITEM('color',(#8882),#672);
#8882 = PRESENTATION_STYLE_ASSIGNMENT((#8883,#8889));
#8883 = SURFACE_STYLE_USAGE(.BOTH.,#8884);
#8884 = SURFACE_SIDE_STYLE('',(#8885));
#8885 = SURFACE_STYLE_FILL_AREA(#8886);
#8886 = FILL_AREA_STYLE('',(#8887));
#8887 = FILL_AREA_STYLE_COLOUR('',#8888);
#8888 = COLOUR_RGB('',0.780392170416,0.529411796197,0.23137255388);
#8889 = CURVE_STYLE('',#8890,POSITIVE_LENGTH_MEASURE(0.1),#8879);
#8890 = DRAUGHTING_PRE_DEFINED_CURVE_FONT('continuous');
#8891 = MECHANICAL_DESIGN_GEOMETRIC_PRESENTATION_REPRESENTATION('',(
    #8892),#594);
#8892 = STYLED_ITEM('color',(#8893),#63);
#8893 = PRESENTATION_STYLE_ASSIGNMENT((#8894,#8899));
#8894 = SURFACE_STYLE_USAGE(.BOTH.,#8895);
#8895 = SURFACE_SIDE_STYLE('',(#8896));
#8896 = SURFACE_STYLE_FILL_AREA(#8897);
#8897 = FILL_AREA_STYLE('',(#8898));
#8898 = FILL_AREA_STYLE_COLOUR('',#8876);
#8899 = CURVE_STYLE('',#8900,POSITIVE_LENGTH_MEASURE(0.1),#8879);
#8900 = DRAUGHTING_PRE_DEFINED_CURVE_FONT('continuous');
#8901 = MECHANICAL_DESIGN_GEOMETRIC_PRESENTATION_REPRESENTATION('',(
    #8902),#651);
#8902 = STYLED_ITEM('color',(#8903),#615);
#8903 = PRESENTATION_STYLE_ASSIGNMENT((#8904,#8910));
#8904 = SURFACE_STYLE_USAGE(.BOTH.,#8905);
#8905 = SURFACE_SIDE_STYLE('',(#8906));
#8906 = SURFACE_STYLE_FILL_AREA(#8907);
#8907 = FILL_AREA_STYLE('',(#8908));
#8908 = FILL_AREA_STYLE_COLOUR('',#8909);
#8909 = COLOUR_RGB('',0.188235296286,0.184313727102,0.176470590079);
#8910 = CURVE_STYLE('',#8911,POSITIVE_LENGTH_MEASURE(0.1),#8912);
#8911 = DRAUGHTING_PRE_DEFINED_CURVE_FONT('continuous');
#8912 = DRAUGHTING_PRE_DEFINED_COLOUR('red');
#8913 = MECHANICAL_DESIGN_GEOMETRIC_PRESENTATION_REPRESENTATION('',(
    #8914),#1743);
#8914 = STYLED_ITEM('color',(#8915),#1425);
#8915 = PRESENTATION_STYLE_ASSIGNMENT((#8916,#8922));
#8916 = SURFACE_STYLE_USAGE(.BOTH.,#8917);
#8917 = SURFACE_SIDE_STYLE('',(#8918));
#8918 = SURFACE_STYLE_FILL_AREA(#8919);
#8919 = FILL_AREA_STYLE('',(#8920));
#8920 = FILL_AREA_STYLE_COLOUR('',#8921);
#8921 = COLOUR_RGB('',0.690196106937,0.435294116471,0.196078429142);
#8922 = CURVE_STYLE('',#8923,POSITIVE_LENGTH_MEASURE(0.1),#8924);
#8923 = DRAUGHTING_PRE_DEFINED_CURVE_FONT('continuous');
#8924 = COLOUR_RGB('',0.952941189437,0.474509808674,2.74509795662E-02);
#8925 = MECHANICAL_DESIGN_GEOMETRIC_PRESENTATION_REPRESENTATION('',(
    #8926),#5636);
#8926 = STYLED_ITEM('color',(#8927),#4248);
#8927 = PRESENTATION_STYLE_ASSIGNMENT((#8928,#8933));
#8928 = SURFACE_STYLE_USAGE(.BOTH.,#8929);
#8929 = SURFACE_SIDE_STYLE('',(#8930));
#8930 = SURFACE_STYLE_FILL_AREA(#8931);
#8931 = FILL_AREA_STYLE('',(#8932));
#8932 = FILL_AREA_STYLE_COLOUR('',#8921);
#8933 = CURVE_STYLE('',#8934,POSITIVE_LENGTH_MEASURE(0.1),#8924);
#8934 = DRAUGHTING_PRE_DEFINED_CURVE_FONT('continuous');
#8935 = MECHANICAL_DESIGN_GEOMETRIC_PRESENTATION_REPRESENTATION('',(
    #8936),#1908);
#8936 = STYLED_ITEM('color',(#8937),#1762);
#8937 = PRESENTATION_STYLE_ASSIGNMENT((#8938,#8943));
#8938 = SURFACE_STYLE_USAGE(.BOTH.,#8939);
#8939 = SURFACE_SIDE_STYLE('',(#8940));
#8940 = SURFACE_STYLE_FILL_AREA(#8941);
#8941 = FILL_AREA_STYLE('',(#8942));
#8942 = FILL_AREA_STYLE_COLOUR('',#8909);
#8943 = CURVE_STYLE('',#8944,POSITIVE_LENGTH_MEASURE(0.1),#8912);
#8944 = DRAUGHTING_PRE_DEFINED_CURVE_FONT('continuous');
#8945 = MECHANICAL_DESIGN_GEOMETRIC_PRESENTATION_REPRESENTATION('',(
    #8946),#8857);
#8946 = STYLED_ITEM('color',(#8947),#5655);
#8947 = PRESENTATION_STYLE_ASSIGNMENT((#8948,#8953));
#8948 = SURFACE_STYLE_USAGE(.BOTH.,#8949);
#8949 = SURFACE_SIDE_STYLE('',(#8950));
#8950 = SURFACE_STYLE_FILL_AREA(#8951);
#8951 = FILL_AREA_STYLE('',(#8952));
#8952 = FILL_AREA_STYLE_COLOUR('',#8888);
#8953 = CURVE_STYLE('',#8954,POSITIVE_LENGTH_MEASURE(0.1),#8879);
#8954 = DRAUGHTING_PRE_DEFINED_CURVE_FONT('continuous');
ENDSEC;
END-ISO-10303-21;
