ISO-10303-21;
HEADER;
FILE_DESCRIPTION (( 'STEP AP214' ),
    '1' );
FILE_NAME ('LED_0603_1608Metric_RED.STEP',
    '2025-09-09T16:44:35',
    ( '' ),
    ( '' ),
    'SwSTEP 2.0',
    'SolidWorks 2022',
    '' );
FILE_SCHEMA (( 'AUTOMOTIVE_DESIGN' ));
ENDSEC;

DATA;
#1 = ADVANCED_FACE ( 'NONE', ( #942 ), #1249, .T. ) ;
#2 = ORIENTED_EDGE ( 'NONE', *, *, #1391, .F. ) ;
#3 = LINE ( 'NONE', #1543, #607 ) ;
#4 = DIRECTION ( 'NONE',  ( 0.000000000000000000, 0.000000000000000000, -1.000000000000000000 ) ) ;
#5 = PLANE ( 'NONE',  #1741 ) ;
#6 = DIRECTION ( 'NONE',  ( 1.000000000000000000, 0.000000000000000000, 0.000000000000000000 ) ) ;
#7 = DIRECTION ( 'NONE',  ( 0.000000000000000000, 1.000000000000000000, 0.000000000000000000 ) ) ;
#8 = VERTEX_POINT ( 'NONE', #1518 ) ;
#9 = LINE ( 'NONE', #1397, #1068 ) ;
#10 = EDGE_CURVE ( 'NONE', #480, #30, #1276, .T. ) ;
#11 = EDGE_CURVE ( 'NONE', #8, #844, #39, .T. ) ;
#12 = DIRECTION ( 'NONE',  ( 0.000000000000000000, 0.000000000000000000, 1.000000000000000000 ) ) ;
#13 = CARTESIAN_POINT ( 'NONE',  ( 0.7249999999999999778, -0.05000000000000000278, 0.4699999999999999734 ) ) ;
#14 = PRESENTATION_STYLE_ASSIGNMENT (( #734 ) ) ;
#15 = CARTESIAN_POINT ( 'NONE',  ( -0.7699999999999999067, 0.4000000000000000222, 0.4699999999999999734 ) ) ;
#16 = ORIENTED_EDGE ( 'NONE', *, *, #518, .F. ) ;
#17 = UNCERTAINTY_MEASURE_WITH_UNIT (LENGTH_MEASURE( 1.000000000000000082E-05 ), #1169, 'distance_accuracy_value', 'NONE');
#18 = DIRECTION ( 'NONE',  ( -0.000000000000000000, 1.000000000000000000, 0.000000000000000000 ) ) ;
#19 = PRESENTATION_LAYER_ASSIGNMENT (  '', '', ( #251 ) ) ;
#20 = ORIENTED_EDGE ( 'NONE', *, *, #98, .T. ) ;
#21 = DIRECTION ( 'NONE',  ( -1.000000000000000000, 0.000000000000000000, 0.000000000000000000 ) ) ;
#22 = AXIS2_PLACEMENT_3D ( 'NONE', #1468, #207, #1448 ) ;
#23 = FILL_AREA_STYLE_COLOUR ( '', #227 ) ;
#24 =( NAMED_UNIT ( * ) SI_UNIT ( $, .STERADIAN. ) SOLID_ANGLE_UNIT ( ) );
#25 = LINE ( 'NONE', #972, #1375 ) ;
#26 = STYLED_ITEM ( 'NONE', ( #414 ), #905 ) ;
#27 = VECTOR ( 'NONE', #1771, 1000.000000000000000 ) ;
#28 = DIRECTION ( 'NONE',  ( 0.000000000000000000, 0.000000000000000000, 1.000000000000000000 ) ) ;
#29 = AXIS2_PLACEMENT_3D ( 'NONE', #870, #1439, #1296 ) ;
#30 = VERTEX_POINT ( 'NONE', #1001 ) ;
#31 = LINE ( 'NONE', #1144, #1005 ) ;
#32 = DIRECTION ( 'NONE',  ( 0.000000000000000000, -1.000000000000000000, 0.000000000000000000 ) ) ;
#33 = CARTESIAN_POINT ( 'NONE',  ( -0.5000000000000000000, -0.4000000000000000222, 0.03000000000000000236 ) ) ;
#34 = CARTESIAN_POINT ( 'NONE',  ( 0.7249999999999999778, 0.2999999999999999889, 0.4699999999999999734 ) ) ;
#35 = EDGE_CURVE ( 'NONE', #641, #864, #1287, .T. ) ;
#36 = CARTESIAN_POINT ( 'NONE',  ( 0.5000000000000000000, -0.4000000000000000222, 0.000000000000000000 ) ) ;
#37 = VERTEX_POINT ( 'NONE', #183 ) ;
#38 = LINE ( 'NONE', #1422, #162 ) ;
#39 = LINE ( 'NONE', #321, #1402 ) ;
#40 = CARTESIAN_POINT ( 'NONE',  ( -0.7699999999999999067, 0.4000000000000000222, 0.4699999999999999734 ) ) ;
#41 = FACE_OUTER_BOUND ( 'NONE', #1332, .T. ) ;
#42 = ORIENTED_EDGE ( 'NONE', *, *, #976, .F. ) ;
#43 = DIRECTION ( 'NONE',  ( 1.000000000000000000, 0.000000000000000000, 0.000000000000000000 ) ) ;
#44 = ORIENTED_EDGE ( 'NONE', *, *, #1560, .F. ) ;
#45 = VECTOR ( 'NONE', #1054, 1000.000000000000000 ) ;
#46 = ORIENTED_EDGE ( 'NONE', *, *, #35, .F. ) ;
#47 = DIRECTION ( 'NONE',  ( 0.000000000000000000, -1.000000000000000000, 0.000000000000000000 ) ) ;
#48 = CARTESIAN_POINT ( 'NONE',  ( -0.1125000000000000028, 0.2999999999999999889, 0.000000000000000000 ) ) ;
#49 = VECTOR ( 'NONE', #1687, 1000.000000000000000 ) ;
#50 = VECTOR ( 'NONE', #1408, 1000.000000000000000 ) ;
#51 = VECTOR ( 'NONE', #128, 1000.000000000000000 ) ;
#52 = AXIS2_PLACEMENT_3D ( 'NONE', #214, #347, #1022 ) ;
#53 = DIRECTION ( 'NONE',  ( 0.000000000000000000, -1.000000000000000000, 0.000000000000000000 ) ) ;
#54 = ORIENTED_EDGE ( 'NONE', *, *, #228, .F. ) ;
#55 = EDGE_CURVE ( 'NONE', #105, #77, #464, .T. ) ;
#56 = ORIENTED_EDGE ( 'NONE', *, *, #1672, .F. ) ;
#57 = ORIENTED_EDGE ( 'NONE', *, *, #10, .F. ) ;
#58 = CARTESIAN_POINT ( 'NONE',  ( 0.7249999999999999778, -0.4500000000000000111, 0.4699999999999999734 ) ) ;
#59 = LINE ( 'NONE', #48, #381 ) ;
#60 =( NAMED_UNIT ( * ) PLANE_ANGLE_UNIT ( ) SI_UNIT ( $, .RADIAN. ) );
#61 = DIRECTION ( 'NONE',  ( -0.8660254037843289066, 0.5000000000001899592, 0.000000000000000000 ) ) ;
#62 = DIRECTION ( 'NONE',  ( 1.000000000000000000, 0.000000000000000000, 0.000000000000000000 ) ) ;
#63 = LINE ( 'NONE', #359, #754 ) ;
#64 = ORIENTED_EDGE ( 'NONE', *, *, #535, .T. ) ;
#65 = ADVANCED_FACE ( 'NONE', ( #856 ), #5, .F. ) ;
#66 = DIRECTION ( 'NONE',  ( 0.000000000000000000, -1.000000000000000000, 0.000000000000000000 ) ) ;
#67 = EDGE_LOOP ( 'NONE', ( #731, #1342, #345, #1597 ) ) ;
#68 = LINE ( 'NONE', #653, #1399 ) ;
#69 = ORIENTED_EDGE ( 'NONE', *, *, #456, .T. ) ;
#70 = DIRECTION ( 'NONE',  ( 0.000000000000000000, 1.000000000000000000, 0.000000000000000000 ) ) ;
#71 = ADVANCED_FACE ( 'NONE', ( #586 ), #1676, .F. ) ;
#72 = FACE_OUTER_BOUND ( 'NONE', #1217, .T. ) ;
#73 = EDGE_CURVE ( 'NONE', #1637, #549, #723, .T. ) ;
#74 = CARTESIAN_POINT ( 'NONE',  ( 0.7249999999999999778, 0.2999999999999999889, 0.03000000000000000236 ) ) ;
#75 = DIRECTION ( 'NONE',  ( 1.000000000000000000, 0.000000000000000000, 0.000000000000000000 ) ) ;
#76 = DIRECTION ( 'NONE',  ( -1.000000000000000000, 0.000000000000000000, 0.000000000000000000 ) ) ;
#77 = VERTEX_POINT ( 'NONE', #1698 ) ;
#78 = CARTESIAN_POINT ( 'NONE',  ( 0.7699999999999999067, -0.4000000000000000222, -3.469446951954000916E-18 ) ) ;
#79 = VERTEX_POINT ( 'NONE', #444 ) ;
#80 = LINE ( 'NONE', #927, #947 ) ;
#81 = DIRECTION ( 'NONE',  ( 0.000000000000000000, 0.000000000000000000, 1.000000000000000000 ) ) ;
#82 =( GEOMETRIC_REPRESENTATION_CONTEXT ( 3 ) GLOBAL_UNCERTAINTY_ASSIGNED_CONTEXT ( ( #1360 ) ) GLOBAL_UNIT_ASSIGNED_CONTEXT ( ( #1081, #411, #1071 ) ) REPRESENTATION_CONTEXT ( 'NONE', 'WORKASPACE' ) );
#83 = AXIS2_PLACEMENT_3D ( 'NONE', #429, #1066, #1077 ) ;
#84 = AXIS2_PLACEMENT_3D ( 'NONE', #1702, #317, #753 ) ;
#85 = SURFACE_SIDE_STYLE ('',( #1746 ) ) ;
#86 = CARTESIAN_POINT ( 'NONE',  ( 0.7249999999999999778, -0.4000000000000000222, 0.4699999999999999734 ) ) ;
#87 = ORIENTED_EDGE ( 'NONE', *, *, #789, .T. ) ;
#88 = COLOUR_RGB ( '',0.8941176470588234615, 0.8901960784313724950, 0.8117647058823529438 ) ;
#89 = VECTOR ( 'NONE', #1685, 1000.000000000000000 ) ;
#90 = PLANE ( 'NONE',  #1785 ) ;
#91 = ORIENTED_EDGE ( 'NONE', *, *, #903, .T. ) ;
#92 = DIRECTION ( 'NONE',  ( 1.000000000000000000, 0.000000000000000000, 0.000000000000000000 ) ) ;
#93 = VECTOR ( 'NONE', #539, 1000.000000000000000 ) ;
#94 = ORIENTED_EDGE ( 'NONE', *, *, #422, .F. ) ;
#95 = CARTESIAN_POINT ( 'NONE',  ( -0.7249999999999999778, -0.4000000000000000222, 0.5000000000000000000 ) ) ;
#96 = FACE_OUTER_BOUND ( 'NONE', #1086, .T. ) ;
#97 = ORIENTED_EDGE ( 'NONE', *, *, #338, .F. ) ;
#98 = EDGE_CURVE ( 'NONE', #701, #122, #80, .T. ) ;
#99 = EDGE_CURVE ( 'NONE', #603, #701, #356, .T. ) ;
#100 = CARTESIAN_POINT ( 'NONE',  ( -0.7625000000000000666, 0.2999999999999999889, 0.5000000000000000000 ) ) ;
#101 = EDGE_CURVE ( 'NONE', #1482, #1271, #784, .T. ) ;
#102 = ORIENTED_EDGE ( 'NONE', *, *, #720, .F. ) ;
#103 = CARTESIAN_POINT ( 'NONE',  ( -0.7249999999999999778, 0.05000000000000000278, 0.03000000000000000236 ) ) ;
#104 = LINE ( 'NONE', #1298, #1404 ) ;
#105 = VERTEX_POINT ( 'NONE', #917 ) ;
#106 = LINE ( 'NONE', #529, #466 ) ;
#107 = ORIENTED_EDGE ( 'NONE', *, *, #121, .F. ) ;
#108 = DIRECTION ( 'NONE',  ( 1.000000000000000000, 0.000000000000000000, 0.000000000000000000 ) ) ;
#109 = ORIENTED_EDGE ( 'NONE', *, *, #1424, .T. ) ;
#110 = CARTESIAN_POINT ( 'NONE',  ( 0.5300000000000000266, -0.4000000000000000222, 0.5000000000000000000 ) ) ;
#111 = ORIENTED_EDGE ( 'NONE', *, *, #949, .T. ) ;
#112 = VECTOR ( 'NONE', #387, 1000.000000000000000 ) ;
#113 = DIRECTION ( 'NONE',  ( 0.8660254037843289066, 0.5000000000001899592, 0.000000000000000000 ) ) ;
#114 = ADVANCED_FACE ( 'NONE', ( #896 ), #643, .F. ) ;
#115 = DIRECTION ( 'NONE',  ( -0.8660254037843289066, 0.5000000000001899592, 0.000000000000000000 ) ) ;
#116 = ORIENTED_EDGE ( 'NONE', *, *, #944, .T. ) ;
#117 = CARTESIAN_POINT ( 'NONE',  ( -0.7699999999999999067, -0.4000000000000000222, 0.03000000000000000236 ) ) ;
#118 = LINE ( 'NONE', #1231, #93 ) ;
#119 = VECTOR ( 'NONE', #807, 1000.000000000000000 ) ;
#120 = VECTOR ( 'NONE', #858, 1000.000000000000000 ) ;
#121 = EDGE_CURVE ( 'NONE', #811, #1242, #1733, .T. ) ;
#122 = VERTEX_POINT ( 'NONE', #1194 ) ;
#123 = CARTESIAN_POINT ( 'NONE',  ( 0.7249999999999999778, -0.2999999999999999889, 0.7500000000000000000 ) ) ;
#124 = VERTEX_POINT ( 'NONE', #1621 ) ;
#125 =( NAMED_UNIT ( * ) SI_UNIT ( $, .STERADIAN. ) SOLID_ANGLE_UNIT ( ) );
#126 = LINE ( 'NONE', #310, #413 ) ;
#127 = CARTESIAN_POINT ( 'NONE',  ( -0.5300000000000000266, -0.4000000000000000222, 0.4699999999999999734 ) ) ;
#128 = DIRECTION ( 'NONE',  ( 1.000000000000000000, 0.000000000000000000, 0.000000000000000000 ) ) ;
#129 = VERTEX_POINT ( 'NONE', #1739 ) ;
#130 = ORIENTED_EDGE ( 'NONE', *, *, #1233, .F. ) ;
#131 = PLANE ( 'NONE',  #1541 ) ;
#132 = PRESENTATION_STYLE_ASSIGNMENT (( #1538 ) ) ;
#133 = DIRECTION ( 'NONE',  ( 0.000000000000000000, 1.000000000000000000, 0.000000000000000000 ) ) ;
#134 = ADVANCED_FACE ( 'NONE', ( #909 ), #1766, .T. ) ;
#135 = VECTOR ( 'NONE', #1089, 1000.000000000000000 ) ;
#136 = VECTOR ( 'NONE', #1735, 1000.000000000000227 ) ;
#137 = VECTOR ( 'NONE', #982, 1000.000000000000000 ) ;
#138 = VERTEX_POINT ( 'NONE', #505 ) ;
#139 = CARTESIAN_POINT ( 'NONE',  ( -0.5300000000000000266, 0.2999999999999999889, 0.4699999999999999734 ) ) ;
#140 = FACE_OUTER_BOUND ( 'NONE', #746, .T. ) ;
#141 = CIRCLE ( 'NONE', #52, 0.02999999999999997113 ) ;
#142 = FACE_OUTER_BOUND ( 'NONE', #626, .T. ) ;
#143 = LINE ( 'NONE', #1489, #226 ) ;
#144 = VECTOR ( 'NONE', #7, 1000.000000000000000 ) ;
#145 = ADVANCED_FACE ( 'NONE', ( #1174 ), #776, .F. ) ;
#146 = EDGE_CURVE ( 'NONE', #1052, #916, #335, .T. ) ;
#147 = UNCERTAINTY_MEASURE_WITH_UNIT (LENGTH_MEASURE( 1.000000000000000082E-05 ), #279, 'distance_accuracy_value', 'NONE');
#148 = EDGE_LOOP ( 'NONE', ( #400, #94, #1596, #1606 ) ) ;
#149 = ADVANCED_FACE ( 'NONE', ( #222 ), #513, .F. ) ;
#150 = DIRECTION ( 'NONE',  ( 0.000000000000000000, 1.000000000000000000, 0.000000000000000000 ) ) ;
#151 = FACE_OUTER_BOUND ( 'NONE', #922, .T. ) ;
#152 = CARTESIAN_POINT ( 'NONE',  ( 0.7249999999999999778, -0.4500000000000000111, 0.03000000000000000236 ) ) ;
#153 = LINE ( 'NONE', #1757, #932 ) ;
#154 = CYLINDRICAL_SURFACE ( 'NONE', #1154, 0.02999999999999997113 ) ;
#155 = ORIENTED_EDGE ( 'NONE', *, *, #457, .T. ) ;
#156 = FILL_AREA_STYLE_COLOUR ( '', #88 ) ;
#157 = VERTEX_POINT ( 'NONE', #95 ) ;
#158 = DIRECTION ( 'NONE',  ( 0.000000000000000000, -1.000000000000000000, 0.000000000000000000 ) ) ;
#159 = DIRECTION ( 'NONE',  ( 0.000000000000000000, -1.000000000000000000, 0.000000000000000000 ) ) ;
#160 = FACE_OUTER_BOUND ( 'NONE', #1464, .T. ) ;
#161 = AXIS2_PLACEMENT_3D ( 'NONE', #1043, #1614, #213 ) ;
#162 = VECTOR ( 'NONE', #1536, 1000.000000000000000 ) ;
#163 = EDGE_LOOP ( 'NONE', ( #1024, #1364, #851, #212, #1377, #541, #230, #1774, #1555, #926, #557, #1018 ) ) ;
#164 = ADVANCED_FACE ( 'NONE', ( #1021 ), #1628, .F. ) ;
#165 = DIRECTION ( 'NONE',  ( 0.000000000000000000, 1.000000000000000000, 0.000000000000000000 ) ) ;
#166 = COLOUR_RGB ( '',0.8941176470588234615, 0.8901960784313724950, 0.8117647058823529438 ) ;
#167 = DIRECTION ( 'NONE',  ( 1.000000000000000000, 0.000000000000000000, 0.000000000000000000 ) ) ;
#168 = VECTOR ( 'NONE', #361, 1000.000000000000000 ) ;
#169 = MECHANICAL_DESIGN_GEOMETRIC_PRESENTATION_REPRESENTATION (  '', ( #293 ), #1345 ) ;
#170 = SURFACE_STYLE_USAGE ( .BOTH. , #725 ) ;
#171 = EDGE_CURVE ( 'NONE', #204, #454, #1496, .T. ) ;
#172 = ORIENTED_EDGE ( 'NONE', *, *, #801, .T. ) ;
#173 = SURFACE_STYLE_FILL_AREA ( #717 ) ;
#174 = EDGE_LOOP ( 'NONE', ( #1173, #306, #1490, #1370 ) ) ;
#175 = LINE ( 'NONE', #300, #1130 ) ;
#176 = PRODUCT_RELATED_PRODUCT_CATEGORY ( 'part', '', ( #350 ) ) ;
#177 =( NAMED_UNIT ( * ) PLANE_ANGLE_UNIT ( ) SI_UNIT ( $, .RADIAN. ) );
#178 = DIRECTION ( 'NONE',  ( 0.000000000000000000, 1.000000000000000000, 0.000000000000000000 ) ) ;
#179 = CARTESIAN_POINT ( 'NONE',  ( -0.7249999999999999778, 0.05000000000000000278, 0.4699999999999999734 ) ) ;
#180 = ORIENTED_EDGE ( 'NONE', *, *, #494, .F. ) ;
#181 = ORIENTED_EDGE ( 'NONE', *, *, #744, .T. ) ;
#182 = CARTESIAN_POINT ( 'NONE',  ( -0.7699999999999999067, -0.4000000000000000222, 0.4699999999999999734 ) ) ;
#183 = CARTESIAN_POINT ( 'NONE',  ( -0.5000000000000000000, 0.2999999999999999889, 0.4699999999999999734 ) ) ;
#184 =( LENGTH_UNIT ( ) NAMED_UNIT ( * ) SI_UNIT ( .MILLI., .METRE. ) );
#185 = DIRECTION ( 'NONE',  ( 0.000000000000000000, 0.000000000000000000, 1.000000000000000000 ) ) ;
#186 = EDGE_CURVE ( 'NONE', #1212, #308, #1465, .T. ) ;
#187 = LINE ( 'NONE', #1147, #1069 ) ;
#188 = ORIENTED_EDGE ( 'NONE', *, *, #1611, .T. ) ;
#189 = SURFACE_STYLE_USAGE ( .BOTH. , #1291 ) ;
#190 = VERTEX_POINT ( 'NONE', #1454 ) ;
#191 = FACE_OUTER_BOUND ( 'NONE', #794, .T. ) ;
#192 = ORIENTED_EDGE ( 'NONE', *, *, #503, .F. ) ;
#193 = FACE_OUTER_BOUND ( 'NONE', #945, .T. ) ;
#194 = VECTOR ( 'NONE', #595, 1000.000000000000000 ) ;
#195 = MECHANICAL_DESIGN_GEOMETRIC_PRESENTATION_REPRESENTATION (  '', ( #1658 ), #348 ) ;
#196 = AXIS2_PLACEMENT_3D ( 'NONE', #486, #1467, #206 ) ;
#197 = PLANE ( 'NONE',  #1607 ) ;
#198 = VERTEX_POINT ( 'NONE', #612 ) ;
#199 = MECHANICAL_DESIGN_GEOMETRIC_PRESENTATION_REPRESENTATION (  '', ( #704 ), #264 ) ;
#200 = ADVANCED_FACE ( 'NONE', ( #193 ), #1168, .F. ) ;
#201 = DIRECTION ( 'NONE',  ( 0.000000000000000000, 0.000000000000000000, 1.000000000000000000 ) ) ;
#202 = EDGE_CURVE ( 'NONE', #538, #1070, #1366, .T. ) ;
#203 = ORIENTED_EDGE ( 'NONE', *, *, #268, .F. ) ;
#204 = VERTEX_POINT ( 'NONE', #1803 ) ;
#205 = CARTESIAN_POINT ( 'NONE',  ( 0.2771281292109999961, 0.3200000000000000067, 0.03000000000000000236 ) ) ;
#206 = DIRECTION ( 'NONE',  ( 1.000000000000000000, 0.000000000000000000, 0.000000000000000000 ) ) ;
#207 = DIRECTION ( 'NONE',  ( 1.000000000000000000, 0.000000000000000000, 0.000000000000000000 ) ) ;
#208 = ORIENTED_EDGE ( 'NONE', *, *, #976, .T. ) ;
#209 = SURFACE_STYLE_USAGE ( .BOTH. , #219 ) ;
#210 = ORIENTED_EDGE ( 'NONE', *, *, #456, .F. ) ;
#211 = CARTESIAN_POINT ( 'NONE',  ( 0.7249999999999999778, -0.2999999999999999889, 0.03000000000000000236 ) ) ;
#212 = ORIENTED_EDGE ( 'NONE', *, *, #224, .T. ) ;
#213 = DIRECTION ( 'NONE',  ( 0.000000000000000000, 0.000000000000000000, -1.000000000000000000 ) ) ;
#214 = CARTESIAN_POINT ( 'NONE',  ( 0.5300000000000000266, 0.2999999999999999889, 0.03000000000000000236 ) ) ;
#215 = FILL_AREA_STYLE_COLOUR ( '', #1286 ) ;
#216 = FILL_AREA_STYLE_COLOUR ( '', #286 ) ;
#217 = DIRECTION ( 'NONE',  ( 0.000000000000000000, -1.000000000000000000, 0.000000000000000000 ) ) ;
#218 = ORIENTED_EDGE ( 'NONE', *, *, #1256, .F. ) ;
#219 = SURFACE_SIDE_STYLE ('',( #1322 ) ) ;
#220 = ORIENTED_EDGE ( 'NONE', *, *, #1094, .F. ) ;
#221 = ORIENTED_EDGE ( 'NONE', *, *, #228, .T. ) ;
#222 = FACE_OUTER_BOUND ( 'NONE', #1351, .T. ) ;
#223 = CIRCLE ( 'NONE', #1630, 0.02999999999999997113 ) ;
#224 = EDGE_CURVE ( 'NONE', #379, #641, #822, .T. ) ;
#225 = ADVANCED_FACE ( 'NONE', ( #682, #417 ), #1507, .F. ) ;
#226 = VECTOR ( 'NONE', #1815, 1000.000000000000000 ) ;
#227 = COLOUR_RGB ( '',0.3372549019607843368, 0.6784313725490196401, 0.4431372549019607643 ) ;
#228 = EDGE_CURVE ( 'NONE', #520, #775, #1352, .T. ) ;
#229 =( LENGTH_UNIT ( ) NAMED_UNIT ( * ) SI_UNIT ( .MILLI., .METRE. ) );
#230 = ORIENTED_EDGE ( 'NONE', *, *, #121, .T. ) ;
#231 = VECTOR ( 'NONE', #1289, 1000.000000000000000 ) ;
#232 = AXIS2_PLACEMENT_3D ( 'NONE', #1234, #1269, #304 ) ;
#233 = LINE ( 'NONE', #1079, #646 ) ;
#234 = VERTEX_POINT ( 'NONE', #1221 ) ;
#235 = DIRECTION ( 'NONE',  ( 0.000000000000000000, 0.000000000000000000, 1.000000000000000000 ) ) ;
#236 = DIRECTION ( 'NONE',  ( 0.000000000000000000, -1.000000000000000000, 0.000000000000000000 ) ) ;
#237 = LINE ( 'NONE', #388, #1522 ) ;
#238 = ORIENTED_EDGE ( 'NONE', *, *, #1200, .F. ) ;
#239 = LINE ( 'NONE', #78, #168 ) ;
#240 = UNCERTAINTY_MEASURE_WITH_UNIT (LENGTH_MEASURE( 1.000000000000000082E-05 ), #599, 'distance_accuracy_value', 'NONE');
#241 = ORIENTED_EDGE ( 'NONE', *, *, #843, .T. ) ;
#242 = DIRECTION ( 'NONE',  ( 0.000000000000000000, -1.000000000000000000, 0.000000000000000000 ) ) ;
#243 = CARTESIAN_POINT ( 'NONE',  ( -0.02250000000000000264, -0.2999999999999999889, 0.03000000000000000236 ) ) ;
#244 = ADVANCED_FACE ( 'NONE', ( #1661 ), #131, .T. ) ;
#245 = ORIENTED_EDGE ( 'NONE', *, *, #1200, .T. ) ;
#246 = PLANE ( 'NONE',  #897 ) ;
#247 = VERTEX_POINT ( 'NONE', #1667 ) ;
#248 = DIRECTION ( 'NONE',  ( 0.000000000000000000, 0.000000000000000000, 1.000000000000000000 ) ) ;
#249 = CARTESIAN_POINT ( 'NONE',  ( -0.7249999999999999778, -0.3499999999999999778, 0.000000000000000000 ) ) ;
#250 = FACE_OUTER_BOUND ( 'NONE', #1633, .T. ) ;
#251 = STYLED_ITEM ( 'NONE', ( #1775 ), #244 ) ;
#252 = VECTOR ( 'NONE', #1304, 1000.000000000000000 ) ;
#253 = ORIENTED_EDGE ( 'NONE', *, *, #1389, .T. ) ;
#254 = FACE_OUTER_BOUND ( 'NONE', #1209, .T. ) ;
#255 = STYLED_ITEM ( 'NONE', ( #1178 ), #798 ) ;
#256 = EDGE_CURVE ( 'NONE', #1542, #1011, #752, .T. ) ;
#257 = AXIS2_PLACEMENT_3D ( 'NONE', #774, #1359, #201 ) ;
#258 = EDGE_CURVE ( 'NONE', #1711, #1070, #1647, .T. ) ;
#259 = FACE_OUTER_BOUND ( 'NONE', #1582, .T. ) ;
#260 = EDGE_LOOP ( 'NONE', ( #996, #1449, #1148, #1205 ) ) ;
#261 = SURFACE_SIDE_STYLE ('',( #532 ) ) ;
#262 = LINE ( 'NONE', #249, #1255 ) ;
#263 = VECTOR ( 'NONE', #1112, 1000.000000000000000 ) ;
#264 =( GEOMETRIC_REPRESENTATION_CONTEXT ( 3 ) GLOBAL_UNCERTAINTY_ASSIGNED_CONTEXT ( ( #17 ) ) GLOBAL_UNIT_ASSIGNED_CONTEXT ( ( #1169, #60, #1501 ) ) REPRESENTATION_CONTEXT ( 'NONE', 'WORKASPACE' ) );
#265 = ORIENTED_EDGE ( 'NONE', *, *, #1368, .F. ) ;
#266 = VERTEX_POINT ( 'NONE', #1371 ) ;
#267 = VERTEX_POINT ( 'NONE', #117 ) ;
#268 = EDGE_CURVE ( 'NONE', #308, #537, #320, .T. ) ;
#269 = FILL_AREA_STYLE_COLOUR ( '', #1456 ) ;
#270 = PLANE ( 'NONE',  #762 ) ;
#271 = DIRECTION ( 'NONE',  ( 1.000000000000000000, 0.000000000000000000, 0.000000000000000000 ) ) ;
#272 = FACE_OUTER_BOUND ( 'NONE', #362, .T. ) ;
#273 = DIRECTION ( 'NONE',  ( 1.000000000000000000, 0.000000000000000000, 0.000000000000000000 ) ) ;
#274 = UNCERTAINTY_MEASURE_WITH_UNIT (LENGTH_MEASURE( 1.000000000000000082E-05 ), #1099, 'distance_accuracy_value', 'NONE');
#275 = LINE ( 'NONE', #560, #929 ) ;
#276 = ORIENTED_EDGE ( 'NONE', *, *, #1064, .T. ) ;
#277 = DIRECTION ( 'NONE',  ( 0.000000000000000000, 1.000000000000000000, 0.000000000000000000 ) ) ;
#278 = DIRECTION ( 'NONE',  ( 0.000000000000000000, -1.000000000000000000, 0.000000000000000000 ) ) ;
#279 =( LENGTH_UNIT ( ) NAMED_UNIT ( * ) SI_UNIT ( .MILLI., .METRE. ) );
#280 = DIRECTION ( 'NONE',  ( 1.000000000000000000, 0.000000000000000000, 0.000000000000000000 ) ) ;
#281 = EDGE_CURVE ( 'NONE', #267, #1007, #999, .T. ) ;
#282 = CARTESIAN_POINT ( 'NONE',  ( -0.5300000000000000266, -0.2999999999999999889, -3.469446951954000916E-18 ) ) ;
#283 = EDGE_CURVE ( 'NONE', #830, #1150, #223, .T. ) ;
#284 =( GEOMETRIC_REPRESENTATION_CONTEXT ( 3 ) GLOBAL_UNCERTAINTY_ASSIGNED_CONTEXT ( ( #240 ) ) GLOBAL_UNIT_ASSIGNED_CONTEXT ( ( #599, #303, #24 ) ) REPRESENTATION_CONTEXT ( 'NONE', 'WORKASPACE' ) );
#285 = EDGE_CURVE ( 'NONE', #30, #1755, #829, .T. ) ;
#286 = COLOUR_RGB ( '',0.8941176470588234615, 0.8901960784313724950, 0.8117647058823529438 ) ;
#287 = VECTOR ( 'NONE', #848, 1000.000000000000000 ) ;
#288 = CARTESIAN_POINT ( 'NONE',  ( -0.03749999999999999861, -0.2999999999999999889, 0.000000000000000000 ) ) ;
#289 = ORIENTED_EDGE ( 'NONE', *, *, #1119, .F. ) ;
#290 = CARTESIAN_POINT ( 'NONE',  ( -0.7699999999999999067, -0.4000000000000000222, 0.03000000000000000236 ) ) ;
#291 = PRESENTATION_STYLE_ASSIGNMENT (( #1385 ) ) ;
#292 = PRESENTATION_LAYER_ASSIGNMENT (  '', '', ( #1578 ) ) ;
#293 = STYLED_ITEM ( 'NONE', ( #14 ), #1477 ) ;
#294 = SURFACE_STYLE_FILL_AREA ( #694 ) ;
#295 = CARTESIAN_POINT ( 'NONE',  ( -0.5000000000000000000, 0.4000000000000000222, 0.4699999999999999734 ) ) ;
#296 = COLOUR_RGB ( '',1.000000000000000000, 0.000000000000000000, 0.000000000000000000 ) ;
#297 = UNCERTAINTY_MEASURE_WITH_UNIT (LENGTH_MEASURE( 1.000000000000000082E-05 ), #1261, 'distance_accuracy_value', 'NONE');
#298 = DIRECTION ( 'NONE',  ( 1.000000000000000000, 0.000000000000000000, 0.000000000000000000 ) ) ;
#299 = ORIENTED_EDGE ( 'NONE', *, *, #397, .T. ) ;
#300 = CARTESIAN_POINT ( 'NONE',  ( 0.5000000000000000000, -0.4000000000000000222, 0.4699999999999999734 ) ) ;
#301 =( NAMED_UNIT ( * ) SI_UNIT ( $, .STERADIAN. ) SOLID_ANGLE_UNIT ( ) );
#302 = CARTESIAN_POINT ( 'NONE',  ( 0.5300000000000000266, -0.2999999999999999889, 0.5000000000000000000 ) ) ;
#303 =( NAMED_UNIT ( * ) PLANE_ANGLE_UNIT ( ) SI_UNIT ( $, .RADIAN. ) );
#304 = DIRECTION ( 'NONE',  ( 0.000000000000000000, 0.000000000000000000, -1.000000000000000000 ) ) ;
#305 = ADVANCED_FACE ( 'NONE', ( #571 ), #426, .T. ) ;
#306 = ORIENTED_EDGE ( 'NONE', *, *, #1773, .F. ) ;
#307 = CARTESIAN_POINT ( 'NONE',  ( 0.7249999999999999778, 0.2999999999999999889, 0.000000000000000000 ) ) ;
#308 = VERTEX_POINT ( 'NONE', #1151 ) ;
#309 = LINE ( 'NONE', #854, #318 ) ;
#310 = CARTESIAN_POINT ( 'NONE',  ( 0.8000000000000000444, -0.4000000000000000222, 0.03000000000000000236 ) ) ;
#311 = LINE ( 'NONE', #855, #1784 ) ;
#312 = CARTESIAN_POINT ( 'NONE',  ( -0.7699999999999999067, 0.4000000000000000222, 0.03000000000000000236 ) ) ;
#313 =( NAMED_UNIT ( * ) PLANE_ANGLE_UNIT ( ) SI_UNIT ( $, .RADIAN. ) );
#314 = CARTESIAN_POINT ( 'NONE',  ( -0.4500000000000000111, 0.4000000000000000222, 1.100000000000000089 ) ) ;
#315 = SURFACE_STYLE_FILL_AREA ( #1664 ) ;
#316 = VECTOR ( 'NONE', #592, 1000.000000000000114 ) ;
#317 = DIRECTION ( 'NONE',  ( -0.9968653925763351076, 0.000000000000000000, 0.07911630099814662143 ) ) ;
#318 = VECTOR ( 'NONE', #165, 1000.000000000000000 ) ;
#319 = ORIENTED_EDGE ( 'NONE', *, *, #1511, .F. ) ;
#320 = LINE ( 'NONE', #598, #316 ) ;
#321 = CARTESIAN_POINT ( 'NONE',  ( -0.7249999999999999778, -0.3499999999999999778, 0.03000000000000000236 ) ) ;
#322 = MECHANICAL_DESIGN_GEOMETRIC_PRESENTATION_REPRESENTATION (  '', ( #980 ), #1161 ) ;
#323 = AXIS2_PLACEMENT_3D ( 'NONE', #428, #167, #994 ) ;
#324 = DIRECTION ( 'NONE',  ( 0.000000000000000000, 0.000000000000000000, 1.000000000000000000 ) ) ;
#325 = PRODUCT_CONTEXT ( 'NONE', #779, 'mechanical' ) ;
#326 = DIRECTION ( 'NONE',  ( 1.000000000000000000, 0.000000000000000000, 0.000000000000000000 ) ) ;
#327 = ORIENTED_EDGE ( 'NONE', *, *, #503, .T. ) ;
#328 = DIRECTION ( 'NONE',  ( -0.000000000000000000, 1.000000000000000000, 0.000000000000000000 ) ) ;
#329 = EDGE_CURVE ( 'NONE', #537, #1212, #1556, .T. ) ;
#330 = SURFACE_STYLE_USAGE ( .BOTH. , #484 ) ;
#331 = DIRECTION ( 'NONE',  ( 0.000000000000000000, 1.000000000000000000, 0.000000000000000000 ) ) ;
#332 = ORIENTED_EDGE ( 'NONE', *, *, #1560, .T. ) ;
#333 = EDGE_LOOP ( 'NONE', ( #510, #893, #1300, #1199 ) ) ;
#334 = ORIENTED_EDGE ( 'NONE', *, *, #285, .F. ) ;
#335 = LINE ( 'NONE', #1475, #45 ) ;
#336 = CARTESIAN_POINT ( 'NONE',  ( -0.02250000000000000264, -0.2999999999999999889, 0.03000000000000000236 ) ) ;
#337 = EDGE_CURVE ( 'NONE', #1666, #379, #9, .T. ) ;
#338 = EDGE_CURVE ( 'NONE', #405, #37, #1712, .T. ) ;
#339 = CARTESIAN_POINT ( 'NONE',  ( 0.7249999999999999778, -0.2999999999999999889, 0.4699999999999999734 ) ) ;
#340 = ORIENTED_EDGE ( 'NONE', *, *, #441, .T. ) ;
#341 =( NAMED_UNIT ( * ) PLANE_ANGLE_UNIT ( ) SI_UNIT ( $, .RADIAN. ) );
#342 = VERTEX_POINT ( 'NONE', #1572 ) ;
#343 = LINE ( 'NONE', #907, #1491 ) ;
#344 = AXIS2_PLACEMENT_3D ( 'NONE', #346, #1725, #655 ) ;
#345 = ORIENTED_EDGE ( 'NONE', *, *, #101, .F. ) ;
#346 = CARTESIAN_POINT ( 'NONE',  ( 0.7699999999999999067, 0.4000000000000000222, 0.03000000000000000236 ) ) ;
#347 = DIRECTION ( 'NONE',  ( 0.000000000000000000, 1.000000000000000000, 0.000000000000000000 ) ) ;
#348 =( GEOMETRIC_REPRESENTATION_CONTEXT ( 3 ) GLOBAL_UNCERTAINTY_ASSIGNED_CONTEXT ( ( #1394 ) ) GLOBAL_UNIT_ASSIGNED_CONTEXT ( ( #605, #341, #1581 ) ) REPRESENTATION_CONTEXT ( 'NONE', 'WORKASPACE' ) );
#349 = DIRECTION ( 'NONE',  ( 0.000000000000000000, 1.000000000000000000, 0.000000000000000000 ) ) ;
#350 = PRODUCT ( 'LED_0603_1608Metric_RED', 'LED_0603_1608Metric_RED', '', ( #325 ) ) ;
#351 = DIRECTION ( 'NONE',  ( 0.000000000000000000, 0.000000000000000000, -1.000000000000000000 ) ) ;
#352 = LINE ( 'NONE', #1049, #1544 ) ;
#353 = ORIENTED_EDGE ( 'NONE', *, *, #1583, .F. ) ;
#354 = FILL_AREA_STYLE ('',( #1481 ) ) ;
#355 = ORIENTED_EDGE ( 'NONE', *, *, #283, .T. ) ;
#356 = LINE ( 'NONE', #58, #726 ) ;
#357 = PLANE ( 'NONE',  #528 ) ;
#358 =( NAMED_UNIT ( * ) SI_UNIT ( $, .STERADIAN. ) SOLID_ANGLE_UNIT ( ) );
#359 = CARTESIAN_POINT ( 'NONE',  ( -0.7699999999999999067, 0.4000000000000000222, 0.4699999999999999734 ) ) ;
#360 = VERTEX_POINT ( 'NONE', #1275 ) ;
#361 = DIRECTION ( 'NONE',  ( 0.000000000000000000, 1.000000000000000000, 0.000000000000000000 ) ) ;
#362 = EDGE_LOOP ( 'NONE', ( #478, #1088, #1811, #1191, #181, #908, #1695, #220, #1135, #913 ) ) ;
#363 = ORIENTED_EDGE ( 'NONE', *, *, #1437, .T. ) ;
#364 = DIRECTION ( 'NONE',  ( 0.000000000000000000, -1.000000000000000000, 0.000000000000000000 ) ) ;
#365 = DIRECTION ( 'NONE',  ( 0.000000000000000000, 0.000000000000000000, -1.000000000000000000 ) ) ;
#366 = EDGE_CURVE ( 'NONE', #1316, #37, #974, .T. ) ;
#367 = CARTESIAN_POINT ( 'NONE',  ( 0.7249999999999999778, -0.5000000000000000000, 0.7500000000000000000 ) ) ;
#368 = ORIENTED_EDGE ( 'NONE', *, *, #1672, .T. ) ;
#369 = CARTESIAN_POINT ( 'NONE',  ( -0.7699999999999999067, 0.4000000000000000222, 0.03000000000000000236 ) ) ;
#370 = CARTESIAN_POINT ( 'NONE',  ( 0.7249999999999999778, 0.2999999999999999889, 0.7500000000000000000 ) ) ;
#371 = SURFACE_STYLE_USAGE ( .BOTH. , #1063 ) ;
#372 = VECTOR ( 'NONE', #47, 1000.000000000000000 ) ;
#373 = DIRECTION ( 'NONE',  ( -1.000000000000000000, 0.000000000000000000, 0.000000000000000000 ) ) ;
#374 = VECTOR ( 'NONE', #349, 1000.000000000000000 ) ;
#375 = VECTOR ( 'NONE', #115, 1000.000000000000114 ) ;
#376 = VECTOR ( 'NONE', #32, 1000.000000000000000 ) ;
#377 = SURFACE_STYLE_USAGE ( .BOTH. , #508 ) ;
#378 = DIRECTION ( 'NONE',  ( 1.000000000000000000, 0.000000000000000000, 0.000000000000000000 ) ) ;
#379 = VERTEX_POINT ( 'NONE', #1696 ) ;
#380 = AXIS2_PLACEMENT_3D ( 'NONE', #1656, #621, #61 ) ;
#381 = VECTOR ( 'NONE', #1444, 1000.000000000000000 ) ;
#382 = CARTESIAN_POINT ( 'NONE',  ( -0.5300000000000000266, 0.2999999999999999889, -3.469446951954000916E-18 ) ) ;
#383 = ORIENTED_EDGE ( 'NONE', *, *, #949, .F. ) ;
#384 = CARTESIAN_POINT ( 'NONE',  ( -0.7699999999999999067, 0.4000000000000000222, 0.03000000000000000236 ) ) ;
#385 = DIRECTION ( 'NONE',  ( 0.000000000000000000, 1.000000000000000000, 0.000000000000000000 ) ) ;
#386 = EDGE_CURVE ( 'NONE', #470, #785, #175, .T. ) ;
#387 = DIRECTION ( 'NONE',  ( 0.000000000000000000, 0.000000000000000000, 1.000000000000000000 ) ) ;
#388 = CARTESIAN_POINT ( 'NONE',  ( -0.7699999999999999067, 0.4000000000000000222, 0.4699999999999999734 ) ) ;
#389 = ORIENTED_EDGE ( 'NONE', *, *, #1498, .F. ) ;
#390 = PLANE ( 'NONE',  #1282 ) ;
#391 = UNCERTAINTY_MEASURE_WITH_UNIT (LENGTH_MEASURE( 1.000000000000000082E-05 ), #420, 'distance_accuracy_value', 'NONE');
#392 = EDGE_LOOP ( 'NONE', ( #1443, #1529, #669, #1620 ) ) ;
#393 = CARTESIAN_POINT ( 'NONE',  ( 0.5000000000000000000, -0.4000000000000000222, 0.000000000000000000 ) ) ;
#394 = CARTESIAN_POINT ( 'NONE',  ( 0.5000000000000000000, 0.4000000000000000222, 0.4699999999999999734 ) ) ;
#395 = DIRECTION ( 'NONE',  ( 0.000000000000000000, 1.000000000000000000, 0.000000000000000000 ) ) ;
#396 = ORIENTED_EDGE ( 'NONE', *, *, #1274, .T. ) ;
#397 = EDGE_CURVE ( 'NONE', #520, #79, #1260, .T. ) ;
#398 = EDGE_CURVE ( 'NONE', #1123, #1163, #1436, .T. ) ;
#399 = CARTESIAN_POINT ( 'NONE',  ( -0.7249999999999999778, -0.2999999999999999889, 0.7500000000000000000 ) ) ;
#400 = ORIENTED_EDGE ( 'NONE', *, *, #963, .T. ) ;
#401 = FILL_AREA_STYLE ('',( #1638 ) ) ;
#402 = LINE ( 'NONE', #671, #648 ) ;
#403 = LINE ( 'NONE', #497, #51 ) ;
#404 = AXIS2_PLACEMENT_3D ( 'NONE', #1208, #1347, #1780 ) ;
#405 = VERTEX_POINT ( 'NONE', #1266 ) ;
#406 = PRESENTATION_LAYER_ASSIGNMENT (  '', '', ( #1158 ) ) ;
#407 =( GEOMETRIC_REPRESENTATION_CONTEXT ( 3 ) GLOBAL_UNCERTAINTY_ASSIGNED_CONTEXT ( ( #820 ) ) GLOBAL_UNIT_ASSIGNED_CONTEXT ( ( #666, #517, #1650 ) ) REPRESENTATION_CONTEXT ( 'NONE', 'WORKASPACE' ) );
#408 = VECTOR ( 'NONE', #1508, 1000.000000000000000 ) ;
#409 = UNCERTAINTY_MEASURE_WITH_UNIT (LENGTH_MEASURE( 1.000000000000000082E-05 ), #1699, 'distance_accuracy_value', 'NONE');
#410 = VERTEX_POINT ( 'NONE', #443 ) ;
#411 =( NAMED_UNIT ( * ) PLANE_ANGLE_UNIT ( ) SI_UNIT ( $, .RADIAN. ) );
#412 =( GEOMETRIC_REPRESENTATION_CONTEXT ( 3 ) GLOBAL_UNCERTAINTY_ASSIGNED_CONTEXT ( ( #297 ) ) GLOBAL_UNIT_ASSIGNED_CONTEXT ( ( #1261, #1125, #301 ) ) REPRESENTATION_CONTEXT ( 'NONE', 'WORKASPACE' ) );
#413 = VECTOR ( 'NONE', #1398, 1000.000000000000000 ) ;
#414 = PRESENTATION_STYLE_ASSIGNMENT (( #712 ) ) ;
#415 = CARTESIAN_POINT ( 'NONE',  ( -0.8000000000000000444, -0.4000000000000000222, 0.4699999999999999734 ) ) ;
#416 = ORIENTED_EDGE ( 'NONE', *, *, #1690, .F. ) ;
#417 = FACE_OUTER_BOUND ( 'NONE', #163, .T. ) ;
#418 = ADVANCED_FACE ( 'NONE', ( #719 ), #740, .F. ) ;
#419 = EDGE_CURVE ( 'NONE', #775, #37, #38, .T. ) ;
#420 =( LENGTH_UNIT ( ) NAMED_UNIT ( * ) SI_UNIT ( .MILLI., .METRE. ) );
#421 = CYLINDRICAL_SURFACE ( 'NONE', #1742, 0.02999999999999997113 ) ;
#422 = EDGE_CURVE ( 'NONE', #1157, #138, #3, .T. ) ;
#423 = LINE ( 'NONE', #314, #120 ) ;
#424 = CARTESIAN_POINT ( 'NONE',  ( -0.8000000000000000444, -0.4000000000000000222, 0.5000000000000000000 ) ) ;
#425 = ORIENTED_EDGE ( 'NONE', *, *, #441, .F. ) ;
#426 = CYLINDRICAL_SURFACE ( 'NONE', #924, 0.02999999999999997113 ) ;
#427 =( NAMED_UNIT ( * ) SI_UNIT ( $, .STERADIAN. ) SOLID_ANGLE_UNIT ( ) );
#428 = CARTESIAN_POINT ( 'NONE',  ( 0.7249999999999999778, 0.2999999999999999889, 0.7500000000000000000 ) ) ;
#429 = CARTESIAN_POINT ( 'NONE',  ( 0.5300000000000000266, -0.2999999999999999889, 0.4699999999999999734 ) ) ;
#430 = LINE ( 'NONE', #1430, #1046 ) ;
#431 = VECTOR ( 'NONE', #1362, 1000.000000000000000 ) ;
#432 = VECTOR ( 'NONE', #158, 1000.000000000000000 ) ;
#433 = VECTOR ( 'NONE', #1600, 1000.000000000000000 ) ;
#434 = ORIENTED_EDGE ( 'NONE', *, *, #673, .F. ) ;
#435 = DIRECTION ( 'NONE',  ( 0.000000000000000000, 0.000000000000000000, 1.000000000000000000 ) ) ;
#436 = VECTOR ( 'NONE', #689, 1000.000000000000000 ) ;
#437 =( GEOMETRIC_REPRESENTATION_CONTEXT ( 3 ) GLOBAL_UNCERTAINTY_ASSIGNED_CONTEXT ( ( #1540 ) ) GLOBAL_UNIT_ASSIGNED_CONTEXT ( ( #184, #1599, #600 ) ) REPRESENTATION_CONTEXT ( 'NONE', 'WORKASPACE' ) );
#438 = CARTESIAN_POINT ( 'NONE',  ( 0.7699999999999999067, 0.4000000000000000222, 0.4699999999999999734 ) ) ;
#439 = DIRECTION ( 'NONE',  ( 1.000000000000000000, 0.000000000000000000, 0.000000000000000000 ) ) ;
#440 = EDGE_CURVE ( 'NONE', #405, #77, #1564, .T. ) ;
#441 = EDGE_CURVE ( 'NONE', #1711, #234, #309, .T. ) ;
#442 = ORIENTED_EDGE ( 'NONE', *, *, #202, .F. ) ;
#443 = CARTESIAN_POINT ( 'NONE',  ( 0.7699999999999999067, 0.4000000000000000222, 0.5000000000000000000 ) ) ;
#444 = CARTESIAN_POINT ( 'NONE',  ( -0.7249999999999999778, 0.4000000000000000222, 0.5000000000000000000 ) ) ;
#445 = CARTESIAN_POINT ( 'NONE',  ( -0.2771281292109999961, 0.000000000000000000, 0.01500000000000000118 ) ) ;
#446 = DIRECTION ( 'NONE',  ( 0.000000000000000000, 0.000000000000000000, 1.000000000000000000 ) ) ;
#447 = ORIENTED_EDGE ( 'NONE', *, *, #1094, .T. ) ;
#448 = SURFACE_STYLE_FILL_AREA ( #997 ) ;
#449 = ORIENTED_EDGE ( 'NONE', *, *, #99, .F. ) ;
#450 = DIRECTION ( 'NONE',  ( -1.000000000000000000, 0.000000000000000000, 0.000000000000000000 ) ) ;
#451 = CARTESIAN_POINT ( 'NONE',  ( 0.2771281292109999961, 0.3200000000000000067, 0.01500000000000000118 ) ) ;
#452 = CARTESIAN_POINT ( 'NONE',  ( 0.7699999999999999067, -0.4000000000000000222, 0.03000000000000000236 ) ) ;
#453 = LINE ( 'NONE', #1616, #809 ) ;
#454 = VERTEX_POINT ( 'NONE', #1285 ) ;
#455 = AXIS2_PLACEMENT_3D ( 'NONE', #758, #769, #1317 ) ;
#456 = EDGE_CURVE ( 'NONE', #342, #410, #31, .T. ) ;
#457 = EDGE_CURVE ( 'NONE', #360, #701, #68, .T. ) ;
#458 = CARTESIAN_POINT ( 'NONE',  ( -0.7249999999999999778, 0.4000000000000000222, 0.000000000000000000 ) ) ;
#459 = AXIS2_PLACEMENT_3D ( 'NONE', #1113, #133, #696 ) ;
#460 = ORIENTED_EDGE ( 'NONE', *, *, #337, .F. ) ;
#461 = DIRECTION ( 'NONE',  ( 0.000000000000000000, 1.000000000000000000, 0.000000000000000000 ) ) ;
#462 = MECHANICAL_DESIGN_GEOMETRIC_PRESENTATION_REPRESENTATION (  '', ( #978 ), #1401 ) ;
#463 = CLOSED_SHELL ( 'NONE', ( #869, #1177, #656, #1122, #1446, #1532, #743, #134, #610, #589, #305, #71, #1259, #1175, #604, #1470, #1641, #1660, #145, #164, #1232, #114, #747, #476, #1550, #1799, #1257, #708, #200, #418, #552, #979, #1142, #1423, #244, #1335, #905, #1585, #1000, #225, #149, #815, #1, #798, #1602, #1060, #1744, #65, #1032, #1477 ) ) ;
#464 = LINE ( 'NONE', #1574, #1336 ) ;
#465 = SURFACE_STYLE_FILL_AREA ( #613 ) ;
#466 = VECTOR ( 'NONE', #1462, 1000.000000000000000 ) ;
#467 = MECHANICAL_DESIGN_GEOMETRIC_PRESENTATION_REPRESENTATION (  '', ( #1552 ), #702 ) ;
#468 = AXIS2_PLACEMENT_3D ( 'NONE', #1263, #761, #331 ) ;
#469 = DIRECTION ( 'NONE',  ( 0.000000000000000000, 0.000000000000000000, 1.000000000000000000 ) ) ;
#470 = VERTEX_POINT ( 'NONE', #1203 ) ;
#471 = ORIENTED_EDGE ( 'NONE', *, *, #1297, .T. ) ;
#472 = LINE ( 'NONE', #182, #861 ) ;
#473 = ORIENTED_EDGE ( 'NONE', *, *, #1061, .T. ) ;
#474 = DIRECTION ( 'NONE',  ( 0.000000000000000000, 0.000000000000000000, -1.000000000000000000 ) ) ;
#475 = EDGE_CURVE ( 'NONE', #1007, #247, #472, .T. ) ;
#476 = ADVANCED_FACE ( 'NONE', ( #191 ), #1172, .F. ) ;
#477 = EDGE_CURVE ( 'NONE', #1324, #603, #343, .T. ) ;
#478 = ORIENTED_EDGE ( 'NONE', *, *, #1367, .F. ) ;
#479 = CARTESIAN_POINT ( 'NONE',  ( 0.4500000000000000111, 0.4000000000000000222, 1.100000000000000089 ) ) ;
#480 = VERTEX_POINT ( 'NONE', #211 ) ;
#481 = DIRECTION ( 'NONE',  ( 1.000000000000000000, 0.000000000000000000, 0.000000000000000000 ) ) ;
#482 = ORIENTED_EDGE ( 'NONE', *, *, #1064, .F. ) ;
#483 = CARTESIAN_POINT ( 'NONE',  ( -0.7249999999999999778, 0.2999999999999999889, 0.7500000000000000000 ) ) ;
#484 = SURFACE_SIDE_STYLE ('',( #465 ) ) ;
#485 = CARTESIAN_POINT ( 'NONE',  ( -8.772411109409000623E-18, 0.4000000000000000222, 0.7750441282940000454 ) ) ;
#486 = CARTESIAN_POINT ( 'NONE',  ( -0.5300000000000000266, 0.2999999999999999889, 0.03000000000000000236 ) ) ;
#487 = SURFACE_STYLE_FILL_AREA ( #888 ) ;
#488 = ORIENTED_EDGE ( 'NONE', *, *, #1570, .T. ) ;
#489 = DIRECTION ( 'NONE',  ( 0.000000000000000000, 0.000000000000000000, -1.000000000000000000 ) ) ;
#490 = ORIENTED_EDGE ( 'NONE', *, *, #1280, .F. ) ;
#491 = DIRECTION ( 'NONE',  ( 1.000000000000000000, 0.000000000000000000, 0.000000000000000000 ) ) ;
#492 = LINE ( 'NONE', #1176, #1579 ) ;
#493 = AXIS2_PLACEMENT_3D ( 'NONE', #750, #469, #880 ) ;
#494 = EDGE_CURVE ( 'NONE', #77, #1323, #627, .T. ) ;
#495 = MECHANICAL_DESIGN_GEOMETRIC_PRESENTATION_REPRESENTATION (  '', ( #678 ), #553 ) ;
#496 = AXIS2_PLACEMENT_3D ( 'NONE', #857, #1428, #706 ) ;
#497 = CARTESIAN_POINT ( 'NONE',  ( -0.8000000000000000444, 0.4000000000000000222, 0.000000000000000000 ) ) ;
#498 = DIRECTION ( 'NONE',  ( 0.07911630099814660755, 0.000000000000000000, 0.9968653925763349966 ) ) ;
#499 = ORIENTED_EDGE ( 'NONE', *, *, #1710, .F. ) ;
#500 = CIRCLE ( 'NONE', #29, 0.03000000000000002318 ) ;
#501 = LINE ( 'NONE', #1067, #1812 ) ;
#502 = ORIENTED_EDGE ( 'NONE', *, *, #494, .T. ) ;
#503 = EDGE_CURVE ( 'NONE', #454, #520, #1605, .T. ) ;
#504 = ORIENTED_EDGE ( 'NONE', *, *, #667, .F. ) ;
#505 = CARTESIAN_POINT ( 'NONE',  ( -0.8000000000000000444, 0.4000000000000000222, 0.4699999999999999734 ) ) ;
#506 = FACE_OUTER_BOUND ( 'NONE', #1143, .T. ) ;
#507 = LINE ( 'NONE', #1486, #1460 ) ;
#508 = SURFACE_SIDE_STYLE ('',( #1047 ) ) ;
#509 = CARTESIAN_POINT ( 'NONE',  ( -0.5000000000000000000, -0.2999999999999999889, 0.03000000000000000236 ) ) ;
#510 = ORIENTED_EDGE ( 'NONE', *, *, #535, .F. ) ;
#511 = PLANE ( 'NONE',  #1689 ) ;
#512 = ORIENTED_EDGE ( 'NONE', *, *, #799, .F. ) ;
#513 = PLANE ( 'NONE',  #1806 ) ;
#514 = LINE ( 'NONE', #1779, #112 ) ;
#515 = DIRECTION ( 'NONE',  ( 0.000000000000000000, 1.000000000000000000, 0.000000000000000000 ) ) ;
#516 = ORIENTED_EDGE ( 'NONE', *, *, #777, .T. ) ;
#517 =( NAMED_UNIT ( * ) PLANE_ANGLE_UNIT ( ) SI_UNIT ( $, .RADIAN. ) );
#518 = EDGE_CURVE ( 'NONE', #1732, #124, #453, .T. ) ;
#519 = UNCERTAINTY_MEASURE_WITH_UNIT (LENGTH_MEASURE( 1.000000000000000082E-05 ), #1137, 'distance_accuracy_value', 'NONE');
#520 = VERTEX_POINT ( 'NONE', #1006 ) ;
#521 = CARTESIAN_POINT ( 'NONE',  ( 0.5300000000000000266, -0.4000000000000000222, 0.03000000000000000236 ) ) ;
#522 = COLOUR_RGB ( '',0.8941176470588234615, 0.8901960784313724950, 0.8117647058823529438 ) ;
#523 = AXIS2_PLACEMENT_3D ( 'NONE', #36, #1162, #1722 ) ;
#524 = DIRECTION ( 'NONE',  ( 1.000000000000000000, 0.000000000000000000, 0.000000000000000000 ) ) ;
#525 = LINE ( 'NONE', #1761, #1278 ) ;
#526 = ORIENTED_EDGE ( 'NONE', *, *, #1561, .T. ) ;
#527 = CIRCLE ( 'NONE', #196, 0.02999999999999997113 ) ;
#528 = AXIS2_PLACEMENT_3D ( 'NONE', #1044, #1318, #1455 ) ;
#529 = CARTESIAN_POINT ( 'NONE',  ( -0.7699999999999999067, -0.4000000000000000222, 0.4699999999999999734 ) ) ;
#530 = PRESENTATION_LAYER_ASSIGNMENT (  '', '', ( #1315 ) ) ;
#531 = VERTEX_POINT ( 'NONE', #1186 ) ;
#532 = SURFACE_STYLE_FILL_AREA ( #401 ) ;
#533 = LINE ( 'NONE', #394, #1076 ) ;
#534 = EDGE_CURVE ( 'NONE', #198, #785, #772, .T. ) ;
#535 = EDGE_CURVE ( 'NONE', #247, #1050, #901, .T. ) ;
#536 = LINE ( 'NONE', #1509, #436 ) ;
#537 = VERTEX_POINT ( 'NONE', #1586 ) ;
#538 = VERTEX_POINT ( 'NONE', #1299 ) ;
#539 = DIRECTION ( 'NONE',  ( 0.000000000000000000, 1.000000000000000000, 0.000000000000000000 ) ) ;
#540 = CARTESIAN_POINT ( 'NONE',  ( 0.4500000000000000111, -0.4000000000000000222, 1.100000000000000089 ) ) ;
#541 = ORIENTED_EDGE ( 'NONE', *, *, #867, .T. ) ;
#542 = LINE ( 'NONE', #1533, #931 ) ;
#543 = ORIENTED_EDGE ( 'NONE', *, *, #1437, .F. ) ;
#544 = SURFACE_STYLE_USAGE ( .BOTH. , #261 ) ;
#545 = CARTESIAN_POINT ( 'NONE',  ( 0.2771281292109999961, -0.3200000000000000067, 0.01500000000000000118 ) ) ;
#546 = CARTESIAN_POINT ( 'NONE',  ( 0.5300000000000000266, 0.2999999999999999889, 0.5000000000000000000 ) ) ;
#547 = ORIENTED_EDGE ( 'NONE', *, *, #1424, .F. ) ;
#548 = AXIS2_PLACEMENT_3D ( 'NONE', #796, #973, #1357 ) ;
#549 = VERTEX_POINT ( 'NONE', #34 ) ;
#550 = PRESENTATION_LAYER_ASSIGNMENT (  '', '', ( #255 ) ) ;
#551 = DIRECTION ( 'NONE',  ( -0.000000000000000000, 1.000000000000000000, 0.000000000000000000 ) ) ;
#552 = ADVANCED_FACE ( 'NONE', ( #602 ), #1156, .T. ) ;
#553 =( GEOMETRIC_REPRESENTATION_CONTEXT ( 3 ) GLOBAL_UNCERTAINTY_ASSIGNED_CONTEXT ( ( #567 ) ) GLOBAL_UNIT_ASSIGNED_CONTEXT ( ( #1694, #1420, #1588 ) ) REPRESENTATION_CONTEXT ( 'NONE', 'WORKASPACE' ) );
#554 = EDGE_CURVE ( 'NONE', #1050, #405, #1306, .T. ) ;
#555 =( GEOMETRIC_REPRESENTATION_CONTEXT ( 3 ) GLOBAL_UNCERTAINTY_ASSIGNED_CONTEXT ( ( #1227 ) ) GLOBAL_UNIT_ASSIGNED_CONTEXT ( ( #1353, #918, #1639 ) ) REPRESENTATION_CONTEXT ( 'NONE', 'WORKASPACE' ) );
#556 = UNCERTAINTY_MEASURE_WITH_UNIT (LENGTH_MEASURE( 1.000000000000000082E-05 ), #1056, 'distance_accuracy_value', 'NONE');
#557 = ORIENTED_EDGE ( 'NONE', *, *, #1640, .F. ) ;
#558 = EDGE_CURVE ( 'NONE', #1016, #641, #352, .T. ) ;
#559 = CARTESIAN_POINT ( 'NONE',  ( -0.7249999999999999778, -0.4000000000000000222, 0.000000000000000000 ) ) ;
#560 = CARTESIAN_POINT ( 'NONE',  ( -0.8000000000000000444, -0.4000000000000000222, 0.4699999999999999734 ) ) ;
#561 = ORIENTED_EDGE ( 'NONE', *, *, #1389, .F. ) ;
#562 = DIRECTION ( 'NONE',  ( 0.000000000000000000, 0.000000000000000000, 1.000000000000000000 ) ) ;
#563 = SURFACE_SIDE_STYLE ('',( #1674 ) ) ;
#564 = DIRECTION ( 'NONE',  ( 1.000000000000000000, 0.000000000000000000, 0.000000000000000000 ) ) ;
#565 = FACE_OUTER_BOUND ( 'NONE', #1026, .T. ) ;
#566 = ORIENTED_EDGE ( 'NONE', *, *, #872, .F. ) ;
#567 = UNCERTAINTY_MEASURE_WITH_UNIT (LENGTH_MEASURE( 1.000000000000000082E-05 ), #1694, 'distance_accuracy_value', 'NONE');
#568 = CARTESIAN_POINT ( 'NONE',  ( -0.7249999999999999778, 0.05000000000000000278, 0.000000000000000000 ) ) ;
#569 = ORIENTED_EDGE ( 'NONE', *, *, #673, .T. ) ;
#570 = EDGE_CURVE ( 'NONE', #198, #1637, #63, .T. ) ;
#571 = FACE_OUTER_BOUND ( 'NONE', #67, .T. ) ;
#572 = CARTESIAN_POINT ( 'NONE',  ( -0.7699999999999999067, -0.4000000000000000222, 0.4699999999999999734 ) ) ;
#573 = FILL_AREA_STYLE ('',( #876 ) ) ;
#574 = CARTESIAN_POINT ( 'NONE',  ( 0.7699999999999999067, -0.4000000000000000222, 0.5000000000000000000 ) ) ;
#575 = AXIS2_PLACEMENT_3D ( 'NONE', #1325, #70, #1182 ) ;
#576 = LINE ( 'NONE', #110, #1551 ) ;
#577 = EDGE_LOOP ( 'NONE', ( #1273, #1329, #289, #637, #1435, #1202 ) ) ;
#578 = AXIS2_PLACEMENT_3D ( 'NONE', #1293, #1683, #435 ) ;
#579 = PRESENTATION_LAYER_ASSIGNMENT (  '', '', ( #1658 ) ) ;
#580 = CARTESIAN_POINT ( 'NONE',  ( 0.7699999999999999067, -0.4000000000000000222, 0.5000000000000000000 ) ) ;
#581 = EDGE_LOOP ( 'NONE', ( #253, #1770, #838, #1187 ) ) ;
#582 = DIRECTION ( 'NONE',  ( 0.000000000000000000, 1.000000000000000000, 0.000000000000000000 ) ) ;
#583 = EDGE_CURVE ( 'NONE', #1324, #883, #912, .T. ) ;
#584 = AXIS2_PLACEMENT_3D ( 'NONE', #479, #1751, #800 ) ;
#585 = MECHANICAL_DESIGN_GEOMETRIC_PRESENTATION_REPRESENTATION (  '', ( #1527 ), #555 ) ;
#586 = FACE_OUTER_BOUND ( 'NONE', #816, .T. ) ;
#587 = AXIS2_PLACEMENT_3D ( 'NONE', #40, #1577, #324 ) ;
#588 = EDGE_CURVE ( 'NONE', #1098, #1384, #187, .T. ) ;
#589 = ADVANCED_FACE ( 'NONE', ( #41 ), #1015, .T. ) ;
#590 = DIRECTION ( 'NONE',  ( 0.000000000000000000, 1.000000000000000000, 0.000000000000000000 ) ) ;
#591 = ORIENTED_EDGE ( 'NONE', *, *, #186, .T. ) ;
#592 = DIRECTION ( 'NONE',  ( -0.8660254037843289066, 0.5000000000001899592, 0.000000000000000000 ) ) ;
#593 = CARTESIAN_POINT ( 'NONE',  ( 0.8000000000000000444, 0.4000000000000000222, 0.03000000000000000236 ) ) ;
#594 = CARTESIAN_POINT ( 'NONE',  ( -0.2771281292109999961, 0.000000000000000000, 0.01500000000000000118 ) ) ;
#595 = DIRECTION ( 'NONE',  ( 1.000000000000000000, 0.000000000000000000, 0.000000000000000000 ) ) ;
#596 = PRESENTATION_STYLE_ASSIGNMENT (( #189 ) ) ;
#597 = ORIENTED_EDGE ( 'NONE', *, *, #1280, .T. ) ;
#598 = CARTESIAN_POINT ( 'NONE',  ( 0.2771281292109999961, -0.3200000000000000067, 0.03000000000000000236 ) ) ;
#599 =( LENGTH_UNIT ( ) NAMED_UNIT ( * ) SI_UNIT ( .MILLI., .METRE. ) );
#600 =( NAMED_UNIT ( * ) SI_UNIT ( $, .STERADIAN. ) SOLID_ANGLE_UNIT ( ) );
#601 = APPLICATION_PROTOCOL_DEFINITION ( 'draft international standard', 'automotive_design', 1998, #779 ) ;
#602 = FACE_OUTER_BOUND ( 'NONE', #1617, .T. ) ;
#603 = VERTEX_POINT ( 'NONE', #339 ) ;
#604 = ADVANCED_FACE ( 'NONE', ( #1328 ), #1593, .T. ) ;
#605 =( LENGTH_UNIT ( ) NAMED_UNIT ( * ) SI_UNIT ( .MILLI., .METRE. ) );
#606 = EDGE_CURVE ( 'NONE', #190, #549, #143, .T. ) ;
#607 = VECTOR ( 'NONE', #984, 1000.000000000000000 ) ;
#608 = ORIENTED_EDGE ( 'NONE', *, *, #1640, .T. ) ;
#609 = VECTOR ( 'NONE', #298, 1000.000000000000000 ) ;
#610 = ADVANCED_FACE ( 'NONE', ( #1678 ), #832, .T. ) ;
#611 = ORIENTED_EDGE ( 'NONE', *, *, #101, .T. ) ;
#612 = CARTESIAN_POINT ( 'NONE',  ( 0.5000000000000000000, 0.4000000000000000222, 0.4699999999999999734 ) ) ;
#613 = FILL_AREA_STYLE ('',( #741 ) ) ;
#614 = STYLED_ITEM ( 'NONE', ( #1295 ), #1585 ) ;
#615 = FILL_AREA_STYLE_COLOUR ( '', #675 ) ;
#616 = ORIENTED_EDGE ( 'NONE', *, *, #771, .T. ) ;
#617 = ORIENTED_EDGE ( 'NONE', *, *, #11, .F. ) ;
#618 = ORIENTED_EDGE ( 'NONE', *, *, #1160, .F. ) ;
#619 = DIRECTION ( 'NONE',  ( 0.000000000000000000, -1.000000000000000000, 0.000000000000000000 ) ) ;
#620 =( NAMED_UNIT ( * ) SI_UNIT ( $, .STERADIAN. ) SOLID_ANGLE_UNIT ( ) );
#621 = DIRECTION ( 'NONE',  ( -0.5000000000001900702, -0.8660254037843290176, 0.000000000000000000 ) ) ;
#622 =( NAMED_UNIT ( * ) PLANE_ANGLE_UNIT ( ) SI_UNIT ( $, .RADIAN. ) );
#623 = LINE ( 'NONE', #540, #1310 ) ;
#624 = ORIENTED_EDGE ( 'NONE', *, *, #1140, .T. ) ;
#625 = FACE_OUTER_BOUND ( 'NONE', #882, .T. ) ;
#626 = EDGE_LOOP ( 'NONE', ( #425, #1520, #57, #245 ) ) ;
#627 = LINE ( 'NONE', #638, #952 ) ;
#628 = EDGE_CURVE ( 'NONE', #954, #641, #525, .T. ) ;
#629 = VERTEX_POINT ( 'NONE', #707 ) ;
#630 = PLANE ( 'NONE',  #1691 ) ;
#631 = EDGE_CURVE ( 'NONE', #470, #883, #1247, .T. ) ;
#632 = LINE ( 'NONE', #1488, #729 ) ;
#633 = LINE ( 'NONE', #1185, #1662 ) ;
#634 = CARTESIAN_POINT ( 'NONE',  ( 0.5000000000000000000, 0.4000000000000000222, 0.4699999999999999734 ) ) ;
#635 = ORIENTED_EDGE ( 'NONE', *, *, #1688, .T. ) ;
#636 = CARTESIAN_POINT ( 'NONE',  ( -0.7699999999999999067, -0.4000000000000000222, -3.469446951954000916E-18 ) ) ;
#637 = ORIENTED_EDGE ( 'NONE', *, *, #386, .T. ) ;
#638 = CARTESIAN_POINT ( 'NONE',  ( -0.5000000000000000000, -0.4000000000000000222, 0.4699999999999999734 ) ) ;
#639 = AXIS2_PLACEMENT_3D ( 'NONE', #1213, #242, #803 ) ;
#640 = VECTOR ( 'NONE', #53, 1000.000000000000000 ) ;
#641 = VERTEX_POINT ( 'NONE', #1632 ) ;
#642 = PRODUCT_DEFINITION ( 'UNKNOWN', '', #1166, #960 ) ;
#643 = PLANE ( 'NONE',  #161 ) ;
#644 = AXIS2_PLACEMENT_3D ( 'NONE', #1215, #649, #524 ) ;
#645 = SURFACE_STYLE_USAGE ( .BOTH. , #878 ) ;
#646 = VECTOR ( 'NONE', #1763, 1000.000000000000000 ) ;
#647 = CARTESIAN_POINT ( 'NONE',  ( 0.8000000000000000444, 0.4000000000000000222, 0.000000000000000000 ) ) ;
#648 = VECTOR ( 'NONE', #235, 1000.000000000000000 ) ;
#649 = DIRECTION ( 'NONE',  ( 0.000000000000000000, 0.000000000000000000, 1.000000000000000000 ) ) ;
#650 = ORIENTED_EDGE ( 'NONE', *, *, #1413, .T. ) ;
#651 = CARTESIAN_POINT ( 'NONE',  ( -0.7699999999999999067, -0.4000000000000000222, 0.5000000000000000000 ) ) ;
#652 = VERTEX_POINT ( 'NONE', #509 ) ;
#653 = CARTESIAN_POINT ( 'NONE',  ( 0.7249999999999999778, -0.4000000000000000222, 0.3750000000000000000 ) ) ;
#654 = ORIENTED_EDGE ( 'NONE', *, *, #668, .T. ) ;
#655 = DIRECTION ( 'NONE',  ( 0.000000000000000000, 0.000000000000000000, 1.000000000000000000 ) ) ;
#656 = ADVANCED_FACE ( 'NONE', ( #272 ), #1216, .T. ) ;
#657 =( NAMED_UNIT ( * ) PLANE_ANGLE_UNIT ( ) SI_UNIT ( $, .RADIAN. ) );
#658 = ORIENTED_EDGE ( 'NONE', *, *, #1019, .T. ) ;
#659 = ORIENTED_EDGE ( 'NONE', *, *, #1368, .T. ) ;
#660 = FILL_AREA_STYLE ('',( #269 ) ) ;
#661 = PLANE ( 'NONE',  #1133 ) ;
#662 = CARTESIAN_POINT ( 'NONE',  ( -0.7699999999999999067, -0.4000000000000000222, 0.4699999999999999734 ) ) ;
#663 = PLANE ( 'NONE',  #644 ) ;
#664 = LINE ( 'NONE', #792, #925 ) ;
#665 = ORIENTED_EDGE ( 'NONE', *, *, #872, .T. ) ;
#666 =( LENGTH_UNIT ( ) NAMED_UNIT ( * ) SI_UNIT ( .MILLI., .METRE. ) );
#667 = EDGE_CURVE ( 'NONE', #1348, #190, #1057, .T. ) ;
#668 = EDGE_CURVE ( 'NONE', #1637, #1463, #237, .T. ) ;
#669 = ORIENTED_EDGE ( 'NONE', *, *, #691, .F. ) ;
#670 = SURFACE_STYLE_FILL_AREA ( #660 ) ;
#671 = CARTESIAN_POINT ( 'NONE',  ( 0.7699999999999999067, -0.4000000000000000222, 0.03000000000000000236 ) ) ;
#672 = STYLED_ITEM ( 'NONE', ( #1705 ), #65 ) ;
#673 = EDGE_CURVE ( 'NONE', #652, #1786, #1340, .T. ) ;
#674 = DIRECTION ( 'NONE',  ( 0.000000000000000000, 1.000000000000000000, 0.000000000000000000 ) ) ;
#675 = COLOUR_RGB ( '',0.3372549019607843368, 0.6784313725490196401, 0.4431372549019607643 ) ;
#676 =( GEOMETRIC_REPRESENTATION_CONTEXT ( 3 ) GLOBAL_UNCERTAINTY_ASSIGNED_CONTEXT ( ( #1433 ) ) GLOBAL_UNIT_ASSIGNED_CONTEXT ( ( #229, #622, #1356 ) ) REPRESENTATION_CONTEXT ( 'NONE', 'WORKASPACE' ) );
#677 = VERTEX_POINT ( 'NONE', #559 ) ;
#678 = STYLED_ITEM ( 'NONE', ( #596 ), #1060 ) ;
#679 = CARTESIAN_POINT ( 'NONE',  ( -0.7249999999999999778, 0.5000000000000000000, 0.7500000000000000000 ) ) ;
#680 = LINE ( 'NONE', #424, #609 ) ;
#681 = EDGE_LOOP ( 'NONE', ( #616, #1421, #1109, #1727 ) ) ;
#682 = FACE_BOUND ( 'NONE', #939, .T. ) ;
#683 = DIRECTION ( 'NONE',  ( 0.000000000000000000, -1.000000000000000000, 0.000000000000000000 ) ) ;
#684 = PLANE ( 'NONE',  #232 ) ;
#685 = EDGE_LOOP ( 'NONE', ( #1474, #447, #658, #221, #499, #915, #654, #906, #618, #46 ) ) ;
#686 = LINE ( 'NONE', #445, #1253 ) ;
#687 = ORIENTED_EDGE ( 'NONE', *, *, #1204, .F. ) ;
#688 = FILL_AREA_STYLE_COLOUR ( '', #1251 ) ;
#689 = DIRECTION ( 'NONE',  ( 0.000000000000000000, 0.000000000000000000, -1.000000000000000000 ) ) ;
#690 = ORIENTED_EDGE ( 'NONE', *, *, #477, .F. ) ;
#691 = EDGE_CURVE ( 'NONE', #549, #785, #664, .T. ) ;
#692 = DIRECTION ( 'NONE',  ( 0.000000000000000000, -1.000000000000000000, 0.000000000000000000 ) ) ;
#693 = ORIENTED_EDGE ( 'NONE', *, *, #631, .T. ) ;
#694 = FILL_AREA_STYLE ('',( #23 ) ) ;
#695 = FILL_AREA_STYLE_COLOUR ( '', #1254 ) ;
#696 = DIRECTION ( 'NONE',  ( -1.000000000000000000, 0.000000000000000000, 0.000000000000000000 ) ) ;
#697 = VECTOR ( 'NONE', #1028, 1000.000000000000000 ) ;
#698 = VECTOR ( 'NONE', #1198, 1000.000000000000000 ) ;
#699 = AXIS2_PLACEMENT_3D ( 'NONE', #572, #1096, #1534 ) ;
#700 = AXIS2_PLACEMENT_3D ( 'NONE', #1521, #551, #273 ) ;
#701 = VERTEX_POINT ( 'NONE', #86 ) ;
#702 =( GEOMETRIC_REPRESENTATION_CONTEXT ( 3 ) GLOBAL_UNCERTAINTY_ASSIGNED_CONTEXT ( ( #147 ) ) GLOBAL_UNIT_ASSIGNED_CONTEXT ( ( #279, #177, #620 ) ) REPRESENTATION_CONTEXT ( 'NONE', 'WORKASPACE' ) );
#703 = DIRECTION ( 'NONE',  ( 0.8660254037843289066, 0.5000000000001899592, 0.000000000000000000 ) ) ;
#704 = STYLED_ITEM ( 'NONE', ( #1445 ), #1514 ) ;
#705 = ORIENTED_EDGE ( 'NONE', *, *, #554, .T. ) ;
#706 = DIRECTION ( 'NONE',  ( 0.000000000000000000, 1.000000000000000000, 0.000000000000000000 ) ) ;
#707 = CARTESIAN_POINT ( 'NONE',  ( -0.7699999999999999067, -0.4000000000000000222, 0.5000000000000000000 ) ) ;
#708 = ADVANCED_FACE ( 'NONE', ( #959 ), #421, .T. ) ;
#709 = LINE ( 'NONE', #1793, #1131 ) ;
#710 = ORIENTED_EDGE ( 'NONE', *, *, #268, .T. ) ;
#711 = CARTESIAN_POINT ( 'NONE',  ( -0.7699999999999999067, -0.4000000000000000222, -3.469446951954000916E-18 ) ) ;
#712 = SURFACE_STYLE_USAGE ( .BOTH. , #1101 ) ;
#713 = CARTESIAN_POINT ( 'NONE',  ( 0.5000000000000000000, -0.4000000000000000222, 0.000000000000000000 ) ) ;
#714 = DIRECTION ( 'NONE',  ( 0.000000000000000000, 0.000000000000000000, 1.000000000000000000 ) ) ;
#715 = CARTESIAN_POINT ( 'NONE',  ( -0.5300000000000000266, -0.4000000000000000222, 0.03000000000000000236 ) ) ;
#716 = ORIENTED_EDGE ( 'NONE', *, *, #1583, .T. ) ;
#717 = FILL_AREA_STYLE ('',( #156 ) ) ;
#718 = ORIENTED_EDGE ( 'NONE', *, *, #1118, .F. ) ;
#719 = FACE_OUTER_BOUND ( 'NONE', #1393, .T. ) ;
#720 = EDGE_CURVE ( 'NONE', #785, #1348, #1808, .T. ) ;
#721 = EDGE_CURVE ( 'NONE', #1123, #677, #1252, .T. ) ;
#722 = CARTESIAN_POINT ( 'NONE',  ( -0.7475000000000000533, 0.2999999999999999889, 0.4699999999999999734 ) ) ;
#723 = LINE ( 'NONE', #13, #890 ) ;
#724 = SURFACE_STYLE_FILL_AREA ( #1559 ) ;
#725 = SURFACE_SIDE_STYLE ('',( #315 ) ) ;
#726 = VECTOR ( 'NONE', #619, 1000.000000000000000 ) ;
#727 = AXIS2_PLACEMENT_3D ( 'NONE', #1769, #515, #921 ) ;
#728 = ORIENTED_EDGE ( 'NONE', *, *, #1219, .F. ) ;
#729 = VECTOR ( 'NONE', #62, 1000.000000000000000 ) ;
#730 = PRESENTATION_LAYER_ASSIGNMENT (  '', '', ( #978 ) ) ;
#731 = ORIENTED_EDGE ( 'NONE', *, *, #202, .T. ) ;
#732 = CARTESIAN_POINT ( 'NONE',  ( 0.7699999999999999067, -0.4000000000000000222, 0.03000000000000000236 ) ) ;
#733 = COLOUR_RGB ( '',0.8941176470588234615, 0.8901960784313724950, 0.8117647058823529438 ) ;
#734 = SURFACE_STYLE_USAGE ( .BOTH. , #1668 ) ;
#735 = LINE ( 'NONE', #1003, #144 ) ;
#736 = PLANE ( 'NONE',  #380 ) ;
#737 = ORIENTED_EDGE ( 'NONE', *, *, #1511, .T. ) ;
#738 = PRESENTATION_STYLE_ASSIGNMENT (( #1272 ) ) ;
#739 = ORIENTED_EDGE ( 'NONE', *, *, #1297, .F. ) ;
#740 = PLANE ( 'NONE',  #578 ) ;
#741 = FILL_AREA_STYLE_COLOUR ( '', #733 ) ;
#742 = LINE ( 'NONE', #879, #1749 ) ;
#743 = ADVANCED_FACE ( 'NONE', ( #565 ), #1121, .F. ) ;
#744 = EDGE_CURVE ( 'NONE', #1193, #79, #1403, .T. ) ;
#745 = CARTESIAN_POINT ( 'NONE',  ( -0.7249999999999999778, -0.3499999999999999778, 0.4699999999999999734 ) ) ;
#746 = EDGE_LOOP ( 'NONE', ( #969, #1624, #940, #1515 ) ) ;
#747 = ADVANCED_FACE ( 'NONE', ( #842 ), #154, .T. ) ;
#748 = ORIENTED_EDGE ( 'NONE', *, *, #281, .F. ) ;
#749 = CARTESIAN_POINT ( 'NONE',  ( -0.7249999999999999778, 0.2999999999999999889, 0.7500000000000000000 ) ) ;
#750 = CARTESIAN_POINT ( 'NONE',  ( -0.8000000000000000444, -0.4000000000000000222, 0.5000000000000000000 ) ) ;
#751 = VERTEX_POINT ( 'NONE', #15 ) ;
#752 = CIRCLE ( 'NONE', #639, 0.03000000000000002318 ) ;
#753 = DIRECTION ( 'NONE',  ( 0.000000000000000000, 1.000000000000000000, 0.000000000000000000 ) ) ;
#754 = VECTOR ( 'NONE', #1707, 1000.000000000000000 ) ;
#755 = ORIENTED_EDGE ( 'NONE', *, *, #845, .F. ) ;
#756 = VECTOR ( 'NONE', #1010, 1000.000000000000000 ) ;
#757 = ORIENTED_EDGE ( 'NONE', *, *, #583, .F. ) ;
#758 = CARTESIAN_POINT ( 'NONE',  ( -0.8000000000000000444, -0.4000000000000000222, 0.000000000000000000 ) ) ;
#759 = CYLINDRICAL_SURFACE ( 'NONE', #1165, 0.02999999999999997113 ) ;
#760 = MECHANICAL_DESIGN_GEOMETRIC_PRESENTATION_REPRESENTATION (  '', ( #614 ), #437 ) ;
#761 = DIRECTION ( 'NONE',  ( 1.000000000000000000, 0.000000000000000000, 0.000000000000000000 ) ) ;
#762 = AXIS2_PLACEMENT_3D ( 'NONE', #1714, #1303, #1670 ) ;
#763 = CARTESIAN_POINT ( 'NONE',  ( 0.5000000000000000000, 0.4000000000000000222, 0.000000000000000000 ) ) ;
#764 = ORIENTED_EDGE ( 'NONE', *, *, #887, .F. ) ;
#765 = EDGE_CURVE ( 'NONE', #1011, #410, #1128, .T. ) ;
#766 = CARTESIAN_POINT ( 'NONE',  ( -0.7249999999999999778, 0.2999999999999999889, 0.7500000000000000000 ) ) ;
#767 = ORIENTED_EDGE ( 'NONE', *, *, #1031, .F. ) ;
#768 = ORIENTED_EDGE ( 'NONE', *, *, #1219, .T. ) ;
#769 = DIRECTION ( 'NONE',  ( 0.000000000000000000, 0.000000000000000000, 1.000000000000000000 ) ) ;
#770 = CARTESIAN_POINT ( 'NONE',  ( -0.7249999999999999778, -0.2999999999999999889, 0.000000000000000000 ) ) ;
#771 = EDGE_CURVE ( 'NONE', #775, #1350, #988, .T. ) ;
#772 = LINE ( 'NONE', #634, #640 ) ;
#773 = ORIENTED_EDGE ( 'NONE', *, *, #1708, .F. ) ;
#774 = CARTESIAN_POINT ( 'NONE',  ( -0.7699999999999999067, 0.4000000000000000222, 0.03000000000000000236 ) ) ;
#775 = VERTEX_POINT ( 'NONE', #938 ) ;
#776 = PLANE ( 'NONE',  #1395 ) ;
#777 = EDGE_CURVE ( 'NONE', #677, #8, #514, .T. ) ;
#778 = FILL_AREA_STYLE ('',( #215 ) ) ;
#779 = APPLICATION_CONTEXT ( 'automotive_design' ) ;
#780 = CARTESIAN_POINT ( 'NONE',  ( 0.5000000000000000000, 0.2999999999999999889, 0.4699999999999999734 ) ) ;
#781 = CARTESIAN_POINT ( 'NONE',  ( -0.8000000000000000444, 0.4000000000000000222, 0.5000000000000000000 ) ) ;
#782 = ORIENTED_EDGE ( 'NONE', *, *, #440, .T. ) ;
#783 = EDGE_LOOP ( 'NONE', ( #1058, #693, #1441, #102 ) ) ;
#784 = CIRCLE ( 'NONE', #344, 0.03000000000000000236 ) ;
#785 = VERTEX_POINT ( 'NONE', #780 ) ;
#786 = CARTESIAN_POINT ( 'NONE',  ( -0.8000000000000000444, -0.4000000000000000222, 0.000000000000000000 ) ) ;
#787 = CARTESIAN_POINT ( 'NONE',  ( 0.7249999999999999778, -0.2999999999999999889, 0.7500000000000000000 ) ) ;
#788 = VECTOR ( 'NONE', #236, 1000.000000000000000 ) ;
#789 = EDGE_CURVE ( 'NONE', #1037, #846, #1065, .T. ) ;
#790 = VECTOR ( 'NONE', #1201, 1000.000000000000227 ) ;
#791 = CIRCLE ( 'NONE', #866, 0.03000000000000000236 ) ;
#792 = CARTESIAN_POINT ( 'NONE',  ( -0.7475000000000000533, 0.2999999999999999889, 0.4699999999999999734 ) ) ;
#793 = ORIENTED_EDGE ( 'NONE', *, *, #1796, .F. ) ;
#794 = EDGE_LOOP ( 'NONE', ( #1080, #434, #1659, #188 ) ) ;
#795 = LINE ( 'NONE', #243, #985 ) ;
#796 = CARTESIAN_POINT ( 'NONE',  ( -0.5300000000000000266, -0.2999999999999999889, 0.03000000000000000236 ) ) ;
#797 = ORIENTED_EDGE ( 'NONE', *, *, #1447, .F. ) ;
#798 = ADVANCED_FACE ( 'NONE', ( #1327 ), #197, .T. ) ;
#799 = EDGE_CURVE ( 'NONE', #79, #204, #1478, .T. ) ;
#800 = DIRECTION ( 'NONE',  ( 0.000000000000000000, -1.000000000000000000, 0.000000000000000000 ) ) ;
#801 = EDGE_CURVE ( 'NONE', #470, #603, #632, .T. ) ;
#802 = ORIENTED_EDGE ( 'NONE', *, *, #887, .T. ) ;
#803 = DIRECTION ( 'NONE',  ( 0.000000000000000000, 0.000000000000000000, 1.000000000000000000 ) ) ;
#804 = CARTESIAN_POINT ( 'NONE',  ( 0.5300000000000000266, 0.2999999999999999889, -3.469446951954000916E-18 ) ) ;
#805 = EDGE_LOOP ( 'NONE', ( #659, #773, #319, #460 ) ) ;
#806 = ORIENTED_EDGE ( 'NONE', *, *, #1093, .F. ) ;
#807 = DIRECTION ( 'NONE',  ( 1.000000000000000000, 0.000000000000000000, 0.000000000000000000 ) ) ;
#808 = AXIS2_PLACEMENT_3D ( 'NONE', #1652, #248, #108 ) ;
#809 = VECTOR ( 'NONE', #217, 1000.000000000000000 ) ;
#810 = MECHANICAL_DESIGN_GEOMETRIC_PRESENTATION_REPRESENTATION (  '', ( #1158 ), #676 ) ;
#811 = VERTEX_POINT ( 'NONE', #74 ) ;
#812 = VECTOR ( 'NONE', #1519, 1000.000000000000000 ) ;
#813 = PRESENTATION_LAYER_ASSIGNMENT (  '', '', ( #293 ) ) ;
#814 = LINE ( 'NONE', #123, #862 ) ;
#815 = ADVANCED_FACE ( 'NONE', ( #1622 ), #663, .T. ) ;
#816 = EDGE_LOOP ( 'NONE', ( #1104, #1724, #340, #597, #111, #488, #87, #650 ) ) ;
#817 = CARTESIAN_POINT ( 'NONE',  ( 0.2771281292109999961, 0.3200000000000000067, 0.01500000000000000118 ) ) ;
#818 = ORIENTED_EDGE ( 'NONE', *, *, #1140, .F. ) ;
#819 = DIRECTION ( 'NONE',  ( -0.5000000000001900702, 0.8660254037843290176, 0.000000000000000000 ) ) ;
#820 = UNCERTAINTY_MEASURE_WITH_UNIT (LENGTH_MEASURE( 1.000000000000000082E-05 ), #666, 'distance_accuracy_value', 'NONE');
#821 = ORIENTED_EDGE ( 'NONE', *, *, #930, .T. ) ;
#822 = LINE ( 'NONE', #103, #431 ) ;
#823 = FILL_AREA_STYLE ('',( #1111 ) ) ;
#824 = DIRECTION ( 'NONE',  ( 1.000000000000000000, 0.000000000000000000, 0.000000000000000000 ) ) ;
#825 = DIRECTION ( 'NONE',  ( 0.000000000000000000, 1.000000000000000000, 0.000000000000000000 ) ) ;
#826 = PRESENTATION_STYLE_ASSIGNMENT (( #170 ) ) ;
#827 = DIRECTION ( 'NONE',  ( 0.000000000000000000, 1.000000000000000000, 0.000000000000000000 ) ) ;
#828 = ORIENTED_EDGE ( 'NONE', *, *, #1355, .T. ) ;
#829 = LINE ( 'NONE', #839, #1487 ) ;
#830 = VERTEX_POINT ( 'NONE', #1075 ) ;
#831 = CARTESIAN_POINT ( 'NONE',  ( -0.4500000000000000111, 0.4000000000000000222, 1.100000000000000089 ) ) ;
#832 = CYLINDRICAL_SURFACE ( 'NONE', #727, 0.02999999999999997113 ) ;
#833 = VECTOR ( 'NONE', #703, 1000.000000000000114 ) ;
#834 = EDGE_CURVE ( 'NONE', #247, #77, #1642, .T. ) ;
#835 = MECHANICAL_DESIGN_GEOMETRIC_PRESENTATION_REPRESENTATION (  '', ( #255 ), #1190 ) ;
#836 = AXIS2_PLACEMENT_3D ( 'NONE', #958, #1224, #1747 ) ;
#837 = ORIENTED_EDGE ( 'NONE', *, *, #285, .T. ) ;
#838 = ORIENTED_EDGE ( 'NONE', *, *, #606, .F. ) ;
#839 = CARTESIAN_POINT ( 'NONE',  ( -0.7699999999999999067, -0.4000000000000000222, 0.03000000000000000236 ) ) ;
#840 =( NAMED_UNIT ( * ) PLANE_ANGLE_UNIT ( ) SI_UNIT ( $, .RADIAN. ) );
#841 = CARTESIAN_POINT ( 'NONE',  ( -0.7699999999999999067, -0.4000000000000000222, 0.03000000000000000236 ) ) ;
#842 = FACE_OUTER_BOUND ( 'NONE', #853, .T. ) ;
#843 = EDGE_CURVE ( 'NONE', #1482, #1752, #1334, .T. ) ;
#844 = VERTEX_POINT ( 'NONE', #1758 ) ;
#845 = EDGE_CURVE ( 'NONE', #247, #157, #507, .T. ) ;
#846 = VERTEX_POINT ( 'NONE', #986 ) ;
#847 = CARTESIAN_POINT ( 'NONE',  ( -0.5000000000000000000, 0.4000000000000000222, 0.4699999999999999734 ) ) ;
#848 = DIRECTION ( 'NONE',  ( -1.000000000000000000, 0.000000000000000000, 0.000000000000000000 ) ) ;
#849 = DIRECTION ( 'NONE',  ( -0.000000000000000000, 1.000000000000000000, 0.000000000000000000 ) ) ;
#850 = LINE ( 'NONE', #451, #89 ) ;
#851 = ORIENTED_EDGE ( 'NONE', *, *, #337, .T. ) ;
#852 = SURFACE_SIDE_STYLE ('',( #448 ) ) ;
#853 = EDGE_LOOP ( 'NONE', ( #130, #569, #368, #265 ) ) ;
#854 = CARTESIAN_POINT ( 'NONE',  ( 0.7249999999999999778, -0.4500000000000000111, 0.000000000000000000 ) ) ;
#855 = CARTESIAN_POINT ( 'NONE',  ( -0.2771281292109999961, 0.000000000000000000, 0.01500000000000000118 ) ) ;
#856 = FACE_OUTER_BOUND ( 'NONE', #1619, .T. ) ;
#857 = CARTESIAN_POINT ( 'NONE',  ( 0.7249999999999999778, -0.5000000000000000000, 0.7500000000000000000 ) ) ;
#858 = DIRECTION ( 'NONE',  ( 1.000000000000000000, 0.000000000000000000, 0.000000000000000000 ) ) ;
#859 =( NAMED_UNIT ( * ) PLANE_ANGLE_UNIT ( ) SI_UNIT ( $, .RADIAN. ) );
#860 = PRESENTATION_LAYER_ASSIGNMENT (  '', '', ( #672 ) ) ;
#861 = VECTOR ( 'NONE', #1765, 1000.000000000000000 ) ;
#862 = VECTOR ( 'NONE', #1365, 1000.000000000000000 ) ;
#863 = FACE_OUTER_BOUND ( 'NONE', #1020, .T. ) ;
#864 = VERTEX_POINT ( 'NONE', #1813 ) ;
#865 = DIRECTION ( 'NONE',  ( 0.000000000000000000, 0.000000000000000000, 1.000000000000000000 ) ) ;
#866 = AXIS2_PLACEMENT_3D ( 'NONE', #841, #1706, #714 ) ;
#867 = EDGE_CURVE ( 'NONE', #864, #811, #992, .T. ) ;
#868 = FILL_AREA_STYLE ('',( #1183 ) ) ;
#869 = ADVANCED_FACE ( 'NONE', ( #151 ), #1565, .T. ) ;
#870 = CARTESIAN_POINT ( 'NONE',  ( -0.7699999999999999067, -0.4000000000000000222, 0.4699999999999999734 ) ) ;
#871 = CARTESIAN_POINT ( 'NONE',  ( 0.7699999999999999067, 0.4000000000000000222, 0.03000000000000000236 ) ) ;
#872 = EDGE_CURVE ( 'NONE', #37, #454, #1557, .T. ) ;
#873 = ORIENTED_EDGE ( 'NONE', *, *, #963, .F. ) ;
#874 = DIRECTION ( 'NONE',  ( 1.000000000000000000, 0.000000000000000000, 0.000000000000000000 ) ) ;
#875 = ORIENTED_EDGE ( 'NONE', *, *, #933, .F. ) ;
#876 = FILL_AREA_STYLE_COLOUR ( '', #1038 ) ;
#877 = CARTESIAN_POINT ( 'NONE',  ( -0.7699999999999999067, -0.4000000000000000222, 0.4699999999999999734 ) ) ;
#878 = SURFACE_SIDE_STYLE ('',( #1333 ) ) ;
#879 = CARTESIAN_POINT ( 'NONE',  ( 0.6124999999999999334, -0.2999999999999999889, 0.000000000000000000 ) ) ;
#880 = DIRECTION ( 'NONE',  ( 1.000000000000000000, 0.000000000000000000, 0.000000000000000000 ) ) ;
#881 = ORIENTED_EDGE ( 'NONE', *, *, #834, .F. ) ;
#882 = EDGE_LOOP ( 'NONE', ( #802, #1510, #543, #728 ) ) ;
#883 = VERTEX_POINT ( 'NONE', #302 ) ;
#884 = DIRECTION ( 'NONE',  ( 0.000000000000000000, 1.000000000000000000, 0.000000000000000000 ) ) ;
#885 = DIRECTION ( 'NONE',  ( 0.000000000000000000, 0.000000000000000000, -1.000000000000000000 ) ) ;
#886 =( NAMED_UNIT ( * ) PLANE_ANGLE_UNIT ( ) SI_UNIT ( $, .RADIAN. ) );
#887 = EDGE_CURVE ( 'NONE', #1245, #537, #311, .T. ) ;
#888 = FILL_AREA_STYLE ('',( #615 ) ) ;
#889 = EDGE_LOOP ( 'NONE', ( #1589, #383, #355, #1258 ) ) ;
#890 = VECTOR ( 'NONE', #1138, 1000.000000000000000 ) ;
#891 = PLANE ( 'NONE',  #1009 ) ;
#892 = AXIS2_PLACEMENT_3D ( 'NONE', #367, #966, #1539 ) ;
#893 = ORIENTED_EDGE ( 'NONE', *, *, #834, .T. ) ;
#894 = VECTOR ( 'NONE', #1680, 1000.000000000000000 ) ;
#895 = ORIENTED_EDGE ( 'NONE', *, *, #1256, .T. ) ;
#896 = FACE_OUTER_BOUND ( 'NONE', #805, .T. ) ;
#897 = AXIS2_PLACEMENT_3D ( 'NONE', #399, #946, #1568 ) ;
#898 = CIRCLE ( 'NONE', #1613, 0.03000000000000002318 ) ;
#899 = CARTESIAN_POINT ( 'NONE',  ( 0.7249999999999999778, -0.05000000000000000278, 0.000000000000000000 ) ) ;
#900 = CARTESIAN_POINT ( 'NONE',  ( -0.4500000000000000111, 0.4000000000000000222, 1.100000000000000089 ) ) ;
#901 = LINE ( 'NONE', #745, #1657 ) ;
#902 = ORIENTED_EDGE ( 'NONE', *, *, #1413, .F. ) ;
#903 = EDGE_CURVE ( 'NONE', #124, #308, #1248, .T. ) ;
#904 = LINE ( 'NONE', #369, #1608 ) ;
#905 = ADVANCED_FACE ( 'NONE', ( #1537 ), #971, .T. ) ;
#906 = ORIENTED_EDGE ( 'NONE', *, *, #1274, .F. ) ;
#907 = CARTESIAN_POINT ( 'NONE',  ( 0.7249999999999999778, -0.2999999999999999889, 0.7500000000000000000 ) ) ;
#908 = ORIENTED_EDGE ( 'NONE', *, *, #397, .F. ) ;
#909 = FACE_OUTER_BOUND ( 'NONE', #1167, .T. ) ;
#910 = DIRECTION ( 'NONE',  ( 0.000000000000000000, 1.000000000000000000, 0.000000000000000000 ) ) ;
#911 = DIRECTION ( 'NONE',  ( 1.000000000000000000, 0.000000000000000000, 0.000000000000000000 ) ) ;
#912 = LINE ( 'NONE', #1290, #1457 ) ;
#913 = ORIENTED_EDGE ( 'NONE', *, *, #558, .F. ) ;
#914 = CARTESIAN_POINT ( 'NONE',  ( -0.7699999999999999067, 0.4000000000000000222, -3.469446951954000916E-18 ) ) ;
#915 = ORIENTED_EDGE ( 'NONE', *, *, #570, .T. ) ;
#916 = VERTEX_POINT ( 'NONE', #1383 ) ;
#917 = CARTESIAN_POINT ( 'NONE',  ( 0.5000000000000000000, -0.4000000000000000222, 0.4699999999999999734 ) ) ;
#918 =( NAMED_UNIT ( * ) PLANE_ANGLE_UNIT ( ) SI_UNIT ( $, .RADIAN. ) );
#919 =( NAMED_UNIT ( * ) SI_UNIT ( $, .STERADIAN. ) SOLID_ANGLE_UNIT ( ) );
#920 = FILL_AREA_STYLE ('',( #1197 ) ) ;
#921 = DIRECTION ( 'NONE',  ( 1.000000000000000000, 0.000000000000000000, 0.000000000000000000 ) ) ;
#922 = EDGE_LOOP ( 'NONE', ( #768, #1762, #208 ) ) ;
#923 = FACE_OUTER_BOUND ( 'NONE', #1590, .T. ) ;
#924 = AXIS2_PLACEMENT_3D ( 'NONE', #732, #1124, #1704 ) ;
#925 = VECTOR ( 'NONE', #1623, 1000.000000000000000 ) ;
#926 = ORIENTED_EDGE ( 'NONE', *, *, #10, .T. ) ;
#927 = CARTESIAN_POINT ( 'NONE',  ( -0.7699999999999999067, -0.4000000000000000222, 0.4699999999999999734 ) ) ;
#928 = LINE ( 'NONE', #1795, #1754 ) ;
#929 = VECTOR ( 'NONE', #827, 1000.000000000000000 ) ;
#930 = EDGE_CURVE ( 'NONE', #1786, #1594, #961, .T. ) ;
#931 = VECTOR ( 'NONE', #692, 1000.000000000000000 ) ;
#932 = VECTOR ( 'NONE', #885, 1000.000000000000000 ) ;
#933 = EDGE_CURVE ( 'NONE', #629, #157, #680, .T. ) ;
#934 = CARTESIAN_POINT ( 'NONE',  ( -0.1125000000000000028, 0.2999999999999999889, 0.5000000000000000000 ) ) ;
#935 = EDGE_LOOP ( 'NONE', ( #1292, #1419, #1651, #1729 ) ) ;
#936 = ORIENTED_EDGE ( 'NONE', *, *, #1713, .F. ) ;
#937 = DIRECTION ( 'NONE',  ( -1.000000000000000000, 0.000000000000000000, 0.000000000000000000 ) ) ;
#938 = CARTESIAN_POINT ( 'NONE',  ( -0.5000000000000000000, 0.4000000000000000222, 0.4699999999999999734 ) ) ;
#939 = EDGE_LOOP ( 'NONE', ( #1802, #203, #1469 ) ) ;
#940 = ORIENTED_EDGE ( 'NONE', *, *, #588, .F. ) ;
#941 = CARTESIAN_POINT ( 'NONE',  ( -0.5300000000000000266, -0.4000000000000000222, -3.469446951954000916E-18 ) ) ;
#942 = FACE_OUTER_BOUND ( 'NONE', #174, .T. ) ;
#943 = LINE ( 'NONE', #763, #812 ) ;
#944 = EDGE_CURVE ( 'NONE', #811, #1037, #1243, .T. ) ;
#945 = EDGE_LOOP ( 'NONE', ( #1170, #1794, #56, #821, #948, #1180, #1748, #1569 ) ) ;
#946 = DIRECTION ( 'NONE',  ( -1.000000000000000000, 0.000000000000000000, 0.000000000000000000 ) ) ;
#947 = VECTOR ( 'NONE', #491, 1000.000000000000000 ) ;
#948 = ORIENTED_EDGE ( 'NONE', *, *, #1713, .T. ) ;
#949 = EDGE_CURVE ( 'NONE', #830, #1701, #709, .T. ) ;
#950 = CARTESIAN_POINT ( 'NONE',  ( -0.7699999999999999067, 0.4000000000000000222, 0.4699999999999999734 ) ) ;
#951 = CYLINDRICAL_SURFACE ( 'NONE', #1431, 0.02999999999999997113 ) ;
#952 = VECTOR ( 'NONE', #498, 1000.000000000000227 ) ;
#953 = CARTESIAN_POINT ( 'NONE',  ( 0.7249999999999999778, -0.4500000000000000111, 0.5000000000000000000 ) ) ;
#954 = VERTEX_POINT ( 'NONE', #1810 ) ;
#955 = VECTOR ( 'NONE', #185, 1000.000000000000000 ) ;
#956 = AXIS2_PLACEMENT_3D ( 'NONE', #1411, #1127, #824 ) ;
#957 = ORIENTED_EDGE ( 'NONE', *, *, #744, .F. ) ;
#958 = CARTESIAN_POINT ( 'NONE',  ( 0.5300000000000000266, -0.4000000000000000222, 0.4699999999999999734 ) ) ;
#959 = FACE_OUTER_BOUND ( 'NONE', #1379, .T. ) ;
#960 = PRODUCT_DEFINITION_CONTEXT ( 'detailed design', #1665, 'design' ) ;
#961 = LINE ( 'NONE', #288, #894 ) ;
#962 = ORIENTED_EDGE ( 'NONE', *, *, #771, .F. ) ;
#963 = EDGE_CURVE ( 'NONE', #1339, #138, #275, .T. ) ;
#964 = SURFACE_SIDE_STYLE ('',( #670 ) ) ;
#965 = SURFACE_SIDE_STYLE ('',( #1277 ) ) ;
#966 = DIRECTION ( 'NONE',  ( 1.000000000000000000, 0.000000000000000000, 0.000000000000000000 ) ) ;
#967 = PLANE ( 'NONE',  #468 ) ;
#968 = CARTESIAN_POINT ( 'NONE',  ( 0.7249999999999999778, 0.2999999999999999889, 0.7500000000000000000 ) ) ;
#969 = ORIENTED_EDGE ( 'NONE', *, *, #1447, .T. ) ;
#970 = CARTESIAN_POINT ( 'NONE',  ( -0.2771281292109999961, 0.000000000000000000, 0.03000000000000000236 ) ) ;
#971 = PLANE ( 'NONE',  #699 ) ;
#972 = CARTESIAN_POINT ( 'NONE',  ( 0.5000000000000000000, -0.4000000000000000222, 0.03000000000000000236 ) ) ;
#973 = DIRECTION ( 'NONE',  ( 0.000000000000000000, 1.000000000000000000, 0.000000000000000000 ) ) ;
#974 = CIRCLE ( 'NONE', #1429, 0.02999999999999997113 ) ;
#975 = EDGE_CURVE ( 'NONE', #1016, #531, #1115, .T. ) ;
#976 = EDGE_CURVE ( 'NONE', #124, #1245, #1523, .T. ) ;
#977 = PRESENTATION_LAYER_ASSIGNMENT (  '', '', ( #1040 ) ) ;
#978 = STYLED_ITEM ( 'NONE', ( #1697 ), #869 ) ;
#979 = ADVANCED_FACE ( 'NONE', ( #259 ), #1228, .F. ) ;
#980 = STYLED_ITEM ( 'NONE', ( #826 ), #1259 ) ;
#981 = AXIS2_PLACEMENT_3D ( 'NONE', #1740, #1195, #1575 ) ;
#982 = DIRECTION ( 'NONE',  ( 0.000000000000000000, -1.000000000000000000, 0.000000000000000000 ) ) ;
#983 = EDGE_LOOP ( 'NONE', ( #1738, #526, #107, #116 ) ) ;
#984 = DIRECTION ( 'NONE',  ( 0.000000000000000000, 0.000000000000000000, 1.000000000000000000 ) ) ;
#985 = VECTOR ( 'NONE', #1517, 1000.000000000000000 ) ;
#986 = CARTESIAN_POINT ( 'NONE',  ( 0.7249999999999999778, 0.4000000000000000222, 0.000000000000000000 ) ) ;
#987 = FACE_OUTER_BOUND ( 'NONE', #1181, .T. ) ;
#988 = LINE ( 'NONE', #295, #136 ) ;
#989 = CARTESIAN_POINT ( 'NONE',  ( 0.7249999999999999778, -0.2999999999999999889, 0.7500000000000000000 ) ) ;
#990 = ORIENTED_EDGE ( 'NONE', *, *, #1118, .T. ) ;
#991 = DIRECTION ( 'NONE',  ( 1.000000000000000000, 0.000000000000000000, 0.000000000000000000 ) ) ;
#992 = LINE ( 'NONE', #1545, #1686 ) ;
#993 = DIRECTION ( 'NONE',  ( 0.000000000000000000, 0.000000000000000000, 1.000000000000000000 ) ) ;
#994 = DIRECTION ( 'NONE',  ( 0.000000000000000000, 1.000000000000000000, 0.000000000000000000 ) ) ;
#995 = FACE_OUTER_BOUND ( 'NONE', #1312, .T. ) ;
#996 = ORIENTED_EDGE ( 'NONE', *, *, #691, .T. ) ;
#997 = FILL_AREA_STYLE ('',( #1283 ) ) ;
#998 = ORIENTED_EDGE ( 'NONE', *, *, #146, .F. ) ;
#999 = LINE ( 'NONE', #290, #1004 ) ;
#1000 = ADVANCED_FACE ( 'NONE', ( #863 ), #1025, .F. ) ;
#1001 = CARTESIAN_POINT ( 'NONE',  ( 0.7249999999999999778, -0.4000000000000000222, 0.03000000000000000236 ) ) ;
#1002 = DIRECTION ( 'NONE',  ( 0.000000000000000000, 1.000000000000000000, 0.000000000000000000 ) ) ;
#1003 = CARTESIAN_POINT ( 'NONE',  ( -0.5300000000000000266, -0.4000000000000000222, 0.5000000000000000000 ) ) ;
#1004 = VECTOR ( 'NONE', #562, 1000.000000000000000 ) ;
#1005 = VECTOR ( 'NONE', #92, 1000.000000000000000 ) ;
#1006 = CARTESIAN_POINT ( 'NONE',  ( -0.7249999999999999778, 0.4000000000000000222, 0.4699999999999999734 ) ) ;
#1007 = VERTEX_POINT ( 'NONE', #1017 ) ;
#1008 = VECTOR ( 'NONE', #911, 1000.000000000000000 ) ;
#1009 = AXIS2_PLACEMENT_3D ( 'NONE', #594, #819, #1378 ) ;
#1010 = DIRECTION ( 'NONE',  ( 1.000000000000000000, 0.000000000000000000, 0.000000000000000000 ) ) ;
#1011 = VERTEX_POINT ( 'NONE', #580 ) ;
#1012 = PRESENTATION_LAYER_ASSIGNMENT (  '', '', ( #1552 ) ) ;
#1013 = DIRECTION ( 'NONE',  ( -1.000000000000000000, 0.000000000000000000, 0.000000000000000000 ) ) ;
#1014 = LINE ( 'NONE', #871, #955 ) ;
#1015 = PLANE ( 'NONE',  #22 ) ;
#1016 = VERTEX_POINT ( 'NONE', #458 ) ;
#1017 = CARTESIAN_POINT ( 'NONE',  ( -0.7699999999999999067, -0.4000000000000000222, 0.4699999999999999734 ) ) ;
#1018 = ORIENTED_EDGE ( 'NONE', *, *, #11, .T. ) ;
#1019 = EDGE_CURVE ( 'NONE', #751, #520, #1149, .T. ) ;
#1020 = EDGE_LOOP ( 'NONE', ( #442, #716, #1241, #739, #155, #20, #1528, #334, #828, #1301 ) ) ;
#1021 = FACE_OUTER_BOUND ( 'NONE', #1781, .T. ) ;
#1022 = DIRECTION ( 'NONE',  ( -1.000000000000000000, 0.000000000000000000, 0.000000000000000000 ) ) ;
#1023 = SURFACE_STYLE_USAGE ( .BOTH. , #1320 ) ;
#1024 = ORIENTED_EDGE ( 'NONE', *, *, #1512, .T. ) ;
#1025 = PLANE ( 'NONE',  #523 ) ;
#1026 = EDGE_LOOP ( 'NONE', ( #1644, #1535, #1703, #1092 ) ) ;
#1027 = ORIENTED_EDGE ( 'NONE', *, *, #845, .T. ) ;
#1028 = DIRECTION ( 'NONE',  ( -1.000000000000000000, 0.000000000000000000, 0.000000000000000000 ) ) ;
#1029 = CARTESIAN_POINT ( 'NONE',  ( 0.8000000000000000444, -0.4000000000000000222, 0.000000000000000000 ) ) ;
#1030 = CARTESIAN_POINT ( 'NONE',  ( 0.7699999999999999067, 0.4000000000000000222, -3.469446951954000916E-18 ) ) ;
#1031 = EDGE_CURVE ( 'NONE', #1323, #1384, #1434, .T. ) ;
#1032 = ADVANCED_FACE ( 'NONE', ( #1595 ), #1728, .T. ) ;
#1033 =( GEOMETRIC_REPRESENTATION_CONTEXT ( 3 ) GLOBAL_UNCERTAINTY_ASSIGNED_CONTEXT ( ( #274 ) ) GLOBAL_UNIT_ASSIGNED_CONTEXT ( ( #1099, #1525, #125 ) ) REPRESENTATION_CONTEXT ( 'NONE', 'WORKASPACE' ) );
#1034 = DIRECTION ( 'NONE',  ( -0.000000000000000000, 1.000000000000000000, 0.000000000000000000 ) ) ;
#1035 = LINE ( 'NONE', #953, #1374 ) ;
#1036 =( LENGTH_UNIT ( ) NAMED_UNIT ( * ) SI_UNIT ( .MILLI., .METRE. ) );
#1037 = VERTEX_POINT ( 'NONE', #307 ) ;
#1038 = COLOUR_RGB ( '',0.8941176470588234615, 0.8901960784313724950, 0.8117647058823529438 ) ;
#1039 = CARTESIAN_POINT ( 'NONE',  ( 0.7699999999999999067, -0.4000000000000000222, -3.469446951954000916E-18 ) ) ;
#1040 = STYLED_ITEM ( 'NONE', ( #1458 ), #604 ) ;
#1041 = ORIENTED_EDGE ( 'NONE', *, *, #944, .F. ) ;
#1042 = ORIENTED_EDGE ( 'NONE', *, *, #583, .T. ) ;
#1043 = CARTESIAN_POINT ( 'NONE',  ( -0.7249999999999999778, 0.2999999999999999889, 0.7500000000000000000 ) ) ;
#1044 = CARTESIAN_POINT ( 'NONE',  ( 0.7249999999999999778, -0.2999999999999999889, 0.7500000000000000000 ) ) ;
#1045 = VECTOR ( 'NONE', #81, 1000.000000000000000 ) ;
#1046 = VECTOR ( 'NONE', #178, 1000.000000000000000 ) ;
#1047 = SURFACE_STYLE_FILL_AREA ( #1768 ) ;
#1048 = CARTESIAN_POINT ( 'NONE',  ( 0.4500000000000000111, -0.4000000000000000222, 1.100000000000000089 ) ) ;
#1049 = CARTESIAN_POINT ( 'NONE',  ( -0.7249999999999999778, 0.4000000000000000222, 0.3750000000000000000 ) ) ;
#1050 = VERTEX_POINT ( 'NONE', #1134 ) ;
#1051 = DIRECTION ( 'NONE',  ( 1.000000000000000000, 0.000000000000000000, 0.000000000000000000 ) ) ;
#1052 = VERTEX_POINT ( 'NONE', #1442 ) ;
#1053 = EDGE_LOOP ( 'NONE', ( #1414, #990, #1472, #873 ) ) ;
#1054 = DIRECTION ( 'NONE',  ( -1.000000000000000000, 0.000000000000000000, 0.000000000000000000 ) ) ;
#1055 = DIRECTION ( 'NONE',  ( 1.000000000000000000, 0.000000000000000000, 0.000000000000000000 ) ) ;
#1056 =( LENGTH_UNIT ( ) NAMED_UNIT ( * ) SI_UNIT ( .MILLI., .METRE. ) );
#1057 = LINE ( 'NONE', #934, #1100 ) ;
#1058 = ORIENTED_EDGE ( 'NONE', *, *, #386, .F. ) ;
#1059 = LINE ( 'NONE', #100, #27 ) ;
#1060 = ADVANCED_FACE ( 'NONE', ( #1415 ), #1709, .T. ) ;
#1061 = EDGE_CURVE ( 'NONE', #1157, #1163, #1132, .T. ) ;
#1062 = DIRECTION ( 'NONE',  ( -0.000000000000000000, 1.000000000000000000, 0.000000000000000000 ) ) ;
#1063 = SURFACE_SIDE_STYLE ('',( #1438 ) ) ;
#1064 = EDGE_CURVE ( 'NONE', #864, #846, #501, .T. ) ;
#1065 = LINE ( 'NONE', #899, #374 ) ;
#1066 = DIRECTION ( 'NONE',  ( 0.000000000000000000, 1.000000000000000000, 0.000000000000000000 ) ) ;
#1067 = CARTESIAN_POINT ( 'NONE',  ( 0.7249999999999999778, 0.4000000000000000222, 0.3750000000000000000 ) ) ;
#1068 = VECTOR ( 'NONE', #450, 1000.000000000000000 ) ;
#1069 = VECTOR ( 'NONE', #1720, 1000.000000000000000 ) ;
#1070 = VERTEX_POINT ( 'NONE', #1039 ) ;
#1071 =( NAMED_UNIT ( * ) SI_UNIT ( $, .STERADIAN. ) SOLID_ANGLE_UNIT ( ) );
#1072 = CARTESIAN_POINT ( 'NONE',  ( -0.7699999999999999067, -0.4000000000000000222, 0.03000000000000000236 ) ) ;
#1073 = COLOUR_RGB ( '',0.3372549019607843368, 0.6784313725490196401, 0.4431372549019607643 ) ;
#1074 = PRESENTATION_LAYER_ASSIGNMENT (  '', '', ( #1527 ) ) ;
#1075 = CARTESIAN_POINT ( 'NONE',  ( 0.5300000000000000266, -0.2999999999999999889, -3.469446951954000916E-18 ) ) ;
#1076 = VECTOR ( 'NONE', #1082, 1000.000000000000000 ) ;
#1077 = DIRECTION ( 'NONE',  ( -1.000000000000000000, 0.000000000000000000, 0.000000000000000000 ) ) ;
#1078 = VERTEX_POINT ( 'NONE', #382 ) ;
#1079 = CARTESIAN_POINT ( 'NONE',  ( 0.5000000000000000000, 0.4000000000000000222, 0.4699999999999999734 ) ) ;
#1080 = ORIENTED_EDGE ( 'NONE', *, *, #930, .F. ) ;
#1081 =( LENGTH_UNIT ( ) NAMED_UNIT ( * ) SI_UNIT ( .MILLI., .METRE. ) );
#1082 = DIRECTION ( 'NONE',  ( -1.000000000000000000, 0.000000000000000000, 0.000000000000000000 ) ) ;
#1083 = EDGE_CURVE ( 'NONE', #1098, #198, #1330, .T. ) ;
#1084 = DIRECTION ( 'NONE',  ( 1.000000000000000000, 0.000000000000000000, 0.000000000000000000 ) ) ;
#1085 = LINE ( 'NONE', #1649, #1461 ) ;
#1086 = EDGE_LOOP ( 'NONE', ( #1671, #490, #238, #416 ) ) ;
#1087 = PLANE ( 'NONE',  #700 ) ;
#1088 = ORIENTED_EDGE ( 'NONE', *, *, #1061, .F. ) ;
#1089 = DIRECTION ( 'NONE',  ( 1.000000000000000000, 0.000000000000000000, 0.000000000000000000 ) ) ;
#1090 = CARTESIAN_POINT ( 'NONE',  ( -0.7699999999999999067, -0.4000000000000000222, 0.4699999999999999734 ) ) ;
#1091 = CARTESIAN_POINT ( 'NONE',  ( 0.7249999999999999778, -0.4000000000000000222, 0.3750000000000000000 ) ) ;
#1092 = ORIENTED_EDGE ( 'NONE', *, *, #477, .T. ) ;
#1093 = EDGE_CURVE ( 'NONE', #105, #701, #106, .T. ) ;
#1094 = EDGE_CURVE ( 'NONE', #954, #751, #904, .T. ) ;
#1095 = FACE_OUTER_BOUND ( 'NONE', #1116, .T. ) ;
#1096 = DIRECTION ( 'NONE',  ( 0.000000000000000000, 0.000000000000000000, 1.000000000000000000 ) ) ;
#1097 = AXIS2_PLACEMENT_3D ( 'NONE', #370, #1598, #884 ) ;
#1098 = VERTEX_POINT ( 'NONE', #1349 ) ;
#1099 =( LENGTH_UNIT ( ) NAMED_UNIT ( * ) SI_UNIT ( .MILLI., .METRE. ) );
#1100 = VECTOR ( 'NONE', #1338, 1000.000000000000000 ) ;
#1101 = SURFACE_SIDE_STYLE ('',( #1675 ) ) ;
#1102 = DIRECTION ( 'NONE',  ( 0.000000000000000000, 1.000000000000000000, 0.000000000000000000 ) ) ;
#1103 = COLOUR_RGB ( '',0.3372549019607843368, 0.6784313725490196401, 0.4431372549019607643 ) ;
#1104 = ORIENTED_EDGE ( 'NONE', *, *, #1106, .F. ) ;
#1105 = COLOUR_RGB ( '',0.8941176470588234615, 0.8901960784313724950, 0.8117647058823529438 ) ;
#1106 = EDGE_CURVE ( 'NONE', #1070, #1271, #239, .T. ) ;
#1107 = MECHANICAL_DESIGN_GEOMETRIC_PRESENTATION_REPRESENTATION (  '', ( #1315 ), #412 ) ;
#1108 =( NAMED_UNIT ( * ) SI_UNIT ( $, .STERADIAN. ) SOLID_ANGLE_UNIT ( ) );
#1109 = ORIENTED_EDGE ( 'NONE', *, *, #1083, .T. ) ;
#1110 = DIRECTION ( 'NONE',  ( 1.000000000000000000, 0.000000000000000000, 0.000000000000000000 ) ) ;
#1111 = FILL_AREA_STYLE_COLOUR ( '', #296 ) ;
#1112 = DIRECTION ( 'NONE',  ( 0.000000000000000000, -1.000000000000000000, 0.000000000000000000 ) ) ;
#1113 = CARTESIAN_POINT ( 'NONE',  ( 0.5300000000000000266, 0.2999999999999999889, 0.4699999999999999734 ) ) ;
#1114 = UNCERTAINTY_MEASURE_WITH_UNIT (LENGTH_MEASURE( 1.000000000000000082E-05 ), #1036, 'distance_accuracy_value', 'NONE');
#1115 = LINE ( 'NONE', #568, #137 ) ;
#1116 = EDGE_LOOP ( 'NONE', ( #91, #710, #764, #42 ) ) ;
#1117 = DIRECTION ( 'NONE',  ( 0.000000000000000000, 1.000000000000000000, 0.000000000000000000 ) ) ;
#1118 = EDGE_CURVE ( 'NONE', #629, #1193, #1341, .T. ) ;
#1119 = EDGE_CURVE ( 'NONE', #470, #105, #233, .T. ) ;
#1120 = PLANE ( 'NONE',  #323 ) ;
#1121 = PLANE ( 'NONE',  #892 ) ;
#1122 = ADVANCED_FACE ( 'NONE', ( #1737 ), #511, .F. ) ;
#1123 = VERTEX_POINT ( 'NONE', #636 ) ;
#1124 = DIRECTION ( 'NONE',  ( 0.000000000000000000, 1.000000000000000000, 0.000000000000000000 ) ) ;
#1125 =( NAMED_UNIT ( * ) PLANE_ANGLE_UNIT ( ) SI_UNIT ( $, .RADIAN. ) );
#1126 = DIRECTION ( 'NONE',  ( 0.000000000000000000, 1.000000000000000000, 0.000000000000000000 ) ) ;
#1127 = DIRECTION ( 'NONE',  ( -0.000000000000000000, 1.000000000000000000, 0.000000000000000000 ) ) ;
#1128 = LINE ( 'NONE', #574, #49 ) ;
#1129 = AXIS2_PLACEMENT_3D ( 'NONE', #1756, #1484, #1591 ) ;
#1130 = VECTOR ( 'NONE', #150, 1000.000000000000000 ) ;
#1131 = VECTOR ( 'NONE', #1264, 1000.000000000000000 ) ;
#1132 = CIRCLE ( 'NONE', #257, 0.03000000000000000236 ) ;
#1133 = AXIS2_PLACEMENT_3D ( 'NONE', #787, #1497, #1776 ) ;
#1134 = CARTESIAN_POINT ( 'NONE',  ( -0.7249999999999999778, -0.2999999999999999889, 0.4699999999999999734 ) ) ;
#1135 = ORIENTED_EDGE ( 'NONE', *, *, #628, .T. ) ;
#1136 = DIRECTION ( 'NONE',  ( 1.000000000000000000, 0.000000000000000000, 0.000000000000000000 ) ) ;
#1137 =( LENGTH_UNIT ( ) NAMED_UNIT ( * ) SI_UNIT ( .MILLI., .METRE. ) );
#1138 = DIRECTION ( 'NONE',  ( 0.000000000000000000, -1.000000000000000000, 0.000000000000000000 ) ) ;
#1139 = PLANE ( 'NONE',  #496 ) ;
#1140 = EDGE_CURVE ( 'NONE', #204, #1316, #1059, .T. ) ;
#1141 = CARTESIAN_POINT ( 'NONE',  ( -0.2771281292109999961, 0.000000000000000000, 0.01500000000000000118 ) ) ;
#1142 = ADVANCED_FACE ( 'NONE', ( #923 ), #90, .F. ) ;
#1143 = EDGE_LOOP ( 'NONE', ( #1358, #172, #690, #1042 ) ) ;
#1144 = CARTESIAN_POINT ( 'NONE',  ( 0.5000000000000000000, 0.4000000000000000222, 0.5000000000000000000 ) ) ;
#1145 = CARTESIAN_POINT ( 'NONE',  ( -0.5300000000000000266, -0.2999999999999999889, 0.4699999999999999734 ) ) ;
#1146 =( LENGTH_UNIT ( ) NAMED_UNIT ( * ) SI_UNIT ( .MILLI., .METRE. ) );
#1147 = CARTESIAN_POINT ( 'NONE',  ( 0.4500000000000000111, 0.4000000000000000222, 1.100000000000000089 ) ) ;
#1148 = ORIENTED_EDGE ( 'NONE', *, *, #667, .T. ) ;
#1149 = LINE ( 'NONE', #1562, #1548 ) ;
#1150 = VERTEX_POINT ( 'NONE', #1471 ) ;
#1151 = CARTESIAN_POINT ( 'NONE',  ( 0.2771281292109999961, -0.3200000000000000067, 0.03000000000000000236 ) ) ;
#1152 = CARTESIAN_POINT ( 'NONE',  ( 0.8000000000000000444, -0.4000000000000000222, 0.4699999999999999734 ) ) ;
#1153 = MECHANICAL_DESIGN_GEOMETRIC_PRESENTATION_REPRESENTATION (  '', ( #251 ), #82 ) ;
#1154 = AXIS2_PLACEMENT_3D ( 'NONE', #715, #1270, #439 ) ;
#1155 = APPLICATION_PROTOCOL_DEFINITION ( 'draft international standard', 'automotive_design', 1998, #1665 ) ;
#1156 = PLANE ( 'NONE',  #493 ) ;
#1157 = VERTEX_POINT ( 'NONE', #1645 ) ;
#1158 = STYLED_ITEM ( 'NONE', ( #1604 ), #815 ) ;
#1159 = AXIS2_PLACEMENT_3D ( 'NONE', #127, #1814, #1084 ) ;
#1160 = EDGE_CURVE ( 'NONE', #864, #266, #1609, .T. ) ;
#1161 =( GEOMETRIC_REPRESENTATION_CONTEXT ( 3 ) GLOBAL_UNCERTAINTY_ASSIGNED_CONTEXT ( ( #1801 ) ) GLOBAL_UNIT_ASSIGNED_CONTEXT ( ( #1146, #859, #1108 ) ) REPRESENTATION_CONTEXT ( 'NONE', 'WORKASPACE' ) );
#1162 = DIRECTION ( 'NONE',  ( -0.000000000000000000, 1.000000000000000000, 0.000000000000000000 ) ) ;
#1163 = VERTEX_POINT ( 'NONE', #914 ) ;
#1164 = DIRECTION ( 'NONE',  ( 0.000000000000000000, 0.000000000000000000, -1.000000000000000000 ) ) ;
#1165 = AXIS2_PLACEMENT_3D ( 'NONE', #877, #910, #1326 ) ;
#1166 = PRODUCT_DEFINITION_FORMATION_WITH_SPECIFIED_SOURCE ( 'ANY', '', #350, .NOT_KNOWN. ) ;
#1167 = EDGE_LOOP ( 'NONE', ( #210, #1302, #504, #1571, #757, #2, #471, #1524 ) ) ;
#1168 = PLANE ( 'NONE',  #455 ) ;
#1169 =( LENGTH_UNIT ( ) NAMED_UNIT ( * ) SI_UNIT ( .MILLI., .METRE. ) );
#1170 = ORIENTED_EDGE ( 'NONE', *, *, #975, .T. ) ;
#1171 = ORIENTED_EDGE ( 'NONE', *, *, #475, .T. ) ;
#1172 = PLANE ( 'NONE',  #1603 ) ;
#1173 = ORIENTED_EDGE ( 'NONE', *, *, #366, .F. ) ;
#1174 = FACE_OUTER_BOUND ( 'NONE', #983, .T. ) ;
#1175 = ADVANCED_FACE ( 'NONE', ( #625 ), #891, .T. ) ;
#1176 = CARTESIAN_POINT ( 'NONE',  ( -0.7249999999999999778, -0.2999999999999999889, 0.7500000000000000000 ) ) ;
#1177 = ADVANCED_FACE ( 'NONE', ( #254 ), #1087, .T. ) ;
#1178 = PRESENTATION_STYLE_ASSIGNMENT (( #377 ) ) ;
#1179 = LINE ( 'NONE', #1091, #1636 ) ;
#1180 = ORIENTED_EDGE ( 'NONE', *, *, #721, .F. ) ;
#1181 = EDGE_LOOP ( 'NONE', ( #1610, #1504, #767, #180 ) ) ;
#1182 = DIRECTION ( 'NONE',  ( 0.000000000000000000, 0.000000000000000000, 1.000000000000000000 ) ) ;
#1183 = FILL_AREA_STYLE_COLOUR ( '', #1105 ) ;
#1184 = MECHANICAL_DESIGN_GEOMETRIC_PRESENTATION_REPRESENTATION (  '', ( #1425 ), #1033 ) ;
#1185 = CARTESIAN_POINT ( 'NONE',  ( -0.7699999999999999067, -0.4000000000000000222, 0.03000000000000000236 ) ) ;
#1186 = CARTESIAN_POINT ( 'NONE',  ( -0.7249999999999999778, 0.2999999999999999889, 0.000000000000000000 ) ) ;
#1187 = ORIENTED_EDGE ( 'NONE', *, *, #1390, .T. ) ;
#1188 = MECHANICAL_DESIGN_GEOMETRIC_PRESENTATION_REPRESENTATION (  '', ( #1040 ), #1576 ) ;
#1189 = DIRECTION ( 'NONE',  ( 0.000000000000000000, 0.000000000000000000, 1.000000000000000000 ) ) ;
#1190 =( GEOMETRIC_REPRESENTATION_CONTEXT ( 3 ) GLOBAL_UNCERTAINTY_ASSIGNED_CONTEXT ( ( #1211 ) ) GLOBAL_UNIT_ASSIGNED_CONTEXT ( ( #1466, #1337, #358 ) ) REPRESENTATION_CONTEXT ( 'NONE', 'WORKASPACE' ) );
#1191 = ORIENTED_EDGE ( 'NONE', *, *, #1777, .T. ) ;
#1192 = VECTOR ( 'NONE', #1210, 1000.000000000000000 ) ;
#1193 = VERTEX_POINT ( 'NONE', #1800 ) ;
#1194 = CARTESIAN_POINT ( 'NONE',  ( 0.7699999999999999067, -0.4000000000000000222, 0.4699999999999999734 ) ) ;
#1195 = DIRECTION ( 'NONE',  ( 0.000000000000000000, 0.000000000000000000, 1.000000000000000000 ) ) ;
#1196 = COLOUR_RGB ( '',0.8588235294117646523, 0.7372549019607843590, 0.4941176470588235503 ) ;
#1197 = FILL_AREA_STYLE_COLOUR ( '', #166 ) ;
#1198 = DIRECTION ( 'NONE',  ( 1.000000000000000000, 0.000000000000000000, 0.000000000000000000 ) ) ;
#1199 = ORIENTED_EDGE ( 'NONE', *, *, #554, .F. ) ;
#1200 = EDGE_CURVE ( 'NONE', #480, #234, #814, .T. ) ;
#1201 = DIRECTION ( 'NONE',  ( 0.07911630099814660755, 0.000000000000000000, -0.9968653925763349966 ) ) ;
#1202 = ORIENTED_EDGE ( 'NONE', *, *, #1083, .F. ) ;
#1203 = CARTESIAN_POINT ( 'NONE',  ( 0.5000000000000000000, -0.2999999999999999889, 0.4699999999999999734 ) ) ;
#1204 = EDGE_CURVE ( 'NONE', #129, #1339, #1807, .T. ) ;
#1205 = ORIENTED_EDGE ( 'NONE', *, *, #606, .T. ) ;
#1206 = CARTESIAN_POINT ( 'NONE',  ( -0.7475000000000000533, 0.2999999999999999889, 0.03000000000000000236 ) ) ;
#1207 = DIRECTION ( 'NONE',  ( 0.000000000000000000, 0.000000000000000000, 1.000000000000000000 ) ) ;
#1208 = CARTESIAN_POINT ( 'NONE',  ( 0.2771281292109999961, 0.3200000000000000067, 0.01500000000000000118 ) ) ;
#1209 = EDGE_LOOP ( 'NONE', ( #902, #482, #1284, #396, #1396, #561, #69, #1416, #1235, #611 ) ) ;
#1210 = DIRECTION ( 'NONE',  ( 0.000000000000000000, 1.000000000000000000, 0.000000000000000000 ) ) ;
#1211 = UNCERTAINTY_MEASURE_WITH_UNIT (LENGTH_MEASURE( 1.000000000000000082E-05 ), #1466, 'distance_accuracy_value', 'NONE');
#1212 = VERTEX_POINT ( 'NONE', #1513 ) ;
#1213 = CARTESIAN_POINT ( 'NONE',  ( 0.7699999999999999067, -0.4000000000000000222, 0.4699999999999999734 ) ) ;
#1214 = PRESENTATION_STYLE_ASSIGNMENT (( #371 ) ) ;
#1215 = CARTESIAN_POINT ( 'NONE',  ( -0.7699999999999999067, -0.4000000000000000222, 0.4699999999999999734 ) ) ;
#1216 = PLANE ( 'NONE',  #1684 ) ;
#1217 = EDGE_LOOP ( 'NONE', ( #54, #192, #566, #1459 ) ) ;
#1218 = DIRECTION ( 'NONE',  ( 0.000000000000000000, 0.000000000000000000, 1.000000000000000000 ) ) ;
#1219 = EDGE_CURVE ( 'NONE', #1245, #1732, #686, .T. ) ;
#1220 = ORIENTED_EDGE ( 'NONE', *, *, #721, .T. ) ;
#1221 = CARTESIAN_POINT ( 'NONE',  ( 0.7249999999999999778, -0.2999999999999999889, 0.000000000000000000 ) ) ;
#1222 = CARTESIAN_POINT ( 'NONE',  ( -0.7625000000000000666, 0.2999999999999999889, 0.000000000000000000 ) ) ;
#1223 = MECHANICAL_DESIGN_GEOMETRIC_PRESENTATION_REPRESENTATION (  '', ( #1578 ), #407 ) ;
#1224 = DIRECTION ( 'NONE',  ( 0.000000000000000000, 1.000000000000000000, 0.000000000000000000 ) ) ;
#1225 = ORIENTED_EDGE ( 'NONE', *, *, #867, .F. ) ;
#1226 = DIRECTION ( 'NONE',  ( -1.000000000000000000, 0.000000000000000000, 0.000000000000000000 ) ) ;
#1227 = UNCERTAINTY_MEASURE_WITH_UNIT (LENGTH_MEASURE( 1.000000000000000082E-05 ), #1353, 'distance_accuracy_value', 'NONE');
#1228 = PLANE ( 'NONE',  #1635 ) ;
#1229 = ORIENTED_EDGE ( 'NONE', *, *, #475, .F. ) ;
#1230 = PRESENTATION_STYLE_ASSIGNMENT (( #1787 ) ) ;
#1231 = CARTESIAN_POINT ( 'NONE',  ( 0.8000000000000000444, -0.4000000000000000222, 0.4699999999999999734 ) ) ;
#1232 = ADVANCED_FACE ( 'NONE', ( #160 ), #390, .F. ) ;
#1233 = EDGE_CURVE ( 'NONE', #652, #1666, #1236, .T. ) ;
#1234 = CARTESIAN_POINT ( 'NONE',  ( -0.7249999999999999778, 0.2999999999999999889, 0.7500000000000000000 ) ) ;
#1235 = ORIENTED_EDGE ( 'NONE', *, *, #843, .F. ) ;
#1236 = LINE ( 'NONE', #33, #1718 ) ;
#1237 = ORIENTED_EDGE ( 'NONE', *, *, #1314, .F. ) ;
#1238 = LINE ( 'NONE', #1072, #119 ) ;
#1239 = SURFACE_SIDE_STYLE ('',( #294 ) ) ;
#1240 = CARTESIAN_POINT ( 'NONE',  ( -0.5300000000000000266, 0.2999999999999999889, 0.5000000000000000000 ) ) ;
#1241 = ORIENTED_EDGE ( 'NONE', *, *, #256, .T. ) ;
#1242 = VERTEX_POINT ( 'NONE', #1700 ) ;
#1243 = LINE ( 'NONE', #968, #50 ) ;
#1244 = MECHANICAL_DESIGN_GEOMETRIC_PRESENTATION_REPRESENTATION (  '', ( #672 ), #284 ) ;
#1245 = VERTEX_POINT ( 'NONE', #1141 ) ;
#1246 = DIRECTION ( 'NONE',  ( -0.000000000000000000, 1.000000000000000000, 0.000000000000000000 ) ) ;
#1247 = CIRCLE ( 'NONE', #83, 0.02999999999999997113 ) ;
#1248 = LINE ( 'NONE', #545, #1308 ) ;
#1249 = CYLINDRICAL_SURFACE ( 'NONE', #1159, 0.02999999999999997113 ) ;
#1250 = DIRECTION ( 'NONE',  ( 0.000000000000000000, 1.000000000000000000, 0.000000000000000000 ) ) ;
#1251 = COLOUR_RGB ( '',0.8941176470588234615, 0.8901960784313724950, 0.8117647058823529438 ) ;
#1252 = LINE ( 'NONE', #1669, #698 ) ;
#1253 = VECTOR ( 'NONE', #113, 1000.000000000000114 ) ;
#1254 = COLOUR_RGB ( '',0.8941176470588234615, 0.8901960784313724950, 0.8117647058823529438 ) ;
#1255 = VECTOR ( 'NONE', #1372, 1000.000000000000000 ) ;
#1256 = EDGE_CURVE ( 'NONE', #916, #157, #542, .T. ) ;
#1257 = ADVANCED_FACE ( 'NONE', ( #995 ), #246, .F. ) ;
#1258 = ORIENTED_EDGE ( 'NONE', *, *, #1450, .T. ) ;
#1259 = ADVANCED_FACE ( 'NONE', ( #1095 ), #736, .T. ) ;
#1260 = LINE ( 'NONE', #1409, #1782 ) ;
#1261 =( LENGTH_UNIT ( ) NAMED_UNIT ( * ) SI_UNIT ( .MILLI., .METRE. ) );
#1262 = SURFACE_STYLE_USAGE ( .BOTH. , #1239 ) ;
#1263 = CARTESIAN_POINT ( 'NONE',  ( -0.8000000000000000444, -0.4000000000000000222, 0.000000000000000000 ) ) ;
#1264 = DIRECTION ( 'NONE',  ( 0.000000000000000000, 1.000000000000000000, 0.000000000000000000 ) ) ;
#1265 = ORIENTED_EDGE ( 'NONE', *, *, #777, .F. ) ;
#1266 = CARTESIAN_POINT ( 'NONE',  ( -0.5000000000000000000, -0.2999999999999999889, 0.4699999999999999734 ) ) ;
#1267 = CARTESIAN_POINT ( 'NONE',  ( 0.09237604307034000262, 0.000000000000000000, 0.01500000000000000118 ) ) ;
#1268 = DIRECTION ( 'NONE',  ( 1.000000000000000000, 0.000000000000000000, 0.000000000000000000 ) ) ;
#1269 = DIRECTION ( 'NONE',  ( 0.000000000000000000, -1.000000000000000000, 0.000000000000000000 ) ) ;
#1270 = DIRECTION ( 'NONE',  ( 0.000000000000000000, 1.000000000000000000, 0.000000000000000000 ) ) ;
#1271 = VERTEX_POINT ( 'NONE', #1030 ) ;
#1272 = SURFACE_STYLE_USAGE ( .BOTH. , #852 ) ;
#1273 = ORIENTED_EDGE ( 'NONE', *, *, #588, .T. ) ;
#1274 = EDGE_CURVE ( 'NONE', #266, #1463, #1014, .T. ) ;
#1275 = CARTESIAN_POINT ( 'NONE',  ( 0.7249999999999999778, -0.4000000000000000222, 0.5000000000000000000 ) ) ;
#1276 = LINE ( 'NONE', #152, #376 ) ;
#1277 = SURFACE_STYLE_FILL_AREA ( #1387 ) ;
#1278 = VECTOR ( 'NONE', #280, 1000.000000000000000 ) ;
#1279 = VECTOR ( 'NONE', #1440, 1000.000000000000000 ) ;
#1280 = EDGE_CURVE ( 'NONE', #234, #830, #742, .T. ) ;
#1281 = DIRECTION ( 'NONE',  ( 1.000000000000000000, 0.000000000000000000, 0.000000000000000000 ) ) ;
#1282 = AXIS2_PLACEMENT_3D ( 'NONE', #679, #1226, #28 ) ;
#1283 = FILL_AREA_STYLE_COLOUR ( '', #1745 ) ;
#1284 = ORIENTED_EDGE ( 'NONE', *, *, #1160, .T. ) ;
#1285 = CARTESIAN_POINT ( 'NONE',  ( -0.7249999999999999778, 0.2999999999999999889, 0.4699999999999999734 ) ) ;
#1286 = COLOUR_RGB ( '',0.7921568627450980005, 0.8196078431372548767, 0.9333333333333333481 ) ;
#1287 = LINE ( 'NONE', #312, #1681 ) ;
#1288 =( NAMED_UNIT ( * ) SI_UNIT ( $, .STERADIAN. ) SOLID_ANGLE_UNIT ( ) );
#1289 = DIRECTION ( 'NONE',  ( 0.000000000000000000, 0.000000000000000000, 1.000000000000000000 ) ) ;
#1290 = CARTESIAN_POINT ( 'NONE',  ( 0.6124999999999999334, -0.2999999999999999889, 0.5000000000000000000 ) ) ;
#1291 = SURFACE_SIDE_STYLE ('',( #173 ) ) ;
#1292 = ORIENTED_EDGE ( 'NONE', *, *, #1731, .T. ) ;
#1293 = CARTESIAN_POINT ( 'NONE',  ( -0.7249999999999999778, -0.2999999999999999889, 0.7500000000000000000 ) ) ;
#1294 = DIRECTION ( 'NONE',  ( 1.000000000000000000, 0.000000000000000000, 0.000000000000000000 ) ) ;
#1295 = PRESENTATION_STYLE_ASSIGNMENT (( #330 ) ) ;
#1296 = DIRECTION ( 'NONE',  ( 0.000000000000000000, 0.000000000000000000, 1.000000000000000000 ) ) ;
#1297 = EDGE_CURVE ( 'NONE', #360, #1011, #104, .T. ) ;
#1298 = CARTESIAN_POINT ( 'NONE',  ( 0.5000000000000000000, -0.4000000000000000222, 0.5000000000000000000 ) ) ;
#1299 = CARTESIAN_POINT ( 'NONE',  ( 0.8000000000000000444, -0.4000000000000000222, 0.03000000000000000236 ) ) ;
#1300 = ORIENTED_EDGE ( 'NONE', *, *, #440, .F. ) ;
#1301 = ORIENTED_EDGE ( 'NONE', *, *, #258, .T. ) ;
#1302 = ORIENTED_EDGE ( 'NONE', *, *, #1390, .F. ) ;
#1303 = DIRECTION ( 'NONE',  ( 0.000000000000000000, 0.000000000000000000, 1.000000000000000000 ) ) ;
#1304 = DIRECTION ( 'NONE',  ( 0.000000000000000000, 0.000000000000000000, -1.000000000000000000 ) ) ;
#1305 = FACE_OUTER_BOUND ( 'NONE', #1805, .T. ) ;
#1306 = LINE ( 'NONE', #1726, #194 ) ;
#1307 = ORIENTED_EDGE ( 'NONE', *, *, #366, .T. ) ;
#1308 = VECTOR ( 'NONE', #1426, 1000.000000000000000 ) ;
#1309 = EDGE_CURVE ( 'NONE', #883, #1348, #576, .T. ) ;
#1310 = VECTOR ( 'NONE', #1797, 1000.000000000000227 ) ;
#1311 = EDGE_CURVE ( 'NONE', #1384, #105, #623, .T. ) ;
#1312 = EDGE_LOOP ( 'NONE', ( #1265, #936, #1764, #617 ) ) ;
#1313 = AXIS2_PLACEMENT_3D ( 'NONE', #1145, #1002, #271 ) ;
#1314 = EDGE_CURVE ( 'NONE', #267, #8, #633, .T. ) ;
#1315 = STYLED_ITEM ( 'NONE', ( #291 ), #1744 ) ;
#1316 = VERTEX_POINT ( 'NONE', #1240 ) ;
#1317 = DIRECTION ( 'NONE',  ( 1.000000000000000000, 0.000000000000000000, 0.000000000000000000 ) ) ;
#1318 = DIRECTION ( 'NONE',  ( -0.000000000000000000, 1.000000000000000000, 0.000000000000000000 ) ) ;
#1319 = FACE_OUTER_BOUND ( 'NONE', #783, .T. ) ;
#1320 = SURFACE_SIDE_STYLE ('',( #487 ) ) ;
#1321 = ORIENTED_EDGE ( 'NONE', *, *, #1731, .F. ) ;
#1322 = SURFACE_STYLE_FILL_AREA ( #354 ) ;
#1323 = VERTEX_POINT ( 'NONE', #1381 ) ;
#1324 = VERTEX_POINT ( 'NONE', #1530 ) ;
#1325 = CARTESIAN_POINT ( 'NONE',  ( 0.7699999999999999067, -0.4000000000000000222, 0.03000000000000000236 ) ) ;
#1326 = DIRECTION ( 'NONE',  ( -1.000000000000000000, 0.000000000000000000, 0.000000000000000000 ) ) ;
#1327 = FACE_OUTER_BOUND ( 'NONE', #681, .T. ) ;
#1328 = FACE_OUTER_BOUND ( 'NONE', #1382, .T. ) ;
#1329 = ORIENTED_EDGE ( 'NONE', *, *, #1311, .T. ) ;
#1330 = LINE ( 'NONE', #1492, #790 ) ;
#1331 = ORIENTED_EDGE ( 'NONE', *, *, #1093, .T. ) ;
#1332 = EDGE_LOOP ( 'NONE', ( #353, #1452, #241, #1321 ) ) ;
#1333 = SURFACE_STYLE_FILL_AREA ( #778 ) ;
#1334 = LINE ( 'NONE', #647, #433 ) ;
#1335 = ADVANCED_FACE ( 'NONE', ( #1319 ), #1804, .T. ) ;
#1336 = VECTOR ( 'NONE', #1013, 1000.000000000000000 ) ;
#1337 =( NAMED_UNIT ( * ) PLANE_ANGLE_UNIT ( ) SI_UNIT ( $, .RADIAN. ) );
#1338 = DIRECTION ( 'NONE',  ( 1.000000000000000000, 0.000000000000000000, 0.000000000000000000 ) ) ;
#1339 = VERTEX_POINT ( 'NONE', #415 ) ;
#1340 = CIRCLE ( 'NONE', #548, 0.02999999999999997113 ) ;
#1341 = LINE ( 'NONE', #651, #1192 ) ;
#1342 = ORIENTED_EDGE ( 'NONE', *, *, #1106, .T. ) ;
#1343 = DIRECTION ( 'NONE',  ( 1.000000000000000000, 0.000000000000000000, 0.000000000000000000 ) ) ;
#1344 = CARTESIAN_POINT ( 'NONE',  ( 0.7699999999999999067, 0.4000000000000000222, 0.4699999999999999734 ) ) ;
#1345 =( GEOMETRIC_REPRESENTATION_CONTEXT ( 3 ) GLOBAL_UNCERTAINTY_ASSIGNED_CONTEXT ( ( #409 ) ) GLOBAL_UNIT_ASSIGNED_CONTEXT ( ( #1699, #313, #1288 ) ) REPRESENTATION_CONTEXT ( 'NONE', 'WORKASPACE' ) );
#1346 = CIRCLE ( 'NONE', #587, 0.03000000000000002318 ) ;
#1347 = DIRECTION ( 'NONE',  ( 1.000000000000000000, 0.000000000000000000, 0.000000000000000000 ) ) ;
#1348 = VERTEX_POINT ( 'NONE', #546 ) ;
#1349 = CARTESIAN_POINT ( 'NONE',  ( 0.4500000000000000111, 0.4000000000000000222, 1.100000000000000089 ) ) ;
#1350 = VERTEX_POINT ( 'NONE', #900 ) ;
#1351 = EDGE_LOOP ( 'NONE', ( #516, #1237, #1480, #1171, #1027, #875, #793, #687, #109, #1220 ) ) ;
#1352 = LINE ( 'NONE', #950, #135 ) ;
#1353 =( LENGTH_UNIT ( ) NAMED_UNIT ( * ) SI_UNIT ( .MILLI., .METRE. ) );
#1354 = DIRECTION ( 'NONE',  ( 0.000000000000000000, 0.000000000000000000, 1.000000000000000000 ) ) ;
#1355 = EDGE_CURVE ( 'NONE', #30, #1711, #1179, .T. ) ;
#1356 =( NAMED_UNIT ( * ) SI_UNIT ( $, .STERADIAN. ) SOLID_ANGLE_UNIT ( ) );
#1357 = DIRECTION ( 'NONE',  ( 1.000000000000000000, 0.000000000000000000, 0.000000000000000000 ) ) ;
#1358 = ORIENTED_EDGE ( 'NONE', *, *, #631, .F. ) ;
#1359 = DIRECTION ( 'NONE',  ( 0.000000000000000000, -1.000000000000000000, 0.000000000000000000 ) ) ;
#1360 = UNCERTAINTY_MEASURE_WITH_UNIT (LENGTH_MEASURE( 1.000000000000000082E-05 ), #1081, 'distance_accuracy_value', 'NONE');
#1361 = ORIENTED_EDGE ( 'NONE', *, *, #975, .F. ) ;
#1362 = DIRECTION ( 'NONE',  ( 0.000000000000000000, 1.000000000000000000, 0.000000000000000000 ) ) ;
#1363 = DIRECTION ( 'NONE',  ( 1.000000000000000000, 0.000000000000000000, 0.000000000000000000 ) ) ;
#1364 = ORIENTED_EDGE ( 'NONE', *, *, #1233, .T. ) ;
#1365 = DIRECTION ( 'NONE',  ( 0.000000000000000000, 0.000000000000000000, -1.000000000000000000 ) ) ;
#1366 = CIRCLE ( 'NONE', #575, 0.03000000000000000236 ) ;
#1367 = EDGE_CURVE ( 'NONE', #1163, #1016, #403, .T. ) ;
#1368 = EDGE_CURVE ( 'NONE', #1666, #1078, #527, .T. ) ;
#1369 = VECTOR ( 'NONE', #1117, 1000.000000000000000 ) ;
#1370 = ORIENTED_EDGE ( 'NONE', *, *, #338, .T. ) ;
#1371 = CARTESIAN_POINT ( 'NONE',  ( 0.7699999999999999067, 0.4000000000000000222, 0.03000000000000000236 ) ) ;
#1372 = DIRECTION ( 'NONE',  ( 0.000000000000000000, -1.000000000000000000, 0.000000000000000000 ) ) ;
#1373 = PRESENTATION_LAYER_ASSIGNMENT (  '', '', ( #26 ) ) ;
#1374 = VECTOR ( 'NONE', #1102, 1000.000000000000000 ) ;
#1375 = VECTOR ( 'NONE', #1250, 1000.000000000000000 ) ;
#1376 =( GEOMETRIC_REPRESENTATION_CONTEXT ( 3 ) GLOBAL_UNCERTAINTY_ASSIGNED_CONTEXT ( ( #556 ) ) GLOBAL_UNIT_ASSIGNED_CONTEXT ( ( #1056, #886, #919 ) ) REPRESENTATION_CONTEXT ( 'NONE', 'WORKASPACE' ) );
#1377 = ORIENTED_EDGE ( 'NONE', *, *, #35, .T. ) ;
#1378 = DIRECTION ( 'NONE',  ( 0.000000000000000000, 0.000000000000000000, 1.000000000000000000 ) ) ;
#1379 = EDGE_LOOP ( 'NONE', ( #1723, #473, #1453, #547 ) ) ;
#1380 = LINE ( 'NONE', #1222, #1499 ) ;
#1381 = CARTESIAN_POINT ( 'NONE',  ( -0.4500000000000000111, -0.4000000000000000222, 1.100000000000000089 ) ) ;
#1382 = EDGE_LOOP ( 'NONE', ( #363, #591, #1483, #16 ) ) ;
#1383 = CARTESIAN_POINT ( 'NONE',  ( -0.7249999999999999778, -0.2999999999999999889, 0.5000000000000000000 ) ) ;
#1384 = VERTEX_POINT ( 'NONE', #1048 ) ;
#1385 = SURFACE_STYLE_USAGE ( .BOTH. , #563 ) ;
#1386 =( NAMED_UNIT ( * ) PLANE_ANGLE_UNIT ( ) SI_UNIT ( $, .RADIAN. ) );
#1387 = FILL_AREA_STYLE ('',( #1400 ) ) ;
#1388 = DIRECTION ( 'NONE',  ( -1.000000000000000000, 0.000000000000000000, 0.000000000000000000 ) ) ;
#1389 = EDGE_CURVE ( 'NONE', #342, #1637, #536, .T. ) ;
#1390 = EDGE_CURVE ( 'NONE', #190, #342, #1085, .T. ) ;
#1391 = EDGE_CURVE ( 'NONE', #360, #1324, #1035, .T. ) ;
#1392 = FILL_AREA_STYLE_COLOUR ( '', #1103 ) ;
#1393 = EDGE_LOOP ( 'NONE', ( #755, #64, #44, #895 ) ) ;
#1394 = UNCERTAINTY_MEASURE_WITH_UNIT (LENGTH_MEASURE( 1.000000000000000082E-05 ), #605, 'distance_accuracy_value', 'NONE');
#1395 = AXIS2_PLACEMENT_3D ( 'NONE', #483, #364, #474 ) ;
#1396 = ORIENTED_EDGE ( 'NONE', *, *, #668, .F. ) ;
#1397 = CARTESIAN_POINT ( 'NONE',  ( -0.7475000000000000533, 0.2999999999999999889, 0.03000000000000000236 ) ) ;
#1398 = DIRECTION ( 'NONE',  ( 0.000000000000000000, 1.000000000000000000, 0.000000000000000000 ) ) ;
#1399 = VECTOR ( 'NONE', #1164, 1000.000000000000000 ) ;
#1400 = FILL_AREA_STYLE_COLOUR ( '', #1196 ) ;
#1401 =( GEOMETRIC_REPRESENTATION_CONTEXT ( 3 ) GLOBAL_UNCERTAINTY_ASSIGNED_CONTEXT ( ( #519 ) ) GLOBAL_UNIT_ASSIGNED_CONTEXT ( ( #1137, #840, #1663 ) ) REPRESENTATION_CONTEXT ( 'NONE', 'WORKASPACE' ) );
#1402 = VECTOR ( 'NONE', #1126, 1000.000000000000000 ) ;
#1403 = LINE ( 'NONE', #781, #1716 ) ;
#1404 = VECTOR ( 'NONE', #326, 1000.000000000000000 ) ;
#1405 = FACE_OUTER_BOUND ( 'NONE', #148, .T. ) ;
#1406 = PRESENTATION_LAYER_ASSIGNMENT (  '', '', ( #614 ) ) ;
#1407 = ORIENTED_EDGE ( 'NONE', *, *, #1314, .T. ) ;
#1408 = DIRECTION ( 'NONE',  ( 0.000000000000000000, 0.000000000000000000, -1.000000000000000000 ) ) ;
#1409 = CARTESIAN_POINT ( 'NONE',  ( -0.7249999999999999778, 0.4000000000000000222, 0.3750000000000000000 ) ) ;
#1410 = FILL_AREA_STYLE ('',( #688 ) ) ;
#1411 = CARTESIAN_POINT ( 'NONE',  ( -8.772411109409000623E-18, -0.4000000000000000222, 0.7750441282940000454 ) ) ;
#1412 = DIRECTION ( 'NONE',  ( 1.000000000000000000, 0.000000000000000000, 0.000000000000000000 ) ) ;
#1413 = EDGE_CURVE ( 'NONE', #846, #1271, #943, .T. ) ;
#1414 = ORIENTED_EDGE ( 'NONE', *, *, #1796, .T. ) ;
#1415 = FACE_OUTER_BOUND ( 'NONE', #577, .T. ) ;
#1416 = ORIENTED_EDGE ( 'NONE', *, *, #1626, .F. ) ;
#1417 = CARTESIAN_POINT ( 'NONE',  ( -0.5000000000000000000, -0.4000000000000000222, 0.4699999999999999734 ) ) ;
#1418 = SHAPE_DEFINITION_REPRESENTATION ( #1612, #1514 ) ;
#1419 = ORIENTED_EDGE ( 'NONE', *, *, #1626, .T. ) ;
#1420 =( NAMED_UNIT ( * ) PLANE_ANGLE_UNIT ( ) SI_UNIT ( $, .RADIAN. ) );
#1421 = ORIENTED_EDGE ( 'NONE', *, *, #1759, .T. ) ;
#1422 = CARTESIAN_POINT ( 'NONE',  ( -0.5000000000000000000, 0.4000000000000000222, 0.4699999999999999734 ) ) ;
#1423 = ADVANCED_FACE ( 'NONE', ( #250 ), #684, .F. ) ;
#1424 = EDGE_CURVE ( 'NONE', #129, #1123, #791, .T. ) ;
#1425 = STYLED_ITEM ( 'NONE', ( #1230 ), #225 ) ;
#1426 = DIRECTION ( 'NONE',  ( 0.000000000000000000, 0.000000000000000000, 1.000000000000000000 ) ) ;
#1427 = SURFACE_SIDE_STYLE ('',( #1558 ) ) ;
#1428 = DIRECTION ( 'NONE',  ( 1.000000000000000000, 0.000000000000000000, 0.000000000000000000 ) ) ;
#1429 = AXIS2_PLACEMENT_3D ( 'NONE', #139, #582, #991 ) ;
#1430 = CARTESIAN_POINT ( 'NONE',  ( -0.8000000000000000444, -0.4000000000000000222, 0.03000000000000000236 ) ) ;
#1431 = AXIS2_PLACEMENT_3D ( 'NONE', #521, #385, #937 ) ;
#1432 = ORIENTED_EDGE ( 'NONE', *, *, #419, .T. ) ;
#1433 = UNCERTAINTY_MEASURE_WITH_UNIT (LENGTH_MEASURE( 1.000000000000000082E-05 ), #229, 'distance_accuracy_value', 'NONE');
#1434 = LINE ( 'NONE', #1451, #756 ) ;
#1435 = ORIENTED_EDGE ( 'NONE', *, *, #534, .F. ) ;
#1436 = LINE ( 'NONE', #711, #1369 ) ;
#1437 = EDGE_CURVE ( 'NONE', #1732, #1212, #850, .T. ) ;
#1438 = SURFACE_STYLE_FILL_AREA ( #868 ) ;
#1439 = DIRECTION ( 'NONE',  ( 0.000000000000000000, 1.000000000000000000, 0.000000000000000000 ) ) ;
#1440 = DIRECTION ( 'NONE',  ( 0.000000000000000000, 1.000000000000000000, 0.000000000000000000 ) ) ;
#1441 = ORIENTED_EDGE ( 'NONE', *, *, #1309, .T. ) ;
#1442 = CARTESIAN_POINT ( 'NONE',  ( -0.5300000000000000266, -0.2999999999999999889, 0.5000000000000000000 ) ) ;
#1443 = ORIENTED_EDGE ( 'NONE', *, *, #570, .F. ) ;
#1444 = DIRECTION ( 'NONE',  ( 1.000000000000000000, 0.000000000000000000, 0.000000000000000000 ) ) ;
#1445 = PRESENTATION_STYLE_ASSIGNMENT (( #645 ) ) ;
#1446 = ADVANCED_FACE ( 'NONE', ( #1677 ), #1120, .F. ) ;
#1447 = EDGE_CURVE ( 'NONE', #1350, #1323, #1567, .T. ) ;
#1448 = DIRECTION ( 'NONE',  ( 0.000000000000000000, 1.000000000000000000, 0.000000000000000000 ) ) ;
#1449 = ORIENTED_EDGE ( 'NONE', *, *, #720, .T. ) ;
#1450 = EDGE_CURVE ( 'NONE', #1150, #1242, #25, .T. ) ;
#1451 = CARTESIAN_POINT ( 'NONE',  ( -0.4500000000000000111, -0.4000000000000000222, 1.100000000000000089 ) ) ;
#1452 = ORIENTED_EDGE ( 'NONE', *, *, #1743, .T. ) ;
#1453 = ORIENTED_EDGE ( 'NONE', *, *, #398, .F. ) ;
#1454 = CARTESIAN_POINT ( 'NONE',  ( 0.7249999999999999778, 0.2999999999999999889, 0.5000000000000000000 ) ) ;
#1455 = DIRECTION ( 'NONE',  ( 1.000000000000000000, 0.000000000000000000, 0.000000000000000000 ) ) ;
#1456 = COLOUR_RGB ( '',0.8941176470588234615, 0.8901960784313724950, 0.8117647058823529438 ) ;
#1457 = VECTOR ( 'NONE', #76, 1000.000000000000000 ) ;
#1458 = PRESENTATION_STYLE_ASSIGNMENT (( #1023 ) ) ;
#1459 = ORIENTED_EDGE ( 'NONE', *, *, #419, .F. ) ;
#1460 = VECTOR ( 'NONE', #1354, 1000.000000000000000 ) ;
#1461 = VECTOR ( 'NONE', #395, 1000.000000000000000 ) ;
#1462 = DIRECTION ( 'NONE',  ( 1.000000000000000000, 0.000000000000000000, 0.000000000000000000 ) ) ;
#1463 = VERTEX_POINT ( 'NONE', #438 ) ;
#1464 = EDGE_LOOP ( 'NONE', ( #1361, #1798, #1721, #737 ) ) ;
#1465 = LINE ( 'NONE', #205, #372 ) ;
#1466 =( LENGTH_UNIT ( ) NAMED_UNIT ( * ) SI_UNIT ( .MILLI., .METRE. ) );
#1467 = DIRECTION ( 'NONE',  ( 0.000000000000000000, 1.000000000000000000, 0.000000000000000000 ) ) ;
#1468 = CARTESIAN_POINT ( 'NONE',  ( 0.8000000000000000444, -0.4000000000000000222, 0.000000000000000000 ) ) ;
#1469 = ORIENTED_EDGE ( 'NONE', *, *, #186, .F. ) ;
#1470 = ADVANCED_FACE ( 'NONE', ( #142 ), #1139, .F. ) ;
#1471 = CARTESIAN_POINT ( 'NONE',  ( 0.5000000000000000000, -0.2999999999999999889, 0.03000000000000000236 ) ) ;
#1472 = ORIENTED_EDGE ( 'NONE', *, *, #1777, .F. ) ;
#1473 = DIRECTION ( 'NONE',  ( 0.000000000000000000, 0.000000000000000000, -1.000000000000000000 ) ) ;
#1474 = ORIENTED_EDGE ( 'NONE', *, *, #628, .F. ) ;
#1475 = CARTESIAN_POINT ( 'NONE',  ( -0.03749999999999999861, -0.2999999999999999889, 0.5000000000000000000 ) ) ;
#1476 = DIRECTION ( 'NONE',  ( 0.000000000000000000, 0.000000000000000000, -1.000000000000000000 ) ) ;
#1477 = ADVANCED_FACE ( 'NONE', ( #987 ), #1547, .F. ) ;
#1478 = LINE ( 'NONE', #1502, #788 ) ;
#1479 = DIRECTION ( 'NONE',  ( 0.000000000000000000, 0.000000000000000000, 1.000000000000000000 ) ) ;
#1480 = ORIENTED_EDGE ( 'NONE', *, *, #281, .T. ) ;
#1481 = FILL_AREA_STYLE_COLOUR ( '', #1073 ) ;
#1482 = VERTEX_POINT ( 'NONE', #593 ) ;
#1483 = ORIENTED_EDGE ( 'NONE', *, *, #903, .F. ) ;
#1484 = DIRECTION ( 'NONE',  ( 0.000000000000000000, 0.000000000000000000, 1.000000000000000000 ) ) ;
#1485 = CARTESIAN_POINT ( 'NONE',  ( 0.7249999999999999778, 0.4000000000000000222, 0.4699999999999999734 ) ) ;
#1486 = CARTESIAN_POINT ( 'NONE',  ( -0.7249999999999999778, -0.4000000000000000222, 0.3750000000000000000 ) ) ;
#1487 = VECTOR ( 'NONE', #1136, 1000.000000000000000 ) ;
#1488 = CARTESIAN_POINT ( 'NONE',  ( -0.02250000000000000264, -0.2999999999999999889, 0.4699999999999999734 ) ) ;
#1489 = CARTESIAN_POINT ( 'NONE',  ( 0.7249999999999999778, 0.2999999999999999889, 0.7500000000000000000 ) ) ;
#1490 = ORIENTED_EDGE ( 'NONE', *, *, #1498, .T. ) ;
#1491 = VECTOR ( 'NONE', #1473, 1000.000000000000000 ) ;
#1492 = CARTESIAN_POINT ( 'NONE',  ( 0.4500000000000000111, 0.4000000000000000222, 1.100000000000000089 ) ) ;
#1493 = MECHANICAL_DESIGN_GEOMETRIC_PRESENTATION_REPRESENTATION (  '', ( #26 ), #1717 ) ;
#1494 = PRESENTATION_LAYER_ASSIGNMENT (  '', '', ( #678 ) ) ;
#1495 = ORIENTED_EDGE ( 'NONE', *, *, #55, .T. ) ;
#1496 = LINE ( 'NONE', #749, #252 ) ;
#1497 = DIRECTION ( 'NONE',  ( -0.000000000000000000, 1.000000000000000000, 0.000000000000000000 ) ) ;
#1498 = EDGE_CURVE ( 'NONE', #1052, #405, #1719, .T. ) ;
#1499 = VECTOR ( 'NONE', #1363, 1000.000000000000000 ) ;
#1500 = MANIFOLD_SOLID_BREP ( 'LED_0603_1608Metric.step<1>', #463 ) ;
#1501 =( NAMED_UNIT ( * ) SI_UNIT ( $, .STERADIAN. ) SOLID_ANGLE_UNIT ( ) );
#1502 = CARTESIAN_POINT ( 'NONE',  ( -0.7249999999999999778, 0.05000000000000000278, 0.5000000000000000000 ) ) ;
#1503 = CARTESIAN_POINT ( 'NONE',  ( -0.8000000000000000444, 0.4000000000000000222, 0.000000000000000000 ) ) ;
#1504 = ORIENTED_EDGE ( 'NONE', *, *, #1311, .F. ) ;
#1505 = PRESENTATION_STYLE_ASSIGNMENT (( #209 ) ) ;
#1506 = EDGE_LOOP ( 'NONE', ( #1432, #97, #782, #502, #797, #962 ) ) ;
#1507 = PLANE ( 'NONE',  #808 ) ;
#1508 = DIRECTION ( 'NONE',  ( 0.000000000000000000, 1.000000000000000000, 0.000000000000000000 ) ) ;
#1509 = CARTESIAN_POINT ( 'NONE',  ( 0.7249999999999999778, 0.4000000000000000222, 0.3750000000000000000 ) ) ;
#1510 = ORIENTED_EDGE ( 'NONE', *, *, #329, .T. ) ;
#1511 = EDGE_CURVE ( 'NONE', #379, #531, #153, .T. ) ;
#1512 = EDGE_CURVE ( 'NONE', #844, #652, #1715, .T. ) ;
#1513 = CARTESIAN_POINT ( 'NONE',  ( 0.2771281292109999961, 0.3200000000000000067, 0.03000000000000000236 ) ) ;
#1514 = ADVANCED_BREP_SHAPE_REPRESENTATION ( 'LED_0603_1608Metric_RED', ( #1500, #1692 ), #1376 ) ;
#1515 = ORIENTED_EDGE ( 'NONE', *, *, #1759, .F. ) ;
#1516 = DIRECTION ( 'NONE',  ( 1.000000000000000000, 0.000000000000000000, 0.000000000000000000 ) ) ;
#1517 = DIRECTION ( 'NONE',  ( 1.000000000000000000, 0.000000000000000000, 0.000000000000000000 ) ) ;
#1518 = CARTESIAN_POINT ( 'NONE',  ( -0.7249999999999999778, -0.4000000000000000222, 0.03000000000000000236 ) ) ;
#1519 = DIRECTION ( 'NONE',  ( 1.000000000000000000, 0.000000000000000000, 0.000000000000000000 ) ) ;
#1520 = ORIENTED_EDGE ( 'NONE', *, *, #1355, .F. ) ;
#1521 = CARTESIAN_POINT ( 'NONE',  ( 0.5000000000000000000, 0.4000000000000000222, 0.000000000000000000 ) ) ;
#1522 = VECTOR ( 'NONE', #6, 1000.000000000000000 ) ;
#1523 = LINE ( 'NONE', #1554, #375 ) ;
#1524 = ORIENTED_EDGE ( 'NONE', *, *, #765, .T. ) ;
#1525 =( NAMED_UNIT ( * ) PLANE_ANGLE_UNIT ( ) SI_UNIT ( $, .RADIAN. ) );
#1526 = VECTOR ( 'NONE', #1051, 1000.000000000000000 ) ;
#1527 = STYLED_ITEM ( 'NONE', ( #1214 ), #1602 ) ;
#1528 = ORIENTED_EDGE ( 'NONE', *, *, #1688, .F. ) ;
#1529 = ORIENTED_EDGE ( 'NONE', *, *, #534, .T. ) ;
#1530 = CARTESIAN_POINT ( 'NONE',  ( 0.7249999999999999778, -0.2999999999999999889, 0.5000000000000000000 ) ) ;
#1531 = CARTESIAN_POINT ( 'NONE',  ( -0.7699999999999999067, -0.4000000000000000222, 0.03000000000000000236 ) ) ;
#1532 = ADVANCED_FACE ( 'NONE', ( #506 ), #357, .F. ) ;
#1533 = CARTESIAN_POINT ( 'NONE',  ( -0.7249999999999999778, -0.3499999999999999778, 0.5000000000000000000 ) ) ;
#1534 = DIRECTION ( 'NONE',  ( 1.000000000000000000, 0.000000000000000000, 0.000000000000000000 ) ) ;
#1535 = ORIENTED_EDGE ( 'NONE', *, *, #457, .F. ) ;
#1536 = DIRECTION ( 'NONE',  ( 0.000000000000000000, -1.000000000000000000, 0.000000000000000000 ) ) ;
#1537 = FACE_OUTER_BOUND ( 'NONE', #392, .T. ) ;
#1538 = SURFACE_STYLE_USAGE ( .BOTH. , #965 ) ;
#1539 = DIRECTION ( 'NONE',  ( 0.000000000000000000, 1.000000000000000000, 0.000000000000000000 ) ) ;
#1540 = UNCERTAINTY_MEASURE_WITH_UNIT (LENGTH_MEASURE( 1.000000000000000082E-05 ), #184, 'distance_accuracy_value', 'NONE');
#1541 = AXIS2_PLACEMENT_3D ( 'NONE', #384, #1246, #1110 ) ;
#1542 = VERTEX_POINT ( 'NONE', #1152 ) ;
#1543 = CARTESIAN_POINT ( 'NONE',  ( -0.8000000000000000444, 0.4000000000000000222, 0.000000000000000000 ) ) ;
#1544 = VECTOR ( 'NONE', #1479, 1000.000000000000000 ) ;
#1545 = CARTESIAN_POINT ( 'NONE',  ( 0.7249999999999999778, -0.05000000000000000278, 0.03000000000000000236 ) ) ;
#1546 = CARTESIAN_POINT ( 'NONE',  ( -0.7699999999999999067, -0.4000000000000000222, 0.03000000000000000236 ) ) ;
#1547 = PLANE ( 'NONE',  #956 ) ;
#1548 = VECTOR ( 'NONE', #874, 1000.000000000000000 ) ;
#1549 =( NAMED_UNIT ( * ) SI_UNIT ( $, .STERADIAN. ) SOLID_ANGLE_UNIT ( ) );
#1550 = ADVANCED_FACE ( 'NONE', ( #1615 ), #759, .T. ) ;
#1551 = VECTOR ( 'NONE', #674, 1000.000000000000000 ) ;
#1552 = STYLED_ITEM ( 'NONE', ( #132 ), #1500 ) ;
#1553 = CARTESIAN_POINT ( 'NONE',  ( 0.000000000000000000, 0.000000000000000000, 0.000000000000000000 ) ) ;
#1554 = CARTESIAN_POINT ( 'NONE',  ( 0.2771281292109999961, -0.3200000000000000067, 0.01500000000000000118 ) ) ;
#1555 = ORIENTED_EDGE ( 'NONE', *, *, #1690, .T. ) ;
#1556 = LINE ( 'NONE', #970, #833 ) ;
#1557 = LINE ( 'NONE', #722, #287 ) ;
#1558 = SURFACE_STYLE_FILL_AREA ( #573 ) ;
#1559 = FILL_AREA_STYLE ('',( #695 ) ) ;
#1560 = EDGE_CURVE ( 'NONE', #916, #1050, #492, .T. ) ;
#1561 = EDGE_CURVE ( 'NONE', #1701, #1242, #141, .T. ) ;
#1562 = CARTESIAN_POINT ( 'NONE',  ( -0.7699999999999999067, 0.4000000000000000222, 0.4699999999999999734 ) ) ;
#1563 = ORIENTED_EDGE ( 'NONE', *, *, #1119, .T. ) ;
#1564 = LINE ( 'NONE', #847, #432 ) ;
#1565 = PLANE ( 'NONE',  #1809 ) ;
#1566 = SURFACE_STYLE_USAGE ( .BOTH. , #1427 ) ;
#1567 = LINE ( 'NONE', #831, #263 ) ;
#1568 = DIRECTION ( 'NONE',  ( 0.000000000000000000, 0.000000000000000000, 1.000000000000000000 ) ) ;
#1569 = ORIENTED_EDGE ( 'NONE', *, *, #1367, .T. ) ;
#1570 = EDGE_CURVE ( 'NONE', #1701, #1037, #59, .T. ) ;
#1571 = ORIENTED_EDGE ( 'NONE', *, *, #1309, .F. ) ;
#1572 = CARTESIAN_POINT ( 'NONE',  ( 0.7249999999999999778, 0.4000000000000000222, 0.5000000000000000000 ) ) ;
#1573 = AXIS2_PLACEMENT_3D ( 'NONE', #713, #993, #1268 ) ;
#1574 = CARTESIAN_POINT ( 'NONE',  ( 0.5000000000000000000, -0.4000000000000000222, 0.4699999999999999734 ) ) ;
#1575 = DIRECTION ( 'NONE',  ( 1.000000000000000000, 0.000000000000000000, 0.000000000000000000 ) ) ;
#1576 =( GEOMETRIC_REPRESENTATION_CONTEXT ( 3 ) GLOBAL_UNCERTAINTY_ASSIGNED_CONTEXT ( ( #1114 ) ) GLOBAL_UNIT_ASSIGNED_CONTEXT ( ( #1036, #657, #1549 ) ) REPRESENTATION_CONTEXT ( 'NONE', 'WORKASPACE' ) );
#1577 = DIRECTION ( 'NONE',  ( 0.000000000000000000, 1.000000000000000000, 0.000000000000000000 ) ) ;
#1578 = STYLED_ITEM ( 'NONE', ( #1505 ), #1175 ) ;
#1579 = VECTOR ( 'NONE', #1476, 1000.000000000000000 ) ;
#1580 = DIRECTION ( 'NONE',  ( 0.000000000000000000, 1.000000000000000000, 0.000000000000000000 ) ) ;
#1581 =( NAMED_UNIT ( * ) SI_UNIT ( $, .STERADIAN. ) SOLID_ANGLE_UNIT ( ) );
#1582 = EDGE_LOOP ( 'NONE', ( #705, #389, #1587, #332 ) ) ;
#1583 = EDGE_CURVE ( 'NONE', #538, #1542, #1584, .T. ) ;
#1584 = LINE ( 'NONE', #1029, #1045 ) ;
#1585 = ADVANCED_FACE ( 'NONE', ( #1305 ), #1734, .T. ) ;
#1586 = CARTESIAN_POINT ( 'NONE',  ( -0.2771281292109999961, 0.000000000000000000, 0.03000000000000000236 ) ) ;
#1587 = ORIENTED_EDGE ( 'NONE', *, *, #146, .T. ) ;
#1588 =( NAMED_UNIT ( * ) SI_UNIT ( $, .STERADIAN. ) SOLID_ANGLE_UNIT ( ) );
#1589 = ORIENTED_EDGE ( 'NONE', *, *, #1561, .F. ) ;
#1590 = EDGE_LOOP ( 'NONE', ( #327, #299, #1627, #1682 ) ) ;
#1591 = DIRECTION ( 'NONE',  ( 1.000000000000000000, 0.000000000000000000, 0.000000000000000000 ) ) ;
#1592 = DIRECTION ( 'NONE',  ( 1.000000000000000000, 0.000000000000000000, 0.000000000000000000 ) ) ;
#1593 = PLANE ( 'NONE',  #404 ) ;
#1594 = VERTEX_POINT ( 'NONE', #770 ) ;
#1595 = FACE_OUTER_BOUND ( 'NONE', #1506, .T. ) ;
#1596 = ORIENTED_EDGE ( 'NONE', *, *, #1772, .F. ) ;
#1597 = ORIENTED_EDGE ( 'NONE', *, *, #1743, .F. ) ;
#1598 = DIRECTION ( 'NONE',  ( 1.000000000000000000, 0.000000000000000000, 0.000000000000000000 ) ) ;
#1599 =( NAMED_UNIT ( * ) PLANE_ANGLE_UNIT ( ) SI_UNIT ( $, .RADIAN. ) );
#1600 = DIRECTION ( 'NONE',  ( 0.000000000000000000, 0.000000000000000000, 1.000000000000000000 ) ) ;
#1601 = PRESENTATION_LAYER_ASSIGNMENT (  '', '', ( #1425 ) ) ;
#1602 = ADVANCED_FACE ( 'NONE', ( #72 ), #630, .T. ) ;
#1603 = AXIS2_PLACEMENT_3D ( 'NONE', #1730, #328, #481 ) ;
#1604 = PRESENTATION_STYLE_ASSIGNMENT (( #1760 ) ) ;
#1605 = LINE ( 'NONE', #179, #1279 ) ;
#1606 = ORIENTED_EDGE ( 'NONE', *, *, #1204, .T. ) ;
#1607 = AXIS2_PLACEMENT_3D ( 'NONE', #485, #1034, #1631 ) ;
#1608 = VECTOR ( 'NONE', #1218, 1000.000000000000000 ) ;
#1609 = LINE ( 'NONE', #1783, #1526 ) ;
#1610 = ORIENTED_EDGE ( 'NONE', *, *, #55, .F. ) ;
#1611 = EDGE_CURVE ( 'NONE', #844, #1594, #928, .T. ) ;
#1612 = PRODUCT_DEFINITION_SHAPE ( 'NONE', 'NONE',  #642 ) ;
#1613 = AXIS2_PLACEMENT_3D ( 'NONE', #1344, #683, #1629 ) ;
#1614 = DIRECTION ( 'NONE',  ( 0.000000000000000000, -1.000000000000000000, 0.000000000000000000 ) ) ;
#1615 = FACE_OUTER_BOUND ( 'NONE', #1053, .T. ) ;
#1616 = CARTESIAN_POINT ( 'NONE',  ( 0.2771281292109999961, 0.3200000000000000067, 0.01500000000000000118 ) ) ;
#1617 = EDGE_LOOP ( 'NONE', ( #957, #718, #1646, #218, #998, #1753, #818, #512 ) ) ;
#1618 = CARTESIAN_POINT ( 'NONE',  ( -0.7249999999999999778, 0.5000000000000000000, 0.7500000000000000000 ) ) ;
#1619 = EDGE_LOOP ( 'NONE', ( #608, #837, #635, #1654, #806, #1495, #881, #1229, #748, #1407 ) ) ;
#1620 = ORIENTED_EDGE ( 'NONE', *, *, #73, .F. ) ;
#1621 = CARTESIAN_POINT ( 'NONE',  ( 0.2771281292109999961, -0.3200000000000000067, 0.01500000000000000118 ) ) ;
#1622 = FACE_OUTER_BOUND ( 'NONE', #333, .T. ) ;
#1623 = DIRECTION ( 'NONE',  ( -1.000000000000000000, 0.000000000000000000, 0.000000000000000000 ) ) ;
#1624 = ORIENTED_EDGE ( 'NONE', *, *, #1031, .T. ) ;
#1625 = DIRECTION ( 'NONE',  ( -1.000000000000000000, 0.000000000000000000, 0.000000000000000000 ) ) ;
#1626 = EDGE_CURVE ( 'NONE', #1752, #410, #898, .T. ) ;
#1627 = ORIENTED_EDGE ( 'NONE', *, *, #799, .T. ) ;
#1628 = PLANE ( 'NONE',  #1097 ) ;
#1629 = DIRECTION ( 'NONE',  ( 0.000000000000000000, 0.000000000000000000, 1.000000000000000000 ) ) ;
#1630 = AXIS2_PLACEMENT_3D ( 'NONE', #1673, #277, #21 ) ;
#1631 = DIRECTION ( 'NONE',  ( 1.000000000000000000, 0.000000000000000000, 0.000000000000000000 ) ) ;
#1632 = CARTESIAN_POINT ( 'NONE',  ( -0.7249999999999999778, 0.4000000000000000222, 0.03000000000000000236 ) ) ;
#1633 = EDGE_LOOP ( 'NONE', ( #1307, #665, #1791, #624 ) ) ;
#1634 = DIRECTION ( 'NONE',  ( 0.000000000000000000, 0.000000000000000000, -1.000000000000000000 ) ) ;
#1635 = AXIS2_PLACEMENT_3D ( 'NONE', #989, #18, #43 ) ;
#1636 = VECTOR ( 'NONE', #351, 1000.000000000000000 ) ;
#1637 = VERTEX_POINT ( 'NONE', #1485 ) ;
#1638 = FILL_AREA_STYLE_COLOUR ( '', #522 ) ;
#1639 =( NAMED_UNIT ( * ) SI_UNIT ( $, .STERADIAN. ) SOLID_ANGLE_UNIT ( ) );
#1640 = EDGE_CURVE ( 'NONE', #8, #30, #1238, .T. ) ;
#1641 = ADVANCED_FACE ( 'NONE', ( #96 ), #661, .F. ) ;
#1642 = LINE ( 'NONE', #662, #1008 ) ;
#1643 = DIRECTION ( 'NONE',  ( -0.000000000000000000, 1.000000000000000000, 0.000000000000000000 ) ) ;
#1644 = ORIENTED_EDGE ( 'NONE', *, *, #99, .T. ) ;
#1645 = CARTESIAN_POINT ( 'NONE',  ( -0.8000000000000000444, 0.4000000000000000222, 0.03000000000000000236 ) ) ;
#1646 = ORIENTED_EDGE ( 'NONE', *, *, #933, .T. ) ;
#1647 = LINE ( 'NONE', #393, #1655 ) ;
#1648 = CARTESIAN_POINT ( 'NONE',  ( 0.7249999999999999778, -0.4000000000000000222, 0.000000000000000000 ) ) ;
#1649 = CARTESIAN_POINT ( 'NONE',  ( 0.7249999999999999778, -0.05000000000000000278, 0.5000000000000000000 ) ) ;
#1650 =( NAMED_UNIT ( * ) SI_UNIT ( $, .STERADIAN. ) SOLID_ANGLE_UNIT ( ) );
#1651 = ORIENTED_EDGE ( 'NONE', *, *, #765, .F. ) ;
#1652 = CARTESIAN_POINT ( 'NONE',  ( -0.7699999999999999067, -0.4000000000000000222, 0.03000000000000000236 ) ) ;
#1653 = CARTESIAN_POINT ( 'NONE',  ( -0.5000000000000000000, 0.2999999999999999889, 0.03000000000000000236 ) ) ;
#1654 = ORIENTED_EDGE ( 'NONE', *, *, #98, .F. ) ;
#1655 = VECTOR ( 'NONE', #1516, 1000.000000000000000 ) ;
#1656 = CARTESIAN_POINT ( 'NONE',  ( 0.2771281292109999961, -0.3200000000000000067, 0.01500000000000000118 ) ) ;
#1657 = VECTOR ( 'NONE', #1580, 1000.000000000000000 ) ;
#1658 = STYLED_ITEM ( 'NONE', ( #738 ), #1032 ) ;
#1659 = ORIENTED_EDGE ( 'NONE', *, *, #1512, .F. ) ;
#1660 = ADVANCED_FACE ( 'NONE', ( #1788 ), #951, .T. ) ;
#1661 = FACE_OUTER_BOUND ( 'NONE', #685, .T. ) ;
#1662 = VECTOR ( 'NONE', #75, 1000.000000000000000 ) ;
#1663 =( NAMED_UNIT ( * ) SI_UNIT ( $, .STERADIAN. ) SOLID_ANGLE_UNIT ( ) );
#1664 = FILL_AREA_STYLE ('',( #1392 ) ) ;
#1665 = APPLICATION_CONTEXT ( 'automotive_design' ) ;
#1666 = VERTEX_POINT ( 'NONE', #1653 ) ;
#1667 = CARTESIAN_POINT ( 'NONE',  ( -0.7249999999999999778, -0.4000000000000000222, 0.4699999999999999734 ) ) ;
#1668 = SURFACE_SIDE_STYLE ('',( #724 ) ) ;
#1669 = CARTESIAN_POINT ( 'NONE',  ( -0.8000000000000000444, -0.4000000000000000222, 0.000000000000000000 ) ) ;
#1670 = DIRECTION ( 'NONE',  ( 1.000000000000000000, 0.000000000000000000, 0.000000000000000000 ) ) ;
#1671 = ORIENTED_EDGE ( 'NONE', *, *, #283, .F. ) ;
#1672 = EDGE_CURVE ( 'NONE', #1786, #1078, #1767, .T. ) ;
#1673 = CARTESIAN_POINT ( 'NONE',  ( 0.5300000000000000266, -0.2999999999999999889, 0.03000000000000000236 ) ) ;
#1674 = SURFACE_STYLE_FILL_AREA ( #823 ) ;
#1675 = SURFACE_STYLE_FILL_AREA ( #1410 ) ;
#1676 = PLANE ( 'NONE',  #1573 ) ;
#1677 = FACE_OUTER_BOUND ( 'NONE', #581, .T. ) ;
#1678 = FACE_OUTER_BOUND ( 'NONE', #935, .T. ) ;
#1679 = CARTESIAN_POINT ( 'NONE',  ( 0.8000000000000000444, 0.4000000000000000222, 0.4699999999999999734 ) ) ;
#1680 = DIRECTION ( 'NONE',  ( -1.000000000000000000, 0.000000000000000000, 0.000000000000000000 ) ) ;
#1681 = VECTOR ( 'NONE', #1294, 1000.000000000000000 ) ;
#1682 = ORIENTED_EDGE ( 'NONE', *, *, #171, .T. ) ;
#1683 = DIRECTION ( 'NONE',  ( -1.000000000000000000, 0.000000000000000000, 0.000000000000000000 ) ) ;
#1684 = AXIS2_PLACEMENT_3D ( 'NONE', #1503, #1643, #378 ) ;
#1685 = DIRECTION ( 'NONE',  ( 0.000000000000000000, 0.000000000000000000, 1.000000000000000000 ) ) ;
#1686 = VECTOR ( 'NONE', #278, 1000.000000000000000 ) ;
#1687 = DIRECTION ( 'NONE',  ( 0.000000000000000000, 1.000000000000000000, 0.000000000000000000 ) ) ;
#1688 = EDGE_CURVE ( 'NONE', #1755, #122, #402, .T. ) ;
#1689 = AXIS2_PLACEMENT_3D ( 'NONE', #766, #66, #489 ) ;
#1690 = EDGE_CURVE ( 'NONE', #1150, #480, #795, .T. ) ;
#1691 = AXIS2_PLACEMENT_3D ( 'NONE', #1090, #1207, #1055 ) ;
#1692 = AXIS2_PLACEMENT_3D ( 'NONE', #1553, #446, #1281 ) ;
#1693 = ORIENTED_EDGE ( 'NONE', *, *, #789, .F. ) ;
#1694 =( LENGTH_UNIT ( ) NAMED_UNIT ( * ) SI_UNIT ( .MILLI., .METRE. ) );
#1695 = ORIENTED_EDGE ( 'NONE', *, *, #1019, .F. ) ;
#1696 = CARTESIAN_POINT ( 'NONE',  ( -0.7249999999999999778, 0.2999999999999999889, 0.03000000000000000236 ) ) ;
#1697 = PRESENTATION_STYLE_ASSIGNMENT (( #1262 ) ) ;
#1698 = CARTESIAN_POINT ( 'NONE',  ( -0.5000000000000000000, -0.4000000000000000222, 0.4699999999999999734 ) ) ;
#1699 =( LENGTH_UNIT ( ) NAMED_UNIT ( * ) SI_UNIT ( .MILLI., .METRE. ) );
#1700 = CARTESIAN_POINT ( 'NONE',  ( 0.5000000000000000000, 0.2999999999999999889, 0.03000000000000000236 ) ) ;
#1701 = VERTEX_POINT ( 'NONE', #804 ) ;
#1702 = CARTESIAN_POINT ( 'NONE',  ( -0.5000000000000000000, 0.4000000000000000222, 0.4699999999999999734 ) ) ;
#1703 = ORIENTED_EDGE ( 'NONE', *, *, #1391, .T. ) ;
#1704 = DIRECTION ( 'NONE',  ( 1.000000000000000000, 0.000000000000000000, 0.000000000000000000 ) ) ;
#1705 = PRESENTATION_STYLE_ASSIGNMENT (( #1566 ) ) ;
#1706 = DIRECTION ( 'NONE',  ( 0.000000000000000000, -1.000000000000000000, 0.000000000000000000 ) ) ;
#1707 = DIRECTION ( 'NONE',  ( 1.000000000000000000, 0.000000000000000000, 0.000000000000000000 ) ) ;
#1708 = EDGE_CURVE ( 'NONE', #531, #1078, #1380, .T. ) ;
#1709 = PLANE ( 'NONE',  #584 ) ;
#1710 = EDGE_CURVE ( 'NONE', #198, #775, #533, .T. ) ;
#1711 = VERTEX_POINT ( 'NONE', #1648 ) ;
#1712 = LINE ( 'NONE', #1417, #1778 ) ;
#1713 = EDGE_CURVE ( 'NONE', #1594, #677, #262, .T. ) ;
#1714 = CARTESIAN_POINT ( 'NONE',  ( -0.4500000000000000111, 0.4000000000000000222, 1.100000000000000089 ) ) ;
#1715 = LINE ( 'NONE', #336, #1789 ) ;
#1716 = VECTOR ( 'NONE', #1412, 1000.000000000000000 ) ;
#1717 =( GEOMETRIC_REPRESENTATION_CONTEXT ( 3 ) GLOBAL_UNCERTAINTY_ASSIGNED_CONTEXT ( ( #391 ) ) GLOBAL_UNIT_ASSIGNED_CONTEXT ( ( #420, #1386, #427 ) ) REPRESENTATION_CONTEXT ( 'NONE', 'WORKASPACE' ) );
#1718 = VECTOR ( 'NONE', #590, 1000.000000000000000 ) ;
#1719 = CIRCLE ( 'NONE', #1313, 0.02999999999999997113 ) ;
#1720 = DIRECTION ( 'NONE',  ( 0.000000000000000000, -1.000000000000000000, 0.000000000000000000 ) ) ;
#1721 = ORIENTED_EDGE ( 'NONE', *, *, #224, .F. ) ;
#1722 = DIRECTION ( 'NONE',  ( 1.000000000000000000, 0.000000000000000000, 0.000000000000000000 ) ) ;
#1723 = ORIENTED_EDGE ( 'NONE', *, *, #1772, .T. ) ;
#1724 = ORIENTED_EDGE ( 'NONE', *, *, #258, .F. ) ;
#1725 = DIRECTION ( 'NONE',  ( 0.000000000000000000, 1.000000000000000000, 0.000000000000000000 ) ) ;
#1726 = CARTESIAN_POINT ( 'NONE',  ( -0.02250000000000000264, -0.2999999999999999889, 0.4699999999999999734 ) ) ;
#1727 = ORIENTED_EDGE ( 'NONE', *, *, #1710, .T. ) ;
#1728 = PLANE ( 'NONE',  #84 ) ;
#1729 = ORIENTED_EDGE ( 'NONE', *, *, #256, .F. ) ;
#1730 = CARTESIAN_POINT ( 'NONE',  ( 0.7249999999999999778, -0.2999999999999999889, 0.7500000000000000000 ) ) ;
#1731 = EDGE_CURVE ( 'NONE', #1542, #1752, #118, .T. ) ;
#1732 = VERTEX_POINT ( 'NONE', #817 ) ;
#1733 = LINE ( 'NONE', #1206, #697 ) ;
#1734 = PLANE ( 'NONE',  #981 ) ;
#1735 = DIRECTION ( 'NONE',  ( 0.07911630099814660755, 0.000000000000000000, 0.9968653925763349966 ) ) ;
#1736 = ORIENTED_EDGE ( 'NONE', *, *, #801, .F. ) ;
#1737 = FACE_OUTER_BOUND ( 'NONE', #260, .T. ) ;
#1738 = ORIENTED_EDGE ( 'NONE', *, *, #1570, .F. ) ;
#1739 = CARTESIAN_POINT ( 'NONE',  ( -0.8000000000000000444, -0.4000000000000000222, 0.03000000000000000236 ) ) ;
#1740 = CARTESIAN_POINT ( 'NONE',  ( -0.7699999999999999067, -0.4000000000000000222, 0.4699999999999999734 ) ) ;
#1741 = AXIS2_PLACEMENT_3D ( 'NONE', #1546, #849, #564 ) ;
#1742 = AXIS2_PLACEMENT_3D ( 'NONE', #1531, #825, #1388 ) ;
#1743 = EDGE_CURVE ( 'NONE', #538, #1482, #126, .T. ) ;
#1744 = ADVANCED_FACE ( 'NONE', ( #140 ), #270, .T. ) ;
#1745 = COLOUR_RGB ( '',0.8941176470588234615, 0.8901960784313724950, 0.8117647058823529438 ) ;
#1746 = SURFACE_STYLE_FILL_AREA ( #920 ) ;
#1747 = DIRECTION ( 'NONE',  ( -1.000000000000000000, 0.000000000000000000, 0.000000000000000000 ) ) ;
#1748 = ORIENTED_EDGE ( 'NONE', *, *, #398, .T. ) ;
#1749 = VECTOR ( 'NONE', #373, 1000.000000000000000 ) ;
#1750 = PRESENTATION_LAYER_ASSIGNMENT (  '', '', ( #980 ) ) ;
#1751 = DIRECTION ( 'NONE',  ( 0.9968653925763351076, 0.000000000000000000, 0.07911630099814662143 ) ) ;
#1752 = VERTEX_POINT ( 'NONE', #1679 ) ;
#1753 = ORIENTED_EDGE ( 'NONE', *, *, #1773, .T. ) ;
#1754 = VECTOR ( 'NONE', #365, 1000.000000000000000 ) ;
#1755 = VERTEX_POINT ( 'NONE', #452 ) ;
#1756 = CARTESIAN_POINT ( 'NONE',  ( 0.5000000000000000000, -0.4000000000000000222, 0.5000000000000000000 ) ) ;
#1757 = CARTESIAN_POINT ( 'NONE',  ( -0.7249999999999999778, 0.2999999999999999889, 0.7500000000000000000 ) ) ;
#1758 = CARTESIAN_POINT ( 'NONE',  ( -0.7249999999999999778, -0.2999999999999999889, 0.03000000000000000236 ) ) ;
#1759 = EDGE_CURVE ( 'NONE', #1350, #1098, #423, .T. ) ;
#1760 = SURFACE_STYLE_USAGE ( .BOTH. , #85 ) ;
#1761 = CARTESIAN_POINT ( 'NONE',  ( -0.7699999999999999067, 0.4000000000000000222, 0.03000000000000000236 ) ) ;
#1762 = ORIENTED_EDGE ( 'NONE', *, *, #518, .T. ) ;
#1763 = DIRECTION ( 'NONE',  ( 0.000000000000000000, -1.000000000000000000, 0.000000000000000000 ) ) ;
#1764 = ORIENTED_EDGE ( 'NONE', *, *, #1611, .F. ) ;
#1765 = DIRECTION ( 'NONE',  ( 1.000000000000000000, 0.000000000000000000, 0.000000000000000000 ) ) ;
#1766 = PLANE ( 'NONE',  #1129 ) ;
#1767 = LINE ( 'NONE', #941, #408 ) ;
#1768 = FILL_AREA_STYLE ('',( #216 ) ) ;
#1769 = CARTESIAN_POINT ( 'NONE',  ( 0.7699999999999999067, -0.4000000000000000222, 0.4699999999999999734 ) ) ;
#1770 = ORIENTED_EDGE ( 'NONE', *, *, #73, .T. ) ;
#1771 = DIRECTION ( 'NONE',  ( 1.000000000000000000, 0.000000000000000000, 0.000000000000000000 ) ) ;
#1772 = EDGE_CURVE ( 'NONE', #129, #1157, #430, .T. ) ;
#1773 = EDGE_CURVE ( 'NONE', #1052, #1316, #735, .T. ) ;
#1774 = ORIENTED_EDGE ( 'NONE', *, *, #1450, .F. ) ;
#1775 = PRESENTATION_STYLE_ASSIGNMENT (( #544 ) ) ;
#1776 = DIRECTION ( 'NONE',  ( 1.000000000000000000, 0.000000000000000000, 0.000000000000000000 ) ) ;
#1777 = EDGE_CURVE ( 'NONE', #138, #1193, #1346, .T. ) ;
#1778 = VECTOR ( 'NONE', #461, 1000.000000000000000 ) ;
#1779 = CARTESIAN_POINT ( 'NONE',  ( -0.7249999999999999778, -0.4000000000000000222, 0.3750000000000000000 ) ) ;
#1780 = DIRECTION ( 'NONE',  ( 0.000000000000000000, 1.000000000000000000, 0.000000000000000000 ) ) ;
#1781 = EDGE_LOOP ( 'NONE', ( #276, #1693, #1041, #1225 ) ) ;
#1782 = VECTOR ( 'NONE', #865, 1000.000000000000000 ) ;
#1783 = CARTESIAN_POINT ( 'NONE',  ( -0.7699999999999999067, 0.4000000000000000222, 0.03000000000000000236 ) ) ;
#1784 = VECTOR ( 'NONE', #12, 1000.000000000000000 ) ;
#1785 = AXIS2_PLACEMENT_3D ( 'NONE', #1618, #1625, #1189 ) ;
#1786 = VERTEX_POINT ( 'NONE', #282 ) ;
#1787 = SURFACE_STYLE_USAGE ( .BOTH. , #964 ) ;
#1788 = FACE_OUTER_BOUND ( 'NONE', #889, .T. ) ;
#1789 = VECTOR ( 'NONE', #1592, 1000.000000000000000 ) ;
#1790 = PRESENTATION_LAYER_ASSIGNMENT (  '', '', ( #704 ) ) ;
#1791 = ORIENTED_EDGE ( 'NONE', *, *, #171, .F. ) ;
#1792 = CARTESIAN_POINT ( 'NONE',  ( -0.8000000000000000444, -0.4000000000000000222, 0.000000000000000000 ) ) ;
#1793 = CARTESIAN_POINT ( 'NONE',  ( 0.5300000000000000266, -0.4000000000000000222, -3.469446951954000916E-18 ) ) ;
#1794 = ORIENTED_EDGE ( 'NONE', *, *, #1708, .T. ) ;
#1795 = CARTESIAN_POINT ( 'NONE',  ( -0.7249999999999999778, -0.2999999999999999889, 0.7500000000000000000 ) ) ;
#1796 = EDGE_CURVE ( 'NONE', #1339, #629, #500, .T. ) ;
#1797 = DIRECTION ( 'NONE',  ( 0.07911630099814660755, 0.000000000000000000, -0.9968653925763349966 ) ) ;
#1798 = ORIENTED_EDGE ( 'NONE', *, *, #558, .T. ) ;
#1799 = ADVANCED_FACE ( 'NONE', ( #1405 ), #967, .F. ) ;
#1800 = CARTESIAN_POINT ( 'NONE',  ( -0.7699999999999999067, 0.4000000000000000222, 0.5000000000000000000 ) ) ;
#1801 = UNCERTAINTY_MEASURE_WITH_UNIT (LENGTH_MEASURE( 1.000000000000000082E-05 ), #1146, 'distance_accuracy_value', 'NONE');
#1802 = ORIENTED_EDGE ( 'NONE', *, *, #329, .F. ) ;
#1803 = CARTESIAN_POINT ( 'NONE',  ( -0.7249999999999999778, 0.2999999999999999889, 0.5000000000000000000 ) ) ;
#1804 = CYLINDRICAL_SURFACE ( 'NONE', #836, 0.02999999999999997113 ) ;
#1805 = EDGE_LOOP ( 'NONE', ( #1736, #1563, #1331, #449 ) ) ;
#1806 = AXIS2_PLACEMENT_3D ( 'NONE', #786, #1062, #1343 ) ;
#1807 = LINE ( 'NONE', #1792, #231 ) ;
#1808 = CIRCLE ( 'NONE', #459, 0.02999999999999997113 ) ;
#1809 = AXIS2_PLACEMENT_3D ( 'NONE', #1267, #4, #159 ) ;
#1810 = CARTESIAN_POINT ( 'NONE',  ( -0.7699999999999999067, 0.4000000000000000222, 0.03000000000000000236 ) ) ;
#1811 = ORIENTED_EDGE ( 'NONE', *, *, #422, .T. ) ;
#1812 = VECTOR ( 'NONE', #1634, 1000.000000000000000 ) ;
#1813 = CARTESIAN_POINT ( 'NONE',  ( 0.7249999999999999778, 0.4000000000000000222, 0.03000000000000000236 ) ) ;
#1814 = DIRECTION ( 'NONE',  ( 0.000000000000000000, 1.000000000000000000, 0.000000000000000000 ) ) ;
#1815 = DIRECTION ( 'NONE',  ( 0.000000000000000000, 0.000000000000000000, -1.000000000000000000 ) ) ;
ENDSEC;
END-ISO-10303-21;
