ISO-10303-21;
HEADER;
FILE_DESCRIPTION (( 'STEP AP214' ),
    '1' );
FILE_NAME ('LED_0603_1608Metric_BLUE.STEP',
    '2025-09-09T16:44:21',
    ( '' ),
    ( '' ),
    'SwSTEP 2.0',
    'SolidWorks 2022',
    '' );
FILE_SCHEMA (( 'AUTOMOTIVE_DESIGN' ));
ENDSEC;

DATA;
#1 = AXIS2_PLACEMENT_3D ( 'NONE', #68, #1624, #1637 ) ;
#2 = CARTESIAN_POINT ( 'NONE',  ( 0.7699999999999999067, 0.4000000000000000222, 0.5000000000000000000 ) ) ;
#3 = AXIS2_PLACEMENT_3D ( 'NONE', #1257, #312, #37 ) ;
#4 = UNCERTAINTY_MEASURE_WITH_UNIT (LENGTH_MEASURE( 1.000000000000000082E-05 ), #918, 'distance_accuracy_value', 'NONE');
#5 = CARTESIAN_POINT ( 'NONE',  ( -0.7249999999999999778, -0.4000000000000000222, 0.3750000000000000000 ) ) ;
#6 = ORIENTED_EDGE ( 'NONE', *, *, #1589, .F. ) ;
#7 = ORIENTED_EDGE ( 'NONE', *, *, #762, .T. ) ;
#8 = CARTESIAN_POINT ( 'NONE',  ( -0.7249999999999999778, 0.2999999999999999889, 0.7500000000000000000 ) ) ;
#9 = DIRECTION ( 'NONE',  ( 1.000000000000000000, 0.000000000000000000, 0.000000000000000000 ) ) ;
#10 = LINE ( 'NONE', #1391, #787 ) ;
#11 = EDGE_CURVE ( 'NONE', #222, #1671, #13, .T. ) ;
#12 = EDGE_CURVE ( 'NONE', #864, #1608, #932, .T. ) ;
#13 = LINE ( 'NONE', #1266, #1220 ) ;
#14 = EDGE_CURVE ( 'NONE', #505, #432, #1559, .T. ) ;
#15 = DIRECTION ( 'NONE',  ( 0.000000000000000000, 0.000000000000000000, 1.000000000000000000 ) ) ;
#16 = ORIENTED_EDGE ( 'NONE', *, *, #1044, .T. ) ;
#17 = FILL_AREA_STYLE_COLOUR ( '', #1703 ) ;
#18 = EDGE_LOOP ( 'NONE', ( #1379, #1127, #883, #826 ) ) ;
#19 = CARTESIAN_POINT ( 'NONE',  ( 0.7249999999999999778, -0.4000000000000000222, 0.4699999999999999734 ) ) ;
#20 = LINE ( 'NONE', #1675, #1051 ) ;
#21 = CARTESIAN_POINT ( 'NONE',  ( 0.7249999999999999778, 0.4000000000000000222, 0.3750000000000000000 ) ) ;
#22 = CARTESIAN_POINT ( 'NONE',  ( 0.7249999999999999778, -0.2999999999999999889, 0.5000000000000000000 ) ) ;
#23 = DIRECTION ( 'NONE',  ( -1.000000000000000000, 0.000000000000000000, 0.000000000000000000 ) ) ;
#24 = VERTEX_POINT ( 'NONE', #704 ) ;
#25 = MECHANICAL_DESIGN_GEOMETRIC_PRESENTATION_REPRESENTATION (  '', ( #200 ), #1369 ) ;
#26 = PLANE ( 'NONE',  #1622 ) ;
#27 = ORIENTED_EDGE ( 'NONE', *, *, #1380, .F. ) ;
#28 = PLANE ( 'NONE',  #389 ) ;
#29 = CARTESIAN_POINT ( 'NONE',  ( 0.7699999999999999067, -0.4000000000000000222, 0.5000000000000000000 ) ) ;
#30 = EDGE_CURVE ( 'NONE', #923, #1593, #1808, .T. ) ;
#31 = AXIS2_PLACEMENT_3D ( 'NONE', #1495, #244, #331 ) ;
#32 = VECTOR ( 'NONE', #1236, 1000.000000000000000 ) ;
#33 = CARTESIAN_POINT ( 'NONE',  ( 0.7699999999999999067, 0.4000000000000000222, 0.4699999999999999734 ) ) ;
#34 = AXIS2_PLACEMENT_3D ( 'NONE', #1212, #1076, #111 ) ;
#35 = VECTOR ( 'NONE', #447, 1000.000000000000000 ) ;
#36 = CARTESIAN_POINT ( 'NONE',  ( 0.5000000000000000000, -0.4000000000000000222, 0.4699999999999999734 ) ) ;
#37 = DIRECTION ( 'NONE',  ( 1.000000000000000000, 0.000000000000000000, 0.000000000000000000 ) ) ;
#38 = ORIENTED_EDGE ( 'NONE', *, *, #1008, .T. ) ;
#39 = EDGE_CURVE ( 'NONE', #1033, #1341, #1680, .T. ) ;
#40 = VERTEX_POINT ( 'NONE', #2 ) ;
#41 = CARTESIAN_POINT ( 'NONE',  ( 0.7249999999999999778, -0.05000000000000000278, 0.5000000000000000000 ) ) ;
#42 = ADVANCED_FACE ( 'NONE', ( #1413 ), #1103, .T. ) ;
#43 = DIRECTION ( 'NONE',  ( 0.000000000000000000, 0.000000000000000000, 1.000000000000000000 ) ) ;
#44 = DIRECTION ( 'NONE',  ( -1.000000000000000000, 0.000000000000000000, 0.000000000000000000 ) ) ;
#45 = PRODUCT_DEFINITION_CONTEXT ( 'detailed design', #548, 'design' ) ;
#46 = CARTESIAN_POINT ( 'NONE',  ( -0.7699999999999999067, 0.4000000000000000222, 0.4699999999999999734 ) ) ;
#47 = CARTESIAN_POINT ( 'NONE',  ( 0.2771281292109999961, -0.3200000000000000067, 0.03000000000000000236 ) ) ;
#48 = VERTEX_POINT ( 'NONE', #958 ) ;
#49 = VERTEX_POINT ( 'NONE', #1255 ) ;
#50 = CARTESIAN_POINT ( 'NONE',  ( 0.7699999999999999067, -0.4000000000000000222, 0.5000000000000000000 ) ) ;
#51 = PRESENTATION_STYLE_ASSIGNMENT (( #1035 ) ) ;
#52 =( NAMED_UNIT ( * ) PLANE_ANGLE_UNIT ( ) SI_UNIT ( $, .RADIAN. ) );
#53 = CARTESIAN_POINT ( 'NONE',  ( 0.5000000000000000000, -0.4000000000000000222, 0.4699999999999999734 ) ) ;
#54 = CARTESIAN_POINT ( 'NONE',  ( -0.8000000000000000444, -0.4000000000000000222, 0.03000000000000000236 ) ) ;
#55 = VERTEX_POINT ( 'NONE', #1112 ) ;
#56 = ORIENTED_EDGE ( 'NONE', *, *, #762, .F. ) ;
#57 = DIRECTION ( 'NONE',  ( 0.000000000000000000, -1.000000000000000000, 0.000000000000000000 ) ) ;
#58 = DIRECTION ( 'NONE',  ( 1.000000000000000000, 0.000000000000000000, 0.000000000000000000 ) ) ;
#59 =( GEOMETRIC_REPRESENTATION_CONTEXT ( 3 ) GLOBAL_UNCERTAINTY_ASSIGNED_CONTEXT ( ( #157 ) ) GLOBAL_UNIT_ASSIGNED_CONTEXT ( ( #417, #52, #328 ) ) REPRESENTATION_CONTEXT ( 'NONE', 'WORKASPACE' ) );
#60 = LINE ( 'NONE', #604, #88 ) ;
#61 = VECTOR ( 'NONE', #722, 1000.000000000000000 ) ;
#62 = LINE ( 'NONE', #193, #1293 ) ;
#63 =( GEOMETRIC_REPRESENTATION_CONTEXT ( 3 ) GLOBAL_UNCERTAINTY_ASSIGNED_CONTEXT ( ( #1393 ) ) GLOBAL_UNIT_ASSIGNED_CONTEXT ( ( #663, #1384, #552 ) ) REPRESENTATION_CONTEXT ( 'NONE', 'WORKASPACE' ) );
#64 = CARTESIAN_POINT ( 'NONE',  ( -0.7249999999999999778, -0.2999999999999999889, 0.7500000000000000000 ) ) ;
#65 = ORIENTED_EDGE ( 'NONE', *, *, #1519, .F. ) ;
#66 = CIRCLE ( 'NONE', #1, 0.02999999999999997113 ) ;
#67 = ORIENTED_EDGE ( 'NONE', *, *, #1475, .F. ) ;
#68 = CARTESIAN_POINT ( 'NONE',  ( 0.5300000000000000266, 0.2999999999999999889, 0.4699999999999999734 ) ) ;
#69 = DIRECTION ( 'NONE',  ( 1.000000000000000000, 0.000000000000000000, 0.000000000000000000 ) ) ;
#70 = FACE_OUTER_BOUND ( 'NONE', #1014, .T. ) ;
#71 = CYLINDRICAL_SURFACE ( 'NONE', #944, 0.02999999999999997113 ) ;
#72 = FILL_AREA_STYLE ('',( #490 ) ) ;
#73 = CARTESIAN_POINT ( 'NONE',  ( 0.2771281292109999961, -0.3200000000000000067, 0.03000000000000000236 ) ) ;
#74 = ORIENTED_EDGE ( 'NONE', *, *, #950, .T. ) ;
#75 = EDGE_CURVE ( 'NONE', #1772, #931, #1318, .T. ) ;
#76 = EDGE_LOOP ( 'NONE', ( #511, #122, #450, #554 ) ) ;
#77 = CARTESIAN_POINT ( 'NONE',  ( -0.7475000000000000533, 0.2999999999999999889, 0.03000000000000000236 ) ) ;
#78 = FACE_OUTER_BOUND ( 'NONE', #1651, .T. ) ;
#79 = DIRECTION ( 'NONE',  ( 0.000000000000000000, 0.000000000000000000, 1.000000000000000000 ) ) ;
#80 = DIRECTION ( 'NONE',  ( 0.000000000000000000, 0.000000000000000000, -1.000000000000000000 ) ) ;
#81 = CARTESIAN_POINT ( 'NONE',  ( 0.8000000000000000444, 0.4000000000000000222, 0.000000000000000000 ) ) ;
#82 = ORIENTED_EDGE ( 'NONE', *, *, #731, .T. ) ;
#83 = ORIENTED_EDGE ( 'NONE', *, *, #133, .T. ) ;
#84 = CARTESIAN_POINT ( 'NONE',  ( 0.2771281292109999961, 0.3200000000000000067, 0.03000000000000000236 ) ) ;
#85 = VECTOR ( 'NONE', #165, 1000.000000000000000 ) ;
#86 = EDGE_CURVE ( 'NONE', #375, #926, #1357, .T. ) ;
#87 = CARTESIAN_POINT ( 'NONE',  ( -0.7625000000000000666, 0.2999999999999999889, 0.5000000000000000000 ) ) ;
#88 = VECTOR ( 'NONE', #344, 1000.000000000000000 ) ;
#89 = LINE ( 'NONE', #416, #360 ) ;
#90 = MECHANICAL_DESIGN_GEOMETRIC_PRESENTATION_REPRESENTATION (  '', ( #1399 ), #1672 ) ;
#91 = DIRECTION ( 'NONE',  ( 1.000000000000000000, 0.000000000000000000, 0.000000000000000000 ) ) ;
#92 = ORIENTED_EDGE ( 'NONE', *, *, #11, .F. ) ;
#93 = FACE_OUTER_BOUND ( 'NONE', #1064, .T. ) ;
#94 = ORIENTED_EDGE ( 'NONE', *, *, #1726, .T. ) ;
#95 = EDGE_CURVE ( 'NONE', #55, #1002, #917, .T. ) ;
#96 = ORIENTED_EDGE ( 'NONE', *, *, #1676, .T. ) ;
#97 = DIRECTION ( 'NONE',  ( 0.000000000000000000, 0.000000000000000000, -1.000000000000000000 ) ) ;
#98 = VERTEX_POINT ( 'NONE', #632 ) ;
#99 = VECTOR ( 'NONE', #316, 1000.000000000000000 ) ;
#100 = EDGE_CURVE ( 'NONE', #1599, #230, #1767, .T. ) ;
#101 =( GEOMETRIC_REPRESENTATION_CONTEXT ( 3 ) GLOBAL_UNCERTAINTY_ASSIGNED_CONTEXT ( ( #1548 ) ) GLOBAL_UNIT_ASSIGNED_CONTEXT ( ( #1780, #635, #682 ) ) REPRESENTATION_CONTEXT ( 'NONE', 'WORKASPACE' ) );
#102 = DIRECTION ( 'NONE',  ( 0.000000000000000000, 1.000000000000000000, 0.000000000000000000 ) ) ;
#103 = LINE ( 'NONE', #434, #352 ) ;
#104 = DIRECTION ( 'NONE',  ( 0.000000000000000000, 1.000000000000000000, 0.000000000000000000 ) ) ;
#105 = ORIENTED_EDGE ( 'NONE', *, *, #1367, .F. ) ;
#106 = ORIENTED_EDGE ( 'NONE', *, *, #310, .T. ) ;
#107 = ORIENTED_EDGE ( 'NONE', *, *, #171, .F. ) ;
#108 = DIRECTION ( 'NONE',  ( -1.000000000000000000, 0.000000000000000000, 0.000000000000000000 ) ) ;
#109 = LINE ( 'NONE', #1518, #1708 ) ;
#110 = DIRECTION ( 'NONE',  ( 0.000000000000000000, 0.000000000000000000, 1.000000000000000000 ) ) ;
#111 = DIRECTION ( 'NONE',  ( 0.000000000000000000, 0.000000000000000000, -1.000000000000000000 ) ) ;
#112 = SURFACE_STYLE_FILL_AREA ( #1219 ) ;
#113 = SURFACE_STYLE_USAGE ( .BOTH. , #756 ) ;
#114 = ADVANCED_FACE ( 'NONE', ( #137 ), #690, .F. ) ;
#115 = VERTEX_POINT ( 'NONE', #951 ) ;
#116 = ORIENTED_EDGE ( 'NONE', *, *, #318, .T. ) ;
#117 =( LENGTH_UNIT ( ) NAMED_UNIT ( * ) SI_UNIT ( .MILLI., .METRE. ) );
#118 = DIRECTION ( 'NONE',  ( 1.000000000000000000, 0.000000000000000000, 0.000000000000000000 ) ) ;
#119 = CARTESIAN_POINT ( 'NONE',  ( -0.7249999999999999778, 0.4000000000000000222, 0.03000000000000000236 ) ) ;
#120 = COLOUR_RGB ( '',0.3372549019607843368, 0.6784313725490196401, 0.4431372549019607643 ) ;
#121 = CARTESIAN_POINT ( 'NONE',  ( 0.8000000000000000444, 0.4000000000000000222, 0.03000000000000000236 ) ) ;
#122 = ORIENTED_EDGE ( 'NONE', *, *, #1310, .F. ) ;
#123 = UNCERTAINTY_MEASURE_WITH_UNIT (LENGTH_MEASURE( 1.000000000000000082E-05 ), #1686, 'distance_accuracy_value', 'NONE');
#124 = AXIS2_PLACEMENT_3D ( 'NONE', #373, #1350, #1360 ) ;
#125 = PLANE ( 'NONE',  #1087 ) ;
#126 = DIRECTION ( 'NONE',  ( -0.000000000000000000, 1.000000000000000000, 0.000000000000000000 ) ) ;
#127 = VECTOR ( 'NONE', #383, 1000.000000000000000 ) ;
#128 = DIRECTION ( 'NONE',  ( 0.000000000000000000, -1.000000000000000000, 0.000000000000000000 ) ) ;
#129 = AXIS2_PLACEMENT_3D ( 'NONE', #1279, #506, #738 ) ;
#130 = AXIS2_PLACEMENT_3D ( 'NONE', #1246, #1081, #1801 ) ;
#131 = VECTOR ( 'NONE', #1312, 1000.000000000000000 ) ;
#132 = DIRECTION ( 'NONE',  ( 1.000000000000000000, 0.000000000000000000, 0.000000000000000000 ) ) ;
#133 = EDGE_CURVE ( 'NONE', #467, #1774, #1463, .T. ) ;
#134 = ADVANCED_FACE ( 'NONE', ( #190 ), #28, .F. ) ;
#135 = CARTESIAN_POINT ( 'NONE',  ( 0.7249999999999999778, -0.2999999999999999889, 0.7500000000000000000 ) ) ;
#136 = ORIENTED_EDGE ( 'NONE', *, *, #336, .T. ) ;
#137 = FACE_OUTER_BOUND ( 'NONE', #1480, .T. ) ;
#138 = DIRECTION ( 'NONE',  ( 1.000000000000000000, 0.000000000000000000, 0.000000000000000000 ) ) ;
#139 = CARTESIAN_POINT ( 'NONE',  ( -0.7249999999999999778, 0.4000000000000000222, 0.3750000000000000000 ) ) ;
#140 = DIRECTION ( 'NONE',  ( 0.000000000000000000, 0.000000000000000000, 1.000000000000000000 ) ) ;
#141 = ORIENTED_EDGE ( 'NONE', *, *, #616, .T. ) ;
#142 = CARTESIAN_POINT ( 'NONE',  ( -0.7699999999999999067, 0.4000000000000000222, 0.03000000000000000236 ) ) ;
#143 = EDGE_LOOP ( 'NONE', ( #699, #1502, #1748, #1403 ) ) ;
#144 = CARTESIAN_POINT ( 'NONE',  ( 0.7249999999999999778, -0.4500000000000000111, 0.000000000000000000 ) ) ;
#145 = DIRECTION ( 'NONE',  ( 0.000000000000000000, 0.000000000000000000, -1.000000000000000000 ) ) ;
#146 =( NAMED_UNIT ( * ) SI_UNIT ( $, .STERADIAN. ) SOLID_ANGLE_UNIT ( ) );
#147 = EDGE_CURVE ( 'NONE', #1690, #251, #1005, .T. ) ;
#148 = ORIENTED_EDGE ( 'NONE', *, *, #221, .F. ) ;
#149 = EDGE_LOOP ( 'NONE', ( #340, #1534, #1313 ) ) ;
#150 = CARTESIAN_POINT ( 'NONE',  ( 0.7249999999999999778, -0.2999999999999999889, 0.7500000000000000000 ) ) ;
#151 = DIRECTION ( 'NONE',  ( -1.000000000000000000, 0.000000000000000000, 0.000000000000000000 ) ) ;
#152 = AXIS2_PLACEMENT_3D ( 'NONE', #614, #1684, #1566 ) ;
#153 = ADVANCED_FACE ( 'NONE', ( #1724 ), #857, .F. ) ;
#154 = EDGE_CURVE ( 'NONE', #1690, #239, #1718, .T. ) ;
#155 = AXIS2_PLACEMENT_3D ( 'NONE', #834, #118, #1094 ) ;
#156 = DIRECTION ( 'NONE',  ( 1.000000000000000000, 0.000000000000000000, 0.000000000000000000 ) ) ;
#157 = UNCERTAINTY_MEASURE_WITH_UNIT (LENGTH_MEASURE( 1.000000000000000082E-05 ), #417, 'distance_accuracy_value', 'NONE');
#158 = CARTESIAN_POINT ( 'NONE',  ( 0.5000000000000000000, 0.4000000000000000222, 0.000000000000000000 ) ) ;
#159 = ORIENTED_EDGE ( 'NONE', *, *, #529, .T. ) ;
#160 = SURFACE_SIDE_STYLE ('',( #844 ) ) ;
#161 = EDGE_LOOP ( 'NONE', ( #1080, #136, #65, #824 ) ) ;
#162 = CARTESIAN_POINT ( 'NONE',  ( -0.7249999999999999778, 0.5000000000000000000, 0.7500000000000000000 ) ) ;
#163 = LINE ( 'NONE', #1806, #992 ) ;
#164 = CARTESIAN_POINT ( 'NONE',  ( -0.03749999999999999861, -0.2999999999999999889, 0.000000000000000000 ) ) ;
#165 = DIRECTION ( 'NONE',  ( 1.000000000000000000, 0.000000000000000000, 0.000000000000000000 ) ) ;
#166 = DIRECTION ( 'NONE',  ( 0.000000000000000000, 1.000000000000000000, 0.000000000000000000 ) ) ;
#167 = CARTESIAN_POINT ( 'NONE',  ( -0.5000000000000000000, 0.2999999999999999889, 0.4699999999999999734 ) ) ;
#168 = ORIENTED_EDGE ( 'NONE', *, *, #1507, .T. ) ;
#169 = PRESENTATION_STYLE_ASSIGNMENT (( #1248 ) ) ;
#170 = ORIENTED_EDGE ( 'NONE', *, *, #1540, .T. ) ;
#171 = EDGE_CURVE ( 'NONE', #407, #175, #1496, .T. ) ;
#172 = DIRECTION ( 'NONE',  ( 1.000000000000000000, 0.000000000000000000, 0.000000000000000000 ) ) ;
#173 = EDGE_CURVE ( 'NONE', #49, #1805, #1300, .T. ) ;
#174 = CARTESIAN_POINT ( 'NONE',  ( -0.7699999999999999067, -0.4000000000000000222, 0.5000000000000000000 ) ) ;
#175 = VERTEX_POINT ( 'NONE', #50 ) ;
#176 = AXIS2_PLACEMENT_3D ( 'NONE', #1699, #989, #1798 ) ;
#177 = ORIENTED_EDGE ( 'NONE', *, *, #678, .T. ) ;
#178 = LINE ( 'NONE', #1693, #547 ) ;
#179 = EDGE_CURVE ( 'NONE', #1013, #348, #576, .T. ) ;
#180 = EDGE_CURVE ( 'NONE', #491, #1552, #178, .T. ) ;
#181 = LINE ( 'NONE', #286, #850 ) ;
#182 = ORIENTED_EDGE ( 'NONE', *, *, #790, .F. ) ;
#183 = ORIENTED_EDGE ( 'NONE', *, *, #461, .T. ) ;
#184 = PRESENTATION_STYLE_ASSIGNMENT (( #1438 ) ) ;
#185 = CYLINDRICAL_SURFACE ( 'NONE', #1743, 0.02999999999999997113 ) ;
#186 = PLANE ( 'NONE',  #813 ) ;
#187 = LINE ( 'NONE', #1773, #1499 ) ;
#188 = ORIENTED_EDGE ( 'NONE', *, *, #1503, .F. ) ;
#189 = VERTEX_POINT ( 'NONE', #1272 ) ;
#190 = FACE_OUTER_BOUND ( 'NONE', #737, .T. ) ;
#191 = CARTESIAN_POINT ( 'NONE',  ( -0.7699999999999999067, 0.4000000000000000222, 0.03000000000000000236 ) ) ;
#192 = DIRECTION ( 'NONE',  ( 1.000000000000000000, 0.000000000000000000, 0.000000000000000000 ) ) ;
#193 = CARTESIAN_POINT ( 'NONE',  ( -0.03749999999999999861, -0.2999999999999999889, 0.5000000000000000000 ) ) ;
#194 = DIRECTION ( 'NONE',  ( 0.000000000000000000, -1.000000000000000000, 0.000000000000000000 ) ) ;
#195 = LINE ( 'NONE', #625, #465 ) ;
#196 = VERTEX_POINT ( 'NONE', #19 ) ;
#197 = CLOSED_SHELL ( 'NONE', ( #1059, #783, #205, #551, #1526, #955, #1230, #1232, #1254, #1181, #627, #521, #42, #1755, #1099, #114, #1702, #586, #1083, #1175, #153, #906, #868, #649, #821, #1530, #134, #1387, #1343, #468, #1189, #1283, #1154, #227, #411, #628, #1366, #1245, #933, #319, #1333, #956, #924, #482, #1006, #1776, #1508, #1628, #776, #1778 ) ) ;
#198 = EDGE_LOOP ( 'NONE', ( #1580, #148, #1573, #334, #798, #1258, #1510, #504 ) ) ;
#199 = LINE ( 'NONE', #642, #1091 ) ;
#200 = STYLED_ITEM ( 'NONE', ( #346 ), #1099 ) ;
#201 = DIRECTION ( 'NONE',  ( 0.000000000000000000, 0.000000000000000000, -1.000000000000000000 ) ) ;
#202 = STYLED_ITEM ( 'NONE', ( #184 ), #473 ) ;
#203 = EDGE_CURVE ( 'NONE', #1278, #40, #1015, .T. ) ;
#204 = COLOUR_RGB ( '',0.8941176470588234615, 0.8901960784313724950, 0.8117647058823529438 ) ;
#205 = ADVANCED_FACE ( 'NONE', ( #335 ), #884, .T. ) ;
#206 = CARTESIAN_POINT ( 'NONE',  ( 0.7249999999999999778, 0.4000000000000000222, 0.03000000000000000236 ) ) ;
#207 = CARTESIAN_POINT ( 'NONE',  ( -0.7249999999999999778, -0.4000000000000000222, 0.5000000000000000000 ) ) ;
#208 = AXIS2_PLACEMENT_3D ( 'NONE', #1234, #1123, #974 ) ;
#209 = CARTESIAN_POINT ( 'NONE',  ( -0.7249999999999999778, 0.4000000000000000222, 0.3750000000000000000 ) ) ;
#210 = VECTOR ( 'NONE', #269, 1000.000000000000000 ) ;
#211 = ORIENTED_EDGE ( 'NONE', *, *, #1200, .T. ) ;
#212 =( GEOMETRIC_REPRESENTATION_CONTEXT ( 3 ) GLOBAL_UNCERTAINTY_ASSIGNED_CONTEXT ( ( #1010 ) ) GLOBAL_UNIT_ASSIGNED_CONTEXT ( ( #439, #1424, #553 ) ) REPRESENTATION_CONTEXT ( 'NONE', 'WORKASPACE' ) );
#213 = ORIENTED_EDGE ( 'NONE', *, *, #1802, .T. ) ;
#214 = AXIS2_PLACEMENT_3D ( 'NONE', #546, #1118, #1695 ) ;
#215 = DIRECTION ( 'NONE',  ( 0.000000000000000000, 0.000000000000000000, -1.000000000000000000 ) ) ;
#216 = CYLINDRICAL_SURFACE ( 'NONE', #777, 0.02999999999999997113 ) ;
#217 = CARTESIAN_POINT ( 'NONE',  ( 0.7699999999999999067, -0.4000000000000000222, 0.03000000000000000236 ) ) ;
#218 = ORIENTED_EDGE ( 'NONE', *, *, #1540, .F. ) ;
#219 = DIRECTION ( 'NONE',  ( -0.8660254037843289066, 0.5000000000001899592, 0.000000000000000000 ) ) ;
#220 = ORIENTED_EDGE ( 'NONE', *, *, #872, .T. ) ;
#221 = EDGE_CURVE ( 'NONE', #1341, #1278, #309, .T. ) ;
#222 = VERTEX_POINT ( 'NONE', #592 ) ;
#223 = LINE ( 'NONE', #1610, #1592 ) ;
#224 = LINE ( 'NONE', #1075, #1617 ) ;
#225 =( LENGTH_UNIT ( ) NAMED_UNIT ( * ) SI_UNIT ( .MILLI., .METRE. ) );
#226 = PLANE ( 'NONE',  #1146 ) ;
#227 = ADVANCED_FACE ( 'NONE', ( #443 ), #1582, .F. ) ;
#228 = CARTESIAN_POINT ( 'NONE',  ( 0.7699999999999999067, -0.4000000000000000222, 0.4699999999999999734 ) ) ;
#229 = EDGE_LOOP ( 'NONE', ( #610, #358, #188, #1781 ) ) ;
#230 = VERTEX_POINT ( 'NONE', #496 ) ;
#231 = EDGE_CURVE ( 'NONE', #1116, #1608, #1065, .T. ) ;
#232 = FILL_AREA_STYLE_COLOUR ( '', #436 ) ;
#233 = LINE ( 'NONE', #651, #1604 ) ;
#234 = COLOUR_RGB ( '',0.7921568627450980005, 0.8196078431372548767, 0.9333333333333333481 ) ;
#235 = VECTOR ( 'NONE', #43, 1000.000000000000000 ) ;
#236 = PLANE ( 'NONE',  #34 ) ;
#237 = DIRECTION ( 'NONE',  ( -1.000000000000000000, 0.000000000000000000, 0.000000000000000000 ) ) ;
#238 =( GEOMETRIC_REPRESENTATION_CONTEXT ( 3 ) GLOBAL_UNCERTAINTY_ASSIGNED_CONTEXT ( ( #283 ) ) GLOBAL_UNIT_ASSIGNED_CONTEXT ( ( #225, #1190, #1203 ) ) REPRESENTATION_CONTEXT ( 'NONE', 'WORKASPACE' ) );
#239 = VERTEX_POINT ( 'NONE', #1043 ) ;
#240 = FACE_OUTER_BOUND ( 'NONE', #995, .T. ) ;
#241 = VERTEX_POINT ( 'NONE', #1491 ) ;
#242 = VECTOR ( 'NONE', #1169, 1000.000000000000000 ) ;
#243 = CARTESIAN_POINT ( 'NONE',  ( -0.2771281292109999961, 0.000000000000000000, 0.01500000000000000118 ) ) ;
#244 = DIRECTION ( 'NONE',  ( 0.9968653925763351076, 0.000000000000000000, 0.07911630099814662143 ) ) ;
#245 = EDGE_CURVE ( 'NONE', #1782, #922, #223, .T. ) ;
#246 = DIRECTION ( 'NONE',  ( -0.000000000000000000, 1.000000000000000000, 0.000000000000000000 ) ) ;
#247 = LINE ( 'NONE', #1265, #643 ) ;
#248 = FACE_OUTER_BOUND ( 'NONE', #198, .T. ) ;
#249 = EDGE_LOOP ( 'NONE', ( #771, #1461, #620, #1642, #1022, #1395 ) ) ;
#250 = VERTEX_POINT ( 'NONE', #902 ) ;
#251 = VERTEX_POINT ( 'NONE', #1197 ) ;
#252 = SURFACE_STYLE_USAGE ( .BOTH. , #666 ) ;
#253 = ORIENTED_EDGE ( 'NONE', *, *, #372, .F. ) ;
#254 = CARTESIAN_POINT ( 'NONE',  ( 0.7249999999999999778, -0.2999999999999999889, 0.7500000000000000000 ) ) ;
#255 = ORIENTED_EDGE ( 'NONE', *, *, #975, .F. ) ;
#256 = ORIENTED_EDGE ( 'NONE', *, *, #1422, .F. ) ;
#257 = SURFACE_SIDE_STYLE ('',( #949 ) ) ;
#258 = CARTESIAN_POINT ( 'NONE',  ( -0.8000000000000000444, -0.4000000000000000222, 0.000000000000000000 ) ) ;
#259 = EDGE_CURVE ( 'NONE', #648, #1782, #600, .T. ) ;
#260 = EDGE_CURVE ( 'NONE', #339, #1033, #66, .T. ) ;
#261 = AXIS2_PLACEMENT_3D ( 'NONE', #779, #104, #645 ) ;
#262 = SURFACE_STYLE_FILL_AREA ( #1679 ) ;
#263 = AXIS2_PLACEMENT_3D ( 'NONE', #1334, #631, #1163 ) ;
#264 = MECHANICAL_DESIGN_GEOMETRIC_PRESENTATION_REPRESENTATION (  '', ( #1709 ), #238 ) ;
#265 = FILL_AREA_STYLE_COLOUR ( '', #120 ) ;
#266 = PLANE ( 'NONE',  #1205 ) ;
#267 = VERTEX_POINT ( 'NONE', #341 ) ;
#268 = VECTOR ( 'NONE', #688, 1000.000000000000000 ) ;
#269 = DIRECTION ( 'NONE',  ( 0.000000000000000000, 0.000000000000000000, 1.000000000000000000 ) ) ;
#270 = DIRECTION ( 'NONE',  ( 0.000000000000000000, 1.000000000000000000, 0.000000000000000000 ) ) ;
#271 = AXIS2_PLACEMENT_3D ( 'NONE', #162, #1420, #557 ) ;
#272 = AXIS2_PLACEMENT_3D ( 'NONE', #217, #888, #1596 ) ;
#273 = CARTESIAN_POINT ( 'NONE',  ( -0.7625000000000000666, 0.2999999999999999889, 0.000000000000000000 ) ) ;
#274 = LINE ( 'NONE', #816, #640 ) ;
#275 = ORIENTED_EDGE ( 'NONE', *, *, #1587, .T. ) ;
#276 = EDGE_CURVE ( 'NONE', #864, #1346, #893, .T. ) ;
#277 = FACE_OUTER_BOUND ( 'NONE', #1024, .T. ) ;
#278 = EDGE_LOOP ( 'NONE', ( #1704, #1376, #449, #1469 ) ) ;
#279 = DIRECTION ( 'NONE',  ( 0.07911630099814660755, 0.000000000000000000, -0.9968653925763349966 ) ) ;
#280 = CARTESIAN_POINT ( 'NONE',  ( -0.7249999999999999778, -0.4000000000000000222, 0.4699999999999999734 ) ) ;
#281 = EDGE_CURVE ( 'NONE', #115, #729, #1188, .T. ) ;
#282 = EDGE_LOOP ( 'NONE', ( #1730, #780, #1290, #1619 ) ) ;
#283 = UNCERTAINTY_MEASURE_WITH_UNIT (LENGTH_MEASURE( 1.000000000000000082E-05 ), #225, 'distance_accuracy_value', 'NONE');
#284 = LINE ( 'NONE', #1404, #435 ) ;
#285 = EDGE_CURVE ( 'NONE', #1572, #512, #1764, .T. ) ;
#286 = CARTESIAN_POINT ( 'NONE',  ( 0.7249999999999999778, -0.05000000000000000278, 0.4699999999999999734 ) ) ;
#287 = ORIENTED_EDGE ( 'NONE', *, *, #423, .T. ) ;
#288 = ORIENTED_EDGE ( 'NONE', *, *, #403, .F. ) ;
#289 = FACE_OUTER_BOUND ( 'NONE', #717, .T. ) ;
#290 = CARTESIAN_POINT ( 'NONE',  ( 0.7699999999999999067, 0.4000000000000000222, 0.4699999999999999734 ) ) ;
#291 =( NAMED_UNIT ( * ) PLANE_ANGLE_UNIT ( ) SI_UNIT ( $, .RADIAN. ) );
#292 = VECTOR ( 'NONE', #201, 1000.000000000000000 ) ;
#293 = PRESENTATION_LAYER_ASSIGNMENT (  '', '', ( #985 ) ) ;
#294 = ORIENTED_EDGE ( 'NONE', *, *, #221, .T. ) ;
#295 = DIRECTION ( 'NONE',  ( 0.000000000000000000, 1.000000000000000000, 0.000000000000000000 ) ) ;
#296 = ORIENTED_EDGE ( 'NONE', *, *, #1044, .F. ) ;
#297 = DIRECTION ( 'NONE',  ( 0.000000000000000000, 0.000000000000000000, 1.000000000000000000 ) ) ;
#298 = DIRECTION ( 'NONE',  ( 1.000000000000000000, 0.000000000000000000, 0.000000000000000000 ) ) ;
#299 = DIRECTION ( 'NONE',  ( 0.000000000000000000, 1.000000000000000000, 0.000000000000000000 ) ) ;
#300 = AXIS2_PLACEMENT_3D ( 'NONE', #438, #1728, #452 ) ;
#301 = AXIS2_PLACEMENT_3D ( 'NONE', #1324, #1757, #483 ) ;
#302 = PRESENTATION_LAYER_ASSIGNMENT (  '', '', ( #817 ) ) ;
#303 = VECTOR ( 'NONE', #1398, 1000.000000000000000 ) ;
#304 = DIRECTION ( 'NONE',  ( 0.000000000000000000, 0.000000000000000000, 1.000000000000000000 ) ) ;
#305 = CARTESIAN_POINT ( 'NONE',  ( 0.4500000000000000111, 0.4000000000000000222, 1.100000000000000089 ) ) ;
#306 = EDGE_LOOP ( 'NONE', ( #901, #1306, #1488, #107 ) ) ;
#307 = CARTESIAN_POINT ( 'NONE',  ( 0.6124999999999999334, -0.2999999999999999889, 0.5000000000000000000 ) ) ;
#308 = VERTEX_POINT ( 'NONE', #1307 ) ;
#309 = LINE ( 'NONE', #41, #781 ) ;
#310 = EDGE_CURVE ( 'NONE', #386, #562, #199, .T. ) ;
#311 = PLANE ( 'NONE',  #904 ) ;
#312 = DIRECTION ( 'NONE',  ( -0.000000000000000000, 1.000000000000000000, 0.000000000000000000 ) ) ;
#313 = ORIENTED_EDGE ( 'NONE', *, *, #811, .F. ) ;
#314 = CARTESIAN_POINT ( 'NONE',  ( 0.5000000000000000000, -0.4000000000000000222, 0.000000000000000000 ) ) ;
#315 = ORIENTED_EDGE ( 'NONE', *, *, #1477, .T. ) ;
#316 = DIRECTION ( 'NONE',  ( 1.000000000000000000, 0.000000000000000000, 0.000000000000000000 ) ) ;
#317 = LINE ( 'NONE', #1454, #869 ) ;
#318 = EDGE_CURVE ( 'NONE', #794, #48, #359, .T. ) ;
#319 = ADVANCED_FACE ( 'NONE', ( #925, #915 ), #1316, .F. ) ;
#320 = UNCERTAINTY_MEASURE_WITH_UNIT (LENGTH_MEASURE( 1.000000000000000082E-05 ), #1378, 'distance_accuracy_value', 'NONE');
#321 = DIRECTION ( 'NONE',  ( 1.000000000000000000, 0.000000000000000000, 0.000000000000000000 ) ) ;
#322 = FACE_OUTER_BOUND ( 'NONE', #764, .T. ) ;
#323 = VERTEX_POINT ( 'NONE', #1054 ) ;
#324 = VECTOR ( 'NONE', #528, 1000.000000000000000 ) ;
#325 = ORIENTED_EDGE ( 'NONE', *, *, #673, .T. ) ;
#326 = DIRECTION ( 'NONE',  ( 0.000000000000000000, 0.000000000000000000, -1.000000000000000000 ) ) ;
#327 = FILL_AREA_STYLE ('',( #1696 ) ) ;
#328 =( NAMED_UNIT ( * ) SI_UNIT ( $, .STERADIAN. ) SOLID_ANGLE_UNIT ( ) );
#329 = CIRCLE ( 'NONE', #1793, 0.03000000000000000236 ) ;
#330 = CARTESIAN_POINT ( 'NONE',  ( -0.7249999999999999778, 0.4000000000000000222, 0.5000000000000000000 ) ) ;
#331 = DIRECTION ( 'NONE',  ( 0.000000000000000000, -1.000000000000000000, 0.000000000000000000 ) ) ;
#332 = DIRECTION ( 'NONE',  ( 0.000000000000000000, -1.000000000000000000, 0.000000000000000000 ) ) ;
#333 = VERTEX_POINT ( 'NONE', #1473 ) ;
#334 = ORIENTED_EDGE ( 'NONE', *, *, #721, .F. ) ;
#335 = FACE_OUTER_BOUND ( 'NONE', #1215, .T. ) ;
#336 = EDGE_CURVE ( 'NONE', #1783, #420, #329, .T. ) ;
#337 = LINE ( 'NONE', #580, #1195 ) ;
#338 = SURFACE_STYLE_FILL_AREA ( #1598 ) ;
#339 = VERTEX_POINT ( 'NONE', #1514 ) ;
#340 = ORIENTED_EDGE ( 'NONE', *, *, #1041, .F. ) ;
#341 = CARTESIAN_POINT ( 'NONE',  ( 0.8000000000000000444, -0.4000000000000000222, 0.03000000000000000236 ) ) ;
#342 = PRESENTATION_STYLE_ASSIGNMENT (( #1750 ) ) ;
#343 = EDGE_CURVE ( 'NONE', #914, #189, #993, .T. ) ;
#344 = DIRECTION ( 'NONE',  ( 0.000000000000000000, 0.000000000000000000, -1.000000000000000000 ) ) ;
#345 = DIRECTION ( 'NONE',  ( 0.000000000000000000, 1.000000000000000000, 0.000000000000000000 ) ) ;
#346 = PRESENTATION_STYLE_ASSIGNMENT (( #1031 ) ) ;
#347 = LINE ( 'NONE', #73, #1231 ) ;
#348 = VERTEX_POINT ( 'NONE', #672 ) ;
#349 = ORIENTED_EDGE ( 'NONE', *, *, #203, .T. ) ;
#350 = CIRCLE ( 'NONE', #261, 0.02999999999999997113 ) ;
#351 = AXIS2_PLACEMENT_3D ( 'NONE', #828, #393, #1102 ) ;
#352 = VECTOR ( 'NONE', #1411, 1000.000000000000000 ) ;
#353 = SURFACE_SIDE_STYLE ('',( #1046 ) ) ;
#354 = LINE ( 'NONE', #606, #1262 ) ;
#355 = LINE ( 'NONE', #81, #1314 ) ;
#356 = ORIENTED_EDGE ( 'NONE', *, *, #671, .F. ) ;
#357 = ORIENTED_EDGE ( 'NONE', *, *, #11, .T. ) ;
#358 = ORIENTED_EDGE ( 'NONE', *, *, #1041, .T. ) ;
#359 = LINE ( 'NONE', #748, #1289 ) ;
#360 = VECTOR ( 'NONE', #1251, 1000.000000000000000 ) ;
#361 = AXIS2_PLACEMENT_3D ( 'NONE', #1410, #964, #827 ) ;
#362 = DIRECTION ( 'NONE',  ( 1.000000000000000000, 0.000000000000000000, 0.000000000000000000 ) ) ;
#363 = EDGE_CURVE ( 'NONE', #384, #1717, #960, .T. ) ;
#364 = LINE ( 'NONE', #508, #460 ) ;
#365 = LINE ( 'NONE', #1605, #757 ) ;
#366 = EDGE_CURVE ( 'NONE', #308, #323, #1093, .T. ) ;
#367 = ORIENTED_EDGE ( 'NONE', *, *, #1465, .F. ) ;
#368 = ORIENTED_EDGE ( 'NONE', *, *, #1665, .T. ) ;
#369 = DIRECTION ( 'NONE',  ( 0.000000000000000000, -1.000000000000000000, 0.000000000000000000 ) ) ;
#370 = CARTESIAN_POINT ( 'NONE',  ( 0.7249999999999999778, 0.2999999999999999889, 0.03000000000000000236 ) ) ;
#371 = CARTESIAN_POINT ( 'NONE',  ( 0.5000000000000000000, -0.2999999999999999889, 0.4699999999999999734 ) ) ;
#372 = EDGE_CURVE ( 'NONE', #333, #1472, #1565, .T. ) ;
#373 = CARTESIAN_POINT ( 'NONE',  ( -0.7699999999999999067, -0.4000000000000000222, 0.4699999999999999734 ) ) ;
#374 = DIRECTION ( 'NONE',  ( 0.000000000000000000, 0.000000000000000000, 1.000000000000000000 ) ) ;
#375 = VERTEX_POINT ( 'NONE', #1670 ) ;
#376 = ORIENTED_EDGE ( 'NONE', *, *, #179, .T. ) ;
#377 = DIRECTION ( 'NONE',  ( 0.000000000000000000, 0.000000000000000000, 1.000000000000000000 ) ) ;
#378 = CARTESIAN_POINT ( 'NONE',  ( -0.7699999999999999067, -0.4000000000000000222, -3.469446951954000916E-18 ) ) ;
#379 = VECTOR ( 'NONE', #270, 1000.000000000000000 ) ;
#380 = VECTOR ( 'NONE', #1347, 1000.000000000000000 ) ;
#381 = DIRECTION ( 'NONE',  ( -0.000000000000000000, 1.000000000000000000, 0.000000000000000000 ) ) ;
#382 = FACE_OUTER_BOUND ( 'NONE', #1747, .T. ) ;
#383 = DIRECTION ( 'NONE',  ( 0.000000000000000000, 1.000000000000000000, 0.000000000000000000 ) ) ;
#384 = VERTEX_POINT ( 'NONE', #1533 ) ;
#385 = ORIENTED_EDGE ( 'NONE', *, *, #1770, .F. ) ;
#386 = VERTEX_POINT ( 'NONE', #1661 ) ;
#387 = FILL_AREA_STYLE_COLOUR ( '', #1629 ) ;
#388 = ORIENTED_EDGE ( 'NONE', *, *, #1677, .T. ) ;
#389 = AXIS2_PLACEMENT_3D ( 'NONE', #865, #1553, #297 ) ;
#390 = CARTESIAN_POINT ( 'NONE',  ( -0.4500000000000000111, 0.4000000000000000222, 1.100000000000000089 ) ) ;
#391 = DIRECTION ( 'NONE',  ( 0.000000000000000000, 1.000000000000000000, 0.000000000000000000 ) ) ;
#392 = DIRECTION ( 'NONE',  ( 0.000000000000000000, 0.000000000000000000, 1.000000000000000000 ) ) ;
#393 = DIRECTION ( 'NONE',  ( 0.000000000000000000, 0.000000000000000000, 1.000000000000000000 ) ) ;
#394 = FILL_AREA_STYLE_COLOUR ( '', #494 ) ;
#395 = SURFACE_STYLE_USAGE ( .BOTH. , #1777 ) ;
#396 = EDGE_CURVE ( 'NONE', #1486, #1564, #1292, .T. ) ;
#397 =( NAMED_UNIT ( * ) PLANE_ANGLE_UNIT ( ) SI_UNIT ( $, .RADIAN. ) );
#398 = DIRECTION ( 'NONE',  ( 1.000000000000000000, 0.000000000000000000, 0.000000000000000000 ) ) ;
#399 =( NAMED_UNIT ( * ) PLANE_ANGLE_UNIT ( ) SI_UNIT ( $, .RADIAN. ) );
#400 = LINE ( 'NONE', #1537, #605 ) ;
#401 = CARTESIAN_POINT ( 'NONE',  ( 0.8000000000000000444, -0.4000000000000000222, 0.03000000000000000236 ) ) ;
#402 = DIRECTION ( 'NONE',  ( 0.000000000000000000, 1.000000000000000000, 0.000000000000000000 ) ) ;
#403 = EDGE_CURVE ( 'NONE', #729, #1013, #274, .T. ) ;
#404 = DIRECTION ( 'NONE',  ( 0.000000000000000000, 1.000000000000000000, 0.000000000000000000 ) ) ;
#405 = EDGE_LOOP ( 'NONE', ( #6, #913, #414, #532, #1544, #357, #1249, #934 ) ) ;
#406 = CARTESIAN_POINT ( 'NONE',  ( -0.2771281292109999961, 0.000000000000000000, 0.03000000000000000236 ) ) ;
#407 = VERTEX_POINT ( 'NONE', #1505 ) ;
#408 =( NAMED_UNIT ( * ) PLANE_ANGLE_UNIT ( ) SI_UNIT ( $, .RADIAN. ) );
#409 = VECTOR ( 'NONE', #1345, 1000.000000000000000 ) ;
#410 = DIRECTION ( 'NONE',  ( 0.000000000000000000, 1.000000000000000000, 0.000000000000000000 ) ) ;
#411 = ADVANCED_FACE ( 'NONE', ( #240 ), #266, .T. ) ;
#412 =( NAMED_UNIT ( * ) SI_UNIT ( $, .STERADIAN. ) SOLID_ANGLE_UNIT ( ) );
#413 = ORIENTED_EDGE ( 'NONE', *, *, #1120, .F. ) ;
#414 = ORIENTED_EDGE ( 'NONE', *, *, #1465, .T. ) ;
#415 = PLANE ( 'NONE',  #1288 ) ;
#416 = CARTESIAN_POINT ( 'NONE',  ( 0.5300000000000000266, -0.4000000000000000222, 0.5000000000000000000 ) ) ;
#417 =( LENGTH_UNIT ( ) NAMED_UNIT ( * ) SI_UNIT ( .MILLI., .METRE. ) );
#418 = MANIFOLD_SOLID_BREP ( 'LED_0603_1608Metric.step<1>', #197 ) ;
#419 = SURFACE_STYLE_FILL_AREA ( #1131 ) ;
#420 = VERTEX_POINT ( 'NONE', #1416 ) ;
#421 = DIRECTION ( 'NONE',  ( 1.000000000000000000, 0.000000000000000000, 0.000000000000000000 ) ) ;
#422 = ORIENTED_EDGE ( 'NONE', *, *, #30, .F. ) ;
#423 = EDGE_CURVE ( 'NONE', #646, #1621, #1355, .T. ) ;
#424 = CARTESIAN_POINT ( 'NONE',  ( 0.7249999999999999778, -0.4000000000000000222, 0.03000000000000000236 ) ) ;
#425 = SURFACE_STYLE_FILL_AREA ( #327 ) ;
#426 = AXIS2_PLACEMENT_3D ( 'NONE', #1097, #1121, #156 ) ;
#427 = SURFACE_SIDE_STYLE ('',( #419 ) ) ;
#428 = VECTOR ( 'NONE', #237, 1000.000000000000000 ) ;
#429 = VECTOR ( 'NONE', #1309, 1000.000000000000000 ) ;
#430 = CARTESIAN_POINT ( 'NONE',  ( 0.7699999999999999067, -0.4000000000000000222, 0.4699999999999999734 ) ) ;
#431 = EDGE_LOOP ( 'NONE', ( #1450, #1261, #519, #744 ) ) ;
#432 = VERTEX_POINT ( 'NONE', #1286 ) ;
#433 =( NAMED_UNIT ( * ) SI_UNIT ( $, .STERADIAN. ) SOLID_ANGLE_UNIT ( ) );
#434 = CARTESIAN_POINT ( 'NONE',  ( -0.02250000000000000264, -0.2999999999999999889, 0.03000000000000000236 ) ) ;
#435 = VECTOR ( 'NONE', #304, 1000.000000000000000 ) ;
#436 = COLOUR_RGB ( '',0.8941176470588234615, 0.8901960784313724950, 0.8117647058823529438 ) ;
#437 = VECTOR ( 'NONE', #44, 1000.000000000000000 ) ;
#438 = CARTESIAN_POINT ( 'NONE',  ( 0.8000000000000000444, -0.4000000000000000222, 0.000000000000000000 ) ) ;
#439 =( LENGTH_UNIT ( ) NAMED_UNIT ( * ) SI_UNIT ( .MILLI., .METRE. ) );
#440 = VERTEX_POINT ( 'NONE', #167 ) ;
#441 = ORIENTED_EDGE ( 'NONE', *, *, #1196, .F. ) ;
#442 = EDGE_CURVE ( 'NONE', #729, #562, #448, .T. ) ;
#443 = FACE_OUTER_BOUND ( 'NONE', #677, .T. ) ;
#444 = EDGE_CURVE ( 'NONE', #1150, #472, #976, .T. ) ;
#445 = LINE ( 'NONE', #139, #235 ) ;
#446 = APPLICATION_PROTOCOL_DEFINITION ( 'draft international standard', 'automotive_design', 1998, #1066 ) ;
#447 = DIRECTION ( 'NONE',  ( 1.000000000000000000, 0.000000000000000000, 0.000000000000000000 ) ) ;
#448 = LINE ( 'NONE', #5, #999 ) ;
#449 = ORIENTED_EDGE ( 'NONE', *, *, #1069, .F. ) ;
#450 = ORIENTED_EDGE ( 'NONE', *, *, #742, .F. ) ;
#451 = LINE ( 'NONE', #1165, #579 ) ;
#452 = DIRECTION ( 'NONE',  ( 0.000000000000000000, 1.000000000000000000, 0.000000000000000000 ) ) ;
#453 = CARTESIAN_POINT ( 'NONE',  ( 0.7249999999999999778, -0.4500000000000000111, 0.5000000000000000000 ) ) ;
#454 = ORIENTED_EDGE ( 'NONE', *, *, #1120, .T. ) ;
#455 = MECHANICAL_DESIGN_GEOMETRIC_PRESENTATION_REPRESENTATION (  '', ( #202 ), #59 ) ;
#456 = VECTOR ( 'NONE', #377, 1000.000000000000000 ) ;
#457 = ORIENTED_EDGE ( 'NONE', *, *, #1177, .F. ) ;
#458 = CARTESIAN_POINT ( 'NONE',  ( 0.7699999999999999067, -0.4000000000000000222, 0.4699999999999999734 ) ) ;
#459 =( LENGTH_UNIT ( ) NAMED_UNIT ( * ) SI_UNIT ( .MILLI., .METRE. ) );
#460 = VECTOR ( 'NONE', #946, 1000.000000000000227 ) ;
#461 = EDGE_CURVE ( 'NONE', #505, #115, #1712, .T. ) ;
#462 = CARTESIAN_POINT ( 'NONE',  ( -0.7249999999999999778, 0.05000000000000000278, 0.03000000000000000236 ) ) ;
#463 = CARTESIAN_POINT ( 'NONE',  ( -0.02250000000000000264, -0.2999999999999999889, 0.4699999999999999734 ) ) ;
#464 = DIRECTION ( 'NONE',  ( 1.000000000000000000, 0.000000000000000000, 0.000000000000000000 ) ) ;
#465 = VECTOR ( 'NONE', #912, 1000.000000000000000 ) ;
#466 = CARTESIAN_POINT ( 'NONE',  ( 0.5000000000000000000, -0.4000000000000000222, 0.000000000000000000 ) ) ;
#467 = VERTEX_POINT ( 'NONE', #686 ) ;
#468 = ADVANCED_FACE ( 'NONE', ( #707 ), #1276, .F. ) ;
#469 = VERTEX_POINT ( 'NONE', #430 ) ;
#470 = DIRECTION ( 'NONE',  ( 0.000000000000000000, 1.000000000000000000, 0.000000000000000000 ) ) ;
#471 = LINE ( 'NONE', #1207, #525 ) ;
#472 = VERTEX_POINT ( 'NONE', #1721 ) ;
#473 = ADVANCED_BREP_SHAPE_REPRESENTATION ( 'LED_0603_1608Metric_BLUE', ( #418, #1523 ), #1733 ) ;
#474 = ORIENTED_EDGE ( 'NONE', *, *, #788, .T. ) ;
#475 = DIRECTION ( 'NONE',  ( 0.000000000000000000, 1.000000000000000000, 0.000000000000000000 ) ) ;
#476 = CARTESIAN_POINT ( 'NONE',  ( 0.7249999999999999778, -0.2999999999999999889, 0.7500000000000000000 ) ) ;
#477 = CARTESIAN_POINT ( 'NONE',  ( 0.5300000000000000266, -0.4000000000000000222, 0.4699999999999999734 ) ) ;
#478 = PLANE ( 'NONE',  #1056 ) ;
#479 = ORIENTED_EDGE ( 'NONE', *, *, #423, .F. ) ;
#480 = ORIENTED_EDGE ( 'NONE', *, *, #180, .F. ) ;
#481 = ORIENTED_EDGE ( 'NONE', *, *, #1423, .T. ) ;
#482 = ADVANCED_FACE ( 'NONE', ( #322 ), #561, .T. ) ;
#483 = DIRECTION ( 'NONE',  ( 1.000000000000000000, 0.000000000000000000, 0.000000000000000000 ) ) ;
#484 = VECTOR ( 'NONE', #1158, 1000.000000000000000 ) ;
#485 = AXIS2_PLACEMENT_3D ( 'NONE', #603, #1626, #916 ) ;
#486 = EDGE_CURVE ( 'NONE', #926, #940, #1149, .T. ) ;
#487 = FILL_AREA_STYLE ('',( #621 ) ) ;
#488 = CARTESIAN_POINT ( 'NONE',  ( 0.5000000000000000000, 0.4000000000000000222, 0.4699999999999999734 ) ) ;
#489 = LINE ( 'NONE', #463, #131 ) ;
#490 = FILL_AREA_STYLE_COLOUR ( '', #745 ) ;
#491 = VERTEX_POINT ( 'NONE', #589 ) ;
#492 = AXIS2_PLACEMENT_3D ( 'NONE', #1814, #1515, #1025 ) ;
#493 = ORIENTED_EDGE ( 'NONE', *, *, #281, .F. ) ;
#494 = COLOUR_RGB ( '',0.8941176470588234615, 0.8901960784313724950, 0.8117647058823529438 ) ;
#495 = ORIENTED_EDGE ( 'NONE', *, *, #366, .T. ) ;
#496 = CARTESIAN_POINT ( 'NONE',  ( -0.2771281292109999961, 0.000000000000000000, 0.03000000000000000236 ) ) ;
#497 =( LENGTH_UNIT ( ) NAMED_UNIT ( * ) SI_UNIT ( .MILLI., .METRE. ) );
#498 = EDGE_CURVE ( 'NONE', #1472, #1564, #1433, .T. ) ;
#499 = EDGE_CURVE ( 'NONE', #251, #24, #181, .T. ) ;
#500 = CARTESIAN_POINT ( 'NONE',  ( -0.2771281292109999961, 0.000000000000000000, 0.01500000000000000118 ) ) ;
#501 = PRESENTATION_STYLE_ASSIGNMENT (( #395 ) ) ;
#502 = CARTESIAN_POINT ( 'NONE',  ( 0.6124999999999999334, -0.2999999999999999889, 0.000000000000000000 ) ) ;
#503 = ORIENTED_EDGE ( 'NONE', *, *, #678, .F. ) ;
#504 = ORIENTED_EDGE ( 'NONE', *, *, #1653, .T. ) ;
#505 = VERTEX_POINT ( 'NONE', #1297 ) ;
#506 = DIRECTION ( 'NONE',  ( 0.000000000000000000, -1.000000000000000000, 0.000000000000000000 ) ) ;
#507 = DIRECTION ( 'NONE',  ( 1.000000000000000000, 0.000000000000000000, 0.000000000000000000 ) ) ;
#508 = CARTESIAN_POINT ( 'NONE',  ( 0.4500000000000000111, -0.4000000000000000222, 1.100000000000000089 ) ) ;
#509 = LINE ( 'NONE', #516, #1439 ) ;
#510 = FACE_OUTER_BOUND ( 'NONE', #1240, .T. ) ;
#511 = ORIENTED_EDGE ( 'NONE', *, *, #12, .T. ) ;
#512 = VERTEX_POINT ( 'NONE', #47 ) ;
#513 = CARTESIAN_POINT ( 'NONE',  ( -0.5000000000000000000, -0.4000000000000000222, 0.4699999999999999734 ) ) ;
#514 = EDGE_CURVE ( 'NONE', #1182, #1150, #1729, .T. ) ;
#515 = PLANE ( 'NONE',  #1228 ) ;
#516 = CARTESIAN_POINT ( 'NONE',  ( 0.7249999999999999778, -0.05000000000000000278, 0.000000000000000000 ) ) ;
#517 = VECTOR ( 'NONE', #79, 1000.000000000000000 ) ;
#518 = LINE ( 'NONE', #1351, #808 ) ;
#519 = ORIENTED_EDGE ( 'NONE', *, *, #1305, .T. ) ;
#520 = VECTOR ( 'NONE', #1192, 1000.000000000000000 ) ;
#521 = ADVANCED_FACE ( 'NONE', ( #93 ), #1179, .F. ) ;
#522 = VECTOR ( 'NONE', #982, 1000.000000000000000 ) ;
#523 = EDGE_CURVE ( 'NONE', #931, #922, #195, .T. ) ;
#524 = DIRECTION ( 'NONE',  ( 0.07911630099814660755, 0.000000000000000000, 0.9968653925763349966 ) ) ;
#525 = VECTOR ( 'NONE', #332, 1000.000000000000000 ) ;
#526 = DIRECTION ( 'NONE',  ( 1.000000000000000000, 0.000000000000000000, 0.000000000000000000 ) ) ;
#527 = CARTESIAN_POINT ( 'NONE',  ( 0.7249999999999999778, -0.4500000000000000111, 0.4699999999999999734 ) ) ;
#528 = DIRECTION ( 'NONE',  ( 0.000000000000000000, 0.000000000000000000, 1.000000000000000000 ) ) ;
#529 = EDGE_CURVE ( 'NONE', #239, #440, #471, .T. ) ;
#530 = FACE_OUTER_BOUND ( 'NONE', #1073, .T. ) ;
#531 = DIRECTION ( 'NONE',  ( 0.000000000000000000, 1.000000000000000000, 0.000000000000000000 ) ) ;
#532 = ORIENTED_EDGE ( 'NONE', *, *, #310, .F. ) ;
#533 = EDGE_CURVE ( 'NONE', #689, #864, #187, .T. ) ;
#534 = FILL_AREA_STYLE ('',( #1418 ) ) ;
#535 = ORIENTED_EDGE ( 'NONE', *, *, #442, .T. ) ;
#536 = PLANE ( 'NONE',  #1166 ) ;
#537 = EDGE_CURVE ( 'NONE', #512, #230, #347, .T. ) ;
#538 = VECTOR ( 'NONE', #957, 1000.000000000000000 ) ;
#539 = PLANE ( 'NONE',  #1085 ) ;
#540 = CIRCLE ( 'NONE', #263, 0.03000000000000000236 ) ;
#541 = UNCERTAINTY_MEASURE_WITH_UNIT (LENGTH_MEASURE( 1.000000000000000082E-05 ), #832, 'distance_accuracy_value', 'NONE');
#542 = DIRECTION ( 'NONE',  ( 0.000000000000000000, 0.000000000000000000, -1.000000000000000000 ) ) ;
#543 = ORIENTED_EDGE ( 'NONE', *, *, #1609, .T. ) ;
#544 =( NAMED_UNIT ( * ) SI_UNIT ( $, .STERADIAN. ) SOLID_ANGLE_UNIT ( ) );
#545 = ORIENTED_EDGE ( 'NONE', *, *, #654, .T. ) ;
#546 = CARTESIAN_POINT ( 'NONE',  ( 0.5000000000000000000, 0.4000000000000000222, 0.000000000000000000 ) ) ;
#547 = VECTOR ( 'NONE', #981, 1000.000000000000000 ) ;
#548 = APPLICATION_CONTEXT ( 'automotive_design' ) ;
#549 =( GEOMETRIC_REPRESENTATION_CONTEXT ( 3 ) GLOBAL_UNCERTAINTY_ASSIGNED_CONTEXT ( ( #1512 ) ) GLOBAL_UNIT_ASSIGNED_CONTEXT ( ( #117, #1235, #1124 ) ) REPRESENTATION_CONTEXT ( 'NONE', 'WORKASPACE' ) );
#550 = PRESENTATION_LAYER_ASSIGNMENT (  '', '', ( #694 ) ) ;
#551 = ADVANCED_FACE ( 'NONE', ( #618 ), #1440, .F. ) ;
#552 =( NAMED_UNIT ( * ) SI_UNIT ( $, .STERADIAN. ) SOLID_ANGLE_UNIT ( ) );
#553 =( NAMED_UNIT ( * ) SI_UNIT ( $, .STERADIAN. ) SOLID_ANGLE_UNIT ( ) );
#554 = ORIENTED_EDGE ( 'NONE', *, *, #276, .F. ) ;
#555 = CARTESIAN_POINT ( 'NONE',  ( -0.7249999999999999778, -0.3499999999999999778, 0.03000000000000000236 ) ) ;
#556 = ORIENTED_EDGE ( 'NONE', *, *, #814, .T. ) ;
#557 = DIRECTION ( 'NONE',  ( 0.000000000000000000, 0.000000000000000000, 1.000000000000000000 ) ) ;
#558 = LINE ( 'NONE', #792, #1009 ) ;
#559 = DIRECTION ( 'NONE',  ( -0.8660254037843289066, 0.5000000000001899592, 0.000000000000000000 ) ) ;
#560 = PLANE ( 'NONE',  #176 ) ;
#561 = PLANE ( 'NONE',  #3 ) ;
#562 = VERTEX_POINT ( 'NONE', #207 ) ;
#563 = ORIENTED_EDGE ( 'NONE', *, *, #529, .F. ) ;
#564 = CARTESIAN_POINT ( 'NONE',  ( 0.5000000000000000000, 0.4000000000000000222, 0.5000000000000000000 ) ) ;
#565 = LINE ( 'NONE', #144, #379 ) ;
#566 = CARTESIAN_POINT ( 'NONE',  ( 0.5000000000000000000, -0.4000000000000000222, 0.4699999999999999734 ) ) ;
#567 = STYLED_ITEM ( 'NONE', ( #986 ), #42 ) ;
#568 = PRESENTATION_LAYER_ASSIGNMENT (  '', '', ( #200 ) ) ;
#569 = FACE_OUTER_BOUND ( 'NONE', #590, .T. ) ;
#570 = EDGE_CURVE ( 'NONE', #1108, #384, #741, .T. ) ;
#571 = VECTOR ( 'NONE', #526, 1000.000000000000000 ) ;
#572 = SURFACE_STYLE_FILL_AREA ( #830 ) ;
#573 = ORIENTED_EDGE ( 'NONE', *, *, #1436, .T. ) ;
#574 = LINE ( 'NONE', #142, #903 ) ;
#575 = ORIENTED_EDGE ( 'NONE', *, *, #705, .F. ) ;
#576 = LINE ( 'NONE', #1128, #99 ) ;
#577 = DIRECTION ( 'NONE',  ( 0.000000000000000000, -1.000000000000000000, 0.000000000000000000 ) ) ;
#578 = PRESENTATION_LAYER_ASSIGNMENT (  '', '', ( #1092 ) ) ;
#579 = VECTOR ( 'NONE', #1018, 1000.000000000000000 ) ;
#580 = CARTESIAN_POINT ( 'NONE',  ( -0.7699999999999999067, -0.4000000000000000222, 0.03000000000000000236 ) ) ;
#581 = CARTESIAN_POINT ( 'NONE',  ( -0.7699999999999999067, -0.4000000000000000222, 0.03000000000000000236 ) ) ;
#582 = EDGE_LOOP ( 'NONE', ( #1756, #853, #1352, #1442 ) ) ;
#583 = ORIENTED_EDGE ( 'NONE', *, *, #1310, .T. ) ;
#584 = LINE ( 'NONE', #273, #1791 ) ;
#585 = DIRECTION ( 'NONE',  ( 0.000000000000000000, 0.000000000000000000, 1.000000000000000000 ) ) ;
#586 = ADVANCED_FACE ( 'NONE', ( #1727 ), #185, .T. ) ;
#587 = LINE ( 'NONE', #908, #667 ) ;
#588 = DIRECTION ( 'NONE',  ( 0.000000000000000000, 0.000000000000000000, 1.000000000000000000 ) ) ;
#589 = CARTESIAN_POINT ( 'NONE',  ( -0.7699999999999999067, 0.4000000000000000222, 0.03000000000000000236 ) ) ;
#590 = EDGE_LOOP ( 'NONE', ( #1171, #1299, #325, #770 ) ) ;
#591 = ORIENTED_EDGE ( 'NONE', *, *, #461, .F. ) ;
#592 = CARTESIAN_POINT ( 'NONE',  ( -0.5300000000000000266, -0.2999999999999999889, 0.5000000000000000000 ) ) ;
#593 = EDGE_CURVE ( 'NONE', #1002, #1599, #587, .T. ) ;
#594 = CARTESIAN_POINT ( 'NONE',  ( 0.5300000000000000266, -0.4000000000000000222, 0.03000000000000000236 ) ) ;
#595 = CARTESIAN_POINT ( 'NONE',  ( -0.5300000000000000266, -0.2999999999999999889, 0.4699999999999999734 ) ) ;
#596 = ORIENTED_EDGE ( 'NONE', *, *, #570, .F. ) ;
#597 = STYLED_ITEM ( 'NONE', ( #1447 ), #1778 ) ;
#598 = VECTOR ( 'NONE', #215, 1000.000000000000000 ) ;
#599 = ORIENTED_EDGE ( 'NONE', *, *, #1477, .F. ) ;
#600 = LINE ( 'NONE', #1034, #848 ) ;
#601 = DIRECTION ( 'NONE',  ( 0.000000000000000000, 1.000000000000000000, 0.000000000000000000 ) ) ;
#602 = VECTOR ( 'NONE', #1359, 1000.000000000000000 ) ;
#603 = CARTESIAN_POINT ( 'NONE',  ( -8.772411109409000623E-18, -0.4000000000000000222, 0.7750441282940000454 ) ) ;
#604 = CARTESIAN_POINT ( 'NONE',  ( 0.7249999999999999778, 0.2999999999999999889, 0.7500000000000000000 ) ) ;
#605 = VECTOR ( 'NONE', #1264, 1000.000000000000000 ) ;
#606 = CARTESIAN_POINT ( 'NONE',  ( -0.7249999999999999778, 0.05000000000000000278, 0.5000000000000000000 ) ) ;
#607 = SURFACE_STYLE_FILL_AREA ( #1296 ) ;
#608 = VECTOR ( 'NONE', #990, 1000.000000000000000 ) ;
#609 = ORIENTED_EDGE ( 'NONE', *, *, #742, .T. ) ;
#610 = ORIENTED_EDGE ( 'NONE', *, *, #100, .T. ) ;
#611 =( LENGTH_UNIT ( ) NAMED_UNIT ( * ) SI_UNIT ( .MILLI., .METRE. ) );
#612 = PLANE ( 'NONE',  #31 ) ;
#613 = LINE ( 'NONE', #1045, #456 ) ;
#614 = CARTESIAN_POINT ( 'NONE',  ( -0.7699999999999999067, -0.4000000000000000222, 0.4699999999999999734 ) ) ;
#615 = CARTESIAN_POINT ( 'NONE',  ( 0.7249999999999999778, 0.4000000000000000222, 0.000000000000000000 ) ) ;
#616 = EDGE_CURVE ( 'NONE', #491, #697, #451, .T. ) ;
#617 = DIRECTION ( 'NONE',  ( 0.000000000000000000, 1.000000000000000000, 0.000000000000000000 ) ) ;
#618 = FACE_OUTER_BOUND ( 'NONE', #1607, .T. ) ;
#619 = ORIENTED_EDGE ( 'NONE', *, *, #1330, .T. ) ;
#620 = ORIENTED_EDGE ( 'NONE', *, *, #1152, .F. ) ;
#621 = FILL_AREA_STYLE_COLOUR ( '', #1585 ) ;
#622 = CYLINDRICAL_SURFACE ( 'NONE', #272, 0.02999999999999997113 ) ;
#623 = DIRECTION ( 'NONE',  ( 0.000000000000000000, 0.000000000000000000, 1.000000000000000000 ) ) ;
#624 = ORIENTED_EDGE ( 'NONE', *, *, #366, .F. ) ;
#625 = CARTESIAN_POINT ( 'NONE',  ( -0.8000000000000000444, -0.4000000000000000222, 0.000000000000000000 ) ) ;
#626 = ORIENTED_EDGE ( 'NONE', *, *, #1152, .T. ) ;
#627 = ADVANCED_FACE ( 'NONE', ( #1321 ), #622, .T. ) ;
#628 = ADVANCED_FACE ( 'NONE', ( #1191 ), #71, .T. ) ;
#629 = DIRECTION ( 'NONE',  ( 0.000000000000000000, 0.000000000000000000, -1.000000000000000000 ) ) ;
#630 = AXIS2_PLACEMENT_3D ( 'NONE', #595, #727, #464 ) ;
#631 = DIRECTION ( 'NONE',  ( 0.000000000000000000, 1.000000000000000000, 0.000000000000000000 ) ) ;
#632 = CARTESIAN_POINT ( 'NONE',  ( 0.8000000000000000444, 0.4000000000000000222, 0.4699999999999999734 ) ) ;
#633 = CARTESIAN_POINT ( 'NONE',  ( 0.7699999999999999067, 0.4000000000000000222, -3.469446951954000916E-18 ) ) ;
#634 = DIRECTION ( 'NONE',  ( 1.000000000000000000, 0.000000000000000000, 0.000000000000000000 ) ) ;
#635 =( NAMED_UNIT ( * ) PLANE_ANGLE_UNIT ( ) SI_UNIT ( $, .RADIAN. ) );
#636 = CARTESIAN_POINT ( 'NONE',  ( 0.5000000000000000000, -0.4000000000000000222, 0.5000000000000000000 ) ) ;
#637 = ORIENTED_EDGE ( 'NONE', *, *, #1200, .F. ) ;
#638 = DIRECTION ( 'NONE',  ( 1.000000000000000000, 0.000000000000000000, 0.000000000000000000 ) ) ;
#639 = ORIENTED_EDGE ( 'NONE', *, *, #1069, .T. ) ;
#640 = VECTOR ( 'NONE', #1098, 1000.000000000000000 ) ;
#641 = ORIENTED_EDGE ( 'NONE', *, *, #1797, .F. ) ;
#642 = CARTESIAN_POINT ( 'NONE',  ( -0.7249999999999999778, -0.3499999999999999778, 0.5000000000000000000 ) ) ;
#643 = VECTOR ( 'NONE', #778, 1000.000000000000000 ) ;
#644 = FILL_AREA_STYLE ('',( #1751 ) ) ;
#645 = DIRECTION ( 'NONE',  ( 1.000000000000000000, 0.000000000000000000, 0.000000000000000000 ) ) ;
#646 = VERTEX_POINT ( 'NONE', #615 ) ;
#647 = VERTEX_POINT ( 'NONE', #1184 ) ;
#648 = VERTEX_POINT ( 'NONE', #1586 ) ;
#649 = ADVANCED_FACE ( 'NONE', ( #733 ), #226, .F. ) ;
#650 = DIRECTION ( 'NONE',  ( 1.000000000000000000, 0.000000000000000000, 0.000000000000000000 ) ) ;
#651 = CARTESIAN_POINT ( 'NONE',  ( -0.7699999999999999067, -0.4000000000000000222, 0.03000000000000000236 ) ) ;
#652 = CARTESIAN_POINT ( 'NONE',  ( -0.7699999999999999067, -0.4000000000000000222, -3.469446951954000916E-18 ) ) ;
#653 = PLANE ( 'NONE',  #818 ) ;
#654 = EDGE_CURVE ( 'NONE', #222, #386, #62, .T. ) ;
#655 = PLANE ( 'NONE',  #839 ) ;
#656 = ORIENTED_EDGE ( 'NONE', *, *, #859, .F. ) ;
#657 = VECTOR ( 'NONE', #670, 1000.000000000000000 ) ;
#658 =( NAMED_UNIT ( * ) PLANE_ANGLE_UNIT ( ) SI_UNIT ( $, .RADIAN. ) );
#659 = AXIS2_PLACEMENT_3D ( 'NONE', #254, #1577, #398 ) ;
#660 = CARTESIAN_POINT ( 'NONE',  ( -0.7249999999999999778, 0.2999999999999999889, 0.03000000000000000236 ) ) ;
#661 = ORIENTED_EDGE ( 'NONE', *, *, #978, .F. ) ;
#662 = MECHANICAL_DESIGN_GEOMETRIC_PRESENTATION_REPRESENTATION (  '', ( #718 ), #988 ) ;
#663 =( LENGTH_UNIT ( ) NAMED_UNIT ( * ) SI_UNIT ( .MILLI., .METRE. ) );
#664 = AXIS2_PLACEMENT_3D ( 'NONE', #458, #1263, #1291 ) ;
#665 = ORIENTED_EDGE ( 'NONE', *, *, #363, .T. ) ;
#666 = SURFACE_SIDE_STYLE ('',( #1784 ) ) ;
#667 = VECTOR ( 'NONE', #1752, 1000.000000000000114 ) ;
#668 = LINE ( 'NONE', #378, #380 ) ;
#669 = DIRECTION ( 'NONE',  ( -1.000000000000000000, 0.000000000000000000, 0.000000000000000000 ) ) ;
#670 = DIRECTION ( 'NONE',  ( 0.000000000000000000, -1.000000000000000000, 0.000000000000000000 ) ) ;
#671 = EDGE_CURVE ( 'NONE', #914, #472, #489, .T. ) ;
#672 = CARTESIAN_POINT ( 'NONE',  ( -0.5000000000000000000, -0.2999999999999999889, 0.4699999999999999734 ) ) ;
#673 = EDGE_CURVE ( 'NONE', #1187, #49, #354, .T. ) ;
#674 =( NAMED_UNIT ( * ) PLANE_ANGLE_UNIT ( ) SI_UNIT ( $, .RADIAN. ) );
#675 = LINE ( 'NONE', #1117, #843 ) ;
#676 = SURFACE_STYLE_USAGE ( .BOTH. , #1719 ) ;
#677 = EDGE_LOOP ( 'NONE', ( #941, #474, #1208, #275 ) ) ;
#678 = EDGE_CURVE ( 'NONE', #239, #375, #1295, .T. ) ;
#679 = DIRECTION ( 'NONE',  ( 0.000000000000000000, 1.000000000000000000, 0.000000000000000000 ) ) ;
#680 = ORIENTED_EDGE ( 'NONE', *, *, #179, .F. ) ;
#681 = SURFACE_STYLE_FILL_AREA ( #1569 ) ;
#682 =( NAMED_UNIT ( * ) SI_UNIT ( $, .STERADIAN. ) SOLID_ANGLE_UNIT ( ) );
#683 = PRESENTATION_LAYER_ASSIGNMENT (  '', '', ( #597 ) ) ;
#684 = VECTOR ( 'NONE', #1327, 1000.000000000000000 ) ;
#685 = DIRECTION ( 'NONE',  ( 1.000000000000000000, 0.000000000000000000, 0.000000000000000000 ) ) ;
#686 = CARTESIAN_POINT ( 'NONE',  ( 0.5300000000000000266, 0.2999999999999999889, -3.469446951954000916E-18 ) ) ;
#687 = ORIENTED_EDGE ( 'NONE', *, *, #1113, .F. ) ;
#688 = DIRECTION ( 'NONE',  ( 1.000000000000000000, 0.000000000000000000, 0.000000000000000000 ) ) ;
#689 = VERTEX_POINT ( 'NONE', #1058 ) ;
#690 = PLANE ( 'NONE',  #155 ) ;
#691 = CARTESIAN_POINT ( 'NONE',  ( -0.7699999999999999067, -0.4000000000000000222, 0.03000000000000000236 ) ) ;
#692 = CARTESIAN_POINT ( 'NONE',  ( -0.7249999999999999778, 0.2999999999999999889, 0.000000000000000000 ) ) ;
#693 = VECTOR ( 'NONE', #1579, 1000.000000000000000 ) ;
#694 = STYLED_ITEM ( 'NONE', ( #1556 ), #776 ) ;
#695 = CARTESIAN_POINT ( 'NONE',  ( 0.7249999999999999778, -0.05000000000000000278, 0.03000000000000000236 ) ) ;
#696 = CARTESIAN_POINT ( 'NONE',  ( -0.7249999999999999778, 0.4000000000000000222, 0.4699999999999999734 ) ) ;
#697 = VERTEX_POINT ( 'NONE', #1744 ) ;
#698 = SURFACE_STYLE_USAGE ( .BOTH. , #160 ) ;
#699 = ORIENTED_EDGE ( 'NONE', *, *, #1285, .T. ) ;
#700 = CARTESIAN_POINT ( 'NONE',  ( 0.5000000000000000000, 0.4000000000000000222, 0.4699999999999999734 ) ) ;
#701 = CARTESIAN_POINT ( 'NONE',  ( -0.4500000000000000111, -0.4000000000000000222, 1.100000000000000089 ) ) ;
#702 = DIRECTION ( 'NONE',  ( -1.000000000000000000, 0.000000000000000000, 0.000000000000000000 ) ) ;
#703 = EDGE_CURVE ( 'NONE', #648, #689, #1632, .T. ) ;
#704 = CARTESIAN_POINT ( 'NONE',  ( 0.7249999999999999778, 0.2999999999999999889, 0.4699999999999999734 ) ) ;
#705 = EDGE_CURVE ( 'NONE', #407, #98, #365, .T. ) ;
#706 = CARTESIAN_POINT ( 'NONE',  ( 0.5000000000000000000, 0.4000000000000000222, 0.4699999999999999734 ) ) ;
#707 = FACE_OUTER_BOUND ( 'NONE', #1287, .T. ) ;
#708 = ORIENTED_EDGE ( 'NONE', *, *, #75, .T. ) ;
#709 = SURFACE_STYLE_FILL_AREA ( #534 ) ;
#710 = ORIENTED_EDGE ( 'NONE', *, *, #849, .T. ) ;
#711 = DIRECTION ( 'NONE',  ( 1.000000000000000000, 0.000000000000000000, 0.000000000000000000 ) ) ;
#712 = LINE ( 'NONE', #1554, #752 ) ;
#713 = CARTESIAN_POINT ( 'NONE',  ( -0.8000000000000000444, -0.4000000000000000222, 0.000000000000000000 ) ) ;
#714 = DIRECTION ( 'NONE',  ( 0.000000000000000000, 0.000000000000000000, 1.000000000000000000 ) ) ;
#715 = VECTOR ( 'NONE', #1535, 1000.000000000000114 ) ;
#716 = PRESENTATION_LAYER_ASSIGNMENT (  '', '', ( #1399 ) ) ;
#717 = EDGE_LOOP ( 'NONE', ( #1590, #845, #624, #1674 ) ) ;
#718 = STYLED_ITEM ( 'NONE', ( #169 ), #1006 ) ;
#719 = ORIENTED_EDGE ( 'NONE', *, *, #95, .T. ) ;
#720 = CARTESIAN_POINT ( 'NONE',  ( -0.2771281292109999961, 0.000000000000000000, 0.01500000000000000118 ) ) ;
#721 = EDGE_CURVE ( 'NONE', #189, #1033, #89, .T. ) ;
#722 = DIRECTION ( 'NONE',  ( 1.000000000000000000, 0.000000000000000000, 0.000000000000000000 ) ) ;
#723 = STYLED_ITEM ( 'NONE', ( #1644 ), #319 ) ;
#724 = CARTESIAN_POINT ( 'NONE',  ( -0.8000000000000000444, -0.4000000000000000222, 0.5000000000000000000 ) ) ;
#725 = VECTOR ( 'NONE', #1012, 1000.000000000000000 ) ;
#726 = UNCERTAINTY_MEASURE_WITH_UNIT (LENGTH_MEASURE( 1.000000000000000082E-05 ), #939, 'distance_accuracy_value', 'NONE');
#727 = DIRECTION ( 'NONE',  ( 0.000000000000000000, 1.000000000000000000, 0.000000000000000000 ) ) ;
#728 = DIRECTION ( 'NONE',  ( 0.000000000000000000, -1.000000000000000000, 0.000000000000000000 ) ) ;
#729 = VERTEX_POINT ( 'NONE', #280 ) ;
#730 = ORIENTED_EDGE ( 'NONE', *, *, #1446, .T. ) ;
#731 = EDGE_CURVE ( 'NONE', #647, #469, #10, .T. ) ;
#732 = DIRECTION ( 'NONE',  ( 1.000000000000000000, 0.000000000000000000, 0.000000000000000000 ) ) ;
#733 = FACE_OUTER_BOUND ( 'NONE', #1435, .T. ) ;
#734 = DIRECTION ( 'NONE',  ( 0.000000000000000000, -1.000000000000000000, 0.000000000000000000 ) ) ;
#735 = FACE_OUTER_BOUND ( 'NONE', #1050, .T. ) ;
#736 = VERTEX_POINT ( 'NONE', #692 ) ;
#737 = EDGE_LOOP ( 'NONE', ( #1040, #1141, #1444, #296 ) ) ;
#738 = DIRECTION ( 'NONE',  ( 0.000000000000000000, 0.000000000000000000, -1.000000000000000000 ) ) ;
#739 = DIRECTION ( 'NONE',  ( -0.5000000000001900702, 0.8660254037843290176, 0.000000000000000000 ) ) ;
#740 = LINE ( 'NONE', #760, #429 ) ;
#741 = LINE ( 'NONE', #53, #437 ) ;
#742 = EDGE_CURVE ( 'NONE', #1346, #736, #971, .T. ) ;
#743 = LINE ( 'NONE', #64, #484 ) ;
#744 = ORIENTED_EDGE ( 'NONE', *, *, #978, .T. ) ;
#745 = COLOUR_RGB ( '',0.8941176470588234615, 0.8901960784313724950, 0.8117647058823529438 ) ;
#746 = CIRCLE ( 'NONE', #1557, 0.02999999999999997113 ) ;
#747 = EDGE_LOOP ( 'NONE', ( #1409, #454, #82, #218, #980, #1762, #831, #493, #591, #1799 ) ) ;
#748 = CARTESIAN_POINT ( 'NONE',  ( 0.7249999999999999778, -0.4000000000000000222, 0.3750000000000000000 ) ) ;
#749 =( LENGTH_UNIT ( ) NAMED_UNIT ( * ) SI_UNIT ( .MILLI., .METRE. ) );
#750 = AXIS2_PLACEMENT_3D ( 'NONE', #476, #246, #1659 ) ;
#751 = LINE ( 'NONE', #1319, #684 ) ;
#752 = VECTOR ( 'NONE', #858, 1000.000000000000000 ) ;
#753 = PRESENTATION_LAYER_ASSIGNMENT (  '', '', ( #723 ) ) ;
#754 = LINE ( 'NONE', #1057, #1198 ) ;
#755 = MECHANICAL_DESIGN_GEOMETRIC_PRESENTATION_REPRESENTATION (  '', ( #1092 ), #1529 ) ;
#756 = SURFACE_SIDE_STYLE ('',( #910 ) ) ;
#757 = VECTOR ( 'NONE', #345, 1000.000000000000000 ) ;
#758 = ORIENTED_EDGE ( 'NONE', *, *, #1700, .T. ) ;
#759 = EDGE_LOOP ( 'NONE', ( #388, #719, #1419 ) ) ;
#760 = CARTESIAN_POINT ( 'NONE',  ( 0.5000000000000000000, -0.4000000000000000222, 0.5000000000000000000 ) ) ;
#761 = DIRECTION ( 'NONE',  ( 0.000000000000000000, 1.000000000000000000, 0.000000000000000000 ) ) ;
#762 = EDGE_CURVE ( 'NONE', #1593, #1774, #1077, .T. ) ;
#763 = CYLINDRICAL_SURFACE ( 'NONE', #1137, 0.02999999999999997113 ) ;
#764 = EDGE_LOOP ( 'NONE', ( #177, #1636, #94, #875 ) ) ;
#765 = CARTESIAN_POINT ( 'NONE',  ( -0.7699999999999999067, -0.4000000000000000222, 0.4699999999999999734 ) ) ;
#766 = CARTESIAN_POINT ( 'NONE',  ( -0.7249999999999999778, -0.2999999999999999889, 0.000000000000000000 ) ) ;
#767 = CARTESIAN_POINT ( 'NONE',  ( 0.2771281292109999961, 0.3200000000000000067, 0.03000000000000000236 ) ) ;
#768 = LINE ( 'NONE', #488, #602 ) ;
#769 = DIRECTION ( 'NONE',  ( 0.000000000000000000, 1.000000000000000000, 0.000000000000000000 ) ) ;
#770 = ORIENTED_EDGE ( 'NONE', *, *, #173, .T. ) ;
#771 = ORIENTED_EDGE ( 'NONE', *, *, #486, .T. ) ;
#772 = CARTESIAN_POINT ( 'NONE',  ( -0.5300000000000000266, -0.4000000000000000222, -3.469446951954000916E-18 ) ) ;
#773 = ORIENTED_EDGE ( 'NONE', *, *, #814, .F. ) ;
#774 = MECHANICAL_DESIGN_GEOMETRIC_PRESENTATION_REPRESENTATION (  '', ( #597 ), #1616 ) ;
#775 = COLOUR_RGB ( '',0.8941176470588234615, 0.8901960784313724950, 0.8117647058823529438 ) ;
#776 = ADVANCED_FACE ( 'NONE', ( #382 ), #653, .T. ) ;
#777 = AXIS2_PLACEMENT_3D ( 'NONE', #791, #391, #938 ) ;
#778 = DIRECTION ( 'NONE',  ( 0.000000000000000000, 0.000000000000000000, 1.000000000000000000 ) ) ;
#779 = CARTESIAN_POINT ( 'NONE',  ( -0.5300000000000000266, -0.2999999999999999889, 0.03000000000000000236 ) ) ;
#780 = ORIENTED_EDGE ( 'NONE', *, *, #343, .T. ) ;
#781 = VECTOR ( 'NONE', #1594, 1000.000000000000000 ) ;
#782 = ORIENTED_EDGE ( 'NONE', *, *, #86, .F. ) ;
#783 = ADVANCED_FACE ( 'NONE', ( #1546 ), #983, .T. ) ;
#784 = ORIENTED_EDGE ( 'NONE', *, *, #1443, .T. ) ;
#785 = CARTESIAN_POINT ( 'NONE',  ( -0.7699999999999999067, 0.4000000000000000222, 0.03000000000000000236 ) ) ;
#786 = ORIENTED_EDGE ( 'NONE', *, *, #703, .T. ) ;
#787 = VECTOR ( 'NONE', #392, 1000.000000000000000 ) ;
#788 = EDGE_CURVE ( 'NONE', #440, #1805, #1660, .T. ) ;
#789 = LINE ( 'NONE', #1358, #324 ) ;
#790 = EDGE_CURVE ( 'NONE', #98, #40, #1466, .T. ) ;
#791 = CARTESIAN_POINT ( 'NONE',  ( -0.5300000000000000266, -0.4000000000000000222, 0.03000000000000000236 ) ) ;
#792 = CARTESIAN_POINT ( 'NONE',  ( -0.7475000000000000533, 0.2999999999999999889, 0.4699999999999999734 ) ) ;
#793 = PLANE ( 'NONE',  #659 ) ;
#794 = VERTEX_POINT ( 'NONE', #424 ) ;
#795 = ORIENTED_EDGE ( 'NONE', *, *, #1665, .F. ) ;
#796 = ORIENTED_EDGE ( 'NONE', *, *, #336, .F. ) ;
#797 = PRESENTATION_STYLE_ASSIGNMENT (( #252 ) ) ;
#798 = ORIENTED_EDGE ( 'NONE', *, *, #1017, .F. ) ;
#799 = COLOUR_RGB ( '',0.8941176470588234615, 0.8901960784313724950, 0.8117647058823529438 ) ;
#800 = DIRECTION ( 'NONE',  ( 1.000000000000000000, 0.000000000000000000, 0.000000000000000000 ) ) ;
#801 = ORIENTED_EDGE ( 'NONE', *, *, #259, .T. ) ;
#802 = UNCERTAINTY_MEASURE_WITH_UNIT (LENGTH_MEASURE( 1.000000000000000082E-05 ), #497, 'distance_accuracy_value', 'NONE');
#803 = AXIS2_PLACEMENT_3D ( 'NONE', #1308, #601, #58 ) ;
#804 = MECHANICAL_DESIGN_GEOMETRIC_PRESENTATION_REPRESENTATION (  '', ( #567 ), #879 ) ;
#805 = ORIENTED_EDGE ( 'NONE', *, *, #859, .T. ) ;
#806 = DIRECTION ( 'NONE',  ( 0.000000000000000000, -1.000000000000000000, 0.000000000000000000 ) ) ;
#807 = CARTESIAN_POINT ( 'NONE',  ( -0.7699999999999999067, -0.4000000000000000222, 0.4699999999999999734 ) ) ;
#808 = VECTOR ( 'NONE', #617, 1000.000000000000000 ) ;
#809 = PRESENTATION_LAYER_ASSIGNMENT (  '', '', ( #202 ) ) ;
#810 = VECTOR ( 'NONE', #1095, 1000.000000000000000 ) ;
#811 = EDGE_CURVE ( 'NONE', #991, #646, #509, .T. ) ;
#812 =( NAMED_UNIT ( * ) PLANE_ANGLE_UNIT ( ) SI_UNIT ( $, .RADIAN. ) );
#813 = AXIS2_PLACEMENT_3D ( 'NONE', #1275, #321, #871 ) ;
#814 = EDGE_CURVE ( 'NONE', #1783, #1486, #247, .T. ) ;
#815 = VECTOR ( 'NONE', #369, 1000.000000000000000 ) ;
#816 = CARTESIAN_POINT ( 'NONE',  ( -0.7249999999999999778, -0.3499999999999999778, 0.4699999999999999734 ) ) ;
#817 = STYLED_ITEM ( 'NONE', ( #797 ), #418 ) ;
#818 = AXIS2_PLACEMENT_3D ( 'NONE', #1538, #1787, #1815 ) ;
#819 = DIRECTION ( 'NONE',  ( 0.8660254037843289066, 0.5000000000001899592, 0.000000000000000000 ) ) ;
#820 = EDGE_CURVE ( 'NONE', #24, #339, #558, .T. ) ;
#821 = ADVANCED_FACE ( 'NONE', ( #1338 ), #1640, .T. ) ;
#822 = UNCERTAINTY_MEASURE_WITH_UNIT (LENGTH_MEASURE( 1.000000000000000082E-05 ), #749, 'distance_accuracy_value', 'NONE');
#823 = DIRECTION ( 'NONE',  ( 1.000000000000000000, 0.000000000000000000, 0.000000000000000000 ) ) ;
#824 = ORIENTED_EDGE ( 'NONE', *, *, #75, .F. ) ;
#825 = LINE ( 'NONE', #307, #1520 ) ;
#826 = ORIENTED_EDGE ( 'NONE', *, *, #1242, .F. ) ;
#827 = DIRECTION ( 'NONE',  ( 0.000000000000000000, 0.000000000000000000, 1.000000000000000000 ) ) ;
#828 = CARTESIAN_POINT ( 'NONE',  ( -0.7699999999999999067, -0.4000000000000000222, 0.4699999999999999734 ) ) ;
#829 = DIRECTION ( 'NONE',  ( 0.000000000000000000, -1.000000000000000000, 0.000000000000000000 ) ) ;
#830 = FILL_AREA_STYLE ('',( #1563 ) ) ;
#831 = ORIENTED_EDGE ( 'NONE', *, *, #1507, .F. ) ;
#832 =( LENGTH_UNIT ( ) NAMED_UNIT ( * ) SI_UNIT ( .MILLI., .METRE. ) );
#833 = ORIENTED_EDGE ( 'NONE', *, *, #1401, .F. ) ;
#834 = CARTESIAN_POINT ( 'NONE',  ( 0.7249999999999999778, -0.5000000000000000000, 0.7500000000000000000 ) ) ;
#835 = CARTESIAN_POINT ( 'NONE',  ( -0.7249999999999999778, 0.4000000000000000222, 0.000000000000000000 ) ) ;
#836 = DIRECTION ( 'NONE',  ( 0.000000000000000000, 1.000000000000000000, 0.000000000000000000 ) ) ;
#837 = LINE ( 'NONE', #462, #1489 ) ;
#838 = VECTOR ( 'NONE', #732, 1000.000000000000000 ) ;
#839 = AXIS2_PLACEMENT_3D ( 'NONE', #1331, #1458, #1361 ) ;
#840 = EDGE_CURVE ( 'NONE', #250, #308, #103, .T. ) ;
#841 = PRESENTATION_STYLE_ASSIGNMENT (( #1159 ) ) ;
#842 = ORIENTED_EDGE ( 'NONE', *, *, #1285, .F. ) ;
#843 = VECTOR ( 'NONE', #1135, 1000.000000000000000 ) ;
#844 = SURFACE_STYLE_FILL_AREA ( #1551 ) ;
#845 = ORIENTED_EDGE ( 'NONE', *, *, #1267, .F. ) ;
#846 = LINE ( 'NONE', #1524, #1111 ) ;
#847 = CARTESIAN_POINT ( 'NONE',  ( -0.5000000000000000000, 0.2999999999999999889, 0.03000000000000000236 ) ) ;
#848 = VECTOR ( 'NONE', #97, 1000.000000000000000 ) ;
#849 = EDGE_CURVE ( 'NONE', #1116, #1782, #1707, .T. ) ;
#850 = VECTOR ( 'NONE', #728, 1000.000000000000000 ) ;
#851 = EDGE_CURVE ( 'NONE', #914, #339, #1136, .T. ) ;
#852 = CARTESIAN_POINT ( 'NONE',  ( 0.000000000000000000, 0.000000000000000000, 0.000000000000000000 ) ) ;
#853 = ORIENTED_EDGE ( 'NONE', *, *, #1274, .T. ) ;
#854 = ORIENTED_EDGE ( 'NONE', *, *, #147, .F. ) ;
#855 = LINE ( 'NONE', #979, #937 ) ;
#856 = ORIENTED_EDGE ( 'NONE', *, *, #1443, .F. ) ;
#857 = PLANE ( 'NONE',  #271 ) ;
#858 = DIRECTION ( 'NONE',  ( 1.000000000000000000, 0.000000000000000000, 0.000000000000000000 ) ) ;
#859 = EDGE_CURVE ( 'NONE', #1278, #251, #1273, .T. ) ;
#860 =( NAMED_UNIT ( * ) SI_UNIT ( $, .STERADIAN. ) SOLID_ANGLE_UNIT ( ) );
#861 = DIRECTION ( 'NONE',  ( 0.000000000000000000, -1.000000000000000000, 0.000000000000000000 ) ) ;
#862 = ORIENTED_EDGE ( 'NONE', *, *, #1274, .F. ) ;
#863 = DIRECTION ( 'NONE',  ( 0.000000000000000000, 1.000000000000000000, 0.000000000000000000 ) ) ;
#864 = VERTEX_POINT ( 'NONE', #847 ) ;
#865 = CARTESIAN_POINT ( 'NONE',  ( -0.7249999999999999778, -0.2999999999999999889, 0.7500000000000000000 ) ) ;
#866 =( NAMED_UNIT ( * ) SI_UNIT ( $, .STERADIAN. ) SOLID_ANGLE_UNIT ( ) );
#867 = DIRECTION ( 'NONE',  ( 1.000000000000000000, 0.000000000000000000, 0.000000000000000000 ) ) ;
#868 = ADVANCED_FACE ( 'NONE', ( #907 ), #216, .T. ) ;
#869 = VECTOR ( 'NONE', #585, 1000.000000000000000 ) ;
#870 = MECHANICAL_DESIGN_GEOMETRIC_PRESENTATION_REPRESENTATION (  '', ( #900 ), #1487 ) ;
#871 = DIRECTION ( 'NONE',  ( 0.000000000000000000, 1.000000000000000000, 0.000000000000000000 ) ) ;
#872 = EDGE_CURVE ( 'NONE', #1690, #339, #768, .T. ) ;
#873 = ORIENTED_EDGE ( 'NONE', *, *, #1142, .F. ) ;
#874 = AXIS2_PLACEMENT_3D ( 'NONE', #1349, #102, #634 ) ;
#875 = ORIENTED_EDGE ( 'NONE', *, *, #154, .T. ) ;
#876 = CARTESIAN_POINT ( 'NONE',  ( -0.8000000000000000444, -0.4000000000000000222, 0.03000000000000000236 ) ) ;
#877 = SURFACE_SIDE_STYLE ('',( #425 ) ) ;
#878 = LINE ( 'NONE', #887, #838 ) ;
#879 =( GEOMETRIC_REPRESENTATION_CONTEXT ( 3 ) GLOBAL_UNCERTAINTY_ASSIGNED_CONTEXT ( ( #1532 ) ) GLOBAL_UNIT_ASSIGNED_CONTEXT ( ( #1664, #399, #146 ) ) REPRESENTATION_CONTEXT ( 'NONE', 'WORKASPACE' ) );
#880 = MECHANICAL_DESIGN_GEOMETRIC_PRESENTATION_REPRESENTATION (  '', ( #1681 ), #212 ) ;
#881 = LINE ( 'NONE', #54, #1710 ) ;
#882 = EDGE_LOOP ( 'NONE', ( #356, #626, #1649, #842 ) ) ;
#883 = ORIENTED_EDGE ( 'NONE', *, *, #396, .F. ) ;
#884 = PLANE ( 'NONE',  #1625 ) ;
#885 = LINE ( 'NONE', #1173, #1706 ) ;
#886 = EDGE_CURVE ( 'NONE', #940, #1108, #364, .T. ) ;
#887 = CARTESIAN_POINT ( 'NONE',  ( -0.1125000000000000028, 0.2999999999999999889, 0.000000000000000000 ) ) ;
#888 = DIRECTION ( 'NONE',  ( 0.000000000000000000, 1.000000000000000000, 0.000000000000000000 ) ) ;
#889 =( NAMED_UNIT ( * ) PLANE_ANGLE_UNIT ( ) SI_UNIT ( $, .RADIAN. ) );
#890 = FILL_AREA_STYLE_COLOUR ( '', #1555 ) ;
#891 = ORIENTED_EDGE ( 'NONE', *, *, #886, .F. ) ;
#892 = ORIENTED_EDGE ( 'NONE', *, *, #1401, .T. ) ;
#893 = LINE ( 'NONE', #77, #1678 ) ;
#894 = CARTESIAN_POINT ( 'NONE',  ( -0.8000000000000000444, 0.4000000000000000222, 0.03000000000000000236 ) ) ;
#895 = CARTESIAN_POINT ( 'NONE',  ( -0.8000000000000000444, 0.4000000000000000222, 0.4699999999999999734 ) ) ;
#896 = DIRECTION ( 'NONE',  ( -1.000000000000000000, 0.000000000000000000, 0.000000000000000000 ) ) ;
#897 = CARTESIAN_POINT ( 'NONE',  ( -0.7699999999999999067, -0.4000000000000000222, 0.4699999999999999734 ) ) ;
#898 = EDGE_LOOP ( 'NONE', ( #758, #583, #1315, #710, #1654, #961, #977, #1063 ) ) ;
#899 = PRESENTATION_LAYER_ASSIGNMENT (  '', '', ( #718 ) ) ;
#900 = STYLED_ITEM ( 'NONE', ( #342 ), #1776 ) ;
#901 = ORIENTED_EDGE ( 'NONE', *, *, #705, .T. ) ;
#902 = CARTESIAN_POINT ( 'NONE',  ( 0.5000000000000000000, -0.2999999999999999889, 0.03000000000000000236 ) ) ;
#903 = VECTOR ( 'NONE', #421, 1000.000000000000000 ) ;
#904 = AXIS2_PLACEMENT_3D ( 'NONE', #1011, #1578, #588 ) ;
#905 = EDGE_CURVE ( 'NONE', #1717, #940, #754, .T. ) ;
#906 = ADVANCED_FACE ( 'NONE', ( #919 ), #236, .F. ) ;
#907 = FACE_OUTER_BOUND ( 'NONE', #582, .T. ) ;
#908 = CARTESIAN_POINT ( 'NONE',  ( 0.2771281292109999961, -0.3200000000000000067, 0.01500000000000000118 ) ) ;
#909 = VECTOR ( 'NONE', #542, 1000.000000000000000 ) ;
#910 = SURFACE_STYLE_FILL_AREA ( #72 ) ;
#911 = ORIENTED_EDGE ( 'NONE', *, *, #972, .T. ) ;
#912 = DIRECTION ( 'NONE',  ( 1.000000000000000000, 0.000000000000000000, 0.000000000000000000 ) ) ;
#913 = ORIENTED_EDGE ( 'NONE', *, *, #498, .F. ) ;
#914 = VERTEX_POINT ( 'NONE', #371 ) ;
#915 = FACE_OUTER_BOUND ( 'NONE', #1522, .T. ) ;
#916 = DIRECTION ( 'NONE',  ( 1.000000000000000000, 0.000000000000000000, 0.000000000000000000 ) ) ;
#917 = LINE ( 'NONE', #1483, #1256 ) ;
#918 =( LENGTH_UNIT ( ) NAMED_UNIT ( * ) SI_UNIT ( .MILLI., .METRE. ) );
#919 = FACE_OUTER_BOUND ( 'NONE', #76, .T. ) ;
#920 = DIRECTION ( 'NONE',  ( 1.000000000000000000, 0.000000000000000000, 0.000000000000000000 ) ) ;
#921 =( NAMED_UNIT ( * ) PLANE_ANGLE_UNIT ( ) SI_UNIT ( $, .RADIAN. ) );
#922 = VERTEX_POINT ( 'NONE', #1183 ) ;
#923 = VERTEX_POINT ( 'NONE', #206 ) ;
#924 = ADVANCED_FACE ( 'NONE', ( #1218 ), #1647, .T. ) ;
#925 = FACE_BOUND ( 'NONE', #149, .T. ) ;
#926 = VERTEX_POINT ( 'NONE', #1786 ) ;
#927 = CARTESIAN_POINT ( 'NONE',  ( -0.5300000000000000266, 0.2999999999999999889, -3.469446951954000916E-18 ) ) ;
#928 = PRODUCT_RELATED_PRODUCT_CATEGORY ( 'part', '', ( #1511 ) ) ;
#929 = PLANE ( 'NONE',  #152 ) ;
#930 = DIRECTION ( 'NONE',  ( 0.000000000000000000, -1.000000000000000000, 0.000000000000000000 ) ) ;
#931 = VERTEX_POINT ( 'NONE', #652 ) ;
#932 = CIRCLE ( 'NONE', #426, 0.02999999999999997113 ) ;
#933 = ADVANCED_FACE ( 'NONE', ( #1497 ), #515, .F. ) ;
#934 = ORIENTED_EDGE ( 'NONE', *, *, #673, .F. ) ;
#935 = SURFACE_SIDE_STYLE ('',( #1482 ) ) ;
#936 = PRESENTATION_LAYER_ASSIGNMENT (  '', '', ( #1734 ) ) ;
#937 = VECTOR ( 'NONE', #295, 1000.000000000000000 ) ;
#938 = DIRECTION ( 'NONE',  ( 1.000000000000000000, 0.000000000000000000, 0.000000000000000000 ) ) ;
#939 =( LENGTH_UNIT ( ) NAMED_UNIT ( * ) SI_UNIT ( .MILLI., .METRE. ) );
#940 = VERTEX_POINT ( 'NONE', #1779 ) ;
#941 = ORIENTED_EDGE ( 'NONE', *, *, #1770, .T. ) ;
#942 = ORIENTED_EDGE ( 'NONE', *, *, #180, .T. ) ;
#943 =( NAMED_UNIT ( * ) PLANE_ANGLE_UNIT ( ) SI_UNIT ( $, .RADIAN. ) );
#944 = AXIS2_PLACEMENT_3D ( 'NONE', #477, #1047, #896 ) ;
#945 = DIRECTION ( 'NONE',  ( 1.000000000000000000, 0.000000000000000000, 0.000000000000000000 ) ) ;
#946 = DIRECTION ( 'NONE',  ( 0.07911630099814660755, 0.000000000000000000, -0.9968653925763349966 ) ) ;
#947 = DIRECTION ( 'NONE',  ( 0.000000000000000000, 0.000000000000000000, 1.000000000000000000 ) ) ;
#948 = EDGE_LOOP ( 'NONE', ( #1406, #1053, #1722, #1209 ) ) ;
#949 = SURFACE_STYLE_FILL_AREA ( #1224 ) ;
#950 = EDGE_CURVE ( 'NONE', #241, #1304, #1484, .T. ) ;
#951 = CARTESIAN_POINT ( 'NONE',  ( -0.7699999999999999067, -0.4000000000000000222, 0.4699999999999999734 ) ) ;
#952 = FACE_OUTER_BOUND ( 'NONE', #1194, .T. ) ;
#953 = CARTESIAN_POINT ( 'NONE',  ( -0.7699999999999999067, -0.4000000000000000222, 0.03000000000000000236 ) ) ;
#954 = DIRECTION ( 'NONE',  ( -0.000000000000000000, 1.000000000000000000, 0.000000000000000000 ) ) ;
#955 = ADVANCED_FACE ( 'NONE', ( #1088 ), #1337, .F. ) ;
#956 = ADVANCED_FACE ( 'NONE', ( #70 ), #929, .T. ) ;
#957 = DIRECTION ( 'NONE',  ( 0.000000000000000000, 1.000000000000000000, 0.000000000000000000 ) ) ;
#958 = CARTESIAN_POINT ( 'NONE',  ( 0.7249999999999999778, -0.4000000000000000222, 0.000000000000000000 ) ) ;
#959 = VECTOR ( 'NONE', #1574, 1000.000000000000000 ) ;
#960 = LINE ( 'NONE', #513, #1562 ) ;
#961 = ORIENTED_EDGE ( 'NONE', *, *, #523, .F. ) ;
#962 = SURFACE_SIDE_STYLE ('',( #709 ) ) ;
#963 = ORIENTED_EDGE ( 'NONE', *, *, #905, .F. ) ;
#964 = DIRECTION ( 'NONE',  ( 0.000000000000000000, 1.000000000000000000, 0.000000000000000000 ) ) ;
#965 = CARTESIAN_POINT ( 'NONE',  ( -0.7249999999999999778, 0.2999999999999999889, 0.7500000000000000000 ) ) ;
#966 = CARTESIAN_POINT ( 'NONE',  ( 0.5300000000000000266, -0.2999999999999999889, 0.4699999999999999734 ) ) ;
#967 = EDGE_LOOP ( 'NONE', ( #368, #573, #641, #105 ) ) ;
#968 = DIRECTION ( 'NONE',  ( 1.000000000000000000, 0.000000000000000000, 0.000000000000000000 ) ) ;
#969 = ORIENTED_EDGE ( 'NONE', *, *, #1737, .F. ) ;
#970 = LINE ( 'NONE', #1666, #522 ) ;
#971 = LINE ( 'NONE', #965, #1795 ) ;
#972 = EDGE_CURVE ( 'NONE', #1552, #923, #574, .T. ) ;
#973 = CARTESIAN_POINT ( 'NONE',  ( -0.7699999999999999067, -0.4000000000000000222, 0.03000000000000000236 ) ) ;
#974 = DIRECTION ( 'NONE',  ( 0.000000000000000000, -1.000000000000000000, 0.000000000000000000 ) ) ;
#975 = EDGE_CURVE ( 'NONE', #348, #440, #855, .T. ) ;
#976 = LINE ( 'NONE', #1394, #725 ) ;
#977 = ORIENTED_EDGE ( 'NONE', *, *, #1519, .T. ) ;
#978 = EDGE_CURVE ( 'NONE', #250, #1774, #1716, .T. ) ;
#979 = CARTESIAN_POINT ( 'NONE',  ( -0.5000000000000000000, -0.4000000000000000222, 0.4699999999999999734 ) ) ;
#980 = ORIENTED_EDGE ( 'NONE', *, *, #1720, .F. ) ;
#981 = DIRECTION ( 'NONE',  ( 1.000000000000000000, 0.000000000000000000, 0.000000000000000000 ) ) ;
#982 = DIRECTION ( 'NONE',  ( 0.000000000000000000, 0.000000000000000000, -1.000000000000000000 ) ) ;
#983 = PLANE ( 'NONE',  #214 ) ;
#984 =( GEOMETRIC_REPRESENTATION_CONTEXT ( 3 ) GLOBAL_UNCERTAINTY_ASSIGNED_CONTEXT ( ( #726 ) ) GLOBAL_UNIT_ASSIGNED_CONTEXT ( ( #939, #921, #1221 ) ) REPRESENTATION_CONTEXT ( 'NONE', 'WORKASPACE' ) );
#985 = STYLED_ITEM ( 'NONE', ( #1807 ), #1366 ) ;
#986 = PRESENTATION_STYLE_ASSIGNMENT (( #1244 ) ) ;
#987 = UNCERTAINTY_MEASURE_WITH_UNIT (LENGTH_MEASURE( 1.000000000000000082E-05 ), #1429, 'distance_accuracy_value', 'NONE');
#988 =( GEOMETRIC_REPRESENTATION_CONTEXT ( 3 ) GLOBAL_UNCERTAINTY_ASSIGNED_CONTEXT ( ( #541 ) ) GLOBAL_UNIT_ASSIGNED_CONTEXT ( ( #832, #674, #544 ) ) REPRESENTATION_CONTEXT ( 'NONE', 'WORKASPACE' ) );
#989 = DIRECTION ( 'NONE',  ( 0.000000000000000000, -1.000000000000000000, 0.000000000000000000 ) ) ;
#990 = DIRECTION ( 'NONE',  ( 0.000000000000000000, 0.000000000000000000, 1.000000000000000000 ) ) ;
#991 = VERTEX_POINT ( 'NONE', #1812 ) ;
#992 = VECTOR ( 'NONE', #819, 1000.000000000000114 ) ;
#993 = CIRCLE ( 'NONE', #1229, 0.02999999999999997113 ) ;
#994 = LINE ( 'NONE', #314, #268 ) ;
#995 = EDGE_LOOP ( 'NONE', ( #480, #141, #619, #1754, #1536, #1397, #1247, #1133, #256, #1143 ) ) ;
#996 = DIRECTION ( 'NONE',  ( 1.000000000000000000, 0.000000000000000000, 0.000000000000000000 ) ) ;
#997 = PLANE ( 'NONE',  #1019 ) ;
#998 = DIRECTION ( 'NONE',  ( 0.000000000000000000, 0.000000000000000000, -1.000000000000000000 ) ) ;
#999 = VECTOR ( 'NONE', #15, 1000.000000000000000 ) ;
#1000 = FACE_OUTER_BOUND ( 'NONE', #1222, .T. ) ;
#1001 = DIRECTION ( 'NONE',  ( 0.000000000000000000, 0.000000000000000000, 1.000000000000000000 ) ) ;
#1002 = VERTEX_POINT ( 'NONE', #1260 ) ;
#1003 = CARTESIAN_POINT ( 'NONE',  ( -0.7699999999999999067, -0.4000000000000000222, 0.4699999999999999734 ) ) ;
#1004 = ORIENTED_EDGE ( 'NONE', *, *, #820, .F. ) ;
#1005 = LINE ( 'NONE', #1134, #959 ) ;
#1006 = ADVANCED_FACE ( 'NONE', ( #277 ), #26, .T. ) ;
#1007 = CARTESIAN_POINT ( 'NONE',  ( -0.7699999999999999067, 0.4000000000000000222, 0.4699999999999999734 ) ) ;
#1008 = EDGE_CURVE ( 'NONE', #48, #1459, #994, .T. ) ;
#1009 = VECTOR ( 'NONE', #1129, 1000.000000000000000 ) ;
#1010 = UNCERTAINTY_MEASURE_WITH_UNIT (LENGTH_MEASURE( 1.000000000000000082E-05 ), #439, 'distance_accuracy_value', 'NONE');
#1011 = CARTESIAN_POINT ( 'NONE',  ( -0.7249999999999999778, 0.5000000000000000000, 0.7500000000000000000 ) ) ;
#1012 = DIRECTION ( 'NONE',  ( 0.000000000000000000, 0.000000000000000000, -1.000000000000000000 ) ) ;
#1013 = VERTEX_POINT ( 'NONE', #1107 ) ;
#1014 = EDGE_LOOP ( 'NONE', ( #288, #168, #1106, #680 ) ) ;
#1015 = LINE ( 'NONE', #564, #1658 ) ;
#1016 =( NAMED_UNIT ( * ) SI_UNIT ( $, .STERADIAN. ) SOLID_ANGLE_UNIT ( ) );
#1017 = EDGE_CURVE ( 'NONE', #1150, #189, #825, .T. ) ;
#1018 = DIRECTION ( 'NONE',  ( 0.000000000000000000, 0.000000000000000000, 1.000000000000000000 ) ) ;
#1019 = AXIS2_PLACEMENT_3D ( 'NONE', #720, #739, #1575 ) ;
#1020 = AXIS2_PLACEMENT_3D ( 'NONE', #1280, #947, #867 ) ;
#1021 = CARTESIAN_POINT ( 'NONE',  ( 0.7249999999999999778, -0.4000000000000000222, 0.5000000000000000000 ) ) ;
#1022 = ORIENTED_EDGE ( 'NONE', *, *, #872, .F. ) ;
#1023 = VECTOR ( 'NONE', #299, 1000.000000000000000 ) ;
#1024 = EDGE_LOOP ( 'NONE', ( #1471, #1731, #1688, #563 ) ) ;
#1025 = DIRECTION ( 'NONE',  ( -1.000000000000000000, 0.000000000000000000, 0.000000000000000000 ) ) ;
#1026 = LINE ( 'NONE', #191, #1167 ) ;
#1027 =( GEOMETRIC_REPRESENTATION_CONTEXT ( 3 ) GLOBAL_UNCERTAINTY_ASSIGNED_CONTEXT ( ( #1414 ) ) GLOBAL_UNIT_ASSIGNED_CONTEXT ( ( #611, #1739, #1749 ) ) REPRESENTATION_CONTEXT ( 'NONE', 'WORKASPACE' ) );
#1028 = VECTOR ( 'NONE', #861, 1000.000000000000000 ) ;
#1029 = PRODUCT_CONTEXT ( 'NONE', #1066, 'mechanical' ) ;
#1030 = DIRECTION ( 'NONE',  ( 0.07911630099814660755, 0.000000000000000000, 0.9968653925763349966 ) ) ;
#1031 = SURFACE_STYLE_USAGE ( .BOTH. , #1432 ) ;
#1032 = ORIENTED_EDGE ( 'NONE', *, *, #537, .T. ) ;
#1033 = VERTEX_POINT ( 'NONE', #1673 ) ;
#1034 = CARTESIAN_POINT ( 'NONE',  ( -0.7249999999999999778, -0.2999999999999999889, 0.7500000000000000000 ) ) ;
#1035 = SURFACE_STYLE_USAGE ( .BOTH. , #1301 ) ;
#1036 = CARTESIAN_POINT ( 'NONE',  ( -0.7699999999999999067, -0.4000000000000000222, 0.5000000000000000000 ) ) ;
#1037 = CARTESIAN_POINT ( 'NONE',  ( -0.02250000000000000264, -0.2999999999999999889, 0.03000000000000000236 ) ) ;
#1038 = CARTESIAN_POINT ( 'NONE',  ( 0.2771281292109999961, 0.3200000000000000067, 0.01500000000000000118 ) ) ;
#1039 = SURFACE_SIDE_STYLE ('',( #338 ) ) ;
#1040 = ORIENTED_EDGE ( 'NONE', *, *, #1100, .F. ) ;
#1041 = EDGE_CURVE ( 'NONE', #230, #1572, #1543, .T. ) ;
#1042 = ORIENTED_EDGE ( 'NONE', *, *, #1330, .F. ) ;
#1043 = CARTESIAN_POINT ( 'NONE',  ( -0.5000000000000000000, 0.4000000000000000222, 0.4699999999999999734 ) ) ;
#1044 = EDGE_CURVE ( 'NONE', #432, #648, #1388, .T. ) ;
#1045 = CARTESIAN_POINT ( 'NONE',  ( -0.8000000000000000444, -0.4000000000000000222, 0.000000000000000000 ) ) ;
#1046 = SURFACE_STYLE_FILL_AREA ( #644 ) ;
#1047 = DIRECTION ( 'NONE',  ( 0.000000000000000000, 1.000000000000000000, 0.000000000000000000 ) ) ;
#1048 = CARTESIAN_POINT ( 'NONE',  ( 0.7249999999999999778, -0.5000000000000000000, 0.7500000000000000000 ) ) ;
#1049 = ORIENTED_EDGE ( 'NONE', *, *, #403, .T. ) ;
#1050 = EDGE_LOOP ( 'NONE', ( #596, #891, #963, #1542 ) ) ;
#1051 = VECTOR ( 'NONE', #279, 1000.000000000000227 ) ;
#1052 = VECTOR ( 'NONE', #128, 1000.000000000000000 ) ;
#1053 = ORIENTED_EDGE ( 'NONE', *, *, #671, .T. ) ;
#1054 = CARTESIAN_POINT ( 'NONE',  ( 0.7249999999999999778, -0.2999999999999999889, 0.000000000000000000 ) ) ;
#1055 = PRESENTATION_LAYER_ASSIGNMENT (  '', '', ( #1709 ) ) ;
#1056 = AXIS2_PLACEMENT_3D ( 'NONE', #1048, #1185, #1618 ) ;
#1057 = CARTESIAN_POINT ( 'NONE',  ( -0.4500000000000000111, -0.4000000000000000222, 1.100000000000000089 ) ) ;
#1058 = CARTESIAN_POINT ( 'NONE',  ( -0.5000000000000000000, -0.2999999999999999889, 0.03000000000000000236 ) ) ;
#1059 = ADVANCED_FACE ( 'NONE', ( #1126 ), #1691, .T. ) ;
#1060 = FACE_OUTER_BOUND ( 'NONE', #405, .T. ) ;
#1061 = AXIS2_PLACEMENT_3D ( 'NONE', #290, #930, #1089 ) ;
#1062 = VERTEX_POINT ( 'NONE', #1809 ) ;
#1063 = ORIENTED_EDGE ( 'NONE', *, *, #1646, .T. ) ;
#1064 = EDGE_LOOP ( 'NONE', ( #1079, #1417, #1353, #1323, #1332, #892, #1277, #287 ) ) ;
#1065 = LINE ( 'NONE', #772, #409 ) ;
#1066 = APPLICATION_CONTEXT ( 'automotive_design' ) ;
#1067 = DIRECTION ( 'NONE',  ( 0.000000000000000000, 1.000000000000000000, 0.000000000000000000 ) ) ;
#1068 = SURFACE_STYLE_USAGE ( .BOTH. , #1204 ) ;
#1069 = EDGE_CURVE ( 'NONE', #1002, #512, #284, .T. ) ;
#1070 = FACE_OUTER_BOUND ( 'NONE', #882, .T. ) ;
#1071 = VERTEX_POINT ( 'NONE', #696 ) ;
#1072 = ORIENTED_EDGE ( 'NONE', *, *, #318, .F. ) ;
#1073 = EDGE_LOOP ( 'NONE', ( #854, #220, #1004, #1683 ) ) ;
#1074 = SURFACE_STYLE_USAGE ( .BOTH. , #935 ) ;
#1075 = CARTESIAN_POINT ( 'NONE',  ( -0.7699999999999999067, 0.4000000000000000222, 0.4699999999999999734 ) ) ;
#1076 = DIRECTION ( 'NONE',  ( 0.000000000000000000, -1.000000000000000000, 0.000000000000000000 ) ) ;
#1077 = LINE ( 'NONE', #1687, #1501 ) ;
#1078 = DIRECTION ( 'NONE',  ( 0.000000000000000000, 0.000000000000000000, 1.000000000000000000 ) ) ;
#1079 = ORIENTED_EDGE ( 'NONE', *, *, #1436, .F. ) ;
#1080 = ORIENTED_EDGE ( 'NONE', *, *, #1142, .T. ) ;
#1081 = DIRECTION ( 'NONE',  ( 0.000000000000000000, 1.000000000000000000, 0.000000000000000000 ) ) ;
#1082 = ORIENTED_EDGE ( 'NONE', *, *, #1100, .T. ) ;
#1083 = ADVANCED_FACE ( 'NONE', ( #1268 ), #560, .F. ) ;
#1084 = CIRCLE ( 'NONE', #803, 0.02999999999999997113 ) ;
#1085 = AXIS2_PLACEMENT_3D ( 'NONE', #713, #1517, #132 ) ;
#1086 =( NAMED_UNIT ( * ) SI_UNIT ( $, .STERADIAN. ) SOLID_ANGLE_UNIT ( ) );
#1087 = AXIS2_PLACEMENT_3D ( 'NONE', #1038, #172, #470 ) ;
#1088 = FACE_OUTER_BOUND ( 'NONE', #948, .T. ) ;
#1089 = DIRECTION ( 'NONE',  ( 0.000000000000000000, 0.000000000000000000, 1.000000000000000000 ) ) ;
#1090 = EDGE_LOOP ( 'NONE', ( #385, #92, #1692, #1600 ) ) ;
#1091 = VECTOR ( 'NONE', #57, 1000.000000000000000 ) ;
#1092 = STYLED_ITEM ( 'NONE', ( #1385 ), #411 ) ;
#1093 = LINE ( 'NONE', #135, #909 ) ;
#1094 = DIRECTION ( 'NONE',  ( 0.000000000000000000, 1.000000000000000000, 0.000000000000000000 ) ) ;
#1095 = DIRECTION ( 'NONE',  ( 1.000000000000000000, 0.000000000000000000, 0.000000000000000000 ) ) ;
#1096 = LINE ( 'NONE', #527, #1342 ) ;
#1097 = CARTESIAN_POINT ( 'NONE',  ( -0.5300000000000000266, 0.2999999999999999889, 0.03000000000000000236 ) ) ;
#1098 = DIRECTION ( 'NONE',  ( 0.000000000000000000, 1.000000000000000000, 0.000000000000000000 ) ) ;
#1099 = ADVANCED_FACE ( 'NONE', ( #1561 ), #125, .T. ) ;
#1100 = EDGE_CURVE ( 'NONE', #922, #432, #1606, .T. ) ;
#1101 = PRESENTATION_STYLE_ASSIGNMENT (( #1241 ) ) ;
#1102 = DIRECTION ( 'NONE',  ( 1.000000000000000000, 0.000000000000000000, 0.000000000000000000 ) ) ;
#1103 = PLANE ( 'NONE',  #1174 ) ;
#1104 = UNCERTAINTY_MEASURE_WITH_UNIT (LENGTH_MEASURE( 1.000000000000000082E-05 ), #1657, 'distance_accuracy_value', 'NONE');
#1105 = DIRECTION ( 'NONE',  ( 0.000000000000000000, 0.000000000000000000, 1.000000000000000000 ) ) ;
#1106 = ORIENTED_EDGE ( 'NONE', *, *, #1119, .F. ) ;
#1107 = CARTESIAN_POINT ( 'NONE',  ( -0.7249999999999999778, -0.2999999999999999889, 0.4699999999999999734 ) ) ;
#1108 = VERTEX_POINT ( 'NONE', #36 ) ;
#1109 = FILL_AREA_STYLE_COLOUR ( '', #799 ) ;
#1110 = AXIS2_PLACEMENT_3D ( 'NONE', #390, #110, #362 ) ;
#1111 = VECTOR ( 'NONE', #9, 1000.000000000000000 ) ;
#1112 = CARTESIAN_POINT ( 'NONE',  ( 0.2771281292109999961, 0.3200000000000000067, 0.01500000000000000118 ) ) ;
#1113 = EDGE_CURVE ( 'NONE', #222, #348, #1460, .T. ) ;
#1114 = FILL_AREA_STYLE ('',( #387 ) ) ;
#1115 = ORIENTED_EDGE ( 'NONE', *, *, #905, .T. ) ;
#1116 = VERTEX_POINT ( 'NONE', #1588 ) ;
#1117 = CARTESIAN_POINT ( 'NONE',  ( -0.7249999999999999778, 0.05000000000000000278, 0.000000000000000000 ) ) ;
#1118 = DIRECTION ( 'NONE',  ( -0.000000000000000000, 1.000000000000000000, 0.000000000000000000 ) ) ;
#1119 = EDGE_CURVE ( 'NONE', #348, #384, #1168, .T. ) ;
#1120 = EDGE_CURVE ( 'NONE', #794, #647, #337, .T. ) ;
#1121 = DIRECTION ( 'NONE',  ( 0.000000000000000000, 1.000000000000000000, 0.000000000000000000 ) ) ;
#1122 = EDGE_CURVE ( 'NONE', #251, #1304, #1303, .T. ) ;
#1123 = DIRECTION ( 'NONE',  ( 0.000000000000000000, 0.000000000000000000, -1.000000000000000000 ) ) ;
#1124 =( NAMED_UNIT ( * ) SI_UNIT ( $, .STERADIAN. ) SOLID_ANGLE_UNIT ( ) );
#1125 = ORIENTED_EDGE ( 'NONE', *, *, #1667, .F. ) ;
#1126 = FACE_OUTER_BOUND ( 'NONE', #759, .T. ) ;
#1127 = ORIENTED_EDGE ( 'NONE', *, *, #498, .T. ) ;
#1128 = CARTESIAN_POINT ( 'NONE',  ( -0.02250000000000000264, -0.2999999999999999889, 0.4699999999999999734 ) ) ;
#1129 = DIRECTION ( 'NONE',  ( -1.000000000000000000, 0.000000000000000000, 0.000000000000000000 ) ) ;
#1130 = APPLICATION_PROTOCOL_DEFINITION ( 'draft international standard', 'automotive_design', 1998, #548 ) ;
#1131 = FILL_AREA_STYLE ('',( #1547 ) ) ;
#1132 = ORIENTED_EDGE ( 'NONE', *, *, #820, .T. ) ;
#1133 = ORIENTED_EDGE ( 'NONE', *, *, #950, .F. ) ;
#1134 = CARTESIAN_POINT ( 'NONE',  ( -0.7699999999999999067, 0.4000000000000000222, 0.4699999999999999734 ) ) ;
#1135 = DIRECTION ( 'NONE',  ( 0.000000000000000000, -1.000000000000000000, 0.000000000000000000 ) ) ;
#1136 = LINE ( 'NONE', #566, #1023 ) ;
#1137 = AXIS2_PLACEMENT_3D ( 'NONE', #228, #769, #91 ) ;
#1138 =( GEOMETRIC_REPRESENTATION_CONTEXT ( 3 ) GLOBAL_UNCERTAINTY_ASSIGNED_CONTEXT ( ( #4 ) ) GLOBAL_UNIT_ASSIGNED_CONTEXT ( ( #918, #658, #1086 ) ) REPRESENTATION_CONTEXT ( 'NONE', 'WORKASPACE' ) );
#1139 = PLANE ( 'NONE',  #300 ) ;
#1140 = CARTESIAN_POINT ( 'NONE',  ( -0.7249999999999999778, -0.2999999999999999889, 0.7500000000000000000 ) ) ;
#1141 = ORIENTED_EDGE ( 'NONE', *, *, #245, .F. ) ;
#1142 = EDGE_CURVE ( 'NONE', #1772, #1783, #881, .T. ) ;
#1143 = ORIENTED_EDGE ( 'NONE', *, *, #972, .F. ) ;
#1144 = CARTESIAN_POINT ( 'NONE',  ( -0.8000000000000000444, 0.4000000000000000222, 0.000000000000000000 ) ) ;
#1145 = AXIS2_PLACEMENT_3D ( 'NONE', #1682, #404, #140 ) ;
#1146 = AXIS2_PLACEMENT_3D ( 'NONE', #1476, #1615, #1449 ) ;
#1147 = CARTESIAN_POINT ( 'NONE',  ( 0.5300000000000000266, -0.2999999999999999889, 0.03000000000000000236 ) ) ;
#1148 = LINE ( 'NONE', #706, #1402 ) ;
#1149 = LINE ( 'NONE', #305, #1028 ) ;
#1150 = VERTEX_POINT ( 'NONE', #22 ) ;
#1151 = ORIENTED_EDGE ( 'NONE', *, *, #1646, .F. ) ;
#1152 = EDGE_CURVE ( 'NONE', #914, #1108, #1148, .T. ) ;
#1153 = FILL_AREA_STYLE_COLOUR ( '', #1225 ) ;
#1154 = ADVANCED_FACE ( 'NONE', ( #569 ), #311, .F. ) ;
#1155 = CARTESIAN_POINT ( 'NONE',  ( 0.7249999999999999778, 0.2999999999999999889, 0.5000000000000000000 ) ) ;
#1156 = PLANE ( 'NONE',  #1110 ) ;
#1157 = CARTESIAN_POINT ( 'NONE',  ( -0.7249999999999999778, 0.2999999999999999889, 0.7500000000000000000 ) ) ;
#1158 = DIRECTION ( 'NONE',  ( 0.000000000000000000, 0.000000000000000000, -1.000000000000000000 ) ) ;
#1159 = SURFACE_STYLE_USAGE ( .BOTH. , #1689 ) ;
#1160 = ORIENTED_EDGE ( 'NONE', *, *, #276, .T. ) ;
#1161 = ORIENTED_EDGE ( 'NONE', *, *, #1177, .T. ) ;
#1162 = SURFACE_STYLE_FILL_AREA ( #1445 ) ;
#1163 = DIRECTION ( 'NONE',  ( 0.000000000000000000, 0.000000000000000000, 1.000000000000000000 ) ) ;
#1164 = DIRECTION ( 'NONE',  ( 1.000000000000000000, 0.000000000000000000, 0.000000000000000000 ) ) ;
#1165 = CARTESIAN_POINT ( 'NONE',  ( -0.7699999999999999067, 0.4000000000000000222, 0.03000000000000000236 ) ) ;
#1166 = AXIS2_PLACEMENT_3D ( 'NONE', #150, #954, #298 ) ;
#1167 = VECTOR ( 'NONE', #69, 1000.000000000000000 ) ;
#1168 = LINE ( 'NONE', #1284, #1373 ) ;
#1169 = DIRECTION ( 'NONE',  ( 0.000000000000000000, 1.000000000000000000, 0.000000000000000000 ) ) ;
#1170 = ORIENTED_EDGE ( 'NONE', *, *, #396, .T. ) ;
#1171 = ORIENTED_EDGE ( 'NONE', *, *, #1803, .T. ) ;
#1172 = FACE_OUTER_BOUND ( 'NONE', #249, .T. ) ;
#1173 = CARTESIAN_POINT ( 'NONE',  ( -0.7249999999999999778, 0.05000000000000000278, 0.4699999999999999734 ) ) ;
#1174 = AXIS2_PLACEMENT_3D ( 'NONE', #1669, #1541, #559 ) ;
#1175 = ADVANCED_FACE ( 'NONE', ( #1000 ), #186, .F. ) ;
#1176 = PRESENTATION_LAYER_ASSIGNMENT (  '', '', ( #1681 ) ) ;
#1177 = EDGE_CURVE ( 'NONE', #386, #1013, #743, .T. ) ;
#1178 = DIRECTION ( 'NONE',  ( 0.000000000000000000, 0.000000000000000000, 1.000000000000000000 ) ) ;
#1179 = PLANE ( 'NONE',  #1259 ) ;
#1180 = EDGE_LOOP ( 'NONE', ( #833, #83, #56, #315 ) ) ;
#1181 = ADVANCED_FACE ( 'NONE', ( #1745 ), #1139, .T. ) ;
#1182 = VERTEX_POINT ( 'NONE', #1021 ) ;
#1183 = CARTESIAN_POINT ( 'NONE',  ( -0.7249999999999999778, -0.4000000000000000222, 0.000000000000000000 ) ) ;
#1184 = CARTESIAN_POINT ( 'NONE',  ( 0.7699999999999999067, -0.4000000000000000222, 0.03000000000000000236 ) ) ;
#1185 = DIRECTION ( 'NONE',  ( 1.000000000000000000, 0.000000000000000000, 0.000000000000000000 ) ) ;
#1186 = ORIENTED_EDGE ( 'NONE', *, *, #1422, .T. ) ;
#1187 = VERTEX_POINT ( 'NONE', #330 ) ;
#1188 = LINE ( 'NONE', #765, #1711 ) ;
#1189 = ADVANCED_FACE ( 'NONE', ( #1060 ), #655, .T. ) ;
#1190 =( NAMED_UNIT ( * ) PLANE_ANGLE_UNIT ( ) SI_UNIT ( $, .RADIAN. ) );
#1191 = FACE_OUTER_BOUND ( 'NONE', #282, .T. ) ;
#1192 = DIRECTION ( 'NONE',  ( 0.000000000000000000, 0.000000000000000000, 1.000000000000000000 ) ) ;
#1193 = ORIENTED_EDGE ( 'NONE', *, *, #1627, .F. ) ;
#1194 = EDGE_LOOP ( 'NONE', ( #805, #1362, #1125, #294 ) ) ;
#1195 = VECTOR ( 'NONE', #1415, 1000.000000000000000 ) ;
#1196 = EDGE_CURVE ( 'NONE', #1363, #98, #355, .T. ) ;
#1197 = CARTESIAN_POINT ( 'NONE',  ( 0.7249999999999999778, 0.4000000000000000222, 0.4699999999999999734 ) ) ;
#1198 = VECTOR ( 'NONE', #1631, 1000.000000000000000 ) ;
#1199 = LINE ( 'NONE', #1732, #292 ) ;
#1200 = EDGE_CURVE ( 'NONE', #1738, #1552, #1485, .T. ) ;
#1201 = PRESENTATION_LAYER_ASSIGNMENT (  '', '', ( #1763 ) ) ;
#1202 = CARTESIAN_POINT ( 'NONE',  ( -0.7699999999999999067, 0.4000000000000000222, 0.5000000000000000000 ) ) ;
#1203 =( NAMED_UNIT ( * ) SI_UNIT ( $, .STERADIAN. ) SOLID_ANGLE_UNIT ( ) );
#1204 = SURFACE_SIDE_STYLE ('',( #112 ) ) ;
#1205 = AXIS2_PLACEMENT_3D ( 'NONE', #785, #126, #823 ) ;
#1206 = ORIENTED_EDGE ( 'NONE', *, *, #100, .F. ) ;
#1207 = CARTESIAN_POINT ( 'NONE',  ( -0.5000000000000000000, 0.4000000000000000222, 0.4699999999999999734 ) ) ;
#1208 = ORIENTED_EDGE ( 'NONE', *, *, #173, .F. ) ;
#1209 = ORIENTED_EDGE ( 'NONE', *, *, #1017, .T. ) ;
#1210 = FILL_AREA_STYLE ('',( #232 ) ) ;
#1211 = PLANE ( 'NONE',  #1371 ) ;
#1212 = CARTESIAN_POINT ( 'NONE',  ( -0.7249999999999999778, 0.2999999999999999889, 0.7500000000000000000 ) ) ;
#1213 = DIRECTION ( 'NONE',  ( -1.000000000000000000, 0.000000000000000000, 0.000000000000000000 ) ) ;
#1214 = CARTESIAN_POINT ( 'NONE',  ( 0.7249999999999999778, 0.4000000000000000222, 0.5000000000000000000 ) ) ;
#1215 = EDGE_LOOP ( 'NONE', ( #1151, #796, #556, #1170, #1736, #27, #1042, #1506, #942, #637 ) ) ;
#1216 = ORIENTED_EDGE ( 'NONE', *, *, #442, .F. ) ;
#1217 = FACE_OUTER_BOUND ( 'NONE', #747, .T. ) ;
#1218 = FACE_OUTER_BOUND ( 'NONE', #1090, .T. ) ;
#1219 = FILL_AREA_STYLE ('',( #1769 ) ) ;
#1220 = VECTOR ( 'NONE', #1697, 1000.000000000000000 ) ;
#1221 =( NAMED_UNIT ( * ) SI_UNIT ( $, .STERADIAN. ) SOLID_ANGLE_UNIT ( ) );
#1222 = EDGE_LOOP ( 'NONE', ( #730, #313, #599, #422 ) ) ;
#1223 = AXIS2_PLACEMENT_3D ( 'NONE', #897, #374, #1478 ) ;
#1224 = FILL_AREA_STYLE ('',( #394 ) ) ;
#1225 = COLOUR_RGB ( '',0.8941176470588234615, 0.8901960784313724950, 0.8117647058823529438 ) ;
#1226 = VECTOR ( 'NONE', #192, 1000.000000000000000 ) ;
#1227 = DIRECTION ( 'NONE',  ( 1.000000000000000000, 0.000000000000000000, 0.000000000000000000 ) ) ;
#1228 = AXIS2_PLACEMENT_3D ( 'NONE', #1320, #381, #1614 ) ;
#1229 = AXIS2_PLACEMENT_3D ( 'NONE', #966, #531, #108 ) ;
#1230 = ADVANCED_FACE ( 'NONE', ( #1339 ), #478, .F. ) ;
#1231 = VECTOR ( 'NONE', #219, 1000.000000000000114 ) ;
#1232 = ADVANCED_FACE ( 'NONE', ( #248 ), #1500, .T. ) ;
#1233 = VECTOR ( 'NONE', #1213, 1000.000000000000000 ) ;
#1234 = CARTESIAN_POINT ( 'NONE',  ( 0.09237604307034000262, 0.000000000000000000, 0.01500000000000000118 ) ) ;
#1235 =( NAMED_UNIT ( * ) PLANE_ANGLE_UNIT ( ) SI_UNIT ( $, .RADIAN. ) );
#1236 = DIRECTION ( 'NONE',  ( 1.000000000000000000, 0.000000000000000000, 0.000000000000000000 ) ) ;
#1237 = FILL_AREA_STYLE_COLOUR ( '', #775 ) ;
#1238 = CARTESIAN_POINT ( 'NONE',  ( -0.7699999999999999067, 0.4000000000000000222, 0.03000000000000000236 ) ) ;
#1239 = ORIENTED_EDGE ( 'NONE', *, *, #703, .F. ) ;
#1240 = EDGE_LOOP ( 'NONE', ( #376, #687, #545, #1161 ) ) ;
#1241 = SURFACE_STYLE_USAGE ( .BOTH. , #1250 ) ;
#1242 = EDGE_CURVE ( 'NONE', #333, #1486, #1648, .T. ) ;
#1243 = FACE_OUTER_BOUND ( 'NONE', #161, .T. ) ;
#1244 = SURFACE_STYLE_USAGE ( .BOTH. , #427 ) ;
#1245 = ADVANCED_FACE ( 'NONE', ( #1070 ), #1789, .T. ) ;
#1246 = CARTESIAN_POINT ( 'NONE',  ( -0.7699999999999999067, -0.4000000000000000222, 0.4699999999999999734 ) ) ;
#1247 = ORIENTED_EDGE ( 'NONE', *, *, #1122, .T. ) ;
#1248 = SURFACE_STYLE_USAGE ( .BOTH. , #962 ) ;
#1249 = ORIENTED_EDGE ( 'NONE', *, *, #1587, .F. ) ;
#1250 = SURFACE_SIDE_STYLE ('',( #681 ) ) ;
#1251 = DIRECTION ( 'NONE',  ( 0.000000000000000000, 1.000000000000000000, 0.000000000000000000 ) ) ;
#1252 = AXIS2_PLACEMENT_3D ( 'NONE', #953, #410, #669 ) ;
#1253 = EDGE_CURVE ( 'NONE', #1062, #467, #518, .T. ) ;
#1254 = ADVANCED_FACE ( 'NONE', ( #1753 ), #763, .T. ) ;
#1255 = CARTESIAN_POINT ( 'NONE',  ( -0.7249999999999999778, 0.2999999999999999889, 0.5000000000000000000 ) ) ;
#1256 = VECTOR ( 'NONE', #1335, 1000.000000000000000 ) ;
#1257 = CARTESIAN_POINT ( 'NONE',  ( -8.772411109409000623E-18, 0.4000000000000000222, 0.7750441282940000454 ) ) ;
#1258 = ORIENTED_EDGE ( 'NONE', *, *, #514, .F. ) ;
#1259 = AXIS2_PLACEMENT_3D ( 'NONE', #466, #1746, #638 ) ;
#1260 = CARTESIAN_POINT ( 'NONE',  ( 0.2771281292109999961, -0.3200000000000000067, 0.01500000000000000118 ) ) ;
#1261 = ORIENTED_EDGE ( 'NONE', *, *, #1253, .F. ) ;
#1262 = VECTOR ( 'NONE', #1468, 1000.000000000000000 ) ;
#1263 = DIRECTION ( 'NONE',  ( 0.000000000000000000, -1.000000000000000000, 0.000000000000000000 ) ) ;
#1264 = DIRECTION ( 'NONE',  ( 0.000000000000000000, -1.000000000000000000, 0.000000000000000000 ) ) ;
#1265 = CARTESIAN_POINT ( 'NONE',  ( -0.8000000000000000444, 0.4000000000000000222, 0.000000000000000000 ) ) ;
#1266 = CARTESIAN_POINT ( 'NONE',  ( -0.5300000000000000266, -0.4000000000000000222, 0.5000000000000000000 ) ) ;
#1267 = EDGE_CURVE ( 'NONE', #323, #1062, #1771, .T. ) ;
#1268 = FACE_OUTER_BOUND ( 'NONE', #1180, .T. ) ;
#1269 = ORIENTED_EDGE ( 'NONE', *, *, #1602, .F. ) ;
#1270 = PRESENTATION_STYLE_ASSIGNMENT (( #698 ) ) ;
#1271 = EDGE_LOOP ( 'NONE', ( #795, #543, #1364, #67, #213, #170, #1434, #413, #116, #38 ) ) ;
#1272 = CARTESIAN_POINT ( 'NONE',  ( 0.5300000000000000266, -0.2999999999999999889, 0.5000000000000000000 ) ) ;
#1273 = LINE ( 'NONE', #21, #1620 ) ;
#1274 = EDGE_CURVE ( 'NONE', #689, #1116, #350, .T. ) ;
#1275 = CARTESIAN_POINT ( 'NONE',  ( 0.7249999999999999778, 0.2999999999999999889, 0.7500000000000000000 ) ) ;
#1276 = PLANE ( 'NONE',  #1766 ) ;
#1277 = ORIENTED_EDGE ( 'NONE', *, *, #811, .T. ) ;
#1278 = VERTEX_POINT ( 'NONE', #1214 ) ;
#1279 = CARTESIAN_POINT ( 'NONE',  ( -0.7249999999999999778, 0.2999999999999999889, 0.7500000000000000000 ) ) ;
#1280 = CARTESIAN_POINT ( 'NONE',  ( -0.8000000000000000444, -0.4000000000000000222, 0.000000000000000000 ) ) ;
#1281 = VECTOR ( 'NONE', #679, 1000.000000000000000 ) ;
#1282 = VECTOR ( 'NONE', #863, 1000.000000000000000 ) ;
#1283 = ADVANCED_FACE ( 'NONE', ( #510 ), #793, .F. ) ;
#1284 = CARTESIAN_POINT ( 'NONE',  ( -0.5000000000000000000, 0.4000000000000000222, 0.4699999999999999734 ) ) ;
#1285 = EDGE_CURVE ( 'NONE', #472, #196, #1096, .T. ) ;
#1286 = CARTESIAN_POINT ( 'NONE',  ( -0.7249999999999999778, -0.4000000000000000222, 0.03000000000000000236 ) ) ;
#1287 = EDGE_LOOP ( 'NONE', ( #1216, #1049, #457, #106 ) ) ;
#1288 = AXIS2_PLACEMENT_3D ( 'NONE', #691, #1381, #138 ) ;
#1289 = VECTOR ( 'NONE', #629, 1000.000000000000000 ) ;
#1290 = ORIENTED_EDGE ( 'NONE', *, *, #721, .T. ) ;
#1291 = DIRECTION ( 'NONE',  ( 0.000000000000000000, 0.000000000000000000, 1.000000000000000000 ) ) ;
#1292 = CIRCLE ( 'NONE', #1145, 0.03000000000000002318 ) ;
#1293 = VECTOR ( 'NONE', #1735, 1000.000000000000000 ) ;
#1294 = LINE ( 'NONE', #401, #538 ) ;
#1295 = LINE ( 'NONE', #1329, #1377 ) ;
#1296 = FILL_AREA_STYLE ('',( #265 ) ) ;
#1297 = CARTESIAN_POINT ( 'NONE',  ( -0.7699999999999999067, -0.4000000000000000222, 0.03000000000000000236 ) ) ;
#1298 = ORIENTED_EDGE ( 'NONE', *, *, #1367, .T. ) ;
#1299 = ORIENTED_EDGE ( 'NONE', *, *, #1380, .T. ) ;
#1300 = LINE ( 'NONE', #8, #1405 ) ;
#1301 = SURFACE_SIDE_STYLE ('',( #1162 ) ) ;
#1302 = DIRECTION ( 'NONE',  ( 0.000000000000000000, -1.000000000000000000, 0.000000000000000000 ) ) ;
#1303 = LINE ( 'NONE', #46, #35 ) ;
#1304 = VERTEX_POINT ( 'NONE', #33 ) ;
#1305 = EDGE_CURVE ( 'NONE', #1062, #250, #746, .T. ) ;
#1306 = ORIENTED_EDGE ( 'NONE', *, *, #790, .T. ) ;
#1307 = CARTESIAN_POINT ( 'NONE',  ( 0.7249999999999999778, -0.2999999999999999889, 0.03000000000000000236 ) ) ;
#1308 = CARTESIAN_POINT ( 'NONE',  ( -0.5300000000000000266, 0.2999999999999999889, 0.4699999999999999734 ) ) ;
#1309 = DIRECTION ( 'NONE',  ( 1.000000000000000000, 0.000000000000000000, 0.000000000000000000 ) ) ;
#1310 = EDGE_CURVE ( 'NONE', #736, #1608, #584, .T. ) ;
#1311 = STYLED_ITEM ( 'NONE', ( #1641 ), #1245 ) ;
#1312 = DIRECTION ( 'NONE',  ( 1.000000000000000000, 0.000000000000000000, 0.000000000000000000 ) ) ;
#1313 = ORIENTED_EDGE ( 'NONE', *, *, #285, .F. ) ;
#1314 = VECTOR ( 'NONE', #623, 1000.000000000000000 ) ;
#1315 = ORIENTED_EDGE ( 'NONE', *, *, #231, .F. ) ;
#1316 = PLANE ( 'NONE',  #301 ) ;
#1317 = PLANE ( 'NONE',  #485 ) ;
#1318 = CIRCLE ( 'NONE', #1374, 0.03000000000000000236 ) ;
#1319 = CARTESIAN_POINT ( 'NONE',  ( -0.7699999999999999067, -0.4000000000000000222, 0.4699999999999999734 ) ) ;
#1320 = CARTESIAN_POINT ( 'NONE',  ( 0.5000000000000000000, -0.4000000000000000222, 0.000000000000000000 ) ) ;
#1321 = FACE_OUTER_BOUND ( 'NONE', #967, .T. ) ;
#1322 = ORIENTED_EDGE ( 'NONE', *, *, #1242, .T. ) ;
#1323 = ORIENTED_EDGE ( 'NONE', *, *, #1267, .T. ) ;
#1324 = CARTESIAN_POINT ( 'NONE',  ( -0.7699999999999999067, -0.4000000000000000222, 0.03000000000000000236 ) ) ;
#1325 = SURFACE_STYLE_FILL_AREA ( #1428 ) ;
#1326 = SURFACE_STYLE_USAGE ( .BOTH. , #1039 ) ;
#1327 = DIRECTION ( 'NONE',  ( 1.000000000000000000, 0.000000000000000000, 0.000000000000000000 ) ) ;
#1328 = CARTESIAN_POINT ( 'NONE',  ( 0.7699999999999999067, 0.4000000000000000222, 0.03000000000000000236 ) ) ;
#1329 = CARTESIAN_POINT ( 'NONE',  ( -0.5000000000000000000, 0.4000000000000000222, 0.4699999999999999734 ) ) ;
#1330 = EDGE_CURVE ( 'NONE', #697, #1071, #1663, .T. ) ;
#1331 = CARTESIAN_POINT ( 'NONE',  ( -0.8000000000000000444, -0.4000000000000000222, 0.5000000000000000000 ) ) ;
#1332 = ORIENTED_EDGE ( 'NONE', *, *, #1253, .T. ) ;
#1333 = ADVANCED_FACE ( 'NONE', ( #1509 ), #539, .F. ) ;
#1334 = CARTESIAN_POINT ( 'NONE',  ( 0.7699999999999999067, 0.4000000000000000222, 0.03000000000000000236 ) ) ;
#1335 = DIRECTION ( 'NONE',  ( 0.000000000000000000, -1.000000000000000000, 0.000000000000000000 ) ) ;
#1336 = LINE ( 'NONE', #87, #810 ) ;
#1337 = PLANE ( 'NONE',  #750 ) ;
#1338 = FACE_OUTER_BOUND ( 'NONE', #18, .T. ) ;
#1339 = FACE_OUTER_BOUND ( 'NONE', #143, .T. ) ;
#1340 = ORIENTED_EDGE ( 'NONE', *, *, #486, .F. ) ;
#1341 = VERTEX_POINT ( 'NONE', #1155 ) ;
#1342 = VECTOR ( 'NONE', #577, 1000.000000000000000 ) ;
#1343 = ADVANCED_FACE ( 'NONE', ( #1368 ), #1668, .F. ) ;
#1344 = PRESENTATION_LAYER_ASSIGNMENT (  '', '', ( #900 ) ) ;
#1345 = DIRECTION ( 'NONE',  ( 0.000000000000000000, 1.000000000000000000, 0.000000000000000000 ) ) ;
#1346 = VERTEX_POINT ( 'NONE', #660 ) ;
#1347 = DIRECTION ( 'NONE',  ( 0.000000000000000000, 1.000000000000000000, 0.000000000000000000 ) ) ;
#1348 = VECTOR ( 'NONE', #650, 1000.000000000000000 ) ;
#1349 = CARTESIAN_POINT ( 'NONE',  ( -0.5300000000000000266, -0.4000000000000000222, 0.4699999999999999734 ) ) ;
#1350 = DIRECTION ( 'NONE',  ( 0.000000000000000000, 1.000000000000000000, 0.000000000000000000 ) ) ;
#1351 = CARTESIAN_POINT ( 'NONE',  ( 0.5300000000000000266, -0.4000000000000000222, -3.469446951954000916E-18 ) ) ;
#1352 = ORIENTED_EDGE ( 'NONE', *, *, #231, .T. ) ;
#1353 = ORIENTED_EDGE ( 'NONE', *, *, #1737, .T. ) ;
#1354 = ORIENTED_EDGE ( 'NONE', *, *, #1122, .F. ) ;
#1355 = LINE ( 'NONE', #158, #1794 ) ;
#1356 = ORIENTED_EDGE ( 'NONE', *, *, #39, .T. ) ;
#1357 = LINE ( 'NONE', #1612, #1348 ) ;
#1358 = CARTESIAN_POINT ( 'NONE',  ( 0.8000000000000000444, -0.4000000000000000222, 0.000000000000000000 ) ) ;
#1359 = DIRECTION ( 'NONE',  ( 0.000000000000000000, -1.000000000000000000, 0.000000000000000000 ) ) ;
#1360 = DIRECTION ( 'NONE',  ( -1.000000000000000000, 0.000000000000000000, 0.000000000000000000 ) ) ;
#1361 = DIRECTION ( 'NONE',  ( 1.000000000000000000, 0.000000000000000000, 0.000000000000000000 ) ) ;
#1362 = ORIENTED_EDGE ( 'NONE', *, *, #499, .T. ) ;
#1363 = VERTEX_POINT ( 'NONE', #121 ) ;
#1364 = ORIENTED_EDGE ( 'NONE', *, *, #171, .T. ) ;
#1365 = DIRECTION ( 'NONE',  ( 0.000000000000000000, 1.000000000000000000, 0.000000000000000000 ) ) ;
#1366 = ADVANCED_FACE ( 'NONE', ( #530 ), #1382, .T. ) ;
#1367 = EDGE_CURVE ( 'NONE', #267, #1363, #1294, .T. ) ;
#1368 = FACE_OUTER_BOUND ( 'NONE', #898, .T. ) ;
#1369 =( GEOMETRIC_REPRESENTATION_CONTEXT ( 3 ) GLOBAL_UNCERTAINTY_ASSIGNED_CONTEXT ( ( #1431 ) ) GLOBAL_UNIT_ASSIGNED_CONTEXT ( ( #1441, #889, #860 ) ) REPRESENTATION_CONTEXT ( 'NONE', 'WORKASPACE' ) );
#1370 = ORIENTED_EDGE ( 'NONE', *, *, #840, .T. ) ;
#1371 = AXIS2_PLACEMENT_3D ( 'NONE', #1768, #507, #1365 ) ;
#1372 = LINE ( 'NONE', #1662, #32 ) ;
#1373 = VECTOR ( 'NONE', #734, 1000.000000000000000 ) ;
#1374 = AXIS2_PLACEMENT_3D ( 'NONE', #1528, #829, #1392 ) ;
#1375 =( NAMED_UNIT ( * ) SI_UNIT ( $, .STERADIAN. ) SOLID_ANGLE_UNIT ( ) );
#1376 = ORIENTED_EDGE ( 'NONE', *, *, #285, .T. ) ;
#1377 = VECTOR ( 'NONE', #1030, 1000.000000000000227 ) ;
#1378 =( LENGTH_UNIT ( ) NAMED_UNIT ( * ) SI_UNIT ( .MILLI., .METRE. ) );
#1379 = ORIENTED_EDGE ( 'NONE', *, *, #372, .T. ) ;
#1380 = EDGE_CURVE ( 'NONE', #1071, #1187, #445, .T. ) ;
#1381 = DIRECTION ( 'NONE',  ( -0.000000000000000000, 1.000000000000000000, 0.000000000000000000 ) ) ;
#1382 = PLANE ( 'NONE',  #351 ) ;
#1383 = CARTESIAN_POINT ( 'NONE',  ( -0.1125000000000000028, 0.2999999999999999889, 0.5000000000000000000 ) ) ;
#1384 =( NAMED_UNIT ( * ) PLANE_ANGLE_UNIT ( ) SI_UNIT ( $, .RADIAN. ) );
#1385 = PRESENTATION_STYLE_ASSIGNMENT (( #1521 ) ) ;
#1386 = EDGE_LOOP ( 'NONE', ( #1811, #1298, #1635, #575 ) ) ;
#1387 = ADVANCED_FACE ( 'NONE', ( #1243 ), #1796, .T. ) ;
#1388 = LINE ( 'NONE', #555, #1281 ) ;
#1389 = ORIENTED_EDGE ( 'NONE', *, *, #1446, .F. ) ;
#1390 = CARTESIAN_POINT ( 'NONE',  ( -0.5300000000000000266, 0.2999999999999999889, 0.5000000000000000000 ) ) ;
#1391 = CARTESIAN_POINT ( 'NONE',  ( 0.7699999999999999067, -0.4000000000000000222, 0.03000000000000000236 ) ) ;
#1392 = DIRECTION ( 'NONE',  ( 0.000000000000000000, 0.000000000000000000, 1.000000000000000000 ) ) ;
#1393 = UNCERTAINTY_MEASURE_WITH_UNIT (LENGTH_MEASURE( 1.000000000000000082E-05 ), #663, 'distance_accuracy_value', 'NONE');
#1394 = CARTESIAN_POINT ( 'NONE',  ( 0.7249999999999999778, -0.2999999999999999889, 0.7500000000000000000 ) ) ;
#1395 = ORIENTED_EDGE ( 'NONE', *, *, #1726, .F. ) ;
#1396 = DIRECTION ( 'NONE',  ( 0.000000000000000000, 0.000000000000000000, 1.000000000000000000 ) ) ;
#1397 = ORIENTED_EDGE ( 'NONE', *, *, #147, .T. ) ;
#1398 = DIRECTION ( 'NONE',  ( 0.000000000000000000, 1.000000000000000000, 0.000000000000000000 ) ) ;
#1399 = STYLED_ITEM ( 'NONE', ( #51 ), #1755 ) ;
#1400 = AXIS2_PLACEMENT_3D ( 'NONE', #258, #945, #1656 ) ;
#1401 = EDGE_CURVE ( 'NONE', #467, #991, #878, .T. ) ;
#1402 = VECTOR ( 'NONE', #194, 1000.000000000000000 ) ;
#1403 = ORIENTED_EDGE ( 'NONE', *, *, #444, .T. ) ;
#1404 = CARTESIAN_POINT ( 'NONE',  ( 0.2771281292109999961, -0.3200000000000000067, 0.01500000000000000118 ) ) ;
#1405 = VECTOR ( 'NONE', #326, 1000.000000000000000 ) ;
#1406 = ORIENTED_EDGE ( 'NONE', *, *, #343, .F. ) ;
#1407 = MECHANICAL_DESIGN_GEOMETRIC_PRESENTATION_REPRESENTATION (  '', ( #817 ), #549 ) ;
#1408 = CARTESIAN_POINT ( 'NONE',  ( 0.5000000000000000000, -0.4000000000000000222, 0.03000000000000000236 ) ) ;
#1409 = ORIENTED_EDGE ( 'NONE', *, *, #1627, .T. ) ;
#1410 = CARTESIAN_POINT ( 'NONE',  ( 0.7699999999999999067, -0.4000000000000000222, 0.03000000000000000236 ) ) ;
#1411 = DIRECTION ( 'NONE',  ( 1.000000000000000000, 0.000000000000000000, 0.000000000000000000 ) ) ;
#1412 = SHAPE_DEFINITION_REPRESENTATION ( #1792, #473 ) ;
#1413 = FACE_OUTER_BOUND ( 'NONE', #1479, .T. ) ;
#1414 = UNCERTAINTY_MEASURE_WITH_UNIT (LENGTH_MEASURE( 1.000000000000000082E-05 ), #611, 'distance_accuracy_value', 'NONE');
#1415 = DIRECTION ( 'NONE',  ( 1.000000000000000000, 0.000000000000000000, 0.000000000000000000 ) ) ;
#1416 = CARTESIAN_POINT ( 'NONE',  ( -0.7699999999999999067, 0.4000000000000000222, -3.469446951954000916E-18 ) ) ;
#1417 = ORIENTED_EDGE ( 'NONE', *, *, #1008, .F. ) ;
#1418 = FILL_AREA_STYLE_COLOUR ( '', #1525 ) ;
#1419 = ORIENTED_EDGE ( 'NONE', *, *, #593, .T. ) ;
#1420 = DIRECTION ( 'NONE',  ( -1.000000000000000000, 0.000000000000000000, 0.000000000000000000 ) ) ;
#1421 = FILL_AREA_STYLE_COLOUR ( '', #1760 ) ;
#1422 = EDGE_CURVE ( 'NONE', #923, #241, #1026, .T. ) ;
#1423 = EDGE_CURVE ( 'NONE', #1772, #333, #613, .T. ) ;
#1424 =( NAMED_UNIT ( * ) PLANE_ANGLE_UNIT ( ) SI_UNIT ( $, .RADIAN. ) );
#1425 = ORIENTED_EDGE ( 'NONE', *, *, #14, .F. ) ;
#1426 = ORIENTED_EDGE ( 'NONE', *, *, #1676, .F. ) ;
#1427 = DIRECTION ( 'NONE',  ( -0.000000000000000000, 1.000000000000000000, 0.000000000000000000 ) ) ;
#1428 = FILL_AREA_STYLE ('',( #1153 ) ) ;
#1429 =( LENGTH_UNIT ( ) NAMED_UNIT ( * ) SI_UNIT ( .MILLI., .METRE. ) );
#1430 = PRESENTATION_LAYER_ASSIGNMENT (  '', '', ( #1613 ) ) ;
#1431 = UNCERTAINTY_MEASURE_WITH_UNIT (LENGTH_MEASURE( 1.000000000000000082E-05 ), #1441, 'distance_accuracy_value', 'NONE');
#1432 = SURFACE_SIDE_STYLE ('',( #607 ) ) ;
#1433 = LINE ( 'NONE', #174, #693 ) ;
#1434 = ORIENTED_EDGE ( 'NONE', *, *, #731, .F. ) ;
#1435 = EDGE_LOOP ( 'NONE', ( #1490, #862, #1239, #801 ) ) ;
#1436 = EDGE_CURVE ( 'NONE', #1459, #1621, #109, .T. ) ;
#1437 = COLOUR_RGB ( '',0.8941176470588234615, 0.8901960784313724950, 0.8117647058823529438 ) ;
#1438 = SURFACE_STYLE_USAGE ( .BOTH. , #877 ) ;
#1439 = VECTOR ( 'NONE', #836, 1000.000000000000000 ) ;
#1440 = PLANE ( 'NONE',  #1741 ) ;
#1441 =( LENGTH_UNIT ( ) NAMED_UNIT ( * ) SI_UNIT ( .MILLI., .METRE. ) );
#1442 = ORIENTED_EDGE ( 'NONE', *, *, #12, .F. ) ;
#1443 = EDGE_CURVE ( 'NONE', #1346, #1552, #837, .T. ) ;
#1444 = ORIENTED_EDGE ( 'NONE', *, *, #259, .F. ) ;
#1445 = FILL_AREA_STYLE ('',( #1421 ) ) ;
#1446 = EDGE_CURVE ( 'NONE', #923, #646, #1725, .T. ) ;
#1447 = PRESENTATION_STYLE_ASSIGNMENT (( #1326 ) ) ;
#1448 = CARTESIAN_POINT ( 'NONE',  ( 0.7699999999999999067, -0.4000000000000000222, -3.469446951954000916E-18 ) ) ;
#1449 = DIRECTION ( 'NONE',  ( 1.000000000000000000, 0.000000000000000000, 0.000000000000000000 ) ) ;
#1450 = ORIENTED_EDGE ( 'NONE', *, *, #133, .F. ) ;
#1451 = ORIENTED_EDGE ( 'NONE', *, *, #593, .F. ) ;
#1452 = DIRECTION ( 'NONE',  ( 0.000000000000000000, -1.000000000000000000, 0.000000000000000000 ) ) ;
#1453 = VECTOR ( 'NONE', #685, 1000.000000000000000 ) ;
#1454 = CARTESIAN_POINT ( 'NONE',  ( 0.2771281292109999961, 0.3200000000000000067, 0.01500000000000000118 ) ) ;
#1455 = PRESENTATION_LAYER_ASSIGNMENT (  '', '', ( #1311 ) ) ;
#1456 = DIRECTION ( 'NONE',  ( -1.000000000000000000, 0.000000000000000000, 0.000000000000000000 ) ) ;
#1457 =( GEOMETRIC_REPRESENTATION_CONTEXT ( 3 ) GLOBAL_UNCERTAINTY_ASSIGNED_CONTEXT ( ( #987 ) ) GLOBAL_UNIT_ASSIGNED_CONTEXT ( ( #1429, #812, #1375 ) ) REPRESENTATION_CONTEXT ( 'NONE', 'WORKASPACE' ) );
#1458 = DIRECTION ( 'NONE',  ( 0.000000000000000000, 0.000000000000000000, 1.000000000000000000 ) ) ;
#1459 = VERTEX_POINT ( 'NONE', #1448 ) ;
#1460 = CIRCLE ( 'NONE', #630, 0.02999999999999997113 ) ;
#1461 = ORIENTED_EDGE ( 'NONE', *, *, #886, .T. ) ;
#1462 = CARTESIAN_POINT ( 'NONE',  ( 0.5000000000000000000, 0.2999999999999999889, 0.03000000000000000236 ) ) ;
#1463 = CIRCLE ( 'NONE', #492, 0.02999999999999997113 ) ;
#1464 =( NAMED_UNIT ( * ) PLANE_ANGLE_UNIT ( ) SI_UNIT ( $, .RADIAN. ) );
#1465 = EDGE_CURVE ( 'NONE', #1472, #562, #1603, .T. ) ;
#1466 = CIRCLE ( 'NONE', #1061, 0.03000000000000002318 ) ;
#1467 = SURFACE_STYLE_USAGE ( .BOTH. , #353 ) ;
#1468 = DIRECTION ( 'NONE',  ( 0.000000000000000000, -1.000000000000000000, 0.000000000000000000 ) ) ;
#1469 = ORIENTED_EDGE ( 'NONE', *, *, #95, .F. ) ;
#1470 = DIRECTION ( 'NONE',  ( 0.000000000000000000, 1.000000000000000000, 0.000000000000000000 ) ) ;
#1471 = ORIENTED_EDGE ( 'NONE', *, *, #1570, .F. ) ;
#1472 = VERTEX_POINT ( 'NONE', #1036 ) ;
#1473 = CARTESIAN_POINT ( 'NONE',  ( -0.8000000000000000444, -0.4000000000000000222, 0.4699999999999999734 ) ) ;
#1474 = PLANE ( 'NONE',  #1400 ) ;
#1475 = EDGE_CURVE ( 'NONE', #1182, #175, #740, .T. ) ;
#1476 = CARTESIAN_POINT ( 'NONE',  ( 0.7249999999999999778, -0.2999999999999999889, 0.7500000000000000000 ) ) ;
#1477 = EDGE_CURVE ( 'NONE', #1593, #991, #60, .T. ) ;
#1478 = DIRECTION ( 'NONE',  ( 1.000000000000000000, 0.000000000000000000, 0.000000000000000000 ) ) ;
#1479 = EDGE_LOOP ( 'NONE', ( #639, #1032, #1206, #1451 ) ) ;
#1480 = EDGE_LOOP ( 'NONE', ( #969, #1072, #1426, #495 ) ) ;
#1481 = EDGE_LOOP ( 'NONE', ( #479, #1389, #1186, #74, #1354, #656, #349, #182, #441, #1813 ) ) ;
#1482 = SURFACE_STYLE_FILL_AREA ( #1210 ) ;
#1483 = CARTESIAN_POINT ( 'NONE',  ( 0.2771281292109999961, 0.3200000000000000067, 0.01500000000000000118 ) ) ;
#1484 = LINE ( 'NONE', #1328, #517 ) ;
#1485 = LINE ( 'NONE', #209, #520 ) ;
#1486 = VERTEX_POINT ( 'NONE', #895 ) ;
#1487 =( GEOMETRIC_REPRESENTATION_CONTEXT ( 3 ) GLOBAL_UNCERTAINTY_ASSIGNED_CONTEXT ( ( #822 ) ) GLOBAL_UNIT_ASSIGNED_CONTEXT ( ( #749, #397, #1576 ) ) REPRESENTATION_CONTEXT ( 'NONE', 'WORKASPACE' ) );
#1488 = ORIENTED_EDGE ( 'NONE', *, *, #1653, .F. ) ;
#1489 = VECTOR ( 'NONE', #475, 1000.000000000000000 ) ;
#1490 = ORIENTED_EDGE ( 'NONE', *, *, #849, .F. ) ;
#1491 = CARTESIAN_POINT ( 'NONE',  ( 0.7699999999999999067, 0.4000000000000000222, 0.03000000000000000236 ) ) ;
#1492 = VECTOR ( 'NONE', #702, 1000.000000000000000 ) ;
#1493 = MECHANICAL_DESIGN_GEOMETRIC_PRESENTATION_REPRESENTATION (  '', ( #1763 ), #1591 ) ;
#1494 = SURFACE_STYLE_FILL_AREA ( #487 ) ;
#1495 = CARTESIAN_POINT ( 'NONE',  ( 0.4500000000000000111, 0.4000000000000000222, 1.100000000000000089 ) ) ;
#1496 = CIRCLE ( 'NONE', #664, 0.03000000000000002318 ) ;
#1497 = FACE_OUTER_BOUND ( 'NONE', #1271, .T. ) ;
#1498 = CARTESIAN_POINT ( 'NONE',  ( -0.7475000000000000533, 0.2999999999999999889, 0.4699999999999999734 ) ) ;
#1499 = VECTOR ( 'NONE', #1470, 1000.000000000000000 ) ;
#1500 = PLANE ( 'NONE',  #1558 ) ;
#1501 = VECTOR ( 'NONE', #151, 1000.000000000000000 ) ;
#1502 = ORIENTED_EDGE ( 'NONE', *, *, #1802, .F. ) ;
#1503 = EDGE_CURVE ( 'NONE', #55, #1572, #317, .T. ) ;
#1504 = ORIENTED_EDGE ( 'NONE', *, *, #281, .T. ) ;
#1505 = CARTESIAN_POINT ( 'NONE',  ( 0.8000000000000000444, -0.4000000000000000222, 0.4699999999999999734 ) ) ;
#1506 = ORIENTED_EDGE ( 'NONE', *, *, #616, .F. ) ;
#1507 = EDGE_CURVE ( 'NONE', #729, #384, #751, .T. ) ;
#1508 = ADVANCED_FACE ( 'NONE', ( #78 ), #1156, .T. ) ;
#1509 = FACE_OUTER_BOUND ( 'NONE', #1713, .T. ) ;
#1510 = ORIENTED_EDGE ( 'NONE', *, *, #1475, .T. ) ;
#1511 = PRODUCT ( 'LED_0603_1608Metric_BLUE', 'LED_0603_1608Metric_BLUE', '', ( #1029 ) ) ;
#1512 = UNCERTAINTY_MEASURE_WITH_UNIT (LENGTH_MEASURE( 1.000000000000000082E-05 ), #117, 'distance_accuracy_value', 'NONE');
#1513 = ORIENTED_EDGE ( 'NONE', *, *, #1423, .F. ) ;
#1514 = CARTESIAN_POINT ( 'NONE',  ( 0.5000000000000000000, 0.2999999999999999889, 0.4699999999999999734 ) ) ;
#1515 = DIRECTION ( 'NONE',  ( 0.000000000000000000, 1.000000000000000000, 0.000000000000000000 ) ) ;
#1516 = CARTESIAN_POINT ( 'NONE',  ( -0.4500000000000000111, 0.4000000000000000222, 1.100000000000000089 ) ) ;
#1517 = DIRECTION ( 'NONE',  ( -0.000000000000000000, 1.000000000000000000, 0.000000000000000000 ) ) ;
#1518 = CARTESIAN_POINT ( 'NONE',  ( 0.7699999999999999067, -0.4000000000000000222, -3.469446951954000916E-18 ) ) ;
#1519 = EDGE_CURVE ( 'NONE', #931, #420, #668, .T. ) ;
#1520 = VECTOR ( 'NONE', #1804, 1000.000000000000000 ) ;
#1521 = SURFACE_STYLE_USAGE ( .BOTH. , #257 ) ;
#1522 = EDGE_LOOP ( 'NONE', ( #786, #1623, #1160, #784, #911, #1685, #7, #661, #1370, #96, #1193, #16 ) ) ;
#1523 = AXIS2_PLACEMENT_3D ( 'NONE', #852, #714, #1164 ) ;
#1524 = CARTESIAN_POINT ( 'NONE',  ( -0.7699999999999999067, -0.4000000000000000222, 0.4699999999999999734 ) ) ;
#1525 = COLOUR_RGB ( '',0.8941176470588234615, 0.8901960784313724950, 0.8117647058823529438 ) ;
#1526 = ADVANCED_FACE ( 'NONE', ( #952 ), #1211, .F. ) ;
#1527 = DIRECTION ( 'NONE',  ( 0.000000000000000000, 1.000000000000000000, 0.000000000000000000 ) ) ;
#1528 = CARTESIAN_POINT ( 'NONE',  ( -0.7699999999999999067, -0.4000000000000000222, 0.03000000000000000236 ) ) ;
#1529 =( GEOMETRIC_REPRESENTATION_CONTEXT ( 3 ) GLOBAL_UNCERTAINTY_ASSIGNED_CONTEXT ( ( #320 ) ) GLOBAL_UNIT_ASSIGNED_CONTEXT ( ( #1378, #943, #412 ) ) REPRESENTATION_CONTEXT ( 'NONE', 'WORKASPACE' ) );
#1530 = ADVANCED_FACE ( 'NONE', ( #1800 ), #1474, .F. ) ;
#1531 = MECHANICAL_DESIGN_GEOMETRIC_PRESENTATION_REPRESENTATION (  '', ( #694 ), #101 ) ;
#1532 = UNCERTAINTY_MEASURE_WITH_UNIT (LENGTH_MEASURE( 1.000000000000000082E-05 ), #1664, 'distance_accuracy_value', 'NONE');
#1533 = CARTESIAN_POINT ( 'NONE',  ( -0.5000000000000000000, -0.4000000000000000222, 0.4699999999999999734 ) ) ;
#1534 = ORIENTED_EDGE ( 'NONE', *, *, #537, .F. ) ;
#1535 = DIRECTION ( 'NONE',  ( 0.8660254037843289066, 0.5000000000001899592, 0.000000000000000000 ) ) ;
#1536 = ORIENTED_EDGE ( 'NONE', *, *, #154, .F. ) ;
#1537 = CARTESIAN_POINT ( 'NONE',  ( 0.7249999999999999778, -0.4500000000000000111, 0.03000000000000000236 ) ) ;
#1538 = CARTESIAN_POINT ( 'NONE',  ( -0.5000000000000000000, 0.4000000000000000222, 0.4699999999999999734 ) ) ;
#1539 = DIRECTION ( 'NONE',  ( -1.000000000000000000, 0.000000000000000000, 0.000000000000000000 ) ) ;
#1540 = EDGE_CURVE ( 'NONE', #196, #469, #1638, .T. ) ;
#1541 = DIRECTION ( 'NONE',  ( -0.5000000000001900702, -0.8660254037843290176, 0.000000000000000000 ) ) ;
#1542 = ORIENTED_EDGE ( 'NONE', *, *, #363, .F. ) ;
#1543 = LINE ( 'NONE', #406, #715 ) ;
#1544 = ORIENTED_EDGE ( 'NONE', *, *, #654, .F. ) ;
#1545 = CARTESIAN_POINT ( 'NONE',  ( 0.5000000000000000000, 0.4000000000000000222, 0.4699999999999999734 ) ) ;
#1546 = FACE_OUTER_BOUND ( 'NONE', #1481, .T. ) ;
#1547 = FILL_AREA_STYLE_COLOUR ( '', #1698 ) ;
#1548 = UNCERTAINTY_MEASURE_WITH_UNIT (LENGTH_MEASURE( 1.000000000000000082E-05 ), #1780, 'distance_accuracy_value', 'NONE');
#1549 = DIRECTION ( 'NONE',  ( 1.000000000000000000, 0.000000000000000000, 0.000000000000000000 ) ) ;
#1550 = ORIENTED_EDGE ( 'NONE', *, *, #1667, .T. ) ;
#1551 = FILL_AREA_STYLE ('',( #17 ) ) ;
#1552 = VERTEX_POINT ( 'NONE', #119 ) ;
#1553 = DIRECTION ( 'NONE',  ( -1.000000000000000000, 0.000000000000000000, 0.000000000000000000 ) ) ;
#1554 = CARTESIAN_POINT ( 'NONE',  ( -0.8000000000000000444, 0.4000000000000000222, 0.000000000000000000 ) ) ;
#1555 = COLOUR_RGB ( '',0.8941176470588234615, 0.8901960784313724950, 0.8117647058823529438 ) ;
#1556 = PRESENTATION_STYLE_ASSIGNMENT (( #1068 ) ) ;
#1557 = AXIS2_PLACEMENT_3D ( 'NONE', #1147, #1527, #1539 ) ;
#1558 = AXIS2_PLACEMENT_3D ( 'NONE', #636, #1078, #1633 ) ;
#1559 = LINE ( 'NONE', #973, #1453 ) ;
#1560 = VECTOR ( 'NONE', #1568, 1000.000000000000000 ) ;
#1561 = FACE_OUTER_BOUND ( 'NONE', #278, .T. ) ;
#1562 = VECTOR ( 'NONE', #524, 1000.000000000000227 ) ;
#1563 = FILL_AREA_STYLE_COLOUR ( '', #1437 ) ;
#1564 = VERTEX_POINT ( 'NONE', #1202 ) ;
#1565 = CIRCLE ( 'NONE', #130, 0.03000000000000002318 ) ;
#1566 = DIRECTION ( 'NONE',  ( 1.000000000000000000, 0.000000000000000000, 0.000000000000000000 ) ) ;
#1567 = EDGE_LOOP ( 'NONE', ( #1634, #211, #856, #609 ) ) ;
#1568 = DIRECTION ( 'NONE',  ( -1.000000000000000000, 0.000000000000000000, 0.000000000000000000 ) ) ;
#1569 = FILL_AREA_STYLE ('',( #1109 ) ) ;
#1570 = EDGE_CURVE ( 'NONE', #1071, #239, #224, .T. ) ;
#1571 = UNCERTAINTY_MEASURE_WITH_UNIT (LENGTH_MEASURE( 1.000000000000000082E-05 ), #459, 'distance_accuracy_value', 'NONE');
#1572 = VERTEX_POINT ( 'NONE', #767 ) ;
#1573 = ORIENTED_EDGE ( 'NONE', *, *, #39, .F. ) ;
#1574 = DIRECTION ( 'NONE',  ( 1.000000000000000000, 0.000000000000000000, 0.000000000000000000 ) ) ;
#1575 = DIRECTION ( 'NONE',  ( 0.000000000000000000, 0.000000000000000000, 1.000000000000000000 ) ) ;
#1576 =( NAMED_UNIT ( * ) SI_UNIT ( $, .STERADIAN. ) SOLID_ANGLE_UNIT ( ) );
#1577 = DIRECTION ( 'NONE',  ( -0.000000000000000000, 1.000000000000000000, 0.000000000000000000 ) ) ;
#1578 = DIRECTION ( 'NONE',  ( -1.000000000000000000, 0.000000000000000000, 0.000000000000000000 ) ) ;
#1579 = DIRECTION ( 'NONE',  ( 0.000000000000000000, 1.000000000000000000, 0.000000000000000000 ) ) ;
#1580 = ORIENTED_EDGE ( 'NONE', *, *, #203, .F. ) ;
#1581 = ORIENTED_EDGE ( 'NONE', *, *, #260, .T. ) ;
#1582 = PLANE ( 'NONE',  #129 ) ;
#1583 =( NAMED_UNIT ( * ) PLANE_ANGLE_UNIT ( ) SI_UNIT ( $, .RADIAN. ) );
#1584 = PRODUCT_DEFINITION ( 'UNKNOWN', '', #1650, #45 ) ;
#1585 = COLOUR_RGB ( '',0.000000000000000000, 1.000000000000000000, 1.000000000000000000 ) ;
#1586 = CARTESIAN_POINT ( 'NONE',  ( -0.7249999999999999778, -0.2999999999999999889, 0.03000000000000000236 ) ) ;
#1587 = EDGE_CURVE ( 'NONE', #49, #1671, #1336, .T. ) ;
#1588 = CARTESIAN_POINT ( 'NONE',  ( -0.5300000000000000266, -0.2999999999999999889, -3.469446951954000916E-18 ) ) ;
#1589 = EDGE_CURVE ( 'NONE', #1564, #1187, #1372, .T. ) ;
#1590 = ORIENTED_EDGE ( 'NONE', *, *, #1305, .F. ) ;
#1591 =( GEOMETRIC_REPRESENTATION_CONTEXT ( 3 ) GLOBAL_UNCERTAINTY_ASSIGNED_CONTEXT ( ( #123 ) ) GLOBAL_UNIT_ASSIGNED_CONTEXT ( ( #1686, #408, #433 ) ) REPRESENTATION_CONTEXT ( 'NONE', 'WORKASPACE' ) );
#1592 = VECTOR ( 'NONE', #1452, 1000.000000000000000 ) ;
#1593 = VERTEX_POINT ( 'NONE', #370 ) ;
#1594 = DIRECTION ( 'NONE',  ( 0.000000000000000000, 1.000000000000000000, 0.000000000000000000 ) ) ;
#1595 =( NAMED_UNIT ( * ) SI_UNIT ( $, .STERADIAN. ) SOLID_ANGLE_UNIT ( ) );
#1596 = DIRECTION ( 'NONE',  ( 1.000000000000000000, 0.000000000000000000, 0.000000000000000000 ) ) ;
#1597 = CARTESIAN_POINT ( 'NONE',  ( -0.7249999999999999778, -0.4000000000000000222, 0.3750000000000000000 ) ) ;
#1598 = FILL_AREA_STYLE ('',( #890 ) ) ;
#1599 = VERTEX_POINT ( 'NONE', #243 ) ;
#1600 = ORIENTED_EDGE ( 'NONE', *, *, #975, .T. ) ;
#1601 = DIRECTION ( 'NONE',  ( -1.000000000000000000, 0.000000000000000000, 0.000000000000000000 ) ) ;
#1602 = EDGE_CURVE ( 'NONE', #375, #1717, #1645, .T. ) ;
#1603 = LINE ( 'NONE', #724, #1226 ) ;
#1604 = VECTOR ( 'NONE', #1785, 1000.000000000000000 ) ;
#1605 = CARTESIAN_POINT ( 'NONE',  ( 0.8000000000000000444, -0.4000000000000000222, 0.4699999999999999734 ) ) ;
#1606 = LINE ( 'NONE', #1597, #1655 ) ;
#1607 = EDGE_LOOP ( 'NONE', ( #1132, #1581, #1356, #1550 ) ) ;
#1608 = VERTEX_POINT ( 'NONE', #927 ) ;
#1609 = EDGE_CURVE ( 'NONE', #267, #407, #789, .T. ) ;
#1610 = CARTESIAN_POINT ( 'NONE',  ( -0.7249999999999999778, -0.3499999999999999778, 0.000000000000000000 ) ) ;
#1611 = PRESENTATION_LAYER_ASSIGNMENT (  '', '', ( #567 ) ) ;
#1612 = CARTESIAN_POINT ( 'NONE',  ( -0.4500000000000000111, 0.4000000000000000222, 1.100000000000000089 ) ) ;
#1613 = STYLED_ITEM ( 'NONE', ( #1270 ), #1059 ) ;
#1614 = DIRECTION ( 'NONE',  ( 1.000000000000000000, 0.000000000000000000, 0.000000000000000000 ) ) ;
#1615 = DIRECTION ( 'NONE',  ( -0.000000000000000000, 1.000000000000000000, 0.000000000000000000 ) ) ;
#1616 =( GEOMETRIC_REPRESENTATION_CONTEXT ( 3 ) GLOBAL_UNCERTAINTY_ASSIGNED_CONTEXT ( ( #802 ) ) GLOBAL_UNIT_ASSIGNED_CONTEXT ( ( #497, #1464, #1595 ) ) REPRESENTATION_CONTEXT ( 'NONE', 'WORKASPACE' ) );
#1617 = VECTOR ( 'NONE', #1227, 1000.000000000000000 ) ;
#1618 = DIRECTION ( 'NONE',  ( 0.000000000000000000, 1.000000000000000000, 0.000000000000000000 ) ) ;
#1619 = ORIENTED_EDGE ( 'NONE', *, *, #260, .F. ) ;
#1620 = VECTOR ( 'NONE', #998, 1000.000000000000000 ) ;
#1621 = VERTEX_POINT ( 'NONE', #633 ) ;
#1622 = AXIS2_PLACEMENT_3D ( 'NONE', #1003, #1396, #968 ) ;
#1623 = ORIENTED_EDGE ( 'NONE', *, *, #533, .T. ) ;
#1624 = DIRECTION ( 'NONE',  ( 0.000000000000000000, 1.000000000000000000, 0.000000000000000000 ) ) ;
#1625 = AXIS2_PLACEMENT_3D ( 'NONE', #1144, #1427, #996 ) ;
#1626 = DIRECTION ( 'NONE',  ( -0.000000000000000000, 1.000000000000000000, 0.000000000000000000 ) ) ;
#1627 = EDGE_CURVE ( 'NONE', #432, #794, #233, .T. ) ;
#1628 = ADVANCED_FACE ( 'NONE', ( #1217 ), #415, .F. ) ;
#1629 = COLOUR_RGB ( '',0.8588235294117646523, 0.7372549019607843590, 0.4941176470588235503 ) ;
#1630 = COLOUR_RGB ( '',0.8941176470588234615, 0.8901960784313724950, 0.8117647058823529438 ) ;
#1631 = DIRECTION ( 'NONE',  ( 1.000000000000000000, 0.000000000000000000, 0.000000000000000000 ) ) ;
#1632 = LINE ( 'NONE', #1037, #1714 ) ;
#1633 = DIRECTION ( 'NONE',  ( 1.000000000000000000, 0.000000000000000000, 0.000000000000000000 ) ) ;
#1634 = ORIENTED_EDGE ( 'NONE', *, *, #1700, .F. ) ;
#1635 = ORIENTED_EDGE ( 'NONE', *, *, #1196, .T. ) ;
#1636 = ORIENTED_EDGE ( 'NONE', *, *, #86, .T. ) ;
#1637 = DIRECTION ( 'NONE',  ( -1.000000000000000000, 0.000000000000000000, 0.000000000000000000 ) ) ;
#1638 = LINE ( 'NONE', #807, #571 ) ;
#1639 = PRESENTATION_STYLE_ASSIGNMENT (( #1467 ) ) ;
#1640 = CYLINDRICAL_SURFACE ( 'NONE', #124, 0.02999999999999997113 ) ;
#1641 = PRESENTATION_STYLE_ASSIGNMENT (( #113 ) ) ;
#1642 = ORIENTED_EDGE ( 'NONE', *, *, #851, .T. ) ;
#1643 = ORIENTED_EDGE ( 'NONE', *, *, #1602, .T. ) ;
#1644 = PRESENTATION_STYLE_ASSIGNMENT (( #1074 ) ) ;
#1645 = LINE ( 'NONE', #1516, #1052 ) ;
#1646 = EDGE_CURVE ( 'NONE', #420, #1738, #712, .T. ) ;
#1647 = CYLINDRICAL_SURFACE ( 'NONE', #874, 0.02999999999999997113 ) ;
#1648 = LINE ( 'NONE', #1761, #127 ) ;
#1649 = ORIENTED_EDGE ( 'NONE', *, *, #1720, .T. ) ;
#1650 = PRODUCT_DEFINITION_FORMATION_WITH_SPECIFIED_SOURCE ( 'ANY', '', #1511, .NOT_KNOWN. ) ;
#1651 = EDGE_LOOP ( 'NONE', ( #1643, #1115, #1340, #782 ) ) ;
#1652 = MECHANICAL_DESIGN_GEOMETRIC_PRESENTATION_REPRESENTATION (  '', ( #1734 ), #1138 ) ;
#1653 = EDGE_CURVE ( 'NONE', #175, #40, #1694, .T. ) ;
#1654 = ORIENTED_EDGE ( 'NONE', *, *, #245, .T. ) ;
#1655 = VECTOR ( 'NONE', #1178, 1000.000000000000000 ) ;
#1656 = DIRECTION ( 'NONE',  ( 0.000000000000000000, 1.000000000000000000, 0.000000000000000000 ) ) ;
#1657 =( LENGTH_UNIT ( ) NAMED_UNIT ( * ) SI_UNIT ( .MILLI., .METRE. ) );
#1658 = VECTOR ( 'NONE', #711, 1000.000000000000000 ) ;
#1659 = DIRECTION ( 'NONE',  ( 1.000000000000000000, 0.000000000000000000, 0.000000000000000000 ) ) ;
#1660 = LINE ( 'NONE', #1498, #1233 ) ;
#1661 = CARTESIAN_POINT ( 'NONE',  ( -0.7249999999999999778, -0.2999999999999999889, 0.5000000000000000000 ) ) ;
#1662 = CARTESIAN_POINT ( 'NONE',  ( -0.8000000000000000444, 0.4000000000000000222, 0.5000000000000000000 ) ) ;
#1663 = LINE ( 'NONE', #1007, #61 ) ;
#1664 =( LENGTH_UNIT ( ) NAMED_UNIT ( * ) SI_UNIT ( .MILLI., .METRE. ) );
#1665 = EDGE_CURVE ( 'NONE', #267, #1459, #1715, .T. ) ;
#1666 = CARTESIAN_POINT ( 'NONE',  ( 0.7249999999999999778, 0.2999999999999999889, 0.7500000000000000000 ) ) ;
#1667 = EDGE_CURVE ( 'NONE', #1341, #24, #970, .T. ) ;
#1668 = PLANE ( 'NONE',  #1020 ) ;
#1669 = CARTESIAN_POINT ( 'NONE',  ( 0.2771281292109999961, -0.3200000000000000067, 0.01500000000000000118 ) ) ;
#1670 = CARTESIAN_POINT ( 'NONE',  ( -0.4500000000000000111, 0.4000000000000000222, 1.100000000000000089 ) ) ;
#1671 = VERTEX_POINT ( 'NONE', #1390 ) ;
#1672 =( GEOMETRIC_REPRESENTATION_CONTEXT ( 3 ) GLOBAL_UNCERTAINTY_ASSIGNED_CONTEXT ( ( #1571 ) ) GLOBAL_UNIT_ASSIGNED_CONTEXT ( ( #459, #1583, #866 ) ) REPRESENTATION_CONTEXT ( 'NONE', 'WORKASPACE' ) );
#1673 = CARTESIAN_POINT ( 'NONE',  ( 0.5300000000000000266, 0.2999999999999999889, 0.5000000000000000000 ) ) ;
#1674 = ORIENTED_EDGE ( 'NONE', *, *, #840, .F. ) ;
#1675 = CARTESIAN_POINT ( 'NONE',  ( 0.4500000000000000111, 0.4000000000000000222, 1.100000000000000089 ) ) ;
#1676 = EDGE_CURVE ( 'NONE', #308, #794, #400, .T. ) ;
#1677 = EDGE_CURVE ( 'NONE', #1599, #55, #163, .T. ) ;
#1678 = VECTOR ( 'NONE', #1601, 1000.000000000000000 ) ;
#1679 = FILL_AREA_STYLE ('',( #1237 ) ) ;
#1680 = LINE ( 'NONE', #1383, #85 ) ;
#1681 = STYLED_ITEM ( 'NONE', ( #841 ), #482 ) ;
#1682 = CARTESIAN_POINT ( 'NONE',  ( -0.7699999999999999067, 0.4000000000000000222, 0.4699999999999999734 ) ) ;
#1683 = ORIENTED_EDGE ( 'NONE', *, *, #499, .F. ) ;
#1684 = DIRECTION ( 'NONE',  ( 0.000000000000000000, 0.000000000000000000, 1.000000000000000000 ) ) ;
#1685 = ORIENTED_EDGE ( 'NONE', *, *, #30, .T. ) ;
#1686 =( LENGTH_UNIT ( ) NAMED_UNIT ( * ) SI_UNIT ( .MILLI., .METRE. ) );
#1687 = CARTESIAN_POINT ( 'NONE',  ( -0.7475000000000000533, 0.2999999999999999889, 0.03000000000000000236 ) ) ;
#1688 = ORIENTED_EDGE ( 'NONE', *, *, #788, .F. ) ;
#1689 = SURFACE_SIDE_STYLE ('',( #572 ) ) ;
#1690 = VERTEX_POINT ( 'NONE', #1545 ) ;
#1691 = PLANE ( 'NONE',  #208 ) ;
#1692 = ORIENTED_EDGE ( 'NONE', *, *, #1113, .T. ) ;
#1693 = CARTESIAN_POINT ( 'NONE',  ( -0.7699999999999999067, 0.4000000000000000222, 0.03000000000000000236 ) ) ;
#1694 = LINE ( 'NONE', #29, #303 ) ;
#1695 = DIRECTION ( 'NONE',  ( 1.000000000000000000, 0.000000000000000000, 0.000000000000000000 ) ) ;
#1696 = FILL_AREA_STYLE_COLOUR ( '', #234 ) ;
#1697 = DIRECTION ( 'NONE',  ( 0.000000000000000000, 1.000000000000000000, 0.000000000000000000 ) ) ;
#1698 = COLOUR_RGB ( '',0.3372549019607843368, 0.6784313725490196401, 0.4431372549019607643 ) ;
#1699 = CARTESIAN_POINT ( 'NONE',  ( -0.7249999999999999778, 0.2999999999999999889, 0.7500000000000000000 ) ) ;
#1700 = EDGE_CURVE ( 'NONE', #1738, #736, #675, .T. ) ;
#1701 = EDGE_LOOP ( 'NONE', ( #1322, #773, #873, #481 ) ) ;
#1702 = ADVANCED_FACE ( 'NONE', ( #289 ), #536, .F. ) ;
#1703 = COLOUR_RGB ( '',0.3372549019607843368, 0.6784313725490196401, 0.4431372549019607643 ) ;
#1704 = ORIENTED_EDGE ( 'NONE', *, *, #1503, .T. ) ;
#1705 = FACE_OUTER_BOUND ( 'NONE', #229, .T. ) ;
#1706 = VECTOR ( 'NONE', #1067, 1000.000000000000000 ) ;
#1707 = LINE ( 'NONE', #164, #1492 ) ;
#1708 = VECTOR ( 'NONE', #402, 1000.000000000000000 ) ;
#1709 = STYLED_ITEM ( 'NONE', ( #1639 ), #956 ) ;
#1710 = VECTOR ( 'NONE', #166, 1000.000000000000000 ) ;
#1711 = VECTOR ( 'NONE', #1775, 1000.000000000000000 ) ;
#1712 = LINE ( 'NONE', #581, #608 ) ;
#1713 = EDGE_LOOP ( 'NONE', ( #1082, #1425, #183, #1504, #535, #367, #253, #1513, #708, #1723 ) ) ;
#1714 = VECTOR ( 'NONE', #920, 1000.000000000000000 ) ;
#1715 = CIRCLE ( 'NONE', #361, 0.03000000000000000236 ) ;
#1716 = LINE ( 'NONE', #1408, #1282 ) ;
#1717 = VERTEX_POINT ( 'NONE', #701 ) ;
#1718 = LINE ( 'NONE', #700, #1560 ) ;
#1719 = SURFACE_SIDE_STYLE ('',( #262 ) ) ;
#1720 = EDGE_CURVE ( 'NONE', #1108, #196, #846, .T. ) ;
#1721 = CARTESIAN_POINT ( 'NONE',  ( 0.7249999999999999778, -0.2999999999999999889, 0.4699999999999999734 ) ) ;
#1722 = ORIENTED_EDGE ( 'NONE', *, *, #444, .F. ) ;
#1723 = ORIENTED_EDGE ( 'NONE', *, *, #523, .T. ) ;
#1724 = FACE_OUTER_BOUND ( 'NONE', #1567, .T. ) ;
#1725 = LINE ( 'NONE', #1758, #598 ) ;
#1726 = EDGE_CURVE ( 'NONE', #926, #1690, #20, .T. ) ;
#1727 = FACE_OUTER_BOUND ( 'NONE', #431, .T. ) ;
#1728 = DIRECTION ( 'NONE',  ( 1.000000000000000000, 0.000000000000000000, 0.000000000000000000 ) ) ;
#1729 = LINE ( 'NONE', #453, #242 ) ;
#1730 = ORIENTED_EDGE ( 'NONE', *, *, #851, .F. ) ;
#1731 = ORIENTED_EDGE ( 'NONE', *, *, #1803, .F. ) ;
#1732 = CARTESIAN_POINT ( 'NONE',  ( 0.7249999999999999778, -0.4000000000000000222, 0.3750000000000000000 ) ) ;
#1733 =( GEOMETRIC_REPRESENTATION_CONTEXT ( 3 ) GLOBAL_UNCERTAINTY_ASSIGNED_CONTEXT ( ( #1104 ) ) GLOBAL_UNIT_ASSIGNED_CONTEXT ( ( #1657, #291, #1016 ) ) REPRESENTATION_CONTEXT ( 'NONE', 'WORKASPACE' ) );
#1734 = STYLED_ITEM ( 'NONE', ( #501 ), #1508 ) ;
#1735 = DIRECTION ( 'NONE',  ( -1.000000000000000000, 0.000000000000000000, 0.000000000000000000 ) ) ;
#1736 = ORIENTED_EDGE ( 'NONE', *, *, #1589, .T. ) ;
#1737 = EDGE_CURVE ( 'NONE', #48, #323, #565, .T. ) ;
#1738 = VERTEX_POINT ( 'NONE', #835 ) ;
#1739 =( NAMED_UNIT ( * ) PLANE_ANGLE_UNIT ( ) SI_UNIT ( $, .RADIAN. ) );
#1740 = SURFACE_SIDE_STYLE ('',( #1325 ) ) ;
#1741 = AXIS2_PLACEMENT_3D ( 'NONE', #1157, #1302, #80 ) ;
#1742 = CARTESIAN_POINT ( 'NONE',  ( -0.7249999999999999778, 0.2999999999999999889, 0.4699999999999999734 ) ) ;
#1743 = AXIS2_PLACEMENT_3D ( 'NONE', #594, #761, #1456 ) ;
#1744 = CARTESIAN_POINT ( 'NONE',  ( -0.7699999999999999067, 0.4000000000000000222, 0.4699999999999999734 ) ) ;
#1745 = FACE_OUTER_BOUND ( 'NONE', #1386, .T. ) ;
#1746 = DIRECTION ( 'NONE',  ( 0.000000000000000000, 0.000000000000000000, 1.000000000000000000 ) ) ;
#1747 = EDGE_LOOP ( 'NONE', ( #159, #255, #1790, #665, #1269, #503 ) ) ;
#1748 = ORIENTED_EDGE ( 'NONE', *, *, #514, .T. ) ;
#1749 =( NAMED_UNIT ( * ) SI_UNIT ( $, .STERADIAN. ) SOLID_ANGLE_UNIT ( ) );
#1750 = SURFACE_STYLE_USAGE ( .BOTH. , #1740 ) ;
#1751 = FILL_AREA_STYLE_COLOUR ( '', #204 ) ;
#1752 = DIRECTION ( 'NONE',  ( -0.8660254037843289066, 0.5000000000001899592, 0.000000000000000000 ) ) ;
#1753 = FACE_OUTER_BOUND ( 'NONE', #306, .T. ) ;
#1754 = ORIENTED_EDGE ( 'NONE', *, *, #1570, .T. ) ;
#1755 = ADVANCED_FACE ( 'NONE', ( #1705 ), #997, .T. ) ;
#1756 = ORIENTED_EDGE ( 'NONE', *, *, #533, .F. ) ;
#1757 = DIRECTION ( 'NONE',  ( 0.000000000000000000, 0.000000000000000000, 1.000000000000000000 ) ) ;
#1758 = CARTESIAN_POINT ( 'NONE',  ( 0.7249999999999999778, 0.4000000000000000222, 0.3750000000000000000 ) ) ;
#1759 = MECHANICAL_DESIGN_GEOMETRIC_PRESENTATION_REPRESENTATION (  '', ( #1613 ), #63 ) ;
#1760 = COLOUR_RGB ( '',0.3372549019607843368, 0.6784313725490196401, 0.4431372549019607643 ) ;
#1761 = CARTESIAN_POINT ( 'NONE',  ( -0.8000000000000000444, -0.4000000000000000222, 0.4699999999999999734 ) ) ;
#1762 = ORIENTED_EDGE ( 'NONE', *, *, #570, .T. ) ;
#1763 = STYLED_ITEM ( 'NONE', ( #1101 ), #1628 ) ;
#1764 = LINE ( 'NONE', #84, #815 ) ;
#1765 = MECHANICAL_DESIGN_GEOMETRIC_PRESENTATION_REPRESENTATION (  '', ( #723 ), #1027 ) ;
#1766 = AXIS2_PLACEMENT_3D ( 'NONE', #1140, #23, #1001 ) ;
#1767 = LINE ( 'NONE', #500, #210 ) ;
#1768 = CARTESIAN_POINT ( 'NONE',  ( 0.7249999999999999778, 0.2999999999999999889, 0.7500000000000000000 ) ) ;
#1769 = FILL_AREA_STYLE_COLOUR ( '', #1630 ) ;
#1770 = EDGE_CURVE ( 'NONE', #1671, #440, #1084, .T. ) ;
#1771 = LINE ( 'NONE', #502, #428 ) ;
#1772 = VERTEX_POINT ( 'NONE', #876 ) ;
#1773 = CARTESIAN_POINT ( 'NONE',  ( -0.5000000000000000000, -0.4000000000000000222, 0.03000000000000000236 ) ) ;
#1774 = VERTEX_POINT ( 'NONE', #1462 ) ;
#1775 = DIRECTION ( 'NONE',  ( 1.000000000000000000, 0.000000000000000000, 0.000000000000000000 ) ) ;
#1776 = ADVANCED_FACE ( 'NONE', ( #1172 ), #612, .T. ) ;
#1777 = SURFACE_SIDE_STYLE ('',( #1494 ) ) ;
#1778 = ADVANCED_FACE ( 'NONE', ( #735 ), #1317, .F. ) ;
#1779 = CARTESIAN_POINT ( 'NONE',  ( 0.4500000000000000111, -0.4000000000000000222, 1.100000000000000089 ) ) ;
#1780 =( LENGTH_UNIT ( ) NAMED_UNIT ( * ) SI_UNIT ( .MILLI., .METRE. ) );
#1781 = ORIENTED_EDGE ( 'NONE', *, *, #1677, .F. ) ;
#1782 = VERTEX_POINT ( 'NONE', #766 ) ;
#1783 = VERTEX_POINT ( 'NONE', #894 ) ;
#1784 = SURFACE_STYLE_FILL_AREA ( #1114 ) ;
#1785 = DIRECTION ( 'NONE',  ( 1.000000000000000000, 0.000000000000000000, 0.000000000000000000 ) ) ;
#1786 = CARTESIAN_POINT ( 'NONE',  ( 0.4500000000000000111, 0.4000000000000000222, 1.100000000000000089 ) ) ;
#1787 = DIRECTION ( 'NONE',  ( -0.9968653925763351076, 0.000000000000000000, 0.07911630099814662143 ) ) ;
#1788 = MECHANICAL_DESIGN_GEOMETRIC_PRESENTATION_REPRESENTATION (  '', ( #1311 ), #984 ) ;
#1789 = PLANE ( 'NONE',  #1223 ) ;
#1790 = ORIENTED_EDGE ( 'NONE', *, *, #1119, .T. ) ;
#1791 = VECTOR ( 'NONE', #800, 1000.000000000000000 ) ;
#1792 = PRODUCT_DEFINITION_SHAPE ( 'NONE', 'NONE',  #1584 ) ;
#1793 = AXIS2_PLACEMENT_3D ( 'NONE', #1238, #806, #1105 ) ;
#1794 = VECTOR ( 'NONE', #1549, 1000.000000000000000 ) ;
#1795 = VECTOR ( 'NONE', #145, 1000.000000000000000 ) ;
#1796 = CYLINDRICAL_SURFACE ( 'NONE', #1252, 0.02999999999999997113 ) ;
#1797 = EDGE_CURVE ( 'NONE', #1363, #1621, #540, .T. ) ;
#1798 = DIRECTION ( 'NONE',  ( 0.000000000000000000, 0.000000000000000000, -1.000000000000000000 ) ) ;
#1799 = ORIENTED_EDGE ( 'NONE', *, *, #14, .T. ) ;
#1800 = FACE_OUTER_BOUND ( 'NONE', #1701, .T. ) ;
#1801 = DIRECTION ( 'NONE',  ( 0.000000000000000000, 0.000000000000000000, 1.000000000000000000 ) ) ;
#1802 = EDGE_CURVE ( 'NONE', #1182, #196, #1199, .T. ) ;
#1803 = EDGE_CURVE ( 'NONE', #1805, #1071, #885, .T. ) ;
#1804 = DIRECTION ( 'NONE',  ( -1.000000000000000000, 0.000000000000000000, 0.000000000000000000 ) ) ;
#1805 = VERTEX_POINT ( 'NONE', #1742 ) ;
#1806 = CARTESIAN_POINT ( 'NONE',  ( -0.2771281292109999961, 0.000000000000000000, 0.01500000000000000118 ) ) ;
#1807 = PRESENTATION_STYLE_ASSIGNMENT (( #676 ) ) ;
#1808 = LINE ( 'NONE', #695, #657 ) ;
#1809 = CARTESIAN_POINT ( 'NONE',  ( 0.5300000000000000266, -0.2999999999999999889, -3.469446951954000916E-18 ) ) ;
#1810 = MECHANICAL_DESIGN_GEOMETRIC_PRESENTATION_REPRESENTATION (  '', ( #985 ), #1457 ) ;
#1811 = ORIENTED_EDGE ( 'NONE', *, *, #1609, .F. ) ;
#1812 = CARTESIAN_POINT ( 'NONE',  ( 0.7249999999999999778, 0.2999999999999999889, 0.000000000000000000 ) ) ;
#1813 = ORIENTED_EDGE ( 'NONE', *, *, #1797, .T. ) ;
#1814 = CARTESIAN_POINT ( 'NONE',  ( 0.5300000000000000266, 0.2999999999999999889, 0.03000000000000000236 ) ) ;
#1815 = DIRECTION ( 'NONE',  ( 0.000000000000000000, 1.000000000000000000, 0.000000000000000000 ) ) ;
ENDSEC;
END-ISO-10303-21;
