ISO-10303-21;
HEADER;
FILE_DESCRIPTION (( 'STEP AP214' ),
    '1' );
FILE_NAME ('SK12D07VG6.STEP',
    '2026-09-26T03:38:56',
    ( '' ),
    ( '' ),
    'SwSTEP 2.0',
    'SolidWorks 2026',
    '' );
FILE_SCHEMA (( 'AUTOMOTIVE_DESIGN' ));
ENDSEC;

DATA;
#1 = EDGE_CURVE ( 'NONE', #2858, #3531, #1146, .T. ) ;
#2 = VECTOR ( 'NONE', #3036, 1000.000000000000000 ) ;
#3 = ORIENTED_EDGE ( 'NONE', *, *, #2761, .T. ) ;
#4 = ORIENTED_EDGE ( 'NONE', *, *, #2555, .T. ) ;
#5 = LINE ( 'NONE', #606, #2547 ) ;
#6 = SURFACE_STYLE_USAGE ( .BOTH. , #2748 ) ;
#7 = APPLICATION_PROTOCOL_DEFINITION ( 'draft international standard', 'automotive_design', 1998, #147 ) ;
#8 = DIRECTION ( 'NONE',  ( 1.000000000000000000, -0.000000000000000000, -0.000000000000000000 ) ) ;
#9 = LINE ( 'NONE', #2049, #3861 ) ;
#10 = CARTESIAN_POINT ( 'NONE',  ( 2.349999999999999645, 1.349999999999999645, 2.200000000000000178 ) ) ;
#11 = ORIENTED_EDGE ( 'NONE', *, *, #2357, .F. ) ;
#12 = ORIENTED_EDGE ( 'NONE', *, *, #391, .T. ) ;
#13 = DIRECTION ( 'NONE',  ( 0.000000000000000000, 0.000000000000000000, 1.000000000000000000 ) ) ;
#14 = DIRECTION ( 'NONE',  ( -0.000000000000000000, -0.000000000000000000, -1.000000000000000000 ) ) ;
#15 = DIRECTION ( 'NONE',  ( 1.045014142154703367E-16, -1.000000000000000000, 0.000000000000000000 ) ) ;
#16 = LINE ( 'NONE', #1824, #527 ) ;
#17 = DIRECTION ( 'NONE',  ( -9.637352644315614471E-16, -1.000000000000000000, 0.000000000000000000 ) ) ;
#18 = DIRECTION ( 'NONE',  ( 0.000000000000000000, 1.776356839400250465E-15, -1.000000000000000000 ) ) ;
#19 = ORIENTED_EDGE ( 'NONE', *, *, #1796, .T. ) ;
#20 = VECTOR ( 'NONE', #723, 1000.000000000000000 ) ;
#21 = STYLED_ITEM ( 'NONE', ( #1472 ), #1007 ) ;
#22 = MECHANICAL_DESIGN_GEOMETRIC_PRESENTATION_REPRESENTATION (  '', ( #1625 ), #3829 ) ;
#23 = CIRCLE ( 'NONE', #270, 0.2500000000000000000 ) ;
#24 = ADVANCED_FACE ( 'NONE', ( #1986 ), #2910, .T. ) ;
#25 = ORIENTED_EDGE ( 'NONE', *, *, #3082, .F. ) ;
#26 = CARTESIAN_POINT ( 'NONE',  ( -3.949999999999999734, 4.700000000000000178, -2.199999999999998845 ) ) ;
#27 = CARTESIAN_POINT ( 'NONE',  ( 2.000000000000000000, 1.407106781186548528, -4.714890176717308529E-16 ) ) ;
#28 = MECHANICAL_DESIGN_GEOMETRIC_PRESENTATION_REPRESENTATION (  '', ( #3523 ), #3661 ) ;
#29 = DIRECTION ( 'NONE',  ( 0.000000000000000000, -6.245698675651497881E-16, -1.000000000000000000 ) ) ;
#30 =( LENGTH_UNIT ( ) NAMED_UNIT ( * ) SI_UNIT ( .MILLI., .METRE. ) );
#31 = FILL_AREA_STYLE ('',( #3253 ) ) ;
#32 = ORIENTED_EDGE ( 'NONE', *, *, #1796, .F. ) ;
#33 =( GEOMETRIC_REPRESENTATION_CONTEXT ( 3 ) GLOBAL_UNCERTAINTY_ASSIGNED_CONTEXT ( ( #477 ) ) GLOBAL_UNIT_ASSIGNED_CONTEXT ( ( #858, #2629, #3777 ) ) REPRESENTATION_CONTEXT ( 'NONE', 'WORKASPACE' ) );
#34 = PRESENTATION_LAYER_ASSIGNMENT (  '', '', ( #1085 ) ) ;
#35 = EDGE_LOOP ( 'NONE', ( #1003, #2290, #2752, #965 ) ) ;
#36 = CARTESIAN_POINT ( 'NONE',  ( 2.462785419738802162, 0.03039392797772702895, 1.202022581406711588 ) ) ;
#37 =( GEOMETRIC_REPRESENTATION_CONTEXT ( 3 ) GLOBAL_UNCERTAINTY_ASSIGNED_CONTEXT ( ( #982 ) ) GLOBAL_UNIT_ASSIGNED_CONTEXT ( ( #2152, #2778, #1948 ) ) REPRESENTATION_CONTEXT ( 'NONE', 'WORKASPACE' ) );
#38 =( LENGTH_UNIT ( ) NAMED_UNIT ( * ) SI_UNIT ( .MILLI., .METRE. ) );
#39 = UNCERTAINTY_MEASURE_WITH_UNIT (LENGTH_MEASURE( 1.000000000000000082E-05 ), #2944, 'distance_accuracy_value', 'NONE');
#40 = CARTESIAN_POINT ( 'NONE',  ( 3.344045254895051466E-16, 1.499999999999999556, 2.000000000000000000 ) ) ;
#41 = CARTESIAN_POINT ( 'NONE',  ( -2.000000000000000000, 1.550000000000000266, 2.000000000000000000 ) ) ;
#42 = DIRECTION ( 'NONE',  ( 0.000000000000000000, 0.000000000000000000, -1.000000000000000000 ) ) ;
#43 = EDGE_LOOP ( 'NONE', ( #1576, #1221, #860, #1711 ) ) ;
#44 = CARTESIAN_POINT ( 'NONE',  ( -2.075000000000000178, 4.700000000000000178, 2.200000000000000178 ) ) ;
#45 = CARTESIAN_POINT ( 'NONE',  ( 2.000000000000000000, -2.349999999999999645, -4.714890176717308529E-16 ) ) ;
#46 = DIRECTION ( 'NONE',  ( 0.000000000000000000, 0.000000000000000000, 1.000000000000000000 ) ) ;
#47 = ORIENTED_EDGE ( 'NONE', *, *, #328, .F. ) ;
#48 = CARTESIAN_POINT ( 'NONE',  ( 2.000000000000000000, -2.349999999999999645, -4.714890176717308529E-16 ) ) ;
#49 =( GEOMETRIC_REPRESENTATION_CONTEXT ( 3 ) GLOBAL_UNCERTAINTY_ASSIGNED_CONTEXT ( ( #497 ) ) GLOBAL_UNIT_ASSIGNED_CONTEXT ( ( #3125, #66, #969 ) ) REPRESENTATION_CONTEXT ( 'NONE', 'WORKASPACE' ) );
#50 = PRODUCT_DEFINITION ( 'UNKNOWN', '', #2154, #2455 ) ;
#51 = LINE ( 'NONE', #317, #1309 ) ;
#52 =( NAMED_UNIT ( * ) SI_UNIT ( $, .STERADIAN. ) SOLID_ANGLE_UNIT ( ) );
#53 = SURFACE_STYLE_USAGE ( .BOTH. , #3047 ) ;
#54 = ORIENTED_EDGE ( 'NONE', *, *, #3614, .T. ) ;
#55 = ORIENTED_EDGE ( 'NONE', *, *, #2126, .T. ) ;
#56 = ORIENTED_EDGE ( 'NONE', *, *, #2822, .T. ) ;
#57 = ADVANCED_FACE ( 'NONE', ( #3855 ), #2330, .F. ) ;
#58 = CARTESIAN_POINT ( 'NONE',  ( 3.349999999999999645, -5.510910596163085611E-16, 0.7999999999999997113 ) ) ;
#59 = DIRECTION ( 'NONE',  ( 0.000000000000000000, 1.016439536705160777E-16, -1.000000000000000000 ) ) ;
#60 = PRESENTATION_STYLE_ASSIGNMENT (( #1528 ) ) ;
#61 = EDGE_CURVE ( 'NONE', #3160, #3262, #774, .T. ) ;
#62 = FILL_AREA_STYLE ('',( #2098 ) ) ;
#63 = CARTESIAN_POINT ( 'NONE',  ( 3.949999999999999734, -2.499999999999999556, 0.1499999999999999667 ) ) ;
#64 = ORIENTED_EDGE ( 'NONE', *, *, #1871, .F. ) ;
#65 = ORIENTED_EDGE ( 'NONE', *, *, #2190, .F. ) ;
#66 =( NAMED_UNIT ( * ) PLANE_ANGLE_UNIT ( ) SI_UNIT ( $, .RADIAN. ) );
#67 = SURFACE_STYLE_FILL_AREA ( #3298 ) ;
#68 = VERTEX_POINT ( 'NONE', #1087 ) ;
#69 = VERTEX_POINT ( 'NONE', #480 ) ;
#70 = DIRECTION ( 'NONE',  ( -1.000000000000000000, 0.000000000000000000, 0.000000000000000000 ) ) ;
#71 = STYLED_ITEM ( 'NONE', ( #1981 ), #79 ) ;
#72 = SURFACE_STYLE_USAGE ( .BOTH. , #1291 ) ;
#73 = EDGE_CURVE ( 'NONE', #163, #1378, #751, .T. ) ;
#74 = VECTOR ( 'NONE', #677, 1000.000000000000000 ) ;
#75 = CARTESIAN_POINT ( 'NONE',  ( -2.000000000000000000, 4.700000000000000178, 8.200000000000001066 ) ) ;
#76 = CARTESIAN_POINT ( 'NONE',  ( 2.000000000000000000, -2.349999999999999645, -0.2500000000000008882 ) ) ;
#77 = AXIS2_PLACEMENT_3D ( 'NONE', #3154, #2788, #1306 ) ;
#78 = ORIENTED_EDGE ( 'NONE', *, *, #425, .F. ) ;
#79 = ADVANCED_FACE ( 'NONE', ( #152 ), #3750, .T. ) ;
#80 = DIRECTION ( 'NONE',  ( -1.000000000000000000, -9.637352644315614471E-16, 0.000000000000000000 ) ) ;
#81 = DIRECTION ( 'NONE',  ( 1.000000000000000000, 0.000000000000000000, 0.000000000000000000 ) ) ;
#82 = COLOUR_RGB ( '',0.8470588235294117530, 0.8431372549019607865, 0.8470588235294117530 ) ;
#83 = SURFACE_STYLE_USAGE ( .BOTH. , #2136 ) ;
#84 =( GEOMETRIC_REPRESENTATION_CONTEXT ( 3 ) GLOBAL_UNCERTAINTY_ASSIGNED_CONTEXT ( ( #2765 ) ) GLOBAL_UNIT_ASSIGNED_CONTEXT ( ( #3016, #915, #2972 ) ) REPRESENTATION_CONTEXT ( 'NONE', 'WORKASPACE' ) );
#85 = EDGE_LOOP ( 'NONE', ( #1657, #1509, #1647, #1225 ) ) ;
#86 = EDGE_LOOP ( 'NONE', ( #358, #432, #3481 ) ) ;
#87 = STYLED_ITEM ( 'NONE', ( #718 ), #153 ) ;
#88 = CARTESIAN_POINT ( 'NONE',  ( 3.949999999999999734, 4.700000000000000178, -2.199999999999998845 ) ) ;
#89 = VECTOR ( 'NONE', #3547, 1000.000000000000000 ) ;
#90 = PRESENTATION_LAYER_ASSIGNMENT (  '', '', ( #2234 ) ) ;
#91 =( NAMED_UNIT ( * ) SI_UNIT ( $, .STERADIAN. ) SOLID_ANGLE_UNIT ( ) );
#92 = VERTEX_POINT ( 'NONE', #1656 ) ;
#93 = COLOUR_RGB ( '',0.2509803921568627416, 0.2509803921568627416, 0.2509803921568627416 ) ;
#94 = DIRECTION ( 'NONE',  ( -1.000000000000000000, -0.000000000000000000, -0.000000000000000000 ) ) ;
#95 = VECTOR ( 'NONE', #2289, 1000.000000000000114 ) ;
#96 = FILL_AREA_STYLE_COLOUR ( '', #3449 ) ;
#97 = CARTESIAN_POINT ( 'NONE',  ( -2.349999999999999645, 0.7000000000000000666, 0.000000000000000000 ) ) ;
#98 = VECTOR ( 'NONE', #2119, 1000.000000000000000 ) ;
#99 = ADVANCED_FACE ( 'NONE', ( #192 ), #1365, .T. ) ;
#100 = UNCERTAINTY_MEASURE_WITH_UNIT (LENGTH_MEASURE( 1.000000000000000082E-05 ), #3102, 'distance_accuracy_value', 'NONE');
#101 = CARTESIAN_POINT ( 'NONE',  ( -4.349999999999999645, -6.245698675651497881E-16, 1.199999999999999734 ) ) ;
#102 = CARTESIAN_POINT ( 'NONE',  ( 3.949999999999999734, 4.699999999999999289, 2.199999999999999734 ) ) ;
#103 = CIRCLE ( 'NONE', #2507, 0.2499999999999999445 ) ;
#104 = LINE ( 'NONE', #2124, #144 ) ;
#105 = EDGE_CURVE ( 'NONE', #1095, #2197, #1137, .T. ) ;
#106 = DIRECTION ( 'NONE',  ( -1.000000000000000000, -9.637352644315614471E-16, 0.000000000000000000 ) ) ;
#107 = ORIENTED_EDGE ( 'NONE', *, *, #3643, .F. ) ;
#108 = AXIS2_PLACEMENT_3D ( 'NONE', #2583, #1426, #3871 ) ;
#109 = ADVANCED_FACE ( 'NONE', ( #1765 ), #1192, .T. ) ;
#110 = CARTESIAN_POINT ( 'NONE',  ( 2.349999999999999645, 4.700000000000000178, -2.000000000000000000 ) ) ;
#111 = FILL_AREA_STYLE_COLOUR ( '', #3513 ) ;
#112 = DIRECTION ( 'NONE',  ( -1.000000000000000000, 0.000000000000000000, -0.000000000000000000 ) ) ;
#113 = PLANE ( 'NONE',  #1905 ) ;
#114 = SURFACE_STYLE_FILL_AREA ( #2168 ) ;
#115 = UNCERTAINTY_MEASURE_WITH_UNIT (LENGTH_MEASURE( 1.000000000000000082E-05 ), #1506, 'distance_accuracy_value', 'NONE');
#116 = AXIS2_PLACEMENT_3D ( 'NONE', #512, #3183, #162 ) ;
#117 = DIRECTION ( 'NONE',  ( 0.000000000000000000, 1.000000000000000000, 0.000000000000000000 ) ) ;
#118 = EDGE_CURVE ( 'NONE', #1162, #2852, #1525, .T. ) ;
#119 = PRESENTATION_LAYER_ASSIGNMENT (  '', '', ( #743 ) ) ;
#120 = PLANE ( 'NONE',  #536 ) ;
#121 = PRESENTATION_STYLE_ASSIGNMENT (( #53 ) ) ;
#122 = ORIENTED_EDGE ( 'NONE', *, *, #2072, .T. ) ;
#123 = EDGE_CURVE ( 'NONE', #1095, #2989, #3848, .T. ) ;
#124 = LINE ( 'NONE', #1274, #257 ) ;
#125 =( NAMED_UNIT ( * ) PLANE_ANGLE_UNIT ( ) SI_UNIT ( $, .RADIAN. ) );
#126 = STYLED_ITEM ( 'NONE', ( #3450 ), #3732 ) ;
#127 = DIRECTION ( 'NONE',  ( 1.000000000000000000, 9.637352644315614471E-16, -0.000000000000000000 ) ) ;
#128 = FILL_AREA_STYLE ('',( #3434 ) ) ;
#129 = CARTESIAN_POINT ( 'NONE',  ( 4.246446609406725692, 4.700000000000000178, -2.096446609406726669 ) ) ;
#130 = SURFACE_STYLE_USAGE ( .BOTH. , #2204 ) ;
#131 = CIRCLE ( 'NONE', #77, 0.3999999999999999667 ) ;
#132 = STYLED_ITEM ( 'NONE', ( #2266 ), #2372 ) ;
#133 = SURFACE_STYLE_FILL_AREA ( #1394 ) ;
#134 = ORIENTED_EDGE ( 'NONE', *, *, #1611, .T. ) ;
#135 =( LENGTH_UNIT ( ) NAMED_UNIT ( * ) SI_UNIT ( .MILLI., .METRE. ) );
#136 = ORIENTED_EDGE ( 'NONE', *, *, #391, .F. ) ;
#137 =( LENGTH_UNIT ( ) NAMED_UNIT ( * ) SI_UNIT ( .MILLI., .METRE. ) );
#138 = EDGE_CURVE ( 'NONE', #2882, #2727, #1745, .T. ) ;
#139 = CARTESIAN_POINT ( 'NONE',  ( -4.099999999999999645, 4.700000000000000178, 1.950000000000000178 ) ) ;
#140 = CARTESIAN_POINT ( 'NONE',  ( -5.764213562373092792, 3.550000000000000266, 2.935786437626957124 ) ) ;
#141 = PLANE ( 'NONE',  #2678 ) ;
#142 = VERTEX_POINT ( 'NONE', #834 ) ;
#143 =( LENGTH_UNIT ( ) NAMED_UNIT ( * ) SI_UNIT ( .MILLI., .METRE. ) );
#144 = VECTOR ( 'NONE', #3356, 1000.000000000000000 ) ;
#145 =( GEOMETRIC_REPRESENTATION_CONTEXT ( 3 ) GLOBAL_UNCERTAINTY_ASSIGNED_CONTEXT ( ( #2846 ) ) GLOBAL_UNIT_ASSIGNED_CONTEXT ( ( #676, #2071, #954 ) ) REPRESENTATION_CONTEXT ( 'NONE', 'WORKASPACE' ) );
#146 =( GEOMETRIC_REPRESENTATION_CONTEXT ( 3 ) GLOBAL_UNCERTAINTY_ASSIGNED_CONTEXT ( ( #1194 ) ) GLOBAL_UNIT_ASSIGNED_CONTEXT ( ( #1701, #1897, #2258 ) ) REPRESENTATION_CONTEXT ( 'NONE', 'WORKASPACE' ) );
#147 = APPLICATION_CONTEXT ( 'automotive_design' ) ;
#148 =( NAMED_UNIT ( * ) PLANE_ANGLE_UNIT ( ) SI_UNIT ( $, .RADIAN. ) );
#149 = PRESENTATION_LAYER_ASSIGNMENT (  '', '', ( #3523 ) ) ;
#150 = ADVANCED_FACE ( 'NONE', ( #1117 ), #612, .T. ) ;
#151 = COLOUR_RGB ( '',0.8470588235294117530, 0.8431372549019607865, 0.8470588235294117530 ) ;
#152 = FACE_OUTER_BOUND ( 'NONE', #2680, .T. ) ;
#153 = ADVANCED_FACE ( 'NONE', ( #345 ), #933, .F. ) ;
#154 = FILL_AREA_STYLE ('',( #1033 ) ) ;
#155 = SURFACE_STYLE_FILL_AREA ( #3120 ) ;
#156 = STYLED_ITEM ( 'NONE', ( #2456 ), #1672 ) ;
#157 =( NAMED_UNIT ( * ) SI_UNIT ( $, .STERADIAN. ) SOLID_ANGLE_UNIT ( ) );
#158 =( LENGTH_UNIT ( ) NAMED_UNIT ( * ) SI_UNIT ( .MILLI., .METRE. ) );
#159 = CARTESIAN_POINT ( 'NONE',  ( -4.349999999999999645, -3.061616997868380676E-16, -1.199999999999999734 ) ) ;
#160 = ORIENTED_EDGE ( 'NONE', *, *, #3366, .F. ) ;
#161 = CYLINDRICAL_SURFACE ( 'NONE', #3726, 0.3999999999999999667 ) ;
#162 = DIRECTION ( 'NONE',  ( 0.000000000000000000, -0.000000000000000000, -1.000000000000000000 ) ) ;
#163 = VERTEX_POINT ( 'NONE', #3385 ) ;
#164 = CARTESIAN_POINT ( 'NONE',  ( -2.000000000000000000, 0.7000000000000000666, -0.2499999999999991951 ) ) ;
#165 = FACE_OUTER_BOUND ( 'NONE', #2020, .T. ) ;
#166 = CARTESIAN_POINT ( 'NONE',  ( 3.949999999999999734, 0.000000000000000000, 0.3999999999999996336 ) ) ;
#167 = EDGE_LOOP ( 'NONE', ( #488, #1082, #820, #1516 ) ) ;
#168 = EDGE_CURVE ( 'NONE', #960, #2646, #2469, .T. ) ;
#169 = SURFACE_STYLE_USAGE ( .BOTH. , #683 ) ;
#170 =( BOUNDED_CURVE ( )  B_SPLINE_CURVE ( 3, ( #1546, #2349, #2715, #304 ),
 .UNSPECIFIED., .F., .T. ) 
 B_SPLINE_CURVE_WITH_KNOTS ( ( 4, 4 ),
 ( 1.570796326794896558, 3.141592653589793116 ),
 .UNSPECIFIED. ) 
 CURVE ( )  GEOMETRIC_REPRESENTATION_ITEM ( )  RATIONAL_B_SPLINE_CURVE ( ( 1.000000000000000000, 0.8047378541243649375, 0.8047378541243649375, 1.000000000000000000 ) ) 
 REPRESENTATION_ITEM ( '' )  );
#171 = UNCERTAINTY_MEASURE_WITH_UNIT (LENGTH_MEASURE( 1.000000000000000082E-05 ), #137, 'distance_accuracy_value', 'NONE');
#172 = DIRECTION ( 'NONE',  ( -3.761581922631320025E-34, -1.000000000000000000, 0.000000000000000000 ) ) ;
#173 = DIRECTION ( 'NONE',  ( 1.000000000000000000, 0.000000000000000000, 1.224646799147353207E-16 ) ) ;
#174 = ORIENTED_EDGE ( 'NONE', *, *, #305, .F. ) ;
#175 = DIRECTION ( 'NONE',  ( 0.000000000000000000, 1.000000000000000000, 0.000000000000000000 ) ) ;
#176 = DIRECTION ( 'NONE',  ( 0.000000000000000000, 0.000000000000000000, 1.000000000000000000 ) ) ;
#177 = SURFACE_SIDE_STYLE ('',( #114 ) ) ;
#178 = PRESENTATION_STYLE_ASSIGNMENT (( #3141 ) ) ;
#179 = EDGE_CURVE ( 'NONE', #2695, #604, #1325, .T. ) ;
#180 = VECTOR ( 'NONE', #634, 1000.000000000000000 ) ;
#181 = PRESENTATION_STYLE_ASSIGNMENT (( #1906 ) ) ;
#182 = VERTEX_POINT ( 'NONE', #679 ) ;
#183 = CARTESIAN_POINT ( 'NONE',  ( 3.949999999999999734, -8.673617379884035472E-16, -1.554076788117991846E-15 ) ) ;
#184 = SURFACE_STYLE_FILL_AREA ( #746 ) ;
#185 = ORIENTED_EDGE ( 'NONE', *, *, #1933, .F. ) ;
#186 = MECHANICAL_DESIGN_GEOMETRIC_PRESENTATION_REPRESENTATION (  '', ( #1777 ), #1351 ) ;
#187 = CARTESIAN_POINT ( 'NONE',  ( 2.299031112740347975E-16, 3.600000000000000089, 2.200000000000000178 ) ) ;
#188 = ORIENTED_EDGE ( 'NONE', *, *, #1207, .T. ) ;
#189 = PRESENTATION_LAYER_ASSIGNMENT (  '', '', ( #3052 ) ) ;
#190 = CARTESIAN_POINT ( 'NONE',  ( 2.000000000000000000, 1.407106781186548528, 0.2499999999999998890 ) ) ;
#191 = PRESENTATION_STYLE_ASSIGNMENT (( #3721 ) ) ;
#192 = FACE_OUTER_BOUND ( 'NONE', #2499, .T. ) ;
#193 = EDGE_CURVE ( 'NONE', #3866, #3276, #1215, .T. ) ;
#194 = FACE_OUTER_BOUND ( 'NONE', #1065, .T. ) ;
#195 = LINE ( 'NONE', #1369, #3182 ) ;
#196 = SURFACE_STYLE_USAGE ( .BOTH. , #485 ) ;
#197 = PRESENTATION_STYLE_ASSIGNMENT (( #2851 ) ) ;
#198 = ADVANCED_FACE ( 'NONE', ( #3636 ), #2754, .F. ) ;
#199 = ORIENTED_EDGE ( 'NONE', *, *, #1639, .T. ) ;
#200 =( LENGTH_UNIT ( ) NAMED_UNIT ( * ) SI_UNIT ( .MILLI., .METRE. ) );
#201 = ORIENTED_EDGE ( 'NONE', *, *, #1442, .F. ) ;
#202 = AXIS2_PLACEMENT_3D ( 'NONE', #753, #1620, #2202 ) ;
#203 = VECTOR ( 'NONE', #3723, 999.9999999999998863 ) ;
#204 = COLOUR_RGB ( '',0.8470588235294117530, 0.8431372549019607865, 0.8470588235294117530 ) ;
#205 = FILL_AREA_STYLE_COLOUR ( '', #1336 ) ;
#206 = DIRECTION ( 'NONE',  ( -1.000000000000000000, 0.000000000000000000, 0.000000000000000000 ) ) ;
#207 = ORIENTED_EDGE ( 'NONE', *, *, #73, .F. ) ;
#208 = COLOUR_RGB ( '',0.8470588235294117530, 0.8431372549019607865, 0.8470588235294117530 ) ;
#209 = SURFACE_SIDE_STYLE ('',( #3115 ) ) ;
#210 = DIRECTION ( 'NONE',  ( -0.000000000000000000, -0.000000000000000000, -1.000000000000000000 ) ) ;
#211 = VECTOR ( 'NONE', #1601, 1000.000000000000000 ) ;
#212 = ORIENTED_EDGE ( 'NONE', *, *, #1286, .T. ) ;
#213 = UNCERTAINTY_MEASURE_WITH_UNIT (LENGTH_MEASURE( 1.000000000000000082E-05 ), #2281, 'distance_accuracy_value', 'NONE');
#214 = PRESENTATION_LAYER_ASSIGNMENT (  '', '', ( #428 ) ) ;
#215 = SURFACE_SIDE_STYLE ('',( #1419 ) ) ;
#216 = VECTOR ( 'NONE', #3006, 1000.000000000000000 ) ;
#217 = PRESENTATION_STYLE_ASSIGNMENT (( #2161 ) ) ;
#218 = VERTEX_POINT ( 'NONE', #1878 ) ;
#219 = COLOUR_RGB ( '',0.2509803921568627416, 0.2509803921568627416, 0.2509803921568627416 ) ;
#220 = CARTESIAN_POINT ( 'NONE',  ( 3.949999999999999734, -3.551475717527321860E-16, -0.7999999999999997113 ) ) ;
#221 = ORIENTED_EDGE ( 'NONE', *, *, #682, .F. ) ;
#222 = SURFACE_SIDE_STYLE ('',( #2881 ) ) ;
#223 = ORIENTED_EDGE ( 'NONE', *, *, #3586, .T. ) ;
#224 = DIRECTION ( 'NONE',  ( 0.000000000000000000, 0.000000000000000000, 1.000000000000000000 ) ) ;
#225 = FILL_AREA_STYLE_COLOUR ( '', #303 ) ;
#226 = DIRECTION ( 'NONE',  ( 2.090028284309406735E-16, -1.000000000000000000, 0.000000000000000000 ) ) ;
#227 = UNCERTAINTY_MEASURE_WITH_UNIT (LENGTH_MEASURE( 1.000000000000000082E-05 ), #158, 'distance_accuracy_value', 'NONE');
#228 = CARTESIAN_POINT ( 'NONE',  ( -4.349999999999999645, 4.596446609406726225, -2.200000000000000178 ) ) ;
#229 = PRESENTATION_LAYER_ASSIGNMENT (  '', '', ( #2643 ) ) ;
#230 = UNCERTAINTY_MEASURE_WITH_UNIT (LENGTH_MEASURE( 1.000000000000000082E-05 ), #2575, 'distance_accuracy_value', 'NONE');
#231 = VERTEX_POINT ( 'NONE', #1596 ) ;
#232 = PRESENTATION_STYLE_ASSIGNMENT (( #530 ) ) ;
#233 = CARTESIAN_POINT ( 'NONE',  ( -2.599999999999999645, 0.2500000000000000000, 2.200000000000000178 ) ) ;
#234 = CARTESIAN_POINT ( 'NONE',  ( -3.099999999999999645, 0.2500000000000000000, 2.200000000000000178 ) ) ;
#235 = EDGE_CURVE ( 'NONE', #68, #307, #2522, .T. ) ;
#236 = CARTESIAN_POINT ( 'NONE',  ( 3.349999999999999201, 0.6999999999999991784, -2.200000000000000178 ) ) ;
#237 = PLANE ( 'NONE',  #2013 ) ;
#238 = ADVANCED_FACE ( 'NONE', ( #1918 ), #419, .T. ) ;
#239 = EDGE_LOOP ( 'NONE', ( #694, #875 ) ) ;
#240 =( GEOMETRIC_REPRESENTATION_CONTEXT ( 3 ) GLOBAL_UNCERTAINTY_ASSIGNED_CONTEXT ( ( #1767 ) ) GLOBAL_UNIT_ASSIGNED_CONTEXT ( ( #971, #3361, #1024 ) ) REPRESENTATION_CONTEXT ( 'NONE', 'WORKASPACE' ) );
#241 = ORIENTED_EDGE ( 'NONE', *, *, #1299, .F. ) ;
#242 = FILL_AREA_STYLE_COLOUR ( '', #3384 ) ;
#243 = DIRECTION ( 'NONE',  ( -1.000000000000000000, 0.000000000000000000, 0.000000000000000000 ) ) ;
#244 = CARTESIAN_POINT ( 'NONE',  ( 4.099999999999999645, 4.700000000000000178, -2.200000000000000178 ) ) ;
#245 = CARTESIAN_POINT ( 'NONE',  ( 4.349999999999999645, -8.673617379884035472E-16, -1.554076788117991846E-15 ) ) ;
#246 = AXIS2_PLACEMENT_3D ( 'NONE', #3163, #1949, #176 ) ;
#247 = ORIENTED_EDGE ( 'NONE', *, *, #435, .F. ) ;
#248 = ORIENTED_EDGE ( 'NONE', *, *, #3051, .T. ) ;
#249 = LINE ( 'NONE', #2040, #2813 ) ;
#250 = CARTESIAN_POINT ( 'NONE',  ( 2.075000000000000178, 4.700000000000000178, 2.000000000000000000 ) ) ;
#251 = PLANE ( 'NONE',  #580 ) ;
#252 = ORIENTED_EDGE ( 'NONE', *, *, #2825, .F. ) ;
#253 = CARTESIAN_POINT ( 'NONE',  ( 0.000000000000000000, 0.6999999999999992895, 2.000000000000000000 ) ) ;
#254 = CARTESIAN_POINT ( 'NONE',  ( 0.000000000000000000, -2.349999999999999645, 1.408343819019456275E-16 ) ) ;
#255 = AXIS2_PLACEMENT_3D ( 'NONE', #1066, #1675, #2225 ) ;
#256 = EDGE_CURVE ( 'NONE', #1876, #924, #731, .T. ) ;
#257 = VECTOR ( 'NONE', #2160, 1000.000000000000000 ) ;
#258 =( GEOMETRIC_REPRESENTATION_CONTEXT ( 3 ) GLOBAL_UNCERTAINTY_ASSIGNED_CONTEXT ( ( #1996 ) ) GLOBAL_UNIT_ASSIGNED_CONTEXT ( ( #2048, #594, #91 ) ) REPRESENTATION_CONTEXT ( 'NONE', 'WORKASPACE' ) );
#259 = SURFACE_STYLE_FILL_AREA ( #3550 ) ;
#260 = CARTESIAN_POINT ( 'NONE',  ( -3.949999999999999734, 0.000000000000000000, 2.199999999999998845 ) ) ;
#261 = ORIENTED_EDGE ( 'NONE', *, *, #486, .F. ) ;
#262 = STYLED_ITEM ( 'NONE', ( #1914 ), #1961 ) ;
#263 = CARTESIAN_POINT ( 'NONE',  ( -2.599999999999999645, 0.2500000000000000000, -2.200000000000000178 ) ) ;
#264 = SURFACE_STYLE_FILL_AREA ( #2602 ) ;
#265 = VECTOR ( 'NONE', #671, 1000.000000000000000 ) ;
#266 = AXIS2_PLACEMENT_3D ( 'NONE', #2580, #3555, #1119 ) ;
#267 = SURFACE_SIDE_STYLE ('',( #3598 ) ) ;
#268 = CARTESIAN_POINT ( 'NONE',  ( 3.349999999999999645, 0.2500000000000000000, -2.200000000000000178 ) ) ;
#269 = ORIENTED_EDGE ( 'NONE', *, *, #3190, .T. ) ;
#270 = AXIS2_PLACEMENT_3D ( 'NONE', #2042, #2898, #1165 ) ;
#271 = CARTESIAN_POINT ( 'NONE',  ( -2.074999999999999734, 3.599999999999999645, 2.000000000000000000 ) ) ;
#272 = DIRECTION ( 'NONE',  ( -1.000000000000000000, 0.000000000000000000, 0.000000000000000000 ) ) ;
#273 = CIRCLE ( 'NONE', #3405, 0.3999999999999999667 ) ;
#274 = MECHANICAL_DESIGN_GEOMETRIC_PRESENTATION_REPRESENTATION (  '', ( #3278 ), #2947 ) ;
#275 = CARTESIAN_POINT ( 'NONE',  ( 2.349999999999999201, 0.2500000000000000555, -2.200000000000000178 ) ) ;
#276 = SURFACE_STYLE_USAGE ( .BOTH. , #2277 ) ;
#277 = CIRCLE ( 'NONE', #3666, 0.2499999999999999445 ) ;
#278 = LINE ( 'NONE', #1229, #3510 ) ;
#279 = SURFACE_SIDE_STYLE ('',( #259 ) ) ;
#280 =( NAMED_UNIT ( * ) PLANE_ANGLE_UNIT ( ) SI_UNIT ( $, .RADIAN. ) );
#281 = ORIENTED_EDGE ( 'NONE', *, *, #1496, .T. ) ;
#282 = ORIENTED_EDGE ( 'NONE', *, *, #1148, .F. ) ;
#283 = VECTOR ( 'NONE', #867, 1000.000000000000000 ) ;
#284 =( LENGTH_UNIT ( ) NAMED_UNIT ( * ) SI_UNIT ( .MILLI., .METRE. ) );
#285 =( NAMED_UNIT ( * ) PLANE_ANGLE_UNIT ( ) SI_UNIT ( $, .RADIAN. ) );
#286 = ADVANCED_FACE ( 'NONE', ( #1939 ), #3715, .T. ) ;
#287 = LINE ( 'NONE', #364, #2688 ) ;
#288 = DIRECTION ( 'NONE',  ( 0.000000000000000000, 3.306546357697854226E-16, -1.000000000000000000 ) ) ;
#289 = AXIS2_PLACEMENT_3D ( 'NONE', #1247, #3090, #3359 ) ;
#290 = VERTEX_POINT ( 'NONE', #3487 ) ;
#291 = EDGE_CURVE ( 'NONE', #668, #3866, #1029, .T. ) ;
#292 = CARTESIAN_POINT ( 'NONE',  ( 2.600000000000000089, -3.306546357697851761E-16, -1.199999999999999734 ) ) ;
#293 = LINE ( 'NONE', #3313, #1262 ) ;
#294 = DIRECTION ( 'NONE',  ( 0.000000000000000000, -0.9874406319167053914, 0.1579905011066730092 ) ) ;
#295 =( NAMED_UNIT ( * ) PLANE_ANGLE_UNIT ( ) SI_UNIT ( $, .RADIAN. ) );
#296 = ORIENTED_EDGE ( 'NONE', *, *, #2243, .F. ) ;
#297 = VERTEX_POINT ( 'NONE', #1615 ) ;
#298 = DIRECTION ( 'NONE',  ( 1.000000000000000000, 0.000000000000000000, 0.000000000000000000 ) ) ;
#299 = DIRECTION ( 'NONE',  ( 0.000000000000000000, -1.000000000000000000, 0.000000000000000000 ) ) ;
#300 = COLOUR_RGB ( '',0.8470588235294117530, 0.8431372549019607865, 0.8470588235294117530 ) ;
#301 = UNCERTAINTY_MEASURE_WITH_UNIT (LENGTH_MEASURE( 1.000000000000000082E-05 ), #3733, 'distance_accuracy_value', 'NONE');
#302 = PRESENTATION_STYLE_ASSIGNMENT (( #659 ) ) ;
#303 = COLOUR_RGB ( '',0.8470588235294117530, 0.8431372549019607865, 0.8470588235294117530 ) ;
#304 = CARTESIAN_POINT ( 'NONE',  ( -4.349999999999999645, 4.450000000000000178, 2.200000000000000178 ) ) ;
#305 = EDGE_CURVE ( 'NONE', #68, #925, #2805, .T. ) ;
#306 = DIRECTION ( 'NONE',  ( 0.000000000000000000, -1.000000000000000000, 0.000000000000000000 ) ) ;
#307 = VERTEX_POINT ( 'NONE', #595 ) ;
#308 = PRESENTATION_STYLE_ASSIGNMENT (( #3328 ) ) ;
#309 =( NAMED_UNIT ( * ) SI_UNIT ( $, .STERADIAN. ) SOLID_ANGLE_UNIT ( ) );
#310 = EDGE_CURVE ( 'NONE', #2367, #1524, #1757, .T. ) ;
#311 = MECHANICAL_DESIGN_GEOMETRIC_PRESENTATION_REPRESENTATION (  '', ( #3747 ), #373 ) ;
#312 = ORIENTED_EDGE ( 'NONE', *, *, #3122, .T. ) ;
#313 = CARTESIAN_POINT ( 'NONE',  ( -2.349999999999999201, 0.2500000000000000555, 1.112249899919919072 ) ) ;
#314 = PRESENTATION_LAYER_ASSIGNMENT (  '', '', ( #2588 ) ) ;
#315 = EDGE_CURVE ( 'NONE', #2272, #637, #9, .T. ) ;
#316 = SURFACE_STYLE_USAGE ( .BOTH. , #2380 ) ;
#317 = CARTESIAN_POINT ( 'NONE',  ( -4.349999999999999645, 0.3999999999999996336, -0.7999999999999997113 ) ) ;
#318 = CARTESIAN_POINT ( 'NONE',  ( 2.349999999999999645, 0.3999999999999994116, 0.7999999999999997113 ) ) ;
#319 = ORIENTED_EDGE ( 'NONE', *, *, #2332, .T. ) ;
#320 = EDGE_LOOP ( 'NONE', ( #2062, #1759, #1665, #3171 ) ) ;
#321 = VECTOR ( 'NONE', #3417, 1000.000000000000000 ) ;
#322 = PRESENTATION_LAYER_ASSIGNMENT (  '', '', ( #2802 ) ) ;
#323 = DIRECTION ( 'NONE',  ( 0.000000000000000000, -1.000000000000000000, 0.000000000000000000 ) ) ;
#324 = VECTOR ( 'NONE', #2871, 1000.000000000000000 ) ;
#325 = DIRECTION ( 'NONE',  ( -1.000000000000000000, 0.000000000000000000, 0.000000000000000000 ) ) ;
#326 = SURFACE_STYLE_FILL_AREA ( #1786 ) ;
#327 = CARTESIAN_POINT ( 'NONE',  ( 4.349999999999999645, 4.450000000000000178, -2.200000000000000178 ) ) ;
#328 = EDGE_CURVE ( 'NONE', #3425, #1303, #2721, .T. ) ;
#329 = COLOUR_RGB ( '',0.8470588235294117530, 0.8431372549019607865, 0.8470588235294117530 ) ;
#330 = STYLED_ITEM ( 'NONE', ( #2610 ), #3291 ) ;
#331 = ORIENTED_EDGE ( 'NONE', *, *, #3325, .T. ) ;
#332 = CARTESIAN_POINT ( 'NONE',  ( 0.000000000000000000, 0.7000000000000000666, 0.000000000000000000 ) ) ;
#333 = CARTESIAN_POINT ( 'NONE',  ( -2.074999999999999734, 3.599999999999999645, 2.200000000000000178 ) ) ;
#334 = FILL_AREA_STYLE_COLOUR ( '', #204 ) ;
#335 = CIRCLE ( 'NONE', #1027, 0.3999999999999999667 ) ;
#336 = LINE ( 'NONE', #2087, #3062 ) ;
#337 = DIRECTION ( 'NONE',  ( 1.000000000000000000, 0.000000000000000000, 0.000000000000000000 ) ) ;
#338 = CARTESIAN_POINT ( 'NONE',  ( 0.000000000000000000, 0.7000000000000000666, -2.200000000000000178 ) ) ;
#339 = EDGE_LOOP ( 'NONE', ( #1204, #1820, #2387, #1947, #3565, #3393 ) ) ;
#340 = AXIS2_PLACEMENT_3D ( 'NONE', #347, #325, #897 ) ;
#341 = ORIENTED_EDGE ( 'NONE', *, *, #2531, .F. ) ;
#342 = CARTESIAN_POINT ( 'NONE',  ( -3.949999999999999734, -8.573765555304644567E-16, 0.3999999999999997446 ) ) ;
#343 = STYLED_ITEM ( 'NONE', ( #1350 ), #1703 ) ;
#344 = ADVANCED_FACE ( 'NONE', ( #3863 ), #237, .T. ) ;
#345 = FACE_OUTER_BOUND ( 'NONE', #1529, .T. ) ;
#346 = CIRCLE ( 'NONE', #1816, 0.3999999999999999667 ) ;
#347 = CARTESIAN_POINT ( 'NONE',  ( 3.949999999999999734, -3.551475717527321860E-16, -0.7999999999999997113 ) ) ;
#348 = CARTESIAN_POINT ( 'NONE',  ( -0.5000000000000000000, 4.700000000000000178, 8.200000000000001066 ) ) ;
#349 = DIRECTION ( 'NONE',  ( -0.000000000000000000, -0.000000000000000000, -1.000000000000000000 ) ) ;
#350 = CYLINDRICAL_SURFACE ( 'NONE', #1147, 0.3999999999999999667 ) ;
#351 = ORIENTED_EDGE ( 'NONE', *, *, #1259, .T. ) ;
#352 = FACE_BOUND ( 'NONE', #1108, .T. ) ;
#353 = ADVANCED_FACE ( 'NONE', ( #1457 ), #3569, .F. ) ;
#354 = FILL_AREA_STYLE ('',( #2104 ) ) ;
#355 = DIRECTION ( 'NONE',  ( 1.000000000000000000, -4.989666635317766880E-20, 0.000000000000000000 ) ) ;
#356 = FACE_OUTER_BOUND ( 'NONE', #1970, .T. ) ;
#357 = ORIENTED_EDGE ( 'NONE', *, *, #1207, .F. ) ;
#358 = ORIENTED_EDGE ( 'NONE', *, *, #3559, .F. ) ;
#359 = MECHANICAL_DESIGN_GEOMETRIC_PRESENTATION_REPRESENTATION (  '', ( #548 ), #861 ) ;
#360 = EDGE_CURVE ( 'NONE', #2237, #931, #462, .T. ) ;
#361 = SURFACE_STYLE_FILL_AREA ( #2109 ) ;
#362 =( NAMED_UNIT ( * ) PLANE_ANGLE_UNIT ( ) SI_UNIT ( $, .RADIAN. ) );
#363 = FILL_AREA_STYLE_COLOUR ( '', #1674 ) ;
#364 = CARTESIAN_POINT ( 'NONE',  ( -4.349999999999999645, -1.734723475976807094E-15, 2.935478377556205177E-15 ) ) ;
#365 = LINE ( 'NONE', #1862, #3758 ) ;
#366 = ORIENTED_EDGE ( 'NONE', *, *, #3009, .T. ) ;
#367 =( NAMED_UNIT ( * ) PLANE_ANGLE_UNIT ( ) SI_UNIT ( $, .RADIAN. ) );
#368 = CIRCLE ( 'NONE', #934, 0.2500000000000000000 ) ;
#369 = CARTESIAN_POINT ( 'NONE',  ( -2.599999999999999645, -1.084202172485504434E-16, 2.200000000000000178 ) ) ;
#370 = UNCERTAINTY_MEASURE_WITH_UNIT (LENGTH_MEASURE( 1.000000000000000082E-05 ), #1335, 'distance_accuracy_value', 'NONE');
#371 = ORIENTED_EDGE ( 'NONE', *, *, #3653, .F. ) ;
#372 = FACE_OUTER_BOUND ( 'NONE', #713, .T. ) ;
#373 =( GEOMETRIC_REPRESENTATION_CONTEXT ( 3 ) GLOBAL_UNCERTAINTY_ASSIGNED_CONTEXT ( ( #3407 ) ) GLOBAL_UNIT_ASSIGNED_CONTEXT ( ( #752, #148, #1292 ) ) REPRESENTATION_CONTEXT ( 'NONE', 'WORKASPACE' ) );
#374 = LINE ( 'NONE', #1498, #524 ) ;
#375 = CARTESIAN_POINT ( 'NONE',  ( 4.349999999999999645, 4.700000000000000178, 0.000000000000000000 ) ) ;
#376 = VERTEX_POINT ( 'NONE', #2067 ) ;
#377 = DIRECTION ( 'NONE',  ( 0.000000000000000000, 0.000000000000000000, -1.000000000000000000 ) ) ;
#378 = CARTESIAN_POINT ( 'NONE',  ( -3.949999999999999734, 4.645085803432136728, -0.3432137285491430045 ) ) ;
#379 = SURFACE_SIDE_STYLE ('',( #1841 ) ) ;
#380 = ORIENTED_EDGE ( 'NONE', *, *, #387, .F. ) ;
#381 = COLOUR_RGB ( '',0.8470588235294117530, 0.8431372549019607865, 0.8470588235294117530 ) ;
#382 = SURFACE_STYLE_USAGE ( .BOTH. , #1880 ) ;
#383 = CARTESIAN_POINT ( 'NONE',  ( -2.349999999999999201, 0.3999999999999994116, 0.7999999999999997113 ) ) ;
#384 =( GEOMETRIC_REPRESENTATION_CONTEXT ( 3 ) GLOBAL_UNCERTAINTY_ASSIGNED_CONTEXT ( ( #3770 ) ) GLOBAL_UNIT_ASSIGNED_CONTEXT ( ( #1737, #2703, #2967 ) ) REPRESENTATION_CONTEXT ( 'NONE', 'WORKASPACE' ) );
#385 =( LENGTH_UNIT ( ) NAMED_UNIT ( * ) SI_UNIT ( .MILLI., .METRE. ) );
#386 = FILL_AREA_STYLE_COLOUR ( '', #1449 ) ;
#387 = EDGE_CURVE ( 'NONE', #1598, #3254, #1521, .T. ) ;
#388 = DIRECTION ( 'NONE',  ( 0.000000000000000000, -1.000000000000000000, -2.168404344971008868E-16 ) ) ;
#389 = STYLED_ITEM ( 'NONE', ( #1636 ), #286 ) ;
#390 = FACE_OUTER_BOUND ( 'NONE', #43, .T. ) ;
#391 = EDGE_CURVE ( 'NONE', #931, #609, #1834, .T. ) ;
#392 = UNCERTAINTY_MEASURE_WITH_UNIT (LENGTH_MEASURE( 1.000000000000000082E-05 ), #876, 'distance_accuracy_value', 'NONE');
#393 = VECTOR ( 'NONE', #611, 999.9999999999998863 ) ;
#394 = VERTEX_POINT ( 'NONE', #911 ) ;
#395 = LINE ( 'NONE', #88, #2366 ) ;
#396 = AXIS2_PLACEMENT_3D ( 'NONE', #2348, #3515, #1392 ) ;
#397 = PLANE ( 'NONE',  #3606 ) ;
#398 = CARTESIAN_POINT ( 'NONE',  ( 2.349999999999999201, 0.2500000000000000555, 2.200000000000000178 ) ) ;
#399 = SURFACE_STYLE_FILL_AREA ( #1818 ) ;
#400 = ORIENTED_EDGE ( 'NONE', *, *, #3366, .T. ) ;
#401 = LINE ( 'NONE', #110, #321 ) ;
#402 = AXIS2_PLACEMENT_3D ( 'NONE', #2658, #8, #1169 ) ;
#403 = CARTESIAN_POINT ( 'NONE',  ( -2.530698297858170243, -1.380663704024509553E-16, -1.199999999999999956 ) ) ;
#404 = FACE_OUTER_BOUND ( 'NONE', #1971, .T. ) ;
#405 = CARTESIAN_POINT ( 'NONE',  ( -3.949999999999999734, 3.826133144475921899, -2.427407932011330871 ) ) ;
#406 = PRESENTATION_STYLE_ASSIGNMENT (( #2777 ) ) ;
#407 = EDGE_CURVE ( 'NONE', #2646, #924, #374, .T. ) ;
#408 = EDGE_CURVE ( 'NONE', #492, #1162, #3360, .T. ) ;
#409 = VERTEX_POINT ( 'NONE', #318 ) ;
#410 = CARTESIAN_POINT ( 'NONE',  ( 0.000000000000000000, 0.7000000000000000666, -2.200000000000000178 ) ) ;
#411 = COLOUR_RGB ( '',0.8470588235294117530, 0.8431372549019607865, 0.8470588235294117530 ) ;
#412 = SURFACE_STYLE_USAGE ( .BOTH. , #745 ) ;
#413 = FILL_AREA_STYLE ('',( #205 ) ) ;
#414 = ORIENTED_EDGE ( 'NONE', *, *, #3466, .F. ) ;
#415 = COLOUR_RGB ( '',0.2509803921568627416, 0.2509803921568627416, 0.2509803921568627416 ) ;
#416 = FILL_AREA_STYLE_COLOUR ( '', #756 ) ;
#417 = CARTESIAN_POINT ( 'NONE',  ( 2.349999999999998757, 0.2229852138238123394, 1.133879039099079611 ) ) ;
#418 = LINE ( 'NONE', #3382, #695 ) ;
#419 = PLANE ( 'NONE',  #3064 ) ;
#420 = FILL_AREA_STYLE_COLOUR ( '', #1839 ) ;
#421 = EDGE_LOOP ( 'NONE', ( #3603, #1133, #1201, #2043 ) ) ;
#422 = SURFACE_STYLE_USAGE ( .BOTH. , #2489 ) ;
#423 = CARTESIAN_POINT ( 'NONE',  ( -2.599999999999999645, 0.000000000000000000, 2.200000000000000178 ) ) ;
#424 = PLANE ( 'NONE',  #2936 ) ;
#425 = EDGE_CURVE ( 'NONE', #1303, #2586, #335, .T. ) ;
#426 = CARTESIAN_POINT ( 'NONE',  ( -2.075000000000000178, 4.700000000000000178, 2.000000000000000000 ) ) ;
#427 = ORIENTED_EDGE ( 'NONE', *, *, #2047, .T. ) ;
#428 = STYLED_ITEM ( 'NONE', ( #3484 ), #988 ) ;
#429 = DIRECTION ( 'NONE',  ( -0.000000000000000000, -1.000000000000000000, -0.000000000000000000 ) ) ;
#430 = ORIENTED_EDGE ( 'NONE', *, *, #3595, .T. ) ;
#431 = CARTESIAN_POINT ( 'NONE',  ( -2.349999999999999201, 0.2500000000000000555, 2.200000000000000178 ) ) ;
#432 = ORIENTED_EDGE ( 'NONE', *, *, #3228, .T. ) ;
#433 = CARTESIAN_POINT ( 'NONE',  ( 2.349999999999999201, 0.2500000000000000555, 2.200000000000000178 ) ) ;
#434 = CARTESIAN_POINT ( 'NONE',  ( 2.354469041949413644, 0.1933109650559082793, 1.151692553797756480 ) ) ;
#435 = EDGE_CURVE ( 'NONE', #2232, #2237, #1574, .T. ) ;
#436 =( NAMED_UNIT ( * ) PLANE_ANGLE_UNIT ( ) SI_UNIT ( $, .RADIAN. ) );
#437 = ADVANCED_FACE ( 'NONE', ( #3378 ), #3336, .F. ) ;
#438 =( GEOMETRIC_REPRESENTATION_CONTEXT ( 3 ) GLOBAL_UNCERTAINTY_ASSIGNED_CONTEXT ( ( #1827 ) ) GLOBAL_UNIT_ASSIGNED_CONTEXT ( ( #3072, #436, #2200 ) ) REPRESENTATION_CONTEXT ( 'NONE', 'WORKASPACE' ) );
#439 = PRESENTATION_STYLE_ASSIGNMENT (( #3615 ) ) ;
#440 =( LENGTH_UNIT ( ) NAMED_UNIT ( * ) SI_UNIT ( .MILLI., .METRE. ) );
#441 = VECTOR ( 'NONE', #1694, 1000.000000000000000 ) ;
#442 = FILL_AREA_STYLE_COLOUR ( '', #2692 ) ;
#443 = CARTESIAN_POINT ( 'NONE',  ( -3.949999999999999734, 3.826133144475921899, -2.427407932011330871 ) ) ;
#444 =( NAMED_UNIT ( * ) PLANE_ANGLE_UNIT ( ) SI_UNIT ( $, .RADIAN. ) );
#445 =( NAMED_UNIT ( * ) SI_UNIT ( $, .STERADIAN. ) SOLID_ANGLE_UNIT ( ) );
#446 = LINE ( 'NONE', #3166, #655 ) ;
#447 = VERTEX_POINT ( 'NONE', #1537 ) ;
#448 = AXIS2_PLACEMENT_3D ( 'NONE', #1252, #2660, #13 ) ;
#449 = FILL_AREA_STYLE_COLOUR ( '', #415 ) ;
#450 =( GEOMETRIC_REPRESENTATION_CONTEXT ( 3 ) GLOBAL_UNCERTAINTY_ASSIGNED_CONTEXT ( ( #2906 ) ) GLOBAL_UNIT_ASSIGNED_CONTEXT ( ( #38, #1821, #2145 ) ) REPRESENTATION_CONTEXT ( 'NONE', 'WORKASPACE' ) );
#451 = ORIENTED_EDGE ( 'NONE', *, *, #2603, .T. ) ;
#452 =( NAMED_UNIT ( * ) PLANE_ANGLE_UNIT ( ) SI_UNIT ( $, .RADIAN. ) );
#453 = PRESENTATION_LAYER_ASSIGNMENT (  '', '', ( #1625 ) ) ;
#454 = STYLED_ITEM ( 'NONE', ( #3246 ), #1049 ) ;
#455 = FILL_AREA_STYLE_COLOUR ( '', #82 ) ;
#456 = EDGE_CURVE ( 'NONE', #3160, #2192, #2815, .T. ) ;
#457 = DIRECTION ( 'NONE',  ( -1.000000000000000000, 0.000000000000000000, 0.000000000000000000 ) ) ;
#458 = CIRCLE ( 'NONE', #2239, 0.2500000000000000000 ) ;
#459 = EDGE_CURVE ( 'NONE', #1341, #2989, #1324, .T. ) ;
#460 = FILL_AREA_STYLE ('',( #3137 ) ) ;
#461 = AXIS2_PLACEMENT_3D ( 'NONE', #2565, #1624, #504 ) ;
#462 = CIRCLE ( 'NONE', #649, 0.2500000000000002220 ) ;
#463 = FILL_AREA_STYLE_COLOUR ( '', #3391 ) ;
#464 =( NAMED_UNIT ( * ) PLANE_ANGLE_UNIT ( ) SI_UNIT ( $, .RADIAN. ) );
#465 = PRESENTATION_LAYER_ASSIGNMENT (  '', '', ( #156 ) ) ;
#466 = CARTESIAN_POINT ( 'NONE',  ( 3.099999999999999645, -1.084202172485504434E-16, -2.200000000000000178 ) ) ;
#467 = ORIENTED_EDGE ( 'NONE', *, *, #1559, .F. ) ;
#468 = SURFACE_STYLE_USAGE ( .BOTH. , #222 ) ;
#469 = ORIENTED_EDGE ( 'NONE', *, *, #1871, .T. ) ;
#470 = DIRECTION ( 'NONE',  ( 1.000000000000000000, 1.045014142154703367E-16, 0.000000000000000000 ) ) ;
#471 = CARTESIAN_POINT ( 'NONE',  ( 2.599999999999999645, 0.2500000000000000000, 2.200000000000000178 ) ) ;
#472 = EDGE_CURVE ( 'NONE', #2677, #1176, #3609, .T. ) ;
#473 = COLOUR_RGB ( '',0.8470588235294117530, 0.8431372549019607865, 0.8470588235294117530 ) ;
#474 = SURFACE_STYLE_FILL_AREA ( #1307 ) ;
#475 = DIRECTION ( 'NONE',  ( 1.000000000000000000, 0.000000000000000000, 0.000000000000000000 ) ) ;
#476 = ORIENTED_EDGE ( 'NONE', *, *, #3595, .F. ) ;
#477 = UNCERTAINTY_MEASURE_WITH_UNIT (LENGTH_MEASURE( 1.000000000000000082E-05 ), #858, 'distance_accuracy_value', 'NONE');
#478 = EDGE_CURVE ( 'NONE', #1460, #2051, #839, .T. ) ;
#479 = UNCERTAINTY_MEASURE_WITH_UNIT (LENGTH_MEASURE( 1.000000000000000082E-05 ), #3647, 'distance_accuracy_value', 'NONE');
#480 = CARTESIAN_POINT ( 'NONE',  ( -1.500000000000000000, 1.550000000000000266, 8.200000000000001066 ) ) ;
#481 = ORIENTED_EDGE ( 'NONE', *, *, #3422, .T. ) ;
#482 = ORIENTED_EDGE ( 'NONE', *, *, #1442, .T. ) ;
#483 = CARTESIAN_POINT ( 'NONE',  ( -3.949999999999999734, 4.645085803432136728, 0.3432137285491438372 ) ) ;
#484 = DIRECTION ( 'NONE',  ( -1.000000000000000000, 0.000000000000000000, 0.000000000000000000 ) ) ;
#485 = SURFACE_SIDE_STYLE ('',( #3705 ) ) ;
#486 = EDGE_CURVE ( 'NONE', #3135, #2700, #103, .T. ) ;
#487 = SURFACE_STYLE_FILL_AREA ( #1870 ) ;
#488 = ORIENTED_EDGE ( 'NONE', *, *, #533, .F. ) ;
#489 = ORIENTED_EDGE ( 'NONE', *, *, #3025, .T. ) ;
#490 = SURFACE_STYLE_USAGE ( .BOTH. , #804 ) ;
#491 = FACE_OUTER_BOUND ( 'NONE', #167, .T. ) ;
#492 = VERTEX_POINT ( 'NONE', #3046 ) ;
#493 = PRESENTATION_LAYER_ASSIGNMENT (  '', '', ( #1777 ) ) ;
#494 = CARTESIAN_POINT ( 'NONE',  ( 4.764213562373102562, 3.550000000000000266, 1.935786437626956902 ) ) ;
#495 = LINE ( 'NONE', #187, #1413 ) ;
#496 = ORIENTED_EDGE ( 'NONE', *, *, #459, .T. ) ;
#497 = UNCERTAINTY_MEASURE_WITH_UNIT (LENGTH_MEASURE( 1.000000000000000082E-05 ), #3125, 'distance_accuracy_value', 'NONE');
#498 = AXIS2_PLACEMENT_3D ( 'NONE', #2890, #772, #3535 ) ;
#499 =( NAMED_UNIT ( * ) SI_UNIT ( $, .STERADIAN. ) SOLID_ANGLE_UNIT ( ) );
#500 = CARTESIAN_POINT ( 'NONE',  ( 4.349999999999999645, 4.596446609406726225, -2.200000000000000178 ) ) ;
#501 = SURFACE_STYLE_FILL_AREA ( #3496 ) ;
#502 =( LENGTH_UNIT ( ) NAMED_UNIT ( * ) SI_UNIT ( .MILLI., .METRE. ) );
#503 = SURFACE_STYLE_USAGE ( .BOTH. , #3477 ) ;
#504 = DIRECTION ( 'NONE',  ( 0.000000000000000000, 0.000000000000000000, 1.000000000000000000 ) ) ;
#505 = ORIENTED_EDGE ( 'NONE', *, *, #118, .T. ) ;
#506 = EDGE_CURVE ( 'NONE', #3135, #1957, #3676, .T. ) ;
#507 = ORIENTED_EDGE ( 'NONE', *, *, #509, .F. ) ;
#508 = MECHANICAL_DESIGN_GEOMETRIC_PRESENTATION_REPRESENTATION (  '', ( #2600 ), #2667 ) ;
#509 = EDGE_CURVE ( 'NONE', #307, #2633, #764, .T. ) ;
#510 = STYLED_ITEM ( 'NONE', ( #3192 ), #1785 ) ;
#511 = CARTESIAN_POINT ( 'NONE',  ( -2.599999999999999645, -1.084202172485504434E-16, -1.199999999999999734 ) ) ;
#512 = CARTESIAN_POINT ( 'NONE',  ( 3.949999999999999734, -2.499999999999999556, 0.000000000000000000 ) ) ;
#513 = ORIENTED_EDGE ( 'NONE', *, *, #1496, .F. ) ;
#514 = SURFACE_STYLE_USAGE ( .BOTH. , #3843 ) ;
#515 = MECHANICAL_DESIGN_GEOMETRIC_PRESENTATION_REPRESENTATION (  '', ( #1193 ), #1567 ) ;
#516 =( GEOMETRIC_REPRESENTATION_CONTEXT ( 3 ) GLOBAL_UNCERTAINTY_ASSIGNED_CONTEXT ( ( #895 ) ) GLOBAL_UNIT_ASSIGNED_CONTEXT ( ( #2573, #1597, #3717 ) ) REPRESENTATION_CONTEXT ( 'NONE', 'WORKASPACE' ) );
#517 = CARTESIAN_POINT ( 'NONE',  ( -4.099999999999999645, 4.700000000000000178, -1.950000000000000178 ) ) ;
#518 = STYLED_ITEM ( 'NONE', ( #181 ), #1491 ) ;
#519 = PRESENTATION_LAYER_ASSIGNMENT (  '', '', ( #1440 ) ) ;
#520 = DIRECTION ( 'NONE',  ( -0.000000000000000000, -1.000000000000000000, -0.000000000000000000 ) ) ;
#521 = CARTESIAN_POINT ( 'NONE',  ( 0.000000000000000000, 3.550000000000000266, 8.200000000000001066 ) ) ;
#522 =( LENGTH_UNIT ( ) NAMED_UNIT ( * ) SI_UNIT ( .MILLI., .METRE. ) );
#523 = PRESENTATION_LAYER_ASSIGNMENT (  '', '', ( #1811 ) ) ;
#524 = VECTOR ( 'NONE', #3317, 999.9999999999998863 ) ;
#525 = ADVANCED_FACE ( 'NONE', ( #2501 ), #120, .T. ) ;
#526 = LINE ( 'NONE', #3539, #1141 ) ;
#527 = VECTOR ( 'NONE', #879, 1000.000000000000000 ) ;
#528 = ORIENTED_EDGE ( 'NONE', *, *, #2341, .F. ) ;
#529 = STYLED_ITEM ( 'NONE', ( #406 ), #2245 ) ;
#530 = SURFACE_STYLE_USAGE ( .BOTH. , #3241 ) ;
#531 = CARTESIAN_POINT ( 'NONE',  ( -4.349999999999999645, -1.250000000000000222, 0.5999999999999998668 ) ) ;
#532 = AXIS2_PLACEMENT_3D ( 'NONE', #3162, #1926, #3704 ) ;
#533 = EDGE_CURVE ( 'NONE', #3866, #3347, #346, .T. ) ;
#534 = CARTESIAN_POINT ( 'NONE',  ( 0.000000000000000000, 1.349999999999999645, 2.200000000000000178 ) ) ;
#535 = LINE ( 'NONE', #2899, #3767 ) ;
#536 = AXIS2_PLACEMENT_3D ( 'NONE', #2837, #1911, #786 ) ;
#537 = CARTESIAN_POINT ( 'NONE',  ( -2.599999999999999645, -6.245698675651497881E-16, 1.199999999999999734 ) ) ;
#538 = ORIENTED_EDGE ( 'NONE', *, *, #2513, .F. ) ;
#539 = STYLED_ITEM ( 'NONE', ( #2626 ), #109 ) ;
#540 = DIRECTION ( 'NONE',  ( 0.000000000000000000, 0.000000000000000000, 1.000000000000000000 ) ) ;
#541 =( NAMED_UNIT ( * ) SI_UNIT ( $, .STERADIAN. ) SOLID_ANGLE_UNIT ( ) );
#542 = AXIS2_PLACEMENT_3D ( 'NONE', #1749, #1709, #1159 ) ;
#543 = CARTESIAN_POINT ( 'NONE',  ( -2.349999999999999201, 0.2500000000000000555, -2.200000000000000178 ) ) ;
#544 = CARTESIAN_POINT ( 'NONE',  ( -3.349999999999999645, 0.2500000000000000000, 1.112249899919919072 ) ) ;
#545 = UNCERTAINTY_MEASURE_WITH_UNIT (LENGTH_MEASURE( 1.000000000000000082E-05 ), #2950, 'distance_accuracy_value', 'NONE');
#546 = LINE ( 'NONE', #603, #2885 ) ;
#547 = ORIENTED_EDGE ( 'NONE', *, *, #3572, .F. ) ;
#548 = STYLED_ITEM ( 'NONE', ( #2298 ), #344 ) ;
#549 = ADVANCED_FACE ( 'NONE', ( #3396 ), #161, .F. ) ;
#550 = EDGE_LOOP ( 'NONE', ( #1359, #427, #248, #1602 ) ) ;
#551 = FILL_AREA_STYLE_COLOUR ( '', #2311 ) ;
#552 = CARTESIAN_POINT ( 'NONE',  ( 2.349999999999999645, 0.2500000000000000555, 1.112249899919919072 ) ) ;
#553 = ORIENTED_EDGE ( 'NONE', *, *, #1035, .T. ) ;
#554 = ADVANCED_FACE ( 'NONE', ( #491 ), #2856, .F. ) ;
#555 = ORIENTED_EDGE ( 'NONE', *, *, #2730, .T. ) ;
#556 = CARTESIAN_POINT ( 'NONE',  ( -3.949999999999999734, -3.551475717527321860E-16, -0.7999999999999997113 ) ) ;
#557 = FILL_AREA_STYLE_COLOUR ( '', #1884 ) ;
#558 = DIRECTION ( 'NONE',  ( -0.000000000000000000, -0.000000000000000000, -1.000000000000000000 ) ) ;
#559 =( GEOMETRIC_REPRESENTATION_CONTEXT ( 3 ) GLOBAL_UNCERTAINTY_ASSIGNED_CONTEXT ( ( #213 ) ) GLOBAL_UNIT_ASSIGNED_CONTEXT ( ( #2281, #814, #1706 ) ) REPRESENTATION_CONTEXT ( 'NONE', 'WORKASPACE' ) );
#560 = CARTESIAN_POINT ( 'NONE',  ( 0.000000000000000000, 1.349999999999999645, 2.000000000000000000 ) ) ;
#561 = CARTESIAN_POINT ( 'NONE',  ( 2.075000000000000622, 3.600000000000000533, 2.000000000000000000 ) ) ;
#562 = ORIENTED_EDGE ( 'NONE', *, *, #235, .T. ) ;
#563 = PRESENTATION_LAYER_ASSIGNMENT (  '', '', ( #1360 ) ) ;
#564 = ORIENTED_EDGE ( 'NONE', *, *, #2137, .F. ) ;
#565 = CARTESIAN_POINT ( 'NONE',  ( -3.099999999999999645, 1.880790961315660013E-34, -2.200000000000000178 ) ) ;
#566 = SURFACE_STYLE_FILL_AREA ( #2940 ) ;
#567 = VECTOR ( 'NONE', #3554, 1000.000000000000000 ) ;
#568 =( GEOMETRIC_REPRESENTATION_CONTEXT ( 3 ) GLOBAL_UNCERTAINTY_ASSIGNED_CONTEXT ( ( #2526 ) ) GLOBAL_UNIT_ASSIGNED_CONTEXT ( ( #143, #452, #2786 ) ) REPRESENTATION_CONTEXT ( 'NONE', 'WORKASPACE' ) );
#569 = EDGE_CURVE ( 'NONE', #2710, #2051, #1376, .T. ) ;
#570 = DIRECTION ( 'NONE',  ( 0.000000000000000000, 0.9874406319167053914, 0.1579905011066732035 ) ) ;
#571 = SURFACE_STYLE_USAGE ( .BOTH. , #2806 ) ;
#572 = ORIENTED_EDGE ( 'NONE', *, *, #3409, .F. ) ;
#573 = ORIENTED_EDGE ( 'NONE', *, *, #1940, .T. ) ;
#574 = MECHANICAL_DESIGN_GEOMETRIC_PRESENTATION_REPRESENTATION (  '', ( #389 ), #1344 ) ;
#575 =( GEOMETRIC_REPRESENTATION_CONTEXT ( 3 ) GLOBAL_UNCERTAINTY_ASSIGNED_CONTEXT ( ( #2099 ) ) GLOBAL_UNIT_ASSIGNED_CONTEXT ( ( #1900, #2527, #1064 ) ) REPRESENTATION_CONTEXT ( 'NONE', 'WORKASPACE' ) );
#576 = PRESENTATION_STYLE_ASSIGNMENT (( #3214 ) ) ;
#577 = MECHANICAL_DESIGN_GEOMETRIC_PRESENTATION_REPRESENTATION (  '', ( #87 ), #450 ) ;
#578 = ADVANCED_FACE ( 'NONE', ( #2570 ), #3270, .F. ) ;
#579 = CARTESIAN_POINT ( 'NONE',  ( 4.099999999999999645, 4.700000000000000178, -1.950000000000000178 ) ) ;
#580 = AXIS2_PLACEMENT_3D ( 'NONE', #3802, #3078, #112 ) ;
#581 = AXIS2_PLACEMENT_3D ( 'NONE', #48, #117, #966 ) ;
#582 = CARTESIAN_POINT ( 'NONE',  ( 0.000000000000000000, 1.407106781186548528, -0.2499999999999998335 ) ) ;
#583 =( GEOMETRIC_REPRESENTATION_CONTEXT ( 3 ) GLOBAL_UNCERTAINTY_ASSIGNED_CONTEXT ( ( #1063 ) ) GLOBAL_UNIT_ASSIGNED_CONTEXT ( ( #1090, #2478, #1034 ) ) REPRESENTATION_CONTEXT ( 'NONE', 'WORKASPACE' ) );
#584 = SURFACE_STYLE_FILL_AREA ( #1199 ) ;
#585 = DIRECTION ( 'NONE',  ( 0.000000000000000000, 3.306546357697854226E-16, -1.000000000000000000 ) ) ;
#586 = VECTOR ( 'NONE', #81, 1000.000000000000000 ) ;
#587 = MECHANICAL_DESIGN_GEOMETRIC_PRESENTATION_REPRESENTATION (  '', ( #1140 ), #2057 ) ;
#588 = VECTOR ( 'NONE', #3037, 1000.000000000000000 ) ;
#589 =( NAMED_UNIT ( * ) PLANE_ANGLE_UNIT ( ) SI_UNIT ( $, .RADIAN. ) );
#590 = CARTESIAN_POINT ( 'NONE',  ( -2.349999999999999201, 0.2500000000000000555, 2.200000000000000178 ) ) ;
#591 = PRESENTATION_STYLE_ASSIGNMENT (( #276 ) ) ;
#592 =( BOUNDED_CURVE ( )  B_SPLINE_CURVE ( 3, ( #517, #3748, #228, #1407 ),
 .UNSPECIFIED., .F., .F. ) 
 B_SPLINE_CURVE_WITH_KNOTS ( ( 4, 4 ),
 ( 4.712388980384689674, 6.283185307179586232 ),
 .UNSPECIFIED. ) 
 CURVE ( )  GEOMETRIC_REPRESENTATION_ITEM ( )  RATIONAL_B_SPLINE_CURVE ( ( 1.000000000000000000, 0.8047378541243649375, 0.8047378541243649375, 1.000000000000000000 ) ) 
 REPRESENTATION_ITEM ( '' )  );
#593 =( NAMED_UNIT ( * ) SI_UNIT ( $, .STERADIAN. ) SOLID_ANGLE_UNIT ( ) );
#594 =( NAMED_UNIT ( * ) PLANE_ANGLE_UNIT ( ) SI_UNIT ( $, .RADIAN. ) );
#595 = CARTESIAN_POINT ( 'NONE',  ( -1.000000000000000000, 3.550000000000000266, 7.700000000000005507 ) ) ;
#596 = ORIENTED_EDGE ( 'NONE', *, *, #1559, .T. ) ;
#597 = ORIENTED_EDGE ( 'NONE', *, *, #2306, .T. ) ;
#598 = EDGE_CURVE ( 'NONE', #3617, #1020, #2318, .T. ) ;
#599 = LINE ( 'NONE', #1102, #1012 ) ;
#600 = EDGE_CURVE ( 'NONE', #1154, #2378, #2823, .T. ) ;
#601 = LINE ( 'NONE', #2648, #842 ) ;
#602 = CARTESIAN_POINT ( 'NONE',  ( -4.349999999999999645, 0.000000000000000000, 2.199999999999998845 ) ) ;
#603 = CARTESIAN_POINT ( 'NONE',  ( 3.949999999999999734, -8.673617379884035472E-16, -1.554076788117991846E-15 ) ) ;
#604 = VERTEX_POINT ( 'NONE', #511 ) ;
#605 = EDGE_CURVE ( 'NONE', #811, #3109, #3244, .T. ) ;
#606 = CARTESIAN_POINT ( 'NONE',  ( -4.349999999999999645, 0.3999999999999994116, 0.7999999999999997113 ) ) ;
#607 = CYLINDRICAL_SURFACE ( 'NONE', #402, 0.3999999999999999667 ) ;
#608 = DIRECTION ( 'NONE',  ( -1.000000000000000000, -0.000000000000000000, -0.000000000000000000 ) ) ;
#609 = VERTEX_POINT ( 'NONE', #2880 ) ;
#610 = ORIENTED_EDGE ( 'NONE', *, *, #3718, .T. ) ;
#611 = DIRECTION ( 'NONE',  ( 0.000000000000000000, -0.9874406319167053914, -0.1579905011066732035 ) ) ;
#612 = PLANE ( 'NONE',  #3331 ) ;
#613 = AXIS2_PLACEMENT_3D ( 'NONE', #1609, #206, #2857 ) ;
#614 = UNCERTAINTY_MEASURE_WITH_UNIT (LENGTH_MEASURE( 1.000000000000000082E-05 ), #3696, 'distance_accuracy_value', 'NONE');
#615 = CARTESIAN_POINT ( 'NONE',  ( 3.237214580261195795, 0.03039392797772665078, -1.202022581406711366 ) ) ;
#616 =( LENGTH_UNIT ( ) NAMED_UNIT ( * ) SI_UNIT ( .MILLI., .METRE. ) );
#617 = CARTESIAN_POINT ( 'NONE',  ( -3.949999999999999734, -8.673617379884035472E-16, -1.554076788117991846E-15 ) ) ;
#618 = ORIENTED_EDGE ( 'NONE', *, *, #2825, .T. ) ;
#619 = PRESENTATION_STYLE_ASSIGNMENT (( #922 ) ) ;
#620 = SURFACE_STYLE_FILL_AREA ( #3039 ) ;
#621 = STYLED_ITEM ( 'NONE', ( #2994 ), #3762 ) ;
#622 = ORIENTED_EDGE ( 'NONE', *, *, #835, .T. ) ;
#623 = DIRECTION ( 'NONE',  ( 0.000000000000000000, -2.664535259100375303E-15, 1.000000000000000000 ) ) ;
#624 =( LENGTH_UNIT ( ) NAMED_UNIT ( * ) SI_UNIT ( .MILLI., .METRE. ) );
#625 = FACE_OUTER_BOUND ( 'NONE', #2406, .T. ) ;
#626 = PRODUCT_CONTEXT ( 'NONE', #2260, 'mechanical' ) ;
#627 =( NAMED_UNIT ( * ) PLANE_ANGLE_UNIT ( ) SI_UNIT ( $, .RADIAN. ) );
#628 = SURFACE_STYLE_FILL_AREA ( #1739 ) ;
#629 = DIRECTION ( 'NONE',  ( 0.000000000000000000, -8.881784197001254296E-16, 1.000000000000000000 ) ) ;
#630 = CARTESIAN_POINT ( 'NONE',  ( -3.099999999999999645, -6.245698675651497881E-16, 1.199999999999999734 ) ) ;
#631 = ORIENTED_EDGE ( 'NONE', *, *, #569, .T. ) ;
#632 = ORIENTED_EDGE ( 'NONE', *, *, #2650, .F. ) ;
#633 = VECTOR ( 'NONE', #470, 1000.000000000000000 ) ;
#634 = DIRECTION ( 'NONE',  ( -1.000000000000000000, -0.000000000000000000, -0.000000000000000000 ) ) ;
#635 = FILL_AREA_STYLE ('',( #3348 ) ) ;
#636 = LINE ( 'NONE', #75, #3019 ) ;
#637 = VERTEX_POINT ( 'NONE', #1699 ) ;
#638 = FILL_AREA_STYLE ('',( #386 ) ) ;
#639 = FILL_AREA_STYLE_COLOUR ( '', #93 ) ;
#640 = PRESENTATION_LAYER_ASSIGNMENT (  '', '', ( #3581 ) ) ;
#641 = EDGE_CURVE ( 'NONE', #843, #1095, #2334, .T. ) ;
#642 = DIRECTION ( 'NONE',  ( 1.000000000000000000, -0.000000000000000000, 0.000000000000000000 ) ) ;
#643 =( GEOMETRIC_REPRESENTATION_CONTEXT ( 3 ) GLOBAL_UNCERTAINTY_ASSIGNED_CONTEXT ( ( #2997 ) ) GLOBAL_UNIT_ASSIGNED_CONTEXT ( ( #2503, #3467, #2838 ) ) REPRESENTATION_CONTEXT ( 'NONE', 'WORKASPACE' ) );
#644 = MECHANICAL_DESIGN_GEOMETRIC_PRESENTATION_REPRESENTATION (  '', ( #3836 ), #1810 ) ;
#645 = ORIENTED_EDGE ( 'NONE', *, *, #3303, .F. ) ;
#646 = CARTESIAN_POINT ( 'NONE',  ( 3.237144549617446909, 0.03030065993695360213, 1.202045922358904395 ) ) ;
#647 = PRESENTATION_STYLE_ASSIGNMENT (( #3332 ) ) ;
#648 = PRESENTATION_LAYER_ASSIGNMENT (  '', '', ( #2301 ) ) ;
#649 = AXIS2_PLACEMENT_3D ( 'NONE', #1186, #1776, #337 ) ;
#650 = DIRECTION ( 'NONE',  ( -0.000000000000000000, -1.000000000000000000, -0.000000000000000000 ) ) ;
#651 = CARTESIAN_POINT ( 'NONE',  ( 2.075000000000000178, 4.700000000000000178, 2.200000000000000178 ) ) ;
#652 = DIRECTION ( 'NONE',  ( 0.000000000000000000, 0.000000000000000000, -1.000000000000000000 ) ) ;
#653 = ORIENTED_EDGE ( 'NONE', *, *, #1766, .F. ) ;
#654 = ORIENTED_EDGE ( 'NONE', *, *, #697, .T. ) ;
#655 = VECTOR ( 'NONE', #429, 1000.000000000000000 ) ;
#656 = DIRECTION ( 'NONE',  ( -1.000000000000000000, 0.000000000000000000, 0.000000000000000000 ) ) ;
#657 =( NAMED_UNIT ( * ) PLANE_ANGLE_UNIT ( ) SI_UNIT ( $, .RADIAN. ) );
#658 = AXIS2_PLACEMENT_3D ( 'NONE', #3204, #2293, #848 ) ;
#659 = SURFACE_STYLE_USAGE ( .BOTH. , #2428 ) ;
#660 = CARTESIAN_POINT ( 'NONE',  ( 3.949999999999999734, -1.250000000000000222, 0.5999999999999998668 ) ) ;
#661 =( NAMED_UNIT ( * ) PLANE_ANGLE_UNIT ( ) SI_UNIT ( $, .RADIAN. ) );
#662 =( NAMED_UNIT ( * ) PLANE_ANGLE_UNIT ( ) SI_UNIT ( $, .RADIAN. ) );
#663 = ORIENTED_EDGE ( 'NONE', *, *, #2531, .T. ) ;
#664 = ORIENTED_EDGE ( 'NONE', *, *, #1604, .F. ) ;
#665 = DIRECTION ( 'NONE',  ( -1.000000000000000000, 0.000000000000000000, 0.000000000000000000 ) ) ;
#666 = DIRECTION ( 'NONE',  ( 0.000000000000000000, -1.000000000000000000, -1.016439536705160777E-16 ) ) ;
#667 = CARTESIAN_POINT ( 'NONE',  ( 0.000000000000000000, -2.600000000000000089, 1.561424668912875456E-16 ) ) ;
#668 = VERTEX_POINT ( 'NONE', #3839 ) ;
#669 = ADVANCED_FACE ( 'NONE', ( #3563 ), #2733, .F. ) ;
#670 = EDGE_LOOP ( 'NONE', ( #2394, #2615, #1232, #564 ) ) ;
#671 = DIRECTION ( 'NONE',  ( -0.000000000000000000, -0.000000000000000000, -1.000000000000000000 ) ) ;
#672 = FILL_AREA_STYLE ('',( #1909 ) ) ;
#673 = DIRECTION ( 'NONE',  ( -0.000000000000000000, -1.000000000000000000, 0.000000000000000000 ) ) ;
#674 =( NAMED_UNIT ( * ) SI_UNIT ( $, .STERADIAN. ) SOLID_ANGLE_UNIT ( ) );
#675 = ORIENTED_EDGE ( 'NONE', *, *, #3849, .F. ) ;
#676 =( LENGTH_UNIT ( ) NAMED_UNIT ( * ) SI_UNIT ( .MILLI., .METRE. ) );
#677 = DIRECTION ( 'NONE',  ( -1.000000000000000000, -0.000000000000000000, -0.000000000000000000 ) ) ;
#678 = VECTOR ( 'NONE', #2389, 1000.000000000000000 ) ;
#679 = CARTESIAN_POINT ( 'NONE',  ( 2.349999999999999645, 0.2500000000000000555, -1.112249899919919294 ) ) ;
#680 = EDGE_CURVE ( 'NONE', #1448, #1105, #3074, .T. ) ;
#681 = CYLINDRICAL_SURFACE ( 'NONE', #3376, 0.2500000000000002220 ) ;
#682 = EDGE_CURVE ( 'NONE', #2677, #2232, #2144, .T. ) ;
#683 = SURFACE_SIDE_STYLE ('',( #2826 ) ) ;
#684 =( NAMED_UNIT ( * ) PLANE_ANGLE_UNIT ( ) SI_UNIT ( $, .RADIAN. ) );
#685 =( GEOMETRIC_REPRESENTATION_CONTEXT ( 3 ) GLOBAL_UNCERTAINTY_ASSIGNED_CONTEXT ( ( #2663 ) ) GLOBAL_UNIT_ASSIGNED_CONTEXT ( ( #1080, #3133, #3169 ) ) REPRESENTATION_CONTEXT ( 'NONE', 'WORKASPACE' ) );
#686 =( LENGTH_UNIT ( ) NAMED_UNIT ( * ) SI_UNIT ( .MILLI., .METRE. ) );
#687 = CARTESIAN_POINT ( 'NONE',  ( -2.349999999999999645, 1.349999999999999645, 2.200000000000000178 ) ) ;
#688 = ORIENTED_EDGE ( 'NONE', *, *, #425, .T. ) ;
#689 = SURFACE_SIDE_STYLE ('',( #948 ) ) ;
#690 =( NAMED_UNIT ( * ) SI_UNIT ( $, .STERADIAN. ) SOLID_ANGLE_UNIT ( ) );
#691 = CIRCLE ( 'NONE', #1975, 0.2500000000000003886 ) ;
#692 =( NAMED_UNIT ( * ) PLANE_ANGLE_UNIT ( ) SI_UNIT ( $, .RADIAN. ) );
#693 = LINE ( 'NONE', #338, #1476 ) ;
#694 = ORIENTED_EDGE ( 'NONE', *, *, #3718, .F. ) ;
#695 = VECTOR ( 'NONE', #2448, 1000.000000000000114 ) ;
#696 = CYLINDRICAL_SURFACE ( 'NONE', #3649, 0.2500000000000002220 ) ;
#697 = EDGE_CURVE ( 'NONE', #3320, #2364, #3682, .T. ) ;
#698 = DIRECTION ( 'NONE',  ( -0.000000000000000000, 1.000000000000000000, 0.000000000000000000 ) ) ;
#699 = ORIENTED_EDGE ( 'NONE', *, *, #1915, .T. ) ;
#700 = PRESENTATION_LAYER_ASSIGNMENT (  '', '', ( #2600 ) ) ;
#701 = STYLED_ITEM ( 'NONE', ( #302 ), #1866 ) ;
#702 = ADVANCED_FACE ( 'NONE', ( #3399 ), #681, .T. ) ;
#703 = FACE_OUTER_BOUND ( 'NONE', #3728, .T. ) ;
#704 = LINE ( 'NONE', #405, #1793 ) ;
#705 = FILL_AREA_STYLE ('',( #3389 ) ) ;
#706 = CARTESIAN_POINT ( 'NONE',  ( -3.099999999999999645, -6.245698675651497881E-16, 1.199999999999999734 ) ) ;
#707 = UNCERTAINTY_MEASURE_WITH_UNIT (LENGTH_MEASURE( 1.000000000000000082E-05 ), #686, 'distance_accuracy_value', 'NONE');
#708 = ORIENTED_EDGE ( 'NONE', *, *, #3624, .T. ) ;
#709 = CARTESIAN_POINT ( 'NONE',  ( 3.350000000000000533, 0.1959718679618053239, 1.155507025103987173 ) ) ;
#710 =( GEOMETRIC_REPRESENTATION_CONTEXT ( 3 ) GLOBAL_UNCERTAINTY_ASSIGNED_CONTEXT ( ( #1363 ) ) GLOBAL_UNIT_ASSIGNED_CONTEXT ( ( #2268, #2892, #3869 ) ) REPRESENTATION_CONTEXT ( 'NONE', 'WORKASPACE' ) );
#711 = PLANE ( 'NONE',  #289 ) ;
#712 =( NAMED_UNIT ( * ) PLANE_ANGLE_UNIT ( ) SI_UNIT ( $, .RADIAN. ) );
#713 = EDGE_LOOP ( 'NONE', ( #2509, #1490, #3130, #2645 ) ) ;
#714 = PRESENTATION_LAYER_ASSIGNMENT (  '', '', ( #3585 ) ) ;
#715 = FACE_OUTER_BOUND ( 'NONE', #670, .T. ) ;
#716 = CARTESIAN_POINT ( 'NONE',  ( -2.000000000000000000, -2.349999999999999645, 0.2500000000000007216 ) ) ;
#717 = VECTOR ( 'NONE', #1447, 1000.000000000000000 ) ;
#718 = PRESENTATION_STYLE_ASSIGNMENT (( #1008 ) ) ;
#719 = ORIENTED_EDGE ( 'NONE', *, *, #2928, .F. ) ;
#720 = DIRECTION ( 'NONE',  ( 0.000000000000000000, 0.000000000000000000, 1.000000000000000000 ) ) ;
#721 = ORIENTED_EDGE ( 'NONE', *, *, #3694, .T. ) ;
#722 =( NAMED_UNIT ( * ) PLANE_ANGLE_UNIT ( ) SI_UNIT ( $, .RADIAN. ) );
#723 = DIRECTION ( 'NONE',  ( 1.000000000000000000, 1.045014142154703367E-16, 0.000000000000000000 ) ) ;
#724 =( NAMED_UNIT ( * ) SI_UNIT ( $, .STERADIAN. ) SOLID_ANGLE_UNIT ( ) );
#725 = ORIENTED_EDGE ( 'NONE', *, *, #1604, .T. ) ;
#726 =( GEOMETRIC_REPRESENTATION_CONTEXT ( 3 ) GLOBAL_UNCERTAINTY_ASSIGNED_CONTEXT ( ( #3410 ) ) GLOBAL_UNIT_ASSIGNED_CONTEXT ( ( #1157, #3514, #541 ) ) REPRESENTATION_CONTEXT ( 'NONE', 'WORKASPACE' ) );
#727 = FACE_OUTER_BOUND ( 'NONE', #3312, .T. ) ;
#728 = SURFACE_SIDE_STYLE ('',( #2783 ) ) ;
#729 = ORIENTED_EDGE ( 'NONE', *, *, #3754, .F. ) ;
#730 = MECHANICAL_DESIGN_GEOMETRIC_PRESENTATION_REPRESENTATION (  '', ( #3419 ), #1219 ) ;
#731 = LINE ( 'NONE', #2181, #1372 ) ;
#732 = PRESENTATION_STYLE_ASSIGNMENT (( #2488 ) ) ;
#733 = FILL_AREA_STYLE_COLOUR ( '', #329 ) ;
#734 =( LENGTH_UNIT ( ) NAMED_UNIT ( * ) SI_UNIT ( .MILLI., .METRE. ) );
#735 = SURFACE_SIDE_STYLE ('',( #3421 ) ) ;
#736 = EDGE_CURVE ( 'NONE', #931, #854, #3471, .T. ) ;
#737 = PLANE ( 'NONE',  #1853 ) ;
#738 = PLANE ( 'NONE',  #396 ) ;
#739 = FILL_AREA_STYLE_COLOUR ( '', #1586 ) ;
#740 = FACE_OUTER_BOUND ( 'NONE', #1534, .T. ) ;
#741 = ORIENTED_EDGE ( 'NONE', *, *, #1370, .T. ) ;
#742 = FACE_BOUND ( 'NONE', #1977, .T. ) ;
#743 = STYLED_ITEM ( 'NONE', ( #1822 ), #669 ) ;
#744 = ADVANCED_FACE ( 'NONE', ( #1403 ), #3488, .T. ) ;
#745 = SURFACE_SIDE_STYLE ('',( #1001 ) ) ;
#746 = FILL_AREA_STYLE ('',( #3727 ) ) ;
#747 = ORIENTED_EDGE ( 'NONE', *, *, #1738, .F. ) ;
#748 = SURFACE_STYLE_FILL_AREA ( #3131 ) ;
#749 = CARTESIAN_POINT ( 'NONE',  ( 2.349999999999999645, 0.2500000000000000555, 1.112249899919919072 ) ) ;
#750 = SURFACE_SIDE_STYLE ('',( #474 ) ) ;
#751 = CIRCLE ( 'NONE', #883, 0.2500000000000000000 ) ;
#752 =( LENGTH_UNIT ( ) NAMED_UNIT ( * ) SI_UNIT ( .MILLI., .METRE. ) );
#753 = CARTESIAN_POINT ( 'NONE',  ( 0.000000000000000000, 3.550000000000000266, -2.828427124746190735 ) ) ;
#754 = PRESENTATION_LAYER_ASSIGNMENT (  '', '', ( #3817 ) ) ;
#755 = CARTESIAN_POINT ( 'NONE',  ( 2.000000000000000000, 0.7000000000000000666, -0.2500000000000008882 ) ) ;
#756 = COLOUR_RGB ( '',0.8470588235294117530, 0.8431372549019607865, 0.8470588235294117530 ) ;
#757 = AXIS2_PLACEMENT_3D ( 'NONE', #3495, #650, #3862 ) ;
#758 = VERTEX_POINT ( 'NONE', #830 ) ;
#759 = SURFACE_STYLE_FILL_AREA ( #3739 ) ;
#760 = EDGE_CURVE ( 'NONE', #394, #3347, #1976, .T. ) ;
#761 = EDGE_LOOP ( 'NONE', ( #3612, #1170, #1549, #1523, #528, #3765 ) ) ;
#762 = CARTESIAN_POINT ( 'NONE',  ( -3.345530958050584758, 0.1933109650559080850, -1.151692553797756702 ) ) ;
#763 = STYLED_ITEM ( 'NONE', ( #217 ), #1978 ) ;
#764 = LINE ( 'NONE', #140, #1152 ) ;
#765 = FILL_AREA_STYLE_COLOUR ( '', #2086 ) ;
#766 = ORIENTED_EDGE ( 'NONE', *, *, #1915, .F. ) ;
#767 = EDGE_CURVE ( 'NONE', #3368, #1598, #495, .T. ) ;
#768 = DIRECTION ( 'NONE',  ( -0.000000000000000000, -0.000000000000000000, 1.000000000000000000 ) ) ;
#769 = STYLED_ITEM ( 'NONE', ( #3706 ), #1420 ) ;
#770 = CARTESIAN_POINT ( 'NONE',  ( -2.349999999999999645, 0.6999999999999991784, 2.200000000000000178 ) ) ;
#771 = SURFACE_SIDE_STYLE ('',( #1384 ) ) ;
#772 = DIRECTION ( 'NONE',  ( -0.000000000000000000, 0.1579905011066730369, 0.9874406319167053914 ) ) ;
#773 = CIRCLE ( 'NONE', #3591, 0.3999999999999999667 ) ;
#774 = LINE ( 'NONE', #2811, #1073 ) ;
#775 = DIRECTION ( 'NONE',  ( 0.000000000000000000, 3.306546357697854719E-16, -1.000000000000000000 ) ) ;
#776 = EDGE_LOOP ( 'NONE', ( #2108, #2567, #1540, #1907 ) ) ;
#777 = CARTESIAN_POINT ( 'NONE',  ( 2.000000000000000000, 0.7000000000000000666, 0.2499999999999998890 ) ) ;
#778 = DIRECTION ( 'NONE',  ( -0.000000000000000000, -0.000000000000000000, -1.000000000000000000 ) ) ;
#779 = FACE_OUTER_BOUND ( 'NONE', #3038, .T. ) ;
#780 = STYLED_ITEM ( 'NONE', ( #619 ), #1548 ) ;
#781 =( NAMED_UNIT ( * ) PLANE_ANGLE_UNIT ( ) SI_UNIT ( $, .RADIAN. ) );
#782 = EDGE_LOOP ( 'NONE', ( #252, #2070, #1930, #1697 ) ) ;
#783 = LINE ( 'NONE', #802, #1941 ) ;
#784 = ORIENTED_EDGE ( 'NONE', *, *, #2072, .F. ) ;
#785 = EDGE_CURVE ( 'NONE', #1723, #2624, #3789, .T. ) ;
#786 = DIRECTION ( 'NONE',  ( 0.7071067811865507924, 0.000000000000000000, 0.7071067811865441310 ) ) ;
#787 = CARTESIAN_POINT ( 'NONE',  ( 3.949999999999999734, 3.826133144475921899, -2.427407932011330871 ) ) ;
#788 = ORIENTED_EDGE ( 'NONE', *, *, #1178, .T. ) ;
#789 = PRESENTATION_LAYER_ASSIGNMENT (  '', '', ( #3678 ) ) ;
#790 = CARTESIAN_POINT ( 'NONE',  ( 3.949999999999999734, 3.826133144475921899, -2.427407932011330871 ) ) ;
#791 = EDGE_LOOP ( 'NONE', ( #572, #1428, #3371, #3801, #2934, #1054, #3592, #2539, #1398, #826, #65, #2991 ) ) ;
#792 = UNCERTAINTY_MEASURE_WITH_UNIT (LENGTH_MEASURE( 1.000000000000000082E-05 ), #3293, 'distance_accuracy_value', 'NONE');
#793 = ADVANCED_FACE ( 'NONE', ( #1098 ), #2262, .T. ) ;
#794 = UNCERTAINTY_MEASURE_WITH_UNIT (LENGTH_MEASURE( 1.000000000000000082E-05 ), #522, 'distance_accuracy_value', 'NONE');
#795 = FILL_AREA_STYLE ('',( #2810 ) ) ;
#796 = SURFACE_SIDE_STYLE ('',( #1101 ) ) ;
#797 = DIRECTION ( 'NONE',  ( 0.000000000000000000, 0.9874406319167053914, 0.1579905011066732035 ) ) ;
#798 = DIRECTION ( 'NONE',  ( -1.000000000000000000, 0.000000000000000000, 0.000000000000000000 ) ) ;
#799 = SURFACE_STYLE_FILL_AREA ( #3142 ) ;
#800 = SPHERICAL_SURFACE ( 'NONE', #461, 0.2500000000000000000 ) ;
#801 = ORIENTED_EDGE ( 'NONE', *, *, #2780, .T. ) ;
#802 = CARTESIAN_POINT ( 'NONE',  ( 0.000000000000000000, 0.7000000000000000666, 2.200000000000000178 ) ) ;
#803 = ORIENTED_EDGE ( 'NONE', *, *, #1933, .T. ) ;
#804 = SURFACE_SIDE_STYLE ('',( #1606 ) ) ;
#805 = STYLED_ITEM ( 'NONE', ( #2988 ), #865 ) ;
#806 =( NAMED_UNIT ( * ) SI_UNIT ( $, .STERADIAN. ) SOLID_ANGLE_UNIT ( ) );
#807 = ORIENTED_EDGE ( 'NONE', *, *, #600, .T. ) ;
#808 = VECTOR ( 'NONE', #1734, 1000.000000000000000 ) ;
#809 = FILL_AREA_STYLE_COLOUR ( '', #3549 ) ;
#810 = CARTESIAN_POINT ( 'NONE',  ( 3.349999999999999645, 0.2500000000000000000, 2.200000000000000178 ) ) ;
#811 = VERTEX_POINT ( 'NONE', #10 ) ;
#812 = EDGE_CURVE ( 'NONE', #1954, #2550, #3610, .T. ) ;
#813 = UNCERTAINTY_MEASURE_WITH_UNIT (LENGTH_MEASURE( 1.000000000000000082E-05 ), #1944, 'distance_accuracy_value', 'NONE');
#814 =( NAMED_UNIT ( * ) PLANE_ANGLE_UNIT ( ) SI_UNIT ( $, .RADIAN. ) );
#815 = PRESENTATION_STYLE_ASSIGNMENT (( #3772 ) ) ;
#816 =( GEOMETRIC_REPRESENTATION_CONTEXT ( 3 ) GLOBAL_UNCERTAINTY_ASSIGNED_CONTEXT ( ( #100 ) ) GLOBAL_UNIT_ASSIGNED_CONTEXT ( ( #3102, #444, #157 ) ) REPRESENTATION_CONTEXT ( 'NONE', 'WORKASPACE' ) );
#817 = EDGE_CURVE ( 'NONE', #2700, #1378, #3588, .T. ) ;
#818 = FACE_OUTER_BOUND ( 'NONE', #1145, .T. ) ;
#819 = UNCERTAINTY_MEASURE_WITH_UNIT (LENGTH_MEASURE( 1.000000000000000082E-05 ), #1434, 'distance_accuracy_value', 'NONE');
#820 = ORIENTED_EDGE ( 'NONE', *, *, #984, .T. ) ;
#821 = FILL_AREA_STYLE_COLOUR ( '', #208 ) ;
#822 = STYLED_ITEM ( 'NONE', ( #647 ), #2790 ) ;
#823 = DIRECTION ( 'NONE',  ( 0.000000000000000000, 0.000000000000000000, 1.000000000000000000 ) ) ;
#824 = CARTESIAN_POINT ( 'NONE',  ( -3.099999999999999645, 0.2500000000000000000, 2.200000000000000178 ) ) ;
#825 = DIRECTION ( 'NONE',  ( 1.000000000000000000, 2.090028284309406735E-16, 0.000000000000000000 ) ) ;
#826 = ORIENTED_EDGE ( 'NONE', *, *, #1214, .F. ) ;
#827 = SURFACE_STYLE_USAGE ( .BOTH. , #2276 ) ;
#828 = COLOUR_RGB ( '',0.8470588235294117530, 0.8431372549019607865, 0.8470588235294117530 ) ;
#829 = DIRECTION ( 'NONE',  ( 0.000000000000000000, 1.000000000000000000, 0.000000000000000000 ) ) ;
#830 = CARTESIAN_POINT ( 'NONE',  ( 3.949999999999999734, -1.250000000000000222, 0.5999999999999998668 ) ) ;
#831 = ORIENTED_EDGE ( 'NONE', *, *, #2949, .F. ) ;
#832 = VECTOR ( 'NONE', #2642, 1000.000000000000000 ) ;
#833 =( GEOMETRIC_REPRESENTATION_CONTEXT ( 3 ) GLOBAL_UNCERTAINTY_ASSIGNED_CONTEXT ( ( #171 ) ) GLOBAL_UNIT_ASSIGNED_CONTEXT ( ( #137, #2569, #864 ) ) REPRESENTATION_CONTEXT ( 'NONE', 'WORKASPACE' ) );
#834 = CARTESIAN_POINT ( 'NONE',  ( 3.099999999999999645, -6.245698675651497881E-16, 1.199999999999999734 ) ) ;
#835 = EDGE_CURVE ( 'NONE', #3014, #3262, #368, .T. ) ;
#836 = DIRECTION ( 'NONE',  ( 0.000000000000000000, 1.000000000000000000, -0.000000000000000000 ) ) ;
#837 = LINE ( 'NONE', #3497, #2612 ) ;
#838 =( GEOMETRIC_REPRESENTATION_CONTEXT ( 3 ) GLOBAL_UNCERTAINTY_ASSIGNED_CONTEXT ( ( #3173 ) ) GLOBAL_UNIT_ASSIGNED_CONTEXT ( ( #3858, #3787, #690 ) ) REPRESENTATION_CONTEXT ( 'NONE', 'WORKASPACE' ) );
#839 = CIRCLE ( 'NONE', #3212, 0.2500000000000002220 ) ;
#840 = SURFACE_STYLE_FILL_AREA ( #3478 ) ;
#841 = SURFACE_STYLE_USAGE ( .BOTH. , #2955 ) ;
#842 = VECTOR ( 'NONE', #2034, 1000.000000000000000 ) ;
#843 = VERTEX_POINT ( 'NONE', #2902 ) ;
#844 = DIRECTION ( 'NONE',  ( -1.000000000000000000, 0.000000000000000000, 0.000000000000000000 ) ) ;
#845 =( GEOMETRIC_REPRESENTATION_CONTEXT ( 3 ) GLOBAL_UNCERTAINTY_ASSIGNED_CONTEXT ( ( #707 ) ) GLOBAL_UNIT_ASSIGNED_CONTEXT ( ( #686, #367, #2135 ) ) REPRESENTATION_CONTEXT ( 'NONE', 'WORKASPACE' ) );
#846 = FACE_OUTER_BOUND ( 'NONE', #3684, .T. ) ;
#847 =( LENGTH_UNIT ( ) NAMED_UNIT ( * ) SI_UNIT ( .MILLI., .METRE. ) );
#848 = DIRECTION ( 'NONE',  ( 0.000000000000000000, 0.000000000000000000, -1.000000000000000000 ) ) ;
#849 = VERTEX_POINT ( 'NONE', #2050 ) ;
#850 = CARTESIAN_POINT ( 'NONE',  ( -3.349999999999999645, -3.551475717527321860E-16, -0.7999999999999997113 ) ) ;
#851 = ADVANCED_FACE ( 'NONE', ( #2594 ), #3229, .F. ) ;
#852 = DIRECTION ( 'NONE',  ( -3.761581922631320025E-34, -1.000000000000000000, 0.000000000000000000 ) ) ;
#853 = ORIENTED_EDGE ( 'NONE', *, *, #3357, .T. ) ;
#854 = VERTEX_POINT ( 'NONE', #1758 ) ;
#855 = DIRECTION ( 'NONE',  ( 0.000000000000000000, 0.000000000000000000, 1.000000000000000000 ) ) ;
#856 = SURFACE_SIDE_STYLE ('',( #1158 ) ) ;
#857 = CYLINDRICAL_SURFACE ( 'NONE', #266, 0.2500000000000002220 ) ;
#858 =( LENGTH_UNIT ( ) NAMED_UNIT ( * ) SI_UNIT ( .MILLI., .METRE. ) );
#859 = FILL_AREA_STYLE ('',( #1728 ) ) ;
#860 = ORIENTED_EDGE ( 'NONE', *, *, #1423, .T. ) ;
#861 =( GEOMETRIC_REPRESENTATION_CONTEXT ( 3 ) GLOBAL_UNCERTAINTY_ASSIGNED_CONTEXT ( ( #819 ) ) GLOBAL_UNIT_ASSIGNED_CONTEXT ( ( #1434, #295, #3804 ) ) REPRESENTATION_CONTEXT ( 'NONE', 'WORKASPACE' ) );
#862 =( NAMED_UNIT ( * ) PLANE_ANGLE_UNIT ( ) SI_UNIT ( $, .RADIAN. ) );
#863 =( NAMED_UNIT ( * ) SI_UNIT ( $, .STERADIAN. ) SOLID_ANGLE_UNIT ( ) );
#864 =( NAMED_UNIT ( * ) SI_UNIT ( $, .STERADIAN. ) SOLID_ANGLE_UNIT ( ) );
#865 = ADVANCED_FACE ( 'NONE', ( #1720 ), #1435, .F. ) ;
#866 = PRESENTATION_LAYER_ASSIGNMENT (  '', '', ( #1483 ) ) ;
#867 = DIRECTION ( 'NONE',  ( -0.000000000000000000, -0.000000000000000000, -1.000000000000000000 ) ) ;
#868 = VERTEX_POINT ( 'NONE', #630 ) ;
#869 = CARTESIAN_POINT ( 'NONE',  ( 0.000000000000000000, 1.349999999999999645, -2.000000000000000000 ) ) ;
#870 = CYLINDRICAL_SURFACE ( 'NONE', #3202, 0.2500000000000003886 ) ;
#871 = EDGE_CURVE ( 'NONE', #3531, #3091, #1800, .T. ) ;
#872 = ORIENTED_EDGE ( 'NONE', *, *, #3786, .F. ) ;
#873 = STYLED_ITEM ( 'NONE', ( #1538 ), #918 ) ;
#874 = ORIENTED_EDGE ( 'NONE', *, *, #1166, .F. ) ;
#875 = ORIENTED_EDGE ( 'NONE', *, *, #3713, .F. ) ;
#876 =( LENGTH_UNIT ( ) NAMED_UNIT ( * ) SI_UNIT ( .MILLI., .METRE. ) );
#877 = COLOUR_RGB ( '',0.8470588235294117530, 0.8431372549019607865, 0.8470588235294117530 ) ;
#878 = DIRECTION ( 'NONE',  ( 0.000000000000000000, 0.000000000000000000, -1.000000000000000000 ) ) ;
#879 = DIRECTION ( 'NONE',  ( -1.000000000000000000, 0.000000000000000000, 0.000000000000000000 ) ) ;
#880 = LINE ( 'NONE', #1710, #2554 ) ;
#881 = ORIENTED_EDGE ( 'NONE', *, *, #2332, .F. ) ;
#882 = EDGE_LOOP ( 'NONE', ( #555, #3030, #1680, #2010 ) ) ;
#883 = AXIS2_PLACEMENT_3D ( 'NONE', #2203, #173, #2559 ) ;
#884 = DIRECTION ( 'NONE',  ( 1.000000000000000000, 0.000000000000000000, -0.000000000000000000 ) ) ;
#885 = ADVANCED_FACE ( 'NONE', ( #356 ), #950, .F. ) ;
#886 = CARTESIAN_POINT ( 'NONE',  ( 2.599999999999999645, 0.000000000000000000, -2.200000000000000178 ) ) ;
#887 = AXIS2_PLACEMENT_3D ( 'NONE', #2399, #3654, #3315 ) ;
#888 = DIRECTION ( 'NONE',  ( 0.000000000000000000, 0.000000000000000000, -1.000000000000000000 ) ) ;
#889 = EDGE_CURVE ( 'NONE', #2709, #2882, #693, .T. ) ;
#890 = VERTEX_POINT ( 'NONE', #3337 ) ;
#891 = ORIENTED_EDGE ( 'NONE', *, *, #3303, .T. ) ;
#892 = FACE_OUTER_BOUND ( 'NONE', #1920, .T. ) ;
#893 = AXIS2_PLACEMENT_3D ( 'NONE', #1429, #3541, #2635 ) ;
#894 = EDGE_CURVE ( 'NONE', #2945, #2364, #1522, .T. ) ;
#895 = UNCERTAINTY_MEASURE_WITH_UNIT (LENGTH_MEASURE( 1.000000000000000082E-05 ), #2573, 'distance_accuracy_value', 'NONE');
#896 = VECTOR ( 'NONE', #926, 1000.000000000000000 ) ;
#897 = DIRECTION ( 'NONE',  ( 0.000000000000000000, 0.000000000000000000, 1.000000000000000000 ) ) ;
#898 = PRESENTATION_LAYER_ASSIGNMENT (  '', '', ( #1193 ) ) ;
#899 =( NAMED_UNIT ( * ) PLANE_ANGLE_UNIT ( ) SI_UNIT ( $, .RADIAN. ) );
#900 = LINE ( 'NONE', #3196, #1747 ) ;
#901 = ORIENTED_EDGE ( 'NONE', *, *, #1541, .F. ) ;
#902 = PRESENTATION_LAYER_ASSIGNMENT (  '', '', ( #1993 ) ) ;
#903 = CARTESIAN_POINT ( 'NONE',  ( -3.237144549617446021, 0.03030065993695357437, 1.202045922358904395 ) ) ;
#904 = SURFACE_SIDE_STYLE ('',( #2913 ) ) ;
#905 = VECTOR ( 'NONE', #1228, 1000.000000000000000 ) ;
#906 =( GEOMETRIC_REPRESENTATION_CONTEXT ( 3 ) GLOBAL_UNCERTAINTY_ASSIGNED_CONTEXT ( ( #2264 ) ) GLOBAL_UNIT_ASSIGNED_CONTEXT ( ( #385, #662, #3370 ) ) REPRESENTATION_CONTEXT ( 'NONE', 'WORKASPACE' ) );
#907 = VERTEX_POINT ( 'NONE', #2484 ) ;
#908 = ORIENTED_EDGE ( 'NONE', *, *, #2481, .F. ) ;
#909 = DIRECTION ( 'NONE',  ( 0.000000000000000000, -1.016439536705160777E-16, 1.000000000000000000 ) ) ;
#910 = FACE_OUTER_BOUND ( 'NONE', #2529, .T. ) ;
#911 = CARTESIAN_POINT ( 'NONE',  ( 3.949999999999999734, 0.000000000000000000, 0.3999999999999996336 ) ) ;
#912 = SURFACE_SIDE_STYLE ('',( #3821 ) ) ;
#913 = ORIENTED_EDGE ( 'NONE', *, *, #2670, .F. ) ;
#914 = ORIENTED_EDGE ( 'NONE', *, *, #2384, .F. ) ;
#915 =( NAMED_UNIT ( * ) PLANE_ANGLE_UNIT ( ) SI_UNIT ( $, .RADIAN. ) );
#916 = SURFACE_SIDE_STYLE ('',( #2030 ) ) ;
#917 = PRESENTATION_LAYER_ASSIGNMENT (  '', '', ( #1401 ) ) ;
#918 = ADVANCED_FACE ( 'NONE', ( #2463 ), #1249, .T. ) ;
#919 = PLANE ( 'NONE',  #1690 ) ;
#920 = DIRECTION ( 'NONE',  ( 0.000000000000000000, 0.000000000000000000, -1.000000000000000000 ) ) ;
#921 = EDGE_CURVE ( 'NONE', #1321, #1395, #3236, .T. ) ;
#922 = SURFACE_STYLE_USAGE ( .BOTH. , #3002 ) ;
#923 =( NAMED_UNIT ( * ) PLANE_ANGLE_UNIT ( ) SI_UNIT ( $, .RADIAN. ) );
#924 = VERTEX_POINT ( 'NONE', #1934 ) ;
#925 = VERTEX_POINT ( 'NONE', #2518 ) ;
#926 = DIRECTION ( 'NONE',  ( -1.000000000000000000, 0.000000000000000000, 0.000000000000000000 ) ) ;
#927 = CARTESIAN_POINT ( 'NONE',  ( -4.349999999999999645, 4.645085803432136728, -0.3432137285491430045 ) ) ;
#928 =( NAMED_UNIT ( * ) SI_UNIT ( $, .STERADIAN. ) SOLID_ANGLE_UNIT ( ) );
#929 = DIRECTION ( 'NONE',  ( -0.000000000000000000, -1.000000000000000000, -0.000000000000000000 ) ) ;
#930 = EDGE_LOOP ( 'NONE', ( #1554, #2745, #221, #3845 ) ) ;
#931 = VERTEX_POINT ( 'NONE', #1056 ) ;
#932 = PRESENTATION_STYLE_ASSIGNMENT (( #3050 ) ) ;
#933 = PLANE ( 'NONE',  #3136 ) ;
#934 = AXIS2_PLACEMENT_3D ( 'NONE', #1741, #3570, #3865 ) ;
#935 = EDGE_CURVE ( 'NONE', #3626, #290, #1892, .T. ) ;
#936 = ORIENTED_EDGE ( 'NONE', *, *, #2206, .F. ) ;
#937 = AXIS2_PLACEMENT_3D ( 'NONE', #3033, #1255, #2182 ) ;
#938 = LINE ( 'NONE', #1507, #1028 ) ;
#939 = SURFACE_SIDE_STYLE ('',( #3642 ) ) ;
#940 = ORIENTED_EDGE ( 'NONE', *, *, #598, .F. ) ;
#941 = EDGE_CURVE ( 'NONE', #604, #1826, #3108, .T. ) ;
#942 = COLOUR_RGB ( '',0.8470588235294117530, 0.8431372549019607865, 0.8470588235294117530 ) ;
#943 = CARTESIAN_POINT ( 'NONE',  ( 2.075000000000000622, 3.600000000000000533, 2.200000000000000178 ) ) ;
#944 = FACE_OUTER_BOUND ( 'NONE', #1071, .T. ) ;
#945 = FACE_OUTER_BOUND ( 'NONE', #1338, .T. ) ;
#946 = AXIS2_PLACEMENT_3D ( 'NONE', #2472, #2149, #3719 ) ;
#947 = ORIENTED_EDGE ( 'NONE', *, *, #3226, .T. ) ;
#948 = SURFACE_STYLE_FILL_AREA ( #983 ) ;
#949 =( NAMED_UNIT ( * ) PLANE_ANGLE_UNIT ( ) SI_UNIT ( $, .RADIAN. ) );
#950 = PLANE ( 'NONE',  #1543 ) ;
#951 = VERTEX_POINT ( 'NONE', #431 ) ;
#952 = PRESENTATION_LAYER_ASSIGNMENT (  '', '', ( #3124 ) ) ;
#953 = EDGE_LOOP ( 'NONE', ( #1151, #1678, #1729, #3490 ) ) ;
#954 =( NAMED_UNIT ( * ) SI_UNIT ( $, .STERADIAN. ) SOLID_ANGLE_UNIT ( ) );
#955 = STYLED_ITEM ( 'NONE', ( #3528 ), #2782 ) ;
#956 = VECTOR ( 'NONE', #3297, 1000.000000000000000 ) ;
#957 = DIRECTION ( 'NONE',  ( 1.000000000000000000, 0.000000000000000000, 0.000000000000000000 ) ) ;
#958 = CARTESIAN_POINT ( 'NONE',  ( -3.949999999999999734, 0.000000000000000000, -0.3999999999999996336 ) ) ;
#959 = EDGE_CURVE ( 'NONE', #987, #447, #2211, .T. ) ;
#960 = VERTEX_POINT ( 'NONE', #1664 ) ;
#961 = LINE ( 'NONE', #101, #98 ) ;
#962 = VECTOR ( 'NONE', #3411, 1000.000000000000000 ) ;
#963 = VECTOR ( 'NONE', #2494, 1000.000000000000000 ) ;
#964 = UNCERTAINTY_MEASURE_WITH_UNIT (LENGTH_MEASURE( 1.000000000000000082E-05 ), #1411, 'distance_accuracy_value', 'NONE');
#965 = ORIENTED_EDGE ( 'NONE', *, *, #935, .T. ) ;
#966 = DIRECTION ( 'NONE',  ( 0.000000000000000000, 0.000000000000000000, -1.000000000000000000 ) ) ;
#967 =( GEOMETRIC_REPRESENTATION_CONTEXT ( 3 ) GLOBAL_UNCERTAINTY_ASSIGNED_CONTEXT ( ( #792 ) ) GLOBAL_UNIT_ASSIGNED_CONTEXT ( ( #3293, #3092, #1379 ) ) REPRESENTATION_CONTEXT ( 'NONE', 'WORKASPACE' ) );
#968 = MECHANICAL_DESIGN_GEOMETRIC_PRESENTATION_REPRESENTATION (  '', ( #3084 ), #1444 ) ;
#969 =( NAMED_UNIT ( * ) SI_UNIT ( $, .STERADIAN. ) SOLID_ANGLE_UNIT ( ) );
#970 = SURFACE_SIDE_STYLE ('',( #67 ) ) ;
#971 =( LENGTH_UNIT ( ) NAMED_UNIT ( * ) SI_UNIT ( .MILLI., .METRE. ) );
#972 = ORIENTED_EDGE ( 'NONE', *, *, #1282, .T. ) ;
#973 = LINE ( 'NONE', #2131, #2868 ) ;
#974 = LINE ( 'NONE', #342, #74 ) ;
#975 = VECTOR ( 'NONE', #2816, 1000.000000000000000 ) ;
#976 = PRESENTATION_STYLE_ASSIGNMENT (( #169 ) ) ;
#977 = FILL_AREA_STYLE ('',( #3351 ) ) ;
#978 = ORIENTED_EDGE ( 'NONE', *, *, #1160, .T. ) ;
#979 = ORIENTED_EDGE ( 'NONE', *, *, #889, .T. ) ;
#980 = LINE ( 'NONE', #1829, #1081 ) ;
#981 = STYLED_ITEM ( 'NONE', ( #178 ), #2490 ) ;
#982 = UNCERTAINTY_MEASURE_WITH_UNIT (LENGTH_MEASURE( 1.000000000000000082E-05 ), #2152, 'distance_accuracy_value', 'NONE');
#983 = FILL_AREA_STYLE ('',( #3375 ) ) ;
#984 = EDGE_CURVE ( 'NONE', #668, #394, #2581, .T. ) ;
#985 = PRESENTATION_STYLE_ASSIGNMENT (( #2128 ) ) ;
#986 = CARTESIAN_POINT ( 'NONE',  ( 0.000000000000000000, 4.700000000000000178, -2.200000000000000178 ) ) ;
#987 = VERTEX_POINT ( 'NONE', #1377 ) ;
#988 = ADVANCED_FACE ( 'NONE', ( #3149 ), #141, .T. ) ;
#989 = FILL_AREA_STYLE_COLOUR ( '', #3326 ) ;
#990 = DIRECTION ( 'NONE',  ( 1.000000000000000000, -0.000000000000000000, 0.000000000000000000 ) ) ;
#991 =( GEOMETRIC_REPRESENTATION_CONTEXT ( 3 ) GLOBAL_UNCERTAINTY_ASSIGNED_CONTEXT ( ( #3195 ) ) GLOBAL_UNIT_ASSIGNED_CONTEXT ( ( #1840, #657, #3017 ) ) REPRESENTATION_CONTEXT ( 'NONE', 'WORKASPACE' ) );
#992 = CARTESIAN_POINT ( 'NONE',  ( -4.349999999999999645, -9.852396348986294787E-16, 1.199999999999999734 ) ) ;
#993 = SURFACE_SIDE_STYLE ('',( #2734 ) ) ;
#994 = FACE_OUTER_BOUND ( 'NONE', #776, .T. ) ;
#995 = DIRECTION ( 'NONE',  ( 1.000000000000000000, -0.000000000000000000, -0.000000000000000000 ) ) ;
#996 = PLANE ( 'NONE',  #1366 ) ;
#997 = LINE ( 'NONE', #3311, #586 ) ;
#998 = DIRECTION ( 'NONE',  ( 0.000000000000000000, -1.000000000000000000, 0.000000000000000000 ) ) ;
#999 = VECTOR ( 'NONE', #1013, 1000.000000000000000 ) ;
#1000 = EDGE_CURVE ( 'NONE', #1386, #3468, #2241, .T. ) ;
#1001 = SURFACE_STYLE_FILL_AREA ( #672 ) ;
#1002 = DIRECTION ( 'NONE',  ( 0.7071067811865507924, 0.000000000000000000, 0.7071067811865441310 ) ) ;
#1003 = ORIENTED_EDGE ( 'NONE', *, *, #3383, .T. ) ;
#1004 = MECHANICAL_DESIGN_GEOMETRIC_PRESENTATION_REPRESENTATION (  '', ( #2588 ), #816 ) ;
#1005 = CARTESIAN_POINT ( 'NONE',  ( -3.949999999999999734, -1.399215392948765640E-16, -2.199999999999998845 ) ) ;
#1006 = SURFACE_SIDE_STYLE ('',( #2773 ) ) ;
#1007 = ADVANCED_FACE ( 'NONE', ( #3564 ), #3507, .F. ) ;
#1008 = SURFACE_STYLE_USAGE ( .BOTH. , #1254 ) ;
#1009 = CARTESIAN_POINT ( 'NONE',  ( 2.599999999999999645, 0.000000000000000000, 2.200000000000000178 ) ) ;
#1010 = PRESENTATION_STYLE_ASSIGNMENT (( #827 ) ) ;
#1011 = ORIENTED_EDGE ( 'NONE', *, *, #1214, .T. ) ;
#1012 = VECTOR ( 'NONE', #1725, 1000.000000000000000 ) ;
#1013 = DIRECTION ( 'NONE',  ( 0.000000000000000000, 0.000000000000000000, -1.000000000000000000 ) ) ;
#1014 = EDGE_CURVE ( 'NONE', #2313, #3617, #2963, .T. ) ;
#1015 =( NAMED_UNIT ( * ) PLANE_ANGLE_UNIT ( ) SI_UNIT ( $, .RADIAN. ) );
#1016 = ORIENTED_EDGE ( 'NONE', *, *, #1299, .T. ) ;
#1017 = SURFACE_STYLE_FILL_AREA ( #154 ) ;
#1018 = UNCERTAINTY_MEASURE_WITH_UNIT (LENGTH_MEASURE( 1.000000000000000082E-05 ), #624, 'distance_accuracy_value', 'NONE');
#1019 = CARTESIAN_POINT ( 'NONE',  ( -3.949999999999999734, 3.826133144475920567, 2.427407932011331759 ) ) ;
#1020 = VERTEX_POINT ( 'NONE', #3205 ) ;
#1021 = PRESENTATION_LAYER_ASSIGNMENT (  '', '', ( #3073 ) ) ;
#1022 = VECTOR ( 'NONE', #388, 1000.000000000000000 ) ;
#1023 = PRESENTATION_STYLE_ASSIGNMENT (( #3742 ) ) ;
#1024 =( NAMED_UNIT ( * ) SI_UNIT ( $, .STERADIAN. ) SOLID_ANGLE_UNIT ( ) );
#1025 = ORIENTED_EDGE ( 'NONE', *, *, #1, .F. ) ;
#1026 = FACE_OUTER_BOUND ( 'NONE', #930, .T. ) ;
#1027 = AXIS2_PLACEMENT_3D ( 'NONE', #2402, #106, #2987 ) ;
#1028 = VECTOR ( 'NONE', #1237, 1000.000000000000000 ) ;
#1029 = LINE ( 'NONE', #3418, #3369 ) ;
#1030 = MECHANICAL_DESIGN_GEOMETRIC_PRESENTATION_REPRESENTATION (  '', ( #343 ), #2307 ) ;
#1031 = MECHANICAL_DESIGN_GEOMETRIC_PRESENTATION_REPRESENTATION (  '', ( #3209 ), #1256 ) ;
#1032 = MECHANICAL_DESIGN_GEOMETRIC_PRESENTATION_REPRESENTATION (  '', ( #1753 ), #2251 ) ;
#1033 = FILL_AREA_STYLE_COLOUR ( '', #2951 ) ;
#1034 =( NAMED_UNIT ( * ) SI_UNIT ( $, .STERADIAN. ) SOLID_ANGLE_UNIT ( ) );
#1035 = EDGE_CURVE ( 'NONE', #2852, #2709, #535, .T. ) ;
#1036 = DIRECTION ( 'NONE',  ( 2.065146995210484202E-16, -1.000000000000000000, 0.000000000000000000 ) ) ;
#1037 =( NAMED_UNIT ( * ) SI_UNIT ( $, .STERADIAN. ) SOLID_ANGLE_UNIT ( ) );
#1038 = ORIENTED_EDGE ( 'NONE', *, *, #1766, .T. ) ;
#1039 = ORIENTED_EDGE ( 'NONE', *, *, #360, .F. ) ;
#1040 = COLOUR_RGB ( '',0.8470588235294117530, 0.8431372549019607865, 0.8470588235294117530 ) ;
#1041 = DIRECTION ( 'NONE',  ( 0.000000000000000000, 0.000000000000000000, 1.000000000000000000 ) ) ;
#1042 = SPHERICAL_SURFACE ( 'NONE', #2422, 0.2500000000000000000 ) ;
#1043 =( LENGTH_UNIT ( ) NAMED_UNIT ( * ) SI_UNIT ( .MILLI., .METRE. ) );
#1044 = MECHANICAL_DESIGN_GEOMETRIC_PRESENTATION_REPRESENTATION (  '', ( #1163 ), #2325 ) ;
#1045 = PRESENTATION_STYLE_ASSIGNMENT (( #1858 ) ) ;
#1046 = ORIENTED_EDGE ( 'NONE', *, *, #1397, .F. ) ;
#1047 = SPHERICAL_SURFACE ( 'NONE', #2497, 0.2500000000000000000 ) ;
#1048 =( NAMED_UNIT ( * ) SI_UNIT ( $, .STERADIAN. ) SOLID_ANGLE_UNIT ( ) );
#1049 = ADVANCED_FACE ( 'NONE', ( #2915 ), #251, .F. ) ;
#1050 = LINE ( 'NONE', #2867, #203 ) ;
#1051 = SURFACE_STYLE_USAGE ( .BOTH. , #1623 ) ;
#1052 = LINE ( 'NONE', #1951, #3330 ) ;
#1053 = MECHANICAL_DESIGN_GEOMETRIC_PRESENTATION_REPRESENTATION (  '', ( #1967 ), #2725 ) ;
#1054 = ORIENTED_EDGE ( 'NONE', *, *, #2076, .T. ) ;
#1055 = CARTESIAN_POINT ( 'NONE',  ( 4.349999999999999645, -5.510910596163085611E-16, 0.7999999999999997113 ) ) ;
#1056 = CARTESIAN_POINT ( 'NONE',  ( 3.349999999999999645, 0.2500000000000000000, 2.200000000000000178 ) ) ;
#1057 = ORIENTED_EDGE ( 'NONE', *, *, #3559, .T. ) ;
#1058 = LINE ( 'NONE', #3110, #2746 ) ;
#1059 = FILL_AREA_STYLE ('',( #3381 ) ) ;
#1060 = CARTESIAN_POINT ( 'NONE',  ( 3.949999999999999734, -1.734723475976807094E-15, 2.935478377556205177E-15 ) ) ;
#1061 = FILL_AREA_STYLE ('',( #1919 ) ) ;
#1062 =( GEOMETRIC_REPRESENTATION_CONTEXT ( 3 ) GLOBAL_UNCERTAINTY_ASSIGNED_CONTEXT ( ( #370 ) ) GLOBAL_UNIT_ASSIGNED_CONTEXT ( ( #1335, #3435, #1925 ) ) REPRESENTATION_CONTEXT ( 'NONE', 'WORKASPACE' ) );
#1063 = UNCERTAINTY_MEASURE_WITH_UNIT (LENGTH_MEASURE( 1.000000000000000082E-05 ), #1090, 'distance_accuracy_value', 'NONE');
#1064 =( NAMED_UNIT ( * ) SI_UNIT ( $, .STERADIAN. ) SOLID_ANGLE_UNIT ( ) );
#1065 = EDGE_LOOP ( 'NONE', ( #1266, #2796, #719, #3503 ) ) ;
#1066 = CARTESIAN_POINT ( 'NONE',  ( 0.000000000000000000, -2.349999999999999645, 1.408343819019456275E-16 ) ) ;
#1067 = CARTESIAN_POINT ( 'NONE',  ( 2.600000000000000089, -3.306546357697851761E-16, -1.199999999999999734 ) ) ;
#1068 = LINE ( 'NONE', #3737, #963 ) ;
#1069 = VECTOR ( 'NONE', #768, 1000.000000000000000 ) ;
#1070 = CARTESIAN_POINT ( 'NONE',  ( 2.349999999999999645, 1.349999999999999645, 2.000000000000000000 ) ) ;
#1071 = EDGE_LOOP ( 'NONE', ( #3711, #3310, #2433, #3867 ) ) ;
#1072 = ORIENTED_EDGE ( 'NONE', *, *, #2546, .F. ) ;
#1073 = VECTOR ( 'NONE', #520, 1000.000000000000000 ) ;
#1074 = STYLED_ITEM ( 'NONE', ( #932 ), #1916 ) ;
#1075 =( GEOMETRIC_REPRESENTATION_CONTEXT ( 3 ) GLOBAL_UNCERTAINTY_ASSIGNED_CONTEXT ( ( #545 ) ) GLOBAL_UNIT_ASSIGNED_CONTEXT ( ( #2950, #285, #1857 ) ) REPRESENTATION_CONTEXT ( 'NONE', 'WORKASPACE' ) );
#1076 = DIRECTION ( 'NONE',  ( 0.000000000000000000, 0.000000000000000000, 1.000000000000000000 ) ) ;
#1077 = EDGE_LOOP ( 'NONE', ( #1245, #1057, #3191 ) ) ;
#1078 = VECTOR ( 'NONE', #1452, 999.9999999999998863 ) ;
#1079 =( GEOMETRIC_REPRESENTATION_CONTEXT ( 3 ) GLOBAL_UNCERTAINTY_ASSIGNED_CONTEXT ( ( #794 ) ) GLOBAL_UNIT_ASSIGNED_CONTEXT ( ( #522, #1139, #2015 ) ) REPRESENTATION_CONTEXT ( 'NONE', 'WORKASPACE' ) );
#1080 =( LENGTH_UNIT ( ) NAMED_UNIT ( * ) SI_UNIT ( .MILLI., .METRE. ) );
#1081 = VECTOR ( 'NONE', #2413, 1000.000000000000000 ) ;
#1082 = ORIENTED_EDGE ( 'NONE', *, *, #291, .F. ) ;
#1083 = DIRECTION ( 'NONE',  ( 0.000000000000000000, 0.000000000000000000, 1.000000000000000000 ) ) ;
#1084 = AXIS2_PLACEMENT_3D ( 'NONE', #2377, #1830, #1568 ) ;
#1085 = STYLED_ITEM ( 'NONE', ( #3000 ), #2209 ) ;
#1086 = CARTESIAN_POINT ( 'NONE',  ( -3.949999999999999734, -1.399215392948765640E-16, -2.199999999999998845 ) ) ;
#1087 = CARTESIAN_POINT ( 'NONE',  ( -1.500000000000000000, 3.550000000000000266, 8.200000000000001066 ) ) ;
#1088 = DIRECTION ( 'NONE',  ( 0.000000000000000000, 0.000000000000000000, -1.000000000000000000 ) ) ;
#1089 = SURFACE_STYLE_FILL_AREA ( #2476 ) ;
#1090 =( LENGTH_UNIT ( ) NAMED_UNIT ( * ) SI_UNIT ( .MILLI., .METRE. ) );
#1091 = PRESENTATION_LAYER_ASSIGNMENT (  '', '', ( #780 ) ) ;
#1092 = ORIENTED_EDGE ( 'NONE', *, *, #3082, .T. ) ;
#1093 = VERTEX_POINT ( 'NONE', #2883 ) ;
#1094 = ADVANCED_FACE ( 'NONE', ( #404 ), #3701, .F. ) ;
#1095 = VERTEX_POINT ( 'NONE', #1110 ) ;
#1096 = VECTOR ( 'NONE', #3106, 1000.000000000000000 ) ;
#1097 = SURFACE_STYLE_USAGE ( .BOTH. , #750 ) ;
#1098 = FACE_OUTER_BOUND ( 'NONE', #3150, .T. ) ;
#1099 = ORIENTED_EDGE ( 'NONE', *, *, #3190, .F. ) ;
#1100 = CARTESIAN_POINT ( 'NONE',  ( 3.349999999999999645, 0.2500000000000000000, 2.200000000000000178 ) ) ;
#1101 = SURFACE_STYLE_FILL_AREA ( #3473 ) ;
#1102 = CARTESIAN_POINT ( 'NONE',  ( -3.949999999999999734, -1.250000000000000222, 0.5999999999999998668 ) ) ;
#1103 = ORIENTED_EDGE ( 'NONE', *, *, #2571, .F. ) ;
#1104 =( NAMED_UNIT ( * ) PLANE_ANGLE_UNIT ( ) SI_UNIT ( $, .RADIAN. ) );
#1105 = VERTEX_POINT ( 'NONE', #992 ) ;
#1106 = PRESENTATION_LAYER_ASSIGNMENT (  '', '', ( #873 ) ) ;
#1107 = CARTESIAN_POINT ( 'NONE',  ( 4.246446609406725692, 4.700000000000000178, 2.096446609406726669 ) ) ;
#1108 = EDGE_LOOP ( 'NONE', ( #632, #261 ) ) ;
#1109 = STYLED_ITEM ( 'NONE', ( #1130 ), #793 ) ;
#1110 = CARTESIAN_POINT ( 'NONE',  ( -3.349999999999999645, 0.2500000000000000000, 2.200000000000000178 ) ) ;
#1111 = ADVANCED_FACE ( 'NONE', ( #2470 ), #3857, .T. ) ;
#1112 = FILL_AREA_STYLE ('',( #225 ) ) ;
#1113 = VERTEX_POINT ( 'NONE', #2164 ) ;
#1114 = UNCERTAINTY_MEASURE_WITH_UNIT (LENGTH_MEASURE( 1.000000000000000082E-05 ), #2350, 'distance_accuracy_value', 'NONE');
#1115 = AXIS2_PLACEMENT_3D ( 'NONE', #1781, #3635, #2369 ) ;
#1116 = CARTESIAN_POINT ( 'NONE',  ( -2.000000000000000000, 0.000000000000000000, 2.000000000000000000 ) ) ;
#1117 = FACE_OUTER_BOUND ( 'NONE', #2983, .T. ) ;
#1118 = CARTESIAN_POINT ( 'NONE',  ( -2.074999999999999289, 1.499999999999999556, 2.200000000000000178 ) ) ;
#1119 = DIRECTION ( 'NONE',  ( -1.000000000000000000, 0.000000000000000000, 0.000000000000000000 ) ) ;
#1120 = EDGE_CURVE ( 'NONE', #297, #2693, #2359, .T. ) ;
#1121 = UNCERTAINTY_MEASURE_WITH_UNIT (LENGTH_MEASURE( 1.000000000000000082E-05 ), #1043, 'distance_accuracy_value', 'NONE');
#1122 = LINE ( 'NONE', #3853, #1572 ) ;
#1123 = ORIENTED_EDGE ( 'NONE', *, *, #3754, .T. ) ;
#1124 =( GEOMETRIC_REPRESENTATION_CONTEXT ( 3 ) GLOBAL_UNCERTAINTY_ASSIGNED_CONTEXT ( ( #392 ) ) GLOBAL_UNIT_ASSIGNED_CONTEXT ( ( #876, #2014, #2032 ) ) REPRESENTATION_CONTEXT ( 'NONE', 'WORKASPACE' ) );
#1125 = MECHANICAL_DESIGN_GEOMETRIC_PRESENTATION_REPRESENTATION (  '', ( #1618 ), #3001 ) ;
#1126 = ORIENTED_EDGE ( 'NONE', *, *, #1541, .T. ) ;
#1127 = DIRECTION ( 'NONE',  ( 0.000000000000000000, -0.9408874118687268195, -0.3387194682727416861 ) ) ;
#1128 = VECTOR ( 'NONE', #1634, 1000.000000000000000 ) ;
#1129 = DIRECTION ( 'NONE',  ( 1.000000000000000000, -0.000000000000000000, -0.000000000000000000 ) ) ;
#1130 = PRESENTATION_STYLE_ASSIGNMENT (( #571 ) ) ;
#1131 = ORIENTED_EDGE ( 'NONE', *, *, #1966, .T. ) ;
#1132 = AXIS2_PLACEMENT_3D ( 'NONE', #1754, #1794, #2965 ) ;
#1133 = ORIENTED_EDGE ( 'NONE', *, *, #1802, .F. ) ;
#1134 =( GEOMETRIC_REPRESENTATION_CONTEXT ( 3 ) GLOBAL_UNCERTAINTY_ASSIGNED_CONTEXT ( ( #3174 ) ) GLOBAL_UNIT_ASSIGNED_CONTEXT ( ( #2953, #1965, #863 ) ) REPRESENTATION_CONTEXT ( 'NONE', 'WORKASPACE' ) );
#1135 = CARTESIAN_POINT ( 'NONE',  ( 0.000000000000000000, 0.7000000000000000666, 1.408343819019456275E-16 ) ) ;
#1136 = MECHANICAL_DESIGN_GEOMETRIC_PRESENTATION_REPRESENTATION (  '', ( #1440 ), #1630 ) ;
#1137 = LINE ( 'NONE', #1173, #2187 ) ;
#1138 = DIRECTION ( 'NONE',  ( 1.000000000000000000, 0.000000000000000000, 0.000000000000000000 ) ) ;
#1139 =( NAMED_UNIT ( * ) PLANE_ANGLE_UNIT ( ) SI_UNIT ( $, .RADIAN. ) );
#1140 = STYLED_ITEM ( 'NONE', ( #2986 ), #3437 ) ;
#1141 = VECTOR ( 'NONE', #2907, 1000.000000000000000 ) ;
#1142 = AXIS2_PLACEMENT_3D ( 'NONE', #2382, #673, #3066 ) ;
#1143 = DIRECTION ( 'NONE',  ( 0.000000000000000000, -1.000000000000000000, 0.000000000000000000 ) ) ;
#1144 = CARTESIAN_POINT ( 'NONE',  ( -4.349999999999999645, 4.700000000000000178, -2.200000000000000178 ) ) ;
#1145 = EDGE_LOOP ( 'NONE', ( #357, #2897, #3873, #3103 ) ) ;
#1146 = LINE ( 'NONE', #2314, #2045 ) ;
#1147 = AXIS2_PLACEMENT_3D ( 'NONE', #1828, #1865, #1788 ) ;
#1148 = EDGE_CURVE ( 'NONE', #637, #2945, #1168, .T. ) ;
#1149 = CARTESIAN_POINT ( 'NONE',  ( -2.349999999999999645, 1.349999999999999645, -2.200000000000000178 ) ) ;
#1150 = SURFACE_STYLE_FILL_AREA ( #2938 ) ;
#1151 = ORIENTED_EDGE ( 'NONE', *, *, #2165, .F. ) ;
#1152 = VECTOR ( 'NONE', #1002, 1000.000000000000000 ) ;
#1153 = LINE ( 'NONE', #3225, #3451 ) ;
#1154 = VERTEX_POINT ( 'NONE', #275 ) ;
#1155 = ORIENTED_EDGE ( 'NONE', *, *, #3538, .T. ) ;
#1156 = VECTOR ( 'NONE', #1727, 1000.000000000000000 ) ;
#1157 =( LENGTH_UNIT ( ) NAMED_UNIT ( * ) SI_UNIT ( .MILLI., .METRE. ) );
#1158 = SURFACE_STYLE_FILL_AREA ( #3796 ) ;
#1159 = DIRECTION ( 'NONE',  ( 1.000000000000000000, 0.000000000000000000, 0.000000000000000000 ) ) ;
#1160 = EDGE_CURVE ( 'NONE', #1464, #1113, #2024, .T. ) ;
#1161 = LINE ( 'NONE', #2375, #95 ) ;
#1162 = VERTEX_POINT ( 'NONE', #565 ) ;
#1163 = STYLED_ITEM ( 'NONE', ( #2943 ), #353 ) ;
#1164 = SURFACE_STYLE_FILL_AREA ( #3199 ) ;
#1165 = DIRECTION ( 'NONE',  ( 0.000000000000000000, 0.000000000000000000, 1.000000000000000000 ) ) ;
#1166 = EDGE_CURVE ( 'NONE', #2378, #1460, #2337, .T. ) ;
#1167 = SURFACE_STYLE_USAGE ( .BOTH. , #1989 ) ;
#1168 = LINE ( 'NONE', #869, #3519 ) ;
#1169 = DIRECTION ( 'NONE',  ( 0.000000000000000000, 0.000000000000000000, -1.000000000000000000 ) ) ;
#1170 = ORIENTED_EDGE ( 'NONE', *, *, #1903, .T. ) ;
#1171 = ORIENTED_EDGE ( 'NONE', *, *, #193, .F. ) ;
#1172 = CARTESIAN_POINT ( 'NONE',  ( -2.349999999999999201, 0.3999999999999996336, -0.7999999999999997113 ) ) ;
#1173 = CARTESIAN_POINT ( 'NONE',  ( -3.349999999999999645, 0.2500000000000000000, 2.200000000000000178 ) ) ;
#1174 = DIRECTION ( 'NONE',  ( 0.000000000000000000, -6.245698675651497881E-16, -1.000000000000000000 ) ) ;
#1175 = FILL_AREA_STYLE_COLOUR ( '', #473 ) ;
#1176 = VERTEX_POINT ( 'NONE', #552 ) ;
#1177 = DIRECTION ( 'NONE',  ( -1.000000000000000000, 0.000000000000000000, 0.000000000000000000 ) ) ;
#1178 = EDGE_CURVE ( 'NONE', #376, #1341, #1205, .T. ) ;
#1179 = VERTEX_POINT ( 'NONE', #236 ) ;
#1180 = ORIENTED_EDGE ( 'NONE', *, *, #3058, .F. ) ;
#1181 = DIRECTION ( 'NONE',  ( 1.000000000000000000, -0.000000000000000000, 0.000000000000000000 ) ) ;
#1182 = DIRECTION ( 'NONE',  ( 0.000000000000000000, 0.000000000000000000, -1.000000000000000000 ) ) ;
#1183 = MECHANICAL_DESIGN_GEOMETRIC_PRESENTATION_REPRESENTATION (  '', ( #529 ), #2036 ) ;
#1184 = AXIS2_PLACEMENT_3D ( 'NONE', #263, #558, #2579 ) ;
#1185 = LINE ( 'NONE', #3793, #956 ) ;
#1186 = CARTESIAN_POINT ( 'NONE',  ( 3.099999999999999645, 0.2500000000000000000, 2.200000000000000178 ) ) ;
#1187 = VERTEX_POINT ( 'NONE', #3842 ) ;
#1188 = EDGE_CURVE ( 'NONE', #758, #3096, #1735, .T. ) ;
#1189 = VERTEX_POINT ( 'NONE', #2939 ) ;
#1190 = CARTESIAN_POINT ( 'NONE',  ( -2.000000000000000000, 1.407106781186548528, 7.531577814756221078E-16 ) ) ;
#1191 = CARTESIAN_POINT ( 'NONE',  ( -4.349999999999999645, 4.645085803432136728, 0.3432137285491438372 ) ) ;
#1192 = PLANE ( 'NONE',  #3219 ) ;
#1193 = STYLED_ITEM ( 'NONE', ( #3475 ), #2842 ) ;
#1194 = UNCERTAINTY_MEASURE_WITH_UNIT (LENGTH_MEASURE( 1.000000000000000082E-05 ), #1701, 'distance_accuracy_value', 'NONE');
#1195 = CARTESIAN_POINT ( 'NONE',  ( 3.949999999999999734, -1.250000000000000222, -0.6000000000000001998 ) ) ;
#1196 = MECHANICAL_DESIGN_GEOMETRIC_PRESENTATION_REPRESENTATION (  '', ( #2872 ), #516 ) ;
#1197 = VECTOR ( 'NONE', #2781, 1000.000000000000000 ) ;
#1198 = LINE ( 'NONE', #582, #2500 ) ;
#1199 = FILL_AREA_STYLE ('',( #1467 ) ) ;
#1200 = PRESENTATION_STYLE_ASSIGNMENT (( #3239 ) ) ;
#1201 = ORIENTED_EDGE ( 'NONE', *, *, #2146, .F. ) ;
#1202 = PRESENTATION_LAYER_ASSIGNMENT (  '', '', ( #1931 ) ) ;
#1203 = PRESENTATION_LAYER_ASSIGNMENT (  '', '', ( #529 ) ) ;
#1204 = ORIENTED_EDGE ( 'NONE', *, *, #3252, .F. ) ;
#1205 = LINE ( 'NONE', #3566, #2809 ) ;
#1206 = AXIS2_PLACEMENT_3D ( 'NONE', #1060, #2791, #3731 ) ;
#1207 = EDGE_CURVE ( 'NONE', #2695, #1760, #3272, .T. ) ;
#1208 = CARTESIAN_POINT ( 'NONE',  ( 3.949999999999999734, -2.500000000000002665, -0.1499999999999999667 ) ) ;
#1209 = CARTESIAN_POINT ( 'NONE',  ( -3.949999999999999734, -3.061616997868380676E-16, -1.199999999999999734 ) ) ;
#1210 = DIRECTION ( 'NONE',  ( 1.000000000000000000, 0.000000000000000000, -0.000000000000000000 ) ) ;
#1211 =( LENGTH_UNIT ( ) NAMED_UNIT ( * ) SI_UNIT ( .MILLI., .METRE. ) );
#1212 = ORIENTED_EDGE ( 'NONE', *, *, #817, .F. ) ;
#1213 = ORIENTED_EDGE ( 'NONE', *, *, #1966, .F. ) ;
#1214 = EDGE_CURVE ( 'NONE', #182, #1154, #2008, .T. ) ;
#1215 = LINE ( 'NONE', #1276, #678 ) ;
#1216 = AXIS2_PLACEMENT_3D ( 'NONE', #2345, #3233, #243 ) ;
#1217 =( NAMED_UNIT ( * ) SI_UNIT ( $, .STERADIAN. ) SOLID_ANGLE_UNIT ( ) );
#1218 = CARTESIAN_POINT ( 'NONE',  ( -3.949999999999999734, 4.645085803432136728, -0.3432137285491430045 ) ) ;
#1219 =( GEOMETRIC_REPRESENTATION_CONTEXT ( 3 ) GLOBAL_UNCERTAINTY_ASSIGNED_CONTEXT ( ( #2250 ) ) GLOBAL_UNIT_ASSIGNED_CONTEXT ( ( #616, #2078, #2649 ) ) REPRESENTATION_CONTEXT ( 'NONE', 'WORKASPACE' ) );
#1220 = ORIENTED_EDGE ( 'NONE', *, *, #3158, .F. ) ;
#1221 = ORIENTED_EDGE ( 'NONE', *, *, #3252, .T. ) ;
#1222 = CARTESIAN_POINT ( 'NONE',  ( 4.349999999999999645, 4.645085803432136728, -0.3432137285491430045 ) ) ;
#1223 = CARTESIAN_POINT ( 'NONE',  ( -4.349999999999999645, -2.499999999999999556, 0.1499999999999999667 ) ) ;
#1224 = ORIENTED_EDGE ( 'NONE', *, *, #871, .F. ) ;
#1225 = ORIENTED_EDGE ( 'NONE', *, *, #2408, .T. ) ;
#1226 = CARTESIAN_POINT ( 'NONE',  ( -2.074999999999999289, 1.499999999999999556, 2.000000000000000000 ) ) ;
#1227 = SHAPE_DEFINITION_REPRESENTATION ( #3423, #3476 ) ;
#1228 = DIRECTION ( 'NONE',  ( 0.000000000000000000, 0.9874406319167053914, -0.1579905011066730092 ) ) ;
#1229 = CARTESIAN_POINT ( 'NONE',  ( 3.949999999999999734, 4.645085803432136728, -0.3432137285491430045 ) ) ;
#1230 = CARTESIAN_POINT ( 'NONE',  ( -2.000000000000000000, 0.7000000000000000666, 7.531577814756221078E-16 ) ) ;
#1231 = ORIENTED_EDGE ( 'NONE', *, *, #123, .F. ) ;
#1232 = ORIENTED_EDGE ( 'NONE', *, *, #3544, .F. ) ;
#1233 = EDGE_CURVE ( 'NONE', #3799, #2624, #1565, .T. ) ;
#1234 = VECTOR ( 'NONE', #652, 1000.000000000000000 ) ;
#1235 =( NAMED_UNIT ( * ) SI_UNIT ( $, .STERADIAN. ) SOLID_ANGLE_UNIT ( ) );
#1236 = AXIS2_PLACEMENT_3D ( 'NONE', #2969, #1704, #2363 ) ;
#1237 = DIRECTION ( 'NONE',  ( 0.7071067811865507924, -0.000000000000000000, -0.7071067811865441310 ) ) ;
#1238 = DIRECTION ( 'NONE',  ( 0.000000000000000000, -3.306546357697854226E-16, 1.000000000000000000 ) ) ;
#1239 = ORIENTED_EDGE ( 'NONE', *, *, #3470, .F. ) ;
#1240 = VECTOR ( 'NONE', #3825, 1000.000000000000000 ) ;
#1241 = CARTESIAN_POINT ( 'NONE',  ( 2.349999999999999645, 1.349999999999999645, 2.000000000000000000 ) ) ;
#1242 = EDGE_CURVE ( 'NONE', #3468, #987, #293, .T. ) ;
#1243 = CARTESIAN_POINT ( 'NONE',  ( -3.949999999999999734, -2.499999999999999556, 0.1499999999999999667 ) ) ;
#1244 = FACE_OUTER_BOUND ( 'NONE', #761, .T. ) ;
#1245 = ORIENTED_EDGE ( 'NONE', *, *, #3228, .F. ) ;
#1246 = DIRECTION ( 'NONE',  ( 0.000000000000000000, 0.000000000000000000, 1.000000000000000000 ) ) ;
#1247 = CARTESIAN_POINT ( 'NONE',  ( -3.252606517456501592E-17, 4.700000000000000178, -2.828427124746190735 ) ) ;
#1248 = DIRECTION ( 'NONE',  ( 1.000000000000000000, 0.000000000000000000, 0.000000000000000000 ) ) ;
#1249 = PLANE ( 'NONE',  #116 ) ;
#1250 = ORIENTED_EDGE ( 'NONE', *, *, #3849, .T. ) ;
#1251 = ORIENTED_EDGE ( 'NONE', *, *, #3099, .T. ) ;
#1252 = CARTESIAN_POINT ( 'NONE',  ( -2.000000000000000000, -2.349999999999999645, 7.531577814756221078E-16 ) ) ;
#1253 = VECTOR ( 'NONE', #3686, 1000.000000000000000 ) ;
#1254 = SURFACE_SIDE_STYLE ('',( #361 ) ) ;
#1255 = DIRECTION ( 'NONE',  ( 0.000000000000000000, 0.000000000000000000, 1.000000000000000000 ) ) ;
#1256 =( GEOMETRIC_REPRESENTATION_CONTEXT ( 3 ) GLOBAL_UNCERTAINTY_ASSIGNED_CONTEXT ( ( #1121 ) ) GLOBAL_UNIT_ASSIGNED_CONTEXT ( ( #1043, #2217, #3132 ) ) REPRESENTATION_CONTEXT ( 'NONE', 'WORKASPACE' ) );
#1257 = MECHANICAL_DESIGN_GEOMETRIC_PRESENTATION_REPRESENTATION (  '', ( #2543 ), #575 ) ;
#1258 = PLANE ( 'NONE',  #1271 ) ;
#1259 = EDGE_CURVE ( 'NONE', #951, #1303, #1153, .T. ) ;
#1260 = ORIENTED_EDGE ( 'NONE', *, *, #3498, .F. ) ;
#1261 = FACE_OUTER_BOUND ( 'NONE', #2722, .T. ) ;
#1262 = VECTOR ( 'NONE', #1718, 999.9999999999998863 ) ;
#1263 = CARTESIAN_POINT ( 'NONE',  ( -2.000000000000000000, 0.7000000000000000666, 0.2500000000000007216 ) ) ;
#1264 = PRESENTATION_STYLE_ASSIGNMENT (( #83 ) ) ;
#1265 = COLOUR_RGB ( '',0.8470588235294117530, 0.8431372549019607865, 0.8470588235294117530 ) ;
#1266 = ORIENTED_EDGE ( 'NONE', *, *, #605, .T. ) ;
#1267 = ORIENTED_EDGE ( 'NONE', *, *, #2712, .T. ) ;
#1268 = CARTESIAN_POINT ( 'NONE',  ( -3.949999999999999734, -2.499999999999999556, 0.000000000000000000 ) ) ;
#1269 = EDGE_CURVE ( 'NONE', #3221, #3109, #2916, .T. ) ;
#1270 =( GEOMETRIC_REPRESENTATION_CONTEXT ( 3 ) GLOBAL_UNCERTAINTY_ASSIGNED_CONTEXT ( ( #1669 ) ) GLOBAL_UNIT_ASSIGNED_CONTEXT ( ( #2414, #3623, #3329 ) ) REPRESENTATION_CONTEXT ( 'NONE', 'WORKASPACE' ) );
#1271 = AXIS2_PLACEMENT_3D ( 'NONE', #2411, #2691, #42 ) ;
#1272 = DIRECTION ( 'NONE',  ( 1.000000000000000000, 0.000000000000000000, 0.000000000000000000 ) ) ;
#1273 = VERTEX_POINT ( 'NONE', #1474 ) ;
#1274 = CARTESIAN_POINT ( 'NONE',  ( 2.599999999999999645, 0.000000000000000000, 2.200000000000000178 ) ) ;
#1275 = STYLED_ITEM ( 'NONE', ( #3100 ), #1677 ) ;
#1276 = CARTESIAN_POINT ( 'NONE',  ( 4.349999999999999645, -1.734723475976807094E-15, 2.935478377556205177E-15 ) ) ;
#1277 = AXIS2_PLACEMENT_3D ( 'NONE', #2937, #3545, #1399 ) ;
#1278 =( NAMED_UNIT ( * ) PLANE_ANGLE_UNIT ( ) SI_UNIT ( $, .RADIAN. ) );
#1279 = CARTESIAN_POINT ( 'NONE',  ( 3.099999999999999645, -1.084202172485504434E-16, 2.200000000000000178 ) ) ;
#1280 = SURFACE_SIDE_STYLE ('',( #1564 ) ) ;
#1281 = LINE ( 'NONE', #327, #2495 ) ;
#1282 = EDGE_CURVE ( 'NONE', #2302, #2882, #2320, .T. ) ;
#1283 = MECHANICAL_DESIGN_GEOMETRIC_PRESENTATION_REPRESENTATION (  '', ( #981 ), #3097 ) ;
#1284 = UNCERTAINTY_MEASURE_WITH_UNIT (LENGTH_MEASURE( 1.000000000000000082E-05 ), #2787, 'distance_accuracy_value', 'NONE');
#1285 = CARTESIAN_POINT ( 'NONE',  ( 3.949999999999999734, -2.500000000000002665, -0.1499999999999999667 ) ) ;
#1286 = EDGE_CURVE ( 'NONE', #3180, #843, #2591, .T. ) ;
#1287 = LINE ( 'NONE', #3395, #2537 ) ;
#1288 = DIRECTION ( 'NONE',  ( -0.000000000000000000, -0.000000000000000000, -1.000000000000000000 ) ) ;
#1289 = EDGE_LOOP ( 'NONE', ( #2474, #3005, #2519, #2246 ) ) ;
#1290 = CARTESIAN_POINT ( 'NONE',  ( -3.252606517456501592E-17, 4.700000000000000178, 8.200000000000001066 ) ) ;
#1291 = SURFACE_SIDE_STYLE ('',( #3344 ) ) ;
#1292 =( NAMED_UNIT ( * ) SI_UNIT ( $, .STERADIAN. ) SOLID_ANGLE_UNIT ( ) );
#1293 = PRESENTATION_LAYER_ASSIGNMENT (  '', '', ( #3170 ) ) ;
#1294 = LINE ( 'NONE', #1218, #3208 ) ;
#1295 = VECTOR ( 'NONE', #1578, 1000.000000000000000 ) ;
#1296 = DIRECTION ( 'NONE',  ( 0.000000000000000000, 0.9408874118687269306, -0.3387194682727414086 ) ) ;
#1297 = PRODUCT_RELATED_PRODUCT_CATEGORY ( 'part', '', ( #1312 ) ) ;
#1298 = LINE ( 'NONE', #3652, #2425 ) ;
#1299 = EDGE_CURVE ( 'NONE', #409, #2693, #5, .T. ) ;
#1300 =( GEOMETRIC_REPRESENTATION_CONTEXT ( 3 ) GLOBAL_UNCERTAINTY_ASSIGNED_CONTEXT ( ( #2844 ) ) GLOBAL_UNIT_ASSIGNED_CONTEXT ( ( #2845, #2558, #499 ) ) REPRESENTATION_CONTEXT ( 'NONE', 'WORKASPACE' ) );
#1301 =( LENGTH_UNIT ( ) NAMED_UNIT ( * ) SI_UNIT ( .MILLI., .METRE. ) );
#1302 = CARTESIAN_POINT ( 'NONE',  ( -2.000000000000000000, 1.407106781186548528, 0.2500000000000007216 ) ) ;
#1303 = VERTEX_POINT ( 'NONE', #313 ) ;
#1304 = FILL_AREA_STYLE ('',( #416 ) ) ;
#1305 =( NAMED_UNIT ( * ) SI_UNIT ( $, .STERADIAN. ) SOLID_ANGLE_UNIT ( ) );
#1306 = DIRECTION ( 'NONE',  ( 1.084202172485504434E-15, -1.000000000000000000, 1.897353801849632760E-15 ) ) ;
#1307 = FILL_AREA_STYLE ('',( #455 ) ) ;
#1308 = FILL_AREA_STYLE ('',( #420 ) ) ;
#1309 = VECTOR ( 'NONE', #1497, 1000.000000000000000 ) ;
#1310 = FILL_AREA_STYLE_COLOUR ( '', #2731 ) ;
#1311 = CARTESIAN_POINT ( 'NONE',  ( -2.074999999999999734, 3.599999999999999645, 2.000000000000000000 ) ) ;
#1312 = PRODUCT ( 'SK12D07VG6', 'SK12D07VG6', '', ( #626 ) ) ;
#1313 =( NAMED_UNIT ( * ) SI_UNIT ( $, .STERADIAN. ) SOLID_ANGLE_UNIT ( ) );
#1314 = FILL_AREA_STYLE_COLOUR ( '', #1626 ) ;
#1315 = CARTESIAN_POINT ( 'NONE',  ( 2.075000000000001066, 1.499999999999999778, 2.000000000000000000 ) ) ;
#1316 = ORIENTED_EDGE ( 'NONE', *, *, #889, .F. ) ;
#1317 = CARTESIAN_POINT ( 'NONE',  ( -3.349999999999999645, 0.2229852138238122006, -1.133879039099080277 ) ) ;
#1318 = AXIS2_PLACEMENT_3D ( 'NONE', #3683, #2451, #224 ) ;
#1319 = PRESENTATION_LAYER_ASSIGNMENT (  '', '', ( #330 ) ) ;
#1320 = DIRECTION ( 'NONE',  ( 0.000000000000000000, 0.000000000000000000, 1.000000000000000000 ) ) ;
#1321 = VERTEX_POINT ( 'NONE', #1493 ) ;
#1322 = AXIS2_PLACEMENT_3D ( 'NONE', #254, #1432, #3548 ) ;
#1323 = DIRECTION ( 'NONE',  ( -1.000000000000000000, 0.000000000000000000, 0.000000000000000000 ) ) ;
#1324 = CIRCLE ( 'NONE', #3346, 0.3999999999999999667 ) ;
#1325 = B_SPLINE_CURVE_WITH_KNOTS ( 'NONE', 3,
 ( #1558, #3322, #3700, #3032, #403, #1577 ),
 .UNSPECIFIED., .F., .F.,
 ( 4, 2, 4 ),
 ( 0.000000000000000000, 0.0002050984712928842425, 0.0004101969425857684851 ),
 .UNSPECIFIED. ) ;
#1326 = EDGE_CURVE ( 'NONE', #69, #3091, #2672, .T. ) ;
#1327 = DIRECTION ( 'NONE',  ( -1.000000000000000000, -0.000000000000000000, -0.000000000000000000 ) ) ;
#1328 =( NAMED_UNIT ( * ) SI_UNIT ( $, .STERADIAN. ) SOLID_ANGLE_UNIT ( ) );
#1329 = FILL_AREA_STYLE_COLOUR ( '', #3013 ) ;
#1330 = VECTOR ( 'NONE', #3602, 1000.000000000000000 ) ;
#1331 = EDGE_CURVE ( 'NONE', #2263, #376, #1437, .T. ) ;
#1332 = CARTESIAN_POINT ( 'NONE',  ( 3.949999999999999734, 3.826133144475920567, 2.427407932011331759 ) ) ;
#1333 = CARTESIAN_POINT ( 'NONE',  ( -2.599999999999999645, -6.245698675651497881E-16, 1.199999999999999734 ) ) ;
#1334 = DIRECTION ( 'NONE',  ( 1.000000000000000000, -3.761581922631320025E-34, 0.000000000000000000 ) ) ;
#1335 =( LENGTH_UNIT ( ) NAMED_UNIT ( * ) SI_UNIT ( .MILLI., .METRE. ) );
#1336 = COLOUR_RGB ( '',0.8470588235294117530, 0.8431372549019607865, 0.8470588235294117530 ) ;
#1337 =( NAMED_UNIT ( * ) SI_UNIT ( $, .STERADIAN. ) SOLID_ANGLE_UNIT ( ) );
#1338 = EDGE_LOOP ( 'NONE', ( #2356, #2344, #908 ) ) ;
#1339 = SURFACE_SIDE_STYLE ('',( #184 ) ) ;
#1340 = CARTESIAN_POINT ( 'NONE',  ( 4.349999999999999645, 4.450000000000000178, 2.200000000000000178 ) ) ;
#1341 = VERTEX_POINT ( 'NONE', #2723 ) ;
#1342 =( LENGTH_UNIT ( ) NAMED_UNIT ( * ) SI_UNIT ( .MILLI., .METRE. ) );
#1343 = CARTESIAN_POINT ( 'NONE',  ( 2.000000000000000000, 1.407106781186548528, -0.2500000000000008882 ) ) ;
#1344 =( GEOMETRIC_REPRESENTATION_CONTEXT ( 3 ) GLOBAL_UNCERTAINTY_ASSIGNED_CONTEXT ( ( #1425 ) ) GLOBAL_UNIT_ASSIGNED_CONTEXT ( ( #1342, #2261, #1357 ) ) REPRESENTATION_CONTEXT ( 'NONE', 'WORKASPACE' ) );
#1345 = EDGE_CURVE ( 'NONE', #2624, #3799, #3268, .T. ) ;
#1346 = VERTEX_POINT ( 'NONE', #1226 ) ;
#1347 = DIRECTION ( 'NONE',  ( -1.000000000000000000, -2.065146995210484202E-16, 0.000000000000000000 ) ) ;
#1348 = SURFACE_SIDE_STYLE ('',( #1640 ) ) ;
#1349 = VERTEX_POINT ( 'NONE', #2138 ) ;
#1350 = PRESENTATION_STYLE_ASSIGNMENT (( #130 ) ) ;
#1351 =( GEOMETRIC_REPRESENTATION_CONTEXT ( 3 ) GLOBAL_UNCERTAINTY_ASSIGNED_CONTEXT ( ( #1505 ) ) GLOBAL_UNIT_ASSIGNED_CONTEXT ( ( #1616, #1959, #1328 ) ) REPRESENTATION_CONTEXT ( 'NONE', 'WORKASPACE' ) );
#1352 = EDGE_CURVE ( 'NONE', #409, #2572, #1815, .T. ) ;
#1353 = EDGE_LOOP ( 'NONE', ( #2445, #2159, #1644, #1792 ) ) ;
#1354 = CARTESIAN_POINT ( 'NONE',  ( 2.075000000000001066, 1.499999999999999778, 2.200000000000000178 ) ) ;
#1355 = ORIENTED_EDGE ( 'NONE', *, *, #2493, .T. ) ;
#1356 = STYLED_ITEM ( 'NONE', ( #976 ), #3680 ) ;
#1357 =( NAMED_UNIT ( * ) SI_UNIT ( $, .STERADIAN. ) SOLID_ANGLE_UNIT ( ) );
#1358 = DIRECTION ( 'NONE',  ( 1.000000000000000000, 0.000000000000000000, 0.000000000000000000 ) ) ;
#1359 = ORIENTED_EDGE ( 'NONE', *, *, #3422, .F. ) ;
#1360 = STYLED_ITEM ( 'NONE', ( #3176 ), #99 ) ;
#1361 = UNCERTAINTY_MEASURE_WITH_UNIT (LENGTH_MEASURE( 1.000000000000000082E-05 ), #3542, 'distance_accuracy_value', 'NONE');
#1362 = FACE_OUTER_BOUND ( 'NONE', #3835, .T. ) ;
#1363 = UNCERTAINTY_MEASURE_WITH_UNIT (LENGTH_MEASURE( 1.000000000000000082E-05 ), #2268, 'distance_accuracy_value', 'NONE');
#1364 = CARTESIAN_POINT ( 'NONE',  ( 3.349999999999999201, 0.6999999999999991784, 2.200000000000000178 ) ) ;
#1365 = CYLINDRICAL_SURFACE ( 'NONE', #1216, 0.2500000000000002220 ) ;
#1366 = AXIS2_PLACEMENT_3D ( 'NONE', #423, #172, #1334 ) ;
#1367 = AXIS2_PLACEMENT_3D ( 'NONE', #2974, #2628, #2327 ) ;
#1368 = CARTESIAN_POINT ( 'NONE',  ( 0.000000000000000000, 1.349999999999999645, 2.000000000000000000 ) ) ;
#1369 = CARTESIAN_POINT ( 'NONE',  ( -4.349999999999999645, 4.700000000000000178, -1.950000000000000178 ) ) ;
#1370 = EDGE_CURVE ( 'NONE', #1876, #3168, #2416, .T. ) ;
#1371 = ORIENTED_EDGE ( 'NONE', *, *, #2322, .F. ) ;
#1372 = VECTOR ( 'NONE', #1327, 1000.000000000000000 ) ;
#1373 = FILL_AREA_STYLE_COLOUR ( '', #1867 ) ;
#1374 = ORIENTED_EDGE ( 'NONE', *, *, #478, .F. ) ;
#1375 =( GEOMETRIC_REPRESENTATION_CONTEXT ( 3 ) GLOBAL_UNCERTAINTY_ASSIGNED_CONTEXT ( ( #964 ) ) GLOBAL_UNIT_ASSIGNED_CONTEXT ( ( #1411, #862, #1731 ) ) REPRESENTATION_CONTEXT ( 'NONE', 'WORKASPACE' ) );
#1376 = LINE ( 'NONE', #2589, #283 ) ;
#1377 = CARTESIAN_POINT ( 'NONE',  ( 3.949999999999999734, -9.629649721936179265E-32, -0.3999999999999997446 ) ) ;
#1378 = VERTEX_POINT ( 'NONE', #3627 ) ;
#1379 =( NAMED_UNIT ( * ) SI_UNIT ( $, .STERADIAN. ) SOLID_ANGLE_UNIT ( ) );
#1380 = MECHANICAL_DESIGN_GEOMETRIC_PRESENTATION_REPRESENTATION (  '', ( #3073 ), #3834 ) ;
#1381 = SURFACE_SIDE_STYLE ('',( #2486 ) ) ;
#1382 = VECTOR ( 'NONE', #1127, 1000.000000000000114 ) ;
#1383 = SURFACE_STYLE_USAGE ( .BOTH. , #209 ) ;
#1384 = SURFACE_STYLE_FILL_AREA ( #1061 ) ;
#1385 = COLOUR_RGB ( '',0.8470588235294117530, 0.8431372549019607865, 0.8470588235294117530 ) ;
#1386 = VERTEX_POINT ( 'NONE', #1285 ) ;
#1387 = UNCERTAINTY_MEASURE_WITH_UNIT (LENGTH_MEASURE( 1.000000000000000082E-05 ), #440, 'distance_accuracy_value', 'NONE');
#1388 = PLANE ( 'NONE',  #3319 ) ;
#1389 = STYLED_ITEM ( 'NONE', ( #3217 ), #3486 ) ;
#1390 = PRESENTATION_LAYER_ASSIGNMENT (  '', '', ( #3084 ) ) ;
#1391 = ORIENTED_EDGE ( 'NONE', *, *, #1188, .T. ) ;
#1392 = DIRECTION ( 'NONE',  ( 0.000000000000000000, 0.000000000000000000, 1.000000000000000000 ) ) ;
#1393 = SURFACE_STYLE_FILL_AREA ( #3438 ) ;
#1394 = FILL_AREA_STYLE ('',( #1658 ) ) ;
#1395 = VERTEX_POINT ( 'NONE', #3026 ) ;
#1396 = FILL_AREA_STYLE_COLOUR ( '', #3138 ) ;
#1397 = EDGE_CURVE ( 'NONE', #1321, #3276, #1298, .T. ) ;
#1398 = ORIENTED_EDGE ( 'NONE', *, *, #3786, .T. ) ;
#1399 = DIRECTION ( 'NONE',  ( 0.000000000000000000, 0.000000000000000000, -1.000000000000000000 ) ) ;
#1400 = ORIENTED_EDGE ( 'NONE', *, *, #138, .T. ) ;
#1401 = STYLED_ITEM ( 'NONE', ( #576 ), #150 ) ;
#1402 = COLOUR_RGB ( '',0.8470588235294117530, 0.8431372549019607865, 0.8470588235294117530 ) ;
#1403 = FACE_OUTER_BOUND ( 'NONE', #2116, .T. ) ;
#1404 = EDGE_CURVE ( 'NONE', #843, #868, #1849, .T. ) ;
#1405 = ORIENTED_EDGE ( 'NONE', *, *, #3058, .T. ) ;
#1406 = EDGE_CURVE ( 'NONE', #1898, #3511, #395, .T. ) ;
#1407 = CARTESIAN_POINT ( 'NONE',  ( -4.349999999999999645, 4.450000000000000178, -2.200000000000000178 ) ) ;
#1408 = CARTESIAN_POINT ( 'NONE',  ( -3.949999999999999734, -2.499999999999999556, 0.000000000000000000 ) ) ;
#1409 = CARTESIAN_POINT ( 'NONE',  ( -2.599999999999999645, -1.084202172485504434E-16, -2.200000000000000178 ) ) ;
#1410 = ORIENTED_EDGE ( 'NONE', *, *, #3653, .T. ) ;
#1411 =( LENGTH_UNIT ( ) NAMED_UNIT ( * ) SI_UNIT ( .MILLI., .METRE. ) );
#1412 = DIRECTION ( 'NONE',  ( -9.637352644315614471E-16, 1.000000000000000000, 0.000000000000000000 ) ) ;
#1413 = VECTOR ( 'NONE', #1667, 1000.000000000000000 ) ;
#1414 = DIRECTION ( 'NONE',  ( -0.000000000000000000, -0.000000000000000000, -1.000000000000000000 ) ) ;
#1415 = CARTESIAN_POINT ( 'NONE',  ( -2.349999999999999201, 0.2500000000000000555, 1.112249899919919072 ) ) ;
#1416 = FILL_AREA_STYLE ('',( #2299 ) ) ;
#1417 = ORIENTED_EDGE ( 'NONE', *, *, #2213, .T. ) ;
#1418 = ORIENTED_EDGE ( 'NONE', *, *, #569, .F. ) ;
#1419 = SURFACE_STYLE_FILL_AREA ( #2249 ) ;
#1420 = ADVANCED_FACE ( 'NONE', ( #352, #1535, #3673, #2156 ), #2701, .F. ) ;
#1421 = COLOUR_RGB ( '',0.8470588235294117530, 0.8431372549019607865, 0.8470588235294117530 ) ;
#1422 = VERTEX_POINT ( 'NONE', #2767 ) ;
#1423 = EDGE_CURVE ( 'NONE', #2263, #2852, #104, .T. ) ;
#1424 = LINE ( 'NONE', #521, #441 ) ;
#1425 = UNCERTAINTY_MEASURE_WITH_UNIT (LENGTH_MEASURE( 1.000000000000000082E-05 ), #1342, 'distance_accuracy_value', 'NONE');
#1426 = DIRECTION ( 'NONE',  ( -0.000000000000000000, -1.000000000000000000, -0.000000000000000000 ) ) ;
#1427 = CARTESIAN_POINT ( 'NONE',  ( -3.349999999999999645, 0.6999999999999991784, 2.200000000000000178 ) ) ;
#1428 = ORIENTED_EDGE ( 'NONE', *, *, #472, .F. ) ;
#1429 = CARTESIAN_POINT ( 'NONE',  ( 2.000000000000000000, 1.407106781186548528, -4.714890176717308529E-16 ) ) ;
#1430 = FILL_AREA_STYLE_COLOUR ( '', #2365 ) ;
#1431 = CARTESIAN_POINT ( 'NONE',  ( 3.949999999999999734, 3.826133144475920567, 2.427407932011331759 ) ) ;
#1432 = DIRECTION ( 'NONE',  ( 0.000000000000000000, 1.000000000000000000, 0.000000000000000000 ) ) ;
#1433 = MECHANICAL_DESIGN_GEOMETRIC_PRESENTATION_REPRESENTATION (  '', ( #1074 ), #84 ) ;
#1434 =( LENGTH_UNIT ( ) NAMED_UNIT ( * ) SI_UNIT ( .MILLI., .METRE. ) );
#1435 = PLANE ( 'NONE',  #2977 ) ;
#1436 = ORIENTED_EDGE ( 'NONE', *, *, #3357, .F. ) ;
#1437 = CIRCLE ( 'NONE', #2111, 0.3999999999999999667 ) ;
#1438 = COLOUR_RGB ( '',0.8470588235294117530, 0.8431372549019607865, 0.8470588235294117530 ) ;
#1439 = EDGE_CURVE ( 'NONE', #854, #142, #3274, .T. ) ;
#1440 = STYLED_ITEM ( 'NONE', ( #308 ), #3172 ) ;
#1441 = FILL_AREA_STYLE ('',( #557 ) ) ;
#1442 = EDGE_CURVE ( 'NONE', #1898, #1179, #3089, .T. ) ;
#1443 = PRESENTATION_STYLE_ASSIGNMENT (( #3797 ) ) ;
#1444 =( GEOMETRIC_REPRESENTATION_CONTEXT ( 3 ) GLOBAL_UNCERTAINTY_ASSIGNED_CONTEXT ( ( #3188 ) ) GLOBAL_UNIT_ASSIGNED_CONTEXT ( ( #2133, #684, #3022 ) ) REPRESENTATION_CONTEXT ( 'NONE', 'WORKASPACE' ) );
#1445 = PRESENTATION_STYLE_ASSIGNMENT (( #503 ) ) ;
#1446 = SURFACE_STYLE_USAGE ( .BOTH. , #267 ) ;
#1447 = DIRECTION ( 'NONE',  ( -0.000000000000000000, -0.000000000000000000, 1.000000000000000000 ) ) ;
#1448 = VERTEX_POINT ( 'NONE', #1590 ) ;
#1449 = COLOUR_RGB ( '',0.2509803921568627416, 0.2509803921568627416, 0.2509803921568627416 ) ;
#1450 = DIRECTION ( 'NONE',  ( 0.000000000000000000, -0.000000000000000000, 1.000000000000000000 ) ) ;
#1451 =( NAMED_UNIT ( * ) SI_UNIT ( $, .STERADIAN. ) SOLID_ANGLE_UNIT ( ) );
#1452 = DIRECTION ( 'NONE',  ( 0.000000000000000000, 0.9408874118687269306, -0.3387194682727414086 ) ) ;
#1453 = MECHANICAL_DESIGN_GEOMETRIC_PRESENTATION_REPRESENTATION (  '', ( #2127 ), #3671 ) ;
#1454 = DIRECTION ( 'NONE',  ( 1.000000000000000000, -4.989666635317766880E-20, 0.000000000000000000 ) ) ;
#1455 = SURFACE_STYLE_FILL_AREA ( #1477 ) ;
#1456 = PRESENTATION_STYLE_ASSIGNMENT (( #3630 ) ) ;
#1457 = FACE_OUTER_BOUND ( 'NONE', #2863, .T. ) ;
#1458 = CARTESIAN_POINT ( 'NONE',  ( -3.949999999999999734, -3.551475717527321860E-16, -0.7999999999999997113 ) ) ;
#1459 = ORIENTED_EDGE ( 'NONE', *, *, #812, .T. ) ;
#1460 = VERTEX_POINT ( 'NONE', #466 ) ;
#1461 = VECTOR ( 'NONE', #3517, 1000.000000000000000 ) ;
#1462 =( NAMED_UNIT ( * ) PLANE_ANGLE_UNIT ( ) SI_UNIT ( $, .RADIAN. ) );
#1463 = ADVANCED_FACE ( 'NONE', ( #3502 ), #2876, .T. ) ;
#1464 = VERTEX_POINT ( 'NONE', #2549 ) ;
#1465 = SURFACE_STYLE_USAGE ( .BOTH. , #856 ) ;
#1466 = DIRECTION ( 'NONE',  ( 0.000000000000000000, 0.000000000000000000, -1.000000000000000000 ) ) ;
#1467 = FILL_AREA_STYLE_COLOUR ( '', #1402 ) ;
#1468 = CARTESIAN_POINT ( 'NONE',  ( 4.349999999999999645, -1.250000000000000222, 0.5999999999999998668 ) ) ;
#1469 = ORIENTED_EDGE ( 'NONE', *, *, #2362, .F. ) ;
#1470 = CARTESIAN_POINT ( 'NONE',  ( -3.349999999999999645, 0.2500000000000000000, 1.112249899919919072 ) ) ;
#1471 = ORIENTED_EDGE ( 'NONE', *, *, #641, .T. ) ;
#1472 = PRESENTATION_STYLE_ASSIGNMENT (( #2590 ) ) ;
#1473 = ORIENTED_EDGE ( 'NONE', *, *, #1120, .T. ) ;
#1474 = CARTESIAN_POINT ( 'NONE',  ( 2.000000000000000000, -2.600000000000000089, -4.561809326823889594E-16 ) ) ;
#1475 = DIRECTION ( 'NONE',  ( -0.000000000000000000, -0.000000000000000000, -1.000000000000000000 ) ) ;
#1476 = VECTOR ( 'NONE', #1851, 1000.000000000000000 ) ;
#1477 = FILL_AREA_STYLE ('',( #1797 ) ) ;
#1478 = CARTESIAN_POINT ( 'NONE',  ( -2.349999999999999201, 0.2229852138238123116, 1.133879039099079833 ) ) ;
#1479 = SURFACE_SIDE_STYLE ('',( #2068 ) ) ;
#1480 = ORIENTED_EDGE ( 'NONE', *, *, #921, .F. ) ;
#1481 = ORIENTED_EDGE ( 'NONE', *, *, #1259, .F. ) ;
#1482 = LINE ( 'NONE', #1191, #393 ) ;
#1483 = STYLED_ITEM ( 'NONE', ( #3053 ), #198 ) ;
#1484 = DIRECTION ( 'NONE',  ( -0.000000000000000000, -0.000000000000000000, -1.000000000000000000 ) ) ;
#1485 =( LENGTH_UNIT ( ) NAMED_UNIT ( * ) SI_UNIT ( .MILLI., .METRE. ) );
#1486 = AXIS2_PLACEMENT_3D ( 'NONE', #1979, #3157, #1083 ) ;
#1487 = LINE ( 'NONE', #2664, #1997 ) ;
#1488 =( NAMED_UNIT ( * ) SI_UNIT ( $, .STERADIAN. ) SOLID_ANGLE_UNIT ( ) );
#1489 = DIRECTION ( 'NONE',  ( -1.000000000000000000, -0.000000000000000000, 0.000000000000000000 ) ) ;
#1490 = ORIENTED_EDGE ( 'NONE', *, *, #2126, .F. ) ;
#1491 = ADVANCED_FACE ( 'NONE', ( #740 ), #3179, .T. ) ;
#1492 = ORIENTED_EDGE ( 'NONE', *, *, #1716, .F. ) ;
#1493 = CARTESIAN_POINT ( 'NONE',  ( 4.349999999999999645, 4.450000000000000178, 2.200000000000000178 ) ) ;
#1494 = AXIS2_PLACEMENT_3D ( 'NONE', #1100, #1798, #2706 ) ;
#1495 =( GEOMETRIC_REPRESENTATION_CONTEXT ( 3 ) GLOBAL_UNCERTAINTY_ASSIGNED_CONTEXT ( ( #3374 ) ) GLOBAL_UNIT_ASSIGNED_CONTEXT ( ( #1485, #1278, #1235 ) ) REPRESENTATION_CONTEXT ( 'NONE', 'WORKASPACE' ) );
#1496 = EDGE_CURVE ( 'NONE', #3156, #2550, #446, .T. ) ;
#1497 = DIRECTION ( 'NONE',  ( 1.000000000000000000, -0.000000000000000000, -0.000000000000000000 ) ) ;
#1498 = CARTESIAN_POINT ( 'NONE',  ( -4.349999999999999645, 3.826133144475921899, -2.427407932011330871 ) ) ;
#1499 =( NAMED_UNIT ( * ) PLANE_ANGLE_UNIT ( ) SI_UNIT ( $, .RADIAN. ) );
#1500 = ORIENTED_EDGE ( 'NONE', *, *, #2431, .T. ) ;
#1501 = MECHANICAL_DESIGN_GEOMETRIC_PRESENTATION_REPRESENTATION (  '', ( #763 ), #2107 ) ;
#1502 = ORIENTED_EDGE ( 'NONE', *, *, #2341, .T. ) ;
#1503 = CARTESIAN_POINT ( 'NONE',  ( 2.530712870755707833, -1.067261513540418057E-16, 1.199999999999999512 ) ) ;
#1504 = VECTOR ( 'NONE', #70, 1000.000000000000000 ) ;
#1505 = UNCERTAINTY_MEASURE_WITH_UNIT (LENGTH_MEASURE( 1.000000000000000082E-05 ), #1616, 'distance_accuracy_value', 'NONE');
#1506 =( LENGTH_UNIT ( ) NAMED_UNIT ( * ) SI_UNIT ( .MILLI., .METRE. ) );
#1507 = CARTESIAN_POINT ( 'NONE',  ( 4.764213562373102562, 1.550000000000000266, 1.935786437626956902 ) ) ;
#1508 = AXIS2_PLACEMENT_3D ( 'NONE', #3491, #226, #2259 ) ;
#1509 = ORIENTED_EDGE ( 'NONE', *, *, #959, .F. ) ;
#1510 = AXIS2_PLACEMENT_3D ( 'NONE', #2574, #2884, #1702 ) ;
#1511 = DIRECTION ( 'NONE',  ( 0.000000000000000000, 0.000000000000000000, 1.000000000000000000 ) ) ;
#1512 = FILL_AREA_STYLE_COLOUR ( '', #2297 ) ;
#1513 = DIRECTION ( 'NONE',  ( -0.000000000000000000, 0.000000000000000000, -1.000000000000000000 ) ) ;
#1514 = DIRECTION ( 'NONE',  ( 0.000000000000000000, 0.000000000000000000, 1.000000000000000000 ) ) ;
#1515 = VECTOR ( 'NONE', #2097, 1000.000000000000000 ) ;
#1516 = ORIENTED_EDGE ( 'NONE', *, *, #760, .T. ) ;
#1517 = EDGE_CURVE ( 'NONE', #3096, #1386, #3461, .T. ) ;
#1518 =( NAMED_UNIT ( * ) PLANE_ANGLE_UNIT ( ) SI_UNIT ( $, .RADIAN. ) );
#1519 = FILL_AREA_STYLE ('',( #334 ) ) ;
#1520 = FILL_AREA_STYLE_COLOUR ( '', #2859 ) ;
#1521 = LINE ( 'NONE', #651, #3018 ) ;
#1522 = LINE ( 'NONE', #2105, #1234 ) ;
#1523 = ORIENTED_EDGE ( 'NONE', *, *, #2637, .T. ) ;
#1524 = VERTEX_POINT ( 'NONE', #159 ) ;
#1525 = CIRCLE ( 'NONE', #3730, 0.2500000000000002220 ) ;
#1526 = CARTESIAN_POINT ( 'NONE',  ( -4.099999999999999645, 4.700000000000000178, -1.950000000000000178 ) ) ;
#1527 = DIRECTION ( 'NONE',  ( -1.000000000000000000, -0.000000000000000000, -0.000000000000000000 ) ) ;
#1528 = SURFACE_STYLE_USAGE ( .BOTH. , #939 ) ;
#1529 = EDGE_LOOP ( 'NONE', ( #654, #2668, #282, #1092 ) ) ;
#1530 = DIRECTION ( 'NONE',  ( 2.065146995210484202E-16, -1.000000000000000000, -0.000000000000000000 ) ) ;
#1531 = CARTESIAN_POINT ( 'NONE',  ( -3.949999999999999734, 3.826133144475920567, 2.427407932011331759 ) ) ;
#1532 = VECTOR ( 'NONE', #3273, 1000.000000000000000 ) ;
#1533 = ORIENTED_EDGE ( 'NONE', *, *, #1397, .T. ) ;
#1534 = EDGE_LOOP ( 'NONE', ( #2480, #54, #3178, #1250 ) ) ;
#1535 = FACE_BOUND ( 'NONE', #2005, .T. ) ;
#1536 = FACE_OUTER_BOUND ( 'NONE', #3779, .T. ) ;
#1537 = CARTESIAN_POINT ( 'NONE',  ( 4.349999999999999645, -9.629649721936179265E-32, -0.3999999999999997446 ) ) ;
#1538 = PRESENTATION_STYLE_ASSIGNMENT (( #1592 ) ) ;
#1539 = ORIENTED_EDGE ( 'NONE', *, *, #736, .T. ) ;
#1540 = ORIENTED_EDGE ( 'NONE', *, *, #3544, .T. ) ;
#1541 = EDGE_CURVE ( 'NONE', #2197, #2727, #783, .T. ) ;
#1542 = CARTESIAN_POINT ( 'NONE',  ( 0.000000000000000000, 1.349999999999999645, -2.000000000000000000 ) ) ;
#1543 = AXIS2_PLACEMENT_3D ( 'NONE', #2158, #2404, #2141 ) ;
#1544 =( NAMED_UNIT ( * ) SI_UNIT ( $, .STERADIAN. ) SOLID_ANGLE_UNIT ( ) );
#1545 = FILL_AREA_STYLE ('',( #363 ) ) ;
#1546 = CARTESIAN_POINT ( 'NONE',  ( -4.099999999999999645, 4.700000000000000178, 1.950000000000000178 ) ) ;
#1547 = CARTESIAN_POINT ( 'NONE',  ( 0.000000000000000000, -2.349999999999999645, 1.408343819019456275E-16 ) ) ;
#1548 = ADVANCED_FACE ( 'NONE', ( #1661 ), #350, .F. ) ;
#1549 = ORIENTED_EDGE ( 'NONE', *, *, #3492, .T. ) ;
#1550 = AXIS2_PLACEMENT_3D ( 'NONE', #58, #2410, #2114 ) ;
#1551 = DIRECTION ( 'NONE',  ( 0.000000000000000000, 0.000000000000000000, -1.000000000000000000 ) ) ;
#1552 = CARTESIAN_POINT ( 'NONE',  ( -1.000000000000000000, 1.550000000000000266, 7.700000000000005507 ) ) ;
#1553 = FILL_AREA_STYLE ('',( #2437 ) ) ;
#1554 = ORIENTED_EDGE ( 'NONE', *, *, #1940, .F. ) ;
#1555 = ORIENTED_EDGE ( 'NONE', *, *, #1242, .F. ) ;
#1556 = MECHANICAL_DESIGN_GEOMETRIC_PRESENTATION_REPRESENTATION (  '', ( #510 ), #1124 ) ;
#1557 = MECHANICAL_DESIGN_GEOMETRIC_PRESENTATION_REPRESENTATION (  '', ( #955 ), #384 ) ;
#1558 = CARTESIAN_POINT ( 'NONE',  ( -2.349999999999999201, 0.2500000000000000555, -1.112249899919919516 ) ) ;
#1559 = EDGE_CURVE ( 'NONE', #1378, #1957, #277, .T. ) ;
#1560 = SURFACE_SIDE_STYLE ('',( #2735 ) ) ;
#1561 = DIRECTION ( 'NONE',  ( -1.000000000000000000, 0.000000000000000000, 0.000000000000000000 ) ) ;
#1562 = DIRECTION ( 'NONE',  ( 1.000000000000000000, 0.000000000000000000, 1.224646799147353207E-16 ) ) ;
#1563 = EDGE_CURVE ( 'NONE', #3368, #1791, #2395, .T. ) ;
#1564 = SURFACE_STYLE_FILL_AREA ( #638 ) ;
#1565 = CIRCLE ( 'NONE', #1132, 0.2500000000000003886 ) ;
#1566 = CARTESIAN_POINT ( 'NONE',  ( -2.349999999999999645, 1.349999999999999645, 2.000000000000000000 ) ) ;
#1567 =( GEOMETRIC_REPRESENTATION_CONTEXT ( 3 ) GLOBAL_UNCERTAINTY_ASSIGNED_CONTEXT ( ( #1943 ) ) GLOBAL_UNIT_ASSIGNED_CONTEXT ( ( #1868, #3086, #3408 ) ) REPRESENTATION_CONTEXT ( 'NONE', 'WORKASPACE' ) );
#1568 = DIRECTION ( 'NONE',  ( 0.000000000000000000, 0.000000000000000000, 1.000000000000000000 ) ) ;
#1569 = COLOUR_RGB ( '',0.8470588235294117530, 0.8431372549019607865, 0.8470588235294117530 ) ;
#1570 = ORIENTED_EDGE ( 'NONE', *, *, #2019, .F. ) ;
#1571 = MECHANICAL_DESIGN_GEOMETRIC_PRESENTATION_REPRESENTATION (  '', ( #2301 ), #1270 ) ;
#1572 = VECTOR ( 'NONE', #3577, 1000.000000000000000 ) ;
#1573 = SURFACE_STYLE_FILL_AREA ( #2443 ) ;
#1574 = LINE ( 'NONE', #3631, #2498 ) ;
#1575 = DIRECTION ( 'NONE',  ( 0.000000000000000000, 0.000000000000000000, 1.000000000000000000 ) ) ;
#1576 = ORIENTED_EDGE ( 'NONE', *, *, #408, .F. ) ;
#1577 = CARTESIAN_POINT ( 'NONE',  ( -2.599999999999999645, -1.084202172485504434E-16, -1.199999999999999734 ) ) ;
#1578 = DIRECTION ( 'NONE',  ( -1.000000000000000000, -0.000000000000000000, -0.000000000000000000 ) ) ;
#1579 = FILL_AREA_STYLE ('',( #1329 ) ) ;
#1580 = ORIENTED_EDGE ( 'NONE', *, *, #3859, .F. ) ;
#1581 =( NAMED_UNIT ( * ) PLANE_ANGLE_UNIT ( ) SI_UNIT ( $, .RADIAN. ) );
#1582 = LINE ( 'NONE', #1825, #3443 ) ;
#1583 = FILL_AREA_STYLE_COLOUR ( '', #2763 ) ;
#1584 = VECTOR ( 'NONE', #3809, 1000.000000000000000 ) ;
#1585 = DIRECTION ( 'NONE',  ( 0.000000000000000000, -0.3387194682727414086, -0.9408874118687269306 ) ) ;
#1586 = COLOUR_RGB ( '',0.8470588235294117530, 0.8431372549019607865, 0.8470588235294117530 ) ;
#1587 = UNCERTAINTY_MEASURE_WITH_UNIT (LENGTH_MEASURE( 1.000000000000000082E-05 ), #1692, 'distance_accuracy_value', 'NONE');
#1588 = UNCERTAINTY_MEASURE_WITH_UNIT (LENGTH_MEASURE( 1.000000000000000082E-05 ), #502, 'distance_accuracy_value', 'NONE');
#1589 = ORIENTED_EDGE ( 'NONE', *, *, #2146, .T. ) ;
#1590 = CARTESIAN_POINT ( 'NONE',  ( -3.949999999999999734, -9.852396348986294787E-16, 1.199999999999999734 ) ) ;
#1591 = PRESENTATION_STYLE_ASSIGNMENT (( #412 ) ) ;
#1592 = SURFACE_STYLE_USAGE ( .BOTH. , #3029 ) ;
#1593 = VERTEX_POINT ( 'NONE', #3618 ) ;
#1594 = SURFACE_STYLE_USAGE ( .BOTH. , #2520 ) ;
#1595 = DIRECTION ( 'NONE',  ( -0.000000000000000000, -0.000000000000000000, -1.000000000000000000 ) ) ;
#1596 = CARTESIAN_POINT ( 'NONE',  ( 2.168404344971009854E-16, 3.550000000000000266, 1.999999999999999556 ) ) ;
#1597 =( NAMED_UNIT ( * ) PLANE_ANGLE_UNIT ( ) SI_UNIT ( $, .RADIAN. ) );
#1598 = VERTEX_POINT ( 'NONE', #943 ) ;
#1599 = VECTOR ( 'NONE', #2551, 1000.000000000000000 ) ;
#1600 =( NAMED_UNIT ( * ) SI_UNIT ( $, .STERADIAN. ) SOLID_ANGLE_UNIT ( ) );
#1601 = DIRECTION ( 'NONE',  ( -0.000000000000000000, -0.000000000000000000, 1.000000000000000000 ) ) ;
#1602 = ORIENTED_EDGE ( 'NONE', *, *, #2712, .F. ) ;
#1603 = SURFACE_SIDE_STYLE ('',( #759 ) ) ;
#1604 = EDGE_CURVE ( 'NONE', #1187, #925, #2696, .T. ) ;
#1605 = ORIENTED_EDGE ( 'NONE', *, *, #2627, .T. ) ;
#1606 = SURFACE_STYLE_FILL_AREA ( #3105 ) ;
#1607 = CIRCLE ( 'NONE', #3812, 0.3999999999999999667 ) ;
#1608 =( NAMED_UNIT ( * ) SI_UNIT ( $, .STERADIAN. ) SOLID_ANGLE_UNIT ( ) );
#1609 = CARTESIAN_POINT ( 'NONE',  ( 3.949999999999999734, -5.510910596163085611E-16, 0.7999999999999997113 ) ) ;
#1610 = ORIENTED_EDGE ( 'NONE', *, *, #1653, .T. ) ;
#1611 = EDGE_CURVE ( 'NONE', #3347, #2053, #3060, .T. ) ;
#1612 = CARTESIAN_POINT ( 'NONE',  ( -3.349999999999999645, 0.7000000000000000666, -2.200000000000000178 ) ) ;
#1613 = FILL_AREA_STYLE ('',( #111 ) ) ;
#1614 = COLOUR_RGB ( '',0.2509803921568627416, 0.2509803921568627416, 0.2509803921568627416 ) ;
#1615 = CARTESIAN_POINT ( 'NONE',  ( 3.350000000000000533, 0.3999999999999996336, -0.7999999999999997113 ) ) ;
#1616 =( LENGTH_UNIT ( ) NAMED_UNIT ( * ) SI_UNIT ( .MILLI., .METRE. ) );
#1617 = PRESENTATION_LAYER_ASSIGNMENT (  '', '', ( #2218 ) ) ;
#1618 = STYLED_ITEM ( 'NONE', ( #3749 ), #2317 ) ;
#1619 = SURFACE_STYLE_FILL_AREA ( #128 ) ;
#1620 = DIRECTION ( 'NONE',  ( 0.000000000000000000, 1.000000000000000000, -0.000000000000000000 ) ) ;
#1621 = MECHANICAL_DESIGN_GEOMETRIC_PRESENTATION_REPRESENTATION (  '', ( #2227 ), #1803 ) ;
#1622 = CARTESIAN_POINT ( 'NONE',  ( 6.505213034913027590E-16, 1.550000000000000266, 2.000000000000000000 ) ) ;
#1623 = SURFACE_SIDE_STYLE ('',( #799 ) ) ;
#1624 = DIRECTION ( 'NONE',  ( 1.000000000000000000, -0.000000000000000000, 0.000000000000000000 ) ) ;
#1625 = STYLED_ITEM ( 'NONE', ( #2853 ), #1463 ) ;
#1626 = COLOUR_RGB ( '',0.8470588235294117530, 0.8431372549019607865, 0.8470588235294117530 ) ;
#1627 = CARTESIAN_POINT ( 'NONE',  ( 3.949999999999999734, -2.499999999999999556, 0.000000000000000000 ) ) ;
#1628 = EDGE_LOOP ( 'NONE', ( #3167, #1780, #1123, #476 ) ) ;
#1629 = VECTOR ( 'NONE', #1454, 1000.000000000000000 ) ;
#1630 =( GEOMETRIC_REPRESENTATION_CONTEXT ( 3 ) GLOBAL_UNCERTAINTY_ASSIGNED_CONTEXT ( ( #479 ) ) GLOBAL_UNIT_ASSIGNED_CONTEXT ( ( #3647, #923, #3373 ) ) REPRESENTATION_CONTEXT ( 'NONE', 'WORKASPACE' ) );
#1631 = EDGE_CURVE ( 'NONE', #2839, #2695, #2176, .T. ) ;
#1632 = EDGE_LOOP ( 'NONE', ( #19, #3677, #645, #1267 ) ) ;
#1633 =( GEOMETRIC_REPRESENTATION_CONTEXT ( 3 ) GLOBAL_UNCERTAINTY_ASSIGNED_CONTEXT ( ( #2577 ) ) GLOBAL_UNIT_ASSIGNED_CONTEXT ( ( #3778, #2814, #445 ) ) REPRESENTATION_CONTEXT ( 'NONE', 'WORKASPACE' ) );
#1634 = DIRECTION ( 'NONE',  ( -9.795786256852418525E-32, 1.016439536705160777E-16, -1.000000000000000000 ) ) ;
#1635 = PRESENTATION_LAYER_ASSIGNMENT (  '', '', ( #3524 ) ) ;
#1636 = PRESENTATION_STYLE_ASSIGNMENT (( #1097 ) ) ;
#1637 = VERTEX_POINT ( 'NONE', #1241 ) ;
#1638 = COLOUR_RGB ( '',0.8470588235294117530, 0.8431372549019607865, 0.8470588235294117530 ) ;
#1639 = EDGE_CURVE ( 'NONE', #868, #3425, #961, .T. ) ;
#1640 = SURFACE_STYLE_FILL_AREA ( #3420 ) ;
#1641 = AXIS2_PLACEMENT_3D ( 'NONE', #3783, #3483, #2335 ) ;
#1642 = LINE ( 'NONE', #1070, #211 ) ;
#1643 = FILL_AREA_STYLE ('',( #1396 ) ) ;
#1644 = ORIENTED_EDGE ( 'NONE', *, *, #785, .T. ) ;
#1645 = PRESENTATION_LAYER_ASSIGNMENT (  '', '', ( #981 ) ) ;
#1646 =( LENGTH_UNIT ( ) NAMED_UNIT ( * ) SI_UNIT ( .MILLI., .METRE. ) );
#1647 = ORIENTED_EDGE ( 'NONE', *, *, #3498, .T. ) ;
#1648 = LINE ( 'NONE', #1005, #3256 ) ;
#1649 = FILL_AREA_STYLE ('',( #2487 ) ) ;
#1650 = DIRECTION ( 'NONE',  ( -9.637352644315614471E-16, 1.000000000000000000, 0.000000000000000000 ) ) ;
#1651 = DIRECTION ( 'NONE',  ( 0.000000000000000000, 0.000000000000000000, -1.000000000000000000 ) ) ;
#1652 = VECTOR ( 'NONE', #2968, 1000.000000000000000 ) ;
#1653 = EDGE_CURVE ( 'NONE', #447, #907, #2123, .T. ) ;
#1654 = COLOUR_RGB ( '',0.8470588235294117530, 0.8431372549019607865, 0.8470588235294117530 ) ;
#1655 = PLANE ( 'NONE',  #202 ) ;
#1656 = CARTESIAN_POINT ( 'NONE',  ( 3.949999999999999734, 0.7000000000000000666, 2.200000000000000178 ) ) ;
#1657 = ORIENTED_EDGE ( 'NONE', *, *, #1653, .F. ) ;
#1658 = FILL_AREA_STYLE_COLOUR ( '', #2608 ) ;
#1659 = VECTOR ( 'NONE', #3432, 1000.000000000000000 ) ;
#1660 = ORIENTED_EDGE ( 'NONE', *, *, #506, .T. ) ;
#1661 = FACE_OUTER_BOUND ( 'NONE', #2652, .T. ) ;
#1662 = EDGE_LOOP ( 'NONE', ( #972, #1400, #914, #2866, #3088, #3667, #3740, #2329, #3761, #3854, #2771, #296 ) ) ;
#1663 = FILL_AREA_STYLE ('',( #3127 ) ) ;
#1664 = CARTESIAN_POINT ( 'NONE',  ( -3.949999999999999734, -1.250000000000000666, -0.6000000000000000888 ) ) ;
#1665 = ORIENTED_EDGE ( 'NONE', *, *, #1166, .T. ) ;
#1666 = DIRECTION ( 'NONE',  ( 0.7071067811865507924, -0.000000000000000000, -0.7071067811865441310 ) ) ;
#1667 = DIRECTION ( 'NONE',  ( 1.000000000000000000, 2.090028284309406735E-16, 0.000000000000000000 ) ) ;
#1668 = ORIENTED_EDGE ( 'NONE', *, *, #3572, .T. ) ;
#1669 = UNCERTAINTY_MEASURE_WITH_UNIT (LENGTH_MEASURE( 1.000000000000000082E-05 ), #2414, 'distance_accuracy_value', 'NONE');
#1670 = UNCERTAINTY_MEASURE_WITH_UNIT (LENGTH_MEASURE( 1.000000000000000082E-05 ), #2540, 'distance_accuracy_value', 'NONE');
#1671 = CARTESIAN_POINT ( 'NONE',  ( -2.349999999999999645, 0.6999999999999992895, -2.000000000000000000 ) ) ;
#1672 = ADVANCED_FACE ( 'NONE', ( #1261, #3668 ), #3372, .T. ) ;
#1673 = COLOUR_RGB ( '',0.2509803921568627416, 0.2509803921568627416, 0.2509803921568627416 ) ;
#1674 = COLOUR_RGB ( '',0.2509803921568627416, 0.2509803921568627416, 0.2509803921568627416 ) ;
#1675 = DIRECTION ( 'NONE',  ( -1.000000000000000000, 0.000000000000000000, 0.000000000000000000 ) ) ;
#1676 = DIRECTION ( 'NONE',  ( -2.168404344971008868E-16, 1.000000000000000000, 0.000000000000000000 ) ) ;
#1677 = ADVANCED_FACE ( 'NONE', ( #2167 ), #2849, .T. ) ;
#1678 = ORIENTED_EDGE ( 'NONE', *, *, #305, .T. ) ;
#1679 =( NAMED_UNIT ( * ) SI_UNIT ( $, .STERADIAN. ) SOLID_ANGLE_UNIT ( ) );
#1680 = ORIENTED_EDGE ( 'NONE', *, *, #2878, .F. ) ;
#1681 = CARTESIAN_POINT ( 'NONE',  ( 3.949999999999999734, -9.629649721936179265E-32, -0.3999999999999997446 ) ) ;
#1682 = ORIENTED_EDGE ( 'NONE', *, *, #1406, .T. ) ;
#1683 = VECTOR ( 'NONE', #825, 1000.000000000000000 ) ;
#1684 = MECHANICAL_DESIGN_GEOMETRIC_PRESENTATION_REPRESENTATION (  '', ( #518 ), #2935 ) ;
#1685 =( NAMED_UNIT ( * ) PLANE_ANGLE_UNIT ( ) SI_UNIT ( $, .RADIAN. ) );
#1686 = VECTOR ( 'NONE', #2361, 1000.000000000000000 ) ;
#1687 = ORIENTED_EDGE ( 'NONE', *, *, #407, .T. ) ;
#1688 = UNCERTAINTY_MEASURE_WITH_UNIT (LENGTH_MEASURE( 1.000000000000000082E-05 ), #3472, 'distance_accuracy_value', 'NONE');
#1689 = CARTESIAN_POINT ( 'NONE',  ( 2.000000000000000000, 0.7000000000000000666, -4.714890176717308529E-16 ) ) ;
#1690 = AXIS2_PLACEMENT_3D ( 'NONE', #2059, #2077, #3556 ) ;
#1691 = VECTOR ( 'NONE', #585, 1000.000000000000000 ) ;
#1692 =( LENGTH_UNIT ( ) NAMED_UNIT ( * ) SI_UNIT ( .MILLI., .METRE. ) );
#1693 = PRESENTATION_LAYER_ASSIGNMENT (  '', '', ( #343 ) ) ;
#1694 = DIRECTION ( 'NONE',  ( -1.000000000000000000, 0.000000000000000000, 0.000000000000000000 ) ) ;
#1695 = FILL_AREA_STYLE ('',( #1726 ) ) ;
#1696 = UNCERTAINTY_MEASURE_WITH_UNIT (LENGTH_MEASURE( 1.000000000000000082E-05 ), #3367, 'distance_accuracy_value', 'NONE');
#1697 = ORIENTED_EDGE ( 'NONE', *, *, #3466, .T. ) ;
#1698 = ORIENTED_EDGE ( 'NONE', *, *, #3447, .F. ) ;
#1699 = CARTESIAN_POINT ( 'NONE',  ( -2.349999999999999645, 1.349999999999999645, -2.000000000000000000 ) ) ;
#1700 = FILL_AREA_STYLE_COLOUR ( '', #3267 ) ;
#1701 =( LENGTH_UNIT ( ) NAMED_UNIT ( * ) SI_UNIT ( .MILLI., .METRE. ) );
#1702 = DIRECTION ( 'NONE',  ( -1.000000000000000000, 0.000000000000000000, 0.000000000000000000 ) ) ;
#1703 = ADVANCED_FACE ( 'NONE', ( #194 ), #737, .F. ) ;
#1704 = DIRECTION ( 'NONE',  ( 0.000000000000000000, -1.000000000000000000, -3.306546357697854719E-16 ) ) ;
#1705 = ORIENTED_EDGE ( 'NONE', *, *, #2183, .T. ) ;
#1706 =( NAMED_UNIT ( * ) SI_UNIT ( $, .STERADIAN. ) SOLID_ANGLE_UNIT ( ) );
#1707 = CARTESIAN_POINT ( 'NONE',  ( -3.099999999999999645, 0.2500000000000000000, -2.200000000000000178 ) ) ;
#1708 = FILL_AREA_STYLE_COLOUR ( '', #3655 ) ;
#1709 = DIRECTION ( 'NONE',  ( 0.000000000000000000, 0.000000000000000000, 1.000000000000000000 ) ) ;
#1710 = CARTESIAN_POINT ( 'NONE',  ( -1.500000000000000000, 4.700000000000000178, 8.200000000000001066 ) ) ;
#1711 = ORIENTED_EDGE ( 'NONE', *, *, #118, .F. ) ;
#1712 = ORIENTED_EDGE ( 'NONE', *, *, #1160, .F. ) ;
#1713 = CARTESIAN_POINT ( 'NONE',  ( 3.349999999999999645, 0.2500000000000000000, -2.200000000000000178 ) ) ;
#1714 = VECTOR ( 'NONE', #2420, 1000.000000000000000 ) ;
#1715 = PRESENTATION_STYLE_ASSIGNMENT (( #1167 ) ) ;
#1716 = EDGE_CURVE ( 'NONE', #218, #3520, #1050, .T. ) ;
#1717 = DIRECTION ( 'NONE',  ( 0.000000000000000000, 0.000000000000000000, -1.000000000000000000 ) ) ;
#1718 = DIRECTION ( 'NONE',  ( 0.000000000000000000, 0.9874406319167053914, 0.1579905011066732035 ) ) ;
#1719 = CARTESIAN_POINT ( 'NONE',  ( -2.599999999999999645, 0.000000000000000000, 2.200000000000000178 ) ) ;
#1720 = FACE_OUTER_BOUND ( 'NONE', #3123, .T. ) ;
#1721 = ORIENTED_EDGE ( 'NONE', *, *, #2193, .F. ) ;
#1722 = PRESENTATION_LAYER_ASSIGNMENT (  '', '', ( #1356 ) ) ;
#1723 = VERTEX_POINT ( 'NONE', #755 ) ;
#1724 = FILL_AREA_STYLE_COLOUR ( '', #2278 ) ;
#1725 = DIRECTION ( 'NONE',  ( -1.000000000000000000, -0.000000000000000000, -0.000000000000000000 ) ) ;
#1726 = FILL_AREA_STYLE_COLOUR ( '', #1438 ) ;
#1727 = DIRECTION ( 'NONE',  ( -0.000000000000000000, -0.000000000000000000, 1.000000000000000000 ) ) ;
#1728 = FILL_AREA_STYLE_COLOUR ( '', #219 ) ;
#1729 = ORIENTED_EDGE ( 'NONE', *, *, #3619, .F. ) ;
#1730 = MECHANICAL_DESIGN_GEOMETRIC_PRESENTATION_REPRESENTATION (  '', ( #3124 ), #2925 ) ;
#1731 =( NAMED_UNIT ( * ) SI_UNIT ( $, .STERADIAN. ) SOLID_ANGLE_UNIT ( ) );
#1732 = VECTOR ( 'NONE', #2150, 999.9999999999998863 ) ;
#1733 = PRESENTATION_STYLE_ASSIGNMENT (( #2316 ) ) ;
#1734 = DIRECTION ( 'NONE',  ( -1.000000000000000000, 0.000000000000000000, 0.000000000000000000 ) ) ;
#1735 = LINE ( 'NONE', #1431, #1382 ) ;
#1736 = PRESENTATION_LAYER_ASSIGNMENT (  '', '', ( #3068 ) ) ;
#1737 =( LENGTH_UNIT ( ) NAMED_UNIT ( * ) SI_UNIT ( .MILLI., .METRE. ) );
#1738 = EDGE_CURVE ( 'NONE', #3380, #3262, #3323, .T. ) ;
#1739 = FILL_AREA_STYLE ('',( #1520 ) ) ;
#1740 = SURFACE_STYLE_FILL_AREA ( #2619 ) ;
#1741 = CARTESIAN_POINT ( 'NONE',  ( 0.000000000000000000, -2.349999999999999645, 1.408343819019456275E-16 ) ) ;
#1742 = VECTOR ( 'NONE', #3296, 1000.000000000000000 ) ;
#1743 = VERTEX_POINT ( 'NONE', #777 ) ;
#1744 = MECHANICAL_DESIGN_GEOMETRIC_PRESENTATION_REPRESENTATION (  '', ( #2234 ), #583 ) ;
#1745 = LINE ( 'NONE', #2282, #1584 ) ;
#1746 = SURFACE_STYLE_FILL_AREA ( #2267 ) ;
#1747 = VECTOR ( 'NONE', #2632, 1000.000000000000000 ) ;
#1748 = EDGE_CURVE ( 'NONE', #951, #3109, #3774, .T. ) ;
#1749 = CARTESIAN_POINT ( 'NONE',  ( 4.099999999999999645, 4.450000000000000178, 0.000000000000000000 ) ) ;
#1750 = LINE ( 'NONE', #2957, #588 ) ;
#1751 = ORIENTED_EDGE ( 'NONE', *, *, #1563, .F. ) ;
#1752 = VERTEX_POINT ( 'NONE', #579 ) ;
#1753 = STYLED_ITEM ( 'NONE', ( #1023 ), #525 ) ;
#1754 = CARTESIAN_POINT ( 'NONE',  ( 2.000000000000000000, -2.349999999999999645, -4.714890176717308529E-16 ) ) ;
#1755 = APPLICATION_PROTOCOL_DEFINITION ( 'draft international standard', 'automotive_design', 1998, #2260 ) ;
#1756 = SURFACE_SIDE_STYLE ('',( #628 ) ) ;
#1757 = LINE ( 'NONE', #2009, #1652 ) ;
#1758 = CARTESIAN_POINT ( 'NONE',  ( 3.349999999999999201, 0.2500000000000000000, 1.112249899919919072 ) ) ;
#1759 = ORIENTED_EDGE ( 'NONE', *, *, #2019, .T. ) ;
#1760 = VERTEX_POINT ( 'NONE', #543 ) ;
#1761 = CARTESIAN_POINT ( 'NONE',  ( 4.349999999999999645, -2.499999999999999556, 0.000000000000000000 ) ) ;
#1762 = DIRECTION ( 'NONE',  ( 1.000000000000000000, -0.000000000000000000, -0.000000000000000000 ) ) ;
#1763 = STYLED_ITEM ( 'NONE', ( #3852 ), #2556 ) ;
#1764 = SPHERICAL_SURFACE ( 'NONE', #1115, 0.2500000000000000000 ) ;
#1765 = FACE_OUTER_BOUND ( 'NONE', #2212, .T. ) ;
#1766 = EDGE_CURVE ( 'NONE', #3247, #3048, #599, .T. ) ;
#1767 = UNCERTAINTY_MEASURE_WITH_UNIT (LENGTH_MEASURE( 1.000000000000000082E-05 ), #971, 'distance_accuracy_value', 'NONE');
#1768 =( NAMED_UNIT ( * ) SI_UNIT ( $, .STERADIAN. ) SOLID_ANGLE_UNIT ( ) );
#1769 = DIRECTION ( 'NONE',  ( -1.000000000000000000, 0.000000000000000000, 0.000000000000000000 ) ) ;
#1770 =( LENGTH_UNIT ( ) NAMED_UNIT ( * ) SI_UNIT ( .MILLI., .METRE. ) );
#1771 = CARTESIAN_POINT ( 'NONE',  ( 2.349999999999999645, -3.551475717527321860E-16, -0.7999999999999997113 ) ) ;
#1772 = DIRECTION ( 'NONE',  ( -0.000000000000000000, -0.000000000000000000, -1.000000000000000000 ) ) ;
#1773 = DIRECTION ( 'NONE',  ( 1.000000000000000000, 0.000000000000000000, 0.000000000000000000 ) ) ;
#1774 =( GEOMETRIC_REPRESENTATION_CONTEXT ( 3 ) GLOBAL_UNCERTAINTY_ASSIGNED_CONTEXT ( ( #614 ) ) GLOBAL_UNIT_ASSIGNED_CONTEXT ( ( #3696, #712, #2784 ) ) REPRESENTATION_CONTEXT ( 'NONE', 'WORKASPACE' ) );
#1775 = LINE ( 'NONE', #1208, #2117 ) ;
#1776 = DIRECTION ( 'NONE',  ( 0.000000000000000000, 0.000000000000000000, 1.000000000000000000 ) ) ;
#1777 = STYLED_ITEM ( 'NONE', ( #732 ), #702 ) ;
#1778 = SURFACE_STYLE_USAGE ( .BOTH. , #1479 ) ;
#1779 = ORIENTED_EDGE ( 'NONE', *, *, #1000, .F. ) ;
#1780 = ORIENTED_EDGE ( 'NONE', *, *, #1, .T. ) ;
#1781 = CARTESIAN_POINT ( 'NONE',  ( 2.000000000000000000, -2.349999999999999645, -4.714890176717308529E-16 ) ) ;
#1782 = SURFACE_STYLE_USAGE ( .BOTH. , #2074 ) ;
#1783 = AXIS2_PLACEMENT_3D ( 'NONE', #1135, #3768, #855 ) ;
#1784 = CARTESIAN_POINT ( 'NONE',  ( 3.349999999999999645, 0.2229852138238121728, -1.133879039099080277 ) ) ;
#1785 = ADVANCED_FACE ( 'NONE', ( #2891 ), #2601, .F. ) ;
#1786 = FILL_AREA_STYLE ('',( #1583 ) ) ;
#1787 = ORIENTED_EDGE ( 'NONE', *, *, #1326, .T. ) ;
#1788 = DIRECTION ( 'NONE',  ( 0.000000000000000000, 0.000000000000000000, 1.000000000000000000 ) ) ;
#1789 = DIRECTION ( 'NONE',  ( 0.000000000000000000, 1.016439536705160777E-16, -1.000000000000000000 ) ) ;
#1790 = LINE ( 'NONE', #3040, #2946 ) ;
#1791 = VERTEX_POINT ( 'NONE', #1118 ) ;
#1792 = ORIENTED_EDGE ( 'NONE', *, *, #1345, .T. ) ;
#1793 = VECTOR ( 'NONE', #2776, 999.9999999999998863 ) ;
#1794 = DIRECTION ( 'NONE',  ( 0.000000000000000000, 1.000000000000000000, 0.000000000000000000 ) ) ;
#1795 = VECTOR ( 'NONE', #29, 1000.000000000000000 ) ;
#1796 = EDGE_CURVE ( 'NONE', #1422, #2633, #1424, .T. ) ;
#1797 = FILL_AREA_STYLE_COLOUR ( '', #3460 ) ;
#1798 = DIRECTION ( 'NONE',  ( -1.000000000000000000, -9.637352644315614471E-16, 0.000000000000000000 ) ) ;
#1799 = CARTESIAN_POINT ( 'NONE',  ( 3.099999999999999645, 0.2500000000000000000, -2.200000000000000178 ) ) ;
#1800 = LINE ( 'NONE', #3379, #1714 ) ;
#1801 = EDGE_LOOP ( 'NONE', ( #185, #2208, #1605, #3012 ) ) ;
#1802 = EDGE_CURVE ( 'NONE', #2039, #3276, #2347, .T. ) ;
#1803 =( GEOMETRIC_REPRESENTATION_CONTEXT ( 3 ) GLOBAL_UNCERTAINTY_ASSIGNED_CONTEXT ( ( #1284 ) ) GLOBAL_UNIT_ASSIGNED_CONTEXT ( ( #2787, #125, #1305 ) ) REPRESENTATION_CONTEXT ( 'NONE', 'WORKASPACE' ) );
#1804 = EDGE_LOOP ( 'NONE', ( #1492, #414, #2921, #469 ) ) ;
#1805 = SURFACE_STYLE_USAGE ( .BOTH. , #2219 ) ;
#1806 = VECTOR ( 'NONE', #1772, 1000.000000000000000 ) ;
#1807 = COLOUR_RGB ( '',0.8470588235294117530, 0.8431372549019607865, 0.8470588235294117530 ) ;
#1808 = VECTOR ( 'NONE', #3816, 1000.000000000000000 ) ;
#1809 = DIRECTION ( 'NONE',  ( 0.000000000000000000, 1.000000000000000000, 0.000000000000000000 ) ) ;
#1810 =( GEOMETRIC_REPRESENTATION_CONTEXT ( 3 ) GLOBAL_UNCERTAINTY_ASSIGNED_CONTEXT ( ( #1670 ) ) GLOBAL_UNIT_ASSIGNED_CONTEXT ( ( #2540, #3534, #2094 ) ) REPRESENTATION_CONTEXT ( 'NONE', 'WORKASPACE' ) );
#1811 = STYLED_ITEM ( 'NONE', ( #591 ), #3364 ) ;
#1812 = DIRECTION ( 'NONE',  ( 0.000000000000000000, 0.000000000000000000, 1.000000000000000000 ) ) ;
#1813 = LINE ( 'NONE', #2720, #3776 ) ;
#1814 =( GEOMETRIC_REPRESENTATION_CONTEXT ( 3 ) GLOBAL_UNCERTAINTY_ASSIGNED_CONTEXT ( ( #3087 ) ) GLOBAL_UNIT_ASSIGNED_CONTEXT ( ( #3457, #464, #3752 ) ) REPRESENTATION_CONTEXT ( 'NONE', 'WORKASPACE' ) );
#1815 = LINE ( 'NONE', #3692, #1197 ) ;
#1816 = AXIS2_PLACEMENT_3D ( 'NONE', #1055, #2800, #1320 ) ;
#1817 = CARTESIAN_POINT ( 'NONE',  ( -3.099999999999999645, 1.880790961315660013E-34, 2.200000000000000178 ) ) ;
#1818 = FILL_AREA_STYLE ('',( #2708 ) ) ;
#1819 = ORIENTED_EDGE ( 'NONE', *, *, #2102, .F. ) ;
#1820 = ORIENTED_EDGE ( 'NONE', *, *, #3447, .T. ) ;
#1821 =( NAMED_UNIT ( * ) PLANE_ANGLE_UNIT ( ) SI_UNIT ( $, .RADIAN. ) );
#1822 = PRESENTATION_STYLE_ASSIGNMENT (( #3345 ) ) ;
#1823 = DIRECTION ( 'NONE',  ( -0.000000000000000000, -0.000000000000000000, -1.000000000000000000 ) ) ;
#1824 = CARTESIAN_POINT ( 'NONE',  ( 0.000000000000000000, 3.550000000000000266, 2.000000000000000000 ) ) ;
#1825 = CARTESIAN_POINT ( 'NONE',  ( -3.949999999999999734, -2.499999999999999556, 0.1499999999999999667 ) ) ;
#1826 = VERTEX_POINT ( 'NONE', #1409 ) ;
#1827 = UNCERTAINTY_MEASURE_WITH_UNIT (LENGTH_MEASURE( 1.000000000000000082E-05 ), #3072, 'distance_accuracy_value', 'NONE');
#1828 = CARTESIAN_POINT ( 'NONE',  ( -3.949999999999999734, -5.510910596163085611E-16, 0.7999999999999997113 ) ) ;
#1829 = CARTESIAN_POINT ( 'NONE',  ( -2.349999999999999645, 0.6999999999999991784, -2.200000000000000178 ) ) ;
#1830 = DIRECTION ( 'NONE',  ( -1.000000000000000000, 0.000000000000000000, 0.000000000000000000 ) ) ;
#1831 = PRESENTATION_LAYER_ASSIGNMENT (  '', '', ( #548 ) ) ;
#1832 =( LENGTH_UNIT ( ) NAMED_UNIT ( * ) SI_UNIT ( .MILLI., .METRE. ) );
#1833 = EDGE_CURVE ( 'NONE', #1760, #1826, #2353, .T. ) ;
#1834 = LINE ( 'NONE', #2726, #2303 ) ;
#1835 = FILL_AREA_STYLE_COLOUR ( '', #3691 ) ;
#1836 = EDGE_LOOP ( 'NONE', ( #3571, #3318, #2595, #3846 ) ) ;
#1837 = LINE ( 'NONE', #2729, #1504 ) ;
#1838 = SURFACE_SIDE_STYLE ('',( #3660 ) ) ;
#1839 = COLOUR_RGB ( '',0.8470588235294117530, 0.8431372549019607865, 0.8470588235294117530 ) ;
#1840 =( LENGTH_UNIT ( ) NAMED_UNIT ( * ) SI_UNIT ( .MILLI., .METRE. ) );
#1841 = SURFACE_STYLE_FILL_AREA ( #1308 ) ;
#1842 = FACE_OUTER_BOUND ( 'NONE', #1836, .T. ) ;
#1843 = DIRECTION ( 'NONE',  ( -1.000000000000000000, 0.000000000000000000, 0.000000000000000000 ) ) ;
#1844 = PRESENTATION_LAYER_ASSIGNMENT (  '', '', ( #621 ) ) ;
#1845 = DIRECTION ( 'NONE',  ( 0.000000000000000000, 1.000000000000000000, 0.000000000000000000 ) ) ;
#1846 = AXIS2_PLACEMENT_3D ( 'NONE', #3860, #2065, #1773 ) ;
#1847 = FACE_OUTER_BOUND ( 'NONE', #2253, .T. ) ;
#1848 = UNCERTAINTY_MEASURE_WITH_UNIT (LENGTH_MEASURE( 1.000000000000000082E-05 ), #200, 'distance_accuracy_value', 'NONE');
#1849 = LINE ( 'NONE', #2440, #265 ) ;
#1850 = DIRECTION ( 'NONE',  ( 0.000000000000000000, -0.000000000000000000, 1.000000000000000000 ) ) ;
#1851 = DIRECTION ( 'NONE',  ( -1.000000000000000000, 0.000000000000000000, 0.000000000000000000 ) ) ;
#1852 =( GEOMETRIC_REPRESENTATION_CONTEXT ( 3 ) GLOBAL_UNCERTAINTY_ASSIGNED_CONTEXT ( ( #1387 ) ) GLOBAL_UNIT_ASSIGNED_CONTEXT ( ( #440, #1962, #1600 ) ) REPRESENTATION_CONTEXT ( 'NONE', 'WORKASPACE' ) );
#1853 = AXIS2_PLACEMENT_3D ( 'NONE', #1368, #175, #3119 ) ;
#1854 = SURFACE_SIDE_STYLE ('',( #3111 ) ) ;
#1855 = AXIS2_PLACEMENT_3D ( 'NONE', #1547, #1562, #2737 ) ;
#1856 = ADVANCED_FACE ( 'NONE', ( #3850 ), #3810, .F. ) ;
#1857 =( NAMED_UNIT ( * ) SI_UNIT ( $, .STERADIAN. ) SOLID_ANGLE_UNIT ( ) );
#1858 = SURFACE_STYLE_USAGE ( .BOTH. , #3184 ) ;
#1859 = PRESENTATION_STYLE_ASSIGNMENT (( #2452 ) ) ;
#1860 = AXIS2_PLACEMENT_3D ( 'NONE', #426, #3143, #1036 ) ;
#1861 = CYLINDRICAL_SURFACE ( 'NONE', #3433, 0.2500000000000000000 ) ;
#1862 = CARTESIAN_POINT ( 'NONE',  ( -4.349999999999999645, -6.245698675651497881E-16, 1.199999999999999734 ) ) ;
#1863 = SURFACE_STYLE_FILL_AREA ( #705 ) ;
#1864 = PRESENTATION_LAYER_ASSIGNMENT (  '', '', ( #21 ) ) ;
#1865 = DIRECTION ( 'NONE',  ( -1.000000000000000000, -0.000000000000000000, -0.000000000000000000 ) ) ;
#1866 = ADVANCED_FACE ( 'NONE', ( #3868 ), #2409, .F. ) ;
#1867 = COLOUR_RGB ( '',0.8470588235294117530, 0.8431372549019607865, 0.8470588235294117530 ) ;
#1868 =( LENGTH_UNIT ( ) NAMED_UNIT ( * ) SI_UNIT ( .MILLI., .METRE. ) );
#1869 = MECHANICAL_DESIGN_GEOMETRIC_PRESENTATION_REPRESENTATION (  '', ( #3581 ), #1134 ) ;
#1870 = FILL_AREA_STYLE ('',( #2742 ) ) ;
#1871 = EDGE_CURVE ( 'NONE', #3468, #3520, #3637, .T. ) ;
#1872 = AXIS2_PLACEMENT_3D ( 'NONE', #824, #3506, #1177 ) ;
#1873 = CARTESIAN_POINT ( 'NONE',  ( 3.099999999999999645, -6.245698675651497881E-16, 1.199999999999999734 ) ) ;
#1874 = MECHANICAL_DESIGN_GEOMETRIC_PRESENTATION_REPRESENTATION (  '', ( #1389 ), #33 ) ;
#1875 = CARTESIAN_POINT ( 'NONE',  ( -5.764213562373092792, 1.550000000000000266, 2.935786437626957124 ) ) ;
#1876 = VERTEX_POINT ( 'NONE', #3305 ) ;
#1877 = CARTESIAN_POINT ( 'NONE',  ( -2.000000000000000000, 0.7000000000000000666, 7.531577814756221078E-16 ) ) ;
#1878 = CARTESIAN_POINT ( 'NONE',  ( 4.349999999999999645, -2.500000000000002665, -0.1499999999999999667 ) ) ;
#1879 = EDGE_LOOP ( 'NONE', ( #2254, #199, #1819, #212 ) ) ;
#1880 = SURFACE_SIDE_STYLE ('',( #1619 ) ) ;
#1881 =( LENGTH_UNIT ( ) NAMED_UNIT ( * ) SI_UNIT ( .MILLI., .METRE. ) );
#1882 = EDGE_CURVE ( 'NONE', #890, #1460, #2112, .T. ) ;
#1883 = EDGE_LOOP ( 'NONE', ( #513, #2922, #122, #3583, #3582, #803, #1687, #1893, #3573, #2130, #2026, #2358 ) ) ;
#1884 = COLOUR_RGB ( '',0.8470588235294117530, 0.8431372549019607865, 0.8470588235294117530 ) ;
#1885 = SURFACE_SIDE_STYLE ('',( #1017 ) ) ;
#1886 = UNCERTAINTY_MEASURE_WITH_UNIT (LENGTH_MEASURE( 1.000000000000000082E-05 ), #734, 'distance_accuracy_value', 'NONE');
#1887 = PRESENTATION_STYLE_ASSIGNMENT (( #1051 ) ) ;
#1888 = PRESENTATION_LAYER_ASSIGNMENT (  '', '', ( #3419 ) ) ;
#1889 = ADVANCED_FACE ( 'NONE', ( #1842 ), #3034, .F. ) ;
#1890 = ORIENTED_EDGE ( 'NONE', *, *, #3077, .F. ) ;
#1891 =( LENGTH_UNIT ( ) NAMED_UNIT ( * ) SI_UNIT ( .MILLI., .METRE. ) );
#1892 = LINE ( 'NONE', #2801, #1599 ) ;
#1893 = ORIENTED_EDGE ( 'NONE', *, *, #2206, .T. ) ;
#1894 = CARTESIAN_POINT ( 'NONE',  ( 3.349999999999999645, 0.3999999999999994116, 0.7999999999999997113 ) ) ;
#1895 = DIRECTION ( 'NONE',  ( 0.000000000000000000, 0.000000000000000000, 1.000000000000000000 ) ) ;
#1896 = DIRECTION ( 'NONE',  ( 1.000000000000000000, 0.000000000000000000, 0.000000000000000000 ) ) ;
#1897 =( NAMED_UNIT ( * ) PLANE_ANGLE_UNIT ( ) SI_UNIT ( $, .RADIAN. ) );
#1898 = VERTEX_POINT ( 'NONE', #3593 ) ;
#1899 = CARTESIAN_POINT ( 'NONE',  ( -3.349999999999999645, 0.2500000000000000000, -1.112249899919919516 ) ) ;
#1900 =( LENGTH_UNIT ( ) NAMED_UNIT ( * ) SI_UNIT ( .MILLI., .METRE. ) );
#1901 = PRESENTATION_LAYER_ASSIGNMENT (  '', '', ( #1109 ) ) ;
#1902 = FILL_AREA_STYLE ('',( #1950 ) ) ;
#1903 = EDGE_CURVE ( 'NONE', #3813, #890, #3613, .T. ) ;
#1904 = CARTESIAN_POINT ( 'NONE',  ( 2.349999999999999645, 4.700000000000000178, 2.000000000000000000 ) ) ;
#1905 = AXIS2_PLACEMENT_3D ( 'NONE', #1332, #2510, #3663 ) ;
#1906 = SURFACE_STYLE_USAGE ( .BOTH. , #2191 ) ;
#1907 = ORIENTED_EDGE ( 'NONE', *, *, #2808, .F. ) ;
#1908 = PLANE ( 'NONE',  #3341 ) ;
#1909 = FILL_AREA_STYLE_COLOUR ( '', #1040 ) ;
#1910 = PRESENTATION_LAYER_ASSIGNMENT (  '', '', ( #71 ) ) ;
#1911 = DIRECTION ( 'NONE',  ( -0.7071067811865442421, 0.000000000000000000, 0.7071067811865509034 ) ) ;
#1912 = ORIENTED_EDGE ( 'NONE', *, *, #2122, .F. ) ;
#1913 = CARTESIAN_POINT ( 'NONE',  ( -2.349999999999999201, 0.2500000000000000555, -1.112249899919919516 ) ) ;
#1914 = PRESENTATION_STYLE_ASSIGNMENT (( #3071 ) ) ;
#1915 = EDGE_CURVE ( 'NONE', #1189, #3240, #974, .T. ) ;
#1916 = ADVANCED_FACE ( 'NONE', ( #892 ), #2711, .T. ) ;
#1917 = VECTOR ( 'NONE', #1823, 1000.000000000000000 ) ;
#1918 = FACE_OUTER_BOUND ( 'NONE', #2948, .T. ) ;
#1919 = FILL_AREA_STYLE_COLOUR ( '', #2271 ) ;
#1920 = EDGE_LOOP ( 'NONE', ( #207, #331, #467 ) ) ;
#1921 = CIRCLE ( 'NONE', #2864, 0.2499999999999999445 ) ;
#1922 = PRESENTATION_LAYER_ASSIGNMENT (  '', '', ( #132 ) ) ;
#1923 = PLANE ( 'NONE',  #498 ) ;
#1924 = FACE_OUTER_BOUND ( 'NONE', #2386, .T. ) ;
#1925 =( NAMED_UNIT ( * ) SI_UNIT ( $, .STERADIAN. ) SOLID_ANGLE_UNIT ( ) );
#1926 = DIRECTION ( 'NONE',  ( 0.000000000000000000, -0.000000000000000000, 1.000000000000000000 ) ) ;
#1927 = VECTOR ( 'NONE', #3527, 1000.000000000000000 ) ;
#1928 = MECHANICAL_DESIGN_GEOMETRIC_PRESENTATION_REPRESENTATION (  '', ( #822 ), #145 ) ;
#1929 = DIRECTION ( 'NONE',  ( 0.000000000000000000, 0.000000000000000000, 1.000000000000000000 ) ) ;
#1930 = ORIENTED_EDGE ( 'NONE', *, *, #1517, .T. ) ;
#1931 = STYLED_ITEM ( 'NONE', ( #2855 ), #3286 ) ;
#1932 =( NAMED_UNIT ( * ) SI_UNIT ( $, .STERADIAN. ) SOLID_ANGLE_UNIT ( ) );
#1933 = EDGE_CURVE ( 'NONE', #290, #2646, #1482, .T. ) ;
#1934 = CARTESIAN_POINT ( 'NONE',  ( -4.349999999999999645, -2.500000000000002665, -0.1499999999999999667 ) ) ;
#1935 = ORIENTED_EDGE ( 'NONE', *, *, #533, .T. ) ;
#1936 = CIRCLE ( 'NONE', #1084, 0.3999999999999999667 ) ;
#1937 = VECTOR ( 'NONE', #2312, 1000.000000000000000 ) ;
#1938 = DIRECTION ( 'NONE',  ( -2.168404344971008868E-16, 1.000000000000000000, 0.000000000000000000 ) ) ;
#1939 = FACE_OUTER_BOUND ( 'NONE', #1804, .T. ) ;
#1940 = EDGE_CURVE ( 'NONE', #3751, #1176, #1968, .T. ) ;
#1941 = VECTOR ( 'NONE', #1953, 1000.000000000000000 ) ;
#1942 = ADVANCED_FACE ( 'NONE', ( #1026 ), #696, .T. ) ;
#1943 = UNCERTAINTY_MEASURE_WITH_UNIT (LENGTH_MEASURE( 1.000000000000000082E-05 ), #1868, 'distance_accuracy_value', 'NONE');
#1944 =( LENGTH_UNIT ( ) NAMED_UNIT ( * ) SI_UNIT ( .MILLI., .METRE. ) );
#1945 = DIRECTION ( 'NONE',  ( 0.000000000000000000, 0.9874406319167053914, 0.1579905011066732035 ) ) ;
#1946 =( GEOMETRIC_REPRESENTATION_CONTEXT ( 3 ) GLOBAL_UNCERTAINTY_ASSIGNED_CONTEXT ( ( #2582 ) ) GLOBAL_UNIT_ASSIGNED_CONTEXT ( ( #1891, #3759, #2240 ) ) REPRESENTATION_CONTEXT ( 'NONE', 'WORKASPACE' ) );
#1947 = ORIENTED_EDGE ( 'NONE', *, *, #1631, .F. ) ;
#1948 =( NAMED_UNIT ( * ) SI_UNIT ( $, .STERADIAN. ) SOLID_ANGLE_UNIT ( ) );
#1949 = DIRECTION ( 'NONE',  ( 0.000000000000000000, 1.000000000000000000, -0.000000000000000000 ) ) ;
#1950 = FILL_AREA_STYLE_COLOUR ( '', #2054 ) ;
#1951 = CARTESIAN_POINT ( 'NONE',  ( 2.599999999999999645, 0.000000000000000000, 2.200000000000000178 ) ) ;
#1952 = ORIENTED_EDGE ( 'NONE', *, *, #459, .F. ) ;
#1953 = DIRECTION ( 'NONE',  ( -1.000000000000000000, 0.000000000000000000, 0.000000000000000000 ) ) ;
#1954 = VERTEX_POINT ( 'NONE', #2466 ) ;
#1955 = MECHANICAL_DESIGN_GEOMETRIC_PRESENTATION_REPRESENTATION (  '', ( #3678 ), #49 ) ;
#1956 = DIRECTION ( 'NONE',  ( 0.000000000000000000, 0.000000000000000000, -1.000000000000000000 ) ) ;
#1957 = VERTEX_POINT ( 'NONE', #716 ) ;
#1958 = DIRECTION ( 'NONE',  ( 0.000000000000000000, -0.3387194682727414086, -0.9408874118687269306 ) ) ;
#1959 =( NAMED_UNIT ( * ) PLANE_ANGLE_UNIT ( ) SI_UNIT ( $, .RADIAN. ) );
#1960 = ORIENTED_EDGE ( 'NONE', *, *, #3522, .T. ) ;
#1961 = ADVANCED_FACE ( 'NONE', ( #2804 ), #1042, .T. ) ;
#1962 =( NAMED_UNIT ( * ) PLANE_ANGLE_UNIT ( ) SI_UNIT ( $, .RADIAN. ) );
#1963 = SURFACE_STYLE_USAGE ( .BOTH. , #796 ) ;
#1964 = CARTESIAN_POINT ( 'NONE',  ( -2.349999999999999645, 0.6999999999999991784, 2.200000000000000178 ) ) ;
#1965 =( NAMED_UNIT ( * ) PLANE_ANGLE_UNIT ( ) SI_UNIT ( $, .RADIAN. ) );
#1966 = EDGE_CURVE ( 'NONE', #2586, #2839, #2199, .T. ) ;
#1967 = STYLED_ITEM ( 'NONE', ( #3844 ), #851 ) ;
#1968 = B_SPLINE_CURVE_WITH_KNOTS ( 'NONE', 3,
 ( #2992, #1503, #36, #3712, #2821, #434, #417, #749 ),
 .UNSPECIFIED., .F., .F.,
 ( 4, 2, 2, 4 ),
 ( 4.421214372849130808E-19, 0.0002049309090525869542, 0.0003073963635788805803, 0.0004098618181051742878 ),
 .UNSPECIFIED. ) ;
#1969 = LINE ( 'NONE', #3177, #2118 ) ;
#1970 = EDGE_LOOP ( 'NONE', ( #1155, #2324, #1469, #1459 ) ) ;
#1971 = EDGE_LOOP ( 'NONE', ( #3707, #1787, #1224, #1025, #481, #891, #2958 ) ) ;
#1972 = CARTESIAN_POINT ( 'NONE',  ( -3.323695261652983568, 0.1339847942805174330, -1.178292025437018609 ) ) ;
#1973 = SURFACE_STYLE_FILL_AREA ( #3223 ) ;
#1974 = ORIENTED_EDGE ( 'NONE', *, *, #1404, .F. ) ;
#1975 = AXIS2_PLACEMENT_3D ( 'NONE', #1689, #2304, #540 ) ;
#1976 = LINE ( 'NONE', #166, #3114 ) ;
#1977 = EDGE_LOOP ( 'NONE', ( #3532, #2797, #3031, #1751 ) ) ;
#1978 = ADVANCED_FACE ( 'NONE', ( #165 ), #3459, .F. ) ;
#1979 = CARTESIAN_POINT ( 'NONE',  ( 2.000000000000000000, 0.7000000000000000666, -4.714890176717308529E-16 ) ) ;
#1980 = SURFACE_STYLE_USAGE ( .BOTH. , #2340 ) ;
#1981 = PRESENTATION_STYLE_ASSIGNMENT (( #2186 ) ) ;
#1982 = CARTESIAN_POINT ( 'NONE',  ( 2.349999999999999645, 1.349999999999999645, -2.000000000000000000 ) ) ;
#1983 = ORIENTED_EDGE ( 'NONE', *, *, #1242, .T. ) ;
#1984 = EDGE_CURVE ( 'NONE', #1637, #811, #1642, .T. ) ;
#1985 = VECTOR ( 'NONE', #2270, 1000.000000000000000 ) ;
#1986 = FACE_OUTER_BOUND ( 'NONE', #3558, .T. ) ;
#1987 = CARTESIAN_POINT ( 'NONE',  ( 2.349999999999999645, 0.2500000000000000555, -1.112249899919919294 ) ) ;
#1988 = CARTESIAN_POINT ( 'NONE',  ( 2.349999999999999645, 1.349999999999999423, 2.200000000000000178 ) ) ;
#1989 = SURFACE_SIDE_STYLE ('',( #1973 ) ) ;
#1990 = DIRECTION ( 'NONE',  ( -1.000000000000000000, 0.000000000000000000, -0.000000000000000000 ) ) ;
#1991 = ORIENTED_EDGE ( 'NONE', *, *, #817, .T. ) ;
#1992 =( NAMED_UNIT ( * ) PLANE_ANGLE_UNIT ( ) SI_UNIT ( $, .RADIAN. ) );
#1993 = STYLED_ITEM ( 'NONE', ( #1733 ), #3333 ) ;
#1994 = CIRCLE ( 'NONE', #1322, 0.2500000000000000000 ) ;
#1995 = VECTOR ( 'NONE', #2129, 1000.000000000000000 ) ;
#1996 = UNCERTAINTY_MEASURE_WITH_UNIT (LENGTH_MEASURE( 1.000000000000000082E-05 ), #2048, 'distance_accuracy_value', 'NONE');
#1997 = VECTOR ( 'NONE', #1769, 1000.000000000000000 ) ;
#1998 = DIRECTION ( 'NONE',  ( 0.000000000000000000, -0.000000000000000000, -1.000000000000000000 ) ) ;
#1999 = SURFACE_SIDE_STYLE ('',( #840 ) ) ;
#2000 = UNCERTAINTY_MEASURE_WITH_UNIT (LENGTH_MEASURE( 1.000000000000000082E-05 ), #2962, 'distance_accuracy_value', 'NONE');
#2001 = CARTESIAN_POINT ( 'NONE',  ( -2.349999999999999645, 4.700000000000000178, 2.000000000000000000 ) ) ;
#2002 = EDGE_CURVE ( 'NONE', #1020, #3254, #2230, .T. ) ;
#2003 = CARTESIAN_POINT ( 'NONE',  ( -2.074999999999999289, 1.499999999999999556, 2.000000000000000000 ) ) ;
#2004 = ORIENTED_EDGE ( 'NONE', *, *, #3757, .F. ) ;
#2005 = EDGE_LOOP ( 'NONE', ( #2004, #2873 ) ) ;
#2006 = EDGE_CURVE ( 'NONE', #1464, #1637, #2189, .T. ) ;
#2007 = CARTESIAN_POINT ( 'NONE',  ( 0.000000000000000000, 0.000000000000000000, 8.200000000000001066 ) ) ;
#2008 = LINE ( 'NONE', #2379, #1806 ) ;
#2009 = CARTESIAN_POINT ( 'NONE',  ( -3.949999999999999734, -3.061616997868380676E-16, -1.199999999999999734 ) ) ;
#2010 = ORIENTED_EDGE ( 'NONE', *, *, #2122, .T. ) ;
#2011 = EDGE_LOOP ( 'NONE', ( #1580, #1103, #312, #1038 ) ) ;
#2012 = FACE_OUTER_BOUND ( 'NONE', #1077, .T. ) ;
#2013 = AXIS2_PLACEMENT_3D ( 'NONE', #1719, #852, #2919 ) ;
#2014 =( NAMED_UNIT ( * ) PLANE_ANGLE_UNIT ( ) SI_UNIT ( $, .RADIAN. ) );
#2015 =( NAMED_UNIT ( * ) SI_UNIT ( $, .STERADIAN. ) SOLID_ANGLE_UNIT ( ) );
#2016 = PRESENTATION_STYLE_ASSIGNMENT (( #841 ) ) ;
#2017 = CARTESIAN_POINT ( 'NONE',  ( -4.349999999999999645, -1.399215392948765640E-16, -2.199999999999998845 ) ) ;
#2018 = ORIENTED_EDGE ( 'NONE', *, *, #360, .T. ) ;
#2019 = EDGE_CURVE ( 'NONE', #3813, #2378, #1052, .T. ) ;
#2020 = EDGE_LOOP ( 'NONE', ( #3292, #1912, #2932, #489 ) ) ;
#2021 = LINE ( 'NONE', #271, #2875 ) ;
#2022 = AXIS2_PLACEMENT_3D ( 'NONE', #1458, #608, #3275 ) ;
#2023 = SURFACE_STYLE_USAGE ( .BOTH. , #2319 ) ;
#2024 = LINE ( 'NONE', #253, #1808 ) ;
#2025 = CARTESIAN_POINT ( 'NONE',  ( -2.530712870755708277, -1.067261513540418057E-16, 1.199999999999999734 ) ) ;
#2026 = ORIENTED_EDGE ( 'NONE', *, *, #2592, .F. ) ;
#2027 = CIRCLE ( 'NONE', #946, 0.3999999999999999667 ) ;
#2028 = ADVANCED_FACE ( 'NONE', ( #3164 ), #800, .T. ) ;
#2029 = ORIENTED_EDGE ( 'NONE', *, *, #2481, .T. ) ;
#2030 = SURFACE_STYLE_FILL_AREA ( #3596 ) ;
#2031 =( GEOMETRIC_REPRESENTATION_CONTEXT ( 3 ) GLOBAL_UNCERTAINTY_ASSIGNED_CONTEXT ( ( #1587 ) ) GLOBAL_UNIT_ASSIGNED_CONTEXT ( ( #1692, #1462, #2662 ) ) REPRESENTATION_CONTEXT ( 'NONE', 'WORKASPACE' ) );
#2032 =( NAMED_UNIT ( * ) SI_UNIT ( $, .STERADIAN. ) SOLID_ANGLE_UNIT ( ) );
#2033 = CYLINDRICAL_SURFACE ( 'NONE', #3453, 0.2500000000000002220 ) ;
#2034 = DIRECTION ( 'NONE',  ( -1.000000000000000000, 3.761581922631320025E-34, 0.000000000000000000 ) ) ;
#2035 = LINE ( 'NONE', #3261, #2434 ) ;
#2036 =( GEOMETRIC_REPRESENTATION_CONTEXT ( 3 ) GLOBAL_UNCERTAINTY_ASSIGNED_CONTEXT ( ( #813 ) ) GLOBAL_UNIT_ASSIGNED_CONTEXT ( ( #1944, #2827, #1048 ) ) REPRESENTATION_CONTEXT ( 'NONE', 'WORKASPACE' ) );
#2037 = ORIENTED_EDGE ( 'NONE', *, *, #123, .T. ) ;
#2038 = AXIS2_PLACEMENT_3D ( 'NONE', #2903, #836, #3827 ) ;
#2039 = VERTEX_POINT ( 'NONE', #2496 ) ;
#2040 = CARTESIAN_POINT ( 'NONE',  ( 2.168404344971009854E-16, 3.550000000000000266, -2.828427124746190735 ) ) ;
#2041 = SURFACE_SIDE_STYLE ('',( #3561 ) ) ;
#2042 = CARTESIAN_POINT ( 'NONE',  ( -2.000000000000000000, -2.349999999999999645, 7.531577814756221078E-16 ) ) ;
#2043 = ORIENTED_EDGE ( 'NONE', *, *, #291, .T. ) ;
#2044 = CARTESIAN_POINT ( 'NONE',  ( 3.349999999999999645, 0.3999999999999993006, 2.200000000000000178 ) ) ;
#2045 = VECTOR ( 'NONE', #2274, 1000.000000000000000 ) ;
#2046 = COLOUR_RGB ( '',0.2509803921568627416, 0.2509803921568627416, 0.2509803921568627416 ) ;
#2047 = EDGE_CURVE ( 'NONE', #2858, #231, #1969, .T. ) ;
#2048 =( LENGTH_UNIT ( ) NAMED_UNIT ( * ) SI_UNIT ( .MILLI., .METRE. ) );
#2049 = CARTESIAN_POINT ( 'NONE',  ( -2.349999999999999645, 4.700000000000000178, -2.000000000000000000 ) ) ;
#2050 = CARTESIAN_POINT ( 'NONE',  ( 6.505213034913027590E-16, 1.550000000000000266, 8.200000000000001066 ) ) ;
#2051 = VERTEX_POINT ( 'NONE', #268 ) ;
#2052 = MECHANICAL_DESIGN_GEOMETRIC_PRESENTATION_REPRESENTATION (  '', ( #454 ), #146 ) ;
#2053 = VERTEX_POINT ( 'NONE', #1468 ) ;
#2054 = COLOUR_RGB ( '',0.8470588235294117530, 0.8431372549019607865, 0.8470588235294117530 ) ;
#2055 = FACE_OUTER_BOUND ( 'NONE', #2641, .T. ) ;
#2056 = SURFACE_SIDE_STYLE ('',( #1746 ) ) ;
#2057 =( GEOMETRIC_REPRESENTATION_CONTEXT ( 3 ) GLOBAL_UNCERTAINTY_ASSIGNED_CONTEXT ( ( #3766 ) ) GLOBAL_UNIT_ASSIGNED_CONTEXT ( ( #3010, #627, #593 ) ) REPRESENTATION_CONTEXT ( 'NONE', 'WORKASPACE' ) );
#2058 = MECHANICAL_DESIGN_GEOMETRIC_PRESENTATION_REPRESENTATION (  '', ( #1085 ), #906 ) ;
#2059 = CARTESIAN_POINT ( 'NONE',  ( 2.599999999999999645, 0.000000000000000000, 2.200000000000000178 ) ) ;
#2060 = VERTEX_POINT ( 'NONE', #2017 ) ;
#2061 = CARTESIAN_POINT ( 'NONE',  ( 2.462855450382553713, 0.03030065993695323437, -1.202045922358904617 ) ) ;
#2062 = ORIENTED_EDGE ( 'NONE', *, *, #1903, .F. ) ;
#2063 =( GEOMETRIC_REPRESENTATION_CONTEXT ( 3 ) GLOBAL_UNCERTAINTY_ASSIGNED_CONTEXT ( ( #2309 ) ) GLOBAL_UNIT_ASSIGNED_CONTEXT ( ( #2256, #3800, #1451 ) ) REPRESENTATION_CONTEXT ( 'NONE', 'WORKASPACE' ) );
#2064 = DIRECTION ( 'NONE',  ( 1.000000000000000000, 0.000000000000000000, 0.000000000000000000 ) ) ;
#2065 = DIRECTION ( 'NONE',  ( 0.000000000000000000, 0.000000000000000000, 1.000000000000000000 ) ) ;
#2066 =( LENGTH_UNIT ( ) NAMED_UNIT ( * ) SI_UNIT ( .MILLI., .METRE. ) );
#2067 = CARTESIAN_POINT ( 'NONE',  ( -3.349999999999999645, 0.3999999999999996336, -0.7999999999999997113 ) ) ;
#2068 = SURFACE_STYLE_FILL_AREA ( #31 ) ;
#2069 = ORIENTED_EDGE ( 'NONE', *, *, #2592, .T. ) ;
#2070 = ORIENTED_EDGE ( 'NONE', *, *, #2431, .F. ) ;
#2071 =( NAMED_UNIT ( * ) PLANE_ANGLE_UNIT ( ) SI_UNIT ( $, .RADIAN. ) );
#2072 = EDGE_CURVE ( 'NONE', #2970, #2060, #2651, .T. ) ;
#2073 = LINE ( 'NONE', #3302, #2207 ) ;
#2074 = SURFACE_SIDE_STYLE ('',( #2326 ) ) ;
#2075 = UNCERTAINTY_MEASURE_WITH_UNIT (LENGTH_MEASURE( 1.000000000000000082E-05 ), #2620, 'distance_accuracy_value', 'NONE');
#2076 = EDGE_CURVE ( 'NONE', #1464, #3309, #3833, .T. ) ;
#2077 = DIRECTION ( 'NONE',  ( 4.989666635317766278E-20, 1.000000000000000000, -0.000000000000000000 ) ) ;
#2078 =( NAMED_UNIT ( * ) PLANE_ANGLE_UNIT ( ) SI_UNIT ( $, .RADIAN. ) );
#2079 = ORIENTED_EDGE ( 'NONE', *, *, #3226, .F. ) ;
#2080 = SURFACE_STYLE_FILL_AREA ( #62 ) ;
#2081 = DIRECTION ( 'NONE',  ( 1.000000000000000000, -0.000000000000000000, -0.000000000000000000 ) ) ;
#2082 = CARTESIAN_POINT ( 'NONE',  ( 2.349999999999999645, -5.510910596163085611E-16, 0.7999999999999997113 ) ) ;
#2083 = ORIENTED_EDGE ( 'NONE', *, *, #2928, .T. ) ;
#2084 = DIRECTION ( 'NONE',  ( 1.000000000000000000, -0.000000000000000000, -0.000000000000000000 ) ) ;
#2085 = SURFACE_STYLE_FILL_AREA ( #3605 ) ;
#2086 = COLOUR_RGB ( '',0.8470588235294117530, 0.8431372549019607865, 0.8470588235294117530 ) ;
#2087 = CARTESIAN_POINT ( 'NONE',  ( 4.349999999999999645, 4.645085803432136728, 0.3432137285491438372 ) ) ;
#2088 = SURFACE_STYLE_USAGE ( .BOTH. , #970 ) ;
#2089 =( GEOMETRIC_REPRESENTATION_CONTEXT ( 3 ) GLOBAL_UNCERTAINTY_ASSIGNED_CONTEXT ( ( #1696 ) ) GLOBAL_UNIT_ASSIGNED_CONTEXT ( ( #3367, #362, #1544 ) ) REPRESENTATION_CONTEXT ( 'NONE', 'WORKASPACE' ) );
#2090 = SURFACE_STYLE_USAGE ( .BOTH. , #912 ) ;
#2091 = ORIENTED_EDGE ( 'NONE', *, *, #736, .F. ) ;
#2092 = ORIENTED_EDGE ( 'NONE', *, *, #1748, .T. ) ;
#2093 = FILL_AREA_STYLE ('',( #2423 ) ) ;
#2094 =( NAMED_UNIT ( * ) SI_UNIT ( $, .STERADIAN. ) SOLID_ANGLE_UNIT ( ) );
#2095 = ORIENTED_EDGE ( 'NONE', *, *, #2408, .F. ) ;
#2096 = COLOUR_RGB ( '',0.8470588235294117530, 0.8431372549019607865, 0.8470588235294117530 ) ;
#2097 = DIRECTION ( 'NONE',  ( 1.000000000000000000, -0.000000000000000000, -0.000000000000000000 ) ) ;
#2098 = FILL_AREA_STYLE_COLOUR ( '', #1638 ) ;
#2099 = UNCERTAINTY_MEASURE_WITH_UNIT (LENGTH_MEASURE( 1.000000000000000082E-05 ), #1900, 'distance_accuracy_value', 'NONE');
#2100 = ORIENTED_EDGE ( 'NONE', *, *, #61, .F. ) ;
#2101 = MECHANICAL_DESIGN_GEOMETRIC_PRESENTATION_REPRESENTATION (  '', ( #2218 ), #568 ) ;
#2102 = EDGE_CURVE ( 'NONE', #3180, #3425, #2931, .T. ) ;
#2103 = SURFACE_SIDE_STYLE ('',( #3629 ) ) ;
#2104 = FILL_AREA_STYLE_COLOUR ( '', #3129 ) ;
#2105 = CARTESIAN_POINT ( 'NONE',  ( 2.349999999999999645, 1.349999999999999645, -2.000000000000000000 ) ) ;
#2106 = ORIENTED_EDGE ( 'NONE', *, *, #641, .F. ) ;
#2107 =( GEOMETRIC_REPRESENTATION_CONTEXT ( 3 ) GLOBAL_UNCERTAINTY_ASSIGNED_CONTEXT ( ( #227 ) ) GLOBAL_UNIT_ASSIGNED_CONTEXT ( ( #158, #781, #1337 ) ) REPRESENTATION_CONTEXT ( 'NONE', 'WORKASPACE' ) );
#2108 = ORIENTED_EDGE ( 'NONE', *, *, #921, .T. ) ;
#2109 = FILL_AREA_STYLE ('',( #96 ) ) ;
#2110 = FILL_AREA_STYLE_COLOUR ( '', #3807 ) ;
#2111 = AXIS2_PLACEMENT_3D ( 'NONE', #850, #2084, #623 ) ;
#2112 = LINE ( 'NONE', #3387, #1917 ) ;
#2113 = AXIS2_PLACEMENT_3D ( 'NONE', #2007, #1717, #1990 ) ;
#2114 = DIRECTION ( 'NONE',  ( 1.084202172485504434E-15, -1.000000000000000000, 0.000000000000000000 ) ) ;
#2115 = MECHANICAL_DESIGN_GEOMETRIC_PRESENTATION_REPRESENTATION (  '', ( #1993 ), #2370 ) ;
#2116 = EDGE_LOOP ( 'NONE', ( #2607, #675, #2671, #2079 ) ) ;
#2117 = VECTOR ( 'NONE', #2705, 1000.000000000000000 ) ;
#2118 = VECTOR ( 'NONE', #1676, 1000.000000000000000 ) ;
#2119 = DIRECTION ( 'NONE',  ( 1.000000000000000000, -0.000000000000000000, -0.000000000000000000 ) ) ;
#2120 = VECTOR ( 'NONE', #1288, 1000.000000000000000 ) ;
#2121 = CARTESIAN_POINT ( 'NONE',  ( -2.000000000000000000, 1.550000000000000266, 8.200000000000001066 ) ) ;
#2122 = EDGE_CURVE ( 'NONE', #1346, #1791, #3557, .T. ) ;
#2123 = CIRCLE ( 'NONE', #2247, 0.3999999999999999667 ) ;
#2124 = CARTESIAN_POINT ( 'NONE',  ( -3.349999999999999645, 0.2500000000000000000, 2.200000000000000178 ) ) ;
#2125 = CARTESIAN_POINT ( 'NONE',  ( -1.000000000000000000, 4.700000000000000178, 7.700000000000005507 ) ) ;
#2126 = EDGE_CURVE ( 'NONE', #307, #3187, #900, .T. ) ;
#2127 = STYLED_ITEM ( 'NONE', ( #3107 ), #554 ) ;
#2128 = SURFACE_STYLE_USAGE ( .BOTH. , #3695 ) ;
#2129 = DIRECTION ( 'NONE',  ( -0.000000000000000000, -0.000000000000000000, -1.000000000000000000 ) ) ;
#2130 = ORIENTED_EDGE ( 'NONE', *, *, #3470, .T. ) ;
#2131 = CARTESIAN_POINT ( 'NONE',  ( 0.000000000000000000, 0.6999999999999992895, -2.000000000000000000 ) ) ;
#2132 = VECTOR ( 'NONE', #17, 1000.000000000000000 ) ;
#2133 =( LENGTH_UNIT ( ) NAMED_UNIT ( * ) SI_UNIT ( .MILLI., .METRE. ) );
#2134 = ORIENTED_EDGE ( 'NONE', *, *, #2148, .T. ) ;
#2135 =( NAMED_UNIT ( * ) SI_UNIT ( $, .STERADIAN. ) SOLID_ANGLE_UNIT ( ) );
#2136 = SURFACE_SIDE_STYLE ('',( #3672 ) ) ;
#2137 = EDGE_CURVE ( 'NONE', #3611, #2421, #526, .T. ) ;
#2138 = CARTESIAN_POINT ( 'NONE',  ( 4.349999999999999645, -2.499999999999999556, 0.1499999999999999667 ) ) ;
#2139 = DIRECTION ( 'NONE',  ( 1.000000000000000000, 0.000000000000000000, 0.000000000000000000 ) ) ;
#2140 = MANIFOLD_SOLID_BREP ( 'Pin Fillet', #3763 ) ;
#2141 = DIRECTION ( 'NONE',  ( 0.000000000000000000, 6.245698675651497881E-16, 1.000000000000000000 ) ) ;
#2142 = ORIENTED_EDGE ( 'NONE', *, *, #3055, .F. ) ;
#2143 = PRESENTATION_STYLE_ASSIGNMENT (( #1594 ) ) ;
#2144 = CIRCLE ( 'NONE', #937, 0.2500000000000002220 ) ;
#2145 =( NAMED_UNIT ( * ) SI_UNIT ( $, .STERADIAN. ) SOLID_ANGLE_UNIT ( ) );
#2146 = EDGE_CURVE ( 'NONE', #668, #2039, #1122, .T. ) ;
#2147 = SURFACE_STYLE_FILL_AREA ( #3401 ) ;
#2148 = EDGE_CURVE ( 'NONE', #2323, #3511, #546, .T. ) ;
#2149 = DIRECTION ( 'NONE',  ( -1.000000000000000000, 0.000000000000000000, 0.000000000000000000 ) ) ;
#2150 = DIRECTION ( 'NONE',  ( 0.000000000000000000, -0.9874406319167053914, -0.1579905011066732035 ) ) ;
#2151 = VECTOR ( 'NONE', #3213, 1000.000000000000000 ) ;
#2152 =( LENGTH_UNIT ( ) NAMED_UNIT ( * ) SI_UNIT ( .MILLI., .METRE. ) );
#2153 = DIRECTION ( 'NONE',  ( 0.000000000000000000, 0.000000000000000000, -1.000000000000000000 ) ) ;
#2154 = PRODUCT_DEFINITION_FORMATION_WITH_SPECIFIED_SOURCE ( 'ANY', '', #1312, .NOT_KNOWN. ) ;
#2155 = UNCERTAINTY_MEASURE_WITH_UNIT (LENGTH_MEASURE( 1.000000000000000082E-05 ), #3215, 'distance_accuracy_value', 'NONE');
#2156 = FACE_OUTER_BOUND ( 'NONE', #2405, .T. ) ;
#2157 = SURFACE_STYLE_FILL_AREA ( #1663 ) ;
#2158 = CARTESIAN_POINT ( 'NONE',  ( -3.949999999999999734, -1.734723475976807094E-15, 2.935478377556205177E-15 ) ) ;
#2159 = ORIENTED_EDGE ( 'NONE', *, *, #3713, .T. ) ;
#2160 = DIRECTION ( 'NONE',  ( -0.000000000000000000, -0.000000000000000000, -1.000000000000000000 ) ) ;
#2161 = SURFACE_STYLE_USAGE ( .BOTH. , #1006 ) ;
#2162 = EDGE_CURVE ( 'NONE', #2053, #1349, #1161, .T. ) ;
#2163 = DIRECTION ( 'NONE',  ( 1.000000000000000000, 0.000000000000000000, 0.000000000000000000 ) ) ;
#2164 = CARTESIAN_POINT ( 'NONE',  ( -2.349999999999999645, 0.6999999999999992895, 2.000000000000000000 ) ) ;
#2165 = EDGE_CURVE ( 'NONE', #68, #69, #880, .T. ) ;
#2166 = AXIS2_PLACEMENT_3D ( 'NONE', #1019, #2530, #3753 ) ;
#2167 = FACE_OUTER_BOUND ( 'NONE', #1801, .T. ) ;
#2168 = FILL_AREA_STYLE ('',( #3775 ) ) ;
#2169 = VECTOR ( 'NONE', #2081, 1000.000000000000000 ) ;
#2170 = CIRCLE ( 'NONE', #340, 0.3999999999999999667 ) ;
#2171 = ORIENTED_EDGE ( 'NONE', *, *, #3009, .F. ) ;
#2172 = CIRCLE ( 'NONE', #1550, 0.3999999999999999667 ) ;
#2173 = AXIS2_PLACEMENT_3D ( 'NONE', #2393, #349, #1843 ) ;
#2174 =( NAMED_UNIT ( * ) PLANE_ANGLE_UNIT ( ) SI_UNIT ( $, .RADIAN. ) );
#2175 =( NAMED_UNIT ( * ) PLANE_ANGLE_UNIT ( ) SI_UNIT ( $, .RADIAN. ) );
#2176 = CIRCLE ( 'NONE', #2439, 0.3999999999999999667 ) ;
#2177 = ORIENTED_EDGE ( 'NONE', *, *, #3619, .T. ) ;
#2178 = VECTOR ( 'NONE', #1666, 1000.000000000000000 ) ;
#2179 = CARTESIAN_POINT ( 'NONE',  ( 4.349999999999999645, 4.450000000000000178, 2.200000000000000178 ) ) ;
#2180 = PRESENTATION_STYLE_ASSIGNMENT (( #3398 ) ) ;
#2181 = CARTESIAN_POINT ( 'NONE',  ( -3.949999999999999734, -2.500000000000002665, -0.1499999999999999667 ) ) ;
#2182 = DIRECTION ( 'NONE',  ( 1.000000000000000000, 0.000000000000000000, 0.000000000000000000 ) ) ;
#2183 = EDGE_CURVE ( 'NONE', #2237, #142, #2035, .T. ) ;
#2184 = SURFACE_STYLE_FILL_AREA ( #2792 ) ;
#2185 = DIRECTION ( 'NONE',  ( -0.000000000000000000, -0.000000000000000000, -1.000000000000000000 ) ) ;
#2186 = SURFACE_STYLE_USAGE ( .BOTH. , #2847 ) ;
#2187 = VECTOR ( 'NONE', #3282, 1000.000000000000000 ) ;
#2188 = MECHANICAL_DESIGN_GEOMETRIC_PRESENTATION_REPRESENTATION (  '', ( #2643 ), #2775 ) ;
#2189 = LINE ( 'NONE', #1904, #324 ) ;
#2190 = EDGE_CURVE ( 'NONE', #2572, #182, #773, .T. ) ;
#2191 = SURFACE_SIDE_STYLE ('',( #3146 ) ) ;
#2192 = VERTEX_POINT ( 'NONE', #2666 ) ;
#2193 = EDGE_CURVE ( 'NONE', #907, #3744, #3599, .T. ) ;
#2194 = CARTESIAN_POINT ( 'NONE',  ( 2.599999999999999645, 0.000000000000000000, -2.200000000000000178 ) ) ;
#2195 = DIRECTION ( 'NONE',  ( -0.000000000000000000, -1.000000000000000000, -0.000000000000000000 ) ) ;
#2196 = DIRECTION ( 'NONE',  ( -0.000000000000000000, -0.000000000000000000, -1.000000000000000000 ) ) ;
#2197 = VERTEX_POINT ( 'NONE', #1427 ) ;
#2198 = LINE ( 'NONE', #2179, #1069 ) ;
#2199 = LINE ( 'NONE', #3429, #1128 ) ;
#2200 =( NAMED_UNIT ( * ) SI_UNIT ( $, .STERADIAN. ) SOLID_ANGLE_UNIT ( ) );
#2201 = FACE_OUTER_BOUND ( 'NONE', #1289, .T. ) ;
#2202 = DIRECTION ( 'NONE',  ( 0.000000000000000000, 0.000000000000000000, 1.000000000000000000 ) ) ;
#2203 = CARTESIAN_POINT ( 'NONE',  ( -2.000000000000000000, -2.349999999999999645, 7.531577814756221078E-16 ) ) ;
#2204 = SURFACE_SIDE_STYLE ('',( #1089 ) ) ;
#2205 = CARTESIAN_POINT ( 'NONE',  ( -3.949999999999999734, 0.7000000000000000666, -2.200000000000000178 ) ) ;
#2206 = EDGE_CURVE ( 'NONE', #924, #3230, #1750, .T. ) ;
#2207 = VECTOR ( 'NONE', #323, 1000.000000000000000 ) ;
#2208 = ORIENTED_EDGE ( 'NONE', *, *, #935, .F. ) ;
#2209 = ADVANCED_FACE ( 'NONE', ( #2717 ), #1258, .F. ) ;
#2210 = AXIS2_PLACEMENT_3D ( 'NONE', #3159, #3455, #1945 ) ;
#2211 = LINE ( 'NONE', #1681, #2269 ) ;
#2212 = EDGE_LOOP ( 'NONE', ( #936, #3265, #741, #3340 ) ) ;
#2213 = EDGE_CURVE ( 'NONE', #3247, #1189, #1294, .T. ) ;
#2214 = CARTESIAN_POINT ( 'NONE',  ( 3.349999999999999201, 0.2500000000000000000, -1.112249899919919294 ) ) ;
#2215 = SURFACE_STYLE_FILL_AREA ( #1613 ) ;
#2216 = VECTOR ( 'NONE', #1762, 1000.000000000000000 ) ;
#2217 =( NAMED_UNIT ( * ) PLANE_ANGLE_UNIT ( ) SI_UNIT ( $, .RADIAN. ) );
#2218 = STYLED_ITEM ( 'NONE', ( #2143 ), #2654 ) ;
#2219 = SURFACE_SIDE_STYLE ('',( #2524 ) ) ;
#2220 = PRESENTATION_LAYER_ASSIGNMENT (  '', '', ( #389 ) ) ;
#2221 = CYLINDRICAL_SURFACE ( 'NONE', #757, 0.2499999999999999445 ) ;
#2222 = FILL_AREA_STYLE_COLOUR ( '', #3567 ) ;
#2223 = EDGE_LOOP ( 'NONE', ( #1698, #2835, #547, #2819 ) ) ;
#2224 = PRESENTATION_LAYER_ASSIGNMENT (  '', '', ( #2543 ) ) ;
#2225 = DIRECTION ( 'NONE',  ( 0.000000000000000000, 0.000000000000000000, 1.000000000000000000 ) ) ;
#2226 = CARTESIAN_POINT ( 'NONE',  ( 2.000000000000000000, -2.349999999999999645, 0.2499999999999998890 ) ) ;
#2227 = STYLED_ITEM ( 'NONE', ( #2180 ), #1942 ) ;
#2228 = PLANE ( 'NONE',  #2166 ) ;
#2229 = PRESENTATION_LAYER_ASSIGNMENT (  '', '', ( #87 ) ) ;
#2230 = LINE ( 'NONE', #1315, #1985 ) ;
#2231 = MECHANICAL_DESIGN_GEOMETRIC_PRESENTATION_REPRESENTATION (  '', ( #21 ), #3197 ) ;
#2232 = VERTEX_POINT ( 'NONE', #2473 ) ;
#2233 = COLOUR_RGB ( '',0.2509803921568627416, 0.2509803921568627416, 0.2509803921568627416 ) ;
#2234 = STYLED_ITEM ( 'NONE', ( #3436 ), #2896 ) ;
#2235 = SURFACE_STYLE_USAGE ( .BOTH. , #1603 ) ;
#2236 = ADVANCED_FACE ( 'NONE', ( #3057 ), #3308, .T. ) ;
#2237 = VERTEX_POINT ( 'NONE', #1279 ) ;
#2238 = CARTESIAN_POINT ( 'NONE',  ( -3.169287129244291012, -1.143494478793304965E-16, -1.199999999999999956 ) ) ;
#2239 = AXIS2_PLACEMENT_3D ( 'NONE', #45, #2741, #2457 ) ;
#2240 =( NAMED_UNIT ( * ) SI_UNIT ( $, .STERADIAN. ) SOLID_ANGLE_UNIT ( ) );
#2241 = LINE ( 'NONE', #787, #1078 ) ;
#2242 = ORIENTED_EDGE ( 'NONE', *, *, #1269, .T. ) ;
#2243 = EDGE_CURVE ( 'NONE', #2302, #2367, #2454, .T. ) ;
#2244 = COLOUR_RGB ( '',0.8470588235294117530, 0.8431372549019607865, 0.8470588235294117530 ) ;
#2245 = ADVANCED_FACE ( 'NONE', ( #3687 ), #996, .T. ) ;
#2246 = ORIENTED_EDGE ( 'NONE', *, *, #3643, .T. ) ;
#2247 = AXIS2_PLACEMENT_3D ( 'NONE', #3085, #665, #1812 ) ;
#2248 = UNCERTAINTY_MEASURE_WITH_UNIT (LENGTH_MEASURE( 1.000000000000000082E-05 ), #847, 'distance_accuracy_value', 'NONE');
#2249 = FILL_AREA_STYLE ('',( #242 ) ) ;
#2250 = UNCERTAINTY_MEASURE_WITH_UNIT (LENGTH_MEASURE( 1.000000000000000082E-05 ), #616, 'distance_accuracy_value', 'NONE');
#2251 =( GEOMETRIC_REPRESENTATION_CONTEXT ( 3 ) GLOBAL_UNCERTAINTY_ASSIGNED_CONTEXT ( ( #3831 ) ) GLOBAL_UNIT_ASSIGNED_CONTEXT ( ( #1646, #2175, #1932 ) ) REPRESENTATION_CONTEXT ( 'NONE', 'WORKASPACE' ) );
#2252 = FILL_AREA_STYLE_COLOUR ( '', #2096 ) ;
#2253 = EDGE_LOOP ( 'NONE', ( #597, #831, #1480, #913 ) ) ;
#2254 = ORIENTED_EDGE ( 'NONE', *, *, #1404, .T. ) ;
#2255 = VECTOR ( 'NONE', #2139, 1000.000000000000000 ) ;
#2256 =( LENGTH_UNIT ( ) NAMED_UNIT ( * ) SI_UNIT ( .MILLI., .METRE. ) );
#2257 = ORIENTED_EDGE ( 'NONE', *, *, #3586, .F. ) ;
#2258 =( NAMED_UNIT ( * ) SI_UNIT ( $, .STERADIAN. ) SOLID_ANGLE_UNIT ( ) );
#2259 = DIRECTION ( 'NONE',  ( 1.000000000000000000, 2.090028284309406735E-16, 0.000000000000000000 ) ) ;
#2260 = APPLICATION_CONTEXT ( 'automotive_design' ) ;
#2261 =( NAMED_UNIT ( * ) PLANE_ANGLE_UNIT ( ) SI_UNIT ( $, .RADIAN. ) );
#2262 = PLANE ( 'NONE',  #1236 ) ;
#2263 = VERTEX_POINT ( 'NONE', #1899 ) ;
#2264 = UNCERTAINTY_MEASURE_WITH_UNIT (LENGTH_MEASURE( 1.000000000000000082E-05 ), #385, 'distance_accuracy_value', 'NONE');
#2265 = LINE ( 'NONE', #190, #2151 ) ;
#2266 = PRESENTATION_STYLE_ASSIGNMENT (( #1980 ) ) ;
#2267 = FILL_AREA_STYLE ('',( #2562 ) ) ;
#2268 =( LENGTH_UNIT ( ) NAMED_UNIT ( * ) SI_UNIT ( .MILLI., .METRE. ) );
#2269 = VECTOR ( 'NONE', #3415, 1000.000000000000000 ) ;
#2270 = DIRECTION ( 'NONE',  ( -0.000000000000000000, -0.000000000000000000, 1.000000000000000000 ) ) ;
#2271 = COLOUR_RGB ( '',0.8470588235294117530, 0.8431372549019607865, 0.8470588235294117530 ) ;
#2272 = VERTEX_POINT ( 'NONE', #1671 ) ;
#2273 = DIRECTION ( 'NONE',  ( 0.000000000000000000, 1.000000000000000000, -0.000000000000000000 ) ) ;
#2274 = DIRECTION ( 'NONE',  ( -1.000000000000000000, 0.000000000000000000, 0.000000000000000000 ) ) ;
#2275 = ORIENTED_EDGE ( 'NONE', *, *, #486, .T. ) ;
#2276 = SURFACE_SIDE_STYLE ('',( #3117 ) ) ;
#2277 = SURFACE_SIDE_STYLE ('',( #566 ) ) ;
#2278 = COLOUR_RGB ( '',0.8470588235294117530, 0.8431372549019607865, 0.8470588235294117530 ) ;
#2279 = CARTESIAN_POINT ( 'NONE',  ( -2.462785419738802162, 0.03039392797772692834, 1.202022581406711366 ) ) ;
#2280 = ADVANCED_FACE ( 'NONE', ( #3175 ), #1655, .T. ) ;
#2281 =( LENGTH_UNIT ( ) NAMED_UNIT ( * ) SI_UNIT ( .MILLI., .METRE. ) );
#2282 = CARTESIAN_POINT ( 'NONE',  ( -3.949999999999999734, 0.7000000000000000666, 0.000000000000000000 ) ) ;
#2283 = AXIS2_PLACEMENT_3D ( 'NONE', #2505, #3070, #2820 ) ;
#2284 = MECHANICAL_DESIGN_GEOMETRIC_PRESENTATION_REPRESENTATION (  '', ( #132 ), #258 ) ;
#2285 = SURFACE_STYLE_USAGE ( .BOTH. , #2056 ) ;
#2286 = EDGE_CURVE ( 'NONE', #609, #1179, #2793, .T. ) ;
#2287 = CARTESIAN_POINT ( 'NONE',  ( -4.349999999999999645, 4.450000000000000178, -2.200000000000000178 ) ) ;
#2288 = LINE ( 'NONE', #2001, #3161 ) ;
#2289 = DIRECTION ( 'NONE',  ( 0.000000000000000000, -0.9408874118687268195, -0.3387194682727416861 ) ) ;
#2290 = ORIENTED_EDGE ( 'NONE', *, *, #310, .F. ) ;
#2291 = PRESENTATION_LAYER_ASSIGNMENT (  '', '', ( #1074 ) ) ;
#2292 = STYLED_ITEM ( 'NONE', ( #1443 ), #2952 ) ;
#2293 = DIRECTION ( 'NONE',  ( 1.000000000000000000, -0.000000000000000000, -0.000000000000000000 ) ) ;
#2294 = SURFACE_SIDE_STYLE ('',( #2640 ) ) ;
#2295 = ORIENTED_EDGE ( 'NONE', *, *, #1233, .T. ) ;
#2296 = CARTESIAN_POINT ( 'NONE',  ( 0.000000000000000000, 1.550000000000000266, 8.200000000000001066 ) ) ;
#2297 = COLOUR_RGB ( '',0.8470588235294117530, 0.8431372549019607865, 0.8470588235294117530 ) ;
#2298 = PRESENTATION_STYLE_ASSIGNMENT (( #2593 ) ) ;
#2299 = FILL_AREA_STYLE_COLOUR ( '', #300 ) ;
#2300 = EDGE_LOOP ( 'NONE', ( #1721, #2095, #2134, #3725 ) ) ;
#2301 = STYLED_ITEM ( 'NONE', ( #1264 ), #3424 ) ;
#2302 = VERTEX_POINT ( 'NONE', #1086 ) ;
#2303 = VECTOR ( 'NONE', #3028, 1000.000000000000000 ) ;
#2304 = DIRECTION ( 'NONE',  ( -0.000000000000000000, -1.000000000000000000, 0.000000000000000000 ) ) ;
#2305 = DIRECTION ( 'NONE',  ( -1.000000000000000000, 0.000000000000000000, 0.000000000000000000 ) ) ;
#2306 = EDGE_CURVE ( 'NONE', #1593, #1752, #3625, .T. ) ;
#2307 =( GEOMETRIC_REPRESENTATION_CONTEXT ( 3 ) GLOBAL_UNCERTAINTY_ASSIGNED_CONTEXT ( ( #1588 ) ) GLOBAL_UNIT_ASSIGNED_CONTEXT ( ( #502, #722, #1313 ) ) REPRESENTATION_CONTEXT ( 'NONE', 'WORKASPACE' ) );
#2308 = SURFACE_SIDE_STYLE ('',( #264 ) ) ;
#2309 = UNCERTAINTY_MEASURE_WITH_UNIT (LENGTH_MEASURE( 1.000000000000000082E-05 ), #2256, 'distance_accuracy_value', 'NONE');
#2310 = CYLINDRICAL_SURFACE ( 'NONE', #108, 0.2500000000000000000 ) ;
#2311 = COLOUR_RGB ( '',0.8470588235294117530, 0.8431372549019607865, 0.8470588235294117530 ) ;
#2312 = DIRECTION ( 'NONE',  ( -0.000000000000000000, -0.000000000000000000, -1.000000000000000000 ) ) ;
#2313 = VERTEX_POINT ( 'NONE', #1311 ) ;
#2314 = CARTESIAN_POINT ( 'NONE',  ( 0.000000000000000000, 1.550000000000000266, 2.000000000000000000 ) ) ;
#2315 = SURFACE_STYLE_USAGE ( .BOTH. , #2041 ) ;
#2316 = SURFACE_STYLE_USAGE ( .BOTH. , #904 ) ;
#2317 = ADVANCED_FACE ( 'NONE', ( #1924 ), #2221, .T. ) ;
#2318 = LINE ( 'NONE', #250, #2560 ) ;
#2319 = SURFACE_SIDE_STYLE ('',( #1150 ) ) ;
#2320 = LINE ( 'NONE', #26, #3400 ) ;
#2321 = FACE_OUTER_BOUND ( 'NONE', #1353, .T. ) ;
#2322 = EDGE_CURVE ( 'NONE', #3520, #447, #336, .T. ) ;
#2323 = VERTEX_POINT ( 'NONE', #3316 ) ;
#2324 = ORIENTED_EDGE ( 'NONE', *, *, #680, .F. ) ;
#2325 =( GEOMETRIC_REPRESENTATION_CONTEXT ( 3 ) GLOBAL_UNCERTAINTY_ASSIGNED_CONTEXT ( ( #230 ) ) GLOBAL_UNIT_ASSIGNED_CONTEXT ( ( #2575, #1685, #2887 ) ) REPRESENTATION_CONTEXT ( 'NONE', 'WORKASPACE' ) );
#2326 = SURFACE_STYLE_FILL_AREA ( #1441 ) ;
#2327 = DIRECTION ( 'NONE',  ( 0.000000000000000000, 0.000000000000000000, 1.000000000000000000 ) ) ;
#2328 = DIRECTION ( 'NONE',  ( -0.000000000000000000, -1.000000000000000000, -0.000000000000000000 ) ) ;
#2329 = ORIENTED_EDGE ( 'NONE', *, *, #1370, .F. ) ;
#2330 = CYLINDRICAL_SURFACE ( 'NONE', #2360, 0.3999999999999999667 ) ;
#2331 = FILL_AREA_STYLE ('',( #2636 ) ) ;
#2332 = EDGE_CURVE ( 'NONE', #1593, #3744, #1185, .T. ) ;
#2333 = FILL_AREA_STYLE_COLOUR ( '', #1569 ) ;
#2334 = CIRCLE ( 'NONE', #2468, 0.2500000000000002220 ) ;
#2335 = DIRECTION ( 'NONE',  ( 1.000000000000000000, 0.000000000000000000, 0.000000000000000000 ) ) ;
#2336 = ORIENTED_EDGE ( 'NONE', *, *, #1748, .F. ) ;
#2337 = LINE ( 'NONE', #886, #1629 ) ;
#2338 = ADVANCED_FACE ( 'NONE', ( #910 ), #3027, .F. ) ;
#2339 = LINE ( 'NONE', #3568, #1686 ) ;
#2340 = SURFACE_SIDE_STYLE ('',( #3335 ) ) ;
#2341 = EDGE_CURVE ( 'NONE', #2572, #297, #51, .T. ) ;
#2342 = EDGE_LOOP ( 'NONE', ( #3650, #3079, #2877, #1418 ) ) ;
#2343 =( GEOMETRIC_REPRESENTATION_CONTEXT ( 3 ) GLOBAL_UNCERTAINTY_ASSIGNED_CONTEXT ( ( #2477 ) ) GLOBAL_UNIT_ASSIGNED_CONTEXT ( ( #284, #2661, #2647 ) ) REPRESENTATION_CONTEXT ( 'NONE', 'WORKASPACE' ) );
#2344 = ORIENTED_EDGE ( 'NONE', *, *, #73, .T. ) ;
#2345 = CARTESIAN_POINT ( 'NONE',  ( 2.599999999999999645, 0.2500000000000000000, 2.200000000000000178 ) ) ;
#2346 = UNCERTAINTY_MEASURE_WITH_UNIT (LENGTH_MEASURE( 1.000000000000000082E-05 ), #3815, 'distance_accuracy_value', 'NONE');
#2347 = LINE ( 'NONE', #3575, #2669 ) ;
#2348 = CARTESIAN_POINT ( 'NONE',  ( -3.349999999999999645, 0.2500000000000000000, 2.200000000000000178 ) ) ;
#2349 = CARTESIAN_POINT ( 'NONE',  ( -4.246446609406725692, 4.700000000000000178, 2.096446609406726669 ) ) ;
#2350 =( LENGTH_UNIT ( ) NAMED_UNIT ( * ) SI_UNIT ( .MILLI., .METRE. ) );
#2351 = MECHANICAL_DESIGN_GEOMETRIC_PRESENTATION_REPRESENTATION (  '', ( #2802 ), #1852 ) ;
#2352 = EDGE_LOOP ( 'NONE', ( #747, #3658, #1436 ) ) ;
#2353 = CIRCLE ( 'NONE', #1184, 0.2500000000000002220 ) ;
#2354 = CIRCLE ( 'NONE', #3063, 0.3999999999999999667 ) ;
#2355 = CARTESIAN_POINT ( 'NONE',  ( 2.349999999999999645, 0.6999999999999992895, -2.000000000000000000 ) ) ;
#2356 = ORIENTED_EDGE ( 'NONE', *, *, #3325, .F. ) ;
#2357 = EDGE_CURVE ( 'NONE', #394, #758, #278, .T. ) ;
#2358 = ORIENTED_EDGE ( 'NONE', *, *, #3538, .F. ) ;
#2359 = LINE ( 'NONE', #2044, #832 ) ;
#2360 = AXIS2_PLACEMENT_3D ( 'NONE', #3794, #2828, #2511 ) ;
#2361 = DIRECTION ( 'NONE',  ( 1.000000000000000000, -0.000000000000000000, -0.000000000000000000 ) ) ;
#2362 = EDGE_CURVE ( 'NONE', #1954, #1448, #2676, .T. ) ;
#2363 = DIRECTION ( 'NONE',  ( 0.000000000000000000, 3.306546357697854719E-16, -1.000000000000000000 ) ) ;
#2364 = VERTEX_POINT ( 'NONE', #2381 ) ;
#2365 = COLOUR_RGB ( '',0.2509803921568627416, 0.2509803921568627416, 0.2509803921568627416 ) ;
#2366 = VECTOR ( 'NONE', #998, 1000.000000000000000 ) ;
#2367 = VERTEX_POINT ( 'NONE', #1209 ) ;
#2368 = VECTOR ( 'NONE', #1412, 1000.000000000000000 ) ;
#2369 = DIRECTION ( 'NONE',  ( 0.000000000000000000, 0.000000000000000000, 1.000000000000000000 ) ) ;
#2370 =( GEOMETRIC_REPRESENTATION_CONTEXT ( 3 ) GLOBAL_UNCERTAINTY_ASSIGNED_CONTEXT ( ( #2248 ) ) GLOBAL_UNIT_ASSIGNED_CONTEXT ( ( #847, #3543, #309 ) ) REPRESENTATION_CONTEXT ( 'NONE', 'WORKASPACE' ) );
#2371 = CARTESIAN_POINT ( 'NONE',  ( -3.349999999999999645, 0.2500000000000000000, 2.200000000000000178 ) ) ;
#2372 = ADVANCED_FACE ( 'NONE', ( #1536 ), #3608, .T. ) ;
#2373 = VECTOR ( 'NONE', #920, 1000.000000000000000 ) ;
#2374 = FILL_AREA_STYLE ('',( #1175 ) ) ;
#2375 = CARTESIAN_POINT ( 'NONE',  ( 4.349999999999999645, 3.826133144475920567, 2.427407932011331759 ) ) ;
#2376 = DIRECTION ( 'NONE',  ( 0.000000000000000000, 0.9408874118687268195, 0.3387194682727416861 ) ) ;
#2377 = CARTESIAN_POINT ( 'NONE',  ( -4.349999999999999645, -3.551475717527321860E-16, -0.7999999999999997113 ) ) ;
#2378 = VERTEX_POINT ( 'NONE', #2194 ) ;
#2379 = CARTESIAN_POINT ( 'NONE',  ( 2.349999999999999201, 0.2500000000000000555, 2.200000000000000178 ) ) ;
#2380 = SURFACE_SIDE_STYLE ('',( #1455 ) ) ;
#2381 = CARTESIAN_POINT ( 'NONE',  ( 2.349999999999999645, 1.349999999999999645, -2.200000000000000178 ) ) ;
#2382 = CARTESIAN_POINT ( 'NONE',  ( 0.000000000000000000, 0.7000000000000000666, 1.408343819019456275E-16 ) ) ;
#2383 = MECHANICAL_DESIGN_GEOMETRIC_PRESENTATION_REPRESENTATION (  '', ( #539 ), #726 ) ;
#2384 = EDGE_CURVE ( 'NONE', #1954, #2727, #1287, .T. ) ;
#2385 = DIRECTION ( 'NONE',  ( -1.000000000000000000, -0.000000000000000000, -0.000000000000000000 ) ) ;
#2386 = EDGE_LOOP ( 'NONE', ( #3067, #1660, #2029, #1212 ) ) ;
#2387 = ORIENTED_EDGE ( 'NONE', *, *, #179, .F. ) ;
#2388 = CIRCLE ( 'NONE', #3363, 0.2499999999999999445 ) ;
#2389 = DIRECTION ( 'NONE',  ( 0.000000000000000000, 6.245698675651497881E-16, 1.000000000000000000 ) ) ;
#2390 = ORIENTED_EDGE ( 'NONE', *, *, #509, .T. ) ;
#2391 = LINE ( 'NONE', #3616, #1515 ) ;
#2392 = CARTESIAN_POINT ( 'NONE',  ( -4.349999999999999645, 0.3999999999999995226, 4.065758146820638546E-17 ) ) ;
#2393 = CARTESIAN_POINT ( 'NONE',  ( 3.099999999999999645, 0.2500000000000000000, 2.200000000000000178 ) ) ;
#2394 = ORIENTED_EDGE ( 'NONE', *, *, #3738, .T. ) ;
#2395 = LINE ( 'NONE', #44, #3352 ) ;
#2396 = CARTESIAN_POINT ( 'NONE',  ( -4.349999999999999645, -8.573765555304644567E-16, 0.3999999999999997446 ) ) ;
#2397 = CARTESIAN_POINT ( 'NONE',  ( 3.169301702141829047, -1.067261513540418304E-16, 1.199999999999999734 ) ) ;
#2398 = CARTESIAN_POINT ( 'NONE',  ( -3.349999999999999645, 0.6999999999999991784, 2.200000000000000178 ) ) ;
#2399 = CARTESIAN_POINT ( 'NONE',  ( -4.099999999999999645, 4.450000000000000178, 0.000000000000000000 ) ) ;
#2400 = FACE_OUTER_BOUND ( 'NONE', #3165, .T. ) ;
#2401 = CARTESIAN_POINT ( 'NONE',  ( -3.949999999999999734, -1.734723475976807094E-15, 2.935478377556205177E-15 ) ) ;
#2402 = CARTESIAN_POINT ( 'NONE',  ( -2.349999999999998757, -5.510910596163085611E-16, 0.7999999999999997113 ) ) ;
#2403 = PRESENTATION_LAYER_ASSIGNMENT (  '', '', ( #3043 ) ) ;
#2404 = DIRECTION ( 'NONE',  ( 0.000000000000000000, 1.000000000000000000, -6.245698675651497881E-16 ) ) ;
#2405 = EDGE_LOOP ( 'NONE', ( #1410, #56, #3362, #978 ) ) ;
#2406 = EDGE_LOOP ( 'NONE', ( #3837, #2275, #1991, #596 ) ) ;
#2407 = CIRCLE ( 'NONE', #1486, 0.2500000000000003886 ) ;
#2408 = EDGE_CURVE ( 'NONE', #2323, #907, #3426, .T. ) ;
#2409 = PLANE ( 'NONE',  #2860 ) ;
#2410 = DIRECTION ( 'NONE',  ( 1.000000000000000000, 9.637352644315614471E-16, -0.000000000000000000 ) ) ;
#2411 = CARTESIAN_POINT ( 'NONE',  ( -2.000000000000000000, 4.700000000000000178, -2.828427124746190735 ) ) ;
#2412 = EDGE_CURVE ( 'NONE', #3187, #1093, #2418, .T. ) ;
#2413 = DIRECTION ( 'NONE',  ( 9.637352644315614471E-16, -1.000000000000000000, 0.000000000000000000 ) ) ;
#2414 =( LENGTH_UNIT ( ) NAMED_UNIT ( * ) SI_UNIT ( .MILLI., .METRE. ) );
#2415 = ORIENTED_EDGE ( 'NONE', *, *, #3624, .F. ) ;
#2416 = LINE ( 'NONE', #1268, #216 ) ;
#2417 = AXIS2_PLACEMENT_3D ( 'NONE', #3414, #2482, #2798 ) ;
#2418 = LINE ( 'NONE', #1875, #1096 ) ;
#2419 = DIRECTION ( 'NONE',  ( -0.000000000000000000, -1.000000000000000000, 0.000000000000000000 ) ) ;
#2420 = DIRECTION ( 'NONE',  ( 0.000000000000000000, 0.000000000000000000, 1.000000000000000000 ) ) ;
#2421 = VERTEX_POINT ( 'NONE', #139 ) ;
#2422 = AXIS2_PLACEMENT_3D ( 'NONE', #3698, #990, #1895 ) ;
#2423 = FILL_AREA_STYLE_COLOUR ( '', #828 ) ;
#2424 = CARTESIAN_POINT ( 'NONE',  ( 0.000000000000000000, 1.349999999999999645, -2.200000000000000178 ) ) ;
#2425 = VECTOR ( 'NONE', #3042, 1000.000000000000000 ) ;
#2426 = VECTOR ( 'NONE', #377, 1000.000000000000000 ) ;
#2427 = ORIENTED_EDGE ( 'NONE', *, *, #3757, .T. ) ;
#2428 = SURFACE_SIDE_STYLE ('',( #2714 ) ) ;
#2429 = VECTOR ( 'NONE', #272, 1000.000000000000000 ) ;
#2430 = LINE ( 'NONE', #348, #1253 ) ;
#2431 = EDGE_CURVE ( 'NONE', #3096, #1349, #2749, .T. ) ;
#2432 = SURFACE_SIDE_STYLE ('',( #326 ) ) ;
#2433 = ORIENTED_EDGE ( 'NONE', *, *, #1014, .T. ) ;
#2434 = VECTOR ( 'NONE', #2605, 1000.000000000000000 ) ;
#2435 = CARTESIAN_POINT ( 'NONE',  ( -2.349999999999998757, -3.551475717527321860E-16, -0.7999999999999997113 ) ) ;
#2436 = CARTESIAN_POINT ( 'NONE',  ( -4.349999999999999645, 0.3999999999999994116, 0.7999999999999997113 ) ) ;
#2437 = FILL_AREA_STYLE_COLOUR ( '', #2244 ) ;
#2438 = UNCERTAINTY_MEASURE_WITH_UNIT (LENGTH_MEASURE( 1.000000000000000082E-05 ), #2840, 'distance_accuracy_value', 'NONE');
#2439 = AXIS2_PLACEMENT_3D ( 'NONE', #2435, #80, #3327 ) ;
#2440 = CARTESIAN_POINT ( 'NONE',  ( -3.099999999999999645, 1.880790961315660013E-34, 2.200000000000000178 ) ) ;
#2441 = ADVANCED_FACE ( 'NONE', ( #2461 ), #711, .T. ) ;
#2442 = COLOUR_RGB ( '',0.2509803921568627416, 0.2509803921568627416, 0.2509803921568627416 ) ;
#2443 = FILL_AREA_STYLE ('',( #449 ) ) ;
#2444 = CARTESIAN_POINT ( 'NONE',  ( -3.349999999999999645, -5.510910596163085611E-16, 0.7999999999999997113 ) ) ;
#2445 = ORIENTED_EDGE ( 'NONE', *, *, #3694, .F. ) ;
#2446 = DIRECTION ( 'NONE',  ( -0.000000000000000000, -1.000000000000000000, 0.000000000000000000 ) ) ;
#2447 = DIRECTION ( 'NONE',  ( -0.000000000000000000, 0.000000000000000000, 1.000000000000000000 ) ) ;
#2448 = DIRECTION ( 'NONE',  ( 0.000000000000000000, 0.9408874118687268195, 0.3387194682727416861 ) ) ;
#2449 = FILL_AREA_STYLE_COLOUR ( '', #1654 ) ;
#2450 = DIRECTION ( 'NONE',  ( -1.000000000000000000, 4.989666635317766278E-20, 0.000000000000000000 ) ) ;
#2451 = DIRECTION ( 'NONE',  ( 0.000000000000000000, 1.000000000000000000, -0.000000000000000000 ) ) ;
#2452 = SURFACE_STYLE_USAGE ( .BOTH. , #993 ) ;
#2453 = PRESENTATION_STYLE_ASSIGNMENT (( #422 ) ) ;
#2454 = LINE ( 'NONE', #617, #3662 ) ;
#2455 = PRODUCT_DEFINITION_CONTEXT ( 'detailed design', #147, 'design' ) ;
#2456 = PRESENTATION_STYLE_ASSIGNMENT (( #2719 ) ) ;
#2457 = DIRECTION ( 'NONE',  ( 0.000000000000000000, 0.000000000000000000, 1.000000000000000000 ) ) ;
#2458 = ORIENTED_EDGE ( 'NONE', *, *, #871, .T. ) ;
#2459 = CARTESIAN_POINT ( 'NONE',  ( 3.329218458540547765, 0.1294374611323830249, 1.181844205578191698 ) ) ;
#2460 = ADVANCED_FACE ( 'NONE', ( #3065 ), #397, .T. ) ;
#2461 = FACE_OUTER_BOUND ( 'NONE', #550, .T. ) ;
#2462 = SURFACE_STYLE_USAGE ( .BOTH. , #1339 ) ;
#2463 = FACE_OUTER_BOUND ( 'NONE', #782, .T. ) ;
#2464 = ORIENTED_EDGE ( 'NONE', *, *, #1802, .T. ) ;
#2465 = LINE ( 'NONE', #3151, #633 ) ;
#2466 = CARTESIAN_POINT ( 'NONE',  ( -3.949999999999999734, 0.000000000000000000, 2.199999999999998845 ) ) ;
#2467 = COLOUR_RGB ( '',0.8470588235294117530, 0.8431372549019607865, 0.8470588235294117530 ) ;
#2468 = AXIS2_PLACEMENT_3D ( 'NONE', #234, #2613, #2639 ) ;
#2469 = LINE ( 'NONE', #2713, #180 ) ;
#2470 = FACE_OUTER_BOUND ( 'NONE', #2352, .T. ) ;
#2471 = ORIENTED_EDGE ( 'NONE', *, *, #1035, .F. ) ;
#2472 = CARTESIAN_POINT ( 'NONE',  ( -3.949999999999999734, -5.510910596163085611E-16, 0.7999999999999997113 ) ) ;
#2473 = CARTESIAN_POINT ( 'NONE',  ( 2.599999999999999645, 0.000000000000000000, 2.200000000000000178 ) ) ;
#2474 = ORIENTED_EDGE ( 'NONE', *, *, #1611, .F. ) ;
#2475 = PRESENTATION_LAYER_ASSIGNMENT (  '', '', ( #126 ) ) ;
#2476 = FILL_AREA_STYLE ('',( #442 ) ) ;
#2477 = UNCERTAINTY_MEASURE_WITH_UNIT (LENGTH_MEASURE( 1.000000000000000082E-05 ), #284, 'distance_accuracy_value', 'NONE');
#2478 =( NAMED_UNIT ( * ) PLANE_ANGLE_UNIT ( ) SI_UNIT ( $, .RADIAN. ) );
#2479 = SURFACE_STYLE_USAGE ( .BOTH. , #689 ) ;
#2480 = ORIENTED_EDGE ( 'NONE', *, *, #2137, .T. ) ;
#2481 = EDGE_CURVE ( 'NONE', #1957, #1378, #2388, .T. ) ;
#2482 = DIRECTION ( 'NONE',  ( 0.000000000000000000, -0.000000000000000000, 1.000000000000000000 ) ) ;
#2483 = CARTESIAN_POINT ( 'NONE',  ( -4.349999999999999645, -5.510910596163085611E-16, 0.7999999999999997113 ) ) ;
#2484 = CARTESIAN_POINT ( 'NONE',  ( 4.349999999999999645, -4.705761750646616909E-16, -1.199999999999999734 ) ) ;
#2485 = ORIENTED_EDGE ( 'NONE', *, *, #682, .T. ) ;
#2486 = SURFACE_STYLE_FILL_AREA ( #1304 ) ;
#2487 = FILL_AREA_STYLE_COLOUR ( '', #3069 ) ;
#2488 = SURFACE_STYLE_USAGE ( .BOTH. , #379 ) ;
#2489 = SURFACE_SIDE_STYLE ('',( #2184 ) ) ;
#2490 = ADVANCED_FACE ( 'NONE', ( #1847 ), #2869, .T. ) ;
#2491 = SURFACE_STYLE_FILL_AREA ( #795 ) ;
#2492 = AXIS2_PLACEMENT_3D ( 'NONE', #3248, #1181, #3584 ) ;
#2493 = EDGE_CURVE ( 'NONE', #3221, #1113, #2288, .T. ) ;
#2494 = DIRECTION ( 'NONE',  ( 2.065146995210484202E-16, -1.000000000000000000, -0.000000000000000000 ) ) ;
#2495 = VECTOR ( 'NONE', #3023, 1000.000000000000000 ) ;
#2496 = CARTESIAN_POINT ( 'NONE',  ( 3.949999999999999734, -3.606697673334801343E-16, 2.199999999999998845 ) ) ;
#2497 = AXIS2_PLACEMENT_3D ( 'NONE', #3735, #642, #46 ) ;
#2498 = VECTOR ( 'NONE', #355, 1000.000000000000000 ) ;
#2499 = EDGE_LOOP ( 'NONE', ( #2142, #1011, #807, #1570 ) ) ;
#2500 = VECTOR ( 'NONE', #2690, 1000.000000000000000 ) ;
#2501 = FACE_OUTER_BOUND ( 'NONE', #2803, .T. ) ;
#2502 = AXIS2_PLACEMENT_3D ( 'NONE', #483, #3474, #797 ) ;
#2503 =( LENGTH_UNIT ( ) NAMED_UNIT ( * ) SI_UNIT ( .MILLI., .METRE. ) );
#2504 = ORIENTED_EDGE ( 'NONE', *, *, #2243, .T. ) ;
#2505 = CARTESIAN_POINT ( 'NONE',  ( 0.000000000000000000, 1.407106781186548528, 1.408343819019456275E-16 ) ) ;
#2506 =( NAMED_UNIT ( * ) SI_UNIT ( $, .STERADIAN. ) SOLID_ANGLE_UNIT ( ) );
#2507 = AXIS2_PLACEMENT_3D ( 'NONE', #1230, #2419, #3656 ) ;
#2508 = FILL_AREA_STYLE_COLOUR ( '', #3724 ) ;
#2509 = ORIENTED_EDGE ( 'NONE', *, *, #3499, .T. ) ;
#2510 = DIRECTION ( 'NONE',  ( 0.000000000000000000, -0.3387194682727417416, 0.9408874118687268195 ) ) ;
#2511 = DIRECTION ( 'NONE',  ( 0.000000000000000000, 0.000000000000000000, -1.000000000000000000 ) ) ;
#2512 = CARTESIAN_POINT ( 'NONE',  ( -3.349999999999999645, 0.2500000000000000000, -2.200000000000000178 ) ) ;
#2513 = EDGE_CURVE ( 'NONE', #2060, #1524, #3260, .T. ) ;
#2514 = ORIENTED_EDGE ( 'NONE', *, *, #1331, .T. ) ;
#2515 = CARTESIAN_POINT ( 'NONE',  ( -3.306119003873634110, 0.1045571479292716488, -1.186916385698000731 ) ) ;
#2516 = COLOUR_RGB ( '',0.8470588235294117530, 0.8431372549019607865, 0.8470588235294117530 ) ;
#2517 = PRESENTATION_STYLE_ASSIGNMENT (( #2462 ) ) ;
#2518 = CARTESIAN_POINT ( 'NONE',  ( -2.000000000000000000, 3.550000000000000266, 8.200000000000001066 ) ) ;
#2519 = ORIENTED_EDGE ( 'NONE', *, *, #2357, .T. ) ;
#2520 = SURFACE_SIDE_STYLE ('',( #748 ) ) ;
#2521 = PLANE ( 'NONE',  #1508 ) ;
#2522 = LINE ( 'NONE', #494, #2178 ) ;
#2523 = CARTESIAN_POINT ( 'NONE',  ( 3.099999999999999645, 0.2500000000000000000, 2.200000000000000178 ) ) ;
#2524 = SURFACE_STYLE_FILL_AREA ( #2924 ) ;
#2525 = COLOUR_RGB ( '',0.8470588235294117530, 0.8431372549019607865, 0.8470588235294117530 ) ;
#2526 = UNCERTAINTY_MEASURE_WITH_UNIT (LENGTH_MEASURE( 1.000000000000000082E-05 ), #143, 'distance_accuracy_value', 'NONE');
#2527 =( NAMED_UNIT ( * ) PLANE_ANGLE_UNIT ( ) SI_UNIT ( $, .RADIAN. ) );
#2528 = ADVANCED_FACE ( 'NONE', ( #3307 ), #2310, .T. ) ;
#2529 = EDGE_LOOP ( 'NONE', ( #2415, #2909, #3822, #631, #366, #2889, #136, #1539 ) ) ;
#2530 = DIRECTION ( 'NONE',  ( 0.000000000000000000, -0.3387194682727417416, 0.9408874118687268195 ) ) ;
#2531 = EDGE_CURVE ( 'NONE', #1898, #92, #3238, .T. ) ;
#2532 = MECHANICAL_DESIGN_GEOMETRIC_PRESENTATION_REPRESENTATION (  '', ( #3052 ), #3243 ) ;
#2533 = ORIENTED_EDGE ( 'NONE', *, *, #2006, .T. ) ;
#2534 = AXIS2_PLACEMENT_3D ( 'NONE', #3458, #778, #484 ) ;
#2535 = CARTESIAN_POINT ( 'NONE',  ( -4.349999999999999645, 4.700000000000000178, 0.000000000000000000 ) ) ;
#2536 = ORIENTED_EDGE ( 'NONE', *, *, #1517, .F. ) ;
#2537 = VECTOR ( 'NONE', #2769, 1000.000000000000000 ) ;
#2538 = CARTESIAN_POINT ( 'NONE',  ( 0.000000000000000000, 4.450000000000000178, -1.950000000000000178 ) ) ;
#2539 = ORIENTED_EDGE ( 'NONE', *, *, #894, .T. ) ;
#2540 =( LENGTH_UNIT ( ) NAMED_UNIT ( * ) SI_UNIT ( .MILLI., .METRE. ) );
#2541 = SURFACE_SIDE_STYLE ('',( #2491 ) ) ;
#2542 = FILL_AREA_STYLE_COLOUR ( '', #1421 ) ;
#2543 = STYLED_ITEM ( 'NONE', ( #815 ), #57 ) ;
#2544 = DIRECTION ( 'NONE',  ( -1.000000000000000000, 0.000000000000000000, 0.000000000000000000 ) ) ;
#2545 = SURFACE_SIDE_STYLE ('',( #155 ) ) ;
#2546 = EDGE_CURVE ( 'NONE', #3617, #1598, #3832, .T. ) ;
#2547 = VECTOR ( 'NONE', #2984, 1000.000000000000000 ) ;
#2548 = MECHANICAL_DESIGN_GEOMETRIC_PRESENTATION_REPRESENTATION (  '', ( #2292 ), #710 ) ;
#2549 = CARTESIAN_POINT ( 'NONE',  ( 2.349999999999999645, 0.6999999999999992895, 2.000000000000000000 ) ) ;
#2550 = VERTEX_POINT ( 'NONE', #602 ) ;
#2551 = DIRECTION ( 'NONE',  ( -1.000000000000000000, -0.000000000000000000, -0.000000000000000000 ) ) ;
#2552 = ORIENTED_EDGE ( 'NONE', *, *, #2412, .T. ) ;
#2553 = FILL_AREA_STYLE_COLOUR ( '', #3144 ) ;
#2554 = VECTOR ( 'NONE', #306, 1000.000000000000000 ) ;
#2555 = EDGE_CURVE ( 'NONE', #811, #2677, #2930, .T. ) ;
#2556 = ADVANCED_FACE ( 'NONE', ( #2630 ), #3811, .T. ) ;
#2557 = ORIENTED_EDGE ( 'NONE', *, *, #61, .T. ) ;
#2558 =( NAMED_UNIT ( * ) PLANE_ANGLE_UNIT ( ) SI_UNIT ( $, .RADIAN. ) );
#2559 = DIRECTION ( 'NONE',  ( 0.000000000000000000, 0.000000000000000000, -1.000000000000000000 ) ) ;
#2560 = VECTOR ( 'NONE', #3814, 1000.000000000000000 ) ;
#2561 = ORIENTED_EDGE ( 'NONE', *, *, #2670, .T. ) ;
#2562 = FILL_AREA_STYLE_COLOUR ( '', #3756 ) ;
#2563 = LINE ( 'NONE', #244, #3269 ) ;
#2564 = SURFACE_SIDE_STYLE ('',( #1393 ) ) ;
#2565 = CARTESIAN_POINT ( 'NONE',  ( 0.000000000000000000, -2.349999999999999645, 1.408343819019456275E-16 ) ) ;
#2566 = VECTOR ( 'NONE', #1484, 1000.000000000000000 ) ;
#2567 = ORIENTED_EDGE ( 'NONE', *, *, #3614, .F. ) ;
#2568 = ORIENTED_EDGE ( 'NONE', *, *, #2761, .F. ) ;
#2569 =( NAMED_UNIT ( * ) PLANE_ANGLE_UNIT ( ) SI_UNIT ( $, .RADIAN. ) );
#2570 = FACE_OUTER_BOUND ( 'NONE', #339, .T. ) ;
#2571 = EDGE_CURVE ( 'NONE', #3168, #3230, #1582, .T. ) ;
#2572 = VERTEX_POINT ( 'NONE', #3056 ) ;
#2573 =( LENGTH_UNIT ( ) NAMED_UNIT ( * ) SI_UNIT ( .MILLI., .METRE. ) );
#2574 = CARTESIAN_POINT ( 'NONE',  ( -3.099999999999999645, 0.2500000000000000000, 2.200000000000000178 ) ) ;
#2575 =( LENGTH_UNIT ( ) NAMED_UNIT ( * ) SI_UNIT ( .MILLI., .METRE. ) );
#2576 = EDGE_CURVE ( 'NONE', #2633, #1093, #2430, .T. ) ;
#2577 = UNCERTAINTY_MEASURE_WITH_UNIT (LENGTH_MEASURE( 1.000000000000000082E-05 ), #3778, 'distance_accuracy_value', 'NONE');
#2578 = CARTESIAN_POINT ( 'NONE',  ( 2.600000000000000089, -6.245698675651497881E-16, 1.199999999999999734 ) ) ;
#2579 = DIRECTION ( 'NONE',  ( -1.000000000000000000, 0.000000000000000000, 0.000000000000000000 ) ) ;
#2580 = CARTESIAN_POINT ( 'NONE',  ( -2.599999999999999645, 0.2500000000000000000, 2.200000000000000178 ) ) ;
#2581 = CIRCLE ( 'NONE', #613, 0.3999999999999999667 ) ;
#2582 = UNCERTAINTY_MEASURE_WITH_UNIT (LENGTH_MEASURE( 1.000000000000000082E-05 ), #1891, 'distance_accuracy_value', 'NONE');
#2583 = CARTESIAN_POINT ( 'NONE',  ( 0.000000000000000000, 1.407106781186548528, 1.408343819019456275E-16 ) ) ;
#2584 = CARTESIAN_POINT ( 'NONE',  ( -2.599999999999999645, -1.084202172485504434E-16, 2.200000000000000178 ) ) ;
#2585 = AXIS2_PLACEMENT_3D ( 'NONE', #2538, #475, #1651 ) ;
#2586 = VERTEX_POINT ( 'NONE', #383 ) ;
#2587 = DIRECTION ( 'NONE',  ( 1.000000000000000000, 0.000000000000000000, -0.000000000000000000 ) ) ;
#2588 = STYLED_ITEM ( 'NONE', ( #1887 ), #3790 ) ;
#2589 = CARTESIAN_POINT ( 'NONE',  ( 3.349999999999999645, 0.2500000000000000000, 2.200000000000000178 ) ) ;
#2590 = SURFACE_STYLE_USAGE ( .BOTH. , #2294 ) ;
#2591 = LINE ( 'NONE', #3604, #89 ) ;
#2592 = EDGE_CURVE ( 'NONE', #1105, #3240, #2354, .T. ) ;
#2593 = SURFACE_STYLE_USAGE ( .BOTH. , #279 ) ;
#2594 = FACE_OUTER_BOUND ( 'NONE', #35, .T. ) ;
#2595 = ORIENTED_EDGE ( 'NONE', *, *, #315, .T. ) ;
#2596 = EDGE_LOOP ( 'NONE', ( #3508, #2091, #1039, #1705 ) ) ;
#2597 = DIRECTION ( 'NONE',  ( 2.065146995210484202E-16, -1.000000000000000000, 0.000000000000000000 ) ) ;
#2598 =( GEOMETRIC_REPRESENTATION_CONTEXT ( 3 ) GLOBAL_UNCERTAINTY_ASSIGNED_CONTEXT ( ( #2155 ) ) GLOBAL_UNIT_ASSIGNED_CONTEXT ( ( #3215, #3285, #1768 ) ) REPRESENTATION_CONTEXT ( 'NONE', 'WORKASPACE' ) );
#2599 = VECTOR ( 'NONE', #1938, 1000.000000000000000 ) ;
#2600 = STYLED_ITEM ( 'NONE', ( #1456 ), #2338 ) ;
#2601 = PLANE ( 'NONE',  #2038 ) ;
#2602 = FILL_AREA_STYLE ('',( #1708 ) ) ;
#2603 = EDGE_CURVE ( 'NONE', #3751, #142, #365, .T. ) ;
#2604 = DIRECTION ( 'NONE',  ( 0.000000000000000000, 0.000000000000000000, 1.000000000000000000 ) ) ;
#2605 = DIRECTION ( 'NONE',  ( -0.000000000000000000, -0.000000000000000000, -1.000000000000000000 ) ) ;
#2606 = EDGE_CURVE ( 'NONE', #3380, #3014, #3509, .T. ) ;
#2607 = ORIENTED_EDGE ( 'NONE', *, *, #3738, .F. ) ;
#2608 = COLOUR_RGB ( '',0.8470588235294117530, 0.8431372549019607865, 0.8470588235294117530 ) ;
#2609 = EDGE_LOOP ( 'NONE', ( #3645, #2964, #3785 ) ) ;
#2610 = PRESENTATION_STYLE_ASSIGNMENT (( #2315 ) ) ;
#2611 = AXIS2_PLACEMENT_3D ( 'NONE', #220, #2834, #1929 ) ;
#2612 = VECTOR ( 'NONE', #3235, 1000.000000000000000 ) ;
#2613 = DIRECTION ( 'NONE',  ( -0.000000000000000000, -0.000000000000000000, -1.000000000000000000 ) ) ;
#2614 =( NAMED_UNIT ( * ) PLANE_ANGLE_UNIT ( ) SI_UNIT ( $, .RADIAN. ) );
#2615 = ORIENTED_EDGE ( 'NONE', *, *, #2704, .F. ) ;
#2616 = CARTESIAN_POINT ( 'NONE',  ( -2.349999999999999645, 1.349999999999999645, 2.000000000000000000 ) ) ;
#2617 = PRESENTATION_LAYER_ASSIGNMENT (  '', '', ( #454 ) ) ;
#2618 = PRESENTATION_LAYER_ASSIGNMENT (  '', '', ( #3836 ) ) ;
#2619 = FILL_AREA_STYLE ('',( #3186 ) ) ;
#2620 =( LENGTH_UNIT ( ) NAMED_UNIT ( * ) SI_UNIT ( .MILLI., .METRE. ) );
#2621 = ORIENTED_EDGE ( 'NONE', *, *, #105, .F. ) ;
#2622 = COLOUR_RGB ( '',0.2509803921568627416, 0.2509803921568627416, 0.2509803921568627416 ) ;
#2623 = COLOUR_RGB ( '',0.8470588235294117530, 0.8431372549019607865, 0.8470588235294117530 ) ;
#2624 = VERTEX_POINT ( 'NONE', #76 ) ;
#2625 = AXIS2_PLACEMENT_3D ( 'NONE', #2901, #1129, #888 ) ;
#2626 = PRESENTATION_STYLE_ASSIGNMENT (( #1782 ) ) ;
#2627 = EDGE_CURVE ( 'NONE', #3626, #960, #3664, .T. ) ;
#2628 = DIRECTION ( 'NONE',  ( -1.000000000000000000, 0.000000000000000000, 0.000000000000000000 ) ) ;
#2629 =( NAMED_UNIT ( * ) PLANE_ANGLE_UNIT ( ) SI_UNIT ( $, .RADIAN. ) );
#2630 = FACE_OUTER_BOUND ( 'NONE', #3440, .T. ) ;
#2631 = STYLED_ITEM ( 'NONE', ( #2517 ), #549 ) ;
#2632 = DIRECTION ( 'NONE',  ( 0.000000000000000000, -1.000000000000000000, 0.000000000000000000 ) ) ;
#2633 = VERTEX_POINT ( 'NONE', #3388 ) ;
#2634 = EDGE_CURVE ( 'NONE', #960, #1876, #704, .T. ) ;
#2635 = DIRECTION ( 'NONE',  ( 0.000000000000000000, 0.000000000000000000, -1.000000000000000000 ) ) ;
#2636 = FILL_AREA_STYLE_COLOUR ( '', #1265 ) ;
#2637 = EDGE_CURVE ( 'NONE', #2710, #297, #131, .T. ) ;
#2638 = PLANE ( 'NONE',  #3080 ) ;
#2639 = DIRECTION ( 'NONE',  ( -1.000000000000000000, 0.000000000000000000, 0.000000000000000000 ) ) ;
#2640 = SURFACE_STYLE_FILL_AREA ( #2982 ) ;
#2641 = EDGE_LOOP ( 'NONE', ( #3295, #2996, #3526, #3300 ) ) ;
#2642 = DIRECTION ( 'NONE',  ( 9.795786256852418525E-32, -1.016439536705160777E-16, 1.000000000000000000 ) ) ;
#2643 = STYLED_ITEM ( 'NONE', ( #1591 ), #2460 ) ;
#2644 = CARTESIAN_POINT ( 'NONE',  ( 0.000000000000000000, 3.550000000000000266, 8.200000000000001066 ) ) ;
#2645 = ORIENTED_EDGE ( 'NONE', *, *, #2165, .T. ) ;
#2646 = VERTEX_POINT ( 'NONE', #3430 ) ;
#2647 =( NAMED_UNIT ( * ) SI_UNIT ( $, .STERADIAN. ) SOLID_ANGLE_UNIT ( ) );
#2648 = CARTESIAN_POINT ( 'NONE',  ( -2.599999999999999645, 0.000000000000000000, -2.200000000000000178 ) ) ;
#2649 =( NAMED_UNIT ( * ) SI_UNIT ( $, .STERADIAN. ) SOLID_ANGLE_UNIT ( ) );
#2650 = EDGE_CURVE ( 'NONE', #2700, #3135, #1921, .T. ) ;
#2651 = LINE ( 'NONE', #1144, #3343 ) ;
#2652 = EDGE_LOOP ( 'NONE', ( #2069, #766, #3220, #3402 ) ) ;
#2653 = CARTESIAN_POINT ( 'NONE',  ( -3.349999999999999201, 0.1959718679618051573, 1.155507025103987395 ) ) ;
#2654 = ADVANCED_FACE ( 'NONE', ( #3679 ), #2772, .T. ) ;
#2655 = AXIS2_PLACEMENT_3D ( 'NONE', #1009, #3054, #2450 ) ;
#2656 = ORIENTED_EDGE ( 'NONE', *, *, #2808, .T. ) ;
#2657 = DIRECTION ( 'NONE',  ( 0.000000000000000000, 1.000000000000000000, 0.000000000000000000 ) ) ;
#2658 = CARTESIAN_POINT ( 'NONE',  ( -4.349999999999999645, -3.551475717527321860E-16, -0.7999999999999997113 ) ) ;
#2659 = ORIENTED_EDGE ( 'NONE', *, *, #2002, .T. ) ;
#2660 = DIRECTION ( 'NONE',  ( 1.000000000000000000, -0.000000000000000000, 0.000000000000000000 ) ) ;
#2661 =( NAMED_UNIT ( * ) PLANE_ANGLE_UNIT ( ) SI_UNIT ( $, .RADIAN. ) );
#2662 =( NAMED_UNIT ( * ) SI_UNIT ( $, .STERADIAN. ) SOLID_ANGLE_UNIT ( ) );
#2663 = UNCERTAINTY_MEASURE_WITH_UNIT (LENGTH_MEASURE( 1.000000000000000082E-05 ), #1080, 'distance_accuracy_value', 'NONE');
#2664 = CARTESIAN_POINT ( 'NONE',  ( 0.000000000000000000, 0.7000000000000000666, 2.200000000000000178 ) ) ;
#2665 = CARTESIAN_POINT ( 'NONE',  ( 2.349999999999999645, 0.6999999999999991784, 2.200000000000000178 ) ) ;
#2666 = CARTESIAN_POINT ( 'NONE',  ( 0.000000000000000000, 0.7000000000000000666, -0.2499999999999998335 ) ) ;
#2667 =( GEOMETRIC_REPRESENTATION_CONTEXT ( 3 ) GLOBAL_UNCERTAINTY_ASSIGNED_CONTEXT ( ( #3512 ) ) GLOBAL_UNIT_ASSIGNED_CONTEXT ( ( #2066, #949, #2942 ) ) REPRESENTATION_CONTEXT ( 'NONE', 'WORKASPACE' ) );
#2668 = ORIENTED_EDGE ( 'NONE', *, *, #894, .F. ) ;
#2669 = VECTOR ( 'NONE', #1138, 1000.000000000000000 ) ;
#2670 = EDGE_CURVE ( 'NONE', #1593, #1321, #2198, .T. ) ;
#2671 = ORIENTED_EDGE ( 'NONE', *, *, #2306, .F. ) ;
#2672 = LINE ( 'NONE', #2296, #896 ) ;
#2673 = DIRECTION ( 'NONE',  ( -0.000000000000000000, -1.000000000000000000, -0.000000000000000000 ) ) ;
#2674 = MECHANICAL_DESIGN_GEOMETRIC_PRESENTATION_REPRESENTATION (  '', ( #3830 ), #1079 ) ;
#2675 = CARTESIAN_POINT ( 'NONE',  ( 3.949999999999999734, -1.250000000000000222, -0.6000000000000001998 ) ) ;
#2676 = LINE ( 'NONE', #2401, #1795 ) ;
#2677 = VERTEX_POINT ( 'NONE', #433 ) ;
#2678 = AXIS2_PLACEMENT_3D ( 'NONE', #2535, #3760, #1076 ) ;
#2679 = EDGE_CURVE ( 'NONE', #2945, #3309, #401, .T. ) ;
#2680 = EDGE_LOOP ( 'NONE', ( #1371, #64, #1983, #3697 ) ) ;
#2681 = AXIS2_PLACEMENT_3D ( 'NONE', #3061, #666, #1789 ) ;
#2682 = DIRECTION ( 'NONE',  ( 1.000000000000000000, 0.000000000000000000, 0.000000000000000000 ) ) ;
#2683 = B_SPLINE_CURVE_WITH_KNOTS ( 'NONE', 3,
 ( #2954, #3287, #615, #3259, #2975, #3870, #1784, #3576 ),
 .UNSPECIFIED., .F., .F.,
 ( 4, 2, 2, 4 ),
 ( 6.113947262702201624E-21, 0.0002049309090525870084, 0.0003073963635788805261, 0.0004098618181051740168 ),
 .UNSPECIFIED. ) ;
#2684 = FACE_OUTER_BOUND ( 'NONE', #3041, .T. ) ;
#2685 = MECHANICAL_DESIGN_GEOMETRIC_PRESENTATION_REPRESENTATION (  '', ( #1811 ), #838 ) ;
#2686 = MECHANICAL_DESIGN_GEOMETRIC_PRESENTATION_REPRESENTATION (  '', ( #3524 ), #3203 ) ;
#2687 =( NAMED_UNIT ( * ) PLANE_ANGLE_UNIT ( ) SI_UNIT ( $, .RADIAN. ) );
#2688 = VECTOR ( 'NONE', #1174, 1000.000000000000000 ) ;
#2689 = FILL_AREA_STYLE ('',( #639 ) ) ;
#2690 = DIRECTION ( 'NONE',  ( -0.000000000000000000, -1.000000000000000000, -0.000000000000000000 ) ) ;
#2691 = DIRECTION ( 'NONE',  ( 1.000000000000000000, 0.000000000000000000, 0.000000000000000000 ) ) ;
#2692 = COLOUR_RGB ( '',0.2509803921568627416, 0.2509803921568627416, 0.2509803921568627416 ) ;
#2693 = VERTEX_POINT ( 'NONE', #1894 ) ;
#2694 = PRESENTATION_LAYER_ASSIGNMENT (  '', '', ( #3209 ) ) ;
#2695 = VERTEX_POINT ( 'NONE', #1913 ) ;
#2696 = LINE ( 'NONE', #3646, #2766 ) ;
#2697 = FACE_OUTER_BOUND ( 'NONE', #3279, .T. ) ;
#2698 = PRESENTATION_LAYER_ASSIGNMENT (  '', '', ( #3289 ) ) ;
#2699 = DIRECTION ( 'NONE',  ( -1.000000000000000000, -0.000000000000000000, 0.000000000000000000 ) ) ;
#2700 = VERTEX_POINT ( 'NONE', #164 ) ;
#2701 = PLANE ( 'NONE',  #3334 ) ;
#2702 =( NAMED_UNIT ( * ) SI_UNIT ( $, .STERADIAN. ) SOLID_ANGLE_UNIT ( ) );
#2703 =( NAMED_UNIT ( * ) PLANE_ANGLE_UNIT ( ) SI_UNIT ( $, .RADIAN. ) );
#2704 = EDGE_CURVE ( 'NONE', #3156, #2970, #1058, .T. ) ;
#2705 = DIRECTION ( 'NONE',  ( 1.000000000000000000, 0.000000000000000000, 0.000000000000000000 ) ) ;
#2706 = DIRECTION ( 'NONE',  ( 9.637352644315614471E-16, -1.000000000000000000, 0.000000000000000000 ) ) ;
#2707 = DIRECTION ( 'NONE',  ( 0.000000000000000000, 0.000000000000000000, 1.000000000000000000 ) ) ;
#2708 = FILL_AREA_STYLE_COLOUR ( '', #2525 ) ;
#2709 = VERTEX_POINT ( 'NONE', #1612 ) ;
#2710 = VERTEX_POINT ( 'NONE', #2214 ) ;
#2711 = SPHERICAL_SURFACE ( 'NONE', #448, 0.2500000000000000000 ) ;
#2712 = EDGE_CURVE ( 'NONE', #849, #1422, #3446, .T. ) ;
#2713 = CARTESIAN_POINT ( 'NONE',  ( -3.949999999999999734, -1.250000000000000666, -0.6000000000000000888 ) ) ;
#2714 = SURFACE_STYLE_FILL_AREA ( #635 ) ;
#2715 = CARTESIAN_POINT ( 'NONE',  ( -4.349999999999999645, 4.596446609406726225, 2.200000000000000178 ) ) ;
#2716 = CARTESIAN_POINT ( 'NONE',  ( -4.349999999999999645, -5.510910596163085611E-16, 0.7999999999999997113 ) ) ;
#2717 = FACE_OUTER_BOUND ( 'NONE', #3231, .T. ) ;
#2718 = ORIENTED_EDGE ( 'NONE', *, *, #697, .F. ) ;
#2719 = SURFACE_STYLE_USAGE ( .BOTH. , #1280 ) ;
#2720 = CARTESIAN_POINT ( 'NONE',  ( -2.349999999999999645, 1.349999999999999645, -2.000000000000000000 ) ) ;
#2721 = B_SPLINE_CURVE_WITH_KNOTS ( 'NONE', 3,
 ( #537, #2025, #2279, #3251, #3820, #3530, #1478, #1415 ),
 .UNSPECIFIED., .F., .F.,
 ( 4, 2, 2, 4 ),
 ( 1.444658443303299715E-20, 0.0002049309090525871710, 0.0003073963635788806888, 0.0004098618181051742878 ),
 .UNSPECIFIED. ) ;
#2722 = EDGE_LOOP ( 'NONE', ( #940, #3147, #3445, #3255 ) ) ;
#2723 = CARTESIAN_POINT ( 'NONE',  ( -3.349999999999999645, 0.3999999999999994116, 0.7999999999999997113 ) ) ;
#2724 = PLANE ( 'NONE',  #3277 ) ;
#2725 =( GEOMETRIC_REPRESENTATION_CONTEXT ( 3 ) GLOBAL_UNCERTAINTY_ASSIGNED_CONTEXT ( ( #39 ) ) GLOBAL_UNIT_ASSIGNED_CONTEXT ( ( #2944, #1499, #3299 ) ) REPRESENTATION_CONTEXT ( 'NONE', 'WORKASPACE' ) );
#2726 = CARTESIAN_POINT ( 'NONE',  ( 3.349999999999999645, 0.2500000000000000000, 2.200000000000000178 ) ) ;
#2727 = VERTEX_POINT ( 'NONE', #3729 ) ;
#2728 = ORIENTED_EDGE ( 'NONE', *, *, #984, .F. ) ;
#2729 = CARTESIAN_POINT ( 'NONE',  ( 0.000000000000000000, 4.450000000000000178, 2.200000000000000178 ) ) ;
#2730 = EDGE_CURVE ( 'NONE', #1791, #3254, #2465, .T. ) ;
#2731 = COLOUR_RGB ( '',0.8470588235294117530, 0.8431372549019607865, 0.8470588235294117530 ) ;
#2732 = DIRECTION ( 'NONE',  ( 0.000000000000000000, -0.000000000000000000, 1.000000000000000000 ) ) ;
#2733 = PLANE ( 'NONE',  #2655 ) ;
#2734 = SURFACE_STYLE_FILL_AREA ( #1545 ) ;
#2735 = SURFACE_STYLE_FILL_AREA ( #2689 ) ;
#2736 = CARTESIAN_POINT ( 'NONE',  ( 3.949999999999999734, 0.000000000000000000, -2.199999999999998845 ) ) ;
#2737 = DIRECTION ( 'NONE',  ( 1.224646799147353207E-16, 0.000000000000000000, -1.000000000000000000 ) ) ;
#2738 = MECHANICAL_DESIGN_GEOMETRIC_PRESENTATION_REPRESENTATION (  '', ( #1360 ), #2031 ) ;
#2739 = SURFACE_STYLE_USAGE ( .BOTH. , #2432 ) ;
#2740 = ORIENTED_EDGE ( 'NONE', *, *, #3824, .F. ) ;
#2741 = DIRECTION ( 'NONE',  ( -1.000000000000000000, 0.000000000000000000, 0.000000000000000000 ) ) ;
#2742 = FILL_AREA_STYLE_COLOUR ( '', #1385 ) ;
#2743 = DIRECTION ( 'NONE',  ( 0.000000000000000000, 0.000000000000000000, -1.000000000000000000 ) ) ;
#2744 = PRESENTATION_LAYER_ASSIGNMENT (  '', '', ( #510 ) ) ;
#2745 = ORIENTED_EDGE ( 'NONE', *, *, #2780, .F. ) ;
#2746 = VECTOR ( 'NONE', #3397, 1000.000000000000000 ) ;
#2747 = CARTESIAN_POINT ( 'NONE',  ( 3.349999999999999201, 0.2500000000000000000, 1.112249899919919072 ) ) ;
#2748 = SURFACE_SIDE_STYLE ('',( #2085 ) ) ;
#2749 = LINE ( 'NONE', #3045, #2255 ) ;
#2750 = PRESENTATION_STYLE_ASSIGNMENT (( #2088 ) ) ;
#2751 =( NAMED_UNIT ( * ) PLANE_ANGLE_UNIT ( ) SI_UNIT ( $, .RADIAN. ) );
#2752 = ORIENTED_EDGE ( 'NONE', *, *, #3781, .F. ) ;
#2753 = MECHANICAL_DESIGN_GEOMETRIC_PRESENTATION_REPRESENTATION (  '', ( #428 ), #643 ) ;
#2754 = PLANE ( 'NONE',  #1206 ) ;
#2755 = FILL_AREA_STYLE ('',( #2110 ) ) ;
#2756 = PRESENTATION_LAYER_ASSIGNMENT (  '', '', ( #769 ) ) ;
#2757 = PRESENTATION_LAYER_ASSIGNMENT (  '', '', ( #3830 ) ) ;
#2758 = ORIENTED_EDGE ( 'NONE', *, *, #1423, .F. ) ;
#2759 = MECHANICAL_DESIGN_GEOMETRIC_PRESENTATION_REPRESENTATION (  '', ( #330 ), #3716 ) ;
#2760 = CARTESIAN_POINT ( 'NONE',  ( -3.949999999999999734, 4.645085803432136728, 0.3432137285491438372 ) ) ;
#2761 = EDGE_CURVE ( 'NONE', #2302, #2060, #1648, .T. ) ;
#2762 = VECTOR ( 'NONE', #1475, 1000.000000000000000 ) ;
#2763 = COLOUR_RGB ( '',0.2509803921568627416, 0.2509803921568627416, 0.2509803921568627416 ) ;
#2764 = CARTESIAN_POINT ( 'NONE',  ( 3.061616997868383018E-17, 0.7000000000000000666, 0.2500000000000001665 ) ) ;
#2765 = UNCERTAINTY_MEASURE_WITH_UNIT (LENGTH_MEASURE( 1.000000000000000082E-05 ), #3016, 'distance_accuracy_value', 'NONE');
#2766 = VECTOR ( 'NONE', #1511, 1000.000000000000000 ) ;
#2767 = CARTESIAN_POINT ( 'NONE',  ( 2.168404344971009854E-16, 3.550000000000000266, 8.200000000000001066 ) ) ;
#2768 = PRESENTATION_LAYER_ASSIGNMENT (  '', '', ( #2127 ) ) ;
#2769 = DIRECTION ( 'NONE',  ( 0.000000000000000000, 1.000000000000000000, 2.168404344971008868E-16 ) ) ;
#2770 = DIRECTION ( 'NONE',  ( 2.065146995210484202E-16, -1.000000000000000000, -0.000000000000000000 ) ) ;
#2771 = ORIENTED_EDGE ( 'NONE', *, *, #3781, .T. ) ;
#2772 = CYLINDRICAL_SURFACE ( 'NONE', #2283, 0.2500000000000000000 ) ;
#2773 = SURFACE_STYLE_FILL_AREA ( #1059 ) ;
#2774 = FILL_AREA_STYLE ('',( #2449 ) ) ;
#2775 =( GEOMETRIC_REPRESENTATION_CONTEXT ( 3 ) GLOBAL_UNCERTAINTY_ASSIGNED_CONTEXT ( ( #2865 ) ) GLOBAL_UNIT_ASSIGNED_CONTEXT ( ( #1301, #2174, #1608 ) ) REPRESENTATION_CONTEXT ( 'NONE', 'WORKASPACE' ) );
#2776 = DIRECTION ( 'NONE',  ( 0.000000000000000000, -0.9408874118687269306, 0.3387194682727414086 ) ) ;
#2777 = SURFACE_STYLE_USAGE ( .BOTH. , #3081 ) ;
#2778 =( NAMED_UNIT ( * ) PLANE_ANGLE_UNIT ( ) SI_UNIT ( $, .RADIAN. ) );
#2779 = CARTESIAN_POINT ( 'NONE',  ( 3.344045254895051466E-16, 1.499999999999999556, 2.000000000000000000 ) ) ;
#2780 = EDGE_CURVE ( 'NONE', #2232, #3751, #124, .T. ) ;
#2781 = DIRECTION ( 'NONE',  ( 0.000000000000000000, 1.016439536705160777E-16, -1.000000000000000000 ) ) ;
#2782 = ADVANCED_FACE ( 'NONE', ( #715 ), #3093, .T. ) ;
#2783 = SURFACE_STYLE_FILL_AREA ( #413 ) ;
#2784 =( NAMED_UNIT ( * ) SI_UNIT ( $, .STERADIAN. ) SOLID_ANGLE_UNIT ( ) );
#2785 = ORIENTED_EDGE ( 'NONE', *, *, #1352, .T. ) ;
#2786 =( NAMED_UNIT ( * ) SI_UNIT ( $, .STERADIAN. ) SOLID_ANGLE_UNIT ( ) );
#2787 =( LENGTH_UNIT ( ) NAMED_UNIT ( * ) SI_UNIT ( .MILLI., .METRE. ) );
#2788 = DIRECTION ( 'NONE',  ( 1.000000000000000000, 9.637352644315614471E-16, -0.000000000000000000 ) ) ;
#2789 = MECHANICAL_DESIGN_GEOMETRIC_PRESENTATION_REPRESENTATION (  '', ( #1109 ), #2908 ) ;
#2790 = ADVANCED_FACE ( 'NONE', ( #625 ), #3008, .T. ) ;
#2791 = DIRECTION ( 'NONE',  ( 0.000000000000000000, 1.000000000000000000, -6.245698675651497881E-16 ) ) ;
#2792 = FILL_AREA_STYLE ('',( #1310 ) ) ;
#2793 = LINE ( 'NONE', #1364, #3644 ) ;
#2794 = FACE_OUTER_BOUND ( 'NONE', #2011, .T. ) ;
#2795 = DIRECTION ( 'NONE',  ( -0.000000000000000000, -0.000000000000000000, -1.000000000000000000 ) ) ;
#2796 = ORIENTED_EDGE ( 'NONE', *, *, #1269, .F. ) ;
#2797 = ORIENTED_EDGE ( 'NONE', *, *, #387, .T. ) ;
#2798 = DIRECTION ( 'NONE',  ( 1.000000000000000000, 0.000000000000000000, -0.000000000000000000 ) ) ;
#2799 = PRESENTATION_LAYER_ASSIGNMENT (  '', '', ( #1763 ) ) ;
#2800 = DIRECTION ( 'NONE',  ( -1.000000000000000000, 0.000000000000000000, 0.000000000000000000 ) ) ;
#2801 = CARTESIAN_POINT ( 'NONE',  ( -3.949999999999999734, 0.000000000000000000, -0.3999999999999996336 ) ) ;
#2802 = STYLED_ITEM ( 'NONE', ( #191 ), #2280 ) ;
#2803 = EDGE_LOOP ( 'NONE', ( #2552, #3198, #507, #55 ) ) ;
#2804 = FACE_OUTER_BOUND ( 'NONE', #86, .T. ) ;
#2805 = LINE ( 'NONE', #2644, #1532 ) ;
#2806 = SURFACE_SIDE_STYLE ('',( #3210 ) ) ;
#2807 = PRESENTATION_LAYER_ASSIGNMENT (  '', '', ( #262 ) ) ;
#2808 = EDGE_CURVE ( 'NONE', #1321, #3156, #1837, .T. ) ;
#2809 = VECTOR ( 'NONE', #909, 1000.000000000000000 ) ;
#2810 = FILL_AREA_STYLE_COLOUR ( '', #1673 ) ;
#2811 = CARTESIAN_POINT ( 'NONE',  ( 3.061616997868383018E-17, 1.407106781186548528, 0.2500000000000001665 ) ) ;
#2812 = LINE ( 'NONE', #2779, #20 ) ;
#2813 = VECTOR ( 'NONE', #823, 1000.000000000000000 ) ;
#2814 =( NAMED_UNIT ( * ) PLANE_ANGLE_UNIT ( ) SI_UNIT ( $, .RADIAN. ) );
#2815 = CIRCLE ( 'NONE', #1142, 0.2500000000000000000 ) ;
#2816 = DIRECTION ( 'NONE',  ( 0.000000000000000000, 0.000000000000000000, -1.000000000000000000 ) ) ;
#2817 = ORIENTED_EDGE ( 'NONE', *, *, #2286, .T. ) ;
#2818 = MECHANICAL_DESIGN_GEOMETRIC_PRESENTATION_REPRESENTATION (  '', ( #780 ), #845 ) ;
#2819 = ORIENTED_EDGE ( 'NONE', *, *, #941, .F. ) ;
#2820 = DIRECTION ( 'NONE',  ( 0.000000000000000000, 0.000000000000000000, -1.000000000000000000 ) ) ;
#2821 = CARTESIAN_POINT ( 'NONE',  ( 2.376304738347015277, 0.1339847942805176828, 1.178292025437018609 ) ) ;
#2822 = EDGE_CURVE ( 'NONE', #2272, #3309, #973, .T. ) ;
#2823 = CIRCLE ( 'NONE', #1641, 0.2500000000000002220 ) ;
#2824 = ORIENTED_EDGE ( 'NONE', *, *, #315, .F. ) ;
#2825 = EDGE_CURVE ( 'NONE', #1349, #218, #3365, .T. ) ;
#2826 = SURFACE_STYLE_FILL_AREA ( #460 ) ;
#2827 =( NAMED_UNIT ( * ) PLANE_ANGLE_UNIT ( ) SI_UNIT ( $, .RADIAN. ) );
#2828 = DIRECTION ( 'NONE',  ( 1.000000000000000000, 0.000000000000000000, 0.000000000000000000 ) ) ;
#2829 = CARTESIAN_POINT ( 'NONE',  ( -2.000000000000000000, -2.349999999999999645, 7.531577814756221078E-16 ) ) ;
#2830 = ORIENTED_EDGE ( 'NONE', *, *, #3158, .T. ) ;
#2831 = VECTOR ( 'NONE', #2604, 1000.000000000000000 ) ;
#2832 = PLANE ( 'NONE',  #246 ) ;
#2833 = SURFACE_STYLE_USAGE ( .BOTH. , #177 ) ;
#2834 = DIRECTION ( 'NONE',  ( -1.000000000000000000, 0.000000000000000000, 0.000000000000000000 ) ) ;
#2835 = ORIENTED_EDGE ( 'NONE', *, *, #408, .T. ) ;
#2836 = CARTESIAN_POINT ( 'NONE',  ( -3.349999999999999645, 0.2500000000000000000, -1.112249899919919516 ) ) ;
#2837 = CARTESIAN_POINT ( 'NONE',  ( -0.5000000000000000000, 4.700000000000000178, 8.200000000000001066 ) ) ;
#2838 =( NAMED_UNIT ( * ) SI_UNIT ( $, .STERADIAN. ) SOLID_ANGLE_UNIT ( ) );
#2839 = VERTEX_POINT ( 'NONE', #1172 ) ;
#2840 =( LENGTH_UNIT ( ) NAMED_UNIT ( * ) SI_UNIT ( .MILLI., .METRE. ) );
#2841 = SURFACE_STYLE_USAGE ( .BOTH. , #771 ) ;
#2842 = ADVANCED_FACE ( 'NONE', ( #2055 ), #424, .T. ) ;
#2843 = ORIENTED_EDGE ( 'NONE', *, *, #1833, .T. ) ;
#2844 = UNCERTAINTY_MEASURE_WITH_UNIT (LENGTH_MEASURE( 1.000000000000000082E-05 ), #2845, 'distance_accuracy_value', 'NONE');
#2845 =( LENGTH_UNIT ( ) NAMED_UNIT ( * ) SI_UNIT ( .MILLI., .METRE. ) );
#2846 = UNCERTAINTY_MEASURE_WITH_UNIT (LENGTH_MEASURE( 1.000000000000000082E-05 ), #676, 'distance_accuracy_value', 'NONE');
#2847 = SURFACE_SIDE_STYLE ('',( #501 ) ) ;
#2848 = ORIENTED_EDGE ( 'NONE', *, *, #3824, .T. ) ;
#2849 = PLANE ( 'NONE',  #2502 ) ;
#2850 = SURFACE_STYLE_USAGE ( .BOTH. , #2545 ) ;
#2851 = SURFACE_STYLE_USAGE ( .BOTH. , #3439 ) ;
#2852 = VERTEX_POINT ( 'NONE', #2512 ) ;
#2853 = PRESENTATION_STYLE_ASSIGNMENT (( #2235 ) ) ;
#2854 = ORIENTED_EDGE ( 'NONE', *, *, #1639, .F. ) ;
#2855 = PRESENTATION_STYLE_ASSIGNMENT (( #490 ) ) ;
#2856 = CYLINDRICAL_SURFACE ( 'NONE', #1277, 0.3999999999999999667 ) ;
#2857 = DIRECTION ( 'NONE',  ( 0.000000000000000000, 0.000000000000000000, 1.000000000000000000 ) ) ;
#2858 = VERTEX_POINT ( 'NONE', #1622 ) ;
#2859 = COLOUR_RGB ( '',0.8470588235294117530, 0.8431372549019607865, 0.8470588235294117530 ) ;
#2860 = AXIS2_PLACEMENT_3D ( 'NONE', #40, #15, #2998 ) ;
#2861 = DIRECTION ( 'NONE',  ( 0.000000000000000000, 0.9408874118687269306, -0.3387194682727414086 ) ) ;
#2862 = DIRECTION ( 'NONE',  ( -0.000000000000000000, -1.000000000000000000, -0.000000000000000000 ) ) ;
#2863 = EDGE_LOOP ( 'NONE', ( #1251, #78, #47, #2854, #1180, #1952 ) ) ;
#2864 = AXIS2_PLACEMENT_3D ( 'NONE', #1877, #2446, #1041 ) ;
#2865 = UNCERTAINTY_MEASURE_WITH_UNIT (LENGTH_MEASURE( 1.000000000000000082E-05 ), #1301, 'distance_accuracy_value', 'NONE');
#2866 = ORIENTED_EDGE ( 'NONE', *, *, #2362, .T. ) ;
#2867 = CARTESIAN_POINT ( 'NONE',  ( 4.349999999999999645, 3.826133144475921899, -2.427407932011330871 ) ) ;
#2868 = VECTOR ( 'NONE', #2682, 1000.000000000000000 ) ;
#2869 = CYLINDRICAL_SURFACE ( 'NONE', #542, 0.2500000000000002220 ) ;
#2870 = EDGE_CURVE ( 'NONE', #2313, #1346, #1068, .T. ) ;
#2871 = DIRECTION ( 'NONE',  ( 0.000000000000000000, 1.000000000000000000, 0.000000000000000000 ) ) ;
#2872 = STYLED_ITEM ( 'NONE', ( #1045 ), #1111 ) ;
#2873 = ORIENTED_EDGE ( 'NONE', *, *, #456, .F. ) ;
#2874 = PRESENTATION_LAYER_ASSIGNMENT (  '', '', ( #518 ) ) ;
#2875 = VECTOR ( 'NONE', #3504, 1000.000000000000000 ) ;
#2876 = PLANE ( 'NONE',  #2611 ) ;
#2877 = ORIENTED_EDGE ( 'NONE', *, *, #478, .T. ) ;
#2878 = EDGE_CURVE ( 'NONE', #1346, #1020, #2812, .T. ) ;
#2879 = COLOUR_RGB ( '',0.8470588235294117530, 0.8431372549019607865, 0.8470588235294117530 ) ;
#2880 = CARTESIAN_POINT ( 'NONE',  ( 3.349999999999999201, 0.6999999999999991784, 2.200000000000000178 ) ) ;
#2881 = SURFACE_STYLE_FILL_AREA ( #3784 ) ;
#2882 = VERTEX_POINT ( 'NONE', #2205 ) ;
#2883 = CARTESIAN_POINT ( 'NONE',  ( -0.5000000000000000000, 1.550000000000000266, 8.200000000000001066 ) ) ;
#2884 = DIRECTION ( 'NONE',  ( -0.000000000000000000, -0.000000000000000000, -1.000000000000000000 ) ) ;
#2885 = VECTOR ( 'NONE', #288, 1000.000000000000000 ) ;
#2886 = AXIS2_PLACEMENT_3D ( 'NONE', #3121, #2273, #3780 ) ;
#2887 =( NAMED_UNIT ( * ) SI_UNIT ( $, .STERADIAN. ) SOLID_ANGLE_UNIT ( ) );
#2888 = PRESENTATION_STYLE_ASSIGNMENT (( #2841 ) ) ;
#2889 = ORIENTED_EDGE ( 'NONE', *, *, #2286, .F. ) ;
#2890 = CARTESIAN_POINT ( 'NONE',  ( 3.949999999999999734, 4.645085803432136728, -0.3432137285491430045 ) ) ;
#2891 = FACE_OUTER_BOUND ( 'NONE', #3206, .T. ) ;
#2892 =( NAMED_UNIT ( * ) PLANE_ANGLE_UNIT ( ) SI_UNIT ( $, .RADIAN. ) );
#2893 = FILL_AREA_STYLE_COLOUR ( '', #3083 ) ;
#2894 = PRESENTATION_LAYER_ASSIGNMENT (  '', '', ( #539 ) ) ;
#2895 = ORIENTED_EDGE ( 'NONE', *, *, #3409, .T. ) ;
#2896 = ADVANCED_FACE ( 'NONE', ( #2794 ), #2228, .T. ) ;
#2897 = ORIENTED_EDGE ( 'NONE', *, *, #179, .T. ) ;
#2898 = DIRECTION ( 'NONE',  ( -1.000000000000000000, 0.000000000000000000, 0.000000000000000000 ) ) ;
#2899 = CARTESIAN_POINT ( 'NONE',  ( -3.349999999999999645, 0.2500000000000000000, -2.200000000000000178 ) ) ;
#2900 =( NAMED_UNIT ( * ) SI_UNIT ( $, .STERADIAN. ) SOLID_ANGLE_UNIT ( ) );
#2901 = CARTESIAN_POINT ( 'NONE',  ( -4.349999999999999645, -5.510910596163085611E-16, 0.7999999999999997113 ) ) ;
#2902 = CARTESIAN_POINT ( 'NONE',  ( -3.099999999999999645, 1.880790961315660013E-34, 2.200000000000000178 ) ) ;
#2903 = CARTESIAN_POINT ( 'NONE',  ( 0.000000000000000000, 0.7000000000000000666, 0.000000000000000000 ) ) ;
#2904 =( GEOMETRIC_REPRESENTATION_CONTEXT ( 3 ) GLOBAL_UNCERTAINTY_ASSIGNED_CONTEXT ( ( #3597 ) ) GLOBAL_UNIT_ASSIGNED_CONTEXT ( ( #1211, #2751, #674 ) ) REPRESENTATION_CONTEXT ( 'NONE', 'WORKASPACE' ) );
#2905 = SURFACE_STYLE_USAGE ( .BOTH. , #1999 ) ;
#2906 = UNCERTAINTY_MEASURE_WITH_UNIT (LENGTH_MEASURE( 1.000000000000000082E-05 ), #38, 'distance_accuracy_value', 'NONE');
#2907 = DIRECTION ( 'NONE',  ( -0.000000000000000000, 0.000000000000000000, 1.000000000000000000 ) ) ;
#2908 =( GEOMETRIC_REPRESENTATION_CONTEXT ( 3 ) GLOBAL_UNCERTAINTY_ASSIGNED_CONTEXT ( ( #2075 ) ) GLOBAL_UNIT_ASSIGNED_CONTEXT ( ( #2620, #280, #3551 ) ) REPRESENTATION_CONTEXT ( 'NONE', 'WORKASPACE' ) );
#2909 = ORIENTED_EDGE ( 'NONE', *, *, #1120, .F. ) ;
#2910 = CYLINDRICAL_SURFACE ( 'NONE', #893, 0.2500000000000003886 ) ;
#2911 = CARTESIAN_POINT ( 'NONE',  ( 0.000000000000000000, -2.349999999999999645, -0.2499999999999998335 ) ) ;
#2912 =( NAMED_UNIT ( * ) PLANE_ANGLE_UNIT ( ) SI_UNIT ( $, .RADIAN. ) );
#2913 = SURFACE_STYLE_FILL_AREA ( #3580 ) ;
#2914 = MECHANICAL_DESIGN_GEOMETRIC_PRESENTATION_REPRESENTATION (  '', ( #621 ), #2343 ) ;
#2915 = FACE_OUTER_BOUND ( 'NONE', #1632, .T. ) ;
#2916 = LINE ( 'NONE', #2616, #1742 ) ;
#2917 = CYLINDRICAL_SURFACE ( 'NONE', #1510, 0.2500000000000002220 ) ;
#2918 = ADVANCED_FACE ( 'NONE', ( #779 ), #738, .T. ) ;
#2919 = DIRECTION ( 'NONE',  ( 1.000000000000000000, -3.761581922631320025E-34, 0.000000000000000000 ) ) ;
#2920 = CARTESIAN_POINT ( 'NONE',  ( -2.000000000000000000, 1.407106781186548528, -0.2499999999999991951 ) ) ;
#2921 = ORIENTED_EDGE ( 'NONE', *, *, #1000, .T. ) ;
#2922 = ORIENTED_EDGE ( 'NONE', *, *, #2704, .T. ) ;
#2923 = B_SPLINE_CURVE_WITH_KNOTS ( 'NONE', 3,
 ( #1987, #3200, #3266, #2061, #2960, #292 ),
 .UNSPECIFIED., .F., .F.,
 ( 4, 2, 4 ),
 ( 1.084202172485504434E-19, 0.0002050984712928845136, 0.0004101969425857689188 ),
 .UNSPECIFIED. ) ;
#2924 = FILL_AREA_STYLE ('',( #1724 ) ) ;
#2925 =( GEOMETRIC_REPRESENTATION_CONTEXT ( 3 ) GLOBAL_UNCERTAINTY_ASSIGNED_CONTEXT ( ( #115 ) ) GLOBAL_UNIT_ASSIGNED_CONTEXT ( ( #1506, #2687, #3685 ) ) REPRESENTATION_CONTEXT ( 'NONE', 'WORKASPACE' ) );
#2926 = EDGE_CURVE ( 'NONE', #376, #2839, #837, .T. ) ;
#2927 =( GEOMETRIC_REPRESENTATION_CONTEXT ( 3 ) GLOBAL_UNCERTAINTY_ASSIGNED_CONTEXT ( ( #3452 ) ) GLOBAL_UNIT_ASSIGNED_CONTEXT ( ( #1881, #661, #1217 ) ) REPRESENTATION_CONTEXT ( 'NONE', 'WORKASPACE' ) );
#2928 = EDGE_CURVE ( 'NONE', #1637, #3221, #3193, .T. ) ;
#2929 = SURFACE_STYLE_FILL_AREA ( #1695 ) ;
#2930 = LINE ( 'NONE', #2665, #2132 ) ;
#2931 = LINE ( 'NONE', #2584, #1937 ) ;
#2932 = ORIENTED_EDGE ( 'NONE', *, *, #2870, .F. ) ;
#2933 = MECHANICAL_DESIGN_GEOMETRIC_PRESENTATION_REPRESENTATION (  '', ( #3068 ), #1375 ) ;
#2934 = ORIENTED_EDGE ( 'NONE', *, *, #2006, .F. ) ;
#2935 =( GEOMETRIC_REPRESENTATION_CONTEXT ( 3 ) GLOBAL_UNCERTAINTY_ASSIGNED_CONTEXT ( ( #3689 ) ) GLOBAL_UNIT_ASSIGNED_CONTEXT ( ( #135, #3480, #1037 ) ) REPRESENTATION_CONTEXT ( 'NONE', 'WORKASPACE' ) );
#2936 = AXIS2_PLACEMENT_3D ( 'NONE', #443, #1585, #1296 ) ;
#2937 = CARTESIAN_POINT ( 'NONE',  ( 3.949999999999999734, -5.510910596163085611E-16, 0.7999999999999997113 ) ) ;
#2938 = FILL_AREA_STYLE ('',( #1430 ) ) ;
#2939 = CARTESIAN_POINT ( 'NONE',  ( -3.949999999999999734, -8.573765555304644567E-16, 0.3999999999999997446 ) ) ;
#2940 = FILL_AREA_STYLE ('',( #2553 ) ) ;
#2941 = VECTOR ( 'NONE', #2376, 1000.000000000000114 ) ;
#2942 =( NAMED_UNIT ( * ) SI_UNIT ( $, .STERADIAN. ) SOLID_ANGLE_UNIT ( ) );
#2943 = PRESENTATION_STYLE_ASSIGNMENT (( #514 ) ) ;
#2944 =( LENGTH_UNIT ( ) NAMED_UNIT ( * ) SI_UNIT ( .MILLI., .METRE. ) );
#2945 = VERTEX_POINT ( 'NONE', #1982 ) ;
#2946 = VECTOR ( 'NONE', #1514, 1000.000000000000000 ) ;
#2947 =( GEOMETRIC_REPRESENTATION_CONTEXT ( 3 ) GLOBAL_UNCERTAINTY_ASSIGNED_CONTEXT ( ( #1114 ) ) GLOBAL_UNIT_ASSIGNED_CONTEXT ( ( #2350, #3290, #3872 ) ) REPRESENTATION_CONTEXT ( 'NONE', 'WORKASPACE' ) );
#2948 = EDGE_LOOP ( 'NONE', ( #351, #688, #1131, #3428, #188, #1220, #25, #2824, #371, #3589, #2242, #2336 ) ) ;
#2949 = EDGE_CURVE ( 'NONE', #1395, #1752, #2563, .T. ) ;
#2950 =( LENGTH_UNIT ( ) NAMED_UNIT ( * ) SI_UNIT ( .MILLI., .METRE. ) );
#2951 = COLOUR_RGB ( '',0.8470588235294117530, 0.8431372549019607865, 0.8470588235294117530 ) ;
#2952 = ADVANCED_FACE ( 'NONE', ( #818 ), #857, .T. ) ;
#2953 =( LENGTH_UNIT ( ) NAMED_UNIT ( * ) SI_UNIT ( .MILLI., .METRE. ) );
#2954 = CARTESIAN_POINT ( 'NONE',  ( 3.099999999999999645, -3.306546357697851761E-16, -1.199999999999999734 ) ) ;
#2955 = SURFACE_SIDE_STYLE ('',( #584 ) ) ;
#2956 = PRESENTATION_LAYER_ASSIGNMENT (  '', '', ( #2631 ) ) ;
#2957 = CARTESIAN_POINT ( 'NONE',  ( -4.349999999999999645, -2.499999999999999556, 0.000000000000000000 ) ) ;
#2958 = ORIENTED_EDGE ( 'NONE', *, *, #2412, .F. ) ;
#2959 = EDGE_LOOP ( 'NONE', ( #174, #562, #2390, #32, #3353, #430, #725 ) ) ;
#2960 = CARTESIAN_POINT ( 'NONE',  ( 2.530698297858170687, -1.355252715606880543E-16, -1.199999999999999734 ) ) ;
#2961 =( NAMED_UNIT ( * ) SI_UNIT ( $, .STERADIAN. ) SOLID_ANGLE_UNIT ( ) );
#2962 =( LENGTH_UNIT ( ) NAMED_UNIT ( * ) SI_UNIT ( .MILLI., .METRE. ) );
#2963 = LINE ( 'NONE', #3840, #1683 ) ;
#2964 = ORIENTED_EDGE ( 'NONE', *, *, #1738, .T. ) ;
#2965 = DIRECTION ( 'NONE',  ( 0.000000000000000000, 0.000000000000000000, -1.000000000000000000 ) ) ;
#2966 = LINE ( 'NONE', #2398, #2762 ) ;
#2967 =( NAMED_UNIT ( * ) SI_UNIT ( $, .STERADIAN. ) SOLID_ANGLE_UNIT ( ) );
#2968 = DIRECTION ( 'NONE',  ( -1.000000000000000000, -0.000000000000000000, -0.000000000000000000 ) ) ;
#2969 = CARTESIAN_POINT ( 'NONE',  ( -3.949999999999999734, -8.673617379884035472E-16, -1.554076788117991846E-15 ) ) ;
#2970 = VERTEX_POINT ( 'NONE', #2287 ) ;
#2971 = ORIENTED_EDGE ( 'NONE', *, *, #2183, .F. ) ;
#2972 =( NAMED_UNIT ( * ) SI_UNIT ( $, .STERADIAN. ) SOLID_ANGLE_UNIT ( ) );
#2973 = ORIENTED_EDGE ( 'NONE', *, *, #3522, .F. ) ;
#2974 = CARTESIAN_POINT ( 'NONE',  ( -3.949999999999999734, -5.510910596163085611E-16, 0.7999999999999997113 ) ) ;
#2975 = CARTESIAN_POINT ( 'NONE',  ( 3.323695261652983568, 0.1339847942805176273, -1.178292025437018609 ) ) ;
#2976 = CARTESIAN_POINT ( 'NONE',  ( 2.349999999999999645, 0.7000000000000000666, 0.000000000000000000 ) ) ;
#2977 = AXIS2_PLACEMENT_3D ( 'NONE', #375, #3657, #1575 ) ;
#2978 = LINE ( 'NONE', #102, #1022 ) ;
#2979 = LINE ( 'NONE', #3201, #2429 ) ;
#2980 = MECHANICAL_DESIGN_GEOMETRIC_PRESENTATION_REPRESENTATION (  '', ( #743 ), #2089 ) ;
#2981 = ORIENTED_EDGE ( 'NONE', *, *, #2603, .F. ) ;
#2982 = FILL_AREA_STYLE ('',( #1700 ) ) ;
#2983 = EDGE_LOOP ( 'NONE', ( #1239, #653, #1417, #699 ) ) ;
#2984 = DIRECTION ( 'NONE',  ( 1.000000000000000000, -0.000000000000000000, -0.000000000000000000 ) ) ;
#2985 = DIRECTION ( 'NONE',  ( 0.7071067811865442421, 0.000000000000000000, 0.7071067811865509034 ) ) ;
#2986 = PRESENTATION_STYLE_ASSIGNMENT (( #316 ) ) ;
#2987 = DIRECTION ( 'NONE',  ( -1.084202172485504434E-15, 1.000000000000000000, -1.897353801849632760E-15 ) ) ;
#2988 = PRESENTATION_STYLE_ASSIGNMENT (( #1778 ) ) ;
#2989 = VERTEX_POINT ( 'NONE', #544 ) ;
#2990 = MECHANICAL_DESIGN_GEOMETRIC_PRESENTATION_REPRESENTATION (  '', ( #126 ), #1300 ) ;
#2991 = ORIENTED_EDGE ( 'NONE', *, *, #1352, .F. ) ;
#2992 = CARTESIAN_POINT ( 'NONE',  ( 2.600000000000000089, -6.245698675651497881E-16, 1.199999999999999734 ) ) ;
#2993 = CIRCLE ( 'NONE', #2534, 0.2500000000000002220 ) ;
#2994 = PRESENTATION_STYLE_ASSIGNMENT (( #1805 ) ) ;
#2995 = DIRECTION ( 'NONE',  ( -0.000000000000000000, 0.1579905011066730369, 0.9874406319167053914 ) ) ;
#2996 = ORIENTED_EDGE ( 'NONE', *, *, #168, .F. ) ;
#2997 = UNCERTAINTY_MEASURE_WITH_UNIT (LENGTH_MEASURE( 1.000000000000000082E-05 ), #2503, 'distance_accuracy_value', 'NONE');
#2998 = DIRECTION ( 'NONE',  ( 1.000000000000000000, 1.045014142154703367E-16, 0.000000000000000000 ) ) ;
#2999 = PRESENTATION_LAYER_ASSIGNMENT (  '', '', ( #822 ) ) ;
#3000 = PRESENTATION_STYLE_ASSIGNMENT (( #2739 ) ) ;
#3001 =( GEOMETRIC_REPRESENTATION_CONTEXT ( 3 ) GLOBAL_UNCERTAINTY_ASSIGNED_CONTEXT ( ( #1688 ) ) GLOBAL_UNIT_ASSIGNED_CONTEXT ( ( #3472, #1015, #928 ) ) REPRESENTATION_CONTEXT ( 'NONE', 'WORKASPACE' ) );
#3002 = SURFACE_SIDE_STYLE ('',( #2080 ) ) ;
#3003 = SURFACE_SIDE_STYLE ('',( #620 ) ) ;
#3004 = ADVANCED_FACE ( 'NONE', ( #3216 ), #2033, .T. ) ;
#3005 = ORIENTED_EDGE ( 'NONE', *, *, #760, .F. ) ;
#3006 = DIRECTION ( 'NONE',  ( 0.000000000000000000, 0.000000000000000000, 1.000000000000000000 ) ) ;
#3007 =( NAMED_UNIT ( * ) PLANE_ANGLE_UNIT ( ) SI_UNIT ( $, .RADIAN. ) );
#3008 = CYLINDRICAL_SURFACE ( 'NONE', #3194, 0.2499999999999999445 ) ;
#3009 = EDGE_CURVE ( 'NONE', #2051, #1179, #3222, .T. ) ;
#3010 =( LENGTH_UNIT ( ) NAMED_UNIT ( * ) SI_UNIT ( .MILLI., .METRE. ) );
#3011 = DIRECTION ( 'NONE',  ( 1.000000000000000000, -0.000000000000000000, -0.000000000000000000 ) ) ;
#3012 = ORIENTED_EDGE ( 'NONE', *, *, #168, .T. ) ;
#3013 = COLOUR_RGB ( '',0.2509803921568627416, 0.2509803921568627416, 0.2509803921568627416 ) ;
#3014 = VERTEX_POINT ( 'NONE', #2911 ) ;
#3015 = MECHANICAL_DESIGN_GEOMETRIC_PRESENTATION_REPRESENTATION (  '', ( #1931 ), #833 ) ;
#3016 =( LENGTH_UNIT ( ) NAMED_UNIT ( * ) SI_UNIT ( .MILLI., .METRE. ) );
#3017 =( NAMED_UNIT ( * ) SI_UNIT ( $, .STERADIAN. ) SOLID_ANGLE_UNIT ( ) );
#3018 = VECTOR ( 'NONE', #2770, 1000.000000000000000 ) ;
#3019 = VECTOR ( 'NONE', #1809, 1000.000000000000000 ) ;
#3020 = CARTESIAN_POINT ( 'NONE',  ( 2.000000000000000000, -2.349999999999999645, -4.714890176717308529E-16 ) ) ;
#3021 = DIRECTION ( 'NONE',  ( 0.000000000000000000, -1.000000000000000000, -1.016439536705160777E-16 ) ) ;
#3022 =( NAMED_UNIT ( * ) SI_UNIT ( $, .STERADIAN. ) SOLID_ANGLE_UNIT ( ) );
#3023 = DIRECTION ( 'NONE',  ( 1.000000000000000000, -0.000000000000000000, -0.000000000000000000 ) ) ;
#3024 = COLOUR_RGB ( '',0.8470588235294117530, 0.8431372549019607865, 0.8470588235294117530 ) ;
#3025 = EDGE_CURVE ( 'NONE', #2313, #3368, #2021, .T. ) ;
#3026 = CARTESIAN_POINT ( 'NONE',  ( 4.099999999999999645, 4.700000000000000178, 1.950000000000000178 ) ) ;
#3027 = PLANE ( 'NONE',  #1494 ) ;
#3028 = DIRECTION ( 'NONE',  ( -9.637352644315614471E-16, 1.000000000000000000, 0.000000000000000000 ) ) ;
#3029 = SURFACE_SIDE_STYLE ('',( #399 ) ) ;
#3030 = ORIENTED_EDGE ( 'NONE', *, *, #2002, .F. ) ;
#3031 = ORIENTED_EDGE ( 'NONE', *, *, #2730, .F. ) ;
#3032 = CARTESIAN_POINT ( 'NONE',  ( -2.462855450382551936, 0.03030065993695356397, -1.202045922358904395 ) ) ;
#3033 = CARTESIAN_POINT ( 'NONE',  ( 2.599999999999999645, 0.2500000000000000000, 2.200000000000000178 ) ) ;
#3034 = PLANE ( 'NONE',  #3442 ) ;
#3035 = PRESENTATION_LAYER_ASSIGNMENT (  '', '', ( #1163 ) ) ;
#3036 = DIRECTION ( 'NONE',  ( 1.000000000000000000, 0.000000000000000000, 0.000000000000000000 ) ) ;
#3037 = DIRECTION ( 'NONE',  ( 0.000000000000000000, 0.000000000000000000, 1.000000000000000000 ) ) ;
#3038 = EDGE_LOOP ( 'NONE', ( #788, #496, #1231, #3501, #400, #2471, #2758, #2514 ) ) ;
#3039 = FILL_AREA_STYLE ('',( #1512 ) ) ;
#3040 = CARTESIAN_POINT ( 'NONE',  ( 6.505213034913027590E-16, 1.550000000000000266, -2.828427124746190735 ) ) ;
#3041 = EDGE_LOOP ( 'NONE', ( #201, #663, #223, #2817 ) ) ;
#3042 = DIRECTION ( 'NONE',  ( -0.000000000000000000, -1.000000000000000000, -0.000000000000000000 ) ) ;
#3043 = STYLED_ITEM ( 'NONE', ( #2888 ), #744 ) ;
#3044 = MECHANICAL_DESIGN_GEOMETRIC_PRESENTATION_REPRESENTATION (  '', ( #873 ), #1774 ) ;
#3045 = CARTESIAN_POINT ( 'NONE',  ( 3.949999999999999734, -2.499999999999999556, 0.1499999999999999667 ) ) ;
#3046 = CARTESIAN_POINT ( 'NONE',  ( -3.099999999999999645, -3.306546357697851761E-16, -1.199999999999999734 ) ) ;
#3047 = SURFACE_SIDE_STYLE ('',( #3632 ) ) ;
#3048 = VERTEX_POINT ( 'NONE', #531 ) ;
#3049 = DIRECTION ( 'NONE',  ( -0.000000000000000000, -1.000000000000000000, -0.000000000000000000 ) ) ;
#3050 = SURFACE_STYLE_USAGE ( .BOTH. , #1838 ) ;
#3051 = EDGE_CURVE ( 'NONE', #231, #1422, #249, .T. ) ;
#3052 = STYLED_ITEM ( 'NONE', ( #2453 ), #3674 ) ;
#3053 = PRESENTATION_STYLE_ASSIGNMENT (( #72 ) ) ;
#3054 = DIRECTION ( 'NONE',  ( 4.989666635317766278E-20, 1.000000000000000000, -0.000000000000000000 ) ) ;
#3055 = EDGE_CURVE ( 'NONE', #182, #3813, #2923, .T. ) ;
#3056 = CARTESIAN_POINT ( 'NONE',  ( 2.349999999999999645, 0.3999999999999996336, -0.7999999999999997113 ) ) ;
#3057 = FACE_OUTER_BOUND ( 'NONE', #2342, .T. ) ;
#3058 = EDGE_CURVE ( 'NONE', #2989, #868, #3659, .T. ) ;
#3059 = ORIENTED_EDGE ( 'NONE', *, *, #456, .T. ) ;
#3060 = LINE ( 'NONE', #1222, #1330 ) ;
#3061 = CARTESIAN_POINT ( 'NONE',  ( -4.349999999999999645, 0.3999999999999995226, 4.065758146820638546E-17 ) ) ;
#3062 = VECTOR ( 'NONE', #570, 999.9999999999998863 ) ;
#3063 = AXIS2_PLACEMENT_3D ( 'NONE', #2716, #3640, #3350 ) ;
#3064 = AXIS2_PLACEMENT_3D ( 'NONE', #770, #127, #1650 ) ;
#3065 = FACE_OUTER_BOUND ( 'NONE', #2300, .T. ) ;
#3066 = DIRECTION ( 'NONE',  ( 0.000000000000000000, 0.000000000000000000, 1.000000000000000000 ) ) ;
#3067 = ORIENTED_EDGE ( 'NONE', *, *, #2650, .T. ) ;
#3068 = STYLED_ITEM ( 'NONE', ( #232 ), #24 ) ;
#3069 = COLOUR_RGB ( '',0.8470588235294117530, 0.8431372549019607865, 0.8470588235294117530 ) ;
#3070 = DIRECTION ( 'NONE',  ( -0.000000000000000000, -1.000000000000000000, -0.000000000000000000 ) ) ;
#3071 = SURFACE_STYLE_USAGE ( .BOTH. , #1854 ) ;
#3072 =( LENGTH_UNIT ( ) NAMED_UNIT ( * ) SI_UNIT ( .MILLI., .METRE. ) );
#3073 = STYLED_ITEM ( 'NONE', ( #1010 ), #1094 ) ;
#3074 = LINE ( 'NONE', #3386, #1295 ) ;
#3075 = MECHANICAL_DESIGN_GEOMETRIC_PRESENTATION_REPRESENTATION (  '', ( #769 ), #3769 ) ;
#3076 = PRESENTATION_LAYER_ASSIGNMENT (  '', '', ( #2292 ) ) ;
#3077 = EDGE_CURVE ( 'NONE', #3511, #3744, #997, .T. ) ;
#3078 = DIRECTION ( 'NONE',  ( 0.000000000000000000, 0.000000000000000000, -1.000000000000000000 ) ) ;
#3079 = ORIENTED_EDGE ( 'NONE', *, *, #1882, .T. ) ;
#3080 = AXIS2_PLACEMENT_3D ( 'NONE', #1988, #884, #1513 ) ;
#3081 = SURFACE_SIDE_STYLE ('',( #1863 ) ) ;
#3082 = EDGE_CURVE ( 'NONE', #637, #3320, #1813, .T. ) ;
#3083 = COLOUR_RGB ( '',0.8470588235294117530, 0.8431372549019607865, 0.8470588235294117530 ) ;
#3084 = STYLED_ITEM ( 'NONE', ( #60 ), #2236 ) ;
#3085 = CARTESIAN_POINT ( 'NONE',  ( 4.349999999999999645, -3.551475717527321860E-16, -0.7999999999999997113 ) ) ;
#3086 =( NAMED_UNIT ( * ) PLANE_ANGLE_UNIT ( ) SI_UNIT ( $, .RADIAN. ) );
#3087 = UNCERTAINTY_MEASURE_WITH_UNIT (LENGTH_MEASURE( 1.000000000000000082E-05 ), #3457, 'distance_accuracy_value', 'NONE');
#3088 = ORIENTED_EDGE ( 'NONE', *, *, #3648, .T. ) ;
#3089 = LINE ( 'NONE', #410, #962 ) ;
#3090 = DIRECTION ( 'NONE',  ( 1.000000000000000000, 2.168404344971008868E-16, -0.000000000000000000 ) ) ;
#3091 = VERTEX_POINT ( 'NONE', #2121 ) ;
#3092 =( NAMED_UNIT ( * ) PLANE_ANGLE_UNIT ( ) SI_UNIT ( $, .RADIAN. ) );
#3093 = CYLINDRICAL_SURFACE ( 'NONE', #887, 0.2500000000000002220 ) ;
#3094 = MECHANICAL_DESIGN_GEOMETRIC_PRESENTATION_REPRESENTATION (  '', ( #1401 ), #1075 ) ;
#3095 = SURFACE_STYLE_FILL_AREA ( #2755 ) ;
#3096 = VERTEX_POINT ( 'NONE', #63 ) ;
#3097 =( GEOMETRIC_REPRESENTATION_CONTEXT ( 3 ) GLOBAL_UNCERTAINTY_ASSIGNED_CONTEXT ( ( #3792 ) ) GLOBAL_UNIT_ASSIGNED_CONTEXT ( ( #1770, #899, #1488 ) ) REPRESENTATION_CONTEXT ( 'NONE', 'WORKASPACE' ) );
#3098 = PRESENTATION_STYLE_ASSIGNMENT (( #382 ) ) ;
#3099 = EDGE_CURVE ( 'NONE', #1341, #2586, #3621, .T. ) ;
#3100 = PRESENTATION_STYLE_ASSIGNMENT (( #3406 ) ) ;
#3101 = PRESENTATION_STYLE_ASSIGNMENT (( #196 ) ) ;
#3102 =( LENGTH_UNIT ( ) NAMED_UNIT ( * ) SI_UNIT ( .MILLI., .METRE. ) );
#3103 = ORIENTED_EDGE ( 'NONE', *, *, #1833, .F. ) ;
#3104 = ORIENTED_EDGE ( 'NONE', *, *, #1282, .F. ) ;
#3105 = FILL_AREA_STYLE ('',( #3181 ) ) ;
#3106 = DIRECTION ( 'NONE',  ( 0.7071067811865507924, 0.000000000000000000, 0.7071067811865441310 ) ) ;
#3107 = PRESENTATION_STYLE_ASSIGNMENT (( #3709 ) ) ;
#3108 = LINE ( 'NONE', #3128, #3805 ) ;
#3109 = VERTEX_POINT ( 'NONE', #687 ) ;
#3110 = CARTESIAN_POINT ( 'NONE',  ( -4.349999999999999645, 4.450000000000000178, 0.000000000000000000 ) ) ;
#3111 = SURFACE_STYLE_FILL_AREA ( #1649 ) ;
#3112 = VECTOR ( 'NONE', #929, 1000.000000000000000 ) ;
#3113 = CARTESIAN_POINT ( 'NONE',  ( 4.349999999999999645, -9.063624274963587724E-16, 1.199999999999999734 ) ) ;
#3114 = VECTOR ( 'NONE', #1358, 1000.000000000000000 ) ;
#3115 = SURFACE_STYLE_FILL_AREA ( #3155 ) ;
#3116 = SURFACE_SIDE_STYLE ('',( #3095 ) ) ;
#3117 = SURFACE_STYLE_FILL_AREA ( #1579 ) ;
#3118 =( NAMED_UNIT ( * ) SI_UNIT ( $, .STERADIAN. ) SOLID_ANGLE_UNIT ( ) );
#3119 = DIRECTION ( 'NONE',  ( 0.000000000000000000, -0.000000000000000000, 1.000000000000000000 ) ) ;
#3120 = FILL_AREA_STYLE ('',( #1314 ) ) ;
#3121 = CARTESIAN_POINT ( 'NONE',  ( 0.000000000000000000, 4.700000000000000178, 0.000000000000000000 ) ) ;
#3122 = EDGE_CURVE ( 'NONE', #3168, #3247, #3390, .T. ) ;
#3123 = EDGE_LOOP ( 'NONE', ( #881, #2561, #1533, #1171, #1935, #134, #3301, #618, #3412, #3404, #1610, #3271 ) ) ;
#3124 = STYLED_ITEM ( 'NONE', ( #1859 ), #1889 ) ;
#3125 =( LENGTH_UNIT ( ) NAMED_UNIT ( * ) SI_UNIT ( .MILLI., .METRE. ) );
#3126 = PRESENTATION_LAYER_ASSIGNMENT (  '', '', ( #955 ) ) ;
#3127 = FILL_AREA_STYLE_COLOUR ( '', #2442 ) ;
#3128 = CARTESIAN_POINT ( 'NONE',  ( -2.599999999999999645, -1.084202172485504434E-16, 2.200000000000000178 ) ) ;
#3129 = COLOUR_RGB ( '',0.2509803921568627416, 0.2509803921568627416, 0.2509803921568627416 ) ;
#3130 = ORIENTED_EDGE ( 'NONE', *, *, #235, .F. ) ;
#3131 = FILL_AREA_STYLE ('',( #989 ) ) ;
#3132 =( NAMED_UNIT ( * ) SI_UNIT ( $, .STERADIAN. ) SOLID_ANGLE_UNIT ( ) );
#3133 =( NAMED_UNIT ( * ) PLANE_ANGLE_UNIT ( ) SI_UNIT ( $, .RADIAN. ) );
#3134 = MECHANICAL_DESIGN_GEOMETRIC_PRESENTATION_REPRESENTATION (  '', ( #3448 ), #1633 ) ;
#3135 = VERTEX_POINT ( 'NONE', #1263 ) ;
#3136 = AXIS2_PLACEMENT_3D ( 'NONE', #1542, #698, #2732 ) ;
#3137 = FILL_AREA_STYLE_COLOUR ( '', #877 ) ;
#3138 = COLOUR_RGB ( '',0.8470588235294117530, 0.8431372549019607865, 0.8470588235294117530 ) ;
#3139 = VECTOR ( 'NONE', #798, 1000.000000000000000 ) ;
#3140 = CARTESIAN_POINT ( 'NONE',  ( 4.349999999999999645, 4.450000000000000178, -2.200000000000000178 ) ) ;
#3141 = SURFACE_STYLE_USAGE ( .BOTH. , #2564 ) ;
#3142 = FILL_AREA_STYLE ('',( #2252 ) ) ;
#3143 = DIRECTION ( 'NONE',  ( -1.000000000000000000, -2.065146995210484202E-16, 0.000000000000000000 ) ) ;
#3144 = COLOUR_RGB ( '',0.8470588235294117530, 0.8431372549019607865, 0.8470588235294117530 ) ;
#3145 = COLOUR_RGB ( '',0.8470588235294117530, 0.8431372549019607865, 0.8470588235294117530 ) ;
#3146 = SURFACE_STYLE_FILL_AREA ( #1643 ) ;
#3147 = ORIENTED_EDGE ( 'NONE', *, *, #1014, .F. ) ;
#3148 = CARTESIAN_POINT ( 'NONE',  ( -3.949999999999999734, -1.250000000000000222, 0.5999999999999998668 ) ) ;
#3149 = FACE_OUTER_BOUND ( 'NONE', #1883, .T. ) ;
#3150 = EDGE_LOOP ( 'NONE', ( #538, #2568, #2504, #3791 ) ) ;
#3151 = CARTESIAN_POINT ( 'NONE',  ( 3.344045254895051466E-16, 1.499999999999999556, 2.200000000000000178 ) ) ;
#3152 = SURFACE_SIDE_STYLE ('',( #2215 ) ) ;
#3153 = MECHANICAL_DESIGN_GEOMETRIC_PRESENTATION_REPRESENTATION (  '', ( #2631 ), #1946 ) ;
#3154 = CARTESIAN_POINT ( 'NONE',  ( 3.349999999999999645, -3.551475717527321860E-16, -0.7999999999999997113 ) ) ;
#3155 = FILL_AREA_STYLE ('',( #2508 ) ) ;
#3156 = VERTEX_POINT ( 'NONE', #3669 ) ;
#3157 = DIRECTION ( 'NONE',  ( -0.000000000000000000, -1.000000000000000000, 0.000000000000000000 ) ) ;
#3158 = EDGE_CURVE ( 'NONE', #3320, #1760, #980, .T. ) ;
#3159 = CARTESIAN_POINT ( 'NONE',  ( 3.949999999999999734, 4.645085803432136728, 0.3432137285491438372 ) ) ;
#3160 = VERTEX_POINT ( 'NONE', #2764 ) ;
#3161 = VECTOR ( 'NONE', #1143, 1000.000000000000000 ) ;
#3162 = CARTESIAN_POINT ( 'NONE',  ( 0.000000000000000000, 0.000000000000000000, 2.000000000000000000 ) ) ;
#3163 = CARTESIAN_POINT ( 'NONE',  ( 0.000000000000000000, 0.7000000000000000666, 0.000000000000000000 ) ) ;
#3164 = FACE_OUTER_BOUND ( 'NONE', #2609, .T. ) ;
#3165 = EDGE_LOOP ( 'NONE', ( #801, #451, #2971, #247 ) ) ;
#3166 = CARTESIAN_POINT ( 'NONE',  ( -4.349999999999999645, 4.700000000000000178, 2.200000000000000178 ) ) ;
#3167 = ORIENTED_EDGE ( 'NONE', *, *, #2047, .F. ) ;
#3168 = VERTEX_POINT ( 'NONE', #1243 ) ;
#3169 =( NAMED_UNIT ( * ) SI_UNIT ( $, .STERADIAN. ) SOLID_ANGLE_UNIT ( ) );
#3170 = STYLED_ITEM ( 'NONE', ( #121 ), #885 ) ;
#3171 = ORIENTED_EDGE ( 'NONE', *, *, #1882, .F. ) ;
#3172 = ADVANCED_FACE ( 'NONE', ( #2697 ), #3355, .T. ) ;
#3173 = UNCERTAINTY_MEASURE_WITH_UNIT (LENGTH_MEASURE( 1.000000000000000082E-05 ), #3858, 'distance_accuracy_value', 'NONE');
#3174 = UNCERTAINTY_MEASURE_WITH_UNIT (LENGTH_MEASURE( 1.000000000000000082E-05 ), #2953, 'distance_accuracy_value', 'NONE');
#3175 = FACE_OUTER_BOUND ( 'NONE', #2959, .T. ) ;
#3176 = PRESENTATION_STYLE_ASSIGNMENT (( #1963 ) ) ;
#3177 = CARTESIAN_POINT ( 'NONE',  ( 9.866239769618092322E-16, 2.139399718496563702E-31, 2.000000000000000000 ) ) ;
#3178 = ORIENTED_EDGE ( 'NONE', *, *, #2949, .T. ) ;
#3179 = PLANE ( 'NONE',  #2886 ) ;
#3180 = VERTEX_POINT ( 'NONE', #369 ) ;
#3181 = FILL_AREA_STYLE_COLOUR ( '', #2879 ) ;
#3182 = VECTOR ( 'NONE', #2544, 1000.000000000000000 ) ;
#3183 = DIRECTION ( 'NONE',  ( 0.000000000000000000, -1.000000000000000000, 0.000000000000000000 ) ) ;
#3184 = SURFACE_SIDE_STYLE ('',( #2147 ) ) ;
#3185 = MECHANICAL_DESIGN_GEOMETRIC_PRESENTATION_REPRESENTATION (  '', ( #3817 ), #2598 ) ;
#3186 = FILL_AREA_STYLE_COLOUR ( '', #2516 ) ;
#3187 = VERTEX_POINT ( 'NONE', #1552 ) ;
#3188 = UNCERTAINTY_MEASURE_WITH_UNIT (LENGTH_MEASURE( 1.000000000000000082E-05 ), #2133, 'distance_accuracy_value', 'NONE');
#3189 = SURFACE_STYLE_USAGE ( .BOTH. , #215 ) ;
#3190 = EDGE_CURVE ( 'NONE', #92, #2039, #2978, .T. ) ;
#3191 = ORIENTED_EDGE ( 'NONE', *, *, #1233, .F. ) ;
#3192 = PRESENTATION_STYLE_ASSIGNMENT (( #2285 ) ) ;
#3193 = LINE ( 'NONE', #560, #3139 ) ;
#3194 = AXIS2_PLACEMENT_3D ( 'NONE', #1190, #3049, #3280 ) ;
#3195 = UNCERTAINTY_MEASURE_WITH_UNIT (LENGTH_MEASURE( 1.000000000000000082E-05 ), #1840, 'distance_accuracy_value', 'NONE');
#3196 = CARTESIAN_POINT ( 'NONE',  ( -1.000000000000000000, 4.700000000000000178, 7.700000000000005507 ) ) ;
#3197 =( GEOMETRIC_REPRESENTATION_CONTEXT ( 3 ) GLOBAL_UNCERTAINTY_ASSIGNED_CONTEXT ( ( #2346 ) ) GLOBAL_UNIT_ASSIGNED_CONTEXT ( ( #3815, #2614, #3224 ) ) REPRESENTATION_CONTEXT ( 'NONE', 'WORKASPACE' ) );
#3198 = ORIENTED_EDGE ( 'NONE', *, *, #2576, .F. ) ;
#3199 = FILL_AREA_STYLE ('',( #821 ) ) ;
#3200 = CARTESIAN_POINT ( 'NONE',  ( 2.349999999999999201, 0.1959718679618052128, -1.155507025103987839 ) ) ;
#3201 = CARTESIAN_POINT ( 'NONE',  ( 0.000000000000000000, 1.550000000000000266, 8.200000000000001066 ) ) ;
#3202 = AXIS2_PLACEMENT_3D ( 'NONE', #27, #2673, #1182 ) ;
#3203 =( GEOMETRIC_REPRESENTATION_CONTEXT ( 3 ) GLOBAL_UNCERTAINTY_ASSIGNED_CONTEXT ( ( #3516 ) ) GLOBAL_UNIT_ASSIGNED_CONTEXT ( ( #30, #692, #52 ) ) REPRESENTATION_CONTEXT ( 'NONE', 'WORKASPACE' ) );
#3204 = CARTESIAN_POINT ( 'NONE',  ( -4.349999999999999645, -3.551475717527321860E-16, -0.7999999999999997113 ) ) ;
#3205 = CARTESIAN_POINT ( 'NONE',  ( 2.075000000000001066, 1.499999999999999778, 2.000000000000000000 ) ) ;
#3206 = EDGE_LOOP ( 'NONE', ( #3546, #1316, #160, #1126 ) ) ;
#3207 = CIRCLE ( 'NONE', #3722, 0.2500000000000000000 ) ;
#3208 = VECTOR ( 'NONE', #3665, 1000.000000000000000 ) ;
#3209 = STYLED_ITEM ( 'NONE', ( #3788 ), #238 ) ;
#3210 = SURFACE_STYLE_FILL_AREA ( #1112 ) ;
#3211 = EDGE_LOOP ( 'NONE', ( #3841, #3634, #1481, #2848 ) ) ;
#3212 = AXIS2_PLACEMENT_3D ( 'NONE', #1799, #2707, #1248 ) ;
#3213 = DIRECTION ( 'NONE',  ( -0.000000000000000000, -1.000000000000000000, -0.000000000000000000 ) ) ;
#3214 = SURFACE_STYLE_USAGE ( .BOTH. , #916 ) ;
#3215 =( LENGTH_UNIT ( ) NAMED_UNIT ( * ) SI_UNIT ( .MILLI., .METRE. ) );
#3216 = FACE_OUTER_BOUND ( 'NONE', #3211, .T. ) ;
#3217 = PRESENTATION_STYLE_ASSIGNMENT (( #2905 ) ) ;
#3218 = SURFACE_SIDE_STYLE ('',( #3518 ) ) ;
#3219 = AXIS2_PLACEMENT_3D ( 'NONE', #1408, #299, #1998 ) ;
#3220 = ORIENTED_EDGE ( 'NONE', *, *, #3648, .F. ) ;
#3221 = VERTEX_POINT ( 'NONE', #1566 ) ;
#3222 = LINE ( 'NONE', #1713, #2368 ) ;
#3223 = FILL_AREA_STYLE ('',( #551 ) ) ;
#3224 =( NAMED_UNIT ( * ) SI_UNIT ( $, .STERADIAN. ) SOLID_ANGLE_UNIT ( ) );
#3225 = CARTESIAN_POINT ( 'NONE',  ( -2.349999999999999201, 0.2500000000000000555, 2.200000000000000178 ) ) ;
#3226 = EDGE_CURVE ( 'NONE', #2970, #1593, #1281, .T. ) ;
#3227 = AXIS2_PLACEMENT_3D ( 'NONE', #790, #1958, #2861 ) ;
#3228 = EDGE_CURVE ( 'NONE', #1273, #3799, #458, .T. ) ;
#3229 = CYLINDRICAL_SURFACE ( 'NONE', #2022, 0.3999999999999999667 ) ;
#3230 = VERTEX_POINT ( 'NONE', #1223 ) ;
#3231 = EDGE_LOOP ( 'NONE', ( #729, #2458, #2177, #664 ) ) ;
#3232 = CARTESIAN_POINT ( 'NONE',  ( 2.075000000000000178, 4.700000000000000178, 2.000000000000000000 ) ) ;
#3233 = DIRECTION ( 'NONE',  ( -0.000000000000000000, -0.000000000000000000, -1.000000000000000000 ) ) ;
#3234 = PRESENTATION_STYLE_ASSIGNMENT (( #1465 ) ) ;
#3235 = DIRECTION ( 'NONE',  ( 1.000000000000000000, -0.000000000000000000, -0.000000000000000000 ) ) ;
#3236 =( BOUNDED_CURVE ( )  B_SPLINE_CURVE ( 3, ( #1340, #3743, #1107, #3444 ),
 .UNSPECIFIED., .F., .T. ) 
 B_SPLINE_CURVE_WITH_KNOTS ( ( 4, 4 ),
 ( 0.000000000000000000, 1.570796326794896558 ),
 .UNSPECIFIED. ) 
 CURVE ( )  GEOMETRIC_REPRESENTATION_ITEM ( )  RATIONAL_B_SPLINE_CURVE ( ( 1.000000000000000000, 0.8047378541243649375, 0.8047378541243649375, 1.000000000000000000 ) ) 
 REPRESENTATION_ITEM ( '' )  );
#3237 = MECHANICAL_DESIGN_GEOMETRIC_PRESENTATION_REPRESENTATION (  '', ( #805 ), #2904 ) ;
#3238 = LINE ( 'NONE', #3537, #2831 ) ;
#3239 = SURFACE_STYLE_USAGE ( .BOTH. , #3218 ) ;
#3240 = VERTEX_POINT ( 'NONE', #2396 ) ;
#3241 = SURFACE_SIDE_STYLE ('',( #1164 ) ) ;
#3242 = DIRECTION ( 'NONE',  ( -0.000000000000000000, -0.000000000000000000, -1.000000000000000000 ) ) ;
#3243 =( GEOMETRIC_REPRESENTATION_CONTEXT ( 3 ) GLOBAL_UNCERTAINTY_ASSIGNED_CONTEXT ( ( #1886 ) ) GLOBAL_UNIT_ASSIGNED_CONTEXT ( ( #734, #1581, #3118 ) ) REPRESENTATION_CONTEXT ( 'NONE', 'WORKASPACE' ) );
#3244 = LINE ( 'NONE', #534, #808 ) ;
#3245 = ADVANCED_FACE ( 'NONE', ( #944 ), #2521, .T. ) ;
#3246 = PRESENTATION_STYLE_ASSIGNMENT (( #2023 ) ) ;
#3247 = VERTEX_POINT ( 'NONE', #3148 ) ;
#3248 = CARTESIAN_POINT ( 'NONE',  ( 0.000000000000000000, -2.349999999999999645, 1.408343819019456275E-16 ) ) ;
#3249 = SURFACE_STYLE_USAGE ( .BOTH. , #1381 ) ;
#3250 = MECHANICAL_DESIGN_GEOMETRIC_PRESENTATION_REPRESENTATION (  '', ( #71 ), #1062 ) ;
#3251 = CARTESIAN_POINT ( 'NONE',  ( -2.393880996126364735, 0.1045571479292720651, 1.186916385698000731 ) ) ;
#3252 = EDGE_CURVE ( 'NONE', #492, #2263, #3600, .T. ) ;
#3253 = FILL_AREA_STYLE_COLOUR ( '', #2467 ) ;
#3254 = VERTEX_POINT ( 'NONE', #1354 ) ;
#3255 = ORIENTED_EDGE ( 'NONE', *, *, #2878, .T. ) ;
#3256 = VECTOR ( 'NONE', #94, 1000.000000000000000 ) ;
#3257 = FILL_AREA_STYLE_COLOUR ( '', #381 ) ;
#3258 = SURFACE_STYLE_USAGE ( .BOTH. , #2308 ) ;
#3259 = CARTESIAN_POINT ( 'NONE',  ( 3.306119003873634554, 0.1045571479292717321, -1.186916385698000731 ) ) ;
#3260 = LINE ( 'NONE', #3288, #1461 ) ;
#3261 = CARTESIAN_POINT ( 'NONE',  ( 3.099999999999999645, -1.084202172485504434E-16, 2.200000000000000178 ) ) ;
#3262 = VERTEX_POINT ( 'NONE', #3413 ) ;
#3263 = COLOUR_RGB ( '',0.8470588235294117530, 0.8431372549019607865, 0.8470588235294117530 ) ;
#3264 = PRESENTATION_LAYER_ASSIGNMENT (  '', '', ( #2227 ) ) ;
#3265 = ORIENTED_EDGE ( 'NONE', *, *, #256, .F. ) ;
#3266 = CARTESIAN_POINT ( 'NONE',  ( 2.370781541459451969, 0.1294374611323824975, -1.181844205578191920 ) ) ;
#3267 = COLOUR_RGB ( '',0.2509803921568627416, 0.2509803921568627416, 0.2509803921568627416 ) ;
#3268 = CIRCLE ( 'NONE', #581, 0.2500000000000003886 ) ;
#3269 = VECTOR ( 'NONE', #878, 1000.000000000000000 ) ;
#3270 = CYLINDRICAL_SURFACE ( 'NONE', #658, 0.3999999999999999667 ) ;
#3271 = ORIENTED_EDGE ( 'NONE', *, *, #2193, .T. ) ;
#3272 = LINE ( 'NONE', #590, #1927 ) ;
#3273 = DIRECTION ( 'NONE',  ( -1.000000000000000000, 0.000000000000000000, 0.000000000000000000 ) ) ;
#3274 = B_SPLINE_CURVE_WITH_KNOTS ( 'NONE', 3,
 ( #2747, #709, #2459, #646, #2397, #1873 ),
 .UNSPECIFIED., .F., .F.,
 ( 4, 2, 4 ),
 ( 5.421010862427522170E-20, 0.0002050984712928843781, 0.0004101969425857685935 ),
 .UNSPECIFIED. ) ;
#3275 = DIRECTION ( 'NONE',  ( 0.000000000000000000, 0.000000000000000000, 1.000000000000000000 ) ) ;
#3276 = VERTEX_POINT ( 'NONE', #3463 ) ;
#3277 = AXIS2_PLACEMENT_3D ( 'NONE', #2125, #2985, #3358 ) ;
#3278 = STYLED_ITEM ( 'NONE', ( #1200 ), #2140 ) ;
#3279 = EDGE_LOOP ( 'NONE', ( #2785, #1502, #1473, #241 ) ) ;
#3280 = DIRECTION ( 'NONE',  ( 0.000000000000000000, 0.000000000000000000, -1.000000000000000000 ) ) ;
#3281 = CARTESIAN_POINT ( 'NONE',  ( -4.349999999999999645, -3.306546357697851761E-16, -1.199999999999999734 ) ) ;
#3282 = DIRECTION ( 'NONE',  ( 0.000000000000000000, 1.000000000000000000, 0.000000000000000000 ) ) ;
#3283 = PRESENTATION_LAYER_ASSIGNMENT (  '', '', ( #1275 ) ) ;
#3284 = UNCERTAINTY_MEASURE_WITH_UNIT (LENGTH_MEASURE( 1.000000000000000082E-05 ), #1832, 'distance_accuracy_value', 'NONE');
#3285 =( NAMED_UNIT ( * ) PLANE_ANGLE_UNIT ( ) SI_UNIT ( $, .RADIAN. ) );
#3286 = ADVANCED_FACE ( 'NONE', ( #727, #742 ), #1908, .T. ) ;
#3287 = CARTESIAN_POINT ( 'NONE',  ( 3.169287129244291012, -1.105377996166861696E-16, -1.199999999999999956 ) ) ;
#3288 = CARTESIAN_POINT ( 'NONE',  ( -4.349999999999999645, -8.673617379884035472E-16, -1.554076788117991846E-15 ) ) ;
#3289 = STYLED_ITEM ( 'NONE', ( #1715 ), #578 ) ;
#3290 =( NAMED_UNIT ( * ) PLANE_ANGLE_UNIT ( ) SI_UNIT ( $, .RADIAN. ) );
#3291 = ADVANCED_FACE ( 'NONE', ( #846 ), #3294, .T. ) ;
#3292 = ORIENTED_EDGE ( 'NONE', *, *, #1563, .T. ) ;
#3293 =( LENGTH_UNIT ( ) NAMED_UNIT ( * ) SI_UNIT ( .MILLI., .METRE. ) );
#3294 = CYLINDRICAL_SURFACE ( 'NONE', #1872, 0.2500000000000002220 ) ;
#3295 = ORIENTED_EDGE ( 'NONE', *, *, #407, .F. ) ;
#3296 = DIRECTION ( 'NONE',  ( -0.000000000000000000, -0.000000000000000000, 1.000000000000000000 ) ) ;
#3297 = DIRECTION ( 'NONE',  ( -0.000000000000000000, -1.000000000000000000, -0.000000000000000000 ) ) ;
#3298 = FILL_AREA_STYLE ('',( #3587 ) ) ;
#3299 =( NAMED_UNIT ( * ) SI_UNIT ( $, .STERADIAN. ) SOLID_ANGLE_UNIT ( ) );
#3300 = ORIENTED_EDGE ( 'NONE', *, *, #256, .T. ) ;
#3301 = ORIENTED_EDGE ( 'NONE', *, *, #2162, .T. ) ;
#3302 = CARTESIAN_POINT ( 'NONE',  ( 2.349999999999999645, 1.349999999999999423, -2.200000000000000178 ) ) ;
#3303 = EDGE_CURVE ( 'NONE', #849, #1093, #2979, .T. ) ;
#3304 = ORIENTED_EDGE ( 'NONE', *, *, #2162, .F. ) ;
#3305 = CARTESIAN_POINT ( 'NONE',  ( -3.949999999999999734, -2.500000000000002665, -0.1499999999999999667 ) ) ;
#3306 = CARTESIAN_POINT ( 'NONE',  ( 4.349999999999999645, -1.250000000000000222, -0.6000000000000001998 ) ) ;
#3307 = FACE_OUTER_BOUND ( 'NONE', #3540, .T. ) ;
#3308 = CYLINDRICAL_SURFACE ( 'NONE', #2173, 0.2500000000000002220 ) ;
#3309 = VERTEX_POINT ( 'NONE', #2355 ) ;
#3310 = ORIENTED_EDGE ( 'NONE', *, *, #3025, .F. ) ;
#3311 = CARTESIAN_POINT ( 'NONE',  ( 3.949999999999999734, 0.000000000000000000, -2.199999999999998845 ) ) ;
#3312 = EDGE_LOOP ( 'NONE', ( #1046, #2656, #281, #3521, #3782, #901, #2621, #2106, #3416, #2740, #2092, #3690, #4, #2485, #3553, #2018, #12, #2257, #269, #2464 ) ) ;
#3313 = CARTESIAN_POINT ( 'NONE',  ( 3.949999999999999734, 4.645085803432136728, 0.3432137285491438372 ) ) ;
#3314 = PRESENTATION_STYLE_ASSIGNMENT (( #6 ) ) ;
#3315 = DIRECTION ( 'NONE',  ( -1.000000000000000000, 0.000000000000000000, 0.000000000000000000 ) ) ;
#3316 = CARTESIAN_POINT ( 'NONE',  ( 3.949999999999999734, -4.705761750646616909E-16, -1.199999999999999734 ) ) ;
#3317 = DIRECTION ( 'NONE',  ( 0.000000000000000000, -0.9408874118687269306, 0.3387194682727414086 ) ) ;
#3318 = ORIENTED_EDGE ( 'NONE', *, *, #2822, .F. ) ;
#3319 = AXIS2_PLACEMENT_3D ( 'NONE', #3232, #1347, #2597 ) ;
#3320 = VERTEX_POINT ( 'NONE', #1149 ) ;
#3321 = CARTESIAN_POINT ( 'NONE',  ( 0.000000000000000000, 0.000000000000000000, -2.000000000000000000 ) ) ;
#3322 = CARTESIAN_POINT ( 'NONE',  ( -2.349999999999998757, 0.1959718679618052406, -1.155507025103987839 ) ) ;
#3323 = CIRCLE ( 'NONE', #255, 0.2500000000000000000 ) ;
#3324 = CARTESIAN_POINT ( 'NONE',  ( 2.075000000000000622, 3.600000000000000533, 2.000000000000000000 ) ) ;
#3325 = EDGE_CURVE ( 'NONE', #163, #1957, #23, .T. ) ;
#3326 = COLOUR_RGB ( '',0.8470588235294117530, 0.8431372549019607865, 0.8470588235294117530 ) ;
#3327 = DIRECTION ( 'NONE',  ( -1.084202172485504434E-15, 1.000000000000000000, 0.000000000000000000 ) ) ;
#3328 = SURFACE_STYLE_USAGE ( .BOTH. , #3003 ) ;
#3329 =( NAMED_UNIT ( * ) SI_UNIT ( $, .STERADIAN. ) SOLID_ANGLE_UNIT ( ) );
#3330 = VECTOR ( 'NONE', #2795, 1000.000000000000000 ) ;
#3331 = AXIS2_PLACEMENT_3D ( 'NONE', #378, #2995, #3681 ) ;
#3332 = SURFACE_STYLE_USAGE ( .BOTH. , #2103 ) ;
#3333 = ADVANCED_FACE ( 'NONE', ( #3856 ), #2638, .F. ) ;
#3334 = AXIS2_PLACEMENT_3D ( 'NONE', #332, #3394, #1246 ) ;
#3335 = SURFACE_STYLE_FILL_AREA ( #354 ) ;
#3336 = PLANE ( 'NONE',  #3720 ) ;
#3337 = CARTESIAN_POINT ( 'NONE',  ( 3.099999999999999645, -3.306546357697851761E-16, -1.199999999999999734 ) ) ;
#3338 = ORIENTED_EDGE ( 'NONE', *, *, #2926, .T. ) ;
#3339 = ADVANCED_FACE ( 'NONE', ( #390 ), #2917, .T. ) ;
#3340 = ORIENTED_EDGE ( 'NONE', *, *, #2571, .T. ) ;
#3341 = AXIS2_PLACEMENT_3D ( 'NONE', #3505, #1450, #2587 ) ;
#3342 = PRESENTATION_LAYER_ASSIGNMENT (  '', '', ( #1140 ) ) ;
#3343 = VECTOR ( 'NONE', #2328, 1000.000000000000000 ) ;
#3344 = SURFACE_STYLE_FILL_AREA ( #2774 ) ;
#3345 = SURFACE_STYLE_USAGE ( .BOTH. , #3116 ) ;
#3346 = AXIS2_PLACEMENT_3D ( 'NONE', #2444, #3011, #629 ) ;
#3347 = VERTEX_POINT ( 'NONE', #3803 ) ;
#3348 = FILL_AREA_STYLE_COLOUR ( '', #1614 ) ;
#3349 = DIRECTION ( 'NONE',  ( 1.000000000000000000, 0.000000000000000000, 1.224646799147353207E-16 ) ) ;
#3350 = DIRECTION ( 'NONE',  ( 0.000000000000000000, 0.000000000000000000, 1.000000000000000000 ) ) ;
#3351 = FILL_AREA_STYLE_COLOUR ( '', #2623 ) ;
#3352 = VECTOR ( 'NONE', #1530, 1000.000000000000000 ) ;
#3353 = ORIENTED_EDGE ( 'NONE', *, *, #3051, .F. ) ;
#3354 = CARTESIAN_POINT ( 'NONE',  ( -2.000000000000000000, -2.349999999999999645, 7.531577814756221078E-16 ) ) ;
#3355 = PLANE ( 'NONE',  #2681 ) ;
#3356 = DIRECTION ( 'NONE',  ( -0.000000000000000000, -0.000000000000000000, -1.000000000000000000 ) ) ;
#3357 = EDGE_CURVE ( 'NONE', #3262, #3014, #1994, .T. ) ;
#3358 = DIRECTION ( 'NONE',  ( 0.7071067811865507924, 0.000000000000000000, -0.7071067811865441310 ) ) ;
#3359 = DIRECTION ( 'NONE',  ( -2.168404344971008868E-16, 1.000000000000000000, 0.000000000000000000 ) ) ;
#3360 = LINE ( 'NONE', #1817, #2120 ) ;
#3361 =( NAMED_UNIT ( * ) PLANE_ANGLE_UNIT ( ) SI_UNIT ( $, .RADIAN. ) );
#3362 = ORIENTED_EDGE ( 'NONE', *, *, #2076, .F. ) ;
#3363 = AXIS2_PLACEMENT_3D ( 'NONE', #2829, #3773, #1088 ) ;
#3364 = ADVANCED_FACE ( 'NONE', ( #2321 ), #870, .T. ) ;
#3365 = LINE ( 'NONE', #1761, #2426 ) ;
#3366 = EDGE_CURVE ( 'NONE', #2197, #2709, #2966, .T. ) ;
#3367 =( LENGTH_UNIT ( ) NAMED_UNIT ( * ) SI_UNIT ( .MILLI., .METRE. ) );
#3368 = VERTEX_POINT ( 'NONE', #333 ) ;
#3369 = VECTOR ( 'NONE', #1896, 1000.000000000000000 ) ;
#3370 =( NAMED_UNIT ( * ) SI_UNIT ( $, .STERADIAN. ) SOLID_ANGLE_UNIT ( ) );
#3371 = ORIENTED_EDGE ( 'NONE', *, *, #2555, .F. ) ;
#3372 = PLANE ( 'NONE',  #532 ) ;
#3373 =( NAMED_UNIT ( * ) SI_UNIT ( $, .STERADIAN. ) SOLID_ANGLE_UNIT ( ) );
#3374 = UNCERTAINTY_MEASURE_WITH_UNIT (LENGTH_MEASURE( 1.000000000000000082E-05 ), #1485, 'distance_accuracy_value', 'NONE');
#3375 = FILL_AREA_STYLE_COLOUR ( '', #2233 ) ;
#3376 = AXIS2_PLACEMENT_3D ( 'NONE', #2523, #210, #457 ) ;
#3377 = ADVANCED_FACE ( 'NONE', ( #372 ), #2724, .T. ) ;
#3378 = FACE_OUTER_BOUND ( 'NONE', #3552, .T. ) ;
#3379 = CARTESIAN_POINT ( 'NONE',  ( -2.000000000000000000, 1.550000000000000266, -2.828427124746190735 ) ) ;
#3380 = VERTEX_POINT ( 'NONE', #667 ) ;
#3381 = FILL_AREA_STYLE_COLOUR ( '', #2046 ) ;
#3382 = CARTESIAN_POINT ( 'NONE',  ( -4.349999999999999645, 3.826133144475920567, 2.427407932011331759 ) ) ;
#3383 = EDGE_CURVE ( 'NONE', #290, #1524, #1936, .T. ) ;
#3384 = COLOUR_RGB ( '',0.2509803921568627416, 0.2509803921568627416, 0.2509803921568627416 ) ;
#3385 = CARTESIAN_POINT ( 'NONE',  ( -2.000000000000000000, -2.600000000000000089, 7.684658664649640013E-16 ) ) ;
#3386 = CARTESIAN_POINT ( 'NONE',  ( -3.949999999999999734, -9.852396348986294787E-16, 1.199999999999999734 ) ) ;
#3387 = CARTESIAN_POINT ( 'NONE',  ( 3.099999999999999645, -1.084202172485504434E-16, 2.200000000000000178 ) ) ;
#3388 = CARTESIAN_POINT ( 'NONE',  ( -0.4999999999999985012, 3.550000000000000266, 8.200000000000001066 ) ) ;
#3389 = FILL_AREA_STYLE_COLOUR ( '', #3145 ) ;
#3390 = LINE ( 'NONE', #1531, #2941 ) ;
#3391 = COLOUR_RGB ( '',0.8470588235294117530, 0.8431372549019607865, 0.8470588235294117530 ) ;
#3392 = VECTOR ( 'NONE', #957, 1000.000000000000000 ) ;
#3393 = ORIENTED_EDGE ( 'NONE', *, *, #1331, .F. ) ;
#3394 = DIRECTION ( 'NONE',  ( 0.000000000000000000, 1.000000000000000000, -0.000000000000000000 ) ) ;
#3395 = CARTESIAN_POINT ( 'NONE',  ( -3.949999999999999734, 4.699999999999999289, 2.199999999999999734 ) ) ;
#3396 = FACE_OUTER_BOUND ( 'NONE', #3651, .T. ) ;
#3397 = DIRECTION ( 'NONE',  ( 0.000000000000000000, 0.000000000000000000, -1.000000000000000000 ) ) ;
#3398 = SURFACE_STYLE_USAGE ( .BOTH. , #3152 ) ;
#3399 = FACE_OUTER_BOUND ( 'NONE', #2596, .T. ) ;
#3400 = VECTOR ( 'NONE', #2657, 1000.000000000000000 ) ;
#3401 = FILL_AREA_STYLE ('',( #733 ) ) ;
#3402 = ORIENTED_EDGE ( 'NONE', *, *, #680, .T. ) ;
#3403 = MECHANICAL_DESIGN_GEOMETRIC_PRESENTATION_REPRESENTATION (  '', ( #3585 ), #967 ) ;
#3404 = ORIENTED_EDGE ( 'NONE', *, *, #2322, .T. ) ;
#3405 = AXIS2_PLACEMENT_3D ( 'NONE', #2082, #2699, #2743 ) ;
#3406 = SURFACE_STYLE_USAGE ( .BOTH. , #1885 ) ;
#3407 = UNCERTAINTY_MEASURE_WITH_UNIT (LENGTH_MEASURE( 1.000000000000000082E-05 ), #752, 'distance_accuracy_value', 'NONE');
#3408 =( NAMED_UNIT ( * ) SI_UNIT ( $, .STERADIAN. ) SOLID_ANGLE_UNIT ( ) );
#3409 = EDGE_CURVE ( 'NONE', #1176, #409, #273, .T. ) ;
#3410 = UNCERTAINTY_MEASURE_WITH_UNIT (LENGTH_MEASURE( 1.000000000000000082E-05 ), #1157, 'distance_accuracy_value', 'NONE');
#3411 = DIRECTION ( 'NONE',  ( -1.000000000000000000, 0.000000000000000000, 0.000000000000000000 ) ) ;
#3412 = ORIENTED_EDGE ( 'NONE', *, *, #1716, .T. ) ;
#3413 = CARTESIAN_POINT ( 'NONE',  ( 3.061616997868383018E-17, -2.349999999999999645, 0.2500000000000001665 ) ) ;
#3414 = CARTESIAN_POINT ( 'NONE',  ( 0.000000000000000000, 0.000000000000000000, 2.000000000000000000 ) ) ;
#3415 = DIRECTION ( 'NONE',  ( 1.000000000000000000, 0.000000000000000000, 0.000000000000000000 ) ) ;
#3416 = ORIENTED_EDGE ( 'NONE', *, *, #1286, .F. ) ;
#3417 = DIRECTION ( 'NONE',  ( 0.000000000000000000, -1.000000000000000000, 0.000000000000000000 ) ) ;
#3418 = CARTESIAN_POINT ( 'NONE',  ( 3.949999999999999734, -9.063624274963587724E-16, 1.199999999999999734 ) ) ;
#3419 = STYLED_ITEM ( 'NONE', ( #2016 ), #2528 ) ;
#3420 = FILL_AREA_STYLE ('',( #463 ) ) ;
#3421 = SURFACE_STYLE_FILL_AREA ( #3736 ) ;
#3422 = EDGE_CURVE ( 'NONE', #2858, #849, #1790, .T. ) ;
#3423 = PRODUCT_DEFINITION_SHAPE ( 'NONE', 'NONE',  #50 ) ;
#3424 = ADVANCED_FACE ( 'NONE', ( #945 ), #1047, .T. ) ;
#3425 = VERTEX_POINT ( 'NONE', #1333 ) ;
#3426 = LINE ( 'NONE', #3675, #3795 ) ;
#3427 = SURFACE_SIDE_STYLE ('',( #2157 ) ) ;
#3428 = ORIENTED_EDGE ( 'NONE', *, *, #1631, .T. ) ;
#3429 = CARTESIAN_POINT ( 'NONE',  ( -2.349999999999999201, 0.3999999999999993006, 2.200000000000000178 ) ) ;
#3430 = CARTESIAN_POINT ( 'NONE',  ( -4.349999999999999645, -1.250000000000000666, -0.6000000000000000888 ) ) ;
#3431 = VECTOR ( 'NONE', #2385, 1000.000000000000000 ) ;
#3432 = DIRECTION ( 'NONE',  ( -0.000000000000000000, -0.000000000000000000, -1.000000000000000000 ) ) ;
#3433 = AXIS2_PLACEMENT_3D ( 'NONE', #3734, #1561, #720 ) ;
#3434 = FILL_AREA_STYLE_COLOUR ( '', #942 ) ;
#3435 =( NAMED_UNIT ( * ) PLANE_ANGLE_UNIT ( ) SI_UNIT ( $, .RADIAN. ) );
#3436 = PRESENTATION_STYLE_ASSIGNMENT (( #2833 ) ) ;
#3437 = ADVANCED_FACE ( 'NONE', ( #1244 ), #607, .F. ) ;
#3438 = FILL_AREA_STYLE ('',( #739 ) ) ;
#3439 = SURFACE_SIDE_STYLE ('',( #133 ) ) ;
#3440 = EDGE_LOOP ( 'NONE', ( #3633, #3755, #3338, #1213 ) ) ;
#3441 = CARTESIAN_POINT ( 'NONE',  ( -3.099999999999999645, -3.306546357697851761E-16, -1.199999999999999734 ) ) ;
#3442 = AXIS2_PLACEMENT_3D ( 'NONE', #3321, #2447, #298 ) ;
#3443 = VECTOR ( 'NONE', #1527, 1000.000000000000000 ) ;
#3444 = CARTESIAN_POINT ( 'NONE',  ( 4.099999999999999645, 4.700000000000000178, 1.950000000000000178 ) ) ;
#3445 = ORIENTED_EDGE ( 'NONE', *, *, #2870, .T. ) ;
#3446 = LINE ( 'NONE', #1290, #2599 ) ;
#3447 = EDGE_CURVE ( 'NONE', #492, #604, #2339, .T. ) ;
#3448 = STYLED_ITEM ( 'NONE', ( #197 ), #2028 ) ;
#3449 = COLOUR_RGB ( '',0.2509803921568627416, 0.2509803921568627416, 0.2509803921568627416 ) ;
#3450 = PRESENTATION_STYLE_ASSIGNMENT (( #3189 ) ) ;
#3451 = VECTOR ( 'NONE', #1414, 1000.000000000000000 ) ;
#3452 = UNCERTAINTY_MEASURE_WITH_UNIT (LENGTH_MEASURE( 1.000000000000000082E-05 ), #1881, 'distance_accuracy_value', 'NONE');
#3453 = AXIS2_PLACEMENT_3D ( 'NONE', #233, #3242, #844 ) ;
#3454 = CARTESIAN_POINT ( 'NONE',  ( 4.099999999999999645, 4.700000000000000178, -1.950000000000000178 ) ) ;
#3455 = DIRECTION ( 'NONE',  ( 0.000000000000000000, 0.1579905011066732035, -0.9874406319167053914 ) ) ;
#3456 = ORIENTED_EDGE ( 'NONE', *, *, #2148, .F. ) ;
#3457 =( LENGTH_UNIT ( ) NAMED_UNIT ( * ) SI_UNIT ( .MILLI., .METRE. ) );
#3458 = CARTESIAN_POINT ( 'NONE',  ( -2.599999999999999645, 0.2500000000000000000, 2.200000000000000178 ) ) ;
#3459 = PLANE ( 'NONE',  #1860 ) ;
#3460 = COLOUR_RGB ( '',0.8470588235294117530, 0.8431372549019607865, 0.8470588235294117530 ) ;
#3461 = LINE ( 'NONE', #1627, #975 ) ;
#3462 = EDGE_LOOP ( 'NONE', ( #2427, #2557, #853, #2973 ) ) ;
#3463 = CARTESIAN_POINT ( 'NONE',  ( 4.349999999999999645, -3.606697673334801343E-16, 2.199999999999998845 ) ) ;
#3464 = DIRECTION ( 'NONE',  ( 1.000000000000000000, -0.000000000000000000, -0.000000000000000000 ) ) ;
#3465 = MECHANICAL_DESIGN_GEOMETRIC_PRESENTATION_REPRESENTATION (  '', ( #1275 ), #1814 ) ;
#3466 = EDGE_CURVE ( 'NONE', #1386, #218, #1775, .T. ) ;
#3467 =( NAMED_UNIT ( * ) PLANE_ANGLE_UNIT ( ) SI_UNIT ( $, .RADIAN. ) );
#3468 = VERTEX_POINT ( 'NONE', #2675 ) ;
#3469 = VECTOR ( 'NONE', #2195, 1000.000000000000000 ) ;
#3470 = EDGE_CURVE ( 'NONE', #3048, #3240, #3607, .T. ) ;
#3471 = LINE ( 'NONE', #810, #1659 ) ;
#3472 =( LENGTH_UNIT ( ) NAMED_UNIT ( * ) SI_UNIT ( .MILLI., .METRE. ) );
#3473 = FILL_AREA_STYLE ('',( #2542 ) ) ;
#3474 = DIRECTION ( 'NONE',  ( 0.000000000000000000, 0.1579905011066732035, -0.9874406319167053914 ) ) ;
#3475 = PRESENTATION_STYLE_ASSIGNMENT (( #2850 ) ) ;
#3476 = ADVANCED_BREP_SHAPE_REPRESENTATION ( 'SK12D07VG6', ( #2140, #1846 ), #438 ) ;
#3477 = SURFACE_SIDE_STYLE ('',( #487 ) ) ;
#3478 = FILL_AREA_STYLE ('',( #2893 ) ) ;
#3479 = ORIENTED_EDGE ( 'NONE', *, *, #1188, .F. ) ;
#3480 =( NAMED_UNIT ( * ) PLANE_ANGLE_UNIT ( ) SI_UNIT ( $, .RADIAN. ) );
#3481 = ORIENTED_EDGE ( 'NONE', *, *, #1345, .F. ) ;
#3482 = DIRECTION ( 'NONE',  ( 0.000000000000000000, -1.000000000000000000, -3.306546357697854719E-16 ) ) ;
#3483 = DIRECTION ( 'NONE',  ( 0.000000000000000000, 0.000000000000000000, 1.000000000000000000 ) ) ;
#3484 = PRESENTATION_STYLE_ASSIGNMENT (( #468 ) ) ;
#3485 = EDGE_LOOP ( 'NONE', ( #341, #1682, #3456, #1260, #1555, #1779, #2536, #3479, #11, #2728, #1589, #1099 ) ) ;
#3486 = ADVANCED_FACE ( 'NONE', ( #2400 ), #919, .F. ) ;
#3487 = CARTESIAN_POINT ( 'NONE',  ( -4.349999999999999645, 0.000000000000000000, -0.3999999999999996336 ) ) ;
#3488 = CYLINDRICAL_SURFACE ( 'NONE', #2585, 0.2500000000000000000 ) ;
#3489 = PRESENTATION_LAYER_ASSIGNMENT (  '', '', ( #805 ) ) ;
#3490 = ORIENTED_EDGE ( 'NONE', *, *, #1326, .F. ) ;
#3491 = CARTESIAN_POINT ( 'NONE',  ( 2.299031112740347975E-16, 3.600000000000000089, 2.000000000000000000 ) ) ;
#3492 = EDGE_CURVE ( 'NONE', #890, #2710, #2683, .T. ) ;
#3493 = VECTOR ( 'NONE', #2163, 1000.000000000000000 ) ;
#3494 = CARTESIAN_POINT ( 'NONE',  ( 4.349999999999999645, 0.000000000000000000, -2.199999999999998845 ) ) ;
#3495 = CARTESIAN_POINT ( 'NONE',  ( -2.000000000000000000, 1.407106781186548528, 7.531577814756221078E-16 ) ) ;
#3496 = FILL_AREA_STYLE ('',( #2222 ) ) ;
#3497 = CARTESIAN_POINT ( 'NONE',  ( -4.349999999999999645, 0.3999999999999996336, -0.7999999999999997113 ) ) ;
#3498 = EDGE_CURVE ( 'NONE', #987, #2323, #2170, .T. ) ;
#3499 = EDGE_CURVE ( 'NONE', #69, #3187, #938, .T. ) ;
#3500 = CIRCLE ( 'NONE', #1783, 0.2500000000000000000 ) ;
#3501 = ORIENTED_EDGE ( 'NONE', *, *, #105, .T. ) ;
#3502 = FACE_OUTER_BOUND ( 'NONE', #3485, .T. ) ;
#3503 = ORIENTED_EDGE ( 'NONE', *, *, #1984, .T. ) ;
#3504 = DIRECTION ( 'NONE',  ( -0.000000000000000000, -0.000000000000000000, 1.000000000000000000 ) ) ;
#3505 = CARTESIAN_POINT ( 'NONE',  ( 0.000000000000000000, 4.700000000000000178, 2.200000000000000178 ) ) ;
#3506 = DIRECTION ( 'NONE',  ( -0.000000000000000000, -0.000000000000000000, -1.000000000000000000 ) ) ;
#3507 = PLANE ( 'NONE',  #2113 ) ;
#3508 = ORIENTED_EDGE ( 'NONE', *, *, #1439, .F. ) ;
#3509 = CIRCLE ( 'NONE', #1855, 0.2500000000000000000 ) ;
#3510 = VECTOR ( 'NONE', #294, 1000.000000000000000 ) ;
#3511 = VERTEX_POINT ( 'NONE', #2736 ) ;
#3512 = UNCERTAINTY_MEASURE_WITH_UNIT (LENGTH_MEASURE( 1.000000000000000082E-05 ), #2066, 'distance_accuracy_value', 'NONE');
#3513 = COLOUR_RGB ( '',0.8470588235294117530, 0.8431372549019607865, 0.8470588235294117530 ) ;
#3514 =( NAMED_UNIT ( * ) PLANE_ANGLE_UNIT ( ) SI_UNIT ( $, .RADIAN. ) );
#3515 = DIRECTION ( 'NONE',  ( -1.000000000000000000, 0.000000000000000000, 0.000000000000000000 ) ) ;
#3516 = UNCERTAINTY_MEASURE_WITH_UNIT (LENGTH_MEASURE( 1.000000000000000082E-05 ), #30, 'distance_accuracy_value', 'NONE');
#3517 = DIRECTION ( 'NONE',  ( 0.000000000000000000, -3.306546357697854226E-16, 1.000000000000000000 ) ) ;
#3518 = SURFACE_STYLE_FILL_AREA ( #859 ) ;
#3519 = VECTOR ( 'NONE', #2064, 1000.000000000000000 ) ;
#3520 = VERTEX_POINT ( 'NONE', #3306 ) ;
#3521 = ORIENTED_EDGE ( 'NONE', *, *, #812, .F. ) ;
#3522 = EDGE_CURVE ( 'NONE', #2192, #3014, #1198, .T. ) ;
#3523 = STYLED_ITEM ( 'NONE', ( #3314 ), #3377 ) ;
#3524 = STYLED_ITEM ( 'NONE', ( #2750 ), #437 ) ;
#3525 = DIRECTION ( 'NONE',  ( 0.000000000000000000, 1.000000000000000000, 0.000000000000000000 ) ) ;
#3526 = ORIENTED_EDGE ( 'NONE', *, *, #2634, .T. ) ;
#3527 = DIRECTION ( 'NONE',  ( -0.000000000000000000, -0.000000000000000000, -1.000000000000000000 ) ) ;
#3528 = PRESENTATION_STYLE_ASSIGNMENT (( #3249 ) ) ;
#3529 = MECHANICAL_DESIGN_GEOMETRIC_PRESENTATION_REPRESENTATION (  '', ( #156 ), #37 ) ;
#3530 = CARTESIAN_POINT ( 'NONE',  ( -2.354469041949414532, 0.1933109650559083625, 1.151692553797756702 ) ) ;
#3531 = VERTEX_POINT ( 'NONE', #41 ) ;
#3532 = ORIENTED_EDGE ( 'NONE', *, *, #767, .T. ) ;
#3533 = MECHANICAL_DESIGN_GEOMETRIC_PRESENTATION_REPRESENTATION (  '', ( #3289 ), #2063 ) ;
#3534 =( NAMED_UNIT ( * ) PLANE_ANGLE_UNIT ( ) SI_UNIT ( $, .RADIAN. ) );
#3535 = DIRECTION ( 'NONE',  ( 0.000000000000000000, -0.9874406319167053914, 0.1579905011066730369 ) ) ;
#3536 = FILL_AREA_STYLE_COLOUR ( '', #411 ) ;
#3537 = CARTESIAN_POINT ( 'NONE',  ( 3.949999999999999734, 0.7000000000000000666, 0.000000000000000000 ) ) ;
#3538 = EDGE_CURVE ( 'NONE', #2550, #1105, #287, .T. ) ;
#3539 = CARTESIAN_POINT ( 'NONE',  ( -4.099999999999999645, 4.700000000000000178, 0.000000000000000000 ) ) ;
#3540 = EDGE_LOOP ( 'NONE', ( #2100, #3059, #1960, #622 ) ) ;
#3541 = DIRECTION ( 'NONE',  ( -0.000000000000000000, -1.000000000000000000, -0.000000000000000000 ) ) ;
#3542 =( LENGTH_UNIT ( ) NAMED_UNIT ( * ) SI_UNIT ( .MILLI., .METRE. ) );
#3543 =( NAMED_UNIT ( * ) PLANE_ANGLE_UNIT ( ) SI_UNIT ( $, .RADIAN. ) );
#3544 = EDGE_CURVE ( 'NONE', #2421, #3156, #170, .T. ) ;
#3545 = DIRECTION ( 'NONE',  ( 1.000000000000000000, 0.000000000000000000, 0.000000000000000000 ) ) ;
#3546 = ORIENTED_EDGE ( 'NONE', *, *, #138, .F. ) ;
#3547 = DIRECTION ( 'NONE',  ( -1.000000000000000000, 3.761581922631320025E-34, 0.000000000000000000 ) ) ;
#3548 = DIRECTION ( 'NONE',  ( 0.000000000000000000, 0.000000000000000000, -1.000000000000000000 ) ) ;
#3549 = COLOUR_RGB ( '',0.8470588235294117530, 0.8431372549019607865, 0.8470588235294117530 ) ;
#3550 = FILL_AREA_STYLE ('',( #809 ) ) ;
#3551 =( NAMED_UNIT ( * ) SI_UNIT ( $, .STERADIAN. ) SOLID_ANGLE_UNIT ( ) );
#3552 = EDGE_LOOP ( 'NONE', ( #784, #947, #319, #1890, #3823, #482, #2171, #1374, #874, #3798, #872, #2718, #2830, #2843, #1668, #505, #553, #979, #3104, #3 ) ) ;
#3553 = ORIENTED_EDGE ( 'NONE', *, *, #435, .T. ) ;
#3554 = DIRECTION ( 'NONE',  ( 0.000000000000000000, 1.000000000000000000, 0.000000000000000000 ) ) ;
#3555 = DIRECTION ( 'NONE',  ( -0.000000000000000000, -0.000000000000000000, -1.000000000000000000 ) ) ;
#3556 = DIRECTION ( 'NONE',  ( -1.000000000000000000, 4.989666635317766278E-20, 0.000000000000000000 ) ) ;
#3557 = LINE ( 'NONE', #2003, #717 ) ;
#3558 = EDGE_LOOP ( 'NONE', ( #610, #721, #2295, #3703 ) ) ;
#3559 = EDGE_CURVE ( 'NONE', #1273, #2624, #3207, .T. ) ;
#3560 = FILL_AREA_STYLE_COLOUR ( '', #3263 ) ;
#3561 = SURFACE_STYLE_FILL_AREA ( #2331 ) ;
#3562 = MECHANICAL_DESIGN_GEOMETRIC_PRESENTATION_REPRESENTATION (  '', ( #1356 ), #559 ) ;
#3563 = FACE_OUTER_BOUND ( 'NONE', #320, .T. ) ;
#3564 = FACE_OUTER_BOUND ( 'NONE', #953, .T. ) ;
#3565 = ORIENTED_EDGE ( 'NONE', *, *, #2926, .F. ) ;
#3566 = CARTESIAN_POINT ( 'NONE',  ( -3.349999999999999645, 0.3999999999999993006, 2.200000000000000178 ) ) ;
#3567 = COLOUR_RGB ( '',0.8470588235294117530, 0.8431372549019607865, 0.8470588235294117530 ) ;
#3568 = CARTESIAN_POINT ( 'NONE',  ( -4.349999999999999645, -3.306546357697851761E-16, -1.199999999999999734 ) ) ;
#3569 = CYLINDRICAL_SURFACE ( 'NONE', #2625, 0.3999999999999999667 ) ;
#3570 = DIRECTION ( 'NONE',  ( 0.000000000000000000, 1.000000000000000000, 0.000000000000000000 ) ) ;
#3571 = ORIENTED_EDGE ( 'NONE', *, *, #2679, .T. ) ;
#3572 = EDGE_CURVE ( 'NONE', #1826, #1162, #601, .T. ) ;
#3573 = ORIENTED_EDGE ( 'NONE', *, *, #3859, .T. ) ;
#3574 = PRESENTATION_LAYER_ASSIGNMENT (  '', '', ( #701 ) ) ;
#3575 = CARTESIAN_POINT ( 'NONE',  ( 3.949999999999999734, -3.606697673334801343E-16, 2.199999999999998845 ) ) ;
#3576 = CARTESIAN_POINT ( 'NONE',  ( 3.349999999999999201, 0.2500000000000000000, -1.112249899919919294 ) ) ;
#3577 = DIRECTION ( 'NONE',  ( 0.000000000000000000, 6.245698675651497881E-16, 1.000000000000000000 ) ) ;
#3578 =( GEOMETRIC_REPRESENTATION_CONTEXT ( 3 ) GLOBAL_UNCERTAINTY_ASSIGNED_CONTEXT ( ( #2438 ) ) GLOBAL_UNIT_ASSIGNED_CONTEXT ( ( #2840, #3745, #2506 ) ) REPRESENTATION_CONTEXT ( 'NONE', 'WORKASPACE' ) );
#3579 = CARTESIAN_POINT ( 'NONE',  ( -3.329218458540548209, 0.1294374611323829694, 1.181844205578191476 ) ) ;
#3580 = FILL_AREA_STYLE ('',( #2333 ) ) ;
#3581 = STYLED_ITEM ( 'NONE', ( #3828 ), #3004 ) ;
#3582 = ORIENTED_EDGE ( 'NONE', *, *, #3383, .F. ) ;
#3583 = ORIENTED_EDGE ( 'NONE', *, *, #2513, .T. ) ;
#3584 = DIRECTION ( 'NONE',  ( 0.000000000000000000, 0.000000000000000000, 1.000000000000000000 ) ) ;
#3585 = STYLED_ITEM ( 'NONE', ( #1445 ), #3339 ) ;
#3586 = EDGE_CURVE ( 'NONE', #92, #609, #1487, .T. ) ;
#3587 = FILL_AREA_STYLE_COLOUR ( '', #151 ) ;
#3588 = LINE ( 'NONE', #2920, #3112 ) ;
#3589 = ORIENTED_EDGE ( 'NONE', *, *, #2493, .F. ) ;
#3590 = PRESENTATION_LAYER_ASSIGNMENT (  '', '', ( #1389 ) ) ;
#3591 = AXIS2_PLACEMENT_3D ( 'NONE', #1771, #1489, #18 ) ;
#3592 = ORIENTED_EDGE ( 'NONE', *, *, #2679, .F. ) ;
#3593 = CARTESIAN_POINT ( 'NONE',  ( 3.949999999999999734, 0.7000000000000000666, -2.199999999999998845 ) ) ;
#3594 = DIRECTION ( 'NONE',  ( 0.000000000000000000, 0.000000000000000000, 1.000000000000000000 ) ) ;
#3595 = EDGE_CURVE ( 'NONE', #231, #1187, #16, .T. ) ;
#3596 = FILL_AREA_STYLE ('',( #3536 ) ) ;
#3597 = UNCERTAINTY_MEASURE_WITH_UNIT (LENGTH_MEASURE( 1.000000000000000082E-05 ), #1211, 'distance_accuracy_value', 'NONE');
#3598 = SURFACE_STYLE_FILL_AREA ( #2374 ) ;
#3599 = LINE ( 'NONE', #245, #1691 ) ;
#3600 = B_SPLINE_CURVE_WITH_KNOTS ( 'NONE', 3,
 ( #3441, #2238, #3741, #2515, #1972, #762, #1317, #2836 ),
 .UNSPECIFIED., .F., .F.,
 ( 4, 2, 2, 4 ),
 ( 6.113947262702201624E-21, 0.0002049309090525869271, 0.0003073963635788803635, 0.0004098618181051738541 ),
 .UNSPECIFIED. ) ;
#3601 = ORIENTED_EDGE ( 'NONE', *, *, #598, .T. ) ;
#3602 = DIRECTION ( 'NONE',  ( 0.000000000000000000, -0.9874406319167053914, 0.1579905011066730092 ) ) ;
#3603 = ORIENTED_EDGE ( 'NONE', *, *, #193, .T. ) ;
#3604 = CARTESIAN_POINT ( 'NONE',  ( -2.599999999999999645, 0.000000000000000000, 2.200000000000000178 ) ) ;
#3605 = FILL_AREA_STYLE ('',( #3628 ) ) ;
#3606 = AXIS2_PLACEMENT_3D ( 'NONE', #183, #3482, #775 ) ;
#3607 = LINE ( 'NONE', #927, #905 ) ;
#3608 = PLANE ( 'NONE',  #2417 ) ;
#3609 = LINE ( 'NONE', #398, #1995 ) ;
#3610 = LINE ( 'NONE', #260, #3431 ) ;
#3611 = VERTEX_POINT ( 'NONE', #1526 ) ;
#3612 = ORIENTED_EDGE ( 'NONE', *, *, #3055, .T. ) ;
#3613 = LINE ( 'NONE', #3281, #2216 ) ;
#3614 = EDGE_CURVE ( 'NONE', #2421, #1395, #2391, .T. ) ;
#3615 = SURFACE_STYLE_USAGE ( .BOTH. , #1560 ) ;
#3616 = CARTESIAN_POINT ( 'NONE',  ( 0.000000000000000000, 4.700000000000000178, 1.950000000000000178 ) ) ;
#3617 = VERTEX_POINT ( 'NONE', #3324 ) ;
#3618 = CARTESIAN_POINT ( 'NONE',  ( 4.349999999999999645, 4.450000000000000178, -2.200000000000000178 ) ) ;
#3619 = EDGE_CURVE ( 'NONE', #3091, #925, #636, .T. ) ;
#3620 = MECHANICAL_DESIGN_GEOMETRIC_PRESENTATION_REPRESENTATION (  '', ( #3170 ), #240 ) ;
#3621 = LINE ( 'NONE', #2436, #2169 ) ;
#3622 = VECTOR ( 'NONE', #2862, 1000.000000000000000 ) ;
#3623 =( NAMED_UNIT ( * ) PLANE_ANGLE_UNIT ( ) SI_UNIT ( $, .RADIAN. ) );
#3624 = EDGE_CURVE ( 'NONE', #2693, #854, #2172, .T. ) ;
#3625 =( BOUNDED_CURVE ( )  B_SPLINE_CURVE ( 3, ( #3140, #500, #129, #3454 ),
 .UNSPECIFIED., .F., .T. ) 
 B_SPLINE_CURVE_WITH_KNOTS ( ( 4, 4 ),
 ( 0.000000000000000000, 1.570796326794896558 ),
 .UNSPECIFIED. ) 
 CURVE ( )  GEOMETRIC_REPRESENTATION_ITEM ( )  RATIONAL_B_SPLINE_CURVE ( ( 1.000000000000000000, 0.8047378541243649375, 0.8047378541243649375, 1.000000000000000000 ) ) 
 REPRESENTATION_ITEM ( '' )  );
#3626 = VERTEX_POINT ( 'NONE', #958 ) ;
#3627 = CARTESIAN_POINT ( 'NONE',  ( -2.000000000000000000, -2.349999999999999645, -0.2499999999999991951 ) ) ;
#3628 = FILL_AREA_STYLE_COLOUR ( '', #2622 ) ;
#3629 = SURFACE_STYLE_FILL_AREA ( #1519 ) ;
#3630 = SURFACE_STYLE_USAGE ( .BOTH. , #1756 ) ;
#3631 = CARTESIAN_POINT ( 'NONE',  ( 2.599999999999999645, 0.000000000000000000, 2.200000000000000178 ) ) ;
#3632 = SURFACE_STYLE_FILL_AREA ( #3710 ) ;
#3633 = ORIENTED_EDGE ( 'NONE', *, *, #3099, .F. ) ;
#3634 = ORIENTED_EDGE ( 'NONE', *, *, #328, .T. ) ;
#3635 = DIRECTION ( 'NONE',  ( 1.000000000000000000, -0.000000000000000000, 0.000000000000000000 ) ) ;
#3636 = FACE_OUTER_BOUND ( 'NONE', #421, .T. ) ;
#3637 = LINE ( 'NONE', #1195, #3392 ) ;
#3638 = MECHANICAL_DESIGN_GEOMETRIC_PRESENTATION_REPRESENTATION (  '', ( #701 ), #1495 ) ;
#3639 = LINE ( 'NONE', #660, #2 ) ;
#3640 = DIRECTION ( 'NONE',  ( -1.000000000000000000, 0.000000000000000000, 0.000000000000000000 ) ) ;
#3641 = AXIS2_PLACEMENT_3D ( 'NONE', #2392, #3021, #59 ) ;
#3642 = SURFACE_STYLE_FILL_AREA ( #977 ) ;
#3643 = EDGE_CURVE ( 'NONE', #758, #2053, #3639, .T. ) ;
#3644 = VECTOR ( 'NONE', #2185, 1000.000000000000000 ) ;
#3645 = ORIENTED_EDGE ( 'NONE', *, *, #2606, .F. ) ;
#3646 = CARTESIAN_POINT ( 'NONE',  ( -2.000000000000000000, 3.550000000000000266, -2.828427124746190735 ) ) ;
#3647 =( LENGTH_UNIT ( ) NAMED_UNIT ( * ) SI_UNIT ( .MILLI., .METRE. ) );
#3648 = EDGE_CURVE ( 'NONE', #1448, #1189, #2027, .T. ) ;
#3649 = AXIS2_PLACEMENT_3D ( 'NONE', #471, #1595, #1323 ) ;
#3650 = ORIENTED_EDGE ( 'NONE', *, *, #3492, .F. ) ;
#3651 = EDGE_LOOP ( 'NONE', ( #573, #2895, #1016, #708, #3806, #2981 ) ) ;
#3652 = CARTESIAN_POINT ( 'NONE',  ( 4.349999999999999645, 4.700000000000000178, 2.200000000000000178 ) ) ;
#3653 = EDGE_CURVE ( 'NONE', #1113, #2272, #3702, .T. ) ;
#3654 = DIRECTION ( 'NONE',  ( 0.000000000000000000, 0.000000000000000000, -1.000000000000000000 ) ) ;
#3655 = COLOUR_RGB ( '',0.8470588235294117530, 0.8431372549019607865, 0.8470588235294117530 ) ;
#3656 = DIRECTION ( 'NONE',  ( 0.000000000000000000, 0.000000000000000000, 1.000000000000000000 ) ) ;
#3657 = DIRECTION ( 'NONE',  ( -1.000000000000000000, 0.000000000000000000, 0.000000000000000000 ) ) ;
#3658 = ORIENTED_EDGE ( 'NONE', *, *, #2606, .T. ) ;
#3659 = B_SPLINE_CURVE_WITH_KNOTS ( 'NONE', 3,
 ( #1470, #2653, #3579, #903, #3688, #706 ),
 .UNSPECIFIED., .F., .F.,
 ( 4, 2, 4 ),
 ( 0.000000000000000000, 0.0002050984712928842697, 0.0004101969425857685393 ),
 .UNSPECIFIED. ) ;
#3660 = SURFACE_STYLE_FILL_AREA ( #2093 ) ;
#3661 =( GEOMETRIC_REPRESENTATION_CONTEXT ( 3 ) GLOBAL_UNCERTAINTY_ASSIGNED_CONTEXT ( ( #1018 ) ) GLOBAL_UNIT_ASSIGNED_CONTEXT ( ( #624, #3007, #2702 ) ) REPRESENTATION_CONTEXT ( 'NONE', 'WORKASPACE' ) );
#3662 = VECTOR ( 'NONE', #1238, 1000.000000000000000 ) ;
#3663 = DIRECTION ( 'NONE',  ( 0.000000000000000000, -0.9408874118687268195, -0.3387194682727417416 ) ) ;
#3664 = LINE ( 'NONE', #2760, #1732 ) ;
#3665 = DIRECTION ( 'NONE',  ( 0.000000000000000000, 0.9874406319167053914, -0.1579905011066730092 ) ) ;
#3666 = AXIS2_PLACEMENT_3D ( 'NONE', #3354, #1845, #1551 ) ;
#3667 = ORIENTED_EDGE ( 'NONE', *, *, #2213, .F. ) ;
#3668 = FACE_BOUND ( 'NONE', #1628, .T. ) ;
#3669 = CARTESIAN_POINT ( 'NONE',  ( -4.349999999999999645, 4.450000000000000178, 2.200000000000000178 ) ) ;
#3670 = ADVANCED_FACE ( 'NONE', ( #994 ), #1861, .T. ) ;
#3671 =( GEOMETRIC_REPRESENTATION_CONTEXT ( 3 ) GLOBAL_UNCERTAINTY_ASSIGNED_CONTEXT ( ( #2000 ) ) GLOBAL_UNIT_ASSIGNED_CONTEXT ( ( #2962, #589, #806 ) ) REPRESENTATION_CONTEXT ( 'NONE', 'WORKASPACE' ) );
#3672 = SURFACE_STYLE_FILL_AREA ( #1553 ) ;
#3673 = FACE_BOUND ( 'NONE', #239, .T. ) ;
#3674 = ADVANCED_FACE ( 'NONE', ( #703 ), #113, .T. ) ;
#3675 = CARTESIAN_POINT ( 'NONE',  ( 3.949999999999999734, -4.705761750646616909E-16, -1.199999999999999734 ) ) ;
#3676 = LINE ( 'NONE', #1302, #3469 ) ;
#3677 = ORIENTED_EDGE ( 'NONE', *, *, #2576, .T. ) ;
#3678 = STYLED_ITEM ( 'NONE', ( #985 ), #2441 ) ;
#3679 = FACE_OUTER_BOUND ( 'NONE', #3462, .T. ) ;
#3680 = ADVANCED_FACE ( 'NONE', ( #2201 ), #1923, .T. ) ;
#3681 = DIRECTION ( 'NONE',  ( 0.000000000000000000, -0.9874406319167053914, 0.1579905011066730369 ) ) ;
#3682 = LINE ( 'NONE', #2424, #3493 ) ;
#3683 = CARTESIAN_POINT ( 'NONE',  ( 0.000000000000000000, 1.550000000000000266, -2.828427124746190735 ) ) ;
#3684 = EDGE_LOOP ( 'NONE', ( #2037, #1405, #1974, #1471 ) ) ;
#3685 =( NAMED_UNIT ( * ) SI_UNIT ( $, .STERADIAN. ) SOLID_ANGLE_UNIT ( ) );
#3686 = DIRECTION ( 'NONE',  ( 0.000000000000000000, -1.000000000000000000, 0.000000000000000000 ) ) ;
#3687 = FACE_OUTER_BOUND ( 'NONE', #2223, .T. ) ;
#3688 = CARTESIAN_POINT ( 'NONE',  ( -3.169301702141829491, -1.177375796683477471E-16, 1.199999999999999956 ) ) ;
#3689 = UNCERTAINTY_MEASURE_WITH_UNIT (LENGTH_MEASURE( 1.000000000000000082E-05 ), #135, 'distance_accuracy_value', 'NONE');
#3690 = ORIENTED_EDGE ( 'NONE', *, *, #605, .F. ) ;
#3691 = COLOUR_RGB ( '',0.8470588235294117530, 0.8431372549019607865, 0.8470588235294117530 ) ;
#3692 = CARTESIAN_POINT ( 'NONE',  ( 2.349999999999999645, 0.3999999999999993006, 2.200000000000000178 ) ) ;
#3693 = MECHANICAL_DESIGN_GEOMETRIC_PRESENTATION_REPRESENTATION (  '', ( #3043 ), #685 ) ;
#3694 = EDGE_CURVE ( 'NONE', #1743, #3799, #2265, .T. ) ;
#3695 = SURFACE_SIDE_STYLE ('',( #1573 ) ) ;
#3696 =( LENGTH_UNIT ( ) NAMED_UNIT ( * ) SI_UNIT ( .MILLI., .METRE. ) );
#3697 = ORIENTED_EDGE ( 'NONE', *, *, #959, .T. ) ;
#3698 = CARTESIAN_POINT ( 'NONE',  ( 2.000000000000000000, -2.349999999999999645, -4.714890176717308529E-16 ) ) ;
#3699 = PRESENTATION_LAYER_ASSIGNMENT (  '', '', ( #3747 ) ) ;
#3700 = CARTESIAN_POINT ( 'NONE',  ( -2.370781541459452857, 0.1294374611323829694, -1.181844205578191476 ) ) ;
#3701 = PLANE ( 'NONE',  #1318 ) ;
#3702 = LINE ( 'NONE', #97, #999 ) ;
#3703 = ORIENTED_EDGE ( 'NONE', *, *, #785, .F. ) ;
#3704 = DIRECTION ( 'NONE',  ( 1.000000000000000000, 0.000000000000000000, -0.000000000000000000 ) ) ;
#3705 = SURFACE_STYLE_FILL_AREA ( #1902 ) ;
#3706 = PRESENTATION_STYLE_ASSIGNMENT (( #2479 ) ) ;
#3707 = ORIENTED_EDGE ( 'NONE', *, *, #3499, .F. ) ;
#3708 = MECHANICAL_DESIGN_GEOMETRIC_PRESENTATION_REPRESENTATION (  '', ( #262 ), #3578 ) ;
#3709 = SURFACE_STYLE_USAGE ( .BOTH. , #728 ) ;
#3710 = FILL_AREA_STYLE ('',( #1835 ) ) ;
#3711 = ORIENTED_EDGE ( 'NONE', *, *, #767, .F. ) ;
#3712 = CARTESIAN_POINT ( 'NONE',  ( 2.393880996126364735, 0.1045571479292720929, 1.186916385698000509 ) ) ;
#3713 = EDGE_CURVE ( 'NONE', #1743, #1723, #2407, .T. ) ;
#3714 = PRESENTATION_LAYER_ASSIGNMENT (  '', '', ( #2872 ) ) ;
#3715 = PLANE ( 'NONE',  #3227 ) ;
#3716 =( GEOMETRIC_REPRESENTATION_CONTEXT ( 3 ) GLOBAL_UNCERTAINTY_ASSIGNED_CONTEXT ( ( #1361 ) ) GLOBAL_UNIT_ASSIGNED_CONTEXT ( ( #3542, #2912, #2961 ) ) REPRESENTATION_CONTEXT ( 'NONE', 'WORKASPACE' ) );
#3717 =( NAMED_UNIT ( * ) SI_UNIT ( $, .STERADIAN. ) SOLID_ANGLE_UNIT ( ) );
#3718 = EDGE_CURVE ( 'NONE', #1723, #1743, #691, .T. ) ;
#3719 = DIRECTION ( 'NONE',  ( 0.000000000000000000, 0.000000000000000000, 1.000000000000000000 ) ) ;
#3720 = AXIS2_PLACEMENT_3D ( 'NONE', #986, #1850, #1210 ) ;
#3721 = SURFACE_STYLE_USAGE ( .BOTH. , #2541 ) ;
#3722 = AXIS2_PLACEMENT_3D ( 'NONE', #3020, #3349, #1466 ) ;
#3723 = DIRECTION ( 'NONE',  ( 0.000000000000000000, 0.9408874118687269306, -0.3387194682727414086 ) ) ;
#3724 = COLOUR_RGB ( '',0.8470588235294117530, 0.8431372549019607865, 0.8470588235294117530 ) ;
#3725 = ORIENTED_EDGE ( 'NONE', *, *, #3077, .T. ) ;
#3726 = AXIS2_PLACEMENT_3D ( 'NONE', #2483, #3464, #1956 ) ;
#3727 = FILL_AREA_STYLE_COLOUR ( '', #3024 ) ;
#3728 = EDGE_LOOP ( 'NONE', ( #3304, #107, #1391, #1500 ) ) ;
#3729 = CARTESIAN_POINT ( 'NONE',  ( -3.949999999999999734, 0.7000000000000000666, 2.199999999999998845 ) ) ;
#3730 = AXIS2_PLACEMENT_3D ( 'NONE', #1707, #14, #2305 ) ;
#3731 = DIRECTION ( 'NONE',  ( 0.000000000000000000, 6.245698675651497881E-16, 1.000000000000000000 ) ) ;
#3732 = ADVANCED_FACE ( 'NONE', ( #1362 ), #1388, .T. ) ;
#3733 =( LENGTH_UNIT ( ) NAMED_UNIT ( * ) SI_UNIT ( .MILLI., .METRE. ) );
#3734 = CARTESIAN_POINT ( 'NONE',  ( 0.000000000000000000, 4.450000000000000178, 1.950000000000000178 ) ) ;
#3735 = CARTESIAN_POINT ( 'NONE',  ( -2.000000000000000000, -2.349999999999999645, 7.531577814756221078E-16 ) ) ;
#3736 = FILL_AREA_STYLE ('',( #3560 ) ) ;
#3737 = CARTESIAN_POINT ( 'NONE',  ( -2.075000000000000178, 4.700000000000000178, 2.000000000000000000 ) ) ;
#3738 = EDGE_CURVE ( 'NONE', #3611, #2970, #592, .T. ) ;
#3739 = FILL_AREA_STYLE ('',( #1373 ) ) ;
#3740 = ORIENTED_EDGE ( 'NONE', *, *, #3122, .F. ) ;
#3741 = CARTESIAN_POINT ( 'NONE',  ( -3.237214580261195351, 0.03039392797772669588, -1.202022581406711366 ) ) ;
#3742 = SURFACE_STYLE_USAGE ( .BOTH. , #3427 ) ;
#3743 = CARTESIAN_POINT ( 'NONE',  ( 4.349999999999999645, 4.596446609406726225, 2.200000000000000178 ) ) ;
#3744 = VERTEX_POINT ( 'NONE', #3494 ) ;
#3745 =( NAMED_UNIT ( * ) PLANE_ANGLE_UNIT ( ) SI_UNIT ( $, .RADIAN. ) );
#3746 = PRESENTATION_LAYER_ASSIGNMENT (  '', '', ( #1967 ) ) ;
#3747 = STYLED_ITEM ( 'NONE', ( #3098 ), #3670 ) ;
#3748 = CARTESIAN_POINT ( 'NONE',  ( -4.246446609406725692, 4.700000000000000178, -2.096446609406726669 ) ) ;
#3749 = PRESENTATION_STYLE_ASSIGNMENT (( #3771 ) ) ;
#3750 = PLANE ( 'NONE',  #2210 ) ;
#3751 = VERTEX_POINT ( 'NONE', #2578 ) ;
#3752 =( NAMED_UNIT ( * ) SI_UNIT ( $, .STERADIAN. ) SOLID_ANGLE_UNIT ( ) );
#3753 = DIRECTION ( 'NONE',  ( 0.000000000000000000, -0.9408874118687268195, -0.3387194682727417416 ) ) ;
#3754 = EDGE_CURVE ( 'NONE', #3531, #1187, #3808, .T. ) ;
#3755 = ORIENTED_EDGE ( 'NONE', *, *, #1178, .F. ) ;
#3756 = COLOUR_RGB ( '',0.8470588235294117530, 0.8431372549019607865, 0.8470588235294117530 ) ;
#3757 = EDGE_CURVE ( 'NONE', #2192, #3160, #3500, .T. ) ;
#3758 = VECTOR ( 'NONE', #995, 1000.000000000000000 ) ;
#3759 =( NAMED_UNIT ( * ) PLANE_ANGLE_UNIT ( ) SI_UNIT ( $, .RADIAN. ) );
#3760 = DIRECTION ( 'NONE',  ( -1.000000000000000000, 0.000000000000000000, 0.000000000000000000 ) ) ;
#3761 = ORIENTED_EDGE ( 'NONE', *, *, #2634, .F. ) ;
#3762 = ADVANCED_FACE ( 'NONE', ( #2012 ), #1764, .T. ) ;
#3763 = CLOSED_SHELL ( 'NONE', ( #3424, #1111, #3762, #2317, #2654, #24, #1007, #1094, #2280, #1785, #1672, #669, #344, #1942, #99, #702, #2236, #3291, #3339, #3004, #2952, #3286, #437, #1420, #988, #865, #1491, #3790, #3486, #3333, #2338, #238, #2918, #2245, #1703, #2372, #153, #1889, #3732, #1866, #1978, #3245, #578, #353, #2556, #3172, #549, #3437, #2209, #2441, #1049, #1463, #918, #3674, #3680, #554, #198, #2460, #57, #79, #286, #1856, #109, #2842, #1677, #851, #793, #885, #1548, #150, #2896, #3364, #2528, #2790, #3377, #525, #744, #2490, #2782, #3670, #1961, #2028, #1916 ) ) ;
#3764 = PRESENTATION_LAYER_ASSIGNMENT (  '', '', ( #763 ) ) ;
#3765 = ORIENTED_EDGE ( 'NONE', *, *, #2190, .T. ) ;
#3766 = UNCERTAINTY_MEASURE_WITH_UNIT (LENGTH_MEASURE( 1.000000000000000082E-05 ), #3010, 'distance_accuracy_value', 'NONE');
#3767 = VECTOR ( 'NONE', #3525, 1000.000000000000000 ) ;
#3768 = DIRECTION ( 'NONE',  ( -0.000000000000000000, -1.000000000000000000, 0.000000000000000000 ) ) ;
#3769 =( GEOMETRIC_REPRESENTATION_CONTEXT ( 3 ) GLOBAL_UNCERTAINTY_ASSIGNED_CONTEXT ( ( #3284 ) ) GLOBAL_UNIT_ASSIGNED_CONTEXT ( ( #1832, #1518, #724 ) ) REPRESENTATION_CONTEXT ( 'NONE', 'WORKASPACE' ) );
#3770 = UNCERTAINTY_MEASURE_WITH_UNIT (LENGTH_MEASURE( 1.000000000000000082E-05 ), #1737, 'distance_accuracy_value', 'NONE');
#3771 = SURFACE_STYLE_USAGE ( .BOTH. , #1348 ) ;
#3772 = SURFACE_STYLE_USAGE ( .BOTH. , #735 ) ;
#3773 = DIRECTION ( 'NONE',  ( 0.000000000000000000, 1.000000000000000000, 0.000000000000000000 ) ) ;
#3774 = LINE ( 'NONE', #1964, #567 ) ;
#3775 = FILL_AREA_STYLE_COLOUR ( '', #1807 ) ;
#3776 = VECTOR ( 'NONE', #2153, 1000.000000000000000 ) ;
#3777 =( NAMED_UNIT ( * ) SI_UNIT ( $, .STERADIAN. ) SOLID_ANGLE_UNIT ( ) );
#3778 =( LENGTH_UNIT ( ) NAMED_UNIT ( * ) SI_UNIT ( .MILLI., .METRE. ) );
#3779 = EDGE_LOOP ( 'NONE', ( #2533, #2083, #1355, #1712 ) ) ;
#3780 = DIRECTION ( 'NONE',  ( 0.000000000000000000, 0.000000000000000000, 1.000000000000000000 ) ) ;
#3781 = EDGE_CURVE ( 'NONE', #3626, #2367, #1607, .T. ) ;
#3782 = ORIENTED_EDGE ( 'NONE', *, *, #2384, .T. ) ;
#3783 = CARTESIAN_POINT ( 'NONE',  ( 2.599999999999999645, 0.2500000000000000000, -2.200000000000000178 ) ) ;
#3784 = FILL_AREA_STYLE ('',( #765 ) ) ;
#3785 = ORIENTED_EDGE ( 'NONE', *, *, #835, .F. ) ;
#3786 = EDGE_CURVE ( 'NONE', #2364, #1154, #2073, .T. ) ;
#3787 =( NAMED_UNIT ( * ) PLANE_ANGLE_UNIT ( ) SI_UNIT ( $, .RADIAN. ) );
#3788 = PRESENTATION_STYLE_ASSIGNMENT (( #1383 ) ) ;
#3789 = LINE ( 'NONE', #1343, #3622 ) ;
#3790 = ADVANCED_FACE ( 'NONE', ( #2684 ), #2832, .F. ) ;
#3791 = ORIENTED_EDGE ( 'NONE', *, *, #310, .T. ) ;
#3792 = UNCERTAINTY_MEASURE_WITH_UNIT (LENGTH_MEASURE( 1.000000000000000082E-05 ), #1770, 'distance_accuracy_value', 'NONE');
#3793 = CARTESIAN_POINT ( 'NONE',  ( 4.349999999999999645, 4.700000000000000178, -2.200000000000000178 ) ) ;
#3794 = CARTESIAN_POINT ( 'NONE',  ( 3.949999999999999734, -3.551475717527321860E-16, -0.7999999999999997113 ) ) ;
#3795 = VECTOR ( 'NONE', #1272, 1000.000000000000000 ) ;
#3796 = FILL_AREA_STYLE ('',( #3257 ) ) ;
#3797 = SURFACE_STYLE_USAGE ( .BOTH. , #3851 ) ;
#3798 = ORIENTED_EDGE ( 'NONE', *, *, #600, .F. ) ;
#3799 = VERTEX_POINT ( 'NONE', #2226 ) ;
#3800 =( NAMED_UNIT ( * ) PLANE_ANGLE_UNIT ( ) SI_UNIT ( $, .RADIAN. ) );
#3801 = ORIENTED_EDGE ( 'NONE', *, *, #1984, .F. ) ;
#3802 = CARTESIAN_POINT ( 'NONE',  ( 0.000000000000000000, 0.000000000000000000, 8.200000000000001066 ) ) ;
#3803 = CARTESIAN_POINT ( 'NONE',  ( 4.349999999999999645, 0.000000000000000000, 0.3999999999999996336 ) ) ;
#3804 =( NAMED_UNIT ( * ) SI_UNIT ( $, .STERADIAN. ) SOLID_ANGLE_UNIT ( ) );
#3805 = VECTOR ( 'NONE', #2196, 1000.000000000000000 ) ;
#3806 = ORIENTED_EDGE ( 'NONE', *, *, #1439, .T. ) ;
#3807 = COLOUR_RGB ( '',0.8470588235294117530, 0.8431372549019607865, 0.8470588235294117530 ) ;
#3808 = LINE ( 'NONE', #1116, #1240 ) ;
#3809 = DIRECTION ( 'NONE',  ( 0.000000000000000000, 0.000000000000000000, 1.000000000000000000 ) ) ;
#3810 = PLANE ( 'NONE',  #1367 ) ;
#3811 = PLANE ( 'NONE',  #3641 ) ;
#3812 = AXIS2_PLACEMENT_3D ( 'NONE', #556, #656, #3594 ) ;
#3813 = VERTEX_POINT ( 'NONE', #1067 ) ;
#3814 = DIRECTION ( 'NONE',  ( 2.065146995210484202E-16, -1.000000000000000000, -0.000000000000000000 ) ) ;
#3815 =( LENGTH_UNIT ( ) NAMED_UNIT ( * ) SI_UNIT ( .MILLI., .METRE. ) );
#3816 = DIRECTION ( 'NONE',  ( -1.000000000000000000, 0.000000000000000000, 0.000000000000000000 ) ) ;
#3817 = STYLED_ITEM ( 'NONE', ( #3234 ), #1856 ) ;
#3818 = MECHANICAL_DESIGN_GEOMETRIC_PRESENTATION_REPRESENTATION (  '', ( #1763 ), #2927 ) ;
#3819 = PRESENTATION_LAYER_ASSIGNMENT (  '', '', ( #1618 ) ) ;
#3820 = CARTESIAN_POINT ( 'NONE',  ( -2.376304738347015721, 0.1339847942805175995, 1.178292025437018609 ) ) ;
#3821 = SURFACE_STYLE_FILL_AREA ( #1416 ) ;
#3822 = ORIENTED_EDGE ( 'NONE', *, *, #2637, .F. ) ;
#3823 = ORIENTED_EDGE ( 'NONE', *, *, #1406, .F. ) ;
#3824 = EDGE_CURVE ( 'NONE', #951, #3180, #2993, .T. ) ;
#3825 = DIRECTION ( 'NONE',  ( -0.000000000000000000, 1.000000000000000000, 0.000000000000000000 ) ) ;
#3826 = PRESENTATION_LAYER_ASSIGNMENT (  '', '', ( #3448 ) ) ;
#3827 = DIRECTION ( 'NONE',  ( 0.000000000000000000, 0.000000000000000000, 1.000000000000000000 ) ) ;
#3828 = PRESENTATION_STYLE_ASSIGNMENT (( #3258 ) ) ;
#3829 =( GEOMETRIC_REPRESENTATION_CONTEXT ( 3 ) GLOBAL_UNCERTAINTY_ASSIGNED_CONTEXT ( ( #1848 ) ) GLOBAL_UNIT_ASSIGNED_CONTEXT ( ( #200, #1104, #1679 ) ) REPRESENTATION_CONTEXT ( 'NONE', 'WORKASPACE' ) );
#3830 = STYLED_ITEM ( 'NONE', ( #3101 ), #2918 ) ;
#3831 = UNCERTAINTY_MEASURE_WITH_UNIT (LENGTH_MEASURE( 1.000000000000000082E-05 ), #1646, 'distance_accuracy_value', 'NONE');
#3832 = LINE ( 'NONE', #561, #1156 ) ;
#3833 = LINE ( 'NONE', #2976, #2373 ) ;
#3834 =( GEOMETRIC_REPRESENTATION_CONTEXT ( 3 ) GLOBAL_UNCERTAINTY_ASSIGNED_CONTEXT ( ( #301 ) ) GLOBAL_UNIT_ASSIGNED_CONTEXT ( ( #3733, #1992, #2900 ) ) REPRESENTATION_CONTEXT ( 'NONE', 'WORKASPACE' ) );
#3835 = EDGE_LOOP ( 'NONE', ( #380, #1072, #3601, #2659 ) ) ;
#3836 = STYLED_ITEM ( 'NONE', ( #439 ), #3245 ) ;
#3837 = ORIENTED_EDGE ( 'NONE', *, *, #506, .F. ) ;
#3838 = PRESENTATION_LAYER_ASSIGNMENT (  '', '', ( #3278 ) ) ;
#3839 = CARTESIAN_POINT ( 'NONE',  ( 3.949999999999999734, -9.063624274963587724E-16, 1.199999999999999734 ) ) ;
#3840 = CARTESIAN_POINT ( 'NONE',  ( 2.299031112740347975E-16, 3.600000000000000089, 2.000000000000000000 ) ) ;
#3841 = ORIENTED_EDGE ( 'NONE', *, *, #2102, .T. ) ;
#3842 = CARTESIAN_POINT ( 'NONE',  ( -2.000000000000000000, 3.550000000000000266, 2.000000000000000000 ) ) ;
#3843 = SURFACE_SIDE_STYLE ('',( #1740 ) ) ;
#3844 = PRESENTATION_STYLE_ASSIGNMENT (( #2090 ) ) ;
#3845 = ORIENTED_EDGE ( 'NONE', *, *, #472, .T. ) ;
#3846 = ORIENTED_EDGE ( 'NONE', *, *, #1148, .T. ) ;
#3847 = PRESENTATION_LAYER_ASSIGNMENT (  '', '', ( #1753 ) ) ;
#3848 = LINE ( 'NONE', #2371, #2566 ) ;
#3849 = EDGE_CURVE ( 'NONE', #1752, #3611, #195, .T. ) ;
#3850 = FACE_OUTER_BOUND ( 'NONE', #1662, .T. ) ;
#3851 = SURFACE_SIDE_STYLE ('',( #2929 ) ) ;
#3852 = PRESENTATION_STYLE_ASSIGNMENT (( #1446 ) ) ;
#3853 = CARTESIAN_POINT ( 'NONE',  ( 3.949999999999999734, -1.734723475976807094E-15, 2.935478377556205177E-15 ) ) ;
#3854 = ORIENTED_EDGE ( 'NONE', *, *, #2627, .F. ) ;
#3855 = FACE_OUTER_BOUND ( 'NONE', #85, .T. ) ;
#3856 = FACE_OUTER_BOUND ( 'NONE', #791, .T. ) ;
#3857 = SPHERICAL_SURFACE ( 'NONE', #2492, 0.2500000000000000000 ) ;
#3858 =( LENGTH_UNIT ( ) NAMED_UNIT ( * ) SI_UNIT ( .MILLI., .METRE. ) );
#3859 = EDGE_CURVE ( 'NONE', #3230, #3048, #418, .T. ) ;
#3860 = CARTESIAN_POINT ( 'NONE',  ( 0.000000000000000000, 0.000000000000000000, 0.000000000000000000 ) ) ;
#3861 = VECTOR ( 'NONE', #829, 1000.000000000000000 ) ;
#3862 = DIRECTION ( 'NONE',  ( 0.000000000000000000, 0.000000000000000000, -1.000000000000000000 ) ) ;
#3863 = FACE_OUTER_BOUND ( 'NONE', #1879, .T. ) ;
#3864 = MECHANICAL_DESIGN_GEOMETRIC_PRESENTATION_REPRESENTATION (  '', ( #1483 ), #991 ) ;
#3865 = DIRECTION ( 'NONE',  ( 0.000000000000000000, 0.000000000000000000, -1.000000000000000000 ) ) ;
#3866 = VERTEX_POINT ( 'NONE', #3113 ) ;
#3867 = ORIENTED_EDGE ( 'NONE', *, *, #2546, .T. ) ;
#3868 = FACE_OUTER_BOUND ( 'NONE', #882, .T. ) ;
#3869 =( NAMED_UNIT ( * ) SI_UNIT ( $, .STERADIAN. ) SOLID_ANGLE_UNIT ( ) );
#3870 = CARTESIAN_POINT ( 'NONE',  ( 3.345530958050584758, 0.1933109650559083625, -1.151692553797756702 ) ) ;
#3871 = DIRECTION ( 'NONE',  ( 0.000000000000000000, 0.000000000000000000, -1.000000000000000000 ) ) ;
#3872 =( NAMED_UNIT ( * ) SI_UNIT ( $, .STERADIAN. ) SOLID_ANGLE_UNIT ( ) );
#3873 = ORIENTED_EDGE ( 'NONE', *, *, #941, .T. ) ;
ENDSEC;
END-ISO-10303-21;
