ISO-10303-21;
HEADER;
FILE_DESCRIPTION (( 'STEP AP214' ),
    '1' );
FILE_NAME ('SK12D07VG8.STEP',
    '2026-09-26T03:39:14',
    ( '' ),
    ( '' ),
    'SwSTEP 2.0',
    'SolidWorks 2026',
    '' );
FILE_SCHEMA (( 'AUTOMOTIVE_DESIGN' ));
ENDSEC;

DATA;
#1 = EDGE_CURVE ( 'NONE', #1068, #2800, #1021, .T. ) ;
#2 =( NAMED_UNIT ( * ) SI_UNIT ( $, .STERADIAN. ) SOLID_ANGLE_UNIT ( ) );
#3 =( NAMED_UNIT ( * ) PLANE_ANGLE_UNIT ( ) SI_UNIT ( $, .RADIAN. ) );
#4 = CARTESIAN_POINT ( 'NONE',  ( 3.949999999999999734, 4.645085803432136728, 0.3432137285491438372 ) ) ;
#5 = LINE ( 'NONE', #1822, #2270 ) ;
#6 = ORIENTED_EDGE ( 'NONE', *, *, #1897, .T. ) ;
#7 = VERTEX_POINT ( 'NONE', #170 ) ;
#8 = ORIENTED_EDGE ( 'NONE', *, *, #688, .F. ) ;
#9 = VECTOR ( 'NONE', #405, 1000.000000000000000 ) ;
#10 = CARTESIAN_POINT ( 'NONE',  ( 2.349999999999999645, 0.2500000000000000555, -1.112249899919919294 ) ) ;
#11 = MECHANICAL_DESIGN_GEOMETRIC_PRESENTATION_REPRESENTATION (  '', ( #3270 ), #770 ) ;
#12 =( LENGTH_UNIT ( ) NAMED_UNIT ( * ) SI_UNIT ( .MILLI., .METRE. ) );
#13 = LINE ( 'NONE', #1452, #1037 ) ;
#14 = CARTESIAN_POINT ( 'NONE',  ( -3.349999999999999645, 0.2500000000000000000, 1.112249899919919072 ) ) ;
#15 = AXIS2_PLACEMENT_3D ( 'NONE', #960, #2124, #3350 ) ;
#16 = ORIENTED_EDGE ( 'NONE', *, *, #2377, .T. ) ;
#17 = ORIENTED_EDGE ( 'NONE', *, *, #1614, .T. ) ;
#18 =( NAMED_UNIT ( * ) PLANE_ANGLE_UNIT ( ) SI_UNIT ( $, .RADIAN. ) );
#19 = MECHANICAL_DESIGN_GEOMETRIC_PRESENTATION_REPRESENTATION (  '', ( #383 ), #897 ) ;
#20 =( LENGTH_UNIT ( ) NAMED_UNIT ( * ) SI_UNIT ( .MILLI., .METRE. ) );
#21 = VERTEX_POINT ( 'NONE', #112 ) ;
#22 = STYLED_ITEM ( 'NONE', ( #1643 ), #627 ) ;
#23 = FILL_AREA_STYLE ('',( #3373 ) ) ;
#24 = CARTESIAN_POINT ( 'NONE',  ( -3.349999999999999645, 0.2500000000000000000, -1.112249899919919516 ) ) ;
#25 = ORIENTED_EDGE ( 'NONE', *, *, #535, .T. ) ;
#26 = CARTESIAN_POINT ( 'NONE',  ( 0.000000000000000000, 0.7000000000000000666, 0.000000000000000000 ) ) ;
#27 = VERTEX_POINT ( 'NONE', #1313 ) ;
#28 = CIRCLE ( 'NONE', #2206, 0.2500000000000002220 ) ;
#29 = STYLED_ITEM ( 'NONE', ( #1555 ), #1883 ) ;
#30 = CARTESIAN_POINT ( 'NONE',  ( -3.949999999999999734, -8.573765555304644567E-16, 0.3999999999999997446 ) ) ;
#31 = COLOUR_RGB ( '',0.8470588235294117530, 0.8431372549019607865, 0.8470588235294117530 ) ;
#32 = CARTESIAN_POINT ( 'NONE',  ( 3.949999999999999734, -1.250000000000000222, 0.5999999999999998668 ) ) ;
#33 = EDGE_CURVE ( 'NONE', #959, #1549, #2496, .T. ) ;
#34 = CARTESIAN_POINT ( 'NONE',  ( 3.237214580261195795, 0.03039392797772665078, -1.202022581406711366 ) ) ;
#35 = ORIENTED_EDGE ( 'NONE', *, *, #3804, .T. ) ;
#36 = VERTEX_POINT ( 'NONE', #733 ) ;
#37 = AXIS2_PLACEMENT_3D ( 'NONE', #789, #3479, #3181 ) ;
#38 = SPHERICAL_SURFACE ( 'NONE', #3836, 0.2500000000000000000 ) ;
#39 = LINE ( 'NONE', #1751, #1100 ) ;
#40 = DIRECTION ( 'NONE',  ( -0.000000000000000000, -1.000000000000000000, 0.000000000000000000 ) ) ;
#41 = VERTEX_POINT ( 'NONE', #1902 ) ;
#42 = CARTESIAN_POINT ( 'NONE',  ( 0.000000000000000000, -2.349999999999999645, 1.408343819019456275E-16 ) ) ;
#43 = AXIS2_PLACEMENT_3D ( 'NONE', #1457, #630, #608 ) ;
#44 = ORIENTED_EDGE ( 'NONE', *, *, #1359, .T. ) ;
#45 = LINE ( 'NONE', #1269, #3624 ) ;
#46 = FILL_AREA_STYLE ('',( #330 ) ) ;
#47 = CARTESIAN_POINT ( 'NONE',  ( -3.306119003873634110, 0.1045571479292716488, -1.186916385698000731 ) ) ;
#48 = FILL_AREA_STYLE ('',( #685 ) ) ;
#49 = LINE ( 'NONE', #1252, #2497 ) ;
#50 = AXIS2_PLACEMENT_3D ( 'NONE', #1528, #598, #2715 ) ;
#51 = EDGE_LOOP ( 'NONE', ( #1870, #105, #3649, #2596 ) ) ;
#52 = UNCERTAINTY_MEASURE_WITH_UNIT (LENGTH_MEASURE( 1.000000000000000082E-05 ), #560, 'distance_accuracy_value', 'NONE');
#53 = VERTEX_POINT ( 'NONE', #2289 ) ;
#54 = ADVANCED_FACE ( 'NONE', ( #486 ), #220, .T. ) ;
#55 = FILL_AREA_STYLE_COLOUR ( '', #980 ) ;
#56 = LINE ( 'NONE', #2718, #375 ) ;
#57 = CYLINDRICAL_SURFACE ( 'NONE', #2896, 0.2500000000000000000 ) ;
#58 = EDGE_CURVE ( 'NONE', #2486, #3684, #1396, .T. ) ;
#59 = DIRECTION ( 'NONE',  ( 1.000000000000000000, 0.000000000000000000, -0.000000000000000000 ) ) ;
#60 = AXIS2_PLACEMENT_3D ( 'NONE', #2788, #3656, #3728 ) ;
#61 = AXIS2_PLACEMENT_3D ( 'NONE', #278, #1976, #3191 ) ;
#62 = ORIENTED_EDGE ( 'NONE', *, *, #499, .T. ) ;
#63 = PRESENTATION_STYLE_ASSIGNMENT (( #1477 ) ) ;
#64 = EDGE_CURVE ( 'NONE', #1496, #2176, #2304, .T. ) ;
#65 = CARTESIAN_POINT ( 'NONE',  ( 0.000000000000000000, 0.7000000000000000666, 2.200000000000000178 ) ) ;
#66 = B_SPLINE_CURVE_WITH_KNOTS ( 'NONE', 3,
 ( #3496, #249, #1033, #740, #3500, #498 ),
 .UNSPECIFIED., .F., .F.,
 ( 4, 2, 4 ),
 ( 0.000000000000000000, 0.0002050984712928842697, 0.0004101969425857685393 ),
 .UNSPECIFIED. ) ;
#67 = ORIENTED_EDGE ( 'NONE', *, *, #552, .F. ) ;
#68 = LINE ( 'NONE', #982, #1520 ) ;
#69 = CARTESIAN_POINT ( 'NONE',  ( -3.949999999999999734, -1.399215392948765640E-16, -2.199999999999998845 ) ) ;
#70 = SPHERICAL_SURFACE ( 'NONE', #95, 0.2500000000000000000 ) ;
#71 = EDGE_LOOP ( 'NONE', ( #1274, #1939, #2467, #3526 ) ) ;
#72 =( GEOMETRIC_REPRESENTATION_CONTEXT ( 3 ) GLOBAL_UNCERTAINTY_ASSIGNED_CONTEXT ( ( #1613 ) ) GLOBAL_UNIT_ASSIGNED_CONTEXT ( ( #2868, #179, #3503 ) ) REPRESENTATION_CONTEXT ( 'NONE', 'WORKASPACE' ) );
#73 = ORIENTED_EDGE ( 'NONE', *, *, #114, .T. ) ;
#74 = DIRECTION ( 'NONE',  ( -9.637352644315614471E-16, -1.000000000000000000, 0.000000000000000000 ) ) ;
#75 = ORIENTED_EDGE ( 'NONE', *, *, #1095, .T. ) ;
#76 = ORIENTED_EDGE ( 'NONE', *, *, #3517, .T. ) ;
#77 = PLANE ( 'NONE',  #377 ) ;
#78 =( NAMED_UNIT ( * ) PLANE_ANGLE_UNIT ( ) SI_UNIT ( $, .RADIAN. ) );
#79 =( LENGTH_UNIT ( ) NAMED_UNIT ( * ) SI_UNIT ( .MILLI., .METRE. ) );
#80 = STYLED_ITEM ( 'NONE', ( #515 ), #1202 ) ;
#81 = ADVANCED_FACE ( 'NONE', ( #2000 ), #3204, .F. ) ;
#82 = VERTEX_POINT ( 'NONE', #1375 ) ;
#83 = VECTOR ( 'NONE', #2847, 1000.000000000000000 ) ;
#84 = ADVANCED_FACE ( 'NONE', ( #2564 ), #195, .T. ) ;
#85 =( NAMED_UNIT ( * ) PLANE_ANGLE_UNIT ( ) SI_UNIT ( $, .RADIAN. ) );
#86 = VERTEX_POINT ( 'NONE', #1984 ) ;
#87 = LINE ( 'NONE', #1542, #1934 ) ;
#88 = AXIS2_PLACEMENT_3D ( 'NONE', #2507, #3088, #2226 ) ;
#89 = LINE ( 'NONE', #2153, #1800 ) ;
#90 =( GEOMETRIC_REPRESENTATION_CONTEXT ( 3 ) GLOBAL_UNCERTAINTY_ASSIGNED_CONTEXT ( ( #1040 ) ) GLOBAL_UNIT_ASSIGNED_CONTEXT ( ( #3073, #2498, #2134 ) ) REPRESENTATION_CONTEXT ( 'NONE', 'WORKASPACE' ) );
#91 = ORIENTED_EDGE ( 'NONE', *, *, #2948, .T. ) ;
#92 = PRESENTATION_LAYER_ASSIGNMENT (  '', '', ( #2402 ) ) ;
#93 = VERTEX_POINT ( 'NONE', #2245 ) ;
#94 =( NAMED_UNIT ( * ) SI_UNIT ( $, .STERADIAN. ) SOLID_ANGLE_UNIT ( ) );
#95 = AXIS2_PLACEMENT_3D ( 'NONE', #1565, #313, #638 ) ;
#96 = PRESENTATION_STYLE_ASSIGNMENT (( #1281 ) ) ;
#97 = ORIENTED_EDGE ( 'NONE', *, *, #1578, .F. ) ;
#98 =( GEOMETRIC_REPRESENTATION_CONTEXT ( 3 ) GLOBAL_UNCERTAINTY_ASSIGNED_CONTEXT ( ( #1724 ) ) GLOBAL_UNIT_ASSIGNED_CONTEXT ( ( #229, #2849, #1681 ) ) REPRESENTATION_CONTEXT ( 'NONE', 'WORKASPACE' ) );
#99 = DIRECTION ( 'NONE',  ( 0.000000000000000000, 0.000000000000000000, -1.000000000000000000 ) ) ;
#100 = ORIENTED_EDGE ( 'NONE', *, *, #2255, .F. ) ;
#101 = CARTESIAN_POINT ( 'NONE',  ( 3.099999999999999645, -1.084202172485504434E-16, -2.200000000000000178 ) ) ;
#102 = EDGE_CURVE ( 'NONE', #439, #1644, #3463, .T. ) ;
#103 = CYLINDRICAL_SURFACE ( 'NONE', #88, 0.2500000000000000000 ) ;
#104 = PRODUCT_RELATED_PRODUCT_CATEGORY ( 'part', '', ( #3196 ) ) ;
#105 = ORIENTED_EDGE ( 'NONE', *, *, #345, .F. ) ;
#106 = COLOUR_RGB ( '',0.8470588235294117530, 0.8431372549019607865, 0.8470588235294117530 ) ;
#107 =( NAMED_UNIT ( * ) PLANE_ANGLE_UNIT ( ) SI_UNIT ( $, .RADIAN. ) );
#108 =( LENGTH_UNIT ( ) NAMED_UNIT ( * ) SI_UNIT ( .MILLI., .METRE. ) );
#109 = CARTESIAN_POINT ( 'NONE',  ( 0.000000000000000000, 1.550000000000000266, 2.000000000000000000 ) ) ;
#110 = VERTEX_POINT ( 'NONE', #1356 ) ;
#111 = EDGE_CURVE ( 'NONE', #3366, #428, #2261, .T. ) ;
#112 = CARTESIAN_POINT ( 'NONE',  ( -0.5000000000000000000, 1.550000000000000266, 10.20000000000000107 ) ) ;
#113 = STYLED_ITEM ( 'NONE', ( #1999 ), #1026 ) ;
#114 = EDGE_CURVE ( 'NONE', #3156, #350, #1412, .T. ) ;
#115 = ORIENTED_EDGE ( 'NONE', *, *, #552, .T. ) ;
#116 = ORIENTED_EDGE ( 'NONE', *, *, #2666, .T. ) ;
#117 = SURFACE_STYLE_FILL_AREA ( #2742 ) ;
#118 = DIRECTION ( 'NONE',  ( -1.000000000000000000, -0.000000000000000000, -0.000000000000000000 ) ) ;
#119 = CARTESIAN_POINT ( 'NONE',  ( -3.949999999999999734, -1.734723475976807094E-15, 2.935478377556205177E-15 ) ) ;
#120 =( NAMED_UNIT ( * ) PLANE_ANGLE_UNIT ( ) SI_UNIT ( $, .RADIAN. ) );
#121 = SURFACE_SIDE_STYLE ('',( #1341 ) ) ;
#122 = FILL_AREA_STYLE ('',( #366 ) ) ;
#123 = STYLED_ITEM ( 'NONE', ( #3101 ), #2984 ) ;
#124 = VECTOR ( 'NONE', #3069, 999.9999999999998863 ) ;
#125 =( NAMED_UNIT ( * ) PLANE_ANGLE_UNIT ( ) SI_UNIT ( $, .RADIAN. ) );
#126 = ADVANCED_FACE ( 'NONE', ( #3473 ), #1658, .T. ) ;
#127 =( GEOMETRIC_REPRESENTATION_CONTEXT ( 3 ) GLOBAL_UNCERTAINTY_ASSIGNED_CONTEXT ( ( #2303 ) ) GLOBAL_UNIT_ASSIGNED_CONTEXT ( ( #1420, #3520, #846 ) ) REPRESENTATION_CONTEXT ( 'NONE', 'WORKASPACE' ) );
#128 = ORIENTED_EDGE ( 'NONE', *, *, #2377, .F. ) ;
#129 = UNCERTAINTY_MEASURE_WITH_UNIT (LENGTH_MEASURE( 1.000000000000000082E-05 ), #525, 'distance_accuracy_value', 'NONE');
#130 = EDGE_CURVE ( 'NONE', #339, #1549, #66, .T. ) ;
#131 = VERTEX_POINT ( 'NONE', #1123 ) ;
#132 = ORIENTED_EDGE ( 'NONE', *, *, #576, .F. ) ;
#133 = SURFACE_STYLE_USAGE ( .BOTH. , #2519 ) ;
#134 = DIRECTION ( 'NONE',  ( -0.000000000000000000, -0.000000000000000000, 1.000000000000000000 ) ) ;
#135 = FACE_OUTER_BOUND ( 'NONE', #296, .T. ) ;
#136 = SURFACE_STYLE_USAGE ( .BOTH. , #3696 ) ;
#137 =( LENGTH_UNIT ( ) NAMED_UNIT ( * ) SI_UNIT ( .MILLI., .METRE. ) );
#138 = VECTOR ( 'NONE', #3864, 1000.000000000000000 ) ;
#139 = MECHANICAL_DESIGN_GEOMETRIC_PRESENTATION_REPRESENTATION (  '', ( #1516 ), #2057 ) ;
#140 = DIRECTION ( 'NONE',  ( 0.000000000000000000, 6.245698675651497881E-16, 1.000000000000000000 ) ) ;
#141 = CARTESIAN_POINT ( 'NONE',  ( 2.599999999999999645, 0.2500000000000000000, -2.200000000000000178 ) ) ;
#142 = ORIENTED_EDGE ( 'NONE', *, *, #2539, .T. ) ;
#143 = SURFACE_STYLE_USAGE ( .BOTH. , #2209 ) ;
#144 = SURFACE_SIDE_STYLE ('',( #729 ) ) ;
#145 = ORIENTED_EDGE ( 'NONE', *, *, #3668, .F. ) ;
#146 = CARTESIAN_POINT ( 'NONE',  ( -4.349999999999999645, 4.596446609406726225, 2.200000000000000178 ) ) ;
#147 = CARTESIAN_POINT ( 'NONE',  ( 3.949999999999999734, -3.606697673334801343E-16, 2.199999999999998845 ) ) ;
#148 = AXIS2_PLACEMENT_3D ( 'NONE', #1921, #3133, #3363 ) ;
#149 = SURFACE_STYLE_FILL_AREA ( #1864 ) ;
#150 = VECTOR ( 'NONE', #1844, 1000.000000000000000 ) ;
#151 = ORIENTED_EDGE ( 'NONE', *, *, #3540, .T. ) ;
#152 = VECTOR ( 'NONE', #1930, 1000.000000000000000 ) ;
#153 = PRESENTATION_STYLE_ASSIGNMENT (( #133 ) ) ;
#154 =( LENGTH_UNIT ( ) NAMED_UNIT ( * ) SI_UNIT ( .MILLI., .METRE. ) );
#155 =( GEOMETRIC_REPRESENTATION_CONTEXT ( 3 ) GLOBAL_UNCERTAINTY_ASSIGNED_CONTEXT ( ( #1747 ) ) GLOBAL_UNIT_ASSIGNED_CONTEXT ( ( #1611, #1346, #1918 ) ) REPRESENTATION_CONTEXT ( 'NONE', 'WORKASPACE' ) );
#156 = STYLED_ITEM ( 'NONE', ( #1306 ), #1894 ) ;
#157 = SURFACE_SIDE_STYLE ('',( #3459 ) ) ;
#158 = FILL_AREA_STYLE ('',( #2488 ) ) ;
#159 = CARTESIAN_POINT ( 'NONE',  ( 2.599999999999999645, 0.2500000000000000000, 2.200000000000000178 ) ) ;
#160 = CARTESIAN_POINT ( 'NONE',  ( -2.349999999999999645, 1.349999999999999645, 2.000000000000000000 ) ) ;
#161 = EDGE_CURVE ( 'NONE', #3383, #3249, #3409, .T. ) ;
#162 = PRESENTATION_STYLE_ASSIGNMENT (( #769 ) ) ;
#163 = DIRECTION ( 'NONE',  ( 0.000000000000000000, 1.000000000000000000, -6.245698675651497881E-16 ) ) ;
#164 = SURFACE_SIDE_STYLE ('',( #2147 ) ) ;
#165 = EDGE_CURVE ( 'NONE', #2453, #1103, #3734, .T. ) ;
#166 = CYLINDRICAL_SURFACE ( 'NONE', #3546, 0.2500000000000002220 ) ;
#167 =( LENGTH_UNIT ( ) NAMED_UNIT ( * ) SI_UNIT ( .MILLI., .METRE. ) );
#168 = FILL_AREA_STYLE_COLOUR ( '', #3195 ) ;
#169 = SURFACE_SIDE_STYLE ('',( #3152 ) ) ;
#170 = CARTESIAN_POINT ( 'NONE',  ( -3.949999999999999734, -1.250000000000000222, 0.5999999999999998668 ) ) ;
#171 = FILL_AREA_STYLE_COLOUR ( '', #3858 ) ;
#172 = ORIENTED_EDGE ( 'NONE', *, *, #1998, .T. ) ;
#173 = ORIENTED_EDGE ( 'NONE', *, *, #1156, .F. ) ;
#174 = EDGE_CURVE ( 'NONE', #1502, #678, #3525, .T. ) ;
#175 = PRESENTATION_STYLE_ASSIGNMENT (( #2579 ) ) ;
#176 = FILL_AREA_STYLE_COLOUR ( '', #3276 ) ;
#177 = FILL_AREA_STYLE ('',( #2933 ) ) ;
#178 = EDGE_CURVE ( 'NONE', #3830, #1781, #2528, .T. ) ;
#179 =( NAMED_UNIT ( * ) PLANE_ANGLE_UNIT ( ) SI_UNIT ( $, .RADIAN. ) );
#180 =( LENGTH_UNIT ( ) NAMED_UNIT ( * ) SI_UNIT ( .MILLI., .METRE. ) );
#181 = UNCERTAINTY_MEASURE_WITH_UNIT (LENGTH_MEASURE( 1.000000000000000082E-05 ), #2520, 'distance_accuracy_value', 'NONE');
#182 = FACE_OUTER_BOUND ( 'NONE', #3612, .T. ) ;
#183 = CARTESIAN_POINT ( 'NONE',  ( -2.074999999999999734, 3.599999999999999645, 2.000000000000000000 ) ) ;
#184 = CARTESIAN_POINT ( 'NONE',  ( 4.349999999999999645, 4.450000000000000178, 2.200000000000000178 ) ) ;
#185 = DIRECTION ( 'NONE',  ( 1.000000000000000000, -0.000000000000000000, -0.000000000000000000 ) ) ;
#186 = MECHANICAL_DESIGN_GEOMETRIC_PRESENTATION_REPRESENTATION (  '', ( #694 ), #1052 ) ;
#187 = MECHANICAL_DESIGN_GEOMETRIC_PRESENTATION_REPRESENTATION (  '', ( #123 ), #1797 ) ;
#188 = SURFACE_STYLE_FILL_AREA ( #815 ) ;
#189 = ORIENTED_EDGE ( 'NONE', *, *, #2328, .T. ) ;
#190 = FILL_AREA_STYLE_COLOUR ( '', #1914 ) ;
#191 = CARTESIAN_POINT ( 'NONE',  ( 2.000000000000000000, 1.407106781186548528, -4.714890176717308529E-16 ) ) ;
#192 = FILL_AREA_STYLE_COLOUR ( '', #1373 ) ;
#193 = SURFACE_STYLE_FILL_AREA ( #1394 ) ;
#194 = CARTESIAN_POINT ( 'NONE',  ( 3.099999999999999645, -1.084202172485504434E-16, 2.200000000000000178 ) ) ;
#195 = PLANE ( 'NONE',  #1137 ) ;
#196 = DIRECTION ( 'NONE',  ( -0.000000000000000000, -1.000000000000000000, 0.000000000000000000 ) ) ;
#197 = CARTESIAN_POINT ( 'NONE',  ( 4.099999999999999645, 4.450000000000000178, 0.000000000000000000 ) ) ;
#198 = CARTESIAN_POINT ( 'NONE',  ( 3.949999999999999734, -9.629649721936179265E-32, -0.3999999999999997446 ) ) ;
#199 = CIRCLE ( 'NONE', #2121, 0.3999999999999999667 ) ;
#200 = PLANE ( 'NONE',  #2542 ) ;
#201 = VECTOR ( 'NONE', #3613, 1000.000000000000000 ) ;
#202 = EDGE_CURVE ( 'NONE', #761, #3134, #1515, .T. ) ;
#203 = LINE ( 'NONE', #2313, #2717 ) ;
#204 = UNCERTAINTY_MEASURE_WITH_UNIT (LENGTH_MEASURE( 1.000000000000000082E-05 ), #12, 'distance_accuracy_value', 'NONE');
#205 = AXIS2_PLACEMENT_3D ( 'NONE', #1790, #2723, #2361 ) ;
#206 = FILL_AREA_STYLE ('',( #1184 ) ) ;
#207 = COLOUR_RGB ( '',0.2509803921568627416, 0.2509803921568627416, 0.2509803921568627416 ) ;
#208 = ORIENTED_EDGE ( 'NONE', *, *, #1238, .T. ) ;
#209 =( NAMED_UNIT ( * ) PLANE_ANGLE_UNIT ( ) SI_UNIT ( $, .RADIAN. ) );
#210 = SURFACE_STYLE_USAGE ( .BOTH. , #3477 ) ;
#211 = CARTESIAN_POINT ( 'NONE',  ( -2.599999999999999645, -1.084202172485504434E-16, 2.200000000000000178 ) ) ;
#212 =( NAMED_UNIT ( * ) SI_UNIT ( $, .STERADIAN. ) SOLID_ANGLE_UNIT ( ) );
#213 = FACE_OUTER_BOUND ( 'NONE', #3051, .T. ) ;
#214 = VECTOR ( 'NONE', #134, 1000.000000000000000 ) ;
#215 = PRESENTATION_STYLE_ASSIGNMENT (( #364 ) ) ;
#216 = CARTESIAN_POINT ( 'NONE',  ( 2.000000000000000000, -2.349999999999999645, -4.714890176717308529E-16 ) ) ;
#217 = VECTOR ( 'NONE', #1938, 1000.000000000000000 ) ;
#218 = ADVANCED_FACE ( 'NONE', ( #2506 ), #3199, .T. ) ;
#219 = PRESENTATION_STYLE_ASSIGNMENT (( #3208 ) ) ;
#220 = CYLINDRICAL_SURFACE ( 'NONE', #2115, 0.2500000000000002220 ) ;
#221 = CARTESIAN_POINT ( 'NONE',  ( 0.000000000000000000, 0.7000000000000000666, -2.200000000000000178 ) ) ;
#222 = FACE_OUTER_BOUND ( 'NONE', #1637, .T. ) ;
#223 = DIRECTION ( 'NONE',  ( 0.000000000000000000, 0.000000000000000000, -1.000000000000000000 ) ) ;
#224 = LINE ( 'NONE', #1426, #1495 ) ;
#225 = ORIENTED_EDGE ( 'NONE', *, *, #316, .T. ) ;
#226 = CARTESIAN_POINT ( 'NONE',  ( 2.599999999999999645, 0.000000000000000000, 2.200000000000000178 ) ) ;
#227 = CARTESIAN_POINT ( 'NONE',  ( 2.075000000000000178, 4.700000000000000178, 2.200000000000000178 ) ) ;
#228 = LINE ( 'NONE', #2406, #201 ) ;
#229 =( LENGTH_UNIT ( ) NAMED_UNIT ( * ) SI_UNIT ( .MILLI., .METRE. ) );
#230 = UNCERTAINTY_MEASURE_WITH_UNIT (LENGTH_MEASURE( 1.000000000000000082E-05 ), #2947, 'distance_accuracy_value', 'NONE');
#231 = CARTESIAN_POINT ( 'NONE',  ( 3.949999999999999734, -2.499999999999999556, 0.000000000000000000 ) ) ;
#232 = SURFACE_STYLE_FILL_AREA ( #2646 ) ;
#233 =( GEOMETRIC_REPRESENTATION_CONTEXT ( 3 ) GLOBAL_UNCERTAINTY_ASSIGNED_CONTEXT ( ( #204 ) ) GLOBAL_UNIT_ASSIGNED_CONTEXT ( ( #12, #2446, #1484 ) ) REPRESENTATION_CONTEXT ( 'NONE', 'WORKASPACE' ) );
#234 = ORIENTED_EDGE ( 'NONE', *, *, #436, .T. ) ;
#235 = DIRECTION ( 'NONE',  ( -1.000000000000000000, 0.000000000000000000, 0.000000000000000000 ) ) ;
#236 = CARTESIAN_POINT ( 'NONE',  ( -2.599999999999999645, -1.084202172485504434E-16, -2.200000000000000178 ) ) ;
#237 = PRESENTATION_LAYER_ASSIGNMENT (  '', '', ( #1677 ) ) ;
#238 =( NAMED_UNIT ( * ) PLANE_ANGLE_UNIT ( ) SI_UNIT ( $, .RADIAN. ) );
#239 = UNCERTAINTY_MEASURE_WITH_UNIT (LENGTH_MEASURE( 1.000000000000000082E-05 ), #3278, 'distance_accuracy_value', 'NONE');
#240 = ADVANCED_FACE ( 'NONE', ( #2300 ), #3514, .T. ) ;
#241 = MECHANICAL_DESIGN_GEOMETRIC_PRESENTATION_REPRESENTATION (  '', ( #2363 ), #2751 ) ;
#242 = ORIENTED_EDGE ( 'NONE', *, *, #3422, .T. ) ;
#243 = ORIENTED_EDGE ( 'NONE', *, *, #857, .T. ) ;
#244 = CARTESIAN_POINT ( 'NONE',  ( -3.099999999999999645, 0.2500000000000000000, 2.200000000000000178 ) ) ;
#245 = STYLED_ITEM ( 'NONE', ( #1145 ), #2659 ) ;
#246 = SURFACE_SIDE_STYLE ('',( #3609 ) ) ;
#247 = SURFACE_STYLE_FILL_AREA ( #177 ) ;
#248 = EDGE_CURVE ( 'NONE', #2465, #3380, #56, .T. ) ;
#249 = CARTESIAN_POINT ( 'NONE',  ( -3.349999999999999201, 0.1959718679618051573, 1.155507025103987395 ) ) ;
#250 = AXIS2_PLACEMENT_3D ( 'NONE', #308, #2985, #3570 ) ;
#251 = DIRECTION ( 'NONE',  ( 0.000000000000000000, 0.9874406319167053914, -0.1579905011066730092 ) ) ;
#252 = VECTOR ( 'NONE', #962, 1000.000000000000000 ) ;
#253 = DIRECTION ( 'NONE',  ( -1.000000000000000000, 0.000000000000000000, 0.000000000000000000 ) ) ;
#254 =( NAMED_UNIT ( * ) SI_UNIT ( $, .STERADIAN. ) SOLID_ANGLE_UNIT ( ) );
#255 = SURFACE_STYLE_USAGE ( .BOTH. , #1735 ) ;
#256 = VERTEX_POINT ( 'NONE', #2110 ) ;
#257 = STYLED_ITEM ( 'NONE', ( #2324 ), #84 ) ;
#258 =( LENGTH_UNIT ( ) NAMED_UNIT ( * ) SI_UNIT ( .MILLI., .METRE. ) );
#259 = DIRECTION ( 'NONE',  ( -1.000000000000000000, 0.000000000000000000, 0.000000000000000000 ) ) ;
#260 = PRESENTATION_LAYER_ASSIGNMENT (  '', '', ( #1516 ) ) ;
#261 = DIRECTION ( 'NONE',  ( -0.000000000000000000, -0.000000000000000000, 1.000000000000000000 ) ) ;
#262 = UNCERTAINTY_MEASURE_WITH_UNIT (LENGTH_MEASURE( 1.000000000000000082E-05 ), #1383, 'distance_accuracy_value', 'NONE');
#263 = EDGE_LOOP ( 'NONE', ( #3785, #2107, #2082, #3806 ) ) ;
#264 = ORIENTED_EDGE ( 'NONE', *, *, #871, .F. ) ;
#265 = EDGE_CURVE ( 'NONE', #27, #1579, #1807, .T. ) ;
#266 = SURFACE_SIDE_STYLE ('',( #1213 ) ) ;
#267 = SURFACE_SIDE_STYLE ('',( #1827 ) ) ;
#268 = DIRECTION ( 'NONE',  ( 0.000000000000000000, -0.9874406319167053914, 0.1579905011066730369 ) ) ;
#269 =( NAMED_UNIT ( * ) PLANE_ANGLE_UNIT ( ) SI_UNIT ( $, .RADIAN. ) );
#270 = FACE_OUTER_BOUND ( 'NONE', #3445, .T. ) ;
#271 = VECTOR ( 'NONE', #938, 999.9999999999998863 ) ;
#272 = ORIENTED_EDGE ( 'NONE', *, *, #1942, .T. ) ;
#273 = CARTESIAN_POINT ( 'NONE',  ( 2.349999999999999645, 1.349999999999999645, 2.200000000000000178 ) ) ;
#274 = DIRECTION ( 'NONE',  ( 0.000000000000000000, 0.000000000000000000, 1.000000000000000000 ) ) ;
#275 = PRESENTATION_STYLE_ASSIGNMENT (( #2964 ) ) ;
#276 = VERTEX_POINT ( 'NONE', #3269 ) ;
#277 = SURFACE_STYLE_USAGE ( .BOTH. , #1166 ) ;
#278 = CARTESIAN_POINT ( 'NONE',  ( -2.599999999999999645, 0.2500000000000000000, 2.200000000000000178 ) ) ;
#279 =( NAMED_UNIT ( * ) SI_UNIT ( $, .STERADIAN. ) SOLID_ANGLE_UNIT ( ) );
#280 = VERTEX_POINT ( 'NONE', #3291 ) ;
#281 = ORIENTED_EDGE ( 'NONE', *, *, #2598, .F. ) ;
#282 = ORIENTED_EDGE ( 'NONE', *, *, #484, .T. ) ;
#283 = CARTESIAN_POINT ( 'NONE',  ( 2.530698297858170687, -1.355252715606880543E-16, -1.199999999999999734 ) ) ;
#284 = DIRECTION ( 'NONE',  ( 0.000000000000000000, 3.306546357697854226E-16, -1.000000000000000000 ) ) ;
#285 = STYLED_ITEM ( 'NONE', ( #3837 ), #1545 ) ;
#286 = CYLINDRICAL_SURFACE ( 'NONE', #3280, 0.2500000000000002220 ) ;
#287 = DIRECTION ( 'NONE',  ( 0.7071067811865507924, 0.000000000000000000, 0.7071067811865441310 ) ) ;
#288 = FILL_AREA_STYLE_COLOUR ( '', #1860 ) ;
#289 = EDGE_CURVE ( 'NONE', #2091, #596, #342, .T. ) ;
#290 = SURFACE_STYLE_USAGE ( .BOTH. , #2702 ) ;
#291 = EDGE_CURVE ( 'NONE', #3860, #3790, #601, .T. ) ;
#292 = VERTEX_POINT ( 'NONE', #901 ) ;
#293 = ORIENTED_EDGE ( 'NONE', *, *, #2156, .F. ) ;
#294 = CARTESIAN_POINT ( 'NONE',  ( 3.949999999999999734, -3.606697673334801343E-16, 2.199999999999998845 ) ) ;
#295 =( GEOMETRIC_REPRESENTATION_CONTEXT ( 3 ) GLOBAL_UNCERTAINTY_ASSIGNED_CONTEXT ( ( #3482 ) ) GLOBAL_UNIT_ASSIGNED_CONTEXT ( ( #1134, #238, #2349 ) ) REPRESENTATION_CONTEXT ( 'NONE', 'WORKASPACE' ) );
#296 = EDGE_LOOP ( 'NONE', ( #856, #2475, #2208, #732 ) ) ;
#297 =( LENGTH_UNIT ( ) NAMED_UNIT ( * ) SI_UNIT ( .MILLI., .METRE. ) );
#298 = CARTESIAN_POINT ( 'NONE',  ( 3.949999999999999734, -8.673617379884035472E-16, -1.554076788117991846E-15 ) ) ;
#299 = DIRECTION ( 'NONE',  ( 0.000000000000000000, 0.000000000000000000, -1.000000000000000000 ) ) ;
#300 = EDGE_LOOP ( 'NONE', ( #892, #1212, #3786, #1219 ) ) ;
#301 = VECTOR ( 'NONE', #2083, 1000.000000000000000 ) ;
#302 = PRESENTATION_STYLE_ASSIGNMENT (( #2381 ) ) ;
#303 = CARTESIAN_POINT ( 'NONE',  ( 3.329218458540547765, 0.1294374611323830249, 1.181844205578191698 ) ) ;
#304 = PLANE ( 'NONE',  #3449 ) ;
#305 = EDGE_LOOP ( 'NONE', ( #3157, #264, #3652, #988 ) ) ;
#306 = COLOUR_RGB ( '',0.8470588235294117530, 0.8431372549019607865, 0.8470588235294117530 ) ;
#307 = DIRECTION ( 'NONE',  ( 0.000000000000000000, 1.000000000000000000, 0.000000000000000000 ) ) ;
#308 = CARTESIAN_POINT ( 'NONE',  ( 0.000000000000000000, 0.000000000000000000, 2.000000000000000000 ) ) ;
#309 = CARTESIAN_POINT ( 'NONE',  ( -4.349999999999999645, -1.734723475976807094E-15, 2.935478377556205177E-15 ) ) ;
#310 = EDGE_CURVE ( 'NONE', #2105, #2091, #622, .T. ) ;
#311 = ORIENTED_EDGE ( 'NONE', *, *, #1492, .T. ) ;
#312 = FACE_OUTER_BOUND ( 'NONE', #2186, .T. ) ;
#313 = DIRECTION ( 'NONE',  ( 1.000000000000000000, -0.000000000000000000, 0.000000000000000000 ) ) ;
#314 = CARTESIAN_POINT ( 'NONE',  ( -3.949999999999999734, -8.673617379884035472E-16, -1.554076788117991846E-15 ) ) ;
#315 = UNCERTAINTY_MEASURE_WITH_UNIT (LENGTH_MEASURE( 1.000000000000000082E-05 ), #3426, 'distance_accuracy_value', 'NONE');
#316 = EDGE_CURVE ( 'NONE', #3453, #360, #3337, .T. ) ;
#317 = VERTEX_POINT ( 'NONE', #1507 ) ;
#318 = DIRECTION ( 'NONE',  ( 1.000000000000000000, -0.000000000000000000, 0.000000000000000000 ) ) ;
#319 = SURFACE_SIDE_STYLE ('',( #1192 ) ) ;
#320 = DIRECTION ( 'NONE',  ( -1.000000000000000000, 0.000000000000000000, 0.000000000000000000 ) ) ;
#321 = CIRCLE ( 'NONE', #2577, 0.3999999999999999667 ) ;
#322 = VERTEX_POINT ( 'NONE', #2427 ) ;
#323 = CARTESIAN_POINT ( 'NONE',  ( 0.000000000000000000, -2.349999999999999645, 1.408343819019456275E-16 ) ) ;
#324 =( NAMED_UNIT ( * ) SI_UNIT ( $, .STERADIAN. ) SOLID_ANGLE_UNIT ( ) );
#325 = FACE_OUTER_BOUND ( 'NONE', #263, .T. ) ;
#326 = ORIENTED_EDGE ( 'NONE', *, *, #3491, .T. ) ;
#327 = COLOUR_RGB ( '',0.8470588235294117530, 0.8431372549019607865, 0.8470588235294117530 ) ;
#328 = CARTESIAN_POINT ( 'NONE',  ( 3.949999999999999734, 4.645085803432136728, 0.3432137285491438372 ) ) ;
#329 = AXIS2_PLACEMENT_3D ( 'NONE', #3027, #2911, #223 ) ;
#330 = FILL_AREA_STYLE_COLOUR ( '', #3001 ) ;
#331 = DIRECTION ( 'NONE',  ( -1.000000000000000000, 0.000000000000000000, 0.000000000000000000 ) ) ;
#332 = EDGE_CURVE ( 'NONE', #572, #416, #647, .T. ) ;
#333 = VERTEX_POINT ( 'NONE', #2692 ) ;
#334 = PRESENTATION_LAYER_ASSIGNMENT (  '', '', ( #735 ) ) ;
#335 = AXIS2_PLACEMENT_3D ( 'NONE', #2939, #253, #2643 ) ;
#336 = PRESENTATION_STYLE_ASSIGNMENT (( #2127 ) ) ;
#337 = CARTESIAN_POINT ( 'NONE',  ( 4.349999999999999645, -8.673617379884035472E-16, -1.554076788117991846E-15 ) ) ;
#338 = ORIENTED_EDGE ( 'NONE', *, *, #2998, .T. ) ;
#339 = VERTEX_POINT ( 'NONE', #14 ) ;
#340 = ORIENTED_EDGE ( 'NONE', *, *, #332, .F. ) ;
#341 = PRESENTATION_STYLE_ASSIGNMENT (( #3653 ) ) ;
#342 = LINE ( 'NONE', #860, #2832 ) ;
#343 = ORIENTED_EDGE ( 'NONE', *, *, #576, .T. ) ;
#344 =( NAMED_UNIT ( * ) SI_UNIT ( $, .STERADIAN. ) SOLID_ANGLE_UNIT ( ) );
#345 = EDGE_CURVE ( 'NONE', #1020, #333, #2739, .T. ) ;
#346 = DIRECTION ( 'NONE',  ( -1.000000000000000000, 0.000000000000000000, 0.000000000000000000 ) ) ;
#347 = AXIS2_PLACEMENT_3D ( 'NONE', #1438, #1703, #1991 ) ;
#348 = CARTESIAN_POINT ( 'NONE',  ( -2.599999999999999645, -6.245698675651497881E-16, 1.199999999999999734 ) ) ;
#349 = CARTESIAN_POINT ( 'NONE',  ( 3.349999999999999645, 0.2500000000000000000, -2.200000000000000178 ) ) ;
#350 = VERTEX_POINT ( 'NONE', #2403 ) ;
#351 = PRESENTATION_STYLE_ASSIGNMENT (( #2389 ) ) ;
#352 = ORIENTED_EDGE ( 'NONE', *, *, #822, .T. ) ;
#353 = FACE_OUTER_BOUND ( 'NONE', #669, .T. ) ;
#354 = ORIENTED_EDGE ( 'NONE', *, *, #2321, .T. ) ;
#355 = EDGE_CURVE ( 'NONE', #1039, #2931, #577, .T. ) ;
#356 = CARTESIAN_POINT ( 'NONE',  ( -2.599999999999999645, 0.000000000000000000, 2.200000000000000178 ) ) ;
#357 = EDGE_CURVE ( 'NONE', #3213, #3578, #3009, .T. ) ;
#358 = AXIS2_PLACEMENT_3D ( 'NONE', #1286, #993, #2472 ) ;
#359 = LINE ( 'NONE', #3440, #2301 ) ;
#360 = VERTEX_POINT ( 'NONE', #3846 ) ;
#361 = VERTEX_POINT ( 'NONE', #1487 ) ;
#362 = VECTOR ( 'NONE', #2708, 1000.000000000000000 ) ;
#363 = CARTESIAN_POINT ( 'NONE',  ( -3.949999999999999734, -2.500000000000002665, -0.1499999999999999667 ) ) ;
#364 = SURFACE_STYLE_USAGE ( .BOTH. , #2808 ) ;
#365 =( GEOMETRIC_REPRESENTATION_CONTEXT ( 3 ) GLOBAL_UNCERTAINTY_ASSIGNED_CONTEXT ( ( #1418 ) ) GLOBAL_UNIT_ASSIGNED_CONTEXT ( ( #3146, #120, #724 ) ) REPRESENTATION_CONTEXT ( 'NONE', 'WORKASPACE' ) );
#366 = FILL_AREA_STYLE_COLOUR ( '', #327 ) ;
#367 =( GEOMETRIC_REPRESENTATION_CONTEXT ( 3 ) GLOBAL_UNCERTAINTY_ASSIGNED_CONTEXT ( ( #642 ) ) GLOBAL_UNIT_ASSIGNED_CONTEXT ( ( #3165, #2891, #1161 ) ) REPRESENTATION_CONTEXT ( 'NONE', 'WORKASPACE' ) );
#368 =( LENGTH_UNIT ( ) NAMED_UNIT ( * ) SI_UNIT ( .MILLI., .METRE. ) );
#369 = ORIENTED_EDGE ( 'NONE', *, *, #2230, .F. ) ;
#370 = CARTESIAN_POINT ( 'NONE',  ( -3.949999999999999734, -5.510910596163085611E-16, 0.7999999999999997113 ) ) ;
#371 = ORIENTED_EDGE ( 'NONE', *, *, #2515, .T. ) ;
#372 = B_SPLINE_CURVE_WITH_KNOTS ( 'NONE', 3,
 ( #3575, #2064, #2228, #3448, #1310, #2809, #3393, #1936 ),
 .UNSPECIFIED., .F., .F.,
 ( 4, 2, 2, 4 ),
 ( 4.421214372849130808E-19, 0.0002049309090525869542, 0.0003073963635788805803, 0.0004098618181051742878 ),
 .UNSPECIFIED. ) ;
#373 = ORIENTED_EDGE ( 'NONE', *, *, #3379, .F. ) ;
#374 = ORIENTED_EDGE ( 'NONE', *, *, #3640, .F. ) ;
#375 = VECTOR ( 'NONE', #944, 1000.000000000000000 ) ;
#376 = EDGE_CURVE ( 'NONE', #2797, #1275, #199, .T. ) ;
#377 = AXIS2_PLACEMENT_3D ( 'NONE', #946, #2093, #2161 ) ;
#378 = LINE ( 'NONE', #3368, #3840 ) ;
#379 = CARTESIAN_POINT ( 'NONE',  ( 4.349999999999999645, -3.606697673334801343E-16, 2.199999999999998845 ) ) ;
#380 = ORIENTED_EDGE ( 'NONE', *, *, #3375, .F. ) ;
#381 = COLOUR_RGB ( '',0.8470588235294117530, 0.8431372549019607865, 0.8470588235294117530 ) ;
#382 = VERTEX_POINT ( 'NONE', #561 ) ;
#383 = STYLED_ITEM ( 'NONE', ( #906 ), #2294 ) ;
#384 = DIRECTION ( 'NONE',  ( 0.000000000000000000, -1.000000000000000000, -1.016439536705160777E-16 ) ) ;
#385 = LINE ( 'NONE', #1593, #3023 ) ;
#386 = AXIS2_PLACEMENT_3D ( 'NONE', #890, #1249, #1776 ) ;
#387 = ORIENTED_EDGE ( 'NONE', *, *, #1594, .F. ) ;
#388 = EDGE_CURVE ( 'NONE', #1582, #382, #1752, .T. ) ;
#389 = AXIS2_PLACEMENT_3D ( 'NONE', #2327, #3536, #848 ) ;
#390 = FACE_OUTER_BOUND ( 'NONE', #2518, .T. ) ;
#391 = SURFACE_STYLE_USAGE ( .BOTH. , #169 ) ;
#392 = AXIS2_PLACEMENT_3D ( 'NONE', #896, #3283, #2633 ) ;
#393 = CARTESIAN_POINT ( 'NONE',  ( -4.349999999999999645, -2.500000000000002665, -0.1499999999999999667 ) ) ;
#394 = AXIS2_PLACEMENT_3D ( 'NONE', #231, #2285, #1125 ) ;
#395 = ORIENTED_EDGE ( 'NONE', *, *, #2883, .F. ) ;
#396 = VECTOR ( 'NONE', #3236, 1000.000000000000000 ) ;
#397 = UNCERTAINTY_MEASURE_WITH_UNIT (LENGTH_MEASURE( 1.000000000000000082E-05 ), #1910, 'distance_accuracy_value', 'NONE');
#398 = EDGE_LOOP ( 'NONE', ( #340, #643, #673, #719 ) ) ;
#399 = STYLED_ITEM ( 'NONE', ( #175 ), #2027 ) ;
#400 = ORIENTED_EDGE ( 'NONE', *, *, #867, .F. ) ;
#401 = LINE ( 'NONE', #1907, #3252 ) ;
#402 = DIRECTION ( 'NONE',  ( -0.000000000000000000, -1.000000000000000000, -0.000000000000000000 ) ) ;
#403 = FACE_OUTER_BOUND ( 'NONE', #3052, .T. ) ;
#404 = EDGE_CURVE ( 'NONE', #3249, #3383, #2384, .T. ) ;
#405 = DIRECTION ( 'NONE',  ( 1.000000000000000000, -0.000000000000000000, -0.000000000000000000 ) ) ;
#406 = VECTOR ( 'NONE', #2855, 1000.000000000000000 ) ;
#407 = CARTESIAN_POINT ( 'NONE',  ( 4.349999999999999645, 4.450000000000000178, -2.200000000000000178 ) ) ;
#408 = EDGE_CURVE ( 'NONE', #2465, #2490, #2675, .T. ) ;
#409 =( NAMED_UNIT ( * ) PLANE_ANGLE_UNIT ( ) SI_UNIT ( $, .RADIAN. ) );
#410 = ORIENTED_EDGE ( 'NONE', *, *, #3110, .T. ) ;
#411 = CARTESIAN_POINT ( 'NONE',  ( -4.246446609406725692, 4.700000000000000178, 2.096446609406726669 ) ) ;
#412 = AXIS2_PLACEMENT_3D ( 'NONE', #1094, #2892, #483 ) ;
#413 = ORIENTED_EDGE ( 'NONE', *, *, #2948, .F. ) ;
#414 = ORIENTED_EDGE ( 'NONE', *, *, #316, .F. ) ;
#415 = ORIENTED_EDGE ( 'NONE', *, *, #857, .F. ) ;
#416 = VERTEX_POINT ( 'NONE', #1879 ) ;
#417 = DIRECTION ( 'NONE',  ( -0.000000000000000000, 0.000000000000000000, -1.000000000000000000 ) ) ;
#418 = CARTESIAN_POINT ( 'NONE',  ( -3.949999999999999734, -3.551475717527321860E-16, -0.7999999999999997113 ) ) ;
#419 = ORIENTED_EDGE ( 'NONE', *, *, #2006, .F. ) ;
#420 = SURFACE_STYLE_FILL_AREA ( #3713 ) ;
#421 = DIRECTION ( 'NONE',  ( 0.000000000000000000, 0.000000000000000000, 1.000000000000000000 ) ) ;
#422 = DIRECTION ( 'NONE',  ( 0.000000000000000000, -0.000000000000000000, -1.000000000000000000 ) ) ;
#423 = ORIENTED_EDGE ( 'NONE', *, *, #3072, .F. ) ;
#424 = DIRECTION ( 'NONE',  ( 0.000000000000000000, 0.000000000000000000, 1.000000000000000000 ) ) ;
#425 =( LENGTH_UNIT ( ) NAMED_UNIT ( * ) SI_UNIT ( .MILLI., .METRE. ) );
#426 =( NAMED_UNIT ( * ) PLANE_ANGLE_UNIT ( ) SI_UNIT ( $, .RADIAN. ) );
#427 = VECTOR ( 'NONE', #2881, 1000.000000000000000 ) ;
#428 = VERTEX_POINT ( 'NONE', #2516 ) ;
#429 = CARTESIAN_POINT ( 'NONE',  ( 3.099999999999999645, -3.306546357697851761E-16, -1.199999999999999734 ) ) ;
#430 = VERTEX_POINT ( 'NONE', #3401 ) ;
#431 = EDGE_CURVE ( 'NONE', #3034, #21, #689, .T. ) ;
#432 = ORIENTED_EDGE ( 'NONE', *, *, #248, .F. ) ;
#433 = FILL_AREA_STYLE ('',( #1117 ) ) ;
#434 = LINE ( 'NONE', #1641, #1708 ) ;
#435 = ORIENTED_EDGE ( 'NONE', *, *, #3443, .F. ) ;
#436 = EDGE_CURVE ( 'NONE', #1496, #2860, #1303, .T. ) ;
#437 = SURFACE_STYLE_USAGE ( .BOTH. , #3140 ) ;
#438 =( NAMED_UNIT ( * ) PLANE_ANGLE_UNIT ( ) SI_UNIT ( $, .RADIAN. ) );
#439 = VERTEX_POINT ( 'NONE', #429 ) ;
#440 = PRESENTATION_STYLE_ASSIGNMENT (( #3501 ) ) ;
#441 = FILL_AREA_STYLE ('',( #3774 ) ) ;
#442 =( NAMED_UNIT ( * ) PLANE_ANGLE_UNIT ( ) SI_UNIT ( $, .RADIAN. ) );
#443 = VECTOR ( 'NONE', #725, 1000.000000000000000 ) ;
#444 =( GEOMETRIC_REPRESENTATION_CONTEXT ( 3 ) GLOBAL_UNCERTAINTY_ASSIGNED_CONTEXT ( ( #796 ) ) GLOBAL_UNIT_ASSIGNED_CONTEXT ( ( #1994, #592, #3304 ) ) REPRESENTATION_CONTEXT ( 'NONE', 'WORKASPACE' ) );
#445 = DIRECTION ( 'NONE',  ( -0.000000000000000000, -0.000000000000000000, -1.000000000000000000 ) ) ;
#446 = SURFACE_SIDE_STYLE ('',( #420 ) ) ;
#447 = CARTESIAN_POINT ( 'NONE',  ( -2.349999999999999645, 0.6999999999999991784, 2.200000000000000178 ) ) ;
#448 =( NAMED_UNIT ( * ) PLANE_ANGLE_UNIT ( ) SI_UNIT ( $, .RADIAN. ) );
#449 = FILL_AREA_STYLE ('',( #1058 ) ) ;
#450 = DIRECTION ( 'NONE',  ( -1.000000000000000000, 0.000000000000000000, 0.000000000000000000 ) ) ;
#451 = ADVANCED_FACE ( 'NONE', ( #710 ), #3436, .T. ) ;
#452 = VERTEX_POINT ( 'NONE', #2193 ) ;
#453 = CIRCLE ( 'NONE', #777, 0.2500000000000000000 ) ;
#454 = ORIENTED_EDGE ( 'NONE', *, *, #1632, .T. ) ;
#455 = DIRECTION ( 'NONE',  ( 0.000000000000000000, 0.000000000000000000, 1.000000000000000000 ) ) ;
#456 = VECTOR ( 'NONE', #2811, 1000.000000000000000 ) ;
#457 = EDGE_CURVE ( 'NONE', #891, #2062, #671, .T. ) ;
#458 = MECHANICAL_DESIGN_GEOMETRIC_PRESENTATION_REPRESENTATION (  '', ( #2786 ), #1406 ) ;
#459 = ORIENTED_EDGE ( 'NONE', *, *, #1942, .F. ) ;
#460 = AXIS2_PLACEMENT_3D ( 'NONE', #1121, #1335, #3755 ) ;
#461 = FACE_OUTER_BOUND ( 'NONE', #2538, .T. ) ;
#462 = STYLED_ITEM ( 'NONE', ( #3647 ), #3405 ) ;
#463 = ORIENTED_EDGE ( 'NONE', *, *, #2883, .T. ) ;
#464 = DIRECTION ( 'NONE',  ( 0.000000000000000000, -1.000000000000000000, -1.016439536705160777E-16 ) ) ;
#465 = EDGE_CURVE ( 'NONE', #3830, #2163, #2351, .T. ) ;
#466 = FACE_OUTER_BOUND ( 'NONE', #2499, .T. ) ;
#467 = DIRECTION ( 'NONE',  ( 1.000000000000000000, -0.000000000000000000, -0.000000000000000000 ) ) ;
#468 = SURFACE_STYLE_FILL_AREA ( #2869 ) ;
#469 = CARTESIAN_POINT ( 'NONE',  ( 3.349999999999999645, 0.2500000000000000000, 2.200000000000000178 ) ) ;
#470 = CARTESIAN_POINT ( 'NONE',  ( 6.505213034913027590E-16, 1.550000000000000266, -2.828427124746190735 ) ) ;
#471 = SURFACE_STYLE_USAGE ( .BOTH. , #2250 ) ;
#472 = DIRECTION ( 'NONE',  ( 0.000000000000000000, 0.000000000000000000, 1.000000000000000000 ) ) ;
#473 = STYLED_ITEM ( 'NONE', ( #1401 ), #1430 ) ;
#474 = SURFACE_STYLE_USAGE ( .BOTH. , #778 ) ;
#475 = ORIENTED_EDGE ( 'NONE', *, *, #1720, .F. ) ;
#476 = EDGE_CURVE ( 'NONE', #41, #3366, #2044, .T. ) ;
#477 = DIRECTION ( 'NONE',  ( 1.000000000000000000, 0.000000000000000000, 0.000000000000000000 ) ) ;
#478 = EDGE_CURVE ( 'NONE', #317, #2105, #3623, .T. ) ;
#479 = CARTESIAN_POINT ( 'NONE',  ( 2.349999999999999645, 1.349999999999999645, 2.000000000000000000 ) ) ;
#480 = DIRECTION ( 'NONE',  ( 0.000000000000000000, 0.000000000000000000, -1.000000000000000000 ) ) ;
#481 = SURFACE_SIDE_STYLE ('',( #468 ) ) ;
#482 = UNCERTAINTY_MEASURE_WITH_UNIT (LENGTH_MEASURE( 1.000000000000000082E-05 ), #2785, 'distance_accuracy_value', 'NONE');
#483 = DIRECTION ( 'NONE',  ( -1.000000000000000000, 0.000000000000000000, -0.000000000000000000 ) ) ;
#484 = EDGE_CURVE ( 'NONE', #439, #2486, #680, .T. ) ;
#485 = LINE ( 'NONE', #1079, #2159 ) ;
#486 = FACE_OUTER_BOUND ( 'NONE', #2031, .T. ) ;
#487 = VECTOR ( 'NONE', #3416, 1000.000000000000000 ) ;
#488 = VECTOR ( 'NONE', #3342, 1000.000000000000000 ) ;
#489 = CARTESIAN_POINT ( 'NONE',  ( -2.599999999999999645, 0.000000000000000000, -2.200000000000000178 ) ) ;
#490 = COLOUR_RGB ( '',0.8470588235294117530, 0.8431372549019607865, 0.8470588235294117530 ) ;
#491 = PLANE ( 'NONE',  #3509 ) ;
#492 = MECHANICAL_DESIGN_GEOMETRIC_PRESENTATION_REPRESENTATION (  '', ( #952 ), #2757 ) ;
#493 = AXIS2_PLACEMENT_3D ( 'NONE', #559, #1711, #1214 ) ;
#494 = VERTEX_POINT ( 'NONE', #1779 ) ;
#495 = LINE ( 'NONE', #2597, #3103 ) ;
#496 = ADVANCED_BREP_SHAPE_REPRESENTATION ( 'SK12D07VG8', ( #2962, #389 ), #2396 ) ;
#497 = CARTESIAN_POINT ( 'NONE',  ( 2.349999999999999201, 0.2500000000000000555, 2.200000000000000178 ) ) ;
#498 = CARTESIAN_POINT ( 'NONE',  ( -3.099999999999999645, -6.245698675651497881E-16, 1.199999999999999734 ) ) ;
#499 = EDGE_CURVE ( 'NONE', #2951, #53, #1168, .T. ) ;
#500 = SURFACE_STYLE_FILL_AREA ( #1982 ) ;
#501 = LINE ( 'NONE', #1946, #2412 ) ;
#502 = UNCERTAINTY_MEASURE_WITH_UNIT (LENGTH_MEASURE( 1.000000000000000082E-05 ), #1814, 'distance_accuracy_value', 'NONE');
#503 = CARTESIAN_POINT ( 'NONE',  ( 0.000000000000000000, 1.349999999999999645, 2.200000000000000178 ) ) ;
#504 =( NAMED_UNIT ( * ) PLANE_ANGLE_UNIT ( ) SI_UNIT ( $, .RADIAN. ) );
#505 = CARTESIAN_POINT ( 'NONE',  ( -2.000000000000000000, 3.550000000000000266, 2.000000000000000000 ) ) ;
#506 = COLOUR_RGB ( '',0.8470588235294117530, 0.8431372549019607865, 0.8470588235294117530 ) ;
#507 =( LENGTH_UNIT ( ) NAMED_UNIT ( * ) SI_UNIT ( .MILLI., .METRE. ) );
#508 = PRESENTATION_LAYER_ASSIGNMENT (  '', '', ( #1203 ) ) ;
#509 = SURFACE_SIDE_STYLE ('',( #1056 ) ) ;
#510 = CARTESIAN_POINT ( 'NONE',  ( 0.000000000000000000, 3.550000000000000266, -2.828427124746190735 ) ) ;
#511 =( NAMED_UNIT ( * ) PLANE_ANGLE_UNIT ( ) SI_UNIT ( $, .RADIAN. ) );
#512 = EDGE_CURVE ( 'NONE', #1365, #439, #5, .T. ) ;
#513 = COLOUR_RGB ( '',0.2509803921568627416, 0.2509803921568627416, 0.2509803921568627416 ) ;
#514 = UNCERTAINTY_MEASURE_WITH_UNIT (LENGTH_MEASURE( 1.000000000000000082E-05 ), #1618, 'distance_accuracy_value', 'NONE');
#515 = PRESENTATION_STYLE_ASSIGNMENT (( #2008 ) ) ;
#516 = EDGE_CURVE ( 'NONE', #2279, #1866, #2394, .T. ) ;
#517 =( GEOMETRIC_REPRESENTATION_CONTEXT ( 3 ) GLOBAL_UNCERTAINTY_ASSIGNED_CONTEXT ( ( #3777 ) ) GLOBAL_UNIT_ASSIGNED_CONTEXT ( ( #1696, #2546, #2885 ) ) REPRESENTATION_CONTEXT ( 'NONE', 'WORKASPACE' ) );
#518 = CARTESIAN_POINT ( 'NONE',  ( -1.500000000000000000, 3.550000000000000266, 10.20000000000000107 ) ) ;
#519 = EDGE_LOOP ( 'NONE', ( #750, #1796, #1501, #782, #2021, #475 ) ) ;
#520 = ORIENTED_EDGE ( 'NONE', *, *, #2955, .F. ) ;
#521 = CARTESIAN_POINT ( 'NONE',  ( 0.000000000000000000, -2.349999999999999645, -0.2499999999999998335 ) ) ;
#522 = DIRECTION ( 'NONE',  ( 1.000000000000000000, 0.000000000000000000, 0.000000000000000000 ) ) ;
#523 = DIRECTION ( 'NONE',  ( 0.000000000000000000, 1.016439536705160777E-16, -1.000000000000000000 ) ) ;
#524 = PRESENTATION_LAYER_ASSIGNMENT (  '', '', ( #2934 ) ) ;
#525 =( LENGTH_UNIT ( ) NAMED_UNIT ( * ) SI_UNIT ( .MILLI., .METRE. ) );
#526 = COLOUR_RGB ( '',0.8470588235294117530, 0.8431372549019607865, 0.8470588235294117530 ) ;
#527 = DIRECTION ( 'NONE',  ( 1.084202172485504434E-15, -1.000000000000000000, 0.000000000000000000 ) ) ;
#528 = STYLED_ITEM ( 'NONE', ( #302 ), #1824 ) ;
#529 = FILL_AREA_STYLE ('',( #1663 ) ) ;
#530 =( NAMED_UNIT ( * ) SI_UNIT ( $, .STERADIAN. ) SOLID_ANGLE_UNIT ( ) );
#531 =( GEOMETRIC_REPRESENTATION_CONTEXT ( 3 ) GLOBAL_UNCERTAINTY_ASSIGNED_CONTEXT ( ( #3205 ) ) GLOBAL_UNIT_ASSIGNED_CONTEXT ( ( #297, #2918, #3808 ) ) REPRESENTATION_CONTEXT ( 'NONE', 'WORKASPACE' ) );
#532 = CARTESIAN_POINT ( 'NONE',  ( 2.349999999999999201, 0.2500000000000000555, 2.200000000000000178 ) ) ;
#533 = AXIS2_PLACEMENT_3D ( 'NONE', #1395, #753, #1374 ) ;
#534 = DIRECTION ( 'NONE',  ( 0.000000000000000000, 1.000000000000000000, 0.000000000000000000 ) ) ;
#535 = EDGE_CURVE ( 'NONE', #2398, #2181, #639, .T. ) ;
#536 = DIRECTION ( 'NONE',  ( -0.000000000000000000, -1.000000000000000000, 0.000000000000000000 ) ) ;
#537 = DIRECTION ( 'NONE',  ( 0.000000000000000000, 1.000000000000000000, -0.000000000000000000 ) ) ;
#538 = ADVANCED_FACE ( 'NONE', ( #3556 ), #2421, .T. ) ;
#539 = COLOUR_RGB ( '',0.8470588235294117530, 0.8431372549019607865, 0.8470588235294117530 ) ;
#540 = ORIENTED_EDGE ( 'NONE', *, *, #58, .F. ) ;
#541 = CARTESIAN_POINT ( 'NONE',  ( 2.349999999999999201, 0.1959718679618052128, -1.155507025103987839 ) ) ;
#542 = FILL_AREA_STYLE ('',( #1962 ) ) ;
#543 = CARTESIAN_POINT ( 'NONE',  ( -3.349999999999999645, 0.3999999999999993006, 2.200000000000000178 ) ) ;
#544 = DIRECTION ( 'NONE',  ( 1.000000000000000000, -4.989666635317766880E-20, 0.000000000000000000 ) ) ;
#545 = DIRECTION ( 'NONE',  ( -1.000000000000000000, -2.065146995210484202E-16, 0.000000000000000000 ) ) ;
#546 = CARTESIAN_POINT ( 'NONE',  ( 4.349999999999999645, -2.499999999999999556, 0.1499999999999999667 ) ) ;
#547 = SURFACE_STYLE_USAGE ( .BOTH. , #1949 ) ;
#548 = COLOUR_RGB ( '',0.8470588235294117530, 0.8431372549019607865, 0.8470588235294117530 ) ;
#549 = CYLINDRICAL_SURFACE ( 'NONE', #3287, 0.2499999999999999445 ) ;
#550 = SURFACE_STYLE_FILL_AREA ( #2309 ) ;
#551 = DIRECTION ( 'NONE',  ( 1.045014142154703367E-16, -1.000000000000000000, 0.000000000000000000 ) ) ;
#552 = EDGE_CURVE ( 'NONE', #1781, #1496, #1149, .T. ) ;
#553 = FILL_AREA_STYLE_COLOUR ( '', #3582 ) ;
#554 = PRESENTATION_STYLE_ASSIGNMENT (( #2371 ) ) ;
#555 = UNCERTAINTY_MEASURE_WITH_UNIT (LENGTH_MEASURE( 1.000000000000000082E-05 ), #2602, 'distance_accuracy_value', 'NONE');
#556 = FILL_AREA_STYLE_COLOUR ( '', #2966 ) ;
#557 = ORIENTED_EDGE ( 'NONE', *, *, #1456, .T. ) ;
#558 = DIRECTION ( 'NONE',  ( 0.000000000000000000, 0.000000000000000000, -1.000000000000000000 ) ) ;
#559 = CARTESIAN_POINT ( 'NONE',  ( 3.949999999999999734, -3.551475717527321860E-16, -0.7999999999999997113 ) ) ;
#560 =( LENGTH_UNIT ( ) NAMED_UNIT ( * ) SI_UNIT ( .MILLI., .METRE. ) );
#561 = CARTESIAN_POINT ( 'NONE',  ( -3.949999999999999734, -2.499999999999999556, 0.1499999999999999667 ) ) ;
#562 = EDGE_CURVE ( 'NONE', #494, #987, #594, .T. ) ;
#563 = STYLED_ITEM ( 'NONE', ( #2410 ), #2914 ) ;
#564 = PLANE ( 'NONE',  #1349 ) ;
#565 = FILL_AREA_STYLE ('',( #2645 ) ) ;
#566 = PRESENTATION_LAYER_ASSIGNMENT (  '', '', ( #633 ) ) ;
#567 = SURFACE_STYLE_USAGE ( .BOTH. , #1972 ) ;
#568 = DIRECTION ( 'NONE',  ( -0.000000000000000000, -0.000000000000000000, -1.000000000000000000 ) ) ;
#569 = EDGE_CURVE ( 'NONE', #2688, #2398, #853, .T. ) ;
#570 = PRESENTATION_LAYER_ASSIGNMENT (  '', '', ( #3085 ) ) ;
#571 = UNCERTAINTY_MEASURE_WITH_UNIT (LENGTH_MEASURE( 1.000000000000000082E-05 ), #1687, 'distance_accuracy_value', 'NONE');
#572 = VERTEX_POINT ( 'NONE', #393 ) ;
#573 = VECTOR ( 'NONE', #2524, 1000.000000000000000 ) ;
#574 = ORIENTED_EDGE ( 'NONE', *, *, #310, .F. ) ;
#575 = FACE_OUTER_BOUND ( 'NONE', #3708, .T. ) ;
#576 = EDGE_CURVE ( 'NONE', #2441, #3402, #744, .T. ) ;
#577 = LINE ( 'NONE', #2379, #1638 ) ;
#578 = VECTOR ( 'NONE', #1479, 999.9999999999998863 ) ;
#579 = FACE_OUTER_BOUND ( 'NONE', #519, .T. ) ;
#580 = VECTOR ( 'NONE', #2925, 1000.000000000000000 ) ;
#581 = PLANE ( 'NONE',  #205 ) ;
#582 = CARTESIAN_POINT ( 'NONE',  ( -4.349999999999999645, -1.250000000000000222, 0.5999999999999998668 ) ) ;
#583 = PRESENTATION_LAYER_ASSIGNMENT (  '', '', ( #2137 ) ) ;
#584 = EDGE_CURVE ( 'NONE', #945, #53, #2652, .T. ) ;
#585 = MECHANICAL_DESIGN_GEOMETRIC_PRESENTATION_REPRESENTATION (  '', ( #2934 ), #1952 ) ;
#586 = COLOUR_RGB ( '',0.8470588235294117530, 0.8431372549019607865, 0.8470588235294117530 ) ;
#587 = FILL_AREA_STYLE_COLOUR ( '', #855 ) ;
#588 = STYLED_ITEM ( 'NONE', ( #2554 ), #3471 ) ;
#589 = CARTESIAN_POINT ( 'NONE',  ( 3.344045254895051466E-16, 1.499999999999999556, 2.000000000000000000 ) ) ;
#590 = MECHANICAL_DESIGN_GEOMETRIC_PRESENTATION_REPRESENTATION (  '', ( #3043 ), #1599 ) ;
#591 = EDGE_LOOP ( 'NONE', ( #1289, #2876, #352, #2338 ) ) ;
#592 =( NAMED_UNIT ( * ) PLANE_ANGLE_UNIT ( ) SI_UNIT ( $, .RADIAN. ) );
#593 =( LENGTH_UNIT ( ) NAMED_UNIT ( * ) SI_UNIT ( .MILLI., .METRE. ) );
#594 = LINE ( 'NONE', #3544, #2468 ) ;
#595 = ORIENTED_EDGE ( 'NONE', *, *, #607, .T. ) ;
#596 = VERTEX_POINT ( 'NONE', #1425 ) ;
#597 = CARTESIAN_POINT ( 'NONE',  ( -3.949999999999999734, 0.000000000000000000, -0.3999999999999996336 ) ) ;
#598 = DIRECTION ( 'NONE',  ( -1.000000000000000000, 0.000000000000000000, 0.000000000000000000 ) ) ;
#599 = DIRECTION ( 'NONE',  ( -0.000000000000000000, -1.000000000000000000, -0.000000000000000000 ) ) ;
#600 =( LENGTH_UNIT ( ) NAMED_UNIT ( * ) SI_UNIT ( .MILLI., .METRE. ) );
#601 = LINE ( 'NONE', #924, #830 ) ;
#602 = ORIENTED_EDGE ( 'NONE', *, *, #265, .T. ) ;
#603 = EDGE_CURVE ( 'NONE', #3595, #361, #1466, .T. ) ;
#604 = MECHANICAL_DESIGN_GEOMETRIC_PRESENTATION_REPRESENTATION (  '', ( #1666 ), #1481 ) ;
#605 = DIRECTION ( 'NONE',  ( 1.000000000000000000, -0.000000000000000000, -0.000000000000000000 ) ) ;
#606 = SURFACE_STYLE_FILL_AREA ( #2660 ) ;
#607 = EDGE_CURVE ( 'NONE', #292, #3028, #1919, .T. ) ;
#608 = DIRECTION ( 'NONE',  ( 0.000000000000000000, 0.000000000000000000, 1.000000000000000000 ) ) ;
#609 = MECHANICAL_DESIGN_GEOMETRIC_PRESENTATION_REPRESENTATION (  '', ( #113 ), #3797 ) ;
#610 = CARTESIAN_POINT ( 'NONE',  ( 3.949999999999999734, -2.500000000000002665, -0.1499999999999999667 ) ) ;
#611 = SURFACE_STYLE_FILL_AREA ( #1494 ) ;
#612 = EDGE_CURVE ( 'NONE', #110, #2237, #2913, .T. ) ;
#613 = FACE_OUTER_BOUND ( 'NONE', #305, .T. ) ;
#614 = DIRECTION ( 'NONE',  ( -9.637352644315614471E-16, 1.000000000000000000, 0.000000000000000000 ) ) ;
#615 = SURFACE_STYLE_FILL_AREA ( #917 ) ;
#616 = PRESENTATION_LAYER_ASSIGNMENT (  '', '', ( #1003 ) ) ;
#617 = ORIENTED_EDGE ( 'NONE', *, *, #161, .T. ) ;
#618 = LINE ( 'NONE', #3123, #152 ) ;
#619 = FACE_OUTER_BOUND ( 'NONE', #858, .T. ) ;
#620 = PLANE ( 'NONE',  #659 ) ;
#621 =( GEOMETRIC_REPRESENTATION_CONTEXT ( 3 ) GLOBAL_UNCERTAINTY_ASSIGNED_CONTEXT ( ( #1548 ) ) GLOBAL_UNIT_ASSIGNED_CONTEXT ( ( #3791, #209, #1996 ) ) REPRESENTATION_CONTEXT ( 'NONE', 'WORKASPACE' ) );
#622 = LINE ( 'NONE', #3630, #138 ) ;
#623 = ORIENTED_EDGE ( 'NONE', *, *, #921, .T. ) ;
#624 = CARTESIAN_POINT ( 'NONE',  ( -3.949999999999999734, 0.000000000000000000, -0.3999999999999996336 ) ) ;
#625 = DIRECTION ( 'NONE',  ( -1.000000000000000000, 0.000000000000000000, 0.000000000000000000 ) ) ;
#626 = CARTESIAN_POINT ( 'NONE',  ( 0.000000000000000000, 4.450000000000000178, 2.200000000000000178 ) ) ;
#627 = ADVANCED_FACE ( 'NONE', ( #3483 ), #1336, .T. ) ;
#628 = ORIENTED_EDGE ( 'NONE', *, *, #1001, .F. ) ;
#629 = VECTOR ( 'NONE', #2260, 1000.000000000000000 ) ;
#630 = DIRECTION ( 'NONE',  ( 0.000000000000000000, 1.000000000000000000, -0.000000000000000000 ) ) ;
#631 = CARTESIAN_POINT ( 'NONE',  ( -2.393880996126364735, 0.1045571479292720651, 1.186916385698000731 ) ) ;
#632 = CARTESIAN_POINT ( 'NONE',  ( -3.169287129244291012, -1.143494478793304965E-16, -1.199999999999999956 ) ) ;
#633 = STYLED_ITEM ( 'NONE', ( #2922 ), #81 ) ;
#634 = ORIENTED_EDGE ( 'NONE', *, *, #3683, .F. ) ;
#635 = CARTESIAN_POINT ( 'NONE',  ( -3.949999999999999734, -9.852396348986294787E-16, 1.199999999999999734 ) ) ;
#636 = EDGE_LOOP ( 'NONE', ( #1570, #463, #91, #128, #3697, #3080, #1254, #1296, #173, #1737, #311, #1194, #234, #2801, #1612, #1256, #1282, #520, #3197, #3102 ) ) ;
#637 = CYLINDRICAL_SURFACE ( 'NONE', #1132, 0.2500000000000000000 ) ;
#638 = DIRECTION ( 'NONE',  ( 0.000000000000000000, 0.000000000000000000, 1.000000000000000000 ) ) ;
#639 = LINE ( 'NONE', #1234, #271 ) ;
#640 = ORIENTED_EDGE ( 'NONE', *, *, #2552, .F. ) ;
#641 = EDGE_LOOP ( 'NONE', ( #3671, #1861, #423, #132, #2557, #2791, #2823 ) ) ;
#642 = UNCERTAINTY_MEASURE_WITH_UNIT (LENGTH_MEASURE( 1.000000000000000082E-05 ), #3165, 'distance_accuracy_value', 'NONE');
#643 = ORIENTED_EDGE ( 'NONE', *, *, #2527, .F. ) ;
#644 = ORIENTED_EDGE ( 'NONE', *, *, #3288, .F. ) ;
#645 =( GEOMETRIC_REPRESENTATION_CONTEXT ( 3 ) GLOBAL_UNCERTAINTY_ASSIGNED_CONTEXT ( ( #397 ) ) GLOBAL_UNIT_ASSIGNED_CONTEXT ( ( #1910, #3126, #1625 ) ) REPRESENTATION_CONTEXT ( 'NONE', 'WORKASPACE' ) );
#646 = CARTESIAN_POINT ( 'NONE',  ( -2.599999999999999645, -1.084202172485504434E-16, -1.199999999999999734 ) ) ;
#647 = LINE ( 'NONE', #1552, #1143 ) ;
#648 = MECHANICAL_DESIGN_GEOMETRIC_PRESENTATION_REPRESENTATION (  '', ( #1398 ), #2386 ) ;
#649 = ORIENTED_EDGE ( 'NONE', *, *, #102, .T. ) ;
#650 = FILL_AREA_STYLE ('',( #1754 ) ) ;
#651 =( NAMED_UNIT ( * ) PLANE_ANGLE_UNIT ( ) SI_UNIT ( $, .RADIAN. ) );
#652 =( NAMED_UNIT ( * ) PLANE_ANGLE_UNIT ( ) SI_UNIT ( $, .RADIAN. ) );
#653 = VERTEX_POINT ( 'NONE', #1906 ) ;
#654 = VECTOR ( 'NONE', #1378, 1000.000000000000000 ) ;
#655 = SURFACE_SIDE_STYLE ('',( #3346 ) ) ;
#656 = COLOUR_RGB ( '',0.8470588235294117530, 0.8431372549019607865, 0.8470588235294117530 ) ;
#657 = CARTESIAN_POINT ( 'NONE',  ( 4.349999999999999645, 0.000000000000000000, -2.199999999999998845 ) ) ;
#658 = CARTESIAN_POINT ( 'NONE',  ( 2.349999999999999645, 0.3999999999999993006, 2.200000000000000178 ) ) ;
#659 = AXIS2_PLACEMENT_3D ( 'NONE', #3036, #1805, #3863 ) ;
#660 = AXIS2_PLACEMENT_3D ( 'NONE', #2558, #1389, #820 ) ;
#661 = EDGE_CURVE ( 'NONE', #3453, #1553, #3518, .T. ) ;
#662 = DIRECTION ( 'NONE',  ( 0.000000000000000000, 1.000000000000000000, -0.000000000000000000 ) ) ;
#663 = CIRCLE ( 'NONE', #785, 0.2500000000000000000 ) ;
#664 = CARTESIAN_POINT ( 'NONE',  ( -2.530698297858170243, -1.380663704024509553E-16, -1.199999999999999956 ) ) ;
#665 =( GEOMETRIC_REPRESENTATION_CONTEXT ( 3 ) GLOBAL_UNCERTAINTY_ASSIGNED_CONTEXT ( ( #482 ) ) GLOBAL_UNIT_ASSIGNED_CONTEXT ( ( #2785, #3695, #3654 ) ) REPRESENTATION_CONTEXT ( 'NONE', 'WORKASPACE' ) );
#666 = LINE ( 'NONE', #3666, #301 ) ;
#667 =( NAMED_UNIT ( * ) PLANE_ANGLE_UNIT ( ) SI_UNIT ( $, .RADIAN. ) );
#668 = EDGE_LOOP ( 'NONE', ( #1171, #2182, #282, #2994, #414, #3673 ) ) ;
#669 = EDGE_LOOP ( 'NONE', ( #628, #3066, #2125 ) ) ;
#670 = DIRECTION ( 'NONE',  ( 0.7071067811865507924, 0.000000000000000000, 0.7071067811865441310 ) ) ;
#671 = LINE ( 'NONE', #1848, #779 ) ;
#672 = VERTEX_POINT ( 'NONE', #2219 ) ;
#673 = ORIENTED_EDGE ( 'NONE', *, *, #388, .T. ) ;
#674 =( NAMED_UNIT ( * ) SI_UNIT ( $, .STERADIAN. ) SOLID_ANGLE_UNIT ( ) );
#675 = LINE ( 'NONE', #2113, #3364 ) ;
#676 = ORIENTED_EDGE ( 'NONE', *, *, #2571, .T. ) ;
#677 =( NAMED_UNIT ( * ) PLANE_ANGLE_UNIT ( ) SI_UNIT ( $, .RADIAN. ) );
#678 = VERTEX_POINT ( 'NONE', #3439 ) ;
#679 = LINE ( 'NONE', #3389, #2277 ) ;
#680 = B_SPLINE_CURVE_WITH_KNOTS ( 'NONE', 3,
 ( #1799, #3601, #34, #2066, #1763, #2030, #2084, #3307 ),
 .UNSPECIFIED., .F., .F.,
 ( 4, 2, 2, 4 ),
 ( 6.113947262702201624E-21, 0.0002049309090525870084, 0.0003073963635788805261, 0.0004098618181051740168 ),
 .UNSPECIFIED. ) ;
#681 = PRESENTATION_STYLE_ASSIGNMENT (( #290 ) ) ;
#682 =( NAMED_UNIT ( * ) SI_UNIT ( $, .STERADIAN. ) SOLID_ANGLE_UNIT ( ) );
#683 = SURFACE_STYLE_FILL_AREA ( #1328 ) ;
#684 = ORIENTED_EDGE ( 'NONE', *, *, #775, .F. ) ;
#685 = FILL_AREA_STYLE_COLOUR ( '', #2685 ) ;
#686 = LINE ( 'NONE', #30, #3512 ) ;
#687 = CARTESIAN_POINT ( 'NONE',  ( -2.349999999999999201, 0.2500000000000000555, -2.200000000000000178 ) ) ;
#688 = EDGE_CURVE ( 'NONE', #2062, #2523, #2821, .T. ) ;
#689 = LINE ( 'NONE', #1042, #1646 ) ;
#690 = ORIENTED_EDGE ( 'NONE', *, *, #3693, .F. ) ;
#691 = VERTEX_POINT ( 'NONE', #1963 ) ;
#692 = ORIENTED_EDGE ( 'NONE', *, *, #702, .T. ) ;
#693 = FILL_AREA_STYLE_COLOUR ( '', #2320 ) ;
#694 = STYLED_ITEM ( 'NONE', ( #2224 ), #54 ) ;
#695 = VECTOR ( 'NONE', #2431, 1000.000000000000000 ) ;
#696 = DIRECTION ( 'NONE',  ( 0.000000000000000000, 0.000000000000000000, -1.000000000000000000 ) ) ;
#697 = ADVANCED_FACE ( 'NONE', ( #135 ), #1086, .F. ) ;
#698 = ORIENTED_EDGE ( 'NONE', *, *, #2232, .F. ) ;
#699 = ORIENTED_EDGE ( 'NONE', *, *, #376, .T. ) ;
#700 =( GEOMETRIC_REPRESENTATION_CONTEXT ( 3 ) GLOBAL_UNCERTAINTY_ASSIGNED_CONTEXT ( ( #3532 ) ) GLOBAL_UNIT_ASSIGNED_CONTEXT ( ( #3838, #2311, #2926 ) ) REPRESENTATION_CONTEXT ( 'NONE', 'WORKASPACE' ) );
#702 = EDGE_CURVE ( 'NONE', #86, #3860, #1657, .T. ) ;
#701 = CARTESIAN_POINT ( 'NONE',  ( -3.949999999999999734, 0.7000000000000000666, 2.199999999999998845 ) ) ;
#703 = LINE ( 'NONE', #119, #737 ) ;
#704 =( GEOMETRIC_REPRESENTATION_CONTEXT ( 3 ) GLOBAL_UNCERTAINTY_ASSIGNED_CONTEXT ( ( #502 ) ) GLOBAL_UNIT_ASSIGNED_CONTEXT ( ( #1814, #3637, #955 ) ) REPRESENTATION_CONTEXT ( 'NONE', 'WORKASPACE' ) );
#705 = CARTESIAN_POINT ( 'NONE',  ( 0.000000000000000000, 0.000000000000000000, -2.000000000000000000 ) ) ;
#706 = DIRECTION ( 'NONE',  ( 0.000000000000000000, -0.9874406319167053914, 0.1579905011066730092 ) ) ;
#707 = FILL_AREA_STYLE_COLOUR ( '', #2780 ) ;
#708 = VERTEX_POINT ( 'NONE', #2560 ) ;
#709 = ORIENTED_EDGE ( 'NONE', *, *, #3183, .T. ) ;
#710 = FACE_OUTER_BOUND ( 'NONE', #3753, .T. ) ;
#711 = ORIENTED_EDGE ( 'NONE', *, *, #1983, .F. ) ;
#712 = EDGE_LOOP ( 'NONE', ( #1427, #1871, #836, #2535 ) ) ;
#713 = AXIS2_PLACEMENT_3D ( 'NONE', #2658, #3611, #268 ) ;
#714 = FACE_BOUND ( 'NONE', #1852, .T. ) ;
#715 = EDGE_CURVE ( 'NONE', #1365, #678, #3756, .T. ) ;
#716 = SURFACE_SIDE_STYLE ('',( #3677 ) ) ;
#717 = DIRECTION ( 'NONE',  ( -1.000000000000000000, 0.000000000000000000, 0.000000000000000000 ) ) ;
#718 = AXIS2_PLACEMENT_3D ( 'NONE', #2798, #2479, #1035 ) ;
#719 = ORIENTED_EDGE ( 'NONE', *, *, #3832, .T. ) ;
#720 = VECTOR ( 'NONE', #823, 1000.000000000000000 ) ;
#721 = EDGE_CURVE ( 'NONE', #280, #2748, #2879, .T. ) ;
#722 = DIRECTION ( 'NONE',  ( 0.000000000000000000, -1.000000000000000000, 0.000000000000000000 ) ) ;
#723 =( NAMED_UNIT ( * ) SI_UNIT ( $, .STERADIAN. ) SOLID_ANGLE_UNIT ( ) );
#724 =( NAMED_UNIT ( * ) SI_UNIT ( $, .STERADIAN. ) SOLID_ANGLE_UNIT ( ) );
#725 = DIRECTION ( 'NONE',  ( 0.000000000000000000, 1.000000000000000000, 0.000000000000000000 ) ) ;
#726 =( NAMED_UNIT ( * ) SI_UNIT ( $, .STERADIAN. ) SOLID_ANGLE_UNIT ( ) );
#727 = VECTOR ( 'NONE', #2664, 1000.000000000000000 ) ;
#728 = SURFACE_SIDE_STYLE ('',( #1895 ) ) ;
#729 = SURFACE_STYLE_FILL_AREA ( #2856 ) ;
#730 = SURFACE_STYLE_USAGE ( .BOTH. , #3093 ) ;
#731 = AXIS2_PLACEMENT_3D ( 'NONE', #1376, #3760, #3480 ) ;
#732 = ORIENTED_EDGE ( 'NONE', *, *, #1075, .F. ) ;
#733 = CARTESIAN_POINT ( 'NONE',  ( -3.349999999999999645, 0.2500000000000000000, 2.200000000000000178 ) ) ;
#734 = LINE ( 'NONE', #1903, #2935 ) ;
#735 = STYLED_ITEM ( 'NONE', ( #3467 ), #3530 ) ;
#736 = ORIENTED_EDGE ( 'NONE', *, *, #2180, .T. ) ;
#737 = VECTOR ( 'NONE', #3372, 1000.000000000000000 ) ;
#738 = DIRECTION ( 'NONE',  ( 1.000000000000000000, 0.000000000000000000, 0.000000000000000000 ) ) ;
#739 = SURFACE_STYLE_USAGE ( .BOTH. , #446 ) ;
#740 = CARTESIAN_POINT ( 'NONE',  ( -3.237144549617446021, 0.03030065993695357437, 1.202045922358904395 ) ) ;
#741 = LINE ( 'NONE', #998, #3089 ) ;
#742 = DIRECTION ( 'NONE',  ( 0.000000000000000000, -0.3387194682727417416, 0.9408874118687268195 ) ) ;
#743 = CARTESIAN_POINT ( 'NONE',  ( -4.349999999999999645, 4.700000000000000178, -2.200000000000000178 ) ) ;
#744 = LINE ( 'NONE', #109, #456 ) ;
#745 = DIRECTION ( 'NONE',  ( 0.000000000000000000, -1.000000000000000000, -2.168404344971008868E-16 ) ) ;
#746 = ORIENTED_EDGE ( 'NONE', *, *, #3784, .T. ) ;
#747 =( NAMED_UNIT ( * ) PLANE_ANGLE_UNIT ( ) SI_UNIT ( $, .RADIAN. ) );
#748 = SURFACE_STYLE_FILL_AREA ( #3727 ) ;
#749 = SURFACE_STYLE_USAGE ( .BOTH. , #3057 ) ;
#750 = ORIENTED_EDGE ( 'NONE', *, *, #2616, .T. ) ;
#751 = CARTESIAN_POINT ( 'NONE',  ( 2.075000000000001066, 1.499999999999999778, 2.000000000000000000 ) ) ;
#752 = COLOUR_RGB ( '',0.8470588235294117530, 0.8431372549019607865, 0.8470588235294117530 ) ;
#753 = DIRECTION ( 'NONE',  ( -1.000000000000000000, -9.637352644315614471E-16, 0.000000000000000000 ) ) ;
#754 = EDGE_CURVE ( 'NONE', #933, #1039, #2627, .T. ) ;
#755 = AXIS2_PLACEMENT_3D ( 'NONE', #839, #3772, #1429 ) ;
#756 = PRODUCT_DEFINITION ( 'UNKNOWN', '', #905, #1169 ) ;
#757 = ADVANCED_FACE ( 'NONE', ( #1750 ), #2013, .T. ) ;
#758 = DIRECTION ( 'NONE',  ( 0.000000000000000000, -0.9408874118687268195, -0.3387194682727417416 ) ) ;
#759 = DIRECTION ( 'NONE',  ( 0.000000000000000000, -0.9874406319167053914, 0.1579905011066730369 ) ) ;
#760 = EDGE_LOOP ( 'NONE', ( #3744, #2720, #3292, #281 ) ) ;
#761 = VERTEX_POINT ( 'NONE', #3561 ) ;
#762 = CARTESIAN_POINT ( 'NONE',  ( 0.000000000000000000, 1.349999999999999645, 2.000000000000000000 ) ) ;
#763 = MECHANICAL_DESIGN_GEOMETRIC_PRESENTATION_REPRESENTATION (  '', ( #257 ), #72 ) ;
#764 = ORIENTED_EDGE ( 'NONE', *, *, #1614, .F. ) ;
#765 = ORIENTED_EDGE ( 'NONE', *, *, #3857, .F. ) ;
#766 = PRESENTATION_STYLE_ASSIGNMENT (( #3340 ) ) ;
#767 = PRESENTATION_STYLE_ASSIGNMENT (( #3460 ) ) ;
#768 = CARTESIAN_POINT ( 'NONE',  ( 3.349999999999999645, -3.551475717527321860E-16, -0.7999999999999997113 ) ) ;
#769 = SURFACE_STYLE_USAGE ( .BOTH. , #1734 ) ;
#770 =( GEOMETRIC_REPRESENTATION_CONTEXT ( 3 ) GLOBAL_UNCERTAINTY_ASSIGNED_CONTEXT ( ( #1385 ) ) GLOBAL_UNIT_ASSIGNED_CONTEXT ( ( #3384, #2138, #344 ) ) REPRESENTATION_CONTEXT ( 'NONE', 'WORKASPACE' ) );
#771 = FILL_AREA_STYLE ('',( #1607 ) ) ;
#772 = CARTESIAN_POINT ( 'NONE',  ( 2.349999999999999645, 0.6999999999999992895, 2.000000000000000000 ) ) ;
#773 = STYLED_ITEM ( 'NONE', ( #440 ), #2198 ) ;
#774 = DIRECTION ( 'NONE',  ( 0.000000000000000000, -1.000000000000000000, 0.000000000000000000 ) ) ;
#775 = EDGE_CURVE ( 'NONE', #1039, #452, #2400, .T. ) ;
#776 = B_SPLINE_CURVE_WITH_KNOTS ( 'NONE', 3,
 ( #10, #541, #2978, #2318, #283, #2657 ),
 .UNSPECIFIED., .F., .F.,
 ( 4, 2, 4 ),
 ( 1.084202172485504434E-19, 0.0002050984712928845136, 0.0004101969425857689188 ),
 .UNSPECIFIED. ) ;
#777 = AXIS2_PLACEMENT_3D ( 'NONE', #2750, #2388, #3639 ) ;
#778 = SURFACE_SIDE_STYLE ('',( #1834 ) ) ;
#779 = VECTOR ( 'NONE', #261, 1000.000000000000000 ) ;
#780 = EDGE_CURVE ( 'NONE', #2805, #1181, #2919, .T. ) ;
#781 = PRESENTATION_LAYER_ASSIGNMENT (  '', '', ( #2786 ) ) ;
#782 = ORIENTED_EDGE ( 'NONE', *, *, #1729, .T. ) ;
#783 =( GEOMETRIC_REPRESENTATION_CONTEXT ( 3 ) GLOBAL_UNCERTAINTY_ASSIGNED_CONTEXT ( ( #181 ) ) GLOBAL_UNIT_ASSIGNED_CONTEXT ( ( #2520, #1104, #2280 ) ) REPRESENTATION_CONTEXT ( 'NONE', 'WORKASPACE' ) );
#784 = CARTESIAN_POINT ( 'NONE',  ( -4.349999999999999645, 4.700000000000000178, -1.950000000000000178 ) ) ;
#785 = AXIS2_PLACEMENT_3D ( 'NONE', #2372, #2154, #1544 ) ;
#786 = CARTESIAN_POINT ( 'NONE',  ( 3.344045254895051466E-16, 1.499999999999999556, 2.200000000000000178 ) ) ;
#787 = AXIS2_PLACEMENT_3D ( 'NONE', #3834, #545, #1472 ) ;
#788 = SURFACE_SIDE_STYLE ('',( #500 ) ) ;
#789 = CARTESIAN_POINT ( 'NONE',  ( -2.000000000000000000, -2.349999999999999645, 7.531577814756221078E-16 ) ) ;
#790 = SURFACE_STYLE_USAGE ( .BOTH. , #3145 ) ;
#791 = PLANE ( 'NONE',  #2568 ) ;
#792 = CARTESIAN_POINT ( 'NONE',  ( 0.000000000000000000, 3.550000000000000266, 10.20000000000000107 ) ) ;
#793 = SURFACE_STYLE_USAGE ( .BOTH. , #2002 ) ;
#794 = FILL_AREA_STYLE_COLOUR ( '', #490 ) ;
#795 = SURFACE_STYLE_FILL_AREA ( #1165 ) ;
#796 = UNCERTAINTY_MEASURE_WITH_UNIT (LENGTH_MEASURE( 1.000000000000000082E-05 ), #1994, 'distance_accuracy_value', 'NONE');
#797 = EDGE_CURVE ( 'NONE', #2279, #3033, #3810, .T. ) ;
#798 = VERTEX_POINT ( 'NONE', #1598 ) ;
#799 = FILL_AREA_STYLE ('',( #1048 ) ) ;
#800 = MECHANICAL_DESIGN_GEOMETRIC_PRESENTATION_REPRESENTATION (  '', ( #1728 ), #2741 ) ;
#801 = SURFACE_STYLE_USAGE ( .BOTH. , #2014 ) ;
#802 = FILL_AREA_STYLE ('',( #192 ) ) ;
#803 = CARTESIAN_POINT ( 'NONE',  ( 4.349999999999999645, -9.629649721936179265E-32, -0.3999999999999997446 ) ) ;
#804 = CARTESIAN_POINT ( 'NONE',  ( -4.349999999999999645, 4.700000000000000178, 0.000000000000000000 ) ) ;
#805 = DIRECTION ( 'NONE',  ( 1.000000000000000000, 0.000000000000000000, -0.000000000000000000 ) ) ;
#806 = EDGE_CURVE ( 'NONE', #1321, #2176, #2754, .T. ) ;
#807 =( LENGTH_UNIT ( ) NAMED_UNIT ( * ) SI_UNIT ( .MILLI., .METRE. ) );
#808 = UNCERTAINTY_MEASURE_WITH_UNIT (LENGTH_MEASURE( 1.000000000000000082E-05 ), #154, 'distance_accuracy_value', 'NONE');
#809 = CARTESIAN_POINT ( 'NONE',  ( -3.949999999999999734, -2.499999999999999556, 0.1499999999999999667 ) ) ;
#810 = PRESENTATION_LAYER_ASSIGNMENT (  '', '', ( #2493 ) ) ;
#811 = CARTESIAN_POINT ( 'NONE',  ( 0.000000000000000000, 4.700000000000000178, -2.200000000000000178 ) ) ;
#812 = CARTESIAN_POINT ( 'NONE',  ( 2.000000000000000000, -2.349999999999999645, -4.714890176717308529E-16 ) ) ;
#813 = DIRECTION ( 'NONE',  ( -1.000000000000000000, 0.000000000000000000, 0.000000000000000000 ) ) ;
#814 = AXIS2_PLACEMENT_3D ( 'NONE', #2298, #464, #523 ) ;
#815 = FILL_AREA_STYLE ('',( #2872 ) ) ;
#816 = PRESENTATION_LAYER_ASSIGNMENT (  '', '', ( #2307 ) ) ;
#817 = VECTOR ( 'NONE', #1560, 1000.000000000000000 ) ;
#818 = AXIS2_PLACEMENT_3D ( 'NONE', #298, #1505, #2690 ) ;
#819 = ORIENTED_EDGE ( 'NONE', *, *, #2527, .T. ) ;
#820 = DIRECTION ( 'NONE',  ( 0.000000000000000000, 0.000000000000000000, 1.000000000000000000 ) ) ;
#821 = FILL_AREA_STYLE ('',( #1155 ) ) ;
#822 = EDGE_CURVE ( 'NONE', #3414, #41, #87, .T. ) ;
#823 = DIRECTION ( 'NONE',  ( -0.000000000000000000, -0.000000000000000000, -1.000000000000000000 ) ) ;
#824 =( NAMED_UNIT ( * ) SI_UNIT ( $, .STERADIAN. ) SOLID_ANGLE_UNIT ( ) );
#825 = UNCERTAINTY_MEASURE_WITH_UNIT (LENGTH_MEASURE( 1.000000000000000082E-05 ), #3185, 'distance_accuracy_value', 'NONE');
#826 = CARTESIAN_POINT ( 'NONE',  ( 3.949999999999999734, -3.551475717527321860E-16, -0.7999999999999997113 ) ) ;
#827 = LINE ( 'NONE', #3519, #1833 ) ;
#828 = FACE_OUTER_BOUND ( 'NONE', #1846, .T. ) ;
#829 = DIRECTION ( 'NONE',  ( 1.000000000000000000, 0.000000000000000000, 0.000000000000000000 ) ) ;
#830 = VECTOR ( 'NONE', #2358, 1000.000000000000000 ) ;
#831 = LINE ( 'NONE', #3223, #3685 ) ;
#832 = CIRCLE ( 'NONE', #3212, 0.2500000000000000000 ) ;
#833 =( NAMED_UNIT ( * ) SI_UNIT ( $, .STERADIAN. ) SOLID_ANGLE_UNIT ( ) );
#834 = AXIS2_PLACEMENT_3D ( 'NONE', #3149, #1562, #2753 ) ;
#835 = FILL_AREA_STYLE ('',( #553 ) ) ;
#836 = ORIENTED_EDGE ( 'NONE', *, *, #345, .T. ) ;
#837 = MECHANICAL_DESIGN_GEOMETRIC_PRESENTATION_REPRESENTATION (  '', ( #2137 ), #3160 ) ;
#838 = DIRECTION ( 'NONE',  ( -1.000000000000000000, 0.000000000000000000, 0.000000000000000000 ) ) ;
#839 = CARTESIAN_POINT ( 'NONE',  ( -2.000000000000000000, -2.349999999999999645, 7.531577814756221078E-16 ) ) ;
#840 =( GEOMETRIC_REPRESENTATION_CONTEXT ( 3 ) GLOBAL_UNCERTAINTY_ASSIGNED_CONTEXT ( ( #3626 ) ) GLOBAL_UNIT_ASSIGNED_CONTEXT ( ( #3855, #667, #3378 ) ) REPRESENTATION_CONTEXT ( 'NONE', 'WORKASPACE' ) );
#841 =( LENGTH_UNIT ( ) NAMED_UNIT ( * ) SI_UNIT ( .MILLI., .METRE. ) );
#842 =( GEOMETRIC_REPRESENTATION_CONTEXT ( 3 ) GLOBAL_UNCERTAINTY_ASSIGNED_CONTEXT ( ( #3248 ) ) GLOBAL_UNIT_ASSIGNED_CONTEXT ( ( #2534, #426, #3394 ) ) REPRESENTATION_CONTEXT ( 'NONE', 'WORKASPACE' ) );
#843 = LINE ( 'NONE', #2018, #396 ) ;
#844 = COLOUR_RGB ( '',0.8470588235294117530, 0.8431372549019607865, 0.8470588235294117530 ) ;
#845 = DIRECTION ( 'NONE',  ( 1.000000000000000000, 0.000000000000000000, 0.000000000000000000 ) ) ;
#846 =( NAMED_UNIT ( * ) SI_UNIT ( $, .STERADIAN. ) SOLID_ANGLE_UNIT ( ) );
#847 = ADVANCED_FACE ( 'NONE', ( #2461 ), #2169, .T. ) ;
#848 = DIRECTION ( 'NONE',  ( 1.000000000000000000, 0.000000000000000000, 0.000000000000000000 ) ) ;
#849 = FILL_AREA_STYLE ('',( #1096 ) ) ;
#850 = SURFACE_SIDE_STYLE ('',( #2626 ) ) ;
#851 = PLANE ( 'NONE',  #2054 ) ;
#852 = SURFACE_SIDE_STYLE ('',( #1118 ) ) ;
#853 = LINE ( 'NONE', #3395, #3535 ) ;
#854 = UNCERTAINTY_MEASURE_WITH_UNIT (LENGTH_MEASURE( 1.000000000000000082E-05 ), #3000, 'distance_accuracy_value', 'NONE');
#855 = COLOUR_RGB ( '',0.8470588235294117530, 0.8431372549019607865, 0.8470588235294117530 ) ;
#856 = ORIENTED_EDGE ( 'NONE', *, *, #780, .T. ) ;
#857 = EDGE_CURVE ( 'NONE', #3134, #1103, #3675, .T. ) ;
#858 = EDGE_LOOP ( 'NONE', ( #676, #574, #2726, #395 ) ) ;
#859 = SURFACE_STYLE_FILL_AREA ( #3560 ) ;
#860 = CARTESIAN_POINT ( 'NONE',  ( 4.099999999999999645, 4.700000000000000178, -2.200000000000000178 ) ) ;
#861 =( NAMED_UNIT ( * ) SI_UNIT ( $, .STERADIAN. ) SOLID_ANGLE_UNIT ( ) );
#862 = CARTESIAN_POINT ( 'NONE',  ( 0.000000000000000000, 0.7000000000000000666, -0.2499999999999998335 ) ) ;
#863 = CARTESIAN_POINT ( 'NONE',  ( 2.075000000000000178, 4.700000000000000178, 2.000000000000000000 ) ) ;
#864 = DIRECTION ( 'NONE',  ( 0.000000000000000000, 1.000000000000000000, -0.000000000000000000 ) ) ;
#865 = VECTOR ( 'NONE', #1197, 1000.000000000000000 ) ;
#866 = ORIENTED_EDGE ( 'NONE', *, *, #2353, .F. ) ;
#867 = EDGE_CURVE ( 'NONE', #3456, #1209, #2944, .T. ) ;
#868 = DIRECTION ( 'NONE',  ( -0.000000000000000000, -0.000000000000000000, -1.000000000000000000 ) ) ;
#869 = SURFACE_SIDE_STYLE ('',( #2943 ) ) ;
#870 = SURFACE_SIDE_STYLE ('',( #611 ) ) ;
#871 = EDGE_CURVE ( 'NONE', #1204, #3770, #1239, .T. ) ;
#872 = FILL_AREA_STYLE_COLOUR ( '', #3527 ) ;
#873 = VECTOR ( 'NONE', #2858, 1000.000000000000000 ) ;
#874 = VECTOR ( 'NONE', #3179, 1000.000000000000000 ) ;
#875 = UNCERTAINTY_MEASURE_WITH_UNIT (LENGTH_MEASURE( 1.000000000000000082E-05 ), #1175, 'distance_accuracy_value', 'NONE');
#876 = SURFACE_STYLE_USAGE ( .BOTH. , #2989 ) ;
#877 = ORIENTED_EDGE ( 'NONE', *, *, #484, .F. ) ;
#878 = EDGE_LOOP ( 'NONE', ( #3285, #2671, #2136, #3303, #3497, #1600 ) ) ;
#879 = ORIENTED_EDGE ( 'NONE', *, *, #1954, .T. ) ;
#880 = PRESENTATION_STYLE_ASSIGNMENT (( #1152 ) ) ;
#881 = PRESENTATION_STYLE_ASSIGNMENT (( #3862 ) ) ;
#882 = DIRECTION ( 'NONE',  ( 1.000000000000000000, 2.168404344971008868E-16, -0.000000000000000000 ) ) ;
#883 = PRESENTATION_LAYER_ASSIGNMENT (  '', '', ( #2109 ) ) ;
#884 = VECTOR ( 'NONE', #346, 1000.000000000000000 ) ;
#885 = CARTESIAN_POINT ( 'NONE',  ( 2.599999999999999645, 0.000000000000000000, -2.200000000000000178 ) ) ;
#886 = CARTESIAN_POINT ( 'NONE',  ( -4.099999999999999645, 4.450000000000000178, 0.000000000000000000 ) ) ;
#887 = CARTESIAN_POINT ( 'NONE',  ( 3.350000000000000533, 0.1959718679618053239, 1.155507025103987173 ) ) ;
#888 = SURFACE_STYLE_FILL_AREA ( #2648 ) ;
#889 = DIRECTION ( 'NONE',  ( 0.000000000000000000, 0.9874406319167053914, -0.1579905011066730092 ) ) ;
#890 = CARTESIAN_POINT ( 'NONE',  ( 3.099999999999999645, 0.2500000000000000000, -2.200000000000000178 ) ) ;
#891 = VERTEX_POINT ( 'NONE', #1550 ) ;
#892 = ORIENTED_EDGE ( 'NONE', *, *, #2401, .F. ) ;
#893 = FILL_AREA_STYLE ('',( #872 ) ) ;
#894 = ORIENTED_EDGE ( 'NONE', *, *, #1568, .T. ) ;
#895 = DIRECTION ( 'NONE',  ( -0.000000000000000000, -1.000000000000000000, -0.000000000000000000 ) ) ;
#896 = CARTESIAN_POINT ( 'NONE',  ( 0.000000000000000000, -2.349999999999999645, 1.408343819019456275E-16 ) ) ;
#897 =( GEOMETRIC_REPRESENTATION_CONTEXT ( 3 ) GLOBAL_UNCERTAINTY_ASSIGNED_CONTEXT ( ( #1969 ) ) GLOBAL_UNIT_ASSIGNED_CONTEXT ( ( #1244, #651, #254 ) ) REPRESENTATION_CONTEXT ( 'NONE', 'WORKASPACE' ) );
#898 = ORIENTED_EDGE ( 'NONE', *, *, #130, .T. ) ;
#899 = ORIENTED_EDGE ( 'NONE', *, *, #310, .T. ) ;
#900 = ADVANCED_FACE ( 'NONE', ( #619 ), #3007, .T. ) ;
#901 = CARTESIAN_POINT ( 'NONE',  ( 3.061616997868383018E-17, 0.7000000000000000666, 0.2500000000000001665 ) ) ;
#902 = STYLED_ITEM ( 'NONE', ( #2569 ), #3769 ) ;
#903 = ORIENTED_EDGE ( 'NONE', *, *, #1, .F. ) ;
#904 = ORIENTED_EDGE ( 'NONE', *, *, #957, .F. ) ;
#905 = PRODUCT_DEFINITION_FORMATION_WITH_SPECIFIED_SOURCE ( 'ANY', '', #3196, .NOT_KNOWN. ) ;
#906 = PRESENTATION_STYLE_ASSIGNMENT (( #1810 ) ) ;
#907 = ADVANCED_FACE ( 'NONE', ( #2425 ), #2870, .F. ) ;
#908 = PRESENTATION_LAYER_ASSIGNMENT (  '', '', ( #1467 ) ) ;
#909 = MECHANICAL_DESIGN_GEOMETRIC_PRESENTATION_REPRESENTATION (  '', ( #528 ), #2590 ) ;
#910 = MECHANICAL_DESIGN_GEOMETRIC_PRESENTATION_REPRESENTATION (  '', ( #1595 ), #783 ) ;
#911 = CARTESIAN_POINT ( 'NONE',  ( -2.000000000000000000, 4.700000000000000178, -2.828427124746190735 ) ) ;
#912 = CARTESIAN_POINT ( 'NONE',  ( -4.349999999999999645, 4.645085803432136728, -0.3432137285491430045 ) ) ;
#913 = LINE ( 'NONE', #658, #3219 ) ;
#914 = ORIENTED_EDGE ( 'NONE', *, *, #1792, .T. ) ;
#915 =( NAMED_UNIT ( * ) SI_UNIT ( $, .STERADIAN. ) SOLID_ANGLE_UNIT ( ) );
#916 = CARTESIAN_POINT ( 'NONE',  ( -4.349999999999999645, 4.645085803432136728, 0.3432137285491438372 ) ) ;
#917 = FILL_AREA_STYLE ('',( #556 ) ) ;
#918 = UNCERTAINTY_MEASURE_WITH_UNIT (LENGTH_MEASURE( 1.000000000000000082E-05 ), #79, 'distance_accuracy_value', 'NONE');
#919 = ORIENTED_EDGE ( 'NONE', *, *, #516, .T. ) ;
#920 = ORIENTED_EDGE ( 'NONE', *, *, #248, .T. ) ;
#921 = EDGE_CURVE ( 'NONE', #280, #1370, #3187, .T. ) ;
#922 = DIRECTION ( 'NONE',  ( -0.000000000000000000, -0.000000000000000000, -1.000000000000000000 ) ) ;
#923 =( LENGTH_UNIT ( ) NAMED_UNIT ( * ) SI_UNIT ( .MILLI., .METRE. ) );
#924 = CARTESIAN_POINT ( 'NONE',  ( 0.000000000000000000, 1.349999999999999645, -2.200000000000000178 ) ) ;
#925 = ORIENTED_EDGE ( 'NONE', *, *, #1402, .F. ) ;
#926 = LINE ( 'NONE', #624, #1816 ) ;
#927 = LINE ( 'NONE', #2094, #865 ) ;
#928 = LINE ( 'NONE', #2663, #2217 ) ;
#929 = AXIS2_PLACEMENT_3D ( 'NONE', #1081, #813, #1525 ) ;
#930 = CARTESIAN_POINT ( 'NONE',  ( -3.949999999999999734, 0.7000000000000000666, 0.000000000000000000 ) ) ;
#931 = EDGE_CURVE ( 'NONE', #2744, #1508, #3487, .T. ) ;
#932 = CARTESIAN_POINT ( 'NONE',  ( 3.099999999999999645, -1.084202172485504434E-16, 2.200000000000000178 ) ) ;
#933 = VERTEX_POINT ( 'NONE', #198 ) ;
#934 = LINE ( 'NONE', #2418, #2576 ) ;
#935 = ORIENTED_EDGE ( 'NONE', *, *, #465, .T. ) ;
#936 = CARTESIAN_POINT ( 'NONE',  ( 3.349999999999999645, 0.2500000000000000000, 2.200000000000000178 ) ) ;
#937 = DIRECTION ( 'NONE',  ( 0.000000000000000000, -0.9874406319167053914, -0.1579905011066732035 ) ) ;
#938 = DIRECTION ( 'NONE',  ( 0.000000000000000000, 0.9874406319167053914, 0.1579905011066732035 ) ) ;
#939 = VERTEX_POINT ( 'NONE', #1400 ) ;
#940 = DIRECTION ( 'NONE',  ( 0.000000000000000000, 0.9408874118687269306, -0.3387194682727414086 ) ) ;
#941 = CARTESIAN_POINT ( 'NONE',  ( 0.000000000000000000, 0.7000000000000000666, -2.200000000000000178 ) ) ;
#942 = DIRECTION ( 'NONE',  ( -2.168404344971008868E-16, 1.000000000000000000, 0.000000000000000000 ) ) ;
#943 = AXIS2_PLACEMENT_3D ( 'NONE', #1027, #2822, #696 ) ;
#944 = DIRECTION ( 'NONE',  ( -1.000000000000000000, 0.000000000000000000, 0.000000000000000000 ) ) ;
#945 = VERTEX_POINT ( 'NONE', #2586 ) ;
#946 = CARTESIAN_POINT ( 'NONE',  ( 0.000000000000000000, 1.349999999999999645, -2.000000000000000000 ) ) ;
#947 = SURFACE_SIDE_STYLE ('',( #2764 ) ) ;
#948 = FILL_AREA_STYLE ('',( #1832 ) ) ;
#949 = SURFACE_STYLE_USAGE ( .BOTH. , #2076 ) ;
#950 = DIRECTION ( 'NONE',  ( 0.000000000000000000, 0.000000000000000000, 1.000000000000000000 ) ) ;
#951 = ADVANCED_FACE ( 'NONE', ( #1006 ), #2022, .T. ) ;
#952 = STYLED_ITEM ( 'NONE', ( #63 ), #2812 ) ;
#953 = PRESENTATION_LAYER_ASSIGNMENT (  '', '', ( #3202 ) ) ;
#954 =( NAMED_UNIT ( * ) SI_UNIT ( $, .STERADIAN. ) SOLID_ANGLE_UNIT ( ) );
#955 =( NAMED_UNIT ( * ) SI_UNIT ( $, .STERADIAN. ) SOLID_ANGLE_UNIT ( ) );
#956 = LINE ( 'NONE', #1228, #2005 ) ;
#957 = EDGE_CURVE ( 'NONE', #1060, #3238, #927, .T. ) ;
#958 = VECTOR ( 'NONE', #2920, 1000.000000000000000 ) ;
#959 = VERTEX_POINT ( 'NONE', #3317 ) ;
#960 = CARTESIAN_POINT ( 'NONE',  ( -4.349999999999999645, -3.551475717527321860E-16, -0.7999999999999997113 ) ) ;
#961 = ORIENTED_EDGE ( 'NONE', *, *, #775, .T. ) ;
#962 = DIRECTION ( 'NONE',  ( -0.000000000000000000, -0.000000000000000000, 1.000000000000000000 ) ) ;
#963 = CARTESIAN_POINT ( 'NONE',  ( 3.349999999999999201, 0.2500000000000000000, -1.112249899919919294 ) ) ;
#964 = FACE_OUTER_BOUND ( 'NONE', #1904, .T. ) ;
#965 = ORIENTED_EDGE ( 'NONE', *, *, #3586, .F. ) ;
#966 = EDGE_LOOP ( 'NONE', ( #903, #189, #3215, #972, #1522, #293, #3399, #1881, #3618, #925, #2436, #866 ) ) ;
#967 = ORIENTED_EDGE ( 'NONE', *, *, #2907, .F. ) ;
#968 = MECHANICAL_DESIGN_GEOMETRIC_PRESENTATION_REPRESENTATION (  '', ( #2122 ), #444 ) ;
#969 = CARTESIAN_POINT ( 'NONE',  ( -6.764213562373092792, 3.550000000000000266, 3.935786437626967782 ) ) ;
#970 =( GEOMETRIC_REPRESENTATION_CONTEXT ( 3 ) GLOBAL_UNCERTAINTY_ASSIGNED_CONTEXT ( ( #1700 ) ) GLOBAL_UNIT_ASSIGNED_CONTEXT ( ( #2865, #1417, #2284 ) ) REPRESENTATION_CONTEXT ( 'NONE', 'WORKASPACE' ) );
#971 = VERTEX_POINT ( 'NONE', #3344 ) ;
#972 = ORIENTED_EDGE ( 'NONE', *, *, #754, .F. ) ;
#973 = PLANE ( 'NONE',  #2073 ) ;
#974 = PRESENTATION_STYLE_ASSIGNMENT (( #136 ) ) ;
#975 = ORIENTED_EDGE ( 'NONE', *, *, #2364, .F. ) ;
#976 = AXIS2_PLACEMENT_3D ( 'NONE', #705, #3147, #1933 ) ;
#977 =( NAMED_UNIT ( * ) SI_UNIT ( $, .STERADIAN. ) SOLID_ANGLE_UNIT ( ) );
#978 = EDGE_CURVE ( 'NONE', #798, #2744, #45, .T. ) ;
#979 = SURFACE_STYLE_FILL_AREA ( #46 ) ;
#980 = COLOUR_RGB ( '',0.8470588235294117530, 0.8431372549019607865, 0.8470588235294117530 ) ;
#981 = VECTOR ( 'NONE', #1673, 1000.000000000000000 ) ;
#982 = CARTESIAN_POINT ( 'NONE',  ( 0.000000000000000000, 1.550000000000000266, 10.20000000000000107 ) ) ;
#983 = ORIENTED_EDGE ( 'NONE', *, *, #3365, .F. ) ;
#984 = AXIS2_PLACEMENT_3D ( 'NONE', #1441, #3799, #472 ) ;
#985 = CIRCLE ( 'NONE', #2272, 0.2500000000000000000 ) ;
#986 = SURFACE_STYLE_FILL_AREA ( #2463 ) ;
#987 = VERTEX_POINT ( 'NONE', #701 ) ;
#988 = ORIENTED_EDGE ( 'NONE', *, *, #3645, .T. ) ;
#989 = VERTEX_POINT ( 'NONE', #3312 ) ;
#990 = ORIENTED_EDGE ( 'NONE', *, *, #3400, .F. ) ;
#991 = DIRECTION ( 'NONE',  ( -0.000000000000000000, -1.000000000000000000, -0.000000000000000000 ) ) ;
#992 = SURFACE_STYLE_USAGE ( .BOTH. , #716 ) ;
#993 = DIRECTION ( 'NONE',  ( 0.000000000000000000, -0.3387194682727417416, 0.9408874118687268195 ) ) ;
#994 = PRESENTATION_LAYER_ASSIGNMENT (  '', '', ( #285 ) ) ;
#995 = ORIENTED_EDGE ( 'NONE', *, *, #2598, .T. ) ;
#996 = DIRECTION ( 'NONE',  ( 0.7071067811865507924, 0.000000000000000000, -0.7071067811865441310 ) ) ;
#997 = EDGE_CURVE ( 'NONE', #2512, #3096, #3335, .T. ) ;
#998 = CARTESIAN_POINT ( 'NONE',  ( 4.349999999999999645, 4.645085803432136728, -0.3432137285491430045 ) ) ;
#999 =( GEOMETRIC_REPRESENTATION_CONTEXT ( 3 ) GLOBAL_UNCERTAINTY_ASSIGNED_CONTEXT ( ( #2592 ) ) GLOBAL_UNIT_ASSIGNED_CONTEXT ( ( #167, #448, #1080 ) ) REPRESENTATION_CONTEXT ( 'NONE', 'WORKASPACE' ) );
#1000 = SURFACE_STYLE_FILL_AREA ( #3433 ) ;
#1001 = EDGE_CURVE ( 'NONE', #3740, #53, #2990, .T. ) ;
#1002 = ORIENTED_EDGE ( 'NONE', *, *, #1678, .F. ) ;
#1003 = STYLED_ITEM ( 'NONE', ( #554 ), #2457 ) ;
#1004 = ORIENTED_EDGE ( 'NONE', *, *, #1032, .T. ) ;
#1005 = LINE ( 'NONE', #1809, #2189 ) ;
#1006 = FACE_OUTER_BOUND ( 'NONE', #2551, .T. ) ;
#1007 = PRESENTATION_LAYER_ASSIGNMENT (  '', '', ( #694 ) ) ;
#1008 = STYLED_ITEM ( 'NONE', ( #974 ), #3077 ) ;
#1009 = CARTESIAN_POINT ( 'NONE',  ( -3.949999999999999734, -3.551475717527321860E-16, -0.7999999999999997113 ) ) ;
#1010 = VERTEX_POINT ( 'NONE', #2993 ) ;
#1011 = AXIS2_PLACEMENT_3D ( 'NONE', #510, #2572, #2080 ) ;
#1012 = PRESENTATION_STYLE_ASSIGNMENT (( #1577 ) ) ;
#1013 =( NAMED_UNIT ( * ) PLANE_ANGLE_UNIT ( ) SI_UNIT ( $, .RADIAN. ) );
#1014 = SURFACE_STYLE_FILL_AREA ( #3125 ) ;
#1015 = AXIS2_PLACEMENT_3D ( 'NONE', #3086, #1624, #996 ) ;
#1016 = FACE_OUTER_BOUND ( 'NONE', #2818, .T. ) ;
#1017 = VECTOR ( 'NONE', #1276, 1000.000000000000000 ) ;
#1018 = CARTESIAN_POINT ( 'NONE',  ( 4.349999999999999645, 4.596446609406726225, -2.200000000000000178 ) ) ;
#1019 = DIRECTION ( 'NONE',  ( -1.000000000000000000, 0.000000000000000000, -0.000000000000000000 ) ) ;
#1020 = VERTEX_POINT ( 'NONE', #2316 ) ;
#1021 = LINE ( 'NONE', #1651, #873 ) ;
#1022 = ADVANCED_FACE ( 'NONE', ( #1869 ), #3588, .T. ) ;
#1023 = ORIENTED_EDGE ( 'NONE', *, *, #721, .F. ) ;
#1024 = STYLED_ITEM ( 'NONE', ( #3177 ), #126 ) ;
#1025 = MECHANICAL_DESIGN_GEOMETRIC_PRESENTATION_REPRESENTATION (  '', ( #1203 ), #1639 ) ;
#1026 = ADVANCED_FACE ( 'NONE', ( #579 ), #2380, .F. ) ;
#1027 = CARTESIAN_POINT ( 'NONE',  ( 0.000000000000000000, -2.349999999999999645, 1.408343819019456275E-16 ) ) ;
#1028 = VERTEX_POINT ( 'NONE', #1138 ) ;
#1029 =( GEOMETRIC_REPRESENTATION_CONTEXT ( 3 ) GLOBAL_UNCERTAINTY_ASSIGNED_CONTEXT ( ( #2632 ) ) GLOBAL_UNIT_ASSIGNED_CONTEXT ( ( #3411, #107, #3735 ) ) REPRESENTATION_CONTEXT ( 'NONE', 'WORKASPACE' ) );
#1030 = PRESENTATION_LAYER_ASSIGNMENT (  '', '', ( #773 ) ) ;
#1031 = CARTESIAN_POINT ( 'NONE',  ( -4.349999999999999645, 0.3999999999999995226, 4.065758146820638546E-17 ) ) ;
#1032 = EDGE_CURVE ( 'NONE', #678, #1644, #2343, .T. ) ;
#1033 = CARTESIAN_POINT ( 'NONE',  ( -3.329218458540548209, 0.1294374611323829694, 1.181844205578191476 ) ) ;
#1034 = VECTOR ( 'NONE', #331, 1000.000000000000000 ) ;
#1035 = DIRECTION ( 'NONE',  ( 0.000000000000000000, 0.000000000000000000, 1.000000000000000000 ) ) ;
#1036 = PLANE ( 'NONE',  #3702 ) ;
#1037 = VECTOR ( 'NONE', #2638, 999.9999999999998863 ) ;
#1038 = COLOUR_RGB ( '',0.8470588235294117530, 0.8431372549019607865, 0.8470588235294117530 ) ;
#1039 = VERTEX_POINT ( 'NONE', #3271 ) ;
#1040 = UNCERTAINTY_MEASURE_WITH_UNIT (LENGTH_MEASURE( 1.000000000000000082E-05 ), #3073, 'distance_accuracy_value', 'NONE');
#1041 = CARTESIAN_POINT ( 'NONE',  ( -4.349999999999999645, 4.450000000000000178, 2.200000000000000178 ) ) ;
#1042 = CARTESIAN_POINT ( 'NONE',  ( 0.000000000000000000, 1.550000000000000266, 10.20000000000000107 ) ) ;
#1043 = EDGE_LOOP ( 'NONE', ( #3603, #899, #3844, #3039 ) ) ;
#1044 = EDGE_LOOP ( 'NONE', ( #1304, #904, #640, #1120 ) ) ;
#1045 = VECTOR ( 'NONE', #2265, 1000.000000000000000 ) ;
#1046 = EDGE_CURVE ( 'NONE', #1103, #1209, #2980, .T. ) ;
#1047 = SURFACE_STYLE_FILL_AREA ( #3800 ) ;
#1048 = FILL_AREA_STYLE_COLOUR ( '', #3672 ) ;
#1049 = CARTESIAN_POINT ( 'NONE',  ( 2.349999999999999645, -3.551475717527321860E-16, -0.7999999999999997113 ) ) ;
#1050 = ORIENTED_EDGE ( 'NONE', *, *, #3689, .T. ) ;
#1051 = DIRECTION ( 'NONE',  ( -1.000000000000000000, -0.000000000000000000, 0.000000000000000000 ) ) ;
#1052 =( GEOMETRIC_REPRESENTATION_CONTEXT ( 3 ) GLOBAL_UNCERTAINTY_ASSIGNED_CONTEXT ( ( #3707 ) ) GLOBAL_UNIT_ASSIGNED_CONTEXT ( ( #1592, #1013, #723 ) ) REPRESENTATION_CONTEXT ( 'NONE', 'WORKASPACE' ) );
#1053 = SURFACE_STYLE_USAGE ( .BOTH. , #2620 ) ;
#1054 = CIRCLE ( 'NONE', #347, 0.2500000000000002220 ) ;
#1055 = CARTESIAN_POINT ( 'NONE',  ( -3.949999999999999734, -2.499999999999999556, 0.000000000000000000 ) ) ;
#1056 = SURFACE_STYLE_FILL_AREA ( #1344 ) ;
#1057 = EDGE_CURVE ( 'NONE', #1866, #1275, #228, .T. ) ;
#1058 = FILL_AREA_STYLE_COLOUR ( '', #2559 ) ;
#1059 = FILL_AREA_STYLE_COLOUR ( '', #1105 ) ;
#1060 = VERTEX_POINT ( 'NONE', #3217 ) ;
#1061 = EDGE_LOOP ( 'NONE', ( #1633, #3690, #2489, #3293 ) ) ;
#1062 = DIRECTION ( 'NONE',  ( 2.065146995210484202E-16, -1.000000000000000000, 0.000000000000000000 ) ) ;
#1063 = STYLED_ITEM ( 'NONE', ( #2642 ), #1022 ) ;
#1064 = ORIENTED_EDGE ( 'NONE', *, *, #1704, .T. ) ;
#1065 = VERTEX_POINT ( 'NONE', #1715 ) ;
#1066 = CARTESIAN_POINT ( 'NONE',  ( 2.000000000000000000, 1.407106781186548528, -4.714890176717308529E-16 ) ) ;
#1067 = CARTESIAN_POINT ( 'NONE',  ( 2.599999999999999645, 0.000000000000000000, 2.200000000000000178 ) ) ;
#1068 = VERTEX_POINT ( 'NONE', #3531 ) ;
#1069 = LINE ( 'NONE', #497, #3063 ) ;
#1070 = CARTESIAN_POINT ( 'NONE',  ( -2.349999999999999645, 1.349999999999999645, 2.200000000000000178 ) ) ;
#1071 = DIRECTION ( 'NONE',  ( 0.000000000000000000, 0.000000000000000000, 1.000000000000000000 ) ) ;
#1072 =( LENGTH_UNIT ( ) NAMED_UNIT ( * ) SI_UNIT ( .MILLI., .METRE. ) );
#1073 = PRESENTATION_STYLE_ASSIGNMENT (( #2020 ) ) ;
#1074 = PRESENTATION_STYLE_ASSIGNMENT (( #3743 ) ) ;
#1075 = EDGE_CURVE ( 'NONE', #2805, #1783, #1431, .T. ) ;
#1076 = FILL_AREA_STYLE ('',( #3109 ) ) ;
#1077 = AXIS2_PLACEMENT_3D ( 'NONE', #1232, #1277, #1205 ) ;
#1078 = EDGE_LOOP ( 'NONE', ( #2443, #2578, #2419, #3574 ) ) ;
#1079 = CARTESIAN_POINT ( 'NONE',  ( 4.349999999999999645, 4.450000000000000178, -2.200000000000000178 ) ) ;
#1080 =( NAMED_UNIT ( * ) SI_UNIT ( $, .STERADIAN. ) SOLID_ANGLE_UNIT ( ) );
#1081 = CARTESIAN_POINT ( 'NONE',  ( -2.000000000000000000, -2.349999999999999645, 7.531577814756221078E-16 ) ) ;
#1082 = DIRECTION ( 'NONE',  ( -0.000000000000000000, 0.1579905011066730369, 0.9874406319167053914 ) ) ;
#1083 = MECHANICAL_DESIGN_GEOMETRIC_PRESENTATION_REPRESENTATION (  '', ( #563 ), #3322 ) ;
#1084 = DIRECTION ( 'NONE',  ( -1.000000000000000000, 0.000000000000000000, 0.000000000000000000 ) ) ;
#1085 = ORIENTED_EDGE ( 'NONE', *, *, #291, .T. ) ;
#1086 = PLANE ( 'NONE',  #2502 ) ;
#1087 =( NAMED_UNIT ( * ) SI_UNIT ( $, .STERADIAN. ) SOLID_ANGLE_UNIT ( ) );
#1088 = MECHANICAL_DESIGN_GEOMETRIC_PRESENTATION_REPRESENTATION (  '', ( #1024 ), #3211 ) ;
#1089 = LINE ( 'NONE', #2901, #720 ) ;
#1090 = LINE ( 'NONE', #211, #1045 ) ;
#1091 = UNCERTAINTY_MEASURE_WITH_UNIT (LENGTH_MEASURE( 1.000000000000000082E-05 ), #1387, 'distance_accuracy_value', 'NONE');
#1092 = DIRECTION ( 'NONE',  ( 0.000000000000000000, 0.000000000000000000, 1.000000000000000000 ) ) ;
#1093 = MECHANICAL_DESIGN_GEOMETRIC_PRESENTATION_REPRESENTATION (  '', ( #3716 ), #2462 ) ;
#1094 = CARTESIAN_POINT ( 'NONE',  ( 0.000000000000000000, 0.000000000000000000, 10.20000000000000107 ) ) ;
#1095 = EDGE_CURVE ( 'NONE', #7, #939, #1732, .T. ) ;
#1096 = FILL_AREA_STYLE_COLOUR ( '', #106 ) ;
#1097 = VECTOR ( 'NONE', #2893, 1000.000000000000000 ) ;
#1098 = FILL_AREA_STYLE ('',( #2574 ) ) ;
#1099 = MECHANICAL_DESIGN_GEOMETRIC_PRESENTATION_REPRESENTATION (  '', ( #2007 ), #90 ) ;
#1100 = VECTOR ( 'NONE', #3313, 1000.000000000000000 ) ;
#1101 = AXIS2_PLACEMENT_3D ( 'NONE', #886, #3589, #3012 ) ;
#1102 = VECTOR ( 'NONE', #1979, 1000.000000000000000 ) ;
#1103 = VERTEX_POINT ( 'NONE', #1455 ) ;
#1104 =( NAMED_UNIT ( * ) PLANE_ANGLE_UNIT ( ) SI_UNIT ( $, .RADIAN. ) );
#1105 = COLOUR_RGB ( '',0.8470588235294117530, 0.8431372549019607865, 0.8470588235294117530 ) ;
#1106 = LINE ( 'NONE', #543, #2434 ) ;
#1107 = CARTESIAN_POINT ( 'NONE',  ( -4.349999999999999645, -3.306546357697851761E-16, -1.199999999999999734 ) ) ;
#1108 = ORIENTED_EDGE ( 'NONE', *, *, #2531, .F. ) ;
#1109 = COLOUR_RGB ( '',0.8470588235294117530, 0.8431372549019607865, 0.8470588235294117530 ) ;
#1110 = SURFACE_STYLE_FILL_AREA ( #441 ) ;
#1111 = CARTESIAN_POINT ( 'NONE',  ( 3.349999999999999645, 0.2500000000000000000, 2.200000000000000178 ) ) ;
#1112 = DIRECTION ( 'NONE',  ( 4.989666635317766278E-20, 1.000000000000000000, -0.000000000000000000 ) ) ;
#1113 = DIRECTION ( 'NONE',  ( -9.795786256852418525E-32, 1.016439536705160777E-16, -1.000000000000000000 ) ) ;
#1114 = DIRECTION ( 'NONE',  ( 0.000000000000000000, 0.000000000000000000, -1.000000000000000000 ) ) ;
#1115 = UNCERTAINTY_MEASURE_WITH_UNIT (LENGTH_MEASURE( 1.000000000000000082E-05 ), #3100, 'distance_accuracy_value', 'NONE');
#1116 = AXIS2_PLACEMENT_3D ( 'NONE', #911, #3017, #1513 ) ;
#1117 = FILL_AREA_STYLE_COLOUR ( '', #3825 ) ;
#1118 = SURFACE_STYLE_FILL_AREA ( #3226 ) ;
#1119 = ADVANCED_FACE ( 'NONE', ( #2448 ), #57, .T. ) ;
#1120 = ORIENTED_EDGE ( 'NONE', *, *, #408, .T. ) ;
#1121 = CARTESIAN_POINT ( 'NONE',  ( -2.599999999999999645, 0.2500000000000000000, 2.200000000000000178 ) ) ;
#1122 = PRESENTATION_LAYER_ASSIGNMENT (  '', '', ( #1063 ) ) ;
#1123 = CARTESIAN_POINT ( 'NONE',  ( -2.349999999999999201, 0.2500000000000000555, 2.200000000000000178 ) ) ;
#1124 = DIRECTION ( 'NONE',  ( -0.000000000000000000, -1.000000000000000000, -0.000000000000000000 ) ) ;
#1125 = DIRECTION ( 'NONE',  ( 0.000000000000000000, -0.000000000000000000, -1.000000000000000000 ) ) ;
#1126 = SURFACE_STYLE_FILL_AREA ( #1076 ) ;
#1127 = STYLED_ITEM ( 'NONE', ( #1670 ), #2411 ) ;
#1128 = DIRECTION ( 'NONE',  ( 1.000000000000000000, 0.000000000000000000, -0.000000000000000000 ) ) ;
#1129 =( LENGTH_UNIT ( ) NAMED_UNIT ( * ) SI_UNIT ( .MILLI., .METRE. ) );
#1130 = AXIS2_PLACEMENT_3D ( 'NONE', #2921, #2581, #2319 ) ;
#1131 = SURFACE_STYLE_USAGE ( .BOTH. , #2004 ) ;
#1132 = AXIS2_PLACEMENT_3D ( 'NONE', #2987, #895, #2392 ) ;
#1133 = CARTESIAN_POINT ( 'NONE',  ( 0.000000000000000000, 1.349999999999999645, 2.000000000000000000 ) ) ;
#1134 =( LENGTH_UNIT ( ) NAMED_UNIT ( * ) SI_UNIT ( .MILLI., .METRE. ) );
#1135 = STYLED_ITEM ( 'NONE', ( #3206 ), #2861 ) ;
#1136 = ORIENTED_EDGE ( 'NONE', *, *, #3110, .F. ) ;
#1137 = AXIS2_PLACEMENT_3D ( 'NONE', #1361, #1967, #805 ) ;
#1138 = CARTESIAN_POINT ( 'NONE',  ( -4.349999999999999645, -9.852396348986294787E-16, 1.199999999999999734 ) ) ;
#1139 = CARTESIAN_POINT ( 'NONE',  ( -3.949999999999999734, -1.250000000000000666, -0.6000000000000000888 ) ) ;
#1140 = UNCERTAINTY_MEASURE_WITH_UNIT (LENGTH_MEASURE( 1.000000000000000082E-05 ), #1366, 'distance_accuracy_value', 'NONE');
#1141 = FILL_AREA_STYLE_COLOUR ( '', #526 ) ;
#1142 = ADVANCED_FACE ( 'NONE', ( #1262 ), #77, .F. ) ;
#1143 = VECTOR ( 'NONE', #1216, 1000.000000000000000 ) ;
#1144 = SURFACE_STYLE_FILL_AREA ( #3538 ) ;
#1145 = PRESENTATION_STYLE_ASSIGNMENT (( #1992 ) ) ;
#1146 = DIRECTION ( 'NONE',  ( 0.000000000000000000, 0.000000000000000000, 1.000000000000000000 ) ) ;
#1147 = CARTESIAN_POINT ( 'NONE',  ( -2.349999999999999201, 0.2500000000000000555, 2.200000000000000178 ) ) ;
#1148 = UNCERTAINTY_MEASURE_WITH_UNIT (LENGTH_MEASURE( 1.000000000000000082E-05 ), #137, 'distance_accuracy_value', 'NONE');
#1149 = LINE ( 'NONE', #3577, #3355 ) ;
#1150 = ORIENTED_EDGE ( 'NONE', *, *, #1840, .F. ) ;
#1151 = VECTOR ( 'NONE', #2971, 1000.000000000000000 ) ;
#1152 = SURFACE_STYLE_USAGE ( .BOTH. , #266 ) ;
#1153 = FACE_OUTER_BOUND ( 'NONE', #712, .T. ) ;
#1154 =( GEOMETRIC_REPRESENTATION_CONTEXT ( 3 ) GLOBAL_UNCERTAINTY_ASSIGNED_CONTEXT ( ( #1801 ) ) GLOBAL_UNIT_ASSIGNED_CONTEXT ( ( #807, #3163, #530 ) ) REPRESENTATION_CONTEXT ( 'NONE', 'WORKASPACE' ) );
#1155 = FILL_AREA_STYLE_COLOUR ( '', #1815 ) ;
#1156 = EDGE_CURVE ( 'NONE', #1065, #959, #2784, .T. ) ;
#1157 = MECHANICAL_DESIGN_GEOMETRIC_PRESENTATION_REPRESENTATION (  '', ( #399 ), #2790 ) ;
#1158 = SURFACE_STYLE_FILL_AREA ( #3628 ) ;
#1159 = FILL_AREA_STYLE_COLOUR ( '', #3425 ) ;
#1160 = VECTOR ( 'NONE', #3078, 1000.000000000000000 ) ;
#1161 =( NAMED_UNIT ( * ) SI_UNIT ( $, .STERADIAN. ) SOLID_ANGLE_UNIT ( ) );
#1162 = EDGE_CURVE ( 'NONE', #2046, #2797, #926, .T. ) ;
#1163 = CARTESIAN_POINT ( 'NONE',  ( 3.099999999999999645, 0.2500000000000000000, 2.200000000000000178 ) ) ;
#1164 = FACE_OUTER_BOUND ( 'NONE', #2789, .T. ) ;
#1165 = FILL_AREA_STYLE ('',( #2273 ) ) ;
#1166 = SURFACE_SIDE_STYLE ('',( #1230 ) ) ;
#1167 = EDGE_CURVE ( 'NONE', #2152, #3028, #832, .T. ) ;
#1168 = LINE ( 'NONE', #1480, #3026 ) ;
#1169 = PRODUCT_DEFINITION_CONTEXT ( 'detailed design', #1689, 'design' ) ;
#1170 = MECHANICAL_DESIGN_GEOMETRIC_PRESENTATION_REPRESENTATION (  '', ( #2345 ), #2605 ) ;
#1171 = ORIENTED_EDGE ( 'NONE', *, *, #2048, .T. ) ;
#1172 = ORIENTED_EDGE ( 'NONE', *, *, #2278, .T. ) ;
#1173 = FILL_AREA_STYLE ('',( #2341 ) ) ;
#1174 = DIRECTION ( 'NONE',  ( 0.000000000000000000, 0.000000000000000000, 1.000000000000000000 ) ) ;
#1175 =( LENGTH_UNIT ( ) NAMED_UNIT ( * ) SI_UNIT ( .MILLI., .METRE. ) );
#1176 = FILL_AREA_STYLE_COLOUR ( '', #3299 ) ;
#1177 = EDGE_CURVE ( 'NONE', #2453, #276, #1005, .T. ) ;
#1178 = FACE_OUTER_BOUND ( 'NONE', #51, .T. ) ;
#1179 = CARTESIAN_POINT ( 'NONE',  ( -3.099999999999999645, -3.306546357697851761E-16, -1.199999999999999734 ) ) ;
#1180 = COLOUR_RGB ( '',0.8470588235294117530, 0.8431372549019607865, 0.8470588235294117530 ) ;
#1181 = VERTEX_POINT ( 'NONE', #2178 ) ;
#1182 = DIRECTION ( 'NONE',  ( 0.000000000000000000, 0.000000000000000000, -1.000000000000000000 ) ) ;
#1183 = ADVANCED_FACE ( 'NONE', ( #2469, #714, #3011, #3098 ), #1532, .F. ) ;
#1184 = FILL_AREA_STYLE_COLOUR ( '', #1180 ) ;
#1185 =( NAMED_UNIT ( * ) PLANE_ANGLE_UNIT ( ) SI_UNIT ( $, .RADIAN. ) );
#1186 = MECHANICAL_DESIGN_GEOMETRIC_PRESENTATION_REPRESENTATION (  '', ( #245 ), #2682 ) ;
#1187 = ORIENTED_EDGE ( 'NONE', *, *, #2960, .T. ) ;
#1188 = LINE ( 'NONE', #3581, #1468 ) ;
#1189 =( BOUNDED_CURVE ( )  B_SPLINE_CURVE ( 3, ( #407, #1018, #3065, #1874 ),
 .UNSPECIFIED., .F., .F. ) 
 B_SPLINE_CURVE_WITH_KNOTS ( ( 4, 4 ),
 ( 0.000000000000000000, 1.570796326794896558 ),
 .UNSPECIFIED. ) 
 CURVE ( )  GEOMETRIC_REPRESENTATION_ITEM ( )  RATIONAL_B_SPLINE_CURVE ( ( 1.000000000000000000, 0.8047378541243649375, 0.8047378541243649375, 1.000000000000000000 ) ) 
 REPRESENTATION_ITEM ( '' )  );
#1190 =( GEOMETRIC_REPRESENTATION_CONTEXT ( 3 ) GLOBAL_UNCERTAINTY_ASSIGNED_CONTEXT ( ( #2903 ) ) GLOBAL_UNIT_ASSIGNED_CONTEXT ( ( #2225, #3107, #2166 ) ) REPRESENTATION_CONTEXT ( 'NONE', 'WORKASPACE' ) );
#1191 = CARTESIAN_POINT ( 'NONE',  ( -2.599999999999999645, 0.2500000000000000000, -2.200000000000000178 ) ) ;
#1192 = SURFACE_STYLE_FILL_AREA ( #1173 ) ;
#1193 = AXIS2_PLACEMENT_3D ( 'NONE', #1049, #3757, #1621 ) ;
#1194 = ORIENTED_EDGE ( 'NONE', *, *, #64, .F. ) ;
#1195 = DIRECTION ( 'NONE',  ( -3.761581922631320025E-34, -1.000000000000000000, 0.000000000000000000 ) ) ;
#1196 = FILL_AREA_STYLE_COLOUR ( '', #1893 ) ;
#1197 = DIRECTION ( 'NONE',  ( 0.000000000000000000, -1.000000000000000000, 0.000000000000000000 ) ) ;
#1198 = DIRECTION ( 'NONE',  ( -0.000000000000000000, -0.000000000000000000, -1.000000000000000000 ) ) ;
#1199 = CARTESIAN_POINT ( 'NONE',  ( 0.000000000000000000, 4.700000000000000178, 0.000000000000000000 ) ) ;
#1200 = CARTESIAN_POINT ( 'NONE',  ( -3.237214580261195351, 0.03039392797772669588, -1.202022581406711366 ) ) ;
#1201 = PRESENTATION_LAYER_ASSIGNMENT (  '', '', ( #1024 ) ) ;
#1202 = ADVANCED_FACE ( 'NONE', ( #2332 ), #851, .F. ) ;
#1203 = STYLED_ITEM ( 'NONE', ( #153 ), #1183 ) ;
#1204 = VERTEX_POINT ( 'NONE', #3523 ) ;
#1205 = DIRECTION ( 'NONE',  ( 1.224646799147353207E-16, 0.000000000000000000, -1.000000000000000000 ) ) ;
#1206 = MECHANICAL_DESIGN_GEOMETRIC_PRESENTATION_REPRESENTATION (  '', ( #2001 ), #1029 ) ;
#1207 = SURFACE_STYLE_FILL_AREA ( #2439 ) ;
#1208 = DIRECTION ( 'NONE',  ( 1.000000000000000000, 0.000000000000000000, 0.000000000000000000 ) ) ;
#1209 = VERTEX_POINT ( 'NONE', #236 ) ;
#1210 = AXIS2_PLACEMENT_3D ( 'NONE', #863, #2037, #1062 ) ;
#1211 = ORIENTED_EDGE ( 'NONE', *, *, #3657, .T. ) ;
#1212 = ORIENTED_EDGE ( 'NONE', *, *, #114, .F. ) ;
#1213 = SURFACE_STYLE_FILL_AREA ( #1749 ) ;
#1214 = DIRECTION ( 'NONE',  ( 0.000000000000000000, 0.000000000000000000, 1.000000000000000000 ) ) ;
#1215 = PRESENTATION_STYLE_ASSIGNMENT (( #2426 ) ) ;
#1216 = DIRECTION ( 'NONE',  ( 0.000000000000000000, 0.000000000000000000, 1.000000000000000000 ) ) ;
#1217 = MECHANICAL_DESIGN_GEOMETRIC_PRESENTATION_REPRESENTATION (  '', ( #2965 ), #1591 ) ;
#1218 = EDGE_CURVE ( 'NONE', #3414, #3094, #2197, .T. ) ;
#1219 = ORIENTED_EDGE ( 'NONE', *, *, #3375, .T. ) ;
#1220 = ORIENTED_EDGE ( 'NONE', *, *, #780, .F. ) ;
#1221 = SURFACE_STYLE_USAGE ( .BOTH. , #2694 ) ;
#1222 = SURFACE_SIDE_STYLE ('',( #3591 ) ) ;
#1223 = FILL_AREA_STYLE_COLOUR ( '', #2248 ) ;
#1224 = EDGE_LOOP ( 'NONE', ( #3193, #2157, #2503, #3421 ) ) ;
#1225 = AXIS2_PLACEMENT_3D ( 'NONE', #3184, #196, #2923 ) ;
#1226 = MECHANICAL_DESIGN_GEOMETRIC_PRESENTATION_REPRESENTATION (  '', ( #29 ), #3038 ) ;
#1227 = FACE_OUTER_BOUND ( 'NONE', #3692, .T. ) ;
#1228 = CARTESIAN_POINT ( 'NONE',  ( 4.349999999999999645, 3.826133144475920567, 2.427407932011331759 ) ) ;
#1229 = MECHANICAL_DESIGN_GEOMETRIC_PRESENTATION_REPRESENTATION (  '', ( #2594 ), #98 ) ;
#1230 = SURFACE_STYLE_FILL_AREA ( #893 ) ;
#1231 = ORIENTED_EDGE ( 'NONE', *, *, #1329, .F. ) ;
#1232 = CARTESIAN_POINT ( 'NONE',  ( 0.000000000000000000, -2.349999999999999645, 1.408343819019456275E-16 ) ) ;
#1233 = DIRECTION ( 'NONE',  ( 0.000000000000000000, 0.1579905011066732035, -0.9874406319167053914 ) ) ;
#1234 = CARTESIAN_POINT ( 'NONE',  ( 4.349999999999999645, 4.645085803432136728, 0.3432137285491438372 ) ) ;
#1235 = UNCERTAINTY_MEASURE_WITH_UNIT (LENGTH_MEASURE( 1.000000000000000082E-05 ), #2383, 'distance_accuracy_value', 'NONE');
#1236 = ORIENTED_EDGE ( 'NONE', *, *, #661, .F. ) ;
#1237 = CARTESIAN_POINT ( 'NONE',  ( -2.000000000000000000, -2.349999999999999645, 7.531577814756221078E-16 ) ) ;
#1238 = EDGE_CURVE ( 'NONE', #131, #2177, #2840, .T. ) ;
#1239 = LINE ( 'NONE', #941, #1268 ) ;
#1240 = SURFACE_STYLE_USAGE ( .BOTH. , #319 ) ;
#1241 = CARTESIAN_POINT ( 'NONE',  ( -4.349999999999999645, -3.551475717527321860E-16, -0.7999999999999997113 ) ) ;
#1242 = DIRECTION ( 'NONE',  ( -1.000000000000000000, 0.000000000000000000, 0.000000000000000000 ) ) ;
#1243 = ADVANCED_FACE ( 'NONE', ( #3137 ), #3782, .F. ) ;
#1244 =( LENGTH_UNIT ( ) NAMED_UNIT ( * ) SI_UNIT ( .MILLI., .METRE. ) );
#1245 = CARTESIAN_POINT ( 'NONE',  ( -4.349999999999999645, -5.510910596163085611E-16, 0.7999999999999997113 ) ) ;
#1246 = FILL_AREA_STYLE ('',( #587 ) ) ;
#1247 = VECTOR ( 'NONE', #1970, 1000.000000000000000 ) ;
#1248 =( LENGTH_UNIT ( ) NAMED_UNIT ( * ) SI_UNIT ( .MILLI., .METRE. ) );
#1249 = DIRECTION ( 'NONE',  ( 0.000000000000000000, 0.000000000000000000, 1.000000000000000000 ) ) ;
#1250 = CARTESIAN_POINT ( 'NONE',  ( 3.949999999999999734, -5.510910596163085611E-16, 0.7999999999999997113 ) ) ;
#1251 =( NAMED_UNIT ( * ) SI_UNIT ( $, .STERADIAN. ) SOLID_ANGLE_UNIT ( ) );
#1252 = CARTESIAN_POINT ( 'NONE',  ( -2.000000000000000000, 3.550000000000000266, -2.828427124746190735 ) ) ;
#1253 = CARTESIAN_POINT ( 'NONE',  ( 2.349999999999999645, 0.3999999999999996336, -0.7999999999999997113 ) ) ;
#1254 = ORIENTED_EDGE ( 'NONE', *, *, #1524, .F. ) ;
#1255 = ORIENTED_EDGE ( 'NONE', *, *, #603, .F. ) ;
#1256 = ORIENTED_EDGE ( 'NONE', *, *, #3268, .T. ) ;
#1257 = ORIENTED_EDGE ( 'NONE', *, *, #997, .F. ) ;
#1258 = FILL_AREA_STYLE_COLOUR ( '', #3457 ) ;
#1259 = SURFACE_SIDE_STYLE ('',( #1847 ) ) ;
#1260 = PRESENTATION_LAYER_ASSIGNMENT (  '', '', ( #2938 ) ) ;
#1261 = CARTESIAN_POINT ( 'NONE',  ( -4.349999999999999645, 0.3999999999999996336, -0.7999999999999997113 ) ) ;
#1262 = FACE_OUTER_BOUND ( 'NONE', #1302, .T. ) ;
#1263 = FACE_OUTER_BOUND ( 'NONE', #71, .T. ) ;
#1264 = DIRECTION ( 'NONE',  ( 1.000000000000000000, -0.000000000000000000, 0.000000000000000000 ) ) ;
#1265 = EDGE_LOOP ( 'NONE', ( #1172, #3455, #1410, #2484 ) ) ;
#1266 = VECTOR ( 'NONE', #274, 1000.000000000000000 ) ;
#1267 = ORIENTED_EDGE ( 'NONE', *, *, #2907, .T. ) ;
#1268 = VECTOR ( 'NONE', #3035, 1000.000000000000000 ) ;
#1269 = CARTESIAN_POINT ( 'NONE',  ( 2.168404344971009854E-16, 3.550000000000000266, -2.828427124746190735 ) ) ;
#1270 = DIRECTION ( 'NONE',  ( -1.000000000000000000, -0.000000000000000000, -0.000000000000000000 ) ) ;
#1271 = CARTESIAN_POINT ( 'NONE',  ( -2.349999999999999201, 0.2500000000000000555, 1.112249899919919072 ) ) ;
#1272 = PLANE ( 'NONE',  #976 ) ;
#1273 = EDGE_CURVE ( 'NONE', #2163, #27, #934, .T. ) ;
#1274 = ORIENTED_EDGE ( 'NONE', *, *, #2276, .F. ) ;
#1275 = VERTEX_POINT ( 'NONE', #1760 ) ;
#1276 = DIRECTION ( 'NONE',  ( -1.000000000000000000, -0.000000000000000000, -0.000000000000000000 ) ) ;
#1277 = DIRECTION ( 'NONE',  ( 1.000000000000000000, 0.000000000000000000, 1.224646799147353207E-16 ) ) ;
#1278 = SURFACE_STYLE_FILL_AREA ( #3354 ) ;
#1279 = VERTEX_POINT ( 'NONE', #635 ) ;
#1280 = VECTOR ( 'NONE', #544, 1000.000000000000000 ) ;
#1281 = SURFACE_STYLE_USAGE ( .BOTH. , #3053 ) ;
#1282 = ORIENTED_EDGE ( 'NONE', *, *, #2545, .T. ) ;
#1283 = DIRECTION ( 'NONE',  ( 0.000000000000000000, 0.000000000000000000, -1.000000000000000000 ) ) ;
#1284 = LINE ( 'NONE', #3120, #1160 ) ;
#1285 = STYLED_ITEM ( 'NONE', ( #1424 ), #3550 ) ;
#1286 = CARTESIAN_POINT ( 'NONE',  ( 3.949999999999999734, 3.826133144475920567, 2.427407932011331759 ) ) ;
#1287 = EDGE_CURVE ( 'NONE', #36, #339, #2347, .T. ) ;
#1288 = ORIENTED_EDGE ( 'NONE', *, *, #332, .T. ) ;
#1289 = ORIENTED_EDGE ( 'NONE', *, *, #3632, .F. ) ;
#1290 = AXIS2_PLACEMENT_3D ( 'NONE', #197, #1092, #829 ) ;
#1291 = VECTOR ( 'NONE', #1386, 1000.000000000000000 ) ;
#1292 = FILL_AREA_STYLE_COLOUR ( '', #2445 ) ;
#1293 = ADVANCED_FACE ( 'NONE', ( #3328 ), #2968, .F. ) ;
#1294 = MECHANICAL_DESIGN_GEOMETRIC_PRESENTATION_REPRESENTATION (  '', ( #1467 ), #3596 ) ;
#1295 =( GEOMETRIC_REPRESENTATION_CONTEXT ( 3 ) GLOBAL_UNCERTAINTY_ASSIGNED_CONTEXT ( ( #2890 ) ) GLOBAL_UNIT_ASSIGNED_CONTEXT ( ( #2636, #2375, #2088 ) ) REPRESENTATION_CONTEXT ( 'NONE', 'WORKASPACE' ) );
#1296 = ORIENTED_EDGE ( 'NONE', *, *, #1456, .F. ) ;
#1297 = MECHANICAL_DESIGN_GEOMETRIC_PRESENTATION_REPRESENTATION (  '', ( #3284 ), #155 ) ;
#1298 =( NAMED_UNIT ( * ) PLANE_ANGLE_UNIT ( ) SI_UNIT ( $, .RADIAN. ) );
#1299 = DIRECTION ( 'NONE',  ( -0.000000000000000000, -1.000000000000000000, -0.000000000000000000 ) ) ;
#1300 = PLANE ( 'NONE',  #984 ) ;
#1301 = ADVANCED_FACE ( 'NONE', ( #613 ), #2706, .F. ) ;
#1302 = EDGE_LOOP ( 'NONE', ( #1085, #2595, #975, #692 ) ) ;
#1303 = LINE ( 'NONE', #3418, #2783 ) ;
#1304 = ORIENTED_EDGE ( 'NONE', *, *, #2762, .T. ) ;
#1305 = DIRECTION ( 'NONE',  ( -1.000000000000000000, 3.761581922631320025E-34, 0.000000000000000000 ) ) ;
#1306 = PRESENTATION_STYLE_ASSIGNMENT (( #992 ) ) ;
#1307 = FACE_OUTER_BOUND ( 'NONE', #591, .T. ) ;
#1308 = EDGE_LOOP ( 'NONE', ( #208, #914, #1530, #1655, #2158, #965, #3829, #1575, #2828, #764, #2974, #3058 ) ) ;
#1309 = FILL_AREA_STYLE_COLOUR ( '', #513 ) ;
#1310 = CARTESIAN_POINT ( 'NONE',  ( 2.376304738347015277, 0.1339847942805176828, 1.178292025437018609 ) ) ;
#1311 = ADVANCED_FACE ( 'NONE', ( #3715 ), #1855, .F. ) ;
#1312 = ORIENTED_EDGE ( 'NONE', *, *, #2401, .T. ) ;
#1313 = CARTESIAN_POINT ( 'NONE',  ( -2.349999999999999645, 0.6999999999999992895, -2.000000000000000000 ) ) ;
#1314 = COLOUR_RGB ( '',0.8470588235294117530, 0.8431372549019607865, 0.8470588235294117530 ) ;
#1315 = ORIENTED_EDGE ( 'NONE', *, *, #174, .F. ) ;
#1316 = ORIENTED_EDGE ( 'NONE', *, *, #1606, .T. ) ;
#1317 = SURFACE_SIDE_STYLE ('',( #2763 ) ) ;
#1318 = PLANE ( 'NONE',  #660 ) ;
#1319 = VECTOR ( 'NONE', #1660, 1000.000000000000114 ) ;
#1320 = CARTESIAN_POINT ( 'NONE',  ( -4.349999999999999645, 4.450000000000000178, 2.200000000000000178 ) ) ;
#1321 = VERTEX_POINT ( 'NONE', #3446 ) ;
#1322 =( GEOMETRIC_REPRESENTATION_CONTEXT ( 3 ) GLOBAL_UNCERTAINTY_ASSIGNED_CONTEXT ( ( #3794 ) ) GLOBAL_UNIT_ASSIGNED_CONTEXT ( ( #3687, #2607, #833 ) ) REPRESENTATION_CONTEXT ( 'NONE', 'WORKASPACE' ) );
#1323 = PRESENTATION_STYLE_ASSIGNMENT (( #739 ) ) ;
#1324 = VECTOR ( 'NONE', #1493, 1000.000000000000000 ) ;
#1325 = CARTESIAN_POINT ( 'NONE',  ( 2.349999999999999645, 4.700000000000000178, 2.000000000000000000 ) ) ;
#1326 =( NAMED_UNIT ( * ) PLANE_ANGLE_UNIT ( ) SI_UNIT ( $, .RADIAN. ) );
#1327 = MECHANICAL_DESIGN_GEOMETRIC_PRESENTATION_REPRESENTATION (  '', ( #3202 ), #3643 ) ;
#1328 = FILL_AREA_STYLE ('',( #1629 ) ) ;
#1329 = EDGE_CURVE ( 'NONE', #280, #596, #1189, .T. ) ;
#1330 = ORIENTED_EDGE ( 'NONE', *, *, #535, .F. ) ;
#1331 = CARTESIAN_POINT ( 'NONE',  ( 3.949999999999999734, 4.700000000000000178, -2.199999999999998845 ) ) ;
#1332 = EDGE_LOOP ( 'NONE', ( #1725, #44, #3064, #3738, #1352, #3648, #1603, #2190 ) ) ;
#1333 = PRESENTATION_LAYER_ASSIGNMENT (  '', '', ( #3343 ) ) ;
#1334 = AXIS2_PLACEMENT_3D ( 'NONE', #3724, #537, #2314 ) ;
#1335 = DIRECTION ( 'NONE',  ( -0.000000000000000000, -0.000000000000000000, -1.000000000000000000 ) ) ;
#1336 = CYLINDRICAL_SURFACE ( 'NONE', #3870, 0.2500000000000002220 ) ;
#1337 = ORIENTED_EDGE ( 'NONE', *, *, #408, .F. ) ;
#1338 = PRESENTATION_LAYER_ASSIGNMENT (  '', '', ( #2326 ) ) ;
#1339 = CYLINDRICAL_SURFACE ( 'NONE', #3154, 0.2499999999999999445 ) ;
#1340 = FILL_AREA_STYLE_COLOUR ( '', #3674 ) ;
#1341 = SURFACE_STYLE_FILL_AREA ( #2900 ) ;
#1342 =( GEOMETRIC_REPRESENTATION_CONTEXT ( 3 ) GLOBAL_UNCERTAINTY_ASSIGNED_CONTEXT ( ( #854 ) ) GLOBAL_UNIT_ASSIGNED_CONTEXT ( ( #3000, #1911, #3682 ) ) REPRESENTATION_CONTEXT ( 'NONE', 'WORKASPACE' ) );
#1343 = ORIENTED_EDGE ( 'NONE', *, *, #1978, .F. ) ;
#1344 = FILL_AREA_STYLE ('',( #190 ) ) ;
#1345 = PRESENTATION_LAYER_ASSIGNMENT (  '', '', ( #1707 ) ) ;
#1346 =( NAMED_UNIT ( * ) PLANE_ANGLE_UNIT ( ) SI_UNIT ( $, .RADIAN. ) );
#1347 = PRESENTATION_LAYER_ASSIGNMENT (  '', '', ( #1285 ) ) ;
#1348 = ORIENTED_EDGE ( 'NONE', *, *, #3348, .F. ) ;
#1349 = AXIS2_PLACEMENT_3D ( 'NONE', #3385, #59, #417 ) ;
#1350 = ORIENTED_EDGE ( 'NONE', *, *, #1156, .T. ) ;
#1351 = CARTESIAN_POINT ( 'NONE',  ( -3.949999999999999734, 0.000000000000000000, 2.199999999999998845 ) ) ;
#1352 = ORIENTED_EDGE ( 'NONE', *, *, #2183, .T. ) ;
#1353 = EDGE_LOOP ( 'NONE', ( #1831, #243, #1959, #400 ) ) ;
#1354 = DIRECTION ( 'NONE',  ( 0.000000000000000000, 1.000000000000000000, 0.000000000000000000 ) ) ;
#1355 = EDGE_CURVE ( 'NONE', #256, #3094, #741, .T. ) ;
#1356 = CARTESIAN_POINT ( 'NONE',  ( 3.349999999999999201, 0.6999999999999991784, 2.200000000000000178 ) ) ;
#1357 = ORIENTED_EDGE ( 'NONE', *, *, #1746, .F. ) ;
#1358 = FILL_AREA_STYLE ('',( #288 ) ) ;
#1359 = EDGE_CURVE ( 'NONE', #653, #339, #321, .T. ) ;
#1360 = DIRECTION ( 'NONE',  ( 1.000000000000000000, -0.000000000000000000, -0.000000000000000000 ) ) ;
#1361 = CARTESIAN_POINT ( 'NONE',  ( 0.000000000000000000, 0.000000000000000000, 2.000000000000000000 ) ) ;
#1362 = CARTESIAN_POINT ( 'NONE',  ( -3.949999999999999734, -5.510910596163085611E-16, 0.7999999999999997113 ) ) ;
#1363 = MECHANICAL_DESIGN_GEOMETRIC_PRESENTATION_REPRESENTATION (  '', ( #473 ), #2729 ) ;
#1364 =( LENGTH_UNIT ( ) NAMED_UNIT ( * ) SI_UNIT ( .MILLI., .METRE. ) );
#1365 = VERTEX_POINT ( 'NONE', #1913 ) ;
#1366 =( LENGTH_UNIT ( ) NAMED_UNIT ( * ) SI_UNIT ( .MILLI., .METRE. ) );
#1367 = FILL_AREA_STYLE ('',( #707 ) ) ;
#1368 = CARTESIAN_POINT ( 'NONE',  ( -4.099999999999999645, 4.700000000000000178, 1.950000000000000178 ) ) ;
#1369 =( GEOMETRIC_REPRESENTATION_CONTEXT ( 3 ) GLOBAL_UNCERTAINTY_ASSIGNED_CONTEXT ( ( #3508 ) ) GLOBAL_UNIT_ASSIGNED_CONTEXT ( ( #841, #3814, #1769 ) ) REPRESENTATION_CONTEXT ( 'NONE', 'WORKASPACE' ) );
#1370 = VERTEX_POINT ( 'NONE', #2508 ) ;
#1371 = ADVANCED_FACE ( 'NONE', ( #3127 ), #1597, .T. ) ;
#1372 = DIRECTION ( 'NONE',  ( -0.000000000000000000, -0.000000000000000000, -1.000000000000000000 ) ) ;
#1373 = COLOUR_RGB ( '',0.8470588235294117530, 0.8431372549019607865, 0.8470588235294117530 ) ;
#1374 = DIRECTION ( 'NONE',  ( -1.084202172485504434E-15, 1.000000000000000000, -1.897353801849632760E-15 ) ) ;
#1375 = CARTESIAN_POINT ( 'NONE',  ( -2.074999999999999734, 3.599999999999999645, 2.200000000000000178 ) ) ;
#1376 = CARTESIAN_POINT ( 'NONE',  ( 3.949999999999999734, -1.734723475976807094E-15, 2.935478377556205177E-15 ) ) ;
#1377 = DIRECTION ( 'NONE',  ( 9.637352644315614471E-16, -1.000000000000000000, 0.000000000000000000 ) ) ;
#1378 = DIRECTION ( 'NONE',  ( -0.000000000000000000, -0.000000000000000000, 1.000000000000000000 ) ) ;
#1379 =( LENGTH_UNIT ( ) NAMED_UNIT ( * ) SI_UNIT ( .MILLI., .METRE. ) );
#1380 =( GEOMETRIC_REPRESENTATION_CONTEXT ( 3 ) GLOBAL_UNCERTAINTY_ASSIGNED_CONTEXT ( ( #825 ) ) GLOBAL_UNIT_ASSIGNED_CONTEXT ( ( #3185, #3484, #3795 ) ) REPRESENTATION_CONTEXT ( 'NONE', 'WORKASPACE' ) );
#1381 = FACE_OUTER_BOUND ( 'NONE', #2174, .T. ) ;
#1382 = AXIS2_PLACEMENT_3D ( 'NONE', #1191, #2737, #1826 ) ;
#1383 =( LENGTH_UNIT ( ) NAMED_UNIT ( * ) SI_UNIT ( .MILLI., .METRE. ) );
#1384 = EDGE_CURVE ( 'NONE', #2490, #93, #68, .T. ) ;
#1385 = UNCERTAINTY_MEASURE_WITH_UNIT (LENGTH_MEASURE( 1.000000000000000082E-05 ), #3384, 'distance_accuracy_value', 'NONE');
#1386 = DIRECTION ( 'NONE',  ( -0.000000000000000000, -1.000000000000000000, -0.000000000000000000 ) ) ;
#1387 =( LENGTH_UNIT ( ) NAMED_UNIT ( * ) SI_UNIT ( .MILLI., .METRE. ) );
#1388 = ORIENTED_EDGE ( 'NONE', *, *, #111, .T. ) ;
#1389 = DIRECTION ( 'NONE',  ( -1.000000000000000000, 0.000000000000000000, 0.000000000000000000 ) ) ;
#1390 = DIRECTION ( 'NONE',  ( -0.000000000000000000, -1.000000000000000000, -0.000000000000000000 ) ) ;
#1391 = FACE_OUTER_BOUND ( 'NONE', #1576, .T. ) ;
#1392 = VECTOR ( 'NONE', #1828, 1000.000000000000000 ) ;
#1393 = MECHANICAL_DESIGN_GEOMETRIC_PRESENTATION_REPRESENTATION (  '', ( #3085 ), #3347 ) ;
#1394 = FILL_AREA_STYLE ('',( #1661 ) ) ;
#1395 = CARTESIAN_POINT ( 'NONE',  ( -2.349999999999998757, -5.510910596163085611E-16, 0.7999999999999997113 ) ) ;
#1396 = LINE ( 'NONE', #1111, #1630 ) ;
#1397 = UNCERTAINTY_MEASURE_WITH_UNIT (LENGTH_MEASURE( 1.000000000000000082E-05 ), #3056, 'distance_accuracy_value', 'NONE');
#1398 = STYLED_ITEM ( 'NONE', ( #1935 ), #1311 ) ;
#1399 = CARTESIAN_POINT ( 'NONE',  ( -3.949999999999999734, 0.7000000000000000666, -2.200000000000000178 ) ) ;
#1400 = CARTESIAN_POINT ( 'NONE',  ( -3.949999999999999734, -8.573765555304644567E-16, 0.3999999999999997446 ) ) ;
#1401 = PRESENTATION_STYLE_ASSIGNMENT (( #793 ) ) ;
#1402 = EDGE_CURVE ( 'NONE', #3156, #1923, #3018, .T. ) ;
#1403 =( NAMED_UNIT ( * ) PLANE_ANGLE_UNIT ( ) SI_UNIT ( $, .RADIAN. ) );
#1404 = MECHANICAL_DESIGN_GEOMETRIC_PRESENTATION_REPRESENTATION (  '', ( #902 ), #3415 ) ;
#1405 =( NAMED_UNIT ( * ) SI_UNIT ( $, .STERADIAN. ) SOLID_ANGLE_UNIT ( ) );
#1406 =( GEOMETRIC_REPRESENTATION_CONTEXT ( 3 ) GLOBAL_UNCERTAINTY_ASSIGNED_CONTEXT ( ( #52 ) ) GLOBAL_UNIT_ASSIGNED_CONTEXT ( ( #560, #2674, #2378 ) ) REPRESENTATION_CONTEXT ( 'NONE', 'WORKASPACE' ) );
#1407 = ORIENTED_EDGE ( 'NONE', *, *, #2616, .F. ) ;
#1408 = MECHANICAL_DESIGN_GEOMETRIC_PRESENTATION_REPRESENTATION (  '', ( #2853 ), #2719 ) ;
#1409 = VECTOR ( 'NONE', #3266, 1000.000000000000000 ) ;
#1410 = ORIENTED_EDGE ( 'NONE', *, *, #3297, .F. ) ;
#1411 = VECTOR ( 'NONE', #3718, 1000.000000000000000 ) ;
#1412 = LINE ( 'NONE', #3529, #1454 ) ;
#1413 =( LENGTH_UNIT ( ) NAMED_UNIT ( * ) SI_UNIT ( .MILLI., .METRE. ) );
#1414 = CARTESIAN_POINT ( 'NONE',  ( -2.349999999999999201, 0.2500000000000000555, -1.112249899919919516 ) ) ;
#1415 =( NAMED_UNIT ( * ) PLANE_ANGLE_UNIT ( ) SI_UNIT ( $, .RADIAN. ) );
#1416 = VECTOR ( 'NONE', #1360, 1000.000000000000000 ) ;
#1417 =( NAMED_UNIT ( * ) PLANE_ANGLE_UNIT ( ) SI_UNIT ( $, .RADIAN. ) );
#1418 = UNCERTAINTY_MEASURE_WITH_UNIT (LENGTH_MEASURE( 1.000000000000000082E-05 ), #3146, 'distance_accuracy_value', 'NONE');
#1419 = CARTESIAN_POINT ( 'NONE',  ( 3.099999999999999645, -1.084202172485504434E-16, 2.200000000000000178 ) ) ;
#1420 =( LENGTH_UNIT ( ) NAMED_UNIT ( * ) SI_UNIT ( .MILLI., .METRE. ) );
#1421 = CARTESIAN_POINT ( 'NONE',  ( -2.349999999999999201, 0.3999999999999993006, 2.200000000000000178 ) ) ;
#1422 = DIRECTION ( 'NONE',  ( -1.000000000000000000, 0.000000000000000000, 0.000000000000000000 ) ) ;
#1423 = SURFACE_STYLE_FILL_AREA ( #1439 ) ;
#1424 = PRESENTATION_STYLE_ASSIGNMENT (( #1131 ) ) ;
#1425 = CARTESIAN_POINT ( 'NONE',  ( 4.099999999999999645, 4.700000000000000178, -1.950000000000000178 ) ) ;
#1426 = CARTESIAN_POINT ( 'NONE',  ( -2.000000000000000000, 4.700000000000000178, 10.20000000000000107 ) ) ;
#1427 = ORIENTED_EDGE ( 'NONE', *, *, #1916, .F. ) ;
#1428 = AXIS2_PLACEMENT_3D ( 'NONE', #1163, #868, #1556 ) ;
#1429 = DIRECTION ( 'NONE',  ( 0.000000000000000000, 0.000000000000000000, -1.000000000000000000 ) ) ;
#1430 = ADVANCED_FACE ( 'NONE', ( #2570 ), #166, .T. ) ;
#1431 = LINE ( 'NONE', #3235, #1280 ) ;
#1432 = DIRECTION ( 'NONE',  ( 1.000000000000000000, 9.637352644315614471E-16, -0.000000000000000000 ) ) ;
#1433 = EDGE_CURVE ( 'NONE', #1010, #280, #485, .T. ) ;
#1434 = DIRECTION ( 'NONE',  ( -1.000000000000000000, 0.000000000000000000, 0.000000000000000000 ) ) ;
#1435 = DIRECTION ( 'NONE',  ( -0.000000000000000000, -0.000000000000000000, -1.000000000000000000 ) ) ;
#1436 = SURFACE_SIDE_STYLE ('',( #232 ) ) ;
#1437 =( NAMED_UNIT ( * ) PLANE_ANGLE_UNIT ( ) SI_UNIT ( $, .RADIAN. ) );
#1438 = CARTESIAN_POINT ( 'NONE',  ( -3.099999999999999645, 0.2500000000000000000, 2.200000000000000178 ) ) ;
#1439 = FILL_AREA_STYLE ('',( #1705 ) ) ;
#1440 = PRESENTATION_LAYER_ASSIGNMENT (  '', '', ( #3805 ) ) ;
#1441 = CARTESIAN_POINT ( 'NONE',  ( -3.949999999999999734, -5.510910596163085611E-16, 0.7999999999999997113 ) ) ;
#1442 = PRESENTATION_LAYER_ASSIGNMENT (  '', '', ( #2878 ) ) ;
#1443 = CARTESIAN_POINT ( 'NONE',  ( 3.949999999999999734, -1.250000000000000222, 0.5999999999999998668 ) ) ;
#1444 = DIRECTION ( 'NONE',  ( 0.000000000000000000, 0.000000000000000000, -1.000000000000000000 ) ) ;
#1445 = EDGE_CURVE ( 'NONE', #3790, #1502, #3763, .T. ) ;
#1446 = AXIS2_PLACEMENT_3D ( 'NONE', #2794, #163, #140 ) ;
#1447 =( LENGTH_UNIT ( ) NAMED_UNIT ( * ) SI_UNIT ( .MILLI., .METRE. ) );
#1448 = UNCERTAINTY_MEASURE_WITH_UNIT (LENGTH_MEASURE( 1.000000000000000082E-05 ), #1364, 'distance_accuracy_value', 'NONE');
#1449 = STYLED_ITEM ( 'NONE', ( #2842 ), #697 ) ;
#1450 = ORIENTED_EDGE ( 'NONE', *, *, #1433, .T. ) ;
#1451 = FILL_AREA_STYLE_COLOUR ( '', #31 ) ;
#1452 = CARTESIAN_POINT ( 'NONE',  ( -4.349999999999999645, 3.826133144475921899, -2.427407932011330871 ) ) ;
#1453 = DIRECTION ( 'NONE',  ( -1.000000000000000000, -9.637352644315614471E-16, 0.000000000000000000 ) ) ;
#1454 = VECTOR ( 'NONE', #2281, 1000.000000000000000 ) ;
#1455 = CARTESIAN_POINT ( 'NONE',  ( -2.599999999999999645, -1.084202172485504434E-16, -1.199999999999999734 ) ) ;
#1456 = EDGE_CURVE ( 'NONE', #959, #36, #1054, .T. ) ;
#1457 = CARTESIAN_POINT ( 'NONE',  ( 0.000000000000000000, 0.7000000000000000666, 0.000000000000000000 ) ) ;
#1458 = DIRECTION ( 'NONE',  ( 0.000000000000000000, 0.000000000000000000, -1.000000000000000000 ) ) ;
#1459 = CARTESIAN_POINT ( 'NONE',  ( -4.349999999999999645, 4.450000000000000178, -2.200000000000000178 ) ) ;
#1460 = ORIENTED_EDGE ( 'NONE', *, *, #3153, .T. ) ;
#1461 = CARTESIAN_POINT ( 'NONE',  ( -3.099999999999999645, -3.306546357697851761E-16, -1.199999999999999734 ) ) ;
#1462 = UNCERTAINTY_MEASURE_WITH_UNIT (LENGTH_MEASURE( 1.000000000000000082E-05 ), #3871, 'distance_accuracy_value', 'NONE');
#1463 = ORIENTED_EDGE ( 'NONE', *, *, #1958, .F. ) ;
#1464 = AXIS2_PLACEMENT_3D ( 'NONE', #1055, #3663, #422 ) ;
#1465 = ORIENTED_EDGE ( 'NONE', *, *, #584, .T. ) ;
#1466 = CIRCLE ( 'NONE', #3667, 0.3999999999999999667 ) ;
#1467 = STYLED_ITEM ( 'NONE', ( #1073 ), #3320 ) ;
#1468 = VECTOR ( 'NONE', #922, 1000.000000000000000 ) ;
#1469 = ADVANCED_FACE ( 'NONE', ( #2308 ), #200, .F. ) ;
#1470 = SURFACE_SIDE_STYLE ('',( #1158 ) ) ;
#1471 = CIRCLE ( 'NONE', #2407, 0.2500000000000000000 ) ;
#1472 = DIRECTION ( 'NONE',  ( 2.065146995210484202E-16, -1.000000000000000000, 0.000000000000000000 ) ) ;
#1473 =( NAMED_UNIT ( * ) SI_UNIT ( $, .STERADIAN. ) SOLID_ANGLE_UNIT ( ) );
#1474 =( LENGTH_UNIT ( ) NAMED_UNIT ( * ) SI_UNIT ( .MILLI., .METRE. ) );
#1475 = EDGE_CURVE ( 'NONE', #27, #86, #831, .T. ) ;
#1476 = SURFACE_STYLE_FILL_AREA ( #1246 ) ;
#1477 = SURFACE_STYLE_USAGE ( .BOTH. , #2146 ) ;
#1478 = PRESENTATION_STYLE_ASSIGNMENT (( #277 ) ) ;
#1479 = DIRECTION ( 'NONE',  ( 0.000000000000000000, -0.9408874118687269306, 0.3387194682727414086 ) ) ;
#1480 = CARTESIAN_POINT ( 'NONE',  ( -2.000000000000000000, 1.407106781186548528, 0.2500000000000007216 ) ) ;
#1481 =( GEOMETRIC_REPRESENTATION_CONTEXT ( 3 ) GLOBAL_UNCERTAINTY_ASSIGNED_CONTEXT ( ( #3228 ) ) GLOBAL_UNIT_ASSIGNED_CONTEXT ( ( #507, #3798, #1668 ) ) REPRESENTATION_CONTEXT ( 'NONE', 'WORKASPACE' ) );
#1482 = ORIENTED_EDGE ( 'NONE', *, *, #3244, .T. ) ;
#1483 = DIRECTION ( 'NONE',  ( -0.000000000000000000, -0.000000000000000000, -1.000000000000000000 ) ) ;
#1484 =( NAMED_UNIT ( * ) SI_UNIT ( $, .STERADIAN. ) SOLID_ANGLE_UNIT ( ) );
#1485 = FILL_AREA_STYLE_COLOUR ( '', #1806 ) ;
#1486 = CARTESIAN_POINT ( 'NONE',  ( -3.949999999999999734, -8.673617379884035472E-16, -1.554076788117991846E-15 ) ) ;
#1487 = CARTESIAN_POINT ( 'NONE',  ( -3.349999999999999645, 0.3999999999999996336, -0.7999999999999997113 ) ) ;
#1488 =( NAMED_UNIT ( * ) PLANE_ANGLE_UNIT ( ) SI_UNIT ( $, .RADIAN. ) );
#1489 = CARTESIAN_POINT ( 'NONE',  ( 3.099999999999999645, 0.2500000000000000000, 2.200000000000000178 ) ) ;
#1490 = CARTESIAN_POINT ( 'NONE',  ( 3.237144549617446909, 0.03030065993695360213, 1.202045922358904395 ) ) ;
#1491 = CARTESIAN_POINT ( 'NONE',  ( -3.949999999999999734, 3.826133144475920567, 2.427407932011331759 ) ) ;
#1492 = EDGE_CURVE ( 'NONE', #131, #2176, #2625, .T. ) ;
#1493 = DIRECTION ( 'NONE',  ( 1.000000000000000000, 0.000000000000000000, 0.000000000000000000 ) ) ;
#1494 = FILL_AREA_STYLE ('',( #3552 ) ) ;
#1495 = VECTOR ( 'NONE', #3524, 1000.000000000000000 ) ;
#1496 = VERTEX_POINT ( 'NONE', #273 ) ;
#1497 = ORIENTED_EDGE ( 'NONE', *, *, #2795, .T. ) ;
#1498 = DIRECTION ( 'NONE',  ( -1.000000000000000000, 0.000000000000000000, 0.000000000000000000 ) ) ;
#1499 = DIRECTION ( 'NONE',  ( 0.000000000000000000, 1.000000000000000000, 2.168404344971008868E-16 ) ) ;
#1500 = AXIS2_PLACEMENT_3D ( 'NONE', #2533, #742, #758 ) ;
#1501 = ORIENTED_EDGE ( 'NONE', *, *, #3765, .T. ) ;
#1502 = VERTEX_POINT ( 'NONE', #3323 ) ;
#1503 = MECHANICAL_DESIGN_GEOMETRIC_PRESENTATION_REPRESENTATION (  '', ( #2179 ), #1190 ) ;
#1504 = SURFACE_SIDE_STYLE ('',( #2376 ) ) ;
#1505 = DIRECTION ( 'NONE',  ( 0.000000000000000000, -1.000000000000000000, -3.306546357697854719E-16 ) ) ;
#1506 =( GEOMETRIC_REPRESENTATION_CONTEXT ( 3 ) GLOBAL_UNCERTAINTY_ASSIGNED_CONTEXT ( ( #2128 ) ) GLOBAL_UNIT_ASSIGNED_CONTEXT ( ( #2543, #2242, #1087 ) ) REPRESENTATION_CONTEXT ( 'NONE', 'WORKASPACE' ) );
#1507 = CARTESIAN_POINT ( 'NONE',  ( -4.099999999999999645, 4.700000000000000178, -1.950000000000000178 ) ) ;
#1508 = VERTEX_POINT ( 'NONE', #2727 ) ;
#1509 = DIRECTION ( 'NONE',  ( 1.000000000000000000, -3.761581922631320025E-34, 0.000000000000000000 ) ) ;
#1510 = CARTESIAN_POINT ( 'NONE',  ( 3.169301702141829047, -1.067261513540418304E-16, 1.199999999999999734 ) ) ;
#1511 = LINE ( 'NONE', #3258, #1738 ) ;
#1512 = ORIENTED_EDGE ( 'NONE', *, *, #688, .T. ) ;
#1513 = DIRECTION ( 'NONE',  ( 0.000000000000000000, 0.000000000000000000, -1.000000000000000000 ) ) ;
#1514 = CARTESIAN_POINT ( 'NONE',  ( 5.764213562373102562, 1.550000000000000266, 2.935786437626967338 ) ) ;
#1515 = CIRCLE ( 'NONE', #2640, 0.3999999999999999667 ) ;
#1516 = STYLED_ITEM ( 'NONE', ( #3367 ), #1119 ) ;
#1517 = ADVANCED_FACE ( 'NONE', ( #1227 ), #2413, .F. ) ;
#1518 = ORIENTED_EDGE ( 'NONE', *, *, #388, .F. ) ;
#1519 = CARTESIAN_POINT ( 'NONE',  ( 3.349999999999999645, 0.2500000000000000000, -2.200000000000000178 ) ) ;
#1520 = VECTOR ( 'NONE', #2151, 1000.000000000000000 ) ;
#1521 = CARTESIAN_POINT ( 'NONE',  ( 0.000000000000000000, 0.6999999999999992895, 2.000000000000000000 ) ) ;
#1522 = ORIENTED_EDGE ( 'NONE', *, *, #1568, .F. ) ;
#1523 = COLOUR_RGB ( '',0.8470588235294117530, 0.8431372549019607865, 0.8470588235294117530 ) ;
#1524 = EDGE_CURVE ( 'NONE', #36, #3321, #928, .T. ) ;
#1525 = DIRECTION ( 'NONE',  ( 0.000000000000000000, 0.000000000000000000, 1.000000000000000000 ) ) ;
#1526 = ORIENTED_EDGE ( 'NONE', *, *, #165, .F. ) ;
#1527 = LINE ( 'NONE', #2714, #3599 ) ;
#1528 = CARTESIAN_POINT ( 'NONE',  ( 0.000000000000000000, 4.450000000000000178, 1.950000000000000178 ) ) ;
#1529 = MECHANICAL_DESIGN_GEOMETRIC_PRESENTATION_REPRESENTATION (  '', ( #3665 ), #1342 ) ;
#1530 = ORIENTED_EDGE ( 'NONE', *, *, #3857, .T. ) ;
#1531 = AXIS2_PLACEMENT_3D ( 'NONE', #3585, #40, #3563 ) ;
#1532 = PLANE ( 'NONE',  #1334 ) ;
#1533 = LINE ( 'NONE', #1139, #2404 ) ;
#1534 = PRESENTATION_LAYER_ASSIGNMENT (  '', '', ( #2711 ) ) ;
#1535 = LINE ( 'NONE', #3014, #695 ) ;
#1536 = EDGE_LOOP ( 'NONE', ( #746, #1497, #2067, #1316, #76, #3135, #967, #1518, #435, #1108, #2975, #2689 ) ) ;
#1537 = DIRECTION ( 'NONE',  ( 0.000000000000000000, 0.9874406319167053914, 0.1579905011066732035 ) ) ;
#1538 = CARTESIAN_POINT ( 'NONE',  ( 3.949999999999999734, -1.250000000000000222, -0.6000000000000001998 ) ) ;
#1539 = DIRECTION ( 'NONE',  ( -1.000000000000000000, -0.000000000000000000, -0.000000000000000000 ) ) ;
#1540 = PRESENTATION_LAYER_ASSIGNMENT (  '', '', ( #3732 ) ) ;
#1541 = FILL_AREA_STYLE_COLOUR ( '', #2258 ) ;
#1542 = CARTESIAN_POINT ( 'NONE',  ( 3.949999999999999734, 3.826133144475920567, 2.427407932011331759 ) ) ;
#1543 = CARTESIAN_POINT ( 'NONE',  ( 5.764213562373102562, 3.550000000000000266, 2.935786437626967338 ) ) ;
#1544 = DIRECTION ( 'NONE',  ( 0.000000000000000000, 0.000000000000000000, -1.000000000000000000 ) ) ;
#1545 = ADVANCED_FACE ( 'NONE', ( #3849 ), #3593, .F. ) ;
#1546 = ORIENTED_EDGE ( 'NONE', *, *, #2042, .F. ) ;
#1547 = EDGE_LOOP ( 'NONE', ( #1526, #1836, #3679, #2734 ) ) ;
#1548 = UNCERTAINTY_MEASURE_WITH_UNIT (LENGTH_MEASURE( 1.000000000000000082E-05 ), #3791, 'distance_accuracy_value', 'NONE');
#1549 = VERTEX_POINT ( 'NONE', #2079 ) ;
#1550 = CARTESIAN_POINT ( 'NONE',  ( -2.074999999999999289, 1.499999999999999556, 2.000000000000000000 ) ) ;
#1551 = FILL_AREA_STYLE ('',( #55 ) ) ;
#1552 = CARTESIAN_POINT ( 'NONE',  ( -4.349999999999999645, -2.499999999999999556, 0.000000000000000000 ) ) ;
#1553 = VERTEX_POINT ( 'NONE', #3240 ) ;
#1554 = DIRECTION ( 'NONE',  ( -1.000000000000000000, -0.000000000000000000, -0.000000000000000000 ) ) ;
#1555 = PRESENTATION_STYLE_ASSIGNMENT (( #3040 ) ) ;
#1556 = DIRECTION ( 'NONE',  ( -1.000000000000000000, 0.000000000000000000, 0.000000000000000000 ) ) ;
#1557 = FILL_AREA_STYLE ('',( #1811 ) ) ;
#1558 = CARTESIAN_POINT ( 'NONE',  ( -0.5000000000000000000, 4.700000000000000178, 10.20000000000000107 ) ) ;
#1559 = COLOUR_RGB ( '',0.8470588235294117530, 0.8431372549019607865, 0.8470588235294117530 ) ;
#1560 = DIRECTION ( 'NONE',  ( 0.7071067811865507924, -0.000000000000000000, -0.7071067811865441310 ) ) ;
#1561 = CARTESIAN_POINT ( 'NONE',  ( 4.349999999999999645, 4.700000000000000178, 0.000000000000000000 ) ) ;
#1562 = DIRECTION ( 'NONE',  ( 0.000000000000000000, -0.3387194682727414086, -0.9408874118687269306 ) ) ;
#1563 = SURFACE_STYLE_FILL_AREA ( #48 ) ;
#1564 = LINE ( 'NONE', #1543, #362 ) ;
#1565 = CARTESIAN_POINT ( 'NONE',  ( -2.000000000000000000, -2.349999999999999645, 7.531577814756221078E-16 ) ) ;
#1566 = CIRCLE ( 'NONE', #2103, 0.3999999999999999667 ) ;
#1567 = EDGE_LOOP ( 'NONE', ( #3664, #898, #3631, #557 ) ) ;
#1568 = EDGE_CURVE ( 'NONE', #2688, #933, #3298, .T. ) ;
#1569 =( GEOMETRIC_REPRESENTATION_CONTEXT ( 3 ) GLOBAL_UNCERTAINTY_ASSIGNED_CONTEXT ( ( #1140 ) ) GLOBAL_UNIT_ASSIGNED_CONTEXT ( ( #1366, #125, #3150 ) ) REPRESENTATION_CONTEXT ( 'NONE', 'WORKASPACE' ) );
#1570 = ORIENTED_EDGE ( 'NONE', *, *, #1954, .F. ) ;
#1571 = DIRECTION ( 'NONE',  ( 0.000000000000000000, 1.000000000000000000, 0.000000000000000000 ) ) ;
#1572 = ADVANCED_FACE ( 'NONE', ( #1164 ), #549, .T. ) ;
#1573 = PRESENTATION_LAYER_ASSIGNMENT (  '', '', ( #3259 ) ) ;
#1574 = SURFACE_STYLE_FILL_AREA ( #158 ) ;
#1575 = ORIENTED_EDGE ( 'NONE', *, *, #1475, .F. ) ;
#1576 = EDGE_LOOP ( 'NONE', ( #1748, #225, #6, #2218 ) ) ;
#1577 = SURFACE_STYLE_USAGE ( .BOTH. , #3661 ) ;
#1578 = EDGE_CURVE ( 'NONE', #7, #2953, #2145, .T. ) ;
#1579 = VERTEX_POINT ( 'NONE', #3060 ) ;
#1580 = DIRECTION ( 'NONE',  ( -0.000000000000000000, -1.000000000000000000, -0.000000000000000000 ) ) ;
#1581 = PRESENTATION_LAYER_ASSIGNMENT (  '', '', ( #3265 ) ) ;
#1582 = VERTEX_POINT ( 'NONE', #363 ) ;
#1583 = ORIENTED_EDGE ( 'NONE', *, *, #797, .F. ) ;
#1584 = VECTOR ( 'NONE', #2026, 1000.000000000000000 ) ;
#1585 = MECHANICAL_DESIGN_GEOMETRIC_PRESENTATION_REPRESENTATION (  '', ( #2958 ), #970 ) ;
#1586 = ORIENTED_EDGE ( 'NONE', *, *, #3586, .T. ) ;
#1587 = PRESENTATION_STYLE_ASSIGNMENT (( #2743 ) ) ;
#1588 = CIRCLE ( 'NONE', #386, 0.2500000000000002220 ) ;
#1589 = CARTESIAN_POINT ( 'NONE',  ( -4.349999999999999645, -1.399215392948765640E-16, -2.199999999999998845 ) ) ;
#1590 = VERTEX_POINT ( 'NONE', #2454 ) ;
#1591 =( GEOMETRIC_REPRESENTATION_CONTEXT ( 3 ) GLOBAL_UNCERTAINTY_ASSIGNED_CONTEXT ( ( #2655 ) ) GLOBAL_UNIT_ASSIGNED_CONTEXT ( ( #2491, #1326, #726 ) ) REPRESENTATION_CONTEXT ( 'NONE', 'WORKASPACE' ) );
#1592 =( LENGTH_UNIT ( ) NAMED_UNIT ( * ) SI_UNIT ( .MILLI., .METRE. ) );
#1593 = CARTESIAN_POINT ( 'NONE',  ( -4.349999999999999645, 0.3999999999999994116, 0.7999999999999997113 ) ) ;
#1594 = EDGE_CURVE ( 'NONE', #1865, #2152, #3699, .T. ) ;
#1595 = STYLED_ITEM ( 'NONE', ( #766 ), #1944 ) ;
#1596 = CIRCLE ( 'NONE', #460, 0.2500000000000002220 ) ;
#1597 = PLANE ( 'NONE',  #834 ) ;
#1598 = CARTESIAN_POINT ( 'NONE',  ( 2.168404344971009854E-16, 3.550000000000000266, 1.999999999999999556 ) ) ;
#1599 =( GEOMETRIC_REPRESENTATION_CONTEXT ( 3 ) GLOBAL_UNCERTAINTY_ASSIGNED_CONTEXT ( ( #3543 ) ) GLOBAL_UNIT_ASSIGNED_CONTEXT ( ( #2504, #3680, #3408 ) ) REPRESENTATION_CONTEXT ( 'NONE', 'WORKASPACE' ) );
#1600 = ORIENTED_EDGE ( 'NONE', *, *, #1359, .F. ) ;
#1601 = DIRECTION ( 'NONE',  ( 0.000000000000000000, 0.9408874118687269306, -0.3387194682727414086 ) ) ;
#1602 = CARTESIAN_POINT ( 'NONE',  ( 6.505213034913027590E-16, 1.550000000000000266, 10.20000000000000107 ) ) ;
#1603 = ORIENTED_EDGE ( 'NONE', *, *, #2117, .F. ) ;
#1604 = VECTOR ( 'NONE', #1537, 999.9999999999998863 ) ;
#1605 = DIRECTION ( 'NONE',  ( 0.000000000000000000, -1.000000000000000000, 0.000000000000000000 ) ) ;
#1606 = EDGE_CURVE ( 'NONE', #494, #1279, #703, .T. ) ;
#1607 = FILL_AREA_STYLE_COLOUR ( '', #3704 ) ;
#1608 = DIRECTION ( 'NONE',  ( 1.000000000000000000, 9.637352644315614471E-16, -0.000000000000000000 ) ) ;
#1609 = FILL_AREA_STYLE ('',( #1626 ) ) ;
#1610 =( NAMED_UNIT ( * ) SI_UNIT ( $, .STERADIAN. ) SOLID_ANGLE_UNIT ( ) );
#1611 =( LENGTH_UNIT ( ) NAMED_UNIT ( * ) SI_UNIT ( .MILLI., .METRE. ) );
#1612 = ORIENTED_EDGE ( 'NONE', *, *, #1075, .T. ) ;
#1613 = UNCERTAINTY_MEASURE_WITH_UNIT (LENGTH_MEASURE( 1.000000000000000082E-05 ), #2868, 'distance_accuracy_value', 'NONE');
#1614 = EDGE_CURVE ( 'NONE', #1321, #2163, #679, .T. ) ;
#1615 = SURFACE_STYLE_USAGE ( .BOTH. , #3739 ) ;
#1616 =( GEOMETRIC_REPRESENTATION_CONTEXT ( 3 ) GLOBAL_UNCERTAINTY_ASSIGNED_CONTEXT ( ( #2565 ) ) GLOBAL_UNIT_ASSIGNED_CONTEXT ( ( #2838, #2514, #1940 ) ) REPRESENTATION_CONTEXT ( 'NONE', 'WORKASPACE' ) );
#1617 = ORIENTED_EDGE ( 'NONE', *, *, #1862, .F. ) ;
#1618 =( LENGTH_UNIT ( ) NAMED_UNIT ( * ) SI_UNIT ( .MILLI., .METRE. ) );
#1619 = CARTESIAN_POINT ( 'NONE',  ( 9.866239769618092322E-16, 2.139399718496563702E-31, 2.000000000000000000 ) ) ;
#1620 = VECTOR ( 'NONE', #2599, 1000.000000000000000 ) ;
#1621 = DIRECTION ( 'NONE',  ( 0.000000000000000000, 1.776356839400250465E-15, -1.000000000000000000 ) ) ;
#1622 = DIRECTION ( 'NONE',  ( 0.000000000000000000, 0.000000000000000000, 1.000000000000000000 ) ) ;
#1623 = CARTESIAN_POINT ( 'NONE',  ( 2.349999999999999645, -5.510910596163085611E-16, 0.7999999999999997113 ) ) ;
#1624 = DIRECTION ( 'NONE',  ( 0.7071067811865442421, 0.000000000000000000, 0.7071067811865509034 ) ) ;
#1625 =( NAMED_UNIT ( * ) SI_UNIT ( $, .STERADIAN. ) SOLID_ANGLE_UNIT ( ) );
#1626 = FILL_AREA_STYLE_COLOUR ( '', #2584 ) ;
#1627 =( GEOMETRIC_REPRESENTATION_CONTEXT ( 3 ) GLOBAL_UNCERTAINTY_ASSIGNED_CONTEXT ( ( #3189 ) ) GLOBAL_UNIT_ASSIGNED_CONTEXT ( ( #1072, #1298, #1251 ) ) REPRESENTATION_CONTEXT ( 'NONE', 'WORKASPACE' ) );
#1628 = EDGE_LOOP ( 'NONE', ( #459, #371, #3113 ) ) ;
#1629 = FILL_AREA_STYLE_COLOUR ( '', #381 ) ;
#1630 = VECTOR ( 'NONE', #2547, 1000.000000000000000 ) ;
#1631 = LINE ( 'NONE', #743, #3105 ) ;
#1632 = EDGE_CURVE ( 'NONE', #1508, #21, #1872, .T. ) ;
#1633 = ORIENTED_EDGE ( 'NONE', *, *, #3848, .F. ) ;
#1634 = CARTESIAN_POINT ( 'NONE',  ( 0.000000000000000000, -2.349999999999999645, 1.408343819019456275E-16 ) ) ;
#1635 = ADVANCED_FACE ( 'NONE', ( #2184 ), #3711, .T. ) ;
#1636 = ORIENTED_EDGE ( 'NONE', *, *, #111, .F. ) ;
#1637 = EDGE_LOOP ( 'NONE', ( #1023, #623, #879, #369, #1312, #3650, #3388, #1388, #2778, #25, #1851, #2817 ) ) ;
#1638 = VECTOR ( 'NONE', #284, 1000.000000000000000 ) ;
#1639 =( GEOMETRIC_REPRESENTATION_CONTEXT ( 3 ) GLOBAL_UNCERTAINTY_ASSIGNED_CONTEXT ( ( #514 ) ) GLOBAL_UNIT_ASSIGNED_CONTEXT ( ( #1618, #3709, #3823 ) ) REPRESENTATION_CONTEXT ( 'NONE', 'WORKASPACE' ) );
#1640 = SURFACE_STYLE_FILL_AREA ( #433 ) ;
#1641 = CARTESIAN_POINT ( 'NONE',  ( 2.075000000000000178, 4.700000000000000178, 2.000000000000000000 ) ) ;
#1642 = VECTOR ( 'NONE', #2233, 1000.000000000000000 ) ;
#1643 = PRESENTATION_STYLE_ASSIGNMENT (( #2297 ) ) ;
#1644 = VERTEX_POINT ( 'NONE', #101 ) ;
#1645 =( LENGTH_UNIT ( ) NAMED_UNIT ( * ) SI_UNIT ( .MILLI., .METRE. ) );
#1646 = VECTOR ( 'NONE', #3382, 1000.000000000000000 ) ;
#1647 = SURFACE_STYLE_FILL_AREA ( #449 ) ;
#1648 = AXIS2_PLACEMENT_3D ( 'NONE', #1486, #3610, #3831 ) ;
#1649 = VECTOR ( 'NONE', #3214, 1000.000000000000000 ) ;
#1650 = COLOUR_RGB ( '',0.8470588235294117530, 0.8431372549019607865, 0.8470588235294117530 ) ;
#1651 = CARTESIAN_POINT ( 'NONE',  ( 3.949999999999999734, 0.7000000000000000666, 0.000000000000000000 ) ) ;
#1652 = LINE ( 'NONE', #1351, #2100 ) ;
#1653 = ADVANCED_FACE ( 'NONE', ( #2203 ), #2526, .T. ) ;
#1654 = EDGE_LOOP ( 'NONE', ( #3048, #709, #8, #3625 ) ) ;
#1655 = ORIENTED_EDGE ( 'NONE', *, *, #202, .T. ) ;
#1656 = DIRECTION ( 'NONE',  ( -1.000000000000000000, 0.000000000000000000, 0.000000000000000000 ) ) ;
#1657 = LINE ( 'NONE', #2863, #629 ) ;
#1658 = CYLINDRICAL_SURFACE ( 'NONE', #2697, 0.2500000000000003886 ) ;
#1659 = CARTESIAN_POINT ( 'NONE',  ( -2.599999999999999645, 0.2500000000000000000, 2.200000000000000178 ) ) ;
#1660 = DIRECTION ( 'NONE',  ( 0.000000000000000000, 0.9408874118687268195, 0.3387194682727416861 ) ) ;
#1661 = FILL_AREA_STYLE_COLOUR ( '', #1523 ) ;
#1662 = DIRECTION ( 'NONE',  ( 1.000000000000000000, 9.637352644315614471E-16, -0.000000000000000000 ) ) ;
#1663 = FILL_AREA_STYLE_COLOUR ( '', #1937 ) ;
#1664 = EDGE_CURVE ( 'NONE', #1549, #672, #2244, .T. ) ;
#1665 = DIRECTION ( 'NONE',  ( -1.000000000000000000, -9.637352644315614471E-16, 0.000000000000000000 ) ) ;
#1666 = STYLED_ITEM ( 'NONE', ( #219 ), #1469 ) ;
#1667 = CARTESIAN_POINT ( 'NONE',  ( 2.349999999999999645, 1.349999999999999645, -2.200000000000000178 ) ) ;
#1668 =( NAMED_UNIT ( * ) SI_UNIT ( $, .STERADIAN. ) SOLID_ANGLE_UNIT ( ) );
#1669 = PLANE ( 'NONE',  #2135 ) ;
#1670 = PRESENTATION_STYLE_ASSIGNMENT (( #474 ) ) ;
#1671 = ORIENTED_EDGE ( 'NONE', *, *, #3431, .F. ) ;
#1672 = EDGE_CURVE ( 'NONE', #3034, #2744, #3462, .T. ) ;
#1673 = DIRECTION ( 'NONE',  ( -2.168404344971008868E-16, 1.000000000000000000, 0.000000000000000000 ) ) ;
#1674 = DIRECTION ( 'NONE',  ( -0.000000000000000000, -0.000000000000000000, -1.000000000000000000 ) ) ;
#1675 = FILL_AREA_STYLE_COLOUR ( '', #306 ) ;
#1676 = CARTESIAN_POINT ( 'NONE',  ( -4.349999999999999645, -8.673617379884035472E-16, -1.554076788117991846E-15 ) ) ;
#1677 = STYLED_ITEM ( 'NONE', ( #2930 ), #2452 ) ;
#1678 = EDGE_CURVE ( 'NONE', #2486, #360, #1714, .T. ) ;
#1679 = CLOSED_SHELL ( 'NONE', ( #3405, #538, #451, #1572, #2494, #2027, #907, #1311, #2681, #1301, #2736, #2861, #1022, #54, #2198, #951, #1829, #1430, #2096, #2457, #627, #2452, #1469, #1183, #1653, #3608, #2914, #1517, #697, #1883, #2866, #218, #1944, #2411, #1202, #84, #1142, #3742, #2294, #3550, #1813, #3251, #2846, #2659, #1635, #3124, #1026, #1293, #1545, #3263, #3471, #847, #3301, #3077, #3521, #1243, #3320, #757, #81, #3386, #1894, #3530, #3748, #1371, #2635, #2984, #3239, #2820, #2833, #240, #2647, #126, #1119, #2202, #2812, #2249, #3759, #3769, #1824, #900, #2650, #2368, #2149 ) ) ;
#1680 = COLOUR_RGB ( '',0.2509803921568627416, 0.2509803921568627416, 0.2509803921568627416 ) ;
#1681 =( NAMED_UNIT ( * ) SI_UNIT ( $, .STERADIAN. ) SOLID_ANGLE_UNIT ( ) );
#1682 = SURFACE_STYLE_FILL_AREA ( #1718 ) ;
#1683 =( NAMED_UNIT ( * ) PLANE_ANGLE_UNIT ( ) SI_UNIT ( $, .RADIAN. ) );
#1684 = FILL_AREA_STYLE_COLOUR ( '', #2679 ) ;
#1685 = COLOUR_RGB ( '',0.8470588235294117530, 0.8431372549019607865, 0.8470588235294117530 ) ;
#1686 = CARTESIAN_POINT ( 'NONE',  ( -4.349999999999999645, -5.510910596163085611E-16, 0.7999999999999997113 ) ) ;
#1687 =( LENGTH_UNIT ( ) NAMED_UNIT ( * ) SI_UNIT ( .MILLI., .METRE. ) );
#1688 = UNCERTAINTY_MEASURE_WITH_UNIT (LENGTH_MEASURE( 1.000000000000000082E-05 ), #923, 'distance_accuracy_value', 'NONE');
#1689 = APPLICATION_CONTEXT ( 'automotive_design' ) ;
#1690 = ORIENTED_EDGE ( 'NONE', *, *, #2955, .T. ) ;
#1691 = LINE ( 'NONE', #3175, #2850 ) ;
#1692 = SURFACE_STYLE_USAGE ( .BOTH. , #2615 ) ;
#1693 = CARTESIAN_POINT ( 'NONE',  ( -2.349999999999998757, -3.551475717527321860E-16, -0.7999999999999997113 ) ) ;
#1694 = AXIS2_PLACEMENT_3D ( 'NONE', #141, #421, #1981 ) ;
#1695 = VECTOR ( 'NONE', #1305, 1000.000000000000000 ) ;
#1696 =( LENGTH_UNIT ( ) NAMED_UNIT ( * ) SI_UNIT ( .MILLI., .METRE. ) );
#1697 = PRESENTATION_STYLE_ASSIGNMENT (( #2223 ) ) ;
#1698 = SURFACE_SIDE_STYLE ('',( #3817 ) ) ;
#1699 = CARTESIAN_POINT ( 'NONE',  ( -4.349999999999999645, -8.573765555304644567E-16, 0.3999999999999997446 ) ) ;
#1700 = UNCERTAINTY_MEASURE_WITH_UNIT (LENGTH_MEASURE( 1.000000000000000082E-05 ), #2865, 'distance_accuracy_value', 'NONE');
#1701 = AXIS2_PLACEMENT_3D ( 'NONE', #26, #662, #424 ) ;
#1702 = AXIS2_PLACEMENT_3D ( 'NONE', #1623, #1051, #2222 ) ;
#1703 = DIRECTION ( 'NONE',  ( -0.000000000000000000, -0.000000000000000000, -1.000000000000000000 ) ) ;
#1704 = EDGE_CURVE ( 'NONE', #1065, #672, #1090, .T. ) ;
#1705 = FILL_AREA_STYLE_COLOUR ( '', #3132 ) ;
#1706 =( GEOMETRIC_REPRESENTATION_CONTEXT ( 3 ) GLOBAL_UNCERTAINTY_ASSIGNED_CONTEXT ( ( #3827 ) ) GLOBAL_UNIT_ASSIGNED_CONTEXT ( ( #1645, #2796, #682 ) ) REPRESENTATION_CONTEXT ( 'NONE', 'WORKASPACE' ) );
#1707 = STYLED_ITEM ( 'NONE', ( #1215 ), #3263 ) ;
#1708 = VECTOR ( 'NONE', #2541, 1000.000000000000000 ) ;
#1709 = ORIENTED_EDGE ( 'NONE', *, *, #569, .F. ) ;
#1710 = SURFACE_STYLE_USAGE ( .BOTH. , #2012 ) ;
#1711 = DIRECTION ( 'NONE',  ( -1.000000000000000000, 0.000000000000000000, 0.000000000000000000 ) ) ;
#1712 = CARTESIAN_POINT ( 'NONE',  ( 4.349999999999999645, -2.499999999999999556, 0.000000000000000000 ) ) ;
#1713 = CARTESIAN_POINT ( 'NONE',  ( 3.949999999999999734, -9.063624274963587724E-16, 1.199999999999999734 ) ) ;
#1714 = CIRCLE ( 'NONE', #3488, 0.3999999999999999667 ) ;
#1715 = CARTESIAN_POINT ( 'NONE',  ( -2.599999999999999645, -1.084202172485504434E-16, 2.200000000000000178 ) ) ;
#1716 = FACE_OUTER_BOUND ( 'NONE', #3511, .T. ) ;
#1717 = UNCERTAINTY_MEASURE_WITH_UNIT (LENGTH_MEASURE( 1.000000000000000082E-05 ), #1778, 'distance_accuracy_value', 'NONE');
#1718 = FILL_AREA_STYLE ('',( #3182 ) ) ;
#1719 = DIRECTION ( 'NONE',  ( 0.000000000000000000, 0.000000000000000000, -1.000000000000000000 ) ) ;
#1720 = EDGE_CURVE ( 'NONE', #1181, #2087, #501, .T. ) ;
#1721 = CARTESIAN_POINT ( 'NONE',  ( 3.949999999999999734, -5.510910596163085611E-16, 0.7999999999999997113 ) ) ;
#1722 = FACE_OUTER_BOUND ( 'NONE', #2214, .T. ) ;
#1723 = DIRECTION ( 'NONE',  ( 1.000000000000000000, -3.761581922631320025E-34, 0.000000000000000000 ) ) ;
#1724 = UNCERTAINTY_MEASURE_WITH_UNIT (LENGTH_MEASURE( 1.000000000000000082E-05 ), #229, 'distance_accuracy_value', 'NONE');
#1725 = ORIENTED_EDGE ( 'NONE', *, *, #3222, .T. ) ;
#1726 = ORIENTED_EDGE ( 'NONE', *, *, #2348, .F. ) ;
#1727 = DIRECTION ( 'NONE',  ( -0.000000000000000000, -1.000000000000000000, -0.000000000000000000 ) ) ;
#1728 = STYLED_ITEM ( 'NONE', ( #1587 ), #951 ) ;
#1729 = EDGE_CURVE ( 'NONE', #3174, #3578, #1900, .T. ) ;
#1730 = FACE_OUTER_BOUND ( 'NONE', #3370, .T. ) ;
#1731 = SURFACE_STYLE_FILL_AREA ( #821 ) ;
#1732 = LINE ( 'NONE', #2937, #2772 ) ;
#1733 = FACE_OUTER_BOUND ( 'NONE', #2916, .T. ) ;
#1734 = SURFACE_SIDE_STYLE ('',( #2325 ) ) ;
#1735 = SURFACE_SIDE_STYLE ('',( #2305 ) ) ;
#1736 =( NAMED_UNIT ( * ) SI_UNIT ( $, .STERADIAN. ) SOLID_ANGLE_UNIT ( ) );
#1737 = ORIENTED_EDGE ( 'NONE', *, *, #1998, .F. ) ;
#1738 = VECTOR ( 'NONE', #1772, 1000.000000000000000 ) ;
#1739 = COLOUR_RGB ( '',0.8470588235294117530, 0.8431372549019607865, 0.8470588235294117530 ) ;
#1740 = FILL_AREA_STYLE_COLOUR ( '', #539 ) ;
#1741 = MECHANICAL_DESIGN_GEOMETRIC_PRESENTATION_REPRESENTATION (  '', ( #2938 ), #700 ) ;
#1742 = CARTESIAN_POINT ( 'NONE',  ( 3.344045254895051466E-16, 1.499999999999999556, 2.000000000000000000 ) ) ;
#1743 = MECHANICAL_DESIGN_GEOMETRIC_PRESENTATION_REPRESENTATION (  '', ( #1135 ), #1380 ) ;
#1744 = FILL_AREA_STYLE_COLOUR ( '', #2834 ) ;
#1745 =( NAMED_UNIT ( * ) PLANE_ANGLE_UNIT ( ) SI_UNIT ( $, .RADIAN. ) );
#1746 = EDGE_CURVE ( 'NONE', #3740, #945, #3542, .T. ) ;
#1747 = UNCERTAINTY_MEASURE_WITH_UNIT (LENGTH_MEASURE( 1.000000000000000082E-05 ), #1611, 'distance_accuracy_value', 'NONE');
#1748 = ORIENTED_EDGE ( 'NONE', *, *, #3662, .T. ) ;
#1749 = FILL_AREA_STYLE ('',( #1451 ) ) ;
#1750 = FACE_OUTER_BOUND ( 'NONE', #2236, .T. ) ;
#1751 = CARTESIAN_POINT ( 'NONE',  ( -2.000000000000000000, 1.407106781186548528, -0.2499999999999991951 ) ) ;
#1752 = LINE ( 'NONE', #2956, #3580 ) ;
#1753 =( GEOMETRIC_REPRESENTATION_CONTEXT ( 3 ) GLOBAL_UNCERTAINTY_ASSIGNED_CONTEXT ( ( #3114 ) ) GLOBAL_UNIT_ASSIGNED_CONTEXT ( ( #1947, #442, #212 ) ) REPRESENTATION_CONTEXT ( 'NONE', 'WORKASPACE' ) );
#1754 = FILL_AREA_STYLE_COLOUR ( '', #844 ) ;
#1755 = SURFACE_STYLE_FILL_AREA ( #565 ) ;
#1756 = VECTOR ( 'NONE', #2061, 1000.000000000000000 ) ;
#1757 = PRESENTATION_STYLE_ASSIGNMENT (( #567 ) ) ;
#1758 = CARTESIAN_POINT ( 'NONE',  ( -3.323695261652983568, 0.1339847942805174330, -1.178292025437018609 ) ) ;
#1759 = ORIENTED_EDGE ( 'NONE', *, *, #2684, .T. ) ;
#1760 = CARTESIAN_POINT ( 'NONE',  ( -4.349999999999999645, -3.061616997868380676E-16, -1.199999999999999734 ) ) ;
#1761 =( GEOMETRIC_REPRESENTATION_CONTEXT ( 3 ) GLOBAL_UNCERTAINTY_ASSIGNED_CONTEXT ( ( #262 ) ) GLOBAL_UNIT_ASSIGNED_CONTEXT ( ( #1383, #2591, #3822 ) ) REPRESENTATION_CONTEXT ( 'NONE', 'WORKASPACE' ) );
#1762 = CARTESIAN_POINT ( 'NONE',  ( 0.000000000000000000, 4.700000000000000178, 2.200000000000000178 ) ) ;
#1763 = CARTESIAN_POINT ( 'NONE',  ( 3.323695261652983568, 0.1339847942805176273, -1.178292025437018609 ) ) ;
#1764 = STYLED_ITEM ( 'NONE', ( #1854 ), #3759 ) ;
#1765 = ORIENTED_EDGE ( 'NONE', *, *, #1032, .F. ) ;
#1766 = PRESENTATION_LAYER_ASSIGNMENT (  '', '', ( #2007 ) ) ;
#1767 = CARTESIAN_POINT ( 'NONE',  ( 2.000000000000000000, 0.7000000000000000666, 0.2499999999999998890 ) ) ;
#1768 = DIRECTION ( 'NONE',  ( -0.000000000000000000, -0.000000000000000000, -1.000000000000000000 ) ) ;
#1769 =( NAMED_UNIT ( * ) SI_UNIT ( $, .STERADIAN. ) SOLID_ANGLE_UNIT ( ) );
#1770 =( LENGTH_UNIT ( ) NAMED_UNIT ( * ) SI_UNIT ( .MILLI., .METRE. ) );
#1771 = LINE ( 'NONE', #2114, #3590 ) ;
#1772 = DIRECTION ( 'NONE',  ( -1.000000000000000000, 0.000000000000000000, 0.000000000000000000 ) ) ;
#1773 =( GEOMETRIC_REPRESENTATION_CONTEXT ( 3 ) GLOBAL_UNCERTAINTY_ASSIGNED_CONTEXT ( ( #1148 ) ) GLOBAL_UNIT_ASSIGNED_CONTEXT ( ( #137, #3429, #977 ) ) REPRESENTATION_CONTEXT ( 'NONE', 'WORKASPACE' ) );
#1774 = SURFACE_SIDE_STYLE ('',( #888 ) ) ;
#1775 = CARTESIAN_POINT ( 'NONE',  ( -2.462785419738802162, 0.03039392797772692834, 1.202022581406711366 ) ) ;
#1776 = DIRECTION ( 'NONE',  ( 1.000000000000000000, 0.000000000000000000, 0.000000000000000000 ) ) ;
#1777 = ORIENTED_EDGE ( 'NONE', *, *, #3172, .T. ) ;
#1778 =( LENGTH_UNIT ( ) NAMED_UNIT ( * ) SI_UNIT ( .MILLI., .METRE. ) );
#1779 = CARTESIAN_POINT ( 'NONE',  ( -3.949999999999999734, 0.000000000000000000, 2.199999999999998845 ) ) ;
#1780 = VECTOR ( 'NONE', #774, 1000.000000000000000 ) ;
#1781 = VERTEX_POINT ( 'NONE', #479 ) ;
#1782 = ORIENTED_EDGE ( 'NONE', *, *, #457, .F. ) ;
#1783 = VERTEX_POINT ( 'NONE', #194 ) ;
#1784 = CARTESIAN_POINT ( 'NONE',  ( -4.099999999999999645, 4.700000000000000178, 1.950000000000000178 ) ) ;
#1785 = PRESENTATION_STYLE_ASSIGNMENT (( #3289 ) ) ;
#1786 = ORIENTED_EDGE ( 'NONE', *, *, #3400, .T. ) ;
#1787 = VERTEX_POINT ( 'NONE', #2867 ) ;
#1788 = CARTESIAN_POINT ( 'NONE',  ( -2.599999999999999645, -1.084202172485504434E-16, 2.200000000000000178 ) ) ;
#1789 = SURFACE_STYLE_FILL_AREA ( #2360 ) ;
#1790 = CARTESIAN_POINT ( 'NONE',  ( -0.5000000000000000000, 4.700000000000000178, 10.20000000000000107 ) ) ;
#1791 = FACE_OUTER_BOUND ( 'NONE', #1043, .T. ) ;
#1792 = EDGE_CURVE ( 'NONE', #2177, #691, #2211, .T. ) ;
#1793 = SURFACE_SIDE_STYLE ('',( #1476 ) ) ;
#1794 = LINE ( 'NONE', #912, #2884 ) ;
#1795 =( GEOMETRIC_REPRESENTATION_CONTEXT ( 3 ) GLOBAL_UNCERTAINTY_ASSIGNED_CONTEXT ( ( #230 ) ) GLOBAL_UNIT_ASSIGNED_CONTEXT ( ( #2947, #3555, #1405 ) ) REPRESENTATION_CONTEXT ( 'NONE', 'WORKASPACE' ) );
#1796 = ORIENTED_EDGE ( 'NONE', *, *, #2232, .T. ) ;
#1797 =( GEOMETRIC_REPRESENTATION_CONTEXT ( 3 ) GLOBAL_UNCERTAINTY_ASSIGNED_CONTEXT ( ( #315 ) ) GLOBAL_UNIT_ASSIGNED_CONTEXT ( ( #3426, #677, #3678 ) ) REPRESENTATION_CONTEXT ( 'NONE', 'WORKASPACE' ) );
#1798 = LINE ( 'NONE', #1843, #124 ) ;
#1799 = CARTESIAN_POINT ( 'NONE',  ( 3.099999999999999645, -3.306546357697851761E-16, -1.199999999999999734 ) ) ;
#1800 = VECTOR ( 'NONE', #1299, 1000.000000000000000 ) ;
#1801 = UNCERTAINTY_MEASURE_WITH_UNIT (LENGTH_MEASURE( 1.000000000000000082E-05 ), #807, 'distance_accuracy_value', 'NONE');
#1802 = ORIENTED_EDGE ( 'NONE', *, *, #404, .F. ) ;
#1803 = ORIENTED_EDGE ( 'NONE', *, *, #3288, .T. ) ;
#1804 = COLOUR_RGB ( '',0.8470588235294117530, 0.8431372549019607865, 0.8470588235294117530 ) ;
#1805 = DIRECTION ( 'NONE',  ( 2.090028284309406735E-16, -1.000000000000000000, 0.000000000000000000 ) ) ;
#1806 = COLOUR_RGB ( '',0.8470588235294117530, 0.8431372549019607865, 0.8470588235294117530 ) ;
#1807 = LINE ( 'NONE', #3314, #2575 ) ;
#1808 = ORIENTED_EDGE ( 'NONE', *, *, #3554, .F. ) ;
#1809 = CARTESIAN_POINT ( 'NONE',  ( -3.099999999999999645, 1.880790961315660013E-34, 2.200000000000000178 ) ) ;
#1810 = SURFACE_STYLE_USAGE ( .BOTH. , #1222 ) ;
#1811 = FILL_AREA_STYLE_COLOUR ( '', #1680 ) ;
#1812 = ORIENTED_EDGE ( 'NONE', *, *, #2048, .F. ) ;
#1813 = ADVANCED_FACE ( 'NONE', ( #1716 ), #2902, .F. ) ;
#1814 =( LENGTH_UNIT ( ) NAMED_UNIT ( * ) SI_UNIT ( .MILLI., .METRE. ) );
#1815 = COLOUR_RGB ( '',0.8470588235294117530, 0.8431372549019607865, 0.8470588235294117530 ) ;
#1816 = VECTOR ( 'NONE', #1554, 1000.000000000000000 ) ;
#1817 = DIRECTION ( 'NONE',  ( 0.000000000000000000, 0.000000000000000000, -1.000000000000000000 ) ) ;
#1818 = ORIENTED_EDGE ( 'NONE', *, *, #465, .F. ) ;
#1819 = DIRECTION ( 'NONE',  ( 0.000000000000000000, 0.000000000000000000, 1.000000000000000000 ) ) ;
#1820 = CARTESIAN_POINT ( 'NONE',  ( 4.246446609406725692, 4.700000000000000178, 2.096446609406726669 ) ) ;
#1821 = LINE ( 'NONE', #3306, #578 ) ;
#1822 = CARTESIAN_POINT ( 'NONE',  ( -4.349999999999999645, -3.306546357697851761E-16, -1.199999999999999734 ) ) ;
#1823 = VERTEX_POINT ( 'NONE', #2408 ) ;
#1824 = ADVANCED_FACE ( 'NONE', ( #1733 ), #2981, .T. ) ;
#1825 = ORIENTED_EDGE ( 'NONE', *, *, #2539, .F. ) ;
#1826 = DIRECTION ( 'NONE',  ( -1.000000000000000000, 0.000000000000000000, 0.000000000000000000 ) ) ;
#1827 = SURFACE_STYLE_FILL_AREA ( #3008 ) ;
#1828 = DIRECTION ( 'NONE',  ( 1.000000000000000000, 2.090028284309406735E-16, 0.000000000000000000 ) ) ;
#1829 = ADVANCED_FACE ( 'NONE', ( #3316 ), #286, .T. ) ;
#1830 = PRESENTATION_LAYER_ASSIGNMENT (  '', '', ( #1764 ) ) ;
#1831 = ORIENTED_EDGE ( 'NONE', *, *, #2283, .F. ) ;
#1832 = FILL_AREA_STYLE_COLOUR ( '', #3441 ) ;
#1833 = VECTOR ( 'NONE', #845, 1000.000000000000000 ) ;
#1834 = SURFACE_STYLE_FILL_AREA ( #1098 ) ;
#1835 =( NAMED_UNIT ( * ) SI_UNIT ( $, .STERADIAN. ) SOLID_ANGLE_UNIT ( ) );
#1836 = ORIENTED_EDGE ( 'NONE', *, *, #1177, .T. ) ;
#1837 = PRESENTATION_LAYER_ASSIGNMENT (  '', '', ( #156 ) ) ;
#1838 = SURFACE_STYLE_FILL_AREA ( #1853 ) ;
#1839 = FACE_OUTER_BOUND ( 'NONE', #1224, .T. ) ;
#1840 = EDGE_CURVE ( 'NONE', #430, #989, #1533, .T. ) ;
#1841 =( NAMED_UNIT ( * ) PLANE_ANGLE_UNIT ( ) SI_UNIT ( $, .RADIAN. ) );
#1842 = EDGE_LOOP ( 'NONE', ( #3130, #711, #2710, #961 ) ) ;
#1843 = CARTESIAN_POINT ( 'NONE',  ( -3.949999999999999734, 4.645085803432136728, 0.3432137285491438372 ) ) ;
#1844 = DIRECTION ( 'NONE',  ( -0.000000000000000000, -1.000000000000000000, -0.000000000000000000 ) ) ;
#1845 = EDGE_CURVE ( 'NONE', #3059, #1010, #843, .T. ) ;
#1846 = EDGE_LOOP ( 'NONE', ( #3286, #3360, #1004, #2196 ) ) ;
#1847 = SURFACE_STYLE_FILL_AREA ( #1551 ) ;
#1848 = CARTESIAN_POINT ( 'NONE',  ( -2.074999999999999289, 1.499999999999999556, 2.000000000000000000 ) ) ;
#1849 = DIRECTION ( 'NONE',  ( 2.065146995210484202E-16, -1.000000000000000000, -0.000000000000000000 ) ) ;
#1850 = SURFACE_SIDE_STYLE ('',( #3079 ) ) ;
#1851 = ORIENTED_EDGE ( 'NONE', *, *, #2587, .T. ) ;
#1852 = EDGE_LOOP ( 'NONE', ( #2444, #374 ) ) ;
#1853 = FILL_AREA_STYLE ('',( #1340 ) ) ;
#1854 = PRESENTATION_STYLE_ASSIGNMENT (( #3444 ) ) ;
#1855 = PLANE ( 'NONE',  #718 ) ;
#1856 = ORIENTED_EDGE ( 'NONE', *, *, #3517, .F. ) ;
#1857 = DIRECTION ( 'NONE',  ( 0.000000000000000000, -0.9408874118687268195, -0.3387194682727416861 ) ) ;
#1858 = CARTESIAN_POINT ( 'NONE',  ( 4.349999999999999645, 4.596446609406726225, 2.200000000000000178 ) ) ;
#1859 = CARTESIAN_POINT ( 'NONE',  ( 2.349999999999999645, 0.7000000000000000666, 0.000000000000000000 ) ) ;
#1860 = COLOUR_RGB ( '',0.8470588235294117530, 0.8431372549019607865, 0.8470588235294117530 ) ;
#1861 = ORIENTED_EDGE ( 'NONE', *, *, #1384, .T. ) ;
#1862 = EDGE_CURVE ( 'NONE', #2634, #3752, #3225, .T. ) ;
#1863 = VECTOR ( 'NONE', #259, 1000.000000000000000 ) ;
#1864 = FILL_AREA_STYLE ('',( #2803 ) ) ;
#1865 = VERTEX_POINT ( 'NONE', #862 ) ;
#1866 = VERTEX_POINT ( 'NONE', #2036 ) ;
#1867 = STYLED_ITEM ( 'NONE', ( #3819 ), #2866 ) ;
#1868 = DIRECTION ( 'NONE',  ( 0.000000000000000000, -0.3387194682727414086, -0.9408874118687269306 ) ) ;
#1869 = FACE_OUTER_BOUND ( 'NONE', #2315, .T. ) ;
#1870 = ORIENTED_EDGE ( 'NONE', *, *, #2024, .F. ) ;
#1871 = ORIENTED_EDGE ( 'NONE', *, *, #3792, .F. ) ;
#1872 = LINE ( 'NONE', #1558, #3780 ) ;
#1873 = SURFACE_STYLE_USAGE ( .BOTH. , #2040 ) ;
#1874 = CARTESIAN_POINT ( 'NONE',  ( 4.099999999999999645, 4.700000000000000178, -1.950000000000000178 ) ) ;
#1875 = FACE_OUTER_BOUND ( 'NONE', #2011, .T. ) ;
#1876 = VECTOR ( 'NONE', #1768, 1000.000000000000000 ) ;
#1877 = DIRECTION ( 'NONE',  ( 1.000000000000000000, 0.000000000000000000, 0.000000000000000000 ) ) ;
#1878 = EDGE_LOOP ( 'NONE', ( #3116, #380, #338, #3359 ) ) ;
#1879 = CARTESIAN_POINT ( 'NONE',  ( -4.349999999999999645, -2.499999999999999556, 0.1499999999999999667 ) ) ;
#1880 = COLOUR_RGB ( '',0.2509803921568627416, 0.2509803921568627416, 0.2509803921568627416 ) ;
#1881 = ORIENTED_EDGE ( 'NONE', *, *, #822, .F. ) ;
#1882 = EDGE_LOOP ( 'NONE', ( #1636, #3492, #1050, #3338 ) ) ;
#1883 = ADVANCED_FACE ( 'NONE', ( #3256 ), #564, .F. ) ;
#1884 =( LENGTH_UNIT ( ) NAMED_UNIT ( * ) SI_UNIT ( .MILLI., .METRE. ) );
#1885 = DIRECTION ( 'NONE',  ( 0.000000000000000000, 0.000000000000000000, 1.000000000000000000 ) ) ;
#1886 = VECTOR ( 'NONE', #2120, 1000.000000000000000 ) ;
#1887 = DIRECTION ( 'NONE',  ( 0.000000000000000000, 0.000000000000000000, 1.000000000000000000 ) ) ;
#1888 = ORIENTED_EDGE ( 'NONE', *, *, #3087, .T. ) ;
#1889 = SURFACE_STYLE_FILL_AREA ( #771 ) ;
#1890 = PRESENTATION_STYLE_ASSIGNMENT (( #2639 ) ) ;
#1891 = CYLINDRICAL_SURFACE ( 'NONE', #1290, 0.2500000000000002220 ) ;
#1892 = COLOUR_RGB ( '',0.2509803921568627416, 0.2509803921568627416, 0.2509803921568627416 ) ;
#1893 = COLOUR_RGB ( '',0.8470588235294117530, 0.8431372549019607865, 0.8470588235294117530 ) ;
#1894 = ADVANCED_FACE ( 'NONE', ( #1263 ), #973, .T. ) ;
#1895 = SURFACE_STYLE_FILL_AREA ( #2168 ) ;
#1896 = CIRCLE ( 'NONE', #3486, 0.3999999999999999667 ) ;
#1897 = EDGE_CURVE ( 'NONE', #360, #3174, #1284, .T. ) ;
#1898 = SURFACE_STYLE_USAGE ( .BOTH. , #144 ) ;
#1899 = CARTESIAN_POINT ( 'NONE',  ( -4.349999999999999645, 0.3999999999999994116, 0.7999999999999997113 ) ) ;
#1900 = CIRCLE ( 'NONE', #3430, 0.3999999999999999667 ) ;
#1901 = ORIENTED_EDGE ( 'NONE', *, *, #1840, .T. ) ;
#1902 = CARTESIAN_POINT ( 'NONE',  ( 3.949999999999999734, -2.499999999999999556, 0.1499999999999999667 ) ) ;
#1903 = CARTESIAN_POINT ( 'NONE',  ( 0.000000000000000000, 1.349999999999999645, -2.000000000000000000 ) ) ;
#1904 = EDGE_LOOP ( 'NONE', ( #2967, #454, #3118, #3310 ) ) ;
#1905 = SURFACE_SIDE_STYLE ('',( #1640 ) ) ;
#1906 = CARTESIAN_POINT ( 'NONE',  ( -3.349999999999999645, 0.3999999999999994116, 0.7999999999999997113 ) ) ;
#1907 = CARTESIAN_POINT ( 'NONE',  ( 3.949999999999999734, 4.645085803432136728, -0.3432137285491430045 ) ) ;
#1908 = CARTESIAN_POINT ( 'NONE',  ( -3.949999999999999734, -1.250000000000000222, 0.5999999999999998668 ) ) ;
#1909 = EDGE_CURVE ( 'NONE', #82, #2062, #675, .T. ) ;
#1910 =( LENGTH_UNIT ( ) NAMED_UNIT ( * ) SI_UNIT ( .MILLI., .METRE. ) );
#1911 =( NAMED_UNIT ( * ) PLANE_ANGLE_UNIT ( ) SI_UNIT ( $, .RADIAN. ) );
#1912 = VERTEX_POINT ( 'NONE', #2139 ) ;
#1913 = CARTESIAN_POINT ( 'NONE',  ( 2.600000000000000089, -3.306546357697851761E-16, -1.199999999999999734 ) ) ;
#1914 = COLOUR_RGB ( '',0.2509803921568627416, 0.2509803921568627416, 0.2509803921568627416 ) ;
#1915 = SURFACE_STYLE_USAGE ( .BOTH. , #509 ) ;
#1916 = EDGE_CURVE ( 'NONE', #82, #1787, #378, .T. ) ;
#1917 = FACE_OUTER_BOUND ( 'NONE', #878, .T. ) ;
#1918 =( NAMED_UNIT ( * ) SI_UNIT ( $, .STERADIAN. ) SOLID_ANGLE_UNIT ( ) );
#1919 = LINE ( 'NONE', #3749, #1291 ) ;
#1920 = ORIENTED_EDGE ( 'NONE', *, *, #2328, .F. ) ;
#1921 = CARTESIAN_POINT ( 'NONE',  ( 2.000000000000000000, -2.349999999999999645, -4.714890176717308529E-16 ) ) ;
#1922 = AXIS2_PLACEMENT_3D ( 'NONE', #3262, #2028, #1444 ) ;
#1923 = VERTEX_POINT ( 'NONE', #2806 ) ;
#1924 = ORIENTED_EDGE ( 'NONE', *, *, #1845, .F. ) ;
#1925 =( NAMED_UNIT ( * ) SI_UNIT ( $, .STERADIAN. ) SOLID_ANGLE_UNIT ( ) );
#1926 = LINE ( 'NONE', #3194, #1102 ) ;
#1927 = PRESENTATION_LAYER_ASSIGNMENT (  '', '', ( #2363 ) ) ;
#1928 = ORIENTED_EDGE ( 'NONE', *, *, #2246, .F. ) ;
#1929 = AXIS2_PLACEMENT_3D ( 'NONE', #1686, #2588, #1114 ) ;
#1930 = DIRECTION ( 'NONE',  ( 1.000000000000000000, -0.000000000000000000, -0.000000000000000000 ) ) ;
#1931 = DIRECTION ( 'NONE',  ( -0.000000000000000000, -0.000000000000000000, -1.000000000000000000 ) ) ;
#1932 = MECHANICAL_DESIGN_GEOMETRIC_PRESENTATION_REPRESENTATION (  '', ( #3454 ), #365 ) ;
#1933 = DIRECTION ( 'NONE',  ( 1.000000000000000000, 0.000000000000000000, 0.000000000000000000 ) ) ;
#1934 = VECTOR ( 'NONE', #1857, 1000.000000000000114 ) ;
#1935 = PRESENTATION_STYLE_ASSIGNMENT (( #2773 ) ) ;
#1936 = CARTESIAN_POINT ( 'NONE',  ( 2.349999999999999645, 0.2500000000000000555, 1.112249899919919072 ) ) ;
#1937 = COLOUR_RGB ( '',0.2509803921568627416, 0.2509803921568627416, 0.2509803921568627416 ) ;
#1938 = DIRECTION ( 'NONE',  ( 0.000000000000000000, 0.000000000000000000, -1.000000000000000000 ) ) ;
#1939 = ORIENTED_EDGE ( 'NONE', *, *, #2745, .F. ) ;
#1940 =( NAMED_UNIT ( * ) SI_UNIT ( $, .STERADIAN. ) SOLID_ANGLE_UNIT ( ) );
#1941 = ORIENTED_EDGE ( 'NONE', *, *, #2321, .F. ) ;
#1942 = EDGE_CURVE ( 'NONE', #1590, #3028, #985, .T. ) ;
#1943 = DIRECTION ( 'NONE',  ( -1.000000000000000000, 4.989666635317766278E-20, 0.000000000000000000 ) ) ;
#1944 = ADVANCED_FACE ( 'NONE', ( #3099 ), #1318, .T. ) ;
#1945 =( LENGTH_UNIT ( ) NAMED_UNIT ( * ) SI_UNIT ( .MILLI., .METRE. ) );
#1946 = CARTESIAN_POINT ( 'NONE',  ( -4.349999999999999645, -6.245698675651497881E-16, 1.199999999999999734 ) ) ;
#1947 =( LENGTH_UNIT ( ) NAMED_UNIT ( * ) SI_UNIT ( .MILLI., .METRE. ) );
#1948 = DIRECTION ( 'NONE',  ( -1.000000000000000000, 4.989666635317766278E-20, 0.000000000000000000 ) ) ;
#1949 = SURFACE_SIDE_STYLE ('',( #1126 ) ) ;
#1950 = SURFACE_SIDE_STYLE ('',( #3168 ) ) ;
#1951 = PRESENTATION_STYLE_ASSIGNMENT (( #1898 ) ) ;
#1952 =( GEOMETRIC_REPRESENTATION_CONTEXT ( 3 ) GLOBAL_UNCERTAINTY_ASSIGNED_CONTEXT ( ( #2397 ) ) GLOBAL_UNIT_ASSIGNED_CONTEXT ( ( #1945, #2263, #2716 ) ) REPRESENTATION_CONTEXT ( 'NONE', 'WORKASPACE' ) );
#1953 = CARTESIAN_POINT ( 'NONE',  ( 3.349999999999999201, 0.2500000000000000000, 1.112249899919919072 ) ) ;
#1954 = EDGE_CURVE ( 'NONE', #1370, #3096, #1926, .T. ) ;
#1955 = PRESENTATION_LAYER_ASSIGNMENT (  '', '', ( #462 ) ) ;
#1956 = DIRECTION ( 'NONE',  ( 0.000000000000000000, 0.000000000000000000, 1.000000000000000000 ) ) ;
#1957 = PRESENTATION_LAYER_ASSIGNMENT (  '', '', ( #2594 ) ) ;
#1958 = EDGE_CURVE ( 'NONE', #798, #3859, #495, .T. ) ;
#1959 = ORIENTED_EDGE ( 'NONE', *, *, #1046, .T. ) ;
#1960 = EDGE_LOOP ( 'NONE', ( #3410, #1450, #3723, #1348, #1920, #116, #1825, #2774, #1765, #1315, #2996, #3659, #1586, #2672, #2101, #3419, #2395, #3853, #3437, #3559 ) ) ;
#1961 = CYLINDRICAL_SURFACE ( 'NONE', #2334, 0.2500000000000003886 ) ;
#1962 = FILL_AREA_STYLE_COLOUR ( '', #3015 ) ;
#1963 = CARTESIAN_POINT ( 'NONE',  ( -2.349999999999999201, 0.3999999999999994116, 0.7999999999999997113 ) ) ;
#1964 = LINE ( 'NONE', #2544, #1319 ) ;
#1965 = EDGE_CURVE ( 'NONE', #3332, #1579, #1691, .T. ) ;
#1966 = DIRECTION ( 'NONE',  ( 1.084202172485504434E-15, -1.000000000000000000, 1.897353801849632760E-15 ) ) ;
#1967 = DIRECTION ( 'NONE',  ( 0.000000000000000000, -0.000000000000000000, 1.000000000000000000 ) ) ;
#1968 = CARTESIAN_POINT ( 'NONE',  ( 2.349999999999999645, 1.349999999999999645, -2.000000000000000000 ) ) ;
#1969 = UNCERTAINTY_MEASURE_WITH_UNIT (LENGTH_MEASURE( 1.000000000000000082E-05 ), #1244, 'distance_accuracy_value', 'NONE');
#1970 = DIRECTION ( 'NONE',  ( -1.000000000000000000, 0.000000000000000000, 0.000000000000000000 ) ) ;
#1971 =( NAMED_UNIT ( * ) PLANE_ANGLE_UNIT ( ) SI_UNIT ( $, .RADIAN. ) );
#1972 = SURFACE_SIDE_STYLE ('',( #1423 ) ) ;
#1973 = SURFACE_SIDE_STYLE ('',( #188 ) ) ;
#1974 = DIRECTION ( 'NONE',  ( 1.000000000000000000, -0.000000000000000000, -0.000000000000000000 ) ) ;
#1975 = AXIS2_PLACEMENT_3D ( 'NONE', #3255, #605, #2359 ) ;
#1976 = DIRECTION ( 'NONE',  ( -0.000000000000000000, -0.000000000000000000, -1.000000000000000000 ) ) ;
#1977 = ORIENTED_EDGE ( 'NONE', *, *, #2666, .F. ) ;
#1978 = EDGE_CURVE ( 'NONE', #2195, #2523, #3787, .T. ) ;
#1979 = DIRECTION ( 'NONE',  ( -0.000000000000000000, -1.000000000000000000, -0.000000000000000000 ) ) ;
#1981 = DIRECTION ( 'NONE',  ( 1.000000000000000000, 0.000000000000000000, 0.000000000000000000 ) ) ;
#1980 = CIRCLE ( 'NONE', #1922, 0.2500000000000003886 ) ;
#1982 = FILL_AREA_STYLE ('',( #3143 ) ) ;
#1983 = EDGE_CURVE ( 'NONE', #933, #2181, #2877, .T. ) ;
#1984 = CARTESIAN_POINT ( 'NONE',  ( -2.349999999999999645, 1.349999999999999645, -2.000000000000000000 ) ) ;
#1985 = CARTESIAN_POINT ( 'NONE',  ( -3.349999999999999645, 0.6999999999999991784, 2.200000000000000178 ) ) ;
#1986 = SURFACE_STYLE_USAGE ( .BOTH. , #1436 ) ;
#1987 =( NAMED_UNIT ( * ) SI_UNIT ( $, .STERADIAN. ) SOLID_ANGLE_UNIT ( ) );
#1988 = CIRCLE ( 'NONE', #3638, 0.3999999999999999667 ) ;
#1989 = PRODUCT_DEFINITION_SHAPE ( 'NONE', 'NONE',  #756 ) ;
#1990 = EDGE_CURVE ( 'NONE', #596, #317, #2259, .T. ) ;
#1991 = DIRECTION ( 'NONE',  ( -1.000000000000000000, 0.000000000000000000, 0.000000000000000000 ) ) ;
#1992 = SURFACE_STYLE_USAGE ( .BOTH. , #850 ) ;
#1993 = UNCERTAINTY_MEASURE_WITH_UNIT (LENGTH_MEASURE( 1.000000000000000082E-05 ), #3294, 'distance_accuracy_value', 'NONE');
#1994 =( LENGTH_UNIT ( ) NAMED_UNIT ( * ) SI_UNIT ( .MILLI., .METRE. ) );
#1995 = ORIENTED_EDGE ( 'NONE', *, *, #612, .F. ) ;
#1996 =( NAMED_UNIT ( * ) SI_UNIT ( $, .STERADIAN. ) SOLID_ANGLE_UNIT ( ) );
#1997 = SURFACE_SIDE_STYLE ('',( #1731 ) ) ;
#1998 = EDGE_CURVE ( 'NONE', #131, #1065, #1596, .T. ) ;
#1999 = PRESENTATION_STYLE_ASSIGNMENT (( #1221 ) ) ;
#2000 = FACE_OUTER_BOUND ( 'NONE', #1842, .T. ) ;
#2001 = STYLED_ITEM ( 'NONE', ( #3090 ), #1371 ) ;
#2002 = SURFACE_SIDE_STYLE ('',( #1144 ) ) ;
#2003 = FILL_AREA_STYLE ('',( #794 ) ) ;
#2004 = SURFACE_SIDE_STYLE ('',( #795 ) ) ;
#2005 = VECTOR ( 'NONE', #2415, 1000.000000000000114 ) ;
#2006 = EDGE_CURVE ( 'NONE', #2441, #798, #3726, .T. ) ;
#2007 = STYLED_ITEM ( 'NONE', ( #96 ), #451 ) ;
#2008 = SURFACE_STYLE_USAGE ( .BOTH. , #2540 ) ;
#2009 = DIRECTION ( 'NONE',  ( 1.000000000000000000, 0.000000000000000000, -0.000000000000000000 ) ) ;
#2010 = VECTOR ( 'NONE', #937, 999.9999999999998863 ) ;
#2011 = EDGE_LOOP ( 'NONE', ( #2241, #3369, #1267, #3376 ) ) ;
#2012 = SURFACE_SIDE_STYLE ('',( #859 ) ) ;
#2013 = PLANE ( 'NONE',  #818 ) ;
#2014 = SURFACE_SIDE_STYLE ('',( #3231 ) ) ;
#2015 = CARTESIAN_POINT ( 'NONE',  ( 3.349999999999999645, 0.2500000000000000000, 2.200000000000000178 ) ) ;
#2016 = MECHANICAL_DESIGN_GEOMETRIC_PRESENTATION_REPRESENTATION (  '', ( #3732 ), #2478 ) ;
#2017 = DIRECTION ( 'NONE',  ( -0.000000000000000000, -0.000000000000000000, -1.000000000000000000 ) ) ;
#2018 = CARTESIAN_POINT ( 'NONE',  ( -4.349999999999999645, 4.450000000000000178, 0.000000000000000000 ) ) ;
#2019 = UNCERTAINTY_MEASURE_WITH_UNIT (LENGTH_MEASURE( 1.000000000000000082E-05 ), #1129, 'distance_accuracy_value', 'NONE');
#2020 = SURFACE_STYLE_USAGE ( .BOTH. , #481 ) ;
#2021 = ORIENTED_EDGE ( 'NONE', *, *, #2255, .T. ) ;
#2022 = CYLINDRICAL_SURFACE ( 'NONE', #1428, 0.2500000000000002220 ) ;
#2023 = DIRECTION ( 'NONE',  ( 0.000000000000000000, -0.000000000000000000, 1.000000000000000000 ) ) ;
#2024 = EDGE_CURVE ( 'NONE', #333, #2195, #434, .T. ) ;
#2025 = MECHANICAL_DESIGN_GEOMETRIC_PRESENTATION_REPRESENTATION (  '', ( #285 ), #2802 ) ;
#2026 = DIRECTION ( 'NONE',  ( -0.000000000000000000, -0.000000000000000000, -1.000000000000000000 ) ) ;
#2027 = ADVANCED_FACE ( 'NONE', ( #461 ), #1961, .T. ) ;
#2028 = DIRECTION ( 'NONE',  ( 0.000000000000000000, 1.000000000000000000, 0.000000000000000000 ) ) ;
#2029 = UNCERTAINTY_MEASURE_WITH_UNIT (LENGTH_MEASURE( 1.000000000000000082E-05 ), #258, 'distance_accuracy_value', 'NONE');
#2030 = CARTESIAN_POINT ( 'NONE',  ( 3.345530958050584758, 0.1933109650559083625, -1.151692553797756702 ) ) ;
#2031 = EDGE_LOOP ( 'NONE', ( #1407, #1220, #2713, #410 ) ) ;
#2032 = VERTEX_POINT ( 'NONE', #3230 ) ;
#2033 = LINE ( 'NONE', #2673, #1409 ) ;
#2034 = PRESENTATION_LAYER_ASSIGNMENT (  '', '', ( #113 ) ) ;
#2035 = CARTESIAN_POINT ( 'NONE',  ( 3.349999999999999645, 0.2500000000000000000, 2.200000000000000178 ) ) ;
#2036 = CARTESIAN_POINT ( 'NONE',  ( -3.949999999999999734, -3.061616997868380676E-16, -1.199999999999999734 ) ) ;
#2037 = DIRECTION ( 'NONE',  ( -1.000000000000000000, -2.065146995210484202E-16, 0.000000000000000000 ) ) ;
#2038 = ORIENTED_EDGE ( 'NONE', *, *, #3499, .F. ) ;
#2039 = MECHANICAL_DESIGN_GEOMETRIC_PRESENTATION_REPRESENTATION (  '', ( #1008 ), #3510 ) ;
#2040 = SURFACE_SIDE_STYLE ('',( #550 ) ) ;
#2041 =( NAMED_UNIT ( * ) SI_UNIT ( $, .STERADIAN. ) SOLID_ANGLE_UNIT ( ) );
#2042 = EDGE_CURVE ( 'NONE', #1553, #1502, #2033, .T. ) ;
#2043 = DIRECTION ( 'NONE',  ( 0.000000000000000000, -0.000000000000000000, 1.000000000000000000 ) ) ;
#2044 = LINE ( 'NONE', #2669, #2845 ) ;
#2045 = ORIENTED_EDGE ( 'NONE', *, *, #2705, .T. ) ;
#2046 = VERTEX_POINT ( 'NONE', #597 ) ;
#2047 = DIRECTION ( 'NONE',  ( 1.000000000000000000, 0.000000000000000000, 0.000000000000000000 ) ) ;
#2048 = EDGE_CURVE ( 'NONE', #1553, #1365, #776, .T. ) ;
#2049 = FILL_AREA_STYLE_COLOUR ( '', #1559 ) ;
#2050 =( NAMED_UNIT ( * ) PLANE_ANGLE_UNIT ( ) SI_UNIT ( $, .RADIAN. ) );
#2051 = CARTESIAN_POINT ( 'NONE',  ( 3.099999999999999645, -6.245698675651497881E-16, 1.199999999999999734 ) ) ;
#2052 = DIRECTION ( 'NONE',  ( 0.000000000000000000, 0.9408874118687268195, 0.3387194682727416861 ) ) ;
#2053 = MECHANICAL_DESIGN_GEOMETRIC_PRESENTATION_REPRESENTATION (  '', ( #3343 ), #2769 ) ;
#2054 = AXIS2_PLACEMENT_3D ( 'NONE', #1133, #1354, #2929 ) ;
#2055 = ORIENTED_EDGE ( 'NONE', *, *, #3554, .T. ) ;
#2056 =( NAMED_UNIT ( * ) PLANE_ANGLE_UNIT ( ) SI_UNIT ( $, .RADIAN. ) );
#2057 =( GEOMETRIC_REPRESENTATION_CONTEXT ( 3 ) GLOBAL_UNCERTAINTY_ASSIGNED_CONTEXT ( ( #3768 ) ) GLOBAL_UNIT_ASSIGNED_CONTEXT ( ( #1884, #3633, #674 ) ) REPRESENTATION_CONTEXT ( 'NONE', 'WORKASPACE' ) );
#2058 = LINE ( 'NONE', #589, #2904 ) ;
#2059 = COLOUR_RGB ( '',0.2509803921568627416, 0.2509803921568627416, 0.2509803921568627416 ) ;
#2060 = ORIENTED_EDGE ( 'NONE', *, *, #357, .F. ) ;
#2061 = DIRECTION ( 'NONE',  ( -0.000000000000000000, -0.000000000000000000, -1.000000000000000000 ) ) ;
#2062 = VERTEX_POINT ( 'NONE', #3250 ) ;
#2063 = PRESENTATION_LAYER_ASSIGNMENT (  '', '', ( #3665 ) ) ;
#2064 = CARTESIAN_POINT ( 'NONE',  ( 2.530712870755707833, -1.067261513540418057E-16, 1.199999999999999512 ) ) ;
#2065 = CARTESIAN_POINT ( 'NONE',  ( 2.000000000000000000, 1.407106781186548528, 0.2499999999999998890 ) ) ;
#2066 = CARTESIAN_POINT ( 'NONE',  ( 3.306119003873634554, 0.1045571479292717321, -1.186916385698000731 ) ) ;
#2067 = ORIENTED_EDGE ( 'NONE', *, *, #562, .F. ) ;
#2068 = ORIENTED_EDGE ( 'NONE', *, *, #3431, .T. ) ;
#2069 = MECHANICAL_DESIGN_GEOMETRIC_PRESENTATION_REPRESENTATION (  '', ( #22 ), #2709 ) ;
#2070 = PRESENTATION_STYLE_ASSIGNMENT (( #1710 ) ) ;
#2071 = EDGE_CURVE ( 'NONE', #1823, #1204, #2932, .T. ) ;
#2072 = CARTESIAN_POINT ( 'NONE',  ( -1.500000000000000000, 4.700000000000000178, 10.20000000000000107 ) ) ;
#2073 = AXIS2_PLACEMENT_3D ( 'NONE', #2722, #1868, #1601 ) ;
#2074 = ORIENTED_EDGE ( 'NONE', *, *, #2117, .T. ) ;
#2075 = VECTOR ( 'NONE', #2733, 1000.000000000000000 ) ;
#2076 = SURFACE_SIDE_STYLE ('',( #1755 ) ) ;
#2077 = SURFACE_SIDE_STYLE ('',( #3042 ) ) ;
#2078 = AXIS2_PLACEMENT_3D ( 'NONE', #804, #3203, #1071 ) ;
#2079 = CARTESIAN_POINT ( 'NONE',  ( -3.099999999999999645, -6.245698675651497881E-16, 1.199999999999999734 ) ) ;
#2080 = DIRECTION ( 'NONE',  ( 0.000000000000000000, 0.000000000000000000, 1.000000000000000000 ) ) ;
#2081 = LINE ( 'NONE', #2683, #2707 ) ;
#2082 = ORIENTED_EDGE ( 'NONE', *, *, #2024, .T. ) ;
#2083 = DIRECTION ( 'NONE',  ( -1.000000000000000000, -0.000000000000000000, -0.000000000000000000 ) ) ;
#2084 = CARTESIAN_POINT ( 'NONE',  ( 3.349999999999999645, 0.2229852138238121728, -1.133879039099080277 ) ) ;
#2085 = AXIS2_PLACEMENT_3D ( 'NONE', #1721, #1422, #3489 ) ;
#2086 = EDGE_LOOP ( 'NONE', ( #1671, #2991, #3397, #1901 ) ) ;
#2087 = VERTEX_POINT ( 'NONE', #2954 ) ;
#2088 =( NAMED_UNIT ( * ) SI_UNIT ( $, .STERADIAN. ) SOLID_ANGLE_UNIT ( ) );
#2089 = CARTESIAN_POINT ( 'NONE',  ( 3.949999999999999734, -4.705761750646616909E-16, -1.199999999999999734 ) ) ;
#2090 = PRESENTATION_STYLE_ASSIGNMENT (( #1240 ) ) ;
#2091 = VERTEX_POINT ( 'NONE', #3861 ) ;
#2092 = MECHANICAL_DESIGN_GEOMETRIC_PRESENTATION_REPRESENTATION (  '', ( #2608 ), #999 ) ;
#2093 = DIRECTION ( 'NONE',  ( -0.000000000000000000, 1.000000000000000000, 0.000000000000000000 ) ) ;
#2094 = CARTESIAN_POINT ( 'NONE',  ( -1.000000000000000000, 4.700000000000000178, 9.700000000000004619 ) ) ;
#2095 = FILL_AREA_STYLE ('',( #2695 ) ) ;
#2096 = ADVANCED_FACE ( 'NONE', ( #2339 ), #2399, .T. ) ;
#2097 =( NAMED_UNIT ( * ) SI_UNIT ( $, .STERADIAN. ) SOLID_ANGLE_UNIT ( ) );
#2098 = CARTESIAN_POINT ( 'NONE',  ( 3.949999999999999734, 0.7000000000000000666, 2.200000000000000178 ) ) ;
#2099 = LINE ( 'NONE', #309, #727 ) ;
#2100 = VECTOR ( 'NONE', #2555, 1000.000000000000000 ) ;
#2101 = ORIENTED_EDGE ( 'NONE', *, *, #3572, .T. ) ;
#2102 = DIRECTION ( 'NONE',  ( -1.000000000000000000, 0.000000000000000000, 0.000000000000000000 ) ) ;
#2103 = AXIS2_PLACEMENT_3D ( 'NONE', #1245, #2983, #3635 ) ;
#2104 = CARTESIAN_POINT ( 'NONE',  ( 4.099999999999999645, 4.700000000000000178, 1.950000000000000178 ) ) ;
#2105 = VERTEX_POINT ( 'NONE', #1784 ) ;
#2106 = UNCERTAINTY_MEASURE_WITH_UNIT (LENGTH_MEASURE( 1.000000000000000082E-05 ), #593, 'distance_accuracy_value', 'NONE');
#2107 = ORIENTED_EDGE ( 'NONE', *, *, #3725, .F. ) ;
#2108 = DIRECTION ( 'NONE',  ( 0.000000000000000000, 0.000000000000000000, 1.000000000000000000 ) ) ;
#2109 = STYLED_ITEM ( 'NONE', ( #1785 ), #900 ) ;
#2110 = CARTESIAN_POINT ( 'NONE',  ( 4.349999999999999645, 0.000000000000000000, 0.3999999999999996336 ) ) ;
#2111 = EDGE_LOOP ( 'NONE', ( #990, #2758, #2767, #35 ) ) ;
#2112 = PRESENTATION_STYLE_ASSIGNMENT (( #2429 ) ) ;
#2113 = CARTESIAN_POINT ( 'NONE',  ( -2.075000000000000178, 4.700000000000000178, 2.200000000000000178 ) ) ;
#2114 = CARTESIAN_POINT ( 'NONE',  ( 4.349999999999999645, 3.826133144475921899, -2.427407932011330871 ) ) ;
#2115 = AXIS2_PLACEMENT_3D ( 'NONE', #2505, #1931, #1434 ) ;
#2116 = FILL_AREA_STYLE ('',( #1223 ) ) ;
#2117 = EDGE_CURVE ( 'NONE', #3595, #1823, #1188, .T. ) ;
#2118 = FILL_AREA_STYLE ('',( #3731 ) ) ;
#2119 = CARTESIAN_POINT ( 'NONE',  ( -2.530712870755708277, -1.067261513540418057E-16, 1.199999999999999734 ) ) ;
#2120 = DIRECTION ( 'NONE',  ( -0.000000000000000000, -0.000000000000000000, 1.000000000000000000 ) ) ;
#2121 = AXIS2_PLACEMENT_3D ( 'NONE', #1241, #320, #3254 ) ;
#2122 = STYLED_ITEM ( 'NONE', ( #2293 ), #1243 ) ;
#2123 = ORIENTED_EDGE ( 'NONE', *, *, #2173, .F. ) ;
#2124 = DIRECTION ( 'NONE',  ( 1.000000000000000000, -0.000000000000000000, -0.000000000000000000 ) ) ;
#2125 = ORIENTED_EDGE ( 'NONE', *, *, #3200, .F. ) ;
#2126 = VECTOR ( 'NONE', #745, 1000.000000000000000 ) ;
#2127 = SURFACE_STYLE_USAGE ( .BOTH. , #3049 ) ;
#2128 = UNCERTAINTY_MEASURE_WITH_UNIT (LENGTH_MEASURE( 1.000000000000000082E-05 ), #2543, 'distance_accuracy_value', 'NONE');
#2129 = FILL_AREA_STYLE_COLOUR ( '', #3602 ) ;
#2130 = EDGE_LOOP ( 'NONE', ( #1808, #2257, #1231, #3420 ) ) ;
#2131 = ORIENTED_EDGE ( 'NONE', *, *, #2610, .F. ) ;
#2132 = ORIENTED_EDGE ( 'NONE', *, *, #3662, .F. ) ;
#2133 = LINE ( 'NONE', #969, #3537 ) ;
#2134 =( NAMED_UNIT ( * ) SI_UNIT ( $, .STERADIAN. ) SOLID_ANGLE_UNIT ( ) );
#2135 = AXIS2_PLACEMENT_3D ( 'NONE', #1561, #3046, #3571 ) ;
#2136 = ORIENTED_EDGE ( 'NONE', *, *, #2705, .F. ) ;
#2137 = STYLED_ITEM ( 'NONE', ( #3331 ), #538 ) ;
#2138 =( NAMED_UNIT ( * ) PLANE_ANGLE_UNIT ( ) SI_UNIT ( $, .RADIAN. ) );
#2139 = CARTESIAN_POINT ( 'NONE',  ( 2.349999999999999645, 0.3999999999999994116, 0.7999999999999997113 ) ) ;
#2140 = MECHANICAL_DESIGN_GEOMETRIC_PRESENTATION_REPRESENTATION (  '', ( #1707 ), #3670 ) ;
#2141 = ORIENTED_EDGE ( 'NONE', *, *, #715, .F. ) ;
#2142 = EDGE_LOOP ( 'NONE', ( #3136, #1802 ) ) ;
#2143 = MECHANICAL_DESIGN_GEOMETRIC_PRESENTATION_REPRESENTATION (  '', ( #3839 ), #2391 ) ;
#2144 = PRESENTATION_LAYER_ASSIGNMENT (  '', '', ( #29 ) ) ;
#2145 = LINE ( 'NONE', #1908, #2915 ) ;
#2146 = SURFACE_SIDE_STYLE ('',( #979 ) ) ;
#2147 = SURFACE_STYLE_FILL_AREA ( #1609 ) ;
#2148 = CARTESIAN_POINT ( 'NONE',  ( 3.349999999999999201, 0.6999999999999991784, -2.200000000000000178 ) ) ;
#2149 = ADVANCED_FACE ( 'NONE', ( #575 ), #38, .T. ) ;
#2150 = ORIENTED_EDGE ( 'NONE', *, *, #2960, .F. ) ;
#2151 = DIRECTION ( 'NONE',  ( -1.000000000000000000, 0.000000000000000000, 0.000000000000000000 ) ) ;
#2152 = VERTEX_POINT ( 'NONE', #521 ) ;
#2153 = CARTESIAN_POINT ( 'NONE',  ( 2.000000000000000000, 1.407106781186548528, -0.2500000000000008882 ) ) ;
#2154 = DIRECTION ( 'NONE',  ( 1.000000000000000000, 0.000000000000000000, 1.224646799147353207E-16 ) ) ;
#2155 = ORIENTED_EDGE ( 'NONE', *, *, #1845, .T. ) ;
#2156 = EDGE_CURVE ( 'NONE', #2032, #2688, #1527, .T. ) ;
#2157 = ORIENTED_EDGE ( 'NONE', *, *, #265, .F. ) ;
#2158 = ORIENTED_EDGE ( 'NONE', *, *, #2283, .T. ) ;
#2159 = VECTOR ( 'NONE', #185, 1000.000000000000000 ) ;
#2160 = ORIENTED_EDGE ( 'NONE', *, *, #2042, .T. ) ;
#2161 = DIRECTION ( 'NONE',  ( 0.000000000000000000, -0.000000000000000000, 1.000000000000000000 ) ) ;
#2162 = CARTESIAN_POINT ( 'NONE',  ( 3.061616997868383018E-17, -2.349999999999999645, 0.2500000000000001665 ) ) ;
#2163 = VERTEX_POINT ( 'NONE', #3311 ) ;
#2164 = ORIENTED_EDGE ( 'NONE', *, *, #3693, .T. ) ;
#2165 = DIRECTION ( 'NONE',  ( 0.000000000000000000, 0.000000000000000000, -1.000000000000000000 ) ) ;
#2166 =( NAMED_UNIT ( * ) SI_UNIT ( $, .STERADIAN. ) SOLID_ANGLE_UNIT ( ) );
#2167 = SURFACE_SIDE_STYLE ('',( #3374 ) ) ;
#2168 = FILL_AREA_STYLE ('',( #1309 ) ) ;
#2169 = PLANE ( 'NONE',  #3071 ) ;
#2170 = PRESENTATION_STYLE_ASSIGNMENT (( #3092 ) ) ;
#2171 = CIRCLE ( 'NONE', #2235, 0.3999999999999999667 ) ;
#2172 = FACE_OUTER_BOUND ( 'NONE', #1536, .T. ) ;
#2173 = EDGE_CURVE ( 'NONE', #361, #761, #618, .T. ) ;
#2174 = EDGE_LOOP ( 'NONE', ( #432, #2859, #3427, #2517, #3669, #2611, #995 ) ) ;
#2175 = STYLED_ITEM ( 'NONE', ( #2871 ), #2650 ) ;
#2176 = VERTEX_POINT ( 'NONE', #1070 ) ;
#2177 = VERTEX_POINT ( 'NONE', #3161 ) ;
#2178 = CARTESIAN_POINT ( 'NONE',  ( 2.600000000000000089, -6.245698675651497881E-16, 1.199999999999999734 ) ) ;
#2179 = STYLED_ITEM ( 'NONE', ( #1323 ), #2820 ) ;
#2180 = EDGE_CURVE ( 'NONE', #3402, #3859, #3442, .T. ) ;
#2181 = VERTEX_POINT ( 'NONE', #803 ) ;
#2182 = ORIENTED_EDGE ( 'NONE', *, *, #512, .T. ) ;
#2183 = EDGE_CURVE ( 'NONE', #3321, #1204, #1089, .T. ) ;
#2184 = FACE_OUTER_BOUND ( 'NONE', #2612, .T. ) ;
#2185 = SURFACE_STYLE_USAGE ( .BOTH. , #2167 ) ;
#2186 = EDGE_LOOP ( 'NONE', ( #151, #595, #1888, #387 ) ) ;
#2187 = LINE ( 'NONE', #1899, #1411 ) ;
#2188 = AXIS2_PLACEMENT_3D ( 'NONE', #2827, #2936, #3233 ) ;
#2189 = VECTOR ( 'NONE', #3403, 1000.000000000000000 ) ;
#2190 = ORIENTED_EDGE ( 'NONE', *, *, #603, .T. ) ;
#2191 = CARTESIAN_POINT ( 'NONE',  ( -3.099999999999999645, 1.880790961315660013E-34, 2.200000000000000178 ) ) ;
#2192 = DIRECTION ( 'NONE',  ( -1.000000000000000000, 0.000000000000000000, 0.000000000000000000 ) ) ;
#2193 = CARTESIAN_POINT ( 'NONE',  ( 4.349999999999999645, -4.705761750646616909E-16, -1.199999999999999734 ) ) ;
#2194 = VECTOR ( 'NONE', #2192, 1000.000000000000000 ) ;
#2195 = VERTEX_POINT ( 'NONE', #751 ) ;
#2196 = ORIENTED_EDGE ( 'NONE', *, *, #102, .F. ) ;
#2197 = LINE ( 'NONE', #1443, #2957 ) ;
#2198 = ADVANCED_FACE ( 'NONE', ( #3180 ), #2582, .T. ) ;
#2199 = SURFACE_STYLE_FILL_AREA ( #3710 ) ;
#2200 = VECTOR ( 'NONE', #3820, 1000.000000000000000 ) ;
#2201 = ORIENTED_EDGE ( 'NONE', *, *, #2230, .T. ) ;
#2202 = ADVANCED_FACE ( 'NONE', ( #466 ), #1339, .T. ) ;
#2203 = FACE_OUTER_BOUND ( 'NONE', #2917, .T. ) ;
#2204 =( NAMED_UNIT ( * ) SI_UNIT ( $, .STERADIAN. ) SOLID_ANGLE_UNIT ( ) );
#2205 = FACE_OUTER_BOUND ( 'NONE', #398, .T. ) ;
#2206 = AXIS2_PLACEMENT_3D ( 'NONE', #3775, #1435, #2622 ) ;
#2207 = COLOUR_RGB ( '',0.8470588235294117530, 0.8431372549019607865, 0.8470588235294117530 ) ;
#2208 = ORIENTED_EDGE ( 'NONE', *, *, #3730, .F. ) ;
#2209 = SURFACE_SIDE_STYLE ('',( #683 ) ) ;
#2210 = SURFACE_STYLE_USAGE ( .BOTH. , #2668 ) ;
#2211 = CIRCLE ( 'NONE', #533, 0.3999999999999999667 ) ;
#2212 = ORIENTED_EDGE ( 'NONE', *, *, #2567, .F. ) ;
#2213 = CARTESIAN_POINT ( 'NONE',  ( 3.949999999999999734, 4.699999999999999289, 2.199999999999999734 ) ) ;
#2214 = EDGE_LOOP ( 'NONE', ( #1512, #1343, #145, #2807 ) ) ;
#2215 = EDGE_LOOP ( 'NONE', ( #1187, #2212, #1856, #2164 ) ) ;
#2216 = SURFACE_SIDE_STYLE ('',( #2862 ) ) ;
#2217 = VECTOR ( 'NONE', #307, 1000.000000000000000 ) ;
#2218 = ORIENTED_EDGE ( 'NONE', *, *, #3765, .F. ) ;
#2219 = CARTESIAN_POINT ( 'NONE',  ( -2.599999999999999645, -6.245698675651497881E-16, 1.199999999999999734 ) ) ;
#2220 = SURFACE_STYLE_FILL_AREA ( #1358 ) ;
#2221 = ORIENTED_EDGE ( 'NONE', *, *, #3522, .T. ) ;
#2222 = DIRECTION ( 'NONE',  ( 0.000000000000000000, 0.000000000000000000, -1.000000000000000000 ) ) ;
#2223 = SURFACE_STYLE_USAGE ( .BOTH. , #655 ) ;
#2224 = PRESENTATION_STYLE_ASSIGNMENT (( #1873 ) ) ;
#2225 =( LENGTH_UNIT ( ) NAMED_UNIT ( * ) SI_UNIT ( .MILLI., .METRE. ) );
#2226 = DIRECTION ( 'NONE',  ( 0.000000000000000000, 0.000000000000000000, -1.000000000000000000 ) ) ;
#2227 = ORIENTED_EDGE ( 'NONE', *, *, #1729, .F. ) ;
#2228 = CARTESIAN_POINT ( 'NONE',  ( 2.462785419738802162, 0.03039392797772702895, 1.202022581406711588 ) ) ;
#2229 = PLANE ( 'NONE',  #2337 ) ;
#2230 = EDGE_CURVE ( 'NONE', #350, #3096, #2601, .T. ) ;
#2231 = ORIENTED_EDGE ( 'NONE', *, *, #3422, .F. ) ;
#2232 = EDGE_CURVE ( 'NONE', #708, #1912, #3412, .T. ) ;
#2233 = DIRECTION ( 'NONE',  ( 0.000000000000000000, -1.000000000000000000, 0.000000000000000000 ) ) ;
#2234 = CIRCLE ( 'NONE', #2875, 0.3999999999999999667 ) ;
#2235 = AXIS2_PLACEMENT_3D ( 'NONE', #3751, #1084, #1956 ) ;
#2236 = EDGE_LOOP ( 'NONE', ( #2417, #684, #3856, #2355 ) ) ;
#2237 = VERTEX_POINT ( 'NONE', #2148 ) ;
#2238 = EDGE_LOOP ( 'NONE', ( #3719, #602, #2768, #935 ) ) ;
#2239 = CARTESIAN_POINT ( 'NONE',  ( 3.949999999999999734, -9.629649721936179265E-32, -0.3999999999999997446 ) ) ;
#2240 = AXIS2_PLACEMENT_3D ( 'NONE', #812, #2271, #2649 ) ;
#2241 = ORIENTED_EDGE ( 'NONE', *, *, #3153, .F. ) ;
#2242 =( NAMED_UNIT ( * ) PLANE_ANGLE_UNIT ( ) SI_UNIT ( $, .RADIAN. ) );
#2243 = CARTESIAN_POINT ( 'NONE',  ( -1.000000000000000000, 1.550000000000000266, 9.700000000000004619 ) ) ;
#2244 = LINE ( 'NONE', #2887, #1416 ) ;
#2245 = CARTESIAN_POINT ( 'NONE',  ( -2.000000000000000000, 1.550000000000000266, 10.20000000000000107 ) ) ;
#2246 = EDGE_CURVE ( 'NONE', #1020, #891, #3615, .T. ) ;
#2247 = DIRECTION ( 'NONE',  ( 0.000000000000000000, 0.000000000000000000, 1.000000000000000000 ) ) ;
#2248 = COLOUR_RGB ( '',0.8470588235294117530, 0.8431372549019607865, 0.8470588235294117530 ) ;
#2249 = ADVANCED_FACE ( 'NONE', ( #3549 ), #581, .T. ) ;
#2250 = SURFACE_SIDE_STYLE ('',( #1647 ) ) ;
#2251 = AXIS2_PLACEMENT_3D ( 'NONE', #826, #2267, #480 ) ;
#2252 = LINE ( 'NONE', #1859, #217 ) ;
#2253 = CARTESIAN_POINT ( 'NONE',  ( -3.349999999999999645, -3.551475717527321860E-16, -0.7999999999999997113 ) ) ;
#2254 = FACE_OUTER_BOUND ( 'NONE', #1547, .T. ) ;
#2255 = EDGE_CURVE ( 'NONE', #3578, #2087, #3451, .T. ) ;
#2256 = ORIENTED_EDGE ( 'NONE', *, *, #3703, .T. ) ;
#2257 = ORIENTED_EDGE ( 'NONE', *, *, #1990, .F. ) ;
#2258 = COLOUR_RGB ( '',0.8470588235294117530, 0.8431372549019607865, 0.8470588235294117530 ) ;
#2259 = LINE ( 'NONE', #784, #1649 ) ;
#2260 = DIRECTION ( 'NONE',  ( 0.000000000000000000, 0.000000000000000000, -1.000000000000000000 ) ) ;
#2261 = LINE ( 'NONE', #1712, #958 ) ;
#2262 = AXIS2_PLACEMENT_3D ( 'NONE', #159, #1372, #2264 ) ;
#2263 =( NAMED_UNIT ( * ) PLANE_ANGLE_UNIT ( ) SI_UNIT ( $, .RADIAN. ) );
#2264 = DIRECTION ( 'NONE',  ( -1.000000000000000000, 0.000000000000000000, 0.000000000000000000 ) ) ;
#2265 = DIRECTION ( 'NONE',  ( -0.000000000000000000, -0.000000000000000000, -1.000000000000000000 ) ) ;
#2266 =( GEOMETRIC_REPRESENTATION_CONTEXT ( 3 ) GLOBAL_UNCERTAINTY_ASSIGNED_CONTEXT ( ( #2106 ) ) GLOBAL_UNIT_ASSIGNED_CONTEXT ( ( #593, #1185, #2393 ) ) REPRESENTATION_CONTEXT ( 'NONE', 'WORKASPACE' ) );
#2267 = DIRECTION ( 'NONE',  ( 1.000000000000000000, 0.000000000000000000, 0.000000000000000000 ) ) ;
#2268 = DIRECTION ( 'NONE',  ( 1.000000000000000000, -0.000000000000000000, -0.000000000000000000 ) ) ;
#2269 = DIRECTION ( 'NONE',  ( -0.000000000000000000, -0.000000000000000000, 1.000000000000000000 ) ) ;
#2270 = VECTOR ( 'NONE', #3247, 1000.000000000000000 ) ;
#2271 = DIRECTION ( 'NONE',  ( 1.000000000000000000, -0.000000000000000000, 0.000000000000000000 ) ) ;
#2272 = AXIS2_PLACEMENT_3D ( 'NONE', #42, #1242, #1885 ) ;
#2273 = FILL_AREA_STYLE_COLOUR ( '', #2961 ) ;
#2274 = STYLED_ITEM ( 'NONE', ( #2070 ), #2149 ) ;
#2275 = UNCERTAINTY_MEASURE_WITH_UNIT (LENGTH_MEASURE( 1.000000000000000082E-05 ), #2730, 'distance_accuracy_value', 'NONE');
#2276 = EDGE_CURVE ( 'NONE', #428, #2398, #1771, .T. ) ;
#2277 = VECTOR ( 'NONE', #722, 1000.000000000000000 ) ;
#2278 = EDGE_CURVE ( 'NONE', #3238, #21, #2982, .T. ) ;
#2279 = VERTEX_POINT ( 'NONE', #3257 ) ;
#2280 =( NAMED_UNIT ( * ) SI_UNIT ( $, .STERADIAN. ) SOLID_ANGLE_UNIT ( ) );
#2281 = DIRECTION ( 'NONE',  ( 1.000000000000000000, 0.000000000000000000, 0.000000000000000000 ) ) ;
#2282 = FILL_AREA_STYLE_COLOUR ( '', #506 ) ;
#2283 = EDGE_CURVE ( 'NONE', #3134, #3456, #2677, .T. ) ;
#2284 =( NAMED_UNIT ( * ) SI_UNIT ( $, .STERADIAN. ) SOLID_ANGLE_UNIT ( ) );
#2285 = DIRECTION ( 'NONE',  ( 0.000000000000000000, -1.000000000000000000, 0.000000000000000000 ) ) ;
#2286 = UNCERTAINTY_MEASURE_WITH_UNIT (LENGTH_MEASURE( 1.000000000000000082E-05 ), #20, 'distance_accuracy_value', 'NONE');
#2287 = FILL_AREA_STYLE_COLOUR ( '', #2819 ) ;
#2288 = FILL_AREA_STYLE_COLOUR ( '', #3847 ) ;
#2289 = CARTESIAN_POINT ( 'NONE',  ( -2.000000000000000000, -2.349999999999999645, 0.2500000000000007216 ) ) ;
#2290 = PRESENTATION_STYLE_ASSIGNMENT (( #1915 ) ) ;
#2291 = LINE ( 'NONE', #3209, #3452 ) ;
#2292 = CARTESIAN_POINT ( 'NONE',  ( -4.246446609406725692, 4.700000000000000178, -2.096446609406726669 ) ) ;
#2293 = PRESENTATION_STYLE_ASSIGNMENT (( #3119 ) ) ;
#2294 = ADVANCED_FACE ( 'NONE', ( #325 ), #2382, .T. ) ;
#2295 = ORIENTED_EDGE ( 'NONE', *, *, #1162, .T. ) ;
#2296 = ORIENTED_EDGE ( 'NONE', *, *, #58, .T. ) ;
#2297 = SURFACE_STYLE_USAGE ( .BOTH. , #157 ) ;
#2298 = CARTESIAN_POINT ( 'NONE',  ( -4.349999999999999645, 0.3999999999999995226, 4.065758146820638546E-17 ) ) ;
#2300 = FACE_OUTER_BOUND ( 'NONE', #3333, .T. ) ;
#2299 = MECHANICAL_DESIGN_GEOMETRIC_PRESENTATION_REPRESENTATION (  '', ( #3253 ), #1616 ) ;
#2301 = VECTOR ( 'NONE', #1622, 1000.000000000000000 ) ;
#2302 =( NAMED_UNIT ( * ) PLANE_ANGLE_UNIT ( ) SI_UNIT ( $, .RADIAN. ) );
#2303 = UNCERTAINTY_MEASURE_WITH_UNIT (LENGTH_MEASURE( 1.000000000000000082E-05 ), #1420, 'distance_accuracy_value', 'NONE');
#2304 = LINE ( 'NONE', #503, #2765 ) ;
#2305 = SURFACE_STYLE_FILL_AREA ( #2940 ) ;
#2306 = LINE ( 'NONE', #3237, #2200 ) ;
#2307 = STYLED_ITEM ( 'NONE', ( #1951 ), #2647 ) ;
#2308 = FACE_OUTER_BOUND ( 'NONE', #1960, .T. ) ;
#2309 = FILL_AREA_STYLE ('',( #1684 ) ) ;
#2310 = AXIS2_PLACEMENT_3D ( 'NONE', #1362, #2549, #2247 ) ;
#2311 =( NAMED_UNIT ( * ) PLANE_ANGLE_UNIT ( ) SI_UNIT ( $, .RADIAN. ) );
#2312 = PRESENTATION_LAYER_ASSIGNMENT (  '', '', ( #2447 ) ) ;
#2313 = CARTESIAN_POINT ( 'NONE',  ( -2.349999999999999645, 0.6999999999999991784, -2.200000000000000178 ) ) ;
#2314 = DIRECTION ( 'NONE',  ( 0.000000000000000000, 0.000000000000000000, 1.000000000000000000 ) ) ;
#2315 = EDGE_LOOP ( 'NONE', ( #3022, #3016, #2481, #1350 ) ) ;
#2316 = CARTESIAN_POINT ( 'NONE',  ( -2.074999999999999734, 3.599999999999999645, 2.000000000000000000 ) ) ;
#2317 = ORIENTED_EDGE ( 'NONE', *, *, #3244, .F. ) ;
#2318 = CARTESIAN_POINT ( 'NONE',  ( 2.462855450382553713, 0.03030065993695323437, -1.202045922358904617 ) ) ;
#2319 = DIRECTION ( 'NONE',  ( 0.000000000000000000, 0.000000000000000000, 1.000000000000000000 ) ) ;
#2320 = COLOUR_RGB ( '',0.8470588235294117530, 0.8431372549019607865, 0.8470588235294117530 ) ;
#2321 = EDGE_CURVE ( 'NONE', #1781, #1321, #3171, .T. ) ;
#2322 = DIRECTION ( 'NONE',  ( 1.000000000000000000, -4.989666635317766880E-20, 0.000000000000000000 ) ) ;
#2323 = DIRECTION ( 'NONE',  ( -1.000000000000000000, -0.000000000000000000, -0.000000000000000000 ) ) ;
#2324 = PRESENTATION_STYLE_ASSIGNMENT (( #2888 ) ) ;
#2325 = SURFACE_STYLE_FILL_AREA ( #2548 ) ;
#2326 = STYLED_ITEM ( 'NONE', ( #1478 ), #1301 ) ;
#2327 = CARTESIAN_POINT ( 'NONE',  ( 0.000000000000000000, 0.000000000000000000, 0.000000000000000000 ) ) ;
#2328 = EDGE_CURVE ( 'NONE', #1068, #2931, #2746, .T. ) ;
#2329 = CARTESIAN_POINT ( 'NONE',  ( 2.349999999999999645, 1.349999999999999423, -2.200000000000000178 ) ) ;
#2330 = VECTOR ( 'NONE', #1539, 1000.000000000000000 ) ;
#2331 = VECTOR ( 'NONE', #3843, 1000.000000000000000 ) ;
#2332 = FACE_OUTER_BOUND ( 'NONE', #2442, .T. ) ;
#2333 = FACE_OUTER_BOUND ( 'NONE', #3122, .T. ) ;
#2334 = AXIS2_PLACEMENT_3D ( 'NONE', #1066, #1727, #558 ) ;
#2335 = DIRECTION ( 'NONE',  ( -0.000000000000000000, -0.000000000000000000, 1.000000000000000000 ) ) ;
#2336 = UNCERTAINTY_MEASURE_WITH_UNIT (LENGTH_MEASURE( 1.000000000000000082E-05 ), #108, 'distance_accuracy_value', 'NONE');
#2337 = AXIS2_PLACEMENT_3D ( 'NONE', #3736, #1082, #759 ) ;
#2338 = ORIENTED_EDGE ( 'NONE', *, *, #476, .T. ) ;
#2339 = FACE_OUTER_BOUND ( 'NONE', #2835, .T. ) ;
#2340 = FILL_AREA_STYLE ('',( #1485 ) ) ;
#2341 = FILL_AREA_STYLE_COLOUR ( '', #1892 ) ;
#2342 =( NAMED_UNIT ( * ) SI_UNIT ( $, .STERADIAN. ) SOLID_ANGLE_UNIT ( ) );
#2343 = LINE ( 'NONE', #885, #3691 ) ;
#2344 = FILL_AREA_STYLE ('',( #1740 ) ) ;
#2345 = STYLED_ITEM ( 'NONE', ( #2365 ), #1517 ) ;
#2346 = DIRECTION ( 'NONE',  ( 1.000000000000000000, 1.045014142154703367E-16, 0.000000000000000000 ) ) ;
#2347 = LINE ( 'NONE', #3047, #1756 ) ;
#2348 = EDGE_CURVE ( 'NONE', #2105, #3059, #3852, .T. ) ;
#2349 =( NAMED_UNIT ( * ) SI_UNIT ( $, .STERADIAN. ) SOLID_ANGLE_UNIT ( ) );
#2350 = UNCERTAINTY_MEASURE_WITH_UNIT (LENGTH_MEASURE( 1.000000000000000082E-05 ), #368, 'distance_accuracy_value', 'NONE');
#2351 = LINE ( 'NONE', #1521, #3835 ) ;
#2352 = ORIENTED_EDGE ( 'NONE', *, *, #3792, .T. ) ;
#2353 = EDGE_CURVE ( 'NONE', #2800, #2512, #3417, .T. ) ;
#2354 = ORIENTED_EDGE ( 'NONE', *, *, #165, .T. ) ;
#2355 = ORIENTED_EDGE ( 'NONE', *, *, #3348, .T. ) ;
#2356 = FILL_AREA_STYLE_COLOUR ( '', #2207 ) ;
#2357 = PLANE ( 'NONE',  #2471 ) ;
#2358 = DIRECTION ( 'NONE',  ( 1.000000000000000000, 0.000000000000000000, 0.000000000000000000 ) ) ;
#2359 = DIRECTION ( 'NONE',  ( 0.000000000000000000, 0.000000000000000000, -1.000000000000000000 ) ) ;
#2360 = FILL_AREA_STYLE ('',( #1196 ) ) ;
#2361 = DIRECTION ( 'NONE',  ( 0.7071067811865507924, 0.000000000000000000, 0.7071067811865441310 ) ) ;
#2362 = LINE ( 'NONE', #1491, #2760 ) ;
#2363 = STYLED_ITEM ( 'NONE', ( #3592 ), #2962 ) ;
#2364 = EDGE_CURVE ( 'NONE', #86, #3332, #734, .T. ) ;
#2365 = PRESENTATION_STYLE_ASSIGNMENT (( #2701 ) ) ;
#2366 = SURFACE_STYLE_FILL_AREA ( #23 ) ;
#2367 = CARTESIAN_POINT ( 'NONE',  ( -3.345530958050584758, 0.1933109650559080850, -1.151692553797756702 ) ) ;
#2368 = ADVANCED_FACE ( 'NONE', ( #3155 ), #3131, .T. ) ;
#2369 = PRESENTATION_LAYER_ASSIGNMENT (  '', '', ( #1867 ) ) ;
#2370 = VECTOR ( 'NONE', #1674, 1000.000000000000000 ) ;
#2371 = SURFACE_STYLE_USAGE ( .BOTH. , #2653 ) ;
#2372 = CARTESIAN_POINT ( 'NONE',  ( 2.000000000000000000, -2.349999999999999645, -4.714890176717308529E-16 ) ) ;
#2373 = EDGE_LOOP ( 'NONE', ( #2201, #1257, #3075, #73 ) ) ;
#2374 = ORIENTED_EDGE ( 'NONE', *, *, #1445, .T. ) ;
#2375 =( NAMED_UNIT ( * ) PLANE_ANGLE_UNIT ( ) SI_UNIT ( $, .RADIAN. ) );
#2376 = SURFACE_STYLE_FILL_AREA ( #3583 ) ;
#2377 = EDGE_CURVE ( 'NONE', #494, #322, #1652, .T. ) ;
#2378 =( NAMED_UNIT ( * ) SI_UNIT ( $, .STERADIAN. ) SOLID_ANGLE_UNIT ( ) );
#2379 = CARTESIAN_POINT ( 'NONE',  ( 3.949999999999999734, -8.673617379884035472E-16, -1.554076788117991846E-15 ) ) ;
#2380 = CYLINDRICAL_SURFACE ( 'NONE', #1975, 0.3999999999999999667 ) ;
#2381 = SURFACE_STYLE_USAGE ( .BOTH. , #3565 ) ;
#2382 = PLANE ( 'NONE',  #1210 ) ;
#2383 =( LENGTH_UNIT ( ) NAMED_UNIT ( * ) SI_UNIT ( .MILLI., .METRE. ) );
#2384 = CIRCLE ( 'NONE', #1531, 0.2500000000000003886 ) ;
#2385 = PRESENTATION_LAYER_ASSIGNMENT (  '', '', ( #80 ) ) ;
#2386 =( GEOMETRIC_REPRESENTATION_CONTEXT ( 3 ) GLOBAL_UNCERTAINTY_ASSIGNED_CONTEXT ( ( #2350 ) ) GLOBAL_UNIT_ASSIGNED_CONTEXT ( ( #368, #85, #3111 ) ) REPRESENTATION_CONTEXT ( 'NONE', 'WORKASPACE' ) );
#2387 = CARTESIAN_POINT ( 'NONE',  ( 2.168404344971009854E-16, 3.550000000000000266, 10.20000000000000107 ) ) ;
#2388 = DIRECTION ( 'NONE',  ( -0.000000000000000000, -1.000000000000000000, 0.000000000000000000 ) ) ;
#2389 = SURFACE_STYLE_USAGE ( .BOTH. , #2665 ) ;
#2390 = ORIENTED_EDGE ( 'NONE', *, *, #202, .F. ) ;
#2391 =( GEOMETRIC_REPRESENTATION_CONTEXT ( 3 ) GLOBAL_UNCERTAINTY_ASSIGNED_CONTEXT ( ( #571 ) ) GLOBAL_UNIT_ASSIGNED_CONTEXT ( ( #1687, #511, #2041 ) ) REPRESENTATION_CONTEXT ( 'NONE', 'WORKASPACE' ) );
#2392 = DIRECTION ( 'NONE',  ( 0.000000000000000000, 0.000000000000000000, -1.000000000000000000 ) ) ;
#2393 =( NAMED_UNIT ( * ) SI_UNIT ( $, .STERADIAN. ) SOLID_ANGLE_UNIT ( ) );
#2394 = LINE ( 'NONE', #314, #1151 ) ;
#2395 = ORIENTED_EDGE ( 'NONE', *, *, #2071, .T. ) ;
#2396 =( GEOMETRIC_REPRESENTATION_CONTEXT ( 3 ) GLOBAL_UNCERTAINTY_ASSIGNED_CONTEXT ( ( #1448 ) ) GLOBAL_UNIT_ASSIGNED_CONTEXT ( ( #1364, #1437, #1987 ) ) REPRESENTATION_CONTEXT ( 'NONE', 'WORKASPACE' ) );
#2397 = UNCERTAINTY_MEASURE_WITH_UNIT (LENGTH_MEASURE( 1.000000000000000082E-05 ), #1945, 'distance_accuracy_value', 'NONE');
#2398 = VERTEX_POINT ( 'NONE', #3655 ) ;
#2399 = CYLINDRICAL_SURFACE ( 'NONE', #3481, 0.2500000000000002220 ) ;
#2400 = LINE ( 'NONE', #2089, #3329 ) ;
#2401 = EDGE_CURVE ( 'NONE', #350, #256, #2171, .T. ) ;
#2402 = STYLED_ITEM ( 'NONE', ( #341 ), #3301 ) ;
#2403 = CARTESIAN_POINT ( 'NONE',  ( 4.349999999999999645, -9.063624274963587724E-16, 1.199999999999999734 ) ) ;
#2404 = VECTOR ( 'NONE', #2323, 1000.000000000000000 ) ;
#2405 = VECTOR ( 'NONE', #477, 1000.000000000000000 ) ;
#2406 = CARTESIAN_POINT ( 'NONE',  ( -3.949999999999999734, -3.061616997868380676E-16, -1.199999999999999734 ) ) ;
#2407 = AXIS2_PLACEMENT_3D ( 'NONE', #2628, #536, #1146 ) ;
#2408 = CARTESIAN_POINT ( 'NONE',  ( -3.349999999999999645, 0.2500000000000000000, -2.200000000000000178 ) ) ;
#2409 = DIRECTION ( 'NONE',  ( 2.065146995210484202E-16, -1.000000000000000000, -0.000000000000000000 ) ) ;
#2410 = PRESENTATION_STYLE_ASSIGNMENT (( #2696 ) ) ;
#2411 = ADVANCED_FACE ( 'NONE', ( #2254 ), #3469, .T. ) ;
#2412 = VECTOR ( 'NONE', #467, 1000.000000000000000 ) ;
#2413 = PLANE ( 'NONE',  #43 ) ;
#2414 = CARTESIAN_POINT ( 'NONE',  ( 2.000000000000000000, -2.349999999999999645, -0.2500000000000008882 ) ) ;
#2415 = DIRECTION ( 'NONE',  ( 0.000000000000000000, -0.9408874118687268195, -0.3387194682727416861 ) ) ;
#2416 = ORIENTED_EDGE ( 'NONE', *, *, #289, .F. ) ;
#2417 = ORIENTED_EDGE ( 'NONE', *, *, #3447, .F. ) ;
#2418 = CARTESIAN_POINT ( 'NONE',  ( -2.349999999999999645, 0.7000000000000000666, 0.000000000000000000 ) ) ;
#2419 = ORIENTED_EDGE ( 'NONE', *, *, #1594, .T. ) ;
#2420 = CARTESIAN_POINT ( 'NONE',  ( -2.000000000000000000, 1.550000000000000266, 2.000000000000000000 ) ) ;
#2421 = SPHERICAL_SURFACE ( 'NONE', #392, 0.2500000000000000000 ) ;
#2422 = ORIENTED_EDGE ( 'NONE', *, *, #357, .T. ) ;
#2423 = EDGE_CURVE ( 'NONE', #3752, #2779, #1980, .T. ) ;
#2424 = DIRECTION ( 'NONE',  ( 0.000000000000000000, 0.000000000000000000, 1.000000000000000000 ) ) ;
#2425 = FACE_OUTER_BOUND ( 'NONE', #2532, .T. ) ;
#2426 = SURFACE_STYLE_USAGE ( .BOTH. , #267 ) ;
#2427 = CARTESIAN_POINT ( 'NONE',  ( -4.349999999999999645, 0.000000000000000000, 2.199999999999998845 ) ) ;
#2428 = PRESENTATION_LAYER_ASSIGNMENT (  '', '', ( #2608 ) ) ;
#2429 = SURFACE_STYLE_USAGE ( .BOTH. , #1317 ) ;
#2430 = SURFACE_SIDE_STYLE ('',( #2199 ) ) ;
#2431 = DIRECTION ( 'NONE',  ( -0.000000000000000000, -1.000000000000000000, -0.000000000000000000 ) ) ;
#2432 = CARTESIAN_POINT ( 'NONE',  ( -2.376304738347015721, 0.1339847942805175995, 1.178292025437018609 ) ) ;
#2433 = CARTESIAN_POINT ( 'NONE',  ( 2.075000000000000622, 3.600000000000000533, 2.000000000000000000 ) ) ;
#2434 = VECTOR ( 'NONE', #3198, 1000.000000000000000 ) ;
#2435 = MECHANICAL_DESIGN_GEOMETRIC_PRESENTATION_REPRESENTATION (  '', ( #1677 ), #295 ) ;
#2436 = ORIENTED_EDGE ( 'NONE', *, *, #2927, .T. ) ;
#2437 = CARTESIAN_POINT ( 'NONE',  ( -2.349999999999999201, 0.2500000000000000555, -1.112249899919919516 ) ) ;
#2438 = COLOUR_RGB ( '',0.8470588235294117530, 0.8431372549019607865, 0.8470588235294117530 ) ;
#2439 = FILL_AREA_STYLE ('',( #3622 ) ) ;
#2440 = VECTOR ( 'NONE', #614, 1000.000000000000000 ) ;
#2441 = VERTEX_POINT ( 'NONE', #2895 ) ;
#2442 = EDGE_LOOP ( 'NONE', ( #3229, #3029, #1941, #115 ) ) ;
#2443 = ORIENTED_EDGE ( 'NONE', *, *, #607, .F. ) ;
#2444 = ORIENTED_EDGE ( 'NONE', *, *, #3540, .F. ) ;
#2445 = COLOUR_RGB ( '',0.8470588235294117530, 0.8431372549019607865, 0.8470588235294117530 ) ;
#2446 =( NAMED_UNIT ( * ) PLANE_ANGLE_UNIT ( ) SI_UNIT ( $, .RADIAN. ) );
#2447 = STYLED_ITEM ( 'NONE', ( #2775 ), #847 ) ;
#2448 = FACE_OUTER_BOUND ( 'NONE', #1078, .T. ) ;
#2449 = FILL_AREA_STYLE ('',( #2470 ) ) ;
#2450 = DIRECTION ( 'NONE',  ( 1.000000000000000000, 0.000000000000000000, 0.000000000000000000 ) ) ;
#2451 = CARTESIAN_POINT ( 'NONE',  ( 3.949999999999999734, -1.734723475976807094E-15, 2.935478377556205177E-15 ) ) ;
#2452 = ADVANCED_FACE ( 'NONE', ( #2609, #3824 ), #491, .T. ) ;
#2453 = VERTEX_POINT ( 'NONE', #1461 ) ;
#2454 = CARTESIAN_POINT ( 'NONE',  ( 0.000000000000000000, -2.600000000000000089, 1.561424668912875456E-16 ) ) ;
#2455 = PLANE ( 'NONE',  #250 ) ;
#2456 = PLANE ( 'NONE',  #1464 ) ;
#2457 = ADVANCED_FACE ( 'NONE', ( #2333 ), #3783, .T. ) ;
#2458 =( GEOMETRIC_REPRESENTATION_CONTEXT ( 3 ) GLOBAL_UNCERTAINTY_ASSIGNED_CONTEXT ( ( #2873 ) ) GLOBAL_UNIT_ASSIGNED_CONTEXT ( ( #2629, #3423, #1925 ) ) REPRESENTATION_CONTEXT ( 'NONE', 'WORKASPACE' ) );
#2459 = ORIENTED_EDGE ( 'NONE', *, *, #3804, .F. ) ;
#2460 = CARTESIAN_POINT ( 'NONE',  ( -3.349999999999999645, -5.510910596163085611E-16, 0.7999999999999997113 ) ) ;
#2461 = FACE_OUTER_BOUND ( 'NONE', #966, .T. ) ;
#2462 =( GEOMETRIC_REPRESENTATION_CONTEXT ( 3 ) GLOBAL_UNCERTAINTY_ASSIGNED_CONTEXT ( ( #2286 ) ) GLOBAL_UNIT_ASSIGNED_CONTEXT ( ( #20, #269, #1473 ) ) REPRESENTATION_CONTEXT ( 'NONE', 'WORKASPACE' ) );
#2463 = FILL_AREA_STYLE ('',( #3330 ) ) ;
#2464 = ORIENTED_EDGE ( 'NONE', *, *, #1238, .F. ) ;
#2465 = VERTEX_POINT ( 'NONE', #518 ) ;
#2466 = COLOUR_RGB ( '',0.8470588235294117530, 0.8431372549019607865, 0.8470588235294117530 ) ;
#2467 = ORIENTED_EDGE ( 'NONE', *, *, #2156, .T. ) ;
#2468 = VECTOR ( 'NONE', #1499, 1000.000000000000000 ) ;
#2469 = FACE_BOUND ( 'NONE', #3807, .T. ) ;
#2470 = FILL_AREA_STYLE_COLOUR ( '', #1650 ) ;
#2471 = AXIS2_PLACEMENT_3D ( 'NONE', #3562, #882, #942 ) ;
#2472 = DIRECTION ( 'NONE',  ( 0.000000000000000000, -0.9408874118687268195, -0.3387194682727417416 ) ) ;
#2473 = ORIENTED_EDGE ( 'NONE', *, *, #1057, .F. ) ;
#2474 = VECTOR ( 'NONE', #3607, 1000.000000000000000 ) ;
#2475 = ORIENTED_EDGE ( 'NONE', *, *, #1720, .T. ) ;
#2476 = PRESENTATION_LAYER_ASSIGNMENT (  '', '', ( #3839 ) ) ;
#2477 = CARTESIAN_POINT ( 'NONE',  ( 0.000000000000000000, 1.407106781186548528, -0.2499999999999998335 ) ) ;
#2478 =( GEOMETRIC_REPRESENTATION_CONTEXT ( 3 ) GLOBAL_UNCERTAINTY_ASSIGNED_CONTEXT ( ( #555 ) ) GLOBAL_UNIT_ASSIGNED_CONTEXT ( ( #2602, #2302, #824 ) ) REPRESENTATION_CONTEXT ( 'NONE', 'WORKASPACE' ) );
#2479 = DIRECTION ( 'NONE',  ( 0.000000000000000000, 1.000000000000000000, -0.000000000000000000 ) ) ;
#2480 = CARTESIAN_POINT ( 'NONE',  ( 0.000000000000000000, 0.000000000000000000, 10.20000000000000107 ) ) ;
#2481 = ORIENTED_EDGE ( 'NONE', *, *, #1704, .F. ) ;
#2482 = EDGE_CURVE ( 'NONE', #93, #3380, #224, .T. ) ;
#2483 = PRESENTATION_LAYER_ASSIGNMENT (  '', '', ( #473 ) ) ;
#2484 = ORIENTED_EDGE ( 'NONE', *, *, #957, .T. ) ;
#2485 = ORIENTED_EDGE ( 'NONE', *, *, #921, .F. ) ;
#2486 = VERTEX_POINT ( 'NONE', #963 ) ;
#2487 = DIRECTION ( 'NONE',  ( 1.000000000000000000, 2.090028284309406735E-16, 0.000000000000000000 ) ) ;
#2488 = FILL_AREA_STYLE_COLOUR ( '', #2438 ) ;
#2489 = ORIENTED_EDGE ( 'NONE', *, *, #978, .T. ) ;
#2490 = VERTEX_POINT ( 'NONE', #3281 ) ;
#2491 =( LENGTH_UNIT ( ) NAMED_UNIT ( * ) SI_UNIT ( .MILLI., .METRE. ) );
#2492 = CARTESIAN_POINT ( 'NONE',  ( 2.000000000000000000, -2.600000000000000089, -4.561809326823889594E-16 ) ) ;
#2493 = STYLED_ITEM ( 'NONE', ( #336 ), #2494 ) ;
#2494 = ADVANCED_FACE ( 'NONE', ( #312 ), #637, .T. ) ;
#2495 = ORIENTED_EDGE ( 'NONE', *, *, #499, .F. ) ;
#2496 = LINE ( 'NONE', #2191, #487 ) ;
#2497 = VECTOR ( 'NONE', #2777, 1000.000000000000000 ) ;
#2498 =( NAMED_UNIT ( * ) PLANE_ANGLE_UNIT ( ) SI_UNIT ( $, .RADIAN. ) );
#2499 = EDGE_LOOP ( 'NONE', ( #2495, #1777, #1482, #1465 ) ) ;
#2500 = PRESENTATION_LAYER_ASSIGNMENT (  '', '', ( #952 ) ) ;
#2501 = FILL_AREA_STYLE_COLOUR ( '', #586 ) ;
#2502 = AXIS2_PLACEMENT_3D ( 'NONE', #1067, #3458, #1943 ) ;
#2503 = ORIENTED_EDGE ( 'NONE', *, *, #1475, .T. ) ;
#2504 =( LENGTH_UNIT ( ) NAMED_UNIT ( * ) SI_UNIT ( .MILLI., .METRE. ) );
#2505 = CARTESIAN_POINT ( 'NONE',  ( 2.599999999999999645, 0.2500000000000000000, 2.200000000000000178 ) ) ;
#2506 = FACE_OUTER_BOUND ( 'NONE', #1308, .T. ) ;
#2507 = CARTESIAN_POINT ( 'NONE',  ( 0.000000000000000000, 4.450000000000000178, -1.950000000000000178 ) ) ;
#2508 = CARTESIAN_POINT ( 'NONE',  ( 4.349999999999999645, 4.450000000000000178, 2.200000000000000178 ) ) ;
#2509 = DIRECTION ( 'NONE',  ( 0.000000000000000000, 0.000000000000000000, -1.000000000000000000 ) ) ;
#2510 = ORIENTED_EDGE ( 'NONE', *, *, #1983, .T. ) ;
#2511 = UNCERTAINTY_MEASURE_WITH_UNIT (LENGTH_MEASURE( 1.000000000000000082E-05 ), #3789, 'distance_accuracy_value', 'NONE');
#2512 = VERTEX_POINT ( 'NONE', #294 ) ;
#2513 = MECHANICAL_DESIGN_GEOMETRIC_PRESENTATION_REPRESENTATION (  '', ( #2326 ), #2837 ) ;
#2514 =( NAMED_UNIT ( * ) PLANE_ANGLE_UNIT ( ) SI_UNIT ( $, .RADIAN. ) );
#2515 = EDGE_CURVE ( 'NONE', #1590, #2152, #2755, .T. ) ;
#2516 = CARTESIAN_POINT ( 'NONE',  ( 4.349999999999999645, -2.500000000000002665, -0.1499999999999999667 ) ) ;
#2517 = ORIENTED_EDGE ( 'NONE', *, *, #931, .F. ) ;
#2518 = EDGE_LOOP ( 'NONE', ( #2231, #2700, #2459 ) ) ;
#2519 = SURFACE_SIDE_STYLE ('',( #3245 ) ) ;
#2520 =( LENGTH_UNIT ( ) NAMED_UNIT ( * ) SI_UNIT ( .MILLI., .METRE. ) );
#2521 =( NAMED_UNIT ( * ) SI_UNIT ( $, .STERADIAN. ) SOLID_ANGLE_UNIT ( ) );
#2522 = MECHANICAL_DESIGN_GEOMETRIC_PRESENTATION_REPRESENTATION (  '', ( #1764 ), #1706 ) ;
#2523 = VERTEX_POINT ( 'NONE', #3353 ) ;
#2524 = DIRECTION ( 'NONE',  ( 0.000000000000000000, 6.245698675651497881E-16, 1.000000000000000000 ) ) ;
#2525 = MECHANICAL_DESIGN_GEOMETRIC_PRESENTATION_REPRESENTATION (  '', ( #2402 ), #1154 ) ;
#2526 = PLANE ( 'NONE',  #2078 ) ;
#2527 = EDGE_CURVE ( 'NONE', #1582, #572, #666, .T. ) ;
#2528 = LINE ( 'NONE', #1325, #443 ) ;
#2529 = PRESENTATION_STYLE_ASSIGNMENT (( #2185 ) ) ;
#2530 = PRESENTATION_LAYER_ASSIGNMENT (  '', '', ( #528 ) ) ;
#2531 = EDGE_CURVE ( 'NONE', #2046, #430, #1798, .T. ) ;
#2532 = EDGE_LOOP ( 'NONE', ( #1337, #920, #2836, #3528 ) ) ;
#2533 = CARTESIAN_POINT ( 'NONE',  ( -3.949999999999999734, 3.826133144475920567, 2.427407932011331759 ) ) ;
#2534 =( LENGTH_UNIT ( ) NAMED_UNIT ( * ) SI_UNIT ( .MILLI., .METRE. ) );
#2535 = ORIENTED_EDGE ( 'NONE', *, *, #3725, .T. ) ;
#2536 = EDGE_LOOP ( 'NONE', ( #877, #649, #2256, #540 ) ) ;
#2537 = SURFACE_STYLE_FILL_AREA ( #3115 ) ;
#2538 = EDGE_LOOP ( 'NONE', ( #617, #1786, #3277, #2131 ) ) ;
#2539 = EDGE_CURVE ( 'NONE', #3684, #2237, #3598, .T. ) ;
#2540 = SURFACE_SIDE_STYLE ('',( #1047 ) ) ;
#2541 = DIRECTION ( 'NONE',  ( 2.065146995210484202E-16, -1.000000000000000000, -0.000000000000000000 ) ) ;
#2542 = AXIS2_PLACEMENT_3D ( 'NONE', #811, #2023, #1128 ) ;
#2543 =( LENGTH_UNIT ( ) NAMED_UNIT ( * ) SI_UNIT ( .MILLI., .METRE. ) );
#2544 = CARTESIAN_POINT ( 'NONE',  ( -4.349999999999999645, 3.826133144475920567, 2.427407932011331759 ) ) ;
#2545 = EDGE_CURVE ( 'NONE', #3213, #110, #3003, .T. ) ;
#2546 =( NAMED_UNIT ( * ) PLANE_ANGLE_UNIT ( ) SI_UNIT ( $, .RADIAN. ) );
#2547 = DIRECTION ( 'NONE',  ( -0.000000000000000000, -0.000000000000000000, -1.000000000000000000 ) ) ;
#2548 = FILL_AREA_STYLE ('',( #1141 ) ) ;
#2549 = DIRECTION ( 'NONE',  ( -1.000000000000000000, -0.000000000000000000, -0.000000000000000000 ) ) ;
#2550 = PRODUCT_CONTEXT ( 'NONE', #3461, 'mechanical' ) ;
#2551 = EDGE_LOOP ( 'NONE', ( #100, #2060, #3642, #3558 ) ) ;
#2552 = EDGE_CURVE ( 'NONE', #2465, #1060, #1564, .T. ) ;
#2553 = SURFACE_SIDE_STYLE ('',( #1000 ) ) ;
#2554 = PRESENTATION_STYLE_ASSIGNMENT (( #2210 ) ) ;
#2555 = DIRECTION ( 'NONE',  ( -1.000000000000000000, -0.000000000000000000, -0.000000000000000000 ) ) ;
#2556 = PRESENTATION_LAYER_ASSIGNMENT (  '', '', ( #123 ) ) ;
#2557 = ORIENTED_EDGE ( 'NONE', *, *, #3848, .T. ) ;
#2558 = CARTESIAN_POINT ( 'NONE',  ( -3.349999999999999645, 0.2500000000000000000, 2.200000000000000178 ) ) ;
#2559 = COLOUR_RGB ( '',0.8470588235294117530, 0.8431372549019607865, 0.8470588235294117530 ) ;
#2560 = CARTESIAN_POINT ( 'NONE',  ( 2.349999999999999645, 0.2500000000000000555, 1.112249899919919072 ) ) ;
#2561 = PLANE ( 'NONE',  #814 ) ;
#2562 = STYLED_ITEM ( 'NONE', ( #215 ), #2846 ) ;
#2563 = CARTESIAN_POINT ( 'NONE',  ( -2.000000000000000000, 1.407106781186548528, 7.531577814756221078E-16 ) ) ;
#2564 = FACE_OUTER_BOUND ( 'NONE', #2952, .T. ) ;
#2565 = UNCERTAINTY_MEASURE_WITH_UNIT (LENGTH_MEASURE( 1.000000000000000082E-05 ), #2838, 'distance_accuracy_value', 'NONE');
#2566 = LINE ( 'NONE', #626, #884 ) ;
#2567 = EDGE_CURVE ( 'NONE', #939, #3358, #686, .T. ) ;
#2568 = AXIS2_PLACEMENT_3D ( 'NONE', #469, #1665, #1377 ) ;
#2569 = PRESENTATION_STYLE_ASSIGNMENT (( #547 ) ) ;
#2570 = FACE_OUTER_BOUND ( 'NONE', #1567, .T. ) ;
#2571 = EDGE_CURVE ( 'NONE', #1370, #2091, #3356, .T. ) ;
#2572 = DIRECTION ( 'NONE',  ( 0.000000000000000000, 1.000000000000000000, -0.000000000000000000 ) ) ;
#2573 = SURFACE_STYLE_USAGE ( .BOTH. , #1973 ) ;
#2574 = FILL_AREA_STYLE_COLOUR ( '', #1314 ) ;
#2575 = VECTOR ( 'NONE', #2047, 1000.000000000000000 ) ;
#2576 = VECTOR ( 'NONE', #1182, 1000.000000000000000 ) ;
#2577 = AXIS2_PLACEMENT_3D ( 'NONE', #2460, #2829, #3392 ) ;
#2578 = ORIENTED_EDGE ( 'NONE', *, *, #3640, .T. ) ;
#2579 = SURFACE_STYLE_USAGE ( .BOTH. , #2216 ) ;
#2580 = FILL_AREA_STYLE ('',( #176 ) ) ;
#2581 = DIRECTION ( 'NONE',  ( -0.000000000000000000, -1.000000000000000000, 0.000000000000000000 ) ) ;
#2582 = CYLINDRICAL_SURFACE ( 'NONE', #2262, 0.2500000000000002220 ) ;
#2583 = CARTESIAN_POINT ( 'NONE',  ( 3.349999999999999645, -5.510910596163085611E-16, 0.7999999999999997113 ) ) ;
#2584 = COLOUR_RGB ( '',0.8470588235294117530, 0.8431372549019607865, 0.8470588235294117530 ) ;
#2585 = LINE ( 'NONE', #3220, #3424 ) ;
#2586 = CARTESIAN_POINT ( 'NONE',  ( -2.000000000000000000, -2.349999999999999645, -0.2499999999999991951 ) ) ;
#2587 = EDGE_CURVE ( 'NONE', #2181, #452, #1988, .T. ) ;
#2588 = DIRECTION ( 'NONE',  ( 1.000000000000000000, -0.000000000000000000, -0.000000000000000000 ) ) ;
#2589 = COLOUR_RGB ( '',0.8470588235294117530, 0.8431372549019607865, 0.8470588235294117530 ) ;
#2590 =( GEOMETRIC_REPRESENTATION_CONTEXT ( 3 ) GLOBAL_UNCERTAINTY_ASSIGNED_CONTEXT ( ( #2949 ) ) GLOBAL_UNIT_ASSIGNED_CONTEXT ( ( #1770, #18, #3614 ) ) REPRESENTATION_CONTEXT ( 'NONE', 'WORKASPACE' ) );
#2591 =( NAMED_UNIT ( * ) PLANE_ANGLE_UNIT ( ) SI_UNIT ( $, .RADIAN. ) );
#2592 = UNCERTAINTY_MEASURE_WITH_UNIT (LENGTH_MEASURE( 1.000000000000000082E-05 ), #167, 'distance_accuracy_value', 'NONE');
#2593 = MECHANICAL_DESIGN_GEOMETRIC_PRESENTATION_REPRESENTATION (  '', ( #588 ), #842 ) ;
#2594 = STYLED_ITEM ( 'NONE', ( #1697 ), #1653 ) ;
#2595 = ORIENTED_EDGE ( 'NONE', *, *, #2662, .F. ) ;
#2596 = ORIENTED_EDGE ( 'NONE', *, *, #3668, .T. ) ;
#2597 = CARTESIAN_POINT ( 'NONE',  ( 0.000000000000000000, 3.550000000000000266, 2.000000000000000000 ) ) ;
#2598 = EDGE_CURVE ( 'NONE', #3859, #3380, #49, .T. ) ;
#2599 = DIRECTION ( 'NONE',  ( 2.065146995210484202E-16, -1.000000000000000000, -0.000000000000000000 ) ) ;
#2600 = DIRECTION ( 'NONE',  ( -9.637352644315614471E-16, 1.000000000000000000, 0.000000000000000000 ) ) ;
#2601 = LINE ( 'NONE', #3793, #573 ) ;
#2602 =( LENGTH_UNIT ( ) NAMED_UNIT ( * ) SI_UNIT ( .MILLI., .METRE. ) );
#2603 = DIRECTION ( 'NONE',  ( -1.000000000000000000, 0.000000000000000000, 0.000000000000000000 ) ) ;
#2604 = PLANE ( 'NONE',  #731 ) ;
#2605 =( GEOMETRIC_REPRESENTATION_CONTEXT ( 3 ) GLOBAL_UNCERTAINTY_ASSIGNED_CONTEXT ( ( #2029 ) ) GLOBAL_UNIT_ASSIGNED_CONTEXT ( ( #258, #2056, #2097 ) ) REPRESENTATION_CONTEXT ( 'NONE', 'WORKASPACE' ) );
#2606 = CARTESIAN_POINT ( 'NONE',  ( -2.349999999999999645, 1.349999999999999645, -2.200000000000000178 ) ) ;
#2607 =( NAMED_UNIT ( * ) PLANE_ANGLE_UNIT ( ) SI_UNIT ( $, .RADIAN. ) );
#2608 = STYLED_ITEM ( 'NONE', ( #2290 ), #907 ) ;
#2609 = FACE_OUTER_BOUND ( 'NONE', #636, .T. ) ;
#2610 = EDGE_CURVE ( 'NONE', #3383, #2779, #89, .T. ) ;
#2611 = ORIENTED_EDGE ( 'NONE', *, *, #1958, .T. ) ;
#2612 = EDGE_LOOP ( 'NONE', ( #2038, #3381, #3470, #765 ) ) ;
#2613 = DIRECTION ( 'NONE',  ( -0.000000000000000000, -0.000000000000000000, -1.000000000000000000 ) ) ;
#2614 =( NAMED_UNIT ( * ) PLANE_ANGLE_UNIT ( ) SI_UNIT ( $, .RADIAN. ) );
#2615 = SURFACE_SIDE_STYLE ('',( #3812 ) ) ;
#2616 = EDGE_CURVE ( 'NONE', #1181, #708, #372, .T. ) ;
#2617 = PRESENTATION_STYLE_ASSIGNMENT (( #3714 ) ) ;
#2618 = SURFACE_STYLE_FILL_AREA ( #3833 ) ;
#2619 = CIRCLE ( 'NONE', #755, 0.2499999999999999445 ) ;
#2620 = SURFACE_SIDE_STYLE ('',( #1110 ) ) ;
#2621 = UNCERTAINTY_MEASURE_WITH_UNIT (LENGTH_MEASURE( 1.000000000000000082E-05 ), #1248, 'distance_accuracy_value', 'NONE');
#2622 = DIRECTION ( 'NONE',  ( -1.000000000000000000, 0.000000000000000000, 0.000000000000000000 ) ) ;
#2623 = APPLICATION_PROTOCOL_DEFINITION ( 'draft international standard', 'automotive_design', 1998, #3461 ) ;
#2624 = COLOUR_RGB ( '',0.8470588235294117530, 0.8431372549019607865, 0.8470588235294117530 ) ;
#2625 = LINE ( 'NONE', #447, #406 ) ;
#2626 = SURFACE_STYLE_FILL_AREA ( #2003 ) ;
#2627 = CIRCLE ( 'NONE', #493, 0.3999999999999999667 ) ;
#2628 = CARTESIAN_POINT ( 'NONE',  ( 0.000000000000000000, 0.7000000000000000666, 1.408343819019456275E-16 ) ) ;
#2629 =( LENGTH_UNIT ( ) NAMED_UNIT ( * ) SI_UNIT ( .MILLI., .METRE. ) );
#2630 = VECTOR ( 'NONE', #3811, 1000.000000000000000 ) ;
#2631 = SURFACE_STYLE_USAGE ( .BOTH. , #852 ) ;
#2632 = UNCERTAINTY_MEASURE_WITH_UNIT (LENGTH_MEASURE( 1.000000000000000082E-05 ), #3411, 'distance_accuracy_value', 'NONE');
#2633 = DIRECTION ( 'NONE',  ( 0.000000000000000000, 0.000000000000000000, 1.000000000000000000 ) ) ;
#2634 = VERTEX_POINT ( 'NONE', #2492 ) ;
#2635 = ADVANCED_FACE ( 'NONE', ( #3717 ), #1036, .T. ) ;
#2636 =( LENGTH_UNIT ( ) NAMED_UNIT ( * ) SI_UNIT ( .MILLI., .METRE. ) );
#2637 =( NAMED_UNIT ( * ) PLANE_ANGLE_UNIT ( ) SI_UNIT ( $, .RADIAN. ) );
#2638 = DIRECTION ( 'NONE',  ( 0.000000000000000000, -0.9408874118687269306, 0.3387194682727414086 ) ) ;
#2639 = SURFACE_STYLE_USAGE ( .BOTH. , #121 ) ;
#2640 = AXIS2_PLACEMENT_3D ( 'NONE', #1693, #1453, #3216 ) ;
#2641 = PRESENTATION_LAYER_ASSIGNMENT (  '', '', ( #2122 ) ) ;
#2642 = PRESENTATION_STYLE_ASSIGNMENT (( #3547 ) ) ;
#2643 = DIRECTION ( 'NONE',  ( 0.000000000000000000, 0.000000000000000000, 1.000000000000000000 ) ) ;
#2644 = VECTOR ( 'NONE', #2409, 1000.000000000000000 ) ;
#2645 = FILL_AREA_STYLE_COLOUR ( '', #1880 ) ;
#2646 = FILL_AREA_STYLE ('',( #2924 ) ) ;
#2647 = ADVANCED_FACE ( 'NONE', ( #1875 ), #3169, .T. ) ;
#2648 = FILL_AREA_STYLE ('',( #1176 ) ) ;
#2649 = DIRECTION ( 'NONE',  ( 0.000000000000000000, 0.000000000000000000, 1.000000000000000000 ) ) ;
#2650 = ADVANCED_FACE ( 'NONE', ( #390 ), #3241, .T. ) ;
#2651 =( NAMED_UNIT ( * ) SI_UNIT ( $, .STERADIAN. ) SOLID_ANGLE_UNIT ( ) );
#2652 = CIRCLE ( 'NONE', #329, 0.2499999999999999445 ) ;
#2653 = SURFACE_SIDE_STYLE ('',( #3802 ) ) ;
#2654 = DIRECTION ( 'NONE',  ( -1.000000000000000000, 0.000000000000000000, 0.000000000000000000 ) ) ;
#2655 = UNCERTAINTY_MEASURE_WITH_UNIT (LENGTH_MEASURE( 1.000000000000000082E-05 ), #2491, 'distance_accuracy_value', 'NONE');
#2656 = ORIENTED_EDGE ( 'NONE', *, *, #1965, .F. ) ;
#2657 = CARTESIAN_POINT ( 'NONE',  ( 2.600000000000000089, -3.306546357697851761E-16, -1.199999999999999734 ) ) ;
#2658 = CARTESIAN_POINT ( 'NONE',  ( -3.949999999999999734, 4.645085803432136728, -0.3432137285491430045 ) ) ;
#2659 = ADVANCED_FACE ( 'NONE', ( #1917 ), #3821, .F. ) ;
#2660 = FILL_AREA_STYLE ('',( #1159 ) ) ;
#2661 = CYLINDRICAL_SURFACE ( 'NONE', #3129, 0.3999999999999999667 ) ;
#2662 = EDGE_CURVE ( 'NONE', #3332, #3790, #2291, .T. ) ;
#2663 = CARTESIAN_POINT ( 'NONE',  ( -3.349999999999999645, 0.2500000000000000000, 2.200000000000000178 ) ) ;
#2664 = DIRECTION ( 'NONE',  ( 0.000000000000000000, -6.245698675651497881E-16, -1.000000000000000000 ) ) ;
#2665 = SURFACE_SIDE_STYLE ('',( #3021 ) ) ;
#2666 = EDGE_CURVE ( 'NONE', #1068, #2237, #3766, .T. ) ;
#2667 =( NAMED_UNIT ( * ) SI_UNIT ( $, .STERADIAN. ) SOLID_ANGLE_UNIT ( ) );
#2668 = SURFACE_SIDE_STYLE ('',( #1278 ) ) ;
#2669 = CARTESIAN_POINT ( 'NONE',  ( 3.949999999999999734, -2.499999999999999556, 0.1499999999999999667 ) ) ;
#2670 = MECHANICAL_DESIGN_GEOMETRIC_PRESENTATION_REPRESENTATION (  '', ( #1063 ), #1369 ) ;
#2671 = ORIENTED_EDGE ( 'NONE', *, *, #1792, .F. ) ;
#2672 = ORIENTED_EDGE ( 'NONE', *, *, #867, .T. ) ;
#2673 = CARTESIAN_POINT ( 'NONE',  ( 2.349999999999999201, 0.2500000000000000555, 2.200000000000000178 ) ) ;
#2674 =( NAMED_UNIT ( * ) PLANE_ANGLE_UNIT ( ) SI_UNIT ( $, .RADIAN. ) );
#2675 = LINE ( 'NONE', #2072, #3721 ) ;
#2676 = COLOUR_RGB ( '',0.8470588235294117530, 0.8431372549019607865, 0.8470588235294117530 ) ;
#2677 = LINE ( 'NONE', #3868, #3272 ) ;
#2678 = SURFACE_STYLE_USAGE ( .BOTH. , #2747 ) ;
#2679 = COLOUR_RGB ( '',0.8470588235294117530, 0.8431372549019607865, 0.8470588235294117530 ) ;
#2680 = CIRCLE ( 'NONE', #60, 0.2500000000000002220 ) ;
#2681 = ADVANCED_FACE ( 'NONE', ( #1381 ), #3551, .T. ) ;
#2682 =( GEOMETRIC_REPRESENTATION_CONTEXT ( 3 ) GLOBAL_UNCERTAINTY_ASSIGNED_CONTEXT ( ( #2019 ) ) GLOBAL_UNIT_ASSIGNED_CONTEXT ( ( #1129, #1403, #3781 ) ) REPRESENTATION_CONTEXT ( 'NONE', 'WORKASPACE' ) );
#2683 = CARTESIAN_POINT ( 'NONE',  ( 3.949999999999999734, -2.499999999999999556, 0.000000000000000000 ) ) ;
#2684 = EDGE_CURVE ( 'NONE', #2953, #3358, #1794, .T. ) ;
#2685 = COLOUR_RGB ( '',0.8470588235294117530, 0.8431372549019607865, 0.8470588235294117530 ) ;
#2686 = ORIENTED_EDGE ( 'NONE', *, *, #436, .F. ) ;
#2687 = DIRECTION ( 'NONE',  ( -0.000000000000000000, -1.000000000000000000, -0.000000000000000000 ) ) ;
#2688 = VERTEX_POINT ( 'NONE', #1538 ) ;
#2689 = ORIENTED_EDGE ( 'NONE', *, *, #516, .F. ) ;
#2690 = DIRECTION ( 'NONE',  ( 0.000000000000000000, 3.306546357697854719E-16, -1.000000000000000000 ) ) ;
#2691 = DIRECTION ( 'NONE',  ( 1.000000000000000000, 0.000000000000000000, 0.000000000000000000 ) ) ;
#2692 = CARTESIAN_POINT ( 'NONE',  ( 2.075000000000000622, 3.600000000000000533, 2.000000000000000000 ) ) ;
#2693 = ORIENTED_EDGE ( 'NONE', *, *, #3200, .T. ) ;
#2694 = SURFACE_SIDE_STYLE ('',( #2618 ) ) ;
#2695 = FILL_AREA_STYLE_COLOUR ( '', #2059 ) ;
#2696 = SURFACE_STYLE_USAGE ( .BOTH. , #2077 ) ;
#2697 = AXIS2_PLACEMENT_3D ( 'NONE', #191, #1390, #3771 ) ;
#2698 = MECHANICAL_DESIGN_GEOMETRIC_PRESENTATION_REPRESENTATION (  '', ( #80 ), #2458 ) ;
#2699 = APPLICATION_PROTOCOL_DEFINITION ( 'draft international standard', 'automotive_design', 1998, #1689 ) ;
#2700 = ORIENTED_EDGE ( 'NONE', *, *, #1862, .T. ) ;
#2701 = SURFACE_STYLE_USAGE ( .BOTH. , #1793 ) ;
#2702 = SURFACE_SIDE_STYLE ('',( #2366 ) ) ;
#2703 = CARTESIAN_POINT ( 'NONE',  ( -3.349999999999999645, 0.2229852138238122006, -1.133879039099080277 ) ) ;
#2704 = PRESENTATION_LAYER_ASSIGNMENT (  '', '', ( #2958 ) ) ;
#2705 = EDGE_CURVE ( 'NONE', #672, #2177, #3151, .T. ) ;
#2706 = PLANE ( 'NONE',  #1701 ) ;
#2707 = VECTOR ( 'NONE', #3620, 1000.000000000000000 ) ;
#2708 = DIRECTION ( 'NONE',  ( 0.7071067811865507924, -0.000000000000000000, -0.7071067811865441310 ) ) ;
#2709 =( GEOMETRIC_REPRESENTATION_CONTEXT ( 3 ) GLOBAL_UNCERTAINTY_ASSIGNED_CONTEXT ( ( #3432 ) ) GLOBAL_UNIT_ASSIGNED_CONTEXT ( ( #1413, #3121, #2521 ) ) REPRESENTATION_CONTEXT ( 'NONE', 'WORKASPACE' ) );
#2710 = ORIENTED_EDGE ( 'NONE', *, *, #754, .T. ) ;
#2711 = STYLED_ITEM ( 'NONE', ( #162 ), #3386 ) ;
#2712 = UNCERTAINTY_MEASURE_WITH_UNIT (LENGTH_MEASURE( 1.000000000000000082E-05 ), #180, 'distance_accuracy_value', 'NONE');
#2713 = ORIENTED_EDGE ( 'NONE', *, *, #3020, .F. ) ;
#2714 = CARTESIAN_POINT ( 'NONE',  ( 3.949999999999999734, 3.826133144475921899, -2.427407932011330871 ) ) ;
#2715 = DIRECTION ( 'NONE',  ( 0.000000000000000000, 0.000000000000000000, 1.000000000000000000 ) ) ;
#2716 =( NAMED_UNIT ( * ) SI_UNIT ( $, .STERADIAN. ) SOLID_ANGLE_UNIT ( ) );
#2717 = VECTOR ( 'NONE', #3507, 1000.000000000000000 ) ;
#2718 = CARTESIAN_POINT ( 'NONE',  ( 0.000000000000000000, 3.550000000000000266, 10.20000000000000107 ) ) ;
#2719 =( GEOMETRIC_REPRESENTATION_CONTEXT ( 3 ) GLOBAL_UNCERTAINTY_ASSIGNED_CONTEXT ( ( #875 ) ) GLOBAL_UNIT_ASSIGNED_CONTEXT ( ( #1175, #2050, #324 ) ) REPRESENTATION_CONTEXT ( 'NONE', 'WORKASPACE' ) );
#2720 = ORIENTED_EDGE ( 'NONE', *, *, #3072, .T. ) ;
#2721 = CARTESIAN_POINT ( 'NONE',  ( 0.000000000000000000, 1.407106781186548528, 1.408343819019456275E-16 ) ) ;
#2722 = CARTESIAN_POINT ( 'NONE',  ( 3.949999999999999734, 3.826133144475921899, -2.427407932011330871 ) ) ;
#2723 = DIRECTION ( 'NONE',  ( -0.7071067811865442421, 0.000000000000000000, 0.7071067811865509034 ) ) ;
#2724 = SURFACE_STYLE_FILL_AREA ( #1557 ) ;
#2725 = PRESENTATION_LAYER_ASSIGNMENT (  '', '', ( #3043 ) ) ;
#2726 = ORIENTED_EDGE ( 'NONE', *, *, #2348, .T. ) ;
#2727 = CARTESIAN_POINT ( 'NONE',  ( -0.5000000000000011102, 3.550000000000000266, 10.20000000000000107 ) ) ;
#2728 = CARTESIAN_POINT ( 'NONE',  ( -3.949999999999999734, -9.852396348986294787E-16, 1.199999999999999734 ) ) ;
#2729 =( GEOMETRIC_REPRESENTATION_CONTEXT ( 3 ) GLOBAL_UNCERTAINTY_ASSIGNED_CONTEXT ( ( #3842 ) ) GLOBAL_UNIT_ASSIGNED_CONTEXT ( ( #1379, #1971, #3188 ) ) REPRESENTATION_CONTEXT ( 'NONE', 'WORKASPACE' ) );
#2730 =( LENGTH_UNIT ( ) NAMED_UNIT ( * ) SI_UNIT ( .MILLI., .METRE. ) );
#2731 = CARTESIAN_POINT ( 'NONE',  ( -2.349999999999998757, 0.1959718679618052406, -1.155507025103987839 ) ) ;
#2732 = DIRECTION ( 'NONE',  ( 0.000000000000000000, 0.000000000000000000, 1.000000000000000000 ) ) ;
#2733 = DIRECTION ( 'NONE',  ( 0.000000000000000000, 3.306546357697854226E-16, -1.000000000000000000 ) ) ;
#2734 = ORIENTED_EDGE ( 'NONE', *, *, #1046, .F. ) ;
#2735 = ORIENTED_EDGE ( 'NONE', *, *, #612, .T. ) ;
#2736 = ADVANCED_FACE ( 'NONE', ( #1178, #3850 ), #2455, .T. ) ;
#2737 = DIRECTION ( 'NONE',  ( -0.000000000000000000, -0.000000000000000000, -1.000000000000000000 ) ) ;
#2738 = PLANE ( 'NONE',  #394 ) ;
#2739 = LINE ( 'NONE', #3545, #1392 ) ;
#2740 = ORIENTED_EDGE ( 'NONE', *, *, #2662, .T. ) ;
#2741 =( GEOMETRIC_REPRESENTATION_CONTEXT ( 3 ) GLOBAL_UNCERTAINTY_ASSIGNED_CONTEXT ( ( #1115 ) ) GLOBAL_UNIT_ASSIGNED_CONTEXT ( ( #3100, #1745, #94 ) ) REPRESENTATION_CONTEXT ( 'NONE', 'WORKASPACE' ) );
#2742 = FILL_AREA_STYLE ('',( #693 ) ) ;
#2743 = SURFACE_STYLE_USAGE ( .BOTH. , #1850 ) ;
#2744 = VERTEX_POINT ( 'NONE', #2387 ) ;
#2745 = EDGE_CURVE ( 'NONE', #2032, #428, #3300, .T. ) ;
#2746 = LINE ( 'NONE', #1331, #1642 ) ;
#2747 = SURFACE_SIDE_STYLE ('',( #2724 ) ) ;
#2748 = VERTEX_POINT ( 'NONE', #657 ) ;
#2749 = CARTESIAN_POINT ( 'NONE',  ( -4.349999999999999645, 0.000000000000000000, -0.3999999999999996336 ) ) ;
#2750 = CARTESIAN_POINT ( 'NONE',  ( 0.000000000000000000, 0.7000000000000000666, 1.408343819019456275E-16 ) ) ;
#2751 =( GEOMETRIC_REPRESENTATION_CONTEXT ( 3 ) GLOBAL_UNCERTAINTY_ASSIGNED_CONTEXT ( ( #3032 ) ) GLOBAL_UNIT_ASSIGNED_CONTEXT ( ( #1474, #652, #1835 ) ) REPRESENTATION_CONTEXT ( 'NONE', 'WORKASPACE' ) );
#2752 =( GEOMETRIC_REPRESENTATION_CONTEXT ( 3 ) GLOBAL_UNCERTAINTY_ASSIGNED_CONTEXT ( ( #1091 ) ) GLOBAL_UNIT_ASSIGNED_CONTEXT ( ( #1387, #3041, #2667 ) ) REPRESENTATION_CONTEXT ( 'NONE', 'WORKASPACE' ) );
#2753 = DIRECTION ( 'NONE',  ( 0.000000000000000000, 0.9408874118687269306, -0.3387194682727414086 ) ) ;
#2754 = LINE ( 'NONE', #160, #252 ) ;
#2755 = CIRCLE ( 'NONE', #1077, 0.2500000000000000000 ) ;
#2756 = PLANE ( 'NONE',  #2973 ) ;
#2757 =( GEOMETRIC_REPRESENTATION_CONTEXT ( 3 ) GLOBAL_UNCERTAINTY_ASSIGNED_CONTEXT ( ( #2621 ) ) GLOBAL_UNIT_ASSIGNED_CONTEXT ( ( #1248, #2826, #2204 ) ) REPRESENTATION_CONTEXT ( 'NONE', 'WORKASPACE' ) );
#2758 = ORIENTED_EDGE ( 'NONE', *, *, #404, .T. ) ;
#2759 = ORIENTED_EDGE ( 'NONE', *, *, #1177, .F. ) ;
#2760 = VECTOR ( 'NONE', #2052, 1000.000000000000114 ) ;
#2761 = ORIENTED_EDGE ( 'NONE', *, *, #1329, .T. ) ;
#2762 = EDGE_CURVE ( 'NONE', #2490, #3238, #3594, .T. ) ;
#2763 = SURFACE_STYLE_FILL_AREA ( #3676 ) ;
#2764 = SURFACE_STYLE_FILL_AREA ( #650 ) ;
#2765 = VECTOR ( 'NONE', #2603, 1000.000000000000000 ) ;
#2766 = PLANE ( 'NONE',  #358 ) ;
#2767 = ORIENTED_EDGE ( 'NONE', *, *, #2610, .T. ) ;
#2768 = ORIENTED_EDGE ( 'NONE', *, *, #3522, .F. ) ;
#2769 =( GEOMETRIC_REPRESENTATION_CONTEXT ( 3 ) GLOBAL_UNCERTAINTY_ASSIGNED_CONTEXT ( ( #129 ) ) GLOBAL_UNIT_ASSIGNED_CONTEXT ( ( #525, #1415, #2342 ) ) REPRESENTATION_CONTEXT ( 'NONE', 'WORKASPACE' ) );
#2770 = FACE_OUTER_BOUND ( 'NONE', #3698, .T. ) ;
#2771 = FACE_OUTER_BOUND ( 'NONE', #2130, .T. ) ;
#2772 = VECTOR ( 'NONE', #251, 1000.000000000000000 ) ;
#2773 = SURFACE_STYLE_USAGE ( .BOTH. , #728 ) ;
#2774 = ORIENTED_EDGE ( 'NONE', *, *, #3703, .F. ) ;
#2775 = PRESENTATION_STYLE_ASSIGNMENT (( #3067 ) ) ;
#2776 = PRESENTATION_LAYER_ASSIGNMENT (  '', '', ( #3716 ) ) ;
#2777 = DIRECTION ( 'NONE',  ( 0.000000000000000000, 0.000000000000000000, 1.000000000000000000 ) ) ;
#2778 = ORIENTED_EDGE ( 'NONE', *, *, #2276, .T. ) ;
#2779 = VERTEX_POINT ( 'NONE', #2414 ) ;
#2780 = COLOUR_RGB ( '',0.8470588235294117530, 0.8431372549019607865, 0.8470588235294117530 ) ;
#2781 = DIRECTION ( 'NONE',  ( 0.000000000000000000, -1.000000000000000000, 0.000000000000000000 ) ) ;
#2782 = VECTOR ( 'NONE', #1113, 1000.000000000000000 ) ;
#2783 = VECTOR ( 'NONE', #74, 1000.000000000000000 ) ;
#2784 = LINE ( 'NONE', #356, #1695 ) ;
#2785 =( LENGTH_UNIT ( ) NAMED_UNIT ( * ) SI_UNIT ( .MILLI., .METRE. ) );
#2786 = STYLED_ITEM ( 'NONE', ( #2090 ), #3251 ) ;
#2787 = PRESENTATION_LAYER_ASSIGNMENT (  '', '', ( #1595 ) ) ;
#2788 = CARTESIAN_POINT ( 'NONE',  ( 2.599999999999999645, 0.2500000000000000000, 2.200000000000000178 ) ) ;
#2789 = EDGE_LOOP ( 'NONE', ( #3434, #62, #2693, #2317 ) ) ;
#2790 =( GEOMETRIC_REPRESENTATION_CONTEXT ( 3 ) GLOBAL_UNCERTAINTY_ASSIGNED_CONTEXT ( ( #808 ) ) GLOBAL_UNIT_ASSIGNED_CONTEXT ( ( #154, #747, #3438 ) ) REPRESENTATION_CONTEXT ( 'NONE', 'WORKASPACE' ) );
#2791 = ORIENTED_EDGE ( 'NONE', *, *, #431, .T. ) ;
#2792 =( GEOMETRIC_REPRESENTATION_CONTEXT ( 3 ) GLOBAL_UNCERTAINTY_ASSIGNED_CONTEXT ( ( #2336 ) ) GLOBAL_UNIT_ASSIGNED_CONTEXT ( ( #108, #3490, #2651 ) ) REPRESENTATION_CONTEXT ( 'NONE', 'WORKASPACE' ) );
#2793 = DIRECTION ( 'NONE',  ( 0.000000000000000000, 1.016439536705160777E-16, -1.000000000000000000 ) ) ;
#2794 = CARTESIAN_POINT ( 'NONE',  ( -3.949999999999999734, -1.734723475976807094E-15, 2.935478377556205177E-15 ) ) ;
#2795 = EDGE_CURVE ( 'NONE', #3770, #987, #3619, .T. ) ;
#2796 =( NAMED_UNIT ( * ) PLANE_ANGLE_UNIT ( ) SI_UNIT ( $, .RADIAN. ) );
#2797 = VERTEX_POINT ( 'NONE', #2749 ) ;
#2798 = CARTESIAN_POINT ( 'NONE',  ( 0.000000000000000000, 1.550000000000000266, -2.828427124746190735 ) ) ;
#2799 = FILL_AREA_STYLE_COLOUR ( '', #2624 ) ;
#2800 = VERTEX_POINT ( 'NONE', #2098 ) ;
#2801 = ORIENTED_EDGE ( 'NONE', *, *, #3020, .T. ) ;
#2802 =( GEOMETRIC_REPRESENTATION_CONTEXT ( 3 ) GLOBAL_UNCERTAINTY_ASSIGNED_CONTEXT ( ( #1462 ) ) GLOBAL_UNIT_ASSIGNED_CONTEXT ( ( #3871, #3636, #954 ) ) REPRESENTATION_CONTEXT ( 'NONE', 'WORKASPACE' ) );
#2803 = FILL_AREA_STYLE_COLOUR ( '', #656 ) ;
#2804 = ORIENTED_EDGE ( 'NONE', *, *, #2515, .F. ) ;
#2805 = VERTEX_POINT ( 'NONE', #3324 ) ;
#2806 = CARTESIAN_POINT ( 'NONE',  ( 3.949999999999999734, 0.000000000000000000, 0.3999999999999996336 ) ) ;
#2807 = ORIENTED_EDGE ( 'NONE', *, *, #457, .T. ) ;
#2808 = SURFACE_SIDE_STYLE ('',( #1889 ) ) ;
#2809 = CARTESIAN_POINT ( 'NONE',  ( 2.354469041949413644, 0.1933109650559082793, 1.151692553797756480 ) ) ;
#2810 = MECHANICAL_DESIGN_GEOMETRIC_PRESENTATION_REPRESENTATION (  '', ( #1127 ), #2752 ) ;
#2811 = DIRECTION ( 'NONE',  ( -1.000000000000000000, 0.000000000000000000, 0.000000000000000000 ) ) ;
#2812 = ADVANCED_FACE ( 'NONE', ( #3019 ), #3045, .T. ) ;
#2813 = CIRCLE ( 'NONE', #1130, 0.2499999999999999445 ) ;
#2814 = ORIENTED_EDGE ( 'NONE', *, *, #2567, .T. ) ;
#2815 = PRESENTATION_STYLE_ASSIGNMENT (( #1615 ) ) ;
#2816 =( GEOMETRIC_REPRESENTATION_CONTEXT ( 3 ) GLOBAL_UNCERTAINTY_ASSIGNED_CONTEXT ( ( #1717 ) ) GLOBAL_UNIT_ASSIGNED_CONTEXT ( ( #1778, #3, #915 ) ) REPRESENTATION_CONTEXT ( 'NONE', 'WORKASPACE' ) );
#2817 = ORIENTED_EDGE ( 'NONE', *, *, #3447, .T. ) ;
#2818 = EDGE_LOOP ( 'NONE', ( #2761, #2416, #3579, #2485 ) ) ;
#2819 = COLOUR_RGB ( '',0.8470588235294117530, 0.8431372549019607865, 0.8470588235294117530 ) ;
#2820 = ADVANCED_FACE ( 'NONE', ( #2770 ), #2851, .F. ) ;
#2821 = LINE ( 'NONE', #786, #427 ) ;
#2822 = DIRECTION ( 'NONE',  ( 0.000000000000000000, 1.000000000000000000, 0.000000000000000000 ) ) ;
#2823 = ORIENTED_EDGE ( 'NONE', *, *, #2278, .F. ) ;
#2824 = DIRECTION ( 'NONE',  ( -0.000000000000000000, -1.000000000000000000, -0.000000000000000000 ) ) ;
#2825 = PRESENTATION_LAYER_ASSIGNMENT (  '', '', ( #257 ) ) ;
#2826 =( NAMED_UNIT ( * ) PLANE_ANGLE_UNIT ( ) SI_UNIT ( $, .RADIAN. ) );
#2827 = CARTESIAN_POINT ( 'NONE',  ( 2.000000000000000000, 0.7000000000000000666, -4.714890176717308529E-16 ) ) ;
#2828 = ORIENTED_EDGE ( 'NONE', *, *, #1273, .F. ) ;
#2829 = DIRECTION ( 'NONE',  ( 1.000000000000000000, -0.000000000000000000, -0.000000000000000000 ) ) ;
#2830 = CARTESIAN_POINT ( 'NONE',  ( -3.949999999999999734, 4.645085803432136728, 0.3432137285491438372 ) ) ;
#2831 = PRESENTATION_STYLE_ASSIGNMENT (( #730 ) ) ;
#2832 = VECTOR ( 'NONE', #299, 1000.000000000000000 ) ;
#2833 = ADVANCED_FACE ( 'NONE', ( #3061 ), #3390, .F. ) ;
#2834 = COLOUR_RGB ( '',0.2509803921568627416, 0.2509803921568627416, 0.2509803921568627416 ) ;
#2835 = EDGE_LOOP ( 'NONE', ( #2759, #2992, #2074, #373 ) ) ;
#2836 = ORIENTED_EDGE ( 'NONE', *, *, #2482, .F. ) ;
#2837 =( GEOMETRIC_REPRESENTATION_CONTEXT ( 3 ) GLOBAL_UNCERTAINTY_ASSIGNED_CONTEXT ( ( #239 ) ) GLOBAL_UNIT_ASSIGNED_CONTEXT ( ( #3278, #3841, #2 ) ) REPRESENTATION_CONTEXT ( 'NONE', 'WORKASPACE' ) );
#2838 =( LENGTH_UNIT ( ) NAMED_UNIT ( * ) SI_UNIT ( .MILLI., .METRE. ) );
#2839 = ORIENTED_EDGE ( 'NONE', *, *, #178, .T. ) ;
#2840 = LINE ( 'NONE', #1147, #1584 ) ;
#2841 =( BOUNDED_CURVE ( )  B_SPLINE_CURVE ( 3, ( #2910, #2292, #2945, #1459 ),
 .UNSPECIFIED., .F., .F. ) 
 B_SPLINE_CURVE_WITH_KNOTS ( ( 4, 4 ),
 ( 4.712388980384689674, 6.283185307179586232 ),
 .UNSPECIFIED. ) 
 CURVE ( )  GEOMETRIC_REPRESENTATION_ITEM ( )  RATIONAL_B_SPLINE_CURVE ( ( 1.000000000000000000, 0.8047378541243649375, 0.8047378541243649375, 1.000000000000000000 ) ) 
 REPRESENTATION_ITEM ( '' )  );
#2842 = PRESENTATION_STYLE_ASSIGNMENT (( #437 ) ) ;
#2843 = CIRCLE ( 'NONE', #3352, 0.2500000000000003886 ) ;
#2844 = DIRECTION ( 'NONE',  ( 0.000000000000000000, -0.9874406319167053914, 0.1579905011066730092 ) ) ;
#2845 = VECTOR ( 'NONE', #1208, 1000.000000000000000 ) ;
#2846 = ADVANCED_FACE ( 'NONE', ( #403 ), #3465, .F. ) ;
#2847 = DIRECTION ( 'NONE',  ( -0.000000000000000000, 1.000000000000000000, 0.000000000000000000 ) ) ;
#2848 = COLOUR_RGB ( '',0.2509803921568627416, 0.2509803921568627416, 0.2509803921568627416 ) ;
#2849 =( NAMED_UNIT ( * ) PLANE_ANGLE_UNIT ( ) SI_UNIT ( $, .RADIAN. ) );
#2850 = VECTOR ( 'NONE', #3493, 1000.000000000000000 ) ;
#2851 = PLANE ( 'NONE',  #1446 ) ;
#2852 = MECHANICAL_DESIGN_GEOMETRIC_PRESENTATION_REPRESENTATION (  '', ( #735 ), #2792 ) ;
#2853 = STYLED_ITEM ( 'NONE', ( #3548 ), #1829 ) ;
#2854 = B_SPLINE_CURVE_WITH_KNOTS ( 'NONE', 3,
 ( #1179, #632, #1200, #47, #1758, #2367, #2703, #24 ),
 .UNSPECIFIED., .F., .F.,
 ( 4, 2, 2, 4 ),
 ( 6.113947262702201624E-21, 0.0002049309090525869271, 0.0003073963635788803635, 0.0004098618181051738541 ),
 .UNSPECIFIED. ) ;
#2855 = DIRECTION ( 'NONE',  ( 0.000000000000000000, 1.000000000000000000, 0.000000000000000000 ) ) ;
#2856 = FILL_AREA_STYLE ('',( #168 ) ) ;
#2857 = DIRECTION ( 'NONE',  ( 0.000000000000000000, 0.000000000000000000, 1.000000000000000000 ) ) ;
#2858 = DIRECTION ( 'NONE',  ( 0.000000000000000000, 0.000000000000000000, 1.000000000000000000 ) ) ;
#2859 = ORIENTED_EDGE ( 'NONE', *, *, #2552, .T. ) ;
#2860 = VERTEX_POINT ( 'NONE', #532 ) ;
#2861 = ADVANCED_FACE ( 'NONE', ( #828 ), #3778, .F. ) ;
#2862 = SURFACE_STYLE_FILL_AREA ( #799 ) ;
#2863 = CARTESIAN_POINT ( 'NONE',  ( -2.349999999999999645, 1.349999999999999645, -2.000000000000000000 ) ) ;
#2864 = PLANE ( 'NONE',  #1648 ) ;
#2865 =( LENGTH_UNIT ( ) NAMED_UNIT ( * ) SI_UNIT ( .MILLI., .METRE. ) );
#2866 = ADVANCED_FACE ( 'NONE', ( #182 ), #791, .F. ) ;
#2867 = CARTESIAN_POINT ( 'NONE',  ( 2.075000000000000622, 3.600000000000000533, 2.200000000000000178 ) ) ;
#2868 =( LENGTH_UNIT ( ) NAMED_UNIT ( * ) SI_UNIT ( .MILLI., .METRE. ) );
#2869 = FILL_AREA_STYLE ('',( #3533 ) ) ;
#2870 = PLANE ( 'NONE',  #412 ) ;
#2871 = PRESENTATION_STYLE_ASSIGNMENT (( #471 ) ) ;
#2872 = FILL_AREA_STYLE_COLOUR ( '', #1038 ) ;
#2873 = UNCERTAINTY_MEASURE_WITH_UNIT (LENGTH_MEASURE( 1.000000000000000082E-05 ), #2629, 'distance_accuracy_value', 'NONE');
#2874 = MECHANICAL_DESIGN_GEOMETRIC_PRESENTATION_REPRESENTATION (  '', ( #2493 ), #2816 ) ;
#2875 = AXIS2_PLACEMENT_3D ( 'NONE', #418, #717, #1887 ) ;
#2876 = ORIENTED_EDGE ( 'NONE', *, *, #1218, .F. ) ;
#2877 = LINE ( 'NONE', #2239, #2405 ) ;
#2878 = STYLED_ITEM ( 'NONE', ( #2170 ), #2635 ) ;
#2879 = LINE ( 'NONE', #3495, #3002 ) ;
#2880 =( NAMED_UNIT ( * ) SI_UNIT ( $, .STERADIAN. ) SOLID_ANGLE_UNIT ( ) );
#2881 = DIRECTION ( 'NONE',  ( 1.000000000000000000, 1.045014142154703367E-16, 0.000000000000000000 ) ) ;
#2882 = LINE ( 'NONE', #1676, #874 ) ;
#2883 = EDGE_CURVE ( 'NONE', #1370, #3059, #2566, .T. ) ;
#2884 = VECTOR ( 'NONE', #889, 1000.000000000000000 ) ;
#2885 =( NAMED_UNIT ( * ) SI_UNIT ( $, .STERADIAN. ) SOLID_ANGLE_UNIT ( ) );
#2886 = VECTOR ( 'NONE', #2613, 1000.000000000000000 ) ;
#2887 = CARTESIAN_POINT ( 'NONE',  ( -4.349999999999999645, -6.245698675651497881E-16, 1.199999999999999734 ) ) ;
#2888 = SURFACE_STYLE_USAGE ( .BOTH. , #1698 ) ;
#2889 =( NAMED_UNIT ( * ) SI_UNIT ( $, .STERADIAN. ) SOLID_ANGLE_UNIT ( ) );
#2890 = UNCERTAINTY_MEASURE_WITH_UNIT (LENGTH_MEASURE( 1.000000000000000082E-05 ), #2636, 'distance_accuracy_value', 'NONE');
#2891 =( NAMED_UNIT ( * ) PLANE_ANGLE_UNIT ( ) SI_UNIT ( $, .RADIAN. ) );
#2892 = DIRECTION ( 'NONE',  ( 0.000000000000000000, 0.000000000000000000, -1.000000000000000000 ) ) ;
#2893 = DIRECTION ( 'NONE',  ( -1.000000000000000000, 3.761581922631320025E-34, 0.000000000000000000 ) ) ;
#2894 = DIRECTION ( 'NONE',  ( 0.000000000000000000, -2.664535259100375303E-15, 1.000000000000000000 ) ) ;
#2895 = CARTESIAN_POINT ( 'NONE',  ( 6.505213034913027590E-16, 1.550000000000000266, 2.000000000000000000 ) ) ;
#2896 = AXIS2_PLACEMENT_3D ( 'NONE', #2721, #991, #99 ) ;
#2897 = PRESENTATION_LAYER_ASSIGNMENT (  '', '', ( #2001 ) ) ;
#2898 = ORIENTED_EDGE ( 'NONE', *, *, #3443, .T. ) ;
#2899 = PRESENTATION_STYLE_ASSIGNMENT (( #1692 ) ) ;
#2900 = FILL_AREA_STYLE ('',( #2282 ) ) ;
#2901 = CARTESIAN_POINT ( 'NONE',  ( -3.349999999999999645, 0.6999999999999991784, 2.200000000000000178 ) ) ;
#2902 = PLANE ( 'NONE',  #787 ) ;
#2903 = UNCERTAINTY_MEASURE_WITH_UNIT (LENGTH_MEASURE( 1.000000000000000082E-05 ), #2225, 'distance_accuracy_value', 'NONE');
#2904 = VECTOR ( 'NONE', #3851, 1000.000000000000000 ) ;
#2905 = CARTESIAN_POINT ( 'NONE',  ( 2.000000000000000000, 0.7000000000000000666, -0.2500000000000008882 ) ) ;
#2906 = CARTESIAN_POINT ( 'NONE',  ( -3.099999999999999645, 0.2500000000000000000, 2.200000000000000178 ) ) ;
#2907 = EDGE_CURVE ( 'NONE', #382, #7, #2362, .T. ) ;
#2908 = CIRCLE ( 'NONE', #1225, 0.2499999999999999445 ) ;
#2909 = PRESENTATION_LAYER_ASSIGNMENT (  '', '', ( #2853 ) ) ;
#2910 = CARTESIAN_POINT ( 'NONE',  ( -4.099999999999999645, 4.700000000000000178, -1.950000000000000178 ) ) ;
#2911 = DIRECTION ( 'NONE',  ( 0.000000000000000000, 1.000000000000000000, 0.000000000000000000 ) ) ;
#2912 = PRESENTATION_LAYER_ASSIGNMENT (  '', '', ( #2274 ) ) ;
#2913 = LINE ( 'NONE', #3733, #3476 ) ;
#2914 = ADVANCED_FACE ( 'NONE', ( #1791 ), #304, .T. ) ;
#2915 = VECTOR ( 'NONE', #1270, 1000.000000000000000 ) ;
#2916 = EDGE_LOOP ( 'NONE', ( #2055, #1924, #1726, #2976 ) ) ;
#2917 = EDGE_LOOP ( 'NONE', ( #413, #2155, #326, #3407, #3706, #2068, #1803, #1288, #1460, #1759, #2150, #3264 ) ) ;
#2918 =( NAMED_UNIT ( * ) PLANE_ANGLE_UNIT ( ) SI_UNIT ( $, .RADIAN. ) );
#2919 = LINE ( 'NONE', #226, #2886 ) ;
#2920 = DIRECTION ( 'NONE',  ( 0.000000000000000000, 0.000000000000000000, -1.000000000000000000 ) ) ;
#2921 = CARTESIAN_POINT ( 'NONE',  ( -2.000000000000000000, 0.7000000000000000666, 7.531577814756221078E-16 ) ) ;
#2922 = PRESENTATION_STYLE_ASSIGNMENT (( #790 ) ) ;
#2923 = DIRECTION ( 'NONE',  ( 0.000000000000000000, 0.000000000000000000, 1.000000000000000000 ) ) ;
#2924 = FILL_AREA_STYLE_COLOUR ( '', #1685 ) ;
#2925 = DIRECTION ( 'NONE',  ( 0.000000000000000000, 0.000000000000000000, 1.000000000000000000 ) ) ;
#2926 =( NAMED_UNIT ( * ) SI_UNIT ( $, .STERADIAN. ) SOLID_ANGLE_UNIT ( ) );
#2927 = EDGE_CURVE ( 'NONE', #3156, #2512, #3296, .T. ) ;
#2928 = VECTOR ( 'NONE', #2269, 1000.000000000000000 ) ;
#2929 = DIRECTION ( 'NONE',  ( 0.000000000000000000, -0.000000000000000000, 1.000000000000000000 ) ) ;
#2930 = PRESENTATION_STYLE_ASSIGNMENT (( #2631 ) ) ;
#2931 = VERTEX_POINT ( 'NONE', #3567 ) ;
#2932 = LINE ( 'NONE', #3845, #2474 ) ;
#2933 = FILL_AREA_STYLE_COLOUR ( '', #752 ) ;
#2934 = STYLED_ITEM ( 'NONE', ( #767 ), #3239 ) ;
#2936 = DIRECTION ( 'NONE',  ( -0.000000000000000000, -1.000000000000000000, 0.000000000000000000 ) ) ;
#2935 = VECTOR ( 'NONE', #2450, 1000.000000000000000 ) ;
#2937 = CARTESIAN_POINT ( 'NONE',  ( -3.949999999999999734, 4.645085803432136728, -0.3432137285491430045 ) ) ;
#2938 = STYLED_ITEM ( 'NONE', ( #1757 ), #2681 ) ;
#2939 = CARTESIAN_POINT ( 'NONE',  ( 2.000000000000000000, -2.349999999999999645, -4.714890176717308529E-16 ) ) ;
#2940 = FILL_AREA_STYLE ('',( #2287 ) ) ;
#2941 = LINE ( 'NONE', #183, #654 ) ;
#2942 = ORIENTED_EDGE ( 'NONE', *, *, #174, .T. ) ;
#2943 = SURFACE_STYLE_FILL_AREA ( #2344 ) ;
#2944 = CIRCLE ( 'NONE', #1382, 0.2500000000000002220 ) ;
#2945 = CARTESIAN_POINT ( 'NONE',  ( -4.349999999999999645, 4.596446609406726225, -2.200000000000000178 ) ) ;
#2946 = MECHANICAL_DESIGN_GEOMETRIC_PRESENTATION_REPRESENTATION (  '', ( #633 ), #1753 ) ;
#2947 =( LENGTH_UNIT ( ) NAMED_UNIT ( * ) SI_UNIT ( .MILLI., .METRE. ) );
#2948 = EDGE_CURVE ( 'NONE', #3059, #322, #1535, .T. ) ;
#2949 = UNCERTAINTY_MEASURE_WITH_UNIT (LENGTH_MEASURE( 1.000000000000000082E-05 ), #1770, 'distance_accuracy_value', 'NONE');
#2950 = CARTESIAN_POINT ( 'NONE',  ( -4.099999999999999645, 4.700000000000000178, 0.000000000000000000 ) ) ;
#2951 = VERTEX_POINT ( 'NONE', #3273 ) ;
#2952 = EDGE_LOOP ( 'NONE', ( #2839, #354, #17, #1818 ) ) ;
#2953 = VERTEX_POINT ( 'NONE', #582 ) ;
#2954 = CARTESIAN_POINT ( 'NONE',  ( 3.099999999999999645, -6.245698675651497881E-16, 1.199999999999999734 ) ) ;
#2955 = EDGE_CURVE ( 'NONE', #2800, #110, #1511, .T. ) ;
#2956 = CARTESIAN_POINT ( 'NONE',  ( -3.949999999999999734, -2.499999999999999556, 0.000000000000000000 ) ) ;
#2957 = VECTOR ( 'NONE', #738, 1000.000000000000000 ) ;
#2958 = STYLED_ITEM ( 'NONE', ( #3729 ), #2202 ) ;
#2959 =( NAMED_UNIT ( * ) PLANE_ANGLE_UNIT ( ) SI_UNIT ( $, .RADIAN. ) );
#2960 = EDGE_CURVE ( 'NONE', #1028, #3358, #1566, .T. ) ;
#2961 = COLOUR_RGB ( '',0.2509803921568627416, 0.2509803921568627416, 0.2509803921568627416 ) ;
#2962 = MANIFOLD_SOLID_BREP ( 'Pin Fillet', #1679 ) ;
#2963 = SURFACE_STYLE_USAGE ( .BOTH. , #869 ) ;
#2964 = SURFACE_STYLE_USAGE ( .BOTH. , #870 ) ;
#2965 = STYLED_ITEM ( 'NONE', ( #2529 ), #3748 ) ;
#2966 = COLOUR_RGB ( '',0.8470588235294117530, 0.8431372549019607865, 0.8470588235294117530 ) ;
#2967 = ORIENTED_EDGE ( 'NONE', *, *, #931, .T. ) ;
#2968 = CYLINDRICAL_SURFACE ( 'NONE', #15, 0.3999999999999999667 ) ;
#2969 = MECHANICAL_DESIGN_GEOMETRIC_PRESENTATION_REPRESENTATION (  '', ( #3282 ), #1295 ) ;
#2970 = SURFACE_SIDE_STYLE ('',( #1207 ) ) ;
#2971 = DIRECTION ( 'NONE',  ( 0.000000000000000000, -3.306546357697854226E-16, 1.000000000000000000 ) ) ;
#2972 = UNCERTAINTY_MEASURE_WITH_UNIT (LENGTH_MEASURE( 1.000000000000000082E-05 ), #3796, 'distance_accuracy_value', 'NONE');
#2973 = AXIS2_PLACEMENT_3D ( 'NONE', #2480, #2509, #1019 ) ;
#2974 = ORIENTED_EDGE ( 'NONE', *, *, #806, .T. ) ;
#2975 = ORIENTED_EDGE ( 'NONE', *, *, #3030, .T. ) ;
#2976 = ORIENTED_EDGE ( 'NONE', *, *, #478, .F. ) ;
#2977 = VECTOR ( 'NONE', #2824, 1000.000000000000000 ) ;
#2978 = CARTESIAN_POINT ( 'NONE',  ( 2.370781541459451969, 0.1294374611323824975, -1.181844205578191920 ) ) ;
#2979 = CARTESIAN_POINT ( 'NONE',  ( 3.099999999999999645, 0.2500000000000000000, 2.200000000000000178 ) ) ;
#2980 = LINE ( 'NONE', #1788, #3506 ) ;
#2981 = CYLINDRICAL_SURFACE ( 'NONE', #1101, 0.2500000000000002220 ) ;
#2982 = LINE ( 'NONE', #3341, #3828 ) ;
#2983 = DIRECTION ( 'NONE',  ( -1.000000000000000000, 0.000000000000000000, 0.000000000000000000 ) ) ;
#2984 = ADVANCED_FACE ( 'NONE', ( #270 ), #2661, .F. ) ;
#2985 = DIRECTION ( 'NONE',  ( 0.000000000000000000, -0.000000000000000000, 1.000000000000000000 ) ) ;
#2986 = LINE ( 'NONE', #2433, #1886 ) ;
#2987 = CARTESIAN_POINT ( 'NONE',  ( 0.000000000000000000, 1.407106781186548528, 1.408343819019456275E-16 ) ) ;
#2988 = PLANE ( 'NONE',  #3031 ) ;
#2989 = SURFACE_SIDE_STYLE ('',( #615 ) ) ;
#2990 = CIRCLE ( 'NONE', #929, 0.2500000000000000000 ) ;
#2991 = ORIENTED_EDGE ( 'NONE', *, *, #1162, .F. ) ;
#2992 = ORIENTED_EDGE ( 'NONE', *, *, #3683, .T. ) ;
#2993 = CARTESIAN_POINT ( 'NONE',  ( -4.349999999999999645, 4.450000000000000178, -2.200000000000000178 ) ) ;
#2994 = ORIENTED_EDGE ( 'NONE', *, *, #1678, .T. ) ;
#2995 = DIRECTION ( 'NONE',  ( 1.000000000000000000, -0.000000000000000000, -0.000000000000000000 ) ) ;
#2996 = ORIENTED_EDGE ( 'NONE', *, *, #1445, .F. ) ;
#2997 = CARTESIAN_POINT ( 'NONE',  ( -2.075000000000000178, 4.700000000000000178, 2.000000000000000000 ) ) ;
#2998 = EDGE_CURVE ( 'NONE', #1923, #3414, #401, .T. ) ;
#2999 = PRESENTATION_LAYER_ASSIGNMENT (  '', '', ( #2175 ) ) ;
#3000 =( LENGTH_UNIT ( ) NAMED_UNIT ( * ) SI_UNIT ( .MILLI., .METRE. ) );
#3001 = COLOUR_RGB ( '',0.2509803921568627416, 0.2509803921568627416, 0.2509803921568627416 ) ;
#3002 = VECTOR ( 'NONE', #599, 1000.000000000000000 ) ;
#3003 = LINE ( 'NONE', #936, #2440 ) ;
#3004 = SURFACE_STYLE_USAGE ( .BOTH. , #2970 ) ;
#3005 = ORIENTED_EDGE ( 'NONE', *, *, #2423, .F. ) ;
#3006 = ORIENTED_EDGE ( 'NONE', *, *, #2684, .F. ) ;
#3007 = CYLINDRICAL_SURFACE ( 'NONE', #50, 0.2500000000000000000 ) ;
#3008 = FILL_AREA_STYLE ('',( #3290 ) ) ;
#3009 = LINE ( 'NONE', #2035, #1876 ) ;
#3010 = EDGE_LOOP ( 'NONE', ( #644, #1150, #2898, #819 ) ) ;
#3011 = FACE_BOUND ( 'NONE', #2142, .T. ) ;
#3012 = DIRECTION ( 'NONE',  ( -1.000000000000000000, 0.000000000000000000, 0.000000000000000000 ) ) ;
#3013 = DIRECTION ( 'NONE',  ( 0.000000000000000000, 0.9408874118687269306, -0.3387194682727414086 ) ) ;
#3014 = CARTESIAN_POINT ( 'NONE',  ( -4.349999999999999645, 4.700000000000000178, 2.200000000000000178 ) ) ;
#3015 = COLOUR_RGB ( '',0.8470588235294117530, 0.8431372549019607865, 0.8470588235294117530 ) ;
#3016 = ORIENTED_EDGE ( 'NONE', *, *, #1664, .T. ) ;
#3017 = DIRECTION ( 'NONE',  ( 1.000000000000000000, 0.000000000000000000, 0.000000000000000000 ) ) ;
#3018 = CIRCLE ( 'NONE', #2085, 0.3999999999999999667 ) ;
#3019 = FACE_OUTER_BOUND ( 'NONE', #1044, .T. ) ;
#3020 = EDGE_CURVE ( 'NONE', #2860, #2805, #2680, .T. ) ;
#3021 = SURFACE_STYLE_FILL_AREA ( #3261 ) ;
#3022 = ORIENTED_EDGE ( 'NONE', *, *, #33, .T. ) ;
#3023 = VECTOR ( 'NONE', #3701, 1000.000000000000000 ) ;
#3024 = CARTESIAN_POINT ( 'NONE',  ( 4.349999999999999645, -3.551475717527321860E-16, -0.7999999999999997113 ) ) ;
#3025 = LINE ( 'NONE', #337, #2075 ) ;
#3026 = VECTOR ( 'NONE', #2687, 1000.000000000000000 ) ;
#3027 = CARTESIAN_POINT ( 'NONE',  ( -2.000000000000000000, -2.349999999999999645, 7.531577814756221078E-16 ) ) ;
#3028 = VERTEX_POINT ( 'NONE', #2162 ) ;
#3029 = ORIENTED_EDGE ( 'NONE', *, *, #806, .F. ) ;
#3030 = EDGE_CURVE ( 'NONE', #2046, #1866, #2234, .T. ) ;
#3031 = AXIS2_PLACEMENT_3D ( 'NONE', #4, #1233, #3050 ) ;
#3032 = UNCERTAINTY_MEASURE_WITH_UNIT (LENGTH_MEASURE( 1.000000000000000082E-05 ), #1474, 'distance_accuracy_value', 'NONE');
#3033 = VERTEX_POINT ( 'NONE', #1589 ) ;
#3034 = VERTEX_POINT ( 'NONE', #1602 ) ;
#3035 = DIRECTION ( 'NONE',  ( -1.000000000000000000, 0.000000000000000000, 0.000000000000000000 ) ) ;
#3036 = CARTESIAN_POINT ( 'NONE',  ( 2.299031112740347975E-16, 3.600000000000000089, 2.000000000000000000 ) ) ;
#3037 = PRESENTATION_LAYER_ASSIGNMENT (  '', '', ( #3284 ) ) ;
#3038 =( GEOMETRIC_REPRESENTATION_CONTEXT ( 3 ) GLOBAL_UNCERTAINTY_ASSIGNED_CONTEXT ( ( #1397 ) ) GLOBAL_UNIT_ASSIGNED_CONTEXT ( ( #3056, #78, #3404 ) ) REPRESENTATION_CONTEXT ( 'NONE', 'WORKASPACE' ) );
#3039 = ORIENTED_EDGE ( 'NONE', *, *, #1990, .T. ) ;
#3040 = SURFACE_STYLE_USAGE ( .BOTH. , #947 ) ;
#3041 =( NAMED_UNIT ( * ) PLANE_ANGLE_UNIT ( ) SI_UNIT ( $, .RADIAN. ) );
#3042 = SURFACE_STYLE_FILL_AREA ( #2116 ) ;
#3043 = STYLED_ITEM ( 'NONE', ( #1012 ), #1635 ) ;
#3044 = PRESENTATION_STYLE_ASSIGNMENT (( #2963 ) ) ;
#3045 = PLANE ( 'NONE',  #1015 ) ;
#3046 = DIRECTION ( 'NONE',  ( -1.000000000000000000, 0.000000000000000000, 0.000000000000000000 ) ) ;
#3047 = CARTESIAN_POINT ( 'NONE',  ( -3.349999999999999645, 0.2500000000000000000, 2.200000000000000178 ) ) ;
#3048 = ORIENTED_EDGE ( 'NONE', *, *, #1916, .T. ) ;
#3049 = SURFACE_SIDE_STYLE ('',( #986 ) ) ;
#3050 = DIRECTION ( 'NONE',  ( 0.000000000000000000, 0.9874406319167053914, 0.1579905011066732035 ) ) ;
#3051 = EDGE_LOOP ( 'NONE', ( #1330, #1709, #894, #2510 ) ) ;
#3052 = EDGE_LOOP ( 'NONE', ( #634, #2354, #415, #2390, #2123, #1255 ) ) ;
#3053 = SURFACE_SIDE_STYLE ('',( #149 ) ) ;
#3054 = ORIENTED_EDGE ( 'NONE', *, *, #584, .F. ) ;
#3055 = PRESENTATION_LAYER_ASSIGNMENT (  '', '', ( #1728 ) ) ;
#3056 =( LENGTH_UNIT ( ) NAMED_UNIT ( * ) SI_UNIT ( .MILLI., .METRE. ) );
#3057 = SURFACE_SIDE_STYLE ('',( #2220 ) ) ;
#3058 = ORIENTED_EDGE ( 'NONE', *, *, #1492, .F. ) ;
#3059 = VERTEX_POINT ( 'NONE', #1320 ) ;
#3060 = CARTESIAN_POINT ( 'NONE',  ( 2.349999999999999645, 0.6999999999999992895, -2.000000000000000000 ) ) ;
#3061 = FACE_OUTER_BOUND ( 'NONE', #2215, .T. ) ;
#3062 = CARTESIAN_POINT ( 'NONE',  ( 2.000000000000000000, -2.349999999999999645, 0.2499999999999998890 ) ) ;
#3063 = VECTOR ( 'NONE', #3498, 1000.000000000000000 ) ;
#3064 = ORIENTED_EDGE ( 'NONE', *, *, #1287, .F. ) ;
#3065 = CARTESIAN_POINT ( 'NONE',  ( 4.246446609406725692, 4.700000000000000178, -2.096446609406726669 ) ) ;
#3066 = ORIENTED_EDGE ( 'NONE', *, *, #1746, .T. ) ;
#3067 = SURFACE_STYLE_USAGE ( .BOTH. , #3686 ) ;
#3068 = MECHANICAL_DESIGN_GEOMETRIC_PRESENTATION_REPRESENTATION (  '', ( #2307 ), #3325 ) ;
#3069 = DIRECTION ( 'NONE',  ( 0.000000000000000000, -0.9874406319167053914, -0.1579905011066732035 ) ) ;
#3070 = AXIS2_PLACEMENT_3D ( 'NONE', #3534, #2268, #1719 ) ;
#3071 = AXIS2_PLACEMENT_3D ( 'NONE', #3621, #2102, #1819 ) ;
#3072 = EDGE_CURVE ( 'NONE', #3402, #93, #359, .T. ) ;
#3073 =( LENGTH_UNIT ( ) NAMED_UNIT ( * ) SI_UNIT ( .MILLI., .METRE. ) );
#3074 = ORIENTED_EDGE ( 'NONE', *, *, #3172, .F. ) ;
#3075 = ORIENTED_EDGE ( 'NONE', *, *, #2927, .F. ) ;
#3076 = SURFACE_STYLE_USAGE ( .BOTH. , #3339 ) ;
#3077 = ADVANCED_FACE ( 'NONE', ( #1307 ), #2766, .T. ) ;
#3078 = DIRECTION ( 'NONE',  ( 9.795786256852418525E-32, -1.016439536705160777E-16, 1.000000000000000000 ) ) ;
#3079 = SURFACE_STYLE_FILL_AREA ( #948 ) ;
#3080 = ORIENTED_EDGE ( 'NONE', *, *, #3645, .F. ) ;
#3081 = CARTESIAN_POINT ( 'NONE',  ( 4.349999999999999645, -1.250000000000000222, 0.5999999999999998668 ) ) ;
#3082 = EDGE_LOOP ( 'NONE', ( #419, #343, #736, #1463 ) ) ;
#3083 = CARTESIAN_POINT ( 'NONE',  ( -2.000000000000000000, 1.407106781186548528, 7.531577814756221078E-16 ) ) ;
#3084 = VECTOR ( 'NONE', #2995, 1000.000000000000000 ) ;
#3085 = STYLED_ITEM ( 'NONE', ( #351 ), #1293 ) ;
#3086 = CARTESIAN_POINT ( 'NONE',  ( -1.000000000000000000, 4.700000000000000178, 9.700000000000004619 ) ) ;
#3087 = EDGE_CURVE ( 'NONE', #3028, #2152, #3391, .T. ) ;
#3088 = DIRECTION ( 'NONE',  ( 1.000000000000000000, 0.000000000000000000, 0.000000000000000000 ) ) ;
#3089 = VECTOR ( 'NONE', #706, 1000.000000000000000 ) ;
#3090 = PRESENTATION_STYLE_ASSIGNMENT (( #143 ) ) ;
#3091 = MECHANICAL_DESIGN_GEOMETRIC_PRESENTATION_REPRESENTATION (  '', ( #773 ), #517 ) ;
#3092 = SURFACE_STYLE_USAGE ( .BOTH. , #2553 ) ;
#3093 = SURFACE_SIDE_STYLE ('',( #3112 ) ) ;
#3094 = VERTEX_POINT ( 'NONE', #3081 ) ;
#3095 = VECTOR ( 'NONE', #568, 1000.000000000000000 ) ;
#3096 = VERTEX_POINT ( 'NONE', #379 ) ;
#3097 = ORIENTED_EDGE ( 'NONE', *, *, #1909, .T. ) ;
#3098 = FACE_OUTER_BOUND ( 'NONE', #2238, .T. ) ;
#3099 = FACE_OUTER_BOUND ( 'NONE', #1332, .T. ) ;
#3100 =( LENGTH_UNIT ( ) NAMED_UNIT ( * ) SI_UNIT ( .MILLI., .METRE. ) );
#3101 = PRESENTATION_STYLE_ASSIGNMENT (( #749 ) ) ;
#3102 = ORIENTED_EDGE ( 'NONE', *, *, #997, .T. ) ;
#3103 = VECTOR ( 'NONE', #1656, 1000.000000000000000 ) ;
#3104 = EDGE_CURVE ( 'NONE', #3033, #1275, #2882, .T. ) ;
#3105 = VECTOR ( 'NONE', #1580, 1000.000000000000000 ) ;
#3106 = AXIS2_PLACEMENT_3D ( 'NONE', #1031, #384, #2793 ) ;
#3107 =( NAMED_UNIT ( * ) PLANE_ANGLE_UNIT ( ) SI_UNIT ( $, .RADIAN. ) );
#3108 = CARTESIAN_POINT ( 'NONE',  ( -2.349999999999999645, 0.6999999999999991784, 2.200000000000000178 ) ) ;
#3109 = FILL_AREA_STYLE_COLOUR ( '', #2466 ) ;
#3110 = EDGE_CURVE ( 'NONE', #2860, #708, #1069, .T. ) ;
#3111 =( NAMED_UNIT ( * ) SI_UNIT ( $, .STERADIAN. ) SOLID_ANGLE_UNIT ( ) );
#3112 = SURFACE_STYLE_FILL_AREA ( #1367 ) ;
#3113 = ORIENTED_EDGE ( 'NONE', *, *, #3087, .F. ) ;
#3114 = UNCERTAINTY_MEASURE_WITH_UNIT (LENGTH_MEASURE( 1.000000000000000082E-05 ), #1947, 'distance_accuracy_value', 'NONE');
#3115 = FILL_AREA_STYLE ('',( #171 ) ) ;
#3116 = ORIENTED_EDGE ( 'NONE', *, *, #1355, .F. ) ;
#3117 = ORIENTED_EDGE ( 'NONE', *, *, #1, .T. ) ;
#3118 = ORIENTED_EDGE ( 'NONE', *, *, #431, .F. ) ;
#3119 = SURFACE_STYLE_USAGE ( .BOTH. , #1905 ) ;
#3120 = CARTESIAN_POINT ( 'NONE',  ( 3.349999999999999645, 0.3999999999999993006, 2.200000000000000178 ) ) ;
#3121 =( NAMED_UNIT ( * ) PLANE_ANGLE_UNIT ( ) SI_UNIT ( $, .RADIAN. ) );
#3122 = EDGE_LOOP ( 'NONE', ( #1064, #2045, #2464, #172 ) ) ;
#3123 = CARTESIAN_POINT ( 'NONE',  ( -4.349999999999999645, 0.3999999999999996336, -0.7999999999999997113 ) ) ;
#3124 = ADVANCED_FACE ( 'NONE', ( #1391 ), #2561, .T. ) ;
#3125 = FILL_AREA_STYLE ('',( #3700 ) ) ;
#3126 =( NAMED_UNIT ( * ) PLANE_ANGLE_UNIT ( ) SI_UNIT ( $, .RADIAN. ) );
#3127 = FACE_OUTER_BOUND ( 'NONE', #3010, .T. ) ;
#3128 = AXIS2_PLACEMENT_3D ( 'NONE', #1634, #1264, #455 ) ;
#3129 = AXIS2_PLACEMENT_3D ( 'NONE', #1009, #118, #3387 ) ;
#3130 = ORIENTED_EDGE ( 'NONE', *, *, #2587, .F. ) ;
#3131 = SPHERICAL_SURFACE ( 'NONE', #3128, 0.2500000000000000000 ) ;
#3132 = COLOUR_RGB ( '',0.2509803921568627416, 0.2509803921568627416, 0.2509803921568627416 ) ;
#3133 = DIRECTION ( 'NONE',  ( 1.000000000000000000, -0.000000000000000000, 0.000000000000000000 ) ) ;
#3134 = VERTEX_POINT ( 'NONE', #1414 ) ;
#3135 = ORIENTED_EDGE ( 'NONE', *, *, #1095, .F. ) ;
#3136 = ORIENTED_EDGE ( 'NONE', *, *, #161, .F. ) ;
#3137 = FACE_OUTER_BOUND ( 'NONE', #300, .T. ) ;
#3138 = MECHANICAL_DESIGN_GEOMETRIC_PRESENTATION_REPRESENTATION (  '', ( #3259 ), #704 ) ;
#3139 = CARTESIAN_POINT ( 'NONE',  ( 2.075000000000001066, 1.499999999999999778, 2.000000000000000000 ) ) ;
#3140 = SURFACE_SIDE_STYLE ('',( #748 ) ) ;
#3141 =( NAMED_UNIT ( * ) SI_UNIT ( $, .STERADIAN. ) SOLID_ANGLE_UNIT ( ) );
#3142 = ORIENTED_EDGE ( 'NONE', *, *, #1606, .F. ) ;
#3143 = FILL_AREA_STYLE_COLOUR ( '', #3660 ) ;
#3144 = DIRECTION ( 'NONE',  ( -2.168404344971008868E-16, 1.000000000000000000, 0.000000000000000000 ) ) ;
#3145 = SURFACE_SIDE_STYLE ('',( #1682 ) ) ;
#3146 =( LENGTH_UNIT ( ) NAMED_UNIT ( * ) SI_UNIT ( .MILLI., .METRE. ) );
#3147 = DIRECTION ( 'NONE',  ( -0.000000000000000000, 0.000000000000000000, 1.000000000000000000 ) ) ;
#3148 = ORIENTED_EDGE ( 'NONE', *, *, #3104, .F. ) ;
#3149 = CARTESIAN_POINT ( 'NONE',  ( -3.949999999999999734, 3.826133144475921899, -2.427407932011330871 ) ) ;
#3150 =( NAMED_UNIT ( * ) SI_UNIT ( $, .STERADIAN. ) SOLID_ANGLE_UNIT ( ) );
#3151 = B_SPLINE_CURVE_WITH_KNOTS ( 'NONE', 3,
 ( #348, #2119, #1775, #631, #2432, #3275, #3872, #1271 ),
 .UNSPECIFIED., .F., .F.,
 ( 4, 2, 2, 4 ),
 ( 1.444658443303299715E-20, 0.0002049309090525871710, 0.0003073963635788806888, 0.0004098618181051742878 ),
 .UNSPECIFIED. ) ;
#3152 = SURFACE_STYLE_FILL_AREA ( #3450 ) ;
#3153 = EDGE_CURVE ( 'NONE', #416, #2953, #1964, .T. ) ;
#3154 = AXIS2_PLACEMENT_3D ( 'NONE', #2563, #1124, #3516 ) ;
#3155 = FACE_OUTER_BOUND ( 'NONE', #3605, .T. ) ;
#3156 = VERTEX_POINT ( 'NONE', #1713 ) ;
#3157 = ORIENTED_EDGE ( 'NONE', *, *, #2795, .F. ) ;
#3158 = DIRECTION ( 'NONE',  ( -1.000000000000000000, 0.000000000000000000, 0.000000000000000000 ) ) ;
#3159 = PRESENTATION_LAYER_ASSIGNMENT (  '', '', ( #2965 ) ) ;
#3160 =( GEOMETRIC_REPRESENTATION_CONTEXT ( 3 ) GLOBAL_UNCERTAINTY_ASSIGNED_CONTEXT ( ( #3435 ) ) GLOBAL_UNIT_ASSIGNED_CONTEXT ( ( #1447, #3826, #279 ) ) REPRESENTATION_CONTEXT ( 'NONE', 'WORKASPACE' ) );
#3161 = CARTESIAN_POINT ( 'NONE',  ( -2.349999999999999201, 0.2500000000000000555, 1.112249899919919072 ) ) ;
#3162 = CARTESIAN_POINT ( 'NONE',  ( -3.252606517456501592E-17, 4.700000000000000178, 10.20000000000000107 ) ) ;
#3163 =( NAMED_UNIT ( * ) PLANE_ANGLE_UNIT ( ) SI_UNIT ( $, .RADIAN. ) );
#3164 = PRESENTATION_LAYER_ASSIGNMENT (  '', '', ( #3282 ) ) ;
#3165 =( LENGTH_UNIT ( ) NAMED_UNIT ( * ) SI_UNIT ( .MILLI., .METRE. ) );
#3166 = LINE ( 'NONE', #470, #580 ) ;
#3167 = MECHANICAL_DESIGN_GEOMETRIC_PRESENTATION_REPRESENTATION (  '', ( #1285 ), #1761 ) ;
#3168 = SURFACE_STYLE_FILL_AREA ( #849 ) ;
#3169 = PLANE ( 'NONE',  #1500 ) ;
#3170 = CARTESIAN_POINT ( 'NONE',  ( -3.349999999999999645, 0.2500000000000000000, -1.112249899919919516 ) ) ;
#3171 = LINE ( 'NONE', #762, #2194 ) ;
#3172 = EDGE_CURVE ( 'NONE', #2951, #971, #2813, .T. ) ;
#3173 = ORIENTED_EDGE ( 'NONE', *, *, #3030, .F. ) ;
#3174 = VERTEX_POINT ( 'NONE', #3232 ) ;
#3175 = CARTESIAN_POINT ( 'NONE',  ( 2.349999999999999645, 4.700000000000000178, -2.000000000000000000 ) ) ;
#3176 = PRESENTATION_LAYER_ASSIGNMENT (  '', '', ( #2345 ) ) ;
#3177 = PRESENTATION_STYLE_ASSIGNMENT (( #801 ) ) ;
#3178 = FILL_AREA_STYLE_COLOUR ( '', #548 ) ;
#3179 = DIRECTION ( 'NONE',  ( 0.000000000000000000, -3.306546357697854226E-16, 1.000000000000000000 ) ) ;
#3180 = FACE_OUTER_BOUND ( 'NONE', #3557, .T. ) ;
#3181 = DIRECTION ( 'NONE',  ( 0.000000000000000000, 0.000000000000000000, -1.000000000000000000 ) ) ;
#3182 = FILL_AREA_STYLE_COLOUR ( '', #3651 ) ;
#3183 = EDGE_CURVE ( 'NONE', #1787, #2523, #3475, .T. ) ;
#3184 = CARTESIAN_POINT ( 'NONE',  ( -2.000000000000000000, 0.7000000000000000666, 7.531577814756221078E-16 ) ) ;
#3185 =( LENGTH_UNIT ( ) NAMED_UNIT ( * ) SI_UNIT ( .MILLI., .METRE. ) );
#3186 = VECTOR ( 'NONE', #3803, 1000.000000000000000 ) ;
#3187 = LINE ( 'NONE', #184, #2928 ) ;
#3188 =( NAMED_UNIT ( * ) SI_UNIT ( $, .STERADIAN. ) SOLID_ANGLE_UNIT ( ) );
#3189 = UNCERTAINTY_MEASURE_WITH_UNIT (LENGTH_MEASURE( 1.000000000000000082E-05 ), #1072, 'distance_accuracy_value', 'NONE');
#3190 = MECHANICAL_DESIGN_GEOMETRIC_PRESENTATION_REPRESENTATION (  '', ( #1003 ), #1795 ) ;
#3191 = DIRECTION ( 'NONE',  ( -1.000000000000000000, 0.000000000000000000, 0.000000000000000000 ) ) ;
#3192 = MECHANICAL_DESIGN_GEOMETRIC_PRESENTATION_REPRESENTATION (  '', ( #3805 ), #621 ) ;
#3193 = ORIENTED_EDGE ( 'NONE', *, *, #1965, .T. ) ;
#3194 = CARTESIAN_POINT ( 'NONE',  ( 4.349999999999999645, 4.700000000000000178, 2.200000000000000178 ) ) ;
#3195 = COLOUR_RGB ( '',0.8470588235294117530, 0.8431372549019607865, 0.8470588235294117530 ) ;
#3196 = PRODUCT ( 'SK12D07VG8', 'SK12D07VG8', '', ( #2550 ) ) ;
#3197 = ORIENTED_EDGE ( 'NONE', *, *, #2353, .T. ) ;
#3198 = DIRECTION ( 'NONE',  ( 0.000000000000000000, -1.016439536705160777E-16, 1.000000000000000000 ) ) ;
#3199 = PLANE ( 'NONE',  #3712 ) ;
#3200 = EDGE_CURVE ( 'NONE', #53, #945, #2619, .T. ) ;
#3201 = PRESENTATION_LAYER_ASSIGNMENT (  '', '', ( #2562 ) ) ;
#3202 = STYLED_ITEM ( 'NONE', ( #881 ), #757 ) ;
#3203 = DIRECTION ( 'NONE',  ( -1.000000000000000000, 0.000000000000000000, 0.000000000000000000 ) ) ;
#3204 = CYLINDRICAL_SURFACE ( 'NONE', #2251, 0.3999999999999999667 ) ;
#3205 = UNCERTAINTY_MEASURE_WITH_UNIT (LENGTH_MEASURE( 1.000000000000000082E-05 ), #297, 'distance_accuracy_value', 'NONE');
#3206 = PRESENTATION_STYLE_ASSIGNMENT (( #255 ) ) ;
#3207 = LINE ( 'NONE', #1421, #2782 ) ;
#3208 = SURFACE_STYLE_USAGE ( .BOTH. , #1950 ) ;
#3209 = CARTESIAN_POINT ( 'NONE',  ( 2.349999999999999645, 1.349999999999999645, -2.000000000000000000 ) ) ;
#3210 = LINE ( 'NONE', #489, #1097 ) ;
#3211 =( GEOMETRIC_REPRESENTATION_CONTEXT ( 3 ) GLOBAL_UNCERTAINTY_ASSIGNED_CONTEXT ( ( #2511 ) ) GLOBAL_UNIT_ASSIGNED_CONTEXT ( ( #3789, #2614, #2880 ) ) REPRESENTATION_CONTEXT ( 'NONE', 'WORKASPACE' ) );
#3212 = AXIS2_PLACEMENT_3D ( 'NONE', #323, #1571, #1283 ) ;
#3213 = VERTEX_POINT ( 'NONE', #2015 ) ;
#3214 = DIRECTION ( 'NONE',  ( -1.000000000000000000, 0.000000000000000000, 0.000000000000000000 ) ) ;
#3215 = ORIENTED_EDGE ( 'NONE', *, *, #355, .F. ) ;
#3216 = DIRECTION ( 'NONE',  ( -1.084202172485504434E-15, 1.000000000000000000, 0.000000000000000000 ) ) ;
#3217 = CARTESIAN_POINT ( 'NONE',  ( -1.000000000000000000, 3.550000000000000266, 9.700000000000004619 ) ) ;
#3218 = UNCERTAINTY_MEASURE_WITH_UNIT (LENGTH_MEASURE( 1.000000000000000082E-05 ), #425, 'distance_accuracy_value', 'NONE');
#3219 = VECTOR ( 'NONE', #3326, 1000.000000000000000 ) ;
#3220 = CARTESIAN_POINT ( 'NONE',  ( 3.949999999999999734, 0.000000000000000000, 0.3999999999999996336 ) ) ;
#3221 = CARTESIAN_POINT ( 'NONE',  ( 2.599999999999999645, 0.000000000000000000, 2.200000000000000178 ) ) ;
#3222 = EDGE_CURVE ( 'NONE', #361, #653, #1106, .T. ) ;
#3223 = CARTESIAN_POINT ( 'NONE',  ( -2.349999999999999645, 4.700000000000000178, -2.000000000000000000 ) ) ;
#3224 = COLOUR_RGB ( '',0.8470588235294117530, 0.8431372549019607865, 0.8470588235294117530 ) ;
#3225 = CIRCLE ( 'NONE', #335, 0.2500000000000000000 ) ;
#3226 = FILL_AREA_STYLE ('',( #3854 ) ) ;
#3227 = COLOUR_RGB ( '',0.2509803921568627416, 0.2509803921568627416, 0.2509803921568627416 ) ;
#3228 = UNCERTAINTY_MEASURE_WITH_UNIT (LENGTH_MEASURE( 1.000000000000000082E-05 ), #507, 'distance_accuracy_value', 'NONE');
#3229 = ORIENTED_EDGE ( 'NONE', *, *, #64, .T. ) ;
#3230 = CARTESIAN_POINT ( 'NONE',  ( 3.949999999999999734, -2.500000000000002665, -0.1499999999999999667 ) ) ;
#3231 = SURFACE_STYLE_FILL_AREA ( #542 ) ;
#3232 = CARTESIAN_POINT ( 'NONE',  ( 3.349999999999999645, 0.3999999999999994116, 0.7999999999999997113 ) ) ;
#3233 = DIRECTION ( 'NONE',  ( 0.000000000000000000, 0.000000000000000000, 1.000000000000000000 ) ) ;
#3234 = PRESENTATION_LAYER_ASSIGNMENT (  '', '', ( #3788 ) ) ;
#3235 = CARTESIAN_POINT ( 'NONE',  ( 2.599999999999999645, 0.000000000000000000, 2.200000000000000178 ) ) ;
#3236 = DIRECTION ( 'NONE',  ( 0.000000000000000000, 0.000000000000000000, -1.000000000000000000 ) ) ;
#3237 = CARTESIAN_POINT ( 'NONE',  ( -3.949999999999999734, 4.700000000000000178, -2.199999999999998845 ) ) ;
#3238 = VERTEX_POINT ( 'NONE', #2243 ) ;
#3239 = ADVANCED_FACE ( 'NONE', ( #1730 ), #2864, .T. ) ;
#3240 = CARTESIAN_POINT ( 'NONE',  ( 2.349999999999999645, 0.2500000000000000555, -1.112249899919919294 ) ) ;
#3241 = SPHERICAL_SURFACE ( 'NONE', #2240, 0.2500000000000000000 ) ;
#3242 = PLANE ( 'NONE',  #3539 ) ;
#3243 = AXIS2_PLACEMENT_3D ( 'NONE', #3865, #1195, #1509 ) ;
#3244 = EDGE_CURVE ( 'NONE', #971, #945, #39, .T. ) ;
#3245 = SURFACE_STYLE_FILL_AREA ( #835 ) ;
#3246 = CARTESIAN_POINT ( 'NONE',  ( -2.599999999999999645, 0.000000000000000000, 2.200000000000000178 ) ) ;
#3247 = DIRECTION ( 'NONE',  ( 1.000000000000000000, -0.000000000000000000, -0.000000000000000000 ) ) ;
#3248 = UNCERTAINTY_MEASURE_WITH_UNIT (LENGTH_MEASURE( 1.000000000000000082E-05 ), #2534, 'distance_accuracy_value', 'NONE');
#3249 = VERTEX_POINT ( 'NONE', #1767 ) ;
#3250 = CARTESIAN_POINT ( 'NONE',  ( -2.074999999999999289, 1.499999999999999556, 2.200000000000000178 ) ) ;
#3251 = ADVANCED_FACE ( 'NONE', ( #1153 ), #620, .T. ) ;
#3252 = VECTOR ( 'NONE', #2844, 1000.000000000000000 ) ;
#3254 = DIRECTION ( 'NONE',  ( 0.000000000000000000, 0.000000000000000000, 1.000000000000000000 ) ) ;
#3253 = STYLED_ITEM ( 'NONE', ( #2815 ), #2368 ) ;
#3255 = CARTESIAN_POINT ( 'NONE',  ( -4.349999999999999645, -5.510910596163085611E-16, 0.7999999999999997113 ) ) ;
#3256 = FACE_OUTER_BOUND ( 'NONE', #3406, .T. ) ;
#3257 = CARTESIAN_POINT ( 'NONE',  ( -3.949999999999999734, -1.399215392948765640E-16, -2.199999999999998845 ) ) ;
#3258 = CARTESIAN_POINT ( 'NONE',  ( 0.000000000000000000, 0.7000000000000000666, 2.200000000000000178 ) ) ;
#3259 = STYLED_ITEM ( 'NONE', ( #681 ), #2736 ) ;
#3260 = LINE ( 'NONE', #932, #3095 ) ;
#3261 = FILL_AREA_STYLE ('',( #1541 ) ) ;
#3262 = CARTESIAN_POINT ( 'NONE',  ( 2.000000000000000000, -2.349999999999999645, -4.714890176717308529E-16 ) ) ;
#3263 = ADVANCED_FACE ( 'NONE', ( #3336 ), #2357, .T. ) ;
#3264 = ORIENTED_EDGE ( 'NONE', *, *, #3657, .F. ) ;
#3265 = STYLED_ITEM ( 'NONE', ( #2617 ), #240 ) ;
#3266 = DIRECTION ( 'NONE',  ( -0.000000000000000000, -0.000000000000000000, -1.000000000000000000 ) ) ;
#3267 =( NAMED_UNIT ( * ) PLANE_ANGLE_UNIT ( ) SI_UNIT ( $, .RADIAN. ) );
#3268 = EDGE_CURVE ( 'NONE', #1783, #3213, #3279, .T. ) ;
#3269 = CARTESIAN_POINT ( 'NONE',  ( -3.099999999999999645, 1.880790961315660013E-34, -2.200000000000000178 ) ) ;
#3270 = STYLED_ITEM ( 'NONE', ( #2112 ), #1142 ) ;
#3271 = CARTESIAN_POINT ( 'NONE',  ( 3.949999999999999734, -4.705761750646616909E-16, -1.199999999999999734 ) ) ;
#3272 = VECTOR ( 'NONE', #1198, 1000.000000000000000 ) ;
#3273 = CARTESIAN_POINT ( 'NONE',  ( -2.000000000000000000, 0.7000000000000000666, 0.2500000000000007216 ) ) ;
#3274 = SURFACE_STYLE_USAGE ( .BOTH. , #1774 ) ;
#3275 = CARTESIAN_POINT ( 'NONE',  ( -2.354469041949414532, 0.1933109650559083625, 1.151692553797756702 ) ) ;
#3276 = COLOUR_RGB ( '',0.8470588235294117530, 0.8431372549019607865, 0.8470588235294117530 ) ;
#3277 = ORIENTED_EDGE ( 'NONE', *, *, #2423, .T. ) ;
#3278 =( LENGTH_UNIT ( ) NAMED_UNIT ( * ) SI_UNIT ( .MILLI., .METRE. ) );
#3279 = CIRCLE ( 'NONE', #3478, 0.2500000000000002220 ) ;
#3280 = AXIS2_PLACEMENT_3D ( 'NONE', #1489, #3816, #625 ) ;
#3281 = CARTESIAN_POINT ( 'NONE',  ( -1.500000000000000000, 1.550000000000000266, 10.20000000000000107 ) ) ;
#3282 = STYLED_ITEM ( 'NONE', ( #880 ), #2096 ) ;
#3283 = DIRECTION ( 'NONE',  ( 1.000000000000000000, -0.000000000000000000, 0.000000000000000000 ) ) ;
#3284 = STYLED_ITEM ( 'NONE', ( #2831 ), #3521 ) ;
#3285 = ORIENTED_EDGE ( 'NONE', *, *, #3499, .T. ) ;
#3286 = ORIENTED_EDGE ( 'NONE', *, *, #512, .F. ) ;
#3287 = AXIS2_PLACEMENT_3D ( 'NONE', #3083, #402, #2165 ) ;
#3288 = EDGE_CURVE ( 'NONE', #989, #572, #13, .T. ) ;
#3289 = SURFACE_STYLE_USAGE ( .BOTH. , #1504 ) ;
#3290 = FILL_AREA_STYLE_COLOUR ( '', #2848 ) ;
#3291 = CARTESIAN_POINT ( 'NONE',  ( 4.349999999999999645, 4.450000000000000178, -2.200000000000000178 ) ) ;
#3292 = ORIENTED_EDGE ( 'NONE', *, *, #2482, .T. ) ;
#3293 = ORIENTED_EDGE ( 'NONE', *, *, #1672, .F. ) ;
#3294 =( LENGTH_UNIT ( ) NAMED_UNIT ( * ) SI_UNIT ( .MILLI., .METRE. ) );
#3295 = SURFACE_STYLE_USAGE ( .BOTH. , #3867 ) ;
#3296 = LINE ( 'NONE', #2451, #488 ) ;
#3297 = EDGE_CURVE ( 'NONE', #1060, #1508, #2133, .T. ) ;
#3298 = LINE ( 'NONE', #328, #1604 ) ;
#3299 = COLOUR_RGB ( '',0.2509803921568627416, 0.2509803921568627416, 0.2509803921568627416 ) ;
#3300 = LINE ( 'NONE', #610, #1324 ) ;
#3301 = ADVANCED_FACE ( 'NONE', ( #3361 ), #2738, .T. ) ;
#3302 = LINE ( 'NONE', #2728, #2330 ) ;
#3303 = ORIENTED_EDGE ( 'NONE', *, *, #1664, .F. ) ;
#3304 =( NAMED_UNIT ( * ) SI_UNIT ( $, .STERADIAN. ) SOLID_ANGLE_UNIT ( ) );
#3305 = DIRECTION ( 'NONE',  ( -9.637352644315614471E-16, 1.000000000000000000, 0.000000000000000000 ) ) ;
#3306 = CARTESIAN_POINT ( 'NONE',  ( -3.949999999999999734, 3.826133144475921899, -2.427407932011330871 ) ) ;
#3307 = CARTESIAN_POINT ( 'NONE',  ( 3.349999999999999201, 0.2500000000000000000, -1.112249899919919294 ) ) ;
#3308 = UNCERTAINTY_MEASURE_WITH_UNIT (LENGTH_MEASURE( 1.000000000000000082E-05 ), #600, 'distance_accuracy_value', 'NONE');
#3309 = ORIENTED_EDGE ( 'NONE', *, *, #1167, .F. ) ;
#3310 = ORIENTED_EDGE ( 'NONE', *, *, #1672, .T. ) ;
#3311 = CARTESIAN_POINT ( 'NONE',  ( -2.349999999999999645, 0.6999999999999992895, 2.000000000000000000 ) ) ;
#3312 = CARTESIAN_POINT ( 'NONE',  ( -4.349999999999999645, -1.250000000000000666, -0.6000000000000000888 ) ) ;
#3313 = DIRECTION ( 'NONE',  ( -0.000000000000000000, -1.000000000000000000, -0.000000000000000000 ) ) ;
#3314 = CARTESIAN_POINT ( 'NONE',  ( 0.000000000000000000, 0.6999999999999992895, -2.000000000000000000 ) ) ;
#3315 = ORIENTED_EDGE ( 'NONE', *, *, #1057, .T. ) ;
#3316 = FACE_OUTER_BOUND ( 'NONE', #2536, .T. ) ;
#3317 = CARTESIAN_POINT ( 'NONE',  ( -3.099999999999999645, 1.880790961315660013E-34, 2.200000000000000178 ) ) ;
#3318 = PRESENTATION_LAYER_ASSIGNMENT (  '', '', ( #3253 ) ) ;
#3319 = PRESENTATION_STYLE_ASSIGNMENT (( #949 ) ) ;
#3320 = ADVANCED_FACE ( 'NONE', ( #3464 ), #2604, .F. ) ;
#3321 = VERTEX_POINT ( 'NONE', #1985 ) ;
#3322 =( GEOMETRIC_REPRESENTATION_CONTEXT ( 3 ) GLOBAL_UNCERTAINTY_ASSIGNED_CONTEXT ( ( #1235 ) ) GLOBAL_UNIT_ASSIGNED_CONTEXT ( ( #2383, #2959, #3616 ) ) REPRESENTATION_CONTEXT ( 'NONE', 'WORKASPACE' ) );
#3323 = CARTESIAN_POINT ( 'NONE',  ( 2.349999999999999201, 0.2500000000000000555, -2.200000000000000178 ) ) ;
#3324 = CARTESIAN_POINT ( 'NONE',  ( 2.599999999999999645, 0.000000000000000000, 2.200000000000000178 ) ) ;
#3325 =( GEOMETRIC_REPRESENTATION_CONTEXT ( 3 ) GLOBAL_UNCERTAINTY_ASSIGNED_CONTEXT ( ( #3218 ) ) GLOBAL_UNIT_ASSIGNED_CONTEXT ( ( #425, #409, #1610 ) ) REPRESENTATION_CONTEXT ( 'NONE', 'WORKASPACE' ) );
#3326 = DIRECTION ( 'NONE',  ( 0.000000000000000000, 1.016439536705160777E-16, -1.000000000000000000 ) ) ;
#3327 = PRESENTATION_LAYER_ASSIGNMENT (  '', '', ( #1135 ) ) ;
#3328 = FACE_OUTER_BOUND ( 'NONE', #668, .T. ) ;
#3329 = VECTOR ( 'NONE', #522, 1000.000000000000000 ) ;
#3330 = FILL_AREA_STYLE_COLOUR ( '', #1739 ) ;
#3331 = PRESENTATION_STYLE_ASSIGNMENT (( #876 ) ) ;
#3332 = VERTEX_POINT ( 'NONE', #1968 ) ;
#3333 = EDGE_LOOP ( 'NONE', ( #3006, #97, #75, #2814 ) ) ;
#3334 = ORIENTED_EDGE ( 'NONE', *, *, #1897, .F. ) ;
#3335 = LINE ( 'NONE', #147, #3186 ) ;
#3336 = FACE_OUTER_BOUND ( 'NONE', #1061, .T. ) ;
#3337 = LINE ( 'NONE', #1261, #3084 ) ;
#3338 = ORIENTED_EDGE ( 'NONE', *, *, #2745, .T. ) ;
#3339 = SURFACE_SIDE_STYLE ('',( #117 ) ) ;
#3340 = SURFACE_STYLE_USAGE ( .BOTH. , #2430 ) ;
#3341 = CARTESIAN_POINT ( 'NONE',  ( -6.764213562373092792, 1.550000000000000266, 3.935786437626967782 ) ) ;
#3342 = DIRECTION ( 'NONE',  ( 0.000000000000000000, 6.245698675651497881E-16, 1.000000000000000000 ) ) ;
#3343 = STYLED_ITEM ( 'NONE', ( #1890 ), #218 ) ;
#3344 = CARTESIAN_POINT ( 'NONE',  ( -2.000000000000000000, 0.7000000000000000666, -0.2499999999999991951 ) ) ;
#3345 = PRESENTATION_LAYER_ASSIGNMENT (  '', '', ( #383 ) ) ;
#3346 = SURFACE_STYLE_FILL_AREA ( #2118 ) ;
#3347 =( GEOMETRIC_REPRESENTATION_CONTEXT ( 3 ) GLOBAL_UNCERTAINTY_ASSIGNED_CONTEXT ( ( #2275 ) ) GLOBAL_UNIT_ASSIGNED_CONTEXT ( ( #2730, #1841, #3553 ) ) REPRESENTATION_CONTEXT ( 'NONE', 'WORKASPACE' ) );
#3348 = EDGE_CURVE ( 'NONE', #2931, #2748, #827, .T. ) ;
#3349 = CARTESIAN_POINT ( 'NONE',  ( -2.000000000000000000, -2.600000000000000089, 7.684658664649640013E-16 ) ) ;
#3350 = DIRECTION ( 'NONE',  ( 0.000000000000000000, 0.000000000000000000, -1.000000000000000000 ) ) ;
#3351 = CARTESIAN_POINT ( 'NONE',  ( -2.462855450382551936, 0.03030065993695356397, -1.202045922358904395 ) ) ;
#3352 = AXIS2_PLACEMENT_3D ( 'NONE', #216, #3466, #3505 ) ;
#3353 = CARTESIAN_POINT ( 'NONE',  ( 2.075000000000001066, 1.499999999999999778, 2.200000000000000178 ) ) ;
#3354 = FILL_AREA_STYLE ('',( #2129 ) ) ;
#3355 = VECTOR ( 'NONE', #2335, 1000.000000000000000 ) ;
#3356 =( BOUNDED_CURVE ( )  B_SPLINE_CURVE ( 3, ( #3377, #1858, #1820, #2104 ),
 .UNSPECIFIED., .F., .F. ) 
 B_SPLINE_CURVE_WITH_KNOTS ( ( 4, 4 ),
 ( 0.000000000000000000, 1.570796326794896558 ),
 .UNSPECIFIED. ) 
 CURVE ( )  GEOMETRIC_REPRESENTATION_ITEM ( )  RATIONAL_B_SPLINE_CURVE ( ( 1.000000000000000000, 0.8047378541243649375, 0.8047378541243649375, 1.000000000000000000 ) ) 
 REPRESENTATION_ITEM ( '' )  );
#3357 = ORIENTED_EDGE ( 'NONE', *, *, #2545, .F. ) ;
#3358 = VERTEX_POINT ( 'NONE', #1699 ) ;
#3359 = ORIENTED_EDGE ( 'NONE', *, *, #1218, .T. ) ;
#3360 = ORIENTED_EDGE ( 'NONE', *, *, #715, .T. ) ;
#3361 = FACE_OUTER_BOUND ( 'NONE', #1882, .T. ) ;
#3362 = MECHANICAL_DESIGN_GEOMETRIC_PRESENTATION_REPRESENTATION (  '', ( #462 ), #2266 ) ;
#3363 = DIRECTION ( 'NONE',  ( 0.000000000000000000, 0.000000000000000000, 1.000000000000000000 ) ) ;
#3364 = VECTOR ( 'NONE', #1849, 1000.000000000000000 ) ;
#3365 = EDGE_CURVE ( 'NONE', #971, #2951, #2908, .T. ) ;
#3366 = VERTEX_POINT ( 'NONE', #546 ) ;
#3367 = PRESENTATION_STYLE_ASSIGNMENT (( #3076 ) ) ;
#3368 = CARTESIAN_POINT ( 'NONE',  ( 2.299031112740347975E-16, 3.600000000000000089, 2.200000000000000178 ) ) ;
#3369 = ORIENTED_EDGE ( 'NONE', *, *, #3832, .F. ) ;
#3370 = EDGE_LOOP ( 'NONE', ( #3148, #1583, #919, #3315 ) ) ;
#3371 = DIRECTION ( 'NONE',  ( 0.000000000000000000, 0.000000000000000000, 1.000000000000000000 ) ) ;
#3372 = DIRECTION ( 'NONE',  ( 0.000000000000000000, -6.245698675651497881E-16, -1.000000000000000000 ) ) ;
#3373 = FILL_AREA_STYLE_COLOUR ( '', #3396 ) ;
#3374 = SURFACE_STYLE_FILL_AREA ( #122 ) ;
#3375 = EDGE_CURVE ( 'NONE', #1923, #256, #2585, .T. ) ;
#3376 = ORIENTED_EDGE ( 'NONE', *, *, #1578, .T. ) ;
#3377 = CARTESIAN_POINT ( 'NONE',  ( 4.349999999999999645, 4.450000000000000178, 2.200000000000000178 ) ) ;
#3378 =( NAMED_UNIT ( * ) SI_UNIT ( $, .STERADIAN. ) SOLID_ANGLE_UNIT ( ) );
#3379 = EDGE_CURVE ( 'NONE', #276, #1823, #28, .T. ) ;
#3380 = VERTEX_POINT ( 'NONE', #3818 ) ;
#3381 = ORIENTED_EDGE ( 'NONE', *, *, #3222, .F. ) ;
#3382 = DIRECTION ( 'NONE',  ( -1.000000000000000000, 0.000000000000000000, 0.000000000000000000 ) ) ;
#3383 = VERTEX_POINT ( 'NONE', #2905 ) ;
#3384 =( LENGTH_UNIT ( ) NAMED_UNIT ( * ) SI_UNIT ( .MILLI., .METRE. ) );
#3385 = CARTESIAN_POINT ( 'NONE',  ( 2.349999999999999645, 1.349999999999999423, 2.200000000000000178 ) ) ;
#3386 = ADVANCED_FACE ( 'NONE', ( #213 ), #2988, .T. ) ;
#3387 = DIRECTION ( 'NONE',  ( 0.000000000000000000, 0.000000000000000000, 1.000000000000000000 ) ) ;
#3388 = ORIENTED_EDGE ( 'NONE', *, *, #3632, .T. ) ;
#3389 = CARTESIAN_POINT ( 'NONE',  ( -2.349999999999999645, 4.700000000000000178, 2.000000000000000000 ) ) ;
#3390 = CYLINDRICAL_SURFACE ( 'NONE', #2310, 0.3999999999999999667 ) ;
#3391 = CIRCLE ( 'NONE', #943, 0.2500000000000000000 ) ;
#3392 = DIRECTION ( 'NONE',  ( 0.000000000000000000, -8.881784197001254296E-16, 1.000000000000000000 ) ) ;
#3393 = CARTESIAN_POINT ( 'NONE',  ( 2.349999999999998757, 0.2229852138238123394, 1.133879039099079611 ) ) ;
#3394 =( NAMED_UNIT ( * ) SI_UNIT ( $, .STERADIAN. ) SOLID_ANGLE_UNIT ( ) );
#3395 = CARTESIAN_POINT ( 'NONE',  ( 3.949999999999999734, -1.250000000000000222, -0.6000000000000001998 ) ) ;
#3396 = COLOUR_RGB ( '',0.2509803921568627416, 0.2509803921568627416, 0.2509803921568627416 ) ;
#3397 = ORIENTED_EDGE ( 'NONE', *, *, #2531, .T. ) ;
#3398 = PRESENTATION_LAYER_ASSIGNMENT (  '', '', ( #1449 ) ) ;
#3399 = ORIENTED_EDGE ( 'NONE', *, *, #3689, .F. ) ;
#3400 = EDGE_CURVE ( 'NONE', #3249, #3752, #3576, .T. ) ;
#3401 = CARTESIAN_POINT ( 'NONE',  ( -3.949999999999999734, -1.250000000000000666, -0.6000000000000000888 ) ) ;
#3402 = VERTEX_POINT ( 'NONE', #2420 ) ;
#3403 = DIRECTION ( 'NONE',  ( -0.000000000000000000, -0.000000000000000000, -1.000000000000000000 ) ) ;
#3404 =( NAMED_UNIT ( * ) SI_UNIT ( $, .STERADIAN. ) SOLID_ANGLE_UNIT ( ) );
#3405 = ADVANCED_FACE ( 'NONE', ( #353 ), #70, .T. ) ;
#3406 = EDGE_LOOP ( 'NONE', ( #698, #1136, #2686, #67, #3604, #2221, #2656, #2740, #2374, #1546, #1236, #2132 ) ) ;
#3407 = ORIENTED_EDGE ( 'NONE', *, *, #3104, .T. ) ;
#3408 =( NAMED_UNIT ( * ) SI_UNIT ( $, .STERADIAN. ) SOLID_ANGLE_UNIT ( ) );
#3409 = CIRCLE ( 'NONE', #2188, 0.2500000000000003886 ) ;
#3410 = ORIENTED_EDGE ( 'NONE', *, *, #3491, .F. ) ;
#3411 =( LENGTH_UNIT ( ) NAMED_UNIT ( * ) SI_UNIT ( .MILLI., .METRE. ) );
#3412 = CIRCLE ( 'NONE', #1702, 0.3999999999999999667 ) ;
#3413 = DIRECTION ( 'NONE',  ( 0.000000000000000000, 0.1579905011066732035, -0.9874406319167053914 ) ) ;
#3414 = VERTEX_POINT ( 'NONE', #32 ) ;
#3415 =( GEOMETRIC_REPRESENTATION_CONTEXT ( 3 ) GLOBAL_UNCERTAINTY_ASSIGNED_CONTEXT ( ( #2972 ) ) GLOBAL_UNIT_ASSIGNED_CONTEXT ( ( #3796, #1683, #1736 ) ) REPRESENTATION_CONTEXT ( 'NONE', 'WORKASPACE' ) );
#3416 = DIRECTION ( 'NONE',  ( -0.000000000000000000, -0.000000000000000000, -1.000000000000000000 ) ) ;
#3417 = LINE ( 'NONE', #2213, #2126 ) ;
#3418 = CARTESIAN_POINT ( 'NONE',  ( 2.349999999999999645, 0.6999999999999991784, 2.200000000000000178 ) ) ;
#3419 = ORIENTED_EDGE ( 'NONE', *, *, #3379, .T. ) ;
#3420 = ORIENTED_EDGE ( 'NONE', *, *, #1433, .F. ) ;
#3421 = ORIENTED_EDGE ( 'NONE', *, *, #2364, .T. ) ;
#3422 = EDGE_CURVE ( 'NONE', #2634, #2779, #663, .T. ) ;
#3423 =( NAMED_UNIT ( * ) PLANE_ANGLE_UNIT ( ) SI_UNIT ( $, .RADIAN. ) );
#3424 = VECTOR ( 'NONE', #3504, 1000.000000000000000 ) ;
#3425 = COLOUR_RGB ( '',0.8470588235294117530, 0.8431372549019607865, 0.8470588235294117530 ) ;
#3426 =( LENGTH_UNIT ( ) NAMED_UNIT ( * ) SI_UNIT ( .MILLI., .METRE. ) );
#3427 = ORIENTED_EDGE ( 'NONE', *, *, #3297, .T. ) ;
#3428 = MECHANICAL_DESIGN_GEOMETRIC_PRESENTATION_REPRESENTATION (  '', ( #2274 ), #531 ) ;
#3429 =( NAMED_UNIT ( * ) PLANE_ANGLE_UNIT ( ) SI_UNIT ( $, .RADIAN. ) );
#3430 = AXIS2_PLACEMENT_3D ( 'NONE', #2583, #1662, #527 ) ;
#3431 = EDGE_CURVE ( 'NONE', #2797, #989, #3600, .T. ) ;
#3432 = UNCERTAINTY_MEASURE_WITH_UNIT (LENGTH_MEASURE( 1.000000000000000082E-05 ), #1413, 'distance_accuracy_value', 'NONE');
#3433 = FILL_AREA_STYLE ('',( #2799 ) ) ;
#3434 = ORIENTED_EDGE ( 'NONE', *, *, #3365, .T. ) ;
#3435 = UNCERTAINTY_MEASURE_WITH_UNIT (LENGTH_MEASURE( 1.000000000000000082E-05 ), #1447, 'distance_accuracy_value', 'NONE');
#3436 = SPHERICAL_SURFACE ( 'NONE', #148, 0.2500000000000000000 ) ;
#3437 = ORIENTED_EDGE ( 'NONE', *, *, #3784, .F. ) ;
#3438 =( NAMED_UNIT ( * ) SI_UNIT ( $, .STERADIAN. ) SOLID_ANGLE_UNIT ( ) );
#3439 = CARTESIAN_POINT ( 'NONE',  ( 2.599999999999999645, 0.000000000000000000, -2.200000000000000178 ) ) ;
#3440 = CARTESIAN_POINT ( 'NONE',  ( -2.000000000000000000, 1.550000000000000266, -2.828427124746190735 ) ) ;
#3441 = COLOUR_RGB ( '',0.8470588235294117530, 0.8431372549019607865, 0.8470588235294117530 ) ;
#3442 = LINE ( 'NONE', #3758, #83 ) ;
#3443 = EDGE_CURVE ( 'NONE', #430, #1582, #1821, .T. ) ;
#3444 = SURFACE_STYLE_USAGE ( .BOTH. , #164 ) ;
#3445 = EDGE_LOOP ( 'NONE', ( #699, #2473, #3173, #2295 ) ) ;
#3446 = CARTESIAN_POINT ( 'NONE',  ( -2.349999999999999645, 1.349999999999999645, 2.000000000000000000 ) ) ;
#3447 = EDGE_CURVE ( 'NONE', #452, #2748, #3025, .T. ) ;
#3448 = CARTESIAN_POINT ( 'NONE',  ( 2.393880996126364735, 0.1045571479292720929, 1.186916385698000509 ) ) ;
#3449 = AXIS2_PLACEMENT_3D ( 'NONE', #1199, #864, #950 ) ;
#3450 = FILL_AREA_STYLE ('',( #1059 ) ) ;
#3451 = B_SPLINE_CURVE_WITH_KNOTS ( 'NONE', 3,
 ( #3566, #887, #303, #1490, #1510, #2051 ),
 .UNSPECIFIED., .F., .F.,
 ( 4, 2, 4 ),
 ( 5.421010862427522170E-20, 0.0002050984712928843781, 0.0004101969425857685935 ),
 .UNSPECIFIED. ) ;
#3452 = VECTOR ( 'NONE', #1458, 1000.000000000000000 ) ;
#3453 = VERTEX_POINT ( 'NONE', #1253 ) ;
#3454 = STYLED_ITEM ( 'NONE', ( #1074 ), #2833 ) ;
#3455 = ORIENTED_EDGE ( 'NONE', *, *, #1632, .F. ) ;
#3456 = VERTEX_POINT ( 'NONE', #687 ) ;
#3457 = COLOUR_RGB ( '',0.8470588235294117530, 0.8431372549019607865, 0.8470588235294117530 ) ;
#3458 = DIRECTION ( 'NONE',  ( 4.989666635317766278E-20, 1.000000000000000000, -0.000000000000000000 ) ) ;
#3459 = SURFACE_STYLE_FILL_AREA ( #2580 ) ;
#3460 = SURFACE_STYLE_USAGE ( .BOTH. , #3741 ) ;
#3461 = APPLICATION_CONTEXT ( 'automotive_design' ) ;
#3462 = LINE ( 'NONE', #3162, #3606 ) ;
#3463 = LINE ( 'NONE', #1419, #2630 ) ;
#3464 = FACE_OUTER_BOUND ( 'NONE', #2373, .T. ) ;
#3465 = CYLINDRICAL_SURFACE ( 'NONE', #3070, 0.3999999999999999667 ) ;
#3466 = DIRECTION ( 'NONE',  ( 0.000000000000000000, 1.000000000000000000, 0.000000000000000000 ) ) ;
#3467 = PRESENTATION_STYLE_ASSIGNMENT (( #391 ) ) ;
#3468 = AXIS2_PLACEMENT_3D ( 'NONE', #1250, #3573, #1817 ) ;
#3469 = PLANE ( 'NONE',  #3634 ) ;
#3470 = ORIENTED_EDGE ( 'NONE', *, *, #2173, .T. ) ;
#3471 = ADVANCED_FACE ( 'NONE', ( #964 ), #2756, .F. ) ;
#3472 = CARTESIAN_POINT ( 'NONE',  ( 2.599999999999999645, 0.000000000000000000, 2.200000000000000178 ) ) ;
#3473 = FACE_OUTER_BOUND ( 'NONE', #2111, .T. ) ;
#3474 = VECTOR ( 'NONE', #3485, 1000.000000000000000 ) ;
#3475 = LINE ( 'NONE', #227, #1620 ) ;
#3476 = VECTOR ( 'NONE', #445, 1000.000000000000000 ) ;
#3477 = SURFACE_SIDE_STYLE ('',( #193 ) ) ;
#3478 = AXIS2_PLACEMENT_3D ( 'NONE', #2979, #2108, #2691 ) ;
#3479 = DIRECTION ( 'NONE',  ( 1.000000000000000000, 0.000000000000000000, 1.224646799147353207E-16 ) ) ;
#3480 = DIRECTION ( 'NONE',  ( 0.000000000000000000, 6.245698675651497881E-16, 1.000000000000000000 ) ) ;
#3481 = AXIS2_PLACEMENT_3D ( 'NONE', #244, #1483, #838 ) ;
#3482 = UNCERTAINTY_MEASURE_WITH_UNIT (LENGTH_MEASURE( 1.000000000000000082E-05 ), #1134, 'distance_accuracy_value', 'NONE');
#3483 = FACE_OUTER_BOUND ( 'NONE', #1353, .T. ) ;
#3484 =( NAMED_UNIT ( * ) PLANE_ANGLE_UNIT ( ) SI_UNIT ( $, .RADIAN. ) );
#3485 = DIRECTION ( 'NONE',  ( -1.000000000000000000, -0.000000000000000000, -0.000000000000000000 ) ) ;
#3486 = AXIS2_PLACEMENT_3D ( 'NONE', #370, #450, #2857 ) ;
#3487 = LINE ( 'NONE', #792, #1247 ) ;
#3488 = AXIS2_PLACEMENT_3D ( 'NONE', #768, #1432, #1966 ) ;
#3489 = DIRECTION ( 'NONE',  ( 0.000000000000000000, 0.000000000000000000, 1.000000000000000000 ) ) ;
#3490 =( NAMED_UNIT ( * ) PLANE_ANGLE_UNIT ( ) SI_UNIT ( $, .RADIAN. ) );
#3491 = EDGE_CURVE ( 'NONE', #1010, #3033, #1631, .T. ) ;
#3492 = ORIENTED_EDGE ( 'NONE', *, *, #476, .F. ) ;
#3493 = DIRECTION ( 'NONE',  ( 0.000000000000000000, -1.000000000000000000, 0.000000000000000000 ) ) ;
#3494 = PRESENTATION_LAYER_ASSIGNMENT (  '', '', ( #1666 ) ) ;
#3495 = CARTESIAN_POINT ( 'NONE',  ( 4.349999999999999645, 4.700000000000000178, -2.200000000000000178 ) ) ;
#3496 = CARTESIAN_POINT ( 'NONE',  ( -3.349999999999999645, 0.2500000000000000000, 1.112249899919919072 ) ) ;
#3497 = ORIENTED_EDGE ( 'NONE', *, *, #130, .F. ) ;
#3498 = DIRECTION ( 'NONE',  ( -0.000000000000000000, -0.000000000000000000, -1.000000000000000000 ) ) ;
#3499 = EDGE_CURVE ( 'NONE', #653, #691, #2187, .T. ) ;
#3500 = CARTESIAN_POINT ( 'NONE',  ( -3.169301702141829491, -1.177375796683477471E-16, 1.199999999999999956 ) ) ;
#3501 = SURFACE_STYLE_USAGE ( .BOTH. , #788 ) ;
#3502 = PRESENTATION_STYLE_ASSIGNMENT (( #1053 ) ) ;
#3503 =( NAMED_UNIT ( * ) SI_UNIT ( $, .STERADIAN. ) SOLID_ANGLE_UNIT ( ) );
#3504 = DIRECTION ( 'NONE',  ( 1.000000000000000000, 0.000000000000000000, 0.000000000000000000 ) ) ;
#3505 = DIRECTION ( 'NONE',  ( 0.000000000000000000, 0.000000000000000000, -1.000000000000000000 ) ) ;
#3506 = VECTOR ( 'NONE', #2017, 1000.000000000000000 ) ;
#3507 = DIRECTION ( 'NONE',  ( 9.637352644315614471E-16, -1.000000000000000000, 0.000000000000000000 ) ) ;
#3508 = UNCERTAINTY_MEASURE_WITH_UNIT (LENGTH_MEASURE( 1.000000000000000082E-05 ), #841, 'distance_accuracy_value', 'NONE');
#3509 = AXIS2_PLACEMENT_3D ( 'NONE', #1762, #2043, #2009 ) ;
#3510 =( GEOMETRIC_REPRESENTATION_CONTEXT ( 3 ) GLOBAL_UNCERTAINTY_ASSIGNED_CONTEXT ( ( #918 ) ) GLOBAL_UNIT_ASSIGNED_CONTEXT ( ( #79, #438, #3141 ) ) REPRESENTATION_CONTEXT ( 'NONE', 'WORKASPACE' ) );
#3511 = EDGE_LOOP ( 'NONE', ( #3097, #1782, #1928, #2352 ) ) ;
#3512 = VECTOR ( 'NONE', #3646, 1000.000000000000000 ) ;
#3513 = DIRECTION ( 'NONE',  ( -0.000000000000000000, -0.000000000000000000, -1.000000000000000000 ) ) ;
#3514 = PLANE ( 'NONE',  #713 ) ;
#3515 = PRESENTATION_LAYER_ASSIGNMENT (  '', '', ( #2179 ) ) ;
#3516 = DIRECTION ( 'NONE',  ( 0.000000000000000000, 0.000000000000000000, -1.000000000000000000 ) ) ;
#3517 = EDGE_CURVE ( 'NONE', #1279, #939, #1896, .T. ) ;
#3518 = CIRCLE ( 'NONE', #1193, 0.3999999999999999667 ) ;
#3519 = CARTESIAN_POINT ( 'NONE',  ( 3.949999999999999734, 0.000000000000000000, -2.199999999999998845 ) ) ;
#3520 =( NAMED_UNIT ( * ) PLANE_ANGLE_UNIT ( ) SI_UNIT ( $, .RADIAN. ) );
#3521 = ADVANCED_FACE ( 'NONE', ( #3688 ), #2229, .T. ) ;
#3522 = EDGE_CURVE ( 'NONE', #3830, #1579, #2252, .T. ) ;
#3523 = CARTESIAN_POINT ( 'NONE',  ( -3.349999999999999645, 0.7000000000000000666, -2.200000000000000178 ) ) ;
#3524 = DIRECTION ( 'NONE',  ( 0.000000000000000000, 1.000000000000000000, 0.000000000000000000 ) ) ;
#3525 = CIRCLE ( 'NONE', #1694, 0.2500000000000002220 ) ;
#3526 = ORIENTED_EDGE ( 'NONE', *, *, #569, .T. ) ;
#3527 = COLOUR_RGB ( '',0.8470588235294117530, 0.8431372549019607865, 0.8470588235294117530 ) ;
#3528 = ORIENTED_EDGE ( 'NONE', *, *, #1384, .F. ) ;
#3529 = CARTESIAN_POINT ( 'NONE',  ( 3.949999999999999734, -9.063624274963587724E-16, 1.199999999999999734 ) ) ;
#3530 = ADVANCED_FACE ( 'NONE', ( #2172 ), #1300, .F. ) ;
#3531 = CARTESIAN_POINT ( 'NONE',  ( 3.949999999999999734, 0.7000000000000000666, -2.199999999999998845 ) ) ;
#3532 = UNCERTAINTY_MEASURE_WITH_UNIT (LENGTH_MEASURE( 1.000000000000000082E-05 ), #3838, 'distance_accuracy_value', 'NONE');
#3533 = FILL_AREA_STYLE_COLOUR ( '', #2589 ) ;
#3534 = CARTESIAN_POINT ( 'NONE',  ( -4.349999999999999645, -3.551475717527321860E-16, -0.7999999999999997113 ) ) ;
#3535 = VECTOR ( 'NONE', #1877, 1000.000000000000000 ) ;
#3536 = DIRECTION ( 'NONE',  ( 0.000000000000000000, 0.000000000000000000, 1.000000000000000000 ) ) ;
#3537 = VECTOR ( 'NONE', #670, 1000.000000000000000 ) ;
#3538 = FILL_AREA_STYLE ('',( #2288 ) ) ;
#3539 = AXIS2_PLACEMENT_3D ( 'NONE', #1742, #551, #2346 ) ;
#3540 = EDGE_CURVE ( 'NONE', #1865, #292, #1471, .T. ) ;
#3541 = DIRECTION ( 'NONE',  ( -3.761581922631320025E-34, -1.000000000000000000, 0.000000000000000000 ) ) ;
#3542 = CIRCLE ( 'NONE', #37, 0.2500000000000000000 ) ;
#3543 = UNCERTAINTY_MEASURE_WITH_UNIT (LENGTH_MEASURE( 1.000000000000000082E-05 ), #2504, 'distance_accuracy_value', 'NONE');
#3544 = CARTESIAN_POINT ( 'NONE',  ( -3.949999999999999734, 4.699999999999999289, 2.199999999999999734 ) ) ;
#3545 = CARTESIAN_POINT ( 'NONE',  ( 2.299031112740347975E-16, 3.600000000000000089, 2.000000000000000000 ) ) ;
#3546 = AXIS2_PLACEMENT_3D ( 'NONE', #2906, #3745, #235 ) ;
#3547 = SURFACE_STYLE_USAGE ( .BOTH. , #1470 ) ;
#3548 = PRESENTATION_STYLE_ASSIGNMENT (( #3295 ) ) ;
#3549 = FACE_OUTER_BOUND ( 'NONE', #1265, .T. ) ;
#3550 = ADVANCED_FACE ( 'NONE', ( #1722 ), #3242, .F. ) ;
#3551 = PLANE ( 'NONE',  #1011 ) ;
#3552 = FILL_AREA_STYLE_COLOUR ( '', #207 ) ;
#3553 =( NAMED_UNIT ( * ) SI_UNIT ( $, .STERADIAN. ) SOLID_ANGLE_UNIT ( ) );
#3554 = EDGE_CURVE ( 'NONE', #317, #1010, #2841, .T. ) ;
#3555 =( NAMED_UNIT ( * ) PLANE_ANGLE_UNIT ( ) SI_UNIT ( $, .RADIAN. ) );
#3556 = FACE_OUTER_BOUND ( 'NONE', #1628, .T. ) ;
#3557 = EDGE_LOOP ( 'NONE', ( #1812, #2160, #2942, #2141 ) ) ;
#3558 = ORIENTED_EDGE ( 'NONE', *, *, #3730, .T. ) ;
#3559 = ORIENTED_EDGE ( 'NONE', *, *, #797, .T. ) ;
#3560 = FILL_AREA_STYLE ('',( #2356 ) ) ;
#3561 = CARTESIAN_POINT ( 'NONE',  ( -2.349999999999999201, 0.3999999999999996336, -0.7999999999999997113 ) ) ;
#3562 = CARTESIAN_POINT ( 'NONE',  ( -3.252606517456501592E-17, 4.700000000000000178, -2.828427124746190735 ) ) ;
#3563 = DIRECTION ( 'NONE',  ( 0.000000000000000000, 0.000000000000000000, 1.000000000000000000 ) ) ;
#3564 = MECHANICAL_DESIGN_GEOMETRIC_PRESENTATION_REPRESENTATION (  '', ( #2175 ), #1322 ) ;
#3565 = SURFACE_SIDE_STYLE ('',( #606 ) ) ;
#3566 = CARTESIAN_POINT ( 'NONE',  ( 3.349999999999999201, 0.2500000000000000000, 1.112249899919919072 ) ) ;
#3567 = CARTESIAN_POINT ( 'NONE',  ( 3.949999999999999734, 0.000000000000000000, -2.199999999999998845 ) ) ;
#3568 = AXIS2_PLACEMENT_3D ( 'NONE', #3221, #1112, #1948 ) ;
#3569 = MECHANICAL_DESIGN_GEOMETRIC_PRESENTATION_REPRESENTATION (  '', ( #2109 ), #233 ) ;
#3570 = DIRECTION ( 'NONE',  ( 1.000000000000000000, 0.000000000000000000, -0.000000000000000000 ) ) ;
#3571 = DIRECTION ( 'NONE',  ( 0.000000000000000000, 0.000000000000000000, 1.000000000000000000 ) ) ;
#3572 = EDGE_CURVE ( 'NONE', #1209, #276, #3210, .T. ) ;
#3573 = DIRECTION ( 'NONE',  ( 1.000000000000000000, 0.000000000000000000, 0.000000000000000000 ) ) ;
#3574 = ORIENTED_EDGE ( 'NONE', *, *, #1167, .T. ) ;
#3575 = CARTESIAN_POINT ( 'NONE',  ( 2.600000000000000089, -6.245698675651497881E-16, 1.199999999999999734 ) ) ;
#3576 = LINE ( 'NONE', #2065, #150 ) ;
#3577 = CARTESIAN_POINT ( 'NONE',  ( 2.349999999999999645, 1.349999999999999645, 2.000000000000000000 ) ) ;
#3578 = VERTEX_POINT ( 'NONE', #1953 ) ;
#3579 = ORIENTED_EDGE ( 'NONE', *, *, #2571, .F. ) ;
#3580 = VECTOR ( 'NONE', #1174, 1000.000000000000000 ) ;
#3581 = CARTESIAN_POINT ( 'NONE',  ( -3.349999999999999645, 0.2500000000000000000, 2.200000000000000178 ) ) ;
#3582 = COLOUR_RGB ( '',0.2509803921568627416, 0.2509803921568627416, 0.2509803921568627416 ) ;
#3583 = FILL_AREA_STYLE ('',( #1258 ) ) ;
#3584 =( NAMED_UNIT ( * ) SI_UNIT ( $, .STERADIAN. ) SOLID_ANGLE_UNIT ( ) );
#3585 = CARTESIAN_POINT ( 'NONE',  ( 2.000000000000000000, 0.7000000000000000666, -4.714890176717308529E-16 ) ) ;
#3586 = EDGE_CURVE ( 'NONE', #3860, #3456, #203, .T. ) ;
#3587 = PRESENTATION_LAYER_ASSIGNMENT (  '', '', ( #1398 ) ) ;
#3588 = PLANE ( 'NONE',  #3243 ) ;
#3589 = DIRECTION ( 'NONE',  ( 0.000000000000000000, 0.000000000000000000, -1.000000000000000000 ) ) ;
#3590 = VECTOR ( 'NONE', #3013, 999.9999999999998863 ) ;
#3591 = SURFACE_STYLE_FILL_AREA ( #2095 ) ;
#3592 = PRESENTATION_STYLE_ASSIGNMENT (( #2678 ) ) ;
#3593 = PLANE ( 'NONE',  #1116 ) ;
#3594 = LINE ( 'NONE', #1514, #817 ) ;
#3595 = VERTEX_POINT ( 'NONE', #3170 ) ;
#3596 =( GEOMETRIC_REPRESENTATION_CONTEXT ( 3 ) GLOBAL_UNCERTAINTY_ASSIGNED_CONTEXT ( ( #2712 ) ) GLOBAL_UNIT_ASSIGNED_CONTEXT ( ( #180, #504, #2889 ) ) REPRESENTATION_CONTEXT ( 'NONE', 'WORKASPACE' ) );
#3597 = MECHANICAL_DESIGN_GEOMETRIC_PRESENTATION_REPRESENTATION (  '', ( #156 ), #665 ) ;
#3598 = LINE ( 'NONE', #1519, #3750 ) ;
#3599 = VECTOR ( 'NONE', #940, 999.9999999999998863 ) ;
#3600 = LINE ( 'NONE', #916, #2010 ) ;
#3601 = CARTESIAN_POINT ( 'NONE',  ( 3.169287129244291012, -1.105377996166861696E-16, -1.199999999999999956 ) ) ;
#3602 = COLOUR_RGB ( '',0.2509803921568627416, 0.2509803921568627416, 0.2509803921568627416 ) ;
#3603 = ORIENTED_EDGE ( 'NONE', *, *, #478, .T. ) ;
#3604 = ORIENTED_EDGE ( 'NONE', *, *, #178, .F. ) ;
#3605 = EDGE_LOOP ( 'NONE', ( #2804, #272, #3309 ) ) ;
#3606 = VECTOR ( 'NONE', #3144, 1000.000000000000000 ) ;
#3607 = DIRECTION ( 'NONE',  ( 0.000000000000000000, 1.000000000000000000, 0.000000000000000000 ) ) ;
#3608 = ADVANCED_FACE ( 'NONE', ( #222 ), #1669, .F. ) ;
#3609 = SURFACE_STYLE_FILL_AREA ( #2340 ) ;
#3610 = DIRECTION ( 'NONE',  ( 0.000000000000000000, -1.000000000000000000, -3.306546357697854719E-16 ) ) ;
#3611 = DIRECTION ( 'NONE',  ( -0.000000000000000000, 0.1579905011066730369, 0.9874406319167053914 ) ) ;
#3612 = EDGE_LOOP ( 'NONE', ( #2227, #3334, #1002, #2296, #142, #1995, #3357, #2422 ) ) ;
#3613 = DIRECTION ( 'NONE',  ( -1.000000000000000000, -0.000000000000000000, -0.000000000000000000 ) ) ;
#3614 =( NAMED_UNIT ( * ) SI_UNIT ( $, .STERADIAN. ) SOLID_ANGLE_UNIT ( ) );
#3615 = LINE ( 'NONE', #2997, #2644 ) ;
#3616 =( NAMED_UNIT ( * ) SI_UNIT ( $, .STERADIAN. ) SOLID_ANGLE_UNIT ( ) );
#3617 = SHAPE_DEFINITION_REPRESENTATION ( #1989, #496 ) ;
#3618 = ORIENTED_EDGE ( 'NONE', *, *, #2998, .F. ) ;
#3619 = LINE ( 'NONE', #930, #1266 ) ;
#3620 = DIRECTION ( 'NONE',  ( 0.000000000000000000, 0.000000000000000000, -1.000000000000000000 ) ) ;
#3621 = CARTESIAN_POINT ( 'NONE',  ( 3.949999999999999734, -3.551475717527321860E-16, -0.7999999999999997113 ) ) ;
#3622 = FILL_AREA_STYLE_COLOUR ( '', #3224 ) ;
#3623 = LINE ( 'NONE', #2950, #2331 ) ;
#3624 = VECTOR ( 'NONE', #3371, 1000.000000000000000 ) ;
#3625 = ORIENTED_EDGE ( 'NONE', *, *, #1909, .F. ) ;
#3626 = UNCERTAINTY_MEASURE_WITH_UNIT (LENGTH_MEASURE( 1.000000000000000082E-05 ), #3855, 'distance_accuracy_value', 'NONE');
#3627 = ORIENTED_EDGE ( 'NONE', *, *, #1001, .T. ) ;
#3628 = FILL_AREA_STYLE ('',( #3178 ) ) ;
#3629 =( NAMED_UNIT ( * ) SI_UNIT ( $, .STERADIAN. ) SOLID_ANGLE_UNIT ( ) );
#3630 = CARTESIAN_POINT ( 'NONE',  ( 0.000000000000000000, 4.700000000000000178, 1.950000000000000178 ) ) ;
#3631 = ORIENTED_EDGE ( 'NONE', *, *, #33, .F. ) ;
#3632 = EDGE_CURVE ( 'NONE', #3094, #3366, #956, .T. ) ;
#3633 =( NAMED_UNIT ( * ) PLANE_ANGLE_UNIT ( ) SI_UNIT ( $, .RADIAN. ) );
#3634 = AXIS2_PLACEMENT_3D ( 'NONE', #3246, #3541, #1723 ) ;
#3635 = DIRECTION ( 'NONE',  ( 0.000000000000000000, 0.000000000000000000, 1.000000000000000000 ) ) ;
#3636 =( NAMED_UNIT ( * ) PLANE_ANGLE_UNIT ( ) SI_UNIT ( $, .RADIAN. ) );
#3637 =( NAMED_UNIT ( * ) PLANE_ANGLE_UNIT ( ) SI_UNIT ( $, .RADIAN. ) );
#3638 = AXIS2_PLACEMENT_3D ( 'NONE', #3024, #1498, #2732 ) ;
#3639 = DIRECTION ( 'NONE',  ( 0.000000000000000000, 0.000000000000000000, 1.000000000000000000 ) ) ;
#3640 = EDGE_CURVE ( 'NONE', #292, #1865, #453, .T. ) ;
#3641 = PRESENTATION_LAYER_ASSIGNMENT (  '', '', ( #3454 ) ) ;
#3642 = ORIENTED_EDGE ( 'NONE', *, *, #3268, .F. ) ;
#3643 =( GEOMETRIC_REPRESENTATION_CONTEXT ( 3 ) GLOBAL_UNCERTAINTY_ASSIGNED_CONTEXT ( ( #1688 ) ) GLOBAL_UNIT_ASSIGNED_CONTEXT ( ( #923, #2637, #3584 ) ) REPRESENTATION_CONTEXT ( 'NONE', 'WORKASPACE' ) );
#3644 = CARTESIAN_POINT ( 'NONE',  ( -2.370781541459452857, 0.1294374611323829694, -1.181844205578191476 ) ) ;
#3645 = EDGE_CURVE ( 'NONE', #3321, #987, #3873, .T. ) ;
#3646 = DIRECTION ( 'NONE',  ( -1.000000000000000000, -0.000000000000000000, -0.000000000000000000 ) ) ;
#3647 = PRESENTATION_STYLE_ASSIGNMENT (( #3004 ) ) ;
#3648 = ORIENTED_EDGE ( 'NONE', *, *, #2071, .F. ) ;
#3649 = ORIENTED_EDGE ( 'NONE', *, *, #2246, .T. ) ;
#3650 = ORIENTED_EDGE ( 'NONE', *, *, #1355, .T. ) ;
#3651 = COLOUR_RGB ( '',0.8470588235294117530, 0.8431372549019607865, 0.8470588235294117530 ) ;
#3652 = ORIENTED_EDGE ( 'NONE', *, *, #2183, .F. ) ;
#3653 = SURFACE_STYLE_USAGE ( .BOTH. , #1259 ) ;
#3654 =( NAMED_UNIT ( * ) SI_UNIT ( $, .STERADIAN. ) SOLID_ANGLE_UNIT ( ) );
#3655 = CARTESIAN_POINT ( 'NONE',  ( 4.349999999999999645, -1.250000000000000222, -0.6000000000000001998 ) ) ;
#3656 = DIRECTION ( 'NONE',  ( 0.000000000000000000, 0.000000000000000000, 1.000000000000000000 ) ) ;
#3657 = EDGE_CURVE ( 'NONE', #322, #1028, #2099, .T. ) ;
#3658 = COLOUR_RGB ( '',0.2509803921568627416, 0.2509803921568627416, 0.2509803921568627416 ) ;
#3659 = ORIENTED_EDGE ( 'NONE', *, *, #291, .F. ) ;
#3660 = COLOUR_RGB ( '',0.8470588235294117530, 0.8431372549019607865, 0.8470588235294117530 ) ;
#3661 = SURFACE_SIDE_STYLE ('',( #1838 ) ) ;
#3662 = EDGE_CURVE ( 'NONE', #1912, #3453, #913, .T. ) ;
#3663 = DIRECTION ( 'NONE',  ( 0.000000000000000000, -1.000000000000000000, 0.000000000000000000 ) ) ;
#3664 = ORIENTED_EDGE ( 'NONE', *, *, #1287, .T. ) ;
#3665 = STYLED_ITEM ( 'NONE', ( #275 ), #3742 ) ;
#3666 = CARTESIAN_POINT ( 'NONE',  ( -3.949999999999999734, -2.500000000000002665, -0.1499999999999999667 ) ) ;
#3667 = AXIS2_PLACEMENT_3D ( 'NONE', #2253, #1974, #2894 ) ;
#3668 = EDGE_CURVE ( 'NONE', #891, #2195, #2058, .T. ) ;
#3669 = ORIENTED_EDGE ( 'NONE', *, *, #978, .F. ) ;
#3670 =( GEOMETRIC_REPRESENTATION_CONTEXT ( 3 ) GLOBAL_UNCERTAINTY_ASSIGNED_CONTEXT ( ( #3308 ) ) GLOBAL_UNIT_ASSIGNED_CONTEXT ( ( #600, #3267, #3629 ) ) REPRESENTATION_CONTEXT ( 'NONE', 'WORKASPACE' ) );
#3671 = ORIENTED_EDGE ( 'NONE', *, *, #2762, .F. ) ;
#3672 = COLOUR_RGB ( '',0.8470588235294117530, 0.8431372549019607865, 0.8470588235294117530 ) ;
#3673 = ORIENTED_EDGE ( 'NONE', *, *, #661, .T. ) ;
#3674 = COLOUR_RGB ( '',0.8470588235294117530, 0.8431372549019607865, 0.8470588235294117530 ) ;
#3675 = B_SPLINE_CURVE_WITH_KNOTS ( 'NONE', 3,
 ( #2437, #2731, #3644, #3351, #664, #646 ),
 .UNSPECIFIED., .F., .F.,
 ( 4, 2, 4 ),
 ( 0.000000000000000000, 0.0002050984712928842425, 0.0004101969425857684851 ),
 .UNSPECIFIED. ) ;
#3676 = FILL_AREA_STYLE ('',( #3694 ) ) ;
#3677 = SURFACE_STYLE_FILL_AREA ( #2449 ) ;
#3678 =( NAMED_UNIT ( * ) SI_UNIT ( $, .STERADIAN. ) SOLID_ANGLE_UNIT ( ) );
#3679 = ORIENTED_EDGE ( 'NONE', *, *, #3572, .F. ) ;
#3680 =( NAMED_UNIT ( * ) PLANE_ANGLE_UNIT ( ) SI_UNIT ( $, .RADIAN. ) );
#3681 = SURFACE_SIDE_STYLE ('',( #1014 ) ) ;
#3682 =( NAMED_UNIT ( * ) SI_UNIT ( $, .STERADIAN. ) SOLID_ANGLE_UNIT ( ) );
#3683 = EDGE_CURVE ( 'NONE', #2453, #3595, #2854, .T. ) ;
#3684 = VERTEX_POINT ( 'NONE', #349 ) ;
#3685 = VECTOR ( 'NONE', #534, 1000.000000000000000 ) ;
#3686 = SURFACE_SIDE_STYLE ('',( #1563 ) ) ;
#3687 =( LENGTH_UNIT ( ) NAMED_UNIT ( * ) SI_UNIT ( .MILLI., .METRE. ) );
#3688 = FACE_OUTER_BOUND ( 'NONE', #1878, .T. ) ;
#3689 = EDGE_CURVE ( 'NONE', #41, #2032, #2081, .T. ) ;
#3690 = ORIENTED_EDGE ( 'NONE', *, *, #2006, .T. ) ;
#3691 = VECTOR ( 'NONE', #2322, 1000.000000000000000 ) ;
#3692 = EDGE_LOOP ( 'NONE', ( #1977, #3117, #1690, #2735 ) ) ;
#3693 = EDGE_CURVE ( 'NONE', #1279, #1028, #3302, .T. ) ;
#3694 = FILL_AREA_STYLE_COLOUR ( '', #3658 ) ;
#3695 =( NAMED_UNIT ( * ) PLANE_ANGLE_UNIT ( ) SI_UNIT ( $, .RADIAN. ) );
#3696 = SURFACE_SIDE_STYLE ('',( #1574 ) ) ;
#3697 = ORIENTED_EDGE ( 'NONE', *, *, #562, .T. ) ;
#3698 = EDGE_LOOP ( 'NONE', ( #1211, #690, #3142, #16 ) ) ;
#3699 = LINE ( 'NONE', #2477, #2977 ) ;
#3700 = FILL_AREA_STYLE_COLOUR ( '', #1804 ) ;
#3701 = DIRECTION ( 'NONE',  ( 1.000000000000000000, -0.000000000000000000, -0.000000000000000000 ) ) ;
#3702 = AXIS2_PLACEMENT_3D ( 'NONE', #2830, #3413, #3746 ) ;
#3703 = EDGE_CURVE ( 'NONE', #1644, #3684, #1588, .T. ) ;
#3704 = COLOUR_RGB ( '',0.8470588235294117530, 0.8431372549019607865, 0.8470588235294117530 ) ;
#3705 = MECHANICAL_DESIGN_GEOMETRIC_PRESENTATION_REPRESENTATION (  '', ( #1449 ), #1506 ) ;
#3706 = ORIENTED_EDGE ( 'NONE', *, *, #376, .F. ) ;
#3707 = UNCERTAINTY_MEASURE_WITH_UNIT (LENGTH_MEASURE( 1.000000000000000082E-05 ), #1592, 'distance_accuracy_value', 'NONE');
#3708 = EDGE_LOOP ( 'NONE', ( #1357, #3627, #3054 ) ) ;
#3709 =( NAMED_UNIT ( * ) PLANE_ANGLE_UNIT ( ) SI_UNIT ( $, .RADIAN. ) );
#3710 = FILL_AREA_STYLE ('',( #2501 ) ) ;
#3711 = PLANE ( 'NONE',  #3106 ) ;
#3712 = AXIS2_PLACEMENT_3D ( 'NONE', #3108, #1608, #2600 ) ;
#3713 = FILL_AREA_STYLE ('',( #1292 ) ) ;
#3714 = SURFACE_STYLE_USAGE ( .BOTH. , #1997 ) ;
#3715 = FACE_OUTER_BOUND ( 'NONE', #641, .T. ) ;
#3716 = STYLED_ITEM ( 'NONE', ( #3319 ), #2249 ) ;
#3717 = FACE_OUTER_BOUND ( 'NONE', #2086, .T. ) ;
#3718 = DIRECTION ( 'NONE',  ( 1.000000000000000000, -0.000000000000000000, -0.000000000000000000 ) ) ;
#3719 = ORIENTED_EDGE ( 'NONE', *, *, #1273, .T. ) ;
#3720 = PRESENTATION_LAYER_ASSIGNMENT (  '', '', ( #902 ) ) ;
#3721 = VECTOR ( 'NONE', #2781, 1000.000000000000000 ) ;
#3722 = MECHANICAL_DESIGN_GEOMETRIC_PRESENTATION_REPRESENTATION (  '', ( #2711 ), #840 ) ;
#3723 = ORIENTED_EDGE ( 'NONE', *, *, #721, .T. ) ;
#3724 = CARTESIAN_POINT ( 'NONE',  ( 0.000000000000000000, 0.7000000000000000666, 0.000000000000000000 ) ) ;
#3725 = EDGE_CURVE ( 'NONE', #333, #1787, #2986, .T. ) ;
#3726 = LINE ( 'NONE', #1619, #981 ) ;
#3727 = FILL_AREA_STYLE ('',( #1675 ) ) ;
#3728 = DIRECTION ( 'NONE',  ( 1.000000000000000000, 0.000000000000000000, 0.000000000000000000 ) ) ;
#3729 = PRESENTATION_STYLE_ASSIGNMENT (( #210 ) ) ;
#3730 = EDGE_CURVE ( 'NONE', #1783, #2087, #3260, .T. ) ;
#3731 = FILL_AREA_STYLE_COLOUR ( '', #1109 ) ;
#3732 = STYLED_ITEM ( 'NONE', ( #3502 ), #1813 ) ;
#3733 = CARTESIAN_POINT ( 'NONE',  ( 3.349999999999999201, 0.6999999999999991784, 2.200000000000000178 ) ) ;
#3734 = LINE ( 'NONE', #1107, #9 ) ;
#3735 =( NAMED_UNIT ( * ) SI_UNIT ( $, .STERADIAN. ) SOLID_ANGLE_UNIT ( ) );
#3736 = CARTESIAN_POINT ( 'NONE',  ( 3.949999999999999734, 4.645085803432136728, -0.3432137285491430045 ) ) ;
#3737 = MECHANICAL_DESIGN_GEOMETRIC_PRESENTATION_REPRESENTATION (  '', ( #3788 ), #1773 ) ;
#3738 = ORIENTED_EDGE ( 'NONE', *, *, #1524, .T. ) ;
#3739 = SURFACE_SIDE_STYLE ('',( #2537 ) ) ;
#3740 = VERTEX_POINT ( 'NONE', #3349 ) ;
#3741 = SURFACE_SIDE_STYLE ('',( #247 ) ) ;
#3742 = ADVANCED_FACE ( 'NONE', ( #1839 ), #1272, .F. ) ;
#3743 = SURFACE_STYLE_USAGE ( .BOTH. , #3681 ) ;
#3744 = ORIENTED_EDGE ( 'NONE', *, *, #2180, .F. ) ;
#3745 = DIRECTION ( 'NONE',  ( -0.000000000000000000, -0.000000000000000000, -1.000000000000000000 ) ) ;
#3746 = DIRECTION ( 'NONE',  ( 0.000000000000000000, 0.9874406319167053914, 0.1579905011066732035 ) ) ;
#3747 = PRESENTATION_LAYER_ASSIGNMENT (  '', '', ( #1008 ) ) ;
#3748 = ADVANCED_FACE ( 'NONE', ( #2205 ), #2456, .T. ) ;
#3749 = CARTESIAN_POINT ( 'NONE',  ( 3.061616997868383018E-17, 1.407106781186548528, 0.2500000000000001665 ) ) ;
#3750 = VECTOR ( 'NONE', #3305, 1000.000000000000000 ) ;
#3751 = CARTESIAN_POINT ( 'NONE',  ( 4.349999999999999645, -5.510910596163085611E-16, 0.7999999999999997113 ) ) ;
#3752 = VERTEX_POINT ( 'NONE', #3062 ) ;
#3753 = EDGE_LOOP ( 'NONE', ( #1617, #242, #3005 ) ) ;
#3754 = PRESENTATION_LAYER_ASSIGNMENT (  '', '', ( #563 ) ) ;
#3755 = DIRECTION ( 'NONE',  ( -1.000000000000000000, 0.000000000000000000, 0.000000000000000000 ) ) ;
#3756 = LINE ( 'NONE', #3472, #2370 ) ;
#3757 = DIRECTION ( 'NONE',  ( -1.000000000000000000, -0.000000000000000000, 0.000000000000000000 ) ) ;
#3758 = CARTESIAN_POINT ( 'NONE',  ( -2.000000000000000000, 0.000000000000000000, 2.000000000000000000 ) ) ;
#3759 = ADVANCED_FACE ( 'NONE', ( #2771 ), #103, .T. ) ;
#3760 = DIRECTION ( 'NONE',  ( 0.000000000000000000, 1.000000000000000000, -6.245698675651497881E-16 ) ) ;
#3761 = LINE ( 'NONE', #809, #3474 ) ;
#3762 = MECHANICAL_DESIGN_GEOMETRIC_PRESENTATION_REPRESENTATION (  '', ( #3265 ), #645 ) ;
#3763 = LINE ( 'NONE', #2329, #1780 ) ;
#3764 = PRESENTATION_LAYER_ASSIGNMENT (  '', '', ( #3270 ) ) ;
#3765 = EDGE_CURVE ( 'NONE', #1912, #3174, #385, .T. ) ;
#3766 = LINE ( 'NONE', #221, #1863 ) ;
#3767 = PRESENTATION_STYLE_ASSIGNMENT (( #2573 ) ) ;
#3768 = UNCERTAINTY_MEASURE_WITH_UNIT (LENGTH_MEASURE( 1.000000000000000082E-05 ), #1884, 'distance_accuracy_value', 'NONE');
#3769 = ADVANCED_FACE ( 'NONE', ( #1016 ), #1891, .T. ) ;
#3770 = VERTEX_POINT ( 'NONE', #1399 ) ;
#3771 = DIRECTION ( 'NONE',  ( 0.000000000000000000, 0.000000000000000000, -1.000000000000000000 ) ) ;
#3772 = DIRECTION ( 'NONE',  ( 0.000000000000000000, 1.000000000000000000, 0.000000000000000000 ) ) ;
#3773 = PRESENTATION_LAYER_ASSIGNMENT (  '', '', ( #22 ) ) ;
#3774 = FILL_AREA_STYLE_COLOUR ( '', #3227 ) ;
#3775 = CARTESIAN_POINT ( 'NONE',  ( -3.099999999999999645, 0.2500000000000000000, -2.200000000000000178 ) ) ;
#3776 = PRESENTATION_LAYER_ASSIGNMENT (  '', '', ( #399 ) ) ;
#3777 = UNCERTAINTY_MEASURE_WITH_UNIT (LENGTH_MEASURE( 1.000000000000000082E-05 ), #1696, 'distance_accuracy_value', 'NONE');
#3778 = PLANE ( 'NONE',  #3568 ) ;
#3779 = PRESENTATION_LAYER_ASSIGNMENT (  '', '', ( #588 ) ) ;
#3780 = VECTOR ( 'NONE', #1605, 1000.000000000000000 ) ;
#3781 =( NAMED_UNIT ( * ) SI_UNIT ( $, .STERADIAN. ) SOLID_ANGLE_UNIT ( ) );
#3782 = CYLINDRICAL_SURFACE ( 'NONE', #3468, 0.3999999999999999667 ) ;
#3783 = CYLINDRICAL_SURFACE ( 'NONE', #61, 0.2500000000000002220 ) ;
#3784 = EDGE_CURVE ( 'NONE', #2279, #3770, #2306, .T. ) ;
#3785 = ORIENTED_EDGE ( 'NONE', *, *, #3183, .F. ) ;
#3786 = ORIENTED_EDGE ( 'NONE', *, *, #1402, .T. ) ;
#3787 = LINE ( 'NONE', #3139, #214 ) ;
#3788 = STYLED_ITEM ( 'NONE', ( #3044 ), #1572 ) ;
#3789 =( LENGTH_UNIT ( ) NAMED_UNIT ( * ) SI_UNIT ( .MILLI., .METRE. ) );
#3790 = VERTEX_POINT ( 'NONE', #1667 ) ;
#3791 =( LENGTH_UNIT ( ) NAMED_UNIT ( * ) SI_UNIT ( .MILLI., .METRE. ) );
#3792 = EDGE_CURVE ( 'NONE', #1020, #82, #2941, .T. ) ;
#3793 = CARTESIAN_POINT ( 'NONE',  ( 4.349999999999999645, -1.734723475976807094E-15, 2.935478377556205177E-15 ) ) ;
#3794 = UNCERTAINTY_MEASURE_WITH_UNIT (LENGTH_MEASURE( 1.000000000000000082E-05 ), #3687, 'distance_accuracy_value', 'NONE');
#3795 =( NAMED_UNIT ( * ) SI_UNIT ( $, .STERADIAN. ) SOLID_ANGLE_UNIT ( ) );
#3796 =( LENGTH_UNIT ( ) NAMED_UNIT ( * ) SI_UNIT ( .MILLI., .METRE. ) );
#3797 =( GEOMETRIC_REPRESENTATION_CONTEXT ( 3 ) GLOBAL_UNCERTAINTY_ASSIGNED_CONTEXT ( ( #1993 ) ) GLOBAL_UNIT_ASSIGNED_CONTEXT ( ( #3294, #1488, #861 ) ) REPRESENTATION_CONTEXT ( 'NONE', 'WORKASPACE' ) );
#3798 =( NAMED_UNIT ( * ) PLANE_ANGLE_UNIT ( ) SI_UNIT ( $, .RADIAN. ) );
#3799 = DIRECTION ( 'NONE',  ( -1.000000000000000000, 0.000000000000000000, 0.000000000000000000 ) ) ;
#3800 = FILL_AREA_STYLE ('',( #1744 ) ) ;
#3801 = PRESENTATION_LAYER_ASSIGNMENT (  '', '', ( #1127 ) ) ;
#3802 = SURFACE_STYLE_FILL_AREA ( #206 ) ;
#3803 = DIRECTION ( 'NONE',  ( 1.000000000000000000, 0.000000000000000000, 0.000000000000000000 ) ) ;
#3804 = EDGE_CURVE ( 'NONE', #2779, #3752, #2843, .T. ) ;
#3805 = STYLED_ITEM ( 'NONE', ( #2899 ), #3124 ) ;
#3806 = ORIENTED_EDGE ( 'NONE', *, *, #1978, .T. ) ;
#3807 = EDGE_LOOP ( 'NONE', ( #983, #3074 ) ) ;
#3808 =( NAMED_UNIT ( * ) SI_UNIT ( $, .STERADIAN. ) SOLID_ANGLE_UNIT ( ) );
#3809 = PRESENTATION_LAYER_ASSIGNMENT (  '', '', ( #245 ) ) ;
#3810 = LINE ( 'NONE', #69, #1017 ) ;
#3811 = DIRECTION ( 'NONE',  ( -0.000000000000000000, -0.000000000000000000, -1.000000000000000000 ) ) ;
#3812 = SURFACE_STYLE_FILL_AREA ( #802 ) ;
#3813 = MECHANICAL_DESIGN_GEOMETRIC_PRESENTATION_REPRESENTATION (  '', ( #2562 ), #127 ) ;
#3814 =( NAMED_UNIT ( * ) PLANE_ANGLE_UNIT ( ) SI_UNIT ( $, .RADIAN. ) );
#3815 = MECHANICAL_DESIGN_GEOMETRIC_PRESENTATION_REPRESENTATION (  '', ( #2447 ), #1627 ) ;
#3816 = DIRECTION ( 'NONE',  ( -0.000000000000000000, -0.000000000000000000, -1.000000000000000000 ) ) ;
#3817 = SURFACE_STYLE_FILL_AREA ( #529 ) ;
#3818 = CARTESIAN_POINT ( 'NONE',  ( -2.000000000000000000, 3.550000000000000266, 10.20000000000000107 ) ) ;
#3819 = PRESENTATION_STYLE_ASSIGNMENT (( #1986 ) ) ;
#3820 = DIRECTION ( 'NONE',  ( 0.000000000000000000, 1.000000000000000000, 0.000000000000000000 ) ) ;
#3821 = CYLINDRICAL_SURFACE ( 'NONE', #1929, 0.3999999999999999667 ) ;
#3822 =( NAMED_UNIT ( * ) SI_UNIT ( $, .STERADIAN. ) SOLID_ANGLE_UNIT ( ) );
#3823 =( NAMED_UNIT ( * ) SI_UNIT ( $, .STERADIAN. ) SOLID_ANGLE_UNIT ( ) );
#3824 = FACE_BOUND ( 'NONE', #1654, .T. ) ;
#3825 = COLOUR_RGB ( '',0.8470588235294117530, 0.8431372549019607865, 0.8470588235294117530 ) ;
#3826 =( NAMED_UNIT ( * ) PLANE_ANGLE_UNIT ( ) SI_UNIT ( $, .RADIAN. ) );
#3827 = UNCERTAINTY_MEASURE_WITH_UNIT (LENGTH_MEASURE( 1.000000000000000082E-05 ), #1645, 'distance_accuracy_value', 'NONE');
#3828 = VECTOR ( 'NONE', #287, 1000.000000000000000 ) ;
#3829 = ORIENTED_EDGE ( 'NONE', *, *, #702, .F. ) ;
#3830 = VERTEX_POINT ( 'NONE', #772 ) ;
#3831 = DIRECTION ( 'NONE',  ( 0.000000000000000000, 3.306546357697854719E-16, -1.000000000000000000 ) ) ;
#3832 = EDGE_CURVE ( 'NONE', #382, #416, #3761, .T. ) ;
#3833 = FILL_AREA_STYLE ('',( #2049 ) ) ;
#3834 = CARTESIAN_POINT ( 'NONE',  ( -2.075000000000000178, 4.700000000000000178, 2.000000000000000000 ) ) ;
#3835 = VECTOR ( 'NONE', #2654, 1000.000000000000000 ) ;
#3836 = AXIS2_PLACEMENT_3D ( 'NONE', #1237, #318, #2424 ) ;
#3837 = PRESENTATION_STYLE_ASSIGNMENT (( #3274 ) ) ;
#3838 =( LENGTH_UNIT ( ) NAMED_UNIT ( * ) SI_UNIT ( .MILLI., .METRE. ) );
#3839 = STYLED_ITEM ( 'NONE', ( #3767 ), #3608 ) ;
#3840 = VECTOR ( 'NONE', #2487, 1000.000000000000000 ) ;
#3841 =( NAMED_UNIT ( * ) PLANE_ANGLE_UNIT ( ) SI_UNIT ( $, .RADIAN. ) );
#3842 = UNCERTAINTY_MEASURE_WITH_UNIT (LENGTH_MEASURE( 1.000000000000000082E-05 ), #1379, 'distance_accuracy_value', 'NONE');
#3843 = DIRECTION ( 'NONE',  ( -0.000000000000000000, 0.000000000000000000, 1.000000000000000000 ) ) ;
#3844 = ORIENTED_EDGE ( 'NONE', *, *, #289, .T. ) ;
#3845 = CARTESIAN_POINT ( 'NONE',  ( -3.349999999999999645, 0.2500000000000000000, -2.200000000000000178 ) ) ;
#3846 = CARTESIAN_POINT ( 'NONE',  ( 3.350000000000000533, 0.3999999999999996336, -0.7999999999999997113 ) ) ;
#3847 = COLOUR_RGB ( '',0.8470588235294117530, 0.8431372549019607865, 0.8470588235294117530 ) ;
#3848 = EDGE_CURVE ( 'NONE', #2441, #3034, #3166, .T. ) ;
#3849 = FACE_OUTER_BOUND ( 'NONE', #760, .T. ) ;
#3850 = FACE_BOUND ( 'NONE', #3082, .T. ) ;
#3851 = DIRECTION ( 'NONE',  ( 1.000000000000000000, 1.045014142154703367E-16, 0.000000000000000000 ) ) ;
#3852 =( BOUNDED_CURVE ( )  B_SPLINE_CURVE ( 3, ( #1368, #411, #146, #1041 ),
 .UNSPECIFIED., .F., .F. ) 
 B_SPLINE_CURVE_WITH_KNOTS ( ( 4, 4 ),
 ( 1.570796326794896558, 3.141592653589793116 ),
 .UNSPECIFIED. ) 
 CURVE ( )  GEOMETRIC_REPRESENTATION_ITEM ( )  RATIONAL_B_SPLINE_CURVE ( ( 1.000000000000000000, 0.8047378541243649375, 0.8047378541243649375, 1.000000000000000000 ) ) 
 REPRESENTATION_ITEM ( '' )  );
#3853 = ORIENTED_EDGE ( 'NONE', *, *, #871, .T. ) ;
#3854 = FILL_AREA_STYLE_COLOUR ( '', #2676 ) ;
#3855 =( LENGTH_UNIT ( ) NAMED_UNIT ( * ) SI_UNIT ( .MILLI., .METRE. ) );
#3856 = ORIENTED_EDGE ( 'NONE', *, *, #355, .T. ) ;
#3857 = EDGE_CURVE ( 'NONE', #691, #761, #3207, .T. ) ;
#3858 = COLOUR_RGB ( '',0.8470588235294117530, 0.8431372549019607865, 0.8470588235294117530 ) ;
#3859 = VERTEX_POINT ( 'NONE', #505 ) ;
#3860 = VERTEX_POINT ( 'NONE', #2606 ) ;
#3861 = CARTESIAN_POINT ( 'NONE',  ( 4.099999999999999645, 4.700000000000000178, 1.950000000000000178 ) ) ;
#3862 = SURFACE_STYLE_USAGE ( .BOTH. , #246 ) ;
#3863 = DIRECTION ( 'NONE',  ( 1.000000000000000000, 2.090028284309406735E-16, 0.000000000000000000 ) ) ;
#3864 = DIRECTION ( 'NONE',  ( 1.000000000000000000, -0.000000000000000000, -0.000000000000000000 ) ) ;
#3865 = CARTESIAN_POINT ( 'NONE',  ( -2.599999999999999645, 0.000000000000000000, 2.200000000000000178 ) ) ;
#3866 = MECHANICAL_DESIGN_GEOMETRIC_PRESENTATION_REPRESENTATION (  '', ( #2878 ), #1569 ) ;
#3867 = SURFACE_SIDE_STYLE ('',( #1789 ) ) ;
#3868 = CARTESIAN_POINT ( 'NONE',  ( -2.349999999999999201, 0.2500000000000000555, 2.200000000000000178 ) ) ;
#3869 = MECHANICAL_DESIGN_GEOMETRIC_PRESENTATION_REPRESENTATION (  '', ( #1867 ), #367 ) ;
#3870 = AXIS2_PLACEMENT_3D ( 'NONE', #1659, #3513, #3158 ) ;
#3871 =( LENGTH_UNIT ( ) NAMED_UNIT ( * ) SI_UNIT ( .MILLI., .METRE. ) );
#3872 = CARTESIAN_POINT ( 'NONE',  ( -2.349999999999999201, 0.2229852138238123116, 1.133879039099079833 ) ) ;
#3873 = LINE ( 'NONE', #65, #1034 ) ;
ENDSEC;
END-ISO-10303-21;
