ISO-10303-21;
HEADER;
FILE_DESCRIPTION (( 'STEP AP214' ),
    '1' );
FILE_NAME ('SK12D07VG4.STEP',
    '2026-09-26T03:37:01',
    ( '' ),
    ( '' ),
    'SwSTEP 2.0',
    'SolidWorks 2026',
    '' );
FILE_SCHEMA (( 'AUTOMOTIVE_DESIGN' ));
ENDSEC;

DATA;
#1 = ORIENTED_EDGE ( 'NONE', *, *, #3503, .T. ) ;
#2 = UNCERTAINTY_MEASURE_WITH_UNIT (LENGTH_MEASURE( 1.000000000000000082E-05 ), #2745, 'distance_accuracy_value', 'NONE');
#3 =( NAMED_UNIT ( * ) SI_UNIT ( $, .STERADIAN. ) SOLID_ANGLE_UNIT ( ) );
#4 = STYLED_ITEM ( 'NONE', ( #1722 ), #3299 ) ;
#5 = STYLED_ITEM ( 'NONE', ( #1213 ), #844 ) ;
#6 = STYLED_ITEM ( 'NONE', ( #1717 ), #2818 ) ;
#7 = AXIS2_PLACEMENT_3D ( 'NONE', #1762, #3011, #3562 ) ;
#8 = LINE ( 'NONE', #3307, #1117 ) ;
#9 = EDGE_LOOP ( 'NONE', ( #1917, #2921, #3638, #2839, #2714, #2418, #1906, #3504, #838, #647, #663, #1446 ) ) ;
#10 = CARTESIAN_POINT ( 'NONE',  ( 2.599999999999999645, 0.2500000000000000000, 2.200000000000000178 ) ) ;
#11 = MECHANICAL_DESIGN_GEOMETRIC_PRESENTATION_REPRESENTATION (  '', ( #2199 ), #3711 ) ;
#12 =( LENGTH_UNIT ( ) NAMED_UNIT ( * ) SI_UNIT ( .MILLI., .METRE. ) );
#13 = DIRECTION ( 'NONE',  ( 1.000000000000000000, 0.000000000000000000, 0.000000000000000000 ) ) ;
#14 =( LENGTH_UNIT ( ) NAMED_UNIT ( * ) SI_UNIT ( .MILLI., .METRE. ) );
#15 = ADVANCED_FACE ( 'NONE', ( #1658 ), #3799, .F. ) ;
#16 = DIRECTION ( 'NONE',  ( 1.000000000000000000, 2.168404344971008868E-16, -0.000000000000000000 ) ) ;
#17 = PRESENTATION_STYLE_ASSIGNMENT (( #309 ) ) ;
#18 = DIRECTION ( 'NONE',  ( 0.7071067811865507924, 0.000000000000000000, 0.7071067811865441310 ) ) ;
#19 = CARTESIAN_POINT ( 'NONE',  ( -2.599999999999999645, -1.084202172485504434E-16, -1.199999999999999734 ) ) ;
#20 = DIRECTION ( 'NONE',  ( 0.000000000000000000, -0.9408874118687268195, -0.3387194682727416861 ) ) ;
#21 = LINE ( 'NONE', #618, #321 ) ;
#23 = EDGE_CURVE ( 'NONE', #2976, #1265, #1215, .T. ) ;
#22 = VECTOR ( 'NONE', #250, 999.9999999999998863 ) ;
#24 = ORIENTED_EDGE ( 'NONE', *, *, #2786, .F. ) ;
#25 = CARTESIAN_POINT ( 'NONE',  ( -2.599999999999999645, -6.245698675651497881E-16, 1.199999999999999734 ) ) ;
#26 = EDGE_LOOP ( 'NONE', ( #2495, #74, #2922, #3234 ) ) ;
#27 = STYLED_ITEM ( 'NONE', ( #2313 ), #170 ) ;
#28 = AXIS2_PLACEMENT_3D ( 'NONE', #653, #2703, #3671 ) ;
#29 = DIRECTION ( 'NONE',  ( -0.000000000000000000, -1.000000000000000000, -0.000000000000000000 ) ) ;
#30 = EDGE_LOOP ( 'NONE', ( #2504, #3134, #1792, #3699 ) ) ;
#31 = EDGE_LOOP ( 'NONE', ( #2619, #2358, #3724, #3015, #999, #2011, #2840, #2939, #126, #3210, #771, #3444 ) ) ;
#32 = DIRECTION ( 'NONE',  ( 1.000000000000000000, 0.000000000000000000, 0.000000000000000000 ) ) ;
#33 = FILL_AREA_STYLE ('',( #274 ) ) ;
#34 = FACE_BOUND ( 'NONE', #3779, .T. ) ;
#35 =( GEOMETRIC_REPRESENTATION_CONTEXT ( 3 ) GLOBAL_UNCERTAINTY_ASSIGNED_CONTEXT ( ( #586 ) ) GLOBAL_UNIT_ASSIGNED_CONTEXT ( ( #2012, #242, #1719 ) ) REPRESENTATION_CONTEXT ( 'NONE', 'WORKASPACE' ) );
#36 = CARTESIAN_POINT ( 'NONE',  ( 4.099999999999999645, 4.450000000000000178, 0.000000000000000000 ) ) ;
#37 = EDGE_CURVE ( 'NONE', #2606, #239, #3629, .T. ) ;
#38 = SURFACE_STYLE_FILL_AREA ( #2724 ) ;
#39 = LINE ( 'NONE', #3063, #258 ) ;
#40 = AXIS2_PLACEMENT_3D ( 'NONE', #2583, #870, #1214 ) ;
#41 =( NAMED_UNIT ( * ) SI_UNIT ( $, .STERADIAN. ) SOLID_ANGLE_UNIT ( ) );
#42 = CARTESIAN_POINT ( 'NONE',  ( -4.349999999999999645, 4.596446609406726225, 2.200000000000000178 ) ) ;
#43 = PRESENTATION_STYLE_ASSIGNMENT (( #915 ) ) ;
#44 = LINE ( 'NONE', #661, #1172 ) ;
#45 = EDGE_CURVE ( 'NONE', #2567, #2875, #3739, .T. ) ;
#46 = ORIENTED_EDGE ( 'NONE', *, *, #2103, .T. ) ;
#47 = DIRECTION ( 'NONE',  ( -0.000000000000000000, -0.000000000000000000, -1.000000000000000000 ) ) ;
#48 = AXIS2_PLACEMENT_3D ( 'NONE', #2095, #3319, #3005 ) ;
#49 = ORIENTED_EDGE ( 'NONE', *, *, #536, .F. ) ;
#50 = ORIENTED_EDGE ( 'NONE', *, *, #191, .F. ) ;
#51 = UNCERTAINTY_MEASURE_WITH_UNIT (LENGTH_MEASURE( 1.000000000000000082E-05 ), #735, 'distance_accuracy_value', 'NONE');
#52 = LINE ( 'NONE', #3387, #2260 ) ;
#53 = CARTESIAN_POINT ( 'NONE',  ( 2.599999999999999645, 0.000000000000000000, 2.200000000000000178 ) ) ;
#54 = FILL_AREA_STYLE_COLOUR ( '', #1585 ) ;
#55 = PRESENTATION_STYLE_ASSIGNMENT (( #2746 ) ) ;
#56 = DIRECTION ( 'NONE',  ( 0.000000000000000000, 0.000000000000000000, 1.000000000000000000 ) ) ;
#57 = CARTESIAN_POINT ( 'NONE',  ( 4.349999999999999645, 4.450000000000000178, -2.200000000000000178 ) ) ;
#58 = ADVANCED_FACE ( 'NONE', ( #658 ), #1851, .T. ) ;
#59 = MECHANICAL_DESIGN_GEOMETRIC_PRESENTATION_REPRESENTATION (  '', ( #2248 ), #2949 ) ;
#60 = ORIENTED_EDGE ( 'NONE', *, *, #1300, .T. ) ;
#61 = LINE ( 'NONE', #312, #1677 ) ;
#62 =( NAMED_UNIT ( * ) PLANE_ANGLE_UNIT ( ) SI_UNIT ( $, .RADIAN. ) );
#63 = CARTESIAN_POINT ( 'NONE',  ( -2.530712870755708277, -1.067261513540418057E-16, 1.199999999999999734 ) ) ;
#64 = AXIS2_PLACEMENT_3D ( 'NONE', #867, #3280, #576 ) ;
#65 = ORIENTED_EDGE ( 'NONE', *, *, #1622, .F. ) ;
#66 = EDGE_CURVE ( 'NONE', #3573, #2760, #272, .T. ) ;
#67 = SURFACE_STYLE_FILL_AREA ( #1571 ) ;
#68 = COLOUR_RGB ( '',0.8470588235294117530, 0.8431372549019607865, 0.8470588235294117530 ) ;
#69 = ORIENTED_EDGE ( 'NONE', *, *, #402, .F. ) ;
#70 = VERTEX_POINT ( 'NONE', #1829 ) ;
#71 = VECTOR ( 'NONE', #917, 1000.000000000000000 ) ;
#72 = DIRECTION ( 'NONE',  ( -0.000000000000000000, -1.000000000000000000, -0.000000000000000000 ) ) ;
#73 =( GEOMETRIC_REPRESENTATION_CONTEXT ( 3 ) GLOBAL_UNCERTAINTY_ASSIGNED_CONTEXT ( ( #3732 ) ) GLOBAL_UNIT_ASSIGNED_CONTEXT ( ( #3725, #1231, #1532 ) ) REPRESENTATION_CONTEXT ( 'NONE', 'WORKASPACE' ) );
#74 = ORIENTED_EDGE ( 'NONE', *, *, #3811, .T. ) ;
#75 = DIRECTION ( 'NONE',  ( 0.000000000000000000, 0.000000000000000000, -1.000000000000000000 ) ) ;
#76 = PRESENTATION_STYLE_ASSIGNMENT (( #2719 ) ) ;
#77 = VECTOR ( 'NONE', #1267, 1000.000000000000000 ) ;
#78 = CYLINDRICAL_SURFACE ( 'NONE', #2340, 0.3999999999999999667 ) ;
#79 = DIRECTION ( 'NONE',  ( -1.000000000000000000, -0.000000000000000000, -0.000000000000000000 ) ) ;
#80 = DIRECTION ( 'NONE',  ( -0.000000000000000000, -0.000000000000000000, 1.000000000000000000 ) ) ;
#81 = FILL_AREA_STYLE_COLOUR ( '', #2363 ) ;
#82 = CARTESIAN_POINT ( 'NONE',  ( -3.949999999999999734, -5.510910596163085611E-16, 0.7999999999999997113 ) ) ;
#83 = DIRECTION ( 'NONE',  ( 1.000000000000000000, -0.000000000000000000, -0.000000000000000000 ) ) ;
#84 = STYLED_ITEM ( 'NONE', ( #3249 ), #3370 ) ;
#85 = ORIENTED_EDGE ( 'NONE', *, *, #3863, .T. ) ;
#86 = CYLINDRICAL_SURFACE ( 'NONE', #2836, 0.2500000000000002220 ) ;
#87 = VECTOR ( 'NONE', #2305, 1000.000000000000000 ) ;
#88 = ORIENTED_EDGE ( 'NONE', *, *, #477, .F. ) ;
#89 = ORIENTED_EDGE ( 'NONE', *, *, #3222, .T. ) ;
#90 = DIRECTION ( 'NONE',  ( 0.000000000000000000, 0.000000000000000000, 1.000000000000000000 ) ) ;
#91 = VECTOR ( 'NONE', #3166, 1000.000000000000000 ) ;
#92 = ORIENTED_EDGE ( 'NONE', *, *, #2995, .F. ) ;
#93 = SURFACE_STYLE_USAGE ( .BOTH. , #3095 ) ;
#94 = DIRECTION ( 'NONE',  ( 0.000000000000000000, 0.000000000000000000, 1.000000000000000000 ) ) ;
#95 = CARTESIAN_POINT ( 'NONE',  ( -3.949999999999999734, -2.500000000000002665, -0.1499999999999999667 ) ) ;
#96 = ADVANCED_FACE ( 'NONE', ( #2751 ), #3654, .T. ) ;
#97 = LINE ( 'NONE', #2503, #1389 ) ;
#98 = LINE ( 'NONE', #2444, #1921 ) ;
#99 = CARTESIAN_POINT ( 'NONE',  ( 3.099999999999999645, 0.2500000000000000000, 2.200000000000000178 ) ) ;
#100 = DIRECTION ( 'NONE',  ( -1.000000000000000000, 0.000000000000000000, -0.000000000000000000 ) ) ;
#101 = DIRECTION ( 'NONE',  ( 0.000000000000000000, 0.000000000000000000, 1.000000000000000000 ) ) ;
#102 = CARTESIAN_POINT ( 'NONE',  ( 2.349999999999999645, 0.2500000000000000555, -1.112249899919919294 ) ) ;
#103 = AXIS2_PLACEMENT_3D ( 'NONE', #756, #1953, #3517 ) ;
#104 = CARTESIAN_POINT ( 'NONE',  ( -2.349999999999999201, 0.2500000000000000555, 1.112249899919919072 ) ) ;
#105 = VERTEX_POINT ( 'NONE', #3129 ) ;
#106 = CARTESIAN_POINT ( 'NONE',  ( 2.599999999999999645, 0.2500000000000000000, 2.200000000000000178 ) ) ;
#107 = VERTEX_POINT ( 'NONE', #430 ) ;
#108 = ORIENTED_EDGE ( 'NONE', *, *, #2727, .F. ) ;
#109 = EDGE_CURVE ( 'NONE', #3170, #489, #791, .T. ) ;
#110 = SURFACE_SIDE_STYLE ('',( #628 ) ) ;
#111 = ORIENTED_EDGE ( 'NONE', *, *, #2589, .T. ) ;
#112 = CARTESIAN_POINT ( 'NONE',  ( -3.099999999999999645, 0.2500000000000000000, 2.200000000000000178 ) ) ;
#113 =( NAMED_UNIT ( * ) PLANE_ANGLE_UNIT ( ) SI_UNIT ( $, .RADIAN. ) );
#114 = LINE ( 'NONE', #2205, #2527 ) ;
#115 = EDGE_LOOP ( 'NONE', ( #2863, #378, #3661, #288 ) ) ;
#116 = LINE ( 'NONE', #425, #381 ) ;
#117 =( NAMED_UNIT ( * ) PLANE_ANGLE_UNIT ( ) SI_UNIT ( $, .RADIAN. ) );
#118 = LINE ( 'NONE', #3150, #127 ) ;
#119 = ADVANCED_FACE ( 'NONE', ( #1088 ), #1356, .T. ) ;
#120 = AXIS2_PLACEMENT_3D ( 'NONE', #1067, #1988, #830 ) ;
#121 =( NAMED_UNIT ( * ) PLANE_ANGLE_UNIT ( ) SI_UNIT ( $, .RADIAN. ) );
#122 = CARTESIAN_POINT ( 'NONE',  ( 2.462855450382553713, 0.03030065993695323437, -1.202045922358904617 ) ) ;
#123 = SURFACE_STYLE_FILL_AREA ( #1603 ) ;
#124 = STYLED_ITEM ( 'NONE', ( #2037 ), #1825 ) ;
#125 = UNCERTAINTY_MEASURE_WITH_UNIT (LENGTH_MEASURE( 1.000000000000000082E-05 ), #3743, 'distance_accuracy_value', 'NONE');
#126 = ORIENTED_EDGE ( 'NONE', *, *, #991, .F. ) ;
#127 = VECTOR ( 'NONE', #2249, 1000.000000000000000 ) ;
#128 = UNCERTAINTY_MEASURE_WITH_UNIT (LENGTH_MEASURE( 1.000000000000000082E-05 ), #3048, 'distance_accuracy_value', 'NONE');
#129 = VERTEX_POINT ( 'NONE', #2533 ) ;
#130 = DIRECTION ( 'NONE',  ( -0.000000000000000000, -1.000000000000000000, 0.000000000000000000 ) ) ;
#131 = MECHANICAL_DESIGN_GEOMETRIC_PRESENTATION_REPRESENTATION (  '', ( #3829 ), #1560 ) ;
#132 = CARTESIAN_POINT ( 'NONE',  ( -2.074999999999999289, 1.499999999999999556, 2.000000000000000000 ) ) ;
#133 = CARTESIAN_POINT ( 'NONE',  ( -3.345530958050584758, 0.1933109650559080850, -1.151692553797756702 ) ) ;
#134 = FILL_AREA_STYLE_COLOUR ( '', #1907 ) ;
#135 = CARTESIAN_POINT ( 'NONE',  ( 0.000000000000000000, 0.7000000000000000666, -2.200000000000000178 ) ) ;
#136 = VECTOR ( 'NONE', #930, 1000.000000000000000 ) ;
#137 = SURFACE_STYLE_FILL_AREA ( #3373 ) ;
#138 = ADVANCED_FACE ( 'NONE', ( #164 ), #1048, .F. ) ;
#139 = MECHANICAL_DESIGN_GEOMETRIC_PRESENTATION_REPRESENTATION (  '', ( #3156 ), #1372 ) ;
#140 = CARTESIAN_POINT ( 'NONE',  ( -3.949999999999999734, 3.826133144475920567, 2.427407932011331759 ) ) ;
#141 = COLOUR_RGB ( '',0.8470588235294117530, 0.8431372549019607865, 0.8470588235294117530 ) ;
#142 = DIRECTION ( 'NONE',  ( 0.000000000000000000, 0.000000000000000000, 1.000000000000000000 ) ) ;
#143 =( NAMED_UNIT ( * ) PLANE_ANGLE_UNIT ( ) SI_UNIT ( $, .RADIAN. ) );
#144 = EDGE_CURVE ( 'NONE', #3035, #3681, #3588, .T. ) ;
#145 = ORIENTED_EDGE ( 'NONE', *, *, #1466, .T. ) ;
#146 = ORIENTED_EDGE ( 'NONE', *, *, #2349, .F. ) ;
#147 = FILL_AREA_STYLE ('',( #3484 ) ) ;
#148 =( NAMED_UNIT ( * ) SI_UNIT ( $, .STERADIAN. ) SOLID_ANGLE_UNIT ( ) );
#149 = ORIENTED_EDGE ( 'NONE', *, *, #3040, .F. ) ;
#150 = CARTESIAN_POINT ( 'NONE',  ( -1.000000000000000000, 4.700000000000000178, 5.700000000000005507 ) ) ;
#151 = ORIENTED_EDGE ( 'NONE', *, *, #1516, .T. ) ;
#152 = CARTESIAN_POINT ( 'NONE',  ( 0.000000000000000000, 4.700000000000000178, 1.950000000000000178 ) ) ;
#153 =( LENGTH_UNIT ( ) NAMED_UNIT ( * ) SI_UNIT ( .MILLI., .METRE. ) );
#154 = AXIS2_PLACEMENT_3D ( 'NONE', #3800, #2584, #2605 ) ;
#155 = FILL_AREA_STYLE_COLOUR ( '', #2610 ) ;
#156 = PRESENTATION_LAYER_ASSIGNMENT (  '', '', ( #2025 ) ) ;
#157 = DIRECTION ( 'NONE',  ( 0.000000000000000000, -0.9874406319167053914, 0.1579905011066730092 ) ) ;
#158 = ORIENTED_EDGE ( 'NONE', *, *, #1695, .T. ) ;
#159 = SURFACE_SIDE_STYLE ('',( #238 ) ) ;
#160 = COLOUR_RGB ( '',0.8470588235294117530, 0.8431372549019607865, 0.8470588235294117530 ) ;
#161 = CARTESIAN_POINT ( 'NONE',  ( 0.000000000000000000, 0.7000000000000000666, -0.2499999999999998335 ) ) ;
#162 = CYLINDRICAL_SURFACE ( 'NONE', #866, 0.2500000000000002220 ) ;
#163 = EDGE_CURVE ( 'NONE', #239, #2162, #2971, .T. ) ;
#164 = FACE_OUTER_BOUND ( 'NONE', #3365, .T. ) ;
#165 = FILL_AREA_STYLE_COLOUR ( '', #2896 ) ;
#166 = PLANE ( 'NONE',  #859 ) ;
#167 = CARTESIAN_POINT ( 'NONE',  ( 2.354469041949413644, 0.1933109650559082793, 1.151692553797756480 ) ) ;
#168 =( NAMED_UNIT ( * ) SI_UNIT ( $, .STERADIAN. ) SOLID_ANGLE_UNIT ( ) );
#169 = UNCERTAINTY_MEASURE_WITH_UNIT (LENGTH_MEASURE( 1.000000000000000082E-05 ), #1162, 'distance_accuracy_value', 'NONE');
#170 = ADVANCED_FACE ( 'NONE', ( #3538 ), #2932, .T. ) ;
#171 = CARTESIAN_POINT ( 'NONE',  ( 3.949999999999999734, -5.510910596163085611E-16, 0.7999999999999997113 ) ) ;
#172 = LINE ( 'NONE', #1042, #1648 ) ;
#173 = ORIENTED_EDGE ( 'NONE', *, *, #109, .F. ) ;
#174 = LINE ( 'NONE', #1044, #3830 ) ;
#175 =( GEOMETRIC_REPRESENTATION_CONTEXT ( 3 ) GLOBAL_UNCERTAINTY_ASSIGNED_CONTEXT ( ( #2140 ) ) GLOBAL_UNIT_ASSIGNED_CONTEXT ( ( #2489, #62, #3394 ) ) REPRESENTATION_CONTEXT ( 'NONE', 'WORKASPACE' ) );
#176 =( NAMED_UNIT ( * ) SI_UNIT ( $, .STERADIAN. ) SOLID_ANGLE_UNIT ( ) );
#177 = DIRECTION ( 'NONE',  ( 0.000000000000000000, 0.000000000000000000, -1.000000000000000000 ) ) ;
#178 = AXIS2_PLACEMENT_3D ( 'NONE', #617, #1538, #2750 ) ;
#179 = CARTESIAN_POINT ( 'NONE',  ( -2.000000000000000000, -2.349999999999999645, 7.531577814756221078E-16 ) ) ;
#180 = FILL_AREA_STYLE ('',( #207 ) ) ;
#181 = CARTESIAN_POINT ( 'NONE',  ( 3.349999999999999645, 0.3999999999999994116, 0.7999999999999997113 ) ) ;
#182 = SURFACE_STYLE_FILL_AREA ( #3247 ) ;
#183 = CARTESIAN_POINT ( 'NONE',  ( -0.4999999999999985012, 3.550000000000000266, 6.200000000000001066 ) ) ;
#184 = ADVANCED_FACE ( 'NONE', ( #3828 ), #2664, .F. ) ;
#185 = DIRECTION ( 'NONE',  ( 0.000000000000000000, 0.000000000000000000, -1.000000000000000000 ) ) ;
#186 = CARTESIAN_POINT ( 'NONE',  ( 9.866239769618092322E-16, 2.139399718496563702E-31, 2.000000000000000000 ) ) ;
#187 = ADVANCED_FACE ( 'NONE', ( #1403 ), #2385, .T. ) ;
#188 = ORIENTED_EDGE ( 'NONE', *, *, #757, .T. ) ;
#189 = SHAPE_DEFINITION_REPRESENTATION ( #685, #2283 ) ;
#190 = COLOUR_RGB ( '',0.8470588235294117530, 0.8431372549019607865, 0.8470588235294117530 ) ;
#191 = EDGE_CURVE ( 'NONE', #2760, #2200, #2153, .T. ) ;
#192 = FILL_AREA_STYLE ('',( #1981 ) ) ;
#193 = SURFACE_STYLE_FILL_AREA ( #3403 ) ;
#194 =( NAMED_UNIT ( * ) PLANE_ANGLE_UNIT ( ) SI_UNIT ( $, .RADIAN. ) );
#195 =( LENGTH_UNIT ( ) NAMED_UNIT ( * ) SI_UNIT ( .MILLI., .METRE. ) );
#196 =( NAMED_UNIT ( * ) PLANE_ANGLE_UNIT ( ) SI_UNIT ( $, .RADIAN. ) );
#197 = FILL_AREA_STYLE ('',( #1082 ) ) ;
#198 = CARTESIAN_POINT ( 'NONE',  ( 3.949999999999999734, 4.645085803432136728, -0.3432137285491430045 ) ) ;
#199 = ORIENTED_EDGE ( 'NONE', *, *, #1814, .T. ) ;
#200 = EDGE_CURVE ( 'NONE', #2057, #1408, #1395, .T. ) ;
#201 = FACE_OUTER_BOUND ( 'NONE', #809, .T. ) ;
#202 = FACE_OUTER_BOUND ( 'NONE', #3750, .T. ) ;
#203 = CARTESIAN_POINT ( 'NONE',  ( -2.349999999999999201, 0.2500000000000000555, -2.200000000000000178 ) ) ;
#204 = STYLED_ITEM ( 'NONE', ( #3000 ), #3335 ) ;
#205 = MECHANICAL_DESIGN_GEOMETRIC_PRESENTATION_REPRESENTATION (  '', ( #3577 ), #3709 ) ;
#206 = CARTESIAN_POINT ( 'NONE',  ( 2.349999999999999645, 1.349999999999999423, 2.200000000000000178 ) ) ;
#207 = FILL_AREA_STYLE_COLOUR ( '', #2087 ) ;
#208 = AXIS2_PLACEMENT_3D ( 'NONE', #3688, #407, #2744 ) ;
#209 = CARTESIAN_POINT ( 'NONE',  ( 2.349999999999999645, 0.3999999999999994116, 0.7999999999999997113 ) ) ;
#210 = AXIS2_PLACEMENT_3D ( 'NONE', #1790, #2376, #2362 ) ;
#211 = CARTESIAN_POINT ( 'NONE',  ( -4.349999999999999645, 4.450000000000000178, -2.200000000000000178 ) ) ;
#212 = VECTOR ( 'NONE', #1674, 1000.000000000000000 ) ;
#213 = AXIS2_PLACEMENT_3D ( 'NONE', #514, #3440, #1346 ) ;
#214 = SURFACE_SIDE_STYLE ('',( #1995 ) ) ;
#215 = CARTESIAN_POINT ( 'NONE',  ( 0.000000000000000000, 0.7000000000000000666, 1.408343819019456275E-16 ) ) ;
#216 = DIRECTION ( 'NONE',  ( 0.000000000000000000, 1.000000000000000000, 0.000000000000000000 ) ) ;
#217 = PLANE ( 'NONE',  #1697 ) ;
#218 = VERTEX_POINT ( 'NONE', #1845 ) ;
#219 = DIRECTION ( 'NONE',  ( 0.000000000000000000, 0.000000000000000000, -1.000000000000000000 ) ) ;
#220 = ORIENTED_EDGE ( 'NONE', *, *, #1579, .F. ) ;
#221 = COLOUR_RGB ( '',0.2509803921568627416, 0.2509803921568627416, 0.2509803921568627416 ) ;
#222 = CARTESIAN_POINT ( 'NONE',  ( 3.099999999999999645, -1.084202172485504434E-16, 2.200000000000000178 ) ) ;
#223 = FACE_OUTER_BOUND ( 'NONE', #3285, .T. ) ;
#225 = EDGE_CURVE ( 'NONE', #3705, #3385, #328, .T. ) ;
#224 = AXIS2_PLACEMENT_3D ( 'NONE', #340, #130, #90 ) ;
#226 =( GEOMETRIC_REPRESENTATION_CONTEXT ( 3 ) GLOBAL_UNCERTAINTY_ASSIGNED_CONTEXT ( ( #3347 ) ) GLOBAL_UNIT_ASSIGNED_CONTEXT ( ( #1903, #3118, #3143 ) ) REPRESENTATION_CONTEXT ( 'NONE', 'WORKASPACE' ) );
#227 = FILL_AREA_STYLE ('',( #1700 ) ) ;
#228 = CARTESIAN_POINT ( 'NONE',  ( -4.349999999999999645, -6.245698675651497881E-16, 1.199999999999999734 ) ) ;
#229 = SURFACE_STYLE_USAGE ( .BOTH. , #723 ) ;
#230 = VERTEX_POINT ( 'NONE', #969 ) ;
#231 = VECTOR ( 'NONE', #2699, 1000.000000000000000 ) ;
#232 = ORIENTED_EDGE ( 'NONE', *, *, #3672, .T. ) ;
#233 = B_SPLINE_CURVE_WITH_KNOTS ( 'NONE', 3,
 ( #3133, #3177, #1320, #1649, #2853, #167, #1072, #487 ),
 .UNSPECIFIED., .F., .F.,
 ( 4, 2, 2, 4 ),
 ( 4.421214372849130808E-19, 0.0002049309090525869542, 0.0003073963635788805803, 0.0004098618181051742878 ),
 .UNSPECIFIED. ) ;
#234 = CYLINDRICAL_SURFACE ( 'NONE', #1183, 0.2499999999999999445 ) ;
#235 = VERTEX_POINT ( 'NONE', #1889 ) ;
#236 = CARTESIAN_POINT ( 'NONE',  ( 4.349999999999999645, -1.734723475976807094E-15, 2.935478377556205177E-15 ) ) ;
#237 = ORIENTED_EDGE ( 'NONE', *, *, #200, .T. ) ;
#238 = SURFACE_STYLE_FILL_AREA ( #1066 ) ;
#239 = VERTEX_POINT ( 'NONE', #2170 ) ;
#240 = FACE_OUTER_BOUND ( 'NONE', #1832, .T. ) ;
#241 = VECTOR ( 'NONE', #2428, 1000.000000000000000 ) ;
#242 =( NAMED_UNIT ( * ) PLANE_ANGLE_UNIT ( ) SI_UNIT ( $, .RADIAN. ) );
#243 = SURFACE_SIDE_STYLE ('',( #2312 ) ) ;
#244 = DIRECTION ( 'NONE',  ( 0.000000000000000000, -0.9874406319167053914, 0.1579905011066730092 ) ) ;
#245 = FILL_AREA_STYLE_COLOUR ( '', #2960 ) ;
#246 = EDGE_CURVE ( 'NONE', #3792, #1877, #676, .T. ) ;
#247 = LINE ( 'NONE', #2634, #552 ) ;
#248 = VECTOR ( 'NONE', #80, 1000.000000000000000 ) ;
#249 = ORIENTED_EDGE ( 'NONE', *, *, #1107, .T. ) ;
#250 = DIRECTION ( 'NONE',  ( 0.000000000000000000, 0.9874406319167053914, 0.1579905011066732035 ) ) ;
#251 = DIRECTION ( 'NONE',  ( 0.000000000000000000, 0.9408874118687268195, 0.3387194682727416861 ) ) ;
#252 = VERTEX_POINT ( 'NONE', #2789 ) ;
#253 = ORIENTED_EDGE ( 'NONE', *, *, #3833, .F. ) ;
#254 = COLOUR_RGB ( '',0.8470588235294117530, 0.8431372549019607865, 0.8470588235294117530 ) ;
#255 = VECTOR ( 'NONE', #3608, 1000.000000000000000 ) ;
#256 = FILL_AREA_STYLE_COLOUR ( '', #2151 ) ;
#257 = EDGE_LOOP ( 'NONE', ( #2887, #2077, #2961, #3559 ) ) ;
#258 = VECTOR ( 'NONE', #1824, 1000.000000000000000 ) ;
#259 = FACE_OUTER_BOUND ( 'NONE', #1087, .T. ) ;
#260 = EDGE_CURVE ( 'NONE', #1490, #2235, #3789, .T. ) ;
#261 = PRESENTATION_STYLE_ASSIGNMENT (( #1357 ) ) ;
#262 = VECTOR ( 'NONE', #2929, 1000.000000000000000 ) ;
#263 =( NAMED_UNIT ( * ) SI_UNIT ( $, .STERADIAN. ) SOLID_ANGLE_UNIT ( ) );
#264 = SURFACE_STYLE_FILL_AREA ( #2917 ) ;
#265 = CARTESIAN_POINT ( 'NONE',  ( 2.599999999999999645, 0.000000000000000000, -2.200000000000000178 ) ) ;
#266 = AXIS2_PLACEMENT_3D ( 'NONE', #3165, #3509, #2881 ) ;
#267 = PLANE ( 'NONE',  #3526 ) ;
#268 = ADVANCED_FACE ( 'NONE', ( #1279 ), #3689, .T. ) ;
#269 = VERTEX_POINT ( 'NONE', #1254 ) ;
#270 = VERTEX_POINT ( 'NONE', #609 ) ;
#271 =( LENGTH_UNIT ( ) NAMED_UNIT ( * ) SI_UNIT ( .MILLI., .METRE. ) );
#272 =( BOUNDED_CURVE ( )  B_SPLINE_CURVE ( 3, ( #1514, #2729, #42, #3047 ),
 .UNSPECIFIED., .F., .F. ) 
 B_SPLINE_CURVE_WITH_KNOTS ( ( 4, 4 ),
 ( 1.570796326794896558, 3.141592653589793116 ),
 .UNSPECIFIED. ) 
 CURVE ( )  GEOMETRIC_REPRESENTATION_ITEM ( )  RATIONAL_B_SPLINE_CURVE ( ( 1.000000000000000000, 0.8047378541243649375, 0.8047378541243649375, 1.000000000000000000 ) ) 
 REPRESENTATION_ITEM ( '' )  );
#273 =( LENGTH_UNIT ( ) NAMED_UNIT ( * ) SI_UNIT ( .MILLI., .METRE. ) );
#274 = FILL_AREA_STYLE_COLOUR ( '', #938 ) ;
#275 = SURFACE_STYLE_FILL_AREA ( #1417 ) ;
#276 = MECHANICAL_DESIGN_GEOMETRIC_PRESENTATION_REPRESENTATION (  '', ( #3404 ), #2147 ) ;
#277 = UNCERTAINTY_MEASURE_WITH_UNIT (LENGTH_MEASURE( 1.000000000000000082E-05 ), #273, 'distance_accuracy_value', 'NONE');
#278 = VECTOR ( 'NONE', #3756, 1000.000000000000000 ) ;
#279 = ORIENTED_EDGE ( 'NONE', *, *, #3591, .T. ) ;
#280 = ORIENTED_EDGE ( 'NONE', *, *, #3493, .T. ) ;
#281 = SURFACE_STYLE_FILL_AREA ( #3544 ) ;
#282 = VERTEX_POINT ( 'NONE', #3016 ) ;
#283 = ORIENTED_EDGE ( 'NONE', *, *, #1570, .F. ) ;
#284 = EDGE_CURVE ( 'NONE', #282, #852, #2345, .T. ) ;
#285 = CARTESIAN_POINT ( 'NONE',  ( -1.000000000000000000, 1.550000000000000266, 5.700000000000005507 ) ) ;
#286 = UNCERTAINTY_MEASURE_WITH_UNIT (LENGTH_MEASURE( 1.000000000000000082E-05 ), #195, 'distance_accuracy_value', 'NONE');
#287 = DIRECTION ( 'NONE',  ( -0.000000000000000000, -0.000000000000000000, 1.000000000000000000 ) ) ;
#288 = ORIENTED_EDGE ( 'NONE', *, *, #2349, .T. ) ;
#289 = PRESENTATION_STYLE_ASSIGNMENT (( #1465 ) ) ;
#290 = CARTESIAN_POINT ( 'NONE',  ( -4.349999999999999645, -3.306546357697851761E-16, -1.199999999999999734 ) ) ;
#291 =( NAMED_UNIT ( * ) PLANE_ANGLE_UNIT ( ) SI_UNIT ( $, .RADIAN. ) );
#292 = LINE ( 'NONE', #1126, #2691 ) ;
#293 = PRESENTATION_STYLE_ASSIGNMENT (( #596 ) ) ;
#294 = FACE_OUTER_BOUND ( 'NONE', #1427, .T. ) ;
#295 = FACE_OUTER_BOUND ( 'NONE', #1335, .T. ) ;
#296 = PRESENTATION_LAYER_ASSIGNMENT (  '', '', ( #1918 ) ) ;
#297 = EDGE_CURVE ( 'NONE', #339, #2162, #3059, .T. ) ;
#298 = CARTESIAN_POINT ( 'NONE',  ( -4.349999999999999645, -1.399215392948765640E-16, -2.199999999999998845 ) ) ;
#299 = ORIENTED_EDGE ( 'NONE', *, *, #940, .F. ) ;
#301 = ADVANCED_FACE ( 'NONE', ( #1817, #2464 ), #1500, .T. ) ;
#300 = VECTOR ( 'NONE', #2484, 1000.000000000000000 ) ;
#302 = DIRECTION ( 'NONE',  ( -1.000000000000000000, 0.000000000000000000, 0.000000000000000000 ) ) ;
#303 = CARTESIAN_POINT ( 'NONE',  ( 3.949999999999999734, -2.499999999999999556, 0.000000000000000000 ) ) ;
#304 = DIRECTION ( 'NONE',  ( -1.000000000000000000, 0.000000000000000000, 0.000000000000000000 ) ) ;
#305 =( NAMED_UNIT ( * ) SI_UNIT ( $, .STERADIAN. ) SOLID_ANGLE_UNIT ( ) );
#306 = DIRECTION ( 'NONE',  ( 0.000000000000000000, 0.000000000000000000, -1.000000000000000000 ) ) ;
#307 = EDGE_CURVE ( 'NONE', #2057, #1150, #1308, .T. ) ;
#308 =( LENGTH_UNIT ( ) NAMED_UNIT ( * ) SI_UNIT ( .MILLI., .METRE. ) );
#309 = SURFACE_STYLE_USAGE ( .BOTH. , #699 ) ;
#310 = FILL_AREA_STYLE_COLOUR ( '', #3153 ) ;
#311 = CARTESIAN_POINT ( 'NONE',  ( -3.349999999999999645, 0.2500000000000000000, -1.112249899919919516 ) ) ;
#312 = CARTESIAN_POINT ( 'NONE',  ( 3.949999999999999734, 3.826133144475920567, 2.427407932011331759 ) ) ;
#313 =( NAMED_UNIT ( * ) PLANE_ANGLE_UNIT ( ) SI_UNIT ( $, .RADIAN. ) );
#314 = EDGE_LOOP ( 'NONE', ( #1787, #1249, #2868, #392 ) ) ;
#315 = DIRECTION ( 'NONE',  ( -0.000000000000000000, -0.000000000000000000, -1.000000000000000000 ) ) ;
#316 = VECTOR ( 'NONE', #2817, 1000.000000000000000 ) ;
#317 = ORIENTED_EDGE ( 'NONE', *, *, #1148, .F. ) ;
#318 = DIRECTION ( 'NONE',  ( -0.000000000000000000, -1.000000000000000000, -0.000000000000000000 ) ) ;
#319 = ORIENTED_EDGE ( 'NONE', *, *, #453, .T. ) ;
#320 = ORIENTED_EDGE ( 'NONE', *, *, #779, .T. ) ;
#321 = VECTOR ( 'NONE', #2621, 1000.000000000000000 ) ;
#322 = FILL_AREA_STYLE_COLOUR ( '', #3786 ) ;
#323 = CIRCLE ( 'NONE', #213, 0.3999999999999999667 ) ;
#324 = DIRECTION ( 'NONE',  ( 0.000000000000000000, 0.000000000000000000, 1.000000000000000000 ) ) ;
#325 = CARTESIAN_POINT ( 'NONE',  ( -4.349999999999999645, 0.3999999999999995226, 4.065758146820638546E-17 ) ) ;
#326 = DIRECTION ( 'NONE',  ( 0.000000000000000000, 0.000000000000000000, 1.000000000000000000 ) ) ;
#327 = DIRECTION ( 'NONE',  ( 4.989666635317766278E-20, 1.000000000000000000, -0.000000000000000000 ) ) ;
#328 = LINE ( 'NONE', #3061, #1822 ) ;
#329 = FILL_AREA_STYLE_COLOUR ( '', #2063 ) ;
#330 = CARTESIAN_POINT ( 'NONE',  ( 3.949999999999999734, -3.606697673334801343E-16, 2.199999999999998845 ) ) ;
#331 = EDGE_CURVE ( 'NONE', #1328, #2201, #1657, .T. ) ;
#332 = DIRECTION ( 'NONE',  ( -1.000000000000000000, 0.000000000000000000, 0.000000000000000000 ) ) ;
#333 = CARTESIAN_POINT ( 'NONE',  ( -2.462855450382551936, 0.03030065993695356397, -1.202045922358904395 ) ) ;
#334 = CARTESIAN_POINT ( 'NONE',  ( -4.349999999999999645, -8.673617379884035472E-16, -1.554076788117991846E-15 ) ) ;
#335 = ORIENTED_EDGE ( 'NONE', *, *, #940, .T. ) ;
#336 = COLOUR_RGB ( '',0.8470588235294117530, 0.8431372549019607865, 0.8470588235294117530 ) ;
#337 = CARTESIAN_POINT ( 'NONE',  ( -2.349999999999999201, 0.2500000000000000555, 2.200000000000000178 ) ) ;
#338 = ORIENTED_EDGE ( 'NONE', *, *, #331, .F. ) ;
#339 = VERTEX_POINT ( 'NONE', #2499 ) ;
#340 = CARTESIAN_POINT ( 'NONE',  ( -2.000000000000000000, 0.7000000000000000666, 7.531577814756221078E-16 ) ) ;
#341 = DIRECTION ( 'NONE',  ( -1.000000000000000000, -9.637352644315614471E-16, 0.000000000000000000 ) ) ;
#342 =( NAMED_UNIT ( * ) SI_UNIT ( $, .STERADIAN. ) SOLID_ANGLE_UNIT ( ) );
#343 = FILL_AREA_STYLE ('',( #1551 ) ) ;
#344 = ADVANCED_FACE ( 'NONE', ( #1962 ), #1884, .T. ) ;
#345 = DIRECTION ( 'NONE',  ( -0.000000000000000000, -0.000000000000000000, -1.000000000000000000 ) ) ;
#346 = PRESENTATION_LAYER_ASSIGNMENT (  '', '', ( #2224 ) ) ;
#347 = DIRECTION ( 'NONE',  ( 0.7071067811865507924, 0.000000000000000000, 0.7071067811865441310 ) ) ;
#348 =( LENGTH_UNIT ( ) NAMED_UNIT ( * ) SI_UNIT ( .MILLI., .METRE. ) );
#349 = DIRECTION ( 'NONE',  ( 1.084202172485504434E-15, -1.000000000000000000, 1.897353801849632760E-15 ) ) ;
#350 = EDGE_CURVE ( 'NONE', #3635, #3045, #1635, .T. ) ;
#351 = ORIENTED_EDGE ( 'NONE', *, *, #2727, .T. ) ;
#352 = DIRECTION ( 'NONE',  ( -1.000000000000000000, -0.000000000000000000, -0.000000000000000000 ) ) ;
#353 = DIRECTION ( 'NONE',  ( 0.000000000000000000, 0.000000000000000000, 1.000000000000000000 ) ) ;
#354 = CARTESIAN_POINT ( 'NONE',  ( -4.349999999999999645, -2.500000000000002665, -0.1499999999999999667 ) ) ;
#355 = CARTESIAN_POINT ( 'NONE',  ( -3.329218458540548209, 0.1294374611323829694, 1.181844205578191476 ) ) ;
#356 = ORIENTED_EDGE ( 'NONE', *, *, #2802, .F. ) ;
#357 = LINE ( 'NONE', #3071, #77 ) ;
#358 = CIRCLE ( 'NONE', #2556, 0.2500000000000003886 ) ;
#359 = ORIENTED_EDGE ( 'NONE', *, *, #1483, .T. ) ;
#360 = UNCERTAINTY_MEASURE_WITH_UNIT (LENGTH_MEASURE( 1.000000000000000082E-05 ), #1566, 'distance_accuracy_value', 'NONE');
#361 = FILL_AREA_STYLE ('',( #1611 ) ) ;
#362 = CYLINDRICAL_SURFACE ( 'NONE', #627, 0.2500000000000003886 ) ;
#363 = CARTESIAN_POINT ( 'NONE',  ( 2.075000000000000622, 3.600000000000000533, 2.000000000000000000 ) ) ;
#364 = CARTESIAN_POINT ( 'NONE',  ( 0.000000000000000000, 1.407106781186548528, 1.408343819019456275E-16 ) ) ;
#365 = DIRECTION ( 'NONE',  ( 0.000000000000000000, -0.3387194682727417416, 0.9408874118687268195 ) ) ;
#366 = CARTESIAN_POINT ( 'NONE',  ( 0.000000000000000000, 4.450000000000000178, -1.950000000000000178 ) ) ;
#367 = PRESENTATION_LAYER_ASSIGNMENT (  '', '', ( #2754 ) ) ;
#368 = EDGE_CURVE ( 'NONE', #399, #1945, #2173, .T. ) ;
#369 = PRESENTATION_LAYER_ASSIGNMENT (  '', '', ( #2186 ) ) ;
#370 = PRESENTATION_STYLE_ASSIGNMENT (( #1869 ) ) ;
#371 = DIRECTION ( 'NONE',  ( 1.000000000000000000, 0.000000000000000000, 0.000000000000000000 ) ) ;
#372 = DIRECTION ( 'NONE',  ( 0.000000000000000000, 0.000000000000000000, 1.000000000000000000 ) ) ;
#373 = LINE ( 'NONE', #334, #1053 ) ;
#374 = CIRCLE ( 'NONE', #3145, 0.2499999999999999445 ) ;
#375 = VERTEX_POINT ( 'NONE', #3685 ) ;
#376 = ADVANCED_FACE ( 'NONE', ( #1059 ), #1675, .F. ) ;
#377 = ORIENTED_EDGE ( 'NONE', *, *, #1895, .F. ) ;
#378 = ORIENTED_EDGE ( 'NONE', *, *, #1345, .T. ) ;
#379 = STYLED_ITEM ( 'NONE', ( #785 ), #1033 ) ;
#380 = DIRECTION ( 'NONE',  ( -0.000000000000000000, 0.000000000000000000, 1.000000000000000000 ) ) ;
#381 = VECTOR ( 'NONE', #3707, 1000.000000000000000 ) ;
#382 = DIRECTION ( 'NONE',  ( 0.000000000000000000, -1.000000000000000000, 0.000000000000000000 ) ) ;
#383 =( GEOMETRIC_REPRESENTATION_CONTEXT ( 3 ) GLOBAL_UNCERTAINTY_ASSIGNED_CONTEXT ( ( #3466 ) ) GLOBAL_UNIT_ASSIGNED_CONTEXT ( ( #1858, #3112, #686 ) ) REPRESENTATION_CONTEXT ( 'NONE', 'WORKASPACE' ) );
#384 = PRESENTATION_STYLE_ASSIGNMENT (( #983 ) ) ;
#385 =( GEOMETRIC_REPRESENTATION_CONTEXT ( 3 ) GLOBAL_UNCERTAINTY_ASSIGNED_CONTEXT ( ( #706 ) ) GLOBAL_UNIT_ASSIGNED_CONTEXT ( ( #3142, #460, #1368 ) ) REPRESENTATION_CONTEXT ( 'NONE', 'WORKASPACE' ) );
#386 = FILL_AREA_STYLE ('',( #2187 ) ) ;
#387 = AXIS2_PLACEMENT_3D ( 'NONE', #3574, #2639, #1167 ) ;
#388 = CARTESIAN_POINT ( 'NONE',  ( -3.949999999999999734, -2.499999999999999556, 0.000000000000000000 ) ) ;
#389 = DIRECTION ( 'NONE',  ( -9.795786256852418525E-32, 1.016439536705160777E-16, -1.000000000000000000 ) ) ;
#390 = DIRECTION ( 'NONE',  ( -1.000000000000000000, -0.000000000000000000, 0.000000000000000000 ) ) ;
#391 = SURFACE_SIDE_STYLE ('',( #2808 ) ) ;
#392 = ORIENTED_EDGE ( 'NONE', *, *, #3084, .T. ) ;
#393 = FILL_AREA_STYLE ('',( #1217 ) ) ;
#394 = EDGE_CURVE ( 'NONE', #3115, #1900, #2117, .T. ) ;
#395 = STYLED_ITEM ( 'NONE', ( #2152 ), #3486 ) ;
#396 = ORIENTED_EDGE ( 'NONE', *, *, #467, .F. ) ;
#397 = UNCERTAINTY_MEASURE_WITH_UNIT (LENGTH_MEASURE( 1.000000000000000082E-05 ), #2405, 'distance_accuracy_value', 'NONE');
#398 = ORIENTED_EDGE ( 'NONE', *, *, #3522, .F. ) ;
#399 = VERTEX_POINT ( 'NONE', #3099 ) ;
#400 = FILL_AREA_STYLE ('',( #2737 ) ) ;
#401 = PRESENTATION_LAYER_ASSIGNMENT (  '', '', ( #578 ) ) ;
#402 = EDGE_CURVE ( 'NONE', #3327, #3007, #985, .T. ) ;
#403 = DIRECTION ( 'NONE',  ( 0.7071067811865507924, -0.000000000000000000, -0.7071067811865441310 ) ) ;
#404 = CARTESIAN_POINT ( 'NONE',  ( 0.000000000000000000, 1.349999999999999645, 2.200000000000000178 ) ) ;
#405 = SURFACE_SIDE_STYLE ('',( #3449 ) ) ;
#406 = CARTESIAN_POINT ( 'NONE',  ( -4.349999999999999645, -3.551475717527321860E-16, -0.7999999999999997113 ) ) ;
#407 = DIRECTION ( 'NONE',  ( -0.000000000000000000, -0.000000000000000000, -1.000000000000000000 ) ) ;
#408 = DIRECTION ( 'NONE',  ( -1.000000000000000000, 0.000000000000000000, 0.000000000000000000 ) ) ;
#409 = AXIS2_PLACEMENT_3D ( 'NONE', #3536, #2288, #1402 ) ;
#410 =( NAMED_UNIT ( * ) SI_UNIT ( $, .STERADIAN. ) SOLID_ANGLE_UNIT ( ) );
#411 = CARTESIAN_POINT ( 'NONE',  ( -3.949999999999999734, 3.826133144475921899, -2.427407932011330871 ) ) ;
#412 = ORIENTED_EDGE ( 'NONE', *, *, #2514, .T. ) ;
#413 = COLOUR_RGB ( '',0.2509803921568627416, 0.2509803921568627416, 0.2509803921568627416 ) ;
#414 = DIRECTION ( 'NONE',  ( 0.000000000000000000, 0.000000000000000000, -1.000000000000000000 ) ) ;
#415 = ORIENTED_EDGE ( 'NONE', *, *, #1971, .T. ) ;
#416 =( NAMED_UNIT ( * ) SI_UNIT ( $, .STERADIAN. ) SOLID_ANGLE_UNIT ( ) );
#417 = EDGE_CURVE ( 'NONE', #1549, #1490, #1639, .T. ) ;
#418 = VERTEX_POINT ( 'NONE', #1597 ) ;
#419 = DIRECTION ( 'NONE',  ( -0.000000000000000000, -1.000000000000000000, -0.000000000000000000 ) ) ;
#420 = DIRECTION ( 'NONE',  ( 0.000000000000000000, -0.000000000000000000, 1.000000000000000000 ) ) ;
#421 = CARTESIAN_POINT ( 'NONE',  ( -3.949999999999999734, 4.700000000000000178, -2.199999999999998845 ) ) ;
#422 = MECHANICAL_DESIGN_GEOMETRIC_PRESENTATION_REPRESENTATION (  '', ( #666 ), #2743 ) ;
#423 = DIRECTION ( 'NONE',  ( 1.000000000000000000, -4.989666635317766880E-20, 0.000000000000000000 ) ) ;
#424 = LINE ( 'NONE', #3704, #2020 ) ;
#425 = CARTESIAN_POINT ( 'NONE',  ( -3.349999999999999645, 0.2500000000000000000, 2.200000000000000178 ) ) ;
#426 = FILL_AREA_STYLE ('',( #1316 ) ) ;
#427 =( LENGTH_UNIT ( ) NAMED_UNIT ( * ) SI_UNIT ( .MILLI., .METRE. ) );
#428 = EDGE_CURVE ( 'NONE', #105, #774, #1476, .T. ) ;
#429 = AXIS2_PLACEMENT_3D ( 'NONE', #1256, #1928, #2819 ) ;
#430 = CARTESIAN_POINT ( 'NONE',  ( 2.075000000000000622, 3.600000000000000533, 2.000000000000000000 ) ) ;
#431 = CARTESIAN_POINT ( 'NONE',  ( 3.099999999999999645, -3.306546357697851761E-16, -1.199999999999999734 ) ) ;
#432 = UNCERTAINTY_MEASURE_WITH_UNIT (LENGTH_MEASURE( 1.000000000000000082E-05 ), #3551, 'distance_accuracy_value', 'NONE');
#433 = ORIENTED_EDGE ( 'NONE', *, *, #191, .T. ) ;
#434 =( GEOMETRIC_REPRESENTATION_CONTEXT ( 3 ) GLOBAL_UNCERTAINTY_ASSIGNED_CONTEXT ( ( #1056 ) ) GLOBAL_UNIT_ASSIGNED_CONTEXT ( ( #2315, #2951, #263 ) ) REPRESENTATION_CONTEXT ( 'NONE', 'WORKASPACE' ) );
#435 = CARTESIAN_POINT ( 'NONE',  ( 2.599999999999999645, 0.000000000000000000, 2.200000000000000178 ) ) ;
#436 = ORIENTED_EDGE ( 'NONE', *, *, #2237, .T. ) ;
#437 =( NAMED_UNIT ( * ) PLANE_ANGLE_UNIT ( ) SI_UNIT ( $, .RADIAN. ) );
#438 = AXIS2_PLACEMENT_3D ( 'NONE', #3180, #216, #1669 ) ;
#439 = PRESENTATION_STYLE_ASSIGNMENT (( #2581 ) ) ;
#440 = AXIS2_PLACEMENT_3D ( 'NONE', #3842, #3553, #1738 ) ;
#441 = SURFACE_SIDE_STYLE ('',( #1927 ) ) ;
#442 = EDGE_CURVE ( 'NONE', #2875, #2567, #924, .T. ) ;
#443 = CARTESIAN_POINT ( 'NONE',  ( -2.074999999999999734, 3.599999999999999645, 2.000000000000000000 ) ) ;
#444 = DIRECTION ( 'NONE',  ( 0.000000000000000000, 0.000000000000000000, -1.000000000000000000 ) ) ;
#445 = ORIENTED_EDGE ( 'NONE', *, *, #1350, .F. ) ;
#446 = DIRECTION ( 'NONE',  ( 0.000000000000000000, -0.000000000000000000, 1.000000000000000000 ) ) ;
#447 = ORIENTED_EDGE ( 'NONE', *, *, #3543, .T. ) ;
#448 = LINE ( 'NONE', #700, #1406 ) ;
#449 = STYLED_ITEM ( 'NONE', ( #2977 ), #1128 ) ;
#450 =( GEOMETRIC_REPRESENTATION_CONTEXT ( 3 ) GLOBAL_UNCERTAINTY_ASSIGNED_CONTEXT ( ( #1607 ) ) GLOBAL_UNIT_ASSIGNED_CONTEXT ( ( #2096, #313, #3321 ) ) REPRESENTATION_CONTEXT ( 'NONE', 'WORKASPACE' ) );
#451 = CARTESIAN_POINT ( 'NONE',  ( 3.099999999999999645, 0.2500000000000000000, 2.200000000000000178 ) ) ;
#452 = DIRECTION ( 'NONE',  ( 0.000000000000000000, -0.9874406319167053914, 0.1579905011066730369 ) ) ;
#453 = EDGE_CURVE ( 'NONE', #1900, #854, #3060, .T. ) ;
#454 =( NAMED_UNIT ( * ) SI_UNIT ( $, .STERADIAN. ) SOLID_ANGLE_UNIT ( ) );
#455 = LINE ( 'NONE', #1703, #2766 ) ;
#456 = ORIENTED_EDGE ( 'NONE', *, *, #1405, .T. ) ;
#457 = ORIENTED_EDGE ( 'NONE', *, *, #417, .T. ) ;
#458 = STYLED_ITEM ( 'NONE', ( #1065 ), #3563 ) ;
#459 = DIRECTION ( 'NONE',  ( 1.000000000000000000, 0.000000000000000000, 0.000000000000000000 ) ) ;
#460 =( NAMED_UNIT ( * ) PLANE_ANGLE_UNIT ( ) SI_UNIT ( $, .RADIAN. ) );
#461 = CARTESIAN_POINT ( 'NONE',  ( 0.000000000000000000, 4.700000000000000178, 2.200000000000000178 ) ) ;
#462 = STYLED_ITEM ( 'NONE', ( #1206 ), #3694 ) ;
#463 = SURFACE_STYLE_USAGE ( .BOTH. , #520 ) ;
#464 = DIRECTION ( 'NONE',  ( 0.000000000000000000, 0.000000000000000000, -1.000000000000000000 ) ) ;
#465 = ORIENTED_EDGE ( 'NONE', *, *, #2555, .T. ) ;
#466 = CYLINDRICAL_SURFACE ( 'NONE', #1063, 0.2500000000000002220 ) ;
#467 = EDGE_CURVE ( 'NONE', #107, #3720, #1294, .T. ) ;
#468 = CARTESIAN_POINT ( 'NONE',  ( 0.000000000000000000, 1.550000000000000266, 2.000000000000000000 ) ) ;
#469 = PRESENTATION_STYLE_ASSIGNMENT (( #3827 ) ) ;
#470 = EDGE_CURVE ( 'NONE', #774, #3035, #1311, .T. ) ;
#471 =( NAMED_UNIT ( * ) PLANE_ANGLE_UNIT ( ) SI_UNIT ( $, .RADIAN. ) );
#472 = DIRECTION ( 'NONE',  ( 1.000000000000000000, -0.000000000000000000, -0.000000000000000000 ) ) ;
#473 = EDGE_CURVE ( 'NONE', #3556, #3548, #3405, .T. ) ;
#474 =( NAMED_UNIT ( * ) SI_UNIT ( $, .STERADIAN. ) SOLID_ANGLE_UNIT ( ) );
#475 = VECTOR ( 'NONE', #3855, 1000.000000000000000 ) ;
#476 = UNCERTAINTY_MEASURE_WITH_UNIT (LENGTH_MEASURE( 1.000000000000000082E-05 ), #1475, 'distance_accuracy_value', 'NONE');
#477 = EDGE_CURVE ( 'NONE', #1660, #1986, #673, .T. ) ;
#478 = DIRECTION ( 'NONE',  ( 0.000000000000000000, 0.000000000000000000, 1.000000000000000000 ) ) ;
#479 = LINE ( 'NONE', #152, #3835 ) ;
#480 = CARTESIAN_POINT ( 'NONE',  ( -2.000000000000000000, 0.7000000000000000666, 7.531577814756221078E-16 ) ) ;
#481 =( LENGTH_UNIT ( ) NAMED_UNIT ( * ) SI_UNIT ( .MILLI., .METRE. ) );
#482 = ORIENTED_EDGE ( 'NONE', *, *, #1663, .T. ) ;
#483 = DIRECTION ( 'NONE',  ( 0.000000000000000000, 0.000000000000000000, -1.000000000000000000 ) ) ;
#484 = CARTESIAN_POINT ( 'NONE',  ( -2.000000000000000000, -2.349999999999999645, 7.531577814756221078E-16 ) ) ;
#485 = MECHANICAL_DESIGN_GEOMETRIC_PRESENTATION_REPRESENTATION (  '', ( #1918 ), #1219 ) ;
#486 = CARTESIAN_POINT ( 'NONE',  ( -0.5000000000000000000, 1.550000000000000266, 6.200000000000001066 ) ) ;
#487 = CARTESIAN_POINT ( 'NONE',  ( 2.349999999999999645, 0.2500000000000000555, 1.112249899919919072 ) ) ;
#488 = SURFACE_STYLE_FILL_AREA ( #1109 ) ;
#489 = VERTEX_POINT ( 'NONE', #2502 ) ;
#490 = PRESENTATION_STYLE_ASSIGNMENT (( #3132 ) ) ;
#491 = FILL_AREA_STYLE_COLOUR ( '', #2276 ) ;
#492 = ORIENTED_EDGE ( 'NONE', *, *, #1396, .F. ) ;
#493 = LINE ( 'NONE', #1074, #1129 ) ;
#494 = VERTEX_POINT ( 'NONE', #3122 ) ;
#495 = VECTOR ( 'NONE', #3302, 1000.000000000000000 ) ;
#496 = PLANE ( 'NONE',  #1569 ) ;
#497 = ADVANCED_FACE ( 'NONE', ( #1864 ), #2981, .T. ) ;
#498 = PRESENTATION_STYLE_ASSIGNMENT (( #3510 ) ) ;
#499 = ORIENTED_EDGE ( 'NONE', *, *, #2222, .T. ) ;
#500 = CARTESIAN_POINT ( 'NONE',  ( 0.000000000000000000, -2.349999999999999645, 1.408343819019456275E-16 ) ) ;
#501 = ORIENTED_EDGE ( 'NONE', *, *, #2342, .T. ) ;
#502 = SURFACE_STYLE_USAGE ( .BOTH. , #159 ) ;
#503 = FILL_AREA_STYLE ('',( #1696 ) ) ;
#504 = CARTESIAN_POINT ( 'NONE',  ( -2.349999999999999645, 1.349999999999999645, -2.000000000000000000 ) ) ;
#505 = PLANE ( 'NONE',  #1105 ) ;
#506 = CARTESIAN_POINT ( 'NONE',  ( -4.349999999999999645, -2.499999999999999556, 0.000000000000000000 ) ) ;
#507 = AXIS2_PLACEMENT_3D ( 'NONE', #3102, #3355, #3124 ) ;
#508 = COLOUR_RGB ( '',0.2509803921568627416, 0.2509803921568627416, 0.2509803921568627416 ) ;
#509 = ORIENTED_EDGE ( 'NONE', *, *, #1610, .F. ) ;
#510 = LINE ( 'NONE', #2171, #2635 ) ;
#511 = CARTESIAN_POINT ( 'NONE',  ( 2.349999999999999645, 0.7000000000000000666, 0.000000000000000000 ) ) ;
#512 = COLOUR_RGB ( '',0.8470588235294117530, 0.8431372549019607865, 0.8470588235294117530 ) ;
#513 = EDGE_CURVE ( 'NONE', #3733, #837, #2718, .T. ) ;
#514 = CARTESIAN_POINT ( 'NONE',  ( -3.349999999999999645, -5.510910596163085611E-16, 0.7999999999999997113 ) ) ;
#515 = DIRECTION ( 'NONE',  ( 0.000000000000000000, -1.000000000000000000, 0.000000000000000000 ) ) ;
#516 = DIRECTION ( 'NONE',  ( 0.000000000000000000, 0.000000000000000000, 1.000000000000000000 ) ) ;
#517 = ORIENTED_EDGE ( 'NONE', *, *, #2847, .T. ) ;
#518 = LINE ( 'NONE', #3719, #2783 ) ;
#519 = EDGE_LOOP ( 'NONE', ( #1237, #2941, #878, #3241, #1523, #3513, #1632, #1619 ) ) ;
#520 = SURFACE_SIDE_STYLE ('',( #3448 ) ) ;
#521 = AXIS2_PLACEMENT_3D ( 'NONE', #1799, #2686, #634 ) ;
#522 = ADVANCED_FACE ( 'NONE', ( #2968 ), #1280, .F. ) ;
#523 = PLANE ( 'NONE',  #1140 ) ;
#524 = ORIENTED_EDGE ( 'NONE', *, *, #1321, .T. ) ;
#525 = COLOUR_RGB ( '',0.8470588235294117530, 0.8431372549019607865, 0.8470588235294117530 ) ;
#526 = VECTOR ( 'NONE', #3256, 1000.000000000000000 ) ;
#527 = PRESENTATION_LAYER_ASSIGNMENT (  '', '', ( #644 ) ) ;
#528 =( NAMED_UNIT ( * ) PLANE_ANGLE_UNIT ( ) SI_UNIT ( $, .RADIAN. ) );
#529 = DIRECTION ( 'NONE',  ( 1.000000000000000000, -0.000000000000000000, -0.000000000000000000 ) ) ;
#530 = CARTESIAN_POINT ( 'NONE',  ( 3.949999999999999734, 0.000000000000000000, -2.199999999999998845 ) ) ;
#531 = DIRECTION ( 'NONE',  ( -1.000000000000000000, -9.637352644315614471E-16, 0.000000000000000000 ) ) ;
#532 = ORIENTED_EDGE ( 'NONE', *, *, #3493, .F. ) ;
#533 = VERTEX_POINT ( 'NONE', #2569 ) ;
#534 = FILL_AREA_STYLE ('',( #3238 ) ) ;
#535 = STYLED_ITEM ( 'NONE', ( #293 ), #2378 ) ;
#536 = EDGE_CURVE ( 'NONE', #2024, #854, #1547, .T. ) ;
#537 = ORIENTED_EDGE ( 'NONE', *, *, #2237, .F. ) ;
#538 = ORIENTED_EDGE ( 'NONE', *, *, #2907, .T. ) ;
#539 = PRESENTATION_STYLE_ASSIGNMENT (( #3202 ) ) ;
#540 = PRESENTATION_LAYER_ASSIGNMENT (  '', '', ( #1208 ) ) ;
#541 = CYLINDRICAL_SURFACE ( 'NONE', #1724, 0.3999999999999999667 ) ;
#542 =( LENGTH_UNIT ( ) NAMED_UNIT ( * ) SI_UNIT ( .MILLI., .METRE. ) );
#543 =( LENGTH_UNIT ( ) NAMED_UNIT ( * ) SI_UNIT ( .MILLI., .METRE. ) );
#544 = DIRECTION ( 'NONE',  ( 0.000000000000000000, 3.306546357697854719E-16, -1.000000000000000000 ) ) ;
#545 = ADVANCED_FACE ( 'NONE', ( #202 ), #3824, .F. ) ;
#546 = VECTOR ( 'NONE', #3300, 1000.000000000000000 ) ;
#547 = UNCERTAINTY_MEASURE_WITH_UNIT (LENGTH_MEASURE( 1.000000000000000082E-05 ), #3075, 'distance_accuracy_value', 'NONE');
#548 =( LENGTH_UNIT ( ) NAMED_UNIT ( * ) SI_UNIT ( .MILLI., .METRE. ) );
#549 =( NAMED_UNIT ( * ) PLANE_ANGLE_UNIT ( ) SI_UNIT ( $, .RADIAN. ) );
#550 = ORIENTED_EDGE ( 'NONE', *, *, #858, .T. ) ;
#551 =( LENGTH_UNIT ( ) NAMED_UNIT ( * ) SI_UNIT ( .MILLI., .METRE. ) );
#552 = VECTOR ( 'NONE', #529, 1000.000000000000000 ) ;
#553 = SURFACE_STYLE_USAGE ( .BOTH. , #2107 ) ;
#554 = VECTOR ( 'NONE', #956, 1000.000000000000000 ) ;
#555 = LINE ( 'NONE', #3565, #2100 ) ;
#556 = DIRECTION ( 'NONE',  ( -2.168404344971008868E-16, 1.000000000000000000, 0.000000000000000000 ) ) ;
#557 =( NAMED_UNIT ( * ) SI_UNIT ( $, .STERADIAN. ) SOLID_ANGLE_UNIT ( ) );
#558 = FILL_AREA_STYLE ('',( #310 ) ) ;
#559 =( GEOMETRIC_REPRESENTATION_CONTEXT ( 3 ) GLOBAL_UNCERTAINTY_ASSIGNED_CONTEXT ( ( #1836 ) ) GLOBAL_UNIT_ASSIGNED_CONTEXT ( ( #1218, #1590, #1263 ) ) REPRESENTATION_CONTEXT ( 'NONE', 'WORKASPACE' ) );
#560 = DIRECTION ( 'NONE',  ( -0.000000000000000000, -0.000000000000000000, -1.000000000000000000 ) ) ;
#561 = VECTOR ( 'NONE', #2092, 1000.000000000000000 ) ;
#562 = MECHANICAL_DESIGN_GEOMETRIC_PRESENTATION_REPRESENTATION (  '', ( #6 ), #869 ) ;
#563 = ADVANCED_FACE ( 'NONE', ( #2911 ), #1142, .T. ) ;
#564 = ORIENTED_EDGE ( 'NONE', *, *, #2954, .T. ) ;
#565 = CARTESIAN_POINT ( 'NONE',  ( 2.349999999999999645, 0.6999999999999991784, 2.200000000000000178 ) ) ;
#566 = AXIS2_PLACEMENT_3D ( 'NONE', #1292, #341, #1816 ) ;
#567 = VERTEX_POINT ( 'NONE', #2287 ) ;
#568 = PLANE ( 'NONE',  #2383 ) ;
#569 = ORIENTED_EDGE ( 'NONE', *, *, #2002, .F. ) ;
#570 = SURFACE_STYLE_USAGE ( .BOTH. , #2644 ) ;
#571 = FILL_AREA_STYLE_COLOUR ( '', #591 ) ;
#572 = AXIS2_PLACEMENT_3D ( 'NONE', #366, #2772, #1557 ) ;
#573 = EDGE_CURVE ( 'NONE', #3819, #1205, #3763, .T. ) ;
#574 = DIRECTION ( 'NONE',  ( 1.000000000000000000, -0.000000000000000000, -0.000000000000000000 ) ) ;
#575 = ORIENTED_EDGE ( 'NONE', *, *, #3091, .T. ) ;
#576 = DIRECTION ( 'NONE',  ( 0.000000000000000000, 0.000000000000000000, 1.000000000000000000 ) ) ;
#577 = VECTOR ( 'NONE', #157, 1000.000000000000000 ) ;
#578 = STYLED_ITEM ( 'NONE', ( #2221 ), #376 ) ;
#579 = ADVANCED_FACE ( 'NONE', ( #240 ), #162, .T. ) ;
#580 =( NAMED_UNIT ( * ) PLANE_ANGLE_UNIT ( ) SI_UNIT ( $, .RADIAN. ) );
#581 = ORIENTED_EDGE ( 'NONE', *, *, #801, .F. ) ;
#582 = CARTESIAN_POINT ( 'NONE',  ( 4.349999999999999645, -9.629649721936179265E-32, -0.3999999999999997446 ) ) ;
#583 = ADVANCED_FACE ( 'NONE', ( #2550 ), #2693, .T. ) ;
#584 = ORIENTED_EDGE ( 'NONE', *, *, #1057, .F. ) ;
#585 = EDGE_CURVE ( 'NONE', #235, #3045, #8, .T. ) ;
#586 = UNCERTAINTY_MEASURE_WITH_UNIT (LENGTH_MEASURE( 1.000000000000000082E-05 ), #2012, 'distance_accuracy_value', 'NONE');
#587 = DIRECTION ( 'NONE',  ( 0.000000000000000000, -1.000000000000000000, -2.168404344971008868E-16 ) ) ;
#588 = VERTEX_POINT ( 'NONE', #2736 ) ;
#589 =( LENGTH_UNIT ( ) NAMED_UNIT ( * ) SI_UNIT ( .MILLI., .METRE. ) );
#590 = CYLINDRICAL_SURFACE ( 'NONE', #875, 0.2500000000000002220 ) ;
#591 = COLOUR_RGB ( '',0.8470588235294117530, 0.8431372549019607865, 0.8470588235294117530 ) ;
#592 =( NAMED_UNIT ( * ) PLANE_ANGLE_UNIT ( ) SI_UNIT ( $, .RADIAN. ) );
#593 =( NAMED_UNIT ( * ) SI_UNIT ( $, .STERADIAN. ) SOLID_ANGLE_UNIT ( ) );
#594 = PLANE ( 'NONE',  #3576 ) ;
#595 = DIRECTION ( 'NONE',  ( 1.000000000000000000, 2.090028284309406735E-16, 0.000000000000000000 ) ) ;
#596 = SURFACE_STYLE_USAGE ( .BOTH. , #2074 ) ;
#597 = CARTESIAN_POINT ( 'NONE',  ( 3.949999999999999734, 4.645085803432136728, 0.3432137285491438372 ) ) ;
#598 = STYLED_ITEM ( 'NONE', ( #469 ), #2630 ) ;
#599 = ORIENTED_EDGE ( 'NONE', *, *, #2560, .F. ) ;
#600 = CARTESIAN_POINT ( 'NONE',  ( -2.349999999999999645, 0.6999999999999991784, 2.200000000000000178 ) ) ;
#601 = ORIENTED_EDGE ( 'NONE', *, *, #895, .F. ) ;
#602 = CARTESIAN_POINT ( 'NONE',  ( -2.349999999999999645, 0.6999999999999992895, 2.000000000000000000 ) ) ;
#603 = VERTEX_POINT ( 'NONE', #602 ) ;
#604 = ORIENTED_EDGE ( 'NONE', *, *, #225, .T. ) ;
#605 =( GEOMETRIC_REPRESENTATION_CONTEXT ( 3 ) GLOBAL_UNCERTAINTY_ASSIGNED_CONTEXT ( ( #2438 ) ) GLOBAL_UNIT_ASSIGNED_CONTEXT ( ( #2740, #3332, #305 ) ) REPRESENTATION_CONTEXT ( 'NONE', 'WORKASPACE' ) );
#606 = FACE_OUTER_BOUND ( 'NONE', #2641, .T. ) ;
#607 = EDGE_CURVE ( 'NONE', #2285, #2515, #3614, .T. ) ;
#608 = SURFACE_STYLE_FILL_AREA ( #2568 ) ;
#609 = CARTESIAN_POINT ( 'NONE',  ( -3.949999999999999734, -1.399215392948765640E-16, -2.199999999999998845 ) ) ;
#610 = CIRCLE ( 'NONE', #3141, 0.2500000000000000000 ) ;
#611 =( LENGTH_UNIT ( ) NAMED_UNIT ( * ) SI_UNIT ( .MILLI., .METRE. ) );
#612 = MECHANICAL_DESIGN_GEOMETRIC_PRESENTATION_REPRESENTATION (  '', ( #124 ), #434 ) ;
#613 = SURFACE_SIDE_STYLE ('',( #3623 ) ) ;
#614 = FACE_OUTER_BOUND ( 'NONE', #2781, .T. ) ;
#615 = DIRECTION ( 'NONE',  ( 1.000000000000000000, 9.637352644315614471E-16, -0.000000000000000000 ) ) ;
#616 = PRESENTATION_LAYER_ASSIGNMENT (  '', '', ( #3829 ) ) ;
#617 = CARTESIAN_POINT ( 'NONE',  ( -3.949999999999999734, -5.510910596163085611E-16, 0.7999999999999997113 ) ) ;
#618 = CARTESIAN_POINT ( 'NONE',  ( 3.949999999999999734, -2.500000000000002665, -0.1499999999999999667 ) ) ;
#619 = VECTOR ( 'NONE', #955, 1000.000000000000000 ) ;
#620 = VERTEX_POINT ( 'NONE', #2397 ) ;
#621 = AXIS2_PLACEMENT_3D ( 'NONE', #1930, #3149, #446 ) ;
#622 = LINE ( 'NONE', #2813, #2008 ) ;
#623 = COLOUR_RGB ( '',0.8470588235294117530, 0.8431372549019607865, 0.8470588235294117530 ) ;
#624 = DIRECTION ( 'NONE',  ( 0.000000000000000000, 0.000000000000000000, -1.000000000000000000 ) ) ;
#625 = ORIENTED_EDGE ( 'NONE', *, *, #2589, .F. ) ;
#626 = VERTEX_POINT ( 'NONE', #921 ) ;
#627 = AXIS2_PLACEMENT_3D ( 'NONE', #981, #419, #1613 ) ;
#628 = SURFACE_STYLE_FILL_AREA ( #400 ) ;
#629 = CIRCLE ( 'NONE', #387, 0.2500000000000003886 ) ;
#630 = DIRECTION ( 'NONE',  ( -0.000000000000000000, -0.000000000000000000, 1.000000000000000000 ) ) ;
#631 =( NAMED_UNIT ( * ) PLANE_ANGLE_UNIT ( ) SI_UNIT ( $, .RADIAN. ) );
#632 = EDGE_CURVE ( 'NONE', #1112, #3737, #1811, .T. ) ;
#633 = SURFACE_SIDE_STYLE ('',( #3294 ) ) ;
#634 = DIRECTION ( 'NONE',  ( 0.000000000000000000, 0.000000000000000000, -1.000000000000000000 ) ) ;
#635 = LINE ( 'NONE', #1801, #1934 ) ;
#636 = STYLED_ITEM ( 'NONE', ( #3208 ), #3375 ) ;
#637 = EDGE_LOOP ( 'NONE', ( #711, #3557, #2821 ) ) ;
#638 = CARTESIAN_POINT ( 'NONE',  ( -3.949999999999999734, -2.500000000000002665, -0.1499999999999999667 ) ) ;
#639 = SURFACE_SIDE_STYLE ('',( #2137 ) ) ;
#640 =( GEOMETRIC_REPRESENTATION_CONTEXT ( 3 ) GLOBAL_UNCERTAINTY_ASSIGNED_CONTEXT ( ( #3264 ) ) GLOBAL_UNIT_ASSIGNED_CONTEXT ( ( #2994, #2083, #1794 ) ) REPRESENTATION_CONTEXT ( 'NONE', 'WORKASPACE' ) );
#641 = ORIENTED_EDGE ( 'NONE', *, *, #2277, .T. ) ;
#642 = UNCERTAINTY_MEASURE_WITH_UNIT (LENGTH_MEASURE( 1.000000000000000082E-05 ), #3790, 'distance_accuracy_value', 'NONE');
#643 = EDGE_LOOP ( 'NONE', ( #2755, #3239, #3266, #3528 ) ) ;
#644 = STYLED_ITEM ( 'NONE', ( #3021 ), #187 ) ;
#645 = FILL_AREA_STYLE ('',( #1899 ) ) ;
#646 = ORIENTED_EDGE ( 'NONE', *, *, #2392, .T. ) ;
#647 = ORIENTED_EDGE ( 'NONE', *, *, #3479, .F. ) ;
#648 = CARTESIAN_POINT ( 'NONE',  ( 3.237214580261195795, 0.03039392797772665078, -1.202022581406711366 ) ) ;
#649 = CARTESIAN_POINT ( 'NONE',  ( -3.949999999999999734, -3.551475717527321860E-16, -0.7999999999999997113 ) ) ;
#650 = FACE_OUTER_BOUND ( 'NONE', #115, .T. ) ;
#651 = VECTOR ( 'NONE', #1011, 999.9999999999998863 ) ;
#652 = SURFACE_STYLE_FILL_AREA ( #2470 ) ;
#653 = CARTESIAN_POINT ( 'NONE',  ( 0.000000000000000000, 0.7000000000000000666, 1.408343819019456275E-16 ) ) ;
#654 =( NAMED_UNIT ( * ) PLANE_ANGLE_UNIT ( ) SI_UNIT ( $, .RADIAN. ) );
#655 = SURFACE_STYLE_FILL_AREA ( #3083 ) ;
#656 = PRESENTATION_LAYER_ASSIGNMENT (  '', '', ( #2228 ) ) ;
#657 = CARTESIAN_POINT ( 'NONE',  ( -4.349999999999999645, 0.3999999999999994116, 0.7999999999999997113 ) ) ;
#658 = FACE_OUTER_BOUND ( 'NONE', #3215, .T. ) ;
#659 = CARTESIAN_POINT ( 'NONE',  ( -2.599999999999999645, -1.084202172485504434E-16, -1.199999999999999734 ) ) ;
#660 = ADVANCED_FACE ( 'NONE', ( #1521 ), #1363, .F. ) ;
#661 = CARTESIAN_POINT ( 'NONE',  ( -3.099999999999999645, 1.880790961315660013E-34, 2.200000000000000178 ) ) ;
#662 = PRESENTATION_STYLE_ASSIGNMENT (( #2455 ) ) ;
#663 = ORIENTED_EDGE ( 'NONE', *, *, #1978, .F. ) ;
#664 = APPLICATION_CONTEXT ( 'automotive_design' ) ;
#665 = LINE ( 'NONE', #337, #2136 ) ;
#666 = STYLED_ITEM ( 'NONE', ( #370 ), #2531 ) ;
#667 = ORIENTED_EDGE ( 'NONE', *, *, #3714, .F. ) ;
#668 = VERTEX_POINT ( 'NONE', #2298 ) ;
#669 = UNCERTAINTY_MEASURE_WITH_UNIT (LENGTH_MEASURE( 1.000000000000000082E-05 ), #2866, 'distance_accuracy_value', 'NONE');
#670 = CARTESIAN_POINT ( 'NONE',  ( 0.000000000000000000, 0.000000000000000000, 6.200000000000001066 ) ) ;
#671 = VERTEX_POINT ( 'NONE', #3485 ) ;
#672 = CARTESIAN_POINT ( 'NONE',  ( -4.099999999999999645, 4.450000000000000178, 0.000000000000000000 ) ) ;
#673 = LINE ( 'NONE', #443, #300 ) ;
#674 = CARTESIAN_POINT ( 'NONE',  ( -2.599999999999999645, -1.084202172485504434E-16, 2.200000000000000178 ) ) ;
#675 = ORIENTED_EDGE ( 'NONE', *, *, #2099, .T. ) ;
#676 = LINE ( 'NONE', #1867, #1264 ) ;
#678 = EDGE_CURVE ( 'NONE', #218, #3221, #2877, .T. ) ;
#677 =( LENGTH_UNIT ( ) NAMED_UNIT ( * ) SI_UNIT ( .MILLI., .METRE. ) );
#679 = SURFACE_STYLE_USAGE ( .BOTH. , #3339 ) ;
#680 = CARTESIAN_POINT ( 'NONE',  ( 2.349999999999999201, 0.1959718679618052128, -1.155507025103987839 ) ) ;
#681 = CARTESIAN_POINT ( 'NONE',  ( 3.949999999999999734, -2.499999999999999556, 0.1499999999999999667 ) ) ;
#682 = CARTESIAN_POINT ( 'NONE',  ( 2.000000000000000000, 1.407106781186548528, 0.2499999999999998890 ) ) ;
#683 = EDGE_CURVE ( 'NONE', #3556, #1286, #2578, .T. ) ;
#684 = ORIENTED_EDGE ( 'NONE', *, *, #2258, .T. ) ;
#685 = PRODUCT_DEFINITION_SHAPE ( 'NONE', 'NONE',  #884 ) ;
#686 =( NAMED_UNIT ( * ) SI_UNIT ( $, .STERADIAN. ) SOLID_ANGLE_UNIT ( ) );
#687 = AXIS2_PLACEMENT_3D ( 'NONE', #3782, #3472, #1680 ) ;
#688 = MECHANICAL_DESIGN_GEOMETRIC_PRESENTATION_REPRESENTATION (  '', ( #3637 ), #3523 ) ;
#689 = VERTEX_POINT ( 'NONE', #799 ) ;
#690 = ORIENTED_EDGE ( 'NONE', *, *, #3777, .F. ) ;
#691 = VECTOR ( 'NONE', #1210, 1000.000000000000000 ) ;
#692 = SURFACE_STYLE_FILL_AREA ( #361 ) ;
#693 = AXIS2_PLACEMENT_3D ( 'NONE', #3647, #2169, #1296 ) ;
#694 = CARTESIAN_POINT ( 'NONE',  ( -2.349999999999999645, 1.349999999999999645, 2.200000000000000178 ) ) ;
#695 = COLOUR_RGB ( '',0.8470588235294117530, 0.8431372549019607865, 0.8470588235294117530 ) ;
#696 = FILL_AREA_STYLE ('',( #134 ) ) ;
#697 = VECTOR ( 'NONE', #1017, 1000.000000000000000 ) ;
#698 =( NAMED_UNIT ( * ) SI_UNIT ( $, .STERADIAN. ) SOLID_ANGLE_UNIT ( ) );
#699 = SURFACE_SIDE_STYLE ('',( #3314 ) ) ;
#700 = CARTESIAN_POINT ( 'NONE',  ( 0.000000000000000000, 1.349999999999999645, 2.000000000000000000 ) ) ;
#701 =( LENGTH_UNIT ( ) NAMED_UNIT ( * ) SI_UNIT ( .MILLI., .METRE. ) );
#702 =( LENGTH_UNIT ( ) NAMED_UNIT ( * ) SI_UNIT ( .MILLI., .METRE. ) );
#703 = EDGE_CURVE ( 'NONE', #2239, #963, #783, .T. ) ;
#704 = MECHANICAL_DESIGN_GEOMETRIC_PRESENTATION_REPRESENTATION (  '', ( #636 ), #3281 ) ;
#705 = VERTEX_POINT ( 'NONE', #1998 ) ;
#706 = UNCERTAINTY_MEASURE_WITH_UNIT (LENGTH_MEASURE( 1.000000000000000082E-05 ), #3142, 'distance_accuracy_value', 'NONE');
#707 = VECTOR ( 'NONE', #380, 1000.000000000000000 ) ;
#708 = ORIENTED_EDGE ( 'NONE', *, *, #2807, .F. ) ;
#709 = VECTOR ( 'NONE', #244, 1000.000000000000000 ) ;
#710 = AXIS2_PLACEMENT_3D ( 'NONE', #2858, #767, #1369 ) ;
#711 = ORIENTED_EDGE ( 'NONE', *, *, #865, .F. ) ;
#712 = EDGE_CURVE ( 'NONE', #235, #603, #3212, .T. ) ;
#713 = PRESENTATION_STYLE_ASSIGNMENT (( #1530 ) ) ;
#714 = ORIENTED_EDGE ( 'NONE', *, *, #1266, .T. ) ;
#715 = DIRECTION ( 'NONE',  ( -1.000000000000000000, -0.000000000000000000, -0.000000000000000000 ) ) ;
#716 = LINE ( 'NONE', #3173, #1793 ) ;
#717 = AXIS2_PLACEMENT_3D ( 'NONE', #484, #2571, #177 ) ;
#718 = PLANE ( 'NONE',  #3435 ) ;
#719 = SURFACE_STYLE_FILL_AREA ( #3413 ) ;
#720 = FILL_AREA_STYLE ('',( #1385 ) ) ;
#721 = VERTEX_POINT ( 'NONE', #1032 ) ;
#722 = ORIENTED_EDGE ( 'NONE', *, *, #2099, .F. ) ;
#723 = SURFACE_SIDE_STYLE ('',( #1941 ) ) ;
#724 = VERTEX_POINT ( 'NONE', #3158 ) ;
#725 =( LENGTH_UNIT ( ) NAMED_UNIT ( * ) SI_UNIT ( .MILLI., .METRE. ) );
#726 = EDGE_LOOP ( 'NONE', ( #599, #3468, #2160, #1118 ) ) ;
#727 = DIRECTION ( 'NONE',  ( 0.000000000000000000, 6.245698675651497881E-16, 1.000000000000000000 ) ) ;
#728 = SURFACE_SIDE_STYLE ('',( #3357 ) ) ;
#729 = COLOUR_RGB ( '',0.8470588235294117530, 0.8431372549019607865, 0.8470588235294117530 ) ;
#730 = FILL_AREA_STYLE_COLOUR ( '', #904 ) ;
#731 = DIRECTION ( 'NONE',  ( 0.000000000000000000, 0.000000000000000000, 1.000000000000000000 ) ) ;
#732 = EDGE_CURVE ( 'NONE', #774, #763, #455, .T. ) ;
#733 = SURFACE_SIDE_STYLE ('',( #2329 ) ) ;
#734 =( GEOMETRIC_REPRESENTATION_CONTEXT ( 3 ) GLOBAL_UNCERTAINTY_ASSIGNED_CONTEXT ( ( #1322 ) ) GLOBAL_UNIT_ASSIGNED_CONTEXT ( ( #3259, #1484, #2702 ) ) REPRESENTATION_CONTEXT ( 'NONE', 'WORKASPACE' ) );
#735 =( LENGTH_UNIT ( ) NAMED_UNIT ( * ) SI_UNIT ( .MILLI., .METRE. ) );
#736 = B_SPLINE_CURVE_WITH_KNOTS ( 'NONE', 3,
 ( #1425, #2636, #2339, #836, #1027, #2768 ),
 .UNSPECIFIED., .F., .F.,
 ( 4, 2, 4 ),
 ( 5.421010862427522170E-20, 0.0002050984712928843781, 0.0004101969425857685935 ),
 .UNSPECIFIED. ) ;
#737 = LINE ( 'NONE', #3764, #651 ) ;
#738 = CARTESIAN_POINT ( 'NONE',  ( -2.599999999999999645, -1.084202172485504434E-16, -2.200000000000000178 ) ) ;
#739 = CARTESIAN_POINT ( 'NONE',  ( 3.949999999999999734, 4.645085803432136728, -0.3432137285491430045 ) ) ;
#740 = UNCERTAINTY_MEASURE_WITH_UNIT (LENGTH_MEASURE( 1.000000000000000082E-05 ), #12, 'distance_accuracy_value', 'NONE');
#741 = ORIENTED_EDGE ( 'NONE', *, *, #144, .F. ) ;
#742 = VECTOR ( 'NONE', #2407, 1000.000000000000000 ) ;
#743 = DIRECTION ( 'NONE',  ( -0.000000000000000000, -1.000000000000000000, 0.000000000000000000 ) ) ;
#744 = UNCERTAINTY_MEASURE_WITH_UNIT (LENGTH_MEASURE( 1.000000000000000082E-05 ), #3496, 'distance_accuracy_value', 'NONE');
#745 = ORIENTED_EDGE ( 'NONE', *, *, #2468, .T. ) ;
#746 = EDGE_CURVE ( 'NONE', #567, #2075, #793, .T. ) ;
#747 = DIRECTION ( 'NONE',  ( -1.000000000000000000, 0.000000000000000000, 0.000000000000000000 ) ) ;
#748 = ORIENTED_EDGE ( 'NONE', *, *, #2973, .F. ) ;
#749 = PRESENTATION_LAYER_ASSIGNMENT (  '', '', ( #1796 ) ) ;
#750 = DIRECTION ( 'NONE',  ( 0.7071067811865442421, 0.000000000000000000, 0.7071067811865509034 ) ) ;
#751 = MECHANICAL_DESIGN_GEOMETRIC_PRESENTATION_REPRESENTATION (  '', ( #2442 ), #2324 ) ;
#752 = SURFACE_SIDE_STYLE ('',( #38 ) ) ;
#753 = SURFACE_STYLE_USAGE ( .BOTH. , #405 ) ;
#754 = ORIENTED_EDGE ( 'NONE', *, *, #1559, .T. ) ;
#755 = CARTESIAN_POINT ( 'NONE',  ( 3.949999999999999734, -9.629649721936179265E-32, -0.3999999999999997446 ) ) ;
#756 = CARTESIAN_POINT ( 'NONE',  ( 3.349999999999999645, 0.2500000000000000000, 2.200000000000000178 ) ) ;
#757 = EDGE_CURVE ( 'NONE', #1009, #105, #233, .T. ) ;
#758 = AXIS2_PLACEMENT_3D ( 'NONE', #1299, #2490, #372 ) ;
#759 = DIRECTION ( 'NONE',  ( -1.000000000000000000, 0.000000000000000000, 0.000000000000000000 ) ) ;
#760 = SURFACE_STYLE_FILL_AREA ( #3065 ) ;
#761 = DIRECTION ( 'NONE',  ( 2.065146995210484202E-16, -1.000000000000000000, -0.000000000000000000 ) ) ;
#762 = FILL_AREA_STYLE_COLOUR ( '', #2209 ) ;
#763 = VERTEX_POINT ( 'NONE', #181 ) ;
#764 = DIRECTION ( 'NONE',  ( -1.000000000000000000, 0.000000000000000000, 0.000000000000000000 ) ) ;
#765 = AXIS2_PLACEMENT_3D ( 'NONE', #3771, #1667, #2873 ) ;
#766 = ORIENTED_EDGE ( 'NONE', *, *, #1739, .T. ) ;
#767 = DIRECTION ( 'NONE',  ( 1.000000000000000000, 0.000000000000000000, 0.000000000000000000 ) ) ;
#768 = ORIENTED_EDGE ( 'NONE', *, *, #1567, .T. ) ;
#769 = COLOUR_RGB ( '',0.2509803921568627416, 0.2509803921568627416, 0.2509803921568627416 ) ;
#770 = DIRECTION ( 'NONE',  ( -0.000000000000000000, -0.000000000000000000, -1.000000000000000000 ) ) ;
#771 = ORIENTED_EDGE ( 'NONE', *, *, #585, .T. ) ;
#772 = PLANE ( 'NONE',  #2134 ) ;
#773 = CARTESIAN_POINT ( 'NONE',  ( 0.000000000000000000, 1.349999999999999645, -2.200000000000000178 ) ) ;
#774 = VERTEX_POINT ( 'NONE', #209 ) ;
#775 = DIRECTION ( 'NONE',  ( 0.000000000000000000, 0.000000000000000000, 1.000000000000000000 ) ) ;
#776 =( NAMED_UNIT ( * ) PLANE_ANGLE_UNIT ( ) SI_UNIT ( $, .RADIAN. ) );
#777 = CARTESIAN_POINT ( 'NONE',  ( -3.099999999999999645, -3.306546357697851761E-16, -1.199999999999999734 ) ) ;
#778 = CARTESIAN_POINT ( 'NONE',  ( 0.000000000000000000, 4.700000000000000178, -2.200000000000000178 ) ) ;
#779 = EDGE_CURVE ( 'NONE', #978, #252, #2274, .T. ) ;
#780 =( NAMED_UNIT ( * ) PLANE_ANGLE_UNIT ( ) SI_UNIT ( $, .RADIAN. ) );
#781 = PRESENTATION_LAYER_ASSIGNMENT (  '', '', ( #2666 ) ) ;
#782 = LINE ( 'NONE', #1976, #3338 ) ;
#783 = LINE ( 'NONE', #1977, #932 ) ;
#784 =( LENGTH_UNIT ( ) NAMED_UNIT ( * ) SI_UNIT ( .MILLI., .METRE. ) );
#785 = PRESENTATION_STYLE_ASSIGNMENT (( #1370 ) ) ;
#786 = CARTESIAN_POINT ( 'NONE',  ( 2.349999999999999645, 1.349999999999999645, 2.000000000000000000 ) ) ;
#787 =( LENGTH_UNIT ( ) NAMED_UNIT ( * ) SI_UNIT ( .MILLI., .METRE. ) );
#788 = COLOUR_RGB ( '',0.2509803921568627416, 0.2509803921568627416, 0.2509803921568627416 ) ;
#789 = ADVANCED_FACE ( 'NONE', ( #1665 ), #2741, .T. ) ;
#790 = DIRECTION ( 'NONE',  ( 1.000000000000000000, -0.000000000000000000, 0.000000000000000000 ) ) ;
#791 = LINE ( 'NONE', #506, #1394 ) ;
#792 = PLANE ( 'NONE',  #1683 ) ;
#793 = LINE ( 'NONE', #511, #3152 ) ;
#794 = CARTESIAN_POINT ( 'NONE',  ( 0.000000000000000000, 1.349999999999999645, -2.000000000000000000 ) ) ;
#795 =( GEOMETRIC_REPRESENTATION_CONTEXT ( 3 ) GLOBAL_UNCERTAINTY_ASSIGNED_CONTEXT ( ( #51 ) ) GLOBAL_UNIT_ASSIGNED_CONTEXT ( ( #735, #117, #2506 ) ) REPRESENTATION_CONTEXT ( 'NONE', 'WORKASPACE' ) );
#796 = FILL_AREA_STYLE ('',( #762 ) ) ;
#797 = EDGE_LOOP ( 'NONE', ( #50, #641, #1996, #1734, #1634, #2547, #2880, #2673, #359, #2348, #356, #1016 ) ) ;
#798 = CARTESIAN_POINT ( 'NONE',  ( -2.074999999999999289, 1.499999999999999556, 2.000000000000000000 ) ) ;
#799 = CARTESIAN_POINT ( 'NONE',  ( -4.099999999999999645, 4.700000000000000178, -1.950000000000000178 ) ) ;
#800 = VECTOR ( 'NONE', #761, 1000.000000000000000 ) ;
#801 = EDGE_CURVE ( 'NONE', #3705, #2285, #3098, .T. ) ;
#802 = ORIENTED_EDGE ( 'NONE', *, *, #2318, .F. ) ;
#803 = EDGE_LOOP ( 'NONE', ( #1834, #2811, #1, #900, #492, #3397, #60 ) ) ;
#804 = VECTOR ( 'NONE', #1785, 1000.000000000000000 ) ;
#805 = FILL_AREA_STYLE ('',( #1332 ) ) ;
#806 = DIRECTION ( 'NONE',  ( 0.000000000000000000, 0.000000000000000000, -1.000000000000000000 ) ) ;
#807 = CARTESIAN_POINT ( 'NONE',  ( 0.000000000000000000, 1.550000000000000266, -2.828427124746190735 ) ) ;
#808 = LINE ( 'NONE', #1398, #87 ) ;
#809 = EDGE_LOOP ( 'NONE', ( #2715, #1809, #1714, #517 ) ) ;
#810 = SURFACE_STYLE_FILL_AREA ( #1737 ) ;
#811 = STYLED_ITEM ( 'NONE', ( #3858 ), #3304 ) ;
#812 =( GEOMETRIC_REPRESENTATION_CONTEXT ( 3 ) GLOBAL_UNCERTAINTY_ASSIGNED_CONTEXT ( ( #1251 ) ) GLOBAL_UNIT_ASSIGNED_CONTEXT ( ( #701, #1624, #410 ) ) REPRESENTATION_CONTEXT ( 'NONE', 'WORKASPACE' ) );
#813 = SURFACE_STYLE_USAGE ( .BOTH. , #243 ) ;
#814 = PRESENTATION_LAYER_ASSIGNMENT (  '', '', ( #3832 ) ) ;
#815 =( LENGTH_UNIT ( ) NAMED_UNIT ( * ) SI_UNIT ( .MILLI., .METRE. ) );
#816 = MECHANICAL_DESIGN_GEOMETRIC_PRESENTATION_REPRESENTATION (  '', ( #3216 ), #1006 ) ;
#817 = PRESENTATION_LAYER_ASSIGNMENT (  '', '', ( #2199 ) ) ;
#818 = LINE ( 'NONE', #2019, #1705 ) ;
#819 = VERTEX_POINT ( 'NONE', #1580 ) ;
#820 = ORIENTED_EDGE ( 'NONE', *, *, #2149, .F. ) ;
#821 = CARTESIAN_POINT ( 'NONE',  ( 4.246446609406725692, 4.700000000000000178, -2.096446609406726669 ) ) ;
#822 = EDGE_LOOP ( 'NONE', ( #1331, #1630, #1573, #1568 ) ) ;
#823 = ORIENTED_EDGE ( 'NONE', *, *, #1663, .F. ) ;
#824 = SURFACE_STYLE_USAGE ( .BOTH. , #639 ) ;
#825 = CARTESIAN_POINT ( 'NONE',  ( 2.075000000000001066, 1.499999999999999778, 2.000000000000000000 ) ) ;
#826 = AXIS2_PLACEMENT_3D ( 'NONE', #2596, #3482, #3193 ) ;
#827 = ORIENTED_EDGE ( 'NONE', *, *, #3019, .F. ) ;
#828 = VERTEX_POINT ( 'NONE', #95 ) ;
#829 = EDGE_CURVE ( 'NONE', #2585, #2435, #984, .T. ) ;
#830 = DIRECTION ( 'NONE',  ( 2.065146995210484202E-16, -1.000000000000000000, 0.000000000000000000 ) ) ;
#831 = VECTOR ( 'NONE', #1707, 1000.000000000000000 ) ;
#832 =( GEOMETRIC_REPRESENTATION_CONTEXT ( 3 ) GLOBAL_UNCERTAINTY_ASSIGNED_CONTEXT ( ( #2 ) ) GLOBAL_UNIT_ASSIGNED_CONTEXT ( ( #2745, #1257, #1232 ) ) REPRESENTATION_CONTEXT ( 'NONE', 'WORKASPACE' ) );
#833 = DIRECTION ( 'NONE',  ( 0.000000000000000000, -0.000000000000000000, 1.000000000000000000 ) ) ;
#834 = DIRECTION ( 'NONE',  ( 0.000000000000000000, -1.000000000000000000, 0.000000000000000000 ) ) ;
#835 = DIRECTION ( 'NONE',  ( 0.000000000000000000, 0.000000000000000000, -1.000000000000000000 ) ) ;
#836 = CARTESIAN_POINT ( 'NONE',  ( 3.237144549617446909, 0.03030065993695360213, 1.202045922358904395 ) ) ;
#837 = VERTEX_POINT ( 'NONE', #1145 ) ;
#838 = ORIENTED_EDGE ( 'NONE', *, *, #840, .T. ) ;
#839 = ORIENTED_EDGE ( 'NONE', *, *, #417, .F. ) ;
#840 = EDGE_CURVE ( 'NONE', #3502, #1545, #3808, .T. ) ;
#841 = MECHANICAL_DESIGN_GEOMETRIC_PRESENTATION_REPRESENTATION (  '', ( #535 ), #2422 ) ;
#842 = DIRECTION ( 'NONE',  ( 1.000000000000000000, 0.000000000000000000, 1.224646799147353207E-16 ) ) ;
#843 = LINE ( 'NONE', #2048, #475 ) ;
#844 = ADVANCED_FACE ( 'NONE', ( #2036 ), #267, .T. ) ;
#845 = MECHANICAL_DESIGN_GEOMETRIC_PRESENTATION_REPRESENTATION (  '', ( #2044 ), #1672 ) ;
#846 = SURFACE_STYLE_USAGE ( .BOTH. , #3519 ) ;
#847 = CARTESIAN_POINT ( 'NONE',  ( 2.349999999999999645, 1.349999999999999423, -2.200000000000000178 ) ) ;
#848 =( NAMED_UNIT ( * ) SI_UNIT ( $, .STERADIAN. ) SOLID_ANGLE_UNIT ( ) );
#849 = COLOUR_RGB ( '',0.8470588235294117530, 0.8431372549019607865, 0.8470588235294117530 ) ;
#850 = UNCERTAINTY_MEASURE_WITH_UNIT (LENGTH_MEASURE( 1.000000000000000082E-05 ), #1985, 'distance_accuracy_value', 'NONE');
#851 = CARTESIAN_POINT ( 'NONE',  ( 3.949999999999999734, -3.606697673334801343E-16, 2.199999999999998845 ) ) ;
#852 = VERTEX_POINT ( 'NONE', #2990 ) ;
#853 = CARTESIAN_POINT ( 'NONE',  ( -2.349999999999998757, -5.510910596163085611E-16, 0.7999999999999997113 ) ) ;
#854 = VERTEX_POINT ( 'NONE', #1494 ) ;
#855 = VERTEX_POINT ( 'NONE', #183 ) ;
#856 = LINE ( 'NONE', #825, #2452 ) ;
#857 = UNCERTAINTY_MEASURE_WITH_UNIT (LENGTH_MEASURE( 1.000000000000000082E-05 ), #542, 'distance_accuracy_value', 'NONE');
#858 = EDGE_CURVE ( 'NONE', #2875, #3007, #1914, .T. ) ;
#859 = AXIS2_PLACEMENT_3D ( 'NONE', #411, #1344, #2554 ) ;
#860 = FACE_OUTER_BOUND ( 'NONE', #1546, .T. ) ;
#861 = EDGE_CURVE ( 'NONE', #2239, #668, #1052, .T. ) ;
#862 = FILL_AREA_STYLE_COLOUR ( '', #788 ) ;
#863 = SURFACE_STYLE_FILL_AREA ( #2035 ) ;
#864 =( NAMED_UNIT ( * ) SI_UNIT ( $, .STERADIAN. ) SOLID_ANGLE_UNIT ( ) );
#865 = EDGE_CURVE ( 'NONE', #974, #3424, #1062, .T. ) ;
#866 = AXIS2_PLACEMENT_3D ( 'NONE', #2116, #1339, #3678 ) ;
#867 = CARTESIAN_POINT ( 'NONE',  ( 0.000000000000000000, -2.349999999999999645, 1.408343819019456275E-16 ) ) ;
#868 =( GEOMETRIC_REPRESENTATION_CONTEXT ( 3 ) GLOBAL_UNCERTAINTY_ASSIGNED_CONTEXT ( ( #1524 ) ) GLOBAL_UNIT_ASSIGNED_CONTEXT ( ( #348, #654, #3721 ) ) REPRESENTATION_CONTEXT ( 'NONE', 'WORKASPACE' ) );
#869 =( GEOMETRIC_REPRESENTATION_CONTEXT ( 3 ) GLOBAL_UNCERTAINTY_ASSIGNED_CONTEXT ( ( #1604 ) ) GLOBAL_UNIT_ASSIGNED_CONTEXT ( ( #3490, #3471, #2910 ) ) REPRESENTATION_CONTEXT ( 'NONE', 'WORKASPACE' ) );
#870 = DIRECTION ( 'NONE',  ( -1.000000000000000000, -0.000000000000000000, -0.000000000000000000 ) ) ;
#871 = STYLED_ITEM ( 'NONE', ( #1710 ), #1070 ) ;
#872 = EDGE_CURVE ( 'NONE', #3816, #2976, #1575, .T. ) ;
#873 = ORIENTED_EDGE ( 'NONE', *, *, #1222, .T. ) ;
#874 = PRESENTATION_STYLE_ASSIGNMENT (( #1409 ) ) ;
#875 = AXIS2_PLACEMENT_3D ( 'NONE', #112, #2440, #1862 ) ;
#876 = VECTOR ( 'NONE', #2374, 999.9999999999998863 ) ;
#877 = ORIENTED_EDGE ( 'NONE', *, *, #2468, .F. ) ;
#878 = ORIENTED_EDGE ( 'NONE', *, *, #1814, .F. ) ;
#879 = ORIENTED_EDGE ( 'NONE', *, *, #1670, .T. ) ;
#880 = CARTESIAN_POINT ( 'NONE',  ( 0.000000000000000000, 0.7000000000000000666, 0.000000000000000000 ) ) ;
#881 = PRESENTATION_STYLE_ASSIGNMENT (( #3331 ) ) ;
#882 = SURFACE_STYLE_FILL_AREA ( #3311 ) ;
#883 = SURFACE_STYLE_FILL_AREA ( #3313 ) ;
#884 = PRODUCT_DEFINITION ( 'UNKNOWN', '', #1399, #1164 ) ;
#885 = FILL_AREA_STYLE ('',( #2068 ) ) ;
#886 = LINE ( 'NONE', #1471, #2192 ) ;
#887 = LINE ( 'NONE', #2112, #2255 ) ;
#888 = DIRECTION ( 'NONE',  ( -1.000000000000000000, 0.000000000000000000, 0.000000000000000000 ) ) ;
#889 = MECHANICAL_DESIGN_GEOMETRIC_PRESENTATION_REPRESENTATION (  '', ( #462 ), #3283 ) ;
#890 = AXIS2_PLACEMENT_3D ( 'NONE', #3295, #3806, #3278 ) ;
#891 = COLOUR_RGB ( '',0.8470588235294117530, 0.8431372549019607865, 0.8470588235294117530 ) ;
#892 = CARTESIAN_POINT ( 'NONE',  ( 2.000000000000000000, -2.349999999999999645, -4.714890176717308529E-16 ) ) ;
#893 = ORIENTED_EDGE ( 'NONE', *, *, #2640, .T. ) ;
#894 = DIRECTION ( 'NONE',  ( -9.637352644315614471E-16, -1.000000000000000000, 0.000000000000000000 ) ) ;
#895 = EDGE_CURVE ( 'NONE', #70, #2127, #3002, .T. ) ;
#896 = VERTEX_POINT ( 'NONE', #910 ) ;
#897 = FACE_OUTER_BOUND ( 'NONE', #3742, .T. ) ;
#898 = VECTOR ( 'NONE', #2682, 1000.000000000000000 ) ;
#899 = VERTEX_POINT ( 'NONE', #3430 ) ;
#900 = ORIENTED_EDGE ( 'NONE', *, *, #2264, .F. ) ;
#901 = SURFACE_SIDE_STYLE ('',( #1779 ) ) ;
#902 = SURFACE_SIDE_STYLE ('',( #2085 ) ) ;
#903 =( NAMED_UNIT ( * ) SI_UNIT ( $, .STERADIAN. ) SOLID_ANGLE_UNIT ( ) );
#904 = COLOUR_RGB ( '',0.8470588235294117530, 0.8431372549019607865, 0.8470588235294117530 ) ;
#905 = FACE_OUTER_BOUND ( 'NONE', #726, .T. ) ;
#906 = FILL_AREA_STYLE ('',( #1175 ) ) ;
#907 = PRESENTATION_LAYER_ASSIGNMENT (  '', '', ( #2614 ) ) ;
#908 = SURFACE_STYLE_USAGE ( .BOTH. , #1507 ) ;
#909 =( LENGTH_UNIT ( ) NAMED_UNIT ( * ) SI_UNIT ( .MILLI., .METRE. ) );
#910 = CARTESIAN_POINT ( 'NONE',  ( 4.349999999999999645, -9.063624274963587724E-16, 1.199999999999999734 ) ) ;
#911 = FILL_AREA_STYLE_COLOUR ( '', #3825 ) ;
#912 = EDGE_CURVE ( 'NONE', #668, #2075, #3043, .T. ) ;
#913 = FILL_AREA_STYLE_COLOUR ( '', #1726 ) ;
#914 = SURFACE_SIDE_STYLE ('',( #1586 ) ) ;
#915 = SURFACE_STYLE_USAGE ( .BOTH. , #1784 ) ;
#916 = LINE ( 'NONE', #2115, #255 ) ;
#917 = DIRECTION ( 'NONE',  ( -0.000000000000000000, -1.000000000000000000, -0.000000000000000000 ) ) ;
#918 = ORIENTED_EDGE ( 'NONE', *, *, #3868, .T. ) ;
#919 = ADVANCED_FACE ( 'NONE', ( #1485 ), #2446, .T. ) ;
#920 = SURFACE_SIDE_STYLE ('',( #67 ) ) ;
#921 = CARTESIAN_POINT ( 'NONE',  ( 2.349999999999999201, 0.2500000000000000555, 2.200000000000000178 ) ) ;
#922 = ORIENTED_EDGE ( 'NONE', *, *, #1567, .F. ) ;
#923 = ORIENTED_EDGE ( 'NONE', *, *, #1967, .F. ) ;
#924 = CIRCLE ( 'NONE', #3136, 0.2500000000000003886 ) ;
#925 = CARTESIAN_POINT ( 'NONE',  ( 3.169287129244291012, -1.105377996166861696E-16, -1.199999999999999956 ) ) ;
#926 = ORIENTED_EDGE ( 'NONE', *, *, #307, .T. ) ;
#927 = SURFACE_STYLE_USAGE ( .BOTH. , #3619 ) ;
#928 = CARTESIAN_POINT ( 'NONE',  ( 3.949999999999999734, -1.250000000000000222, 0.5999999999999998668 ) ) ;
#929 = CARTESIAN_POINT ( 'NONE',  ( -4.349999999999999645, 4.700000000000000178, 0.000000000000000000 ) ) ;
#930 = DIRECTION ( 'NONE',  ( -0.000000000000000000, -0.000000000000000000, -1.000000000000000000 ) ) ;
#931 = CARTESIAN_POINT ( 'NONE',  ( -3.949999999999999734, -8.573765555304644567E-16, 0.3999999999999997446 ) ) ;
#932 = VECTOR ( 'NONE', #3795, 1000.000000000000000 ) ;
#933 = DIRECTION ( 'NONE',  ( 1.000000000000000000, 0.000000000000000000, 0.000000000000000000 ) ) ;
#934 =( GEOMETRIC_REPRESENTATION_CONTEXT ( 3 ) GLOBAL_UNCERTAINTY_ASSIGNED_CONTEXT ( ( #1920 ) ) GLOBAL_UNIT_ASSIGNED_CONTEXT ( ( #2893, #471, #2337 ) ) REPRESENTATION_CONTEXT ( 'NONE', 'WORKASPACE' ) );
#935 = FILL_AREA_STYLE_COLOUR ( '', #3464 ) ;
#936 = PRESENTATION_STYLE_ASSIGNMENT (( #3029 ) ) ;
#937 = FILL_AREA_STYLE ('',( #3631 ) ) ;
#938 = COLOUR_RGB ( '',0.2509803921568627416, 0.2509803921568627416, 0.2509803921568627416 ) ;
#939 = ORIENTED_EDGE ( 'NONE', *, *, #1880, .T. ) ;
#940 = EDGE_CURVE ( 'NONE', #1692, #269, #3650, .T. ) ;
#941 = VECTOR ( 'NONE', #382, 1000.000000000000000 ) ;
#942 = STYLED_ITEM ( 'NONE', ( #1221 ), #1155 ) ;
#943 = ORIENTED_EDGE ( 'NONE', *, *, #3127, .F. ) ;
#944 = ORIENTED_EDGE ( 'NONE', *, *, #1848, .F. ) ;
#945 =( GEOMETRIC_REPRESENTATION_CONTEXT ( 3 ) GLOBAL_UNCERTAINTY_ASSIGNED_CONTEXT ( ( #128 ) ) GLOBAL_UNIT_ASSIGNED_CONTEXT ( ( #3048, #2752, #2534 ) ) REPRESENTATION_CONTEXT ( 'NONE', 'WORKASPACE' ) );
#946 = UNCERTAINTY_MEASURE_WITH_UNIT (LENGTH_MEASURE( 1.000000000000000082E-05 ), #2602, 'distance_accuracy_value', 'NONE');
#947 = DIRECTION ( 'NONE',  ( 0.000000000000000000, 0.000000000000000000, -1.000000000000000000 ) ) ;
#948 = ORIENTED_EDGE ( 'NONE', *, *, #260, .T. ) ;
#949 =( LENGTH_UNIT ( ) NAMED_UNIT ( * ) SI_UNIT ( .MILLI., .METRE. ) );
#950 =( LENGTH_UNIT ( ) NAMED_UNIT ( * ) SI_UNIT ( .MILLI., .METRE. ) );
#951 = DIRECTION ( 'NONE',  ( 0.000000000000000000, 0.000000000000000000, 1.000000000000000000 ) ) ;
#952 = EDGE_CURVE ( 'NONE', #819, #2515, #2131, .T. ) ;
#953 = SURFACE_STYLE_FILL_AREA ( #2443 ) ;
#954 = CARTESIAN_POINT ( 'NONE',  ( -3.949999999999999734, 3.826133144475920567, 2.427407932011331759 ) ) ;
#955 = DIRECTION ( 'NONE',  ( -1.000000000000000000, -0.000000000000000000, -0.000000000000000000 ) ) ;
#956 = DIRECTION ( 'NONE',  ( 1.000000000000000000, -0.000000000000000000, -0.000000000000000000 ) ) ;
#957 =( GEOMETRIC_REPRESENTATION_CONTEXT ( 3 ) GLOBAL_UNCERTAINTY_ASSIGNED_CONTEXT ( ( #2794 ) ) GLOBAL_UNIT_ASSIGNED_CONTEXT ( ( #548, #2655, #2616 ) ) REPRESENTATION_CONTEXT ( 'NONE', 'WORKASPACE' ) );
#958 = CARTESIAN_POINT ( 'NONE',  ( 4.349999999999999645, 3.826133144475920567, 2.427407932011331759 ) ) ;
#959 = DIRECTION ( 'NONE',  ( -0.000000000000000000, 0.000000000000000000, 1.000000000000000000 ) ) ;
#960 = PRESENTATION_LAYER_ASSIGNMENT (  '', '', ( #3100 ) ) ;
#961 = FACE_OUTER_BOUND ( 'NONE', #2844, .T. ) ;
#962 = AXIS2_PLACEMENT_3D ( 'NONE', #3467, #478, #2902 ) ;
#963 = VERTEX_POINT ( 'NONE', #1193 ) ;
#964 = ORIENTED_EDGE ( 'NONE', *, *, #2640, .F. ) ;
#965 = ORIENTED_EDGE ( 'NONE', *, *, #470, .T. ) ;
#966 = SURFACE_SIDE_STYLE ('',( #3667 ) ) ;
#967 = SURFACE_STYLE_FILL_AREA ( #343 ) ;
#968 = VECTOR ( 'NONE', #3434, 1000.000000000000000 ) ;
#969 = CARTESIAN_POINT ( 'NONE',  ( 3.349999999999999201, 0.2500000000000000000, -1.112249899919919294 ) ) ;
#970 = EDGE_CURVE ( 'NONE', #978, #2200, #1472, .T. ) ;
#971 = PLANE ( 'NONE',  #1781 ) ;
#972 = FILL_AREA_STYLE ('',( #2510 ) ) ;
#973 = DIRECTION ( 'NONE',  ( 0.000000000000000000, 0.000000000000000000, -1.000000000000000000 ) ) ;
#974 = VERTEX_POINT ( 'NONE', #3590 ) ;
#975 = VECTOR ( 'NONE', #3175, 1000.000000000000000 ) ;
#976 = SURFACE_SIDE_STYLE ('',( #2143 ) ) ;
#977 = STYLED_ITEM ( 'NONE', ( #1908 ), #2683 ) ;
#978 = VERTEX_POINT ( 'NONE', #1847 ) ;
#979 = ORIENTED_EDGE ( 'NONE', *, *, #1849, .T. ) ;
#980 = FACE_OUTER_BOUND ( 'NONE', #1400, .T. ) ;
#981 = CARTESIAN_POINT ( 'NONE',  ( 2.000000000000000000, 1.407106781186548528, -4.714890176717308529E-16 ) ) ;
#982 = SURFACE_SIDE_STYLE ('',( #193 ) ) ;
#983 = SURFACE_STYLE_USAGE ( .BOTH. , #441 ) ;
#984 = LINE ( 'NONE', #1886, #2004 ) ;
#985 = CIRCLE ( 'NONE', #1110, 0.2500000000000000000 ) ;
#986 = SURFACE_STYLE_USAGE ( .BOTH. , #1599 ) ;
#987 = FILL_AREA_STYLE_COLOUR ( '', #1782 ) ;
#988 = FILL_AREA_STYLE_COLOUR ( '', #2850 ) ;
#989 = EDGE_CURVE ( 'NONE', #1778, #2716, #3871, .T. ) ;
#990 = STYLED_ITEM ( 'NONE', ( #1647 ), #1720 ) ;
#991 = EDGE_CURVE ( 'NONE', #603, #2898, #2154, .T. ) ;
#992 =( NAMED_UNIT ( * ) SI_UNIT ( $, .STERADIAN. ) SOLID_ANGLE_UNIT ( ) );
#993 = DIRECTION ( 'NONE',  ( 0.000000000000000000, 0.000000000000000000, 1.000000000000000000 ) ) ;
#994 = DIRECTION ( 'NONE',  ( 0.000000000000000000, 0.000000000000000000, 1.000000000000000000 ) ) ;
#995 = EDGE_CURVE ( 'NONE', #270, #70, #3119, .T. ) ;
#996 = ORIENTED_EDGE ( 'NONE', *, *, #3089, .F. ) ;
#997 = DIRECTION ( 'NONE',  ( -1.000000000000000000, 0.000000000000000000, 0.000000000000000000 ) ) ;
#998 = PRESENTATION_LAYER_ASSIGNMENT (  '', '', ( #4 ) ) ;
#999 = ORIENTED_EDGE ( 'NONE', *, *, #1158, .T. ) ;
#1000 = STYLED_ITEM ( 'NONE', ( #1309 ), #919 ) ;
#1001 = CARTESIAN_POINT ( 'NONE',  ( 3.099999999999999645, -3.306546357697851761E-16, -1.199999999999999734 ) ) ;
#1002 = STYLED_ITEM ( 'NONE', ( #1966 ), #2827 ) ;
#1003 = SURFACE_STYLE_FILL_AREA ( #3701 ) ;
#1004 =( GEOMETRIC_REPRESENTATION_CONTEXT ( 3 ) GLOBAL_UNCERTAINTY_ASSIGNED_CONTEXT ( ( #2559 ) ) GLOBAL_UNIT_ASSIGNED_CONTEXT ( ( #551, #3850, #2989 ) ) REPRESENTATION_CONTEXT ( 'NONE', 'WORKASPACE' ) );
#1005 = CARTESIAN_POINT ( 'NONE',  ( 3.349999999999999645, -5.510910596163085611E-16, 0.7999999999999997113 ) ) ;
#1006 =( GEOMETRIC_REPRESENTATION_CONTEXT ( 3 ) GLOBAL_UNCERTAINTY_ASSIGNED_CONTEXT ( ( #3417 ) ) GLOBAL_UNIT_ASSIGNED_CONTEXT ( ( #949, #3643, #3076 ) ) REPRESENTATION_CONTEXT ( 'NONE', 'WORKASPACE' ) );
#1007 = PRESENTATION_STYLE_ASSIGNMENT (( #2226 ) ) ;
#1008 = VECTOR ( 'NONE', #2657, 1000.000000000000000 ) ;
#1009 = VERTEX_POINT ( 'NONE', #3603 ) ;
#1010 = LINE ( 'NONE', #2207, #2257 ) ;
#1011 = DIRECTION ( 'NONE',  ( 0.000000000000000000, 0.9408874118687269306, -0.3387194682727414086 ) ) ;
#1012 = B_SPLINE_CURVE_WITH_KNOTS ( 'NONE', 3,
 ( #1001, #925, #648, #2122, #3329, #1270, #2145, #3663 ),
 .UNSPECIFIED., .F., .F.,
 ( 4, 2, 2, 4 ),
 ( 6.113947262702201624E-21, 0.0002049309090525870084, 0.0003073963635788805261, 0.0004098618181051740168 ),
 .UNSPECIFIED. ) ;
#1013 = CARTESIAN_POINT ( 'NONE',  ( 4.246446609406725692, 4.700000000000000178, 2.096446609406726669 ) ) ;
#1014 = VECTOR ( 'NONE', #1618, 1000.000000000000000 ) ;
#1015 = UNCERTAINTY_MEASURE_WITH_UNIT (LENGTH_MEASURE( 1.000000000000000082E-05 ), #1454, 'distance_accuracy_value', 'NONE');
#1016 = ORIENTED_EDGE ( 'NONE', *, *, #2296, .F. ) ;
#1017 = DIRECTION ( 'NONE',  ( 0.000000000000000000, 0.000000000000000000, 1.000000000000000000 ) ) ;
#1018 = UNCERTAINTY_MEASURE_WITH_UNIT (LENGTH_MEASURE( 1.000000000000000082E-05 ), #543, 'distance_accuracy_value', 'NONE');
#1019 = EDGE_CURVE ( 'NONE', #1408, #3424, #887, .T. ) ;
#1020 = ORIENTED_EDGE ( 'NONE', *, *, #801, .T. ) ;
#1021 = DIRECTION ( 'NONE',  ( 1.000000000000000000, -3.761581922631320025E-34, 0.000000000000000000 ) ) ;
#1022 = ORIENTED_EDGE ( 'NONE', *, *, #1396, .T. ) ;
#1023 = DIRECTION ( 'NONE',  ( 0.7071067811865507924, 0.000000000000000000, -0.7071067811865441310 ) ) ;
#1024 = DIRECTION ( 'NONE',  ( 2.090028284309406735E-16, -1.000000000000000000, 0.000000000000000000 ) ) ;
#1025 = DIRECTION ( 'NONE',  ( -1.000000000000000000, 0.000000000000000000, 0.000000000000000000 ) ) ;
#1026 = SURFACE_STYLE_FILL_AREA ( #386 ) ;
#1027 = CARTESIAN_POINT ( 'NONE',  ( 3.169301702141829047, -1.067261513540418304E-16, 1.199999999999999734 ) ) ;
#1028 = DIRECTION ( 'NONE',  ( -1.000000000000000000, 0.000000000000000000, 0.000000000000000000 ) ) ;
#1029 = MECHANICAL_DESIGN_GEOMETRIC_PRESENTATION_REPRESENTATION (  '', ( #2354 ), #3854 ) ;
#1030 = FILL_AREA_STYLE ('',( #3727 ) ) ;
#1031 = STYLED_ITEM ( 'NONE', ( #2263 ), #2368 ) ;
#1032 = CARTESIAN_POINT ( 'NONE',  ( 3.949999999999999734, -1.250000000000000222, -0.6000000000000001998 ) ) ;
#1033 = ADVANCED_FACE ( 'NONE', ( #614 ), #3023, .T. ) ;
#1034 = LINE ( 'NONE', #2899, #2904 ) ;
#1035 = ORIENTED_EDGE ( 'NONE', *, *, #3127, .T. ) ;
#1036 = CARTESIAN_POINT ( 'NONE',  ( 0.000000000000000000, 3.550000000000000266, 6.200000000000001066 ) ) ;
#1037 = ADVANCED_FACE ( 'NONE', ( #1676 ), #234, .T. ) ;
#1038 = DIRECTION ( 'NONE',  ( 1.000000000000000000, -0.000000000000000000, -0.000000000000000000 ) ) ;
#1039 = CARTESIAN_POINT ( 'NONE',  ( -2.000000000000000000, 1.550000000000000266, -2.828427124746190735 ) ) ;
#1040 = AXIS2_PLACEMENT_3D ( 'NONE', #2668, #2690, #2114 ) ;
#1041 = DIRECTION ( 'NONE',  ( 1.084202172485504434E-15, -1.000000000000000000, 0.000000000000000000 ) ) ;
#1042 = CARTESIAN_POINT ( 'NONE',  ( 4.099999999999999645, 4.700000000000000178, -2.200000000000000178 ) ) ;
#1043 = ORIENTED_EDGE ( 'NONE', *, *, #2433, .F. ) ;
#1044 = CARTESIAN_POINT ( 'NONE',  ( 0.000000000000000000, 1.550000000000000266, 6.200000000000001066 ) ) ;
#1045 =( NAMED_UNIT ( * ) SI_UNIT ( $, .STERADIAN. ) SOLID_ANGLE_UNIT ( ) );
#1046 = PRESENTATION_LAYER_ASSIGNMENT (  '', '', ( #3624 ) ) ;
#1047 = FILL_AREA_STYLE_COLOUR ( '', #2940 ) ;
#1048 = PLANE ( 'NONE',  #890 ) ;
#1049 = PRESENTATION_STYLE_ASSIGNMENT (( #2252 ) ) ;
#1050 =( NAMED_UNIT ( * ) SI_UNIT ( $, .STERADIAN. ) SOLID_ANGLE_UNIT ( ) );
#1051 = CARTESIAN_POINT ( 'NONE',  ( -2.349999999999999645, 4.700000000000000178, 2.000000000000000000 ) ) ;
#1052 = LINE ( 'NONE', #794, #3766 ) ;
#1053 = VECTOR ( 'NONE', #3396, 1000.000000000000000 ) ;
#1054 = CIRCLE ( 'NONE', #3263, 0.3999999999999999667 ) ;
#1055 = PRESENTATION_STYLE_ASSIGNMENT (( #229 ) ) ;
#1056 = UNCERTAINTY_MEASURE_WITH_UNIT (LENGTH_MEASURE( 1.000000000000000082E-05 ), #2315, 'distance_accuracy_value', 'NONE');
#1057 = EDGE_CURVE ( 'NONE', #3705, #3138, #2884, .T. ) ;
#1058 = PRESENTATION_LAYER_ASSIGNMENT (  '', '', ( #2254 ) ) ;
#1059 = FACE_OUTER_BOUND ( 'NONE', #2473, .T. ) ;
#1060 =( GEOMETRIC_REPRESENTATION_CONTEXT ( 3 ) GLOBAL_UNCERTAINTY_ASSIGNED_CONTEXT ( ( #1287 ) ) GLOBAL_UNIT_ASSIGNED_CONTEXT ( ( #909, #1508, #864 ) ) REPRESENTATION_CONTEXT ( 'NONE', 'WORKASPACE' ) );
#1061 = SURFACE_STYLE_USAGE ( .BOTH. , #2860 ) ;
#1062 = CIRCLE ( 'NONE', #1802, 0.2500000000000000000 ) ;
#1063 = AXIS2_PLACEMENT_3D ( 'NONE', #2967, #1467, #1141 ) ;
#1064 =( NAMED_UNIT ( * ) SI_UNIT ( $, .STERADIAN. ) SOLID_ANGLE_UNIT ( ) );
#1065 = PRESENTATION_STYLE_ASSIGNMENT (( #2624 ) ) ;
#1066 = FILL_AREA_STYLE ('',( #3762 ) ) ;
#1067 = CARTESIAN_POINT ( 'NONE',  ( -2.075000000000000178, 4.700000000000000178, 2.000000000000000000 ) ) ;
#1068 = LINE ( 'NONE', #3187, #1277 ) ;
#1069 = COLOUR_RGB ( '',0.8470588235294117530, 0.8431372549019607865, 0.8470588235294117530 ) ;
#1070 = ADVANCED_FACE ( 'NONE', ( #2003 ), #3220, .T. ) ;
#1071 = VERTEX_POINT ( 'NONE', #285 ) ;
#1072 = CARTESIAN_POINT ( 'NONE',  ( 2.349999999999998757, 0.2229852138238123394, 1.133879039099079611 ) ) ;
#1073 = FILL_AREA_STYLE_COLOUR ( '', #3627 ) ;
#1074 = CARTESIAN_POINT ( 'NONE',  ( 0.000000000000000000, 0.7000000000000000666, 2.200000000000000178 ) ) ;
#1075 = PRESENTATION_LAYER_ASSIGNMENT (  '', '', ( #636 ) ) ;
#1076 = CARTESIAN_POINT ( 'NONE',  ( 3.349999999999999645, 0.2500000000000000000, -2.200000000000000178 ) ) ;
#1077 = EDGE_LOOP ( 'NONE', ( #2480, #2360, #3535, #2738 ) ) ;
#1078 = SURFACE_SIDE_STYLE ('',( #2302 ) ) ;
#1079 = MECHANICAL_DESIGN_GEOMETRIC_PRESENTATION_REPRESENTATION (  '', ( #2278 ), #1506 ) ;
#1080 = AXIS2_PLACEMENT_3D ( 'NONE', #3476, #2211, #2915 ) ;
#1081 = MECHANICAL_DESIGN_GEOMETRIC_PRESENTATION_REPRESENTATION (  '', ( #578 ), #226 ) ;
#1082 = FILL_AREA_STYLE_COLOUR ( '', #413 ) ;
#1083 = SURFACE_SIDE_STYLE ('',( #1336 ) ) ;
#1084 = VERTEX_POINT ( 'NONE', #1431 ) ;
#1085 = DIRECTION ( 'NONE',  ( -1.000000000000000000, 0.000000000000000000, 0.000000000000000000 ) ) ;
#1086 = DIRECTION ( 'NONE',  ( 1.000000000000000000, 0.000000000000000000, 0.000000000000000000 ) ) ;
#1087 = EDGE_LOOP ( 'NONE', ( #537, #714, #2832, #299 ) ) ;
#1088 = FACE_OUTER_BOUND ( 'NONE', #2542, .T. ) ;
#1089 = PLANE ( 'NONE',  #3456 ) ;
#1090 = EDGE_CURVE ( 'NONE', #1084, #671, #3334, .T. ) ;
#1091 = ORIENTED_EDGE ( 'NONE', *, *, #1610, .T. ) ;
#1092 = DIRECTION ( 'NONE',  ( 0.000000000000000000, 1.000000000000000000, 0.000000000000000000 ) ) ;
#1093 = MECHANICAL_DESIGN_GEOMETRIC_PRESENTATION_REPRESENTATION (  '', ( #1904 ), #1461 ) ;
#1094 = ORIENTED_EDGE ( 'NONE', *, *, #2970, .F. ) ;
#1095 = DIRECTION ( 'NONE',  ( -2.168404344971008868E-16, 1.000000000000000000, 0.000000000000000000 ) ) ;
#1096 = ORIENTED_EDGE ( 'NONE', *, *, #2458, .F. ) ;
#1097 = CARTESIAN_POINT ( 'NONE',  ( -2.599999999999999645, -6.245698675651497881E-16, 1.199999999999999734 ) ) ;
#1098 = CARTESIAN_POINT ( 'NONE',  ( -4.349999999999999645, 0.3999999999999995226, 4.065758146820638546E-17 ) ) ;
#1099 = PRESENTATION_STYLE_ASSIGNMENT (( #2604 ) ) ;
#1100 = LINE ( 'NONE', #198, #577 ) ;
#1101 = EDGE_LOOP ( 'NONE', ( #996, #1225, #456, #2005 ) ) ;
#1102 = VECTOR ( 'NONE', #1106, 1000.000000000000000 ) ;
#1103 = SURFACE_STYLE_USAGE ( .BOTH. , #3224 ) ;
#1104 = ORIENTED_EDGE ( 'NONE', *, *, #3359, .T. ) ;
#1105 = AXIS2_PLACEMENT_3D ( 'NONE', #2948, #2067, #2352 ) ;
#1106 = DIRECTION ( 'NONE',  ( -1.000000000000000000, 3.761581922631320025E-34, 0.000000000000000000 ) ) ;
#1107 = EDGE_CURVE ( 'NONE', #1149, #1361, #856, .T. ) ;
#1108 = SURFACE_SIDE_STYLE ('',( #863 ) ) ;
#1109 = FILL_AREA_STYLE ('',( #3807 ) ) ;
#1110 = AXIS2_PLACEMENT_3D ( 'NONE', #1842, #2467, #3686 ) ;
#1111 = EDGE_CURVE ( 'NONE', #2024, #3110, #2066, .T. ) ;
#1112 = VERTEX_POINT ( 'NONE', #3836 ) ;
#1113 = STYLED_ITEM ( 'NONE', ( #3044 ), #1855 ) ;
#1114 = CARTESIAN_POINT ( 'NONE',  ( 3.949999999999999734, 3.826133144475921899, -2.427407932011330871 ) ) ;
#1115 = ORIENTED_EDGE ( 'NONE', *, *, #858, .F. ) ;
#1116 = FILL_AREA_STYLE ('',( #2926 ) ) ;
#1117 = VECTOR ( 'NONE', #287, 1000.000000000000000 ) ;
#1118 = ORIENTED_EDGE ( 'NONE', *, *, #2215, .T. ) ;
#1119 = LINE ( 'NONE', #2286, #1488 ) ;
#1120 = FILL_AREA_STYLE_COLOUR ( '', #68 ) ;
#1121 = CARTESIAN_POINT ( 'NONE',  ( -2.074999999999999289, 1.499999999999999556, 2.200000000000000178 ) ) ;
#1122 = AXIS2_PLACEMENT_3D ( 'NONE', #739, #1871, #452 ) ;
#1123 = COLOUR_RGB ( '',0.2509803921568627416, 0.2509803921568627416, 0.2509803921568627416 ) ;
#1124 = FILL_AREA_STYLE_COLOUR ( '', #160 ) ;
#1125 = VECTOR ( 'NONE', #2549, 1000.000000000000000 ) ;
#1126 = CARTESIAN_POINT ( 'NONE',  ( -3.349999999999999645, 0.2500000000000000000, 2.200000000000000178 ) ) ;
#1127 = CIRCLE ( 'NONE', #566, 0.3999999999999999667 ) ;
#1128 = ADVANCED_FACE ( 'NONE', ( #3580 ), #2026, .T. ) ;
#1129 = VECTOR ( 'NONE', #764, 1000.000000000000000 ) ;
#1130 = DIRECTION ( 'NONE',  ( 0.000000000000000000, 1.000000000000000000, 0.000000000000000000 ) ) ;
#1131 = DIRECTION ( 'NONE',  ( -1.000000000000000000, -0.000000000000000000, -0.000000000000000000 ) ) ;
#1132 = ORIENTED_EDGE ( 'NONE', *, *, #1901, .F. ) ;
#1133 = ORIENTED_EDGE ( 'NONE', *, *, #2149, .T. ) ;
#1134 = ORIENTED_EDGE ( 'NONE', *, *, #1895, .T. ) ;
#1135 = EDGE_CURVE ( 'NONE', #129, #2671, #3305, .T. ) ;
#1136 = CARTESIAN_POINT ( 'NONE',  ( -2.000000000000000000, -2.349999999999999645, 7.531577814756221078E-16 ) ) ;
#1137 = VECTOR ( 'NONE', #770, 1000.000000000000000 ) ;
#1138 = DIRECTION ( 'NONE',  ( 0.000000000000000000, 1.000000000000000000, -0.000000000000000000 ) ) ;
#1139 = VERTEX_POINT ( 'NONE', #298 ) ;
#1140 = AXIS2_PLACEMENT_3D ( 'NONE', #880, #1138, #1498 ) ;
#1141 = DIRECTION ( 'NONE',  ( -1.000000000000000000, 0.000000000000000000, 0.000000000000000000 ) ) ;
#1142 = PLANE ( 'NONE',  #687 ) ;
#1143 =( NAMED_UNIT ( * ) SI_UNIT ( $, .STERADIAN. ) SOLID_ANGLE_UNIT ( ) );
#1144 = PRESENTATION_LAYER_ASSIGNMENT (  '', '', ( #2920 ) ) ;
#1145 = CARTESIAN_POINT ( 'NONE',  ( 4.349999999999999645, 4.450000000000000178, 2.200000000000000178 ) ) ;
#1146 = DIRECTION ( 'NONE',  ( 0.000000000000000000, -1.000000000000000000, -3.306546357697854719E-16 ) ) ;
#1147 = ORIENTED_EDGE ( 'NONE', *, *, #1222, .F. ) ;
#1148 = EDGE_CURVE ( 'NONE', #705, #1139, #2692, .T. ) ;
#1149 = VERTEX_POINT ( 'NONE', #2416 ) ;
#1150 = VERTEX_POINT ( 'NONE', #3254 ) ;
#1151 =( GEOMETRIC_REPRESENTATION_CONTEXT ( 3 ) GLOBAL_UNCERTAINTY_ASSIGNED_CONTEXT ( ( #3272 ) ) GLOBAL_UNIT_ASSIGNED_CONTEXT ( ( #14, #631, #2402 ) ) REPRESENTATION_CONTEXT ( 'NONE', 'WORKASPACE' ) );
#1152 = ORIENTED_EDGE ( 'NONE', *, *, #1579, .T. ) ;
#1153 = ADVANCED_FACE ( 'NONE', ( #897 ), #568, .T. ) ;
#1154 = SURFACE_STYLE_USAGE ( .BOTH. , #2676 ) ;
#1155 = ADVANCED_FACE ( 'NONE', ( #1544 ), #1833, .F. ) ;
#1156 = FILL_AREA_STYLE ('',( #256 ) ) ;
#1157 = DIRECTION ( 'NONE',  ( 2.065146995210484202E-16, -1.000000000000000000, 0.000000000000000000 ) ) ;
#1158 = EDGE_CURVE ( 'NONE', #2979, #2121, #665, .T. ) ;
#1159 =( NAMED_UNIT ( * ) SI_UNIT ( $, .STERADIAN. ) SOLID_ANGLE_UNIT ( ) );
#1160 = CARTESIAN_POINT ( 'NONE',  ( -4.349999999999999645, 0.3999999999999996336, -0.7999999999999997113 ) ) ;
#1161 = DIRECTION ( 'NONE',  ( 1.000000000000000000, 0.000000000000000000, 0.000000000000000000 ) ) ;
#1162 =( LENGTH_UNIT ( ) NAMED_UNIT ( * ) SI_UNIT ( .MILLI., .METRE. ) );
#1163 = VECTOR ( 'NONE', #2156, 1000.000000000000114 ) ;
#1164 = PRODUCT_DEFINITION_CONTEXT ( 'detailed design', #2049, 'design' ) ;
#1165 = FILL_AREA_STYLE ('',( #3265 ) ) ;
#1166 = ORIENTED_EDGE ( 'NONE', *, *, #402, .T. ) ;
#1167 = DIRECTION ( 'NONE',  ( 0.000000000000000000, 0.000000000000000000, -1.000000000000000000 ) ) ;
#1168 = ORIENTED_EDGE ( 'NONE', *, *, #163, .F. ) ;
#1169 = ORIENTED_EDGE ( 'NONE', *, *, #1978, .T. ) ;
#1170 = UNCERTAINTY_MEASURE_WITH_UNIT (LENGTH_MEASURE( 1.000000000000000082E-05 ), #2308, 'distance_accuracy_value', 'NONE');
#1171 = SURFACE_STYLE_USAGE ( .BOTH. , #3033 ) ;
#1172 = VECTOR ( 'NONE', #315, 1000.000000000000000 ) ;
#1173 = FILL_AREA_STYLE_COLOUR ( '', #2065 ) ;
#1174 = PLANE ( 'NONE',  #1775 ) ;
#1175 = FILL_AREA_STYLE_COLOUR ( '', #1371 ) ;
#1176 = CYLINDRICAL_SURFACE ( 'NONE', #572, 0.2500000000000000000 ) ;
#1177 = VECTOR ( 'NONE', #587, 1000.000000000000000 ) ;
#1178 = CARTESIAN_POINT ( 'NONE',  ( -2.349999999999999645, 0.7000000000000000666, 0.000000000000000000 ) ) ;
#1179 = PRESENTATION_LAYER_ASSIGNMENT (  '', '', ( #2442 ) ) ;
#1180 = EDGE_CURVE ( 'NONE', #3115, #3110, #622, .T. ) ;
#1181 = VECTOR ( 'NONE', #834, 1000.000000000000000 ) ;
#1182 = CIRCLE ( 'NONE', #507, 0.3999999999999999667 ) ;
#1183 = AXIS2_PLACEMENT_3D ( 'NONE', #1690, #2326, #806 ) ;
#1184 = CARTESIAN_POINT ( 'NONE',  ( 0.000000000000000000, 0.000000000000000000, -2.000000000000000000 ) ) ;
#1185 = ORIENTED_EDGE ( 'NONE', *, *, #1760, .T. ) ;
#1186 = MECHANICAL_DESIGN_GEOMETRIC_PRESENTATION_REPRESENTATION (  '', ( #2138 ), #3159 ) ;
#1187 = VECTOR ( 'NONE', #2539, 1000.000000000000000 ) ;
#1188 = CARTESIAN_POINT ( 'NONE',  ( 0.000000000000000000, 3.550000000000000266, -2.828427124746190735 ) ) ;
#1189 = ORIENTED_EDGE ( 'NONE', *, *, #3497, .T. ) ;
#1190 = PLANE ( 'NONE',  #3474 ) ;
#1191 = LINE ( 'NONE', #3077, #3362 ) ;
#1192 = ADVANCED_FACE ( 'NONE', ( #3680 ), #86, .T. ) ;
#1193 = CARTESIAN_POINT ( 'NONE',  ( -2.349999999999999645, 1.349999999999999645, -2.200000000000000178 ) ) ;
#1194 = CARTESIAN_POINT ( 'NONE',  ( -2.000000000000000000, 0.7000000000000000666, -0.2499999999999991951 ) ) ;
#1195 = STYLED_ITEM ( 'NONE', ( #2552 ), #138 ) ;
#1196 = AXIS2_PLACEMENT_3D ( 'NONE', #99, #2189, #1798 ) ;
#1197 = EDGE_CURVE ( 'NONE', #837, #2760, #357, .T. ) ;
#1198 = FACE_BOUND ( 'NONE', #2679, .T. ) ;
#1199 = PLANE ( 'NONE',  #1250 ) ;
#1200 = ORIENTED_EDGE ( 'NONE', *, *, #45, .F. ) ;
#1201 = DIRECTION ( 'NONE',  ( -0.000000000000000000, -0.000000000000000000, 1.000000000000000000 ) ) ;
#1202 = MECHANICAL_DESIGN_GEOMETRIC_PRESENTATION_REPRESENTATION (  '', ( #2224 ), #2098 ) ;
#1203 = CARTESIAN_POINT ( 'NONE',  ( -2.000000000000000000, 1.407106781186548528, 7.531577814756221078E-16 ) ) ;
#1204 = ORIENTED_EDGE ( 'NONE', *, *, #3546, .T. ) ;
#1205 = VERTEX_POINT ( 'NONE', #2478 ) ;
#1206 = PRESENTATION_STYLE_ASSIGNMENT (( #570 ) ) ;
#1207 = FACE_BOUND ( 'NONE', #1943, .T. ) ;
#1208 = STYLED_ITEM ( 'NONE', ( #1099 ), #15 ) ;
#1209 = FILL_AREA_STYLE_COLOUR ( '', #1870 ) ;
#1210 = DIRECTION ( 'NONE',  ( 0.000000000000000000, 6.245698675651497881E-16, 1.000000000000000000 ) ) ;
#1211 = CARTESIAN_POINT ( 'NONE',  ( -3.099999999999999645, 0.2500000000000000000, 2.200000000000000178 ) ) ;
#1212 = EDGE_CURVE ( 'NONE', #3733, #899, #2197, .T. ) ;
#1213 = PRESENTATION_STYLE_ASSIGNMENT (( #1803 ) ) ;
#1214 = DIRECTION ( 'NONE',  ( 0.000000000000000000, 0.000000000000000000, 1.000000000000000000 ) ) ;
#1215 = LINE ( 'NONE', #3692, #241 ) ;
#1216 = PRESENTATION_LAYER_ASSIGNMENT (  '', '', ( #1351 ) ) ;
#1217 = FILL_AREA_STYLE_COLOUR ( '', #3511 ) ;
#1218 =( LENGTH_UNIT ( ) NAMED_UNIT ( * ) SI_UNIT ( .MILLI., .METRE. ) );
#1219 =( GEOMETRIC_REPRESENTATION_CONTEXT ( 3 ) GLOBAL_UNCERTAINTY_ASSIGNED_CONTEXT ( ( #2830 ) ) GLOBAL_UNIT_ASSIGNED_CONTEXT ( ( #308, #1440, #1159 ) ) REPRESENTATION_CONTEXT ( 'NONE', 'WORKASPACE' ) );
#1220 = ORIENTED_EDGE ( 'NONE', *, *, #1197, .F. ) ;
#1221 = PRESENTATION_STYLE_ASSIGNMENT (( #3366 ) ) ;
#1222 = EDGE_CURVE ( 'NONE', #1408, #2057, #1879, .T. ) ;
#1223 = FILL_AREA_STYLE_COLOUR ( '', #3325 ) ;
#1224 = ORIENTED_EDGE ( 'NONE', *, *, #1570, .T. ) ;
#1225 = ORIENTED_EDGE ( 'NONE', *, *, #1923, .F. ) ;
#1226 =( LENGTH_UNIT ( ) NAMED_UNIT ( * ) SI_UNIT ( .MILLI., .METRE. ) );
#1227 = SURFACE_SIDE_STYLE ('',( #967 ) ) ;
#1228 = PRESENTATION_LAYER_ASSIGNMENT (  '', '', ( #3585 ) ) ;
#1229 = DIRECTION ( 'NONE',  ( -0.000000000000000000, -1.000000000000000000, 0.000000000000000000 ) ) ;
#1230 = FILL_AREA_STYLE_COLOUR ( '', #221 ) ;
#1231 =( NAMED_UNIT ( * ) PLANE_ANGLE_UNIT ( ) SI_UNIT ( $, .RADIAN. ) );
#1232 =( NAMED_UNIT ( * ) SI_UNIT ( $, .STERADIAN. ) SOLID_ANGLE_UNIT ( ) );
#1233 = CARTESIAN_POINT ( 'NONE',  ( -0.5000000000000000000, 4.700000000000000178, 6.200000000000001066 ) ) ;
#1234 =( NAMED_UNIT ( * ) PLANE_ANGLE_UNIT ( ) SI_UNIT ( $, .RADIAN. ) );
#1235 = LINE ( 'NONE', #3358, #2572 ) ;
#1236 = VECTOR ( 'NONE', #515, 1000.000000000000000 ) ;
#1237 = ORIENTED_EDGE ( 'NONE', *, *, #573, .T. ) ;
#1238 = CARTESIAN_POINT ( 'NONE',  ( 0.000000000000000000, -2.349999999999999645, 1.408343819019456275E-16 ) ) ;
#1239 = CARTESIAN_POINT ( 'NONE',  ( 3.949999999999999734, 0.000000000000000000, 0.3999999999999996336 ) ) ;
#1240 = MECHANICAL_DESIGN_GEOMETRIC_PRESENTATION_REPRESENTATION (  '', ( #3269 ), #2826 ) ;
#1241 = CARTESIAN_POINT ( 'NONE',  ( -2.000000000000000000, 0.7000000000000000666, 0.2500000000000007216 ) ) ;
#1242 = CARTESIAN_POINT ( 'NONE',  ( -3.099999999999999645, -6.245698675651497881E-16, 1.199999999999999734 ) ) ;
#1243 =( GEOMETRIC_REPRESENTATION_CONTEXT ( 3 ) GLOBAL_UNCERTAINTY_ASSIGNED_CONTEXT ( ( #3074 ) ) GLOBAL_UNIT_ASSIGNED_CONTEXT ( ( #677, #1234, #148 ) ) REPRESENTATION_CONTEXT ( 'NONE', 'WORKASPACE' ) );
#1244 = MECHANICAL_DESIGN_GEOMETRIC_PRESENTATION_REPRESENTATION (  '', ( #2328 ), #73 ) ;
#1245 = EDGE_LOOP ( 'NONE', ( #199, #482, #2520, #1304 ) ) ;
#1246 = SURFACE_STYLE_USAGE ( .BOTH. , #920 ) ;
#1247 = MECHANICAL_DESIGN_GEOMETRIC_PRESENTATION_REPRESENTATION (  '', ( #2831 ), #1004 ) ;
#1248 = VERTEX_POINT ( 'NONE', #1326 ) ;
#1249 = ORIENTED_EDGE ( 'NONE', *, *, #2995, .T. ) ;
#1250 = AXIS2_PLACEMENT_3D ( 'NONE', #1114, #2985, #3006 ) ;
#1251 = UNCERTAINTY_MEASURE_WITH_UNIT (LENGTH_MEASURE( 1.000000000000000082E-05 ), #701, 'distance_accuracy_value', 'NONE');
#1252 = EDGE_CURVE ( 'NONE', #668, #3502, #3161, .T. ) ;
#1253 = CARTESIAN_POINT ( 'NONE',  ( -3.949999999999999734, -8.573765555304644567E-16, 0.3999999999999997446 ) ) ;
#1254 = CARTESIAN_POINT ( 'NONE',  ( 3.099999999999999645, -1.084202172485504434E-16, -2.200000000000000178 ) ) ;
#1255 =( LENGTH_UNIT ( ) NAMED_UNIT ( * ) SI_UNIT ( .MILLI., .METRE. ) );
#1256 = CARTESIAN_POINT ( 'NONE',  ( 2.349999999999999645, -5.510910596163085611E-16, 0.7999999999999997113 ) ) ;
#1257 =( NAMED_UNIT ( * ) PLANE_ANGLE_UNIT ( ) SI_UNIT ( $, .RADIAN. ) );
#1258 = DIRECTION ( 'NONE',  ( -0.000000000000000000, -0.000000000000000000, -1.000000000000000000 ) ) ;
#1259 =( LENGTH_UNIT ( ) NAMED_UNIT ( * ) SI_UNIT ( .MILLI., .METRE. ) );
#1260 = DIRECTION ( 'NONE',  ( -1.000000000000000000, -0.000000000000000000, -0.000000000000000000 ) ) ;
#1261 = CIRCLE ( 'NONE', #224, 0.2499999999999999445 ) ;
#1262 = CARTESIAN_POINT ( 'NONE',  ( -2.349999999999999201, 0.2229852138238123116, 1.133879039099079833 ) ) ;
#1263 =( NAMED_UNIT ( * ) SI_UNIT ( $, .STERADIAN. ) SOLID_ANGLE_UNIT ( ) );
#1264 = VECTOR ( 'NONE', #389, 1000.000000000000000 ) ;
#1265 = VERTEX_POINT ( 'NONE', #3195 ) ;
#1266 = EDGE_CURVE ( 'NONE', #494, #3715, #3137, .T. ) ;
#1267 = DIRECTION ( 'NONE',  ( -1.000000000000000000, 0.000000000000000000, 0.000000000000000000 ) ) ;
#1268 = ORIENTED_EDGE ( 'NONE', *, *, #632, .F. ) ;
#1269 = ORIENTED_EDGE ( 'NONE', *, *, #2802, .T. ) ;
#1270 = CARTESIAN_POINT ( 'NONE',  ( 3.345530958050584758, 0.1933109650559083625, -1.151692553797756702 ) ) ;
#1271 = EDGE_CURVE ( 'NONE', #1205, #375, #323, .T. ) ;
#1272 = VERTEX_POINT ( 'NONE', #2297 ) ;
#1273 = CARTESIAN_POINT ( 'NONE',  ( -3.349999999999999645, 0.2500000000000000000, -1.112249899919919516 ) ) ;
#1274 =( NAMED_UNIT ( * ) SI_UNIT ( $, .STERADIAN. ) SOLID_ANGLE_UNIT ( ) );
#1275 = EDGE_CURVE ( 'NONE', #2235, #1856, #3772, .T. ) ;
#1276 = LINE ( 'NONE', #135, #1014 ) ;
#1277 = VECTOR ( 'NONE', #1909, 1000.000000000000000 ) ;
#1278 =( NAMED_UNIT ( * ) PLANE_ANGLE_UNIT ( ) SI_UNIT ( $, .RADIAN. ) );
#1279 = FACE_OUTER_BOUND ( 'NONE', #1496, .T. ) ;
#1280 = PLANE ( 'NONE',  #120 ) ;
#1281 = CARTESIAN_POINT ( 'NONE',  ( -2.074999999999999734, 3.599999999999999645, 2.200000000000000178 ) ) ;
#1282 = EDGE_CURVE ( 'NONE', #2042, #2127, #493, .T. ) ;
#1283 = LINE ( 'NONE', #958, #1163 ) ;
#1284 = CARTESIAN_POINT ( 'NONE',  ( 2.600000000000000089, -3.306546357697851761E-16, -1.199999999999999734 ) ) ;
#1285 = LINE ( 'NONE', #2177, #1479 ) ;
#1286 = VERTEX_POINT ( 'NONE', #2918 ) ;
#1287 = UNCERTAINTY_MEASURE_WITH_UNIT (LENGTH_MEASURE( 1.000000000000000082E-05 ), #909, 'distance_accuracy_value', 'NONE');
#1288 = EDGE_LOOP ( 'NONE', ( #89, #436, #2477, #1134, #741, #1169 ) ) ;
#1289 = ORIENTED_EDGE ( 'NONE', *, *, #2296, .T. ) ;
#1290 = DIRECTION ( 'NONE',  ( 1.000000000000000000, 0.000000000000000000, 1.224646799147353207E-16 ) ) ;
#1291 = ORIENTED_EDGE ( 'NONE', *, *, #865, .T. ) ;
#1292 = CARTESIAN_POINT ( 'NONE',  ( -2.349999999999998757, -3.551475717527321860E-16, -0.7999999999999997113 ) ) ;
#1293 = FILL_AREA_STYLE_COLOUR ( '', #769 ) ;
#1294 = LINE ( 'NONE', #363, #2687 ) ;
#1295 = FILL_AREA_STYLE ('',( #54 ) ) ;
#1296 = DIRECTION ( 'NONE',  ( -1.000000000000000000, 0.000000000000000000, 0.000000000000000000 ) ) ;
#1297 = CARTESIAN_POINT ( 'NONE',  ( 2.349999999999999645, 0.6999999999999992895, -2.000000000000000000 ) ) ;
#1298 = PRESENTATION_LAYER_ASSIGNMENT (  '', '', ( #124 ) ) ;
#1299 = CARTESIAN_POINT ( 'NONE',  ( 2.000000000000000000, -2.349999999999999645, -4.714890176717308529E-16 ) ) ;
#1300 = EDGE_CURVE ( 'NONE', #1415, #2027, #2876, .T. ) ;
#1301 = SURFACE_STYLE_FILL_AREA ( #720 ) ;
#1302 = EDGE_LOOP ( 'NONE', ( #237, #2303, #2267, #2018 ) ) ;
#1303 = PRESENTATION_LAYER_ASSIGNMENT (  '', '', ( #204 ) ) ;
#1304 = ORIENTED_EDGE ( 'NONE', *, *, #1967, .T. ) ;
#1305 = CARTESIAN_POINT ( 'NONE',  ( 0.000000000000000000, 0.7000000000000000666, 2.200000000000000178 ) ) ;
#1306 = PRESENTATION_LAYER_ASSIGNMENT (  '', '', ( #6 ) ) ;
#1307 = CARTESIAN_POINT ( 'NONE',  ( 3.949999999999999734, -1.734723475976807094E-15, 2.935478377556205177E-15 ) ) ;
#1308 = LINE ( 'NONE', #3447, #3475 ) ;
#1309 = PRESENTATION_STYLE_ASSIGNMENT (( #2524 ) ) ;
#1310 = STYLED_ITEM ( 'NONE', ( #43 ), #3196 ) ;
#1311 = LINE ( 'NONE', #2526, #1617 ) ;
#1312 = AXIS2_PLACEMENT_3D ( 'NONE', #215, #743, #1704 ) ;
#1313 = FACE_OUTER_BOUND ( 'NONE', #1288, .T. ) ;
#1314 = EDGE_LOOP ( 'NONE', ( #2322, #550, #745, #1812 ) ) ;
#1315 = DIRECTION ( 'NONE',  ( -0.000000000000000000, -1.000000000000000000, -0.000000000000000000 ) ) ;
#1316 = FILL_AREA_STYLE_COLOUR ( '', #3691 ) ;
#1317 = SURFACE_STYLE_FILL_AREA ( #1165 ) ;
#1318 = CARTESIAN_POINT ( 'NONE',  ( -4.349999999999999645, 4.596446609406726225, -2.200000000000000178 ) ) ;
#1319 = CIRCLE ( 'NONE', #3537, 0.2500000000000002220 ) ;
#1320 = CARTESIAN_POINT ( 'NONE',  ( 2.462785419738802162, 0.03039392797772702895, 1.202022581406711588 ) ) ;
#1321 = EDGE_CURVE ( 'NONE', #418, #3138, #2855, .T. ) ;
#1322 = UNCERTAINTY_MEASURE_WITH_UNIT (LENGTH_MEASURE( 1.000000000000000082E-05 ), #3259, 'distance_accuracy_value', 'NONE');
#1323 = COLOUR_RGB ( '',0.8470588235294117530, 0.8431372549019607865, 0.8470588235294117530 ) ;
#1324 = ORIENTED_EDGE ( 'NONE', *, *, #23, .T. ) ;
#1325 = VERTEX_POINT ( 'NONE', #2281 ) ;
#1326 = CARTESIAN_POINT ( 'NONE',  ( 4.099999999999999645, 4.700000000000000178, 1.950000000000000178 ) ) ;
#1327 = VECTOR ( 'NONE', #1686, 1000.000000000000000 ) ;
#1328 = VERTEX_POINT ( 'NONE', #798 ) ;
#1329 = VECTOR ( 'NONE', #3356, 1000.000000000000000 ) ;
#1330 = CARTESIAN_POINT ( 'NONE',  ( -2.349999999999999201, 0.3999999999999994116, 0.7999999999999997113 ) ) ;
#1331 = ORIENTED_EDGE ( 'NONE', *, *, #3532, .T. ) ;
#1332 = FILL_AREA_STYLE_COLOUR ( '', #2776 ) ;
#1333 =( NAMED_UNIT ( * ) PLANE_ANGLE_UNIT ( ) SI_UNIT ( $, .RADIAN. ) );
#1334 = DIRECTION ( 'NONE',  ( 0.000000000000000000, -0.3387194682727417416, 0.9408874118687268195 ) ) ;
#1335 = EDGE_LOOP ( 'NONE', ( #1268, #1464, #1035, #1522 ) ) ;
#1336 = SURFACE_STYLE_FILL_AREA ( #1352 ) ;
#1337 = ORIENTED_EDGE ( 'NONE', *, *, #732, .T. ) ;
#1338 =( NAMED_UNIT ( * ) SI_UNIT ( $, .STERADIAN. ) SOLID_ANGLE_UNIT ( ) );
#1339 = DIRECTION ( 'NONE',  ( -0.000000000000000000, -0.000000000000000000, -1.000000000000000000 ) ) ;
#1340 = PRESENTATION_LAYER_ASSIGNMENT (  '', '', ( #3676 ) ) ;
#1341 = SURFACE_STYLE_USAGE ( .BOTH. , #3226 ) ;
#1342 = FACE_OUTER_BOUND ( 'NONE', #3859, .T. ) ;
#1343 =( GEOMETRIC_REPRESENTATION_CONTEXT ( 3 ) GLOBAL_UNCERTAINTY_ASSIGNED_CONTEXT ( ( #2992 ) ) GLOBAL_UNIT_ASSIGNED_CONTEXT ( ( #2801, #113, #1274 ) ) REPRESENTATION_CONTEXT ( 'NONE', 'WORKASPACE' ) );
#1344 = DIRECTION ( 'NONE',  ( 0.000000000000000000, -0.3387194682727414086, -0.9408874118687269306 ) ) ;
#1345 = EDGE_CURVE ( 'NONE', #2898, #2075, #1034, .T. ) ;
#1346 = DIRECTION ( 'NONE',  ( 0.000000000000000000, -8.881784197001254296E-16, 1.000000000000000000 ) ) ;
#1347 = CARTESIAN_POINT ( 'NONE',  ( -3.349999999999999645, 0.3999999999999996336, -0.7999999999999997113 ) ) ;
#1348 = SURFACE_STYLE_USAGE ( .BOTH. , #1078 ) ;
#1349 = DIRECTION ( 'NONE',  ( -0.000000000000000000, -1.000000000000000000, -0.000000000000000000 ) ) ;
#1350 = EDGE_CURVE ( 'NONE', #671, #1706, #1684, .T. ) ;
#1351 = STYLED_ITEM ( 'NONE', ( #3436 ), #2558 ) ;
#1352 = FILL_AREA_STYLE ('',( #3185 ) ) ;
#1353 = ORIENTED_EDGE ( 'NONE', *, *, #1956, .F. ) ;
#1354 = FILL_AREA_STYLE_COLOUR ( '', #2901 ) ;
#1355 = DIRECTION ( 'NONE',  ( -1.000000000000000000, 0.000000000000000000, 0.000000000000000000 ) ) ;
#1356 = PLANE ( 'NONE',  #1080 ) ;
#1357 = SURFACE_STYLE_USAGE ( .BOTH. , #2633 ) ;
#1358 = SURFACE_SIDE_STYLE ('',( #1301 ) ) ;
#1359 = EDGE_LOOP ( 'NONE', ( #1152, #3036, #1881, #2040 ) ) ;
#1360 = DIRECTION ( 'NONE',  ( 0.000000000000000000, -3.306546357697854226E-16, 1.000000000000000000 ) ) ;
#1361 = VERTEX_POINT ( 'NONE', #3211 ) ;
#1362 =( LENGTH_UNIT ( ) NAMED_UNIT ( * ) SI_UNIT ( .MILLI., .METRE. ) );
#1363 = PLANE ( 'NONE',  #438 ) ;
#1364 = UNCERTAINTY_MEASURE_WITH_UNIT (LENGTH_MEASURE( 1.000000000000000082E-05 ), #481, 'distance_accuracy_value', 'NONE');
#1365 = DIRECTION ( 'NONE',  ( -1.000000000000000000, 0.000000000000000000, 0.000000000000000000 ) ) ;
#1366 = ORIENTED_EDGE ( 'NONE', *, *, #2175, .T. ) ;
#1367 = MECHANICAL_DESIGN_GEOMETRIC_PRESENTATION_REPRESENTATION (  '', ( #1796 ), #559 ) ;
#1368 =( NAMED_UNIT ( * ) SI_UNIT ( $, .STERADIAN. ) SOLID_ANGLE_UNIT ( ) );
#1369 = DIRECTION ( 'NONE',  ( 0.000000000000000000, 0.000000000000000000, -1.000000000000000000 ) ) ;
#1370 = SURFACE_STYLE_USAGE ( .BOTH. , #752 ) ;
#1371 = COLOUR_RGB ( '',0.8470588235294117530, 0.8431372549019607865, 0.8470588235294117530 ) ;
#1372 =( GEOMETRIC_REPRESENTATION_CONTEXT ( 3 ) GLOBAL_UNCERTAINTY_ASSIGNED_CONTEXT ( ( #1015 ) ) GLOBAL_UNIT_ASSIGNED_CONTEXT ( ( #1454, #3866, #2946 ) ) REPRESENTATION_CONTEXT ( 'NONE', 'WORKASPACE' ) );
#1373 = ADVANCED_FACE ( 'NONE', ( #3421 ), #3752, .T. ) ;
#1374 = CARTESIAN_POINT ( 'NONE',  ( -4.099999999999999645, 4.700000000000000178, 1.950000000000000178 ) ) ;
#1375 = ORIENTED_EDGE ( 'NONE', *, *, #350, .F. ) ;
#1376 = PLANE ( 'NONE',  #621 ) ;
#1377 =( NAMED_UNIT ( * ) SI_UNIT ( $, .STERADIAN. ) SOLID_ANGLE_UNIT ( ) );
#1378 = PRESENTATION_LAYER_ASSIGNMENT (  '', '', ( #3216 ) ) ;
#1379 = SURFACE_STYLE_USAGE ( .BOTH. , #3105 ) ;
#1380 = VECTOR ( 'NONE', #1131, 1000.000000000000000 ) ;
#1381 = CARTESIAN_POINT ( 'NONE',  ( 3.949999999999999734, 0.000000000000000000, 0.3999999999999996336 ) ) ;
#1382 =( LENGTH_UNIT ( ) NAMED_UNIT ( * ) SI_UNIT ( .MILLI., .METRE. ) );
#1383 = SURFACE_SIDE_STYLE ('',( #3190 ) ) ;
#1384 = FILL_AREA_STYLE ('',( #245 ) ) ;
#1385 = FILL_AREA_STYLE_COLOUR ( '', #2632 ) ;
#1386 =( LENGTH_UNIT ( ) NAMED_UNIT ( * ) SI_UNIT ( .MILLI., .METRE. ) );
#1387 = DIRECTION ( 'NONE',  ( 0.000000000000000000, 0.000000000000000000, 1.000000000000000000 ) ) ;
#1388 = CARTESIAN_POINT ( 'NONE',  ( -1.500000000000000000, 4.700000000000000178, 6.200000000000001066 ) ) ;
#1389 = VECTOR ( 'NONE', #1887, 1000.000000000000000 ) ;
#1390 =( NAMED_UNIT ( * ) SI_UNIT ( $, .STERADIAN. ) SOLID_ANGLE_UNIT ( ) );
#1391 = SURFACE_SIDE_STYLE ('',( #3446 ) ) ;
#1392 = CIRCLE ( 'NONE', #2212, 0.2500000000000002220 ) ;
#1393 = DIRECTION ( 'NONE',  ( -1.000000000000000000, 0.000000000000000000, 0.000000000000000000 ) ) ;
#1394 = VECTOR ( 'NONE', #2851, 1000.000000000000000 ) ;
#1395 = CIRCLE ( 'NONE', #28, 0.2500000000000000000 ) ;
#1396 = EDGE_CURVE ( 'NONE', #3221, #2240, #782, .T. ) ;
#1397 = EDGE_LOOP ( 'NONE', ( #2106, #149, #3656, #1449 ) ) ;
#1398 = CARTESIAN_POINT ( 'NONE',  ( -2.000000000000000000, 0.000000000000000000, 2.000000000000000000 ) ) ;
#1399 = PRODUCT_DEFINITION_FORMATION_WITH_SPECIFIED_SOURCE ( 'ANY', '', #3673, .NOT_KNOWN. ) ;
#1400 = EDGE_LOOP ( 'NONE', ( #3056, #766, #1774, #893 ) ) ;
#1401 = DIRECTION ( 'NONE',  ( -0.000000000000000000, -0.000000000000000000, -1.000000000000000000 ) ) ;
#1402 = DIRECTION ( 'NONE',  ( 0.000000000000000000, 0.000000000000000000, 1.000000000000000000 ) ) ;
#1403 = FACE_OUTER_BOUND ( 'NONE', #1693, .T. ) ;
#1404 = LINE ( 'NONE', #1754, #3070 ) ;
#1405 = EDGE_CURVE ( 'NONE', #1764, #828, #2056, .T. ) ;
#1406 = VECTOR ( 'NONE', #1662, 1000.000000000000000 ) ;
#1407 = PRESENTATION_LAYER_ASSIGNMENT (  '', '', ( #1031 ) ) ;
#1408 = VERTEX_POINT ( 'NONE', #2041 ) ;
#1409 = SURFACE_STYLE_USAGE ( .BOTH. , #1447 ) ;
#1410 = ORIENTED_EDGE ( 'NONE', *, *, #3222, .F. ) ;
#1411 = ORIENTED_EDGE ( 'NONE', *, *, #2970, .T. ) ;
#1412 = FILL_AREA_STYLE_COLOUR ( '', #3081 ) ;
#1413 = ORIENTED_EDGE ( 'NONE', *, *, #66, .F. ) ;
#1414 = CARTESIAN_POINT ( 'NONE',  ( -4.349999999999999645, -1.250000000000000666, -0.6000000000000000888 ) ) ;
#1415 = VERTEX_POINT ( 'NONE', #3596 ) ;
#1416 = DIRECTION ( 'NONE',  ( 1.000000000000000000, 0.000000000000000000, 0.000000000000000000 ) ) ;
#1417 = FILL_AREA_STYLE ('',( #2351 ) ) ;
#1418 = EDGE_CURVE ( 'NONE', #3733, #3787, #3374, .T. ) ;
#1419 = PRESENTATION_STYLE_ASSIGNMENT (( #813 ) ) ;
#1420 =( NAMED_UNIT ( * ) PLANE_ANGLE_UNIT ( ) SI_UNIT ( $, .RADIAN. ) );
#1421 = SURFACE_STYLE_USAGE ( .BOTH. , #2950 ) ;
#1422 = CARTESIAN_POINT ( 'NONE',  ( -2.599999999999999645, -1.084202172485504434E-16, 2.200000000000000178 ) ) ;
#1423 = COLOUR_RGB ( '',0.8470588235294117530, 0.8431372549019607865, 0.8470588235294117530 ) ;
#1424 = EDGE_CURVE ( 'NONE', #252, #620, #2022, .T. ) ;
#1425 = CARTESIAN_POINT ( 'NONE',  ( 3.349999999999999201, 0.2500000000000000000, 1.112249899919919072 ) ) ;
#1426 = ORIENTED_EDGE ( 'NONE', *, *, #1483, .F. ) ;
#1427 = EDGE_LOOP ( 'NONE', ( #69, #646, #877 ) ) ;
#1428 = LINE ( 'NONE', #565, #2335 ) ;
#1429 = ORIENTED_EDGE ( 'NONE', *, *, #1448, .T. ) ;
#1430 = ORIENTED_EDGE ( 'NONE', *, *, #2215, .F. ) ;
#1431 = CARTESIAN_POINT ( 'NONE',  ( 3.949999999999999734, -9.629649721936179265E-32, -0.3999999999999997446 ) ) ;
#1432 = SURFACE_STYLE_FILL_AREA ( #1156 ) ;
#1433 = VECTOR ( 'NONE', #3477, 1000.000000000000000 ) ;
#1434 = MECHANICAL_DESIGN_GEOMETRIC_PRESENTATION_REPRESENTATION (  '', ( #811 ), #1060 ) ;
#1435 = ORIENTED_EDGE ( 'NONE', *, *, #144, .T. ) ;
#1436 =( NAMED_UNIT ( * ) SI_UNIT ( $, .STERADIAN. ) SOLID_ANGLE_UNIT ( ) );
#1437 = DIRECTION ( 'NONE',  ( 0.000000000000000000, 0.000000000000000000, -1.000000000000000000 ) ) ;
#1438 = COLOUR_RGB ( '',0.2509803921568627416, 0.2509803921568627416, 0.2509803921568627416 ) ;
#1439 = EDGE_CURVE ( 'NONE', #3715, #269, #3267, .T. ) ;
#1440 =( NAMED_UNIT ( * ) PLANE_ANGLE_UNIT ( ) SI_UNIT ( $, .RADIAN. ) );
#1441 = PRESENTATION_LAYER_ASSIGNMENT (  '', '', ( #449 ) ) ;
#1442 = FACE_OUTER_BOUND ( 'NONE', #3518, .T. ) ;
#1443 = STYLED_ITEM ( 'NONE', ( #1049 ), #3244 ) ;
#1444 = UNCERTAINTY_MEASURE_WITH_UNIT (LENGTH_MEASURE( 1.000000000000000082E-05 ), #589, 'distance_accuracy_value', 'NONE');
#1445 = SURFACE_STYLE_USAGE ( .BOTH. , #2279 ) ;
#1446 = ORIENTED_EDGE ( 'NONE', *, *, #470, .F. ) ;
#1447 = SURFACE_SIDE_STYLE ('',( #281 ) ) ;
#1448 = EDGE_CURVE ( 'NONE', #2415, #2656, #2341, .T. ) ;
#1449 = ORIENTED_EDGE ( 'NONE', *, *, #1956, .T. ) ;
#1450 = VERTEX_POINT ( 'NONE', #582 ) ;
#1451 = MECHANICAL_DESIGN_GEOMETRIC_PRESENTATION_REPRESENTATION (  '', ( #2080 ), #3718 ) ;
#1452 = UNCERTAINTY_MEASURE_WITH_UNIT (LENGTH_MEASURE( 1.000000000000000082E-05 ), #427, 'distance_accuracy_value', 'NONE');
#1453 = MECHANICAL_DESIGN_GEOMETRIC_PRESENTATION_REPRESENTATION (  '', ( #458 ), #2712 ) ;
#1454 =( LENGTH_UNIT ( ) NAMED_UNIT ( * ) SI_UNIT ( .MILLI., .METRE. ) );
#1455 = DIRECTION ( 'NONE',  ( 0.000000000000000000, 0.000000000000000000, -1.000000000000000000 ) ) ;
#1456 = MECHANICAL_DESIGN_GEOMETRIC_PRESENTATION_REPRESENTATION (  '', ( #1713 ), #1654 ) ;
#1457 = ORIENTED_EDGE ( 'NONE', *, *, #2222, .F. ) ;
#1458 = ORIENTED_EDGE ( 'NONE', *, *, #225, .F. ) ;
#1459 = CARTESIAN_POINT ( 'NONE',  ( -4.349999999999999645, 0.3999999999999996336, -0.7999999999999997113 ) ) ;
#1460 = EDGE_CURVE ( 'NONE', #3635, #626, #1428, .T. ) ;
#1461 =( GEOMETRIC_REPRESENTATION_CONTEXT ( 3 ) GLOBAL_UNCERTAINTY_ASSIGNED_CONTEXT ( ( #1452 ) ) GLOBAL_UNIT_ASSIGNED_CONTEXT ( ( #427, #2823, #1338 ) ) REPRESENTATION_CONTEXT ( 'NONE', 'WORKASPACE' ) );
#1462 = ORIENTED_EDGE ( 'NONE', *, *, #2748, .F. ) ;
#1463 = DIRECTION ( 'NONE',  ( 0.000000000000000000, 1.000000000000000000, -0.000000000000000000 ) ) ;
#1464 = ORIENTED_EDGE ( 'NONE', *, *, #2798, .F. ) ;
#1465 = SURFACE_STYLE_USAGE ( .BOTH. , #901 ) ;
#1466 = EDGE_CURVE ( 'NONE', #2945, #3007, #629, .T. ) ;
#1467 = DIRECTION ( 'NONE',  ( -0.000000000000000000, -0.000000000000000000, -1.000000000000000000 ) ) ;
#1468 = CARTESIAN_POINT ( 'NONE',  ( 0.000000000000000000, 0.7000000000000000666, 0.000000000000000000 ) ) ;
#1469 = AXIS2_PLACEMENT_3D ( 'NONE', #1562, #2778, #332 ) ;
#1470 = DIRECTION ( 'NONE',  ( -3.761581922631320025E-34, -1.000000000000000000, 0.000000000000000000 ) ) ;
#1471 = CARTESIAN_POINT ( 'NONE',  ( -4.764213562373091904, 1.550000000000000266, 1.935786437626947354 ) ) ;
#1472 = LINE ( 'NONE', #2688, #619 ) ;
#1473 = CARTESIAN_POINT ( 'NONE',  ( -2.000000000000000000, -2.349999999999999645, 0.2500000000000007216 ) ) ;
#1474 = UNCERTAINTY_MEASURE_WITH_UNIT (LENGTH_MEASURE( 1.000000000000000082E-05 ), #950, 'distance_accuracy_value', 'NONE');
#1475 =( LENGTH_UNIT ( ) NAMED_UNIT ( * ) SI_UNIT ( .MILLI., .METRE. ) );
#1476 = CIRCLE ( 'NONE', #429, 0.3999999999999999667 ) ;
#1477 = EDGE_CURVE ( 'NONE', #2671, #3792, #3219, .T. ) ;
#1478 = ORIENTED_EDGE ( 'NONE', *, *, #1651, .T. ) ;
#1479 = VECTOR ( 'NONE', #83, 1000.000000000000000 ) ;
#1480 = PRESENTATION_STYLE_ASSIGNMENT (( #3292 ) ) ;
#1481 = FILL_AREA_STYLE ('',( #2126 ) ) ;
#1482 = CARTESIAN_POINT ( 'NONE',  ( 3.949999999999999734, 0.7000000000000000666, 2.200000000000000178 ) ) ;
#1483 = EDGE_CURVE ( 'NONE', #489, #1112, #1759, .T. ) ;
#1484 =( NAMED_UNIT ( * ) PLANE_ANGLE_UNIT ( ) SI_UNIT ( $, .RADIAN. ) );
#1485 = FACE_OUTER_BOUND ( 'NONE', #1605, .T. ) ;
#1486 = DIRECTION ( 'NONE',  ( 1.000000000000000000, 9.637352644315614471E-16, -0.000000000000000000 ) ) ;
#1487 = AXIS2_PLACEMENT_3D ( 'NONE', #929, #1819, #1841 ) ;
#1488 = VECTOR ( 'NONE', #2607, 1000.000000000000000 ) ;
#1489 = DIRECTION ( 'NONE',  ( 0.000000000000000000, 0.000000000000000000, -1.000000000000000000 ) ) ;
#1490 = VERTEX_POINT ( 'NONE', #3008 ) ;
#1491 = SURFACE_STYLE_FILL_AREA ( #393 ) ;
#1492 = STYLED_ITEM ( 'NONE', ( #2903 ), #3068 ) ;
#1493 = ORIENTED_EDGE ( 'NONE', *, *, #2706, .F. ) ;
#1494 = CARTESIAN_POINT ( 'NONE',  ( -2.000000000000000000, -2.349999999999999645, -0.2499999999999991951 ) ) ;
#1495 = FILL_AREA_STYLE ('',( #1223 ) ) ;
#1496 = EDGE_LOOP ( 'NONE', ( #2393, #3451, #1413, #690 ) ) ;
#1497 = ORIENTED_EDGE ( 'NONE', *, *, #1466, .F. ) ;
#1498 = DIRECTION ( 'NONE',  ( 0.000000000000000000, 0.000000000000000000, 1.000000000000000000 ) ) ;
#1499 =( LENGTH_UNIT ( ) NAMED_UNIT ( * ) SI_UNIT ( .MILLI., .METRE. ) );
#1500 = PLANE ( 'NONE',  #2282 ) ;
#1501 = VECTOR ( 'NONE', #2227, 1000.000000000000000 ) ;
#1502 = EDGE_LOOP ( 'NONE', ( #3652, #1652, #3515, #2021 ) ) ;
#1503 = LINE ( 'NONE', #2765, #1969 ) ;
#1504 = DIRECTION ( 'NONE',  ( -1.000000000000000000, 3.761581922631320025E-34, 0.000000000000000000 ) ) ;
#1505 = ADVANCED_FACE ( 'NONE', ( #295 ), #2988, .T. ) ;
#1506 =( GEOMETRIC_REPRESENTATION_CONTEXT ( 3 ) GLOBAL_UNCERTAINTY_ASSIGNED_CONTEXT ( ( #277 ) ) GLOBAL_UNIT_ASSIGNED_CONTEXT ( ( #273, #3547, #2046 ) ) REPRESENTATION_CONTEXT ( 'NONE', 'WORKASPACE' ) );
#1507 = SURFACE_SIDE_STYLE ('',( #883 ) ) ;
#1508 =( NAMED_UNIT ( * ) PLANE_ANGLE_UNIT ( ) SI_UNIT ( $, .RADIAN. ) );
#1509 = DIRECTION ( 'NONE',  ( 0.000000000000000000, 0.000000000000000000, -1.000000000000000000 ) ) ;
#1510 = DIRECTION ( 'NONE',  ( 1.000000000000000000, 0.000000000000000000, 0.000000000000000000 ) ) ;
#1511 = AXIS2_PLACEMENT_3D ( 'NONE', #3797, #2838, #1021 ) ;
#1512 = MECHANICAL_DESIGN_GEOMETRIC_PRESENTATION_REPRESENTATION (  '', ( #27 ), #2537 ) ;
#1513 = LINE ( 'NONE', #2371, #2047 ) ;
#1514 = CARTESIAN_POINT ( 'NONE',  ( -4.099999999999999645, 4.700000000000000178, 1.950000000000000178 ) ) ;
#1515 = LINE ( 'NONE', #597, #2010 ) ;
#1516 = EDGE_CURVE ( 'NONE', #3819, #1877, #2958, .T. ) ;
#1517 = VERTEX_POINT ( 'NONE', #2672 ) ;
#1518 = CARTESIAN_POINT ( 'NONE',  ( -2.354469041949414532, 0.1933109650559083625, 1.151692553797756702 ) ) ;
#1519 = SURFACE_SIDE_STYLE ('',( #1541 ) ) ;
#1520 = EDGE_LOOP ( 'NONE', ( #2617, #873, #926, #754 ) ) ;
#1521 = FACE_OUTER_BOUND ( 'NONE', #3031, .T. ) ;
#1522 = ORIENTED_EDGE ( 'NONE', *, *, #1901, .T. ) ;
#1523 = ORIENTED_EDGE ( 'NONE', *, *, #3522, .T. ) ;
#1524 = UNCERTAINTY_MEASURE_WITH_UNIT (LENGTH_MEASURE( 1.000000000000000082E-05 ), #348, 'distance_accuracy_value', 'NONE');
#1525 = PRESENTATION_STYLE_ASSIGNMENT (( #3116 ) ) ;
#1526 = FILL_AREA_STYLE ('',( #3058 ) ) ;
#1527 = CIRCLE ( 'NONE', #2039, 0.3999999999999999667 ) ;
#1528 =( NAMED_UNIT ( * ) PLANE_ANGLE_UNIT ( ) SI_UNIT ( $, .RADIAN. ) );
#1529 = CARTESIAN_POINT ( 'NONE',  ( -3.169287129244291012, -1.143494478793304965E-16, -1.199999999999999956 ) ) ;
#1530 = SURFACE_STYLE_USAGE ( .BOTH. , #2485 ) ;
#1531 = VECTOR ( 'NONE', #371, 1000.000000000000000 ) ;
#1532 =( NAMED_UNIT ( * ) SI_UNIT ( $, .STERADIAN. ) SOLID_ANGLE_UNIT ( ) );
#1533 = PRODUCT_RELATED_PRODUCT_CATEGORY ( 'part', '', ( #3673 ) ) ;
#1534 = FILL_AREA_STYLE ('',( #3042 ) ) ;
#1535 = FILL_AREA_STYLE ('',( #2983 ) ) ;
#1536 = LINE ( 'NONE', #931, #742 ) ;
#1537 = ORIENTED_EDGE ( 'NONE', *, *, #3427, .F. ) ;
#1538 = DIRECTION ( 'NONE',  ( -1.000000000000000000, 0.000000000000000000, 0.000000000000000000 ) ) ;
#1539 = CIRCLE ( 'NONE', #1040, 0.3999999999999999667 ) ;
#1540 = CARTESIAN_POINT ( 'NONE',  ( -3.237144549617446021, 0.03030065993695357437, 1.202045922358904395 ) ) ;
#1541 = SURFACE_STYLE_FILL_AREA ( #2332 ) ;
#1542 = EDGE_CURVE ( 'NONE', #129, #3045, #2394, .T. ) ;
#1543 = VERTEX_POINT ( 'NONE', #3529 ) ;
#1544 = FACE_OUTER_BOUND ( 'NONE', #30, .T. ) ;
#1545 = VERTEX_POINT ( 'NONE', #2476 ) ;
#1546 = EDGE_LOOP ( 'NONE', ( #708, #396, #2645, #249 ) ) ;
#1547 = CIRCLE ( 'NONE', #3001, 0.2500000000000000000 ) ;
#1548 = CYLINDRICAL_SURFACE ( 'NONE', #1893, 0.2500000000000003886 ) ;
#1549 = VERTEX_POINT ( 'NONE', #1589 ) ;
#1550 = CARTESIAN_POINT ( 'NONE',  ( -2.349999999999999201, 0.2500000000000000555, -1.112249899919919516 ) ) ;
#1551 = FILL_AREA_STYLE_COLOUR ( '', #3487 ) ;
#1552 = DIRECTION ( 'NONE',  ( 0.000000000000000000, 1.016439536705160777E-16, -1.000000000000000000 ) ) ;
#1553 = CARTESIAN_POINT ( 'NONE',  ( 3.061616997868383018E-17, -2.349999999999999645, 0.2500000000000001665 ) ) ;
#1554 = DIRECTION ( 'NONE',  ( 0.000000000000000000, 0.000000000000000000, -1.000000000000000000 ) ) ;
#1555 = CARTESIAN_POINT ( 'NONE',  ( -4.349999999999999645, 4.700000000000000178, 2.200000000000000178 ) ) ;
#1556 = VECTOR ( 'NONE', #1968, 1000.000000000000000 ) ;
#1557 = DIRECTION ( 'NONE',  ( 0.000000000000000000, 0.000000000000000000, -1.000000000000000000 ) ) ;
#1558 = DIRECTION ( 'NONE',  ( -1.000000000000000000, -0.000000000000000000, -0.000000000000000000 ) ) ;
#1559 = EDGE_CURVE ( 'NONE', #1150, #3424, #610, .T. ) ;
#1560 =( GEOMETRIC_REPRESENTATION_CONTEXT ( 3 ) GLOBAL_UNCERTAINTY_ASSIGNED_CONTEXT ( ( #2762 ) ) GLOBAL_UNIT_ASSIGNED_CONTEXT ( ( #3289, #196, #2900 ) ) REPRESENTATION_CONTEXT ( 'NONE', 'WORKASPACE' ) );
#1561 = SPHERICAL_SURFACE ( 'NONE', #3306, 0.2500000000000000000 ) ;
#1562 = CARTESIAN_POINT ( 'NONE',  ( 2.599999999999999645, 0.2500000000000000000, 2.200000000000000178 ) ) ;
#1563 =( NAMED_UNIT ( * ) PLANE_ANGLE_UNIT ( ) SI_UNIT ( $, .RADIAN. ) );
#1564 = CARTESIAN_POINT ( 'NONE',  ( 0.000000000000000000, -2.349999999999999645, 1.408343819019456275E-16 ) ) ;
#1565 = MECHANICAL_DESIGN_GEOMETRIC_PRESENTATION_REPRESENTATION (  '', ( #5 ), #1243 ) ;
#1566 =( LENGTH_UNIT ( ) NAMED_UNIT ( * ) SI_UNIT ( .MILLI., .METRE. ) );
#1567 = EDGE_CURVE ( 'NONE', #3816, #2435, #44, .T. ) ;
#1568 = ORIENTED_EDGE ( 'NONE', *, *, #2413, .T. ) ;
#1569 = AXIS2_PLACEMENT_3D ( 'NONE', #1184, #959, #2429 ) ;
#1570 = EDGE_CURVE ( 'NONE', #1009, #533, #1285, .T. ) ;
#1571 = FILL_AREA_STYLE ('',( #1810 ) ) ;
#1572 =( GEOMETRIC_REPRESENTATION_CONTEXT ( 3 ) GLOBAL_UNCERTAINTY_ASSIGNED_CONTEXT ( ( #1960 ) ) GLOBAL_UNIT_ASSIGNED_CONTEXT ( ( #3818, #1333, #2562 ) ) REPRESENTATION_CONTEXT ( 'NONE', 'WORKASPACE' ) );
#1573 = ORIENTED_EDGE ( 'NONE', *, *, #952, .F. ) ;
#1574 = CARTESIAN_POINT ( 'NONE',  ( 2.000000000000000000, 1.407106781186548528, -4.714890176717308529E-16 ) ) ;
#1575 = B_SPLINE_CURVE_WITH_KNOTS ( 'NONE', 3,
 ( #777, #1529, #2104, #2158, #3745, #133, #2223, #311 ),
 .UNSPECIFIED., .F., .F.,
 ( 4, 2, 2, 4 ),
 ( 6.113947262702201624E-21, 0.0002049309090525869271, 0.0003073963635788803635, 0.0004098618181051738541 ),
 .UNSPECIFIED. ) ;
#1576 = ORIENTED_EDGE ( 'NONE', *, *, #2073, .F. ) ;
#1577 = CARTESIAN_POINT ( 'NONE',  ( 2.000000000000000000, -2.349999999999999645, 0.2499999999999998890 ) ) ;
#1578 =( NAMED_UNIT ( * ) PLANE_ANGLE_UNIT ( ) SI_UNIT ( $, .RADIAN. ) );
#1579 = EDGE_CURVE ( 'NONE', #2201, #1361, #1807, .T. ) ;
#1580 = CARTESIAN_POINT ( 'NONE',  ( 3.949999999999999734, -9.063624274963587724E-16, 1.199999999999999734 ) ) ;
#1581 = SURFACE_SIDE_STYLE ('',( #1026 ) ) ;
#1582 = DIRECTION ( 'NONE',  ( 0.000000000000000000, 0.000000000000000000, 1.000000000000000000 ) ) ;
#1583 = EDGE_LOOP ( 'NONE', ( #3200, #2055, #3639, #2886 ) ) ;
#1584 = DIRECTION ( 'NONE',  ( 0.000000000000000000, 1.776356839400250465E-15, -1.000000000000000000 ) ) ;
#1585 = COLOUR_RGB ( '',0.8470588235294117530, 0.8431372549019607865, 0.8470588235294117530 ) ;
#1586 = SURFACE_STYLE_FILL_AREA ( #3378 ) ;
#1587 = CARTESIAN_POINT ( 'NONE',  ( 2.370781541459451969, 0.1294374611323824975, -1.181844205578191920 ) ) ;
#1588 = VECTOR ( 'NONE', #2439, 999.9999999999998863 ) ;
#1589 = CARTESIAN_POINT ( 'NONE',  ( 2.599999999999999645, 0.000000000000000000, 2.200000000000000178 ) ) ;
#1590 =( NAMED_UNIT ( * ) PLANE_ANGLE_UNIT ( ) SI_UNIT ( $, .RADIAN. ) );
#1591 =( GEOMETRIC_REPRESENTATION_CONTEXT ( 3 ) GLOBAL_UNCERTAINTY_ASSIGNED_CONTEXT ( ( #3662 ) ) GLOBAL_UNIT_ASSIGNED_CONTEXT ( ( #153, #3096, #3429 ) ) REPRESENTATION_CONTEXT ( 'NONE', 'WORKASPACE' ) );
#1592 = VERTEX_POINT ( 'NONE', #681 ) ;
#1593 = ORIENTED_EDGE ( 'NONE', *, *, #3503, .F. ) ;
#1594 = ORIENTED_EDGE ( 'NONE', *, *, #2975, .F. ) ;
#1595 = CARTESIAN_POINT ( 'NONE',  ( 3.949999999999999734, 3.826133144475921899, -2.427407932011330871 ) ) ;
#1596 = LINE ( 'NONE', #2799, #2333 ) ;
#1597 = CARTESIAN_POINT ( 'NONE',  ( 3.349999999999999201, 0.6999999999999991784, 2.200000000000000178 ) ) ;
#1598 = EDGE_CURVE ( 'NONE', #1139, #1272, #373, .T. ) ;
#1599 = SURFACE_SIDE_STYLE ('',( #953 ) ) ;
#1600 = EDGE_LOOP ( 'NONE', ( #922, #1637, #1324, #3273 ) ) ;
#1601 = CIRCLE ( 'NONE', #2731, 0.3999999999999999667 ) ;
#1602 = SURFACE_SIDE_STYLE ('',( #1317 ) ) ;
#1603 = FILL_AREA_STYLE ('',( #3108 ) ) ;
#1604 = UNCERTAINTY_MEASURE_WITH_UNIT (LENGTH_MEASURE( 1.000000000000000082E-05 ), #3490, 'distance_accuracy_value', 'NONE');
#1605 = EDGE_LOOP ( 'NONE', ( #944, #88, #3618, #3578 ) ) ;
#1606 = VECTOR ( 'NONE', #3204, 1000.000000000000000 ) ;
#1607 = UNCERTAINTY_MEASURE_WITH_UNIT (LENGTH_MEASURE( 1.000000000000000082E-05 ), #2096, 'distance_accuracy_value', 'NONE');
#1608 = PRESENTATION_LAYER_ASSIGNMENT (  '', '', ( #3438 ) ) ;
#1609 = EDGE_LOOP ( 'NONE', ( #3384, #1353, #3231, #3595 ) ) ;
#1610 = EDGE_CURVE ( 'NONE', #3801, #2671, #2033, .T. ) ;
#1611 = FILL_AREA_STYLE_COLOUR ( '', #2658 ) ;
#1612 = ORIENTED_EDGE ( 'NONE', *, *, #3853, .F. ) ;
#1613 = DIRECTION ( 'NONE',  ( 0.000000000000000000, 0.000000000000000000, -1.000000000000000000 ) ) ;
#1614 = FILL_AREA_STYLE ('',( #1293 ) ) ;
#1615 = CARTESIAN_POINT ( 'NONE',  ( -3.099999999999999645, 1.880790961315660013E-34, 2.200000000000000178 ) ) ;
#1616 = FILL_AREA_STYLE ('',( #730 ) ) ;
#1617 = VECTOR ( 'NONE', #1552, 1000.000000000000000 ) ;
#1618 = DIRECTION ( 'NONE',  ( -1.000000000000000000, 0.000000000000000000, 0.000000000000000000 ) ) ;
#1619 = ORIENTED_EDGE ( 'NONE', *, *, #2748, .T. ) ;
#1620 = CARTESIAN_POINT ( 'NONE',  ( -4.349999999999999645, -5.510910596163085611E-16, 0.7999999999999997113 ) ) ;
#1621 = CIRCLE ( 'NONE', #3820, 0.2500000000000002220 ) ;
#1622 = EDGE_CURVE ( 'NONE', #1545, #3715, #1621, .T. ) ;
#1623 = VECTOR ( 'NONE', #1510, 1000.000000000000000 ) ;
#1624 =( NAMED_UNIT ( * ) PLANE_ANGLE_UNIT ( ) SI_UNIT ( $, .RADIAN. ) );
#1625 = CARTESIAN_POINT ( 'NONE',  ( 2.349999999999999645, 1.349999999999999645, 2.000000000000000000 ) ) ;
#1626 = SURFACE_SIDE_STYLE ('',( #1645 ) ) ;
#1627 = CARTESIAN_POINT ( 'NONE',  ( 4.349999999999999645, -4.705761750646616909E-16, -1.199999999999999734 ) ) ;
#1628 =( GEOMETRIC_REPRESENTATION_CONTEXT ( 3 ) GLOBAL_UNCERTAINTY_ASSIGNED_CONTEXT ( ( #3698 ) ) GLOBAL_UNIT_ASSIGNED_CONTEXT ( ( #2553, #1563, #3107 ) ) REPRESENTATION_CONTEXT ( 'NONE', 'WORKASPACE' ) );
#1629 = ORIENTED_EDGE ( 'NONE', *, *, #585, .F. ) ;
#1630 = ORIENTED_EDGE ( 'NONE', *, *, #1933, .F. ) ;
#1631 = CARTESIAN_POINT ( 'NONE',  ( 2.349999999999999645, 1.349999999999999645, -2.000000000000000000 ) ) ;
#1632 = ORIENTED_EDGE ( 'NONE', *, *, #23, .F. ) ;
#1633 = PRESENTATION_LAYER_ASSIGNMENT (  '', '', ( #1000 ) ) ;
#1634 = ORIENTED_EDGE ( 'NONE', *, *, #2388, .F. ) ;
#1635 = LINE ( 'NONE', #404, #1767 ) ;
#1636 = PRESENTATION_LAYER_ASSIGNMENT (  '', '', ( #3645 ) ) ;
#1637 = ORIENTED_EDGE ( 'NONE', *, *, #872, .T. ) ;
#1638 = PRESENTATION_LAYER_ASSIGNMENT (  '', '', ( #2138 ) ) ;
#1639 = LINE ( 'NONE', #53, #3258 ) ;
#1640 = AXIS2_PLACEMENT_3D ( 'NONE', #853, #531, #3235 ) ;
#1641 = SURFACE_STYLE_USAGE ( .BOTH. , #733 ) ;
#1642 = ORIENTED_EDGE ( 'NONE', *, *, #66, .T. ) ;
#1643 = ADVANCED_FACE ( 'NONE', ( #961 ), #3363, .T. ) ;
#1644 = LINE ( 'NONE', #140, #3298 ) ;
#1645 = SURFACE_STYLE_FILL_AREA ( #180 ) ;
#1646 = FACE_OUTER_BOUND ( 'NONE', #2014, .T. ) ;
#1647 = PRESENTATION_STYLE_ASSIGNMENT (( #2275 ) ) ;
#1648 = VECTOR ( 'NONE', #464, 1000.000000000000000 ) ;
#1649 = CARTESIAN_POINT ( 'NONE',  ( 2.393880996126364735, 0.1045571479292720929, 1.186916385698000509 ) ) ;
#1651 = EDGE_CURVE ( 'NONE', #626, #105, #916, .T. ) ;
#1650 = PRESENTATION_LAYER_ASSIGNMENT (  '', '', ( #2278 ) ) ;
#1652 = ORIENTED_EDGE ( 'NONE', *, *, #2847, .F. ) ;
#1653 = ORIENTED_EDGE ( 'NONE', *, *, #2540, .T. ) ;
#1654 =( GEOMETRIC_REPRESENTATION_CONTEXT ( 3 ) GLOBAL_UNCERTAINTY_ASSIGNED_CONTEXT ( ( #2076 ) ) GLOBAL_UNIT_ASSIGNED_CONTEXT ( ( #611, #2698, #903 ) ) REPRESENTATION_CONTEXT ( 'NONE', 'WORKASPACE' ) );
#1655 = UNCERTAINTY_MEASURE_WITH_UNIT (LENGTH_MEASURE( 1.000000000000000082E-05 ), #2180, 'distance_accuracy_value', 'NONE');
#1656 = DIRECTION ( 'NONE',  ( 0.000000000000000000, 1.000000000000000000, -6.245698675651497881E-16 ) ) ;
#1657 = LINE ( 'NONE', #132, #278 ) ;
#1658 = FACE_OUTER_BOUND ( 'NONE', #3695, .T. ) ;
#1659 = DIRECTION ( 'NONE',  ( -0.000000000000000000, -0.000000000000000000, -1.000000000000000000 ) ) ;
#1660 = VERTEX_POINT ( 'NONE', #1831 ) ;
#1661 = FILL_AREA_STYLE_COLOUR ( '', #2579 ) ;
#1662 = DIRECTION ( 'NONE',  ( -1.000000000000000000, 0.000000000000000000, 0.000000000000000000 ) ) ;
#1663 = EDGE_CURVE ( 'NONE', #375, #2716, #2230, .T. ) ;
#1664 = PRESENTATION_STYLE_ASSIGNMENT (( #3205 ) ) ;
#1665 = FACE_OUTER_BOUND ( 'NONE', #797, .T. ) ;
#1666 = FACE_OUTER_BOUND ( 'NONE', #1101, .T. ) ;
#1667 = DIRECTION ( 'NONE',  ( 1.000000000000000000, -0.000000000000000000, 0.000000000000000000 ) ) ;
#1668 = DIRECTION ( 'NONE',  ( 0.000000000000000000, 0.000000000000000000, -1.000000000000000000 ) ) ;
#1669 = DIRECTION ( 'NONE',  ( 0.000000000000000000, -0.000000000000000000, 1.000000000000000000 ) ) ;
#1670 = EDGE_CURVE ( 'NONE', #963, #2121, #2454, .T. ) ;
#1671 = PRESENTATION_LAYER_ASSIGNMENT (  '', '', ( #598 ) ) ;
#1672 =( GEOMETRIC_REPRESENTATION_CONTEXT ( 3 ) GLOBAL_UNCERTAINTY_ASSIGNED_CONTEXT ( ( #642 ) ) GLOBAL_UNIT_ASSIGNED_CONTEXT ( ( #3790, #2233, #2591 ) ) REPRESENTATION_CONTEXT ( 'NONE', 'WORKASPACE' ) );
#1673 = PRODUCT_CONTEXT ( 'NONE', #664, 'mechanical' ) ;
#1674 = DIRECTION ( 'NONE',  ( -2.168404344971008868E-16, 1.000000000000000000, 0.000000000000000000 ) ) ;
#1675 = PLANE ( 'NONE',  #710 ) ;
#1676 = FACE_OUTER_BOUND ( 'NONE', #643, .T. ) ;
#1677 = VECTOR ( 'NONE', #20, 1000.000000000000114 ) ;
#1678 =( NAMED_UNIT ( * ) PLANE_ANGLE_UNIT ( ) SI_UNIT ( $, .RADIAN. ) );
#1679 = ORIENTED_EDGE ( 'NONE', *, *, #2507, .T. ) ;
#1680 = DIRECTION ( 'NONE',  ( 1.000000000000000000, 0.000000000000000000, -0.000000000000000000 ) ) ;
#1681 = FACE_OUTER_BOUND ( 'NONE', #3491, .T. ) ;
#1682 = LINE ( 'NONE', #1721, #3810 ) ;
#1683 = AXIS2_PLACEMENT_3D ( 'NONE', #1993, #1146, #544 ) ;
#1684 = LINE ( 'NONE', #2517, #1187 ) ;
#1685 = ADVANCED_FACE ( 'NONE', ( #3749 ), #2894, .F. ) ;
#1686 = DIRECTION ( 'NONE',  ( 0.000000000000000000, -1.000000000000000000, 0.000000000000000000 ) ) ;
#1687 = EDGE_CURVE ( 'NONE', #689, #705, #1857, .T. ) ;
#1688 =( GEOMETRIC_REPRESENTATION_CONTEXT ( 3 ) GLOBAL_UNCERTAINTY_ASSIGNED_CONTEXT ( ( #360 ) ) GLOBAL_UNIT_ASSIGNED_CONTEXT ( ( #1566, #3066, #1045 ) ) REPRESENTATION_CONTEXT ( 'NONE', 'WORKASPACE' ) );
#1689 = MECHANICAL_DESIGN_GEOMETRIC_PRESENTATION_REPRESENTATION (  '', ( #4 ), #934 ) ;
#1690 = CARTESIAN_POINT ( 'NONE',  ( -2.000000000000000000, 1.407106781186548528, 7.531577814756221078E-16 ) ) ;
#1691 = PRESENTATION_LAYER_ASSIGNMENT (  '', '', ( #5 ) ) ;
#1692 = VERTEX_POINT ( 'NONE', #431 ) ;
#1693 = EDGE_LOOP ( 'NONE', ( #1426, #2097, #1133, #2295 ) ) ;
#1694 = AXIS2_PLACEMENT_3D ( 'NONE', #1136, #1745, #2963 ) ;
#1695 = EDGE_CURVE ( 'NONE', #1986, #2201, #2253, .T. ) ;
#1696 = FILL_AREA_STYLE_COLOUR ( '', #254 ) ;
#1697 = AXIS2_PLACEMENT_3D ( 'NONE', #1307, #1656, #727 ) ;
#1698 = CARTESIAN_POINT ( 'NONE',  ( 2.168404344971009854E-16, 3.550000000000000266, 6.200000000000001066 ) ) ;
#1699 = COLOUR_RGB ( '',0.8470588235294117530, 0.8431372549019607865, 0.8470588235294117530 ) ;
#1700 = FILL_AREA_STYLE_COLOUR ( '', #3126 ) ;
#1701 = SURFACE_STYLE_USAGE ( .BOTH. , #1626 ) ;
#1702 =( NAMED_UNIT ( * ) PLANE_ANGLE_UNIT ( ) SI_UNIT ( $, .RADIAN. ) );
#1703 = CARTESIAN_POINT ( 'NONE',  ( -4.349999999999999645, 0.3999999999999994116, 0.7999999999999997113 ) ) ;
#1704 = DIRECTION ( 'NONE',  ( 0.000000000000000000, 0.000000000000000000, 1.000000000000000000 ) ) ;
#1705 = VECTOR ( 'NONE', #1130, 1000.000000000000000 ) ;
#1706 = VERTEX_POINT ( 'NONE', #1627 ) ;
#1707 = DIRECTION ( 'NONE',  ( 0.000000000000000000, 1.000000000000000000, 2.168404344971008868E-16 ) ) ;
#1708 = ORIENTED_EDGE ( 'NONE', *, *, #3657, .F. ) ;
#1709 = PRESENTATION_LAYER_ASSIGNMENT (  '', '', ( #1820 ) ) ;
#1710 = PRESENTATION_STYLE_ASSIGNMENT (( #463 ) ) ;
#1711 = AXIS2_PLACEMENT_3D ( 'NONE', #2999, #3857, #2685 ) ;
#1712 = COLOUR_RGB ( '',0.8470588235294117530, 0.8431372549019607865, 0.8470588235294117530 ) ;
#1713 = STYLED_ITEM ( 'NONE', ( #17 ), #268 ) ;
#1714 = ORIENTED_EDGE ( 'NONE', *, *, #3123, .T. ) ;
#1715 = CARTESIAN_POINT ( 'NONE',  ( -1.500000000000000000, 3.550000000000000266, 6.200000000000001066 ) ) ;
#1716 = ORIENTED_EDGE ( 'NONE', *, *, #536, .T. ) ;
#1717 = PRESENTATION_STYLE_ASSIGNMENT (( #2928 ) ) ;
#1718 =( NAMED_UNIT ( * ) PLANE_ANGLE_UNIT ( ) SI_UNIT ( $, .RADIAN. ) );
#1719 =( NAMED_UNIT ( * ) SI_UNIT ( $, .STERADIAN. ) SOLID_ANGLE_UNIT ( ) );
#1720 = ADVANCED_FACE ( 'NONE', ( #1666 ), #166, .T. ) ;
#1721 = CARTESIAN_POINT ( 'NONE',  ( 2.299031112740347975E-16, 3.600000000000000089, 2.000000000000000000 ) ) ;
#1722 = PRESENTATION_STYLE_ASSIGNMENT (( #2292 ) ) ;
#1723 =( NAMED_UNIT ( * ) PLANE_ANGLE_UNIT ( ) SI_UNIT ( $, .RADIAN. ) );
#1724 = AXIS2_PLACEMENT_3D ( 'NONE', #2334, #3804, #1455 ) ;
#1725 = LINE ( 'NONE', #2936, #22 ) ;
#1726 = COLOUR_RGB ( '',0.2509803921568627416, 0.2509803921568627416, 0.2509803921568627416 ) ;
#1727 = ORIENTED_EDGE ( 'NONE', *, *, #1848, .T. ) ;
#1728 = DIRECTION ( 'NONE',  ( -0.000000000000000000, 0.1579905011066730369, 0.9874406319167053914 ) ) ;
#1729 = ORIENTED_EDGE ( 'NONE', *, *, #678, .T. ) ;
#1730 = EDGE_LOOP ( 'NONE', ( #1457, #1729, #1022, #3583 ) ) ;
#1731 = SURFACE_STYLE_FILL_AREA ( #534 ) ;
#1732 = ADVANCED_FACE ( 'NONE', ( #1957 ), #792, .T. ) ;
#1733 = DIRECTION ( 'NONE',  ( 1.000000000000000000, 0.000000000000000000, 0.000000000000000000 ) ) ;
#1734 = ORIENTED_EDGE ( 'NONE', *, *, #1598, .T. ) ;
#1735 = SURFACE_SIDE_STYLE ('',( #2647 ) ) ;
#1736 = MECHANICAL_DESIGN_GEOMETRIC_PRESENTATION_REPRESENTATION (  '', ( #598 ), #2618 ) ;
#1737 = FILL_AREA_STYLE ('',( #571 ) ) ;
#1738 = DIRECTION ( 'NONE',  ( 0.000000000000000000, -0.000000000000000000, -1.000000000000000000 ) ) ;
#1739 = EDGE_CURVE ( 'NONE', #2716, #3801, #3843, .T. ) ;
#1740 = MECHANICAL_DESIGN_GEOMETRIC_PRESENTATION_REPRESENTATION (  '', ( #1786 ), #3439 ) ;
#1741 = LINE ( 'NONE', #1975, #1958 ) ;
#1742 = DIRECTION ( 'NONE',  ( 0.000000000000000000, -0.9874406319167053914, 0.1579905011066730369 ) ) ;
#1743 = ORIENTED_EDGE ( 'NONE', *, *, #3546, .F. ) ;
#1744 = CIRCLE ( 'NONE', #3632, 0.3999999999999999667 ) ;
#1745 = DIRECTION ( 'NONE',  ( -1.000000000000000000, 0.000000000000000000, 0.000000000000000000 ) ) ;
#1746 = DIRECTION ( 'NONE',  ( 0.000000000000000000, 0.000000000000000000, 1.000000000000000000 ) ) ;
#1747 = COLOUR_RGB ( '',0.8470588235294117530, 0.8431372549019607865, 0.8470588235294117530 ) ;
#1748 = VECTOR ( 'NONE', #2406, 1000.000000000000000 ) ;
#1749 = PRESENTATION_STYLE_ASSIGNMENT (( #2609 ) ) ;
#1750 = PLANE ( 'NONE',  #2426 ) ;
#1751 = CARTESIAN_POINT ( 'NONE',  ( 4.349999999999999645, 4.645085803432136728, -0.3432137285491430045 ) ) ;
#1752 = PRESENTATION_LAYER_ASSIGNMENT (  '', '', ( #1492 ) ) ;
#1753 = MECHANICAL_DESIGN_GEOMETRIC_PRESENTATION_REPRESENTATION (  '', ( #942 ), #383 ) ;
#1754 = CARTESIAN_POINT ( 'NONE',  ( 4.349999999999999645, 4.700000000000000178, 2.200000000000000178 ) ) ;
#1755 = STYLED_ITEM ( 'NONE', ( #1830 ), #3213 ) ;
#1756 = UNCERTAINTY_MEASURE_WITH_UNIT (LENGTH_MEASURE( 1.000000000000000082E-05 ), #1226, 'distance_accuracy_value', 'NONE');
#1757 = DIRECTION ( 'NONE',  ( 0.000000000000000000, 0.000000000000000000, -1.000000000000000000 ) ) ;
#1758 = ORIENTED_EDGE ( 'NONE', *, *, #2124, .T. ) ;
#1759 = LINE ( 'NONE', #3847, #2582 ) ;
#1760 = EDGE_CURVE ( 'NONE', #1882, #2585, #2933, .T. ) ;
#1761 = ORIENTED_EDGE ( 'NONE', *, *, #2560, .T. ) ;
#1762 = CARTESIAN_POINT ( 'NONE',  ( 3.949999999999999734, -3.551475717527321860E-16, -0.7999999999999997113 ) ) ;
#1763 = UNCERTAINTY_MEASURE_WITH_UNIT (LENGTH_MEASURE( 1.000000000000000082E-05 ), #2500, 'distance_accuracy_value', 'NONE');
#1764 = VERTEX_POINT ( 'NONE', #3521 ) ;
#1765 = LINE ( 'NONE', #3291, #526 ) ;
#1766 = AXIS2_PLACEMENT_3D ( 'NONE', #2843, #2546, #444 ) ;
#1767 = VECTOR ( 'NONE', #2203, 1000.000000000000000 ) ;
#1768 =( NAMED_UNIT ( * ) PLANE_ANGLE_UNIT ( ) SI_UNIT ( $, .RADIAN. ) );
#1769 = DIRECTION ( 'NONE',  ( -0.7071067811865442421, 0.000000000000000000, 0.7071067811865509034 ) ) ;
#1770 = LINE ( 'NONE', #2427, #2110 ) ;
#1771 = FILL_AREA_STYLE ('',( #2409 ) ) ;
#1772 = EDGE_LOOP ( 'NONE', ( #1289, #3233, #3253, #3441 ) ) ;
#1773 = DIRECTION ( 'NONE',  ( 1.000000000000000000, -4.989666635317766880E-20, 0.000000000000000000 ) ) ;
#1774 = ORIENTED_EDGE ( 'NONE', *, *, #2954, .F. ) ;
#1775 = AXIS2_PLACEMENT_3D ( 'NONE', #1818, #2441, #951 ) ;
#1776 = EDGE_CURVE ( 'NONE', #2450, #724, #2665, .T. ) ;
#1777 = FILL_AREA_STYLE_COLOUR ( '', #508 ) ;
#1778 = VERTEX_POINT ( 'NONE', #3229 ) ;
#1779 = SURFACE_STYLE_FILL_AREA ( #3309 ) ;
#1780 =( NAMED_UNIT ( * ) PLANE_ANGLE_UNIT ( ) SI_UNIT ( $, .RADIAN. ) );
#1781 = AXIS2_PLACEMENT_3D ( 'NONE', #2791, #3653, #100 ) ;
#1782 = COLOUR_RGB ( '',0.8470588235294117530, 0.8431372549019607865, 0.8470588235294117530 ) ;
#1783 = FACE_OUTER_BOUND ( 'NONE', #2805, .T. ) ;
#1784 = SURFACE_SIDE_STYLE ('',( #3607 ) ) ;
#1785 = DIRECTION ( 'NONE',  ( 0.000000000000000000, 1.000000000000000000, 0.000000000000000000 ) ) ;
#1786 = STYLED_ITEM ( 'NONE', ( #539 ), #545 ) ;
#1787 = ORIENTED_EDGE ( 'NONE', *, *, #2264, .T. ) ;
#1788 = EDGE_CURVE ( 'NONE', #3816, #1882, #247, .T. ) ;
#1789 = COLOUR_RGB ( '',0.8470588235294117530, 0.8431372549019607865, 0.8470588235294117530 ) ;
#1790 = CARTESIAN_POINT ( 'NONE',  ( -2.599999999999999645, 0.2500000000000000000, 2.200000000000000178 ) ) ;
#1791 = DIRECTION ( 'NONE',  ( 0.000000000000000000, 0.9874406319167053914, -0.1579905011066730092 ) ) ;
#1792 = ORIENTED_EDGE ( 'NONE', *, *, #2318, .T. ) ;
#1793 = VECTOR ( 'NONE', #1355, 1000.000000000000000 ) ;
#1794 =( NAMED_UNIT ( * ) SI_UNIT ( $, .STERADIAN. ) SOLID_ANGLE_UNIT ( ) );
#1795 = LINE ( 'NONE', #303, #3767 ) ;
#1796 = STYLED_ITEM ( 'NONE', ( #2412 ), #579 ) ;
#1797 = EDGE_CURVE ( 'NONE', #837, #588, #1404, .T. ) ;
#1798 = DIRECTION ( 'NONE',  ( 1.000000000000000000, 0.000000000000000000, 0.000000000000000000 ) ) ;
#1799 = CARTESIAN_POINT ( 'NONE',  ( -4.349999999999999645, -5.510910596163085611E-16, 0.7999999999999997113 ) ) ;
#1800 = CARTESIAN_POINT ( 'NONE',  ( 2.349999999999999645, 4.700000000000000178, -2.000000000000000000 ) ) ;
#1801 = CARTESIAN_POINT ( 'NONE',  ( -3.949999999999999734, -1.250000000000000666, -0.6000000000000000888 ) ) ;
#1802 = AXIS2_PLACEMENT_3D ( 'NONE', #3079, #2325, #2052 ) ;
#1803 = SURFACE_STYLE_USAGE ( .BOTH. , #3312 ) ;
#1804 = FILL_AREA_STYLE ('',( #913 ) ) ;
#1805 = AXIS2_PLACEMENT_3D ( 'NONE', #1188, #1463, #2711 ) ;
#1806 = CARTESIAN_POINT ( 'NONE',  ( 3.349999999999999201, 0.6999999999999991784, -2.200000000000000178 ) ) ;
#1807 = LINE ( 'NONE', #3379, #1994 ) ;
#1808 = VECTOR ( 'NONE', #2577, 1000.000000000000000 ) ;
#1809 = ORIENTED_EDGE ( 'NONE', *, *, #3868, .F. ) ;
#1810 = FILL_AREA_STYLE_COLOUR ( '', #695 ) ;
#1811 = LINE ( 'NONE', #3865, #2895 ) ;
#1812 = ORIENTED_EDGE ( 'NONE', *, *, #2613, .F. ) ;
#1813 = ORIENTED_EDGE ( 'NONE', *, *, #712, .T. ) ;
#1814 = EDGE_CURVE ( 'NONE', #2749, #375, #292, .T. ) ;
#1815 = PRESENTATION_STYLE_ASSIGNMENT (( #3683 ) ) ;
#1816 = DIRECTION ( 'NONE',  ( -1.084202172485504434E-15, 1.000000000000000000, 0.000000000000000000 ) ) ;
#1817 = FACE_OUTER_BOUND ( 'NONE', #3237, .T. ) ;
#1818 = CARTESIAN_POINT ( 'NONE',  ( -3.349999999999999645, 0.2500000000000000000, 2.200000000000000178 ) ) ;
#1819 = DIRECTION ( 'NONE',  ( -1.000000000000000000, 0.000000000000000000, 0.000000000000000000 ) ) ;
#1820 = STYLED_ITEM ( 'NONE', ( #2246 ), #3642 ) ;
#1821 =( LENGTH_UNIT ( ) NAMED_UNIT ( * ) SI_UNIT ( .MILLI., .METRE. ) );
#1822 = VECTOR ( 'NONE', #2771, 1000.000000000000000 ) ;
#1823 = CARTESIAN_POINT ( 'NONE',  ( -3.949999999999999734, 0.7000000000000000666, 0.000000000000000000 ) ) ;
#1824 = DIRECTION ( 'NONE',  ( -1.000000000000000000, -0.000000000000000000, -0.000000000000000000 ) ) ;
#1825 = ADVANCED_FACE ( 'NONE', ( #1442 ), #3569, .T. ) ;
#1826 = STYLED_ITEM ( 'NONE', ( #3227 ), #184 ) ;
#1827 = ORIENTED_EDGE ( 'NONE', *, *, #757, .F. ) ;
#1828 = DIRECTION ( 'NONE',  ( 0.000000000000000000, 1.000000000000000000, 0.000000000000000000 ) ) ;
#1829 = CARTESIAN_POINT ( 'NONE',  ( -3.949999999999999734, 0.7000000000000000666, -2.200000000000000178 ) ) ;
#1830 = PRESENTATION_STYLE_ASSIGNMENT (( #824 ) ) ;
#1831 = CARTESIAN_POINT ( 'NONE',  ( -2.074999999999999734, 3.599999999999999645, 2.000000000000000000 ) ) ;
#1832 = EDGE_LOOP ( 'NONE', ( #564, #1091, #2123, #3848 ) ) ;
#1833 = CYLINDRICAL_SURFACE ( 'NONE', #3581, 0.3999999999999999667 ) ;
#1834 = ORIENTED_EDGE ( 'NONE', *, *, #3811, .F. ) ;
#1835 = ORIENTED_EDGE ( 'NONE', *, *, #861, .T. ) ;
#1836 = UNCERTAINTY_MEASURE_WITH_UNIT (LENGTH_MEASURE( 1.000000000000000082E-05 ), #1218, 'distance_accuracy_value', 'NONE');
#1837 = DIRECTION ( 'NONE',  ( 0.000000000000000000, 0.000000000000000000, -1.000000000000000000 ) ) ;
#1838 = CARTESIAN_POINT ( 'NONE',  ( -2.599999999999999645, -1.084202172485504434E-16, 2.200000000000000178 ) ) ;
#1839 = DIRECTION ( 'NONE',  ( 0.000000000000000000, 1.000000000000000000, -0.000000000000000000 ) ) ;
#1840 = EDGE_CURVE ( 'NONE', #270, #1139, #2370, .T. ) ;
#1841 = DIRECTION ( 'NONE',  ( 0.000000000000000000, 0.000000000000000000, 1.000000000000000000 ) ) ;
#1842 = CARTESIAN_POINT ( 'NONE',  ( 2.000000000000000000, -2.349999999999999645, -4.714890176717308529E-16 ) ) ;
#1843 =( NAMED_UNIT ( * ) PLANE_ANGLE_UNIT ( ) SI_UNIT ( $, .RADIAN. ) );
#1844 =( NAMED_UNIT ( * ) SI_UNIT ( $, .STERADIAN. ) SOLID_ANGLE_UNIT ( ) );
#1845 = CARTESIAN_POINT ( 'NONE',  ( 6.505213034913027590E-16, 1.550000000000000266, 2.000000000000000000 ) ) ;
#1846 =( NAMED_UNIT ( * ) SI_UNIT ( $, .STERADIAN. ) SOLID_ANGLE_UNIT ( ) );
#1847 = CARTESIAN_POINT ( 'NONE',  ( -3.949999999999999734, 0.000000000000000000, 2.199999999999998845 ) ) ;
#1848 = EDGE_CURVE ( 'NONE', #1986, #3720, #510, .T. ) ;
#1849 = EDGE_CURVE ( 'NONE', #3270, #489, #1235, .T. ) ;
#1850 = FACE_OUTER_BOUND ( 'NONE', #314, .T. ) ;
#1851 = CYLINDRICAL_SURFACE ( 'NONE', #1469, 0.2500000000000002220 ) ;
#1852 =( GEOMETRIC_REPRESENTATION_CONTEXT ( 3 ) GLOBAL_UNCERTAINTY_ASSIGNED_CONTEXT ( ( #2364 ) ) GLOBAL_UNIT_ASSIGNED_CONTEXT ( ( #1259, #3674, #992 ) ) REPRESENTATION_CONTEXT ( 'NONE', 'WORKASPACE' ) );
#1853 = CARTESIAN_POINT ( 'NONE',  ( -2.462785419738802162, 0.03039392797772692834, 1.202022581406711366 ) ) ;
#1854 = UNCERTAINTY_MEASURE_WITH_UNIT (LENGTH_MEASURE( 1.000000000000000082E-05 ), #3552, 'distance_accuracy_value', 'NONE');
#1855 = ADVANCED_FACE ( 'NONE', ( #2790 ), #3376, .T. ) ;
#1856 = VERTEX_POINT ( 'NONE', #3003 ) ;
#1857 =( BOUNDED_CURVE ( )  B_SPLINE_CURVE ( 3, ( #2293, #3769, #1318, #211 ),
 .UNSPECIFIED., .F., .F. ) 
 B_SPLINE_CURVE_WITH_KNOTS ( ( 4, 4 ),
 ( 4.712388980384689674, 6.283185307179586232 ),
 .UNSPECIFIED. ) 
 CURVE ( )  GEOMETRIC_REPRESENTATION_ITEM ( )  RATIONAL_B_SPLINE_CURVE ( ( 1.000000000000000000, 0.8047378541243649375, 0.8047378541243649375, 1.000000000000000000 ) ) 
 REPRESENTATION_ITEM ( '' )  );
#1858 =( LENGTH_UNIT ( ) NAMED_UNIT ( * ) SI_UNIT ( .MILLI., .METRE. ) );
#1859 = ORIENTED_EDGE ( 'NONE', *, *, #1405, .F. ) ;
#1860 = EDGE_LOOP ( 'NONE', ( #1727, #2600, #220, #3616 ) ) ;
#1861 = CARTESIAN_POINT ( 'NONE',  ( 0.000000000000000000, -2.349999999999999645, 1.408343819019456275E-16 ) ) ;
#1862 = DIRECTION ( 'NONE',  ( -1.000000000000000000, 0.000000000000000000, 0.000000000000000000 ) ) ;
#1863 = CARTESIAN_POINT ( 'NONE',  ( 3.949999999999999734, 0.7000000000000000666, 0.000000000000000000 ) ) ;
#1864 = FACE_OUTER_BOUND ( 'NONE', #3135, .T. ) ;
#1865 =( LENGTH_UNIT ( ) NAMED_UNIT ( * ) SI_UNIT ( .MILLI., .METRE. ) );
#1866 = CARTESIAN_POINT ( 'NONE',  ( -3.099999999999999645, -6.245698675651497881E-16, 1.199999999999999734 ) ) ;
#1867 = CARTESIAN_POINT ( 'NONE',  ( -2.349999999999999201, 0.3999999999999993006, 2.200000000000000178 ) ) ;
#1868 = CARTESIAN_POINT ( 'NONE',  ( 2.349999999999999645, -3.551475717527321860E-16, -0.7999999999999997113 ) ) ;
#1869 = SURFACE_STYLE_USAGE ( .BOTH. , #1602 ) ;
#1870 = COLOUR_RGB ( '',0.8470588235294117530, 0.8431372549019607865, 0.8470588235294117530 ) ;
#1871 = DIRECTION ( 'NONE',  ( -0.000000000000000000, 0.1579905011066730369, 0.9874406319167053914 ) ) ;
#1872 = CARTESIAN_POINT ( 'NONE',  ( -2.393880996126364735, 0.1045571479292720651, 1.186916385698000731 ) ) ;
#1873 = PRESENTATION_LAYER_ASSIGNMENT (  '', '', ( #3577 ) ) ;
#1874 = ORIENTED_EDGE ( 'NONE', *, *, #200, .F. ) ;
#1875 = VECTOR ( 'NONE', #1401, 1000.000000000000000 ) ;
#1876 = VECTOR ( 'NONE', #1393, 1000.000000000000000 ) ;
#1877 = VERTEX_POINT ( 'NONE', #3651 ) ;
#1878 = DIRECTION ( 'NONE',  ( 1.000000000000000000, 0.000000000000000000, 0.000000000000000000 ) ) ;
#1879 = CIRCLE ( 'NONE', #1312, 0.2500000000000000000 ) ;
#1880 = EDGE_CURVE ( 'NONE', #854, #3110, #374, .T. ) ;
#1881 = ORIENTED_EDGE ( 'NONE', *, *, #3497, .F. ) ;
#1882 = VERTEX_POINT ( 'NONE', #19 ) ;
#1883 = FACE_OUTER_BOUND ( 'NONE', #1609, .T. ) ;
#1884 = PLANE ( 'NONE',  #2088 ) ;
#1885 =( NAMED_UNIT ( * ) PLANE_ANGLE_UNIT ( ) SI_UNIT ( $, .RADIAN. ) );
#1886 = CARTESIAN_POINT ( 'NONE',  ( -2.599999999999999645, 0.000000000000000000, -2.200000000000000178 ) ) ;
#1887 = DIRECTION ( 'NONE',  ( 1.000000000000000000, 1.045014142154703367E-16, 0.000000000000000000 ) ) ;
#1888 = SURFACE_STYLE_USAGE ( .BOTH. , #2822 ) ;
#1889 = CARTESIAN_POINT ( 'NONE',  ( -2.349999999999999645, 1.349999999999999645, 2.000000000000000000 ) ) ;
#1890 = PRESENTATION_STYLE_ASSIGNMENT (( #2190 ) ) ;
#1891 = CARTESIAN_POINT ( 'NONE',  ( -3.949999999999999734, 0.7000000000000000666, 2.199999999999998845 ) ) ;
#1892 =( NAMED_UNIT ( * ) PLANE_ANGLE_UNIT ( ) SI_UNIT ( $, .RADIAN. ) );
#1893 = AXIS2_PLACEMENT_3D ( 'NONE', #1574, #72, #947 ) ;
#1894 = EDGE_LOOP ( 'NONE', ( #1115, #2793, #2460, #145 ) ) ;
#1895 = EDGE_CURVE ( 'NONE', #230, #3681, #1744, .T. ) ;
#1896 = PRESENTATION_LAYER_ASSIGNMENT (  '', '', ( #1195 ) ) ;
#1897 = VECTOR ( 'NONE', #3736, 1000.000000000000000 ) ;
#1898 = ORIENTED_EDGE ( 'NONE', *, *, #477, .T. ) ;
#1899 = FILL_AREA_STYLE_COLOUR ( '', #623 ) ;
#1900 = VERTEX_POINT ( 'NONE', #1194 ) ;
#1901 = EDGE_CURVE ( 'NONE', #2993, #3737, #1536, .T. ) ;
#1902 = PRESENTATION_STYLE_ASSIGNMENT (( #93 ) ) ;
#1903 =( LENGTH_UNIT ( ) NAMED_UNIT ( * ) SI_UNIT ( .MILLI., .METRE. ) );
#1904 = STYLED_ITEM ( 'NONE', ( #2848 ), #2166 ) ;
#1905 = SPHERICAL_SURFACE ( 'NONE', #3364, 0.2500000000000000000 ) ;
#1906 = ORIENTED_EDGE ( 'NONE', *, *, #912, .F. ) ;
#1907 = COLOUR_RGB ( '',0.8470588235294117530, 0.8431372549019607865, 0.8470588235294117530 ) ;
#1908 = PRESENTATION_STYLE_ASSIGNMENT (( #1888 ) ) ;
#1909 = DIRECTION ( 'NONE',  ( -1.000000000000000000, 0.000000000000000000, 0.000000000000000000 ) ) ;
#1910 =( GEOMETRIC_REPRESENTATION_CONTEXT ( 3 ) GLOBAL_UNCERTAINTY_ASSIGNED_CONTEXT ( ( #3634 ) ) GLOBAL_UNIT_ASSIGNED_CONTEXT ( ( #2244, #2861, #1064 ) ) REPRESENTATION_CONTEXT ( 'NONE', 'WORKASPACE' ) );
#1911 = FILL_AREA_STYLE_COLOUR ( '', #729 ) ;
#1912 = CARTESIAN_POINT ( 'NONE',  ( 2.530698297858170687, -1.355252715606880543E-16, -1.199999999999999734 ) ) ;
#1913 = DIRECTION ( 'NONE',  ( 0.000000000000000000, 6.245698675651497881E-16, 1.000000000000000000 ) ) ;
#1914 = LINE ( 'NONE', #682, #71 ) ;
#1915 = DIRECTION ( 'NONE',  ( 0.000000000000000000, 0.000000000000000000, -1.000000000000000000 ) ) ;
#1916 = UNCERTAINTY_MEASURE_WITH_UNIT (LENGTH_MEASURE( 1.000000000000000082E-05 ), #3776, 'distance_accuracy_value', 'NONE');
#1917 = ORIENTED_EDGE ( 'NONE', *, *, #428, .F. ) ;
#1918 = STYLED_ITEM ( 'NONE', ( #1419 ), #2670 ) ;
#1919 = DIRECTION ( 'NONE',  ( -0.000000000000000000, -0.000000000000000000, -1.000000000000000000 ) ) ;
#1920 = UNCERTAINTY_MEASURE_WITH_UNIT (LENGTH_MEASURE( 1.000000000000000082E-05 ), #2893, 'distance_accuracy_value', 'NONE');
#1921 = VECTOR ( 'NONE', #2229, 1000.000000000000000 ) ;
#1922 = ORIENTED_EDGE ( 'NONE', *, *, #1460, .T. ) ;
#1923 = EDGE_CURVE ( 'NONE', #1764, #3625, #635, .T. ) ;
#1924 = ORIENTED_EDGE ( 'NONE', *, *, #2124, .F. ) ;
#1925 =( NAMED_UNIT ( * ) PLANE_ANGLE_UNIT ( ) SI_UNIT ( $, .RADIAN. ) );
#1926 = DIRECTION ( 'NONE',  ( 0.000000000000000000, -1.000000000000000000, -1.016439536705160777E-16 ) ) ;
#1927 = SURFACE_STYLE_FILL_AREA ( #1616 ) ;
#1928 = DIRECTION ( 'NONE',  ( -1.000000000000000000, -0.000000000000000000, 0.000000000000000000 ) ) ;
#1929 =( NAMED_UNIT ( * ) SI_UNIT ( $, .STERADIAN. ) SOLID_ANGLE_UNIT ( ) );
#1930 = CARTESIAN_POINT ( 'NONE',  ( 0.000000000000000000, 1.349999999999999645, -2.000000000000000000 ) ) ;
#1931 =( GEOMETRIC_REPRESENTATION_CONTEXT ( 3 ) GLOBAL_UNCERTAINTY_ASSIGNED_CONTEXT ( ( #744 ) ) GLOBAL_UNIT_ASSIGNED_CONTEXT ( ( #3496, #3480, #454 ) ) REPRESENTATION_CONTEXT ( 'NONE', 'WORKASPACE' ) );
#1932 = CARTESIAN_POINT ( 'NONE',  ( -4.349999999999999645, 4.645085803432136728, 0.3432137285491438372 ) ) ;
#1933 = EDGE_CURVE ( 'NONE', #2515, #588, #2726, .T. ) ;
#1934 = VECTOR ( 'NONE', #79, 1000.000000000000000 ) ;
#1935 = CARTESIAN_POINT ( 'NONE',  ( 4.349999999999999645, 4.596446609406726225, 2.200000000000000178 ) ) ;
#1936 = PRESENTATION_STYLE_ASSIGNMENT (( #1701 ) ) ;
#1937 = FACE_OUTER_BOUND ( 'NONE', #3090, .T. ) ;
#1938 = MECHANICAL_DESIGN_GEOMETRIC_PRESENTATION_REPRESENTATION (  '', ( #2254 ), #812 ) ;
#1939 = COLOUR_RGB ( '',0.8470588235294117530, 0.8431372549019607865, 0.8470588235294117530 ) ;
#1940 = ORIENTED_EDGE ( 'NONE', *, *, #1760, .F. ) ;
#1941 = SURFACE_STYLE_FILL_AREA ( #147 ) ;
#1942 = MECHANICAL_DESIGN_GEOMETRIC_PRESENTATION_REPRESENTATION (  '', ( #1002 ), #3579 ) ;
#1943 = EDGE_LOOP ( 'NONE', ( #1200, #2837 ) ) ;
#1944 =( NAMED_UNIT ( * ) PLANE_ANGLE_UNIT ( ) SI_UNIT ( $, .RADIAN. ) );
#1945 = VERTEX_POINT ( 'NONE', #2133 ) ;
#1946 =( NAMED_UNIT ( * ) PLANE_ANGLE_UNIT ( ) SI_UNIT ( $, .RADIAN. ) );
#1947 = PRESENTATION_STYLE_ASSIGNMENT (( #753 ) ) ;
#1948 = SURFACE_SIDE_STYLE ('',( #3740 ) ) ;
#1949 = LINE ( 'NONE', #2006, #1137 ) ;
#1950 = CARTESIAN_POINT ( 'NONE',  ( 2.000000000000000000, 0.7000000000000000666, 0.2499999999999998890 ) ) ;
#1951 = B_SPLINE_CURVE_WITH_KNOTS ( 'NONE', 3,
 ( #102, #680, #1587, #122, #1912, #1284 ),
 .UNSPECIFIED., .F., .F.,
 ( 4, 2, 4 ),
 ( 1.084202172485504434E-19, 0.0002050984712928845136, 0.0004101969425857689188 ),
 .UNSPECIFIED. ) ;
#1952 = ORIENTED_EDGE ( 'NONE', *, *, #2654, .F. ) ;
#1953 = DIRECTION ( 'NONE',  ( -1.000000000000000000, -9.637352644315614471E-16, 0.000000000000000000 ) ) ;
#1954 = SPHERICAL_SURFACE ( 'NONE', #3192, 0.2500000000000000000 ) ;
#1955 =( LENGTH_UNIT ( ) NAMED_UNIT ( * ) SI_UNIT ( .MILLI., .METRE. ) );
#1956 = EDGE_CURVE ( 'NONE', #282, #1517, #39, .T. ) ;
#1957 = FACE_OUTER_BOUND ( 'NONE', #3814, .T. ) ;
#1958 = VECTOR ( 'NONE', #1360, 1000.000000000000000 ) ;
#1959 = CARTESIAN_POINT ( 'NONE',  ( 3.349999999999999201, 0.6999999999999991784, 2.200000000000000178 ) ) ;
#1960 = UNCERTAINTY_MEASURE_WITH_UNIT (LENGTH_MEASURE( 1.000000000000000082E-05 ), #3818, 'distance_accuracy_value', 'NONE');
#1961 = LINE ( 'NONE', #2220, #212 ) ;
#1962 = FACE_OUTER_BOUND ( 'NONE', #1077, .T. ) ;
#1963 = DIRECTION ( 'NONE',  ( -1.000000000000000000, 0.000000000000000000, 0.000000000000000000 ) ) ;
#1964 = CARTESIAN_POINT ( 'NONE',  ( -1.000000000000000000, 3.550000000000000266, 5.700000000000005507 ) ) ;
#1965 = ORIENTED_EDGE ( 'NONE', *, *, #2045, .F. ) ;
#1966 = PRESENTATION_STYLE_ASSIGNMENT (( #502 ) ) ;
#1967 = EDGE_CURVE ( 'NONE', #1778, #2749, #2952, .T. ) ;
#1968 = DIRECTION ( 'NONE',  ( 1.000000000000000000, 0.000000000000000000, 0.000000000000000000 ) ) ;
#1969 = VECTOR ( 'NONE', #3621, 1000.000000000000000 ) ;
#1970 = LINE ( 'NONE', #3188, #1606 ) ;
#1971 = EDGE_CURVE ( 'NONE', #705, #3733, #2747, .T. ) ;
#1972 = FILL_AREA_STYLE ('',( #2592 ) ) ;
#1973 = FACE_OUTER_BOUND ( 'NONE', #3426, .T. ) ;
#1974 = EDGE_CURVE ( 'NONE', #129, #3488, #3516, .T. ) ;
#1975 = CARTESIAN_POINT ( 'NONE',  ( -3.949999999999999734, -8.673617379884035472E-16, -1.554076788117991846E-15 ) ) ;
#1976 = CARTESIAN_POINT ( 'NONE',  ( 2.168404344971009854E-16, 3.550000000000000266, -2.828427124746190735 ) ) ;
#1977 = CARTESIAN_POINT ( 'NONE',  ( -2.349999999999999645, 1.349999999999999645, -2.000000000000000000 ) ) ;
#1978 = EDGE_CURVE ( 'NONE', #3035, #2029, #1054, .T. ) ;
#1979 = CIRCLE ( 'NONE', #2991, 0.2500000000000000000 ) ;
#1980 = ORIENTED_EDGE ( 'NONE', *, *, #1880, .F. ) ;
#1981 = FILL_AREA_STYLE_COLOUR ( '', #141 ) ;
#1982 = DIRECTION ( 'NONE',  ( 0.000000000000000000, 1.016439536705160777E-16, -1.000000000000000000 ) ) ;
#1983 = CIRCLE ( 'NONE', #693, 0.2500000000000002220 ) ;
#1984 = ORIENTED_EDGE ( 'NONE', *, *, #2051, .F. ) ;
#1985 =( LENGTH_UNIT ( ) NAMED_UNIT ( * ) SI_UNIT ( .MILLI., .METRE. ) );
#1986 = VERTEX_POINT ( 'NONE', #1281 ) ;
#1987 = DIRECTION ( 'NONE',  ( 0.000000000000000000, 0.9874406319167053914, 0.1579905011066732035 ) ) ;
#1988 = DIRECTION ( 'NONE',  ( -1.000000000000000000, -2.065146995210484202E-16, 0.000000000000000000 ) ) ;
#1989 = VECTOR ( 'NONE', #3371, 1000.000000000000000 ) ;
#1990 = CARTESIAN_POINT ( 'NONE',  ( -2.599999999999999645, 0.000000000000000000, 2.200000000000000178 ) ) ;
#1991 = DIRECTION ( 'NONE',  ( -0.000000000000000000, -0.000000000000000000, -1.000000000000000000 ) ) ;
#1992 = SURFACE_STYLE_FILL_AREA ( #1384 ) ;
#1993 = CARTESIAN_POINT ( 'NONE',  ( -3.949999999999999734, -8.673617379884035472E-16, -1.554076788117991846E-15 ) ) ;
#1994 = VECTOR ( 'NONE', #3630, 1000.000000000000000 ) ;
#1995 = SURFACE_STYLE_FILL_AREA ( #796 ) ;
#1996 = ORIENTED_EDGE ( 'NONE', *, *, #1148, .T. ) ;
#1997 = CARTESIAN_POINT ( 'NONE',  ( -2.000000000000000000, 3.550000000000000266, -2.828427124746190735 ) ) ;
#1998 = CARTESIAN_POINT ( 'NONE',  ( -4.349999999999999645, 4.450000000000000178, -2.200000000000000178 ) ) ;
#1999 = LINE ( 'NONE', #3505, #1897 ) ;
#2000 = DIRECTION ( 'NONE',  ( 0.000000000000000000, -0.9408874118687269306, 0.3387194682727414086 ) ) ;
#2001 = AXIS2_PLACEMENT_3D ( 'NONE', #82, #1260, #993 ) ;
#2002 = EDGE_CURVE ( 'NONE', #963, #3502, #2806, .T. ) ;
#2003 = FACE_OUTER_BOUND ( 'NONE', #3615, .T. ) ;
#2004 = VECTOR ( 'NONE', #1504, 1000.000000000000000 ) ;
#2005 = ORIENTED_EDGE ( 'NONE', *, *, #2458, .T. ) ;
#2006 = CARTESIAN_POINT ( 'NONE',  ( -3.349999999999999645, 0.6999999999999991784, 2.200000000000000178 ) ) ;
#2007 = ORIENTED_EDGE ( 'NONE', *, *, #3479, .T. ) ;
#2008 = VECTOR ( 'NONE', #3611, 1000.000000000000000 ) ;
#2009 = CARTESIAN_POINT ( 'NONE',  ( -3.349999999999999645, 0.3999999999999993006, 2.200000000000000178 ) ) ;
#2010 = VECTOR ( 'NONE', #3028, 999.9999999999998863 ) ;
#2011 = ORIENTED_EDGE ( 'NONE', *, *, #1670, .F. ) ;
#2012 =( LENGTH_UNIT ( ) NAMED_UNIT ( * ) SI_UNIT ( .MILLI., .METRE. ) );
#2013 = AXIS2_PLACEMENT_3D ( 'NONE', #2256, #3465, #1668 ) ;
#2014 = EDGE_LOOP ( 'NONE', ( #173, #1096, #280, #979 ) ) ;
#2015 = SURFACE_STYLE_FILL_AREA ( #2034 ) ;
#2016 =( NAMED_UNIT ( * ) PLANE_ANGLE_UNIT ( ) SI_UNIT ( $, .RADIAN. ) );
#2017 = DIRECTION ( 'NONE',  ( 1.000000000000000000, -0.000000000000000000, -0.000000000000000000 ) ) ;
#2018 = ORIENTED_EDGE ( 'NONE', *, *, #307, .F. ) ;
#2019 = CARTESIAN_POINT ( 'NONE',  ( 2.349999999999999645, 4.700000000000000178, 2.000000000000000000 ) ) ;
#2020 = VECTOR ( 'NONE', #345, 1000.000000000000000 ) ;
#2021 = ORIENTED_EDGE ( 'NONE', *, *, #1350, .T. ) ;
#2022 = LINE ( 'NONE', #3282, #1380 ) ;
#2023 = AXIS2_PLACEMENT_3D ( 'NONE', #2695, #3837, #32 ) ;
#2024 = VERTEX_POINT ( 'NONE', #3392 ) ;
#2025 = STYLED_ITEM ( 'NONE', ( #1815 ), #3785 ) ;
#2026 = PLANE ( 'NONE',  #1805 ) ;
#2027 = VERTEX_POINT ( 'NONE', #3690 ) ;
#2028 = EDGE_CURVE ( 'NONE', #3787, #689, #716, .T. ) ;
#2029 = VERTEX_POINT ( 'NONE', #2529 ) ;
#2030 = PLANE ( 'NONE',  #2512 ) ;
#2031 =( NAMED_UNIT ( * ) PLANE_ANGLE_UNIT ( ) SI_UNIT ( $, .RADIAN. ) );
#2032 = FACE_OUTER_BOUND ( 'NONE', #2937, .T. ) ;
#2033 = B_SPLINE_CURVE_WITH_KNOTS ( 'NONE', 3,
 ( #25, #63, #1853, #1872, #3677, #1518, #1262, #104 ),
 .UNSPECIFIED., .F., .F.,
 ( 4, 2, 2, 4 ),
 ( 1.444658443303299715E-20, 0.0002049309090525871710, 0.0003073963635788806888, 0.0004098618181051742878 ),
 .UNSPECIFIED. ) ;
#2034 = FILL_AREA_STYLE ('',( #1047 ) ) ;
#2035 = FILL_AREA_STYLE ('',( #3841 ) ) ;
#2036 = FACE_OUTER_BOUND ( 'NONE', #2182, .T. ) ;
#2037 = PRESENTATION_STYLE_ASSIGNMENT (( #2972 ) ) ;
#2038 = UNCERTAINTY_MEASURE_WITH_UNIT (LENGTH_MEASURE( 1.000000000000000082E-05 ), #1386, 'distance_accuracy_value', 'NONE');
#2039 = AXIS2_PLACEMENT_3D ( 'NONE', #1005, #2787, #1041 ) ;
#2040 = ORIENTED_EDGE ( 'NONE', *, *, #331, .T. ) ;
#2041 = CARTESIAN_POINT ( 'NONE',  ( 3.061616997868383018E-17, 0.7000000000000000666, 0.2500000000000001665 ) ) ;
#2042 = VERTEX_POINT ( 'NONE', #2231 ) ;
#2043 = DIRECTION ( 'NONE',  ( -0.000000000000000000, -0.000000000000000000, -1.000000000000000000 ) ) ;
#2044 = STYLED_ITEM ( 'NONE', ( #1664 ), #96 ) ;
#2045 = EDGE_CURVE ( 'NONE', #3385, #899, #118, .T. ) ;
#2046 =( NAMED_UNIT ( * ) SI_UNIT ( $, .STERADIAN. ) SOLID_ANGLE_UNIT ( ) );
#2047 = VECTOR ( 'NONE', #3592, 1000.000000000000000 ) ;
#2048 = CARTESIAN_POINT ( 'NONE',  ( 6.505213034913027590E-16, 1.550000000000000266, -2.828427124746190735 ) ) ;
#2049 = APPLICATION_CONTEXT ( 'automotive_design' ) ;
#2050 = SURFACE_STYLE_FILL_AREA ( #1534 ) ;
#2051 = EDGE_CURVE ( 'NONE', #3221, #1415, #1068, .T. ) ;
#2052 = DIRECTION ( 'NONE',  ( 0.000000000000000000, 0.000000000000000000, 1.000000000000000000 ) ) ;
#2053 = COLOUR_RGB ( '',0.2509803921568627416, 0.2509803921568627416, 0.2509803921568627416 ) ;
#2054 = LINE ( 'NONE', #1625, #248 ) ;
#2055 = ORIENTED_EDGE ( 'NONE', *, *, #1275, .F. ) ;
#2056 = LINE ( 'NONE', #2078, #876 ) ;
#2057 = VERTEX_POINT ( 'NONE', #161 ) ;
#2058 = ORIENTED_EDGE ( 'NONE', *, *, #1271, .F. ) ;
#2059 = MECHANICAL_DESIGN_GEOMETRIC_PRESENTATION_REPRESENTATION (  '', ( #1113 ), #2316 ) ;
#2060 = B_SPLINE_CURVE_WITH_KNOTS ( 'NONE', 3,
 ( #3817, #2157, #2730, #333, #3361, #659 ),
 .UNSPECIFIED., .F., .F.,
 ( 4, 2, 4 ),
 ( 0.000000000000000000, 0.0002050984712928842425, 0.0004101969425857684851 ),
 .UNSPECIFIED. ) ;
#2061 = AXIS2_PLACEMENT_3D ( 'NONE', #36, #3602, #1161 ) ;
#2062 = FACE_OUTER_BOUND ( 'NONE', #1600, .T. ) ;
#2063 = COLOUR_RGB ( '',0.8470588235294117530, 0.8431372549019607865, 0.8470588235294117530 ) ;
#2064 = CARTESIAN_POINT ( 'NONE',  ( 3.349999999999999645, 0.2500000000000000000, 2.200000000000000178 ) ) ;
#2065 = COLOUR_RGB ( '',0.8470588235294117530, 0.8431372549019607865, 0.8470588235294117530 ) ;
#2066 = CIRCLE ( 'NONE', #1694, 0.2500000000000000000 ) ;
#2067 = DIRECTION ( 'NONE',  ( 4.989666635317766278E-20, 1.000000000000000000, -0.000000000000000000 ) ) ;
#2068 = FILL_AREA_STYLE_COLOUR ( '', #336 ) ;
#2069 = MECHANICAL_DESIGN_GEOMETRIC_PRESENTATION_REPRESENTATION (  '', ( #1310 ), #450 ) ;
#2070 = FACE_OUTER_BOUND ( 'NONE', #3783, .T. ) ;
#2071 = PRESENTATION_LAYER_ASSIGNMENT (  '', '', ( #2831 ) ) ;
#2072 = DIRECTION ( 'NONE',  ( -0.000000000000000000, -1.000000000000000000, -0.000000000000000000 ) ) ;
#2073 = EDGE_CURVE ( 'NONE', #218, #399, #2270, .T. ) ;
#2074 = SURFACE_SIDE_STYLE ('',( #3340 ) ) ;
#2075 = VERTEX_POINT ( 'NONE', #1297 ) ;
#2076 = UNCERTAINTY_MEASURE_WITH_UNIT (LENGTH_MEASURE( 1.000000000000000082E-05 ), #611, 'distance_accuracy_value', 'NONE');
#2077 = ORIENTED_EDGE ( 'NONE', *, *, #2028, .F. ) ;
#2078 = CARTESIAN_POINT ( 'NONE',  ( -3.949999999999999734, 3.826133144475921899, -2.427407932011330871 ) ) ;
#2079 =( NAMED_UNIT ( * ) PLANE_ANGLE_UNIT ( ) SI_UNIT ( $, .RADIAN. ) );
#2080 = STYLED_ITEM ( 'NONE', ( #713 ), #3457 ) ;
#2081 = UNCERTAINTY_MEASURE_WITH_UNIT (LENGTH_MEASURE( 1.000000000000000082E-05 ), #2172, 'distance_accuracy_value', 'NONE');
#2082 = ORIENTED_EDGE ( 'NONE', *, *, #3777, .T. ) ;
#2083 =( NAMED_UNIT ( * ) PLANE_ANGLE_UNIT ( ) SI_UNIT ( $, .RADIAN. ) );
#2084 = PRESENTATION_LAYER_ASSIGNMENT (  '', '', ( #462 ) ) ;
#2085 = SURFACE_STYLE_FILL_AREA ( #33 ) ;
#2086 = SURFACE_STYLE_USAGE ( .BOTH. , #2148 ) ;
#2087 = COLOUR_RGB ( '',0.8470588235294117530, 0.8431372549019607865, 0.8470588235294117530 ) ;
#2088 = AXIS2_PLACEMENT_3D ( 'NONE', #2882, #750, #1023 ) ;
#2089 = PRESENTATION_STYLE_ASSIGNMENT (( #908 ) ) ;
#2090 = SURFACE_STYLE_FILL_AREA ( #885 ) ;
#2091 = SURFACE_STYLE_FILL_AREA ( #2423 ) ;
#2092 = DIRECTION ( 'NONE',  ( -0.000000000000000000, -0.000000000000000000, -1.000000000000000000 ) ) ;
#2093 = DIRECTION ( 'NONE',  ( 1.000000000000000000, 2.090028284309406735E-16, 0.000000000000000000 ) ) ;
#2094 = EDGE_CURVE ( 'NONE', #3110, #854, #3419, .T. ) ;
#2095 = CARTESIAN_POINT ( 'NONE',  ( 0.000000000000000000, 0.000000000000000000, 2.000000000000000000 ) ) ;
#2096 =( LENGTH_UNIT ( ) NAMED_UNIT ( * ) SI_UNIT ( .MILLI., .METRE. ) );
#2097 = ORIENTED_EDGE ( 'NONE', *, *, #1849, .F. ) ;
#2098 =( GEOMETRIC_REPRESENTATION_CONTEXT ( 3 ) GLOBAL_UNCERTAINTY_ASSIGNED_CONTEXT ( ( #3582 ) ) GLOBAL_UNIT_ASSIGNED_CONTEXT ( ( #1255, #1528, #2466 ) ) REPRESENTATION_CONTEXT ( 'NONE', 'WORKASPACE' ) );
#2099 = EDGE_CURVE ( 'NONE', #2235, #418, #2508, .T. ) ;
#2100 = VECTOR ( 'NONE', #1086, 1000.000000000000000 ) ;
#2101 = ORIENTED_EDGE ( 'NONE', *, *, #2514, .F. ) ;
#2102 = PRESENTATION_STYLE_ASSIGNMENT (( #2942 ) ) ;
#2103 = EDGE_CURVE ( 'NONE', #724, #1325, #737, .T. ) ;
#2104 = CARTESIAN_POINT ( 'NONE',  ( -3.237214580261195351, 0.03039392797772669588, -1.202022581406711366 ) ) ;
#2105 = ORIENTED_EDGE ( 'NONE', *, *, #1300, .F. ) ;
#2106 = ORIENTED_EDGE ( 'NONE', *, *, #2388, .T. ) ;
#2107 = SURFACE_SIDE_STYLE ('',( #608 ) ) ;
#2108 = PLANE ( 'NONE',  #2548 ) ;
#2109 = SURFACE_STYLE_FILL_AREA ( #906 ) ;
#2110 = VECTOR ( 'NONE', #933, 1000.000000000000000 ) ;
#2111 = FILL_AREA_STYLE_COLOUR ( '', #3131 ) ;
#2112 = CARTESIAN_POINT ( 'NONE',  ( 3.061616997868383018E-17, 1.407106781186548528, 0.2500000000000001665 ) ) ;
#2113 =( LENGTH_UNIT ( ) NAMED_UNIT ( * ) SI_UNIT ( .MILLI., .METRE. ) );
#2114 = DIRECTION ( 'NONE',  ( 0.000000000000000000, 0.000000000000000000, 1.000000000000000000 ) ) ;
#2115 = CARTESIAN_POINT ( 'NONE',  ( 2.349999999999999201, 0.2500000000000000555, 2.200000000000000178 ) ) ;
#2116 = CARTESIAN_POINT ( 'NONE',  ( -2.599999999999999645, 0.2500000000000000000, 2.200000000000000178 ) ) ;
#2117 = CIRCLE ( 'NONE', #2309, 0.2499999999999999445 ) ;
#2118 = ORIENTED_EDGE ( 'NONE', *, *, #1345, .F. ) ;
#2119 = VECTOR ( 'NONE', #2810, 1000.000000000000000 ) ;
#2120 = ORIENTED_EDGE ( 'NONE', *, *, #3665, .T. ) ;
#2121 = VERTEX_POINT ( 'NONE', #203 ) ;
#2122 = CARTESIAN_POINT ( 'NONE',  ( 3.306119003873634554, 0.1045571479292717321, -1.186916385698000731 ) ) ;
#2123 = ORIENTED_EDGE ( 'NONE', *, *, #1135, .F. ) ;
#2124 = EDGE_CURVE ( 'NONE', #3601, #235, #448, .T. ) ;
#2125 = PRESENTATION_STYLE_ASSIGNMENT (( #927 ) ) ;
#2126 = FILL_AREA_STYLE_COLOUR ( '', #891 ) ;
#2127 = VERTEX_POINT ( 'NONE', #1891 ) ;
#2128 = PLANE ( 'NONE',  #3050 ) ;
#2129 = COLOUR_RGB ( '',0.8470588235294117530, 0.8431372549019607865, 0.8470588235294117530 ) ;
#2130 = FACE_OUTER_BOUND ( 'NONE', #1302, .T. ) ;
#2131 = LINE ( 'NONE', #3297, #691 ) ;
#2132 = AXIS2_PLACEMENT_3D ( 'NONE', #1620, #1028, #3452 ) ;
#2133 = CARTESIAN_POINT ( 'NONE',  ( -2.000000000000000000, 1.550000000000000266, 6.200000000000001066 ) ) ;
#2134 = AXIS2_PLACEMENT_3D ( 'NONE', #3223, #2865, #1987 ) ;
#2135 = CARTESIAN_POINT ( 'NONE',  ( 4.349999999999999645, -2.499999999999999556, 0.1499999999999999667 ) ) ;
#2136 = VECTOR ( 'NONE', #2494, 1000.000000000000000 ) ;
#2137 = SURFACE_STYLE_FILL_AREA ( #2708 ) ;
#2138 = STYLED_ITEM ( 'NONE', ( #2125 ), #3049 ) ;
#2139 = SURFACE_STYLE_FILL_AREA ( #937 ) ;
#2140 = UNCERTAINTY_MEASURE_WITH_UNIT (LENGTH_MEASURE( 1.000000000000000082E-05 ), #2489, 'distance_accuracy_value', 'NONE');
#2141 = ORIENTED_EDGE ( 'NONE', *, *, #1840, .F. ) ;
#2142 = EDGE_CURVE ( 'NONE', #1517, #3625, #3411, .T. ) ;
#2143 = SURFACE_STYLE_FILL_AREA ( #645 ) ;
#2144 = ORIENTED_EDGE ( 'NONE', *, *, #1111, .F. ) ;
#2145 = CARTESIAN_POINT ( 'NONE',  ( 3.349999999999999645, 0.2229852138238121728, -1.133879039099080277 ) ) ;
#2146 = DIRECTION ( 'NONE',  ( 0.000000000000000000, 1.016439536705160777E-16, -1.000000000000000000 ) ) ;
#2147 =( GEOMETRIC_REPRESENTATION_CONTEXT ( 3 ) GLOBAL_UNCERTAINTY_ASSIGNED_CONTEXT ( ( #2198 ) ) GLOBAL_UNIT_ASSIGNED_CONTEXT ( ( #3279, #3062, #1846 ) ) REPRESENTATION_CONTEXT ( 'NONE', 'WORKASPACE' ) );
#2148 = SURFACE_SIDE_STYLE ('',( #882 ) ) ;
#2149 = EDGE_CURVE ( 'NONE', #3270, #1543, #1644, .T. ) ;
#2150 = DIRECTION ( 'NONE',  ( -0.000000000000000000, -1.000000000000000000, 0.000000000000000000 ) ) ;
#2151 = COLOUR_RGB ( '',0.2509803921568627416, 0.2509803921568627416, 0.2509803921568627416 ) ;
#2152 = PRESENTATION_STYLE_ASSIGNMENT (( #986 ) ) ;
#2153 = LINE ( 'NONE', #1555, #1329 ) ;
#2154 = LINE ( 'NONE', #1178, #2769 ) ;
#2155 = DIRECTION ( 'NONE',  ( -9.637352644315614471E-16, 1.000000000000000000, 0.000000000000000000 ) ) ;
#2156 = DIRECTION ( 'NONE',  ( 0.000000000000000000, -0.9408874118687268195, -0.3387194682727416861 ) ) ;
#2157 = CARTESIAN_POINT ( 'NONE',  ( -2.349999999999998757, 0.1959718679618052406, -1.155507025103987839 ) ) ;
#2158 = CARTESIAN_POINT ( 'NONE',  ( -3.306119003873634110, 0.1045571479292716488, -1.186916385698000731 ) ) ;
#2159 =( NAMED_UNIT ( * ) SI_UNIT ( $, .STERADIAN. ) SOLID_ANGLE_UNIT ( ) );
#2160 = ORIENTED_EDGE ( 'NONE', *, *, #2433, .T. ) ;
#2161 = EDGE_LOOP ( 'NONE', ( #3524, #3014, #2889, #918 ) ) ;
#2162 = VERTEX_POINT ( 'NONE', #3454 ) ;
#2163 = UNCERTAINTY_MEASURE_WITH_UNIT (LENGTH_MEASURE( 1.000000000000000082E-05 ), #787, 'distance_accuracy_value', 'NONE');
#2164 = LINE ( 'NONE', #1838, #3085 ) ;
#2165 = FACE_BOUND ( 'NONE', #2398, .T. ) ;
#2166 = ADVANCED_FACE ( 'NONE', ( #1681 ), #2208, .F. ) ;
#2167 = CARTESIAN_POINT ( 'NONE',  ( 3.764213562373102562, 3.550000000000000266, 0.9357864376269482420 ) ) ;
#2168 = CARTESIAN_POINT ( 'NONE',  ( -3.349999999999999645, 0.2500000000000000000, -2.200000000000000178 ) ) ;
#2169 = DIRECTION ( 'NONE',  ( -0.000000000000000000, -0.000000000000000000, -1.000000000000000000 ) ) ;
#2170 = CARTESIAN_POINT ( 'NONE',  ( 4.349999999999999645, 0.000000000000000000, 0.3999999999999996336 ) ) ;
#2171 = CARTESIAN_POINT ( 'NONE',  ( 2.299031112740347975E-16, 3.600000000000000089, 2.200000000000000178 ) ) ;
#2172 =( LENGTH_UNIT ( ) NAMED_UNIT ( * ) SI_UNIT ( .MILLI., .METRE. ) );
#2173 = LINE ( 'NONE', #1039, #91 ) ;
#2174 = PRESENTATION_STYLE_ASSIGNMENT (( #2193 ) ) ;
#2175 = EDGE_CURVE ( 'NONE', #1450, #1706, #1601, .T. ) ;
#2176 = AXIS2_PLACEMENT_3D ( 'NONE', #3020, #327, #3622 ) ;
#2177 = CARTESIAN_POINT ( 'NONE',  ( -4.349999999999999645, -6.245698675651497881E-16, 1.199999999999999734 ) ) ;
#2178 = SURFACE_SIDE_STYLE ('',( #2139 ) ) ;
#2179 = EDGE_LOOP ( 'NONE', ( #2925, #1758, #1813, #146 ) ) ;
#2180 =( LENGTH_UNIT ( ) NAMED_UNIT ( * ) SI_UNIT ( .MILLI., .METRE. ) );
#2181 = ORIENTED_EDGE ( 'NONE', *, *, #1158, .F. ) ;
#2182 = EDGE_LOOP ( 'NONE', ( #581, #604, #1493, #2710, #3420, #667, #3754, #1043, #2694, #802, #2280, #2557 ) ) ;
#2183 = DIRECTION ( 'NONE',  ( -1.000000000000000000, -0.000000000000000000, -0.000000000000000000 ) ) ;
#2184 = DIRECTION ( 'NONE',  ( 1.000000000000000000, 0.000000000000000000, -0.000000000000000000 ) ) ;
#2185 = FACE_OUTER_BOUND ( 'NONE', #2377, .T. ) ;
#2186 = STYLED_ITEM ( 'NONE', ( #490 ), #1685 ) ;
#2187 = FILL_AREA_STYLE_COLOUR ( '', #1423 ) ;
#2188 = FILL_AREA_STYLE_COLOUR ( '', #2447 ) ;
#2189 = DIRECTION ( 'NONE',  ( 0.000000000000000000, 0.000000000000000000, 1.000000000000000000 ) ) ;
#2190 = SURFACE_STYLE_USAGE ( .BOTH. , #3433 ) ;
#2191 = ADVANCED_FACE ( 'NONE', ( #2032 ), #541, .F. ) ;
#2192 = VECTOR ( 'NONE', #347, 1000.000000000000000 ) ;
#2193 = SURFACE_STYLE_USAGE ( .BOTH. , #2475 ) ;
#2194 =( LENGTH_UNIT ( ) NAMED_UNIT ( * ) SI_UNIT ( .MILLI., .METRE. ) );
#2195 = ADVANCED_FACE ( 'NONE', ( #223 ), #3826, .F. ) ;
#2196 = ORIENTED_EDGE ( 'NONE', *, *, #895, .T. ) ;
#2197 = LINE ( 'NONE', #3398, #1808 ) ;
#2198 = UNCERTAINTY_MEASURE_WITH_UNIT (LENGTH_MEASURE( 1.000000000000000082E-05 ), #3279, 'distance_accuracy_value', 'NONE');
#2199 = STYLED_ITEM ( 'NONE', ( #1055 ), #1373 ) ;
#2200 = VERTEX_POINT ( 'NONE', #3784 ) ;
#2201 = VERTEX_POINT ( 'NONE', #1121 ) ;
#2202 = DIRECTION ( 'NONE',  ( 0.000000000000000000, 3.306546357697854226E-16, -1.000000000000000000 ) ) ;
#2203 = DIRECTION ( 'NONE',  ( -1.000000000000000000, 0.000000000000000000, 0.000000000000000000 ) ) ;
#2204 = DIRECTION ( 'NONE',  ( -0.000000000000000000, -0.000000000000000000, 1.000000000000000000 ) ) ;
#2205 = CARTESIAN_POINT ( 'NONE',  ( -4.764213562373091904, 3.550000000000000266, 1.935786437626947354 ) ) ;
#2206 = ORIENTED_EDGE ( 'NONE', *, *, #2392, .F. ) ;
#2207 = CARTESIAN_POINT ( 'NONE',  ( -3.949999999999999734, -1.250000000000000222, 0.5999999999999998668 ) ) ;
#2208 = PLANE ( 'NONE',  #103 ) ;
#2209 = COLOUR_RGB ( '',0.2509803921568627416, 0.2509803921568627416, 0.2509803921568627416 ) ;
#2210 = CARTESIAN_POINT ( 'NONE',  ( 4.099999999999999645, 4.700000000000000178, 1.950000000000000178 ) ) ;
#2211 = DIRECTION ( 'NONE',  ( 0.000000000000000000, -1.000000000000000000, 0.000000000000000000 ) ) ;
#2212 = AXIS2_PLACEMENT_3D ( 'NONE', #10, #1746, #1733 ) ;
#2213 =( GEOMETRIC_REPRESENTATION_CONTEXT ( 3 ) GLOBAL_UNCERTAINTY_ASSIGNED_CONTEXT ( ( #2987 ) ) GLOBAL_UNIT_ASSIGNED_CONTEXT ( ( #3246, #1420, #557 ) ) REPRESENTATION_CONTEXT ( 'NONE', 'WORKASPACE' ) );
#2214 = PRESENTATION_LAYER_ASSIGNMENT (  '', '', ( #27 ) ) ;
#2215 = EDGE_CURVE ( 'NONE', #1592, #2450, #555, .T. ) ;
#2216 = ORIENTED_EDGE ( 'NONE', *, *, #1212, .T. ) ;
#2217 = DIRECTION ( 'NONE',  ( 1.000000000000000000, 0.000000000000000000, 0.000000000000000000 ) ) ;
#2218 = ORIENTED_EDGE ( 'NONE', *, *, #3399, .T. ) ;
#2219 = ORIENTED_EDGE ( 'NONE', *, *, #2487, .F. ) ;
#2220 = CARTESIAN_POINT ( 'NONE',  ( -3.252606517456501592E-17, 4.700000000000000178, 6.200000000000001066 ) ) ;
#2221 = PRESENTATION_STYLE_ASSIGNMENT (( #2561 ) ) ;
#2222 = EDGE_CURVE ( 'NONE', #218, #2415, #843, .T. ) ;
#2223 = CARTESIAN_POINT ( 'NONE',  ( -3.349999999999999645, 0.2229852138238122006, -1.133879039099080277 ) ) ;
#2224 = STYLED_ITEM ( 'NONE', ( #3293 ), #2245 ) ;
#2225 = CARTESIAN_POINT ( 'NONE',  ( 0.000000000000000000, 0.6999999999999992895, 2.000000000000000000 ) ) ;
#2226 = SURFACE_STYLE_USAGE ( .BOTH. , #1581 ) ;
#2227 = DIRECTION ( 'NONE',  ( 0.000000000000000000, 1.000000000000000000, 0.000000000000000000 ) ) ;
#2228 = STYLED_ITEM ( 'NONE', ( #1947 ), #2311 ) ;
#2229 = DIRECTION ( 'NONE',  ( 0.000000000000000000, 3.306546357697854226E-16, -1.000000000000000000 ) ) ;
#2230 = B_SPLINE_CURVE_WITH_KNOTS ( 'NONE', 3,
 ( #3322, #3051, #355, #1540, #2753, #1242 ),
 .UNSPECIFIED., .F., .F.,
 ( 4, 2, 4 ),
 ( 0.000000000000000000, 0.0002050984712928842697, 0.0004101969425857685393 ),
 .UNSPECIFIED. ) ;
#2231 = CARTESIAN_POINT ( 'NONE',  ( -3.349999999999999645, 0.6999999999999991784, 2.200000000000000178 ) ) ;
#2232 = CLOSED_SHELL ( 'NONE', ( #2630, #2531, #3213, #1037, #2683, #3738, #3694, #15, #1128, #3642, #2378, #2680, #3785, #1192, #58, #2758, #96, #2883, #2934, #579, #1070, #301, #3284, #2245, #789, #184, #1643, #138, #2670, #2603, #2166, #1855, #2271, #170, #660, #563, #2827, #3097, #2924, #3375, #522, #919, #2191, #545, #1033, #497, #3335, #3457, #376, #2675, #2558, #844, #119, #2311, #3255, #1155, #3068, #1153, #3563, #2818, #3196, #2195, #3261, #1720, #3049, #2368, #1732, #1685, #3244, #1505, #187, #2978, #1373, #583, #344, #3304, #3348, #3299, #268, #3669, #2361, #1825, #3370 ) ) ;
#2233 =( NAMED_UNIT ( * ) PLANE_ANGLE_UNIT ( ) SI_UNIT ( $, .RADIAN. ) );
#2234 = UNCERTAINTY_MEASURE_WITH_UNIT (LENGTH_MEASURE( 1.000000000000000082E-05 ), #1499, 'distance_accuracy_value', 'NONE');
#2235 = VERTEX_POINT ( 'NONE', #2064 ) ;
#2236 = VECTOR ( 'NONE', #2408, 1000.000000000000000 ) ;
#2237 = EDGE_CURVE ( 'NONE', #494, #1692, #3277, .T. ) ;
#2238 = UNCERTAINTY_MEASURE_WITH_UNIT (LENGTH_MEASURE( 1.000000000000000082E-05 ), #3176, 'distance_accuracy_value', 'NONE');
#2239 = VERTEX_POINT ( 'NONE', #504 ) ;
#2240 = VERTEX_POINT ( 'NONE', #1698 ) ;
#2241 = LINE ( 'NONE', #3181, #3462 ) ;
#2242 = FILL_AREA_STYLE_COLOUR ( '', #1069 ) ;
#2243 = CYLINDRICAL_SURFACE ( 'NONE', #40, 0.3999999999999999667 ) ;
#2244 =( LENGTH_UNIT ( ) NAMED_UNIT ( * ) SI_UNIT ( .MILLI., .METRE. ) );
#2245 = ADVANCED_FACE ( 'NONE', ( #2165, #34, #1207, #650 ), #2128, .F. ) ;
#2246 = PRESENTATION_STYLE_ASSIGNMENT (( #1641 ) ) ;
#2247 = LINE ( 'NONE', #222, #1875 ) ;
#2248 = STYLED_ITEM ( 'NONE', ( #3554 ), #1732 ) ;
#2249 = DIRECTION ( 'NONE',  ( 1.000000000000000000, 0.000000000000000000, 0.000000000000000000 ) ) ;
#2250 = AXIS2_PLACEMENT_3D ( 'NONE', #2448, #1486, #2155 ) ;
#2251 = DIRECTION ( 'NONE',  ( -0.000000000000000000, 0.000000000000000000, -1.000000000000000000 ) ) ;
#2252 = SURFACE_STYLE_USAGE ( .BOTH. , #3693 ) ;
#2253 = LINE ( 'NONE', #3461, #800 ) ;
#2254 = STYLED_ITEM ( 'NONE', ( #2824 ), #789 ) ;
#2255 = VECTOR ( 'NONE', #3316, 1000.000000000000000 ) ;
#2256 = CARTESIAN_POINT ( 'NONE',  ( 0.000000000000000000, 1.407106781186548528, 1.408343819019456275E-16 ) ) ;
#2257 = VECTOR ( 'NONE', #715, 1000.000000000000000 ) ;
#2258 = EDGE_CURVE ( 'NONE', #1549, #1009, #3352, .T. ) ;
#2259 = APPLICATION_PROTOCOL_DEFINITION ( 'draft international standard', 'automotive_design', 1998, #664 ) ;
#2260 = VECTOR ( 'NONE', #2202, 1000.000000000000000 ) ;
#2261 =( NAMED_UNIT ( * ) SI_UNIT ( $, .STERADIAN. ) SOLID_ANGLE_UNIT ( ) );
#2262 = VECTOR ( 'NONE', #2043, 1000.000000000000000 ) ;
#2263 = PRESENTATION_STYLE_ASSIGNMENT (( #1061 ) ) ;
#2264 = EDGE_CURVE ( 'NONE', #2240, #855, #1503, .T. ) ;
#2265 = DIRECTION ( 'NONE',  ( 0.000000000000000000, 1.000000000000000000, -0.000000000000000000 ) ) ;
#2266 =( NAMED_UNIT ( * ) PLANE_ANGLE_UNIT ( ) SI_UNIT ( $, .RADIAN. ) );
#2267 = ORIENTED_EDGE ( 'NONE', *, *, #3612, .T. ) ;
#2268 = SURFACE_SIDE_STYLE ('',( #3781 ) ) ;
#2269 =( BOUNDED_CURVE ( )  B_SPLINE_CURVE ( 3, ( #2488, #1935, #1013, #2210 ),
 .UNSPECIFIED., .F., .F. ) 
 B_SPLINE_CURVE_WITH_KNOTS ( ( 4, 4 ),
 ( 0.000000000000000000, 1.570796326794896558 ),
 .UNSPECIFIED. ) 
 CURVE ( )  GEOMETRIC_REPRESENTATION_ITEM ( )  RATIONAL_B_SPLINE_CURVE ( ( 1.000000000000000000, 0.8047378541243649375, 0.8047378541243649375, 1.000000000000000000 ) ) 
 REPRESENTATION_ITEM ( '' )  );
#2270 = LINE ( 'NONE', #468, #3549 ) ;
#2271 = ADVANCED_FACE ( 'NONE', ( #3586 ), #1174, .T. ) ;
#2272 =( NAMED_UNIT ( * ) PLANE_ANGLE_UNIT ( ) SI_UNIT ( $, .RADIAN. ) );
#2273 =( NAMED_UNIT ( * ) PLANE_ANGLE_UNIT ( ) SI_UNIT ( $, .RADIAN. ) );
#2274 = LINE ( 'NONE', #2870, #1433 ) ;
#2275 = SURFACE_STYLE_USAGE ( .BOTH. , #2593 ) ;
#2277 = EDGE_CURVE ( 'NONE', #2760, #705, #1191, .T. ) ;
#2276 = COLOUR_RGB ( '',0.8470588235294117530, 0.8431372549019607865, 0.8470588235294117530 ) ;
#2278 = STYLED_ITEM ( 'NONE', ( #289 ), #3669 ) ;
#2279 = SURFACE_SIDE_STYLE ('',( #264 ) ) ;
#2280 = ORIENTED_EDGE ( 'NONE', *, *, #952, .T. ) ;
#2281 = CARTESIAN_POINT ( 'NONE',  ( 4.349999999999999645, -1.250000000000000222, -0.6000000000000001998 ) ) ;
#2282 = AXIS2_PLACEMENT_3D ( 'NONE', #461, #420, #2184 ) ;
#2283 = ADVANCED_BREP_SHAPE_REPRESENTATION ( 'SK12D07VG4', ( #3486, #962 ), #2913 ) ;
#2284 =( NAMED_UNIT ( * ) SI_UNIT ( $, .STERADIAN. ) SOLID_ANGLE_UNIT ( ) );
#2285 = VERTEX_POINT ( 'NONE', #1482 ) ;
#2286 = CARTESIAN_POINT ( 'NONE',  ( 2.075000000000000178, 4.700000000000000178, 2.200000000000000178 ) ) ;
#2287 = CARTESIAN_POINT ( 'NONE',  ( 2.349999999999999645, 0.6999999999999992895, 2.000000000000000000 ) ) ;
#2288 = DIRECTION ( 'NONE',  ( -1.000000000000000000, 0.000000000000000000, 0.000000000000000000 ) ) ;
#2289 = PRESENTATION_LAYER_ASSIGNMENT (  '', '', ( #1904 ) ) ;
#2290 = PRESENTATION_STYLE_ASSIGNMENT (( #1341 ) ) ;
#2291 =( NAMED_UNIT ( * ) SI_UNIT ( $, .STERADIAN. ) SOLID_ANGLE_UNIT ( ) );
#2292 = SURFACE_STYLE_USAGE ( .BOTH. , #2314 ) ;
#2293 = CARTESIAN_POINT ( 'NONE',  ( -4.099999999999999645, 4.700000000000000178, -1.950000000000000178 ) ) ;
#2294 = DIRECTION ( 'NONE',  ( 0.000000000000000000, -1.000000000000000000, 0.000000000000000000 ) ) ;
#2295 = ORIENTED_EDGE ( 'NONE', *, *, #2798, .T. ) ;
#2296 = EDGE_CURVE ( 'NONE', #2200, #620, #3867, .T. ) ;
#2297 = CARTESIAN_POINT ( 'NONE',  ( -4.349999999999999645, -3.061616997868380676E-16, -1.199999999999999734 ) ) ;
#2298 = CARTESIAN_POINT ( 'NONE',  ( 2.349999999999999645, 1.349999999999999645, -2.000000000000000000 ) ) ;
#2299 =( GEOMETRIC_REPRESENTATION_CONTEXT ( 3 ) GLOBAL_UNCERTAINTY_ASSIGNED_CONTEXT ( ( #857 ) ) GLOBAL_UNIT_ASSIGNED_CONTEXT ( ( #542, #2272, #2891 ) ) REPRESENTATION_CONTEXT ( 'NONE', 'WORKASPACE' ) );
#2300 = LINE ( 'NONE', #1305, #3723 ) ;
#2301 = ORIENTED_EDGE ( 'NONE', *, *, #3416, .T. ) ;
#2302 = SURFACE_STYLE_FILL_AREA ( #192 ) ;
#2303 = ORIENTED_EDGE ( 'NONE', *, *, #1019, .T. ) ;
#2304 = MECHANICAL_DESIGN_GEOMETRIC_PRESENTATION_REPRESENTATION (  '', ( #977 ), #2623 ) ;
#2305 = DIRECTION ( 'NONE',  ( -0.000000000000000000, 1.000000000000000000, 0.000000000000000000 ) ) ;
#2306 = ORIENTED_EDGE ( 'NONE', *, *, #1840, .T. ) ;
#2307 = CARTESIAN_POINT ( 'NONE',  ( -2.000000000000000000, -2.349999999999999645, 7.531577814756221078E-16 ) ) ;
#2308 =( LENGTH_UNIT ( ) NAMED_UNIT ( * ) SI_UNIT ( .MILLI., .METRE. ) );
#2309 = AXIS2_PLACEMENT_3D ( 'NONE', #480, #2150, #731 ) ;
#2310 = ORIENTED_EDGE ( 'NONE', *, *, #2073, .T. ) ;
#2311 = ADVANCED_FACE ( 'NONE', ( #905 ), #2108, .T. ) ;
#2312 = SURFACE_STYLE_FILL_AREA ( #227 ) ;
#2313 = PRESENTATION_STYLE_ASSIGNMENT (( #2652 ) ) ;
#2314 = SURFACE_SIDE_STYLE ('',( #488 ) ) ;
#2315 =( LENGTH_UNIT ( ) NAMED_UNIT ( * ) SI_UNIT ( .MILLI., .METRE. ) );
#2316 =( GEOMETRIC_REPRESENTATION_CONTEXT ( 3 ) GLOBAL_UNCERTAINTY_ASSIGNED_CONTEXT ( ( #2678 ) ) GLOBAL_UNIT_ASSIGNED_CONTEXT ( ( #2113, #3025, #3604 ) ) REPRESENTATION_CONTEXT ( 'NONE', 'WORKASPACE' ) );
#2317 = CARTESIAN_POINT ( 'NONE',  ( 0.000000000000000000, 1.550000000000000266, 6.200000000000001066 ) ) ;
#2318 = EDGE_CURVE ( 'NONE', #819, #2606, #3245, .T. ) ;
#2319 = PRESENTATION_LAYER_ASSIGNMENT (  '', '', ( #3012 ) ) ;
#2320 = ORIENTED_EDGE ( 'NONE', *, *, #163, .T. ) ;
#2321 = ORIENTED_EDGE ( 'NONE', *, *, #1477, .F. ) ;
#2322 = ORIENTED_EDGE ( 'NONE', *, *, #45, .T. ) ;
#2323 = LINE ( 'NONE', #2391, #3770 ) ;
#2324 =( GEOMETRIC_REPRESENTATION_CONTEXT ( 3 ) GLOBAL_UNCERTAINTY_ASSIGNED_CONTEXT ( ( #3113 ) ) GLOBAL_UNIT_ASSIGNED_CONTEXT ( ( #815, #1702, #3494 ) ) REPRESENTATION_CONTEXT ( 'NONE', 'WORKASPACE' ) );
#2325 = DIRECTION ( 'NONE',  ( -1.000000000000000000, 0.000000000000000000, 0.000000000000000000 ) ) ;
#2326 = DIRECTION ( 'NONE',  ( -0.000000000000000000, -1.000000000000000000, -0.000000000000000000 ) ) ;
#2327 = AXIS2_PLACEMENT_3D ( 'NONE', #1098, #1926, #1982 ) ;
#2328 = STYLED_ITEM ( 'NONE', ( #3389 ), #2758 ) ;
#2329 = SURFACE_STYLE_FILL_AREA ( #1116 ) ;
#2330 = ORIENTED_EDGE ( 'NONE', *, *, #607, .T. ) ;
#2331 = COLOUR_RGB ( '',0.8470588235294117530, 0.8431372549019607865, 0.8470588235294117530 ) ;
#2332 = FILL_AREA_STYLE ('',( #1120 ) ) ;
#2333 = VECTOR ( 'NONE', #403, 1000.000000000000000 ) ;
#2334 = CARTESIAN_POINT ( 'NONE',  ( -4.349999999999999645, -3.551475717527321860E-16, -0.7999999999999997113 ) ) ;
#2335 = VECTOR ( 'NONE', #894, 1000.000000000000000 ) ;
#2336 = CARTESIAN_POINT ( 'NONE',  ( -2.599999999999999645, 0.000000000000000000, 2.200000000000000178 ) ) ;
#2337 =( NAMED_UNIT ( * ) SI_UNIT ( $, .STERADIAN. ) SOLID_ANGLE_UNIT ( ) );
#2338 = DIRECTION ( 'NONE',  ( -0.000000000000000000, -0.000000000000000000, -1.000000000000000000 ) ) ;
#2339 = CARTESIAN_POINT ( 'NONE',  ( 3.329218458540547765, 0.1294374611323830249, 1.181844205578191698 ) ) ;
#2340 = AXIS2_PLACEMENT_3D ( 'NONE', #406, #3354, #3041 ) ;
#2341 = LINE ( 'NONE', #2317, #1008 ) ;
#2342 = EDGE_CURVE ( 'NONE', #763, #1856, #1527, .T. ) ;
#2343 = PRESENTATION_LAYER_ASSIGNMENT (  '', '', ( #458 ) ) ;
#2344 = EDGE_LOOP ( 'NONE', ( #601, #1537, #398, #3117 ) ) ;
#2345 = CIRCLE ( 'NONE', #3174, 0.3999999999999999667 ) ;
#2346 = SURFACE_STYLE_FILL_AREA ( #3864 ) ;
#2347 = FACE_OUTER_BOUND ( 'NONE', #26, .T. ) ;
#2348 = ORIENTED_EDGE ( 'NONE', *, *, #632, .T. ) ;
#2349 = EDGE_CURVE ( 'NONE', #567, #603, #3431, .T. ) ;
#2350 = SURFACE_STYLE_FILL_AREA ( #3839 ) ;
#2351 = FILL_AREA_STYLE_COLOUR ( '', #2410 ) ;
#2352 = DIRECTION ( 'NONE',  ( -1.000000000000000000, 4.989666635317766278E-20, 0.000000000000000000 ) ) ;
#2353 = DIRECTION ( 'NONE',  ( 1.000000000000000000, -3.761581922631320025E-34, 0.000000000000000000 ) ) ;
#2354 = STYLED_ITEM ( 'NONE', ( #1749 ), #2191 ) ;
#2355 = UNCERTAINTY_MEASURE_WITH_UNIT (LENGTH_MEASURE( 1.000000000000000082E-05 ), #3101, 'distance_accuracy_value', 'NONE');
#2356 = DIRECTION ( 'NONE',  ( 1.000000000000000000, 0.000000000000000000, 1.224646799147353207E-16 ) ) ;
#2357 = VERTEX_POINT ( 'NONE', #3144 ) ;
#2358 = ORIENTED_EDGE ( 'NONE', *, *, #1477, .T. ) ;
#2359 = CARTESIAN_POINT ( 'NONE',  ( -3.949999999999999734, 4.645085803432136728, -0.3432137285491430045 ) ) ;
#2360 = ORIENTED_EDGE ( 'NONE', *, *, #3791, .F. ) ;
#2361 = ADVANCED_FACE ( 'NONE', ( #2185 ), #1905, .T. ) ;
#2362 = DIRECTION ( 'NONE',  ( -1.000000000000000000, 0.000000000000000000, 0.000000000000000000 ) ) ;
#2363 = COLOUR_RGB ( '',0.8470588235294117530, 0.8431372549019607865, 0.8470588235294117530 ) ;
#2364 = UNCERTAINTY_MEASURE_WITH_UNIT (LENGTH_MEASURE( 1.000000000000000082E-05 ), #1259, 'distance_accuracy_value', 'NONE');
#2365 = CARTESIAN_POINT ( 'NONE',  ( 2.075000000000000178, 4.700000000000000178, 2.000000000000000000 ) ) ;
#2366 = CIRCLE ( 'NONE', #178, 0.3999999999999999667 ) ;
#2367 = CARTESIAN_POINT ( 'NONE',  ( 4.349999999999999645, -3.551475717527321860E-16, -0.7999999999999997113 ) ) ;
#2368 = ADVANCED_FACE ( 'NONE', ( #3120 ), #2243, .F. ) ;
#2369 = CARTESIAN_POINT ( 'NONE',  ( -3.252606517456501592E-17, 4.700000000000000178, -2.828427124746190735 ) ) ;
#2370 = LINE ( 'NONE', #2689, #2437 ) ;
#2371 = CARTESIAN_POINT ( 'NONE',  ( -2.000000000000000000, 4.700000000000000178, 6.200000000000001066 ) ) ;
#2372 = ORIENTED_EDGE ( 'NONE', *, *, #872, .F. ) ;
#2373 = ORIENTED_EDGE ( 'NONE', *, *, #1622, .T. ) ;
#2374 = DIRECTION ( 'NONE',  ( 0.000000000000000000, -0.9408874118687269306, 0.3387194682727414086 ) ) ;
#2375 = MECHANICAL_DESIGN_GEOMETRIC_PRESENTATION_REPRESENTATION (  '', ( #3585 ), #3203 ) ;
#2376 = DIRECTION ( 'NONE',  ( -0.000000000000000000, -0.000000000000000000, -1.000000000000000000 ) ) ;
#2377 = EDGE_LOOP ( 'NONE', ( #2206, #1166, #1497 ) ) ;
#2378 = ADVANCED_FACE ( 'NONE', ( #1783, #1198 ), #3571, .T. ) ;
#2379 = MECHANICAL_DESIGN_GEOMETRIC_PRESENTATION_REPRESENTATION (  '', ( #1443 ), #1628 ) ;
#2380 = PRESENTATION_STYLE_ASSIGNMENT (( #2697 ) ) ;
#2381 = CARTESIAN_POINT ( 'NONE',  ( -4.349999999999999645, -1.734723475976807094E-15, 2.935478377556205177E-15 ) ) ;
#2382 = EDGE_CURVE ( 'NONE', #1945, #2027, #1513, .T. ) ;
#2383 = AXIS2_PLACEMENT_3D ( 'NONE', #2757, #2459, #3383 ) ;
#2384 = PLANE ( 'NONE',  #2176 ) ;
#2385 = PLANE ( 'NONE',  #3039 ) ;
#2386 = MECHANICAL_DESIGN_GEOMETRIC_PRESENTATION_REPRESENTATION (  '', ( #3710 ), #3274 ) ;
#2387 = FACE_OUTER_BOUND ( 'NONE', #257, .T. ) ;
#2388 = EDGE_CURVE ( 'NONE', #1517, #1272, #1539, .T. ) ;
#2389 = CARTESIAN_POINT ( 'NONE',  ( 3.099999999999999645, -1.084202172485504434E-16, 2.200000000000000178 ) ) ;
#2390 = VECTOR ( 'NONE', #2835, 1000.000000000000000 ) ;
#2391 = CARTESIAN_POINT ( 'NONE',  ( -3.949999999999999734, 4.645085803432136728, -0.3432137285491430045 ) ) ;
#2392 = EDGE_CURVE ( 'NONE', #3327, #2945, #1979, .T. ) ;
#2393 = ORIENTED_EDGE ( 'NONE', *, *, #1687, .T. ) ;
#2394 = LINE ( 'NONE', #600, #804 ) ;
#2395 = CARTESIAN_POINT ( 'NONE',  ( -4.349999999999999645, 4.700000000000000178, -2.200000000000000178 ) ) ;
#2396 = PRESENTATION_LAYER_ASSIGNMENT (  '', '', ( #3404 ) ) ;
#2397 = CARTESIAN_POINT ( 'NONE',  ( -4.349999999999999645, -9.852396348986294787E-16, 1.199999999999999734 ) ) ;
#2398 = EDGE_LOOP ( 'NONE', ( #3682, #3495 ) ) ;
#2399 =( NAMED_UNIT ( * ) PLANE_ANGLE_UNIT ( ) SI_UNIT ( $, .RADIAN. ) );
#2400 = AXIS2_PLACEMENT_3D ( 'NONE', #1861, #1290, #2797 ) ;
#2401 =( NAMED_UNIT ( * ) PLANE_ANGLE_UNIT ( ) SI_UNIT ( $, .RADIAN. ) );
#2402 =( NAMED_UNIT ( * ) SI_UNIT ( $, .STERADIAN. ) SOLID_ANGLE_UNIT ( ) );
#2403 = COLOUR_RGB ( '',0.8470588235294117530, 0.8431372549019607865, 0.8470588235294117530 ) ;
#2404 = COLOUR_RGB ( '',0.2509803921568627416, 0.2509803921568627416, 0.2509803921568627416 ) ;
#2405 =( LENGTH_UNIT ( ) NAMED_UNIT ( * ) SI_UNIT ( .MILLI., .METRE. ) );
#2406 = DIRECTION ( 'NONE',  ( 0.000000000000000000, 1.000000000000000000, 0.000000000000000000 ) ) ;
#2407 = DIRECTION ( 'NONE',  ( -1.000000000000000000, -0.000000000000000000, -0.000000000000000000 ) ) ;
#2408 = DIRECTION ( 'NONE',  ( 2.065146995210484202E-16, -1.000000000000000000, -0.000000000000000000 ) ) ;
#2409 = FILL_AREA_STYLE_COLOUR ( '', #2516 ) ;
#2410 = COLOUR_RGB ( '',0.8470588235294117530, 0.8431372549019607865, 0.8470588235294117530 ) ;
#2411 = DIRECTION ( 'NONE',  ( 0.000000000000000000, 0.000000000000000000, 1.000000000000000000 ) ) ;
#2412 = PRESENTATION_STYLE_ASSIGNMENT (( #2733 ) ) ;
#2413 = EDGE_CURVE ( 'NONE', #819, #896, #1770, .T. ) ;
#2414 = PRESENTATION_LAYER_ASSIGNMENT (  '', '', ( #3734 ) ) ;
#2415 = VERTEX_POINT ( 'NONE', #3628 ) ;
#2416 = CARTESIAN_POINT ( 'NONE',  ( 2.075000000000001066, 1.499999999999999778, 2.000000000000000000 ) ) ;
#2417 = ORIENTED_EDGE ( 'NONE', *, *, #1788, .F. ) ;
#2418 = ORIENTED_EDGE ( 'NONE', *, *, #746, .T. ) ;
#2419 = AXIS2_PLACEMENT_3D ( 'NONE', #3027, #2451, #101 ) ;
#2420 = PLANE ( 'NONE',  #266 ) ;
#2421 = DIRECTION ( 'NONE',  ( 0.000000000000000000, -1.000000000000000000, -1.016439536705160777E-16 ) ) ;
#2422 =( GEOMETRIC_REPRESENTATION_CONTEXT ( 3 ) GLOBAL_UNCERTAINTY_ASSIGNED_CONTEXT ( ( #3851 ) ) GLOBAL_UNIT_ASSIGNED_CONTEXT ( ( #2974, #580, #41 ) ) REPRESENTATION_CONTEXT ( 'NONE', 'WORKASPACE' ) );
#2423 = FILL_AREA_STYLE ('',( #1209 ) ) ;
#2424 = CARTESIAN_POINT ( 'NONE',  ( 2.299031112740347975E-16, 3.600000000000000089, 2.000000000000000000 ) ) ;
#2425 = DIRECTION ( 'NONE',  ( -0.000000000000000000, -0.000000000000000000, -1.000000000000000000 ) ) ;
#2426 = AXIS2_PLACEMENT_3D ( 'NONE', #2369, #16, #556 ) ;
#2427 = CARTESIAN_POINT ( 'NONE',  ( 3.949999999999999734, -9.063624274963587724E-16, 1.199999999999999734 ) ) ;
#2428 = DIRECTION ( 'NONE',  ( -0.000000000000000000, -0.000000000000000000, -1.000000000000000000 ) ) ;
#2429 = DIRECTION ( 'NONE',  ( 1.000000000000000000, 0.000000000000000000, 0.000000000000000000 ) ) ;
#2430 = DIRECTION ( 'NONE',  ( 0.000000000000000000, 1.000000000000000000, 0.000000000000000000 ) ) ;
#2431 = PRESENTATION_LAYER_ASSIGNMENT (  '', '', ( #1786 ) ) ;
#2432 = ORIENTED_EDGE ( 'NONE', *, *, #1252, .F. ) ;
#2433 = EDGE_CURVE ( 'NONE', #339, #1592, #61, .T. ) ;
#2434 = SURFACE_STYLE_FILL_AREA ( #1495 ) ;
#2435 = VERTEX_POINT ( 'NONE', #2984 ) ;
#2436 = ORIENTED_EDGE ( 'NONE', *, *, #394, .T. ) ;
#2437 = VECTOR ( 'NONE', #3206, 1000.000000000000000 ) ;
#2438 = UNCERTAINTY_MEASURE_WITH_UNIT (LENGTH_MEASURE( 1.000000000000000082E-05 ), #2740, 'distance_accuracy_value', 'NONE');
#2439 = DIRECTION ( 'NONE',  ( 0.000000000000000000, 0.9408874118687269306, -0.3387194682727414086 ) ) ;
#2440 = DIRECTION ( 'NONE',  ( -0.000000000000000000, -0.000000000000000000, -1.000000000000000000 ) ) ;
#2441 = DIRECTION ( 'NONE',  ( -1.000000000000000000, 0.000000000000000000, 0.000000000000000000 ) ) ;
#2442 = STYLED_ITEM ( 'NONE', ( #2871 ), #3261 ) ;
#2443 = FILL_AREA_STYLE ('',( #1230 ) ) ;
#2444 = CARTESIAN_POINT ( 'NONE',  ( 3.949999999999999734, -8.673617379884035472E-16, -1.554076788117991846E-15 ) ) ;
#2445 = SURFACE_SIDE_STYLE ('',( #2050 ) ) ;
#2446 = PLANE ( 'NONE',  #3458 ) ;
#2447 = COLOUR_RGB ( '',0.8470588235294117530, 0.8431372549019607865, 0.8470588235294117530 ) ;
#2448 = CARTESIAN_POINT ( 'NONE',  ( -2.349999999999999645, 0.6999999999999991784, 2.200000000000000178 ) ) ;
#2449 = PRESENTATION_LAYER_ASSIGNMENT (  '', '', ( #3710 ) ) ;
#2450 = VERTEX_POINT ( 'NONE', #2135 ) ;
#2451 = DIRECTION ( 'NONE',  ( -0.000000000000000000, -1.000000000000000000, 0.000000000000000000 ) ) ;
#2452 = VECTOR ( 'NONE', #1201, 1000.000000000000000 ) ;
#2453 = FACE_OUTER_BOUND ( 'NONE', #2161, .T. ) ;
#2454 = LINE ( 'NONE', #3655, #2119 ) ;
#2455 = SURFACE_STYLE_USAGE ( .BOTH. , #2178 ) ;
#2456 = UNCERTAINTY_MEASURE_WITH_UNIT (LENGTH_MEASURE( 1.000000000000000082E-05 ), #1382, 'distance_accuracy_value', 'NONE');
#2457 = EDGE_LOOP ( 'NONE', ( #317, #415, #2216, #1965, #1458, #3796, #3418, #2795, #3286, #65, #2796, #569, #879, #351, #2774, #447, #3054, #3775, #2620, #2306 ) ) ;
#2458 = EDGE_CURVE ( 'NONE', #828, #3170, #3555, .T. ) ;
#2459 = DIRECTION ( 'NONE',  ( 0.000000000000000000, -1.000000000000000000, -3.306546357697854719E-16 ) ) ;
#2460 = ORIENTED_EDGE ( 'NONE', *, *, #2613, .T. ) ;
#2461 = ORIENTED_EDGE ( 'NONE', *, *, #1266, .F. ) ;
#2462 = LINE ( 'NONE', #3368, #707 ) ;
#2463 = LINE ( 'NONE', #3666, #941 ) ;
#2464 = FACE_BOUND ( 'NONE', #1860, .T. ) ;
#2465 = PRESENTATION_LAYER_ASSIGNMENT (  '', '', ( #84 ) ) ;
#2466 =( NAMED_UNIT ( * ) SI_UNIT ( $, .STERADIAN. ) SOLID_ANGLE_UNIT ( ) );
#2467 = DIRECTION ( 'NONE',  ( -1.000000000000000000, 0.000000000000000000, 0.000000000000000000 ) ) ;
#2468 = EDGE_CURVE ( 'NONE', #3007, #2945, #358, .T. ) ;
#2469 =( NAMED_UNIT ( * ) PLANE_ANGLE_UNIT ( ) SI_UNIT ( $, .RADIAN. ) );
#2470 = FILL_AREA_STYLE ('',( #2188 ) ) ;
#2471 = MECHANICAL_DESIGN_GEOMETRIC_PRESENTATION_REPRESENTATION (  '', ( #3664 ), #3410 ) ;
#2472 = CARTESIAN_POINT ( 'NONE',  ( 3.349999999999999645, -3.551475717527321860E-16, -0.7999999999999997113 ) ) ;
#2473 = EDGE_LOOP ( 'NONE', ( #3717, #3572, #3508, #2105 ) ) ;
#2474 = FILL_AREA_STYLE ('',( #81 ) ) ;
#2475 = SURFACE_SIDE_STYLE ('',( #3130 ) ) ;
#2476 = CARTESIAN_POINT ( 'NONE',  ( 2.349999999999999201, 0.2500000000000000555, -2.200000000000000178 ) ) ;
#2477 = ORIENTED_EDGE ( 'NONE', *, *, #3774, .T. ) ;
#2478 = CARTESIAN_POINT ( 'NONE',  ( -3.349999999999999645, 0.3999999999999994116, 0.7999999999999997113 ) ) ;
#2479 = COLOUR_RGB ( '',0.8470588235294117530, 0.8431372549019607865, 0.8470588235294117530 ) ;
#2480 = ORIENTED_EDGE ( 'NONE', *, *, #2975, .T. ) ;
#2481 = ORIENTED_EDGE ( 'NONE', *, *, #732, .F. ) ;
#2482 = PLANE ( 'NONE',  #1511 ) ;
#2483 = CARTESIAN_POINT ( 'NONE',  ( 2.349999999999999645, 0.3999999999999996336, -0.7999999999999997113 ) ) ;
#2484 = DIRECTION ( 'NONE',  ( -0.000000000000000000, -0.000000000000000000, 1.000000000000000000 ) ) ;
#2485 = SURFACE_SIDE_STYLE ('',( #3646 ) ) ;
#2486 = DIRECTION ( 'NONE',  ( 0.000000000000000000, 1.000000000000000000, 0.000000000000000000 ) ) ;
#2487 = EDGE_CURVE ( 'NONE', #107, #1149, #3873, .T. ) ;
#2488 = CARTESIAN_POINT ( 'NONE',  ( 4.349999999999999645, 4.450000000000000178, 2.200000000000000178 ) ) ;
#2489 =( LENGTH_UNIT ( ) NAMED_UNIT ( * ) SI_UNIT ( .MILLI., .METRE. ) );
#2490 = DIRECTION ( 'NONE',  ( 1.000000000000000000, -0.000000000000000000, 0.000000000000000000 ) ) ;
#2491 = DIRECTION ( 'NONE',  ( 1.000000000000000000, 0.000000000000000000, 0.000000000000000000 ) ) ;
#2492 = ORIENTED_EDGE ( 'NONE', *, *, #2854, .T. ) ;
#2493 = AXIS2_PLACEMENT_3D ( 'NONE', #325, #2421, #2146 ) ;
#2494 = DIRECTION ( 'NONE',  ( -0.000000000000000000, -0.000000000000000000, -1.000000000000000000 ) ) ;
#2495 = ORIENTED_EDGE ( 'NONE', *, *, #683, .F. ) ;
#2496 = CARTESIAN_POINT ( 'NONE',  ( 4.349999999999999645, 4.450000000000000178, -2.200000000000000178 ) ) ;
#2497 = ORIENTED_EDGE ( 'NONE', *, *, #2258, .F. ) ;
#2498 = FILL_AREA_STYLE_COLOUR ( '', #3584 ) ;
#2499 = CARTESIAN_POINT ( 'NONE',  ( 3.949999999999999734, -1.250000000000000222, 0.5999999999999998668 ) ) ;
#2500 =( LENGTH_UNIT ( ) NAMED_UNIT ( * ) SI_UNIT ( .MILLI., .METRE. ) );
#2501 = AXIS2_PLACEMENT_3D ( 'NONE', #2732, #2780, #2411 ) ;
#2502 = CARTESIAN_POINT ( 'NONE',  ( -4.349999999999999645, -2.499999999999999556, 0.1499999999999999667 ) ) ;
#2503 = CARTESIAN_POINT ( 'NONE',  ( 3.344045254895051466E-16, 1.499999999999999556, 2.000000000000000000 ) ) ;
#2504 = ORIENTED_EDGE ( 'NONE', *, *, #3591, .F. ) ;
#2505 = SURFACE_STYLE_USAGE ( .BOTH. , #2528 ) ;
#2506 =( NAMED_UNIT ( * ) SI_UNIT ( $, .STERADIAN. ) SOLID_ANGLE_UNIT ( ) );
#2507 = EDGE_CURVE ( 'NONE', #1660, #1328, #3026, .T. ) ;
#2508 = LINE ( 'NONE', #3708, #968 ) ;
#2509 = SURFACE_SIDE_STYLE ('',( #3675 ) ) ;
#2510 = FILL_AREA_STYLE_COLOUR ( '', #1939 ) ;
#2511 = SURFACE_SIDE_STYLE ('',( #123 ) ) ;
#2512 = AXIS2_PLACEMENT_3D ( 'NONE', #2365, #3242, #1157 ) ;
#2513 = UNCERTAINTY_MEASURE_WITH_UNIT (LENGTH_MEASURE( 1.000000000000000082E-05 ), #2869, 'distance_accuracy_value', 'NONE');
#2514 = EDGE_CURVE ( 'NONE', #252, #2993, #2366, .T. ) ;
#2515 = VERTEX_POINT ( 'NONE', #851 ) ;
#2516 = COLOUR_RGB ( '',0.8470588235294117530, 0.8431372549019607865, 0.8470588235294117530 ) ;
#2517 = CARTESIAN_POINT ( 'NONE',  ( 3.949999999999999734, -4.705761750646616909E-16, -1.199999999999999734 ) ) ;
#2518 = UNCERTAINTY_MEASURE_WITH_UNIT (LENGTH_MEASURE( 1.000000000000000082E-05 ), #702, 'distance_accuracy_value', 'NONE');
#2519 = VECTOR ( 'NONE', #1773, 1000.000000000000000 ) ;
#2520 = ORIENTED_EDGE ( 'NONE', *, *, #989, .F. ) ;
#2521 = CARTESIAN_POINT ( 'NONE',  ( -3.949999999999999734, 4.699999999999999289, 2.199999999999999734 ) ) ;
#2522 = ORIENTED_EDGE ( 'NONE', *, *, #1776, .T. ) ;
#2523 = SURFACE_STYLE_FILL_AREA ( #1614 ) ;
#2524 = SURFACE_STYLE_USAGE ( .BOTH. , #728 ) ;
#2525 = CARTESIAN_POINT ( 'NONE',  ( 3.949999999999999734, 3.826133144475920567, 2.427407932011331759 ) ) ;
#2526 = CARTESIAN_POINT ( 'NONE',  ( 2.349999999999999645, 0.3999999999999993006, 2.200000000000000178 ) ) ;
#2527 = VECTOR ( 'NONE', #3406, 1000.000000000000000 ) ;
#2528 = SURFACE_SIDE_STYLE ('',( #652 ) ) ;
#2529 = CARTESIAN_POINT ( 'NONE',  ( 2.349999999999999645, 0.2500000000000000555, -1.112249899919919294 ) ) ;
#2530 = AXIS2_PLACEMENT_3D ( 'NONE', #500, #2908, #219 ) ;
#2531 = ADVANCED_FACE ( 'NONE', ( #2707 ), #1561, .T. ) ;
#2532 = DIRECTION ( 'NONE',  ( 1.000000000000000000, -0.000000000000000000, -0.000000000000000000 ) ) ;
#2533 = CARTESIAN_POINT ( 'NONE',  ( -2.349999999999999201, 0.2500000000000000555, 2.200000000000000178 ) ) ;
#2534 =( NAMED_UNIT ( * ) SI_UNIT ( $, .STERADIAN. ) SOLID_ANGLE_UNIT ( ) );
#2535 = VECTOR ( 'NONE', #3753, 1000.000000000000000 ) ;
#2536 = SURFACE_STYLE_FILL_AREA ( #2828 ) ;
#2537 =( GEOMETRIC_REPRESENTATION_CONTEXT ( 3 ) GLOBAL_UNCERTAINTY_ASSIGNED_CONTEXT ( ( #1854 ) ) GLOBAL_UNIT_ASSIGNED_CONTEXT ( ( #3552, #1768, #593 ) ) REPRESENTATION_CONTEXT ( 'NONE', 'WORKASPACE' ) );
#2538 = EDGE_LOOP ( 'NONE', ( #3735, #92, #1593, #2541 ) ) ;
#2539 = DIRECTION ( 'NONE',  ( 1.000000000000000000, 0.000000000000000000, 0.000000000000000000 ) ) ;
#2540 = EDGE_CURVE ( 'NONE', #3601, #3635, #2054, .T. ) ;
#2541 = ORIENTED_EDGE ( 'NONE', *, *, #3791, .T. ) ;
#2542 = EDGE_LOOP ( 'NONE', ( #2842, #1430, #538, #2659 ) ) ;
#2543 = PRESENTATION_STYLE_ASSIGNMENT (( #3388 ) ) ;
#2544 = MECHANICAL_DESIGN_GEOMETRIC_PRESENTATION_REPRESENTATION (  '', ( #2666 ), #35 ) ;
#2545 = SURFACE_STYLE_FILL_AREA ( #3167 ) ;
#2546 = DIRECTION ( 'NONE',  ( 1.000000000000000000, 0.000000000000000000, 0.000000000000000000 ) ) ;
#2547 = ORIENTED_EDGE ( 'NONE', *, *, #2142, .T. ) ;
#2548 = AXIS2_PLACEMENT_3D ( 'NONE', #2525, #1334, #3722 ) ;
#2549 = DIRECTION ( 'NONE',  ( 1.000000000000000000, 0.000000000000000000, 0.000000000000000000 ) ) ;
#2550 = FACE_OUTER_BOUND ( 'NONE', #2770, .T. ) ;
#2551 = DIRECTION ( 'NONE',  ( 1.000000000000000000, 0.000000000000000000, -0.000000000000000000 ) ) ;
#2552 = PRESENTATION_STYLE_ASSIGNMENT (( #3155 ) ) ;
#2553 =( LENGTH_UNIT ( ) NAMED_UNIT ( * ) SI_UNIT ( .MILLI., .METRE. ) );
#2554 = DIRECTION ( 'NONE',  ( 0.000000000000000000, 0.9408874118687269306, -0.3387194682727414086 ) ) ;
#2555 = EDGE_CURVE ( 'NONE', #1205, #3792, #3128, .T. ) ;
#2556 = AXIS2_PLACEMENT_3D ( 'NONE', #892, #1828, #1757 ) ;
#2557 = ORIENTED_EDGE ( 'NONE', *, *, #607, .F. ) ;
#2558 = ADVANCED_FACE ( 'NONE', ( #1850 ), #971, .F. ) ;
#2559 = UNCERTAINTY_MEASURE_WITH_UNIT (LENGTH_MEASURE( 1.000000000000000082E-05 ), #551, 'distance_accuracy_value', 'NONE');
#2560 = EDGE_CURVE ( 'NONE', #2162, #2450, #1283, .T. ) ;
#2561 = SURFACE_STYLE_USAGE ( .BOTH. , #982 ) ;
#2562 =( NAMED_UNIT ( * ) SI_UNIT ( $, .STERADIAN. ) SOLID_ANGLE_UNIT ( ) );
#2563 = ORIENTED_EDGE ( 'NONE', *, *, #297, .T. ) ;
#2564 = DIRECTION ( 'NONE',  ( 1.000000000000000000, -0.000000000000000000, 0.000000000000000000 ) ) ;
#2565 = MECHANICAL_DESIGN_GEOMETRIC_PRESENTATION_REPRESENTATION (  '', ( #2754 ), #3636 ) ;
#2566 = ORIENTED_EDGE ( 'NONE', *, *, #513, .F. ) ;
#2567 = VERTEX_POINT ( 'NONE', #3106 ) ;
#2568 = FILL_AREA_STYLE ('',( #1354 ) ) ;
#2569 = CARTESIAN_POINT ( 'NONE',  ( 3.099999999999999645, -6.245698675651497881E-16, 1.199999999999999734 ) ) ;
#2570 = VECTOR ( 'NONE', #560, 1000.000000000000000 ) ;
#2571 = DIRECTION ( 'NONE',  ( 0.000000000000000000, 1.000000000000000000, 0.000000000000000000 ) ) ;
#2572 = VECTOR ( 'NONE', #1558, 1000.000000000000000 ) ;
#2573 = LINE ( 'NONE', #1990, #1102 ) ;
#2574 = CARTESIAN_POINT ( 'NONE',  ( -3.949999999999999734, -2.499999999999999556, 0.1499999999999999667 ) ) ;
#2575 = PRESENTATION_LAYER_ASSIGNMENT (  '', '', ( #3637 ) ) ;
#2576 = PRESENTATION_LAYER_ASSIGNMENT (  '', '', ( #379 ) ) ;
#2577 = DIRECTION ( 'NONE',  ( -0.000000000000000000, -1.000000000000000000, -0.000000000000000000 ) ) ;
#2578 = LINE ( 'NONE', #1388, #1236 ) ;
#2579 = COLOUR_RGB ( '',0.8470588235294117530, 0.8431372549019607865, 0.8470588235294117530 ) ;
#2580 = MECHANICAL_DESIGN_GEOMETRIC_PRESENTATION_REPRESENTATION (  '', ( #871 ), #1572 ) ;
#2581 = SURFACE_STYLE_USAGE ( .BOTH. , #1391 ) ;
#2582 = VECTOR ( 'NONE', #251, 1000.000000000000114 ) ;
#2583 = CARTESIAN_POINT ( 'NONE',  ( -3.949999999999999734, -3.551475717527321860E-16, -0.7999999999999997113 ) ) ;
#2584 = DIRECTION ( 'NONE',  ( -1.000000000000000000, 0.000000000000000000, 0.000000000000000000 ) ) ;
#2585 = VERTEX_POINT ( 'NONE', #738 ) ;
#2586 = FILL_AREA_STYLE_COLOUR ( '', #2053 ) ;
#2587 = ORIENTED_EDGE ( 'NONE', *, *, #995, .T. ) ;
#2588 = PRESENTATION_STYLE_ASSIGNMENT (( #2627 ) ) ;
#2589 = EDGE_CURVE ( 'NONE', #837, #1248, #2269, .T. ) ;
#2590 = FACE_OUTER_BOUND ( 'NONE', #2833, .T. ) ;
#2591 =( NAMED_UNIT ( * ) SI_UNIT ( $, .STERADIAN. ) SOLID_ANGLE_UNIT ( ) );
#2592 = FILL_AREA_STYLE_COLOUR ( '', #1747 ) ;
#2593 = SURFACE_SIDE_STYLE ('',( #2536 ) ) ;
#2594 =( GEOMETRIC_REPRESENTATION_CONTEXT ( 3 ) GLOBAL_UNCERTAINTY_ASSIGNED_CONTEXT ( ( #2953 ) ) GLOBAL_UNIT_ASSIGNED_CONTEXT ( ( #1865, #1843, #698 ) ) REPRESENTATION_CONTEXT ( 'NONE', 'WORKASPACE' ) );
#2595 = CIRCLE ( 'NONE', #2530, 0.2500000000000000000 ) ;
#2596 = CARTESIAN_POINT ( 'NONE',  ( 3.344045254895051466E-16, 1.499999999999999556, 2.000000000000000000 ) ) ;
#2597 =( GEOMETRIC_REPRESENTATION_CONTEXT ( 3 ) GLOBAL_UNCERTAINTY_ASSIGNED_CONTEXT ( ( #3052 ) ) GLOBAL_UNIT_ASSIGNED_CONTEXT ( ( #1955, #776, #3189 ) ) REPRESENTATION_CONTEXT ( 'NONE', 'WORKASPACE' ) );
#2598 = EDGE_LOOP ( 'NONE', ( #3199, #2118, #3301, #1835 ) ) ;
#2599 =( NAMED_UNIT ( * ) SI_UNIT ( $, .STERADIAN. ) SOLID_ANGLE_UNIT ( ) );
#2600 = ORIENTED_EDGE ( 'NONE', *, *, #2807, .T. ) ;
#2601 =( NAMED_UNIT ( * ) PLANE_ANGLE_UNIT ( ) SI_UNIT ( $, .RADIAN. ) );
#2602 =( LENGTH_UNIT ( ) NAMED_UNIT ( * ) SI_UNIT ( .MILLI., .METRE. ) );
#2603 = ADVANCED_FACE ( 'NONE', ( #3412 ), #718, .F. ) ;
#2604 = SURFACE_STYLE_USAGE ( .BOTH. , #1948 ) ;
#2605 = DIRECTION ( 'NONE',  ( 0.000000000000000000, 0.000000000000000000, 1.000000000000000000 ) ) ;
#2606 = VERTEX_POINT ( 'NONE', #1381 ) ;
#2607 = DIRECTION ( 'NONE',  ( 2.065146995210484202E-16, -1.000000000000000000, -0.000000000000000000 ) ) ;
#2608 = VECTOR ( 'NONE', #3492, 1000.000000000000000 ) ;
#2609 = SURFACE_STYLE_USAGE ( .BOTH. , #2650 ) ;
#2610 = COLOUR_RGB ( '',0.8470588235294117530, 0.8431372549019607865, 0.8470588235294117530 ) ;
#2611 = SURFACE_SIDE_STYLE ('',( #2090 ) ) ;
#2612 = DIRECTION ( 'NONE',  ( 1.000000000000000000, 0.000000000000000000, -0.000000000000000000 ) ) ;
#2613 = EDGE_CURVE ( 'NONE', #2567, #2945, #2914, .T. ) ;
#2614 = STYLED_ITEM ( 'NONE', ( #3064 ), #58 ) ;
#2615 = ORIENTED_EDGE ( 'NONE', *, *, #350, .T. ) ;
#2616 =( NAMED_UNIT ( * ) SI_UNIT ( $, .STERADIAN. ) SOLID_ANGLE_UNIT ( ) );
#2617 = ORIENTED_EDGE ( 'NONE', *, *, #1019, .F. ) ;
#2618 =( GEOMETRIC_REPRESENTATION_CONTEXT ( 3 ) GLOBAL_UNCERTAINTY_ASSIGNED_CONTEXT ( ( #2513 ) ) GLOBAL_UNIT_ASSIGNED_CONTEXT ( ( #2869, #528, #3805 ) ) REPRESENTATION_CONTEXT ( 'NONE', 'WORKASPACE' ) );
#2619 = ORIENTED_EDGE ( 'NONE', *, *, #1135, .T. ) ;
#2620 = ORIENTED_EDGE ( 'NONE', *, *, #995, .F. ) ;
#2621 = DIRECTION ( 'NONE',  ( 1.000000000000000000, 0.000000000000000000, 0.000000000000000000 ) ) ;
#2622 = FILL_AREA_STYLE ('',( #2242 ) ) ;
#2623 =( GEOMETRIC_REPRESENTATION_CONTEXT ( 3 ) GLOBAL_UNCERTAINTY_ASSIGNED_CONTEXT ( ( #3109 ) ) GLOBAL_UNIT_ASSIGNED_CONTEXT ( ( #1821, #1278, #1844 ) ) REPRESENTATION_CONTEXT ( 'NONE', 'WORKASPACE' ) );
#2624 = SURFACE_STYLE_USAGE ( .BOTH. , #1083 ) ;
#2625 = ORIENTED_EDGE ( 'NONE', *, *, #2507, .F. ) ;
#2626 = SURFACE_STYLE_FILL_AREA ( #503 ) ;
#2627 = SURFACE_STYLE_USAGE ( .BOTH. , #2947 ) ;
#2628 = MECHANICAL_DESIGN_GEOMETRIC_PRESENTATION_REPRESENTATION (  '', ( #3507 ), #605 ) ;
#2629 = FACE_OUTER_BOUND ( 'NONE', #3148, .T. ) ;
#2630 = ADVANCED_FACE ( 'NONE', ( #2629 ), #1954, .T. ) ;
#2631 = FILL_AREA_STYLE ('',( #1124 ) ) ;
#2632 = COLOUR_RGB ( '',0.8470588235294117530, 0.8431372549019607865, 0.8470588235294117530 ) ;
#2633 = SURFACE_SIDE_STYLE ('',( #1992 ) ) ;
#2634 = CARTESIAN_POINT ( 'NONE',  ( -4.349999999999999645, -3.306546357697851761E-16, -1.199999999999999734 ) ) ;
#2635 = VECTOR ( 'NONE', #2093, 1000.000000000000000 ) ;
#2636 = CARTESIAN_POINT ( 'NONE',  ( 3.350000000000000533, 0.1959718679618053239, 1.155507025103987173 ) ) ;
#2637 = ORIENTED_EDGE ( 'NONE', *, *, #1111, .T. ) ;
#2638 = ORIENTED_EDGE ( 'NONE', *, *, #703, .T. ) ;
#2639 = DIRECTION ( 'NONE',  ( 0.000000000000000000, 1.000000000000000000, 0.000000000000000000 ) ) ;
#2640 = EDGE_CURVE ( 'NONE', #3488, #1778, #2573, .T. ) ;
#2641 = EDGE_LOOP ( 'NONE', ( #111, #3343, #1642, #1220 ) ) ;
#2642 = PRESENTATION_LAYER_ASSIGNMENT (  '', '', ( #1002 ) ) ;
#2643 = VECTOR ( 'NONE', #3369, 999.9999999999998863 ) ;
#2644 = SURFACE_SIDE_STYLE ('',( #1432 ) ) ;
#2645 = ORIENTED_EDGE ( 'NONE', *, *, #2487, .T. ) ;
#2646 =( GEOMETRIC_REPRESENTATION_CONTEXT ( 3 ) GLOBAL_UNCERTAINTY_ASSIGNED_CONTEXT ( ( #3162 ) ) GLOBAL_UNIT_ASSIGNED_CONTEXT ( ( #271, #2079, #3271 ) ) REPRESENTATION_CONTEXT ( 'NONE', 'WORKASPACE' ) );
#2647 = SURFACE_STYLE_FILL_AREA ( #3276 ) ;
#2648 = SURFACE_SIDE_STYLE ('',( #2626 ) ) ;
#2649 = VECTOR ( 'NONE', #2183, 1000.000000000000000 ) ;
#2650 = SURFACE_SIDE_STYLE ('',( #275 ) ) ;
#2651 = PRESENTATION_STYLE_ASSIGNMENT (( #3587 ) ) ;
#2652 = SURFACE_STYLE_USAGE ( .BOTH. , #1108 ) ;
#2653 = FILL_AREA_STYLE_COLOUR ( '', #1789 ) ;
#2654 = EDGE_CURVE ( 'NONE', #3681, #763, #1970, .T. ) ;
#2655 =( NAMED_UNIT ( * ) PLANE_ANGLE_UNIT ( ) SI_UNIT ( $, .RADIAN. ) );
#2656 = VERTEX_POINT ( 'NONE', #486 ) ;
#2657 = DIRECTION ( 'NONE',  ( -1.000000000000000000, 0.000000000000000000, 0.000000000000000000 ) ) ;
#2658 = COLOUR_RGB ( '',0.8470588235294117530, 0.8431372549019607865, 0.8470588235294117530 ) ;
#2659 = ORIENTED_EDGE ( 'NONE', *, *, #3151, .T. ) ;
#2660 = ORIENTED_EDGE ( 'NONE', *, *, #284, .T. ) ;
#2661 = PRESENTATION_LAYER_ASSIGNMENT (  '', '', ( #1713 ) ) ;
#2662 = EDGE_CURVE ( 'NONE', #1660, #107, #1682, .T. ) ;
#2663 = CYLINDRICAL_SURFACE ( 'NONE', #3344, 0.2500000000000000000 ) ;
#2664 = PLANE ( 'NONE',  #1711 ) ;
#2665 = LINE ( 'NONE', #3262, #3869 ) ;
#2666 = STYLED_ITEM ( 'NONE', ( #2588 ), #2195 ) ;
#2667 = UNCERTAINTY_MEASURE_WITH_UNIT (LENGTH_MEASURE( 1.000000000000000082E-05 ), #725, 'distance_accuracy_value', 'NONE');
#2668 = CARTESIAN_POINT ( 'NONE',  ( -4.349999999999999645, -3.551475717527321860E-16, -0.7999999999999997113 ) ) ;
#2669 = ORIENTED_EDGE ( 'NONE', *, *, #1197, .T. ) ;
#2670 = ADVANCED_FACE ( 'NONE', ( #2590 ), #505, .F. ) ;
#2671 = VERTEX_POINT ( 'NONE', #2982 ) ;
#2672 = CARTESIAN_POINT ( 'NONE',  ( -4.349999999999999645, 0.000000000000000000, -0.3999999999999996336 ) ) ;
#2673 = ORIENTED_EDGE ( 'NONE', *, *, #109, .T. ) ;
#2674 = ORIENTED_EDGE ( 'NONE', *, *, #1282, .F. ) ;
#2675 = ADVANCED_FACE ( 'NONE', ( #3566 ), #1750, .T. ) ;
#2676 = SURFACE_SIDE_STYLE ('',( #2346 ) ) ;
#2677 = VECTOR ( 'NONE', #352, 1000.000000000000000 ) ;
#2678 = UNCERTAINTY_MEASURE_WITH_UNIT (LENGTH_MEASURE( 1.000000000000000082E-05 ), #2113, 'distance_accuracy_value', 'NONE');
#2679 = EDGE_LOOP ( 'NONE', ( #2759, #2310, #3483, #1984 ) ) ;
#2680 = ADVANCED_FACE ( 'NONE', ( #259 ), #2384, .F. ) ;
#2681 = STYLED_ITEM ( 'NONE', ( #2089 ), #2680 ) ;
#2682 = DIRECTION ( 'NONE',  ( -0.000000000000000000, -0.000000000000000000, -1.000000000000000000 ) ) ;
#2683 = ADVANCED_FACE ( 'NONE', ( #2130 ), #3336, .T. ) ;
#2684 = FILL_AREA_STYLE ('',( #862 ) ) ;
#2685 = DIRECTION ( 'NONE',  ( 0.000000000000000000, 0.000000000000000000, 1.000000000000000000 ) ) ;
#2686 = DIRECTION ( 'NONE',  ( 1.000000000000000000, -0.000000000000000000, -0.000000000000000000 ) ) ;
#2687 = VECTOR ( 'NONE', #2204, 1000.000000000000000 ) ;
#2688 = CARTESIAN_POINT ( 'NONE',  ( -3.949999999999999734, 0.000000000000000000, 2.199999999999998845 ) ) ;
#2689 = CARTESIAN_POINT ( 'NONE',  ( -3.949999999999999734, -1.399215392948765640E-16, -2.199999999999998845 ) ) ;
#2690 = DIRECTION ( 'NONE',  ( -1.000000000000000000, 0.000000000000000000, 0.000000000000000000 ) ) ;
#2691 = VECTOR ( 'NONE', #2338, 1000.000000000000000 ) ;
#2692 = LINE ( 'NONE', #2395, #2701 ) ;
#2693 = CYLINDRICAL_SURFACE ( 'NONE', #3268, 0.2499999999999999445 ) ;
#2694 = ORIENTED_EDGE ( 'NONE', *, *, #3570, .F. ) ;
#2695 = CARTESIAN_POINT ( 'NONE',  ( 3.099999999999999645, 0.2500000000000000000, -2.200000000000000178 ) ) ;
#2696 = PRESENTATION_LAYER_ASSIGNMENT (  '', '', ( #1443 ) ) ;
#2697 = SURFACE_STYLE_USAGE ( .BOTH. , #1735 ) ;
#2698 =( NAMED_UNIT ( * ) PLANE_ANGLE_UNIT ( ) SI_UNIT ( $, .RADIAN. ) );
#2699 = DIRECTION ( 'NONE',  ( 0.000000000000000000, -6.245698675651497881E-16, -1.000000000000000000 ) ) ;
#2700 = PRESENTATION_LAYER_ASSIGNMENT (  '', '', ( #2328 ) ) ;
#2701 = VECTOR ( 'NONE', #29, 1000.000000000000000 ) ;
#2702 =( NAMED_UNIT ( * ) SI_UNIT ( $, .STERADIAN. ) SOLID_ANGLE_UNIT ( ) );
#2703 = DIRECTION ( 'NONE',  ( -0.000000000000000000, -1.000000000000000000, 0.000000000000000000 ) ) ;
#2704 = CYLINDRICAL_SURFACE ( 'NONE', #521, 0.3999999999999999667 ) ;
#2705 = CARTESIAN_POINT ( 'NONE',  ( -2.000000000000000000, -2.349999999999999645, 7.531577814756221078E-16 ) ) ;
#2706 = EDGE_CURVE ( 'NONE', #671, #3385, #98, .T. ) ;
#2707 = FACE_OUTER_BOUND ( 'NONE', #637, .T. ) ;
#2708 = FILL_AREA_STYLE ('',( #935 ) ) ;
#2709 = MECHANICAL_DESIGN_GEOMETRIC_PRESENTATION_REPRESENTATION (  '', ( #84 ), #957 ) ;
#2710 = ORIENTED_EDGE ( 'NONE', *, *, #1090, .F. ) ;
#2711 = DIRECTION ( 'NONE',  ( 0.000000000000000000, 0.000000000000000000, 1.000000000000000000 ) ) ;
#2712 =( GEOMETRIC_REPRESENTATION_CONTEXT ( 3 ) GLOBAL_UNCERTAINTY_ASSIGNED_CONTEXT ( ( #850 ) ) GLOBAL_UNIT_ASSIGNED_CONTEXT ( ( #1985, #2266, #1929 ) ) REPRESENTATION_CONTEXT ( 'NONE', 'WORKASPACE' ) );
#2713 = PRESENTATION_STYLE_ASSIGNMENT (( #1171 ) ) ;
#2714 = ORIENTED_EDGE ( 'NONE', *, *, #3377, .F. ) ;
#2715 = ORIENTED_EDGE ( 'NONE', *, *, #3399, .F. ) ;
#2716 = VERTEX_POINT ( 'NONE', #1866 ) ;
#2717 = DIRECTION ( 'NONE',  ( 0.000000000000000000, 0.000000000000000000, -1.000000000000000000 ) ) ;
#2718 = LINE ( 'NONE', #3620, #3815 ) ;
#2719 = SURFACE_STYLE_USAGE ( .BOTH. , #1227 ) ;
#2720 = PRESENTATION_LAYER_ASSIGNMENT (  '', '', ( #1826 ) ) ;
#2721 = PRESENTATION_LAYER_ASSIGNMENT (  '', '', ( #2919 ) ) ;
#2722 = SURFACE_STYLE_USAGE ( .BOTH. , #2611 ) ;
#2723 = SURFACE_STYLE_USAGE ( .BOTH. , #3337 ) ;
#2724 = FILL_AREA_STYLE ('',( #329 ) ) ;
#2725 = ORIENTED_EDGE ( 'NONE', *, *, #2662, .F. ) ;
#2726 = LINE ( 'NONE', #330, #1623 ) ;
#2727 = EDGE_CURVE ( 'NONE', #2121, #2585, #1983, .T. ) ;
#2728 = CARTESIAN_POINT ( 'NONE',  ( 2.000000000000000000, -2.349999999999999645, -4.714890176717308529E-16 ) ) ;
#2729 = CARTESIAN_POINT ( 'NONE',  ( -4.246446609406725692, 4.700000000000000178, 2.096446609406726669 ) ) ;
#2730 = CARTESIAN_POINT ( 'NONE',  ( -2.370781541459452857, 0.1294374611323829694, -1.181844205578191476 ) ) ;
#2731 = AXIS2_PLACEMENT_3D ( 'NONE', #2367, #3225, #2912 ) ;
#2732 = CARTESIAN_POINT ( 'NONE',  ( 0.000000000000000000, 4.700000000000000178, 0.000000000000000000 ) ) ;
#2733 = SURFACE_STYLE_USAGE ( .BOTH. , #1519 ) ;
#2734 = PRESENTATION_LAYER_ASSIGNMENT (  '', '', ( #535 ) ) ;
#2735 = ORIENTED_EDGE ( 'NONE', *, *, #246, .F. ) ;
#2736 = CARTESIAN_POINT ( 'NONE',  ( 4.349999999999999645, -3.606697673334801343E-16, 2.199999999999998845 ) ) ;
#2737 = FILL_AREA_STYLE_COLOUR ( '', #2916 ) ;
#2738 = ORIENTED_EDGE ( 'NONE', *, *, #683, .T. ) ;
#2739 = CARTESIAN_POINT ( 'NONE',  ( 2.000000000000000000, -2.349999999999999645, -0.2500000000000008882 ) ) ;
#2740 =( LENGTH_UNIT ( ) NAMED_UNIT ( * ) SI_UNIT ( .MILLI., .METRE. ) );
#2741 = PLANE ( 'NONE',  #1487 ) ;
#2742 = LINE ( 'NONE', #388, #2845 ) ;
#2743 =( GEOMETRIC_REPRESENTATION_CONTEXT ( 3 ) GLOBAL_UNCERTAINTY_ASSIGNED_CONTEXT ( ( #2081 ) ) GLOBAL_UNIT_ASSIGNED_CONTEXT ( ( #2172, #121, #3086 ) ) REPRESENTATION_CONTEXT ( 'NONE', 'WORKASPACE' ) );
#2744 = DIRECTION ( 'NONE',  ( -1.000000000000000000, 0.000000000000000000, 0.000000000000000000 ) ) ;
#2745 =( LENGTH_UNIT ( ) NAMED_UNIT ( * ) SI_UNIT ( .MILLI., .METRE. ) );
#2746 = SURFACE_STYLE_USAGE ( .BOTH. , #2445 ) ;
#2747 = LINE ( 'NONE', #57, #554 ) ;
#2748 = EDGE_CURVE ( 'NONE', #2976, #3819, #1182, .T. ) ;
#2749 = VERTEX_POINT ( 'NONE', #3407 ) ;
#2750 = DIRECTION ( 'NONE',  ( 0.000000000000000000, 0.000000000000000000, 1.000000000000000000 ) ) ;
#2751 = FACE_OUTER_BOUND ( 'NONE', #3463, .T. ) ;
#2752 =( NAMED_UNIT ( * ) PLANE_ANGLE_UNIT ( ) SI_UNIT ( $, .RADIAN. ) );
#2753 = CARTESIAN_POINT ( 'NONE',  ( -3.169301702141829491, -1.177375796683477471E-16, 1.199999999999999956 ) ) ;
#2754 = STYLED_ITEM ( 'NONE', ( #3186 ), #563 ) ;
#2755 = ORIENTED_EDGE ( 'NONE', *, *, #3760, .T. ) ;
#2756 = PRESENTATION_LAYER_ASSIGNMENT (  '', '', ( #990 ) ) ;
#2757 = CARTESIAN_POINT ( 'NONE',  ( 3.949999999999999734, -8.673617379884035472E-16, -1.554076788117991846E-15 ) ) ;
#2758 = ADVANCED_FACE ( 'NONE', ( #3082 ), #2788, .T. ) ;
#2759 = ORIENTED_EDGE ( 'NONE', *, *, #678, .F. ) ;
#2760 = VERTEX_POINT ( 'NONE', #3670 ) ;
#2761 = AXIS2_PLACEMENT_3D ( 'NONE', #2775, #1258, #888 ) ;
#2762 = UNCERTAINTY_MEASURE_WITH_UNIT (LENGTH_MEASURE( 1.000000000000000082E-05 ), #3289, 'distance_accuracy_value', 'NONE');
#2763 = LINE ( 'NONE', #1595, #1588 ) ;
#2764 = LINE ( 'NONE', #3330, #2643 ) ;
#2765 = CARTESIAN_POINT ( 'NONE',  ( 0.000000000000000000, 3.550000000000000266, 6.200000000000001066 ) ) ;
#2766 = VECTOR ( 'NONE', #472, 1000.000000000000000 ) ;
#2767 = CARTESIAN_POINT ( 'NONE',  ( -2.000000000000000000, 1.407106781186548528, -0.2499999999999991951 ) ) ;
#2768 = CARTESIAN_POINT ( 'NONE',  ( 3.099999999999999645, -6.245698675651497881E-16, 1.199999999999999734 ) ) ;
#2769 = VECTOR ( 'NONE', #1509, 1000.000000000000000 ) ;
#2770 = EDGE_LOOP ( 'NONE', ( #3759, #2436, #319, #939 ) ) ;
#2771 = DIRECTION ( 'NONE',  ( 0.000000000000000000, -1.000000000000000000, 0.000000000000000000 ) ) ;
#2772 = DIRECTION ( 'NONE',  ( 1.000000000000000000, 0.000000000000000000, 0.000000000000000000 ) ) ;
#2773 =( GEOMETRIC_REPRESENTATION_CONTEXT ( 3 ) GLOBAL_UNCERTAINTY_ASSIGNED_CONTEXT ( ( #2234 ) ) GLOBAL_UNIT_ASSIGNED_CONTEXT ( ( #1499, #1780, #2996 ) ) REPRESENTATION_CONTEXT ( 'NONE', 'WORKASPACE' ) );
#2774 = ORIENTED_EDGE ( 'NONE', *, *, #829, .T. ) ;
#2775 = CARTESIAN_POINT ( 'NONE',  ( -2.599999999999999645, 0.2500000000000000000, 2.200000000000000178 ) ) ;
#2776 = COLOUR_RGB ( '',0.2509803921568627416, 0.2509803921568627416, 0.2509803921568627416 ) ;
#2777 = SURFACE_STYLE_USAGE ( .BOTH. , #391 ) ;
#2778 = DIRECTION ( 'NONE',  ( -0.000000000000000000, -0.000000000000000000, -1.000000000000000000 ) ) ;
#2779 = ORIENTED_EDGE ( 'NONE', *, *, #3774, .F. ) ;
#2780 = DIRECTION ( 'NONE',  ( 0.000000000000000000, 1.000000000000000000, -0.000000000000000000 ) ) ;
#2781 = EDGE_LOOP ( 'NONE', ( #2856, #3610, #151, #2735 ) ) ;
#2782 = EDGE_LOOP ( 'NONE', ( #2417, #768, #3400, #1940 ) ) ;
#2783 = VECTOR ( 'NONE', #459, 1000.000000000000000 ) ;
#2784 = EDGE_LOOP ( 'NONE', ( #49, #2637, #1980 ) ) ;
#2785 = FACE_OUTER_BOUND ( 'NONE', #1314, .T. ) ;
#2786 = EDGE_CURVE ( 'NONE', #2749, #2042, #116, .T. ) ;
#2787 = DIRECTION ( 'NONE',  ( 1.000000000000000000, 9.637352644315614471E-16, -0.000000000000000000 ) ) ;
#2788 = CYLINDRICAL_SURFACE ( 'NONE', #208, 0.2500000000000002220 ) ;
#2789 = CARTESIAN_POINT ( 'NONE',  ( -3.949999999999999734, -9.852396348986294787E-16, 1.199999999999999734 ) ) ;
#2790 = FACE_OUTER_BOUND ( 'NONE', #31, .T. ) ;
#2791 = CARTESIAN_POINT ( 'NONE',  ( 0.000000000000000000, 0.000000000000000000, 6.200000000000001066 ) ) ;
#2792 = SURFACE_SIDE_STYLE ('',( #1491 ) ) ;
#2793 = ORIENTED_EDGE ( 'NONE', *, *, #442, .T. ) ;
#2794 = UNCERTAINTY_MEASURE_WITH_UNIT (LENGTH_MEASURE( 1.000000000000000082E-05 ), #548, 'distance_accuracy_value', 'NONE');
#2795 = ORIENTED_EDGE ( 'NONE', *, *, #3672, .F. ) ;
#2796 = ORIENTED_EDGE ( 'NONE', *, *, #840, .F. ) ;
#2797 = DIRECTION ( 'NONE',  ( 1.224646799147353207E-16, 0.000000000000000000, -1.000000000000000000 ) ) ;
#2798 = EDGE_CURVE ( 'NONE', #1543, #1112, #1010, .T. ) ;
#2799 = CARTESIAN_POINT ( 'NONE',  ( 3.764213562373102562, 1.550000000000000266, 0.9357864376269482420 ) ) ;
#2800 = FILL_AREA_STYLE_COLOUR ( '', #2404 ) ;
#2801 =( LENGTH_UNIT ( ) NAMED_UNIT ( * ) SI_UNIT ( .MILLI., .METRE. ) );
#2802 = EDGE_CURVE ( 'NONE', #620, #3737, #3460, .T. ) ;
#2803 = CARTESIAN_POINT ( 'NONE',  ( 2.000000000000000000, 0.7000000000000000666, -4.714890176717308529E-16 ) ) ;
#2804 = CARTESIAN_POINT ( 'NONE',  ( 2.349999999999999645, 1.349999999999999645, -2.200000000000000178 ) ) ;
#2805 = EDGE_LOOP ( 'NONE', ( #2219, #2725, #1679, #1189 ) ) ;
#2806 = LINE ( 'NONE', #773, #1556 ) ;
#2807 = EDGE_CURVE ( 'NONE', #3720, #1361, #1119, .T. ) ;
#2808 = SURFACE_STYLE_FILL_AREA ( #1030 ) ;
#2809 = SURFACE_STYLE_USAGE ( .BOTH. , #914 ) ;
#2810 = DIRECTION ( 'NONE',  ( 9.637352644315614471E-16, -1.000000000000000000, 0.000000000000000000 ) ) ;
#2811 = ORIENTED_EDGE ( 'NONE', *, *, #473, .T. ) ;
#2812 = MECHANICAL_DESIGN_GEOMETRIC_PRESENTATION_REPRESENTATION (  '', ( #3624 ), #795 ) ;
#2813 = CARTESIAN_POINT ( 'NONE',  ( -2.000000000000000000, 1.407106781186548528, 0.2500000000000007216 ) ) ;
#2814 = ORIENTED_EDGE ( 'NONE', *, *, #1797, .T. ) ;
#2815 = MECHANICAL_DESIGN_GEOMETRIC_PRESENTATION_REPRESENTATION (  '', ( #3696 ), #2888 ) ;
#2816 = CARTESIAN_POINT ( 'NONE',  ( -3.949999999999999734, -3.061616997868380676E-16, -1.199999999999999734 ) ) ;
#2817 = DIRECTION ( 'NONE',  ( 0.000000000000000000, -1.000000000000000000, 0.000000000000000000 ) ) ;
#2818 = ADVANCED_FACE ( 'NONE', ( #201 ), #772, .T. ) ;
#2819 = DIRECTION ( 'NONE',  ( 0.000000000000000000, 0.000000000000000000, -1.000000000000000000 ) ) ;
#2820 = LINE ( 'NONE', #2168, #1501 ) ;
#2821 = ORIENTED_EDGE ( 'NONE', *, *, #3612, .F. ) ;
#2822 = SURFACE_SIDE_STYLE ('',( #137 ) ) ;
#2823 =( NAMED_UNIT ( * ) PLANE_ANGLE_UNIT ( ) SI_UNIT ( $, .RADIAN. ) );
#2824 = PRESENTATION_STYLE_ASSIGNMENT (( #2892 ) ) ;
#2825 = FILL_AREA_STYLE ('',( #1911 ) ) ;
#2826 =( GEOMETRIC_REPRESENTATION_CONTEXT ( 3 ) GLOBAL_UNCERTAINTY_ASSIGNED_CONTEXT ( ( #1018 ) ) GLOBAL_UNIT_ASSIGNED_CONTEXT ( ( #543, #2016, #3478 ) ) REPRESENTATION_CONTEXT ( 'NONE', 'WORKASPACE' ) );
#2827 = ADVANCED_FACE ( 'NONE', ( #3802 ), #1376, .F. ) ;
#2828 = FILL_AREA_STYLE ('',( #1073 ) ) ;
#2829 = STYLED_ITEM ( 'NONE', ( #2980 ), #2883 ) ;
#2830 = UNCERTAINTY_MEASURE_WITH_UNIT (LENGTH_MEASURE( 1.000000000000000082E-05 ), #308, 'distance_accuracy_value', 'NONE');
#2831 = STYLED_ITEM ( 'NONE', ( #2102 ), #1153 ) ;
#2832 = ORIENTED_EDGE ( 'NONE', *, *, #1439, .T. ) ;
#2833 = EDGE_LOOP ( 'NONE', ( #684, #1224, #3481, #839 ) ) ;
#2834 = PRESENTATION_LAYER_ASSIGNMENT (  '', '', ( #1310 ) ) ;
#2835 = DIRECTION ( 'NONE',  ( -0.000000000000000000, -0.000000000000000000, -1.000000000000000000 ) ) ;
#2836 = AXIS2_PLACEMENT_3D ( 'NONE', #106, #47, #997 ) ;
#2837 = ORIENTED_EDGE ( 'NONE', *, *, #442, .F. ) ;
#2838 = DIRECTION ( 'NONE',  ( -3.761581922631320025E-34, -1.000000000000000000, 0.000000000000000000 ) ) ;
#2839 = ORIENTED_EDGE ( 'NONE', *, *, #2540, .F. ) ;
#2840 = ORIENTED_EDGE ( 'NONE', *, *, #703, .F. ) ;
#2841 = CARTESIAN_POINT ( 'NONE',  ( 2.000000000000000000, -2.349999999999999645, -4.714890176717308529E-16 ) ) ;
#2842 = ORIENTED_EDGE ( 'NONE', *, *, #1776, .F. ) ;
#2843 = CARTESIAN_POINT ( 'NONE',  ( 3.949999999999999734, -3.551475717527321860E-16, -0.7999999999999997113 ) ) ;
#2844 = EDGE_LOOP ( 'NONE', ( #2082, #575, #1204, #3822 ) ) ;
#2845 = VECTOR ( 'NONE', #1582, 1000.000000000000000 ) ;
#2846 = LINE ( 'NONE', #755, #1125 ) ;
#2847 = EDGE_CURVE ( 'NONE', #1084, #1450, #2846, .T. ) ;
#2848 = PRESENTATION_STYLE_ASSIGNMENT (( #1379 ) ) ;
#2849 = MECHANICAL_DESIGN_GEOMETRIC_PRESENTATION_REPRESENTATION (  '', ( #1820 ), #640 ) ;
#2850 = COLOUR_RGB ( '',0.8470588235294117530, 0.8431372549019607865, 0.8470588235294117530 ) ;
#2851 = DIRECTION ( 'NONE',  ( 0.000000000000000000, 0.000000000000000000, 1.000000000000000000 ) ) ;
#2852 = PLANE ( 'NONE',  #440 ) ;
#2853 = CARTESIAN_POINT ( 'NONE',  ( 2.376304738347015277, 0.1339847942805176828, 1.178292025437018609 ) ) ;
#2854 = EDGE_CURVE ( 'NONE', #1286, #1945, #174, .T. ) ;
#2855 = LINE ( 'NONE', #1959, #3531 ) ;
#2856 = ORIENTED_EDGE ( 'NONE', *, *, #2555, .F. ) ;
#2857 = FACE_OUTER_BOUND ( 'NONE', #2598, .T. ) ;
#2858 = CARTESIAN_POINT ( 'NONE',  ( -2.000000000000000000, 4.700000000000000178, -2.828427124746190735 ) ) ;
#2859 = VECTOR ( 'NONE', #3125, 999.9999999999998863 ) ;
#2860 = SURFACE_SIDE_STYLE ('',( #2545 ) ) ;
#2861 =( NAMED_UNIT ( * ) PLANE_ANGLE_UNIT ( ) SI_UNIT ( $, .RADIAN. ) );
#2862 = DIRECTION ( 'NONE',  ( -1.000000000000000000, 0.000000000000000000, 0.000000000000000000 ) ) ;
#2863 = ORIENTED_EDGE ( 'NONE', *, *, #991, .T. ) ;
#2864 = MECHANICAL_DESIGN_GEOMETRIC_PRESENTATION_REPRESENTATION (  '', ( #2228 ), #3053 ) ;
#2865 = DIRECTION ( 'NONE',  ( 0.000000000000000000, 0.1579905011066732035, -0.9874406319167053914 ) ) ;
#2866 =( LENGTH_UNIT ( ) NAMED_UNIT ( * ) SI_UNIT ( .MILLI., .METRE. ) );
#2867 = FILL_AREA_STYLE ('',( #2890 ) ) ;
#2868 = ORIENTED_EDGE ( 'NONE', *, *, #1448, .F. ) ;
#2869 =( LENGTH_UNIT ( ) NAMED_UNIT ( * ) SI_UNIT ( .MILLI., .METRE. ) );
#2870 = CARTESIAN_POINT ( 'NONE',  ( -3.949999999999999734, -1.734723475976807094E-15, 2.935478377556205177E-15 ) ) ;
#2871 = PRESENTATION_STYLE_ASSIGNMENT (( #1421 ) ) ;
#2872 = EDGE_CURVE ( 'NONE', #1490, #533, #2247, .T. ) ;
#2873 = DIRECTION ( 'NONE',  ( 0.000000000000000000, 0.000000000000000000, 1.000000000000000000 ) ) ;
#2874 = VECTOR ( 'NONE', #2532, 1000.000000000000000 ) ;
#2875 = VERTEX_POINT ( 'NONE', #1950 ) ;
#2876 = LINE ( 'NONE', #1997, #697 ) ;
#2877 = LINE ( 'NONE', #186, #2959 ) ;
#2878 = UNCERTAINTY_MEASURE_WITH_UNIT (LENGTH_MEASURE( 1.000000000000000082E-05 ), #2194, 'distance_accuracy_value', 'NONE');
#2879 = APPLICATION_PROTOCOL_DEFINITION ( 'draft international standard', 'automotive_design', 1998, #2049 ) ;
#2880 = ORIENTED_EDGE ( 'NONE', *, *, #3089, .T. ) ;
#2881 = DIRECTION ( 'NONE',  ( 0.000000000000000000, 0.9874406319167053914, 0.1579905011066732035 ) ) ;
#2882 = CARTESIAN_POINT ( 'NONE',  ( -1.000000000000000000, 4.700000000000000178, 5.700000000000005507 ) ) ;
#2883 = ADVANCED_FACE ( 'NONE', ( #3172 ), #466, .T. ) ;
#2884 = LINE ( 'NONE', #2905, #1876 ) ;
#2885 =( NAMED_UNIT ( * ) SI_UNIT ( $, .STERADIAN. ) SOLID_ANGLE_UNIT ( ) );
#2886 = ORIENTED_EDGE ( 'NONE', *, *, #2872, .T. ) ;
#2887 = ORIENTED_EDGE ( 'NONE', *, *, #1687, .F. ) ;
#2888 =( GEOMETRIC_REPRESENTATION_CONTEXT ( 3 ) GLOBAL_UNCERTAINTY_ASSIGNED_CONTEXT ( ( #2878 ) ) GLOBAL_UNIT_ASSIGNED_CONTEXT ( ( #2194, #3341, #2159 ) ) REPRESENTATION_CONTEXT ( 'NONE', 'WORKASPACE' ) );
#2889 = ORIENTED_EDGE ( 'NONE', *, *, #3714, .T. ) ;
#2890 = FILL_AREA_STYLE_COLOUR ( '', #2479 ) ;
#2891 =( NAMED_UNIT ( * ) SI_UNIT ( $, .STERADIAN. ) SOLID_ANGLE_UNIT ( ) );
#2892 = SURFACE_STYLE_USAGE ( .BOTH. , #1383 ) ;
#2893 =( LENGTH_UNIT ( ) NAMED_UNIT ( * ) SI_UNIT ( .MILLI., .METRE. ) );
#2894 = PLANE ( 'NONE',  #3009 ) ;
#2895 = VECTOR ( 'NONE', #1791, 1000.000000000000000 ) ;
#2896 = COLOUR_RGB ( '',0.8470588235294117530, 0.8431372549019607865, 0.8470588235294117530 ) ;
#2897 = MECHANICAL_DESIGN_GEOMETRIC_PRESENTATION_REPRESENTATION (  '', ( #379 ), #3209 ) ;
#2898 = VERTEX_POINT ( 'NONE', #3564 ) ;
#2899 = CARTESIAN_POINT ( 'NONE',  ( 0.000000000000000000, 0.6999999999999992895, -2.000000000000000000 ) ) ;
#2900 =( NAMED_UNIT ( * ) SI_UNIT ( $, .STERADIAN. ) SOLID_ANGLE_UNIT ( ) );
#2901 = COLOUR_RGB ( '',0.8470588235294117530, 0.8431372549019607865, 0.8470588235294117530 ) ;
#2902 = DIRECTION ( 'NONE',  ( 1.000000000000000000, 0.000000000000000000, 0.000000000000000000 ) ) ;
#2903 = PRESENTATION_STYLE_ASSIGNMENT (( #1348 ) ) ;
#2904 = VECTOR ( 'NONE', #2217, 1000.000000000000000 ) ;
#2905 = CARTESIAN_POINT ( 'NONE',  ( 0.000000000000000000, 0.7000000000000000666, -2.200000000000000178 ) ) ;
#2906 = ORIENTED_EDGE ( 'NONE', *, *, #2094, .F. ) ;
#2907 = EDGE_CURVE ( 'NONE', #1592, #2357, #1795, .T. ) ;
#2908 = DIRECTION ( 'NONE',  ( 0.000000000000000000, 1.000000000000000000, 0.000000000000000000 ) ) ;
#2909 = ORIENTED_EDGE ( 'NONE', *, *, #3833, .T. ) ;
#2910 =( NAMED_UNIT ( * ) SI_UNIT ( $, .STERADIAN. ) SOLID_ANGLE_UNIT ( ) );
#2911 = FACE_OUTER_BOUND ( 'NONE', #2179, .T. ) ;
#2912 = DIRECTION ( 'NONE',  ( 0.000000000000000000, 0.000000000000000000, 1.000000000000000000 ) ) ;
#2913 =( GEOMETRIC_REPRESENTATION_CONTEXT ( 3 ) GLOBAL_UNCERTAINTY_ASSIGNED_CONTEXT ( ( #2667 ) ) GLOBAL_UNIT_ASSIGNED_CONTEXT ( ( #725, #437, #1390 ) ) REPRESENTATION_CONTEXT ( 'NONE', 'WORKASPACE' ) );
#2914 = LINE ( 'NONE', #3459, #975 ) ;
#2915 = DIRECTION ( 'NONE',  ( 0.000000000000000000, -0.000000000000000000, -1.000000000000000000 ) ) ;
#2916 = COLOUR_RGB ( '',0.8470588235294117530, 0.8431372549019607865, 0.8470588235294117530 ) ;
#2917 = FILL_AREA_STYLE ('',( #491 ) ) ;
#2918 = CARTESIAN_POINT ( 'NONE',  ( -1.500000000000000000, 1.550000000000000266, 6.200000000000001066 ) ) ;
#2919 = STYLED_ITEM ( 'NONE', ( #1936 ), #119 ) ;
#2920 = STYLED_ITEM ( 'NONE', ( #2543 ), #344 ) ;
#2921 = ORIENTED_EDGE ( 'NONE', *, *, #1651, .F. ) ;
#2922 = ORIENTED_EDGE ( 'NONE', *, *, #2382, .F. ) ;
#2923 = FILL_AREA_STYLE ('',( #1412 ) ) ;
#2924 = ADVANCED_FACE ( 'NONE', ( #860 ), #2030, .T. ) ;
#2925 = ORIENTED_EDGE ( 'NONE', *, *, #3377, .T. ) ;
#2926 = FILL_AREA_STYLE_COLOUR ( '', #1323 ) ;
#2927 = ORIENTED_EDGE ( 'NONE', *, *, #3731, .F. ) ;
#2928 = SURFACE_STYLE_USAGE ( .BOTH. , #2268 ) ;
#2929 = DIRECTION ( 'NONE',  ( 0.000000000000000000, -1.016439536705160777E-16, 1.000000000000000000 ) ) ;
#2930 =( GEOMETRIC_REPRESENTATION_CONTEXT ( 3 ) GLOBAL_UNCERTAINTY_ASSIGNED_CONTEXT ( ( #286 ) ) GLOBAL_UNIT_ASSIGNED_CONTEXT ( ( #195, #1678, #2885 ) ) REPRESENTATION_CONTEXT ( 'NONE', 'WORKASPACE' ) );
#2931 = DIRECTION ( 'NONE',  ( 1.000000000000000000, 2.090028284309406735E-16, 0.000000000000000000 ) ) ;
#2932 = PLANE ( 'NONE',  #3545 ) ;
#2933 = LINE ( 'NONE', #1422, #2570 ) ;
#2934 = ADVANCED_FACE ( 'NONE', ( #2062 ), #590, .T. ) ;
#2935 = COLOUR_RGB ( '',0.8470588235294117530, 0.8431372549019607865, 0.8470588235294117530 ) ;
#2936 = CARTESIAN_POINT ( 'NONE',  ( 4.349999999999999645, 4.645085803432136728, 0.3432137285491438372 ) ) ;
#2937 = EDGE_LOOP ( 'NONE', ( #2372, #3217, #3432, #827, #3010, #1462 ) ) ;
#2938 = CARTESIAN_POINT ( 'NONE',  ( 4.099999999999999645, 4.700000000000000178, -1.950000000000000178 ) ) ;
#2939 = ORIENTED_EDGE ( 'NONE', *, *, #3380, .F. ) ;
#2940 = COLOUR_RGB ( '',0.8470588235294117530, 0.8431372549019607865, 0.8470588235294117530 ) ;
#2941 = ORIENTED_EDGE ( 'NONE', *, *, #1271, .T. ) ;
#2942 = SURFACE_STYLE_USAGE ( .BOTH. , #3288 ) ;
#2943 = PRESENTATION_LAYER_ASSIGNMENT (  '', '', ( #2681 ) ) ;
#2944 = CARTESIAN_POINT ( 'NONE',  ( 0.000000000000000000, 4.450000000000000178, 1.950000000000000178 ) ) ;
#2945 = VERTEX_POINT ( 'NONE', #2739 ) ;
#2946 =( NAMED_UNIT ( * ) SI_UNIT ( $, .STERADIAN. ) SOLID_ANGLE_UNIT ( ) );
#2947 = SURFACE_SIDE_STYLE ('',( #810 ) ) ;
#2948 = CARTESIAN_POINT ( 'NONE',  ( 2.599999999999999645, 0.000000000000000000, 2.200000000000000178 ) ) ;
#2949 =( GEOMETRIC_REPRESENTATION_CONTEXT ( 3 ) GLOBAL_UNCERTAINTY_ASSIGNED_CONTEXT ( ( #169 ) ) GLOBAL_UNIT_ASSIGNED_CONTEXT ( ( #1162, #1723, #848 ) ) REPRESENTATION_CONTEXT ( 'NONE', 'WORKASPACE' ) );
#2950 = SURFACE_SIDE_STYLE ('',( #182 ) ) ;
#2951 =( NAMED_UNIT ( * ) PLANE_ANGLE_UNIT ( ) SI_UNIT ( $, .RADIAN. ) );
#2952 = CIRCLE ( 'NONE', #3450, 0.2500000000000002220 ) ;
#2953 = UNCERTAINTY_MEASURE_WITH_UNIT (LENGTH_MEASURE( 1.000000000000000082E-05 ), #1865, 'distance_accuracy_value', 'NONE');
#2954 = EDGE_CURVE ( 'NONE', #3488, #3801, #2164, .T. ) ;
#2955 = FACE_OUTER_BOUND ( 'NONE', #2784, .T. ) ;
#2956 = ORIENTED_EDGE ( 'NONE', *, *, #1212, .F. ) ;
#2957 = ORIENTED_EDGE ( 'NONE', *, *, #1424, .T. ) ;
#2958 = LINE ( 'NONE', #1459, #495 ) ;
#2959 = VECTOR ( 'NONE', #1095, 1000.000000000000000 ) ;
#2960 = COLOUR_RGB ( '',0.8470588235294117530, 0.8431372549019607865, 0.8470588235294117530 ) ;
#2961 = ORIENTED_EDGE ( 'NONE', *, *, #1418, .F. ) ;
#2962 = PRESENTATION_LAYER_ASSIGNMENT (  '', '', ( #2829 ) ) ;
#2963 = DIRECTION ( 'NONE',  ( 0.000000000000000000, 0.000000000000000000, 1.000000000000000000 ) ) ;
#2964 = CARTESIAN_POINT ( 'NONE',  ( 3.949999999999999734, -3.551475717527321860E-16, -0.7999999999999997113 ) ) ;
#2965 = MECHANICAL_DESIGN_GEOMETRIC_PRESENTATION_REPRESENTATION (  '', ( #1492 ), #385 ) ;
#2966 =( GEOMETRIC_REPRESENTATION_CONTEXT ( 3 ) GLOBAL_UNCERTAINTY_ASSIGNED_CONTEXT ( ( #1655 ) ) GLOBAL_UNIT_ASSIGNED_CONTEXT ( ( #2180, #3092, #3697 ) ) REPRESENTATION_CONTEXT ( 'NONE', 'WORKASPACE' ) );
#2967 = CARTESIAN_POINT ( 'NONE',  ( -3.099999999999999645, 0.2500000000000000000, 2.200000000000000178 ) ) ;
#2968 = FACE_OUTER_BOUND ( 'NONE', #3290, .T. ) ;
#2969 = MECHANICAL_DESIGN_GEOMETRIC_PRESENTATION_REPRESENTATION (  '', ( #1755 ), #945 ) ;
#2970 = EDGE_CURVE ( 'NONE', #1706, #899, #52, .T. ) ;
#2971 = LINE ( 'NONE', #1751, #709 ) ;
#2972 = SURFACE_STYLE_USAGE ( .BOTH. , #3872 ) ;
#2973 = EDGE_CURVE ( 'NONE', #282, #1764, #2764, .T. ) ;
#2974 =( LENGTH_UNIT ( ) NAMED_UNIT ( * ) SI_UNIT ( .MILLI., .METRE. ) );
#2975 = EDGE_CURVE ( 'NONE', #1286, #1071, #1596, .T. ) ;
#2976 = VERTEX_POINT ( 'NONE', #1273 ) ;
#2977 = PRESENTATION_STYLE_ASSIGNMENT (( #1154 ) ) ;
#2978 = ADVANCED_FACE ( 'NONE', ( #3684 ), #362, .T. ) ;
#2979 = VERTEX_POINT ( 'NONE', #1550 ) ;
#2980 = PRESENTATION_STYLE_ASSIGNMENT (( #553 ) ) ;
#2981 = PLANE ( 'NONE',  #2493 ) ;
#2982 = CARTESIAN_POINT ( 'NONE',  ( -2.349999999999999201, 0.2500000000000000555, 1.112249899919919072 ) ) ;
#2983 = FILL_AREA_STYLE_COLOUR ( '', #1123 ) ;
#2984 = CARTESIAN_POINT ( 'NONE',  ( -3.099999999999999645, 1.880790961315660013E-34, -2.200000000000000178 ) ) ;
#2985 = DIRECTION ( 'NONE',  ( 0.000000000000000000, -0.3387194682727414086, -0.9408874118687269306 ) ) ;
#2986 = EDGE_LOOP ( 'NONE', ( #2956, #3303, #2814, #3163, #279, #2320, #1761, #2522, #46, #2218, #1366, #1411 ) ) ;
#2987 = UNCERTAINTY_MEASURE_WITH_UNIT (LENGTH_MEASURE( 1.000000000000000082E-05 ), #3246, 'distance_accuracy_value', 'NONE');
#2988 = PLANE ( 'NONE',  #3445 ) ;
#2989 =( NAMED_UNIT ( * ) SI_UNIT ( $, .STERADIAN. ) SOLID_ANGLE_UNIT ( ) );
#2990 = CARTESIAN_POINT ( 'NONE',  ( -3.949999999999999734, -3.061616997868380676E-16, -1.199999999999999734 ) ) ;
#2991 = AXIS2_PLACEMENT_3D ( 'NONE', #2728, #2356, #1489 ) ;
#2992 = UNCERTAINTY_MEASURE_WITH_UNIT (LENGTH_MEASURE( 1.000000000000000082E-05 ), #2801, 'distance_accuracy_value', 'NONE');
#2993 = VERTEX_POINT ( 'NONE', #1253 ) ;
#2994 =( LENGTH_UNIT ( ) NAMED_UNIT ( * ) SI_UNIT ( .MILLI., .METRE. ) );
#2995 = EDGE_CURVE ( 'NONE', #855, #2656, #2463, .T. ) ;
#2996 =( NAMED_UNIT ( * ) SI_UNIT ( $, .STERADIAN. ) SOLID_ANGLE_UNIT ( ) );
#2997 = MECHANICAL_DESIGN_GEOMETRIC_PRESENTATION_REPRESENTATION (  '', ( #3438 ), #734 ) ;
#2998 =( NAMED_UNIT ( * ) SI_UNIT ( $, .STERADIAN. ) SOLID_ANGLE_UNIT ( ) );
#2999 = CARTESIAN_POINT ( 'NONE',  ( 4.349999999999999645, 4.700000000000000178, 0.000000000000000000 ) ) ;
#3000 = PRESENTATION_STYLE_ASSIGNMENT (( #2723 ) ) ;
#3001 = AXIS2_PLACEMENT_3D ( 'NONE', #2307, #842, #483 ) ;
#3002 = LINE ( 'NONE', #1823, #3333 ) ;
#3003 = CARTESIAN_POINT ( 'NONE',  ( 3.349999999999999201, 0.2500000000000000000, 1.112249899919919072 ) ) ;
#3004 = MECHANICAL_DESIGN_GEOMETRIC_PRESENTATION_REPRESENTATION (  '', ( #990 ), #1931 ) ;
#3005 = DIRECTION ( 'NONE',  ( 1.000000000000000000, 0.000000000000000000, -0.000000000000000000 ) ) ;
#3006 = DIRECTION ( 'NONE',  ( 0.000000000000000000, 0.9408874118687269306, -0.3387194682727414086 ) ) ;
#3007 = VERTEX_POINT ( 'NONE', #1577 ) ;
#3008 = CARTESIAN_POINT ( 'NONE',  ( 3.099999999999999645, -1.084202172485504434E-16, 2.200000000000000178 ) ) ;
#3009 = AXIS2_PLACEMENT_3D ( 'NONE', #3730, #3415, #1913 ) ;
#3010 = ORIENTED_EDGE ( 'NONE', *, *, #1516, .F. ) ;
#3011 = DIRECTION ( 'NONE',  ( -1.000000000000000000, 0.000000000000000000, 0.000000000000000000 ) ) ;
#3012 = STYLED_ITEM ( 'NONE', ( #662 ), #583 ) ;
#3013 = CARTESIAN_POINT ( 'NONE',  ( 3.949999999999999734, 4.699999999999999289, 2.199999999999999734 ) ) ;
#3014 = ORIENTED_EDGE ( 'NONE', *, *, #3151, .F. ) ;
#3015 = ORIENTED_EDGE ( 'NONE', *, *, #3019, .T. ) ;
#3016 = CARTESIAN_POINT ( 'NONE',  ( -3.949999999999999734, 0.000000000000000000, -0.3999999999999996336 ) ) ;
#3017 = MECHANICAL_DESIGN_GEOMETRIC_PRESENTATION_REPRESENTATION (  '', ( #1000 ), #868 ) ;
#3018 = MECHANICAL_DESIGN_GEOMETRIC_PRESENTATION_REPRESENTATION (  '', ( #3832 ), #3644 ) ;
#3019 = EDGE_CURVE ( 'NONE', #1877, #2979, #1127, .T. ) ;
#3020 = CARTESIAN_POINT ( 'NONE',  ( 2.599999999999999645, 0.000000000000000000, 2.200000000000000178 ) ) ;
#3021 = PRESENTATION_STYLE_ASSIGNMENT (( #2722 ) ) ;
#3022 = CARTESIAN_POINT ( 'NONE',  ( 2.000000000000000000, -2.600000000000000089, -4.561809326823889594E-16 ) ) ;
#3023 = PLANE ( 'NONE',  #2327 ) ;
#3024 = VECTOR ( 'NONE', #185, 1000.000000000000000 ) ;
#3025 =( NAMED_UNIT ( * ) PLANE_ANGLE_UNIT ( ) SI_UNIT ( $, .RADIAN. ) );
#3026 = LINE ( 'NONE', #3606, #546 ) ;
#3027 = CARTESIAN_POINT ( 'NONE',  ( 2.000000000000000000, 0.7000000000000000666, -4.714890176717308529E-16 ) ) ;
#3028 = DIRECTION ( 'NONE',  ( 0.000000000000000000, 0.9874406319167053914, 0.1579905011066732035 ) ) ;
#3029 = SURFACE_STYLE_USAGE ( .BOTH. , #2792 ) ;
#3030 = VECTOR ( 'NONE', #3169, 1000.000000000000000 ) ;
#3031 = EDGE_LOOP ( 'NONE', ( #2615, #1629, #1924, #1653 ) ) ;
#3032 = CIRCLE ( 'NONE', #2400, 0.2500000000000000000 ) ;
#3033 = SURFACE_SIDE_STYLE ('',( #2434 ) ) ;
#3034 = ORIENTED_EDGE ( 'NONE', *, *, #3570, .T. ) ;
#3035 = VERTEX_POINT ( 'NONE', #2483 ) ;
#3036 = ORIENTED_EDGE ( 'NONE', *, *, #1107, .F. ) ;
#3037 = LINE ( 'NONE', #2816, #2649 ) ;
#3038 = FILL_AREA_STYLE_COLOUR ( '', #3184 ) ;
#3039 = AXIS2_PLACEMENT_3D ( 'NONE', #954, #365, #3648 ) ;
#3040 = EDGE_CURVE ( 'NONE', #852, #1272, #3037, .T. ) ;
#3041 = DIRECTION ( 'NONE',  ( 0.000000000000000000, 0.000000000000000000, -1.000000000000000000 ) ) ;
#3042 = FILL_AREA_STYLE_COLOUR ( '', #525 ) ;
#3043 = LINE ( 'NONE', #1800, #316 ) ;
#3044 = PRESENTATION_STYLE_ASSIGNMENT (( #679 ) ) ;
#3045 = VERTEX_POINT ( 'NONE', #694 ) ;
#3046 = CARTESIAN_POINT ( 'NONE',  ( 2.075000000000000178, 4.700000000000000178, 2.000000000000000000 ) ) ;
#3047 = CARTESIAN_POINT ( 'NONE',  ( -4.349999999999999645, 4.450000000000000178, 2.200000000000000178 ) ) ;
#3048 =( LENGTH_UNIT ( ) NAMED_UNIT ( * ) SI_UNIT ( .MILLI., .METRE. ) );
#3049 = ADVANCED_FACE ( 'NONE', ( #1883 ), #2420, .T. ) ;
#3050 = AXIS2_PLACEMENT_3D ( 'NONE', #1468, #1839, #326 ) ;
#3051 = CARTESIAN_POINT ( 'NONE',  ( -3.349999999999999201, 0.1959718679618051573, 1.155507025103987395 ) ) ;
#3052 = UNCERTAINTY_MEASURE_WITH_UNIT (LENGTH_MEASURE( 1.000000000000000082E-05 ), #1955, 'distance_accuracy_value', 'NONE');
#3053 =( GEOMETRIC_REPRESENTATION_CONTEXT ( 3 ) GLOBAL_UNCERTAINTY_ASSIGNED_CONTEXT ( ( #1763 ) ) GLOBAL_UNIT_ASSIGNED_CONTEXT ( ( #2500, #1885, #3702 ) ) REPRESENTATION_CONTEXT ( 'NONE', 'WORKASPACE' ) );
#3054 = ORIENTED_EDGE ( 'NONE', *, *, #3443, .T. ) ;
#3055 = CARTESIAN_POINT ( 'NONE',  ( 3.949999999999999734, -5.510910596163085611E-16, 0.7999999999999997113 ) ) ;
#3056 = ORIENTED_EDGE ( 'NONE', *, *, #989, .T. ) ;
#3057 = SURFACE_SIDE_STYLE ('',( #692 ) ) ;
#3058 = FILL_AREA_STYLE_COLOUR ( '', #512 ) ;
#3059 = LINE ( 'NONE', #928, #3350 ) ;
#3060 = LINE ( 'NONE', #2767, #3315 ) ;
#3061 = CARTESIAN_POINT ( 'NONE',  ( 3.949999999999999734, 4.700000000000000178, -2.199999999999998845 ) ) ;
#3062 =( NAMED_UNIT ( * ) PLANE_ANGLE_UNIT ( ) SI_UNIT ( $, .RADIAN. ) );
#3063 = CARTESIAN_POINT ( 'NONE',  ( -3.949999999999999734, 0.000000000000000000, -0.3999999999999996336 ) ) ;
#3064 = PRESENTATION_STYLE_ASSIGNMENT (( #2809 ) ) ;
#3065 = FILL_AREA_STYLE ('',( #3729 ) ) ;
#3066 =( NAMED_UNIT ( * ) PLANE_ANGLE_UNIT ( ) SI_UNIT ( $, .RADIAN. ) );
#3067 = PRESENTATION_LAYER_ASSIGNMENT (  '', '', ( #3507 ) ) ;
#3068 = ADVANCED_FACE ( 'NONE', ( #3428 ), #217, .F. ) ;
#3069 = ORIENTED_EDGE ( 'NONE', *, *, #1974, .F. ) ;
#3070 = VECTOR ( 'NONE', #2072, 1000.000000000000000 ) ;
#3071 = CARTESIAN_POINT ( 'NONE',  ( 0.000000000000000000, 4.450000000000000178, 2.200000000000000178 ) ) ;
#3072 = ORIENTED_EDGE ( 'NONE', *, *, #3665, .F. ) ;
#3073 = ORIENTED_EDGE ( 'NONE', *, *, #1559, .F. ) ;
#3074 = UNCERTAINTY_MEASURE_WITH_UNIT (LENGTH_MEASURE( 1.000000000000000082E-05 ), #677, 'distance_accuracy_value', 'NONE');
#3075 =( LENGTH_UNIT ( ) NAMED_UNIT ( * ) SI_UNIT ( .MILLI., .METRE. ) );
#3076 =( NAMED_UNIT ( * ) SI_UNIT ( $, .STERADIAN. ) SOLID_ANGLE_UNIT ( ) );
#3077 = CARTESIAN_POINT ( 'NONE',  ( -4.349999999999999645, 4.450000000000000178, 0.000000000000000000 ) ) ;
#3078 = DIRECTION ( 'NONE',  ( 0.000000000000000000, 0.000000000000000000, 1.000000000000000000 ) ) ;
#3079 = CARTESIAN_POINT ( 'NONE',  ( 0.000000000000000000, -2.349999999999999645, 1.408343819019456275E-16 ) ) ;
#3080 =( NAMED_UNIT ( * ) SI_UNIT ( $, .STERADIAN. ) SOLID_ANGLE_UNIT ( ) );
#3081 = COLOUR_RGB ( '',0.8470588235294117530, 0.8431372549019607865, 0.8470588235294117530 ) ;
#3082 = FACE_OUTER_BOUND ( 'NONE', #1583, .T. ) ;
#3083 = FILL_AREA_STYLE ('',( #911 ) ) ;
#3084 = EDGE_CURVE ( 'NONE', #2415, #2240, #1961, .T. ) ;
#3085 = VECTOR ( 'NONE', #3351, 1000.000000000000000 ) ;
#3086 =( NAMED_UNIT ( * ) SI_UNIT ( $, .STERADIAN. ) SOLID_ANGLE_UNIT ( ) );
#3087 = COLOUR_RGB ( '',0.8470588235294117530, 0.8431372549019607865, 0.8470588235294117530 ) ;
#3088 = CARTESIAN_POINT ( 'NONE',  ( 2.599999999999999645, 0.2500000000000000000, -2.200000000000000178 ) ) ;
#3089 = EDGE_CURVE ( 'NONE', #3625, #3170, #2241, .T. ) ;
#3090 = EDGE_LOOP ( 'NONE', ( #1168, #3323, #3034, #2563 ) ) ;
#3091 = EDGE_CURVE ( 'NONE', #3573, #1248, #479, .T. ) ;
#3092 =( NAMED_UNIT ( * ) PLANE_ANGLE_UNIT ( ) SI_UNIT ( $, .RADIAN. ) );
#3093 = ORIENTED_EDGE ( 'NONE', *, *, #2654, .T. ) ;
#3094 = EDGE_LOOP ( 'NONE', ( #1827, #2497, #1708, #1478 ) ) ;
#3095 = SURFACE_SIDE_STYLE ('',( #3402 ) ) ;
#3096 =( NAMED_UNIT ( * ) PLANE_ANGLE_UNIT ( ) SI_UNIT ( $, .RADIAN. ) );
#3097 = ADVANCED_FACE ( 'NONE', ( #2857 ), #496, .F. ) ;
#3098 = LINE ( 'NONE', #1863, #3706 ) ;
#3099 = CARTESIAN_POINT ( 'NONE',  ( -2.000000000000000000, 1.550000000000000266, 2.000000000000000000 ) ) ;
#3100 = STYLED_ITEM ( 'NONE', ( #1525 ), #3738 ) ;
#3101 =( LENGTH_UNIT ( ) NAMED_UNIT ( * ) SI_UNIT ( .MILLI., .METRE. ) );
#3102 = CARTESIAN_POINT ( 'NONE',  ( -3.349999999999999645, -3.551475717527321860E-16, -0.7999999999999997113 ) ) ;
#3103 = VECTOR ( 'NONE', #574, 1000.000000000000000 ) ;
#3104 = PRESENTATION_LAYER_ASSIGNMENT (  '', '', ( #3664 ) ) ;
#3105 = SURFACE_SIDE_STYLE ('',( #3726 ) ) ;
#3106 = CARTESIAN_POINT ( 'NONE',  ( 2.000000000000000000, 0.7000000000000000666, -0.2500000000000008882 ) ) ;
#3107 =( NAMED_UNIT ( * ) SI_UNIT ( $, .STERADIAN. ) SOLID_ANGLE_UNIT ( ) );
#3108 = FILL_AREA_STYLE_COLOUR ( '', #190 ) ;
#3109 = UNCERTAINTY_MEASURE_WITH_UNIT (LENGTH_MEASURE( 1.000000000000000082E-05 ), #1821, 'distance_accuracy_value', 'NONE');
#3110 = VERTEX_POINT ( 'NONE', #1473 ) ;
#3111 = MECHANICAL_DESIGN_GEOMETRIC_PRESENTATION_REPRESENTATION (  '', ( #3676 ), #1151 ) ;
#3112 =( NAMED_UNIT ( * ) PLANE_ANGLE_UNIT ( ) SI_UNIT ( $, .RADIAN. ) );
#3113 = UNCERTAINTY_MEASURE_WITH_UNIT (LENGTH_MEASURE( 1.000000000000000082E-05 ), #815, 'distance_accuracy_value', 'NONE');
#3114 = MECHANICAL_DESIGN_GEOMETRIC_PRESENTATION_REPRESENTATION (  '', ( #3734 ), #1343 ) ;
#3115 = VERTEX_POINT ( 'NONE', #1241 ) ;
#3116 = SURFACE_STYLE_USAGE ( .BOTH. , #3057 ) ;
#3117 = ORIENTED_EDGE ( 'NONE', *, *, #1282, .T. ) ;
#3118 =( NAMED_UNIT ( * ) PLANE_ANGLE_UNIT ( ) SI_UNIT ( $, .RADIAN. ) );
#3119 = LINE ( 'NONE', #421, #1748 ) ;
#3120 = FACE_OUTER_BOUND ( 'NONE', #1397, .T. ) ;
#3121 = MECHANICAL_DESIGN_GEOMETRIC_PRESENTATION_REPRESENTATION (  '', ( #2614 ), #175 ) ;
#3122 = CARTESIAN_POINT ( 'NONE',  ( 2.600000000000000089, -3.306546357697851761E-16, -1.199999999999999734 ) ) ;
#3123 = EDGE_CURVE ( 'NONE', #721, #1084, #1515, .T. ) ;
#3124 = DIRECTION ( 'NONE',  ( 0.000000000000000000, -2.664535259100375303E-15, 1.000000000000000000 ) ) ;
#3125 = DIRECTION ( 'NONE',  ( 0.000000000000000000, -0.9874406319167053914, -0.1579905011066732035 ) ) ;
#3126 = COLOUR_RGB ( '',0.8470588235294117530, 0.8431372549019607865, 0.8470588235294117530 ) ;
#3127 = EDGE_CURVE ( 'NONE', #1543, #2993, #2323, .T. ) ;
#3128 = LINE ( 'NONE', #657, #2874 ) ;
#3129 = CARTESIAN_POINT ( 'NONE',  ( 2.349999999999999645, 0.2500000000000000555, 1.112249899919919072 ) ) ;
#3130 = SURFACE_STYLE_FILL_AREA ( #972 ) ;
#3131 = COLOUR_RGB ( '',0.8470588235294117530, 0.8431372549019607865, 0.8470588235294117530 ) ;
#3132 = SURFACE_STYLE_USAGE ( .BOTH. , #1358 ) ;
#3133 = CARTESIAN_POINT ( 'NONE',  ( 2.600000000000000089, -6.245698675651497881E-16, 1.199999999999999734 ) ) ;
#3134 = ORIENTED_EDGE ( 'NONE', *, *, #2413, .F. ) ;
#3135 = EDGE_LOOP ( 'NONE', ( #965, #1435, #3093, #2481 ) ) ;
#3136 = AXIS2_PLACEMENT_3D ( 'NONE', #2803, #1229, #3353 ) ;
#3137 = LINE ( 'NONE', #435, #3395 ) ;
#3138 = VERTEX_POINT ( 'NONE', #1806 ) ;
#3139 = CARTESIAN_POINT ( 'NONE',  ( -3.099999999999999645, -3.306546357697851761E-16, -1.199999999999999734 ) ) ;
#3140 = EDGE_LOOP ( 'NONE', ( #3168, #2432, #3251, #2638 ) ) ;
#3141 = AXIS2_PLACEMENT_3D ( 'NONE', #1564, #2430, #973 ) ;
#3142 =( LENGTH_UNIT ( ) NAMED_UNIT ( * ) SI_UNIT ( .MILLI., .METRE. ) );
#3143 =( NAMED_UNIT ( * ) SI_UNIT ( $, .STERADIAN. ) SOLID_ANGLE_UNIT ( ) );
#3144 = CARTESIAN_POINT ( 'NONE',  ( 3.949999999999999734, -2.500000000000002665, -0.1499999999999999667 ) ) ;
#3145 = AXIS2_PLACEMENT_3D ( 'NONE', #2705, #2486, #3317 ) ;
#3146 = DIRECTION ( 'NONE',  ( -0.000000000000000000, -1.000000000000000000, -0.000000000000000000 ) ) ;
#3147 = CYLINDRICAL_SURFACE ( 'NONE', #1766, 0.3999999999999999667 ) ;
#3148 = EDGE_LOOP ( 'NONE', ( #2144, #1716, #2906 ) ) ;
#3149 = DIRECTION ( 'NONE',  ( -0.000000000000000000, 1.000000000000000000, 0.000000000000000000 ) ) ;
#3150 = CARTESIAN_POINT ( 'NONE',  ( 3.949999999999999734, 0.000000000000000000, -2.199999999999998845 ) ) ;
#3151 = EDGE_CURVE ( 'NONE', #2357, #724, #21, .T. ) ;
#3152 = VECTOR ( 'NONE', #1915, 1000.000000000000000 ) ;
#3153 = COLOUR_RGB ( '',0.2509803921568627416, 0.2509803921568627416, 0.2509803921568627416 ) ;
#3154 = SURFACE_STYLE_FILL_AREA ( #2825 ) ;
#3155 = SURFACE_STYLE_USAGE ( .BOTH. , #3728 ) ;
#3156 = STYLED_ITEM ( 'NONE', ( #1480 ), #2924 ) ;
#3157 = SPHERICAL_SURFACE ( 'NONE', #758, 0.2500000000000000000 ) ;
#3158 = CARTESIAN_POINT ( 'NONE',  ( 4.349999999999999645, -2.500000000000002665, -0.1499999999999999667 ) ) ;
#3159 =( GEOMETRIC_REPRESENTATION_CONTEXT ( 3 ) GLOBAL_UNCERTAINTY_ASSIGNED_CONTEXT ( ( #1916 ) ) GLOBAL_UNIT_ASSIGNED_CONTEXT ( ( #3776, #1925, #2261 ) ) REPRESENTATION_CONTEXT ( 'NONE', 'WORKASPACE' ) );
#3160 = COLOUR_RGB ( '',0.8470588235294117530, 0.8431372549019607865, 0.8470588235294117530 ) ;
#3161 = LINE ( 'NONE', #1631, #3024 ) ;
#3162 = UNCERTAINTY_MEASURE_WITH_UNIT (LENGTH_MEASURE( 1.000000000000000082E-05 ), #271, 'distance_accuracy_value', 'NONE');
#3163 = ORIENTED_EDGE ( 'NONE', *, *, #3532, .F. ) ;
#3164 = LINE ( 'NONE', #150, #1327 ) ;
#3165 = CARTESIAN_POINT ( 'NONE',  ( -3.949999999999999734, 4.645085803432136728, 0.3432137285491438372 ) ) ;
#3166 = DIRECTION ( 'NONE',  ( 0.000000000000000000, 0.000000000000000000, 1.000000000000000000 ) ) ;
#3167 = FILL_AREA_STYLE ('',( #155 ) ) ;
#3168 = ORIENTED_EDGE ( 'NONE', *, *, #2002, .T. ) ;
#3169 = DIRECTION ( 'NONE',  ( 0.000000000000000000, 6.245698675651497881E-16, 1.000000000000000000 ) ) ;
#3170 = VERTEX_POINT ( 'NONE', #354 ) ;
#3171 = PRESENTATION_LAYER_ASSIGNMENT (  '', '', ( #2080 ) ) ;
#3172 = FACE_OUTER_BOUND ( 'NONE', #1245, .T. ) ;
#3173 = CARTESIAN_POINT ( 'NONE',  ( -4.349999999999999645, 4.700000000000000178, -1.950000000000000178 ) ) ;
#3174 = AXIS2_PLACEMENT_3D ( 'NONE', #649, #304, #324 ) ;
#3175 = DIRECTION ( 'NONE',  ( -0.000000000000000000, -1.000000000000000000, -0.000000000000000000 ) ) ;
#3176 =( LENGTH_UNIT ( ) NAMED_UNIT ( * ) SI_UNIT ( .MILLI., .METRE. ) );
#3177 = CARTESIAN_POINT ( 'NONE',  ( 2.530712870755707833, -1.067261513540418057E-16, 1.199999999999999512 ) ) ;
#3178 = EDGE_CURVE ( 'NONE', #2979, #1882, #2060, .T. ) ;
#3179 = ORIENTED_EDGE ( 'NONE', *, *, #368, .F. ) ;
#3180 = CARTESIAN_POINT ( 'NONE',  ( 0.000000000000000000, 1.349999999999999645, 2.000000000000000000 ) ) ;
#3181 = CARTESIAN_POINT ( 'NONE',  ( -4.349999999999999645, 3.826133144475921899, -2.427407932011330871 ) ) ;
#3182 = SURFACE_SIDE_STYLE ('',( #2523 ) ) ;
#3183 =( NAMED_UNIT ( * ) SI_UNIT ( $, .STERADIAN. ) SOLID_ANGLE_UNIT ( ) );
#3184 = COLOUR_RGB ( '',0.2509803921568627416, 0.2509803921568627416, 0.2509803921568627416 ) ;
#3185 = FILL_AREA_STYLE_COLOUR ( '', #3840 ) ;
#3186 = PRESENTATION_STYLE_ASSIGNMENT (( #1103 ) ) ;
#3187 = CARTESIAN_POINT ( 'NONE',  ( 0.000000000000000000, 3.550000000000000266, 2.000000000000000000 ) ) ;
#3188 = CARTESIAN_POINT ( 'NONE',  ( 3.349999999999999645, 0.3999999999999993006, 2.200000000000000178 ) ) ;
#3189 =( NAMED_UNIT ( * ) SI_UNIT ( $, .STERADIAN. ) SOLID_ANGLE_UNIT ( ) );
#3190 = SURFACE_STYLE_FILL_AREA ( #1972 ) ;
#3191 = FACE_OUTER_BOUND ( 'NONE', #2457, .T. ) ;
#3192 = AXIS2_PLACEMENT_3D ( 'NONE', #179, #790, #775 ) ;
#3193 = DIRECTION ( 'NONE',  ( 1.000000000000000000, 1.045014142154703367E-16, 0.000000000000000000 ) ) ;
#3194 = PRESENTATION_LAYER_ASSIGNMENT (  '', '', ( #977 ) ) ;
#3195 = CARTESIAN_POINT ( 'NONE',  ( -3.349999999999999645, 0.2500000000000000000, -2.200000000000000178 ) ) ;
#3196 = ADVANCED_FACE ( 'NONE', ( #2453 ), #1199, .T. ) ;
#3197 = LINE ( 'NONE', #2521, #831 ) ;
#3198 = SURFACE_STYLE_FILL_AREA ( #2923 ) ;
#3199 = ORIENTED_EDGE ( 'NONE', *, *, #912, .T. ) ;
#3200 = ORIENTED_EDGE ( 'NONE', *, *, #3416, .F. ) ;
#3201 = FILL_AREA_STYLE ('',( #1661 ) ) ;
#3202 = SURFACE_STYLE_USAGE ( .BOTH. , #2648 ) ;
#3203 =( GEOMETRIC_REPRESENTATION_CONTEXT ( 3 ) GLOBAL_UNCERTAINTY_ASSIGNED_CONTEXT ( ( #476 ) ) GLOBAL_UNIT_ASSIGNED_CONTEXT ( ( #1475, #549, #3 ) ) REPRESENTATION_CONTEXT ( 'NONE', 'WORKASPACE' ) );
#3204 = DIRECTION ( 'NONE',  ( 9.795786256852418525E-32, -1.016439536705160777E-16, 1.000000000000000000 ) ) ;
#3205 = SURFACE_STYLE_USAGE ( .BOTH. , #2509 ) ;
#3206 = DIRECTION ( 'NONE',  ( -1.000000000000000000, -0.000000000000000000, -0.000000000000000000 ) ) ;
#3207 = MECHANICAL_DESIGN_GEOMETRIC_PRESENTATION_REPRESENTATION (  '', ( #204 ), #3703 ) ;
#3208 = PRESENTATION_STYLE_ASSIGNMENT (( #3846 ) ) ;
#3209 =( GEOMETRIC_REPRESENTATION_CONTEXT ( 3 ) GLOBAL_UNCERTAINTY_ASSIGNED_CONTEXT ( ( #946 ) ) GLOBAL_UNIT_ASSIGNED_CONTEXT ( ( #2602, #194, #2284 ) ) REPRESENTATION_CONTEXT ( 'NONE', 'WORKASPACE' ) );
#3210 = ORIENTED_EDGE ( 'NONE', *, *, #712, .F. ) ;
#3211 = CARTESIAN_POINT ( 'NONE',  ( 2.075000000000001066, 1.499999999999999778, 2.200000000000000178 ) ) ;
#3212 = LINE ( 'NONE', #1051, #3455 ) ;
#3213 = ADVANCED_FACE ( 'NONE', ( #294 ), #3157, .T. ) ;
#3214 = MECHANICAL_DESIGN_GEOMETRIC_PRESENTATION_REPRESENTATION (  '', ( #449 ), #2646 ) ;
#3215 = EDGE_LOOP ( 'NONE', ( #1410, #2007, #2373, #2461 ) ) ;
#3216 = STYLED_ITEM ( 'NONE', ( #1902 ), #2978 ) ;
#3217 = ORIENTED_EDGE ( 'NONE', *, *, #1788, .T. ) ;
#3218 =( NAMED_UNIT ( * ) SI_UNIT ( $, .STERADIAN. ) SOLID_ANGLE_UNIT ( ) );
#3219 = CIRCLE ( 'NONE', #1640, 0.3999999999999999667 ) ;
#3220 = CYLINDRICAL_SURFACE ( 'NONE', #210, 0.2500000000000002220 ) ;
#3221 = VERTEX_POINT ( 'NONE', #3530 ) ;
#3222 = EDGE_CURVE ( 'NONE', #2029, #494, #1951, .T. ) ;
#3223 = CARTESIAN_POINT ( 'NONE',  ( 3.949999999999999734, 4.645085803432136728, 0.3432137285491438372 ) ) ;
#3224 = SURFACE_SIDE_STYLE ('',( #2350 ) ) ;
#3225 = DIRECTION ( 'NONE',  ( -1.000000000000000000, 0.000000000000000000, 0.000000000000000000 ) ) ;
#3226 = SURFACE_SIDE_STYLE ('',( #3154 ) ) ;
#3227 = PRESENTATION_STYLE_ASSIGNMENT (( #846 ) ) ;
#3228 = CYLINDRICAL_SURFACE ( 'NONE', #2061, 0.2500000000000002220 ) ;
#3229 = CARTESIAN_POINT ( 'NONE',  ( -3.099999999999999645, 1.880790961315660013E-34, 2.200000000000000178 ) ) ;
#3230 =( GEOMETRIC_REPRESENTATION_CONTEXT ( 3 ) GLOBAL_UNCERTAINTY_ASSIGNED_CONTEXT ( ( #1756 ) ) GLOBAL_UNIT_ASSIGNED_CONTEXT ( ( #1226, #1944, #2599 ) ) REPRESENTATION_CONTEXT ( 'NONE', 'WORKASPACE' ) );
#3231 = ORIENTED_EDGE ( 'NONE', *, *, #2973, .T. ) ;
#3232 = CARTESIAN_POINT ( 'NONE',  ( -2.349999999999999645, 4.700000000000000178, -2.000000000000000000 ) ) ;
#3233 = ORIENTED_EDGE ( 'NONE', *, *, #1424, .F. ) ;
#3234 = ORIENTED_EDGE ( 'NONE', *, *, #2854, .F. ) ;
#3235 = DIRECTION ( 'NONE',  ( -1.084202172485504434E-15, 1.000000000000000000, -1.897353801849632760E-15 ) ) ;
#3236 = MECHANICAL_DESIGN_GEOMETRIC_PRESENTATION_REPRESENTATION (  '', ( #1826 ), #2213 ) ;
#3237 = EDGE_LOOP ( 'NONE', ( #3838, #2669, #433, #3527, #2909, #2674, #24, #923, #964, #3069, #3561, #1375, #1922, #3534, #457, #948, #675, #1612, #2330, #3660 ) ) ;
#3238 = FILL_AREA_STYLE_COLOUR ( '', #2331 ) ;
#3239 = ORIENTED_EDGE ( 'NONE', *, *, #1180, .T. ) ;
#3240 =( NAMED_UNIT ( * ) SI_UNIT ( $, .STERADIAN. ) SOLID_ANGLE_UNIT ( ) );
#3241 = ORIENTED_EDGE ( 'NONE', *, *, #2786, .T. ) ;
#3242 = DIRECTION ( 'NONE',  ( -1.000000000000000000, -2.065146995210484202E-16, 0.000000000000000000 ) ) ;
#3243 = CARTESIAN_POINT ( 'NONE',  ( -4.349999999999999645, -5.510910596163085611E-16, 0.7999999999999997113 ) ) ;
#3244 = ADVANCED_FACE ( 'NONE', ( #1342 ), #3414, .F. ) ;
#3245 = CIRCLE ( 'NONE', #3605, 0.3999999999999999667 ) ;
#3246 =( LENGTH_UNIT ( ) NAMED_UNIT ( * ) SI_UNIT ( .MILLI., .METRE. ) );
#3247 = FILL_AREA_STYLE ('',( #165 ) ) ;
#3248 = AXIS2_PLACEMENT_3D ( 'NONE', #807, #2265, #353 ) ;
#3249 = PRESENTATION_STYLE_ASSIGNMENT (( #1445 ) ) ;
#3250 = ORIENTED_EDGE ( 'NONE', *, *, #1598, .F. ) ;
#3251 = ORIENTED_EDGE ( 'NONE', *, *, #861, .F. ) ;
#3252 = COLOUR_RGB ( '',0.2509803921568627416, 0.2509803921568627416, 0.2509803921568627416 ) ;
#3253 = ORIENTED_EDGE ( 'NONE', *, *, #779, .F. ) ;
#3254 = CARTESIAN_POINT ( 'NONE',  ( 0.000000000000000000, -2.349999999999999645, -0.2499999999999998335 ) ) ;
#3255 = ADVANCED_FACE ( 'NONE', ( #1937 ), #3437, .T. ) ;
#3256 = DIRECTION ( 'NONE',  ( -0.000000000000000000, -0.000000000000000000, -1.000000000000000000 ) ) ;
#3257 =( NAMED_UNIT ( * ) PLANE_ANGLE_UNIT ( ) SI_UNIT ( $, .RADIAN. ) );
#3258 = VECTOR ( 'NONE', #423, 1000.000000000000000 ) ;
#3259 =( LENGTH_UNIT ( ) NAMED_UNIT ( * ) SI_UNIT ( .MILLI., .METRE. ) );
#3260 =( GEOMETRIC_REPRESENTATION_CONTEXT ( 3 ) GLOBAL_UNCERTAINTY_ASSIGNED_CONTEXT ( ( #2238 ) ) GLOBAL_UNIT_ASSIGNED_CONTEXT ( ( #3176, #143, #1050 ) ) REPRESENTATION_CONTEXT ( 'NONE', 'WORKASPACE' ) );
#3261 = ADVANCED_FACE ( 'NONE', ( #1646 ), #2852, .T. ) ;
#3262 = CARTESIAN_POINT ( 'NONE',  ( 4.349999999999999645, -2.499999999999999556, 0.000000000000000000 ) ) ;
#3263 = AXIS2_PLACEMENT_3D ( 'NONE', #1868, #390, #1584 ) ;
#3264 = UNCERTAINTY_MEASURE_WITH_UNIT (LENGTH_MEASURE( 1.000000000000000082E-05 ), #2994, 'distance_accuracy_value', 'NONE');
#3265 = FILL_AREA_STYLE_COLOUR ( '', #849 ) ;
#3266 = ORIENTED_EDGE ( 'NONE', *, *, #2094, .T. ) ;
#3267 = LINE ( 'NONE', #265, #2519 ) ;
#3268 = AXIS2_PLACEMENT_3D ( 'NONE', #1203, #318, #624 ) ;
#3269 = STYLED_ITEM ( 'NONE', ( #261 ), #3284 ) ;
#3270 = VERTEX_POINT ( 'NONE', #2574 ) ;
#3271 =( NAMED_UNIT ( * ) SI_UNIT ( $, .STERADIAN. ) SOLID_ANGLE_UNIT ( ) );
#3272 = UNCERTAINTY_MEASURE_WITH_UNIT (LENGTH_MEASURE( 1.000000000000000082E-05 ), #14, 'distance_accuracy_value', 'NONE');
#3273 = ORIENTED_EDGE ( 'NONE', *, *, #3543, .F. ) ;
#3274 =( GEOMETRIC_REPRESENTATION_CONTEXT ( 3 ) GLOBAL_UNCERTAINTY_ASSIGNED_CONTEXT ( ( #3422 ) ) GLOBAL_UNIT_ASSIGNED_CONTEXT ( ( #784, #2601, #3218 ) ) REPRESENTATION_CONTEXT ( 'NONE', 'WORKASPACE' ) );
#3275 = CARTESIAN_POINT ( 'NONE',  ( 3.350000000000000533, 0.3999999999999996336, -0.7999999999999997113 ) ) ;
#3276 = FILL_AREA_STYLE ('',( #1173 ) ) ;
#3277 = LINE ( 'NONE', #290, #2608 ) ;
#3278 = DIRECTION ( 'NONE',  ( 0.000000000000000000, 0.000000000000000000, 1.000000000000000000 ) ) ;
#3279 =( LENGTH_UNIT ( ) NAMED_UNIT ( * ) SI_UNIT ( .MILLI., .METRE. ) );
#3280 = DIRECTION ( 'NONE',  ( 1.000000000000000000, -0.000000000000000000, 0.000000000000000000 ) ) ;
#3281 =( GEOMETRIC_REPRESENTATION_CONTEXT ( 3 ) GLOBAL_UNCERTAINTY_ASSIGNED_CONTEXT ( ( #2038 ) ) GLOBAL_UNIT_ASSIGNED_CONTEXT ( ( #1386, #780, #474 ) ) REPRESENTATION_CONTEXT ( 'NONE', 'WORKASPACE' ) );
#3282 = CARTESIAN_POINT ( 'NONE',  ( -3.949999999999999734, -9.852396348986294787E-16, 1.199999999999999734 ) ) ;
#3284 = ADVANCED_FACE ( 'NONE', ( #3191 ), #1089, .F. ) ;
#3283 =( GEOMETRIC_REPRESENTATION_CONTEXT ( 3 ) GLOBAL_UNCERTAINTY_ASSIGNED_CONTEXT ( ( #1444 ) ) GLOBAL_UNIT_ASSIGNED_CONTEXT ( ( #589, #2399, #3240 ) ) REPRESENTATION_CONTEXT ( 'NONE', 'WORKASPACE' ) );
#3285 = EDGE_LOOP ( 'NONE', ( #2587, #2196, #253, #320, #412, #943, #820, #532, #1859, #748, #2660, #3381 ) ) ;
#3286 = ORIENTED_EDGE ( 'NONE', *, *, #1439, .F. ) ;
#3287 = MECHANICAL_DESIGN_GEOMETRIC_PRESENTATION_REPRESENTATION (  '', ( #1195 ), #2597 ) ;
#3288 = SURFACE_SIDE_STYLE ('',( #1731 ) ) ;
#3289 =( LENGTH_UNIT ( ) NAMED_UNIT ( * ) SI_UNIT ( .MILLI., .METRE. ) );
#3290 = EDGE_LOOP ( 'NONE', ( #158, #338, #2625, #1898 ) ) ;
#3291 = CARTESIAN_POINT ( 'NONE',  ( 3.349999999999999645, 0.2500000000000000000, 2.200000000000000178 ) ) ;
#3292 = SURFACE_STYLE_USAGE ( .BOTH. , #902 ) ;
#3293 = PRESENTATION_STYLE_ASSIGNMENT (( #2086 ) ) ;
#3294 = SURFACE_STYLE_FILL_AREA ( #2684 ) ;
#3295 = CARTESIAN_POINT ( 'NONE',  ( 0.000000000000000000, 0.7000000000000000666, 0.000000000000000000 ) ) ;
#3296 = FACE_OUTER_BOUND ( 'NONE', #2538, .T. ) ;
#3297 = CARTESIAN_POINT ( 'NONE',  ( 3.949999999999999734, -1.734723475976807094E-15, 2.935478377556205177E-15 ) ) ;
#3298 = VECTOR ( 'NONE', #3473, 1000.000000000000114 ) ;
#3299 = ADVANCED_FACE ( 'NONE', ( #1973 ), #3228, .T. ) ;
#3300 = DIRECTION ( 'NONE',  ( 2.065146995210484202E-16, -1.000000000000000000, -0.000000000000000000 ) ) ;
#3301 = ORIENTED_EDGE ( 'NONE', *, *, #3380, .T. ) ;
#3302 = DIRECTION ( 'NONE',  ( 1.000000000000000000, -0.000000000000000000, -0.000000000000000000 ) ) ;
#3303 = ORIENTED_EDGE ( 'NONE', *, *, #513, .T. ) ;
#3304 = ADVANCED_FACE ( 'NONE', ( #3296 ), #594, .T. ) ;
#3305 = LINE ( 'NONE', #3599, #2262 ) ;
#3306 = AXIS2_PLACEMENT_3D ( 'NONE', #1238, #3360, #142 ) ;
#3307 = CARTESIAN_POINT ( 'NONE',  ( -2.349999999999999645, 1.349999999999999645, 2.000000000000000000 ) ) ;
#3308 = ORIENTED_EDGE ( 'NONE', *, *, #3178, .T. ) ;
#3309 = FILL_AREA_STYLE ('',( #322 ) ) ;
#3310 = DIRECTION ( 'NONE',  ( -1.000000000000000000, 0.000000000000000000, 0.000000000000000000 ) ) ;
#3311 = FILL_AREA_STYLE ('',( #3038 ) ) ;
#3312 = SURFACE_SIDE_STYLE ('',( #2109 ) ) ;
#3313 = FILL_AREA_STYLE ('',( #2111 ) ) ;
#3314 = SURFACE_STYLE_FILL_AREA ( #3390 ) ;
#3315 = VECTOR ( 'NONE', #3146, 1000.000000000000000 ) ;
#3316 = DIRECTION ( 'NONE',  ( -0.000000000000000000, -1.000000000000000000, -0.000000000000000000 ) ) ;
#3317 = DIRECTION ( 'NONE',  ( 0.000000000000000000, 0.000000000000000000, -1.000000000000000000 ) ) ;
#3318 = PRESENTATION_LAYER_ASSIGNMENT (  '', '', ( #2248 ) ) ;
#3319 = DIRECTION ( 'NONE',  ( 0.000000000000000000, -0.000000000000000000, 1.000000000000000000 ) ) ;
#3320 = FILL_AREA_STYLE_COLOUR ( '', #2935 ) ;
#3321 =( NAMED_UNIT ( * ) SI_UNIT ( $, .STERADIAN. ) SOLID_ANGLE_UNIT ( ) );
#3322 = CARTESIAN_POINT ( 'NONE',  ( -3.349999999999999645, 0.2500000000000000000, 1.112249899919919072 ) ) ;
#3323 = ORIENTED_EDGE ( 'NONE', *, *, #37, .F. ) ;
#3324 = EDGE_CURVE ( 'NONE', #1071, #2656, #886, .T. ) ;
#3325 = COLOUR_RGB ( '',0.2509803921568627416, 0.2509803921568627416, 0.2509803921568627416 ) ;
#3326 = PRESENTATION_LAYER_ASSIGNMENT (  '', '', ( #811 ) ) ;
#3327 = VERTEX_POINT ( 'NONE', #3022 ) ;
#3328 = ORIENTED_EDGE ( 'NONE', *, *, #3324, .F. ) ;
#3329 = CARTESIAN_POINT ( 'NONE',  ( 3.323695261652983568, 0.1339847942805176273, -1.178292025437018609 ) ) ;
#3330 = CARTESIAN_POINT ( 'NONE',  ( -3.949999999999999734, 4.645085803432136728, 0.3432137285491438372 ) ) ;
#3331 = SURFACE_STYLE_USAGE ( .BOTH. , #966 ) ;
#3332 =( NAMED_UNIT ( * ) PLANE_ANGLE_UNIT ( ) SI_UNIT ( $, .RADIAN. ) );
#3333 = VECTOR ( 'NONE', #56, 1000.000000000000000 ) ;
#3334 = CIRCLE ( 'NONE', #7, 0.3999999999999999667 ) ;
#3335 = ADVANCED_FACE ( 'NONE', ( #2070 ), #2704, .F. ) ;
#3336 = CYLINDRICAL_SURFACE ( 'NONE', #3687, 0.2500000000000000000 ) ;
#3337 = SURFACE_SIDE_STYLE ('',( #2091 ) ) ;
#3338 = VECTOR ( 'NONE', #1387, 1000.000000000000000 ) ;
#3339 = SURFACE_SIDE_STYLE ('',( #655 ) ) ;
#3340 = SURFACE_STYLE_FILL_AREA ( #1804 ) ;
#3341 =( NAMED_UNIT ( * ) PLANE_ANGLE_UNIT ( ) SI_UNIT ( $, .RADIAN. ) );
#3342 = MECHANICAL_DESIGN_GEOMETRIC_PRESENTATION_REPRESENTATION (  '', ( #395 ), #2594 ) ;
#3343 = ORIENTED_EDGE ( 'NONE', *, *, #3091, .F. ) ;
#3344 = AXIS2_PLACEMENT_3D ( 'NONE', #2944, #302, #3852 ) ;
#3345 = ORIENTED_EDGE ( 'NONE', *, *, #1418, .T. ) ;
#3346 = ORIENTED_EDGE ( 'NONE', *, *, #1739, .F. ) ;
#3347 = UNCERTAINTY_MEASURE_WITH_UNIT (LENGTH_MEASURE( 1.000000000000000082E-05 ), #1903, 'distance_accuracy_value', 'NONE');
#3348 = ADVANCED_FACE ( 'NONE', ( #2387 ), #1176, .T. ) ;
#3349 =( NAMED_UNIT ( * ) PLANE_ANGLE_UNIT ( ) SI_UNIT ( $, .RADIAN. ) );
#3350 = VECTOR ( 'NONE', #13, 1000.000000000000000 ) ;
#3351 = DIRECTION ( 'NONE',  ( -0.000000000000000000, -0.000000000000000000, -1.000000000000000000 ) ) ;
#3352 = LINE ( 'NONE', #3668, #898 ) ;
#3353 = DIRECTION ( 'NONE',  ( 0.000000000000000000, 0.000000000000000000, 1.000000000000000000 ) ) ;
#3354 = DIRECTION ( 'NONE',  ( 1.000000000000000000, -0.000000000000000000, -0.000000000000000000 ) ) ;
#3355 = DIRECTION ( 'NONE',  ( 1.000000000000000000, -0.000000000000000000, -0.000000000000000000 ) ) ;
#3356 = DIRECTION ( 'NONE',  ( -0.000000000000000000, -1.000000000000000000, -0.000000000000000000 ) ) ;
#3357 = SURFACE_STYLE_FILL_AREA ( #1535 ) ;
#3358 = CARTESIAN_POINT ( 'NONE',  ( -3.949999999999999734, -2.499999999999999556, 0.1499999999999999667 ) ) ;
#3359 = EDGE_CURVE ( 'NONE', #270, #852, #1741, .T. ) ;
#3360 = DIRECTION ( 'NONE',  ( 1.000000000000000000, -0.000000000000000000, 0.000000000000000000 ) ) ;
#3361 = CARTESIAN_POINT ( 'NONE',  ( -2.530698297858170243, -1.380663704024509553E-16, -1.199999999999999956 ) ) ;
#3362 = VECTOR ( 'NONE', #306, 1000.000000000000000 ) ;
#3363 = PLANE ( 'NONE',  #2501 ) ;
#3364 = AXIS2_PLACEMENT_3D ( 'NONE', #2841, #2564, #94 ) ;
#3365 = EDGE_LOOP ( 'NONE', ( #584, #1020, #3679, #524 ) ) ;
#3366 = SURFACE_STYLE_USAGE ( .BOTH. , #976 ) ;
#3367 = ORIENTED_EDGE ( 'NONE', *, *, #2342, .F. ) ;
#3368 = CARTESIAN_POINT ( 'NONE',  ( -4.099999999999999645, 4.700000000000000178, 0.000000000000000000 ) ) ;
#3369 = DIRECTION ( 'NONE',  ( 0.000000000000000000, -0.9874406319167053914, -0.1579905011066732035 ) ) ;
#3370 = ADVANCED_FACE ( 'NONE', ( #2955 ), #3831, .T. ) ;
#3371 = DIRECTION ( 'NONE',  ( 0.7071067811865507924, -0.000000000000000000, -0.7071067811865441310 ) ) ;
#3372 = STYLED_ITEM ( 'NONE', ( #2290 ), #2603 ) ;
#3373 = FILL_AREA_STYLE ('',( #987 ) ) ;
#3374 =( BOUNDED_CURVE ( )  B_SPLINE_CURVE ( 3, ( #3813, #3860, #821, #2938 ),
 .UNSPECIFIED., .F., .F. ) 
 B_SPLINE_CURVE_WITH_KNOTS ( ( 4, 4 ),
 ( 0.000000000000000000, 1.570796326794896558 ),
 .UNSPECIFIED. ) 
 CURVE ( )  GEOMETRIC_REPRESENTATION_ITEM ( )  RATIONAL_B_SPLINE_CURVE ( ( 1.000000000000000000, 0.8047378541243649375, 0.8047378541243649375, 1.000000000000000000 ) ) 
 REPRESENTATION_ITEM ( '' )  );
#3375 = ADVANCED_FACE ( 'NONE', ( #3499 ), #3525, .F. ) ;
#3376 = PLANE ( 'NONE',  #2250 ) ;
#3377 = EDGE_CURVE ( 'NONE', #567, #3601, #818, .T. ) ;
#3378 = FILL_AREA_STYLE ('',( #3320 ) ) ;
#3379 = CARTESIAN_POINT ( 'NONE',  ( 3.344045254895051466E-16, 1.499999999999999556, 2.200000000000000178 ) ) ;
#3380 = EDGE_CURVE ( 'NONE', #2898, #2239, #3793, .T. ) ;
#3381 = ORIENTED_EDGE ( 'NONE', *, *, #3359, .F. ) ;
#3382 = MECHANICAL_DESIGN_GEOMETRIC_PRESENTATION_REPRESENTATION (  '', ( #2186 ), #3260 ) ;
#3383 = DIRECTION ( 'NONE',  ( 0.000000000000000000, 3.306546357697854719E-16, -1.000000000000000000 ) ) ;
#3384 = ORIENTED_EDGE ( 'NONE', *, *, #2142, .F. ) ;
#3385 = VERTEX_POINT ( 'NONE', #530 ) ;
#3386 = CARTESIAN_POINT ( 'NONE',  ( 3.949999999999999734, 0.7000000000000000666, -2.199999999999998845 ) ) ;
#3387 = CARTESIAN_POINT ( 'NONE',  ( 4.349999999999999645, -8.673617379884035472E-16, -1.554076788117991846E-15 ) ) ;
#3388 = SURFACE_STYLE_USAGE ( .BOTH. , #3182 ) ;
#3389 = PRESENTATION_STYLE_ASSIGNMENT (( #2505 ) ) ;
#3390 = FILL_AREA_STYLE ('',( #988 ) ) ;
#3391 = MECHANICAL_DESIGN_GEOMETRIC_PRESENTATION_REPRESENTATION (  '', ( #2829 ), #2773 ) ;
#3392 = CARTESIAN_POINT ( 'NONE',  ( -2.000000000000000000, -2.600000000000000089, 7.684658664649640013E-16 ) ) ;
#3393 = PRESENTATION_LAYER_ASSIGNMENT (  '', '', ( #871 ) ) ;
#3394 =( NAMED_UNIT ( * ) SI_UNIT ( $, .STERADIAN. ) SOLID_ANGLE_UNIT ( ) );
#3395 = VECTOR ( 'NONE', #1919, 1000.000000000000000 ) ;
#3396 = DIRECTION ( 'NONE',  ( 0.000000000000000000, -3.306546357697854226E-16, 1.000000000000000000 ) ) ;
#3397 = ORIENTED_EDGE ( 'NONE', *, *, #2051, .T. ) ;
#3398 = CARTESIAN_POINT ( 'NONE',  ( 4.349999999999999645, 4.700000000000000178, -2.200000000000000178 ) ) ;
#3399 = EDGE_CURVE ( 'NONE', #1325, #1450, #1725, .T. ) ;
#3400 = ORIENTED_EDGE ( 'NONE', *, *, #829, .F. ) ;
#3401 = CARTESIAN_POINT ( 'NONE',  ( 2.075000000000000622, 3.600000000000000533, 2.200000000000000178 ) ) ;
#3402 = SURFACE_STYLE_FILL_AREA ( #1526 ) ;
#3403 = FILL_AREA_STYLE ('',( #2800 ) ) ;
#3404 = STYLED_ITEM ( 'NONE', ( #55 ), #3348 ) ;
#3405 = LINE ( 'NONE', #2167, #1989 ) ;
#3406 = DIRECTION ( 'NONE',  ( 0.7071067811865507924, 0.000000000000000000, 0.7071067811865441310 ) ) ;
#3407 = CARTESIAN_POINT ( 'NONE',  ( -3.349999999999999645, 0.2500000000000000000, 2.200000000000000178 ) ) ;
#3408 = MECHANICAL_DESIGN_GEOMETRIC_PRESENTATION_REPRESENTATION (  '', ( #644 ), #832 ) ;
#3409 =( GEOMETRIC_REPRESENTATION_CONTEXT ( 3 ) GLOBAL_UNCERTAINTY_ASSIGNED_CONTEXT ( ( #2456 ) ) GLOBAL_UNIT_ASSIGNED_CONTEXT ( ( #1382, #2273, #2291 ) ) REPRESENTATION_CONTEXT ( 'NONE', 'WORKASPACE' ) );
#3410 =( GEOMETRIC_REPRESENTATION_CONTEXT ( 3 ) GLOBAL_UNCERTAINTY_ASSIGNED_CONTEXT ( ( #1474 ) ) GLOBAL_UNIT_ASSIGNED_CONTEXT ( ( #950, #1578, #342 ) ) REPRESENTATION_CONTEXT ( 'NONE', 'WORKASPACE' ) );
#3411 = LINE ( 'NONE', #1932, #2859 ) ;
#3412 = FACE_OUTER_BOUND ( 'NONE', #9, .T. ) ;
#3413 = FILL_AREA_STYLE ('',( #3748 ) ) ;
#3414 = CYLINDRICAL_SURFACE ( 'NONE', #2001, 0.3999999999999999667 ) ;
#3415 = DIRECTION ( 'NONE',  ( 0.000000000000000000, 1.000000000000000000, -6.245698675651497881E-16 ) ) ;
#3416 = EDGE_CURVE ( 'NONE', #1856, #533, #736, .T. ) ;
#3417 = UNCERTAINTY_MEASURE_WITH_UNIT (LENGTH_MEASURE( 1.000000000000000082E-05 ), #949, 'distance_accuracy_value', 'NONE');
#3418 = ORIENTED_EDGE ( 'NONE', *, *, #3863, .F. ) ;
#3419 = CIRCLE ( 'NONE', #717, 0.2499999999999999445 ) ;
#3420 = ORIENTED_EDGE ( 'NONE', *, *, #3123, .F. ) ;
#3421 = FACE_OUTER_BOUND ( 'NONE', #1520, .T. ) ;
#3422 = UNCERTAINTY_MEASURE_WITH_UNIT (LENGTH_MEASURE( 1.000000000000000082E-05 ), #784, 'distance_accuracy_value', 'NONE');
#3423 = MECHANICAL_DESIGN_GEOMETRIC_PRESENTATION_REPRESENTATION (  '', ( #1031 ), #2930 ) ;
#3424 = VERTEX_POINT ( 'NONE', #1553 ) ;
#3425 = LINE ( 'NONE', #1036, #2535 ) ;
#3426 = EDGE_LOOP ( 'NONE', ( #3345, #1743, #625, #2566 ) ) ;
#3427 = EDGE_CURVE ( 'NONE', #3594, #70, #1276, .T. ) ;
#3428 = FACE_OUTER_BOUND ( 'NONE', #822, .T. ) ;
#3429 =( NAMED_UNIT ( * ) SI_UNIT ( $, .STERADIAN. ) SOLID_ANGLE_UNIT ( ) );
#3430 = CARTESIAN_POINT ( 'NONE',  ( 4.349999999999999645, 0.000000000000000000, -2.199999999999998845 ) ) ;
#3431 = LINE ( 'NONE', #2225, #3856 ) ;
#3432 = ORIENTED_EDGE ( 'NONE', *, *, #3178, .F. ) ;
#3433 = SURFACE_SIDE_STYLE ('',( #3453 ) ) ;
#3434 = DIRECTION ( 'NONE',  ( -9.637352644315614471E-16, 1.000000000000000000, 0.000000000000000000 ) ) ;
#3435 = AXIS2_PLACEMENT_3D ( 'NONE', #206, #2551, #2251 ) ;
#3436 = PRESENTATION_STYLE_ASSIGNMENT (( #2777 ) ) ;
#3437 = PLANE ( 'NONE',  #1122 ) ;
#3438 = STYLED_ITEM ( 'NONE', ( #2651 ), #2675 ) ;
#3439 =( GEOMETRIC_REPRESENTATION_CONTEXT ( 3 ) GLOBAL_UNCERTAINTY_ASSIGNED_CONTEXT ( ( #2163 ) ) GLOBAL_UNIT_ASSIGNED_CONTEXT ( ( #787, #2031, #1377 ) ) REPRESENTATION_CONTEXT ( 'NONE', 'WORKASPACE' ) );
#3440 = DIRECTION ( 'NONE',  ( 1.000000000000000000, -0.000000000000000000, -0.000000000000000000 ) ) ;
#3441 = ORIENTED_EDGE ( 'NONE', *, *, #970, .T. ) ;
#3442 = CARTESIAN_POINT ( 'NONE',  ( 4.099999999999999645, 4.700000000000000178, -1.950000000000000178 ) ) ;
#3443 = EDGE_CURVE ( 'NONE', #1265, #3594, #2820, .T. ) ;
#3444 = ORIENTED_EDGE ( 'NONE', *, *, #1542, .F. ) ;
#3445 = AXIS2_PLACEMENT_3D ( 'NONE', #2359, #1728, #1742 ) ;
#3446 = SURFACE_STYLE_FILL_AREA ( #805 ) ;
#3447 = CARTESIAN_POINT ( 'NONE',  ( 0.000000000000000000, 1.407106781186548528, -0.2499999999999998335 ) ) ;
#3448 = SURFACE_STYLE_FILL_AREA ( #2622 ) ;
#3449 = SURFACE_STYLE_FILL_AREA ( #696 ) ;
#3450 = AXIS2_PLACEMENT_3D ( 'NONE', #1211, #2425, #3626 ) ;
#3451 = ORIENTED_EDGE ( 'NONE', *, *, #2277, .F. ) ;
#3452 = DIRECTION ( 'NONE',  ( 0.000000000000000000, 0.000000000000000000, 1.000000000000000000 ) ) ;
#3453 = SURFACE_STYLE_FILL_AREA ( #426 ) ;
#3454 = CARTESIAN_POINT ( 'NONE',  ( 4.349999999999999645, -1.250000000000000222, 0.5999999999999998668 ) ) ;
#3455 = VECTOR ( 'NONE', #2294, 1000.000000000000000 ) ;
#3456 = AXIS2_PLACEMENT_3D ( 'NONE', #778, #833, #2612 ) ;
#3457 = ADVANCED_FACE ( 'NONE', ( #1313 ), #78, .F. ) ;
#3458 = AXIS2_PLACEMENT_3D ( 'NONE', #2424, #1024, #595 ) ;
#3459 = CARTESIAN_POINT ( 'NONE',  ( 2.000000000000000000, 1.407106781186548528, -0.2500000000000008882 ) ) ;
#3460 = CIRCLE ( 'NONE', #2132, 0.3999999999999999667 ) ;
#3461 = CARTESIAN_POINT ( 'NONE',  ( -2.075000000000000178, 4.700000000000000178, 2.200000000000000178 ) ) ;
#3462 = VECTOR ( 'NONE', #2000, 999.9999999999998863 ) ;
#3463 = EDGE_LOOP ( 'NONE', ( #2779, #335, #232, #3072 ) ) ;
#3464 = COLOUR_RGB ( '',0.8470588235294117530, 0.8431372549019607865, 0.8470588235294117530 ) ;
#3465 = DIRECTION ( 'NONE',  ( -0.000000000000000000, -1.000000000000000000, -0.000000000000000000 ) ) ;
#3466 = UNCERTAINTY_MEASURE_WITH_UNIT (LENGTH_MEASURE( 1.000000000000000082E-05 ), #1858, 'distance_accuracy_value', 'NONE');
#3467 = CARTESIAN_POINT ( 'NONE',  ( 0.000000000000000000, 0.000000000000000000, 0.000000000000000000 ) ) ;
#3468 = ORIENTED_EDGE ( 'NONE', *, *, #297, .F. ) ;
#3469 = FACE_OUTER_BOUND ( 'NONE', #1502, .T. ) ;
#3470 = PRESENTATION_LAYER_ASSIGNMENT (  '', '', ( #395 ) ) ;
#3471 =( NAMED_UNIT ( * ) PLANE_ANGLE_UNIT ( ) SI_UNIT ( $, .RADIAN. ) );
#3472 = DIRECTION ( 'NONE',  ( 0.000000000000000000, -0.000000000000000000, 1.000000000000000000 ) ) ;
#3473 = DIRECTION ( 'NONE',  ( 0.000000000000000000, 0.9408874118687268195, 0.3387194682727416861 ) ) ;
#3474 = AXIS2_PLACEMENT_3D ( 'NONE', #670, #1837, #3617 ) ;
#3475 = VECTOR ( 'NONE', #1349, 1000.000000000000000 ) ;
#3476 = CARTESIAN_POINT ( 'NONE',  ( 3.949999999999999734, -2.499999999999999556, 0.000000000000000000 ) ) ;
#3477 = DIRECTION ( 'NONE',  ( 0.000000000000000000, -6.245698675651497881E-16, -1.000000000000000000 ) ) ;
#3478 =( NAMED_UNIT ( * ) SI_UNIT ( $, .STERADIAN. ) SOLID_ANGLE_UNIT ( ) );
#3479 = EDGE_CURVE ( 'NONE', #2029, #1545, #424, .T. ) ;
#3480 =( NAMED_UNIT ( * ) PLANE_ANGLE_UNIT ( ) SI_UNIT ( $, .RADIAN. ) );
#3481 = ORIENTED_EDGE ( 'NONE', *, *, #2872, .F. ) ;
#3482 = DIRECTION ( 'NONE',  ( 1.045014142154703367E-16, -1.000000000000000000, 0.000000000000000000 ) ) ;
#3483 = ORIENTED_EDGE ( 'NONE', *, *, #3633, .T. ) ;
#3484 = FILL_AREA_STYLE_COLOUR ( '', #1699 ) ;
#3485 = CARTESIAN_POINT ( 'NONE',  ( 3.949999999999999734, -4.705761750646616909E-16, -1.199999999999999734 ) ) ;
#3486 = MANIFOLD_SOLID_BREP ( 'Pin Fillet', #2232 ) ;
#3487 = COLOUR_RGB ( '',0.8470588235294117530, 0.8431372549019607865, 0.8470588235294117530 ) ;
#3488 = VERTEX_POINT ( 'NONE', #674 ) ;
#3489 = CARTESIAN_POINT ( 'NONE',  ( -3.349999999999999645, 0.7000000000000000666, -2.200000000000000178 ) ) ;
#3490 =( LENGTH_UNIT ( ) NAMED_UNIT ( * ) SI_UNIT ( .MILLI., .METRE. ) );
#3491 = EDGE_LOOP ( 'NONE', ( #3367, #1952, #377, #2120, #85, #3498, #722, #3761 ) ) ;
#3492 = DIRECTION ( 'NONE',  ( 1.000000000000000000, -0.000000000000000000, -0.000000000000000000 ) ) ;
#3493 = EDGE_CURVE ( 'NONE', #828, #3270, #2742, .T. ) ;
#3494 =( NAMED_UNIT ( * ) SI_UNIT ( $, .STERADIAN. ) SOLID_ANGLE_UNIT ( ) );
#3495 = ORIENTED_EDGE ( 'NONE', *, *, #394, .F. ) ;
#3496 =( LENGTH_UNIT ( ) NAMED_UNIT ( * ) SI_UNIT ( .MILLI., .METRE. ) );
#3497 = EDGE_CURVE ( 'NONE', #1328, #1149, #97, .T. ) ;
#3498 = ORIENTED_EDGE ( 'NONE', *, *, #1321, .F. ) ;
#3499 = FACE_OUTER_BOUND ( 'NONE', #1359, .T. ) ;
#3500 =( GEOMETRIC_REPRESENTATION_CONTEXT ( 3 ) GLOBAL_UNCERTAINTY_ASSIGNED_CONTEXT ( ( #432 ) ) GLOBAL_UNIT_ASSIGNED_CONTEXT ( ( #3551, #592, #2998 ) ) REPRESENTATION_CONTEXT ( 'NONE', 'WORKASPACE' ) );
#3501 = DIRECTION ( 'NONE',  ( -0.000000000000000000, -0.000000000000000000, -1.000000000000000000 ) ) ;
#3502 = VERTEX_POINT ( 'NONE', #2804 ) ;
#3503 = EDGE_CURVE ( 'NONE', #3548, #855, #114, .T. ) ;
#3504 = ORIENTED_EDGE ( 'NONE', *, *, #1252, .T. ) ;
#3505 = CARTESIAN_POINT ( 'NONE',  ( 3.349999999999999645, 0.2500000000000000000, -2.200000000000000178 ) ) ;
#3506 = ORIENTED_EDGE ( 'NONE', *, *, #428, .T. ) ;
#3507 = STYLED_ITEM ( 'NONE', ( #1007 ), #497 ) ;
#3508 = ORIENTED_EDGE ( 'NONE', *, *, #2382, .T. ) ;
#3509 = DIRECTION ( 'NONE',  ( 0.000000000000000000, 0.1579905011066732035, -0.9874406319167053914 ) ) ;
#3510 = SURFACE_STYLE_USAGE ( .BOTH. , #3533 ) ;
#3511 = COLOUR_RGB ( '',0.8470588235294117530, 0.8431372549019607865, 0.8470588235294117530 ) ;
#3512 = CARTESIAN_POINT ( 'NONE',  ( 2.349999999999999645, 1.349999999999999645, 2.200000000000000178 ) ) ;
#3513 = ORIENTED_EDGE ( 'NONE', *, *, #3443, .F. ) ;
#3514 =( NAMED_UNIT ( * ) PLANE_ANGLE_UNIT ( ) SI_UNIT ( $, .RADIAN. ) );
#3515 = ORIENTED_EDGE ( 'NONE', *, *, #1090, .T. ) ;
#3516 = CIRCLE ( 'NONE', #2761, 0.2500000000000002220 ) ;
#3517 = DIRECTION ( 'NONE',  ( 9.637352644315614471E-16, -1.000000000000000000, 0.000000000000000000 ) ) ;
#3518 = EDGE_LOOP ( 'NONE', ( #2927, #1291, #3073 ) ) ;
#3519 = SURFACE_SIDE_STYLE ('',( #3567 ) ) ;
#3520 = MECHANICAL_DESIGN_GEOMETRIC_PRESENTATION_REPRESENTATION (  '', ( #3012 ), #1688 ) ;
#3521 = CARTESIAN_POINT ( 'NONE',  ( -3.949999999999999734, -1.250000000000000666, -0.6000000000000000888 ) ) ;
#3522 = EDGE_CURVE ( 'NONE', #2042, #3594, #1949, .T. ) ;
#3523 =( GEOMETRIC_REPRESENTATION_CONTEXT ( 3 ) GLOBAL_UNCERTAINTY_ASSIGNED_CONTEXT ( ( #2518 ) ) GLOBAL_UNIT_ASSIGNED_CONTEXT ( ( #702, #1892, #3712 ) ) REPRESENTATION_CONTEXT ( 'NONE', 'WORKASPACE' ) );
#3524 = ORIENTED_EDGE ( 'NONE', *, *, #2103, .F. ) ;
#3525 = PLANE ( 'NONE',  #826 ) ;
#3526 = AXIS2_PLACEMENT_3D ( 'NONE', #2964, #1365, #516 ) ;
#3527 = ORIENTED_EDGE ( 'NONE', *, *, #970, .F. ) ;
#3528 = ORIENTED_EDGE ( 'NONE', *, *, #453, .F. ) ;
#3529 = CARTESIAN_POINT ( 'NONE',  ( -3.949999999999999734, -1.250000000000000222, 0.5999999999999998668 ) ) ;
#3530 = CARTESIAN_POINT ( 'NONE',  ( 2.168404344971009854E-16, 3.550000000000000266, 1.999999999999999556 ) ) ;
#3531 = VECTOR ( 'NONE', #3501, 1000.000000000000000 ) ;
#3532 = EDGE_CURVE ( 'NONE', #896, #588, #3778, .T. ) ;
#3533 = SURFACE_SIDE_STYLE ('',( #3198 ) ) ;
#3534 = ORIENTED_EDGE ( 'NONE', *, *, #3657, .T. ) ;
#3535 = ORIENTED_EDGE ( 'NONE', *, *, #473, .F. ) ;
#3536 = CARTESIAN_POINT ( 'NONE',  ( -3.949999999999999734, -5.510910596163085611E-16, 0.7999999999999997113 ) ) ;
#3537 = AXIS2_PLACEMENT_3D ( 'NONE', #3821, #1659, #2862 ) ;
#3538 = FACE_OUTER_BOUND ( 'NONE', #2782, .T. ) ;
#3539 = FILL_AREA_STYLE ('',( #2653 ) ) ;
#3540 = CIRCLE ( 'NONE', #154, 0.3999999999999999667 ) ;
#3541 = AXIS2_PLACEMENT_3D ( 'NONE', #672, #75, #3310 ) ;
#3542 = MECHANICAL_DESIGN_GEOMETRIC_PRESENTATION_REPRESENTATION (  '', ( #2025 ), #3230 ) ;
#3543 = EDGE_CURVE ( 'NONE', #2435, #1265, #1319, .T. ) ;
#3544 = FILL_AREA_STYLE ('',( #3558 ) ) ;
#3545 = AXIS2_PLACEMENT_3D ( 'NONE', #2336, #1470, #2353 ) ;
#3546 = EDGE_CURVE ( 'NONE', #1248, #3787, #172, .T. ) ;
#3547 =( NAMED_UNIT ( * ) PLANE_ANGLE_UNIT ( ) SI_UNIT ( $, .RADIAN. ) );
#3548 = VERTEX_POINT ( 'NONE', #1964 ) ;
#3549 = VECTOR ( 'NONE', #408, 1000.000000000000000 ) ;
#3550 = ORIENTED_EDGE ( 'NONE', *, *, #2045, .T. ) ;
#3551 =( LENGTH_UNIT ( ) NAMED_UNIT ( * ) SI_UNIT ( .MILLI., .METRE. ) );
#3552 =( LENGTH_UNIT ( ) NAMED_UNIT ( * ) SI_UNIT ( .MILLI., .METRE. ) );
#3553 = DIRECTION ( 'NONE',  ( 0.000000000000000000, -1.000000000000000000, 0.000000000000000000 ) ) ;
#3554 = PRESENTATION_STYLE_ASSIGNMENT (( #3713 ) ) ;
#3555 = LINE ( 'NONE', #638, #2677 ) ;
#3556 = VERTEX_POINT ( 'NONE', #1715 ) ;
#3557 = ORIENTED_EDGE ( 'NONE', *, *, #3731, .T. ) ;
#3558 = FILL_AREA_STYLE_COLOUR ( '', #3087 ) ;
#3559 = ORIENTED_EDGE ( 'NONE', *, *, #1971, .F. ) ;
#3560 = MECHANICAL_DESIGN_GEOMETRIC_PRESENTATION_REPRESENTATION (  '', ( #1351 ), #1852 ) ;
#3561 = ORIENTED_EDGE ( 'NONE', *, *, #1542, .T. ) ;
#3562 = DIRECTION ( 'NONE',  ( 0.000000000000000000, 0.000000000000000000, 1.000000000000000000 ) ) ;
#3563 = ADVANCED_FACE ( 'NONE', ( #3469 ), #3147, .F. ) ;
#3564 = CARTESIAN_POINT ( 'NONE',  ( -2.349999999999999645, 0.6999999999999992895, -2.000000000000000000 ) ) ;
#3565 = CARTESIAN_POINT ( 'NONE',  ( 3.949999999999999734, -2.499999999999999556, 0.1499999999999999667 ) ) ;
#3566 = FACE_OUTER_BOUND ( 'NONE', #1730, .T. ) ;
#3567 = SURFACE_STYLE_FILL_AREA ( #2631 ) ;
#3568 = PRESENTATION_LAYER_ASSIGNMENT (  '', '', ( #3696 ) ) ;
#3569 = SPHERICAL_SURFACE ( 'NONE', #64, 0.2500000000000000000 ) ;
#3570 = EDGE_CURVE ( 'NONE', #2606, #339, #1100, .T. ) ;
#3571 = PLANE ( 'NONE',  #48 ) ;
#3572 = ORIENTED_EDGE ( 'NONE', *, *, #368, .T. ) ;
#3573 = VERTEX_POINT ( 'NONE', #1374 ) ;
#3574 = CARTESIAN_POINT ( 'NONE',  ( 2.000000000000000000, -2.349999999999999645, -4.714890176717308529E-16 ) ) ;
#3575 = COLOUR_RGB ( '',0.8470588235294117530, 0.8431372549019607865, 0.8470588235294117530 ) ;
#3576 = AXIS2_PLACEMENT_3D ( 'NONE', #1233, #1769, #18 ) ;
#3577 = STYLED_ITEM ( 'NONE', ( #498 ), #1037 ) ;
#3578 = ORIENTED_EDGE ( 'NONE', *, *, #467, .T. ) ;
#3579 =( GEOMETRIC_REPRESENTATION_CONTEXT ( 3 ) GLOBAL_UNCERTAINTY_ASSIGNED_CONTEXT ( ( #125 ) ) GLOBAL_UNIT_ASSIGNED_CONTEXT ( ( #3743, #3514, #3823 ) ) REPRESENTATION_CONTEXT ( 'NONE', 'WORKASPACE' ) );
#3580 = FACE_OUTER_BOUND ( 'NONE', #803, .T. ) ;
#3581 = AXIS2_PLACEMENT_3D ( 'NONE', #3055, #1878, #414 ) ;
#3582 = UNCERTAINTY_MEASURE_WITH_UNIT (LENGTH_MEASURE( 1.000000000000000082E-05 ), #1255, 'distance_accuracy_value', 'NONE');
#3583 = ORIENTED_EDGE ( 'NONE', *, *, #3084, .F. ) ;
#3584 = COLOUR_RGB ( '',0.8470588235294117530, 0.8431372549019607865, 0.8470588235294117530 ) ;
#3585 = STYLED_ITEM ( 'NONE', ( #874 ), #1505 ) ;
#3586 = FACE_OUTER_BOUND ( 'NONE', #519, .T. ) ;
#3587 = SURFACE_STYLE_USAGE ( .BOTH. , #633 ) ;
#3588 = LINE ( 'NONE', #1160, #3103 ) ;
#3589 = SURFACE_STYLE_USAGE ( .BOTH. , #613 ) ;
#3590 = CARTESIAN_POINT ( 'NONE',  ( 0.000000000000000000, -2.600000000000000089, 1.561424668912875456E-16 ) ) ;
#3591 = EDGE_CURVE ( 'NONE', #896, #239, #3540, .T. ) ;
#3592 = DIRECTION ( 'NONE',  ( 0.000000000000000000, 1.000000000000000000, 0.000000000000000000 ) ) ;
#3593 = DIRECTION ( 'NONE',  ( 0.000000000000000000, 0.9874406319167053914, -0.1579905011066730092 ) ) ;
#3594 = VERTEX_POINT ( 'NONE', #3489 ) ;
#3595 = ORIENTED_EDGE ( 'NONE', *, *, #1923, .T. ) ;
#3596 = CARTESIAN_POINT ( 'NONE',  ( -2.000000000000000000, 3.550000000000000266, 2.000000000000000000 ) ) ;
#3597 =( GEOMETRIC_REPRESENTATION_CONTEXT ( 3 ) GLOBAL_UNCERTAINTY_ASSIGNED_CONTEXT ( ( #547 ) ) GLOBAL_UNIT_ASSIGNED_CONTEXT ( ( #3075, #3349, #416 ) ) REPRESENTATION_CONTEXT ( 'NONE', 'WORKASPACE' ) );
#3598 = MECHANICAL_DESIGN_GEOMETRIC_PRESENTATION_REPRESENTATION (  '', ( #2919 ), #3409 ) ;
#3599 = CARTESIAN_POINT ( 'NONE',  ( -2.349999999999999201, 0.2500000000000000555, 2.200000000000000178 ) ) ;
#3600 = ORIENTED_EDGE ( 'NONE', *, *, #2706, .T. ) ;
#3601 = VERTEX_POINT ( 'NONE', #786 ) ;
#3602 = DIRECTION ( 'NONE',  ( 0.000000000000000000, 0.000000000000000000, 1.000000000000000000 ) ) ;
#3603 = CARTESIAN_POINT ( 'NONE',  ( 2.600000000000000089, -6.245698675651497881E-16, 1.199999999999999734 ) ) ;
#3604 =( NAMED_UNIT ( * ) SI_UNIT ( $, .STERADIAN. ) SOLID_ANGLE_UNIT ( ) );
#3605 = AXIS2_PLACEMENT_3D ( 'NONE', #171, #1963, #3757 ) ;
#3606 = CARTESIAN_POINT ( 'NONE',  ( -2.075000000000000178, 4.700000000000000178, 2.000000000000000000 ) ) ;
#3607 = SURFACE_STYLE_FILL_AREA ( #1771 ) ;
#3608 = DIRECTION ( 'NONE',  ( -0.000000000000000000, -0.000000000000000000, -1.000000000000000000 ) ) ;
#3609 = MECHANICAL_DESIGN_GEOMETRIC_PRESENTATION_REPRESENTATION (  '', ( #1208 ), #1910 ) ;
#3610 = ORIENTED_EDGE ( 'NONE', *, *, #573, .F. ) ;
#3611 = DIRECTION ( 'NONE',  ( -0.000000000000000000, -1.000000000000000000, -0.000000000000000000 ) ) ;
#3612 = EDGE_CURVE ( 'NONE', #3424, #1150, #2595, .T. ) ;
#3613 = MECHANICAL_DESIGN_GEOMETRIC_PRESENTATION_REPRESENTATION (  '', ( #3372 ), #2299 ) ;
#3614 = LINE ( 'NONE', #3013, #1177 ) ;
#3615 = EDGE_LOOP ( 'NONE', ( #2181, #3308, #1185, #108 ) ) ;
#3616 = ORIENTED_EDGE ( 'NONE', *, *, #1695, .F. ) ;
#3617 = DIRECTION ( 'NONE',  ( -1.000000000000000000, 0.000000000000000000, -0.000000000000000000 ) ) ;
#3618 = ORIENTED_EDGE ( 'NONE', *, *, #2662, .T. ) ;
#3619 = SURFACE_SIDE_STYLE ('',( #1003 ) ) ;
#3620 = CARTESIAN_POINT ( 'NONE',  ( 4.349999999999999645, 4.450000000000000178, 2.200000000000000178 ) ) ;
#3621 = DIRECTION ( 'NONE',  ( -1.000000000000000000, 0.000000000000000000, 0.000000000000000000 ) ) ;
#3622 = DIRECTION ( 'NONE',  ( -1.000000000000000000, 4.989666635317766278E-20, 0.000000000000000000 ) ) ;
#3623 = SURFACE_STYLE_FILL_AREA ( #558 ) ;
#3624 = STYLED_ITEM ( 'NONE', ( #1890 ), #522 ) ;
#3625 = VERTEX_POINT ( 'NONE', #1414 ) ;
#3626 = DIRECTION ( 'NONE',  ( -1.000000000000000000, 0.000000000000000000, 0.000000000000000000 ) ) ;
#3627 = COLOUR_RGB ( '',0.8470588235294117530, 0.8431372549019607865, 0.8470588235294117530 ) ;
#3628 = CARTESIAN_POINT ( 'NONE',  ( 6.505213034913027590E-16, 1.550000000000000266, 6.200000000000001066 ) ) ;
#3629 = LINE ( 'NONE', #1239, #1531 ) ;
#3630 = DIRECTION ( 'NONE',  ( 1.000000000000000000, 1.045014142154703367E-16, 0.000000000000000000 ) ) ;
#3631 = FILL_AREA_STYLE_COLOUR ( '', #3575 ) ;
#3632 = AXIS2_PLACEMENT_3D ( 'NONE', #2472, #615, #349 ) ;
#3633 = EDGE_CURVE ( 'NONE', #399, #1415, #808, .T. ) ;
#3634 = UNCERTAINTY_MEASURE_WITH_UNIT (LENGTH_MEASURE( 1.000000000000000082E-05 ), #2244, 'distance_accuracy_value', 'NONE');
#3635 = VERTEX_POINT ( 'NONE', #3512 ) ;
#3636 =( GEOMETRIC_REPRESENTATION_CONTEXT ( 3 ) GLOBAL_UNCERTAINTY_ASSIGNED_CONTEXT ( ( #669 ) ) GLOBAL_UNIT_ASSIGNED_CONTEXT ( ( #2866, #1718, #176 ) ) REPRESENTATION_CONTEXT ( 'NONE', 'WORKASPACE' ) );
#3637 = STYLED_ITEM ( 'NONE', ( #2174 ), #3255 ) ;
#3638 = ORIENTED_EDGE ( 'NONE', *, *, #1460, .F. ) ;
#3639 = ORIENTED_EDGE ( 'NONE', *, *, #260, .F. ) ;
#3640 = CARTESIAN_POINT ( 'NONE',  ( 2.599999999999999645, 0.000000000000000000, -2.200000000000000178 ) ) ;
#3641 = PRESENTATION_LAYER_ASSIGNMENT (  '', '', ( #3156 ) ) ;
#3642 = ADVANCED_FACE ( 'NONE', ( #3741 ), #523, .F. ) ;
#3643 =( NAMED_UNIT ( * ) PLANE_ANGLE_UNIT ( ) SI_UNIT ( $, .RADIAN. ) );
#3644 =( GEOMETRIC_REPRESENTATION_CONTEXT ( 3 ) GLOBAL_UNCERTAINTY_ASSIGNED_CONTEXT ( ( #740 ) ) GLOBAL_UNIT_ASSIGNED_CONTEXT ( ( #12, #2401, #1436 ) ) REPRESENTATION_CONTEXT ( 'NONE', 'WORKASPACE' ) );
#3645 = STYLED_ITEM ( 'NONE', ( #3658 ), #1192 ) ;
#3646 = SURFACE_STYLE_FILL_AREA ( #1295 ) ;
#3647 = CARTESIAN_POINT ( 'NONE',  ( -2.599999999999999645, 0.2500000000000000000, -2.200000000000000178 ) ) ;
#3648 = DIRECTION ( 'NONE',  ( 0.000000000000000000, -0.9408874118687268195, -0.3387194682727417416 ) ) ;
#3649 = PRESENTATION_LAYER_ASSIGNMENT (  '', '', ( #1755 ) ) ;
#3650 = LINE ( 'NONE', #2389, #136 ) ;
#3651 = CARTESIAN_POINT ( 'NONE',  ( -2.349999999999999201, 0.3999999999999996336, -0.7999999999999997113 ) ) ;
#3652 = ORIENTED_EDGE ( 'NONE', *, *, #2175, .F. ) ;
#3653 = DIRECTION ( 'NONE',  ( 0.000000000000000000, 0.000000000000000000, -1.000000000000000000 ) ) ;
#3654 = CYLINDRICAL_SURFACE ( 'NONE', #3788, 0.2500000000000002220 ) ;
#3655 = CARTESIAN_POINT ( 'NONE',  ( -2.349999999999999645, 0.6999999999999991784, -2.200000000000000178 ) ) ;
#3656 = ORIENTED_EDGE ( 'NONE', *, *, #284, .F. ) ;
#3657 = EDGE_CURVE ( 'NONE', #626, #1549, #1392, .T. ) ;
#3658 = PRESENTATION_STYLE_ASSIGNMENT (( #1246 ) ) ;
#3659 = MECHANICAL_DESIGN_GEOMETRIC_PRESENTATION_REPRESENTATION (  '', ( #3100 ), #3597 ) ;
#3660 = ORIENTED_EDGE ( 'NONE', *, *, #1933, .T. ) ;
#3661 = ORIENTED_EDGE ( 'NONE', *, *, #746, .F. ) ;
#3662 = UNCERTAINTY_MEASURE_WITH_UNIT (LENGTH_MEASURE( 1.000000000000000082E-05 ), #153, 'distance_accuracy_value', 'NONE');
#3663 = CARTESIAN_POINT ( 'NONE',  ( 3.349999999999999201, 0.2500000000000000000, -1.112249899919919294 ) ) ;
#3664 = STYLED_ITEM ( 'NONE', ( #881 ), #301 ) ;
#3665 = EDGE_CURVE ( 'NONE', #230, #3861, #1765, .T. ) ;
#3666 = CARTESIAN_POINT ( 'NONE',  ( -0.5000000000000000000, 4.700000000000000178, 6.200000000000001066 ) ) ;
#3667 = SURFACE_STYLE_FILL_AREA ( #1481 ) ;
#3668 = CARTESIAN_POINT ( 'NONE',  ( 2.599999999999999645, 0.000000000000000000, 2.200000000000000178 ) ) ;
#3669 = ADVANCED_FACE ( 'NONE', ( #606 ), #2663, .T. ) ;
#3670 = CARTESIAN_POINT ( 'NONE',  ( -4.349999999999999645, 4.450000000000000178, 2.200000000000000178 ) ) ;
#3671 = DIRECTION ( 'NONE',  ( 0.000000000000000000, 0.000000000000000000, 1.000000000000000000 ) ) ;
#3672 = EDGE_CURVE ( 'NONE', #269, #3861, #3844, .T. ) ;
#3673 = PRODUCT ( 'SK12D07VG4', 'SK12D07VG4', '', ( #1673 ) ) ;
#3674 =( NAMED_UNIT ( * ) PLANE_ANGLE_UNIT ( ) SI_UNIT ( $, .RADIAN. ) );
#3675 = SURFACE_STYLE_FILL_AREA ( #2474 ) ;
#3676 = STYLED_ITEM ( 'NONE', ( #76 ), #2271 ) ;
#3677 = CARTESIAN_POINT ( 'NONE',  ( -2.376304738347015721, 0.1339847942805175995, 1.178292025437018609 ) ) ;
#3678 = DIRECTION ( 'NONE',  ( -1.000000000000000000, 0.000000000000000000, 0.000000000000000000 ) ) ;
#3679 = ORIENTED_EDGE ( 'NONE', *, *, #3853, .T. ) ;
#3680 = FACE_OUTER_BOUND ( 'NONE', #3094, .T. ) ;
#3681 = VERTEX_POINT ( 'NONE', #3275 ) ;
#3682 = ORIENTED_EDGE ( 'NONE', *, *, #3760, .F. ) ;
#3683 = SURFACE_STYLE_USAGE ( .BOTH. , #110 ) ;
#3684 = FACE_OUTER_BOUND ( 'NONE', #1894, .T. ) ;
#3685 = CARTESIAN_POINT ( 'NONE',  ( -3.349999999999999645, 0.2500000000000000000, 1.112249899919919072 ) ) ;
#3686 = DIRECTION ( 'NONE',  ( 0.000000000000000000, 0.000000000000000000, 1.000000000000000000 ) ) ;
#3687 = AXIS2_PLACEMENT_3D ( 'NONE', #364, #1315, #1554 ) ;
#3688 = CARTESIAN_POINT ( 'NONE',  ( 3.099999999999999645, 0.2500000000000000000, 2.200000000000000178 ) ) ;
#3689 = CYLINDRICAL_SURFACE ( 'NONE', #3541, 0.2500000000000002220 ) ;
#3690 = CARTESIAN_POINT ( 'NONE',  ( -2.000000000000000000, 3.550000000000000266, 6.200000000000001066 ) ) ;
#3691 = COLOUR_RGB ( '',0.2509803921568627416, 0.2509803921568627416, 0.2509803921568627416 ) ;
#3692 = CARTESIAN_POINT ( 'NONE',  ( -3.349999999999999645, 0.2500000000000000000, 2.200000000000000178 ) ) ;
#3693 = SURFACE_SIDE_STYLE ('',( #760 ) ) ;
#3694 = ADVANCED_FACE ( 'NONE', ( #2347 ), #1190, .F. ) ;
#3695 = EDGE_LOOP ( 'NONE', ( #1594, #2492, #3179, #1576, #499, #1429, #3328 ) ) ;
#3696 = STYLED_ITEM ( 'NONE', ( #936 ), #1643 ) ;
#3697 =( NAMED_UNIT ( * ) SI_UNIT ( $, .STERADIAN. ) SOLID_ANGLE_UNIT ( ) );
#3698 = UNCERTAINTY_MEASURE_WITH_UNIT (LENGTH_MEASURE( 1.000000000000000082E-05 ), #2553, 'distance_accuracy_value', 'NONE');
#3699 = ORIENTED_EDGE ( 'NONE', *, *, #37, .T. ) ;
#3700 = CARTESIAN_POINT ( 'NONE',  ( -4.349999999999999645, -8.573765555304644567E-16, 0.3999999999999997446 ) ) ;
#3701 = FILL_AREA_STYLE ('',( #2498 ) ) ;
#3702 =( NAMED_UNIT ( * ) SI_UNIT ( $, .STERADIAN. ) SOLID_ANGLE_UNIT ( ) );
#3703 =( GEOMETRIC_REPRESENTATION_CONTEXT ( 3 ) GLOBAL_UNCERTAINTY_ASSIGNED_CONTEXT ( ( #397 ) ) GLOBAL_UNIT_ASSIGNED_CONTEXT ( ( #2405, #291, #3870 ) ) REPRESENTATION_CONTEXT ( 'NONE', 'WORKASPACE' ) );
#3704 = CARTESIAN_POINT ( 'NONE',  ( 2.349999999999999201, 0.2500000000000000555, 2.200000000000000178 ) ) ;
#3705 = VERTEX_POINT ( 'NONE', #3386 ) ;
#3706 = VECTOR ( 'NONE', #3078, 1000.000000000000000 ) ;
#3707 = DIRECTION ( 'NONE',  ( 0.000000000000000000, 1.000000000000000000, 0.000000000000000000 ) ) ;
#3708 = CARTESIAN_POINT ( 'NONE',  ( 3.349999999999999645, 0.2500000000000000000, 2.200000000000000178 ) ) ;
#3709 =( GEOMETRIC_REPRESENTATION_CONTEXT ( 3 ) GLOBAL_UNCERTAINTY_ASSIGNED_CONTEXT ( ( #1364 ) ) GLOBAL_UNIT_ASSIGNED_CONTEXT ( ( #481, #1946, #3183 ) ) REPRESENTATION_CONTEXT ( 'NONE', 'WORKASPACE' ) );
#3710 = STYLED_ITEM ( 'NONE', ( #439 ), #3097 ) ;
#3711 =( GEOMETRIC_REPRESENTATION_CONTEXT ( 3 ) GLOBAL_UNCERTAINTY_ASSIGNED_CONTEXT ( ( #3773 ) ) GLOBAL_UNIT_ASSIGNED_CONTEXT ( ( #1362, #3794, #168 ) ) REPRESENTATION_CONTEXT ( 'NONE', 'WORKASPACE' ) );
#3712 =( NAMED_UNIT ( * ) SI_UNIT ( $, .STERADIAN. ) SOLID_ANGLE_UNIT ( ) );
#3713 = SURFACE_STYLE_USAGE ( .BOTH. , #2511 ) ;
#3714 = EDGE_CURVE ( 'NONE', #2357, #721, #2763, .T. ) ;
#3715 = VERTEX_POINT ( 'NONE', #3640 ) ;
#3716 = CARTESIAN_POINT ( 'NONE',  ( 3.349999999999999645, 0.2500000000000000000, 2.200000000000000178 ) ) ;
#3717 = ORIENTED_EDGE ( 'NONE', *, *, #3633, .F. ) ;
#3718 =( GEOMETRIC_REPRESENTATION_CONTEXT ( 3 ) GLOBAL_UNCERTAINTY_ASSIGNED_CONTEXT ( ( #2355 ) ) GLOBAL_UNIT_ASSIGNED_CONTEXT ( ( #3101, #2469, #3080 ) ) REPRESENTATION_CONTEXT ( 'NONE', 'WORKASPACE' ) );
#3719 = CARTESIAN_POINT ( 'NONE',  ( 3.949999999999999734, -1.250000000000000222, -0.6000000000000001998 ) ) ;
#3720 = VERTEX_POINT ( 'NONE', #3401 ) ;
#3721 =( NAMED_UNIT ( * ) SI_UNIT ( $, .STERADIAN. ) SOLID_ANGLE_UNIT ( ) );
#3722 = DIRECTION ( 'NONE',  ( 0.000000000000000000, -0.9408874118687268195, -0.3387194682727417416 ) ) ;
#3723 = VECTOR ( 'NONE', #747, 1000.000000000000000 ) ;
#3724 = ORIENTED_EDGE ( 'NONE', *, *, #246, .T. ) ;
#3725 =( LENGTH_UNIT ( ) NAMED_UNIT ( * ) SI_UNIT ( .MILLI., .METRE. ) );
#3726 = SURFACE_STYLE_FILL_AREA ( #2867 ) ;
#3727 = FILL_AREA_STYLE_COLOUR ( '', #3252 ) ;
#3728 = SURFACE_SIDE_STYLE ('',( #719 ) ) ;
#3729 = FILL_AREA_STYLE_COLOUR ( '', #3160 ) ;
#3730 = CARTESIAN_POINT ( 'NONE',  ( -3.949999999999999734, -1.734723475976807094E-15, 2.935478377556205177E-15 ) ) ;
#3731 = EDGE_CURVE ( 'NONE', #974, #1150, #3032, .T. ) ;
#3732 = UNCERTAINTY_MEASURE_WITH_UNIT (LENGTH_MEASURE( 1.000000000000000082E-05 ), #3725, 'distance_accuracy_value', 'NONE');
#3733 = VERTEX_POINT ( 'NONE', #2496 ) ;
#3734 = STYLED_ITEM ( 'NONE', ( #384 ), #2361 ) ;
#3735 = ORIENTED_EDGE ( 'NONE', *, *, #3324, .T. ) ;
#3736 = DIRECTION ( 'NONE',  ( -9.637352644315614471E-16, 1.000000000000000000, 0.000000000000000000 ) ) ;
#3737 = VERTEX_POINT ( 'NONE', #3700 ) ;
#3738 = ADVANCED_FACE ( 'NONE', ( #2785 ), #1548, .T. ) ;
#3739 = CIRCLE ( 'NONE', #2419, 0.2500000000000003886 ) ;
#3740 = SURFACE_STYLE_FILL_AREA ( #197 ) ;
#3741 = FACE_OUTER_BOUND ( 'NONE', #2344, .T. ) ;
#3742 = EDGE_LOOP ( 'NONE', ( #1094, #445, #3600, #3550 ) ) ;
#3743 =( LENGTH_UNIT ( ) NAMED_UNIT ( * ) SI_UNIT ( .MILLI., .METRE. ) );
#3744 = PRESENTATION_LAYER_ASSIGNMENT (  '', '', ( #2044 ) ) ;
#3745 = CARTESIAN_POINT ( 'NONE',  ( -3.323695261652983568, 0.1339847942805174330, -1.178292025437018609 ) ) ;
#3746 = PRESENTATION_LAYER_ASSIGNMENT (  '', '', ( #666 ) ) ;
#3747 = SURFACE_SIDE_STYLE ('',( #2015 ) ) ;
#3748 = FILL_AREA_STYLE_COLOUR ( '', #2403 ) ;
#3749 = FACE_OUTER_BOUND ( 'NONE', #1772, .T. ) ;
#3750 = EDGE_LOOP ( 'NONE', ( #465, #2321, #509, #3346, #823, #2058 ) ) ;
#3751 = AXIS2_PLACEMENT_3D ( 'NONE', #3243, #3803, #1437 ) ;
#3752 = CYLINDRICAL_SURFACE ( 'NONE', #2013, 0.2500000000000000000 ) ;
#3753 = DIRECTION ( 'NONE',  ( -1.000000000000000000, 0.000000000000000000, 0.000000000000000000 ) ) ;
#3754 = ORIENTED_EDGE ( 'NONE', *, *, #2907, .F. ) ;
#3755 = VECTOR ( 'NONE', #2017, 1000.000000000000000 ) ;
#3756 = DIRECTION ( 'NONE',  ( -0.000000000000000000, -0.000000000000000000, 1.000000000000000000 ) ) ;
#3757 = DIRECTION ( 'NONE',  ( 0.000000000000000000, 0.000000000000000000, 1.000000000000000000 ) ) ;
#3758 = PRESENTATION_LAYER_ASSIGNMENT (  '', '', ( #1113 ) ) ;
#3759 = ORIENTED_EDGE ( 'NONE', *, *, #1180, .F. ) ;
#3760 = EDGE_CURVE ( 'NONE', #1900, #3115, #1261, .T. ) ;
#3761 = ORIENTED_EDGE ( 'NONE', *, *, #1275, .T. ) ;
#3762 = FILL_AREA_STYLE_COLOUR ( '', #1438 ) ;
#3763 = LINE ( 'NONE', #2009, #262 ) ;
#3764 = CARTESIAN_POINT ( 'NONE',  ( 4.349999999999999645, 3.826133144475921899, -2.427407932011330871 ) ) ;
#3765 = PRESENTATION_LAYER_ASSIGNMENT (  '', '', ( #3269 ) ) ;
#3766 = VECTOR ( 'NONE', #1416, 1000.000000000000000 ) ;
#3767 = VECTOR ( 'NONE', #2717, 1000.000000000000000 ) ;
#3768 = PRESENTATION_LAYER_ASSIGNMENT (  '', '', ( #942 ) ) ;
#3769 = CARTESIAN_POINT ( 'NONE',  ( -4.246446609406725692, 4.700000000000000178, -2.096446609406726669 ) ) ;
#3770 = VECTOR ( 'NONE', #3593, 1000.000000000000000 ) ;
#3771 = CARTESIAN_POINT ( 'NONE',  ( -2.000000000000000000, -2.349999999999999645, 7.531577814756221078E-16 ) ) ;
#3772 = LINE ( 'NONE', #3716, #2390 ) ;
#3773 = UNCERTAINTY_MEASURE_WITH_UNIT (LENGTH_MEASURE( 1.000000000000000082E-05 ), #1362, 'distance_accuracy_value', 'NONE');
#3774 = EDGE_CURVE ( 'NONE', #1692, #230, #1012, .T. ) ;
#3775 = ORIENTED_EDGE ( 'NONE', *, *, #3427, .T. ) ;
#3776 =( LENGTH_UNIT ( ) NAMED_UNIT ( * ) SI_UNIT ( .MILLI., .METRE. ) );
#3777 = EDGE_CURVE ( 'NONE', #689, #3573, #2462, .T. ) ;
#3778 = LINE ( 'NONE', #236, #3030 ) ;
#3779 = EDGE_LOOP ( 'NONE', ( #1874, #1147 ) ) ;
#3780 = VECTOR ( 'NONE', #1092, 1000.000000000000000 ) ;
#3781 = SURFACE_STYLE_FILL_AREA ( #3201 ) ;
#3782 = CARTESIAN_POINT ( 'NONE',  ( 0.000000000000000000, 0.000000000000000000, 2.000000000000000000 ) ) ;
#3783 = EDGE_LOOP ( 'NONE', ( #188, #3506, #1337, #501, #2301, #283 ) ) ;
#3784 = CARTESIAN_POINT ( 'NONE',  ( -4.349999999999999645, 0.000000000000000000, 2.199999999999998845 ) ) ;
#3785 = ADVANCED_FACE ( 'NONE', ( #980 ), #2482, .T. ) ;
#3786 = COLOUR_RGB ( '',0.8470588235294117530, 0.8431372549019607865, 0.8470588235294117530 ) ;
#3787 = VERTEX_POINT ( 'NONE', #3442 ) ;
#3788 = AXIS2_PLACEMENT_3D ( 'NONE', #451, #1991, #759 ) ;
#3789 = CIRCLE ( 'NONE', #1196, 0.2500000000000002220 ) ;
#3790 =( LENGTH_UNIT ( ) NAMED_UNIT ( * ) SI_UNIT ( .MILLI., .METRE. ) );
#3791 = EDGE_CURVE ( 'NONE', #3548, #1071, #3164, .T. ) ;
#3792 = VERTEX_POINT ( 'NONE', #1330 ) ;
#3793 = LINE ( 'NONE', #3232, #3780 ) ;
#3794 =( NAMED_UNIT ( * ) PLANE_ANGLE_UNIT ( ) SI_UNIT ( $, .RADIAN. ) );
#3795 = DIRECTION ( 'NONE',  ( 0.000000000000000000, 0.000000000000000000, -1.000000000000000000 ) ) ;
#3796 = ORIENTED_EDGE ( 'NONE', *, *, #1057, .T. ) ;
#3797 = CARTESIAN_POINT ( 'NONE',  ( -2.599999999999999645, 0.000000000000000000, 2.200000000000000178 ) ) ;
#3798 = PRESENTATION_LAYER_ASSIGNMENT (  '', '', ( #2354 ) ) ;
#3799 = PLANE ( 'NONE',  #3248 ) ;
#3800 = CARTESIAN_POINT ( 'NONE',  ( 4.349999999999999645, -5.510910596163085611E-16, 0.7999999999999997113 ) ) ;
#3801 = VERTEX_POINT ( 'NONE', #1097 ) ;
#3802 = FACE_OUTER_BOUND ( 'NONE', #3140, .T. ) ;
#3803 = DIRECTION ( 'NONE',  ( 1.000000000000000000, -0.000000000000000000, -0.000000000000000000 ) ) ;
#3804 = DIRECTION ( 'NONE',  ( 1.000000000000000000, -0.000000000000000000, -0.000000000000000000 ) ) ;
#3805 =( NAMED_UNIT ( * ) SI_UNIT ( $, .STERADIAN. ) SOLID_ANGLE_UNIT ( ) );
#3806 = DIRECTION ( 'NONE',  ( 0.000000000000000000, 1.000000000000000000, -0.000000000000000000 ) ) ;
#3807 = FILL_AREA_STYLE_COLOUR ( '', #2129 ) ;
#3808 = LINE ( 'NONE', #847, #1181 ) ;
#3809 = SURFACE_STYLE_FILL_AREA ( #3539 ) ;
#3810 = VECTOR ( 'NONE', #2931, 1000.000000000000000 ) ;
#3811 = EDGE_CURVE ( 'NONE', #3556, #2027, #3425, .T. ) ;
#3812 = MECHANICAL_DESIGN_GEOMETRIC_PRESENTATION_REPRESENTATION (  '', ( #2681 ), #3500 ) ;
#3813 = CARTESIAN_POINT ( 'NONE',  ( 4.349999999999999645, 4.450000000000000178, -2.200000000000000178 ) ) ;
#3814 = EDGE_LOOP ( 'NONE', ( #3250, #2141, #1104, #3849 ) ) ;
#3815 = VECTOR ( 'NONE', #630, 1000.000000000000000 ) ;
#3816 = VERTEX_POINT ( 'NONE', #3139 ) ;
#3817 = CARTESIAN_POINT ( 'NONE',  ( -2.349999999999999201, 0.2500000000000000555, -1.112249899919919516 ) ) ;
#3818 =( LENGTH_UNIT ( ) NAMED_UNIT ( * ) SI_UNIT ( .MILLI., .METRE. ) );
#3819 = VERTEX_POINT ( 'NONE', #1347 ) ;
#3820 = AXIS2_PLACEMENT_3D ( 'NONE', #3088, #994, #2491 ) ;
#3821 = CARTESIAN_POINT ( 'NONE',  ( -3.099999999999999645, 0.2500000000000000000, -2.200000000000000178 ) ) ;
#3822 = ORIENTED_EDGE ( 'NONE', *, *, #2028, .T. ) ;
#3823 =( NAMED_UNIT ( * ) SI_UNIT ( $, .STERADIAN. ) SOLID_ANGLE_UNIT ( ) );
#3824 = CYLINDRICAL_SURFACE ( 'NONE', #3751, 0.3999999999999999667 ) ;
#3825 = COLOUR_RGB ( '',0.8470588235294117530, 0.8431372549019607865, 0.8470588235294117530 ) ;
#3826 = PLANE ( 'NONE',  #409 ) ;
#3827 = SURFACE_STYLE_USAGE ( .BOTH. , #3747 ) ;
#3828 = FACE_OUTER_BOUND ( 'NONE', #2986, .T. ) ;
#3829 = STYLED_ITEM ( 'NONE', ( #2713 ), #660 ) ;
#3830 = VECTOR ( 'NONE', #1085, 1000.000000000000000 ) ;
#3831 = SPHERICAL_SURFACE ( 'NONE', #765, 0.2500000000000000000 ) ;
#3832 = STYLED_ITEM ( 'NONE', ( #2380 ), #2934 ) ;
#3833 = EDGE_CURVE ( 'NONE', #978, #2127, #3197, .T. ) ;
#3834 = MECHANICAL_DESIGN_GEOMETRIC_PRESENTATION_REPRESENTATION (  '', ( #3645 ), #2966 ) ;
#3835 = VECTOR ( 'NONE', #1038, 1000.000000000000000 ) ;
#3836 = CARTESIAN_POINT ( 'NONE',  ( -4.349999999999999645, -1.250000000000000222, 0.5999999999999998668 ) ) ;
#3837 = DIRECTION ( 'NONE',  ( 0.000000000000000000, 0.000000000000000000, 1.000000000000000000 ) ) ;
#3838 = ORIENTED_EDGE ( 'NONE', *, *, #1797, .F. ) ;
#3839 = FILL_AREA_STYLE ('',( #2586 ) ) ;
#3840 = COLOUR_RGB ( '',0.8470588235294117530, 0.8431372549019607865, 0.8470588235294117530 ) ;
#3841 = FILL_AREA_STYLE_COLOUR ( '', #1712 ) ;
#3842 = CARTESIAN_POINT ( 'NONE',  ( -3.949999999999999734, -2.499999999999999556, 0.000000000000000000 ) ) ;
#3843 = LINE ( 'NONE', #228, #3755 ) ;
#3844 = CIRCLE ( 'NONE', #2023, 0.2500000000000002220 ) ;
#3845 = MECHANICAL_DESIGN_GEOMETRIC_PRESENTATION_REPRESENTATION (  '', ( #2920 ), #1591 ) ;
#3846 = SURFACE_STYLE_USAGE ( .BOTH. , #214 ) ;
#3847 = CARTESIAN_POINT ( 'NONE',  ( -4.349999999999999645, 3.826133144475920567, 2.427407932011331759 ) ) ;
#3848 = ORIENTED_EDGE ( 'NONE', *, *, #1974, .T. ) ;
#3849 = ORIENTED_EDGE ( 'NONE', *, *, #3040, .T. ) ;
#3850 =( NAMED_UNIT ( * ) PLANE_ANGLE_UNIT ( ) SI_UNIT ( $, .RADIAN. ) );
#3851 = UNCERTAINTY_MEASURE_WITH_UNIT (LENGTH_MEASURE( 1.000000000000000082E-05 ), #2974, 'distance_accuracy_value', 'NONE');
#3852 = DIRECTION ( 'NONE',  ( 0.000000000000000000, 0.000000000000000000, 1.000000000000000000 ) ) ;
#3853 = EDGE_CURVE ( 'NONE', #2285, #418, #2300, .T. ) ;
#3854 =( GEOMETRIC_REPRESENTATION_CONTEXT ( 3 ) GLOBAL_UNCERTAINTY_ASSIGNED_CONTEXT ( ( #1170 ) ) GLOBAL_UNIT_ASSIGNED_CONTEXT ( ( #2308, #3257, #1143 ) ) REPRESENTATION_CONTEXT ( 'NONE', 'WORKASPACE' ) );
#3855 = DIRECTION ( 'NONE',  ( 0.000000000000000000, 0.000000000000000000, 1.000000000000000000 ) ) ;
#3856 = VECTOR ( 'NONE', #1025, 1000.000000000000000 ) ;
#3857 = DIRECTION ( 'NONE',  ( -1.000000000000000000, 0.000000000000000000, 0.000000000000000000 ) ) ;
#3858 = PRESENTATION_STYLE_ASSIGNMENT (( #3589 ) ) ;
#3859 = EDGE_LOOP ( 'NONE', ( #1269, #1132, #2101, #2957 ) ) ;
#3860 = CARTESIAN_POINT ( 'NONE',  ( 4.349999999999999645, 4.596446609406726225, -2.200000000000000178 ) ) ;
#3861 = VERTEX_POINT ( 'NONE', #1076 ) ;
#3862 = PRESENTATION_LAYER_ASSIGNMENT (  '', '', ( #3372 ) ) ;
#3863 = EDGE_CURVE ( 'NONE', #3861, #3138, #1999, .T. ) ;
#3864 = FILL_AREA_STYLE ('',( #1777 ) ) ;
#3865 = CARTESIAN_POINT ( 'NONE',  ( -4.349999999999999645, 4.645085803432136728, -0.3432137285491430045 ) ) ;
#3866 =( NAMED_UNIT ( * ) PLANE_ANGLE_UNIT ( ) SI_UNIT ( $, .RADIAN. ) );
#3867 = LINE ( 'NONE', #2381, #231 ) ;
#3868 = EDGE_CURVE ( 'NONE', #721, #1325, #518, .T. ) ;
#3869 = VECTOR ( 'NONE', #835, 1000.000000000000000 ) ;
#3870 =( NAMED_UNIT ( * ) SI_UNIT ( $, .STERADIAN. ) SOLID_ANGLE_UNIT ( ) );
#3871 = LINE ( 'NONE', #1615, #561 ) ;
#3872 = SURFACE_SIDE_STYLE ('',( #3809 ) ) ;
#3873 = LINE ( 'NONE', #3046, #2236 ) ;
ENDSEC;
END-ISO-10303-21;
