ISO-10303-21;
HEADER;
FILE_DESCRIPTION (( 'STEP AP214' ),
    '1' );
FILE_NAME ('SW_TS2819.STEP',
    '2026-09-22T02:09:09',
    ( '' ),
    ( '' ),
    'SwSTEP 2.0',
    'SolidWorks 2026',
    '' );
FILE_SCHEMA (( 'AUTOMOTIVE_DESIGN' ));
ENDSEC;

DATA;
#1 = LINE ( 'NONE', #1396, #307 ) ;
#2 = LINE ( 'NONE', #457, #1080 ) ;
#3 = PLANE ( 'NONE',  #297 ) ;
#4 = ORIENTED_EDGE ( 'NONE', *, *, #1299, .F. ) ;
#5 = DIRECTION ( 'NONE',  ( 1.000000000000000000, 0.000000000000000000, -1.084202172485505050E-16 ) ) ;
#6 = LINE ( 'NONE', #375, #813 ) ;
#7 = AXIS2_PLACEMENT_3D ( 'NONE', #1368, #1486, #1244 ) ;
#8 = ADVANCED_FACE ( 'NONE', ( #1145 ), #819, .F. ) ;
#9 = CARTESIAN_POINT ( 'NONE',  ( 1.700000000000000400, -0.04000000000000000083, -0.3499999999999999778 ) ) ;
#10 = UNCERTAINTY_MEASURE_WITH_UNIT (LENGTH_MEASURE( 1.000000000000000082E-05 ), #597, 'distance_accuracy_value', 'NONE');
#11 =( LENGTH_UNIT ( ) NAMED_UNIT ( * ) SI_UNIT ( .MILLI., .METRE. ) );
#12 =( NAMED_UNIT ( * ) SI_UNIT ( $, .STERADIAN. ) SOLID_ANGLE_UNIT ( ) );
#13 = AXIS2_PLACEMENT_3D ( 'NONE', #272, #1482, #1217 ) ;
#14 = DIRECTION ( 'NONE',  ( 1.000000000000000000, 0.000000000000000000, 0.000000000000000000 ) ) ;
#15 = ORIENTED_EDGE ( 'NONE', *, *, #31, .F. ) ;
#16 = DIRECTION ( 'NONE',  ( -1.000000000000000000, 0.000000000000000000, 1.355252715606881529E-16 ) ) ;
#17 = SURFACE_SIDE_STYLE ('',( #1330 ) ) ;
#18 = PRODUCT_DEFINITION ( 'UNKNOWN', '', #1443, #1108 ) ;
#19 = DIRECTION ( 'NONE',  ( 0.000000000000000000, 0.000000000000000000, -1.000000000000000000 ) ) ;
#20 = PLANE ( 'NONE',  #1109 ) ;
#21 = DIRECTION ( 'NONE',  ( 1.000000000000000000, 0.000000000000000000, -1.251002506714043786E-16 ) ) ;
#22 =( GEOMETRIC_REPRESENTATION_CONTEXT ( 3 ) GLOBAL_UNCERTAINTY_ASSIGNED_CONTEXT ( ( #1440 ) ) GLOBAL_UNIT_ASSIGNED_CONTEXT ( ( #900, #1040, #654 ) ) REPRESENTATION_CONTEXT ( 'NONE', 'WORKASPACE' ) );
#23 = DIRECTION ( 'NONE',  ( 1.000000000000000000, 0.000000000000000000, -6.195440985631454331E-16 ) ) ;
#24 = STYLED_ITEM ( 'NONE', ( #424 ), #993 ) ;
#25 = ORIENTED_EDGE ( 'NONE', *, *, #1161, .T. ) ;
#26 = SURFACE_STYLE_FILL_AREA ( #1184 ) ;
#27 = MECHANICAL_DESIGN_GEOMETRIC_PRESENTATION_REPRESENTATION (  '', ( #823 ), #1488 ) ;
#28 = DIRECTION ( 'NONE',  ( 1.251002506714043786E-16, 0.000000000000000000, 1.000000000000000000 ) ) ;
#29 = LINE ( 'NONE', #484, #1342 ) ;
#30 = PLANE ( 'NONE',  #533 ) ;
#31 = EDGE_CURVE ( 'NONE', #609, #1098, #1071, .T. ) ;
#32 = FACE_OUTER_BOUND ( 'NONE', #1303, .T. ) ;
#33 =( NAMED_UNIT ( * ) PLANE_ANGLE_UNIT ( ) SI_UNIT ( $, .RADIAN. ) );
#34 = ORIENTED_EDGE ( 'NONE', *, *, #487, .F. ) ;
#35 = VECTOR ( 'NONE', #218, 1000.000000000000000 ) ;
#36 = CARTESIAN_POINT ( 'NONE',  ( 1.300000000000000044, 0.3350000000000000200, -1.761828530288945691E-16 ) ) ;
#37 = LINE ( 'NONE', #69, #252 ) ;
#38 = EDGE_CURVE ( 'NONE', #441, #1066, #459, .T. ) ;
#39 = VERTEX_POINT ( 'NONE', #344 ) ;
#40 = FILL_AREA_STYLE_COLOUR ( '', #240 ) ;
#41 = ORIENTED_EDGE ( 'NONE', *, *, #1409, .T. ) ;
#42 = FILL_AREA_STYLE ('',( #309 ) ) ;
#43 = FACE_BOUND ( 'NONE', #176, .T. ) ;
#44 = LINE ( 'NONE', #772, #744 ) ;
#45 = PLANE ( 'NONE',  #1155 ) ;
#46 = ORIENTED_EDGE ( 'NONE', *, *, #1178, .T. ) ;
#47 = DIRECTION ( 'NONE',  ( 0.000000000000000000, 0.000000000000000000, -1.000000000000000000 ) ) ;
#48 = CARTESIAN_POINT ( 'NONE',  ( -1.500000000000000000, 0.000000000000000000, -1.000000000000000000 ) ) ;
#49 = DIRECTION ( 'NONE',  ( -3.336006684570784088E-16, 0.000000000000000000, -1.000000000000000000 ) ) ;
#50 = SURFACE_SIDE_STYLE ('',( #752 ) ) ;
#51 = VERTEX_POINT ( 'NONE', #1199 ) ;
#52 = LINE ( 'NONE', #75, #1067 ) ;
#53 = VERTEX_POINT ( 'NONE', #371 ) ;
#54 =( NAMED_UNIT ( * ) PLANE_ANGLE_UNIT ( ) SI_UNIT ( $, .RADIAN. ) );
#55 = STYLED_ITEM ( 'NONE', ( #494 ), #919 ) ;
#56 = ADVANCED_FACE ( 'NONE', ( #841 ), #3, .F. ) ;
#57 =( NAMED_UNIT ( * ) PLANE_ANGLE_UNIT ( ) SI_UNIT ( $, .RADIAN. ) );
#58 = DIRECTION ( 'NONE',  ( -3.336006684570783101E-16, 0.000000000000000000, -1.000000000000000000 ) ) ;
#59 = VECTOR ( 'NONE', #634, 1000.000000000000000 ) ;
#60 = CARTESIAN_POINT ( 'NONE',  ( 1.749999999999999778, 0.000000000000000000, -0.6500000000000000222 ) ) ;
#61 =( NAMED_UNIT ( * ) SI_UNIT ( $, .STERADIAN. ) SOLID_ANGLE_UNIT ( ) );
#62 = COLOUR_RGB ( '',0.9411764705882352811, 0.9411764705882352811, 0.9411764705882352811 ) ;
#63 = EDGE_LOOP ( 'NONE', ( #1166, #698, #658, #1408 ) ) ;
#64 = DIRECTION ( 'NONE',  ( -1.000000000000000000, 0.000000000000000000, 0.000000000000000000 ) ) ;
#65 = AXIS2_PLACEMENT_3D ( 'NONE', #957, #599, #951 ) ;
#66 = EDGE_LOOP ( 'NONE', ( #1006, #126, #923, #537 ) ) ;
#67 = LINE ( 'NONE', #538, #376 ) ;
#68 = VECTOR ( 'NONE', #947, 1000.000000000000000 ) ;
#69 = CARTESIAN_POINT ( 'NONE',  ( 1.425000000000000266, 0.000000000000000000, -0.6500000000000000222 ) ) ;
#70 = DIRECTION ( 'NONE',  ( 2.168404344971008868E-15, 0.000000000000000000, 1.000000000000000000 ) ) ;
#71 = DIRECTION ( 'NONE',  ( 1.355252715606881529E-16, 0.000000000000000000, 1.000000000000000000 ) ) ;
#72 = DIRECTION ( 'NONE',  ( -0.000000000000000000, -1.000000000000000000, -0.000000000000000000 ) ) ;
#73 = SURFACE_SIDE_STYLE ('',( #107 ) ) ;
#74 = ORIENTED_EDGE ( 'NONE', *, *, #222, .T. ) ;
#75 = CARTESIAN_POINT ( 'NONE',  ( -1.425000000000000266, 0.000000000000000000, -0.6499999999999996891 ) ) ;
#76 = VECTOR ( 'NONE', #1384, 1000.000000000000000 ) ;
#77 = ORIENTED_EDGE ( 'NONE', *, *, #1481, .F. ) ;
#78 = CARTESIAN_POINT ( 'NONE',  ( 1.425000000000000266, -0.04000000000000000083, -0.6500000000000000222 ) ) ;
#79 = LINE ( 'NONE', #387, #701 ) ;
#80 = ADVANCED_FACE ( 'NONE', ( #967 ), #1442, .F. ) ;
#81 = ORIENTED_EDGE ( 'NONE', *, *, #317, .F. ) ;
#82 = APPLICATION_PROTOCOL_DEFINITION ( 'draft international standard', 'automotive_design', 1998, #190 ) ;
#83 = ORIENTED_EDGE ( 'NONE', *, *, #912, .T. ) ;
#84 = DIRECTION ( 'NONE',  ( 1.000000000000000000, 0.000000000000000000, -1.251002506714043786E-16 ) ) ;
#85 =( GEOMETRIC_REPRESENTATION_CONTEXT ( 3 ) GLOBAL_UNCERTAINTY_ASSIGNED_CONTEXT ( ( #1090 ) ) GLOBAL_UNIT_ASSIGNED_CONTEXT ( ( #1153, #1035, #699 ) ) REPRESENTATION_CONTEXT ( 'NONE', 'WORKASPACE' ) );
#86 = ORIENTED_EDGE ( 'NONE', *, *, #968, .T. ) ;
#87 = EDGE_CURVE ( 'NONE', #910, #1015, #503, .T. ) ;
#88 = ORIENTED_EDGE ( 'NONE', *, *, #571, .F. ) ;
#89 =( GEOMETRIC_REPRESENTATION_CONTEXT ( 3 ) GLOBAL_UNCERTAINTY_ASSIGNED_CONTEXT ( ( #511 ) ) GLOBAL_UNIT_ASSIGNED_CONTEXT ( ( #1058, #737, #1065 ) ) REPRESENTATION_CONTEXT ( 'NONE', 'WORKASPACE' ) );
#90 =( GEOMETRIC_REPRESENTATION_CONTEXT ( 3 ) GLOBAL_UNCERTAINTY_ASSIGNED_CONTEXT ( ( #741 ) ) GLOBAL_UNIT_ASSIGNED_CONTEXT ( ( #617, #390, #161 ) ) REPRESENTATION_CONTEXT ( 'NONE', 'WORKASPACE' ) );
#91 = ORIENTED_EDGE ( 'NONE', *, *, #1481, .T. ) ;
#92 = CARTESIAN_POINT ( 'NONE',  ( 1.700000000000000400, 0.000000000000000000, 0.3499999999999999778 ) ) ;
#93 = AXIS2_PLACEMENT_3D ( 'NONE', #530, #670, #921 ) ;
#94 = VERTEX_POINT ( 'NONE', #60 ) ;
#95 = EDGE_CURVE ( 'NONE', #941, #1015, #44, .T. ) ;
#96 = STYLED_ITEM ( 'NONE', ( #438 ), #175 ) ;
#97 = EDGE_CURVE ( 'NONE', #1462, #1524, #181, .T. ) ;
#98 =( GEOMETRIC_REPRESENTATION_CONTEXT ( 3 ) GLOBAL_UNCERTAINTY_ASSIGNED_CONTEXT ( ( #543 ) ) GLOBAL_UNIT_ASSIGNED_CONTEXT ( ( #905, #669, #1017 ) ) REPRESENTATION_CONTEXT ( 'NONE', 'WORKASPACE' ) );
#99 = DIRECTION ( 'NONE',  ( 1.000000000000000000, 0.000000000000000000, -1.251002506714043540E-16 ) ) ;
#100 = FILL_AREA_STYLE_COLOUR ( '', #432 ) ;
#101 = CARTESIAN_POINT ( 'NONE',  ( 0.000000000000000000, 0.6500000000000000222, 0.000000000000000000 ) ) ;
#102 = ORIENTED_EDGE ( 'NONE', *, *, #1307, .F. ) ;
#103 = ORIENTED_EDGE ( 'NONE', *, *, #1130, .F. ) ;
#104 = LINE ( 'NONE', #918, #449 ) ;
#105 = DIRECTION ( 'NONE',  ( 0.000000000000000000, -1.000000000000000000, 0.000000000000000000 ) ) ;
#106 = ADVANCED_FACE ( 'NONE', ( #644 ), #298, .F. ) ;
#107 = SURFACE_STYLE_FILL_AREA ( #1171 ) ;
#108 = FILL_AREA_STYLE ('',( #1427 ) ) ;
#109 = STYLED_ITEM ( 'NONE', ( #386 ), #932 ) ;
#110 = CARTESIAN_POINT ( 'NONE',  ( -1.249999999999999778, 0.000000000000000000, 0.9999999999999997780 ) ) ;
#111 = PRESENTATION_STYLE_ASSIGNMENT (( #593 ) ) ;
#112 = VERTEX_POINT ( 'NONE', #1345 ) ;
#113 = SURFACE_STYLE_FILL_AREA ( #926 ) ;
#114 = FACE_OUTER_BOUND ( 'NONE', #1515, .T. ) ;
#115 = VECTOR ( 'NONE', #19, 1000.000000000000000 ) ;
#116 = FACE_OUTER_BOUND ( 'NONE', #221, .T. ) ;
#117 = PLANE ( 'NONE',  #1451 ) ;
#118 = SURFACE_SIDE_STYLE ('',( #241 ) ) ;
#119 = ORIENTED_EDGE ( 'NONE', *, *, #206, .T. ) ;
#120 = PLANE ( 'NONE',  #676 ) ;
#121 = DIRECTION ( 'NONE',  ( 0.000000000000000000, 0.000000000000000000, -1.000000000000000000 ) ) ;
#122 = DIRECTION ( 'NONE',  ( 0.000000000000000000, 1.000000000000000000, 0.000000000000000000 ) ) ;
#123 = CARTESIAN_POINT ( 'NONE',  ( 1.425000000000000266, 0.000000000000000000, 0.6500000000000000222 ) ) ;
#124 =( LENGTH_UNIT ( ) NAMED_UNIT ( * ) SI_UNIT ( .MILLI., .METRE. ) );
#125 = EDGE_CURVE ( 'NONE', #609, #916, #615, .T. ) ;
#126 = ORIENTED_EDGE ( 'NONE', *, *, #1283, .F. ) ;
#127 = LINE ( 'NONE', #851, #327 ) ;
#128 = LINE ( 'NONE', #963, #733 ) ;
#129 = DIRECTION ( 'NONE',  ( 0.000000000000000000, -0.000000000000000000, 1.000000000000000000 ) ) ;
#130 = VECTOR ( 'NONE', #1249, 1000.000000000000000 ) ;
#131 = VERTEX_POINT ( 'NONE', #1095 ) ;
#132 = ADVANCED_FACE ( 'NONE', ( #1355 ), #30, .F. ) ;
#133 = LINE ( 'NONE', #1079, #1142 ) ;
#134 = AXIS2_PLACEMENT_3D ( 'NONE', #1029, #1510, #806 ) ;
#135 = ORIENTED_EDGE ( 'NONE', *, *, #471, .T. ) ;
#136 = SURFACE_STYLE_USAGE ( .BOTH. , #961 ) ;
#137 = DIRECTION ( 'NONE',  ( -1.000000000000000000, 0.000000000000000000, -1.000802005371236212E-15 ) ) ;
#138 = CARTESIAN_POINT ( 'NONE',  ( 1.000802005371234758E-16, 0.3350000000000000200, 0.7999999999999999334 ) ) ;
#139 = EDGE_CURVE ( 'NONE', #242, #473, #1499, .T. ) ;
#140 = LINE ( 'NONE', #871, #156 ) ;
#141 = VECTOR ( 'NONE', #512, 1000.000000000000000 ) ;
#142 = SURFACE_STYLE_USAGE ( .BOTH. , #389 ) ;
#143 = DIRECTION ( 'NONE',  ( -1.084202172485505050E-16, 0.000000000000000000, -1.000000000000000000 ) ) ;
#144 = ORIENTED_EDGE ( 'NONE', *, *, #373, .F. ) ;
#145 = CARTESIAN_POINT ( 'NONE',  ( 1.750000000000000000, 0.000000000000000000, 0.6500000000000000222 ) ) ;
#146 = LINE ( 'NONE', #1322, #1197 ) ;
#147 = UNCERTAINTY_MEASURE_WITH_UNIT (LENGTH_MEASURE( 1.000000000000000082E-05 ), #1198, 'distance_accuracy_value', 'NONE');
#148 = CARTESIAN_POINT ( 'NONE',  ( -1.749999999999999778, -0.04000000000000000083, -0.6500000000000000222 ) ) ;
#149 = FACE_OUTER_BOUND ( 'NONE', #63, .T. ) ;
#150 = CARTESIAN_POINT ( 'NONE',  ( 1.750000000000000000, -0.04000000000000000083, 0.6500000000000000222 ) ) ;
#151 = EDGE_CURVE ( 'NONE', #1104, #897, #553, .T. ) ;
#152 = CARTESIAN_POINT ( 'NONE',  ( -1.424999999999999822, -0.04000000000000000083, 0.6500000000000002442 ) ) ;
#153 = FILL_AREA_STYLE_COLOUR ( '', #162 ) ;
#154 = ORIENTED_EDGE ( 'NONE', *, *, #139, .T. ) ;
#155 = SURFACE_SIDE_STYLE ('',( #507 ) ) ;
#156 = VECTOR ( 'NONE', #749, 1000.000000000000000 ) ;
#157 = ORIENTED_EDGE ( 'NONE', *, *, #1522, .F. ) ;
#158 = STYLED_ITEM ( 'NONE', ( #278 ), #1318 ) ;
#159 = DIRECTION ( 'NONE',  ( 0.000000000000000000, 1.000000000000000000, 0.000000000000000000 ) ) ;
#160 = CARTESIAN_POINT ( 'NONE',  ( 1.500000000000000000, 0.000000000000000000, 1.000000000000000000 ) ) ;
#161 =( NAMED_UNIT ( * ) SI_UNIT ( $, .STERADIAN. ) SOLID_ANGLE_UNIT ( ) );
#162 = COLOUR_RGB ( '',0.9411764705882352811, 0.9411764705882352811, 0.9411764705882352811 ) ;
#163 = EDGE_LOOP ( 'NONE', ( #266, #975, #556, #1138 ) ) ;
#164 = LINE ( 'NONE', #892, #724 ) ;
#165 = AXIS2_PLACEMENT_3D ( 'NONE', #474, #868, #360 ) ;
#166 = AXIS2_PLACEMENT_3D ( 'NONE', #914, #1281, #71 ) ;
#167 = ORIENTED_EDGE ( 'NONE', *, *, #395, .T. ) ;
#168 = CARTESIAN_POINT ( 'NONE',  ( -1.699999999999999956, 0.000000000000000000, 0.3500000000000004219 ) ) ;
#169 = DIRECTION ( 'NONE',  ( 1.000000000000000000, 0.000000000000000000, 0.000000000000000000 ) ) ;
#170 = DIRECTION ( 'NONE',  ( -1.000000000000000000, 0.000000000000000000, 0.000000000000000000 ) ) ;
#171 = CARTESIAN_POINT ( 'NONE',  ( 1.425000000000000266, -0.04000000000000000083, 0.6500000000000000222 ) ) ;
#172 = ORIENTED_EDGE ( 'NONE', *, *, #262, .F. ) ;
#173 = LINE ( 'NONE', #746, #486 ) ;
#174 = VECTOR ( 'NONE', #70, 1000.000000000000000 ) ;
#175 = ADVANCED_FACE ( 'NONE', ( #1143 ), #1508, .T. ) ;
#176 = EDGE_LOOP ( 'NONE', ( #1124, #775, #1335, #1261 ) ) ;
#177 = CARTESIAN_POINT ( 'NONE',  ( -1.249999999999999778, 0.000000000000000000, 1.000000000000000000 ) ) ;
#178 = SURFACE_STYLE_USAGE ( .BOTH. , #414 ) ;
#179 = CARTESIAN_POINT ( 'NONE',  ( -1.500000000000000000, 0.000000000000000000, 1.000000000000000000 ) ) ;
#180 = LINE ( 'NONE', #280, #567 ) ;
#181 = LINE ( 'NONE', #396, #1012 ) ;
#182 = PRESENTATION_STYLE_ASSIGNMENT (( #773 ) ) ;
#183 = ORIENTED_EDGE ( 'NONE', *, *, #713, .F. ) ;
#184 = CARTESIAN_POINT ( 'NONE',  ( 1.700000000000000400, 0.000000000000000000, -0.3499999999999999778 ) ) ;
#185 = UNCERTAINTY_MEASURE_WITH_UNIT (LENGTH_MEASURE( 1.000000000000000082E-05 ), #1092, 'distance_accuracy_value', 'NONE');
#186 =( GEOMETRIC_REPRESENTATION_CONTEXT ( 3 ) GLOBAL_UNCERTAINTY_ASSIGNED_CONTEXT ( ( #147 ) ) GLOBAL_UNIT_ASSIGNED_CONTEXT ( ( #1198, #1323, #12 ) ) REPRESENTATION_CONTEXT ( 'NONE', 'WORKASPACE' ) );
#187 =( NAMED_UNIT ( * ) SI_UNIT ( $, .STERADIAN. ) SOLID_ANGLE_UNIT ( ) );
#188 = VECTOR ( 'NONE', #287, 1000.000000000000000 ) ;
#189 = FILL_AREA_STYLE ('',( #779 ) ) ;
#190 = APPLICATION_CONTEXT ( 'automotive_design' ) ;
#191 = ORIENTED_EDGE ( 'NONE', *, *, #1130, .T. ) ;
#192 = FACE_OUTER_BOUND ( 'NONE', #420, .T. ) ;
#193 = AXIS2_PLACEMENT_3D ( 'NONE', #341, #808, #217 ) ;
#194 = EDGE_LOOP ( 'NONE', ( #1494, #1392, #295, #1231, #1375, #1106, #715, #805 ) ) ;
#195 = SURFACE_SIDE_STYLE ('',( #784 ) ) ;
#196 = SURFACE_STYLE_USAGE ( .BOTH. , #1352 ) ;
#197 = EDGE_CURVE ( 'NONE', #39, #891, #1275, .T. ) ;
#198 = PRODUCT_DEFINITION_SHAPE ( 'NONE', 'NONE',  #18 ) ;
#199 = ORIENTED_EDGE ( 'NONE', *, *, #462, .T. ) ;
#200 = VERTEX_POINT ( 'NONE', #211 ) ;
#201 = COLOUR_RGB ( '',0.9411764705882352811, 0.9411764705882352811, 0.9411764705882352811 ) ;
#202 = DIRECTION ( 'NONE',  ( 1.000000000000000000, 0.000000000000000000, -1.251002506714043540E-16 ) ) ;
#203 = UNCERTAINTY_MEASURE_WITH_UNIT (LENGTH_MEASURE( 1.000000000000000082E-05 ), #124, 'distance_accuracy_value', 'NONE');
#204 = FILL_AREA_STYLE_COLOUR ( '', #1246 ) ;
#205 = DIRECTION ( 'NONE',  ( -1.000000000000000000, 0.000000000000000000, -1.000802005371234240E-15 ) ) ;
#206 = EDGE_CURVE ( 'NONE', #821, #412, #415, .T. ) ;
#207 = FILL_AREA_STYLE ('',( #1295 ) ) ;
#208 = ORIENTED_EDGE ( 'NONE', *, *, #800, .T. ) ;
#209 = SURFACE_STYLE_USAGE ( .BOTH. , #937 ) ;
#210 = SURFACE_STYLE_USAGE ( .BOTH. , #1175 ) ;
#211 = CARTESIAN_POINT ( 'NONE',  ( 1.750000000000000444, 0.000000000000000000, -0.3499999999999999778 ) ) ;
#212 = ORIENTED_EDGE ( 'NONE', *, *, #793, .F. ) ;
#213 = ORIENTED_EDGE ( 'NONE', *, *, #560, .T. ) ;
#214 = DIRECTION ( 'NONE',  ( -1.000000000000000000, 0.000000000000000000, 0.000000000000000000 ) ) ;
#215 = COLOUR_RGB ( '',0.9411764705882352811, 0.9411764705882352811, 0.9411764705882352811 ) ;
#216 = CARTESIAN_POINT ( 'NONE',  ( 1.500000000000000000, 0.3750000000000000000, 1.000000000000000000 ) ) ;
#217 = DIRECTION ( 'NONE',  ( 0.000000000000000000, 0.000000000000000000, 1.000000000000000000 ) ) ;
#218 = DIRECTION ( 'NONE',  ( -3.336006684570783101E-16, 0.000000000000000000, -1.000000000000000000 ) ) ;
#219 = ORIENTED_EDGE ( 'NONE', *, *, #487, .T. ) ;
#220 = CIRCLE ( 'NONE', #93, 0.4249999999999999889 ) ;
#221 = EDGE_LOOP ( 'NONE', ( #1243, #260, #778, #983, #1471 ) ) ;
#222 = EDGE_CURVE ( 'NONE', #427, #1218, #220, .T. ) ;
#223 = FACE_OUTER_BOUND ( 'NONE', #1340, .T. ) ;
#224 = CARTESIAN_POINT ( 'NONE',  ( 1.425000000000000266, -0.04000000000000000083, 0.6500000000000000222 ) ) ;
#225 = FACE_OUTER_BOUND ( 'NONE', #632, .T. ) ;
#226 = ORIENTED_EDGE ( 'NONE', *, *, #1068, .F. ) ;
#227 = ORIENTED_EDGE ( 'NONE', *, *, #1283, .T. ) ;
#228 = CARTESIAN_POINT ( 'NONE',  ( 1.250000000000000222, -0.04000000000000000083, 0.9999999999999995559 ) ) ;
#229 = CARTESIAN_POINT ( 'NONE',  ( -1.424999999999999822, -0.04000000000000000083, 0.6500000000000002442 ) ) ;
#230 = DIRECTION ( 'NONE',  ( -1.000000000000000000, 0.000000000000000000, 0.000000000000000000 ) ) ;
#231 = VECTOR ( 'NONE', #1049, 1000.000000000000000 ) ;
#232 = ORIENTED_EDGE ( 'NONE', *, *, #642, .T. ) ;
#233 = DIRECTION ( 'NONE',  ( 0.000000000000000000, 0.000000000000000000, 1.000000000000000000 ) ) ;
#234 = FILL_AREA_STYLE_COLOUR ( '', #577 ) ;
#235 = SURFACE_STYLE_FILL_AREA ( #1280 ) ;
#236 = STYLED_ITEM ( 'NONE', ( #943 ), #579 ) ;
#237 = LINE ( 'NONE', #920, #934 ) ;
#238 = CARTESIAN_POINT ( 'NONE',  ( 1.425000000000000266, -0.04000000000000000083, 0.6500000000000000222 ) ) ;
#239 = ADVANCED_FACE ( 'NONE', ( #1520 ), #799, .T. ) ;
#240 = COLOUR_RGB ( '',0.9411764705882352811, 0.9411764705882352811, 0.9411764705882352811 ) ;
#241 = SURFACE_STYLE_FILL_AREA ( #466 ) ;
#242 = VERTEX_POINT ( 'NONE', #809 ) ;
#243 = DIRECTION ( 'NONE',  ( 0.000000000000000000, 1.000000000000000000, 0.000000000000000000 ) ) ;
#244 = SURFACE_STYLE_USAGE ( .BOTH. , #603 ) ;
#245 = CARTESIAN_POINT ( 'NONE',  ( 1.749999999999999778, -0.04000000000000000083, -0.6500000000000000222 ) ) ;
#246 = VECTOR ( 'NONE', #1084, 1000.000000000000000 ) ;
#247 = EDGE_CURVE ( 'NONE', #1152, #1096, #2, .T. ) ;
#248 = ORIENTED_EDGE ( 'NONE', *, *, #401, .T. ) ;
#249 = DIRECTION ( 'NONE',  ( 0.000000000000000000, 1.000000000000000000, 0.000000000000000000 ) ) ;
#250 = FILL_AREA_STYLE_COLOUR ( '', #1353 ) ;
#251 =( NAMED_UNIT ( * ) PLANE_ANGLE_UNIT ( ) SI_UNIT ( $, .RADIAN. ) );
#252 = VECTOR ( 'NONE', #1273, 1000.000000000000000 ) ;
#253 = ORIENTED_EDGE ( 'NONE', *, *, #1490, .F. ) ;
#254 = VECTOR ( 'NONE', #949, 1000.000000000000000 ) ;
#255 = DIRECTION ( 'NONE',  ( 0.000000000000000000, 0.000000000000000000, -1.000000000000000000 ) ) ;
#256 = UNCERTAINTY_MEASURE_WITH_UNIT (LENGTH_MEASURE( 1.000000000000000082E-05 ), #574, 'distance_accuracy_value', 'NONE');
#257 = LINE ( 'NONE', #768, #1504 ) ;
#258 = VECTOR ( 'NONE', #825, 1000.000000000000000 ) ;
#259 = PRESENTATION_LAYER_ASSIGNMENT (  '', '', ( #1204 ) ) ;
#260 = ORIENTED_EDGE ( 'NONE', *, *, #672, .T. ) ;
#261 = PRESENTATION_STYLE_ASSIGNMENT (( #136 ) ) ;
#262 = EDGE_CURVE ( 'NONE', #1174, #1438, #472, .T. ) ;
#263 = DIRECTION ( 'NONE',  ( 0.000000000000000000, 1.000000000000000000, 0.000000000000000000 ) ) ;
#264 = DIRECTION ( 'NONE',  ( 1.000000000000000000, 0.000000000000000000, -1.251002506714043540E-16 ) ) ;
#265 = DIRECTION ( 'NONE',  ( 1.000000000000000000, 0.000000000000000000, -0.000000000000000000 ) ) ;
#266 = ORIENTED_EDGE ( 'NONE', *, *, #763, .T. ) ;
#267 = CARTESIAN_POINT ( 'NONE',  ( 1.500000000000000000, 0.3750000000000000000, -1.000000000000000000 ) ) ;
#268 = LINE ( 'NONE', #493, #649 ) ;
#269 = CARTESIAN_POINT ( 'NONE',  ( -1.249999999999999778, -0.04000000000000000083, 0.9999999999999997780 ) ) ;
#270 = DIRECTION ( 'NONE',  ( -0.000000000000000000, 1.000000000000000000, -0.000000000000000000 ) ) ;
#271 = FILL_AREA_STYLE_COLOUR ( '', #339 ) ;
#272 = CARTESIAN_POINT ( 'NONE',  ( 1.425000000000000266, -0.04000000000000000083, -0.6500000000000000222 ) ) ;
#273 = VECTOR ( 'NONE', #64, 1000.000000000000000 ) ;
#274 = ORIENTED_EDGE ( 'NONE', *, *, #719, .T. ) ;
#275 = ORIENTED_EDGE ( 'NONE', *, *, #922, .T. ) ;
#276 = CARTESIAN_POINT ( 'NONE',  ( 1.300000000000000266, 0.3750000000000000000, 0.7999999999999997113 ) ) ;
#277 =( GEOMETRIC_REPRESENTATION_CONTEXT ( 3 ) GLOBAL_UNCERTAINTY_ASSIGNED_CONTEXT ( ( #10 ) ) GLOBAL_UNIT_ASSIGNED_CONTEXT ( ( #597, #1446, #611 ) ) REPRESENTATION_CONTEXT ( 'NONE', 'WORKASPACE' ) );
#278 = PRESENTATION_STYLE_ASSIGNMENT (( #875 ) ) ;
#279 = PLANE ( 'NONE',  #844 ) ;
#280 = CARTESIAN_POINT ( 'NONE',  ( 1.750000000000000444, -0.04000000000000000083, -0.3499999999999999778 ) ) ;
#281 = DIRECTION ( 'NONE',  ( 0.000000000000000000, 0.000000000000000000, -1.000000000000000000 ) ) ;
#282 = DIRECTION ( 'NONE',  ( 1.000000000000000000, -0.000000000000000000, 0.000000000000000000 ) ) ;
#283 = VECTOR ( 'NONE', #862, 1000.000000000000000 ) ;
#284 = EDGE_LOOP ( 'NONE', ( #1229, #4, #1276, #467 ) ) ;
#285 = CARTESIAN_POINT ( 'NONE',  ( 1.500000000000000000, 0.000000000000000000, -1.000000000000000000 ) ) ;
#286 = VERTEX_POINT ( 'NONE', #1314 ) ;
#287 = DIRECTION ( 'NONE',  ( 0.000000000000000000, 0.000000000000000000, 1.000000000000000000 ) ) ;
#288 = UNCERTAINTY_MEASURE_WITH_UNIT (LENGTH_MEASURE( 1.000000000000000082E-05 ), #11, 'distance_accuracy_value', 'NONE');
#289 = CARTESIAN_POINT ( 'NONE',  ( -1.500000000000000000, 0.3750000000000000000, -1.000000000000000000 ) ) ;
#290 = VECTOR ( 'NONE', #1156, 1000.000000000000000 ) ;
#291 =( NAMED_UNIT ( * ) SI_UNIT ( $, .STERADIAN. ) SOLID_ANGLE_UNIT ( ) );
#292 = SURFACE_SIDE_STYLE ('',( #1135 ) ) ;
#293 = MECHANICAL_DESIGN_GEOMETRIC_PRESENTATION_REPRESENTATION (  '', ( #96 ), #22 ) ;
#294 = EDGE_CURVE ( 'NONE', #1016, #94, #569, .T. ) ;
#295 = ORIENTED_EDGE ( 'NONE', *, *, #1511, .T. ) ;
#296 = DIRECTION ( 'NONE',  ( 1.445602896647339706E-15, 0.000000000000000000, -1.000000000000000000 ) ) ;
#297 = AXIS2_PLACEMENT_3D ( 'NONE', #827, #23, #1422 ) ;
#298 = PLANE ( 'NONE',  #1414 ) ;
#299 = CARTESIAN_POINT ( 'NONE',  ( -1.500000000000000000, 0.000000000000000000, 0.6500000000000001332 ) ) ;
#300 = ORIENTED_EDGE ( 'NONE', *, *, #95, .F. ) ;
#301 = CARTESIAN_POINT ( 'NONE',  ( 1.300000000000000044, 0.3750000000000000000, -0.7999999999999994893 ) ) ;
#302 = ORIENTED_EDGE ( 'NONE', *, *, #822, .F. ) ;
#303 = CARTESIAN_POINT ( 'NONE',  ( 0.000000000000000000, 0.6500000000000000222, -0.4249999999999999889 ) ) ;
#304 = ADVANCED_FACE ( 'NONE', ( #839 ), #1177, .F. ) ;
#305 = VECTOR ( 'NONE', #1164, 1000.000000000000000 ) ;
#306 = EDGE_LOOP ( 'NONE', ( #391, #253, #491, #393 ) ) ;
#307 = VECTOR ( 'NONE', #1413, 1000.000000000000000 ) ;
#308 = ORIENTED_EDGE ( 'NONE', *, *, #510, .T. ) ;
#309 = FILL_AREA_STYLE_COLOUR ( '', #830 ) ;
#310 = EDGE_CURVE ( 'NONE', #991, #506, #450, .T. ) ;
#311 = CARTESIAN_POINT ( 'NONE',  ( -1.500000000000000000, 0.000000000000000000, 1.000000000000000000 ) ) ;
#312 = VERTEX_POINT ( 'NONE', #357 ) ;
#313 = DIRECTION ( 'NONE',  ( 1.000000000000000000, 0.000000000000000000, 0.000000000000000000 ) ) ;
#314 = ORIENTED_EDGE ( 'NONE', *, *, #1532, .T. ) ;
#315 = STYLED_ITEM ( 'NONE', ( #1377 ), #1021 ) ;
#316 = SURFACE_STYLE_USAGE ( .BOTH. , #1023 ) ;
#317 = EDGE_CURVE ( 'NONE', #933, #1147, #477, .T. ) ;
#318 = SURFACE_SIDE_STYLE ('',( #1136 ) ) ;
#319 = EDGE_CURVE ( 'NONE', #473, #1241, #128, .T. ) ;
#320 = ORIENTED_EDGE ( 'NONE', *, *, #1188, .F. ) ;
#321 = EDGE_LOOP ( 'NONE', ( #1028, #1271, #300, #103 ) ) ;
#322 = FILL_AREA_STYLE_COLOUR ( '', #1480 ) ;
#323 = CARTESIAN_POINT ( 'NONE',  ( 0.000000000000000000, -0.04000000000000000083, 0.000000000000000000 ) ) ;
#324 = VECTOR ( 'NONE', #1170, 1000.000000000000000 ) ;
#325 = CARTESIAN_POINT ( 'NONE',  ( 1.700000000000000400, -0.04000000000000000083, 0.3499999999999999778 ) ) ;
#326 = SURFACE_SIDE_STYLE ('',( #1148 ) ) ;
#327 = VECTOR ( 'NONE', #385, 1000.000000000000000 ) ;
#328 = EDGE_CURVE ( 'NONE', #828, #286, #1536, .T. ) ;
#329 = ORIENTED_EDGE ( 'NONE', *, *, #1014, .F. ) ;
#330 =( NAMED_UNIT ( * ) PLANE_ANGLE_UNIT ( ) SI_UNIT ( $, .RADIAN. ) );
#331 = EDGE_LOOP ( 'NONE', ( #219, #232, #1033, #696 ) ) ;
#332 = CARTESIAN_POINT ( 'NONE',  ( 1.500000000000000000, 0.3750000000000000000, 1.000000000000000000 ) ) ;
#333 = STYLED_ITEM ( 'NONE', ( #1053 ), #1363 ) ;
#334 = LINE ( 'NONE', #816, #324 ) ;
#335 = CARTESIAN_POINT ( 'NONE',  ( 1.300000000000000044, 0.3350000000000000200, -0.7999999999999994893 ) ) ;
#336 = ORIENTED_EDGE ( 'NONE', *, *, #702, .T. ) ;
#337 = VERTEX_POINT ( 'NONE', #335 ) ;
#338 = CARTESIAN_POINT ( 'NONE',  ( 5.204748896376250699E-17, 0.6500000000000000222, 0.4249999999999999889 ) ) ;
#339 = COLOUR_RGB ( '',0.9411764705882352811, 0.9411764705882352811, 0.9411764705882352811 ) ;
#340 = DIRECTION ( 'NONE',  ( -1.000000000000000000, 0.000000000000000000, 0.000000000000000000 ) ) ;
#341 = CARTESIAN_POINT ( 'NONE',  ( 1.500000000000000000, 0.3750000000000000000, 1.000000000000000000 ) ) ;
#342 = LINE ( 'NONE', #1056, #523 ) ;
#343 = MECHANICAL_DESIGN_GEOMETRIC_PRESENTATION_REPRESENTATION (  '', ( #608 ), #1371 ) ;
#344 = CARTESIAN_POINT ( 'NONE',  ( -1.700000000000000400, -0.04000000000000000083, -0.3499999999999995892 ) ) ;
#345 = EDGE_LOOP ( 'NONE', ( #1357, #1478, #1444, #790 ) ) ;
#346 = CARTESIAN_POINT ( 'NONE',  ( -1.500000000000000000, 0.3750000000000000000, 1.000000000000000000 ) ) ;
#347 = ADVANCED_FACE ( 'NONE', ( #225 ), #117, .F. ) ;
#348 = SURFACE_STYLE_FILL_AREA ( #561 ) ;
#349 = AXIS2_PLACEMENT_3D ( 'NONE', #982, #990, #296 ) ;
#350 = CARTESIAN_POINT ( 'NONE',  ( -1.500000000000000000, 0.000000000000000000, 1.000000000000000000 ) ) ;
#351 = PRESENTATION_STYLE_ASSIGNMENT (( #952 ) ) ;
#352 = ORIENTED_EDGE ( 'NONE', *, *, #317, .T. ) ;
#353 =( LENGTH_UNIT ( ) NAMED_UNIT ( * ) SI_UNIT ( .MILLI., .METRE. ) );
#354 = CARTESIAN_POINT ( 'NONE',  ( -1.424999999999999822, -0.04000000000000000083, 0.6500000000000002442 ) ) ;
#355 = MECHANICAL_DESIGN_GEOMETRIC_PRESENTATION_REPRESENTATION (  '', ( #547 ), #90 ) ;
#356 = EDGE_CURVE ( 'NONE', #941, #781, #591, .T. ) ;
#357 = CARTESIAN_POINT ( 'NONE',  ( -1.299999999999999822, 0.3750000000000000000, 0.8000000000000001554 ) ) ;
#358 = STYLED_ITEM ( 'NONE', ( #1048 ), #304 ) ;
#359 = ORIENTED_EDGE ( 'NONE', *, *, #800, .F. ) ;
#360 = DIRECTION ( 'NONE',  ( 0.000000000000000000, 0.000000000000000000, 1.000000000000000000 ) ) ;
#361 = FACE_OUTER_BOUND ( 'NONE', #66, .T. ) ;
#362 = DIRECTION ( 'NONE',  ( -0.000000000000000000, -1.000000000000000000, -0.000000000000000000 ) ) ;
#363 = CARTESIAN_POINT ( 'NONE',  ( 0.000000000000000000, 0.000000000000000000, 0.000000000000000000 ) ) ;
#364 = MECHANICAL_DESIGN_GEOMETRIC_PRESENTATION_REPRESENTATION (  '', ( #1031 ), #690 ) ;
#365 = FILL_AREA_STYLE_COLOUR ( '', #481 ) ;
#366 = EDGE_CURVE ( 'NONE', #541, #131, #940, .T. ) ;
#367 = ORIENTED_EDGE ( 'NONE', *, *, #616, .T. ) ;
#368 = PLANE ( 'NONE',  #1195 ) ;
#369 = DIRECTION ( 'NONE',  ( -6.195440985631454331E-16, 0.000000000000000000, -1.000000000000000000 ) ) ;
#370 = FILL_AREA_STYLE ('',( #1467 ) ) ;
#371 = CARTESIAN_POINT ( 'NONE',  ( -1.749999999999999778, 0.000000000000000000, -0.6500000000000000222 ) ) ;
#372 = VECTOR ( 'NONE', #753, 1000.000000000000000 ) ;
#373 = EDGE_CURVE ( 'NONE', #1147, #897, #342, .T. ) ;
#374 = ORIENTED_EDGE ( 'NONE', *, *, #401, .F. ) ;
#375 = CARTESIAN_POINT ( 'NONE',  ( 1.250000000000000000, -0.04000000000000000083, -0.9999999999999995559 ) ) ;
#376 = VECTOR ( 'NONE', #1272, 1000.000000000000000 ) ;
#377 = PRESENTATION_STYLE_ASSIGNMENT (( #463 ) ) ;
#378 = CARTESIAN_POINT ( 'NONE',  ( 1.425000000000000266, -0.04000000000000000083, -0.6500000000000000222 ) ) ;
#379 = DIRECTION ( 'NONE',  ( 0.000000000000000000, -0.000000000000000000, 1.000000000000000000 ) ) ;
#380 = CIRCLE ( 'NONE', #1200, 0.4249999999999999889 ) ;
#381 = SURFACE_SIDE_STYLE ('',( #872 ) ) ;
#382 =( GEOMETRIC_REPRESENTATION_CONTEXT ( 3 ) GLOBAL_UNCERTAINTY_ASSIGNED_CONTEXT ( ( #1457 ) ) GLOBAL_UNIT_ASSIGNED_CONTEXT ( ( #739, #610, #1190 ) ) REPRESENTATION_CONTEXT ( 'NONE', 'WORKASPACE' ) );
#383 = EDGE_LOOP ( 'NONE', ( #460, #248, #172, #1326, #811, #320, #447, #81 ) ) ;
#384 = PLANE ( 'NONE',  #550 ) ;
#385 = DIRECTION ( 'NONE',  ( 1.445602896647339311E-15, 0.000000000000000000, -1.000000000000000000 ) ) ;
#386 = PRESENTATION_STYLE_ASSIGNMENT (( #1458 ) ) ;
#387 = CARTESIAN_POINT ( 'NONE',  ( 1.300000000000000044, 0.3350000000000000200, -0.7999999999999994893 ) ) ;
#388 = AXIS2_PLACEMENT_3D ( 'NONE', #847, #600, #265 ) ;
#389 = SURFACE_SIDE_STYLE ('',( #988 ) ) ;
#390 =( NAMED_UNIT ( * ) PLANE_ANGLE_UNIT ( ) SI_UNIT ( $, .RADIAN. ) );
#391 = ORIENTED_EDGE ( 'NONE', *, *, #1144, .F. ) ;
#392 = DIRECTION ( 'NONE',  ( 0.000000000000000000, 1.000000000000000000, 0.000000000000000000 ) ) ;
#393 = ORIENTED_EDGE ( 'NONE', *, *, #328, .T. ) ;
#394 = LINE ( 'NONE', #78, #1093 ) ;
#395 = EDGE_CURVE ( 'NONE', #781, #473, #1420, .T. ) ;
#396 = CARTESIAN_POINT ( 'NONE',  ( -1.700000000000000400, 0.000000000000000000, -0.3499999999999995892 ) ) ;
#397 = ORIENTED_EDGE ( 'NONE', *, *, #693, .F. ) ;
#398 = FACE_OUTER_BOUND ( 'NONE', #383, .T. ) ;
#399 = MECHANICAL_DESIGN_GEOMETRIC_PRESENTATION_REPRESENTATION (  '', ( #444 ), #855 ) ;
#400 = CARTESIAN_POINT ( 'NONE',  ( 0.000000000000000000, -0.04000000000000000083, 0.000000000000000000 ) ) ;
#401 = EDGE_CURVE ( 'NONE', #903, #1438, #1350, .T. ) ;
#402 = VERTEX_POINT ( 'NONE', #276 ) ;
#403 = CARTESIAN_POINT ( 'NONE',  ( -1.750000000000000000, -0.04000000000000000083, 0.6500000000000000222 ) ) ;
#404 = ORIENTED_EDGE ( 'NONE', *, *, #366, .T. ) ;
#405 = FILL_AREA_STYLE ('',( #1464 ) ) ;
#406 = DIRECTION ( 'NONE',  ( -0.000000000000000000, -1.000000000000000000, -0.000000000000000000 ) ) ;
#407 = CARTESIAN_POINT ( 'NONE',  ( -1.249999999999999778, -0.04000000000000000083, 0.9999999999999997780 ) ) ;
#408 = EDGE_CURVE ( 'NONE', #112, #1462, #1107, .T. ) ;
#409 = ORIENTED_EDGE ( 'NONE', *, *, #1068, .T. ) ;
#410 = FILL_AREA_STYLE ('',( #40 ) ) ;
#411 = VECTOR ( 'NONE', #340, 1000.000000000000000 ) ;
#412 = VERTEX_POINT ( 'NONE', #48 ) ;
#413 = MECHANICAL_DESIGN_GEOMETRIC_PRESENTATION_REPRESENTATION (  '', ( #774 ), #820 ) ;
#414 = SURFACE_SIDE_STYLE ('',( #1236 ) ) ;
#415 = LINE ( 'NONE', #311, #290 ) ;
#416 = ORIENTED_EDGE ( 'NONE', *, *, #1194, .F. ) ;
#417 = DIRECTION ( 'NONE',  ( 0.000000000000000000, 0.000000000000000000, -1.000000000000000000 ) ) ;
#418 =( GEOMETRIC_REPRESENTATION_CONTEXT ( 3 ) GLOBAL_UNCERTAINTY_ASSIGNED_CONTEXT ( ( #1382 ) ) GLOBAL_UNIT_ASSIGNED_CONTEXT ( ( #631, #1097, #1242 ) ) REPRESENTATION_CONTEXT ( 'NONE', 'WORKASPACE' ) );
#419 = EDGE_CURVE ( 'NONE', #1066, #112, #509, .T. ) ;
#420 = EDGE_LOOP ( 'NONE', ( #440, #1346, #1476, #936 ) ) ;
#421 = UNCERTAINTY_MEASURE_WITH_UNIT (LENGTH_MEASURE( 1.000000000000000082E-05 ), #1300, 'distance_accuracy_value', 'NONE');
#422 = VECTOR ( 'NONE', #878, 1000.000000000000000 ) ;
#423 = MECHANICAL_DESIGN_GEOMETRIC_PRESENTATION_REPRESENTATION (  '', ( #807 ), #277 ) ;
#424 = PRESENTATION_STYLE_ASSIGNMENT (( #178 ) ) ;
#425 = CARTESIAN_POINT ( 'NONE',  ( -1.000802005371234018E-16, 0.3350000000000000200, -0.7999999999999993783 ) ) ;
#426 = STYLED_ITEM ( 'NONE', ( #901 ), #8 ) ;
#427 = VERTEX_POINT ( 'NONE', #1232 ) ;
#428 = PRESENTATION_LAYER_ASSIGNMENT (  '', '', ( #547 ) ) ;
#429 = ORIENTED_EDGE ( 'NONE', *, *, #680, .F. ) ;
#430 = PRESENTATION_STYLE_ASSIGNMENT (( #316 ) ) ;
#431 = COLOUR_RGB ( '',0.4392156862745097978, 0.4392156862745097978, 0.4392156862745097978 ) ;
#432 = COLOUR_RGB ( '',0.4392156862745097978, 0.4392156862745097978, 0.4392156862745097978 ) ;
#433 =( NAMED_UNIT ( * ) PLANE_ANGLE_UNIT ( ) SI_UNIT ( $, .RADIAN. ) );
#434 = ORIENTED_EDGE ( 'NONE', *, *, #310, .T. ) ;
#435 = LINE ( 'NONE', #228, #1235 ) ;
#436 = EDGE_CURVE ( 'NONE', #473, #821, #237, .T. ) ;
#437 = CARTESIAN_POINT ( 'NONE',  ( -1.250000000000000000, -0.04000000000000000083, -0.9999999999999993339 ) ) ;
#438 = PRESENTATION_STYLE_ASSIGNMENT (( #785 ) ) ;
#439 = LINE ( 'NONE', #110, #231 ) ;
#440 = ORIENTED_EDGE ( 'NONE', *, *, #560, .F. ) ;
#441 = VERTEX_POINT ( 'NONE', #443 ) ;
#442 = AXIS2_PLACEMENT_3D ( 'NONE', #1062, #5, #1430 ) ;
#443 = CARTESIAN_POINT ( 'NONE',  ( -1.750000000000000000, -0.04000000000000000083, 0.3500000000000004219 ) ) ;
#444 = STYLED_ITEM ( 'NONE', ( #894 ), #1262 ) ;
#445 = DIRECTION ( 'NONE',  ( 0.000000000000000000, 1.000000000000000000, 0.000000000000000000 ) ) ;
#446 = ORIENTED_EDGE ( 'NONE', *, *, #1161, .F. ) ;
#447 = ORIENTED_EDGE ( 'NONE', *, *, #750, .T. ) ;
#448 = VECTOR ( 'NONE', #944, 1000.000000000000000 ) ;
#449 = VECTOR ( 'NONE', #691, 1000.000000000000000 ) ;
#450 = LINE ( 'NONE', #694, #575 ) ;
#451 = EDGE_CURVE ( 'NONE', #1201, #1538, #1491, .T. ) ;
#452 = EDGE_LOOP ( 'NONE', ( #314, #88, #102, #1159 ) ) ;
#453 = PLANE ( 'NONE',  #134 ) ;
#454 = MECHANICAL_DESIGN_GEOMETRIC_PRESENTATION_REPRESENTATION (  '', ( #315 ), #1389 ) ;
#455 =( LENGTH_UNIT ( ) NAMED_UNIT ( * ) SI_UNIT ( .MILLI., .METRE. ) );
#456 = CARTESIAN_POINT ( 'NONE',  ( 0.000000000000000000, 0.6500000000000000222, 0.000000000000000000 ) ) ;
#457 = CARTESIAN_POINT ( 'NONE',  ( 1.700000000000000400, -0.04000000000000000083, -0.3499999999999999778 ) ) ;
#458 = CARTESIAN_POINT ( 'NONE',  ( -1.425000000000000266, 0.000000000000000000, -0.6499999999999996891 ) ) ;
#459 = LINE ( 'NONE', #1180, #1466 ) ;
#460 = ORIENTED_EDGE ( 'NONE', *, *, #974, .T. ) ;
#461 = SURFACE_STYLE_USAGE ( .BOTH. , #843 ) ;
#462 = EDGE_CURVE ( 'NONE', #1201, #828, #1372, .T. ) ;
#463 = SURFACE_STYLE_USAGE ( .BOTH. , #17 ) ;
#464 = DIRECTION ( 'NONE',  ( -1.000000000000000000, 0.000000000000000000, 0.000000000000000000 ) ) ;
#465 = PRESENTATION_LAYER_ASSIGNMENT (  '', '', ( #727 ) ) ;
#466 = FILL_AREA_STYLE ('',( #365 ) ) ;
#467 = ORIENTED_EDGE ( 'NONE', *, *, #31, .T. ) ;
#468 = PLANE ( 'NONE',  #909 ) ;
#469 = LINE ( 'NONE', #354, #254 ) ;
#470 = PRESENTATION_LAYER_ASSIGNMENT (  '', '', ( #236 ) ) ;
#471 = EDGE_CURVE ( 'NONE', #1015, #412, #1, .T. ) ;
#472 = LINE ( 'NONE', #826, #837 ) ;
#473 = VERTEX_POINT ( 'NONE', #299 ) ;
#474 = CARTESIAN_POINT ( 'NONE',  ( 0.000000000000000000, 0.3350000000000000200, 0.000000000000000000 ) ) ;
#475 = VECTOR ( 'NONE', #907, 1000.000000000000000 ) ;
#476 = FILL_AREA_STYLE ('',( #589 ) ) ;
#477 = LINE ( 'NONE', #718, #115 ) ;
#478 = CARTESIAN_POINT ( 'NONE',  ( 0.000000000000000000, 0.3750000000000000000, 0.000000000000000000 ) ) ;
#479 =( GEOMETRIC_REPRESENTATION_CONTEXT ( 3 ) GLOBAL_UNCERTAINTY_ASSIGNED_CONTEXT ( ( #1129 ) ) GLOBAL_UNIT_ASSIGNED_CONTEXT ( ( #455, #942, #552 ) ) REPRESENTATION_CONTEXT ( 'NONE', 'WORKASPACE' ) );
#480 = EDGE_CURVE ( 'NONE', #622, #1104, #1176, .T. ) ;
#481 = COLOUR_RGB ( '',0.9411764705882352811, 0.9411764705882352811, 0.9411764705882352811 ) ;
#482 = EDGE_LOOP ( 'NONE', ( #788, #1410, #1081, #1514 ) ) ;
#483 = DIRECTION ( 'NONE',  ( 0.000000000000000000, 0.000000000000000000, -1.000000000000000000 ) ) ;
#484 = CARTESIAN_POINT ( 'NONE',  ( -1.700000000000000400, -0.04000000000000000083, -0.3499999999999995892 ) ) ;
#485 = APPLICATION_CONTEXT ( 'automotive_design' ) ;
#486 = VECTOR ( 'NONE', #1230, 1000.000000000000000 ) ;
#487 = EDGE_CURVE ( 'NONE', #681, #1379, #1535, .T. ) ;
#488 =( LENGTH_UNIT ( ) NAMED_UNIT ( * ) SI_UNIT ( .MILLI., .METRE. ) );
#489 = PLANE ( 'NONE',  #13 ) ;
#490 = VECTOR ( 'NONE', #1041, 1000.000000000000000 ) ;
#491 = ORIENTED_EDGE ( 'NONE', *, *, #793, .T. ) ;
#492 = PRESENTATION_STYLE_ASSIGNMENT (( #461 ) ) ;
#493 = CARTESIAN_POINT ( 'NONE',  ( 1.425000000000000266, 0.000000000000000000, 0.6500000000000000222 ) ) ;
#494 = PRESENTATION_STYLE_ASSIGNMENT (( #1215 ) ) ;
#495 = FACE_OUTER_BOUND ( 'NONE', #1018, .T. ) ;
#496 = CIRCLE ( 'NONE', #655, 0.4249999999999999889 ) ;
#497 = DIRECTION ( 'NONE',  ( -1.000000000000000000, 0.000000000000000000, 0.000000000000000000 ) ) ;
#498 = AXIS2_PLACEMENT_3D ( 'NONE', #850, #243, #595 ) ;
#499 = ORIENTED_EDGE ( 'NONE', *, *, #1354, .T. ) ;
#500 = SURFACE_STYLE_FILL_AREA ( #42 ) ;
#501 = DIRECTION ( 'NONE',  ( 0.000000000000000000, 1.000000000000000000, 0.000000000000000000 ) ) ;
#502 = MECHANICAL_DESIGN_GEOMETRIC_PRESENTATION_REPRESENTATION (  '', ( #771 ), #479 ) ;
#503 = LINE ( 'NONE', #1459, #1415 ) ;
#504 = SURFACE_SIDE_STYLE ('',( #1003 ) ) ;
#505 = CARTESIAN_POINT ( 'NONE',  ( 1.425000000000000266, -0.04000000000000000083, 0.6500000000000000222 ) ) ;
#506 = VERTEX_POINT ( 'NONE', #437 ) ;
#507 = SURFACE_STYLE_FILL_AREA ( #410 ) ;
#508 = ORIENTED_EDGE ( 'NONE', *, *, #948, .T. ) ;
#509 = LINE ( 'NONE', #853, #1131 ) ;
#510 = EDGE_CURVE ( 'NONE', #999, #1373, #496, .T. ) ;
#511 = UNCERTAINTY_MEASURE_WITH_UNIT (LENGTH_MEASURE( 1.000000000000000082E-05 ), #1058, 'distance_accuracy_value', 'NONE');
#512 = DIRECTION ( 'NONE',  ( 1.355252715606881282E-16, -0.000000000000000000, 1.000000000000000000 ) ) ;
#513 = VERTEX_POINT ( 'NONE', #711 ) ;
#514 = STYLED_ITEM ( 'NONE', ( #182 ), #869 ) ;
#515 = DIRECTION ( 'NONE',  ( -6.195440985631454331E-16, 0.000000000000000000, -1.000000000000000000 ) ) ;
#516 = EDGE_LOOP ( 'NONE', ( #508, #397, #1052, #1061 ) ) ;
#517 = VECTOR ( 'NONE', #137, 1000.000000000000000 ) ;
#518 = CARTESIAN_POINT ( 'NONE',  ( 1.500000000000000000, 0.3750000000000000000, 1.000000000000000000 ) ) ;
#519 = LINE ( 'NONE', #1267, #962 ) ;
#520 = CARTESIAN_POINT ( 'NONE',  ( 1.700000000000000400, 0.000000000000000000, 0.3499999999999999778 ) ) ;
#521 = ADVANCED_FACE ( 'NONE', ( #1405 ), #1293, .F. ) ;
#522 =( LENGTH_UNIT ( ) NAMED_UNIT ( * ) SI_UNIT ( .MILLI., .METRE. ) );
#523 = VECTOR ( 'NONE', #831, 1000.000000000000000 ) ;
#524 = ORIENTED_EDGE ( 'NONE', *, *, #750, .F. ) ;
#525 = DIRECTION ( 'NONE',  ( 1.000000000000000000, -0.000000000000000000, 0.000000000000000000 ) ) ;
#526 = ORIENTED_EDGE ( 'NONE', *, *, #197, .F. ) ;
#527 = CARTESIAN_POINT ( 'NONE',  ( 1.000802005371234758E-16, 0.3350000000000000200, 0.7999999999999999334 ) ) ;
#528 = UNCERTAINTY_MEASURE_WITH_UNIT (LENGTH_MEASURE( 1.000000000000000082E-05 ), #1076, 'distance_accuracy_value', 'NONE');
#529 = CARTESIAN_POINT ( 'NONE',  ( -1.699999999999999956, -0.04000000000000000083, 0.3500000000000004219 ) ) ;
#530 = CARTESIAN_POINT ( 'NONE',  ( 0.000000000000000000, 0.3350000000000000200, 0.000000000000000000 ) ) ;
#531 = CARTESIAN_POINT ( 'NONE',  ( -1.750000000000000444, -0.04000000000000000083, -0.3499999999999995892 ) ) ;
#532 = EDGE_CURVE ( 'NONE', #1098, #1429, #684, .T. ) ;
#533 = AXIS2_PLACEMENT_3D ( 'NONE', #864, #1103, #664 ) ;
#534 = DIRECTION ( 'NONE',  ( 0.000000000000000000, 1.000000000000000000, 0.000000000000000000 ) ) ;
#535 = ORIENTED_EDGE ( 'NONE', *, *, #571, .T. ) ;
#536 = DIRECTION ( 'NONE',  ( -1.000000000000000000, 0.000000000000000000, -1.000802005371236212E-15 ) ) ;
#537 = ORIENTED_EDGE ( 'NONE', *, *, #1194, .T. ) ;
#538 = CARTESIAN_POINT ( 'NONE',  ( -1.299999999999999822, 0.3350000000000000200, 0.8000000000000000444 ) ) ;
#539 =( LENGTH_UNIT ( ) NAMED_UNIT ( * ) SI_UNIT ( .MILLI., .METRE. ) );
#540 = EDGE_LOOP ( 'NONE', ( #674, #74 ) ) ;
#541 = VERTEX_POINT ( 'NONE', #224 ) ;
#542 =( NAMED_UNIT ( * ) SI_UNIT ( $, .STERADIAN. ) SOLID_ANGLE_UNIT ( ) );
#543 = UNCERTAINTY_MEASURE_WITH_UNIT (LENGTH_MEASURE( 1.000000000000000082E-05 ), #905, 'distance_accuracy_value', 'NONE');
#544 = LINE ( 'NONE', #229, #1378 ) ;
#545 = MECHANICAL_DESIGN_GEOMETRIC_PRESENTATION_REPRESENTATION (  '', ( #426 ), #89 ) ;
#546 = SURFACE_SIDE_STYLE ('',( #1492 ) ) ;
#547 = STYLED_ITEM ( 'NONE', ( #865 ), #588 ) ;
#548 = ORIENTED_EDGE ( 'NONE', *, *, #1227, .T. ) ;
#549 =( NAMED_UNIT ( * ) SI_UNIT ( $, .STERADIAN. ) SOLID_ANGLE_UNIT ( ) );
#550 = AXIS2_PLACEMENT_3D ( 'NONE', #716, #1328, #1336 ) ;
#551 = PRESENTATION_LAYER_ASSIGNMENT (  '', '', ( #358 ) ) ;
#552 =( NAMED_UNIT ( * ) SI_UNIT ( $, .STERADIAN. ) SOLID_ANGLE_UNIT ( ) );
#553 = LINE ( 'NONE', #1391, #76 ) ;
#554 = AXIS2_PLACEMENT_3D ( 'NONE', #425, #1010, #84 ) ;
#555 = FACE_OUTER_BOUND ( 'NONE', #687, .T. ) ;
#556 = ORIENTED_EDGE ( 'NONE', *, *, #642, .F. ) ;
#557 = ORIENTED_EDGE ( 'NONE', *, *, #206, .F. ) ;
#558 =( GEOMETRIC_REPRESENTATION_CONTEXT ( 3 ) GLOBAL_UNCERTAINTY_ASSIGNED_CONTEXT ( ( #185 ) ) GLOBAL_UNIT_ASSIGNED_CONTEXT ( ( #1092, #1344, #958 ) ) REPRESENTATION_CONTEXT ( 'NONE', 'WORKASPACE' ) );
#559 =( NAMED_UNIT ( * ) PLANE_ANGLE_UNIT ( ) SI_UNIT ( $, .RADIAN. ) );
#560 = EDGE_CURVE ( 'NONE', #1373, #999, #380, .T. ) ;
#561 = FILL_AREA_STYLE ('',( #581 ) ) ;
#562 = CARTESIAN_POINT ( 'NONE',  ( 0.000000000000000000, 0.6500000000000000222, 0.000000000000000000 ) ) ;
#563 =( LENGTH_UNIT ( ) NAMED_UNIT ( * ) SI_UNIT ( .MILLI., .METRE. ) );
#564 = ORIENTED_EDGE ( 'NONE', *, *, #247, .F. ) ;
#565 = ORIENTED_EDGE ( 'NONE', *, *, #436, .F. ) ;
#566 = DIRECTION ( 'NONE',  ( 1.000000000000000000, 0.000000000000000000, -0.000000000000000000 ) ) ;
#567 = VECTOR ( 'NONE', #1112, 1000.000000000000000 ) ;
#568 = SURFACE_STYLE_USAGE ( .BOTH. , #73 ) ;
#569 = LINE ( 'NONE', #245, #1238 ) ;
#570 = VECTOR ( 'NONE', #202, 1000.000000000000000 ) ;
#571 = EDGE_CURVE ( 'NONE', #513, #402, #1039, .T. ) ;
#572 =( NAMED_UNIT ( * ) PLANE_ANGLE_UNIT ( ) SI_UNIT ( $, .RADIAN. ) );
#573 = ORIENTED_EDGE ( 'NONE', *, *, #1316, .T. ) ;
#574 =( LENGTH_UNIT ( ) NAMED_UNIT ( * ) SI_UNIT ( .MILLI., .METRE. ) );
#575 = VECTOR ( 'NONE', #1070, 1000.000000000000000 ) ;
#576 = SURFACE_STYLE_USAGE ( .BOTH. , #1395 ) ;
#577 = COLOUR_RGB ( '',0.4392156862745097978, 0.4392156862745097978, 0.4392156862745097978 ) ;
#578 = DIRECTION ( 'NONE',  ( 0.000000000000000000, 1.000000000000000000, 0.000000000000000000 ) ) ;
#579 = ADVANCED_FACE ( 'NONE', ( #116 ), #489, .F. ) ;
#580 = ORIENTED_EDGE ( 'NONE', *, *, #95, .T. ) ;
#581 = FILL_AREA_STYLE_COLOUR ( '', #1437 ) ;
#582 =( LENGTH_UNIT ( ) NAMED_UNIT ( * ) SI_UNIT ( .MILLI., .METRE. ) );
#583 = CARTESIAN_POINT ( 'NONE',  ( 1.750000000000000444, -0.04000000000000000083, 0.3499999999999999778 ) ) ;
#584 = VECTOR ( 'NONE', #1435, 1000.000000000000000 ) ;
#585 = DIRECTION ( 'NONE',  ( -1.000000000000000000, 0.000000000000000000, 2.168404344971009262E-15 ) ) ;
#586 = ADVANCED_FACE ( 'NONE', ( #1339 ), #1087, .F. ) ;
#587 = ORIENTED_EDGE ( 'NONE', *, *, #1151, .T. ) ;
#588 = ADVANCED_FACE ( 'NONE', ( #32 ), #45, .F. ) ;
#589 = FILL_AREA_STYLE_COLOUR ( '', #1150 ) ;
#590 = MECHANICAL_DESIGN_GEOMETRIC_PRESENTATION_REPRESENTATION (  '', ( #109 ), #558 ) ;
#591 = LINE ( 'NONE', #1172, #976 ) ;
#592 = CARTESIAN_POINT ( 'NONE',  ( -1.425000000000000266, -0.04000000000000000083, -0.6499999999999996891 ) ) ;
#593 = SURFACE_STYLE_USAGE ( .BOTH. , #1428 ) ;
#594 = ORIENTED_EDGE ( 'NONE', *, *, #732, .T. ) ;
#595 = DIRECTION ( 'NONE',  ( 0.000000000000000000, -0.000000000000000000, 1.000000000000000000 ) ) ;
#596 = EDGE_CURVE ( 'NONE', #541, #622, #762, .T. ) ;
#597 =( LENGTH_UNIT ( ) NAMED_UNIT ( * ) SI_UNIT ( .MILLI., .METRE. ) );
#598 = CARTESIAN_POINT ( 'NONE',  ( -1.425000000000000266, -0.04000000000000000083, -0.6499999999999996891 ) ) ;
#599 = DIRECTION ( 'NONE',  ( 0.000000000000000000, 0.000000000000000000, -1.000000000000000000 ) ) ;
#600 = DIRECTION ( 'NONE',  ( 0.000000000000000000, 0.000000000000000000, 1.000000000000000000 ) ) ;
#601 = ORIENTED_EDGE ( 'NONE', *, *, #480, .F. ) ;
#602 = PLANE ( 'NONE',  #977 ) ;
#603 = SURFACE_SIDE_STYLE ('',( #1191 ) ) ;
#604 = STYLED_ITEM ( 'NONE', ( #1122 ), #132 ) ;
#605 = UNCERTAINTY_MEASURE_WITH_UNIT (LENGTH_MEASURE( 1.000000000000000082E-05 ), #1045, 'distance_accuracy_value', 'NONE');
#606 = EDGE_CURVE ( 'NONE', #53, #1524, #257, .T. ) ;
#607 = PRESENTATION_LAYER_ASSIGNMENT (  '', '', ( #1031 ) ) ;
#608 = STYLED_ITEM ( 'NONE', ( #351 ), #56 ) ;
#609 = VERTEX_POINT ( 'NONE', #986 ) ;
#610 =( NAMED_UNIT ( * ) PLANE_ANGLE_UNIT ( ) SI_UNIT ( $, .RADIAN. ) );
#611 =( NAMED_UNIT ( * ) SI_UNIT ( $, .STERADIAN. ) SOLID_ANGLE_UNIT ( ) );
#612 = DIRECTION ( 'NONE',  ( -1.000000000000000000, 0.000000000000000000, 0.000000000000000000 ) ) ;
#613 = DIRECTION ( 'NONE',  ( 1.000000000000000000, 0.000000000000000000, 0.000000000000000000 ) ) ;
#614 =( GEOMETRIC_REPRESENTATION_CONTEXT ( 3 ) GLOBAL_UNCERTAINTY_ASSIGNED_CONTEXT ( ( #759 ) ) GLOBAL_UNIT_ASSIGNED_CONTEXT ( ( #667, #330, #1146 ) ) REPRESENTATION_CONTEXT ( 'NONE', 'WORKASPACE' ) );
#615 = LINE ( 'NONE', #1468, #141 ) ;
#616 = EDGE_CURVE ( 'NONE', #1241, #1349, #1247, .T. ) ;
#617 =( LENGTH_UNIT ( ) NAMED_UNIT ( * ) SI_UNIT ( .MILLI., .METRE. ) );
#618 = FACE_OUTER_BOUND ( 'NONE', #194, .T. ) ;
#619 =( GEOMETRIC_REPRESENTATION_CONTEXT ( 3 ) GLOBAL_UNCERTAINTY_ASSIGNED_CONTEXT ( ( #1245 ) ) GLOBAL_UNIT_ASSIGNED_CONTEXT ( ( #656, #33, #1436 ) ) REPRESENTATION_CONTEXT ( 'NONE', 'WORKASPACE' ) );
#620 = VECTOR ( 'NONE', #1495, 1000.000000000000000 ) ;
#621 = VERTEX_POINT ( 'NONE', #598 ) ;
#622 = VERTEX_POINT ( 'NONE', #378 ) ;
#623 = DIRECTION ( 'NONE',  ( 1.355252715606881282E-16, -0.000000000000000000, 1.000000000000000000 ) ) ;
#624 = DIRECTION ( 'NONE',  ( 0.000000000000000000, 0.000000000000000000, -1.000000000000000000 ) ) ;
#625 = VECTOR ( 'NONE', #483, 1000.000000000000000 ) ;
#626 =( NAMED_UNIT ( * ) SI_UNIT ( $, .STERADIAN. ) SOLID_ANGLE_UNIT ( ) );
#627 = PRESENTATION_LAYER_ASSIGNMENT (  '', '', ( #1100 ) ) ;
#628 =( GEOMETRIC_REPRESENTATION_CONTEXT ( 3 ) GLOBAL_UNCERTAINTY_ASSIGNED_CONTEXT ( ( #723 ) ) GLOBAL_UNIT_ASSIGNED_CONTEXT ( ( #563, #929, #1259 ) ) REPRESENTATION_CONTEXT ( 'NONE', 'WORKASPACE' ) );
#629 = EDGE_CURVE ( 'NONE', #1098, #312, #992, .T. ) ;
#630 = ORIENTED_EDGE ( 'NONE', *, *, #859, .F. ) ;
#631 =( LENGTH_UNIT ( ) NAMED_UNIT ( * ) SI_UNIT ( .MILLI., .METRE. ) );
#632 = EDGE_LOOP ( 'NONE', ( #673, #1189, #434, #745, #91, #1367, #1290, #898 ) ) ;
#633 = CARTESIAN_POINT ( 'NONE',  ( 1.250000000000000222, 0.000000000000000000, 0.9999999999999995559 ) ) ;
#634 = DIRECTION ( 'NONE',  ( -0.000000000000000000, -1.000000000000000000, -0.000000000000000000 ) ) ;
#635 = LINE ( 'NONE', #520, #725 ) ;
#636 = PRESENTATION_LAYER_ASSIGNMENT (  '', '', ( #315 ) ) ;
#637 = DIRECTION ( 'NONE',  ( 0.000000000000000000, -1.000000000000000000, 0.000000000000000000 ) ) ;
#638 = ORIENTED_EDGE ( 'NONE', *, *, #1205, .T. ) ;
#639 = DIRECTION ( 'NONE',  ( -1.000000000000000000, 0.000000000000000000, -1.000802005371236212E-15 ) ) ;
#640 = ORIENTED_EDGE ( 'NONE', *, *, #1060, .T. ) ;
#641 = DIRECTION ( 'NONE',  ( 0.000000000000000000, 0.000000000000000000, -1.000000000000000000 ) ) ;
#642 = EDGE_CURVE ( 'NONE', #1379, #506, #1208, .T. ) ;
#643 = PLANE ( 'NONE',  #1319 ) ;
#644 = FACE_OUTER_BOUND ( 'NONE', #1501, .T. ) ;
#645 = EDGE_LOOP ( 'NONE', ( #336, #564, #1526, #738 ) ) ;
#646 = AXIS2_PLACEMENT_3D ( 'NONE', #101, #445, #1407 ) ;
#647 = CARTESIAN_POINT ( 'NONE',  ( 1.000802005371234758E-16, 0.3750000000000000000, 0.7999999999999999334 ) ) ;
#648 = VERTEX_POINT ( 'NONE', #1077 ) ;
#649 = VECTOR ( 'NONE', #255, 1000.000000000000000 ) ;
#650 = CARTESIAN_POINT ( 'NONE',  ( -1.750000000000000000, -0.04000000000000000083, 0.6500000000000000222 ) ) ;
#651 =( NAMED_UNIT ( * ) SI_UNIT ( $, .STERADIAN. ) SOLID_ANGLE_UNIT ( ) );
#652 = EDGE_CURVE ( 'NONE', #609, #337, #1224, .T. ) ;
#653 = FILL_AREA_STYLE ('',( #792 ) ) ;
#654 =( NAMED_UNIT ( * ) SI_UNIT ( $, .STERADIAN. ) SOLID_ANGLE_UNIT ( ) );
#655 = AXIS2_PLACEMENT_3D ( 'NONE', #456, #1013, #939 ) ;
#656 =( LENGTH_UNIT ( ) NAMED_UNIT ( * ) SI_UNIT ( .MILLI., .METRE. ) );
#657 = CARTESIAN_POINT ( 'NONE',  ( 1.425000000000000266, -0.04000000000000000083, -0.6500000000000000222 ) ) ;
#658 = ORIENTED_EDGE ( 'NONE', *, *, #462, .F. ) ;
#659 = STYLED_ITEM ( 'NONE', ( #492 ), #1398 ) ;
#660 = CARTESIAN_POINT ( 'NONE',  ( 0.000000000000000000, 0.000000000000000000, 0.000000000000000000 ) ) ;
#661 = ORIENTED_EDGE ( 'NONE', *, *, #719, .F. ) ;
#662 = LINE ( 'NONE', #1140, #188 ) ;
#663 = UNCERTAINTY_MEASURE_WITH_UNIT (LENGTH_MEASURE( 1.000000000000000082E-05 ), #945, 'distance_accuracy_value', 'NONE');
#664 = DIRECTION ( 'NONE',  ( -1.000000000000000000, 0.000000000000000000, -0.000000000000000000 ) ) ;
#665 = COLOUR_RGB ( '',0.9411764705882352811, 0.9411764705882352811, 0.9411764705882352811 ) ;
#666 = ORIENTED_EDGE ( 'NONE', *, *, #319, .T. ) ;
#667 =( LENGTH_UNIT ( ) NAMED_UNIT ( * ) SI_UNIT ( .MILLI., .METRE. ) );
#668 = VERTEX_POINT ( 'NONE', #148 ) ;
#669 =( NAMED_UNIT ( * ) PLANE_ANGLE_UNIT ( ) SI_UNIT ( $, .RADIAN. ) );
#670 = DIRECTION ( 'NONE',  ( -0.000000000000000000, -1.000000000000000000, -0.000000000000000000 ) ) ;
#671 = CARTESIAN_POINT ( 'NONE',  ( -1.299999999999999822, 0.3350000000000000200, 0.8000000000000000444 ) ) ;
#672 = EDGE_CURVE ( 'NONE', #897, #94, #37, .T. ) ;
#673 = ORIENTED_EDGE ( 'NONE', *, *, #262, .T. ) ;
#674 = ORIENTED_EDGE ( 'NONE', *, *, #1381, .T. ) ;
#675 = FACE_OUTER_BOUND ( 'NONE', #1320, .T. ) ;
#676 = AXIS2_PLACEMENT_3D ( 'NONE', #1222, #836, #1212 ) ;
#677 = PRESENTATION_STYLE_ASSIGNMENT (( #210 ) ) ;
#678 = ORIENTED_EDGE ( 'NONE', *, *, #1307, .T. ) ;
#679 =( GEOMETRIC_REPRESENTATION_CONTEXT ( 3 ) GLOBAL_UNCERTAINTY_ASSIGNED_CONTEXT ( ( #852 ) ) GLOBAL_UNIT_ASSIGNED_CONTEXT ( ( #582, #1529, #61 ) ) REPRESENTATION_CONTEXT ( 'NONE', 'WORKASPACE' ) );
#680 = EDGE_CURVE ( 'NONE', #337, #1429, #79, .T. ) ;
#681 = VERTEX_POINT ( 'NONE', #1102 ) ;
#682 = DIRECTION ( 'NONE',  ( -1.084202172485504927E-16, 0.000000000000000000, -1.000000000000000000 ) ) ;
#683 = DIRECTION ( 'NONE',  ( 0.000000000000000000, -0.000000000000000000, 1.000000000000000000 ) ) ;
#684 = LINE ( 'NONE', #1163, #1051 ) ;
#685 = PRESENTATION_STYLE_ASSIGNMENT (( #794 ) ) ;
#686 = COLOUR_RGB ( '',0.9411764705882352811, 0.9411764705882352811, 0.9411764705882352811 ) ;
#687 = EDGE_LOOP ( 'NONE', ( #308, #213 ) ) ;
#688 = APPLICATION_PROTOCOL_DEFINITION ( 'draft international standard', 'automotive_design', 1998, #485 ) ;
#689 = ORIENTED_EDGE ( 'NONE', *, *, #890, .F. ) ;
#690 =( GEOMETRIC_REPRESENTATION_CONTEXT ( 3 ) GLOBAL_UNCERTAINTY_ASSIGNED_CONTEXT ( ( #421 ) ) GLOBAL_UNIT_ASSIGNED_CONTEXT ( ( #1300, #433, #1054 ) ) REPRESENTATION_CONTEXT ( 'NONE', 'WORKASPACE' ) );
#691 = DIRECTION ( 'NONE',  ( 0.000000000000000000, 1.000000000000000000, 0.000000000000000000 ) ) ;
#692 = PRESENTATION_LAYER_ASSIGNMENT (  '', '', ( #823 ) ) ;
#693 = EDGE_CURVE ( 'NONE', #1193, #200, #180, .T. ) ;
#694 = CARTESIAN_POINT ( 'NONE',  ( 1.250000000000000000, -0.04000000000000000083, -0.9999999999999995559 ) ) ;
#695 = CARTESIAN_POINT ( 'NONE',  ( 1.500000000000000000, 0.000000000000000000, 1.000000000000000000 ) ) ;
#696 = ORIENTED_EDGE ( 'NONE', *, *, #1354, .F. ) ;
#697 = PRODUCT_CONTEXT ( 'NONE', #190, 'mechanical' ) ;
#698 = ORIENTED_EDGE ( 'NONE', *, *, #328, .F. ) ;
#699 =( NAMED_UNIT ( * ) SI_UNIT ( $, .STERADIAN. ) SOLID_ANGLE_UNIT ( ) );
#700 = PLANE ( 'NONE',  #1059 ) ;
#701 = VECTOR ( 'NONE', #270, 1000.000000000000000 ) ;
#702 = EDGE_CURVE ( 'NONE', #200, #1096, #1038, .T. ) ;
#703 = CARTESIAN_POINT ( 'NONE',  ( 1.700000000000000400, -0.04000000000000000083, 0.3499999999999999778 ) ) ;
#704 = CARTESIAN_POINT ( 'NONE',  ( 1.749999999999999778, -0.04000000000000000083, -0.6500000000000000222 ) ) ;
#705 = EDGE_LOOP ( 'NONE', ( #352, #989, #594, #157, #1173, #1312 ) ) ;
#706 = PLANE ( 'NONE',  #442 ) ;
#707 = CARTESIAN_POINT ( 'NONE',  ( -1.249999999999999778, -0.04000000000000000083, 0.9999999999999997780 ) ) ;
#708 = FACE_OUTER_BOUND ( 'NONE', #482, .T. ) ;
#709 = PRESENTATION_LAYER_ASSIGNMENT (  '', '', ( #333 ) ) ;
#710 = FILL_AREA_STYLE_COLOUR ( '', #1019 ) ;
#711 = CARTESIAN_POINT ( 'NONE',  ( 1.300000000000000266, 0.3350000000000000200, 0.7999999999999997113 ) ) ;
#712 =( NAMED_UNIT ( * ) SI_UNIT ( $, .STERADIAN. ) SOLID_ANGLE_UNIT ( ) );
#713 = EDGE_CURVE ( 'NONE', #668, #891, #334, .T. ) ;
#714 = SURFACE_STYLE_FILL_AREA ( #1310 ) ;
#715 = ORIENTED_EDGE ( 'NONE', *, *, #1117, .F. ) ;
#716 = CARTESIAN_POINT ( 'NONE',  ( 0.000000000000000000, 0.000000000000000000, 0.000000000000000000 ) ) ;
#717 = PRESENTATION_LAYER_ASSIGNMENT (  '', '', ( #24 ) ) ;
#718 = CARTESIAN_POINT ( 'NONE',  ( 1.500000000000000000, 0.000000000000000000, 1.000000000000000000 ) ) ;
#719 = EDGE_CURVE ( 'NONE', #1004, #242, #544, .T. ) ;
#720 = ORIENTED_EDGE ( 'NONE', *, *, #1144, .T. ) ;
#721 = FILL_AREA_STYLE ('',( #1445 ) ) ;
#722 = PLANE ( 'NONE',  #7 ) ;
#723 = UNCERTAINTY_MEASURE_WITH_UNIT (LENGTH_MEASURE( 1.000000000000000082E-05 ), #563, 'distance_accuracy_value', 'NONE');
#724 = VECTOR ( 'NONE', #639, 1000.000000000000000 ) ;
#725 = VECTOR ( 'NONE', #613, 1000.000000000000000 ) ;
#726 = SURFACE_SIDE_STYLE ('',( #1225 ) ) ;
#727 = STYLED_ITEM ( 'NONE', ( #845 ), #1240 ) ;
#728 =( NAMED_UNIT ( * ) SI_UNIT ( $, .STERADIAN. ) SOLID_ANGLE_UNIT ( ) );
#729 = ORIENTED_EDGE ( 'NONE', *, *, #222, .F. ) ;
#730 = CARTESIAN_POINT ( 'NONE',  ( 1.500000000000000000, 0.3750000000000000000, -1.000000000000000000 ) ) ;
#731 = DIRECTION ( 'NONE',  ( 1.355252715606881529E-16, 0.000000000000000000, 1.000000000000000000 ) ) ;
#732 = EDGE_CURVE ( 'NONE', #897, #1174, #1348, .T. ) ;
#733 = VECTOR ( 'NONE', #1309, 1000.000000000000000 ) ;
#734 = LINE ( 'NONE', #36, #1260 ) ;
#735 =( GEOMETRIC_REPRESENTATION_CONTEXT ( 3 ) GLOBAL_UNCERTAINTY_ASSIGNED_CONTEXT ( ( #838 ) ) GLOBAL_UNIT_ASSIGNED_CONTEXT ( ( #353, #1073, #970 ) ) REPRESENTATION_CONTEXT ( 'NONE', 'WORKASPACE' ) );
#736 = LINE ( 'NONE', #1209, #246 ) ;
#737 =( NAMED_UNIT ( * ) PLANE_ANGLE_UNIT ( ) SI_UNIT ( $, .RADIAN. ) );
#738 = ORIENTED_EDGE ( 'NONE', *, *, #693, .T. ) ;
#739 =( LENGTH_UNIT ( ) NAMED_UNIT ( * ) SI_UNIT ( .MILLI., .METRE. ) );
#740 = VECTOR ( 'NONE', #205, 1000.000000000000000 ) ;
#741 = UNCERTAINTY_MEASURE_WITH_UNIT (LENGTH_MEASURE( 1.000000000000000082E-05 ), #617, 'distance_accuracy_value', 'NONE');
#742 = EDGE_CURVE ( 'NONE', #242, #833, #1523, .T. ) ;
#743 = CARTESIAN_POINT ( 'NONE',  ( 1.500000000000000000, 0.000000000000000000, 1.000000000000000000 ) ) ;
#744 = VECTOR ( 'NONE', #281, 1000.000000000000000 ) ;
#745 = ORIENTED_EDGE ( 'NONE', *, *, #777, .T. ) ;
#746 = CARTESIAN_POINT ( 'NONE',  ( 1.750000000000000000, -0.04000000000000000083, 0.6500000000000000222 ) ) ;
#747 = ORIENTED_EDGE ( 'NONE', *, *, #1205, .F. ) ;
#748 = LINE ( 'NONE', #955, #1525 ) ;
#749 = DIRECTION ( 'NONE',  ( -1.000000000000000000, 0.000000000000000000, 0.000000000000000000 ) ) ;
#750 = EDGE_CURVE ( 'NONE', #131, #1147, #931, .T. ) ;
#751 = PRODUCT ( 'SW_TS2819', 'SW_TS2819', '', ( #697 ) ) ;
#752 = SURFACE_STYLE_FILL_AREA ( #1449 ) ;
#753 = DIRECTION ( 'NONE',  ( 0.000000000000000000, 1.000000000000000000, 0.000000000000000000 ) ) ;
#754 = MECHANICAL_DESIGN_GEOMETRIC_PRESENTATION_REPRESENTATION (  '', ( #158 ), #85 ) ;
#755 = ORIENTED_EDGE ( 'NONE', *, *, #596, .F. ) ;
#756 = CARTESIAN_POINT ( 'NONE',  ( 0.000000000000000000, 0.6500000000000000222, 0.000000000000000000 ) ) ;
#757 = ORIENTED_EDGE ( 'NONE', *, *, #197, .T. ) ;
#758 = DIRECTION ( 'NONE',  ( 0.000000000000000000, 1.000000000000000000, 0.000000000000000000 ) ) ;
#759 = UNCERTAINTY_MEASURE_WITH_UNIT (LENGTH_MEASURE( 1.000000000000000082E-05 ), #667, 'distance_accuracy_value', 'NONE');
#760 = FACE_OUTER_BOUND ( 'NONE', #331, .T. ) ;
#761 = ADVANCED_FACE ( 'NONE', ( #555 ), #1513, .T. ) ;
#762 = LINE ( 'NONE', #171, #625 ) ;
#763 = EDGE_CURVE ( 'NONE', #1255, #648, #439, .T. ) ;
#764 = ORIENTED_EDGE ( 'NONE', *, *, #948, .F. ) ;
#765 = ORIENTED_EDGE ( 'NONE', *, *, #1254, .T. ) ;
#766 =( NAMED_UNIT ( * ) PLANE_ANGLE_UNIT ( ) SI_UNIT ( $, .RADIAN. ) );
#767 = MECHANICAL_DESIGN_GEOMETRIC_PRESENTATION_REPRESENTATION (  '', ( #358 ), #1507 ) ;
#768 = CARTESIAN_POINT ( 'NONE',  ( -1.749999999999999778, 0.000000000000000000, -0.6500000000000000222 ) ) ;
#769 = COLOUR_RGB ( '',0.4392156862745097978, 0.4392156862745097978, 0.4392156862745097978 ) ;
#770 = DIRECTION ( 'NONE',  ( 0.000000000000000000, -0.000000000000000000, -1.000000000000000000 ) ) ;
#771 = STYLED_ITEM ( 'NONE', ( #1534 ), #1086 ) ;
#772 = CARTESIAN_POINT ( 'NONE',  ( -1.500000000000000000, 0.3750000000000000000, 1.000000000000000000 ) ) ;
#773 = SURFACE_STYLE_USAGE ( .BOTH. , #292 ) ;
#774 = STYLED_ITEM ( 'NONE', ( #1475 ), #106 ) ;
#775 = ORIENTED_EDGE ( 'NONE', *, *, #532, .T. ) ;
#776 = LINE ( 'NONE', #1341, #1397 ) ;
#777 = EDGE_CURVE ( 'NONE', #506, #648, #1032, .T. ) ;
#778 = ORIENTED_EDGE ( 'NONE', *, *, #294, .F. ) ;
#779 = FILL_AREA_STYLE_COLOUR ( '', #1302 ) ;
#780 = CARTESIAN_POINT ( 'NONE',  ( -1.424999999999999822, 0.000000000000000000, 0.6500000000000002442 ) ) ;
#781 = VERTEX_POINT ( 'NONE', #179 ) ;
#782 = COLOUR_RGB ( '',0.9411764705882352811, 0.9411764705882352811, 0.9411764705882352811 ) ;
#783 = PLANE ( 'NONE',  #1521 ) ;
#784 = SURFACE_STYLE_FILL_AREA ( #405 ) ;
#785 = SURFACE_STYLE_USAGE ( .BOTH. , #326 ) ;
#786 = VECTOR ( 'NONE', #1064, 1000.000000000000000 ) ;
#787 = DIRECTION ( 'NONE',  ( 0.000000000000000000, 0.000000000000000000, -1.000000000000000000 ) ) ;
#788 = ORIENTED_EDGE ( 'NONE', *, *, #1454, .T. ) ;
#789 = MECHANICAL_DESIGN_GEOMETRIC_PRESENTATION_REPRESENTATION (  '', ( #659 ), #735 ) ;
#790 = ORIENTED_EDGE ( 'NONE', *, *, #419, .T. ) ;
#791 = CARTESIAN_POINT ( 'NONE',  ( 1.425000000000000266, -0.04000000000000000083, 0.6500000000000000222 ) ) ;
#792 = FILL_AREA_STYLE_COLOUR ( '', #665 ) ;
#793 = EDGE_CURVE ( 'NONE', #802, #828, #1216, .T. ) ;
#794 = SURFACE_STYLE_USAGE ( .BOTH. , #318 ) ;
#795 = CARTESIAN_POINT ( 'NONE',  ( -1.500000000000000000, 0.000000000000000000, -0.6499999999999998002 ) ) ;
#796 = VECTOR ( 'NONE', #612, 1000.000000000000000 ) ;
#797 = ORIENTED_EDGE ( 'NONE', *, *, #1291, .T. ) ;
#798 = ORIENTED_EDGE ( 'NONE', *, *, #974, .F. ) ;
#799 = PLANE ( 'NONE',  #166 ) ;
#800 = EDGE_CURVE ( 'NONE', #1004, #621, #1237, .T. ) ;
#801 = CARTESIAN_POINT ( 'NONE',  ( -1.424999999999999822, 0.000000000000000000, 0.6500000000000002442 ) ) ;
#802 = VERTEX_POINT ( 'NONE', #1085 ) ;
#803 = SHAPE_DEFINITION_REPRESENTATION ( #198, #1540 ) ;
#804 = VECTOR ( 'NONE', #883, 1000.000000000000000 ) ;
#805 = ORIENTED_EDGE ( 'NONE', *, *, #616, .F. ) ;
#806 = DIRECTION ( 'NONE',  ( 0.000000000000000000, -0.000000000000000000, 1.000000000000000000 ) ) ;
#807 = STYLED_ITEM ( 'NONE', ( #377 ), #1133 ) ;
#808 = DIRECTION ( 'NONE',  ( -1.000000000000000000, 0.000000000000000000, 0.000000000000000000 ) ) ;
#809 = CARTESIAN_POINT ( 'NONE',  ( -1.424999999999999822, 0.000000000000000000, 0.6500000000000002442 ) ) ;
#810 = EDGE_CURVE ( 'NONE', #1538, #286, #635, .T. ) ;
#811 = ORIENTED_EDGE ( 'NONE', *, *, #151, .F. ) ;
#812 = ADVANCED_FACE ( 'NONE', ( #495 ), #979, .T. ) ;
#813 = VECTOR ( 'NONE', #249, 1000.000000000000000 ) ;
#814 = ORIENTED_EDGE ( 'NONE', *, *, #395, .F. ) ;
#815 = FACE_OUTER_BOUND ( 'NONE', #1149, .T. ) ;
#816 = CARTESIAN_POINT ( 'NONE',  ( -1.749999999999999778, -0.04000000000000000083, -0.6500000000000000222 ) ) ;
#817 = DIRECTION ( 'NONE',  ( 0.000000000000000000, 1.000000000000000000, 0.000000000000000000 ) ) ;
#818 = DIRECTION ( 'NONE',  ( 1.000000000000000000, 0.000000000000000000, -0.000000000000000000 ) ) ;
#819 = PLANE ( 'NONE',  #1277 ) ;
#820 =( GEOMETRIC_REPRESENTATION_CONTEXT ( 3 ) GLOBAL_UNCERTAINTY_ASSIGNED_CONTEXT ( ( #1473 ) ) GLOBAL_UNIT_ASSIGNED_CONTEXT ( ( #488, #880, #626 ) ) REPRESENTATION_CONTEXT ( 'NONE', 'WORKASPACE' ) );
#821 = VERTEX_POINT ( 'NONE', #795 ) ;
#822 = EDGE_CURVE ( 'NONE', #1147, #1385, #1057, .T. ) ;
#823 = STYLED_ITEM ( 'NONE', ( #111 ), #80 ) ;
#824 = FACE_OUTER_BOUND ( 'NONE', #849, .T. ) ;
#825 = DIRECTION ( 'NONE',  ( 1.000000000000000000, 0.000000000000000000, 0.000000000000000000 ) ) ;
#826 = CARTESIAN_POINT ( 'NONE',  ( 1.500000000000000000, 0.000000000000000000, -1.000000000000000000 ) ) ;
#827 = CARTESIAN_POINT ( 'NONE',  ( -1.699999999999999956, -0.04000000000000000083, 0.3500000000000004219 ) ) ;
#828 = VERTEX_POINT ( 'NONE', #1179 ) ;
#829 = LINE ( 'NONE', #332, #411 ) ;
#830 = COLOUR_RGB ( '',0.9411764705882352811, 0.9411764705882352811, 0.9411764705882352811 ) ;
#831 = DIRECTION ( 'NONE',  ( 0.000000000000000000, 0.000000000000000000, -1.000000000000000000 ) ) ;
#832 = CARTESIAN_POINT ( 'NONE',  ( -1.300000000000000044, 0.3350000000000000200, -0.7999999999999992673 ) ) ;
#833 = VERTEX_POINT ( 'NONE', #458 ) ;
#834 = VECTOR ( 'NONE', #624, 1000.000000000000000 ) ;
#835 = FACE_OUTER_BOUND ( 'NONE', #1042, .T. ) ;
#836 = DIRECTION ( 'NONE',  ( -1.000000000000000000, 0.000000000000000000, 0.000000000000000000 ) ) ;
#837 = VECTOR ( 'NONE', #464, 1000.000000000000000 ) ;
#838 = UNCERTAINTY_MEASURE_WITH_UNIT (LENGTH_MEASURE( 1.000000000000000082E-05 ), #353, 'distance_accuracy_value', 'NONE');
#839 = FACE_OUTER_BOUND ( 'NONE', #1360, .T. ) ;
#840 = ADVANCED_FACE ( 'NONE', ( #930 ), #1421, .T. ) ;
#841 = FACE_OUTER_BOUND ( 'NONE', #345, .T. ) ;
#842 = ORIENTED_EDGE ( 'NONE', *, *, #742, .F. ) ;
#843 = SURFACE_SIDE_STYLE ('',( #26 ) ) ;
#844 = AXIS2_PLACEMENT_3D ( 'NONE', #400, #1001, #770 ) ;
#845 = PRESENTATION_STYLE_ASSIGNMENT (( #244 ) ) ;
#846 = SURFACE_STYLE_FILL_AREA ( #108 ) ;
#847 = CARTESIAN_POINT ( 'NONE',  ( 1.700000000000000400, -0.04000000000000000083, 0.3499999999999999778 ) ) ;
#848 = ADVANCED_FACE ( 'NONE', ( #815 ), #706, .T. ) ;
#849 = EDGE_LOOP ( 'NONE', ( #969, #689, #1022, #227, #1393 ) ) ;
#850 = CARTESIAN_POINT ( 'NONE',  ( 0.000000000000000000, 0.3350000000000000200, 0.000000000000000000 ) ) ;
#851 = CARTESIAN_POINT ( 'NONE',  ( 1.750000000000000000, 0.000000000000000000, 0.6500000000000000222 ) ) ;
#852 = UNCERTAINTY_MEASURE_WITH_UNIT (LENGTH_MEASURE( 1.000000000000000082E-05 ), #582, 'distance_accuracy_value', 'NONE');
#853 = CARTESIAN_POINT ( 'NONE',  ( -1.699999999999999956, -0.04000000000000000083, 0.3500000000000004219 ) ) ;
#854 = DIRECTION ( 'NONE',  ( 0.000000000000000000, 1.000000000000000000, 0.000000000000000000 ) ) ;
#855 =( GEOMETRIC_REPRESENTATION_CONTEXT ( 3 ) GLOBAL_UNCERTAINTY_ASSIGNED_CONTEXT ( ( #1223 ) ) GLOBAL_UNIT_ASSIGNED_CONTEXT ( ( #1118, #54, #651 ) ) REPRESENTATION_CONTEXT ( 'NONE', 'WORKASPACE' ) );
#856 = FILL_AREA_STYLE_COLOUR ( '', #1439 ) ;
#857 = ORIENTED_EDGE ( 'NONE', *, *, #125, .T. ) ;
#858 = SURFACE_STYLE_FILL_AREA ( #721 ) ;
#859 = EDGE_CURVE ( 'NONE', #681, #903, #888, .T. ) ;
#860 = VECTOR ( 'NONE', #369, 1000.000000000000000 ) ;
#861 = CARTESIAN_POINT ( 'NONE',  ( 0.000000000000000000, 0.3350000000000000200, -0.4249999999999999889 ) ) ;
#862 = DIRECTION ( 'NONE',  ( -1.084202172485504927E-16, 0.000000000000000000, -1.000000000000000000 ) ) ;
#863 = AXIS2_PLACEMENT_3D ( 'NONE', #1298, #1169, #1394 ) ;
#864 = CARTESIAN_POINT ( 'NONE',  ( 1.750000000000000444, -0.04000000000000000083, -0.3499999999999999778 ) ) ;
#865 = PRESENTATION_STYLE_ASSIGNMENT (( #1228 ) ) ;
#866 = ORIENTED_EDGE ( 'NONE', *, *, #965, .F. ) ;
#867 = CARTESIAN_POINT ( 'NONE',  ( 1.250000000000000222, 0.000000000000000000, 1.000000000000000000 ) ) ;
#868 = DIRECTION ( 'NONE',  ( -0.000000000000000000, -1.000000000000000000, -0.000000000000000000 ) ) ;
#869 = ADVANCED_FACE ( 'NONE', ( #1113 ), #368, .F. ) ;
#870 = MECHANICAL_DESIGN_GEOMETRIC_PRESENTATION_REPRESENTATION (  '', ( #24 ), #98 ) ;
#871 = CARTESIAN_POINT ( 'NONE',  ( 1.750000000000000444, -0.04000000000000000083, -0.3499999999999999778 ) ) ;
#872 = SURFACE_STYLE_FILL_AREA ( #1450 ) ;
#873 = ORIENTED_EDGE ( 'NONE', *, *, #763, .F. ) ;
#874 = ORIENTED_EDGE ( 'NONE', *, *, #680, .T. ) ;
#875 = SURFACE_STYLE_USAGE ( .BOTH. , #984 ) ;
#876 = DIRECTION ( 'NONE',  ( 1.355252715606881282E-16, -0.000000000000000000, 1.000000000000000000 ) ) ;
#877 = DIRECTION ( 'NONE',  ( 1.000000000000000000, 0.000000000000000000, -0.000000000000000000 ) ) ;
#878 = DIRECTION ( 'NONE',  ( 1.445602896647339311E-15, 0.000000000000000000, -1.000000000000000000 ) ) ;
#879 = PRESENTATION_LAYER_ASSIGNMENT (  '', '', ( #109 ) ) ;
#880 =( NAMED_UNIT ( * ) PLANE_ANGLE_UNIT ( ) SI_UNIT ( $, .RADIAN. ) );
#881 = MECHANICAL_DESIGN_GEOMETRIC_PRESENTATION_REPRESENTATION (  '', ( #727 ), #1500 ) ;
#882 = EDGE_LOOP ( 'NONE', ( #1278, #893, #1292, #25 ) ) ;
#883 = DIRECTION ( 'NONE',  ( 0.000000000000000000, 0.000000000000000000, 1.000000000000000000 ) ) ;
#884 = LINE ( 'NONE', #303, #59 ) ;
#885 = UNCERTAINTY_MEASURE_WITH_UNIT (LENGTH_MEASURE( 1.000000000000000082E-05 ), #522, 'distance_accuracy_value', 'NONE');
#886 = AXIS2_PLACEMENT_3D ( 'NONE', #407, #1333, #143 ) ;
#887 = CARTESIAN_POINT ( 'NONE',  ( -1.250000000000000000, -0.04000000000000000083, -0.9999999999999993339 ) ) ;
#888 = LINE ( 'NONE', #1250, #1282 ) ;
#889 =( NAMED_UNIT ( * ) PLANE_ANGLE_UNIT ( ) SI_UNIT ( $, .RADIAN. ) );
#890 = EDGE_CURVE ( 'NONE', #621, #833, #966, .T. ) ;
#891 = VERTEX_POINT ( 'NONE', #531 ) ;
#892 = CARTESIAN_POINT ( 'NONE',  ( -1.425000000000000266, -0.04000000000000000083, -0.6499999999999996891 ) ) ;
#893 = ORIENTED_EDGE ( 'NONE', *, *, #419, .F. ) ;
#894 = PRESENTATION_STYLE_ASSIGNMENT (( #1472 ) ) ;
#895 = SURFACE_STYLE_FILL_AREA ( #653 ) ;
#896 = PRESENTATION_LAYER_ASSIGNMENT (  '', '', ( #774 ) ) ;
#897 = VERTEX_POINT ( 'NONE', #1011 ) ;
#898 = ORIENTED_EDGE ( 'NONE', *, *, #1522, .T. ) ;
#899 = FACE_OUTER_BOUND ( 'NONE', #1168, .T. ) ;
#900 =( LENGTH_UNIT ( ) NAMED_UNIT ( * ) SI_UNIT ( .MILLI., .METRE. ) );
#901 = PRESENTATION_STYLE_ASSIGNMENT (( #1026 ) ) ;
#902 = VECTOR ( 'NONE', #264, 1000.000000000000000 ) ;
#903 = VERTEX_POINT ( 'NONE', #867 ) ;
#904 = PLANE ( 'NONE',  #863 ) ;
#905 =( LENGTH_UNIT ( ) NAMED_UNIT ( * ) SI_UNIT ( .MILLI., .METRE. ) );
#906 = VECTOR ( 'NONE', #928, 1000.000000000000000 ) ;
#907 = DIRECTION ( 'NONE',  ( -1.000000000000000000, 0.000000000000000000, 0.000000000000000000 ) ) ;
#908 = EDGE_LOOP ( 'NONE', ( #842, #661, #208, #1252 ) ) ;
#909 = AXIS2_PLACEMENT_3D ( 'NONE', #403, #525, #47 ) ;
#910 = VERTEX_POINT ( 'NONE', #730 ) ;
#911 = FACE_BOUND ( 'NONE', #540, .T. ) ;
#912 = EDGE_CURVE ( 'NONE', #1416, #441, #1202, .T. ) ;
#913 = DIRECTION ( 'NONE',  ( 1.000802005371236410E-15, 0.000000000000000000, -1.000000000000000000 ) ) ;
#914 = CARTESIAN_POINT ( 'NONE',  ( 1.300000000000000044, 0.3350000000000000200, -1.761828530288945691E-16 ) ) ;
#915 = AXIS2_PLACEMENT_3D ( 'NONE', #1248, #1110, #49 ) ;
#916 = VERTEX_POINT ( 'NONE', #671 ) ;
#917 = ORIENTED_EDGE ( 'NONE', *, *, #510, .F. ) ;
#918 = CARTESIAN_POINT ( 'NONE',  ( -1.249999999999999778, -0.04000000000000000083, 0.9999999999999997780 ) ) ;
#919 = ADVANCED_FACE ( 'NONE', ( #618 ), #978, .T. ) ;
#920 = CARTESIAN_POINT ( 'NONE',  ( -1.500000000000000000, 0.000000000000000000, 1.000000000000000000 ) ) ;
#921 = DIRECTION ( 'NONE',  ( 0.000000000000000000, 0.000000000000000000, 1.000000000000000000 ) ) ;
#922 = EDGE_CURVE ( 'NONE', #1193, #1152, #140, .T. ) ;
#923 = ORIENTED_EDGE ( 'NONE', *, *, #713, .T. ) ;
#924 = MECHANICAL_DESIGN_GEOMETRIC_PRESENTATION_REPRESENTATION (  '', ( #514 ), #619 ) ;
#925 = ORIENTED_EDGE ( 'NONE', *, *, #822, .T. ) ;
#926 = FILL_AREA_STYLE ('',( #1516 ) ) ;
#927 = CARTESIAN_POINT ( 'NONE',  ( 1.750000000000000444, 0.000000000000000000, -0.3499999999999999778 ) ) ;
#928 = DIRECTION ( 'NONE',  ( -0.000000000000000000, 1.000000000000000000, -0.000000000000000000 ) ) ;
#929 =( NAMED_UNIT ( * ) PLANE_ANGLE_UNIT ( ) SI_UNIT ( $, .RADIAN. ) );
#930 = FACE_OUTER_BOUND ( 'NONE', #959, .T. ) ;
#931 = LINE ( 'NONE', #1157, #972 ) ;
#932 = ADVANCED_FACE ( 'NONE', ( #149 ), #1315, .F. ) ;
#933 = VERTEX_POINT ( 'NONE', #160 ) ;
#934 = VECTOR ( 'NONE', #121, 1000.000000000000000 ) ;
#935 = STYLED_ITEM ( 'NONE', ( #261 ), #1418 ) ;
#936 = ORIENTED_EDGE ( 'NONE', *, *, #1254, .F. ) ;
#937 = SURFACE_SIDE_STYLE ('',( #1304 ) ) ;
#938 = CARTESIAN_POINT ( 'NONE',  ( -1.300000000000000044, 0.3750000000000000000, -0.7999999999999992673 ) ) ;
#939 = DIRECTION ( 'NONE',  ( 0.000000000000000000, 0.000000000000000000, 1.000000000000000000 ) ) ;
#940 = LINE ( 'NONE', #238, #448 ) ;
#941 = VERTEX_POINT ( 'NONE', #1101 ) ;
#942 =( NAMED_UNIT ( * ) PLANE_ANGLE_UNIT ( ) SI_UNIT ( $, .RADIAN. ) );
#943 = PRESENTATION_STYLE_ASSIGNMENT (( #568 ) ) ;
#944 = DIRECTION ( 'NONE',  ( 0.000000000000000000, 1.000000000000000000, 0.000000000000000000 ) ) ;
#945 =( LENGTH_UNIT ( ) NAMED_UNIT ( * ) SI_UNIT ( .MILLI., .METRE. ) );
#946 = ORIENTED_EDGE ( 'NONE', *, *, #38, .T. ) ;
#947 = DIRECTION ( 'NONE',  ( 1.355252715606881282E-16, -0.000000000000000000, 1.000000000000000000 ) ) ;
#948 = EDGE_CURVE ( 'NONE', #94, #200, #133, .T. ) ;
#949 = DIRECTION ( 'NONE',  ( -1.000000000000000000, 0.000000000000000000, -1.000802005371234240E-15 ) ) ;
#950 = PRESENTATION_LAYER_ASSIGNMENT (  '', '', ( #807 ) ) ;
#951 = DIRECTION ( 'NONE',  ( -1.000000000000000000, 0.000000000000000000, -0.000000000000000000 ) ) ;
#952 = SURFACE_STYLE_USAGE ( .BOTH. , #118 ) ;
#953 = ORIENTED_EDGE ( 'NONE', *, *, #356, .F. ) ;
#954 = VECTOR ( 'NONE', #876, 1000.000000000000000 ) ;
#955 = CARTESIAN_POINT ( 'NONE',  ( -1.750000000000000000, -0.04000000000000000083, 0.6500000000000000222 ) ) ;
#956 = ADVANCED_FACE ( 'NONE', ( #43, #987 ), #20, .T. ) ;
#957 = CARTESIAN_POINT ( 'NONE',  ( -1.700000000000000400, -0.04000000000000000083, -0.3499999999999995892 ) ) ;
#958 =( NAMED_UNIT ( * ) SI_UNIT ( $, .STERADIAN. ) SOLID_ANGLE_UNIT ( ) );
#959 = EDGE_LOOP ( 'NONE', ( #814, #953, #580, #135, #557, #565 ) ) ;
#960 = PRESENTATION_LAYER_ASSIGNMENT (  '', '', ( #96 ) ) ;
#961 = SURFACE_SIDE_STYLE ('',( #858 ) ) ;
#962 = VECTOR ( 'NONE', #406, 1000.000000000000000 ) ;
#963 = CARTESIAN_POINT ( 'NONE',  ( -1.424999999999999822, 0.000000000000000000, 0.6500000000000002442 ) ) ;
#964 = DIRECTION ( 'NONE',  ( 2.168404344971008868E-15, 0.000000000000000000, 1.000000000000000000 ) ) ;
#965 = EDGE_CURVE ( 'NONE', #1373, #427, #736, .T. ) ;
#966 = LINE ( 'NONE', #592, #372 ) ;
#967 = FACE_OUTER_BOUND ( 'NONE', #1460, .T. ) ;
#968 = EDGE_CURVE ( 'NONE', #39, #1462, #29, .T. ) ;
#969 = ORIENTED_EDGE ( 'NONE', *, *, #1227, .F. ) ;
#970 =( NAMED_UNIT ( * ) SI_UNIT ( $, .STERADIAN. ) SOLID_ANGLE_UNIT ( ) );
#971 = AXIS2_PLACEMENT_3D ( 'NONE', #1386, #1285, #313 ) ;
#972 = VECTOR ( 'NONE', #1165, 1000.000000000000000 ) ;
#973 = DIRECTION ( 'NONE',  ( 0.000000000000000000, 1.000000000000000000, 0.000000000000000000 ) ) ;
#974 = EDGE_CURVE ( 'NONE', #933, #903, #1448, .T. ) ;
#975 = ORIENTED_EDGE ( 'NONE', *, *, #777, .F. ) ;
#976 = VECTOR ( 'NONE', #362, 1000.000000000000000 ) ;
#977 = AXIS2_PLACEMENT_3D ( 'NONE', #1321, #16, #731 ) ;
#978 = PLANE ( 'NONE',  #1258 ) ;
#979 = CYLINDRICAL_SURFACE ( 'NONE', #995, 0.4249999999999999889 ) ;
#980 = CARTESIAN_POINT ( 'NONE',  ( 0.000000000000000000, 0.000000000000000000, 0.000000000000000000 ) ) ;
#981 = ORIENTED_EDGE ( 'NONE', *, *, #859, .T. ) ;
#982 = CARTESIAN_POINT ( 'NONE',  ( 1.750000000000000000, -0.04000000000000000083, 0.6500000000000000222 ) ) ;
#983 = ORIENTED_EDGE ( 'NONE', *, *, #1291, .F. ) ;
#984 = SURFACE_SIDE_STYLE ('',( #500 ) ) ;
#985 = AXIS2_PLACEMENT_3D ( 'NONE', #216, #683, #566 ) ;
#986 = CARTESIAN_POINT ( 'NONE',  ( -1.300000000000000044, 0.3350000000000000200, -0.7999999999999992673 ) ) ;
#987 = FACE_OUTER_BOUND ( 'NONE', #321, .T. ) ;
#988 = SURFACE_STYLE_FILL_AREA ( #1210 ) ;
#989 = ORIENTED_EDGE ( 'NONE', *, *, #373, .T. ) ;
#990 = DIRECTION ( 'NONE',  ( 1.000000000000000000, -0.000000000000000000, 1.445602896647339706E-15 ) ) ;
#991 = VERTEX_POINT ( 'NONE', #1119 ) ;
#992 = LINE ( 'NONE', #1332, #954 ) ;
#993 = ADVANCED_FACE ( 'NONE', ( #1141 ), #1024, .T. ) ;
#994 = CARTESIAN_POINT ( 'NONE',  ( 0.000000000000000000, 0.6500000000000000222, -0.4249999999999999889 ) ) ;
#995 = AXIS2_PLACEMENT_3D ( 'NONE', #1111, #72, #787 ) ;
#996 = DIRECTION ( 'NONE',  ( 0.000000000000000000, 1.000000000000000000, 0.000000000000000000 ) ) ;
#997 = ORIENTED_EDGE ( 'NONE', *, *, #97, .T. ) ;
#998 = LINE ( 'NONE', #267, #1257 ) ;
#999 = VERTEX_POINT ( 'NONE', #994 ) ;
#1000 = DIRECTION ( 'NONE',  ( 0.000000000000000000, 1.000000000000000000, 0.000000000000000000 ) ) ;
#1001 = DIRECTION ( 'NONE',  ( 0.000000000000000000, -1.000000000000000000, 0.000000000000000000 ) ) ;
#1002 = COLOUR_RGB ( '',0.9411764705882352811, 0.9411764705882352811, 0.9411764705882352811 ) ;
#1003 = SURFACE_STYLE_FILL_AREA ( #1301 ) ;
#1004 = VERTEX_POINT ( 'NONE', #1487 ) ;
#1005 = SURFACE_STYLE_USAGE ( .BOTH. , #155 ) ;
#1006 = ORIENTED_EDGE ( 'NONE', *, *, #606, .F. ) ;
#1007 = FACE_OUTER_BOUND ( 'NONE', #882, .T. ) ;
#1008 =( GEOMETRIC_REPRESENTATION_CONTEXT ( 3 ) GLOBAL_UNCERTAINTY_ASSIGNED_CONTEXT ( ( #885 ) ) GLOBAL_UNIT_ASSIGNED_CONTEXT ( ( #522, #889, #291 ) ) REPRESENTATION_CONTEXT ( 'NONE', 'WORKASPACE' ) );
#1009 = LINE ( 'NONE', #1388, #1537 ) ;
#1010 = DIRECTION ( 'NONE',  ( 1.251002506714043786E-16, 0.000000000000000000, 1.000000000000000000 ) ) ;
#1011 = CARTESIAN_POINT ( 'NONE',  ( 1.500000000000000000, 0.000000000000000000, -0.6500000000000000222 ) ) ;
#1012 = VECTOR ( 'NONE', #497, 1000.000000000000000 ) ;
#1013 = DIRECTION ( 'NONE',  ( 0.000000000000000000, 1.000000000000000000, 0.000000000000000000 ) ) ;
#1014 = EDGE_CURVE ( 'NONE', #51, #933, #519, .T. ) ;
#1015 = VERTEX_POINT ( 'NONE', #289 ) ;
#1016 = VERTEX_POINT ( 'NONE', #1497 ) ;
#1017 =( NAMED_UNIT ( * ) SI_UNIT ( $, .STERADIAN. ) SOLID_ANGLE_UNIT ( ) );
#1018 = EDGE_LOOP ( 'NONE', ( #866, #917, #765, #729 ) ) ;
#1019 = COLOUR_RGB ( '',0.9411764705882352811, 0.9411764705882352811, 0.9411764705882352811 ) ;
#1020 = PRESENTATION_LAYER_ASSIGNMENT (  '', '', ( #158 ) ) ;
#1021 = ADVANCED_FACE ( 'NONE', ( #899 ), #643, .T. ) ;
#1022 = ORIENTED_EDGE ( 'NONE', *, *, #1503, .T. ) ;
#1023 = SURFACE_SIDE_STYLE ('',( #113 ) ) ;
#1024 = PLANE ( 'NONE',  #915 ) ;
#1025 = CLOSED_SHELL ( 'NONE', ( #1463, #1390, #521, #347, #840, #1094, #956, #1434, #588, #579, #8, #132, #1133, #932, #1426, #1021, #1086, #80, #993, #106, #1418, #1318, #56, #304, #1240, #1075, #1363, #919, #586, #848, #1037, #1398, #175, #239, #869, #1374, #812, #761 ) ) ;
#1026 = SURFACE_STYLE_USAGE ( .BOTH. , #546 ) ;
#1027 = STYLED_ITEM ( 'NONE', ( #685 ), #239 ) ;
#1028 = ORIENTED_EDGE ( 'NONE', *, *, #1256, .T. ) ;
#1029 = CARTESIAN_POINT ( 'NONE',  ( 0.000000000000000000, -0.04000000000000000083, 0.000000000000000000 ) ) ;
#1030 = FILL_AREA_STYLE_COLOUR ( '', #769 ) ;
#1031 = STYLED_ITEM ( 'NONE', ( #677 ), #1075 ) ;
#1032 = LINE ( 'NONE', #887, #130 ) ;
#1033 = ORIENTED_EDGE ( 'NONE', *, *, #310, .F. ) ;
#1034 = EDGE_LOOP ( 'NONE', ( #1115, #15, #1452, #874 ) ) ;
#1035 =( NAMED_UNIT ( * ) PLANE_ANGLE_UNIT ( ) SI_UNIT ( $, .RADIAN. ) );
#1036 = DIRECTION ( 'NONE',  ( 0.000000000000000000, -0.000000000000000000, -1.000000000000000000 ) ) ;
#1037 = ADVANCED_FACE ( 'NONE', ( #760 ), #279, .T. ) ;
#1038 = LINE ( 'NONE', #927, #1121 ) ;
#1039 = LINE ( 'NONE', #1519, #906 ) ;
#1040 =( NAMED_UNIT ( * ) PLANE_ANGLE_UNIT ( ) SI_UNIT ( $, .RADIAN. ) );
#1041 = DIRECTION ( 'NONE',  ( 0.000000000000000000, 0.000000000000000000, -1.000000000000000000 ) ) ;
#1042 = EDGE_LOOP ( 'NONE', ( #367, #446, #1297, #638 ) ) ;
#1043 = AXIS2_PLACEMENT_3D ( 'NONE', #346, #214, #233 ) ;
#1044 = ORIENTED_EDGE ( 'NONE', *, *, #1188, .T. ) ;
#1045 =( LENGTH_UNIT ( ) NAMED_UNIT ( * ) SI_UNIT ( .MILLI., .METRE. ) );
#1046 = VECTOR ( 'NONE', #1000, 1000.000000000000000 ) ;
#1047 = FILL_AREA_STYLE_COLOUR ( '', #201 ) ;
#1048 = PRESENTATION_STYLE_ASSIGNMENT (( #1078 ) ) ;
#1049 = DIRECTION ( 'NONE',  ( -1.084202172485504927E-16, 0.000000000000000000, -1.000000000000000000 ) ) ;
#1050 =( NAMED_UNIT ( * ) SI_UNIT ( $, .STERADIAN. ) SOLID_ANGLE_UNIT ( ) );
#1051 = VECTOR ( 'NONE', #99, 1000.000000000000000 ) ;
#1052 = ORIENTED_EDGE ( 'NONE', *, *, #1060, .F. ) ;
#1053 = PRESENTATION_STYLE_ASSIGNMENT (( #209 ) ) ;
#1054 =( NAMED_UNIT ( * ) SI_UNIT ( $, .STERADIAN. ) SOLID_ANGLE_UNIT ( ) );
#1055 = DIRECTION ( 'NONE',  ( 0.000000000000000000, 1.000000000000000000, 0.000000000000000000 ) ) ;
#1056 = CARTESIAN_POINT ( 'NONE',  ( 1.500000000000000000, 0.000000000000000000, 1.000000000000000000 ) ) ;
#1057 = LINE ( 'NONE', #123, #305 ) ;
#1058 =( LENGTH_UNIT ( ) NAMED_UNIT ( * ) SI_UNIT ( .MILLI., .METRE. ) );
#1059 = AXIS2_PLACEMENT_3D ( 'NONE', #1185, #913, #1154 ) ;
#1060 = EDGE_CURVE ( 'NONE', #1016, #1193, #1132, .T. ) ;
#1061 = ORIENTED_EDGE ( 'NONE', *, *, #294, .T. ) ;
#1062 = CARTESIAN_POINT ( 'NONE',  ( 1.250000000000000222, -0.04000000000000000083, 0.9999999999999995559 ) ) ;
#1063 = LINE ( 'NONE', #1203, #68 ) ;
#1064 = DIRECTION ( 'NONE',  ( 0.000000000000000000, 0.000000000000000000, -1.000000000000000000 ) ) ;
#1065 =( NAMED_UNIT ( * ) SI_UNIT ( $, .STERADIAN. ) SOLID_ANGLE_UNIT ( ) );
#1066 = VERTEX_POINT ( 'NONE', #529 ) ;
#1067 = VECTOR ( 'NONE', #536, 1000.000000000000000 ) ;
#1068 = EDGE_CURVE ( 'NONE', #1255, #781, #1009, .T. ) ;
#1069 = PRESENTATION_LAYER_ASSIGNMENT (  '', '', ( #514 ) ) ;
#1070 = DIRECTION ( 'NONE',  ( -1.000000000000000000, 0.000000000000000000, 8.673617379884035472E-17 ) ) ;
#1071 = LINE ( 'NONE', #832, #584 ) ;
#1072 = ORIENTED_EDGE ( 'NONE', *, *, #1406, .F. ) ;
#1073 =( NAMED_UNIT ( * ) PLANE_ANGLE_UNIT ( ) SI_UNIT ( $, .RADIAN. ) );
#1074 = MECHANICAL_DESIGN_GEOMETRIC_PRESENTATION_REPRESENTATION (  '', ( #333 ), #1268 ) ;
#1075 = ADVANCED_FACE ( 'NONE', ( #824 ), #700, .T. ) ;
#1076 =( LENGTH_UNIT ( ) NAMED_UNIT ( * ) SI_UNIT ( .MILLI., .METRE. ) );
#1077 = CARTESIAN_POINT ( 'NONE',  ( -1.250000000000000000, 0.000000000000000000, -0.9999999999999993339 ) ) ;
#1078 = SURFACE_STYLE_USAGE ( .BOTH. , #1192 ) ;
#1079 = CARTESIAN_POINT ( 'NONE',  ( 1.749999999999999778, 0.000000000000000000, -0.6500000000000000222 ) ) ;
#1080 = VECTOR ( 'NONE', #122, 1000.000000000000000 ) ;
#1081 = ORIENTED_EDGE ( 'NONE', *, *, #1265, .F. ) ;
#1082 = VECTOR ( 'NONE', #1517, 1000.000000000000000 ) ;
#1083 = CARTESIAN_POINT ( 'NONE',  ( 1.700000000000000400, -0.04000000000000000083, 0.3499999999999999778 ) ) ;
#1084 = DIRECTION ( 'NONE',  ( -0.000000000000000000, -1.000000000000000000, -0.000000000000000000 ) ) ;
#1085 = CARTESIAN_POINT ( 'NONE',  ( 1.750000000000000000, -0.04000000000000000083, 0.6500000000000000222 ) ) ;
#1086 = ADVANCED_FACE ( 'NONE', ( #114 ), #1512, .T. ) ;
#1087 = PLANE ( 'NONE',  #886 ) ;
#1088 = ORIENTED_EDGE ( 'NONE', *, *, #1316, .F. ) ;
#1089 = CARTESIAN_POINT ( 'NONE',  ( -1.750000000000000000, -0.04000000000000000083, 0.6500000000000000222 ) ) ;
#1090 = UNCERTAINTY_MEASURE_WITH_UNIT (LENGTH_MEASURE( 1.000000000000000082E-05 ), #1153, 'distance_accuracy_value', 'NONE');
#1091 = VECTOR ( 'NONE', #58, 1000.000000000000000 ) ;
#1092 =( LENGTH_UNIT ( ) NAMED_UNIT ( * ) SI_UNIT ( .MILLI., .METRE. ) );
#1093 = VECTOR ( 'NONE', #169, 1000.000000000000000 ) ;
#1094 = ADVANCED_FACE ( 'NONE', ( #223 ), #1288, .T. ) ;
#1095 = CARTESIAN_POINT ( 'NONE',  ( 1.425000000000000266, 0.000000000000000000, 0.6500000000000000222 ) ) ;
#1096 = VERTEX_POINT ( 'NONE', #1527 ) ;
#1097 =( NAMED_UNIT ( * ) PLANE_ANGLE_UNIT ( ) SI_UNIT ( $, .RADIAN. ) );
#1098 = VERTEX_POINT ( 'NONE', #938 ) ;
#1099 = DIRECTION ( 'NONE',  ( 0.000000000000000000, 0.000000000000000000, -1.000000000000000000 ) ) ;
#1100 = STYLED_ITEM ( 'NONE', ( #1366 ), #1426 ) ;
#1101 = CARTESIAN_POINT ( 'NONE',  ( -1.500000000000000000, 0.3750000000000000000, 1.000000000000000000 ) ) ;
#1102 = CARTESIAN_POINT ( 'NONE',  ( 1.250000000000000222, -0.04000000000000000083, 0.9999999999999995559 ) ) ;
#1103 = DIRECTION ( 'NONE',  ( 0.000000000000000000, 0.000000000000000000, -1.000000000000000000 ) ) ;
#1104 = VERTEX_POINT ( 'NONE', #1162 ) ;
#1105 = DIRECTION ( 'NONE',  ( 0.000000000000000000, -0.000000000000000000, 1.000000000000000000 ) ) ;
#1106 = ORIENTED_EDGE ( 'NONE', *, *, #408, .F. ) ;
#1107 = LINE ( 'NONE', #168, #860 ) ;
#1108 = PRODUCT_DEFINITION_CONTEXT ( 'detailed design', #485, 'design' ) ;
#1109 = AXIS2_PLACEMENT_3D ( 'NONE', #478, #854, #379 ) ;
#1110 = DIRECTION ( 'NONE',  ( 1.000000000000000000, 0.000000000000000000, -3.336006684570784088E-16 ) ) ;
#1111 = CARTESIAN_POINT ( 'NONE',  ( 0.000000000000000000, 0.6500000000000000222, 0.000000000000000000 ) ) ;
#1112 = DIRECTION ( 'NONE',  ( 0.000000000000000000, 1.000000000000000000, 0.000000000000000000 ) ) ;
#1113 = FACE_OUTER_BOUND ( 'NONE', #452, .T. ) ;
#1114 = DIRECTION ( 'NONE',  ( 1.000802005371234437E-15, 0.000000000000000000, -1.000000000000000000 ) ) ;
#1115 = ORIENTED_EDGE ( 'NONE', *, *, #532, .F. ) ;
#1116 = DIRECTION ( 'NONE',  ( -0.000000000000000000, -1.000000000000000000, -0.000000000000000000 ) ) ;
#1117 = EDGE_CURVE ( 'NONE', #1349, #112, #1412, .T. ) ;
#1118 =( LENGTH_UNIT ( ) NAMED_UNIT ( * ) SI_UNIT ( .MILLI., .METRE. ) );
#1119 = CARTESIAN_POINT ( 'NONE',  ( 1.250000000000000000, -0.04000000000000000083, -0.9999999999999995559 ) ) ;
#1120 = CARTESIAN_POINT ( 'NONE',  ( -1.424999999999999822, -0.04000000000000000083, 0.6500000000000002442 ) ) ;
#1121 = VECTOR ( 'NONE', #1403, 1000.000000000000000 ) ;
#1122 = PRESENTATION_STYLE_ASSIGNMENT (( #1226 ) ) ;
#1123 = COLOUR_RGB ( '',0.2000000000000000111, 0.2000000000000000111, 0.2000000000000000111 ) ;
#1124 = ORIENTED_EDGE ( 'NONE', *, *, #629, .F. ) ;
#1125 = DIRECTION ( 'NONE',  ( 1.000000000000000000, 0.000000000000000000, -1.251002506714043540E-16 ) ) ;
#1126 = ORIENTED_EDGE ( 'NONE', *, *, #1151, .F. ) ;
#1127 = PRESENTATION_LAYER_ASSIGNMENT (  '', '', ( #426 ) ) ;
#1128 = LINE ( 'NONE', #1361, #1046 ) ;
#1129 = UNCERTAINTY_MEASURE_WITH_UNIT (LENGTH_MEASURE( 1.000000000000000082E-05 ), #455, 'distance_accuracy_value', 'NONE');
#1130 = EDGE_CURVE ( 'NONE', #51, #941, #829, .T. ) ;
#1131 = VECTOR ( 'NONE', #758, 1000.000000000000000 ) ;
#1132 = LINE ( 'NONE', #1370, #174 ) ;
#1133 = ADVANCED_FACE ( 'NONE', ( #708 ), #120, .F. ) ;
#1134 = PRESENTATION_LAYER_ASSIGNMENT (  '', '', ( #935 ) ) ;
#1135 = SURFACE_STYLE_FILL_AREA ( #189 ) ;
#1136 = SURFACE_STYLE_FILL_AREA ( #1269 ) ;
#1137 = DIRECTION ( 'NONE',  ( 0.000000000000000000, 0.000000000000000000, 1.000000000000000000 ) ) ;
#1138 = ORIENTED_EDGE ( 'NONE', *, *, #1325, .T. ) ;
#1139 = CARTESIAN_POINT ( 'NONE',  ( 1.250000000000000222, 0.000000000000000000, -1.000000000000000000 ) ) ;
#1140 = CARTESIAN_POINT ( 'NONE',  ( 1.700000000000000400, -0.04000000000000000083, -0.3499999999999999778 ) ) ;
#1141 = FACE_OUTER_BOUND ( 'NONE', #908, .T. ) ;
#1142 = VECTOR ( 'NONE', #964, 1000.000000000000000 ) ;
#1143 = FACE_OUTER_BOUND ( 'NONE', #1034, .T. ) ;
#1144 = EDGE_CURVE ( 'NONE', #1385, #286, #127, .T. ) ;
#1145 = FACE_OUTER_BOUND ( 'NONE', #516, .T. ) ;
#1146 =( NAMED_UNIT ( * ) SI_UNIT ( $, .STERADIAN. ) SOLID_ANGLE_UNIT ( ) );
#1147 = VERTEX_POINT ( 'NONE', #1337 ) ;
#1148 = SURFACE_STYLE_FILL_AREA ( #1289 ) ;
#1149 = EDGE_LOOP ( 'NONE', ( #374, #630, #499, #41 ) ) ;
#1150 = COLOUR_RGB ( '',0.9411764705882352811, 0.9411764705882352811, 0.9411764705882352811 ) ;
#1151 = EDGE_CURVE ( 'NONE', #337, #513, #734, .T. ) ;
#1152 = VERTEX_POINT ( 'NONE', #9 ) ;
#1153 =( LENGTH_UNIT ( ) NAMED_UNIT ( * ) SI_UNIT ( .MILLI., .METRE. ) );
#1154 = DIRECTION ( 'NONE',  ( -1.000000000000000000, 0.000000000000000000, -1.000802005371236410E-15 ) ) ;
#1155 = AXIS2_PLACEMENT_3D ( 'NONE', #505, #282, #1356 ) ;
#1156 = DIRECTION ( 'NONE',  ( 0.000000000000000000, 0.000000000000000000, -1.000000000000000000 ) ) ;
#1157 = CARTESIAN_POINT ( 'NONE',  ( 1.425000000000000266, 0.000000000000000000, 0.6500000000000000222 ) ) ;
#1158 = ORIENTED_EDGE ( 'NONE', *, *, #366, .F. ) ;
#1159 = ORIENTED_EDGE ( 'NONE', *, *, #1299, .T. ) ;
#1160 = PLANE ( 'NONE',  #498 ) ;
#1161 = EDGE_CURVE ( 'NONE', #441, #1349, #1539, .T. ) ;
#1162 = CARTESIAN_POINT ( 'NONE',  ( 1.425000000000000266, 0.000000000000000000, -0.6500000000000000222 ) ) ;
#1163 = CARTESIAN_POINT ( 'NONE',  ( -1.000802005371234018E-16, 0.3750000000000000000, -0.7999999999999993783 ) ) ;
#1164 = DIRECTION ( 'NONE',  ( 1.000000000000000000, 0.000000000000000000, 0.000000000000000000 ) ) ;
#1165 = DIRECTION ( 'NONE',  ( 1.000000000000000000, 0.000000000000000000, 0.000000000000000000 ) ) ;
#1166 = ORIENTED_EDGE ( 'NONE', *, *, #810, .T. ) ;
#1167 = AXIS2_PLACEMENT_3D ( 'NONE', #980, #637, #1239 ) ;
#1168 = EDGE_LOOP ( 'NONE', ( #524, #1158, #573, #1220, #302 ) ) ;
#1169 = DIRECTION ( 'NONE',  ( 0.000000000000000000, 0.000000000000000000, 1.000000000000000000 ) ) ;
#1170 = DIRECTION ( 'NONE',  ( -2.168404344971006107E-15, 0.000000000000000000, 1.000000000000000000 ) ) ;
#1171 = FILL_AREA_STYLE ('',( #1186 ) ) ;
#1172 = CARTESIAN_POINT ( 'NONE',  ( -1.500000000000000000, 0.3750000000000000000, 1.000000000000000000 ) ) ;
#1173 = ORIENTED_EDGE ( 'NONE', *, *, #1256, .F. ) ;
#1174 = VERTEX_POINT ( 'NONE', #1343 ) ;
#1175 = SURFACE_SIDE_STYLE ('',( #235 ) ) ;
#1176 = LINE ( 'NONE', #657, #1404 ) ;
#1177 = PLANE ( 'NONE',  #65 ) ;
#1178 = EDGE_CURVE ( 'NONE', #1004, #1416, #469, .T. ) ;
#1179 = CARTESIAN_POINT ( 'NONE',  ( 1.750000000000000444, -0.04000000000000000083, 0.3499999999999999778 ) ) ;
#1180 = CARTESIAN_POINT ( 'NONE',  ( -1.750000000000000000, -0.04000000000000000083, 0.3500000000000004219 ) ) ;
#1181 = VECTOR ( 'NONE', #1441, 1000.000000000000000 ) ;
#1182 = CIRCLE ( 'NONE', #165, 0.4249999999999999889 ) ;
#1183 = EDGE_LOOP ( 'NONE', ( #1072, #429, #587, #535 ) ) ;
#1184 = FILL_AREA_STYLE ('',( #234 ) ) ;
#1185 = CARTESIAN_POINT ( 'NONE',  ( -1.425000000000000266, -0.04000000000000000083, -0.6499999999999996891 ) ) ;
#1186 = FILL_AREA_STYLE_COLOUR ( '', #215 ) ;
#1187 = DIRECTION ( 'NONE',  ( 0.000000000000000000, 1.000000000000000000, 0.000000000000000000 ) ) ;
#1188 = EDGE_CURVE ( 'NONE', #131, #1104, #268, .T. ) ;
#1189 = ORIENTED_EDGE ( 'NONE', *, *, #1409, .F. ) ;
#1190 =( NAMED_UNIT ( * ) SI_UNIT ( $, .STERADIAN. ) SOLID_ANGLE_UNIT ( ) );
#1191 = SURFACE_STYLE_FILL_AREA ( #476 ) ;
#1192 = SURFACE_SIDE_STYLE ('',( #846 ) ) ;
#1193 = VERTEX_POINT ( 'NONE', #1425 ) ;
#1194 = EDGE_CURVE ( 'NONE', #891, #1524, #146, .T. ) ;
#1195 = AXIS2_PLACEMENT_3D ( 'NONE', #138, #28, #21 ) ;
#1196 = CARTESIAN_POINT ( 'NONE',  ( -1.750000000000000000, -0.04000000000000000083, 0.3500000000000004219 ) ) ;
#1197 = VECTOR ( 'NONE', #159, 1000.000000000000000 ) ;
#1198 =( LENGTH_UNIT ( ) NAMED_UNIT ( * ) SI_UNIT ( .MILLI., .METRE. ) );
#1199 = CARTESIAN_POINT ( 'NONE',  ( 1.500000000000000000, 0.3750000000000000000, 1.000000000000000000 ) ) ;
#1200 = AXIS2_PLACEMENT_3D ( 'NONE', #562, #817, #1137 ) ;
#1201 = VERTEX_POINT ( 'NONE', #1083 ) ;
#1202 = LINE ( 'NONE', #650, #1329 ) ;
#1203 = CARTESIAN_POINT ( 'NONE',  ( 1.300000000000000044, 0.3750000000000000000, -1.761828530288945691E-16 ) ) ;
#1204 = STYLED_ITEM ( 'NONE', ( #430 ), #1374 ) ;
#1205 = EDGE_CURVE ( 'NONE', #1416, #1241, #748, .T. ) ;
#1206 = DIRECTION ( 'NONE',  ( 0.000000000000000000, 1.000000000000000000, 0.000000000000000000 ) ) ;
#1207 = UNCERTAINTY_MEASURE_WITH_UNIT (LENGTH_MEASURE( 1.000000000000000082E-05 ), #539, 'distance_accuracy_value', 'NONE');
#1208 = LINE ( 'NONE', #269, #283 ) ;
#1209 = CARTESIAN_POINT ( 'NONE',  ( 5.204748896376250699E-17, 0.6500000000000000222, 0.4249999999999999889 ) ) ;
#1210 = FILL_AREA_STYLE ('',( #1338 ) ) ;
#1211 = ORIENTED_EDGE ( 'NONE', *, *, #1265, .T. ) ;
#1212 = DIRECTION ( 'NONE',  ( 0.000000000000000000, 0.000000000000000000, 1.000000000000000000 ) ) ;
#1213 = PRODUCT_RELATED_PRODUCT_CATEGORY ( 'part', '', ( #751 ) ) ;
#1214 = PRESENTATION_LAYER_ASSIGNMENT (  '', '', ( #608 ) ) ;
#1215 = SURFACE_STYLE_USAGE ( .BOTH. , #504 ) ;
#1216 = LINE ( 'NONE', #150, #422 ) ;
#1217 = DIRECTION ( 'NONE',  ( 1.000000000000000000, 0.000000000000000000, -0.000000000000000000 ) ) ;
#1218 = VERTEX_POINT ( 'NONE', #861 ) ;
#1219 = LINE ( 'NONE', #647, #1221 ) ;
#1220 = ORIENTED_EDGE ( 'NONE', *, *, #1490, .T. ) ;
#1221 = VECTOR ( 'NONE', #1125, 1000.000000000000000 ) ;
#1222 = CARTESIAN_POINT ( 'NONE',  ( 1.700000000000000400, -0.04000000000000000083, -0.3499999999999999778 ) ) ;
#1223 = UNCERTAINTY_MEASURE_WITH_UNIT (LENGTH_MEASURE( 1.000000000000000082E-05 ), #1118, 'distance_accuracy_value', 'NONE');
#1224 = LINE ( 'NONE', #1465, #902 ) ;
#1225 = SURFACE_STYLE_FILL_AREA ( #370 ) ;
#1226 = SURFACE_STYLE_USAGE ( .BOTH. , #50 ) ;
#1227 = EDGE_CURVE ( 'NONE', #833, #821, #1313, .T. ) ;
#1228 = SURFACE_STYLE_USAGE ( .BOTH. , #381 ) ;
#1229 = ORIENTED_EDGE ( 'NONE', *, *, #629, .T. ) ;
#1230 = DIRECTION ( 'NONE',  ( 0.000000000000000000, 1.000000000000000000, 0.000000000000000000 ) ) ;
#1231 = ORIENTED_EDGE ( 'NONE', *, *, #606, .T. ) ;
#1232 = CARTESIAN_POINT ( 'NONE',  ( 5.204748896376250699E-17, 0.3350000000000000200, 0.4249999999999999889 ) ) ;
#1233 = LINE ( 'NONE', #791, #620 ) ;
#1234 = DIRECTION ( 'NONE',  ( -2.168404344971006107E-15, 0.000000000000000000, 1.000000000000000000 ) ) ;
#1235 = VECTOR ( 'NONE', #682, 1000.000000000000000 ) ;
#1236 = SURFACE_STYLE_FILL_AREA ( #1362 ) ;
#1237 = LINE ( 'NONE', #1120, #1091 ) ;
#1238 = VECTOR ( 'NONE', #578, 1000.000000000000000 ) ;
#1239 = DIRECTION ( 'NONE',  ( 0.000000000000000000, -0.000000000000000000, -1.000000000000000000 ) ) ;
#1240 = ADVANCED_FACE ( 'NONE', ( #361 ), #722, .T. ) ;
#1241 = VERTEX_POINT ( 'NONE', #1264 ) ;
#1242 =( NAMED_UNIT ( * ) SI_UNIT ( $, .STERADIAN. ) SOLID_ANGLE_UNIT ( ) );
#1243 = ORIENTED_EDGE ( 'NONE', *, *, #151, .T. ) ;
#1244 = DIRECTION ( 'NONE',  ( -2.168404344971006501E-15, 0.000000000000000000, 1.000000000000000000 ) ) ;
#1245 = UNCERTAINTY_MEASURE_WITH_UNIT (LENGTH_MEASURE( 1.000000000000000082E-05 ), #656, 'distance_accuracy_value', 'NONE');
#1246 = COLOUR_RGB ( '',0.9411764705882352811, 0.9411764705882352811, 0.9411764705882352811 ) ;
#1247 = LINE ( 'NONE', #1447, #834 ) ;
#1248 = CARTESIAN_POINT ( 'NONE',  ( -1.424999999999999822, -0.04000000000000000083, 0.6500000000000002442 ) ) ;
#1249 = DIRECTION ( 'NONE',  ( 0.000000000000000000, 1.000000000000000000, 0.000000000000000000 ) ) ;
#1250 = CARTESIAN_POINT ( 'NONE',  ( 1.250000000000000222, -0.04000000000000000083, 0.9999999999999995559 ) ) ;
#1251 = DIRECTION ( 'NONE',  ( -1.000000000000000000, 0.000000000000000000, -1.000802005371234437E-15 ) ) ;
#1252 = ORIENTED_EDGE ( 'NONE', *, *, #890, .T. ) ;
#1253 = CARTESIAN_POINT ( 'NONE',  ( -1.750000000000000444, 0.000000000000000000, -0.3499999999999995892 ) ) ;
#1254 = EDGE_CURVE ( 'NONE', #999, #1218, #884, .T. ) ;
#1255 = VERTEX_POINT ( 'NONE', #177 ) ;
#1256 = EDGE_CURVE ( 'NONE', #51, #910, #1376, .T. ) ;
#1257 = VECTOR ( 'NONE', #1477, 1000.000000000000000 ) ;
#1258 = AXIS2_PLACEMENT_3D ( 'NONE', #363, #501, #129 ) ;
#1259 =( NAMED_UNIT ( * ) SI_UNIT ( $, .STERADIAN. ) SOLID_ANGLE_UNIT ( ) );
#1260 = VECTOR ( 'NONE', #623, 1000.000000000000000 ) ;
#1261 = ORIENTED_EDGE ( 'NONE', *, *, #1532, .F. ) ;
#1262 = MANIFOLD_SOLID_BREP ( 'Boss-Extrude2', #1025 ) ;
#1263 = CARTESIAN_POINT ( 'NONE',  ( -1.700000000000000400, 0.000000000000000000, -0.3499999999999995892 ) ) ;
#1264 = CARTESIAN_POINT ( 'NONE',  ( -1.750000000000000000, 0.000000000000000000, 0.6500000000000000222 ) ) ;
#1265 = EDGE_CURVE ( 'NONE', #1152, #1201, #662, .T. ) ;
#1266 = VECTOR ( 'NONE', #1187, 1000.000000000000000 ) ;
#1267 = CARTESIAN_POINT ( 'NONE',  ( 1.500000000000000000, 0.3750000000000000000, 1.000000000000000000 ) ) ;
#1268 =( GEOMETRIC_REPRESENTATION_CONTEXT ( 3 ) GLOBAL_UNCERTAINTY_ASSIGNED_CONTEXT ( ( #605 ) ) GLOBAL_UNIT_ASSIGNED_CONTEXT ( ( #1045, #559, #549 ) ) REPRESENTATION_CONTEXT ( 'NONE', 'WORKASPACE' ) );
#1269 = FILL_AREA_STYLE ('',( #100 ) ) ;
#1270 = ORIENTED_EDGE ( 'NONE', *, *, #810, .F. ) ;
#1271 = ORIENTED_EDGE ( 'NONE', *, *, #87, .T. ) ;
#1272 = DIRECTION ( 'NONE',  ( -0.000000000000000000, 1.000000000000000000, -0.000000000000000000 ) ) ;
#1273 = DIRECTION ( 'NONE',  ( 1.000000000000000000, 0.000000000000000000, 0.000000000000000000 ) ) ;
#1274 = PRESENTATION_LAYER_ASSIGNMENT (  '', '', ( #771 ) ) ;
#1275 = LINE ( 'NONE', #1489, #475 ) ;
#1276 = ORIENTED_EDGE ( 'NONE', *, *, #125, .F. ) ;
#1277 = AXIS2_PLACEMENT_3D ( 'NONE', #704, #585, #1317 ) ;
#1278 = ORIENTED_EDGE ( 'NONE', *, *, #1117, .T. ) ;
#1279 = CARTESIAN_POINT ( 'NONE',  ( -1.750000000000000000, 0.000000000000000000, 0.3500000000000004219 ) ) ;
#1280 = FILL_AREA_STYLE ('',( #1047 ) ) ;
#1281 = DIRECTION ( 'NONE',  ( -1.000000000000000000, 0.000000000000000000, 1.355252715606881529E-16 ) ) ;
#1282 = VECTOR ( 'NONE', #996, 1000.000000000000000 ) ;
#1283 = EDGE_CURVE ( 'NONE', #668, #53, #1128, .T. ) ;
#1284 = ORIENTED_EDGE ( 'NONE', *, *, #356, .T. ) ;
#1285 = DIRECTION ( 'NONE',  ( 0.000000000000000000, 0.000000000000000000, 1.000000000000000000 ) ) ;
#1286 = EDGE_LOOP ( 'NONE', ( #873, #409, #167, #1502, #1509, #548, #119, #77 ) ) ;
#1287 = FACE_OUTER_BOUND ( 'NONE', #1402, .T. ) ;
#1288 = PLANE ( 'NONE',  #985 ) ;
#1289 = FILL_AREA_STYLE ('',( #1030 ) ) ;
#1290 = ORIENTED_EDGE ( 'NONE', *, *, #87, .F. ) ;
#1291 = EDGE_CURVE ( 'NONE', #622, #1016, #394, .T. ) ;
#1292 = ORIENTED_EDGE ( 'NONE', *, *, #38, .F. ) ;
#1293 = PLANE ( 'NONE',  #193 ) ;
#1294 = PRESENTATION_LAYER_ASSIGNMENT (  '', '', ( #604 ) ) ;
#1295 = FILL_AREA_STYLE_COLOUR ( '', #62 ) ;
#1296 = COLOUR_RGB ( '',0.9411764705882352811, 0.9411764705882352811, 0.9411764705882352811 ) ;
#1297 = ORIENTED_EDGE ( 'NONE', *, *, #912, .F. ) ;
#1298 = CARTESIAN_POINT ( 'NONE',  ( -1.750000000000000000, -0.04000000000000000083, 0.3500000000000004219 ) ) ;
#1299 = EDGE_CURVE ( 'NONE', #916, #312, #67, .T. ) ;
#1300 =( LENGTH_UNIT ( ) NAMED_UNIT ( * ) SI_UNIT ( .MILLI., .METRE. ) );
#1301 = FILL_AREA_STYLE ('',( #710 ) ) ;
#1302 = COLOUR_RGB ( '',0.4392156862745097978, 0.4392156862745097978, 0.4392156862745097978 ) ;
#1303 = EDGE_LOOP ( 'NONE', ( #1044, #601, #755, #404 ) ) ;
#1304 = SURFACE_STYLE_FILL_AREA ( #1411 ) ;
#1305 = VECTOR ( 'NONE', #263, 1000.000000000000000 ) ;
#1306 = CARTESIAN_POINT ( 'NONE',  ( -1.750000000000000000, 0.000000000000000000, 0.3500000000000004219 ) ) ;
#1307 = EDGE_CURVE ( 'NONE', #916, #513, #1479, .T. ) ;
#1308 = CARTESIAN_POINT ( 'NONE',  ( 1.250000000000000222, -0.04000000000000000083, 0.9999999999999995559 ) ) ;
#1309 = DIRECTION ( 'NONE',  ( -1.000000000000000000, 0.000000000000000000, -1.000802005371234240E-15 ) ) ;
#1310 = FILL_AREA_STYLE ('',( #856 ) ) ;
#1311 =( GEOMETRIC_REPRESENTATION_CONTEXT ( 3 ) GLOBAL_UNCERTAINTY_ASSIGNED_CONTEXT ( ( #256 ) ) GLOBAL_UNIT_ASSIGNED_CONTEXT ( ( #574, #1417, #542 ) ) REPRESENTATION_CONTEXT ( 'NONE', 'WORKASPACE' ) );
#1312 = ORIENTED_EDGE ( 'NONE', *, *, #1014, .T. ) ;
#1313 = LINE ( 'NONE', #1431, #517 ) ;
#1314 = CARTESIAN_POINT ( 'NONE',  ( 1.750000000000000444, 0.000000000000000000, 0.3499999999999999778 ) ) ;
#1315 = PLANE ( 'NONE',  #388 ) ;
#1316 = EDGE_CURVE ( 'NONE', #541, #802, #1233, .T. ) ;
#1317 = DIRECTION ( 'NONE',  ( 2.168404344971009262E-15, 0.000000000000000000, 1.000000000000000000 ) ) ;
#1318 = ADVANCED_FACE ( 'NONE', ( #1007 ), #904, .F. ) ;
#1319 = AXIS2_PLACEMENT_3D ( 'NONE', #1505, #1474, #877 ) ;
#1320 = EDGE_LOOP ( 'NONE', ( #359, #46, #83, #946, #1387, #757, #183, #1364 ) ) ;
#1321 = CARTESIAN_POINT ( 'NONE',  ( -1.300000000000000044, 0.3350000000000000200, 1.761828530288945691E-16 ) ) ;
#1322 = CARTESIAN_POINT ( 'NONE',  ( -1.750000000000000444, -0.04000000000000000083, -0.3499999999999995892 ) ) ;
#1323 =( NAMED_UNIT ( * ) PLANE_ANGLE_UNIT ( ) SI_UNIT ( $, .RADIAN. ) );
#1324 =( NAMED_UNIT ( * ) PLANE_ANGLE_UNIT ( ) SI_UNIT ( $, .RADIAN. ) );
#1325 = EDGE_CURVE ( 'NONE', #1379, #1255, #104, .T. ) ;
#1326 = ORIENTED_EDGE ( 'NONE', *, *, #732, .F. ) ;
#1327 = AXIS2_PLACEMENT_3D ( 'NONE', #756, #1116, #417 ) ;
#1328 = DIRECTION ( 'NONE',  ( 0.000000000000000000, 1.000000000000000000, 0.000000000000000000 ) ) ;
#1329 = VECTOR ( 'NONE', #1099, 1000.000000000000000 ) ;
#1330 = SURFACE_STYLE_FILL_AREA ( #1456 ) ;
#1331 = PRESENTATION_LAYER_ASSIGNMENT (  '', '', ( #444 ) ) ;
#1332 = CARTESIAN_POINT ( 'NONE',  ( -1.300000000000000044, 0.3750000000000000000, 1.761828530288945691E-16 ) ) ;
#1333 = DIRECTION ( 'NONE',  ( 1.000000000000000000, 0.000000000000000000, -1.084202172485505050E-16 ) ) ;
#1334 = VECTOR ( 'NONE', #1055, 1000.000000000000000 ) ;
#1335 = ORIENTED_EDGE ( 'NONE', *, *, #1406, .T. ) ;
#1336 = DIRECTION ( 'NONE',  ( 0.000000000000000000, -0.000000000000000000, 1.000000000000000000 ) ) ;
#1337 = CARTESIAN_POINT ( 'NONE',  ( 1.500000000000000000, 0.000000000000000000, 0.6500000000000000222 ) ) ;
#1338 = FILL_AREA_STYLE_COLOUR ( '', #1296 ) ;
#1339 = FACE_OUTER_BOUND ( 'NONE', #163, .T. ) ;
#1340 = EDGE_LOOP ( 'NONE', ( #798, #329, #191, #1284, #226, #1485, #34, #981 ) ) ;
#1341 = CARTESIAN_POINT ( 'NONE',  ( -1.699999999999999956, -0.04000000000000000083, 0.3500000000000004219 ) ) ;
#1342 = VECTOR ( 'NONE', #973, 1000.000000000000000 ) ;
#1343 = CARTESIAN_POINT ( 'NONE',  ( 1.500000000000000000, 0.000000000000000000, -1.000000000000000000 ) ) ;
#1344 =( NAMED_UNIT ( * ) PLANE_ANGLE_UNIT ( ) SI_UNIT ( $, .RADIAN. ) );
#1345 = CARTESIAN_POINT ( 'NONE',  ( -1.699999999999999956, 0.000000000000000000, 0.3500000000000004219 ) ) ;
#1346 = ORIENTED_EDGE ( 'NONE', *, *, #965, .T. ) ;
#1347 = LINE ( 'NONE', #184, #804 ) ;
#1348 = LINE ( 'NONE', #695, #490 ) ;
#1349 = VERTEX_POINT ( 'NONE', #1279 ) ;
#1350 = LINE ( 'NONE', #633, #1181 ) ;
#1351 =( NAMED_UNIT ( * ) SI_UNIT ( $, .STERADIAN. ) SOLID_ANGLE_UNIT ( ) );
#1352 = SURFACE_SIDE_STYLE ('',( #895 ) ) ;
#1353 = COLOUR_RGB ( '',0.9411764705882352811, 0.9411764705882352811, 0.9411764705882352811 ) ;
#1354 = EDGE_CURVE ( 'NONE', #681, #991, #435, .T. ) ;
#1355 = FACE_OUTER_BOUND ( 'NONE', #645, .T. ) ;
#1356 = DIRECTION ( 'NONE',  ( 0.000000000000000000, 0.000000000000000000, -1.000000000000000000 ) ) ;
#1357 = ORIENTED_EDGE ( 'NONE', *, *, #408, .T. ) ;
#1358 = LINE ( 'NONE', #285, #273 ) ;
#1359 = MECHANICAL_DESIGN_GEOMETRIC_PRESENTATION_REPRESENTATION (  '', ( #236 ), #679 ) ;
#1360 = EDGE_LOOP ( 'NONE', ( #997, #416, #526, #86 ) ) ;
#1361 = CARTESIAN_POINT ( 'NONE',  ( -1.749999999999999778, -0.04000000000000000083, -0.6500000000000000222 ) ) ;
#1362 = FILL_AREA_STYLE ('',( #204 ) ) ;
#1363 = ADVANCED_FACE ( 'NONE', ( #675 ), #453, .F. ) ;
#1364 = ORIENTED_EDGE ( 'NONE', *, *, #1503, .F. ) ;
#1365 = PRESENTATION_LAYER_ASSIGNMENT (  '', '', ( #1027 ) ) ;
#1366 = PRESENTATION_STYLE_ASSIGNMENT (( #1005 ) ) ;
#1367 = ORIENTED_EDGE ( 'NONE', *, *, #471, .F. ) ;
#1368 = CARTESIAN_POINT ( 'NONE',  ( -1.749999999999999778, -0.04000000000000000083, -0.6500000000000000222 ) ) ;
#1369 = AXIS2_PLACEMENT_3D ( 'NONE', #323, #105, #1036 ) ;
#1370 = CARTESIAN_POINT ( 'NONE',  ( 1.749999999999999778, -0.04000000000000000083, -0.6500000000000000222 ) ) ;
#1371 =( GEOMETRIC_REPRESENTATION_CONTEXT ( 3 ) GLOBAL_UNCERTAINTY_ASSIGNED_CONTEXT ( ( #663 ) ) GLOBAL_UNIT_ASSIGNED_CONTEXT ( ( #945, #1324, #728 ) ) REPRESENTATION_CONTEXT ( 'NONE', 'WORKASPACE' ) );
#1372 = LINE ( 'NONE', #703, #258 ) ;
#1373 = VERTEX_POINT ( 'NONE', #338 ) ;
#1374 = ADVANCED_FACE ( 'NONE', ( #911, #1287 ), #1160, .T. ) ;
#1375 = ORIENTED_EDGE ( 'NONE', *, *, #97, .F. ) ;
#1376 = LINE ( 'NONE', #518, #1401 ) ;
#1377 = PRESENTATION_STYLE_ASSIGNMENT (( #196 ) ) ;
#1378 = VECTOR ( 'NONE', #1496, 1000.000000000000000 ) ;
#1379 = VERTEX_POINT ( 'NONE', #707 ) ;
#1380 = ORIENTED_EDGE ( 'NONE', *, *, #1454, .F. ) ;
#1381 = EDGE_CURVE ( 'NONE', #1218, #427, #1182, .T. ) ;
#1382 = UNCERTAINTY_MEASURE_WITH_UNIT (LENGTH_MEASURE( 1.000000000000000082E-05 ), #631, 'distance_accuracy_value', 'NONE');
#1383 = MECHANICAL_DESIGN_GEOMETRIC_PRESENTATION_REPRESENTATION (  '', ( #935 ), #382 ) ;
#1384 = DIRECTION ( 'NONE',  ( 1.000000000000000000, 0.000000000000000000, 0.000000000000000000 ) ) ;
#1385 = VERTEX_POINT ( 'NONE', #145 ) ;
#1386 = CARTESIAN_POINT ( 'NONE',  ( 0.000000000000000000, 0.000000000000000000, 0.000000000000000000 ) ) ;
#1387 = ORIENTED_EDGE ( 'NONE', *, *, #1518, .T. ) ;
#1388 = CARTESIAN_POINT ( 'NONE',  ( 1.500000000000000000, 0.000000000000000000, 1.000000000000000000 ) ) ;
#1389 =( GEOMETRIC_REPRESENTATION_CONTEXT ( 3 ) GLOBAL_UNCERTAINTY_ASSIGNED_CONTEXT ( ( #1207 ) ) GLOBAL_UNIT_ASSIGNED_CONTEXT ( ( #539, #57, #187 ) ) REPRESENTATION_CONTEXT ( 'NONE', 'WORKASPACE' ) );
#1390 = ADVANCED_FACE ( 'NONE', ( #1453 ), #384, .F. ) ;
#1391 = CARTESIAN_POINT ( 'NONE',  ( 1.425000000000000266, 0.000000000000000000, -0.6500000000000000222 ) ) ;
#1392 = ORIENTED_EDGE ( 'NONE', *, *, #436, .T. ) ;
#1393 = ORIENTED_EDGE ( 'NONE', *, *, #1511, .F. ) ;
#1394 = DIRECTION ( 'NONE',  ( 1.000000000000000000, 0.000000000000000000, -0.000000000000000000 ) ) ;
#1395 = SURFACE_SIDE_STYLE ('',( #348 ) ) ;
#1396 = CARTESIAN_POINT ( 'NONE',  ( -1.500000000000000000, 0.3750000000000000000, -1.000000000000000000 ) ) ;
#1397 = VECTOR ( 'NONE', #515, 1000.000000000000000 ) ;
#1398 = ADVANCED_FACE ( 'NONE', ( #1424 ), #602, .F. ) ;
#1399 = MECHANICAL_DESIGN_GEOMETRIC_PRESENTATION_REPRESENTATION (  '', ( #55 ), #186 ) ;
#1400 = ORIENTED_EDGE ( 'NONE', *, *, #702, .F. ) ;
#1401 = VECTOR ( 'NONE', #641, 1000.000000000000000 ) ;
#1402 = EDGE_LOOP ( 'NONE', ( #857, #678, #1126, #1469 ) ) ;
#1403 = DIRECTION ( 'NONE',  ( -1.000000000000000000, 0.000000000000000000, 0.000000000000000000 ) ) ;
#1404 = VECTOR ( 'NONE', #534, 1000.000000000000000 ) ;
#1405 = FACE_OUTER_BOUND ( 'NONE', #705, .T. ) ;
#1406 = EDGE_CURVE ( 'NONE', #1429, #402, #1063, .T. ) ;
#1407 = DIRECTION ( 'NONE',  ( 0.000000000000000000, -0.000000000000000000, 1.000000000000000000 ) ) ;
#1408 = ORIENTED_EDGE ( 'NONE', *, *, #451, .T. ) ;
#1409 = EDGE_CURVE ( 'NONE', #991, #1438, #6, .T. ) ;
#1410 = ORIENTED_EDGE ( 'NONE', *, *, #451, .F. ) ;
#1411 = FILL_AREA_STYLE ('',( #322 ) ) ;
#1412 = LINE ( 'NONE', #1306, #1082 ) ;
#1413 = DIRECTION ( 'NONE',  ( -0.000000000000000000, -1.000000000000000000, -0.000000000000000000 ) ) ;
#1414 = AXIS2_PLACEMENT_3D ( 'NONE', #152, #1114, #1251 ) ;
#1415 = VECTOR ( 'NONE', #170, 1000.000000000000000 ) ;
#1416 = VERTEX_POINT ( 'NONE', #1089 ) ;
#1417 =( NAMED_UNIT ( * ) PLANE_ANGLE_UNIT ( ) SI_UNIT ( $, .RADIAN. ) );
#1418 = ADVANCED_FACE ( 'NONE', ( #835 ), #468, .F. ) ;
#1419 = DIRECTION ( 'NONE',  ( -1.000000000000000000, 0.000000000000000000, 8.673617379884035472E-17 ) ) ;
#1420 = LINE ( 'NONE', #350, #786 ) ;
#1421 = PLANE ( 'NONE',  #1043 ) ;
#1422 = DIRECTION ( 'NONE',  ( -6.195440985631454331E-16, 0.000000000000000000, -1.000000000000000000 ) ) ;
#1423 = ORIENTED_EDGE ( 'NONE', *, *, #672, .F. ) ;
#1424 = FACE_OUTER_BOUND ( 'NONE', #284, .T. ) ;
#1425 = CARTESIAN_POINT ( 'NONE',  ( 1.750000000000000444, -0.04000000000000000083, -0.3499999999999999778 ) ) ;
#1426 = ADVANCED_FACE ( 'NONE', ( #1493 ), #1461, .T. ) ;
#1427 = FILL_AREA_STYLE_COLOUR ( '', #686 ) ;
#1428 = SURFACE_SIDE_STYLE ('',( #714 ) ) ;
#1429 = VERTEX_POINT ( 'NONE', #301 ) ;
#1430 = DIRECTION ( 'NONE',  ( -1.084202172485505050E-16, 0.000000000000000000, -1.000000000000000000 ) ) ;
#1431 = CARTESIAN_POINT ( 'NONE',  ( -1.425000000000000266, 0.000000000000000000, -0.6499999999999996891 ) ) ;
#1432 = MECHANICAL_DESIGN_GEOMETRIC_PRESENTATION_REPRESENTATION (  '', ( #1027 ), #628 ) ;
#1433 = CARTESIAN_POINT ( 'NONE',  ( 1.500000000000000000, 0.3750000000000000000, -1.000000000000000000 ) ) ;
#1434 = ADVANCED_FACE ( 'NONE', ( #398 ), #783, .F. ) ;
#1435 = DIRECTION ( 'NONE',  ( -0.000000000000000000, 1.000000000000000000, -0.000000000000000000 ) ) ;
#1436 =( NAMED_UNIT ( * ) SI_UNIT ( $, .STERADIAN. ) SOLID_ANGLE_UNIT ( ) );
#1437 = COLOUR_RGB ( '',0.9411764705882352811, 0.9411764705882352811, 0.9411764705882352811 ) ;
#1438 = VERTEX_POINT ( 'NONE', #1139 ) ;
#1439 = COLOUR_RGB ( '',0.9411764705882352811, 0.9411764705882352811, 0.9411764705882352811 ) ;
#1440 = UNCERTAINTY_MEASURE_WITH_UNIT (LENGTH_MEASURE( 1.000000000000000082E-05 ), #900, 'distance_accuracy_value', 'NONE');
#1441 = DIRECTION ( 'NONE',  ( -1.084202172485504927E-16, 0.000000000000000000, -1.000000000000000000 ) ) ;
#1442 = PLANE ( 'NONE',  #1167 ) ;
#1443 = PRODUCT_DEFINITION_FORMATION_WITH_SPECIFIED_SOURCE ( 'ANY', '', #751, .NOT_KNOWN. ) ;
#1444 = ORIENTED_EDGE ( 'NONE', *, *, #1518, .F. ) ;
#1445 = FILL_AREA_STYLE_COLOUR ( '', #1002 ) ;
#1446 =( NAMED_UNIT ( * ) PLANE_ANGLE_UNIT ( ) SI_UNIT ( $, .RADIAN. ) );
#1447 = CARTESIAN_POINT ( 'NONE',  ( -1.750000000000000000, 0.000000000000000000, 0.6500000000000000222 ) ) ;
#1448 = LINE ( 'NONE', #743, #796 ) ;
#1449 = FILL_AREA_STYLE ('',( #271 ) ) ;
#1450 = FILL_AREA_STYLE ('',( #153 ) ) ;
#1451 = AXIS2_PLACEMENT_3D ( 'NONE', #1433, #1530, #818 ) ;
#1452 = ORIENTED_EDGE ( 'NONE', *, *, #652, .T. ) ;
#1453 = FACE_OUTER_BOUND ( 'NONE', #1286, .T. ) ;
#1454 = EDGE_CURVE ( 'NONE', #1096, #1538, #1347, .T. ) ;
#1455 = PRESENTATION_LAYER_ASSIGNMENT (  '', '', ( #659 ) ) ;
#1456 = FILL_AREA_STYLE ('',( #250 ) ) ;
#1457 = UNCERTAINTY_MEASURE_WITH_UNIT (LENGTH_MEASURE( 1.000000000000000082E-05 ), #739, 'distance_accuracy_value', 'NONE');
#1458 = SURFACE_STYLE_USAGE ( .BOTH. , #726 ) ;
#1459 = CARTESIAN_POINT ( 'NONE',  ( 1.500000000000000000, 0.3750000000000000000, -1.000000000000000000 ) ) ;
#1460 = EDGE_LOOP ( 'NONE', ( #144, #925, #720, #1270, #1380, #1400, #764, #1423 ) ) ;
#1461 = PLANE ( 'NONE',  #349 ) ;
#1462 = VERTEX_POINT ( 'NONE', #1263 ) ;
#1463 = ADVANCED_FACE ( 'NONE', ( #192 ), #1470, .T. ) ;
#1464 = FILL_AREA_STYLE_COLOUR ( '', #1123 ) ;
#1465 = CARTESIAN_POINT ( 'NONE',  ( -1.000802005371234018E-16, 0.3350000000000000200, -0.7999999999999993783 ) ) ;
#1466 = VECTOR ( 'NONE', #14, 1000.000000000000000 ) ;
#1467 = FILL_AREA_STYLE_COLOUR ( '', #782 ) ;
#1468 = CARTESIAN_POINT ( 'NONE',  ( -1.300000000000000044, 0.3350000000000000200, 1.761828530288945691E-16 ) ) ;
#1469 = ORIENTED_EDGE ( 'NONE', *, *, #652, .F. ) ;
#1470 = CYLINDRICAL_SURFACE ( 'NONE', #1327, 0.4249999999999999889 ) ;
#1471 = ORIENTED_EDGE ( 'NONE', *, *, #480, .T. ) ;
#1472 = SURFACE_STYLE_USAGE ( .BOTH. , #195 ) ;
#1473 = UNCERTAINTY_MEASURE_WITH_UNIT (LENGTH_MEASURE( 1.000000000000000082E-05 ), #488, 'distance_accuracy_value', 'NONE');
#1474 = DIRECTION ( 'NONE',  ( 0.000000000000000000, 0.000000000000000000, 1.000000000000000000 ) ) ;
#1475 = PRESENTATION_STYLE_ASSIGNMENT (( #142 ) ) ;
#1476 = ORIENTED_EDGE ( 'NONE', *, *, #1381, .F. ) ;
#1477 = DIRECTION ( 'NONE',  ( -0.000000000000000000, -1.000000000000000000, -0.000000000000000000 ) ) ;
#1478 = ORIENTED_EDGE ( 'NONE', *, *, #968, .F. ) ;
#1479 = LINE ( 'NONE', #527, #570 ) ;
#1480 = COLOUR_RGB ( '',0.9411764705882352811, 0.9411764705882352811, 0.9411764705882352811 ) ;
#1481 = EDGE_CURVE ( 'NONE', #648, #412, #1358, .T. ) ;
#1482 = DIRECTION ( 'NONE',  ( 0.000000000000000000, 0.000000000000000000, 1.000000000000000000 ) ) ;
#1483 = ORIENTED_EDGE ( 'NONE', *, *, #596, .T. ) ;
#1484 = MECHANICAL_DESIGN_GEOMETRIC_PRESENTATION_REPRESENTATION (  '', ( #604 ), #1008 ) ;
#1485 = ORIENTED_EDGE ( 'NONE', *, *, #1325, .F. ) ;
#1486 = DIRECTION ( 'NONE',  ( -1.000000000000000000, 0.000000000000000000, -2.168404344971006501E-15 ) ) ;
#1487 = CARTESIAN_POINT ( 'NONE',  ( -1.424999999999999822, -0.04000000000000000083, 0.6500000000000002442 ) ) ;
#1488 =( GEOMETRIC_REPRESENTATION_CONTEXT ( 3 ) GLOBAL_UNCERTAINTY_ASSIGNED_CONTEXT ( ( #203 ) ) GLOBAL_UNIT_ASSIGNED_CONTEXT ( ( #124, #572, #1050 ) ) REPRESENTATION_CONTEXT ( 'NONE', 'WORKASPACE' ) );
#1489 = CARTESIAN_POINT ( 'NONE',  ( -1.700000000000000400, -0.04000000000000000083, -0.3499999999999995892 ) ) ;
#1490 = EDGE_CURVE ( 'NONE', #802, #1385, #173, .T. ) ;
#1491 = LINE ( 'NONE', #325, #1334 ) ;
#1492 = SURFACE_STYLE_FILL_AREA ( #207 ) ;
#1493 = FACE_OUTER_BOUND ( 'NONE', #306, .T. ) ;
#1494 = ORIENTED_EDGE ( 'NONE', *, *, #319, .F. ) ;
#1495 = DIRECTION ( 'NONE',  ( 1.000000000000000000, 0.000000000000000000, 0.000000000000000000 ) ) ;
#1496 = DIRECTION ( 'NONE',  ( 0.000000000000000000, 1.000000000000000000, 0.000000000000000000 ) ) ;
#1497 = CARTESIAN_POINT ( 'NONE',  ( 1.749999999999999778, -0.04000000000000000083, -0.6500000000000000222 ) ) ;
#1498 = PRESENTATION_LAYER_ASSIGNMENT (  '', '', ( #55 ) ) ;
#1499 = LINE ( 'NONE', #780, #740 ) ;
#1500 =( GEOMETRIC_REPRESENTATION_CONTEXT ( 3 ) GLOBAL_UNCERTAINTY_ASSIGNED_CONTEXT ( ( #528 ) ) GLOBAL_UNIT_ASSIGNED_CONTEXT ( ( #1076, #766, #1351 ) ) REPRESENTATION_CONTEXT ( 'NONE', 'WORKASPACE' ) );
#1501 = EDGE_LOOP ( 'NONE', ( #154, #666, #747, #1533, #274 ) ) ;
#1502 = ORIENTED_EDGE ( 'NONE', *, *, #139, .F. ) ;
#1503 = EDGE_CURVE ( 'NONE', #621, #668, #164, .T. ) ;
#1504 = VECTOR ( 'NONE', #1234, 1000.000000000000000 ) ;
#1505 = CARTESIAN_POINT ( 'NONE',  ( 1.425000000000000266, -0.04000000000000000083, 0.6500000000000000222 ) ) ;
#1506 = MECHANICAL_DESIGN_GEOMETRIC_PRESENTATION_REPRESENTATION (  '', ( #1100 ), #418 ) ;
#1507 =( GEOMETRIC_REPRESENTATION_CONTEXT ( 3 ) GLOBAL_UNCERTAINTY_ASSIGNED_CONTEXT ( ( #288 ) ) GLOBAL_UNIT_ASSIGNED_CONTEXT ( ( #11, #251, #712 ) ) REPRESENTATION_CONTEXT ( 'NONE', 'WORKASPACE' ) );
#1508 = PLANE ( 'NONE',  #554 ) ;
#1509 = ORIENTED_EDGE ( 'NONE', *, *, #742, .T. ) ;
#1510 = DIRECTION ( 'NONE',  ( 0.000000000000000000, 1.000000000000000000, 0.000000000000000000 ) ) ;
#1511 = EDGE_CURVE ( 'NONE', #821, #53, #52, .T. ) ;
#1512 = PLANE ( 'NONE',  #1369 ) ;
#1513 = PLANE ( 'NONE',  #646 ) ;
#1514 = ORIENTED_EDGE ( 'NONE', *, *, #247, .T. ) ;
#1515 = EDGE_LOOP ( 'NONE', ( #1483, #797, #640, #275, #1211, #199, #212, #1088 ) ) ;
#1516 = FILL_AREA_STYLE_COLOUR ( '', #431 ) ;
#1517 = DIRECTION ( 'NONE',  ( 1.000000000000000000, 0.000000000000000000, 0.000000000000000000 ) ) ;
#1518 = EDGE_CURVE ( 'NONE', #1066, #39, #776, .T. ) ;
#1519 = CARTESIAN_POINT ( 'NONE',  ( 1.300000000000000266, 0.3350000000000000200, 0.7999999999999997113 ) ) ;
#1520 = FACE_OUTER_BOUND ( 'NONE', #1183, .T. ) ;
#1521 = AXIS2_PLACEMENT_3D ( 'NONE', #660, #392, #1105 ) ;
#1522 = EDGE_CURVE ( 'NONE', #910, #1174, #998, .T. ) ;
#1523 = LINE ( 'NONE', #801, #35 ) ;
#1524 = VERTEX_POINT ( 'NONE', #1253 ) ;
#1525 = VECTOR ( 'NONE', #1206, 1000.000000000000000 ) ;
#1526 = ORIENTED_EDGE ( 'NONE', *, *, #922, .F. ) ;
#1527 = CARTESIAN_POINT ( 'NONE',  ( 1.700000000000000400, 0.000000000000000000, -0.3499999999999999778 ) ) ;
#1528 = VECTOR ( 'NONE', #1419, 1000.000000000000000 ) ;
#1529 =( NAMED_UNIT ( * ) PLANE_ANGLE_UNIT ( ) SI_UNIT ( $, .RADIAN. ) );
#1530 = DIRECTION ( 'NONE',  ( 0.000000000000000000, -0.000000000000000000, 1.000000000000000000 ) ) ;
#1531 = MECHANICAL_DESIGN_GEOMETRIC_PRESENTATION_REPRESENTATION (  '', ( #1204 ), #1311 ) ;
#1532 = EDGE_CURVE ( 'NONE', #312, #402, #1219, .T. ) ;
#1533 = ORIENTED_EDGE ( 'NONE', *, *, #1178, .F. ) ;
#1534 = PRESENTATION_STYLE_ASSIGNMENT (( #576 ) ) ;
#1535 = LINE ( 'NONE', #1308, #1528 ) ;
#1536 = LINE ( 'NONE', #583, #1266 ) ;
#1537 = VECTOR ( 'NONE', #230, 1000.000000000000000 ) ;
#1538 = VERTEX_POINT ( 'NONE', #92 ) ;
#1539 = LINE ( 'NONE', #1196, #1305 ) ;
#1540 = ADVANCED_BREP_SHAPE_REPRESENTATION ( 'SW_TS2819', ( #1262, #971 ), #614 ) ;
ENDSEC;
END-ISO-10303-21;
