ISO-10303-21;
HEADER;
/* Generated by software containing ST-Developer
 * from STEP Tools, Inc. (www.steptools.com) 
 */

FILE_DESCRIPTION(
/* description */ ('KiCad electronic assembly'),
/* implementation_level */ '2;1');

FILE_NAME(
/* name */ 'Swadge-screen-1 v3.step',
/* time_stamp */ '2025-09-30T17:34:01-04:00',
/* author */ (''),
/* organization */ (''),
/* preprocessor_version */ 'ST-DEVELOPER v20.1',
/* originating_system */ 'Autodesk Translation Framework v14.17.0.0',
/* authorisation */ '');

FILE_SCHEMA (('AUTOMOTIVE_DESIGN { 1 0 10303 214 3 1 1 }'));
ENDSEC;

DATA;
#10=MECHANICAL_DESIGN_GEOMETRIC_PRESENTATION_REPRESENTATION('',(#1057,#1058,
#1059,#1060,#1061,#1062,#1063,#1064,#1065,#1066,#1067,#1068,#1069,#1070,
#1071,#1072,#1073,#1074,#1075,#1076,#1077,#1078,#1079,#1080,#1081,#1082,
#1083,#1084,#1085,#1086,#1087,#1088,#1089,#1090,#1091,#1092,#1093,#1094,
#1095,#1096,#1097),#2086);
#11=ITEM_DEFINED_TRANSFORMATION($,$,#1173,#1274);
#12=(
REPRESENTATION_RELATIONSHIP($,$,#2097,#2096)
REPRESENTATION_RELATIONSHIP_WITH_TRANSFORMATION(#11)
SHAPE_REPRESENTATION_RELATIONSHIP()
);
#13=CONTEXT_DEPENDENT_SHAPE_REPRESENTATION(#12,#2095);
#14=NEXT_ASSEMBLY_USAGE_OCCURRENCE('RB017A1505A:1','RB017A1505A:1',
'RB017A1505A:1',#2099,#2100,'RB017A1505A:1');
#15=SHAPE_REPRESENTATION_RELATIONSHIP('SRR','None',#2097,#16);
#16=ADVANCED_BREP_SHAPE_REPRESENTATION('',(#17),#2085);
#17=MANIFOLD_SOLID_BREP('Body2',#1159);
#18=FACE_BOUND('',#184,.T.);
#19=B_SPLINE_SURFACE_WITH_KNOTS('',4,1,((#1773,#1774),(#1775,#1776),(#1777,
#1778),(#1779,#1780),(#1781,#1782),(#1783,#1784),(#1785,#1786),(#1787,#1788)),
 .UNSPECIFIED.,.F.,.F.,.F.,(5,1,1,1,5),(2,2),(-5.,-4.,-3.,-2.,-1.),(0.,
0.0216),.UNSPECIFIED.);
#20=B_SPLINE_SURFACE_WITH_KNOTS('',3,3,((#1860,#1861,#1862,#1863),(#1864,
#1865,#1866,#1867),(#1868,#1869,#1870,#1871),(#1872,#1873,#1874,#1875)),
 .UNSPECIFIED.,.F.,.F.,.F.,(4,4),(4,4),(-1.5785858806967E-6,0.0431563601299907),
(0.,0.0150015785858807),.UNSPECIFIED.);
#21=B_SPLINE_SURFACE_WITH_KNOTS('',3,3,((#1888,#1889,#1890,#1891,#1892),
(#1893,#1894,#1895,#1896,#1897),(#1898,#1899,#1900,#1901,#1902),(#1903,
#1904,#1905,#1906,#1907)),.UNSPECIFIED.,.F.,.F.,.F.,(4,4),(4,1,4),(-0.000183431463520408,
0.371134458085621),(1.76408306780239,2.452900957572,3.14171884733917),
 .UNSPECIFIED.);
#22=CYLINDRICAL_SURFACE('',#1178,0.950000000000006);
#23=CYLINDRICAL_SURFACE('',#1189,0.800000000000006);
#24=CYLINDRICAL_SURFACE('',#1208,0.251111024336);
#25=CYLINDRICAL_SURFACE('',#1211,0.36167951235);
#26=CYLINDRICAL_SURFACE('',#1214,0.524824892722);
#27=CYLINDRICAL_SURFACE('',#1216,0.547297316213);
#28=CYLINDRICAL_SURFACE('',#1218,0.826701783503);
#29=CYLINDRICAL_SURFACE('',#1222,1.741897998489);
#30=CYLINDRICAL_SURFACE('',#1224,0.367861197117);
#31=CYLINDRICAL_SURFACE('',#1228,0.5);
#32=CYLINDRICAL_SURFACE('',#1230,0.65);
#33=CYLINDRICAL_SURFACE('',#1244,4.917954970791);
#34=CYLINDRICAL_SURFACE('',#1247,4.733199766546);
#35=CYLINDRICAL_SURFACE('',#1250,4.56756705682);
#36=CYLINDRICAL_SURFACE('',#1253,4.305268733109);
#37=CYLINDRICAL_SURFACE('',#1265,4.885595529058);
#38=CYLINDRICAL_SURFACE('',#1267,4.295446772008);
#39=CYLINDRICAL_SURFACE('',#1269,4.357531872702);
#40=CYLINDRICAL_SURFACE('',#1271,4.919662718205);
#41=CIRCLE('',#1176,0.949999999999971);
#42=CIRCLE('',#1177,0.799999999999971);
#43=CIRCLE('',#1179,0.949999999999983);
#44=CIRCLE('',#1183,0.826701783503);
#45=CIRCLE('',#1184,0.547297316213);
#46=CIRCLE('',#1185,0.524824892722);
#47=CIRCLE('',#1186,0.367861197117);
#48=CIRCLE('',#1187,1.741897998489);
#49=CIRCLE('',#1190,0.799999999999984);
#50=CIRCLE('',#1193,0.650000000000001);
#51=CIRCLE('',#1194,0.5);
#52=CIRCLE('',#1196,0.5);
#53=CIRCLE('',#1197,0.65);
#54=CIRCLE('',#1199,1.741897998489);
#55=CIRCLE('',#1200,0.367861197117);
#56=CIRCLE('',#1201,0.524824892722);
#57=CIRCLE('',#1202,0.547297316213);
#58=CIRCLE('',#1203,0.826701783503);
#59=CIRCLE('',#1205,0.251111024336);
#60=CIRCLE('',#1206,0.36167951235);
#61=CIRCLE('',#1209,0.251111024336);
#62=CIRCLE('',#1212,0.36167951235);
#63=CIRCLE('',#1232,4.56756705682);
#64=CIRCLE('',#1233,4.305268733109);
#65=CIRCLE('',#1235,4.917954970791);
#66=CIRCLE('',#1236,4.733199766546);
#67=CIRCLE('',#1237,4.56756705682);
#68=CIRCLE('',#1238,4.305268733109);
#69=CIRCLE('',#1239,4.919662718205);
#70=CIRCLE('',#1240,4.885595529058);
#71=CIRCLE('',#1241,4.295446772008);
#72=CIRCLE('',#1242,4.357531872702);
#73=CIRCLE('',#1245,4.917954970791);
#74=CIRCLE('',#1248,4.733199766546);
#75=CIRCLE('',#1251,4.56756705682);
#76=CIRCLE('',#1252,4.56756705682);
#77=CIRCLE('',#1254,4.305268733109);
#78=CIRCLE('',#1255,4.305268733109);
#79=CIRCLE('',#1260,4.919662718205);
#80=CIRCLE('',#1261,4.357531872702);
#81=CIRCLE('',#1262,4.295446772008);
#82=CIRCLE('',#1263,4.885595529058);
#83=FACE_OUTER_BOUND('',#144,.T.);
#84=FACE_OUTER_BOUND('',#145,.T.);
#85=FACE_OUTER_BOUND('',#146,.T.);
#86=FACE_OUTER_BOUND('',#147,.T.);
#87=FACE_OUTER_BOUND('',#148,.T.);
#88=FACE_OUTER_BOUND('',#149,.T.);
#89=FACE_OUTER_BOUND('',#150,.T.);
#90=FACE_OUTER_BOUND('',#151,.T.);
#91=FACE_OUTER_BOUND('',#152,.T.);
#92=FACE_OUTER_BOUND('',#153,.T.);
#93=FACE_OUTER_BOUND('',#154,.T.);
#94=FACE_OUTER_BOUND('',#155,.T.);
#95=FACE_OUTER_BOUND('',#156,.T.);
#96=FACE_OUTER_BOUND('',#157,.T.);
#97=FACE_OUTER_BOUND('',#158,.T.);
#98=FACE_OUTER_BOUND('',#159,.T.);
#99=FACE_OUTER_BOUND('',#160,.T.);
#100=FACE_OUTER_BOUND('',#161,.T.);
#101=FACE_OUTER_BOUND('',#162,.T.);
#102=FACE_OUTER_BOUND('',#163,.T.);
#103=FACE_OUTER_BOUND('',#164,.T.);
#104=FACE_OUTER_BOUND('',#165,.T.);
#105=FACE_OUTER_BOUND('',#166,.T.);
#106=FACE_OUTER_BOUND('',#167,.T.);
#107=FACE_OUTER_BOUND('',#168,.T.);
#108=FACE_OUTER_BOUND('',#169,.T.);
#109=FACE_OUTER_BOUND('',#170,.T.);
#110=FACE_OUTER_BOUND('',#171,.T.);
#111=FACE_OUTER_BOUND('',#172,.T.);
#112=FACE_OUTER_BOUND('',#173,.T.);
#113=FACE_OUTER_BOUND('',#174,.T.);
#114=FACE_OUTER_BOUND('',#175,.T.);
#115=FACE_OUTER_BOUND('',#176,.T.);
#116=FACE_OUTER_BOUND('',#177,.T.);
#117=FACE_OUTER_BOUND('',#178,.T.);
#118=FACE_OUTER_BOUND('',#179,.T.);
#119=FACE_OUTER_BOUND('',#180,.T.);
#120=FACE_OUTER_BOUND('',#181,.T.);
#121=FACE_OUTER_BOUND('',#182,.T.);
#122=FACE_OUTER_BOUND('',#183,.T.);
#123=FACE_OUTER_BOUND('',#185,.T.);
#124=FACE_OUTER_BOUND('',#186,.T.);
#125=FACE_OUTER_BOUND('',#187,.T.);
#126=FACE_OUTER_BOUND('',#188,.T.);
#127=FACE_OUTER_BOUND('',#189,.T.);
#128=FACE_OUTER_BOUND('',#190,.T.);
#129=FACE_OUTER_BOUND('',#191,.T.);
#130=FACE_OUTER_BOUND('',#192,.T.);
#131=FACE_OUTER_BOUND('',#193,.T.);
#132=FACE_OUTER_BOUND('',#194,.T.);
#133=FACE_OUTER_BOUND('',#195,.T.);
#134=FACE_OUTER_BOUND('',#196,.T.);
#135=FACE_OUTER_BOUND('',#197,.T.);
#136=FACE_OUTER_BOUND('',#198,.T.);
#137=FACE_OUTER_BOUND('',#199,.T.);
#138=FACE_OUTER_BOUND('',#200,.T.);
#139=FACE_OUTER_BOUND('',#201,.T.);
#140=FACE_OUTER_BOUND('',#202,.T.);
#141=FACE_OUTER_BOUND('',#203,.T.);
#142=FACE_OUTER_BOUND('',#204,.T.);
#143=FACE_OUTER_BOUND('',#205,.T.);
#144=EDGE_LOOP('',(#698,#699,#700,#701,#702,#703));
#145=EDGE_LOOP('',(#704,#705,#706,#707));
#146=EDGE_LOOP('',(#708,#709,#710,#711));
#147=EDGE_LOOP('',(#712,#713,#714,#715,#716,#717));
#148=EDGE_LOOP('',(#718,#719,#720,#721));
#149=EDGE_LOOP('',(#722,#723,#724,#725,#726,#727,#728,#729,#730,#731,#732,
#733,#734,#735,#736,#737));
#150=EDGE_LOOP('',(#738,#739,#740,#741));
#151=EDGE_LOOP('',(#742,#743,#744,#745));
#152=EDGE_LOOP('',(#746,#747,#748,#749));
#153=EDGE_LOOP('',(#750,#751,#752,#753));
#154=EDGE_LOOP('',(#754,#755,#756,#757));
#155=EDGE_LOOP('',(#758,#759,#760,#761,#762,#763,#764,#765,#766,#767,#768,
#769,#770,#771,#772,#773));
#156=EDGE_LOOP('',(#774,#775,#776,#777,#778,#779,#780,#781));
#157=EDGE_LOOP('',(#782,#783,#784,#785));
#158=EDGE_LOOP('',(#786,#787,#788,#789));
#159=EDGE_LOOP('',(#790,#791,#792,#793));
#160=EDGE_LOOP('',(#794,#795,#796,#797));
#161=EDGE_LOOP('',(#798,#799,#800,#801,#802,#803));
#162=EDGE_LOOP('',(#804,#805,#806,#807));
#163=EDGE_LOOP('',(#808,#809,#810,#811));
#164=EDGE_LOOP('',(#812,#813,#814,#815));
#165=EDGE_LOOP('',(#816,#817,#818,#819));
#166=EDGE_LOOP('',(#820,#821,#822,#823));
#167=EDGE_LOOP('',(#824,#825,#826,#827));
#168=EDGE_LOOP('',(#828,#829,#830,#831,#832,#833));
#169=EDGE_LOOP('',(#834,#835,#836,#837));
#170=EDGE_LOOP('',(#838,#839,#840,#841));
#171=EDGE_LOOP('',(#842,#843,#844,#845));
#172=EDGE_LOOP('',(#846,#847,#848,#849));
#173=EDGE_LOOP('',(#850,#851,#852,#853));
#174=EDGE_LOOP('',(#854,#855,#856,#857));
#175=EDGE_LOOP('',(#858,#859,#860,#861));
#176=EDGE_LOOP('',(#862,#863,#864,#865));
#177=EDGE_LOOP('',(#866,#867,#868,#869,#870,#871,#872));
#178=EDGE_LOOP('',(#873,#874,#875,#876));
#179=EDGE_LOOP('',(#877,#878,#879,#880));
#180=EDGE_LOOP('',(#881,#882,#883,#884));
#181=EDGE_LOOP('',(#885,#886,#887,#888,#889,#890,#891));
#182=EDGE_LOOP('',(#892,#893,#894,#895,#896,#897));
#183=EDGE_LOOP('',(#898,#899,#900,#901,#902,#903,#904,#905));
#184=EDGE_LOOP('',(#906,#907,#908,#909,#910,#911,#912,#913));
#185=EDGE_LOOP('',(#914,#915,#916,#917));
#186=EDGE_LOOP('',(#918,#919,#920,#921));
#187=EDGE_LOOP('',(#922,#923,#924,#925));
#188=EDGE_LOOP('',(#926,#927,#928,#929));
#189=EDGE_LOOP('',(#930,#931,#932,#933));
#190=EDGE_LOOP('',(#934,#935,#936,#937,#938,#939,#940,#941));
#191=EDGE_LOOP('',(#942,#943,#944,#945,#946,#947,#948,#949));
#192=EDGE_LOOP('',(#950,#951,#952,#953,#954,#955,#956,#957));
#193=EDGE_LOOP('',(#958,#959,#960,#961));
#194=EDGE_LOOP('',(#962,#963,#964,#965));
#195=EDGE_LOOP('',(#966,#967,#968,#969,#970,#971,#972,#973));
#196=EDGE_LOOP('',(#974,#975,#976,#977));
#197=EDGE_LOOP('',(#978,#979,#980,#981));
#198=EDGE_LOOP('',(#982,#983,#984,#985));
#199=EDGE_LOOP('',(#986,#987,#988,#989));
#200=EDGE_LOOP('',(#990,#991,#992,#993));
#201=EDGE_LOOP('',(#994,#995,#996,#997));
#202=EDGE_LOOP('',(#998,#999,#1000,#1001));
#203=EDGE_LOOP('',(#1002,#1003,#1004,#1005));
#204=EDGE_LOOP('',(#1006,#1007,#1008,#1009));
#205=EDGE_LOOP('',(#1010,#1011,#1012,#1013,#1014,#1015,#1016,#1017));
#206=B_SPLINE_CURVE_WITH_KNOTS('',4,(#1606,#1607,#1608,#1609,#1610,#1611,
#1612,#1613),.UNSPECIFIED.,.F.,.F.,(5,1,1,1,5),(1.,2.,3.,4.,5.),
 .UNSPECIFIED.);
#207=B_SPLINE_CURVE_WITH_KNOTS('',4,(#1727,#1728,#1729,#1730,#1731,#1732,
#1733,#1734),.UNSPECIFIED.,.F.,.F.,(5,1,1,1,5),(-5.,-4.,-3.,-2.,-1.),
 .UNSPECIFIED.);
#208=B_SPLINE_CURVE_WITH_KNOTS('',3,(#1803,#1804,#1805,#1806,#1807,#1808,
#1809,#1810,#1811,#1812,#1813,#1814,#1815,#1816,#1817,#1818,#1819,#1820,
#1821,#1822,#1823,#1824,#1825,#1826,#1827,#1828,#1829,#1830,#1831,#1832,
#1833,#1834,#1835,#1836,#1837,#1838,#1839,#1840,#1841,#1842,#1843,#1844,
#1845,#1846,#1847,#1848),.UNSPECIFIED.,.F.,.F.,(4,2,2,2,2,2,2,2,2,2,2,2,
2,2,2,2,2,2,2,2,2,2,4),(-3.14159265359,-3.078984317588,-3.016375981586,
-2.953767645585,-2.891159309583,-2.828550973582,-2.76594263758,-2.703334301578,
-2.640725965577,-2.578117629575,-2.515509293573,-2.452900957572,-2.39029262157,
-2.327684285568,-2.265075949567,-2.202467613565,-2.139859277563,-2.077250941562,
-2.01464260556,-1.952034269558,-1.889425933557,-1.826817597555,-1.764209261553),
 .UNSPECIFIED.);
#209=B_SPLINE_CURVE_WITH_KNOTS('',3,(#1852,#1853,#1854,#1855,#1856,#1857,
#1858),.UNSPECIFIED.,.F.,.F.,(4,3,4),(7.32116971285031E-13,0.165987865602866,
0.331975731205),.UNSPECIFIED.);
#210=B_SPLINE_CURVE_WITH_KNOTS('',3,(#1878,#1879,#1880,#1881),
 .UNSPECIFIED.,.F.,.F.,(4,4),(0.,0.331975731205),.UNSPECIFIED.);
#211=B_SPLINE_CURVE_WITH_KNOTS('',3,(#1908,#1909,#1910,#1911,#1912,#1913,
#1914,#1915,#1916,#1917,#1918,#1919,#1920,#1921,#1922,#1923,#1924,#1925,
#1926,#1927,#1928,#1929,#1930,#1931,#1932,#1933,#1934,#1935,#1936,#1937,
#1938,#1939,#1940,#1941,#1942,#1943,#1944,#1945,#1946,#1947,#1948,#1949,
#1950,#1951,#1952,#1953),.UNSPECIFIED.,.F.,.F.,(4,2,2,2,2,2,2,2,2,2,2,2,
2,2,2,2,2,2,2,2,2,2,4),(1.764209261553,1.826817597555,1.889425933557,1.952034269558,
2.01464260556,2.077250941562,2.139859277563,2.202467613565,2.265075949567,
2.327684285568,2.39029262157,2.452900957572,2.515509293573,2.578117629575,
2.640725965577,2.703334301578,2.76594263758,2.828550973582,2.891159309583,
2.953767645585,3.016375981586,3.078984317588,3.14159265359),
 .UNSPECIFIED.);
#212=LINE('',#1598,#324);
#213=LINE('',#1600,#325);
#214=LINE('',#1602,#326);
#215=LINE('',#1604,#327);
#216=LINE('',#1614,#328);
#217=LINE('',#1617,#329);
#218=LINE('',#1621,#330);
#219=LINE('',#1625,#331);
#220=LINE('',#1628,#332);
#221=LINE('',#1630,#333);
#222=LINE('',#1632,#334);
#223=LINE('',#1634,#335);
#224=LINE('',#1636,#336);
#225=LINE('',#1637,#337);
#226=LINE('',#1640,#338);
#227=LINE('',#1641,#339);
#228=LINE('',#1644,#340);
#229=LINE('',#1648,#341);
#230=LINE('',#1652,#342);
#231=LINE('',#1656,#343);
#232=LINE('',#1658,#344);
#233=LINE('',#1660,#345);
#234=LINE('',#1662,#346);
#235=LINE('',#1664,#347);
#236=LINE('',#1668,#348);
#237=LINE('',#1671,#349);
#238=LINE('',#1674,#350);
#239=LINE('',#1676,#351);
#240=LINE('',#1677,#352);
#241=LINE('',#1679,#353);
#242=LINE('',#1683,#354);
#243=LINE('',#1685,#355);
#244=LINE('',#1686,#356);
#245=LINE('',#1689,#357);
#246=LINE('',#1693,#358);
#247=LINE('',#1699,#359);
#248=LINE('',#1703,#360);
#249=LINE('',#1707,#361);
#250=LINE('',#1711,#362);
#251=LINE('',#1712,#363);
#252=LINE('',#1713,#364);
#253=LINE('',#1715,#365);
#254=LINE('',#1719,#366);
#255=LINE('',#1723,#367);
#256=LINE('',#1736,#368);
#257=LINE('',#1740,#369);
#258=LINE('',#1744,#370);
#259=LINE('',#1745,#371);
#260=LINE('',#1748,#372);
#261=LINE('',#1751,#373);
#262=LINE('',#1754,#374);
#263=LINE('',#1755,#375);
#264=LINE('',#1759,#376);
#265=LINE('',#1761,#377);
#266=LINE('',#1762,#378);
#267=LINE('',#1764,#379);
#268=LINE('',#1766,#380);
#269=LINE('',#1768,#381);
#270=LINE('',#1772,#382);
#271=LINE('',#1790,#383);
#272=LINE('',#1792,#384);
#273=LINE('',#1794,#385);
#274=LINE('',#1796,#386);
#275=LINE('',#1798,#387);
#276=LINE('',#1850,#388);
#277=LINE('',#1859,#389);
#278=LINE('',#1882,#390);
#279=LINE('',#1883,#391);
#280=LINE('',#1886,#392);
#281=LINE('',#1887,#393);
#282=LINE('',#1955,#394);
#283=LINE('',#1958,#395);
#284=LINE('',#1962,#396);
#285=LINE('',#1965,#397);
#286=LINE('',#1969,#398);
#287=LINE('',#1973,#399);
#288=LINE('',#1977,#400);
#289=LINE('',#1981,#401);
#290=LINE('',#1987,#402);
#291=LINE('',#1991,#403);
#292=LINE('',#1995,#404);
#293=LINE('',#1998,#405);
#294=LINE('',#2001,#406);
#295=LINE('',#2003,#407);
#296=LINE('',#2004,#408);
#297=LINE('',#2007,#409);
#298=LINE('',#2011,#410);
#299=LINE('',#2012,#411);
#300=LINE('',#2015,#412);
#301=LINE('',#2019,#413);
#302=LINE('',#2020,#414);
#303=LINE('',#2023,#415);
#304=LINE('',#2025,#416);
#305=LINE('',#2028,#417);
#306=LINE('',#2032,#418);
#307=LINE('',#2035,#419);
#308=LINE('',#2037,#420);
#309=LINE('',#2040,#421);
#310=LINE('',#2042,#422);
#311=LINE('',#2044,#423);
#312=LINE('',#2048,#424);
#313=LINE('',#2052,#425);
#314=LINE('',#2056,#426);
#315=LINE('',#2060,#427);
#316=LINE('',#2063,#428);
#317=LINE('',#2064,#429);
#318=LINE('',#2066,#430);
#319=LINE('',#2068,#431);
#320=LINE('',#2070,#432);
#321=LINE('',#2072,#433);
#322=LINE('',#2074,#434);
#323=LINE('',#2076,#435);
#324=VECTOR('',#1281,10.);
#325=VECTOR('',#1282,1.);
#326=VECTOR('',#1283,1.);
#327=VECTOR('',#1284,1.);
#328=VECTOR('',#1285,1.);
#329=VECTOR('',#1288,10.);
#330=VECTOR('',#1291,10.);
#331=VECTOR('',#1296,10.);
#332=VECTOR('',#1299,10.);
#333=VECTOR('',#1302,10.);
#334=VECTOR('',#1303,1.);
#335=VECTOR('',#1304,1.);
#336=VECTOR('',#1305,1.);
#337=VECTOR('',#1306,1.);
#338=VECTOR('',#1309,1.);
#339=VECTOR('',#1310,1.);
#340=VECTOR('',#1313,1.);
#341=VECTOR('',#1316,1.);
#342=VECTOR('',#1319,1.);
#343=VECTOR('',#1322,1.);
#344=VECTOR('',#1323,1.);
#345=VECTOR('',#1324,1.);
#346=VECTOR('',#1325,1.00000000000045);
#347=VECTOR('',#1326,1.);
#348=VECTOR('',#1329,1.);
#349=VECTOR('',#1332,1.);
#350=VECTOR('',#1335,10.);
#351=VECTOR('',#1336,1.);
#352=VECTOR('',#1337,1.);
#353=VECTOR('',#1340,10.);
#354=VECTOR('',#1345,10.);
#355=VECTOR('',#1346,1.);
#356=VECTOR('',#1347,1.);
#357=VECTOR('',#1350,10.);
#358=VECTOR('',#1353,0.999999999999772);
#359=VECTOR('',#1360,10.);
#360=VECTOR('',#1365,1.);
#361=VECTOR('',#1368,1.);
#362=VECTOR('',#1371,1.);
#363=VECTOR('',#1372,1.00000000000045);
#364=VECTOR('',#1373,1.);
#365=VECTOR('',#1374,1.);
#366=VECTOR('',#1377,1.);
#367=VECTOR('',#1380,1.);
#368=VECTOR('',#1385,1.);
#369=VECTOR('',#1388,1.);
#370=VECTOR('',#1393,1.);
#371=VECTOR('',#1394,1.);
#372=VECTOR('',#1397,1.);
#373=VECTOR('',#1400,1.);
#374=VECTOR('',#1403,1.);
#375=VECTOR('',#1404,1.);
#376=VECTOR('',#1411,1.);
#377=VECTOR('',#1414,1.);
#378=VECTOR('',#1415,1.);
#379=VECTOR('',#1418,1.);
#380=VECTOR('',#1421,1.);
#381=VECTOR('',#1424,1.);
#382=VECTOR('',#1431,1.);
#383=VECTOR('',#1434,1.);
#384=VECTOR('',#1437,1.);
#385=VECTOR('',#1440,1.);
#386=VECTOR('',#1443,1.);
#387=VECTOR('',#1446,1.);
#388=VECTOR('',#1453,1.);
#389=VECTOR('',#1454,1.);
#390=VECTOR('',#1455,10.);
#391=VECTOR('',#1456,1.00000000000006);
#392=VECTOR('',#1459,1.);
#393=VECTOR('',#1460,1.00000000000006);
#394=VECTOR('',#1463,10.);
#395=VECTOR('',#1466,1.);
#396=VECTOR('',#1469,1.);
#397=VECTOR('',#1472,1.);
#398=VECTOR('',#1475,1.);
#399=VECTOR('',#1478,1.);
#400=VECTOR('',#1481,1.);
#401=VECTOR('',#1484,1.);
#402=VECTOR('',#1489,1.);
#403=VECTOR('',#1492,1.);
#404=VECTOR('',#1495,1.);
#405=VECTOR('',#1498,1.);
#406=VECTOR('',#1501,1.);
#407=VECTOR('',#1502,1.);
#408=VECTOR('',#1503,1.);
#409=VECTOR('',#1506,1.);
#410=VECTOR('',#1511,1.);
#411=VECTOR('',#1512,1.);
#412=VECTOR('',#1515,1.);
#413=VECTOR('',#1520,1.);
#414=VECTOR('',#1521,1.);
#415=VECTOR('',#1524,1.);
#416=VECTOR('',#1525,1.);
#417=VECTOR('',#1528,1.);
#418=VECTOR('',#1533,1.);
#419=VECTOR('',#1536,1.);
#420=VECTOR('',#1537,1.);
#421=VECTOR('',#1542,1.);
#422=VECTOR('',#1545,1.);
#423=VECTOR('',#1548,1.);
#424=VECTOR('',#1551,1.);
#425=VECTOR('',#1554,1.);
#426=VECTOR('',#1557,1.);
#427=VECTOR('',#1560,1.);
#428=VECTOR('',#1565,1.);
#429=VECTOR('',#1566,1.);
#430=VECTOR('',#1569,1.);
#431=VECTOR('',#1572,1.);
#432=VECTOR('',#1575,1.);
#433=VECTOR('',#1578,1.);
#434=VECTOR('',#1581,1.);
#435=VECTOR('',#1584,1.);
#436=VERTEX_POINT('',#1596);
#437=VERTEX_POINT('',#1597);
#438=VERTEX_POINT('',#1599);
#439=VERTEX_POINT('',#1601);
#440=VERTEX_POINT('',#1603);
#441=VERTEX_POINT('',#1605);
#442=VERTEX_POINT('',#1616);
#443=VERTEX_POINT('',#1618);
#444=VERTEX_POINT('',#1620);
#445=VERTEX_POINT('',#1624);
#446=VERTEX_POINT('',#1626);
#447=VERTEX_POINT('',#1631);
#448=VERTEX_POINT('',#1633);
#449=VERTEX_POINT('',#1635);
#450=VERTEX_POINT('',#1639);
#451=VERTEX_POINT('',#1643);
#452=VERTEX_POINT('',#1645);
#453=VERTEX_POINT('',#1647);
#454=VERTEX_POINT('',#1649);
#455=VERTEX_POINT('',#1651);
#456=VERTEX_POINT('',#1653);
#457=VERTEX_POINT('',#1655);
#458=VERTEX_POINT('',#1657);
#459=VERTEX_POINT('',#1659);
#460=VERTEX_POINT('',#1661);
#461=VERTEX_POINT('',#1663);
#462=VERTEX_POINT('',#1665);
#463=VERTEX_POINT('',#1667);
#464=VERTEX_POINT('',#1669);
#465=VERTEX_POINT('',#1673);
#466=VERTEX_POINT('',#1675);
#467=VERTEX_POINT('',#1682);
#468=VERTEX_POINT('',#1684);
#469=VERTEX_POINT('',#1688);
#470=VERTEX_POINT('',#1690);
#471=VERTEX_POINT('',#1692);
#472=VERTEX_POINT('',#1696);
#473=VERTEX_POINT('',#1698);
#474=VERTEX_POINT('',#1702);
#475=VERTEX_POINT('',#1704);
#476=VERTEX_POINT('',#1706);
#477=VERTEX_POINT('',#1708);
#478=VERTEX_POINT('',#1710);
#479=VERTEX_POINT('',#1714);
#480=VERTEX_POINT('',#1716);
#481=VERTEX_POINT('',#1718);
#482=VERTEX_POINT('',#1720);
#483=VERTEX_POINT('',#1722);
#484=VERTEX_POINT('',#1726);
#485=VERTEX_POINT('',#1735);
#486=VERTEX_POINT('',#1737);
#487=VERTEX_POINT('',#1739);
#488=VERTEX_POINT('',#1743);
#489=VERTEX_POINT('',#1747);
#490=VERTEX_POINT('',#1749);
#491=VERTEX_POINT('',#1753);
#492=VERTEX_POINT('',#1802);
#493=VERTEX_POINT('',#1849);
#494=VERTEX_POINT('',#1851);
#495=VERTEX_POINT('',#1876);
#496=VERTEX_POINT('',#1877);
#497=VERTEX_POINT('',#1885);
#498=VERTEX_POINT('',#1957);
#499=VERTEX_POINT('',#1959);
#500=VERTEX_POINT('',#1961);
#501=VERTEX_POINT('',#1963);
#502=VERTEX_POINT('',#1967);
#503=VERTEX_POINT('',#1968);
#504=VERTEX_POINT('',#1970);
#505=VERTEX_POINT('',#1972);
#506=VERTEX_POINT('',#1974);
#507=VERTEX_POINT('',#1976);
#508=VERTEX_POINT('',#1978);
#509=VERTEX_POINT('',#1980);
#510=VERTEX_POINT('',#1983);
#511=VERTEX_POINT('',#1984);
#512=VERTEX_POINT('',#1986);
#513=VERTEX_POINT('',#1988);
#514=VERTEX_POINT('',#1990);
#515=VERTEX_POINT('',#1992);
#516=VERTEX_POINT('',#1994);
#517=VERTEX_POINT('',#1996);
#518=VERTEX_POINT('',#2000);
#519=VERTEX_POINT('',#2002);
#520=VERTEX_POINT('',#2006);
#521=VERTEX_POINT('',#2010);
#522=VERTEX_POINT('',#2014);
#523=VERTEX_POINT('',#2018);
#524=VERTEX_POINT('',#2022);
#525=VERTEX_POINT('',#2024);
#526=VERTEX_POINT('',#2026);
#527=VERTEX_POINT('',#2031);
#528=VERTEX_POINT('',#2033);
#529=VERTEX_POINT('',#2036);
#530=VERTEX_POINT('',#2046);
#531=VERTEX_POINT('',#2047);
#532=VERTEX_POINT('',#2049);
#533=VERTEX_POINT('',#2051);
#534=VERTEX_POINT('',#2053);
#535=VERTEX_POINT('',#2055);
#536=VERTEX_POINT('',#2057);
#537=VERTEX_POINT('',#2059);
#538=EDGE_CURVE('',#436,#437,#212,.T.);
#539=EDGE_CURVE('',#437,#438,#213,.T.);
#540=EDGE_CURVE('',#438,#439,#214,.T.);
#541=EDGE_CURVE('',#439,#440,#215,.T.);
#542=EDGE_CURVE('',#440,#441,#206,.T.);
#543=EDGE_CURVE('',#441,#436,#216,.T.);
#544=EDGE_CURVE('',#442,#436,#217,.T.);
#545=EDGE_CURVE('',#443,#442,#41,.T.);
#546=EDGE_CURVE('',#443,#444,#218,.T.);
#547=EDGE_CURVE('',#436,#444,#42,.T.);
#548=EDGE_CURVE('',#445,#442,#219,.T.);
#549=EDGE_CURVE('',#445,#446,#43,.T.);
#550=EDGE_CURVE('',#446,#443,#220,.T.);
#551=EDGE_CURVE('',#437,#445,#221,.T.);
#552=EDGE_CURVE('',#447,#445,#222,.T.);
#553=EDGE_CURVE('',#448,#447,#223,.T.);
#554=EDGE_CURVE('',#449,#448,#224,.T.);
#555=EDGE_CURVE('',#438,#449,#225,.T.);
#556=EDGE_CURVE('',#441,#450,#226,.T.);
#557=EDGE_CURVE('',#442,#450,#227,.T.);
#558=EDGE_CURVE('',#446,#451,#228,.T.);
#559=EDGE_CURVE('',#451,#452,#44,.T.);
#560=EDGE_CURVE('',#452,#453,#229,.T.);
#561=EDGE_CURVE('',#453,#454,#45,.T.);
#562=EDGE_CURVE('',#454,#455,#230,.T.);
#563=EDGE_CURVE('',#455,#456,#46,.T.);
#564=EDGE_CURVE('',#456,#457,#231,.T.);
#565=EDGE_CURVE('',#457,#458,#232,.T.);
#566=EDGE_CURVE('',#458,#459,#233,.T.);
#567=EDGE_CURVE('',#459,#460,#234,.T.);
#568=EDGE_CURVE('',#460,#461,#235,.T.);
#569=EDGE_CURVE('',#461,#462,#47,.T.);
#570=EDGE_CURVE('',#462,#463,#236,.T.);
#571=EDGE_CURVE('',#463,#464,#48,.T.);
#572=EDGE_CURVE('',#464,#443,#237,.T.);
#573=EDGE_CURVE('',#465,#446,#238,.T.);
#574=EDGE_CURVE('',#466,#465,#239,.T.);
#575=EDGE_CURVE('',#466,#451,#240,.T.);
#576=EDGE_CURVE('',#444,#465,#241,.T.);
#577=EDGE_CURVE('',#465,#437,#49,.T.);
#578=EDGE_CURVE('',#467,#458,#242,.T.);
#579=EDGE_CURVE('',#468,#467,#243,.T.);
#580=EDGE_CURVE('',#468,#459,#244,.T.);
#581=EDGE_CURVE('',#457,#469,#245,.T.);
#582=EDGE_CURVE('',#470,#469,#50,.T.);
#583=EDGE_CURVE('',#470,#471,#246,.T.);
#584=EDGE_CURVE('',#457,#471,#51,.T.);
#585=EDGE_CURVE('',#472,#458,#52,.T.);
#586=EDGE_CURVE('',#473,#472,#247,.T.);
#587=EDGE_CURVE('',#467,#473,#53,.T.);
#588=EDGE_CURVE('',#444,#474,#248,.T.);
#589=EDGE_CURVE('',#474,#475,#54,.T.);
#590=EDGE_CURVE('',#475,#476,#249,.T.);
#591=EDGE_CURVE('',#476,#477,#55,.T.);
#592=EDGE_CURVE('',#477,#478,#250,.T.);
#593=EDGE_CURVE('',#478,#468,#251,.T.);
#594=EDGE_CURVE('',#467,#469,#252,.T.);
#595=EDGE_CURVE('',#469,#479,#253,.T.);
#596=EDGE_CURVE('',#479,#480,#56,.T.);
#597=EDGE_CURVE('',#480,#481,#254,.T.);
#598=EDGE_CURVE('',#481,#482,#57,.T.);
#599=EDGE_CURVE('',#482,#483,#255,.T.);
#600=EDGE_CURVE('',#483,#466,#58,.T.);
#601=EDGE_CURVE('',#450,#484,#207,.T.);
#602=EDGE_CURVE('',#484,#485,#256,.T.);
#603=EDGE_CURVE('',#485,#486,#59,.T.);
#604=EDGE_CURVE('',#486,#487,#257,.T.);
#605=EDGE_CURVE('',#487,#447,#60,.T.);
#606=EDGE_CURVE('',#488,#449,#258,.T.);
#607=EDGE_CURVE('',#439,#488,#259,.T.);
#608=EDGE_CURVE('',#485,#489,#260,.T.);
#609=EDGE_CURVE('',#490,#489,#61,.T.);
#610=EDGE_CURVE('',#486,#490,#261,.T.);
#611=EDGE_CURVE('',#491,#490,#262,.T.);
#612=EDGE_CURVE('',#487,#491,#263,.T.);
#613=EDGE_CURVE('',#448,#491,#62,.T.);
#614=EDGE_CURVE('',#489,#488,#264,.T.);
#615=EDGE_CURVE('',#480,#455,#265,.T.);
#616=EDGE_CURVE('',#479,#456,#266,.T.);
#617=EDGE_CURVE('',#481,#454,#267,.T.);
#618=EDGE_CURVE('',#482,#453,#268,.T.);
#619=EDGE_CURVE('',#483,#452,#269,.T.);
#620=EDGE_CURVE('',#440,#484,#270,.T.);
#621=EDGE_CURVE('',#474,#464,#271,.T.);
#622=EDGE_CURVE('',#475,#463,#272,.T.);
#623=EDGE_CURVE('',#476,#462,#273,.T.);
#624=EDGE_CURVE('',#477,#461,#274,.T.);
#625=EDGE_CURVE('',#478,#460,#275,.T.);
#626=EDGE_CURVE('',#471,#492,#208,.T.);
#627=EDGE_CURVE('',#492,#493,#276,.T.);
#628=EDGE_CURVE('',#493,#494,#209,.T.);
#629=EDGE_CURVE('',#472,#494,#277,.T.);
#630=EDGE_CURVE('',#495,#496,#210,.T.);
#631=EDGE_CURVE('',#494,#495,#278,.T.);
#632=EDGE_CURVE('',#496,#493,#279,.T.);
#633=EDGE_CURVE('',#496,#497,#280,.T.);
#634=EDGE_CURVE('',#497,#492,#281,.T.);
#635=EDGE_CURVE('',#497,#470,#211,.T.);
#636=EDGE_CURVE('',#495,#473,#282,.T.);
#637=EDGE_CURVE('',#494,#498,#283,.T.);
#638=EDGE_CURVE('',#498,#499,#63,.T.);
#639=EDGE_CURVE('',#500,#499,#284,.T.);
#640=EDGE_CURVE('',#500,#501,#64,.T.);
#641=EDGE_CURVE('',#501,#472,#285,.T.);
#642=EDGE_CURVE('',#502,#503,#286,.T.);
#643=EDGE_CURVE('',#503,#504,#65,.T.);
#644=EDGE_CURVE('',#504,#505,#287,.T.);
#645=EDGE_CURVE('',#505,#506,#66,.T.);
#646=EDGE_CURVE('',#506,#507,#288,.T.);
#647=EDGE_CURVE('',#507,#508,#67,.T.);
#648=EDGE_CURVE('',#508,#509,#289,.T.);
#649=EDGE_CURVE('',#509,#502,#68,.T.);
#650=EDGE_CURVE('',#510,#511,#69,.T.);
#651=EDGE_CURVE('',#511,#512,#290,.T.);
#652=EDGE_CURVE('',#512,#513,#70,.T.);
#653=EDGE_CURVE('',#513,#514,#291,.T.);
#654=EDGE_CURVE('',#514,#515,#71,.T.);
#655=EDGE_CURVE('',#515,#516,#292,.T.);
#656=EDGE_CURVE('',#516,#517,#72,.T.);
#657=EDGE_CURVE('',#517,#510,#293,.T.);
#658=EDGE_CURVE('',#518,#503,#294,.T.);
#659=EDGE_CURVE('',#502,#519,#295,.T.);
#660=EDGE_CURVE('',#518,#519,#296,.T.);
#661=EDGE_CURVE('',#520,#504,#297,.T.);
#662=EDGE_CURVE('',#520,#518,#73,.T.);
#663=EDGE_CURVE('',#521,#505,#298,.T.);
#664=EDGE_CURVE('',#521,#520,#299,.T.);
#665=EDGE_CURVE('',#522,#506,#300,.T.);
#666=EDGE_CURVE('',#522,#521,#74,.T.);
#667=EDGE_CURVE('',#523,#507,#301,.T.);
#668=EDGE_CURVE('',#523,#522,#302,.T.);
#669=EDGE_CURVE('',#524,#499,#303,.T.);
#670=EDGE_CURVE('',#525,#498,#304,.T.);
#671=EDGE_CURVE('',#526,#525,#75,.T.);
#672=EDGE_CURVE('',#526,#508,#305,.T.);
#673=EDGE_CURVE('',#524,#523,#76,.T.);
#674=EDGE_CURVE('',#527,#509,#306,.T.);
#675=EDGE_CURVE('',#528,#527,#77,.T.);
#676=EDGE_CURVE('',#501,#528,#307,.T.);
#677=EDGE_CURVE('',#529,#500,#308,.T.);
#678=EDGE_CURVE('',#519,#529,#78,.T.);
#679=EDGE_CURVE('',#529,#524,#309,.T.);
#680=EDGE_CURVE('',#526,#527,#310,.T.);
#681=EDGE_CURVE('',#525,#528,#311,.T.);
#682=EDGE_CURVE('',#530,#531,#312,.T.);
#683=EDGE_CURVE('',#532,#530,#79,.T.);
#684=EDGE_CURVE('',#533,#532,#313,.T.);
#685=EDGE_CURVE('',#534,#533,#80,.T.);
#686=EDGE_CURVE('',#535,#534,#314,.T.);
#687=EDGE_CURVE('',#536,#535,#81,.T.);
#688=EDGE_CURVE('',#537,#536,#315,.T.);
#689=EDGE_CURVE('',#531,#537,#82,.T.);
#690=EDGE_CURVE('',#511,#530,#316,.T.);
#691=EDGE_CURVE('',#512,#531,#317,.T.);
#692=EDGE_CURVE('',#513,#537,#318,.T.);
#693=EDGE_CURVE('',#514,#536,#319,.T.);
#694=EDGE_CURVE('',#515,#535,#320,.T.);
#695=EDGE_CURVE('',#516,#534,#321,.T.);
#696=EDGE_CURVE('',#517,#533,#322,.T.);
#697=EDGE_CURVE('',#510,#532,#323,.T.);
#698=ORIENTED_EDGE('',*,*,#538,.T.);
#699=ORIENTED_EDGE('',*,*,#539,.T.);
#700=ORIENTED_EDGE('',*,*,#540,.T.);
#701=ORIENTED_EDGE('',*,*,#541,.T.);
#702=ORIENTED_EDGE('',*,*,#542,.T.);
#703=ORIENTED_EDGE('',*,*,#543,.T.);
#704=ORIENTED_EDGE('',*,*,#544,.F.);
#705=ORIENTED_EDGE('',*,*,#545,.F.);
#706=ORIENTED_EDGE('',*,*,#546,.T.);
#707=ORIENTED_EDGE('',*,*,#547,.F.);
#708=ORIENTED_EDGE('',*,*,#548,.F.);
#709=ORIENTED_EDGE('',*,*,#549,.T.);
#710=ORIENTED_EDGE('',*,*,#550,.T.);
#711=ORIENTED_EDGE('',*,*,#545,.T.);
#712=ORIENTED_EDGE('',*,*,#551,.T.);
#713=ORIENTED_EDGE('',*,*,#552,.F.);
#714=ORIENTED_EDGE('',*,*,#553,.F.);
#715=ORIENTED_EDGE('',*,*,#554,.F.);
#716=ORIENTED_EDGE('',*,*,#555,.F.);
#717=ORIENTED_EDGE('',*,*,#539,.F.);
#718=ORIENTED_EDGE('',*,*,#544,.T.);
#719=ORIENTED_EDGE('',*,*,#543,.F.);
#720=ORIENTED_EDGE('',*,*,#556,.T.);
#721=ORIENTED_EDGE('',*,*,#557,.F.);
#722=ORIENTED_EDGE('',*,*,#550,.F.);
#723=ORIENTED_EDGE('',*,*,#558,.T.);
#724=ORIENTED_EDGE('',*,*,#559,.T.);
#725=ORIENTED_EDGE('',*,*,#560,.T.);
#726=ORIENTED_EDGE('',*,*,#561,.T.);
#727=ORIENTED_EDGE('',*,*,#562,.T.);
#728=ORIENTED_EDGE('',*,*,#563,.T.);
#729=ORIENTED_EDGE('',*,*,#564,.T.);
#730=ORIENTED_EDGE('',*,*,#565,.T.);
#731=ORIENTED_EDGE('',*,*,#566,.T.);
#732=ORIENTED_EDGE('',*,*,#567,.T.);
#733=ORIENTED_EDGE('',*,*,#568,.T.);
#734=ORIENTED_EDGE('',*,*,#569,.T.);
#735=ORIENTED_EDGE('',*,*,#570,.T.);
#736=ORIENTED_EDGE('',*,*,#571,.T.);
#737=ORIENTED_EDGE('',*,*,#572,.T.);
#738=ORIENTED_EDGE('',*,*,#573,.F.);
#739=ORIENTED_EDGE('',*,*,#574,.F.);
#740=ORIENTED_EDGE('',*,*,#575,.T.);
#741=ORIENTED_EDGE('',*,*,#558,.F.);
#742=ORIENTED_EDGE('',*,*,#538,.F.);
#743=ORIENTED_EDGE('',*,*,#547,.T.);
#744=ORIENTED_EDGE('',*,*,#576,.T.);
#745=ORIENTED_EDGE('',*,*,#577,.T.);
#746=ORIENTED_EDGE('',*,*,#578,.F.);
#747=ORIENTED_EDGE('',*,*,#579,.F.);
#748=ORIENTED_EDGE('',*,*,#580,.T.);
#749=ORIENTED_EDGE('',*,*,#566,.F.);
#750=ORIENTED_EDGE('',*,*,#581,.T.);
#751=ORIENTED_EDGE('',*,*,#582,.F.);
#752=ORIENTED_EDGE('',*,*,#583,.T.);
#753=ORIENTED_EDGE('',*,*,#584,.F.);
#754=ORIENTED_EDGE('',*,*,#578,.T.);
#755=ORIENTED_EDGE('',*,*,#585,.F.);
#756=ORIENTED_EDGE('',*,*,#586,.F.);
#757=ORIENTED_EDGE('',*,*,#587,.F.);
#758=ORIENTED_EDGE('',*,*,#576,.F.);
#759=ORIENTED_EDGE('',*,*,#588,.T.);
#760=ORIENTED_EDGE('',*,*,#589,.T.);
#761=ORIENTED_EDGE('',*,*,#590,.T.);
#762=ORIENTED_EDGE('',*,*,#591,.T.);
#763=ORIENTED_EDGE('',*,*,#592,.T.);
#764=ORIENTED_EDGE('',*,*,#593,.T.);
#765=ORIENTED_EDGE('',*,*,#579,.T.);
#766=ORIENTED_EDGE('',*,*,#594,.T.);
#767=ORIENTED_EDGE('',*,*,#595,.T.);
#768=ORIENTED_EDGE('',*,*,#596,.T.);
#769=ORIENTED_EDGE('',*,*,#597,.T.);
#770=ORIENTED_EDGE('',*,*,#598,.T.);
#771=ORIENTED_EDGE('',*,*,#599,.T.);
#772=ORIENTED_EDGE('',*,*,#600,.T.);
#773=ORIENTED_EDGE('',*,*,#574,.T.);
#774=ORIENTED_EDGE('',*,*,#548,.T.);
#775=ORIENTED_EDGE('',*,*,#557,.T.);
#776=ORIENTED_EDGE('',*,*,#601,.T.);
#777=ORIENTED_EDGE('',*,*,#602,.T.);
#778=ORIENTED_EDGE('',*,*,#603,.T.);
#779=ORIENTED_EDGE('',*,*,#604,.T.);
#780=ORIENTED_EDGE('',*,*,#605,.T.);
#781=ORIENTED_EDGE('',*,*,#552,.T.);
#782=ORIENTED_EDGE('',*,*,#540,.F.);
#783=ORIENTED_EDGE('',*,*,#555,.T.);
#784=ORIENTED_EDGE('',*,*,#606,.F.);
#785=ORIENTED_EDGE('',*,*,#607,.F.);
#786=ORIENTED_EDGE('',*,*,#608,.T.);
#787=ORIENTED_EDGE('',*,*,#609,.F.);
#788=ORIENTED_EDGE('',*,*,#610,.F.);
#789=ORIENTED_EDGE('',*,*,#603,.F.);
#790=ORIENTED_EDGE('',*,*,#610,.T.);
#791=ORIENTED_EDGE('',*,*,#611,.F.);
#792=ORIENTED_EDGE('',*,*,#612,.F.);
#793=ORIENTED_EDGE('',*,*,#604,.F.);
#794=ORIENTED_EDGE('',*,*,#612,.T.);
#795=ORIENTED_EDGE('',*,*,#613,.F.);
#796=ORIENTED_EDGE('',*,*,#553,.T.);
#797=ORIENTED_EDGE('',*,*,#605,.F.);
#798=ORIENTED_EDGE('',*,*,#613,.T.);
#799=ORIENTED_EDGE('',*,*,#611,.T.);
#800=ORIENTED_EDGE('',*,*,#609,.T.);
#801=ORIENTED_EDGE('',*,*,#614,.T.);
#802=ORIENTED_EDGE('',*,*,#606,.T.);
#803=ORIENTED_EDGE('',*,*,#554,.T.);
#804=ORIENTED_EDGE('',*,*,#615,.F.);
#805=ORIENTED_EDGE('',*,*,#596,.F.);
#806=ORIENTED_EDGE('',*,*,#616,.T.);
#807=ORIENTED_EDGE('',*,*,#563,.F.);
#808=ORIENTED_EDGE('',*,*,#597,.F.);
#809=ORIENTED_EDGE('',*,*,#615,.T.);
#810=ORIENTED_EDGE('',*,*,#562,.F.);
#811=ORIENTED_EDGE('',*,*,#617,.F.);
#812=ORIENTED_EDGE('',*,*,#598,.F.);
#813=ORIENTED_EDGE('',*,*,#617,.T.);
#814=ORIENTED_EDGE('',*,*,#561,.F.);
#815=ORIENTED_EDGE('',*,*,#618,.F.);
#816=ORIENTED_EDGE('',*,*,#599,.F.);
#817=ORIENTED_EDGE('',*,*,#618,.T.);
#818=ORIENTED_EDGE('',*,*,#560,.F.);
#819=ORIENTED_EDGE('',*,*,#619,.F.);
#820=ORIENTED_EDGE('',*,*,#575,.F.);
#821=ORIENTED_EDGE('',*,*,#600,.F.);
#822=ORIENTED_EDGE('',*,*,#619,.T.);
#823=ORIENTED_EDGE('',*,*,#559,.F.);
#824=ORIENTED_EDGE('',*,*,#551,.F.);
#825=ORIENTED_EDGE('',*,*,#577,.F.);
#826=ORIENTED_EDGE('',*,*,#573,.T.);
#827=ORIENTED_EDGE('',*,*,#549,.F.);
#828=ORIENTED_EDGE('',*,*,#541,.F.);
#829=ORIENTED_EDGE('',*,*,#607,.T.);
#830=ORIENTED_EDGE('',*,*,#614,.F.);
#831=ORIENTED_EDGE('',*,*,#608,.F.);
#832=ORIENTED_EDGE('',*,*,#602,.F.);
#833=ORIENTED_EDGE('',*,*,#620,.F.);
#834=ORIENTED_EDGE('',*,*,#542,.F.);
#835=ORIENTED_EDGE('',*,*,#620,.T.);
#836=ORIENTED_EDGE('',*,*,#601,.F.);
#837=ORIENTED_EDGE('',*,*,#556,.F.);
#838=ORIENTED_EDGE('',*,*,#546,.F.);
#839=ORIENTED_EDGE('',*,*,#572,.F.);
#840=ORIENTED_EDGE('',*,*,#621,.F.);
#841=ORIENTED_EDGE('',*,*,#588,.F.);
#842=ORIENTED_EDGE('',*,*,#589,.F.);
#843=ORIENTED_EDGE('',*,*,#621,.T.);
#844=ORIENTED_EDGE('',*,*,#571,.F.);
#845=ORIENTED_EDGE('',*,*,#622,.F.);
#846=ORIENTED_EDGE('',*,*,#590,.F.);
#847=ORIENTED_EDGE('',*,*,#622,.T.);
#848=ORIENTED_EDGE('',*,*,#570,.F.);
#849=ORIENTED_EDGE('',*,*,#623,.F.);
#850=ORIENTED_EDGE('',*,*,#591,.F.);
#851=ORIENTED_EDGE('',*,*,#623,.T.);
#852=ORIENTED_EDGE('',*,*,#569,.F.);
#853=ORIENTED_EDGE('',*,*,#624,.F.);
#854=ORIENTED_EDGE('',*,*,#592,.F.);
#855=ORIENTED_EDGE('',*,*,#624,.T.);
#856=ORIENTED_EDGE('',*,*,#568,.F.);
#857=ORIENTED_EDGE('',*,*,#625,.F.);
#858=ORIENTED_EDGE('',*,*,#593,.F.);
#859=ORIENTED_EDGE('',*,*,#625,.T.);
#860=ORIENTED_EDGE('',*,*,#567,.F.);
#861=ORIENTED_EDGE('',*,*,#580,.F.);
#862=ORIENTED_EDGE('',*,*,#581,.F.);
#863=ORIENTED_EDGE('',*,*,#564,.F.);
#864=ORIENTED_EDGE('',*,*,#616,.F.);
#865=ORIENTED_EDGE('',*,*,#595,.F.);
#866=ORIENTED_EDGE('',*,*,#585,.T.);
#867=ORIENTED_EDGE('',*,*,#565,.F.);
#868=ORIENTED_EDGE('',*,*,#584,.T.);
#869=ORIENTED_EDGE('',*,*,#626,.T.);
#870=ORIENTED_EDGE('',*,*,#627,.T.);
#871=ORIENTED_EDGE('',*,*,#628,.T.);
#872=ORIENTED_EDGE('',*,*,#629,.F.);
#873=ORIENTED_EDGE('',*,*,#630,.F.);
#874=ORIENTED_EDGE('',*,*,#631,.F.);
#875=ORIENTED_EDGE('',*,*,#628,.F.);
#876=ORIENTED_EDGE('',*,*,#632,.F.);
#877=ORIENTED_EDGE('',*,*,#633,.F.);
#878=ORIENTED_EDGE('',*,*,#632,.T.);
#879=ORIENTED_EDGE('',*,*,#627,.F.);
#880=ORIENTED_EDGE('',*,*,#634,.F.);
#881=ORIENTED_EDGE('',*,*,#635,.F.);
#882=ORIENTED_EDGE('',*,*,#634,.T.);
#883=ORIENTED_EDGE('',*,*,#626,.F.);
#884=ORIENTED_EDGE('',*,*,#583,.F.);
#885=ORIENTED_EDGE('',*,*,#594,.F.);
#886=ORIENTED_EDGE('',*,*,#587,.T.);
#887=ORIENTED_EDGE('',*,*,#636,.F.);
#888=ORIENTED_EDGE('',*,*,#630,.T.);
#889=ORIENTED_EDGE('',*,*,#633,.T.);
#890=ORIENTED_EDGE('',*,*,#635,.T.);
#891=ORIENTED_EDGE('',*,*,#582,.T.);
#892=ORIENTED_EDGE('',*,*,#629,.T.);
#893=ORIENTED_EDGE('',*,*,#637,.T.);
#894=ORIENTED_EDGE('',*,*,#638,.T.);
#895=ORIENTED_EDGE('',*,*,#639,.F.);
#896=ORIENTED_EDGE('',*,*,#640,.T.);
#897=ORIENTED_EDGE('',*,*,#641,.T.);
#898=ORIENTED_EDGE('',*,*,#642,.T.);
#899=ORIENTED_EDGE('',*,*,#643,.T.);
#900=ORIENTED_EDGE('',*,*,#644,.T.);
#901=ORIENTED_EDGE('',*,*,#645,.T.);
#902=ORIENTED_EDGE('',*,*,#646,.T.);
#903=ORIENTED_EDGE('',*,*,#647,.T.);
#904=ORIENTED_EDGE('',*,*,#648,.T.);
#905=ORIENTED_EDGE('',*,*,#649,.T.);
#906=ORIENTED_EDGE('',*,*,#650,.T.);
#907=ORIENTED_EDGE('',*,*,#651,.T.);
#908=ORIENTED_EDGE('',*,*,#652,.T.);
#909=ORIENTED_EDGE('',*,*,#653,.T.);
#910=ORIENTED_EDGE('',*,*,#654,.T.);
#911=ORIENTED_EDGE('',*,*,#655,.T.);
#912=ORIENTED_EDGE('',*,*,#656,.T.);
#913=ORIENTED_EDGE('',*,*,#657,.T.);
#914=ORIENTED_EDGE('',*,*,#658,.T.);
#915=ORIENTED_EDGE('',*,*,#642,.F.);
#916=ORIENTED_EDGE('',*,*,#659,.T.);
#917=ORIENTED_EDGE('',*,*,#660,.F.);
#918=ORIENTED_EDGE('',*,*,#661,.T.);
#919=ORIENTED_EDGE('',*,*,#643,.F.);
#920=ORIENTED_EDGE('',*,*,#658,.F.);
#921=ORIENTED_EDGE('',*,*,#662,.F.);
#922=ORIENTED_EDGE('',*,*,#663,.T.);
#923=ORIENTED_EDGE('',*,*,#644,.F.);
#924=ORIENTED_EDGE('',*,*,#661,.F.);
#925=ORIENTED_EDGE('',*,*,#664,.F.);
#926=ORIENTED_EDGE('',*,*,#665,.T.);
#927=ORIENTED_EDGE('',*,*,#645,.F.);
#928=ORIENTED_EDGE('',*,*,#663,.F.);
#929=ORIENTED_EDGE('',*,*,#666,.F.);
#930=ORIENTED_EDGE('',*,*,#667,.T.);
#931=ORIENTED_EDGE('',*,*,#646,.F.);
#932=ORIENTED_EDGE('',*,*,#665,.F.);
#933=ORIENTED_EDGE('',*,*,#668,.F.);
#934=ORIENTED_EDGE('',*,*,#669,.T.);
#935=ORIENTED_EDGE('',*,*,#638,.F.);
#936=ORIENTED_EDGE('',*,*,#670,.F.);
#937=ORIENTED_EDGE('',*,*,#671,.F.);
#938=ORIENTED_EDGE('',*,*,#672,.T.);
#939=ORIENTED_EDGE('',*,*,#647,.F.);
#940=ORIENTED_EDGE('',*,*,#667,.F.);
#941=ORIENTED_EDGE('',*,*,#673,.F.);
#942=ORIENTED_EDGE('',*,*,#659,.F.);
#943=ORIENTED_EDGE('',*,*,#649,.F.);
#944=ORIENTED_EDGE('',*,*,#674,.F.);
#945=ORIENTED_EDGE('',*,*,#675,.F.);
#946=ORIENTED_EDGE('',*,*,#676,.F.);
#947=ORIENTED_EDGE('',*,*,#640,.F.);
#948=ORIENTED_EDGE('',*,*,#677,.F.);
#949=ORIENTED_EDGE('',*,*,#678,.F.);
#950=ORIENTED_EDGE('',*,*,#660,.T.);
#951=ORIENTED_EDGE('',*,*,#678,.T.);
#952=ORIENTED_EDGE('',*,*,#679,.T.);
#953=ORIENTED_EDGE('',*,*,#673,.T.);
#954=ORIENTED_EDGE('',*,*,#668,.T.);
#955=ORIENTED_EDGE('',*,*,#666,.T.);
#956=ORIENTED_EDGE('',*,*,#664,.T.);
#957=ORIENTED_EDGE('',*,*,#662,.T.);
#958=ORIENTED_EDGE('',*,*,#680,.T.);
#959=ORIENTED_EDGE('',*,*,#674,.T.);
#960=ORIENTED_EDGE('',*,*,#648,.F.);
#961=ORIENTED_EDGE('',*,*,#672,.F.);
#962=ORIENTED_EDGE('',*,*,#681,.T.);
#963=ORIENTED_EDGE('',*,*,#675,.T.);
#964=ORIENTED_EDGE('',*,*,#680,.F.);
#965=ORIENTED_EDGE('',*,*,#671,.T.);
#966=ORIENTED_EDGE('',*,*,#682,.F.);
#967=ORIENTED_EDGE('',*,*,#683,.F.);
#968=ORIENTED_EDGE('',*,*,#684,.F.);
#969=ORIENTED_EDGE('',*,*,#685,.F.);
#970=ORIENTED_EDGE('',*,*,#686,.F.);
#971=ORIENTED_EDGE('',*,*,#687,.F.);
#972=ORIENTED_EDGE('',*,*,#688,.F.);
#973=ORIENTED_EDGE('',*,*,#689,.F.);
#974=ORIENTED_EDGE('',*,*,#651,.F.);
#975=ORIENTED_EDGE('',*,*,#690,.T.);
#976=ORIENTED_EDGE('',*,*,#682,.T.);
#977=ORIENTED_EDGE('',*,*,#691,.F.);
#978=ORIENTED_EDGE('',*,*,#692,.F.);
#979=ORIENTED_EDGE('',*,*,#652,.F.);
#980=ORIENTED_EDGE('',*,*,#691,.T.);
#981=ORIENTED_EDGE('',*,*,#689,.T.);
#982=ORIENTED_EDGE('',*,*,#653,.F.);
#983=ORIENTED_EDGE('',*,*,#692,.T.);
#984=ORIENTED_EDGE('',*,*,#688,.T.);
#985=ORIENTED_EDGE('',*,*,#693,.F.);
#986=ORIENTED_EDGE('',*,*,#694,.F.);
#987=ORIENTED_EDGE('',*,*,#654,.F.);
#988=ORIENTED_EDGE('',*,*,#693,.T.);
#989=ORIENTED_EDGE('',*,*,#687,.T.);
#990=ORIENTED_EDGE('',*,*,#655,.F.);
#991=ORIENTED_EDGE('',*,*,#694,.T.);
#992=ORIENTED_EDGE('',*,*,#686,.T.);
#993=ORIENTED_EDGE('',*,*,#695,.F.);
#994=ORIENTED_EDGE('',*,*,#696,.F.);
#995=ORIENTED_EDGE('',*,*,#656,.F.);
#996=ORIENTED_EDGE('',*,*,#695,.T.);
#997=ORIENTED_EDGE('',*,*,#685,.T.);
#998=ORIENTED_EDGE('',*,*,#657,.F.);
#999=ORIENTED_EDGE('',*,*,#696,.T.);
#1000=ORIENTED_EDGE('',*,*,#684,.T.);
#1001=ORIENTED_EDGE('',*,*,#697,.F.);
#1002=ORIENTED_EDGE('',*,*,#690,.F.);
#1003=ORIENTED_EDGE('',*,*,#650,.F.);
#1004=ORIENTED_EDGE('',*,*,#697,.T.);
#1005=ORIENTED_EDGE('',*,*,#683,.T.);
#1006=ORIENTED_EDGE('',*,*,#639,.T.);
#1007=ORIENTED_EDGE('',*,*,#669,.F.);
#1008=ORIENTED_EDGE('',*,*,#679,.F.);
#1009=ORIENTED_EDGE('',*,*,#677,.T.);
#1010=ORIENTED_EDGE('',*,*,#586,.T.);
#1011=ORIENTED_EDGE('',*,*,#641,.F.);
#1012=ORIENTED_EDGE('',*,*,#676,.T.);
#1013=ORIENTED_EDGE('',*,*,#681,.F.);
#1014=ORIENTED_EDGE('',*,*,#670,.T.);
#1015=ORIENTED_EDGE('',*,*,#637,.F.);
#1016=ORIENTED_EDGE('',*,*,#631,.T.);
#1017=ORIENTED_EDGE('',*,*,#636,.T.);
#1018=PLANE('',#1174);
#1019=PLANE('',#1175);
#1020=PLANE('',#1180);
#1021=PLANE('',#1181);
#1022=PLANE('',#1182);
#1023=PLANE('',#1188);
#1024=PLANE('',#1191);
#1025=PLANE('',#1192);
#1026=PLANE('',#1195);
#1027=PLANE('',#1198);
#1028=PLANE('',#1204);
#1029=PLANE('',#1207);
#1030=PLANE('',#1210);
#1031=PLANE('',#1213);
#1032=PLANE('',#1215);
#1033=PLANE('',#1217);
#1034=PLANE('',#1219);
#1035=PLANE('',#1220);
#1036=PLANE('',#1221);
#1037=PLANE('',#1223);
#1038=PLANE('',#1225);
#1039=PLANE('',#1226);
#1040=PLANE('',#1227);
#1041=PLANE('',#1229);
#1042=PLANE('',#1231);
#1043=PLANE('',#1234);
#1044=PLANE('',#1243);
#1045=PLANE('',#1246);
#1046=PLANE('',#1249);
#1047=PLANE('',#1256);
#1048=PLANE('',#1257);
#1049=PLANE('',#1258);
#1050=PLANE('',#1259);
#1051=PLANE('',#1264);
#1052=PLANE('',#1266);
#1053=PLANE('',#1268);
#1054=PLANE('',#1270);
#1055=PLANE('',#1272);
#1056=PLANE('',#1273);
#1057=STYLED_ITEM('',(#2112),#1098);
#1058=STYLED_ITEM('',(#2112),#1099);
#1059=STYLED_ITEM('',(#2112),#1100);
#1060=STYLED_ITEM('',(#2112),#1101);
#1061=STYLED_ITEM('',(#2112),#1102);
#1062=STYLED_ITEM('',(#2112),#1103);
#1063=STYLED_ITEM('',(#2112),#1104);
#1064=STYLED_ITEM('',(#2112),#1105);
#1065=STYLED_ITEM('',(#2112),#1106);
#1066=STYLED_ITEM('',(#2112),#1107);
#1067=STYLED_ITEM('',(#2112),#1108);
#1068=STYLED_ITEM('',(#2112),#1109);
#1069=STYLED_ITEM('',(#2112),#1110);
#1070=STYLED_ITEM('',(#2112),#1111);
#1071=STYLED_ITEM('',(#2112),#1112);
#1072=STYLED_ITEM('',(#2112),#1113);
#1073=STYLED_ITEM('',(#2112),#1114);
#1074=STYLED_ITEM('',(#2112),#1116);
#1075=STYLED_ITEM('',(#2112),#1117);
#1076=STYLED_ITEM('',(#2112),#1118);
#1077=STYLED_ITEM('',(#2112),#1119);
#1078=STYLED_ITEM('',(#2112),#1120);
#1079=STYLED_ITEM('',(#2112),#1121);
#1080=STYLED_ITEM('',(#2112),#1122);
#1081=STYLED_ITEM('',(#2112),#1123);
#1082=STYLED_ITEM('',(#2112),#1124);
#1083=STYLED_ITEM('',(#2112),#1125);
#1084=STYLED_ITEM('',(#2112),#1126);
#1085=STYLED_ITEM('',(#2112),#1127);
#1086=STYLED_ITEM('',(#2112),#1128);
#1087=STYLED_ITEM('',(#2112),#1129);
#1088=STYLED_ITEM('',(#2112),#1130);
#1089=STYLED_ITEM('',(#2112),#1131);
#1090=STYLED_ITEM('',(#2112),#1132);
#1091=STYLED_ITEM('',(#2112),#1133);
#1092=STYLED_ITEM('',(#2112),#1134);
#1093=STYLED_ITEM('',(#2112),#1135);
#1094=STYLED_ITEM('',(#2112),#1136);
#1095=STYLED_ITEM('',(#2113),#1147);
#1096=STYLED_ITEM('',(#2114),#1148);
#1097=STYLED_ITEM('',(#2111),#17);
#1098=ADVANCED_FACE('',(#83),#1018,.T.);
#1099=ADVANCED_FACE('',(#84),#1019,.T.);
#1100=ADVANCED_FACE('',(#85),#22,.T.);
#1101=ADVANCED_FACE('',(#86),#1020,.T.);
#1102=ADVANCED_FACE('',(#87),#1021,.T.);
#1103=ADVANCED_FACE('',(#88),#1022,.T.);
#1104=ADVANCED_FACE('',(#89),#1023,.T.);
#1105=ADVANCED_FACE('',(#90),#23,.F.);
#1106=ADVANCED_FACE('',(#91),#1024,.T.);
#1107=ADVANCED_FACE('',(#92),#1025,.T.);
#1108=ADVANCED_FACE('',(#93),#1026,.T.);
#1109=ADVANCED_FACE('',(#94),#1027,.T.);
#1110=ADVANCED_FACE('',(#95),#1028,.T.);
#1111=ADVANCED_FACE('',(#96),#1029,.T.);
#1112=ADVANCED_FACE('',(#97),#24,.T.);
#1113=ADVANCED_FACE('',(#98),#1030,.T.);
#1114=ADVANCED_FACE('',(#99),#25,.T.);
#1115=ADVANCED_FACE('',(#100),#1031,.T.);
#1116=ADVANCED_FACE('',(#101),#26,.F.);
#1117=ADVANCED_FACE('',(#102),#1032,.T.);
#1118=ADVANCED_FACE('',(#103),#27,.T.);
#1119=ADVANCED_FACE('',(#104),#1033,.T.);
#1120=ADVANCED_FACE('',(#105),#28,.F.);
#1121=ADVANCED_FACE('',(#106),#1034,.T.);
#1122=ADVANCED_FACE('',(#107),#1035,.T.);
#1123=ADVANCED_FACE('',(#108),#19,.T.);
#1124=ADVANCED_FACE('',(#109),#1036,.T.);
#1125=ADVANCED_FACE('',(#110),#29,.T.);
#1126=ADVANCED_FACE('',(#111),#1037,.T.);
#1127=ADVANCED_FACE('',(#112),#30,.T.);
#1128=ADVANCED_FACE('',(#113),#1038,.T.);
#1129=ADVANCED_FACE('',(#114),#1039,.T.);
#1130=ADVANCED_FACE('',(#115),#1040,.T.);
#1131=ADVANCED_FACE('',(#116),#31,.F.);
#1132=ADVANCED_FACE('',(#117),#20,.T.);
#1133=ADVANCED_FACE('',(#118),#1041,.T.);
#1134=ADVANCED_FACE('',(#119),#21,.T.);
#1135=ADVANCED_FACE('',(#120),#32,.T.);
#1136=ADVANCED_FACE('',(#121),#1042,.F.);
#1137=ADVANCED_FACE('',(#122,#18),#1043,.T.);
#1138=ADVANCED_FACE('',(#123),#1044,.T.);
#1139=ADVANCED_FACE('',(#124),#33,.T.);
#1140=ADVANCED_FACE('',(#125),#1045,.T.);
#1141=ADVANCED_FACE('',(#126),#34,.T.);
#1142=ADVANCED_FACE('',(#127),#1046,.T.);
#1143=ADVANCED_FACE('',(#128),#35,.T.);
#1144=ADVANCED_FACE('',(#129),#36,.T.);
#1145=ADVANCED_FACE('',(#130),#1047,.F.);
#1146=ADVANCED_FACE('',(#131),#1048,.T.);
#1147=ADVANCED_FACE('',(#132),#1049,.T.);
#1148=ADVANCED_FACE('',(#133),#1050,.T.);
#1149=ADVANCED_FACE('',(#134),#1051,.F.);
#1150=ADVANCED_FACE('',(#135),#37,.F.);
#1151=ADVANCED_FACE('',(#136),#1052,.F.);
#1152=ADVANCED_FACE('',(#137),#38,.F.);
#1153=ADVANCED_FACE('',(#138),#1053,.F.);
#1154=ADVANCED_FACE('',(#139),#39,.F.);
#1155=ADVANCED_FACE('',(#140),#1054,.F.);
#1156=ADVANCED_FACE('',(#141),#40,.F.);
#1157=ADVANCED_FACE('',(#142),#1055,.T.);
#1158=ADVANCED_FACE('',(#143),#1056,.T.);
#1159=CLOSED_SHELL('',(#1098,#1099,#1100,#1101,#1102,#1103,#1104,#1105,
#1106,#1107,#1108,#1109,#1110,#1111,#1112,#1113,#1114,#1115,#1116,#1117,
#1118,#1119,#1120,#1121,#1122,#1123,#1124,#1125,#1126,#1127,#1128,#1129,
#1130,#1131,#1132,#1133,#1134,#1135,#1136,#1137,#1138,#1139,#1140,#1141,
#1142,#1143,#1144,#1145,#1146,#1147,#1148,#1149,#1150,#1151,#1152,#1153,
#1154,#1155,#1156,#1157,#1158));
#1160=DERIVED_UNIT_ELEMENT(#1162,1.);
#1161=DERIVED_UNIT_ELEMENT(#2088,-3.);
#1162=(
MASS_UNIT()
NAMED_UNIT(*)
SI_UNIT(.KILO.,.GRAM.)
);
#1163=DERIVED_UNIT((#1160,#1161));
#1164=MEASURE_REPRESENTATION_ITEM('density measure',
POSITIVE_RATIO_MEASURE(1000.),#1163);
#1165=PROPERTY_DEFINITION_REPRESENTATION(#1170,#1167);
#1166=PROPERTY_DEFINITION_REPRESENTATION(#1171,#1168);
#1167=REPRESENTATION('material name',(#1169),#2085);
#1168=REPRESENTATION('density',(#1164),#2085);
#1169=DESCRIPTIVE_REPRESENTATION_ITEM('Generic','Generic');
#1170=PROPERTY_DEFINITION('material property','material name',#2100);
#1171=PROPERTY_DEFINITION('material property','density of part',#2100);
#1172=AXIS2_PLACEMENT_3D('',#1593,#1275,#1276);
#1173=AXIS2_PLACEMENT_3D('',#1594,#1277,#1278);
#1174=AXIS2_PLACEMENT_3D('',#1595,#1279,#1280);
#1175=AXIS2_PLACEMENT_3D('',#1615,#1286,#1287);
#1176=AXIS2_PLACEMENT_3D('',#1619,#1289,#1290);
#1177=AXIS2_PLACEMENT_3D('',#1622,#1292,#1293);
#1178=AXIS2_PLACEMENT_3D('',#1623,#1294,#1295);
#1179=AXIS2_PLACEMENT_3D('',#1627,#1297,#1298);
#1180=AXIS2_PLACEMENT_3D('',#1629,#1300,#1301);
#1181=AXIS2_PLACEMENT_3D('',#1638,#1307,#1308);
#1182=AXIS2_PLACEMENT_3D('',#1642,#1311,#1312);
#1183=AXIS2_PLACEMENT_3D('',#1646,#1314,#1315);
#1184=AXIS2_PLACEMENT_3D('',#1650,#1317,#1318);
#1185=AXIS2_PLACEMENT_3D('',#1654,#1320,#1321);
#1186=AXIS2_PLACEMENT_3D('',#1666,#1327,#1328);
#1187=AXIS2_PLACEMENT_3D('',#1670,#1330,#1331);
#1188=AXIS2_PLACEMENT_3D('',#1672,#1333,#1334);
#1189=AXIS2_PLACEMENT_3D('',#1678,#1338,#1339);
#1190=AXIS2_PLACEMENT_3D('',#1680,#1341,#1342);
#1191=AXIS2_PLACEMENT_3D('',#1681,#1343,#1344);
#1192=AXIS2_PLACEMENT_3D('',#1687,#1348,#1349);
#1193=AXIS2_PLACEMENT_3D('',#1691,#1351,#1352);
#1194=AXIS2_PLACEMENT_3D('',#1694,#1354,#1355);
#1195=AXIS2_PLACEMENT_3D('',#1695,#1356,#1357);
#1196=AXIS2_PLACEMENT_3D('',#1697,#1358,#1359);
#1197=AXIS2_PLACEMENT_3D('',#1700,#1361,#1362);
#1198=AXIS2_PLACEMENT_3D('',#1701,#1363,#1364);
#1199=AXIS2_PLACEMENT_3D('',#1705,#1366,#1367);
#1200=AXIS2_PLACEMENT_3D('',#1709,#1369,#1370);
#1201=AXIS2_PLACEMENT_3D('',#1717,#1375,#1376);
#1202=AXIS2_PLACEMENT_3D('',#1721,#1378,#1379);
#1203=AXIS2_PLACEMENT_3D('',#1724,#1381,#1382);
#1204=AXIS2_PLACEMENT_3D('',#1725,#1383,#1384);
#1205=AXIS2_PLACEMENT_3D('',#1738,#1386,#1387);
#1206=AXIS2_PLACEMENT_3D('',#1741,#1389,#1390);
#1207=AXIS2_PLACEMENT_3D('',#1742,#1391,#1392);
#1208=AXIS2_PLACEMENT_3D('',#1746,#1395,#1396);
#1209=AXIS2_PLACEMENT_3D('',#1750,#1398,#1399);
#1210=AXIS2_PLACEMENT_3D('',#1752,#1401,#1402);
#1211=AXIS2_PLACEMENT_3D('',#1756,#1405,#1406);
#1212=AXIS2_PLACEMENT_3D('',#1757,#1407,#1408);
#1213=AXIS2_PLACEMENT_3D('',#1758,#1409,#1410);
#1214=AXIS2_PLACEMENT_3D('',#1760,#1412,#1413);
#1215=AXIS2_PLACEMENT_3D('',#1763,#1416,#1417);
#1216=AXIS2_PLACEMENT_3D('',#1765,#1419,#1420);
#1217=AXIS2_PLACEMENT_3D('',#1767,#1422,#1423);
#1218=AXIS2_PLACEMENT_3D('',#1769,#1425,#1426);
#1219=AXIS2_PLACEMENT_3D('',#1770,#1427,#1428);
#1220=AXIS2_PLACEMENT_3D('',#1771,#1429,#1430);
#1221=AXIS2_PLACEMENT_3D('',#1789,#1432,#1433);
#1222=AXIS2_PLACEMENT_3D('',#1791,#1435,#1436);
#1223=AXIS2_PLACEMENT_3D('',#1793,#1438,#1439);
#1224=AXIS2_PLACEMENT_3D('',#1795,#1441,#1442);
#1225=AXIS2_PLACEMENT_3D('',#1797,#1444,#1445);
#1226=AXIS2_PLACEMENT_3D('',#1799,#1447,#1448);
#1227=AXIS2_PLACEMENT_3D('',#1800,#1449,#1450);
#1228=AXIS2_PLACEMENT_3D('',#1801,#1451,#1452);
#1229=AXIS2_PLACEMENT_3D('',#1884,#1457,#1458);
#1230=AXIS2_PLACEMENT_3D('',#1954,#1461,#1462);
#1231=AXIS2_PLACEMENT_3D('',#1956,#1464,#1465);
#1232=AXIS2_PLACEMENT_3D('',#1960,#1467,#1468);
#1233=AXIS2_PLACEMENT_3D('',#1964,#1470,#1471);
#1234=AXIS2_PLACEMENT_3D('',#1966,#1473,#1474);
#1235=AXIS2_PLACEMENT_3D('',#1971,#1476,#1477);
#1236=AXIS2_PLACEMENT_3D('',#1975,#1479,#1480);
#1237=AXIS2_PLACEMENT_3D('',#1979,#1482,#1483);
#1238=AXIS2_PLACEMENT_3D('',#1982,#1485,#1486);
#1239=AXIS2_PLACEMENT_3D('',#1985,#1487,#1488);
#1240=AXIS2_PLACEMENT_3D('',#1989,#1490,#1491);
#1241=AXIS2_PLACEMENT_3D('',#1993,#1493,#1494);
#1242=AXIS2_PLACEMENT_3D('',#1997,#1496,#1497);
#1243=AXIS2_PLACEMENT_3D('',#1999,#1499,#1500);
#1244=AXIS2_PLACEMENT_3D('',#2005,#1504,#1505);
#1245=AXIS2_PLACEMENT_3D('',#2008,#1507,#1508);
#1246=AXIS2_PLACEMENT_3D('',#2009,#1509,#1510);
#1247=AXIS2_PLACEMENT_3D('',#2013,#1513,#1514);
#1248=AXIS2_PLACEMENT_3D('',#2016,#1516,#1517);
#1249=AXIS2_PLACEMENT_3D('',#2017,#1518,#1519);
#1250=AXIS2_PLACEMENT_3D('',#2021,#1522,#1523);
#1251=AXIS2_PLACEMENT_3D('',#2027,#1526,#1527);
#1252=AXIS2_PLACEMENT_3D('',#2029,#1529,#1530);
#1253=AXIS2_PLACEMENT_3D('',#2030,#1531,#1532);
#1254=AXIS2_PLACEMENT_3D('',#2034,#1534,#1535);
#1255=AXIS2_PLACEMENT_3D('',#2038,#1538,#1539);
#1256=AXIS2_PLACEMENT_3D('',#2039,#1540,#1541);
#1257=AXIS2_PLACEMENT_3D('',#2041,#1543,#1544);
#1258=AXIS2_PLACEMENT_3D('',#2043,#1546,#1547);
#1259=AXIS2_PLACEMENT_3D('',#2045,#1549,#1550);
#1260=AXIS2_PLACEMENT_3D('',#2050,#1552,#1553);
#1261=AXIS2_PLACEMENT_3D('',#2054,#1555,#1556);
#1262=AXIS2_PLACEMENT_3D('',#2058,#1558,#1559);
#1263=AXIS2_PLACEMENT_3D('',#2061,#1561,#1562);
#1264=AXIS2_PLACEMENT_3D('',#2062,#1563,#1564);
#1265=AXIS2_PLACEMENT_3D('',#2065,#1567,#1568);
#1266=AXIS2_PLACEMENT_3D('',#2067,#1570,#1571);
#1267=AXIS2_PLACEMENT_3D('',#2069,#1573,#1574);
#1268=AXIS2_PLACEMENT_3D('',#2071,#1576,#1577);
#1269=AXIS2_PLACEMENT_3D('',#2073,#1579,#1580);
#1270=AXIS2_PLACEMENT_3D('',#2075,#1582,#1583);
#1271=AXIS2_PLACEMENT_3D('',#2077,#1585,#1586);
#1272=AXIS2_PLACEMENT_3D('',#2078,#1587,#1588);
#1273=AXIS2_PLACEMENT_3D('',#2079,#1589,#1590);
#1274=AXIS2_PLACEMENT_3D('',#2080,#1591,#1592);
#1275=DIRECTION('axis',(0.,0.,1.));
#1276=DIRECTION('refdir',(1.,0.,0.));
#1277=DIRECTION('axis',(0.,0.,1.));
#1278=DIRECTION('refdir',(1.,0.,0.));
#1279=DIRECTION('center_axis',(-0.00174532836589832,0.999998476913288,-3.11851512090382E-15));
#1280=DIRECTION('ref_axis',(0.999998476913288,0.00174532836589832,-3.56161892392278E-13));
#1281=DIRECTION('',(-1.78028741951282E-13,-3.42923895720488E-15,-1.));
#1282=DIRECTION('',(-0.999998476913288,-0.00174532836589832,3.55723331915153E-13));
#1283=DIRECTION('',(3.55952603960756E-13,3.72454472727339E-15,1.));
#1284=DIRECTION('',(0.999998476913288,0.00174532836589832,-3.55958562367638E-13));
#1285=DIRECTION('',(0.999998476913288,0.00174532836589832,-3.55796419893008E-13));
#1286=DIRECTION('center_axis',(1.78004650546206E-13,3.42919690972818E-15,
1.));
#1287=DIRECTION('ref_axis',(1.,0.,-1.78004650546206E-13));
#1288=DIRECTION('',(-0.00174532836589832,0.999998476913288,-3.10328487786072E-15));
#1289=DIRECTION('center_axis',(-1.78004650546206E-13,-3.42919690972818E-15,
-1.));
#1290=DIRECTION('ref_axis',(0.,1.,-4.67462326157975E-15));
#1291=DIRECTION('',(6.13041070444733E-28,-1.,3.44442715277128E-15));
#1292=DIRECTION('center_axis',(1.78004650546206E-13,3.42919690972818E-15,
1.));
#1293=DIRECTION('ref_axis',(0.00174532836589309,-0.999998476913288,2.77555756156299E-15));
#1294=DIRECTION('center_axis',(-1.78004650546206E-13,-3.42919690972818E-15,
-1.));
#1295=DIRECTION('ref_axis',(-3.41552544805739E-31,1.,-3.42919690972818E-15));
#1296=DIRECTION('',(1.78028741951282E-13,3.42923895720488E-15,1.));
#1297=DIRECTION('center_axis',(1.78004650546206E-13,3.42919690972818E-15,
1.));
#1298=DIRECTION('ref_axis',(0.00174532836589978,-0.999998476913288,2.33731163078984E-15));
#1299=DIRECTION('',(1.77980559104436E-13,3.42919690972818E-15,1.));
#1300=DIRECTION('center_axis',(-3.55717373866549E-13,-3.72413417289214E-15,
-1.));
#1301=DIRECTION('ref_axis',(0.999998476913288,0.00174532836589832,-3.55723331915153E-13));
#1302=DIRECTION('',(0.00174532836589832,-0.999998476913288,3.10328487786072E-15));
#1303=DIRECTION('',(0.999998476913288,0.00174532836589832,-3.55723331915153E-13));
#1304=DIRECTION('',(0.00174532836589832,-0.999998476913288,3.10328487786072E-15));
#1305=DIRECTION('',(-0.999998476913288,-0.00174532836589832,3.55723331915153E-13));
#1306=DIRECTION('',(-0.00174532836589832,0.999998476913288,-3.10328487786072E-15));
#1307=DIRECTION('center_axis',(3.55790461733084E-13,3.7242617354131E-15,
1.));
#1308=DIRECTION('ref_axis',(-0.999998476913288,-0.00174532836589832,3.55796419893008E-13));
#1309=DIRECTION('',(0.00174532836589832,-0.999998476913288,3.10328487786072E-15));
#1310=DIRECTION('',(-0.999998476913288,-0.00174532836589832,3.55796419893008E-13));
#1311=DIRECTION('center_axis',(-3.41552544805739E-31,1.,-3.42919690972818E-15));
#1312=DIRECTION('ref_axis',(1.,8.45223871229899E-31,1.46877341745909E-16));
#1313=DIRECTION('',(-1.,7.13810975616353E-31,2.91683135378637E-16));
#1314=DIRECTION('center_axis',(2.90870335887259E-31,-1.,3.44442715277128E-15));
#1315=DIRECTION('ref_axis',(-5.64526828944373E-17,-3.44442715277128E-15,
-1.));
#1316=DIRECTION('',(3.40832628752163E-16,-3.44442715277128E-15,-1.));
#1317=DIRECTION('center_axis',(-2.90870335887259E-31,1.,-3.44442715277128E-15));
#1318=DIRECTION('ref_axis',(-5.64526828944373E-17,-3.44442715277128E-15,
-1.));
#1319=DIRECTION('',(-1.,-9.64231820788724E-32,5.64526828944373E-17));
#1320=DIRECTION('center_axis',(2.90870335887259E-31,-1.,3.44442715277128E-15));
#1321=DIRECTION('ref_axis',(-5.64526828944373E-17,-3.44442715277128E-15,
-1.));
#1322=DIRECTION('',(-5.64526828944373E-17,-3.44442715277128E-15,-1.));
#1323=DIRECTION('',(-1.,-9.64231820788724E-32,5.64526828944373E-17));
#1324=DIRECTION('',(5.64526828944373E-17,3.44442715277128E-15,1.));
#1325=DIRECTION('',(-0.381470797020827,3.18396263929597E-15,0.92438089066158));
#1326=DIRECTION('',(-1.,-9.64231820788724E-32,5.64526828944373E-17));
#1327=DIRECTION('center_axis',(-2.90870335887259E-31,1.,-3.44442715277128E-15));
#1328=DIRECTION('ref_axis',(-1.,-9.64231820788725E-32,5.64526828944373E-17));
#1329=DIRECTION('',(5.64526828944373E-17,3.44442715277128E-15,1.));
#1330=DIRECTION('center_axis',(-2.90870335887259E-31,1.,-3.44442715277128E-15));
#1331=DIRECTION('ref_axis',(6.93816653453037E-16,3.44442715277128E-15,1.));
#1332=DIRECTION('',(1.,-4.62064760151964E-31,-2.18595157523837E-16));
#1333=DIRECTION('center_axis',(-2.91683135378637E-16,-3.44442715277128E-15,
-1.));
#1334=DIRECTION('ref_axis',(-1.,7.13810975616353E-31,2.91683135378637E-16));
#1335=DIRECTION('',(-6.13041070444733E-28,1.,-3.44442715277128E-15));
#1336=DIRECTION('',(1.,-7.13810975616353E-31,-2.91683135378637E-16));
#1337=DIRECTION('',(-2.90870335887259E-31,1.,-3.44442715277128E-15));
#1338=DIRECTION('center_axis',(-1.78004650546206E-13,-3.42919690972818E-15,
-1.));
#1339=DIRECTION('ref_axis',(-3.41552544805739E-31,1.,-3.42919690972818E-15));
#1340=DIRECTION('',(-1.77980559104436E-13,-3.42919690972818E-15,-1.));
#1341=DIRECTION('center_axis',(-1.78004650546206E-13,-3.42919690972818E-15,
-1.));
#1342=DIRECTION('ref_axis',(0.,1.,-2.77555756156295E-15));
#1343=DIRECTION('center_axis',(-1.,-9.64231820788725E-32,5.64526828944373E-17));
#1344=DIRECTION('ref_axis',(5.64526828944373E-17,3.44442715277128E-15,1.));
#1345=DIRECTION('',(-1.83670723517196E-31,1.,-1.54549858332633E-15));
#1346=DIRECTION('',(-5.64526828944373E-17,-3.44442715277128E-15,-1.));
#1347=DIRECTION('',(-2.90870335887259E-31,1.,-3.44442715277128E-15));
#1348=DIRECTION('center_axis',(1.,9.64231820788723E-32,-5.64526828944373E-17));
#1349=DIRECTION('ref_axis',(-5.64526828944373E-17,0.,-1.));
#1350=DIRECTION('',(1.83670723517196E-31,-1.,1.54549858332633E-15));
#1351=DIRECTION('center_axis',(-1.,-9.64231820788723E-32,5.64526828944373E-17));
#1352=DIRECTION('ref_axis',(0.,0.430601482405654,-0.902542167075895));
#1353=DIRECTION('',(5.09509267567549E-17,-0.430601482407098,0.902542167075206));
#1354=DIRECTION('center_axis',(1.,9.64231820788723E-32,-5.64526828944373E-17));
#1355=DIRECTION('ref_axis',(0.,-1.,0.));
#1356=DIRECTION('center_axis',(-1.,-9.64231820788723E-32,5.64526828944373E-17));
#1357=DIRECTION('ref_axis',(5.64526828944373E-17,0.,1.));
#1358=DIRECTION('center_axis',(-1.,-9.64231820788723E-32,5.64526828944373E-17));
#1359=DIRECTION('ref_axis',(0.,1.,-4.44089209850063E-15));
#1360=DIRECTION('',(9.64231820788723E-32,-1.,-2.25154120003507E-47));
#1361=DIRECTION('center_axis',(1.,9.64231820788723E-32,-5.64526828944373E-17));
#1362=DIRECTION('ref_axis',(0.,-1.,0.));
#1363=DIRECTION('center_axis',(3.41552544805739E-31,-1.,3.42919690972818E-15));
#1364=DIRECTION('ref_axis',(-1.,-8.45223871229899E-31,-1.46877341745909E-16));
#1365=DIRECTION('',(-1.,4.62064760151964E-31,2.18595157523837E-16));
#1366=DIRECTION('center_axis',(2.90870335887259E-31,-1.,3.44442715277128E-15));
#1367=DIRECTION('ref_axis',(6.93816653453037E-16,3.44442715277128E-15,1.));
#1368=DIRECTION('',(-5.64526828944373E-17,-3.44442715277128E-15,-1.));
#1369=DIRECTION('center_axis',(2.90870335887259E-31,-1.,3.44442715277128E-15));
#1370=DIRECTION('ref_axis',(-1.,-9.64231820788725E-32,5.64526828944373E-17));
#1371=DIRECTION('',(1.,9.64231820788724E-32,-5.64526828944373E-17));
#1372=DIRECTION('',(0.381470797020827,-3.18396263929597E-15,-0.92438089066158));
#1373=DIRECTION('',(1.,9.64231820788724E-32,-5.64526828944373E-17));
#1374=DIRECTION('',(5.64526828944373E-17,3.44442715277128E-15,1.));
#1375=DIRECTION('center_axis',(-2.90870335887259E-31,1.,-3.44442715277128E-15));
#1376=DIRECTION('ref_axis',(-5.64526828944373E-17,-3.44442715277128E-15,
-1.));
#1377=DIRECTION('',(1.,9.64231820788724E-32,-5.64526828944373E-17));
#1378=DIRECTION('center_axis',(2.90870335887259E-31,-1.,3.44442715277128E-15));
#1379=DIRECTION('ref_axis',(-5.64526828944373E-17,-3.44442715277128E-15,
-1.));
#1380=DIRECTION('',(-3.40832628752163E-16,3.44442715277128E-15,1.));
#1381=DIRECTION('center_axis',(-2.90870335887259E-31,1.,-3.44442715277128E-15));
#1382=DIRECTION('ref_axis',(-5.64526828944373E-17,-3.44442715277128E-15,
-1.));
#1383=DIRECTION('center_axis',(0.00174532836589832,-0.999998476913288,3.11851512090382E-15));
#1384=DIRECTION('ref_axis',(-0.999998476913288,-0.00174532836589832,3.56161892392278E-13));
#1385=DIRECTION('',(-0.999998476913288,-0.00174532836589832,3.55958562367638E-13));
#1386=DIRECTION('center_axis',(0.00174532836589832,-0.999998476913288,3.10328487786072E-15));
#1387=DIRECTION('ref_axis',(-0.989714200642028,-0.00172737889946121,-0.143048303763622));
#1388=DIRECTION('',(-3.55952603960756E-13,-3.72454472727339E-15,-1.));
#1389=DIRECTION('center_axis',(0.00174532836589832,-0.999998476913288,3.10328487786072E-15));
#1390=DIRECTION('ref_axis',(-3.55952603960756E-13,-3.72454472727339E-15,
-1.));
#1391=DIRECTION('center_axis',(0.999998476913288,0.00174532836589832,-3.55958562367638E-13));
#1392=DIRECTION('ref_axis',(-3.55952603960756E-13,-3.72454472727339E-15,
-1.));
#1393=DIRECTION('',(-3.55952603960756E-13,-3.72454472727339E-15,-1.));
#1394=DIRECTION('',(-0.00174532836589832,0.999998476913288,-3.10328487786072E-15));
#1395=DIRECTION('center_axis',(-0.00174532836589832,0.999998476913288,-3.10328487786072E-15));
#1396=DIRECTION('ref_axis',(-0.989714200642028,-0.00172737889946121,-0.143048303763622));
#1397=DIRECTION('',(-0.00174532836589832,0.999998476913288,-3.10328487786072E-15));
#1398=DIRECTION('center_axis',(-0.00174532836589832,0.999998476913288,-3.10328487786072E-15));
#1399=DIRECTION('ref_axis',(-0.989714200642028,-0.00172737889946121,-0.143048303763622));
#1400=DIRECTION('',(-0.00174532836589832,0.999998476913288,-3.10328487786072E-15));
#1401=DIRECTION('center_axis',(-0.999998476913288,-0.00174532836589832,
3.55958562367638E-13));
#1402=DIRECTION('ref_axis',(3.55952603960756E-13,3.72454472727339E-15,1.));
#1403=DIRECTION('',(3.55952603960756E-13,3.72454472727339E-15,1.));
#1404=DIRECTION('',(-0.00174532836589832,0.999998476913288,-3.10328487786072E-15));
#1405=DIRECTION('center_axis',(-0.00174532836589832,0.999998476913288,-3.10328487786072E-15));
#1406=DIRECTION('ref_axis',(-3.55952603960756E-13,-3.72454472727339E-15,
-1.));
#1407=DIRECTION('center_axis',(-0.00174532836589832,0.999998476913288,-3.10328487786072E-15));
#1408=DIRECTION('ref_axis',(-3.55952603960756E-13,-3.72454472727339E-15,
-1.));
#1409=DIRECTION('center_axis',(-0.00174532836589832,0.999998476913288,-3.10328487786072E-15));
#1410=DIRECTION('ref_axis',(-3.55952603960756E-13,-3.72454472727339E-15,
-1.));
#1411=DIRECTION('',(0.999998476913288,0.00174532836589832,-3.55958562367638E-13));
#1412=DIRECTION('center_axis',(-2.90870335887259E-31,1.,-3.44442715277128E-15));
#1413=DIRECTION('ref_axis',(-5.64526828944373E-17,-3.44442715277128E-15,
-1.));
#1414=DIRECTION('',(-2.90870335887259E-31,1.,-3.44442715277128E-15));
#1415=DIRECTION('',(-2.90870335887259E-31,1.,-3.44442715277128E-15));
#1416=DIRECTION('center_axis',(-5.64526828944373E-17,-3.44442715277128E-15,
-1.));
#1417=DIRECTION('ref_axis',(-1.,-9.64231820788724E-32,5.64526828944373E-17));
#1418=DIRECTION('',(-2.90870335887259E-31,1.,-3.44442715277128E-15));
#1419=DIRECTION('center_axis',(-2.90870335887259E-31,1.,-3.44442715277128E-15));
#1420=DIRECTION('ref_axis',(-5.64526828944373E-17,-3.44442715277128E-15,
-1.));
#1421=DIRECTION('',(-2.90870335887259E-31,1.,-3.44442715277128E-15));
#1422=DIRECTION('center_axis',(1.,1.46484349691176E-30,3.40832628752163E-16));
#1423=DIRECTION('ref_axis',(3.40832628752163E-16,-3.44442715277128E-15,
-1.));
#1424=DIRECTION('',(-2.90870335887259E-31,1.,-3.44442715277128E-15));
#1425=DIRECTION('center_axis',(-2.90870335887259E-31,1.,-3.44442715277128E-15));
#1426=DIRECTION('ref_axis',(-5.64526828944373E-17,-3.44442715277128E-15,
-1.));
#1427=DIRECTION('center_axis',(-1.78004650546206E-13,-3.42919690972818E-15,
-1.));
#1428=DIRECTION('ref_axis',(-1.,0.,1.78004650546206E-13));
#1429=DIRECTION('center_axis',(3.55952603960756E-13,3.72454472727339E-15,
1.));
#1430=DIRECTION('ref_axis',(-0.999998476913288,-0.00174532836589832,3.55958562367638E-13));
#1431=DIRECTION('',(0.00174532836589832,-0.999998476913288,3.10328487786072E-15));
#1432=DIRECTION('center_axis',(2.18595157523837E-16,3.44442715277128E-15,
1.));
#1433=DIRECTION('ref_axis',(1.,-4.62064760151964E-31,-2.18595157523837E-16));
#1434=DIRECTION('',(-2.90870335887259E-31,1.,-3.44442715277128E-15));
#1435=DIRECTION('center_axis',(-2.90870335887259E-31,1.,-3.44442715277128E-15));
#1436=DIRECTION('ref_axis',(6.93816653453037E-16,3.44442715277128E-15,1.));
#1437=DIRECTION('',(-2.90870335887259E-31,1.,-3.44442715277128E-15));
#1438=DIRECTION('center_axis',(-1.,-9.64231820788725E-32,5.64526828944373E-17));
#1439=DIRECTION('ref_axis',(5.64526828944373E-17,3.44442715277128E-15,1.));
#1440=DIRECTION('',(-2.90870335887259E-31,1.,-3.44442715277128E-15));
#1441=DIRECTION('center_axis',(-2.90870335887259E-31,1.,-3.44442715277128E-15));
#1442=DIRECTION('ref_axis',(-1.,-9.64231820788725E-32,5.64526828944373E-17));
#1443=DIRECTION('',(-2.90870335887259E-31,1.,-3.44442715277128E-15));
#1444=DIRECTION('center_axis',(-5.64526828944373E-17,-3.44442715277128E-15,
-1.));
#1445=DIRECTION('ref_axis',(-1.,-9.64231820788724E-32,5.64526828944373E-17));
#1446=DIRECTION('',(-2.90870335887259E-31,1.,-3.44442715277128E-15));
#1447=DIRECTION('center_axis',(-0.92438089066158,-1.3139483712473E-15,-0.381470797020827));
#1448=DIRECTION('ref_axis',(-0.381470797020827,3.18396263929597E-15,0.92438089066158));
#1449=DIRECTION('center_axis',(1.,9.64231820788725E-32,-5.64526828944373E-17));
#1450=DIRECTION('ref_axis',(-5.64526828944373E-17,-3.44442715277128E-15,
-1.));
#1451=DIRECTION('center_axis',(-1.,-9.64231820788723E-32,5.64526828944373E-17));
#1452=DIRECTION('ref_axis',(-3.04697255369236E-31,1.,-3.68935651260052E-15));
#1453=DIRECTION('',(1.,1.17481726607621E-31,-5.64526828944373E-17));
#1454=DIRECTION('',(1.,0.,-2.335062120428E-16));
#1455=DIRECTION('',(0.,1.,0.));
#1456=DIRECTION('',(1.83985796961312E-17,-0.945400275577945,0.325911520104991));
#1457=DIRECTION('center_axis',(-5.33703819654973E-17,-0.325911520105919,
-0.945400275577625));
#1458=DIRECTION('ref_axis',(1.,1.17481726607621E-31,-5.64526828944373E-17));
#1459=DIRECTION('',(-1.,-1.19407656552009E-31,5.64526828944373E-17));
#1460=DIRECTION('',(1.83985796961312E-17,-0.945400275577945,0.325911520104991));
#1461=DIRECTION('center_axis',(-1.,-9.64231820788723E-32,5.64526828944373E-17));
#1462=DIRECTION('ref_axis',(-3.04697255369237E-31,1.,-3.68935651260052E-15));
#1463=DIRECTION('',(-1.,0.,2.335062120428E-16));
#1464=DIRECTION('center_axis',(0.,1.,0.));
#1465=DIRECTION('ref_axis',(0.,0.,1.));
#1466=DIRECTION('',(1.,0.,-2.335062120428E-16));
#1467=DIRECTION('center_axis',(0.,-1.,0.));
#1468=DIRECTION('ref_axis',(1.,0.,0.));
#1469=DIRECTION('',(1.,0.,0.));
#1470=DIRECTION('center_axis',(0.,-1.,0.));
#1471=DIRECTION('ref_axis',(0.,0.,-1.));
#1472=DIRECTION('',(1.,0.,-2.335062120428E-16));
#1473=DIRECTION('center_axis',(0.,1.,0.));
#1474=DIRECTION('ref_axis',(0.,0.,1.));
#1475=DIRECTION('',(0.,0.,1.));
#1476=DIRECTION('center_axis',(0.,1.,0.));
#1477=DIRECTION('ref_axis',(-1.,0.,0.));
#1478=DIRECTION('',(1.,0.,0.));
#1479=DIRECTION('center_axis',(0.,1.,0.));
#1480=DIRECTION('ref_axis',(0.,0.,1.));
#1481=DIRECTION('',(-1.570943124304E-16,0.,-1.));
#1482=DIRECTION('center_axis',(0.,1.,0.));
#1483=DIRECTION('ref_axis',(1.,0.,0.));
#1484=DIRECTION('',(-1.,0.,0.));
#1485=DIRECTION('center_axis',(0.,1.,0.));
#1486=DIRECTION('ref_axis',(0.,0.,-1.));
#1487=DIRECTION('center_axis',(0.,-1.,0.));
#1488=DIRECTION('ref_axis',(1.,0.,0.));
#1489=DIRECTION('',(9.504590586686E-17,0.,1.));
#1490=DIRECTION('center_axis',(0.,-1.,0.));
#1491=DIRECTION('ref_axis',(6.817324631288E-16,0.,1.));
#1492=DIRECTION('',(-1.,0.,5.242992530215E-16));
#1493=DIRECTION('center_axis',(0.,-1.,0.));
#1494=DIRECTION('ref_axis',(-1.,0.,5.16930174463E-16));
#1495=DIRECTION('',(-3.623131852641E-16,0.,-1.));
#1496=DIRECTION('center_axis',(0.,-1.,0.));
#1497=DIRECTION('ref_axis',(-2.547825367796E-16,0.,-1.));
#1498=DIRECTION('',(1.,0.,-1.318230343665E-16));
#1499=DIRECTION('center_axis',(-1.,0.,0.));
#1500=DIRECTION('ref_axis',(0.,0.,1.));
#1501=DIRECTION('',(0.,1.,0.));
#1502=DIRECTION('',(0.,-1.,0.));
#1503=DIRECTION('',(0.,0.,-1.));
#1504=DIRECTION('center_axis',(0.,1.,0.));
#1505=DIRECTION('ref_axis',(-1.,0.,0.));
#1506=DIRECTION('',(0.,1.,0.));
#1507=DIRECTION('center_axis',(0.,-1.,0.));
#1508=DIRECTION('ref_axis',(-1.,0.,0.));
#1509=DIRECTION('center_axis',(0.,0.,1.));
#1510=DIRECTION('ref_axis',(1.,0.,0.));
#1511=DIRECTION('',(0.,1.,0.));
#1512=DIRECTION('',(-1.,0.,0.));
#1513=DIRECTION('center_axis',(0.,1.,0.));
#1514=DIRECTION('ref_axis',(0.,0.,1.));
#1515=DIRECTION('',(0.,1.,0.));
#1516=DIRECTION('center_axis',(0.,-1.,0.));
#1517=DIRECTION('ref_axis',(0.,0.,1.));
#1518=DIRECTION('center_axis',(1.,0.,-1.570943124304E-16));
#1519=DIRECTION('ref_axis',(-1.570943124304E-16,0.,-1.));
#1520=DIRECTION('',(0.,1.,0.));
#1521=DIRECTION('',(1.570943124304E-16,0.,1.));
#1522=DIRECTION('center_axis',(0.,1.,0.));
#1523=DIRECTION('ref_axis',(1.,0.,0.));
#1524=DIRECTION('',(0.,1.,0.));
#1525=DIRECTION('',(0.,-1.,0.));
#1526=DIRECTION('center_axis',(0.,1.,0.));
#1527=DIRECTION('ref_axis',(1.,0.,0.));
#1528=DIRECTION('',(0.,1.,0.));
#1529=DIRECTION('center_axis',(0.,-1.,0.));
#1530=DIRECTION('ref_axis',(1.,0.,0.));
#1531=DIRECTION('center_axis',(0.,1.,0.));
#1532=DIRECTION('ref_axis',(0.,0.,-1.));
#1533=DIRECTION('',(0.,1.,0.));
#1534=DIRECTION('center_axis',(0.,1.,0.));
#1535=DIRECTION('ref_axis',(0.,0.,-1.));
#1536=DIRECTION('',(0.,1.,0.));
#1537=DIRECTION('',(0.,1.,0.));
#1538=DIRECTION('center_axis',(0.,-1.,0.));
#1539=DIRECTION('ref_axis',(0.,0.,-1.));
#1540=DIRECTION('center_axis',(0.,1.,0.));
#1541=DIRECTION('ref_axis',(0.,0.,1.));
#1542=DIRECTION('',(1.,0.,0.));
#1543=DIRECTION('center_axis',(0.,0.,-1.));
#1544=DIRECTION('ref_axis',(-1.,0.,0.));
#1545=DIRECTION('',(-1.,0.,0.));
#1546=DIRECTION('center_axis',(0.,1.,0.));
#1547=DIRECTION('ref_axis',(0.,0.,1.));
#1548=DIRECTION('',(-1.,0.,2.335062120428E-16));
#1549=DIRECTION('center_axis',(0.,1.,0.));
#1550=DIRECTION('ref_axis',(0.,0.,1.));
#1551=DIRECTION('',(9.504590586686E-17,0.,1.));
#1552=DIRECTION('center_axis',(0.,-1.,0.));
#1553=DIRECTION('ref_axis',(1.,0.,0.));
#1554=DIRECTION('',(1.,0.,-1.318230343665E-16));
#1555=DIRECTION('center_axis',(0.,-1.,0.));
#1556=DIRECTION('ref_axis',(-2.547825367796E-16,0.,-1.));
#1557=DIRECTION('',(-3.623131852641E-16,0.,-1.));
#1558=DIRECTION('center_axis',(0.,-1.,0.));
#1559=DIRECTION('ref_axis',(-1.,0.,5.16930174463E-16));
#1560=DIRECTION('',(-1.,0.,5.242992530215E-16));
#1561=DIRECTION('center_axis',(0.,-1.,0.));
#1562=DIRECTION('ref_axis',(6.817324631288E-16,0.,1.));
#1563=DIRECTION('center_axis',(1.,0.,-9.504590586686E-17));
#1564=DIRECTION('ref_axis',(9.504590586686E-17,0.,1.));
#1565=DIRECTION('',(0.,-1.,0.));
#1566=DIRECTION('',(0.,-1.,0.));
#1567=DIRECTION('center_axis',(0.,-1.,0.));
#1568=DIRECTION('ref_axis',(6.817324631288E-16,0.,1.));
#1569=DIRECTION('',(0.,-1.,0.));
#1570=DIRECTION('center_axis',(5.242992530215E-16,0.,1.));
#1571=DIRECTION('ref_axis',(-1.,0.,5.242992530215E-16));
#1572=DIRECTION('',(0.,-1.,0.));
#1573=DIRECTION('center_axis',(0.,-1.,0.));
#1574=DIRECTION('ref_axis',(-1.,0.,5.16930174463E-16));
#1575=DIRECTION('',(0.,-1.,0.));
#1576=DIRECTION('center_axis',(-1.,0.,3.623131852641E-16));
#1577=DIRECTION('ref_axis',(-3.623131852641E-16,0.,-1.));
#1578=DIRECTION('',(0.,-1.,0.));
#1579=DIRECTION('center_axis',(0.,-1.,0.));
#1580=DIRECTION('ref_axis',(-2.547825367796E-16,0.,-1.));
#1581=DIRECTION('',(0.,-1.,0.));
#1582=DIRECTION('center_axis',(-1.318230343665E-16,0.,-1.));
#1583=DIRECTION('ref_axis',(1.,0.,-1.318230343665E-16));
#1584=DIRECTION('',(0.,-1.,0.));
#1585=DIRECTION('center_axis',(0.,-1.,0.));
#1586=DIRECTION('ref_axis',(1.,0.,0.));
#1587=DIRECTION('center_axis',(0.,0.,-1.));
#1588=DIRECTION('ref_axis',(-1.,0.,0.));
#1589=DIRECTION('center_axis',(-2.335062120428E-16,0.,-1.));
#1590=DIRECTION('ref_axis',(-1.,0.,2.335062120428E-16));
#1591=DIRECTION('',(1.,-1.110223024625E-16,1.110223024625E-16));
#1592=DIRECTION('',(1.110223024625E-16,1.,0.));
#1593=CARTESIAN_POINT('',(0.,0.,0.));
#1594=CARTESIAN_POINT('',(0.,0.,0.));
#1595=CARTESIAN_POINT('Origin',(20.1600819786468,-2.88496084967928,-20.2462855236844));
#1596=CARTESIAN_POINT('',(11.54399045048,-2.89999878153057,-10.1108332451195));
#1597=CARTESIAN_POINT('',(11.5439904504794,-2.8999987815306,-13.6410007436095));
#1598=CARTESIAN_POINT('',(11.54399045048,-2.89999878153061,-10.1231427618425));
#1599=CARTESIAN_POINT('',(2.39482489075634,-2.91596710402742,-13.6410007436063));
#1600=CARTESIAN_POINT('',(19.2630864764851,-2.88652640375772,-13.6410007436123));
#1601=CARTESIAN_POINT('',(2.39482489075808,-2.91596710402739,-8.74714401802925));
#1602=CARTESIAN_POINT('',(2.39482489075634,-2.91596710402742,-13.6410007436063));
#1603=CARTESIAN_POINT('',(2.9366786884705,-2.91502138978366,-8.74714401802945));
#1604=CARTESIAN_POINT('',(0.307174387752664,-2.91961074521795,-8.74714401802851));
#1605=CARTESIAN_POINT('',(4.41887371648902,-2.91243446881737,-10.110833245117));
#1606=CARTESIAN_POINT('Ctrl Pts',(2.9366786884705,-2.91502138978366,-8.74714401802945));
#1607=CARTESIAN_POINT('Ctrl Pts',(3.13928132856362,-2.91466778111033,-8.83075360915252));
#1608=CARTESIAN_POINT('Ctrl Pts',(3.46272991434635,-2.91410325625884,-9.60698783609263));
#1609=CARTESIAN_POINT('Ctrl Pts',(3.52046155078392,-2.91400249544268,-9.60698783609265));
#1610=CARTESIAN_POINT('Ctrl Pts',(3.72033837100464,-2.91365364422734,-9.87333226115073));
#1611=CARTESIAN_POINT('Ctrl Pts',(3.97411995701463,-2.91321071135191,-10.0269854236068));
#1612=CARTESIAN_POINT('Ctrl Pts',(4.26634019555716,-2.91270069030368,-10.1108332451169));
#1613=CARTESIAN_POINT('Ctrl Pts',(4.41887371648903,-2.91243446881737,-10.110833245117));
#1614=CARTESIAN_POINT('',(4.41887371648902,-2.91243446881737,-10.110833245117));
#1615=CARTESIAN_POINT('Origin',(11.5442522497349,-3.04999855306757,-10.1108332451195));
#1616=CARTESIAN_POINT('',(11.5442522497349,-3.04999855306757,-10.1108332451195));
#1617=CARTESIAN_POINT('',(11.5451249139179,-3.54999779152419,-10.1108332451195));
#1618=CARTESIAN_POINT('',(11.5425941877873,-1.15,-10.11083324512));
#1619=CARTESIAN_POINT('Origin',(11.5425941877873,-2.09999999999997,-10.11083324512));
#1620=CARTESIAN_POINT('',(11.5425941877873,-1.3,-10.11083324512));
#1621=CARTESIAN_POINT('',(11.5425941877873,-0.650000000000017,-10.11083324512));
#1622=CARTESIAN_POINT('Origin',(11.5425941877873,-2.09999999999997,-10.1108332451195));
#1623=CARTESIAN_POINT('Origin',(11.542594187787,-2.09999999999998,-11.8759169943638));
#1624=CARTESIAN_POINT('',(11.5442522497343,-3.04999855306759,-13.6410007436095));
#1625=CARTESIAN_POINT('',(11.5442522497349,-3.0499985530676,-10.1231427618425));
#1626=CARTESIAN_POINT('',(11.5425941877867,-1.15,-13.64100074361));
#1627=CARTESIAN_POINT('Origin',(11.5425941877867,-2.09999999999998,-13.6410007436095));
#1628=CARTESIAN_POINT('',(11.5425941877873,-1.14999999999997,-10.1231427618425));
#1629=CARTESIAN_POINT('Origin',(2.39482489075634,-2.91596710402742,-13.6410007436063));
#1630=CARTESIAN_POINT('',(11.5451249139172,-3.54999779152421,-13.6410007436095));
#1631=CARTESIAN_POINT('',(0.384477416385152,-3.0694760543072,-13.6410007436055));
#1632=CARTESIAN_POINT('',(19.26334827574,-3.03652617529471,-13.6410007436123));
#1633=CARTESIAN_POINT('',(0.38395381787538,-2.76947651123321,-13.6410007436055));
#1634=CARTESIAN_POINT('',(0.384215617130268,-2.9194762827702,-13.6410007436055));
#1635=CARTESIAN_POINT('',(2.39456309150146,-2.76596733249043,-13.6410007436063));
#1636=CARTESIAN_POINT('',(19.2628246772302,-2.73652663222072,-13.6410007436123));
#1637=CARTESIAN_POINT('',(2.39482489075634,-2.91596710402742,-13.6410007436063));
#1638=CARTESIAN_POINT('Origin',(31.8076584552714,-2.86463197309795,-10.1108332451267));
#1639=CARTESIAN_POINT('',(4.4191355157439,-3.06243424035437,-10.110833245117));
#1640=CARTESIAN_POINT('',(4.41887371648902,-2.91243446881737,-10.110833245117));
#1641=CARTESIAN_POINT('',(4.4191355157439,-3.06243424035437,-10.110833245117));
#1642=CARTESIAN_POINT('Origin',(5.645597319419,-1.15,-20.2462855236818));
#1643=CARTESIAN_POINT('',(6.542594187787,-1.15,-13.64100074361));
#1644=CARTESIAN_POINT('',(6.542594187787,-1.15,-13.64100074361));
#1645=CARTESIAN_POINT('',(5.73410911031,-1.15,-14.6402937156));
#1646=CARTESIAN_POINT('Origin',(6.542594187787,-1.15,-14.46770252711));
#1647=CARTESIAN_POINT('',(5.73410911031,-1.15,-17.08963454921));
#1648=CARTESIAN_POINT('',(5.73410911031,-1.15,-17.08963454921));
#1649=CARTESIAN_POINT('',(5.192213145402,-1.15,-17.5602303951));
#1650=CARTESIAN_POINT('Origin',(5.192213145402,-1.15,-17.01293307888));
#1651=CARTESIAN_POINT('',(4.815134002712,-1.15,-17.5602303951));
#1652=CARTESIAN_POINT('',(4.815134002712,-1.15,-17.5602303951));
#1653=CARTESIAN_POINT('',(4.310645451207,-1.15,-17.94037471061));
#1654=CARTESIAN_POINT('Origin',(4.815134002712,-1.15,-18.08505528782));
#1655=CARTESIAN_POINT('',(4.310645451207,-1.15,-18.46814408175));
#1656=CARTESIAN_POINT('',(4.310645451207,-1.15,-19.47612179637));
#1657=CARTESIAN_POINT('',(-6.951029054778,-1.15,-18.46814408175));
#1658=CARTESIAN_POINT('',(3.916746642348,-1.15,-18.46814408175));
#1659=CARTESIAN_POINT('',(-6.951029054778,-1.15,-17.85245286134));
#1660=CARTESIAN_POINT('',(-6.951029054778,-1.15,-17.85245286134));
#1661=CARTESIAN_POINT('',(-7.071622565778,-1.15,-17.5602303951));
#1662=CARTESIAN_POINT('',(-7.071622565778,-1.15,-17.5602303951));
#1663=CARTESIAN_POINT('',(-7.357547256862,-1.15,-17.5602303951));
#1664=CARTESIAN_POINT('',(-7.357547256862,-1.15,-17.5602303951));
#1665=CARTESIAN_POINT('',(-7.74158058601,-1.15,-17.19272485434));
#1666=CARTESIAN_POINT('Origin',(-7.373719388893,-1.15,-17.19272485434));
#1667=CARTESIAN_POINT('',(-7.74158058601,-1.15,-11.94249330577));
#1668=CARTESIAN_POINT('',(-7.74158058601,-1.15,-11.94249330577));
#1669=CARTESIAN_POINT('',(-6.001996897498,-1.15,-10.11083324512));
#1670=CARTESIAN_POINT('Origin',(-6.001996897498,-1.15,-11.85273124361));
#1671=CARTESIAN_POINT('',(21.386829556842,-1.15,-10.11083324512));
#1672=CARTESIAN_POINT('Origin',(23.41088146538,-1.3,-13.64100074361));
#1673=CARTESIAN_POINT('',(11.5425941877867,-1.3,-13.64100074361));
#1674=CARTESIAN_POINT('',(11.5425941877867,-0.650000000000023,-13.64100074361));
#1675=CARTESIAN_POINT('',(6.542594187787,-1.3,-13.64100074361));
#1676=CARTESIAN_POINT('',(6.542594187787,-1.3,-13.64100074361));
#1677=CARTESIAN_POINT('',(6.542594187787,-1.3,-13.64100074361));
#1678=CARTESIAN_POINT('Origin',(11.542594187787,-2.09999999999998,-11.8759169943638));
#1679=CARTESIAN_POINT('',(11.5425941877873,-1.29999999999997,-10.1231427618425));
#1680=CARTESIAN_POINT('Origin',(11.5425941877867,-2.09999999999998,-13.64100074361));
#1681=CARTESIAN_POINT('Origin',(-6.951029054778,-1.3,-20.03894040855));
#1682=CARTESIAN_POINT('',(-6.951029054778,-1.3,-18.46814408175));
#1683=CARTESIAN_POINT('',(-6.951029054778,-0.650000000000013,-18.46814408175));
#1684=CARTESIAN_POINT('',(-6.951029054778,-1.3,-17.85245286134));
#1685=CARTESIAN_POINT('',(-6.951029054778,-1.3,-17.85245286134));
#1686=CARTESIAN_POINT('',(-6.951029054778,-1.3,-17.85245286134));
#1687=CARTESIAN_POINT('Origin',(4.310645451207,-1.15,-18.46814408175));
#1688=CARTESIAN_POINT('',(4.310645451207,-1.3,-18.46814408175));
#1689=CARTESIAN_POINT('',(4.310645451207,-0.650000000000015,-18.46814408175));
#1690=CARTESIAN_POINT('',(4.310645451207,-0.370109036436,-19.05479649035));
#1691=CARTESIAN_POINT('Origin',(4.310645451207,-0.65,-18.46814408175));
#1692=CARTESIAN_POINT('',(4.310645451207,-0.434699258797,-18.91941516529));
#1693=CARTESIAN_POINT('',(4.310645451207,-0.370109036435999,-19.05479649035));
#1694=CARTESIAN_POINT('Origin',(4.310645451207,-0.65,-18.46814408175));
#1695=CARTESIAN_POINT('Origin',(-6.951029054778,-1.3,-18.46814408175));
#1696=CARTESIAN_POINT('',(-6.951029054778,-0.15,-18.46814408175));
#1697=CARTESIAN_POINT('Origin',(-6.951029054778,-0.65,-18.46814408175));
#1698=CARTESIAN_POINT('',(-6.951029054778,0.,-18.46814408175));
#1699=CARTESIAN_POINT('',(-6.951029054778,-0.812500000000004,-18.46814408175));
#1700=CARTESIAN_POINT('Origin',(-6.951029054778,-0.65,-18.46814408175));
#1701=CARTESIAN_POINT('Origin',(5.645597319419,-1.3,-20.2462855236818));
#1702=CARTESIAN_POINT('',(-6.001996897498,-1.3,-10.11083324512));
#1703=CARTESIAN_POINT('',(21.386829556842,-1.3,-10.11083324512));
#1704=CARTESIAN_POINT('',(-7.74158058601,-1.3,-11.94249330577));
#1705=CARTESIAN_POINT('Origin',(-6.001996897498,-1.3,-11.85273124361));
#1706=CARTESIAN_POINT('',(-7.74158058601,-1.3,-17.19272485434));
#1707=CARTESIAN_POINT('',(-7.74158058601,-1.3,-11.94249330577));
#1708=CARTESIAN_POINT('',(-7.357547256862,-1.3,-17.5602303951));
#1709=CARTESIAN_POINT('Origin',(-7.373719388893,-1.3,-17.19272485434));
#1710=CARTESIAN_POINT('',(-7.071622565778,-1.3,-17.5602303951));
#1711=CARTESIAN_POINT('',(-7.357547256862,-1.3,-17.5602303951));
#1712=CARTESIAN_POINT('',(-7.071622565778,-1.3,-17.5602303951));
#1713=CARTESIAN_POINT('',(3.916746642348,-1.3,-18.46814408175));
#1714=CARTESIAN_POINT('',(4.310645451207,-1.3,-17.94037471061));
#1715=CARTESIAN_POINT('',(4.310645451207,-1.3,-19.47612179637));
#1716=CARTESIAN_POINT('',(4.815134002712,-1.3,-17.5602303951));
#1717=CARTESIAN_POINT('Origin',(4.815134002712,-1.3,-18.08505528782));
#1718=CARTESIAN_POINT('',(5.192213145402,-1.3,-17.5602303951));
#1719=CARTESIAN_POINT('',(4.815134002712,-1.3,-17.5602303951));
#1720=CARTESIAN_POINT('',(5.73410911031,-1.3,-17.08963454921));
#1721=CARTESIAN_POINT('Origin',(5.192213145402,-1.3,-17.01293307888));
#1722=CARTESIAN_POINT('',(5.73410911031,-1.3,-14.6402937156));
#1723=CARTESIAN_POINT('',(5.73410911031,-1.3,-17.08963454921));
#1724=CARTESIAN_POINT('Origin',(6.542594187787,-1.3,-14.46770252711));
#1725=CARTESIAN_POINT('Origin',(20.1603437779016,-3.03496062121627,-20.2462855236844));
#1726=CARTESIAN_POINT('',(2.93694048772539,-3.06502116132066,-8.74714401802945));
#1727=CARTESIAN_POINT('Ctrl Pts',(4.41913551574391,-3.06243424035437,-10.110833245117));
#1728=CARTESIAN_POINT('Ctrl Pts',(4.26660199481204,-3.06270046184068,-10.1108332451169));
#1729=CARTESIAN_POINT('Ctrl Pts',(3.97438175626952,-3.0632104828889,-10.0269854236068));
#1730=CARTESIAN_POINT('Ctrl Pts',(3.72060017025952,-3.06365341576433,-9.87333226115072));
#1731=CARTESIAN_POINT('Ctrl Pts',(3.52072335003881,-3.06400226697968,-9.60698783609265));
#1732=CARTESIAN_POINT('Ctrl Pts',(3.46299171360123,-3.06410302779583,-9.60698783609263));
#1733=CARTESIAN_POINT('Ctrl Pts',(3.1395431278185,-3.06466755264732,-8.83075360915252));
#1734=CARTESIAN_POINT('Ctrl Pts',(2.93694048772539,-3.06502116132066,-8.74714401802944));
#1735=CARTESIAN_POINT('',(0.307436187007548,-3.06961051675494,-8.74714401802851));
#1736=CARTESIAN_POINT('',(0.307436187007548,-3.06961051675494,-8.74714401802851));
#1737=CARTESIAN_POINT('',(0.0227984549060567,-3.07010730381943,-9.03156621207141));
#1738=CARTESIAN_POINT('Origin',(0.271326601629571,-3.06967353993457,-8.9956452059845));
#1739=CARTESIAN_POINT('',(0.0227984549045424,-3.07010730381946,-13.2793212312554));
#1740=CARTESIAN_POINT('',(0.0227984549045424,-3.07010730381946,-13.2793212312554));
#1741=CARTESIAN_POINT('Origin',(0.38447741638528,-3.06947605430719,-13.2793212312555));
#1742=CARTESIAN_POINT('Origin',(2.39482489075808,-2.91596710402739,-8.74714401802925));
#1743=CARTESIAN_POINT('',(2.39456309150319,-2.76596733249039,-8.74714401802925));
#1744=CARTESIAN_POINT('',(2.39456309150319,-2.76596733249039,-8.74714401802925));
#1745=CARTESIAN_POINT('',(2.39482489075808,-2.91596710402739,-8.74714401802925));
#1746=CARTESIAN_POINT('Origin',(0.271064802374688,-2.91967376839758,-8.9956452059845));
#1747=CARTESIAN_POINT('',(0.306912588497776,-2.76961097368095,-8.74714401802851));
#1748=CARTESIAN_POINT('',(0.307174387752664,-2.91961074521795,-8.74714401802851));
#1749=CARTESIAN_POINT('',(0.0222748563962849,-2.77010776074545,-9.03156621207141));
#1750=CARTESIAN_POINT('Origin',(0.270803003119799,-2.76967399686058,-8.9956452059845));
#1751=CARTESIAN_POINT('',(0.022536655651173,-2.92010753228244,-9.03156621207141));
#1752=CARTESIAN_POINT('Origin',(0.0225366556496587,-2.92010753228247,-13.2793212312554));
#1753=CARTESIAN_POINT('',(0.0222748563947706,-2.77010776074548,-13.2793212312554));
#1754=CARTESIAN_POINT('',(0.0222748563947706,-2.77010776074548,-13.2793212312554));
#1755=CARTESIAN_POINT('',(0.0225366556496587,-2.92010753228247,-13.2793212312554));
#1756=CARTESIAN_POINT('Origin',(0.384215617130397,-2.9194762827702,-13.2793212312555));
#1757=CARTESIAN_POINT('Origin',(0.383953817875509,-2.76947651123321,-13.2793212312555));
#1758=CARTESIAN_POINT('Origin',(1.2071277263741,-2.76803980027239,-11.1927674626258));
#1759=CARTESIAN_POINT('',(0.306912588497776,-2.76961097368095,-8.74714401802851));
#1760=CARTESIAN_POINT('Origin',(4.815134002712,-1.3,-18.08505528782));
#1761=CARTESIAN_POINT('',(4.815134002712,-1.3,-17.5602303951));
#1762=CARTESIAN_POINT('',(4.310645451207,-1.3,-17.94037471061));
#1763=CARTESIAN_POINT('Origin',(5.192213145402,-1.3,-17.5602303951));
#1764=CARTESIAN_POINT('',(5.192213145402,-1.3,-17.5602303951));
#1765=CARTESIAN_POINT('Origin',(5.192213145402,-1.3,-17.01293307888));
#1766=CARTESIAN_POINT('',(5.73410911031,-1.3,-17.08963454921));
#1767=CARTESIAN_POINT('Origin',(5.73410911031,-1.3,-14.6402937156));
#1768=CARTESIAN_POINT('',(5.73410911031,-1.3,-14.6402937156));
#1769=CARTESIAN_POINT('Origin',(6.542594187787,-1.3,-14.46770252711));
#1770=CARTESIAN_POINT('Origin',(11.5439904504794,-2.8999987815306,-13.6410007436095));
#1771=CARTESIAN_POINT('Origin',(2.9366786884705,-2.91502138978366,-8.74714401802945));
#1772=CARTESIAN_POINT('',(2.9366786884705,-2.91502138978366,-8.74714401802945));
#1773=CARTESIAN_POINT('Ctrl Pts',(4.41887371648903,-2.91243446881737,-10.110833245117));
#1774=CARTESIAN_POINT('Ctrl Pts',(4.41925070741607,-3.12843413983064,-10.110833245117));
#1775=CARTESIAN_POINT('Ctrl Pts',(4.26634019555716,-2.91270069030368,-10.1108332451169));
#1776=CARTESIAN_POINT('Ctrl Pts',(4.2667171864842,-3.12870036131696,-10.1108332451169));
#1777=CARTESIAN_POINT('Ctrl Pts',(3.97411995701463,-2.91321071135191,-10.0269854236068));
#1778=CARTESIAN_POINT('Ctrl Pts',(3.97449694794167,-3.12921038236518,-10.0269854236068));
#1779=CARTESIAN_POINT('Ctrl Pts',(3.72033837100464,-2.91365364422734,-9.87333226115073));
#1780=CARTESIAN_POINT('Ctrl Pts',(3.72071536193168,-3.12965331524061,-9.87333226115072));
#1781=CARTESIAN_POINT('Ctrl Pts',(3.52046155078392,-2.91400249544268,-9.60698783609265));
#1782=CARTESIAN_POINT('Ctrl Pts',(3.52083854171096,-3.13000216645595,-9.60698783609265));
#1783=CARTESIAN_POINT('Ctrl Pts',(3.46272991434635,-2.91410325625884,-9.60698783609263));
#1784=CARTESIAN_POINT('Ctrl Pts',(3.46310690527338,-3.13010292727211,-9.60698783609263));
#1785=CARTESIAN_POINT('Ctrl Pts',(3.13928132856362,-2.91466778111033,-8.83075360915252));
#1786=CARTESIAN_POINT('Ctrl Pts',(3.13965831949065,-3.1306674521236,-8.83075360915252));
#1787=CARTESIAN_POINT('Ctrl Pts',(2.9366786884705,-2.91502138978366,-8.74714401802945));
#1788=CARTESIAN_POINT('Ctrl Pts',(2.93705567939754,-3.13102106079693,-8.74714401802944));
#1789=CARTESIAN_POINT('Origin',(-6.001996897498,-1.3,-10.11083324512));
#1790=CARTESIAN_POINT('',(-6.001996897498,-1.3,-10.11083324512));
#1791=CARTESIAN_POINT('Origin',(-6.001996897498,-1.3,-11.85273124361));
#1792=CARTESIAN_POINT('',(-7.74158058601,-1.3,-11.94249330577));
#1793=CARTESIAN_POINT('Origin',(-7.74158058601,-1.3,-17.19272485434));
#1794=CARTESIAN_POINT('',(-7.74158058601,-1.3,-17.19272485434));
#1795=CARTESIAN_POINT('Origin',(-7.373719388893,-1.3,-17.19272485434));
#1796=CARTESIAN_POINT('',(-7.357547256862,-1.3,-17.5602303951));
#1797=CARTESIAN_POINT('Origin',(-7.071622565778,-1.3,-17.5602303951));
#1798=CARTESIAN_POINT('',(-7.071622565778,-1.3,-17.5602303951));
#1799=CARTESIAN_POINT('Origin',(-6.951029054778,-1.3,-17.85245286134));
#1800=CARTESIAN_POINT('Origin',(4.310645451207,-1.3,-17.94037471061));
#1801=CARTESIAN_POINT('Origin',(-0.652715867679,-0.65,-18.46814408175));
#1802=CARTESIAN_POINT('',(4.637292308117,-0.177299862211001,-18.6310998418));
#1803=CARTESIAN_POINT('Ctrl Pts',(4.310645451207,-0.434699258796645,-18.9194151652877));
#1804=CARTESIAN_POINT('Ctrl Pts',(4.310645451207,-0.427084251385647,-18.9157820569418));
#1805=CARTESIAN_POINT('Ctrl Pts',(4.310920239166,-0.419577318865585,-18.9119636930424));
#1806=CARTESIAN_POINT('Ctrl Pts',(4.31200795377334,-0.404809665194023,-18.903979095335));
#1807=CARTESIAN_POINT('Ctrl Pts',(4.31282088042168,-0.397548944218246,-18.8998128896525));
#1808=CARTESIAN_POINT('Ctrl Pts',(4.31497343518034,-0.383299032659505,-18.8911571894676));
#1809=CARTESIAN_POINT('Ctrl Pts',(4.31631306329066,-0.376309890820088,-18.8866676448458));
#1810=CARTESIAN_POINT('Ctrl Pts',(4.31950758374566,-0.362632897034256,-18.8773975446094));
#1811=CARTESIAN_POINT('Ctrl Pts',(4.32136247609034,-0.355945079574938,-18.8726169744027));
#1812=CARTESIAN_POINT('Ctrl Pts',(4.32557608778568,-0.342900149060664,-18.8628038069185));
#1813=CARTESIAN_POINT('Ctrl Pts',(4.32793480713632,-0.336543070582063,-18.8577712015697));
#1814=CARTESIAN_POINT('Ctrl Pts',(4.3331446356163,-0.324187632419288,-18.8474999044686));
#1815=CARTESIAN_POINT('Ctrl Pts',(4.33599574474565,-0.318189299451971,-18.8422612180649));
#1816=CARTESIAN_POINT('Ctrl Pts',(4.34217891555469,-0.306576074891281,-18.8316299554034));
#1817=CARTESIAN_POINT('Ctrl Pts',(4.34551097723437,-0.300961201159031,-18.8262373944586));
#1818=CARTESIAN_POINT('Ctrl Pts',(4.35264461591635,-0.290134944061549,-18.8153558978182));
#1819=CARTESIAN_POINT('Ctrl Pts',(4.35644619291865,-0.284923567803521,-18.8098669854815));
#1820=CARTESIAN_POINT('Ctrl Pts',(4.36450742501829,-0.27491860437514,-18.7988543642272));
#1821=CARTESIAN_POINT('Ctrl Pts',(4.36876708011564,-0.270125013027785,-18.7933306838267));
#1822=CARTESIAN_POINT('Ctrl Pts',(4.37773303117736,-0.260963527360428,-18.7823127543663));
#1823=CARTESIAN_POINT('Ctrl Pts',(4.38243932714172,-0.256595618794103,-18.7768185354017));
#1824=CARTESIAN_POINT('Ctrl Pts',(4.39228712270969,-0.24828691447477,-18.7659250791407));
#1825=CARTESIAN_POINT('Ctrl Pts',(4.39742862231331,-0.244346093634456,-18.7605258723761));
#1826=CARTESIAN_POINT('Ctrl Pts',(4.40813538793227,-0.236886593531133,-18.7498877891066));
#1827=CARTESIAN_POINT('Ctrl Pts',(4.41370065394764,-0.233367702782097,-18.7446490556541));
#1828=CARTESIAN_POINT('Ctrl Pts',(4.42522630485636,-0.226723191086904,-18.7343661971258));
#1829=CARTESIAN_POINT('Ctrl Pts',(4.43118668974973,-0.223597572919666,-18.7293220547138));
#1830=CARTESIAN_POINT('Ctrl Pts',(4.44347393088103,-0.217712711941939,-18.719461936199));
#1831=CARTESIAN_POINT('Ctrl Pts',(4.44980078711897,-0.214953468280367,-18.7146459470166));
#1832=CARTESIAN_POINT('Ctrl Pts',(4.4627923234066,-0.209775716239719,-18.7052753414543));
#1833=CARTESIAN_POINT('Ctrl Pts',(4.4694570034563,-0.20735720495402,-18.7007207142901));
#1834=CARTESIAN_POINT('Ctrl Pts',(4.48309553983437,-0.202836549654155,-18.6919059701148));
#1835=CARTESIAN_POINT('Ctrl Pts',(4.49006939616274,-0.2007343996084,-18.6876458444888));
#1836=CARTESIAN_POINT('Ctrl Pts',(4.50429763756404,-0.196823401002432,-18.6794532714737));
#1837=CARTESIAN_POINT('Ctrl Pts',(4.51155202263696,-0.195014543067141,-18.6755208171497));
#1838=CARTESIAN_POINT('Ctrl Pts',(4.52631267399492,-0.191668507723135,-18.6680168402557));
#1839=CARTESIAN_POINT('Ctrl Pts',(4.53381894027996,-0.19013131723457,-18.6644453121719));
#1840=CARTESIAN_POINT('Ctrl Pts',(4.54905470652871,-0.187308676785019,-18.6576964963354));
#1841=CARTESIAN_POINT('Ctrl Pts',(4.55678420649242,-0.186023210003528,-18.6545192042556));
#1842=CARTESIAN_POINT('Ctrl Pts',(4.57243779256504,-0.183686117842063,-18.6485921663926));
#1843=CARTESIAN_POINT('Ctrl Pts',(4.58036187867396,-0.182634471343453,-18.6458424176332));
#1844=CARTESIAN_POINT('Ctrl Pts',(4.59637598950391,-0.180749566025441,-18.6408034752586));
#1845=CARTESIAN_POINT('Ctrl Pts',(4.60446601422496,-0.179916283365942,-18.6385142795921));
#1846=CARTESIAN_POINT('Ctrl Pts',(4.6207833547455,-0.178455810556817,-18.6344293257124));
#1847=CARTESIAN_POINT('Ctrl Pts',(4.629010670545,-0.177828589706477,-18.632633568256));
#1848=CARTESIAN_POINT('Ctrl Pts',(4.637292308118,-0.177299862211065,-18.6310998418026));
#1849=CARTESIAN_POINT('',(5.247248796785,-0.177299862211001,-18.6310998418));
#1850=CARTESIAN_POINT('',(5.247248796785,-0.177299862210999,-18.6310998418));
#1851=CARTESIAN_POINT('',(5.645597319419,-0.15,-18.46814408175));
#1852=CARTESIAN_POINT('Ctrl Pts',(5.24724879678588,-0.177299862210926,-18.6310998418022));
#1853=CARTESIAN_POINT('Ctrl Pts',(5.31364021722473,-0.168283635944716,-18.6049456794884));
#1854=CARTESIAN_POINT('Ctrl Pts',(5.38003163766359,-0.161443130447317,-18.5780418422154));
#1855=CARTESIAN_POINT('Ctrl Pts',(5.44642305810244,-0.156872192583637,-18.5507574314747));
#1856=CARTESIAN_POINT('Ctrl Pts',(5.51281447854129,-0.152301254719958,-18.523473020734));
#1857=CARTESIAN_POINT('Ctrl Pts',(5.57920589898015,-0.149999999999999,-18.495808726017));
#1858=CARTESIAN_POINT('Ctrl Pts',(5.645597319419,-0.149999999999999,-18.46814408175));
#1859=CARTESIAN_POINT('',(9.352713017575,-0.15,-18.46814408175));
#1860=CARTESIAN_POINT('Ctrl Pts',(5.24723422534399,-0.0354923934397139,
-18.6799940321387));
#1861=CARTESIAN_POINT('Ctrl Pts',(5.24723422534399,-0.0827671837652278,
-18.6636961671506));
#1862=CARTESIAN_POINT('Ctrl Pts',(5.24723422534399,-0.130041974674671,-18.6473983020588));
#1863=CARTESIAN_POINT('Ctrl Pts',(5.24723422534399,-0.177316765000162,-18.6311004370707));
#1864=CARTESIAN_POINT('Ctrl Pts',(5.380026780516,-0.0120476564570471,-18.6119885215105));
#1865=CARTESIAN_POINT('Ctrl Pts',(5.380026780516,-0.0611278520366786,-18.6009220549368));
#1866=CARTESIAN_POINT('Ctrl Pts',(5.380026780516,-0.11020272517418,-18.5898566240793));
#1867=CARTESIAN_POINT('Ctrl Pts',(5.380026780516,-0.15928292187471,-18.5787901572975));
#1868=CARTESIAN_POINT('Ctrl Pts',(5.512819335688,8.81412844097292E-7,-18.5400695268022));
#1869=CARTESIAN_POINT('Ctrl Pts',(5.512819335688,-0.0500062379563121,-18.5345359661957));
#1870=CARTESIAN_POINT('Ctrl Pts',(5.512819335688,-0.100007987936166,-18.5290031610754));
#1871=CARTESIAN_POINT('Ctrl Pts',(5.512819335688,-0.150015108435461,-18.52346960031));
#1872=CARTESIAN_POINT('Ctrl Pts',(5.64561189086001,-4.83618196160483E-11,
-18.4681361884431));
#1873=CARTESIAN_POINT('Ctrl Pts',(5.64561189086001,-0.0500052618011874,
-18.4681367957121));
#1874=CARTESIAN_POINT('Ctrl Pts',(5.64561189086001,-0.100010524143244,-18.4681374028982));
#1875=CARTESIAN_POINT('Ctrl Pts',(5.64561189086001,-0.150015785895945,-18.4681380101672));
#1876=CARTESIAN_POINT('',(5.645597319419,0.,-18.46814408175));
#1877=CARTESIAN_POINT('',(5.247248796785,-0.0354898208743507,-18.67998656982));
#1878=CARTESIAN_POINT('Ctrl Pts',(5.645597319419,0.,-18.46814408175));
#1879=CARTESIAN_POINT('Ctrl Pts',(5.512814478541,-7.79934276776744E-16,
-18.54007215685));
#1880=CARTESIAN_POINT('Ctrl Pts',(5.380031637663,-0.0120476325821105,-18.6119857478));
#1881=CARTESIAN_POINT('Ctrl Pts',(5.247248796785,-0.0354898208743508,-18.67998656982));
#1882=CARTESIAN_POINT('',(5.645597319419,-0.237500000000004,-18.46814408175));
#1883=CARTESIAN_POINT('',(5.247248796785,-0.0354898208743515,-18.67998656982));
#1884=CARTESIAN_POINT('Origin',(4.637292308117,-0.0354898208743859,-18.6799865698201));
#1885=CARTESIAN_POINT('',(4.637292308117,-0.0354898208743507,-18.67998656982));
#1886=CARTESIAN_POINT('',(5.247248796785,-0.0354898208743515,-18.67998656982));
#1887=CARTESIAN_POINT('',(4.637292308117,-0.0354898208743515,-18.67998656982));
#1888=CARTESIAN_POINT('Ctrl Pts',(4.63734238633923,-0.0354155416532279,
-18.6799986924146));
#1889=CARTESIAN_POINT('Ctrl Pts',(4.54622527191234,-0.0429727998950774,
-18.7019186054014));
#1890=CARTESIAN_POINT('Ctrl Pts',(4.37713474076307,-0.0833153865675885,
-18.8303769424891));
#1891=CARTESIAN_POINT('Ctrl Pts',(4.31063326705302,-0.261180650484975,-19.0029251734808));
#1892=CARTESIAN_POINT('Ctrl Pts',(4.31064545455617,-0.370136978350105,-19.0548920007309));
#1893=CARTESIAN_POINT('Ctrl Pts',(4.63734238633923,-0.0827331643179343,
-18.6636877421555));
#1894=CARTESIAN_POINT('Ctrl Pts',(4.54622527191234,-0.0897085798382275,
-18.6839200137545));
#1895=CARTESIAN_POINT('Ctrl Pts',(4.37713474076307,-0.126945140531959,-18.8024881835269));
#1896=CARTESIAN_POINT('Ctrl Pts',(4.31063326705302,-0.291116336321511,-18.9617517113739));
#1897=CARTESIAN_POINT('Ctrl Pts',(4.31064545455617,-0.39168398084292,-19.009717547895));
#1898=CARTESIAN_POINT('Ctrl Pts',(4.63734238633923,-0.13005078698249,-18.6473767919066));
#1899=CARTESIAN_POINT('Ctrl Pts',(4.54622527191234,-0.136444359781025,-18.6659214221076));
#1900=CARTESIAN_POINT('Ctrl Pts',(4.37713474076307,-0.170574894497512,-18.7745994245647));
#1901=CARTESIAN_POINT('Ctrl Pts',(4.31063326705302,-0.321052022158047,-18.9205782492671));
#1902=CARTESIAN_POINT('Ctrl Pts',(4.31064545455617,-0.413230983335736,-18.9645430950491));
#1903=CARTESIAN_POINT('Ctrl Pts',(4.63734238633923,-0.177368409647297,-18.6310658416476));
#1904=CARTESIAN_POINT('Ctrl Pts',(4.54622527191234,-0.183180139724848,-18.6479228304609));
#1905=CARTESIAN_POINT('Ctrl Pts',(4.37713474076307,-0.214204648462063,-18.7467106656026));
#1906=CARTESIAN_POINT('Ctrl Pts',(4.31063326705302,-0.350987707994584,-18.8794047871602));
#1907=CARTESIAN_POINT('Ctrl Pts',(4.31064545455617,-0.434777985829554,-18.9193686422132));
#1908=CARTESIAN_POINT('Ctrl Pts',(4.637292308118,-0.0354898208743826,-18.6799865698184));
#1909=CARTESIAN_POINT('Ctrl Pts',(4.629010670545,-0.0361771666184182,-18.6819804142079));
#1910=CARTESIAN_POINT('Ctrl Pts',(4.6207833547455,-0.0369925537238593,-18.6843148989011));
#1911=CARTESIAN_POINT('Ctrl Pts',(4.60446601422496,-0.0388911683757218,
-18.6896253389448));
#1912=CARTESIAN_POINT('Ctrl Pts',(4.59637598950391,-0.0399744358330711,
-18.6926012933112));
#1913=CARTESIAN_POINT('Ctrl Pts',(4.58036187867396,-0.0424248127464861,
-18.6991519183982));
#1914=CARTESIAN_POINT('Ctrl Pts',(4.57243779256504,-0.0437919531946794,
-18.7027265917854));
#1915=CARTESIAN_POINT('Ctrl Pts',(4.55678420649242,-0.0468301730045842,
-18.7104317410072));
#1916=CARTESIAN_POINT('Ctrl Pts',(4.54905470652871,-0.0485012798205225,
-18.714562220711));
#1917=CARTESIAN_POINT('Ctrl Pts',(4.53381894027996,-0.0521707124049389,
-18.7233356812985));
#1918=CARTESIAN_POINT('Ctrl Pts',(4.52631267399492,-0.0541690600400737,
-18.7279786678075));
#1919=CARTESIAN_POINT('Ctrl Pts',(4.51155202263696,-0.058518905987281,-18.7377338377696));
#1920=CARTESIAN_POINT('Ctrl Pts',(4.50429763756404,-0.0608704213031592,
-18.7428460283908));
#1921=CARTESIAN_POINT('Ctrl Pts',(4.49006939616274,-0.0659547194909181,
-18.7534963733105));
#1922=CARTESIAN_POINT('Ctrl Pts',(4.48309553983437,-0.0686875145503983,
-18.7590345366243));
#1923=CARTESIAN_POINT('Ctrl Pts',(4.4694570034563,-0.0745643664403234,-18.7704937040523));
#1924=CARTESIAN_POINT('Ctrl Pts',(4.4627923234066,-0.0777084311118377,-18.776414719366));
#1925=CARTESIAN_POINT('Ctrl Pts',(4.44980078711897,-0.0844395087646888,
-18.788596506597));
#1926=CARTESIAN_POINT('Ctrl Pts',(4.44347393088103,-0.088026525524629,-18.7948572925339));
#1927=CARTESIAN_POINT('Ctrl Pts',(4.43118668974973,-0.095676844795565,-18.8076754466029));
#1928=CARTESIAN_POINT('Ctrl Pts',(4.42522630485636,-0.0997401484129727,
-18.8142328317385));
#1929=CARTESIAN_POINT('Ctrl Pts',(4.41370065394764,-0.108378013616724,-18.8276005478254));
#1930=CARTESIAN_POINT('Ctrl Pts',(4.40813538793227,-0.112952571590471,-18.8344109013136));
#1931=CARTESIAN_POINT('Ctrl Pts',(4.39742862231331,-0.122649921724791,-18.8482404095639));
#1932=CARTESIAN_POINT('Ctrl Pts',(4.39228712270969,-0.127772988817197,-18.8552593783579));
#1933=CARTESIAN_POINT('Ctrl Pts',(4.38243932714172,-0.138574304432464,-18.8694208714974));
#1934=CARTESIAN_POINT('Ctrl Pts',(4.37773303117736,-0.144252585568827,-18.8765633561515));
#1935=CARTESIAN_POINT('Ctrl Pts',(4.36876708011564,-0.156162516936401,-18.89088666445));
#1936=CARTESIAN_POINT('Ctrl Pts',(4.36450742501829,-0.162394185687825,-18.8980674489705));
#1937=CARTESIAN_POINT('Ctrl Pts',(4.35644619291865,-0.175400638144576,-18.912383856601));
#1938=CARTESIAN_POINT('Ctrl Pts',(4.35264461591635,-0.182175427280012,-18.9195194426387));
#1939=CARTESIAN_POINT('Ctrl Pts',(4.34551097723404,-0.196249561506738,-18.9336653882712));
#1940=CARTESIAN_POINT('Ctrl Pts',(4.34217891555402,-0.203548897358664,-18.9406757174994));
#1941=CARTESIAN_POINT('Ctrl Pts',(4.33599574474498,-0.218646089287561,-18.9544963589593));
#1942=CARTESIAN_POINT('Ctrl Pts',(4.33314463561597,-0.226443922145073,-18.9613066512842));
#1943=CARTESIAN_POINT('Ctrl Pts',(4.32793480713632,-0.24250599175668,-18.9746593375156));
#1944=CARTESIAN_POINT('Ctrl Pts',(4.32557608778568,-0.250770193778861,-18.9812017244691));
#1945=CARTESIAN_POINT('Ctrl Pts',(4.32136247609034,-0.267728603447418,-18.9939588421985));
#1946=CARTESIAN_POINT('Ctrl Pts',(4.31950758374566,-0.276422766144531,-19.0001735834673));
#1947=CARTESIAN_POINT('Ctrl Pts',(4.31631306329066,-0.294202858066112,-19.0122247137746));
#1948=CARTESIAN_POINT('Ctrl Pts',(4.31497343518034,-0.303288742457355,-19.0180611217829));
#1949=CARTESIAN_POINT('Ctrl Pts',(4.31282088042168,-0.321813627483718,-19.0293135320232));
#1950=CARTESIAN_POINT('Ctrl Pts',(4.31200795377334,-0.331252564752228,-19.0347295994105));
#1951=CARTESIAN_POINT('Ctrl Pts',(4.310920239166,-0.350450514525258,-19.0451095764301));
#1952=CARTESIAN_POINT('Ctrl Pts',(4.310645451207,-0.360209526801339,-19.0500734494994));
#1953=CARTESIAN_POINT('Ctrl Pts',(4.310645451207,-0.370109036435637,-19.054796490349));
#1954=CARTESIAN_POINT('Origin',(-0.652715867679,-0.65,-18.46814408175));
#1955=CARTESIAN_POINT('',(5.77652271401725,0.,-18.46814408175));
#1956=CARTESIAN_POINT('Origin',(7.833493284696,-0.15,-24.11404227701));
#1957=CARTESIAN_POINT('',(9.352713017575,-0.15,-18.46814408175));
#1958=CARTESIAN_POINT('',(9.352713017575,-0.15,-18.46814408175));
#1959=CARTESIAN_POINT('',(13.155783599741,-0.15,-16.43026533886));
#1960=CARTESIAN_POINT('Origin',(9.352713017575,-0.15,-13.90057702493));
#1961=CARTESIAN_POINT('',(-13.32541073458,-0.15,-16.43026533886));
#1962=CARTESIAN_POINT('',(6.53548501616,-0.15,-16.43026533886));
#1963=CARTESIAN_POINT('',(-9.665590862435,-0.15,-18.46814408175));
#1964=CARTESIAN_POINT('Origin',(-9.665590862435,-0.15,-14.16287534864));
#1965=CARTESIAN_POINT('',(9.352713017575,-0.15,-18.46814408175));
#1966=CARTESIAN_POINT('Origin',(-0.02528976057452,0.8,1.335656359397));
#1967=CARTESIAN_POINT('',(-13.97085959554,0.8,-14.16287534864));
#1968=CARTESIAN_POINT('',(-13.97085959554,0.8,14.183623086863));
#1969=CARTESIAN_POINT('',(-13.97085959554,0.8,-14.16287534864));
#1970=CARTESIAN_POINT('',(-9.052904624753,0.8,19.101578057654));
#1971=CARTESIAN_POINT('Origin',(-9.052904624753,0.8,14.183623086863));
#1972=CARTESIAN_POINT('',(9.187080307849,0.8,19.101578057654));
#1973=CARTESIAN_POINT('',(-9.052904624753,0.8,19.101578057654));
#1974=CARTESIAN_POINT('',(13.920280074395,0.8,14.368378291108));
#1975=CARTESIAN_POINT('Origin',(9.187080307849,0.8,14.368378291108));
#1976=CARTESIAN_POINT('',(13.920280074395,0.8,-13.90057702493));
#1977=CARTESIAN_POINT('',(13.920280074395,0.8,14.368378291108));
#1978=CARTESIAN_POINT('',(13.155783599741,0.8,-16.43026533886));
#1979=CARTESIAN_POINT('Origin',(9.352713017575,0.8,-13.90057702493));
#1980=CARTESIAN_POINT('',(-13.32541073458,0.8,-16.43026533886));
#1981=CARTESIAN_POINT('',(13.155783599741,0.8,-16.43026533886));
#1982=CARTESIAN_POINT('Origin',(-9.665590862435,0.8,-14.16287534864));
#1983=CARTESIAN_POINT('',(8.236120881536,0.8,-14.95648703021));
#1984=CARTESIAN_POINT('',(13.155783599741,0.8,-10.03682431201));
#1985=CARTESIAN_POINT('Origin',(8.236120881536,0.8,-10.03682431201));
#1986=CARTESIAN_POINT('',(13.155783599741,0.8,13.325003101793));
#1987=CARTESIAN_POINT('',(13.155783599741,0.8,-4.350583976307));
#1988=CARTESIAN_POINT('',(8.270188070683,0.8,18.210598630851));
#1989=CARTESIAN_POINT('Origin',(8.270188070683,0.8,13.325003101793));
#1990=CARTESIAN_POINT('',(-8.670107277471,0.8,18.210598630851));
#1991=CARTESIAN_POINT('',(4.122449155054,0.8,18.210598630851));
#1992=CARTESIAN_POINT('',(-12.96555404947,0.8,13.915151858843));
#1993=CARTESIAN_POINT('Origin',(-8.670107277471,0.8,13.915151858843));
#1994=CARTESIAN_POINT('',(-12.96555404947,0.8,-10.59895515751));
#1995=CARTESIAN_POINT('',(-12.96555404947,0.8,7.62540410912));
#1996=CARTESIAN_POINT('',(-8.608022176777,0.8,-14.95648703021));
#1997=CARTESIAN_POINT('Origin',(-8.608022176777,0.8,-10.59895515751));
#1998=CARTESIAN_POINT('',(-4.316655968676,0.8,-14.95648703021));
#1999=CARTESIAN_POINT('Origin',(-13.97085959554,0.,-14.16287534864));
#2000=CARTESIAN_POINT('',(-13.97085959554,-0.8,14.183623086863));
#2001=CARTESIAN_POINT('',(-13.97085959554,0.,14.183623086863));
#2002=CARTESIAN_POINT('',(-13.97085959554,-0.8,-14.16287534864));
#2003=CARTESIAN_POINT('',(-13.97085959554,0.,-14.16287534864));
#2004=CARTESIAN_POINT('',(-13.97085959554,-0.8,-14.16287534864));
#2005=CARTESIAN_POINT('Origin',(-9.052904624753,0.,14.183623086863));
#2006=CARTESIAN_POINT('',(-9.052904624753,-0.8,19.101578057654));
#2007=CARTESIAN_POINT('',(-9.052904624753,0.,19.101578057654));
#2008=CARTESIAN_POINT('Origin',(-9.052904624753,-0.8,14.183623086863));
#2009=CARTESIAN_POINT('Origin',(-9.052904624753,0.,19.101578057654));
#2010=CARTESIAN_POINT('',(9.187080307849,-0.8,19.101578057654));
#2011=CARTESIAN_POINT('',(9.187080307849,0.,19.101578057654));
#2012=CARTESIAN_POINT('',(-9.052904624753,-0.8,19.101578057654));
#2013=CARTESIAN_POINT('Origin',(9.187080307849,0.,14.368378291108));
#2014=CARTESIAN_POINT('',(13.920280074395,-0.8,14.368378291108));
#2015=CARTESIAN_POINT('',(13.920280074395,0.,14.368378291108));
#2016=CARTESIAN_POINT('Origin',(9.187080307849,-0.8,14.368378291108));
#2017=CARTESIAN_POINT('Origin',(13.920280074395,0.,14.368378291108));
#2018=CARTESIAN_POINT('',(13.920280074395,-0.8,-13.90057702493));
#2019=CARTESIAN_POINT('',(13.920280074395,0.,-13.90057702493));
#2020=CARTESIAN_POINT('',(13.920280074395,-0.8,14.368378291108));
#2021=CARTESIAN_POINT('Origin',(9.352713017575,0.,-13.90057702493));
#2022=CARTESIAN_POINT('',(13.155783599741,-0.8,-16.43026533886));
#2023=CARTESIAN_POINT('',(13.155783599741,0.,-16.43026533886));
#2024=CARTESIAN_POINT('',(9.352713017575,0.79,-18.46814408175));
#2025=CARTESIAN_POINT('',(9.352713017575,0.,-18.46814408175));
#2026=CARTESIAN_POINT('',(13.155783599741,0.79,-16.43026533886));
#2027=CARTESIAN_POINT('Origin',(9.352713017575,0.79,-13.90057702493));
#2028=CARTESIAN_POINT('',(13.155783599741,0.,-16.43026533886));
#2029=CARTESIAN_POINT('Origin',(9.352713017575,-0.8,-13.90057702493));
#2030=CARTESIAN_POINT('Origin',(-9.665590862435,0.,-14.16287534864));
#2031=CARTESIAN_POINT('',(-13.32541073458,0.79,-16.43026533886));
#2032=CARTESIAN_POINT('',(-13.32541073458,0.,-16.43026533886));
#2033=CARTESIAN_POINT('',(-9.665590862435,0.79,-18.46814408175));
#2034=CARTESIAN_POINT('Origin',(-9.665590862435,0.79,-14.16287534864));
#2035=CARTESIAN_POINT('',(-9.665590862435,0.,-18.46814408175));
#2036=CARTESIAN_POINT('',(-13.32541073458,-0.8,-16.43026533886));
#2037=CARTESIAN_POINT('',(-13.32541073458,0.,-16.43026533886));
#2038=CARTESIAN_POINT('Origin',(-9.665590862435,-0.8,-14.16287534864));
#2039=CARTESIAN_POINT('Origin',(-0.02528976057452,-0.8,1.335656359397));
#2040=CARTESIAN_POINT('',(13.155783599741,-0.8,-16.43026533886));
#2041=CARTESIAN_POINT('Origin',(13.155783599741,0.,-16.43026533886));
#2042=CARTESIAN_POINT('',(6.53548501616,0.79,-16.43026533886));
#2043=CARTESIAN_POINT('Origin',(-0.0848135674204,0.79,-17.4492047103));
#2044=CARTESIAN_POINT('',(9.352713017575,0.79,-18.46814408175));
#2045=CARTESIAN_POINT('Origin',(0.09511477513078,0.799,1.627055800317));
#2046=CARTESIAN_POINT('',(13.155783599741,0.799,-10.03682431201));
#2047=CARTESIAN_POINT('',(13.155783599741,0.799,13.325003101793));
#2048=CARTESIAN_POINT('',(13.155783599741,0.799,13.325003101793));
#2049=CARTESIAN_POINT('',(8.236120881536,0.799,-14.95648703021));
#2050=CARTESIAN_POINT('Origin',(8.236120881536,0.799,-10.03682431201));
#2051=CARTESIAN_POINT('',(-8.608022176777,0.799,-14.95648703021));
#2052=CARTESIAN_POINT('',(8.236120881536,0.799,-14.95648703021));
#2053=CARTESIAN_POINT('',(-12.96555404947,0.799,-10.59895515751));
#2054=CARTESIAN_POINT('Origin',(-8.608022176777,0.799,-10.59895515751));
#2055=CARTESIAN_POINT('',(-12.96555404947,0.799,13.915151858843));
#2056=CARTESIAN_POINT('',(-12.96555404947,0.799,-10.59895515751));
#2057=CARTESIAN_POINT('',(-8.670107277471,0.799,18.210598630851));
#2058=CARTESIAN_POINT('Origin',(-8.670107277471,0.799,13.915151858843));
#2059=CARTESIAN_POINT('',(8.270188070683,0.799,18.210598630851));
#2060=CARTESIAN_POINT('',(-8.670107277471,0.799,18.210598630851));
#2061=CARTESIAN_POINT('Origin',(8.270188070683,0.799,13.325003101793));
#2062=CARTESIAN_POINT('Origin',(13.155783599741,0.8,-10.03682431201));
#2063=CARTESIAN_POINT('',(13.155783599741,0.8,-10.03682431201));
#2064=CARTESIAN_POINT('',(13.155783599741,0.8,13.325003101793));
#2065=CARTESIAN_POINT('Origin',(8.270188070683,0.8,13.325003101793));
#2066=CARTESIAN_POINT('',(8.270188070683,0.8,18.210598630851));
#2067=CARTESIAN_POINT('Origin',(8.270188070683,0.8,18.210598630851));
#2068=CARTESIAN_POINT('',(-8.670107277471,0.8,18.210598630851));
#2069=CARTESIAN_POINT('Origin',(-8.670107277471,0.8,13.915151858843));
#2070=CARTESIAN_POINT('',(-12.96555404947,0.8,13.915151858843));
#2071=CARTESIAN_POINT('Origin',(-12.96555404947,0.8,13.915151858843));
#2072=CARTESIAN_POINT('',(-12.96555404947,0.8,-10.59895515751));
#2073=CARTESIAN_POINT('Origin',(-8.608022176777,0.8,-10.59895515751));
#2074=CARTESIAN_POINT('',(-8.608022176777,0.8,-14.95648703021));
#2075=CARTESIAN_POINT('Origin',(-8.608022176777,0.8,-14.95648703021));
#2076=CARTESIAN_POINT('',(8.236120881536,0.8,-14.95648703021));
#2077=CARTESIAN_POINT('Origin',(8.236120881536,0.8,-10.03682431201));
#2078=CARTESIAN_POINT('Origin',(13.155783599741,0.,-16.43026533886));
#2079=CARTESIAN_POINT('Origin',(5.90744810861549,-0.325000000000008,-18.46814408175));
#2080=CARTESIAN_POINT('',(8.6E-5,-40.08781,2.595));
#2081=UNCERTAINTY_MEASURE_WITH_UNIT(LENGTH_MEASURE(0.01),#2087,
'DISTANCE_ACCURACY_VALUE',
'Maximum model space distance between geometric entities at asserted c
onnectivities');
#2082=UNCERTAINTY_MEASURE_WITH_UNIT(LENGTH_MEASURE(0.01),#2087,
'DISTANCE_ACCURACY_VALUE',
'Maximum model space distance between geometric entities at asserted c
onnectivities');
#2083=UNCERTAINTY_MEASURE_WITH_UNIT(LENGTH_MEASURE(0.01),#2087,
'DISTANCE_ACCURACY_VALUE',
'Maximum model space distance between geometric entities at asserted c
onnectivities');
#2084=(
GEOMETRIC_REPRESENTATION_CONTEXT(3)
GLOBAL_UNCERTAINTY_ASSIGNED_CONTEXT((#2081))
GLOBAL_UNIT_ASSIGNED_CONTEXT((#2087,#2089,#2090))
REPRESENTATION_CONTEXT('','3D')
);
#2085=(
GEOMETRIC_REPRESENTATION_CONTEXT(3)
GLOBAL_UNCERTAINTY_ASSIGNED_CONTEXT((#2082))
GLOBAL_UNIT_ASSIGNED_CONTEXT((#2087,#2089,#2090))
REPRESENTATION_CONTEXT('','3D')
);
#2086=(
GEOMETRIC_REPRESENTATION_CONTEXT(3)
GLOBAL_UNCERTAINTY_ASSIGNED_CONTEXT((#2083))
GLOBAL_UNIT_ASSIGNED_CONTEXT((#2087,#2089,#2090))
REPRESENTATION_CONTEXT('','3D')
);
#2087=(
LENGTH_UNIT()
NAMED_UNIT(*)
SI_UNIT(.MILLI.,.METRE.)
);
#2088=(
LENGTH_UNIT()
NAMED_UNIT(*)
SI_UNIT($,.METRE.)
);
#2089=(
NAMED_UNIT(*)
PLANE_ANGLE_UNIT()
SI_UNIT($,.RADIAN.)
);
#2090=(
NAMED_UNIT(*)
SI_UNIT($,.STERADIAN.)
SOLID_ANGLE_UNIT()
);
#2091=SHAPE_DEFINITION_REPRESENTATION(#2093,#2096);
#2092=SHAPE_DEFINITION_REPRESENTATION(#2094,#2097);
#2093=PRODUCT_DEFINITION_SHAPE('',$,#2099);
#2094=PRODUCT_DEFINITION_SHAPE('',$,#2100);
#2095=PRODUCT_DEFINITION_SHAPE($,$,#14);
#2096=SHAPE_REPRESENTATION('',(#1172,#1274),#2084);
#2097=SHAPE_REPRESENTATION('',(#1173),#2085);
#2098=PRODUCT_DEFINITION_CONTEXT('part definition',#2106,'design');
#2099=PRODUCT_DEFINITION('Swadge-HW 1','Swadge-screen-1 v3',#2101,#2098);
#2100=PRODUCT_DEFINITION('RB017A1505A','RB017A1505A',#2102,#2098);
#2101=PRODUCT_DEFINITION_FORMATION('',$,#2108);
#2102=PRODUCT_DEFINITION_FORMATION('',$,#2109);
#2103=PRODUCT_RELATED_PRODUCT_CATEGORY('Swadge-screen-1 v3',
'Swadge-screen-1 v3',(#2108));
#2104=PRODUCT_RELATED_PRODUCT_CATEGORY('RB017A1505A','RB017A1505A',(#2109));
#2105=APPLICATION_PROTOCOL_DEFINITION('international standard',
'automotive_design',2009,#2106);
#2106=APPLICATION_CONTEXT(
'Core Data for Automotive Mechanical Design Process');
#2107=PRODUCT_CONTEXT('part definition',#2106,'mechanical');
#2108=PRODUCT('Swadge-HW 1','Swadge-screen-1 v3',
'KiCad electronic assembly',(#2107));
#2109=PRODUCT('RB017A1505A','RB017A1505A',$,(#2107));
#2110=PRESENTATION_STYLE_ASSIGNMENT((#2116));
#2111=PRESENTATION_STYLE_ASSIGNMENT((#2117));
#2112=PRESENTATION_STYLE_ASSIGNMENT((#2118));
#2113=PRESENTATION_STYLE_ASSIGNMENT((#2119));
#2114=PRESENTATION_STYLE_ASSIGNMENT((#2120));
#2115=PRESENTATION_STYLE_ASSIGNMENT((#2121));
#2116=SURFACE_STYLE_USAGE(.BOTH.,#2122);
#2117=SURFACE_STYLE_USAGE(.BOTH.,#2123);
#2118=SURFACE_STYLE_USAGE(.BOTH.,#2124);
#2119=SURFACE_STYLE_USAGE(.BOTH.,#2125);
#2120=SURFACE_STYLE_USAGE(.BOTH.,#2126);
#2121=SURFACE_STYLE_USAGE(.BOTH.,#2127);
#2122=SURFACE_SIDE_STYLE('',(#2128));
#2123=SURFACE_SIDE_STYLE('',(#2129));
#2124=SURFACE_SIDE_STYLE('',(#2130));
#2125=SURFACE_SIDE_STYLE('',(#2131));
#2126=SURFACE_SIDE_STYLE('',(#2132));
#2127=SURFACE_SIDE_STYLE('',(#2133));
#2128=SURFACE_STYLE_FILL_AREA(#2134);
#2129=SURFACE_STYLE_FILL_AREA(#2135);
#2130=SURFACE_STYLE_FILL_AREA(#2136);
#2131=SURFACE_STYLE_FILL_AREA(#2137);
#2132=SURFACE_STYLE_FILL_AREA(#2138);
#2133=SURFACE_STYLE_FILL_AREA(#2139);
#2134=FILL_AREA_STYLE('Steel - Satin',(#2140));
#2135=FILL_AREA_STYLE('Opaque(76,76,76)',(#2141));
#2136=FILL_AREA_STYLE('Opaque(127,77,25)',(#2142));
#2137=FILL_AREA_STYLE('Opaque(64,64,64)',(#2143));
#2138=FILL_AREA_STYLE('Opaque(22,65,140)',(#2144));
#2139=FILL_AREA_STYLE('Default',(#2145));
#2140=FILL_AREA_STYLE_COLOUR('Steel - Satin',#2146);
#2141=FILL_AREA_STYLE_COLOUR('Opaque(76,76,76)',#2147);
#2142=FILL_AREA_STYLE_COLOUR('Opaque(127,77,25)',#2148);
#2143=FILL_AREA_STYLE_COLOUR('Opaque(64,64,64)',#2149);
#2144=FILL_AREA_STYLE_COLOUR('Opaque(22,65,140)',#2150);
#2145=FILL_AREA_STYLE_COLOUR('Default',#2151);
#2146=COLOUR_RGB('Steel - Satin',0.627450980392157,0.627450980392157,0.627450980392157);
#2147=COLOUR_RGB('Opaque(76,76,76)',0.298039215686275,0.298039215686275,
0.298039215686275);
#2148=COLOUR_RGB('Opaque(127,77,25)',0.498039215686275,0.301960784313725,
0.0980392156862745);
#2149=COLOUR_RGB('Opaque(64,64,64)',0.250980392156863,0.250980392156863,
0.250980392156863);
#2150=COLOUR_RGB('Opaque(22,65,140)',0.0862745098039216,0.254901960784314,
0.549019607843137);
#2151=COLOUR_RGB('Default',0.749019607843137,0.749019607843137,0.749019607843137);
ENDSEC;
END-ISO-10303-21;
