ISO-10303-21;
HEADER;
FILE_DESCRIPTION (( 'STEP AP214' ),
    '1' );
FILE_NAME ('WLCSP-9_L1.7-W1.7-R3-C3-P0.50-TL.STEP',
    '2022-03-18T03:26:06',
    ( 'PC' ),
    ( 'Microsoft' ),
    'SwSTEP 2.0',
    'SolidWorks 2020',
    '' );
FILE_SCHEMA (( 'AUTOMOTIVE_DESIGN' ));
ENDSEC;

DATA;
#1 = AXIS2_PLACEMENT_3D ( 'NONE', #3475, #3055, #149 ) ;
#2 = AXIS2_PLACEMENT_3D ( 'NONE', #94, #3054, #125 ) ;
#3 = ORIENTED_EDGE ( 'NONE', *, *, #3329, .F. ) ;
#4 =( NAMED_UNIT ( * ) SI_UNIT ( $, .STERADIAN. ) SOLID_ANGLE_UNIT ( ) );
#5 = MECHANICAL_DESIGN_GEOMETRIC_PRESENTATION_REPRESENTATION (  '', ( #1436 ), #3113 ) ;
#6 = DIRECTION ( 'NONE',  ( 0.0000000000000000000, -1.000000000000000000, 0.0000000000000000000 ) ) ;
#7 = SURFACE_STYLE_FILL_AREA ( #724 ) ;
#8 = ORIENTED_EDGE ( 'NONE', *, *, #3468, .F. ) ;
#9 = ADVANCED_FACE ( 'NONE', ( #42 ), #3300, .T. ) ;
#10 = DIRECTION ( 'NONE',  ( 0.3390537954853696245, 0.9407669869669986751, 0.0000000000000000000 ) ) ;
#11 = DIRECTION ( 'NONE',  ( 0.0000000000000000000, -1.000000000000000000, 0.0000000000000000000 ) ) ;
#12 = CARTESIAN_POINT ( 'NONE',  ( -0.09264834787720549469, 0.7801085454596624613, -0.3200000000000000067 ) ) ;
#13 = CARTESIAN_POINT ( 'NONE',  ( 0.08114509713930312396, 0.6971359926853881728, -0.3189999999999999503 ) ) ;
#14 = EDGE_CURVE ( 'NONE', #2456, #2546, #3948, .T. ) ;
#15 = STYLED_ITEM ( 'NONE', ( #3250 ), #2837 ) ;
#16 = ORIENTED_EDGE ( 'NONE', *, *, #486, .T. ) ;
#17 = PRESENTATION_LAYER_ASSIGNMENT (  '', '', ( #2360 ) ) ;
#18 = CARTESIAN_POINT ( 'NONE',  ( 0.07599994156472592022, 0.7995666826320713128, -0.3200000000000000622 ) ) ;
#19 = SHAPE_DEFINITION_REPRESENTATION ( #2386, #3053 ) ;
#20 = COLOUR_RGB ( '',1.000000000000000000, 1.000000000000000000, 1.000000000000000000 ) ;
#21 = CARTESIAN_POINT ( 'NONE',  ( 0.1049054093076751265, 0.7186546252849708161, -0.3189999999999998948 ) ) ;
#22 = DIRECTION ( 'NONE',  ( 1.000000000000000000, 0.0000000000000000000, 0.0000000000000000000 ) ) ;
#23 = ORIENTED_EDGE ( 'NONE', *, *, #551, .F. ) ;
#24 = SURFACE_SIDE_STYLE ('',( #3780 ) ) ;
#25 = ORIENTED_EDGE ( 'NONE', *, *, #3220, .F. ) ;
#26 = CARTESIAN_POINT ( 'NONE',  ( -0.1698091307684822526, 0.7805892190837921962, -0.3199999999999998956 ) ) ;
#27 = DIRECTION ( 'NONE',  ( -0.3393303772748790248, -0.9406672605435399959, 0.0000000000000000000 ) ) ;
#28 = ORIENTED_EDGE ( 'NONE', *, *, #2618, .F. ) ;
#29 =( GEOMETRIC_REPRESENTATION_CONTEXT ( 3 ) GLOBAL_UNCERTAINTY_ASSIGNED_CONTEXT ( ( #3903 ) ) GLOBAL_UNIT_ASSIGNED_CONTEXT ( ( #3882, #1072, #3925 ) ) REPRESENTATION_CONTEXT ( 'NONE', 'WORKASPACE' ) );
#30 =( NAMED_UNIT ( * ) PLANE_ANGLE_UNIT ( ) SI_UNIT ( $, .RADIAN. ) );
#31 = ORIENTED_EDGE ( 'NONE', *, *, #2188, .F. ) ;
#32 = PRESENTATION_STYLE_ASSIGNMENT (( #1851 ) ) ;
#33 = CARTESIAN_POINT ( 'NONE',  ( -0.1709318845680139753, 0.7861603829292906909, -0.3189999999999999503 ) ) ;
#34 = CARTESIAN_POINT ( 'NONE',  ( -0.1035226680954420553, 0.7659133530266833967, -0.3189999999999998392 ) ) ;
#35 =( GEOMETRIC_REPRESENTATION_CONTEXT ( 3 ) GLOBAL_UNCERTAINTY_ASSIGNED_CONTEXT ( ( #1904 ) ) GLOBAL_UNIT_ASSIGNED_CONTEXT ( ( #4477, #1887, #4551 ) ) REPRESENTATION_CONTEXT ( 'NONE', 'WORKASPACE' ) );
#36 = CARTESIAN_POINT ( 'NONE',  ( -0.1720163346172542129, 0.7820298283687262542, -0.3200000000000000067 ) ) ;
#37 = PRESENTATION_STYLE_ASSIGNMENT (( #424 ) ) ;
#38 = EDGE_CURVE ( 'NONE', #4775, #2313, #1430, .T. ) ;
#39 = PRESENTATION_STYLE_ASSIGNMENT (( #68 ) ) ;
#40 = UNCERTAINTY_MEASURE_WITH_UNIT (LENGTH_MEASURE( 1.000000000000000082E-05 ), #1063, 'distance_accuracy_value', 'NONE');
#41 = UNCERTAINTY_MEASURE_WITH_UNIT (LENGTH_MEASURE( 1.000000000000000082E-05 ), #2137, 'distance_accuracy_value', 'NONE');
#42 = FACE_OUTER_BOUND ( 'NONE', #1700, .T. ) ;
#43 = EDGE_CURVE ( 'NONE', #1241, #4314, #4787, .T. ) ;
#44 = ORIENTED_EDGE ( 'NONE', *, *, #3595, .F. ) ;
#45 = DIRECTION ( 'NONE',  ( 1.000000000000000000, 0.0000000000000000000, -0.0000000000000000000 ) ) ;
#46 = DIRECTION ( 'NONE',  ( 1.000000000000000000, 0.0000000000000000000, 0.0000000000000000000 ) ) ;
#47 = SURFACE_SIDE_STYLE ('',( #3376 ) ) ;
#48 = EDGE_LOOP ( 'NONE', ( #1094, #2444, #16, #93 ) ) ;
#49 =( GEOMETRIC_REPRESENTATION_CONTEXT ( 3 ) GLOBAL_UNCERTAINTY_ASSIGNED_CONTEXT ( ( #3937 ) ) GLOBAL_UNIT_ASSIGNED_CONTEXT ( ( #4103, #451, #2001 ) ) REPRESENTATION_CONTEXT ( 'NONE', 'WORKASPACE' ) );
#50 = PRESENTATION_STYLE_ASSIGNMENT (( #4446 ) ) ;
#51 = CARTESIAN_POINT ( 'NONE',  ( -0.2171018540802091001, 0.6983555048805101251, -0.3199999999999999512 ) ) ;
#52 =( GEOMETRIC_REPRESENTATION_CONTEXT ( 3 ) GLOBAL_UNCERTAINTY_ASSIGNED_CONTEXT ( ( #1572 ) ) GLOBAL_UNIT_ASSIGNED_CONTEXT ( ( #4016, #1480, #688 ) ) REPRESENTATION_CONTEXT ( 'NONE', 'WORKASPACE' ) );
#53 = ORIENTED_EDGE ( 'NONE', *, *, #468, .F. ) ;
#54 = ORIENTED_EDGE ( 'NONE', *, *, #2169, .T. ) ;
#55 = DIRECTION ( 'NONE',  ( 0.0000000000000000000, -1.000000000000000000, 0.0000000000000000000 ) ) ;
#56 = SURFACE_STYLE_FILL_AREA ( #1946 ) ;
#57 = CARTESIAN_POINT ( 'NONE',  ( 0.07080510485231590601, 0.7882277975556335470, -0.3200000000000001177 ) ) ;
#58 = SURFACE_STYLE_FILL_AREA ( #1159 ) ;
#59 = FACE_OUTER_BOUND ( 'NONE', #1192, .T. ) ;
#60 = CIRCLE ( 'NONE', #4166, 0.1385640646055101566 ) ;
#61 = ORIENTED_EDGE ( 'NONE', *, *, #136, .T. ) ;
#62 = CARTESIAN_POINT ( 'NONE',  ( 0.07704829835881529809, 0.7885994073195344845, -0.3189999999999999503 ) ) ;
#63 = LINE ( 'NONE', #2380, #4634 ) ;
#64 = FILL_AREA_STYLE_COLOUR ( '', #2943 ) ;
#65 = CARTESIAN_POINT ( 'NONE',  ( -0.08641963047931669473, 0.7837108865098872945, -0.3199999999999998956 ) ) ;
#66 = CARTESIAN_POINT ( 'NONE',  ( 0.03411765811491286604, 0.7983555048805102139, -0.3199999999999999512 ) ) ;
#67 = CARTESIAN_POINT ( 'NONE',  ( 0.05362985323686408207, 0.7035384317097784779, -0.3199999999999999512 ) ) ;
#68 = SURFACE_STYLE_USAGE ( .BOTH. , #148 ) ;
#69 = FACE_OUTER_BOUND ( 'NONE', #1023, .T. ) ;
#70 = CARTESIAN_POINT ( 'NONE',  ( 0.05362985323686408207, 0.7956116024414856547, -0.3189999999999999503 ) ) ;
#71 = CARTESIAN_POINT ( 'NONE',  ( -0.1060917327220718548, 0.7477890495105987689, -0.3189999999999999503 ) ) ;
#72 = ORIENTED_EDGE ( 'NONE', *, *, #4198, .T. ) ;
#73 = CARTESIAN_POINT ( 'NONE',  ( -0.1060297690875733889, 0.7538366800454856520, -0.3190000000000000613 ) ) ;
#74 = SURFACE_SIDE_STYLE ('',( #435 ) ) ;
#75 = MECHANICAL_DESIGN_GEOMETRIC_PRESENTATION_REPRESENTATION (  '', ( #3707 ), #4347 ) ;
#76 = UNCERTAINTY_MEASURE_WITH_UNIT (LENGTH_MEASURE( 1.000000000000000082E-05 ), #403, 'distance_accuracy_value', 'NONE');
#77 = VECTOR ( 'NONE', #614, 1000.000000000000000 ) ;
#78 = ORIENTED_EDGE ( 'NONE', *, *, #2420, .F. ) ;
#79 = VERTEX_POINT ( 'NONE', #1142 ) ;
#80 = DIRECTION ( 'NONE',  ( -0.3363908276654493101, 0.9417224702971433992, 0.0000000000000000000 ) ) ;
#81 = VERTEX_POINT ( 'NONE', #3346 ) ;
#82 = CARTESIAN_POINT ( 'NONE',  ( -0.1698091307684822526, 0.7805892190837921962, -0.3189999999999998948 ) ) ;
#83 = COLOUR_RGB ( '',1.000000000000000000, 1.000000000000000000, 1.000000000000000000 ) ;
#84 = FILL_AREA_STYLE_COLOUR ( '', #2587 ) ;
#85 = CARTESIAN_POINT ( 'NONE',  ( 0.1365566825051567901, 0.6983555048805101251, -0.3189999999999999503 ) ) ;
#86 = STYLED_ITEM ( 'NONE', ( #822 ), #153 ) ;
#87 = CARTESIAN_POINT ( 'NONE',  ( -0.8250000000000001776, 0.9350000000000001643, -0.3199999999999999512 ) ) ;
#88 = PRESENTATION_LAYER_ASSIGNMENT (  '', '', ( #252 ) ) ;
#89 = CARTESIAN_POINT ( 'NONE',  ( 0.08678563966053357004, 0.7087144677364944911, -0.3199999999999998401 ) ) ;
#90 = EDGE_CURVE ( 'NONE', #3627, #3640, #733, .T. ) ;
#91 = FACE_OUTER_BOUND ( 'NONE', #4740, .T. ) ;
#92 = FILL_AREA_STYLE ('',( #3767 ) ) ;
#93 = ORIENTED_EDGE ( 'NONE', *, *, #4768, .T. ) ;
#94 = CARTESIAN_POINT ( 'NONE',  ( 1.084202172485504434E-16, -0.4999999999999998890, -0.3999999999999999667 ) ) ;
#95 = DIRECTION ( 'NONE',  ( 1.000000000000000000, 0.0000000000000000000, 0.0000000000000000000 ) ) ;
#96 = ORIENTED_EDGE ( 'NONE', *, *, #1789, .F. ) ;
#97 = CARTESIAN_POINT ( 'NONE',  ( -0.1081731937674847849, 0.7817484006718592449, -0.3200000000000000067 ) ) ;
#98 = ORIENTED_EDGE ( 'NONE', *, *, #4589, .T. ) ;
#99 = LINE ( 'NONE', #2665, #1141 ) ;
#100 = PLANE ( 'NONE',  #2696 ) ;
#101 = B_SPLINE_CURVE_WITH_KNOTS ( 'NONE', 3,
 ( #1398, #2826, #999, #267, #3959, #2465, #2753, #3934, #2106, #1758, #672, #3223, #2133, #3608, #4609, #697, #2507, #293, #1779 ),
 .UNSPECIFIED., .F., .F.,
 ( 4, 1, 1, 1, 1, 1, 1, 1, 1, 1, 1, 1, 1, 1, 1, 1, 4 ),
 ( 0.0000000000000000000, 0.06806869584499457282, 0.1334274328189550829, 0.1961460338131570114, 0.2570485924493124963, 0.3168826631591622478, 0.3761872086663219372, 0.4359603353635462253, 0.4965352368627262147, 0.5574653434807335106, 0.6176868634101474465, 0.6779436406969060469, 0.7388052848060403521, 0.8009493367665840857, 0.8648146674702263947, 0.9310247810786568268, 1.000000000000000000 ),
 .UNSPECIFIED. ) ;
#102 = EDGE_LOOP ( 'NONE', ( #972, #249, #4581, #4598 ) ) ;
#103 = STYLED_ITEM ( 'NONE', ( #577 ), #2304 ) ;
#104 = LINE ( 'NONE', #3805, #3957 ) ;
#105 = CARTESIAN_POINT ( 'NONE',  ( 0.07929677396857140459, 0.7081116024414857435, -0.3199999999999999512 ) ) ;
#106 = AXIS2_PLACEMENT_3D ( 'NONE', #4408, #1102, #2554 ) ;
#107 = EDGE_CURVE ( 'NONE', #4469, #2038, #2928, .T. ) ;
#108 = ORIENTED_EDGE ( 'NONE', *, *, #2243, .T. ) ;
#109 = STYLED_ITEM ( 'NONE', ( #4097 ), #2427 ) ;
#110 = EDGE_CURVE ( 'NONE', #1241, #3233, #4245, .T. ) ;
#111 = CARTESIAN_POINT ( 'NONE',  ( -0.1414920979826481406, 0.6983555048805101251, -0.3199999999999999512 ) ) ;
#112 =( NAMED_UNIT ( * ) SI_UNIT ( $, .STERADIAN. ) SOLID_ANGLE_UNIT ( ) );
#113 = CARTESIAN_POINT ( 'NONE',  ( 0.05628589218690770168, 0.7837403269992404553, -0.3199999999999998956 ) ) ;
#114 = CARTESIAN_POINT ( 'NONE',  ( 0.07808923191199575176, 0.7081274564962278806, -0.3189999999999999503 ) ) ;
#115 = DIRECTION ( 'NONE',  ( -0.9406672605435401069, 0.3393303772748790803, 0.0000000000000000000 ) ) ;
#116 = VERTEX_POINT ( 'NONE', #2758 ) ;
#117 =( NAMED_UNIT ( * ) SI_UNIT ( $, .STERADIAN. ) SOLID_ANGLE_UNIT ( ) );
#118 = AXIS2_PLACEMENT_3D ( 'NONE', #1129, #4026, #1545 ) ;
#119 = DIRECTION ( 'NONE',  ( 1.000000000000000000, 0.0000000000000000000, 0.0000000000000000000 ) ) ;
#120 = FILL_AREA_STYLE ('',( #4237 ) ) ;
#121 = CARTESIAN_POINT ( 'NONE',  ( 0.08288100329445327596, 0.6971747083938734102, -0.3190000000000000058 ) ) ;
#122 = DIRECTION ( 'NONE',  ( -1.000000000000000000, -0.0000000000000000000, -0.0000000000000000000 ) ) ;
#123 = ORIENTED_EDGE ( 'NONE', *, *, #3024, .F. ) ;
#124 = AXIS2_PLACEMENT_3D ( 'NONE', #2938, #3411, #1866 ) ;
#125 = DIRECTION ( 'NONE',  ( 0.0000000000000000000, -1.000000000000000000, 0.0000000000000000000 ) ) ;
#126 = LINE ( 'NONE', #1932, #406 ) ;
#127 = VERTEX_POINT ( 'NONE', #2288 ) ;
#128 = MECHANICAL_DESIGN_GEOMETRIC_PRESENTATION_REPRESENTATION (  '', ( #3908 ), #2450 ) ;
#129 = SURFACE_SIDE_STYLE ('',( #1291 ) ) ;
#130 = CARTESIAN_POINT ( 'NONE',  ( -0.1021184399879746241, 0.7289367810425625427, -0.3189999999999999503 ) ) ;
#131 = B_SPLINE_SURFACE_WITH_KNOTS ( 'NONE', 3, 1, ( 
 ( #4040, #4063 ),
 ( #1628, #4569 ),
 ( #3352, #3125 ),
 ( #2691, #1264 ),
 ( #2239, #3851 ),
 ( #175, #2003 ),
 ( #2709, #1240 ),
 ( #1677, #2216 ),
 ( #560, #3700 ),
 ( #3826, #897 ),
 ( #4812, #97 ),
 ( #150, #2022 ),
 ( #535, #377 ),
 ( #4617, #2958 ),
 ( #4445, #3056 ),
 ( #3321, #2363 ),
 ( #402, #2597 ),
 ( #1883, #3104 ),
 ( #1604, #1316 ) ),
 .UNSPECIFIED., .F., .F., .F.,
 ( 4, 1, 1, 1, 1, 1, 1, 1, 1, 1, 1, 1, 1, 1, 1, 1, 4 ),
 ( 2, 2 ),
 ( 0.0000000000000000000, 0.06863117867660104010, 0.1345664660386768630, 0.1983281540108809970, 0.2607897666408450221, 0.3219991514841584745, 0.3827217465030195442, 0.4435374740357291845, 0.5051334294849250117, 0.5662138747646717762, 0.6261058646175461373, 0.6853493221605171382, 0.7449958703477970179, 0.8054158418145624942, 0.8676362663459531444, 0.9323077823023293575, 1.000000000000000000 ),
 ( 0.0000000000000000000, 1.000000000000000000 ),
 .UNSPECIFIED. ) ;
#132 = CARTESIAN_POINT ( 'NONE',  ( 0.1170830521002650115, 0.7812602715991926461, -0.3190000000000000058 ) ) ;
#133 = CARTESIAN_POINT ( 'NONE',  ( -0.06817034876224441209, 0.7093636855282865472, -0.3189999999999999503 ) ) ;
#134 = ORIENTED_EDGE ( 'NONE', *, *, #2707, .T. ) ;
#135 = CARTESIAN_POINT ( 'NONE',  ( -0.09670572916994980839, 0.7061435745512354423, -0.3199999999999999512 ) ) ;
#136 = EDGE_CURVE ( 'NONE', #3913, #622, #2789, .T. ) ;
#137 = DIRECTION ( 'NONE',  ( -0.0000000000000000000, 0.0000000000000000000, 1.000000000000000000 ) ) ;
#138 = CARTESIAN_POINT ( 'NONE',  ( 0.05362985323686408207, 0.7821969682951442904, -0.3199999999999999512 ) ) ;
#139 = CARTESIAN_POINT ( 'NONE',  ( -0.1510385918850871423, 0.7264042853683149170, -0.3189999999999999503 ) ) ;
#140 = MECHANICAL_DESIGN_GEOMETRIC_PRESENTATION_REPRESENTATION (  '', ( #4788 ), #4719 ) ;
#141 = SURFACE_SIDE_STYLE ('',( #522 ) ) ;
#142 = ORIENTED_EDGE ( 'NONE', *, *, #2812, .F. ) ;
#143 =( LENGTH_UNIT ( ) NAMED_UNIT ( * ) SI_UNIT ( .MILLI., .METRE. ) );
#144 = DIRECTION ( 'NONE',  ( 1.000000000000000000, 0.0000000000000000000, 0.0000000000000000000 ) ) ;
#145 = PLANE ( 'NONE',  #2498 ) ;
#146 = DIRECTION ( 'NONE',  ( -1.159574516027277698E-16, 1.000000000000000000, 0.0000000000000000000 ) ) ;
#147 = ORIENTED_EDGE ( 'NONE', *, *, #1407, .T. ) ;
#148 = SURFACE_SIDE_STYLE ('',( #4108 ) ) ;
#149 = DIRECTION ( 'NONE',  ( 1.224646799147352714E-16, 1.000000000000000000, 0.0000000000000000000 ) ) ;
#150 = CARTESIAN_POINT ( 'NONE',  ( -0.1112154058583997435, 0.7779929333055577434, -0.3189999999999998948 ) ) ;
#151 =( LENGTH_UNIT ( ) NAMED_UNIT ( * ) SI_UNIT ( .MILLI., .METRE. ) );
#152 = CARTESIAN_POINT ( 'NONE',  ( 0.07896874532407938130, 0.7995329945742868372, -0.3190000000000000058 ) ) ;
#153 = ADVANCED_FACE ( 'NONE', ( #69 ), #1573, .F. ) ;
#154 = CARTESIAN_POINT ( 'NONE',  ( 0.05932691321872829437, 0.7116800138496722772, -0.3200000000000001177 ) ) ;
#155 = B_SPLINE_CURVE_WITH_KNOTS ( 'NONE', 3,
 ( #2683, #4161, #393, #3790, #3050, #3741, #3395, #476, #3313, #2583, #2947, #1869, #2997, #1135, #1495, #1951, #1897, #1184, #452 ),
 .UNSPECIFIED., .F., .F.,
 ( 4, 1, 1, 1, 1, 1, 1, 1, 1, 1, 1, 1, 1, 1, 1, 1, 4 ),
 ( 0.0000000000000000000, 0.07064371857535320376, 0.1382567155089040878, 0.2033641242175798503, 0.2663240938030566052, 0.3279047615429893647, 0.3887377151730923575, 0.4494235281093022505, 0.5108610114593153950, 0.5720793960475144546, 0.6317344287314451412, 0.6911172105788379039, 0.7503600294901705547, 0.8100329005312618680, 0.8713624508287362014, 0.9344271412311534464, 1.000000000000000000 ),
 .UNSPECIFIED. ) ;
#156 = VECTOR ( 'NONE', #2027, 1000.000000000000000 ) ;
#157 = DIRECTION ( 'NONE',  ( 1.000000000000000000, 0.0000000000000000000, 0.0000000000000000000 ) ) ;
#158 = ORIENTED_EDGE ( 'NONE', *, *, #2739, .F. ) ;
#159 = DIRECTION ( 'NONE',  ( 0.0000000000000000000, 1.000000000000000000, 0.0000000000000000000 ) ) ;
#160 = FACE_OUTER_BOUND ( 'NONE', #2629, .T. ) ;
#161 =( NAMED_UNIT ( * ) SI_UNIT ( $, .STERADIAN. ) SOLID_ANGLE_UNIT ( ) );
#162 = CARTESIAN_POINT ( 'NONE',  ( -0.1712558174948432266, 0.7861603829292906909, -0.3189999999999999503 ) ) ;
#163 = VERTEX_POINT ( 'NONE', #3426 ) ;
#164 = COLOUR_RGB ( '',1.000000000000000000, 1.000000000000000000, 1.000000000000000000 ) ;
#165 = CARTESIAN_POINT ( 'NONE',  ( 0.1146054629929616486, 0.7472884317097784335, -0.3189999999999999503 ) ) ;
#166 =( NAMED_UNIT ( * ) SI_UNIT ( $, .STERADIAN. ) SOLID_ANGLE_UNIT ( ) );
#167 = AXIS2_PLACEMENT_3D ( 'NONE', #400, #326, #3319 ) ;
#168 = CARTESIAN_POINT ( 'NONE',  ( 0.08310339905197257349, 0.7082097108057183732, -0.3200000000000000067 ) ) ;
#169 = CARTESIAN_POINT ( 'NONE',  ( 0.1183202840530842709, 0.7141347506140233170, -0.3199999999999999512 ) ) ;
#170 = CARTESIAN_POINT ( 'NONE',  ( -0.8249999999999999556, -0.9350000000000001643, 0.04000000000000000083 ) ) ;
#171 = AXIS2_PLACEMENT_3D ( 'NONE', #3496, #1656, #95 ) ;
#172 = EDGE_CURVE ( 'NONE', #4384, #3645, #2260, .T. ) ;
#173 = FACE_OUTER_BOUND ( 'NONE', #1055, .T. ) ;
#174 = B_SPLINE_SURFACE_WITH_KNOTS ( 'NONE', 3, 1, ( 
 ( #508, #2367 ),
 ( #900, #1631 ),
 ( #4543, #3403 ),
 ( #2666, #3059 ),
 ( #539, #2005 ),
 ( #3478, #1172 ),
 ( #1243, #3083 ),
 ( #855, #1195 ),
 ( #3752, #2695 ),
 ( #2643, #4572 ),
 ( #2616, #1961 ),
 ( #4085, #4143 ),
 ( #130, #3801 ),
 ( #2291, #803 ),
 ( #3722, #4173 ),
 ( #430, #1909 ),
 ( #1267, #2317 ),
 ( #71, #3775 ),
 ( #1576, #3008 ) ),
 .UNSPECIFIED., .F., .F., .F.,
 ( 4, 1, 1, 1, 1, 1, 1, 1, 1, 1, 1, 1, 1, 1, 1, 1, 4 ),
 ( 2, 2 ),
 ( 0.0000000000000000000, 0.07082657255516335015, 0.1381690332797999576, 0.2024753315338420068, 0.2639737544135196123, 0.3233803205980372297, 0.3817976227131847367, 0.4393900745193887181, 0.4969027245459969322, 0.5546621696093696485, 0.6127418784921965234, 0.6715388363911721781, 0.7316557220901982461, 0.7942978116139520761, 0.8594822049793571228, 0.9276813254527892516, 1.000000000000000000 ),
 ( 0.0000000000000000000, 1.000000000000000000 ),
 .UNSPECIFIED. ) ;
#175 = CARTESIAN_POINT ( 'NONE',  ( -0.08784535237405158292, 0.7951221534359619314, -0.3190000000000001168 ) ) ;
#176 = EDGE_CURVE ( 'NONE', #4327, #813, #126, .T. ) ;
#177 = CARTESIAN_POINT ( 'NONE',  ( -0.1112154058583997435, 0.7779929333055577434, -0.3199999999999998956 ) ) ;
#178 = CARTESIAN_POINT ( 'NONE',  ( 0.09964077867825538171, 0.7140087140417044065, -0.3199999999999998401 ) ) ;
#179 = MECHANICAL_DESIGN_GEOMETRIC_PRESENTATION_REPRESENTATION (  '', ( #4357 ), #958 ) ;
#180 =( LENGTH_UNIT ( ) NAMED_UNIT ( * ) SI_UNIT ( .MILLI., .METRE. ) );
#181 = CARTESIAN_POINT ( 'NONE',  ( -0.1544113052997213020, 0.7373798951244125988, -0.3199999999999999512 ) ) ;
#182 = PRESENTATION_LAYER_ASSIGNMENT (  '', '', ( #2043 ) ) ;
#183 = CARTESIAN_POINT ( 'NONE',  ( -0.1195408784704530269, 0.7496131268317296481, -0.3189999999999999503 ) ) ;
#184 = VECTOR ( 'NONE', #728, 1000.000000000000114 ) ;
#185 = DIRECTION ( 'NONE',  ( 1.000000000000000000, 0.0000000000000000000, 0.0000000000000000000 ) ) ;
#186 = CARTESIAN_POINT ( 'NONE',  ( -0.1138220939218995836, 0.7241224781309916203, -0.3200000000000001177 ) ) ;
#187 = CARTESIAN_POINT ( 'NONE',  ( -0.2171018540802091001, 0.6983555048805101251, -0.3189999999999999503 ) ) ;
#188 = CARTESIAN_POINT ( 'NONE',  ( 0.05362985323686408207, 0.7145140414658759376, -0.3189999999999999503 ) ) ;
#189 =( NAMED_UNIT ( * ) SI_UNIT ( $, .STERADIAN. ) SOLID_ANGLE_UNIT ( ) );
#190 = EDGE_LOOP ( 'NONE', ( #3432, #2774, #2673, #2663 ) ) ;
#191 = DIRECTION ( 'NONE',  ( 1.000000000000000000, 0.0000000000000000000, 0.0000000000000000000 ) ) ;
#192 = ORIENTED_EDGE ( 'NONE', *, *, #3768, .T. ) ;
#193 = ORIENTED_EDGE ( 'NONE', *, *, #3068, .F. ) ;
#194 = SURFACE_SIDE_STYLE ('',( #2061 ) ) ;
#195 = DIRECTION ( 'NONE',  ( -0.0000000000000000000, -0.0000000000000000000, -1.000000000000000000 ) ) ;
#196 = CARTESIAN_POINT ( 'NONE',  ( 0.1272937661174665114, 0.7359371985297461505, -0.3189999999999999503 ) ) ;
#197 = B_SPLINE_CURVE_WITH_KNOTS ( 'NONE', 3,
 ( #105, #1991, #3063, #2347, #3012, #1611, #4202, #154, #4497, #832, #3459 ),
 .UNSPECIFIED., .F., .F.,
 ( 4, 1, 1, 1, 1, 1, 1, 1, 4 ),
 ( 0.0000000000000000000, 0.1352946047634291382, 0.2667656579247484894, 0.3948160188358721956, 0.5200516544342458358, 0.6421757029708213826, 0.7626518205584238430, 0.8818340043805024120, 1.000000000000000000 ),
 .UNSPECIFIED. ) ;
#198 =( NAMED_UNIT ( * ) SI_UNIT ( $, .STERADIAN. ) SOLID_ANGLE_UNIT ( ) );
#199 = VECTOR ( 'NONE', #1492, 1000.000000000000000 ) ;
#200 = DIRECTION ( 'NONE',  ( -0.0000000000000000000, -0.0000000000000000000, -1.000000000000000000 ) ) ;
#201 = ADVANCED_FACE ( 'NONE', ( #3078 ), #3825, .T. ) ;
#202 = CARTESIAN_POINT ( 'NONE',  ( 0.09028728669164641507, 0.7095294087511759829, -0.3200000000000000067 ) ) ;
#203 = EDGE_CURVE ( 'NONE', #4757, #300, #2361, .T. ) ;
#204 = VECTOR ( 'NONE', #2650, 1000.000000000000000 ) ;
#205 = ORIENTED_EDGE ( 'NONE', *, *, #3768, .F. ) ;
#206 = SURFACE_STYLE_USAGE ( .BOTH. , #2434 ) ;
#207 =( NAMED_UNIT ( * ) PLANE_ANGLE_UNIT ( ) SI_UNIT ( $, .RADIAN. ) );
#208 = AXIS2_PLACEMENT_3D ( 'NONE', #588, #2459, #157 ) ;
#209 =( NAMED_UNIT ( * ) SI_UNIT ( $, .STERADIAN. ) SOLID_ANGLE_UNIT ( ) );
#210 = FILL_AREA_STYLE ('',( #3668 ) ) ;
#211 = CARTESIAN_POINT ( 'NONE',  ( -0.1008332127979667120, 0.7090362557772266205, -0.3190000000000000058 ) ) ;
#212 = DIRECTION ( 'NONE',  ( 0.0000000000000000000, -0.0000000000000000000, -1.000000000000000000 ) ) ;
#213 = CARTESIAN_POINT ( 'NONE',  ( -0.1268579516411847130, 0.6983555048805101251, -0.3189999999999999503 ) ) ;
#214 = PLANE ( 'NONE',  #3415 ) ;
#215 = ORIENTED_EDGE ( 'NONE', *, *, #348, .T. ) ;
#216 = CARTESIAN_POINT ( 'NONE',  ( 0.1145708315450171960, 0.7488330408040602126, -0.3199999999999999512 ) ) ;
#217 = FILL_AREA_STYLE_COLOUR ( '', #547 ) ;
#218 = DIRECTION ( 'NONE',  ( 1.000000000000000000, 0.0000000000000000000, -0.0000000000000000000 ) ) ;
#219 = CARTESIAN_POINT ( 'NONE',  ( -0.8250000000000001776, 0.9349999999999999423, -3.173872490726019624 ) ) ;
#220 =( GEOMETRIC_REPRESENTATION_CONTEXT ( 3 ) GLOBAL_UNCERTAINTY_ASSIGNED_CONTEXT ( ( #4514 ) ) GLOBAL_UNIT_ASSIGNED_CONTEXT ( ( #2759, #3476, #1987 ) ) REPRESENTATION_CONTEXT ( 'NONE', 'WORKASPACE' ) );
#221 = CARTESIAN_POINT ( 'NONE',  ( 0.09265103772710363284, 0.7976083739485525514, -0.3199999999999999512 ) ) ;
#222 = PLANE ( 'NONE',  #2180 ) ;
#223 =( NAMED_UNIT ( * ) PLANE_ANGLE_UNIT ( ) SI_UNIT ( $, .RADIAN. ) );
#224 = CARTESIAN_POINT ( 'NONE',  ( -0.09675316455940019544, 0.7909669818089219984, -0.3200000000000000622 ) ) ;
#225 = CARTESIAN_POINT ( 'NONE',  ( 0.08310339905197257349, 0.7082097108057183732, -0.3200000000000000067 ) ) ;
#226 = AXIS2_PLACEMENT_3D ( 'NONE', #2706, #2019, #4136 ) ;
#227 = ORIENTED_EDGE ( 'NONE', *, *, #3635, .T. ) ;
#228 = ORIENTED_EDGE ( 'NONE', *, *, #4773, .T. ) ;
#229 = VECTOR ( 'NONE', #3621, 1000.000000000000000 ) ;
#230 = VERTEX_POINT ( 'NONE', #3870 ) ;
#231 = CARTESIAN_POINT ( 'NONE',  ( 0.1877761947002787590, 0.7983555048805102139, -0.3199999999999999512 ) ) ;
#232 = UNCERTAINTY_MEASURE_WITH_UNIT (LENGTH_MEASURE( 1.000000000000000082E-05 ), #1725, 'distance_accuracy_value', 'NONE');
#233 = FILL_AREA_STYLE ('',( #4283 ) ) ;
#234 = CARTESIAN_POINT ( 'NONE',  ( 0.05948144612006654036, 0.7006897360720404366, -0.3190000000000001168 ) ) ;
#235 = DIRECTION ( 'NONE',  ( 1.000000000000000000, 0.0000000000000000000, 0.0000000000000000000 ) ) ;
#236 = ORIENTED_EDGE ( 'NONE', *, *, #265, .T. ) ;
#237 = DIRECTION ( 'NONE',  ( 1.000000000000000000, 0.0000000000000000000, 0.0000000000000000000 ) ) ;
#238 = DIRECTION ( 'NONE',  ( 1.000000000000000000, 0.0000000000000000000, -0.0000000000000000000 ) ) ;
#239 = CARTESIAN_POINT ( 'NONE',  ( -0.1035226680954420553, 0.7659133530266833967, -0.3199999999999998401 ) ) ;
#240 =( NAMED_UNIT ( * ) SI_UNIT ( $, .STERADIAN. ) SOLID_ANGLE_UNIT ( ) );
#241 = DIRECTION ( 'NONE',  ( 0.0000000000000000000, -1.000000000000000000, 0.0000000000000000000 ) ) ;
#242 = AXIS2_PLACEMENT_3D ( 'NONE', #919, #4548, #2321 ) ;
#243 = PRESENTATION_LAYER_ASSIGNMENT (  '', '', ( #3105 ) ) ;
#244 = CARTESIAN_POINT ( 'NONE',  ( 0.0000000000000000000, 0.0000000000000000000, -0.3189999999999999503 ) ) ;
#245 = EDGE_CURVE ( 'NONE', #2609, #4081, #2408, .T. ) ;
#246 = SURFACE_STYLE_FILL_AREA ( #939 ) ;
#247 = VECTOR ( 'NONE', #4803, 1000.000000000000000 ) ;
#248 = CARTESIAN_POINT ( 'NONE',  ( 0.1122409061901976229, 0.7311522810661192917, -0.3199999999999999512 ) ) ;
#249 = ORIENTED_EDGE ( 'NONE', *, *, #4243, .F. ) ;
#250 = VECTOR ( 'NONE', #3260, 1000.000000000000000 ) ;
#251 = ORIENTED_EDGE ( 'NONE', *, *, #3836, .F. ) ;
#252 = STYLED_ITEM ( 'NONE', ( #1815 ), #4472 ) ;
#253 =( NAMED_UNIT ( * ) PLANE_ANGLE_UNIT ( ) SI_UNIT ( $, .RADIAN. ) );
#254 =( NAMED_UNIT ( * ) SI_UNIT ( $, .STERADIAN. ) SOLID_ANGLE_UNIT ( ) );
#255 = B_SPLINE_CURVE_WITH_KNOTS ( 'NONE', 3,
 ( #877, #133, #511, #2006, #3755, #1635, #2370, #3087, #4574, #1269, #3832, #2717, #541, #3481, #3522, #3132, #2864, #2765, #1365 ),
 .UNSPECIFIED., .F., .F.,
 ( 4, 1, 1, 1, 1, 1, 1, 1, 1, 1, 1, 1, 1, 1, 1, 1, 4 ),
 ( 0.0000000000000000000, 0.07082657255516335015, 0.1381690332797999576, 0.2024753315338420068, 0.2639737544135196123, 0.3233803205980372297, 0.3817976227131847367, 0.4393900745193887181, 0.4969027245459969322, 0.5546621696093696485, 0.6127418784921965234, 0.6715388363911721781, 0.7316557220901982461, 0.7942978116139520761, 0.8594822049793571228, 0.9276813254527892516, 1.000000000000000000 ),
 .UNSPECIFIED. ) ;
#256 = FILL_AREA_STYLE ('',( #2846 ) ) ;
#257 = CARTESIAN_POINT ( 'NONE',  ( -0.1923495674948432488, 0.7264042853683149170, -0.3189999999999999503 ) ) ;
#258 = ADVANCED_FACE ( 'NONE', ( #604 ), #222, .T. ) ;
#259 =( GEOMETRIC_REPRESENTATION_CONTEXT ( 3 ) GLOBAL_UNCERTAINTY_ASSIGNED_CONTEXT ( ( #262 ) ) GLOBAL_UNIT_ASSIGNED_CONTEXT ( ( #2146, #482, #4492 ) ) REPRESENTATION_CONTEXT ( 'NONE', 'WORKASPACE' ) );
#260 = EDGE_CURVE ( 'NONE', #3166, #4297, #980, .T. ) ;
#261 = CARTESIAN_POINT ( 'NONE',  ( -0.1720163346172542129, 0.7820298283687262542, -0.3190000000000000058 ) ) ;
#262 = UNCERTAINTY_MEASURE_WITH_UNIT (LENGTH_MEASURE( 1.000000000000000082E-05 ), #2146, 'distance_accuracy_value', 'NONE');
#263 = VERTEX_POINT ( 'NONE', #1697 ) ;
#264 = CARTESIAN_POINT ( 'NONE',  ( -0.1698091307684822526, 0.7805892190837921962, -0.3199999999999998956 ) ) ;
#265 = EDGE_CURVE ( 'NONE', #2546, #531, #4019, .T. ) ;
#266 = MECHANICAL_DESIGN_GEOMETRIC_PRESENTATION_REPRESENTATION (  '', ( #2360 ), #2659 ) ;
#267 = CARTESIAN_POINT ( 'NONE',  ( -0.1186977483272820821, 0.7386188274440410595, -0.3190000000000001168 ) ) ;
#268 = LINE ( 'NONE', #2134, #4290 ) ;
#269 = CARTESIAN_POINT ( 'NONE',  ( 0.07929677396857140459, 0.7081116024414857435, -0.3199999999999999512 ) ) ;
#270 = UNCERTAINTY_MEASURE_WITH_UNIT (LENGTH_MEASURE( 1.000000000000000082E-05 ), #3295, 'distance_accuracy_value', 'NONE');
#271 = DIRECTION ( 'NONE',  ( 0.0000000000000000000, -0.0000000000000000000, -1.000000000000000000 ) ) ;
#272 =( GEOMETRIC_REPRESENTATION_CONTEXT ( 3 ) GLOBAL_UNCERTAINTY_ASSIGNED_CONTEXT ( ( #4743 ) ) GLOBAL_UNIT_ASSIGNED_CONTEXT ( ( #1592, #3485, #3464 ) ) REPRESENTATION_CONTEXT ( 'NONE', 'WORKASPACE' ) );
#273 = CARTESIAN_POINT ( 'NONE',  ( 0.07896874532407938130, 0.7995329945742868372, -0.3200000000000000622 ) ) ;
#274 = SURFACE_STYLE_USAGE ( .BOTH. , #4342 ) ;
#275 = FILL_AREA_STYLE ('',( #1033 ) ) ;
#276 = CARTESIAN_POINT ( 'NONE',  ( -0.1712558174948432266, 0.7861603829292906909, -0.3189999999999999503 ) ) ;
#277 = EDGE_LOOP ( 'NONE', ( #3944, #123, #700, #3255 ) ) ;
#278 =( GEOMETRIC_REPRESENTATION_CONTEXT ( 3 ) GLOBAL_UNCERTAINTY_ASSIGNED_CONTEXT ( ( #2441 ) ) GLOBAL_UNIT_ASSIGNED_CONTEXT ( ( #1564, #416, #1920 ) ) REPRESENTATION_CONTEXT ( 'NONE', 'WORKASPACE' ) );
#279 = B_SPLINE_CURVE_WITH_KNOTS ( 'NONE', 3,
 ( #4250, #1583, #2764, #1679, #4547, #1966, #4176, #4573, #132, #2670, #2320, #2740, #4226, #876, #2346, #1322, #540, #152, #3501 ),
 .UNSPECIFIED., .F., .F.,
 ( 4, 1, 1, 1, 1, 1, 1, 1, 1, 1, 1, 1, 1, 1, 1, 1, 4 ),
 ( 0.0000000000000000000, 0.07064371857535320376, 0.1382567155089040878, 0.2033641242175798503, 0.2663240938030566052, 0.3279047615429893647, 0.3887377151730923575, 0.4494235281093022505, 0.5108610114593153950, 0.5720793960475144546, 0.6317344287314451412, 0.6911172105788379039, 0.7503600294901705547, 0.8100329005312618680, 0.8713624508287362014, 0.9344271412311534464, 1.000000000000000000 ),
 .UNSPECIFIED. ) ;
#280 = FILL_AREA_STYLE_COLOUR ( '', #586 ) ;
#281 = CARTESIAN_POINT ( 'NONE',  ( 0.05362985323686408207, 0.7145140414658759376, -0.3189999999999999503 ) ) ;
#282 = COLOUR_RGB ( '',0.0000000000000000000, 0.0000000000000000000, 0.0000000000000000000 ) ;
#283 = SURFACE_STYLE_USAGE ( .BOTH. , #2195 ) ;
#284 = AXIS2_PLACEMENT_3D ( 'NONE', #860, #492, #3067 ) ;
#285 = DIRECTION ( 'NONE',  ( 0.0000000000000000000, 0.0000000000000000000, -1.000000000000000000 ) ) ;
#286 =( NAMED_UNIT ( * ) PLANE_ANGLE_UNIT ( ) SI_UNIT ( $, .RADIAN. ) );
#288 = COLOUR_RGB ( '',1.000000000000000000, 1.000000000000000000, 1.000000000000000000 ) ;
#287 = FACE_OUTER_BOUND ( 'NONE', #1176, .T. ) ;
#289 = SURFACE_SIDE_STYLE ('',( #2849 ) ) ;
#290 = ORIENTED_EDGE ( 'NONE', *, *, #1041, .T. ) ;
#291 = ADVANCED_FACE ( 'NONE', ( #1788, #1006 ), #2088, .F. ) ;
#292 = DIRECTION ( 'NONE',  ( 0.0000000000000000000, 1.000000000000000000, 0.0000000000000000000 ) ) ;
#293 = CARTESIAN_POINT ( 'NONE',  ( -0.06815845626591475470, 0.6983901354181256682, -0.3189999999999998948 ) ) ;
#294 = DIRECTION ( 'NONE',  ( 0.3635424856527061932, 0.9315776194850602376, 0.0000000000000000000 ) ) ;
#295 = CARTESIAN_POINT ( 'NONE',  ( -0.05246770773874569888, 0.7093311146366076958, -0.3199999999999999512 ) ) ;
#296 = CARTESIAN_POINT ( 'NONE',  ( 0.09857330428802625610, 0.7823507039929585849, -0.3189999999999998392 ) ) ;
#297 = DIRECTION ( 'NONE',  ( 0.3390537954853696245, 0.9407669869669986751, 0.0000000000000000000 ) ) ;
#298 = PRESENTATION_STYLE_ASSIGNMENT (( #4271 ) ) ;
#299 = SURFACE_STYLE_USAGE ( .BOTH. , #707 ) ;
#300 = VERTEX_POINT ( 'NONE', #655 ) ;
#301 = UNCERTAINTY_MEASURE_WITH_UNIT (LENGTH_MEASURE( 1.000000000000000082E-05 ), #2734, 'distance_accuracy_value', 'NONE');
#302 = EDGE_LOOP ( 'NONE', ( #3933, #4570, #4441, #1542 ) ) ;
#303 = CARTESIAN_POINT ( 'NONE',  ( -0.6471883114539996873, 0.6498565917493318578, 0.03900000000000000688 ) ) ;
#304 = VECTOR ( 'NONE', #4613, 1000.000000000000000 ) ;
#305 =( LENGTH_UNIT ( ) NAMED_UNIT ( * ) SI_UNIT ( .MILLI., .METRE. ) );
#306 = AXIS2_PLACEMENT_3D ( 'NONE', #3348, #784, #4789 ) ;
#307 = ADVANCED_FACE ( 'NONE', ( #2114 ), #1775, .T. ) ;
#308 = CARTESIAN_POINT ( 'NONE',  ( -0.1159160343213750111, 0.7696358890599325209, -0.3189999999999998392 ) ) ;
#309 = CARTESIAN_POINT ( 'NONE',  ( -0.06624438456801395869, 0.6983555048805101251, -0.3199999999999999512 ) ) ;
#310 = FILL_AREA_STYLE_COLOUR ( '', #3599 ) ;
#311 = LINE ( 'NONE', #2128, #1499 ) ;
#312 = EDGE_LOOP ( 'NONE', ( #1169, #947, #1606, #4471, #2956 ) ) ;
#313 = CARTESIAN_POINT ( 'NONE',  ( -0.01466282968996519831, 0.7434774561000223603, -0.3189999999999999503 ) ) ;
#314 = EDGE_LOOP ( 'NONE', ( #351, #3618, #3545, #2571 ) ) ;
#315 = CARTESIAN_POINT ( 'NONE',  ( 0.1231335469430974855, 0.7220318928585136575, -0.3199999999999999512 ) ) ;
#316 = CARTESIAN_POINT ( 'NONE',  ( 0.1106056800769174703, 0.7679704155766360341, -0.3190000000000000613 ) ) ;
#317 = EDGE_CURVE ( 'NONE', #4556, #1237, #3162, .T. ) ;
#318 = CARTESIAN_POINT ( 'NONE',  ( -0.8249999999999999556, -0.9350000000000001643, 0.0000000000000000000 ) ) ;
#319 = CARTESIAN_POINT ( 'NONE',  ( 0.1743615605539372837, 0.7093311146366076958, -0.3199999999999999512 ) ) ;
#320 = CARTESIAN_POINT ( 'NONE',  ( 0.06480870681887501705, 0.7870280198422273665, -0.3189999999999998948 ) ) ;
#321 = DIRECTION ( 'NONE',  ( -0.0000000000000000000, -0.0000000000000000000, -1.000000000000000000 ) ) ;
#322 = EDGE_CURVE ( 'NONE', #3567, #2270, #3241, .T. ) ;
#323 = DIRECTION ( 'NONE',  ( 1.000000000000000000, -1.224646799147353207E-16, 0.0000000000000000000 ) ) ;
#324 = EDGE_CURVE ( 'NONE', #3278, #163, #1076, .T. ) ;
#325 = ORIENTED_EDGE ( 'NONE', *, *, #4017, .F. ) ;
#326 = DIRECTION ( 'NONE',  ( 0.0000000000000000000, 0.0000000000000000000, 1.000000000000000000 ) ) ;
#327 = LINE ( 'NONE', #1813, #3402 ) ;
#328 = COLOUR_RGB ( '',0.0000000000000000000, 0.0000000000000000000, 0.0000000000000000000 ) ;
#329 = FACE_OUTER_BOUND ( 'NONE', #302, .T. ) ;
#330 = DIRECTION ( 'NONE',  ( -0.0000000000000000000, 0.0000000000000000000, -1.000000000000000000 ) ) ;
#331 = FACE_OUTER_BOUND ( 'NONE', #1182, .T. ) ;
#332 = VERTEX_POINT ( 'NONE', #1369 ) ;
#333 = DIRECTION ( 'NONE',  ( 0.0000000000000000000, -1.000000000000000000, 0.0000000000000000000 ) ) ;
#334 = PRESENTATION_STYLE_ASSIGNMENT (( #2854 ) ) ;
#335 =( NAMED_UNIT ( * ) PLANE_ANGLE_UNIT ( ) SI_UNIT ( $, .RADIAN. ) );
#336 = ORIENTED_EDGE ( 'NONE', *, *, #3897, .F. ) ;
#337 = B_SPLINE_CURVE_WITH_KNOTS ( 'NONE', 3,
 ( #4423, #1842, #3354, #2646, #2620, #762, #2911, #1912, #4447, #21, #1097, #2294, #434, #3302, #4794, #2218, #1535, #2985, #4474 ),
 .UNSPECIFIED., .F., .F.,
 ( 4, 1, 1, 1, 1, 1, 1, 1, 1, 1, 1, 1, 1, 1, 1, 1, 4 ),
 ( 0.0000000000000000000, 0.07377411937406361253, 0.1440791147260406802, 0.2113485183089113262, 0.2760768857398833154, 0.3385209158196765267, 0.3998851166931334800, 0.4602540674652136343, 0.5205889643912484654, 0.5802076845630447233, 0.6386329085525459526, 0.6963645494905241762, 0.7540017746600126136, 0.8128056813744979348, 0.8727544255255601513, 0.9351819969782670938, 1.000000000000000000 ),
 .UNSPECIFIED. ) ;
#338 = FILL_AREA_STYLE_COLOUR ( '', #759 ) ;
#339 = STYLED_ITEM ( 'NONE', ( #2737 ), #2742 ) ;
#340 = DIRECTION ( 'NONE',  ( -0.0000000000000000000, 0.0000000000000000000, 1.000000000000000000 ) ) ;
#341 = CARTESIAN_POINT ( 'NONE',  ( 0.05906663534828770351, 0.7850247059418501427, -0.3200000000000000067 ) ) ;
#342 = SURFACE_SIDE_STYLE ('',( #3655 ) ) ;
#343 = CIRCLE ( 'NONE', #3356, 0.1599999999999999756 ) ;
#344 = DIRECTION ( 'NONE',  ( -0.0000000000000000000, -0.0000000000000000000, -1.000000000000000000 ) ) ;
#345 = SPHERICAL_SURFACE ( 'NONE', #1874, 0.1599999999999999756 ) ;
#346 = MECHANICAL_DESIGN_GEOMETRIC_PRESENTATION_REPRESENTATION (  '', ( #4210 ), #3051 ) ;
#347 =( NAMED_UNIT ( * ) PLANE_ANGLE_UNIT ( ) SI_UNIT ( $, .RADIAN. ) );
#348 = EDGE_CURVE ( 'NONE', #3803, #81, #4311, .T. ) ;
#349 = DIRECTION ( 'NONE',  ( 1.000000000000000000, 0.0000000000000000000, 0.0000000000000000000 ) ) ;
#350 = PRESENTATION_LAYER_ASSIGNMENT (  '', '', ( #683 ) ) ;
#351 = ORIENTED_EDGE ( 'NONE', *, *, #2766, .F. ) ;
#352 = DIRECTION ( 'NONE',  ( 0.0000000000000000000, -0.0000000000000000000, -1.000000000000000000 ) ) ;
#353 = DIRECTION ( 'NONE',  ( -0.0000000000000000000, -0.0000000000000000000, -1.000000000000000000 ) ) ;
#354 = CARTESIAN_POINT ( 'NONE',  ( -0.03905307359240421661, 0.6983555048805101251, -0.3199999999999999512 ) ) ;
#355 = DIRECTION ( 'NONE',  ( 1.000000000000000000, 0.0000000000000000000, 0.0000000000000000000 ) ) ;
#356 =( GEOMETRIC_REPRESENTATION_CONTEXT ( 3 ) GLOBAL_UNCERTAINTY_ASSIGNED_CONTEXT ( ( #2612 ) ) GLOBAL_UNIT_ASSIGNED_CONTEXT ( ( #143, #1645, #3071 ) ) REPRESENTATION_CONTEXT ( 'NONE', 'WORKASPACE' ) );
#357 = STYLED_ITEM ( 'NONE', ( #2224 ), #1982 ) ;
#358 = VERTEX_POINT ( 'NONE', #3625 ) ;
#359 =( NAMED_UNIT ( * ) PLANE_ANGLE_UNIT ( ) SI_UNIT ( $, .RADIAN. ) );
#360 = STYLED_ITEM ( 'NONE', ( #408 ), #3878 ) ;
#361 = COLOUR_RGB ( '',1.000000000000000000, 1.000000000000000000, 1.000000000000000000 ) ;
#362 = DIRECTION ( 'NONE',  ( 0.0000000000000000000, -0.0000000000000000000, -1.000000000000000000 ) ) ;
#363 = CARTESIAN_POINT ( 'NONE',  ( 0.09546417188815410626, 0.7842990847241700925, -0.3190000000000000613 ) ) ;
#364 = CARTESIAN_POINT ( 'NONE',  ( 0.5000000000000001110, 1.084202172485504434E-16, -0.3999999999999999667 ) ) ;
#365 = ORIENTED_EDGE ( 'NONE', *, *, #3683, .T. ) ;
#366 = SURFACE_SIDE_STYLE ('',( #4802 ) ) ;
#367 = CARTESIAN_POINT ( 'NONE',  ( -0.07933790001302730432, 0.7861162344701115856, -0.3189999999999998392 ) ) ;
#368 = EDGE_CURVE ( 'NONE', #490, #4556, #3530, .T. ) ;
#369 = CARTESIAN_POINT ( 'NONE',  ( -0.1712558174948432266, 0.7861603829292906909, -0.3199999999999999512 ) ) ;
#370 = UNCERTAINTY_MEASURE_WITH_UNIT (LENGTH_MEASURE( 1.000000000000000082E-05 ), #4258, 'distance_accuracy_value', 'NONE');
#371 = FILL_AREA_STYLE_COLOUR ( '', #83 ) ;
#372 = CARTESIAN_POINT ( 'NONE',  ( -0.06666359188508712286, 0.7093311146366076958, -0.3189999999999999503 ) ) ;
#373 = PRESENTATION_LAYER_ASSIGNMENT (  '', '', ( #3691 ) ) ;
#374 = DIRECTION ( 'NONE',  ( -0.0000000000000000000, -0.0000000000000000000, -1.000000000000000000 ) ) ;
#375 = EDGE_CURVE ( 'NONE', #2699, #781, #994, .T. ) ;
#376 =( GEOMETRIC_REPRESENTATION_CONTEXT ( 3 ) GLOBAL_UNCERTAINTY_ASSIGNED_CONTEXT ( ( #3002 ) ) GLOBAL_UNIT_ASSIGNED_CONTEXT ( ( #2430, #4298, #605 ) ) REPRESENTATION_CONTEXT ( 'NONE', 'WORKASPACE' ) );
#377 = CARTESIAN_POINT ( 'NONE',  ( -0.1138200118922663429, 0.7739660428452636021, -0.3199999999999998956 ) ) ;
#378 = LINE ( 'NONE', #1199, #426 ) ;
#379 = DIRECTION ( 'NONE',  ( 0.0000000000000000000, -1.000000000000000000, 0.0000000000000000000 ) ) ;
#380 = DIRECTION ( 'NONE',  ( 0.0000000000000000000, -1.000000000000000000, 0.0000000000000000000 ) ) ;
#381 = EDGE_CURVE ( 'NONE', #1036, #4757, #1742, .T. ) ;
#382 = MECHANICAL_DESIGN_GEOMETRIC_PRESENTATION_REPRESENTATION (  '', ( #1714 ), #2392 ) ;
#383 = EDGE_LOOP ( 'NONE', ( #2649, #2548 ) ) ;
#384 = CARTESIAN_POINT ( 'NONE',  ( -0.8250000000000001776, 0.9349999999999999423, 0.04000000000000000083 ) ) ;
#385 = EDGE_CURVE ( 'NONE', #1131, #1986, #1667, .T. ) ;
#386 =( NAMED_UNIT ( * ) SI_UNIT ( $, .STERADIAN. ) SOLID_ANGLE_UNIT ( ) );
#387 = DIRECTION ( 'NONE',  ( 0.0000000000000000000, 1.000000000000000000, 0.0000000000000000000 ) ) ;
#388 = CARTESIAN_POINT ( 'NONE',  ( -0.2024677077387457003, 0.6983555048805101251, -0.3189999999999999503 ) ) ;
#389 = FILL_AREA_STYLE_COLOUR ( '', #4330 ) ;
#390 = CARTESIAN_POINT ( 'NONE',  ( 0.06722542307025552999, 0.7990580008272083479, -0.3190000000000000613 ) ) ;
#391 = ORIENTED_EDGE ( 'NONE', *, *, #3703, .T. ) ;
#392 = LINE ( 'NONE', #3989, #1781 ) ;
#393 = CARTESIAN_POINT ( 'NONE',  ( 0.1278913085637976010, 0.7522222582215192244, -0.3199999999999998956 ) ) ;
#394 = SURFACE_STYLE_USAGE ( .BOTH. , #342 ) ;
#395 = LINE ( 'NONE', #2561, #3288 ) ;
#396 = LINE ( 'NONE', #2950, #2487 ) ;
#397 = DIRECTION ( 'NONE',  ( 1.159574516027277451E-16, -1.000000000000000000, 0.0000000000000000000 ) ) ;
#398 = ORIENTED_EDGE ( 'NONE', *, *, #2478, .F. ) ;
#399 = CARTESIAN_POINT ( 'NONE',  ( 0.05362985323686408207, 0.7956116024414856547, -0.3199999999999999512 ) ) ;
#400 = CARTESIAN_POINT ( 'NONE',  ( 0.0000000000000000000, 0.0000000000000000000, 0.0000000000000000000 ) ) ;
#401 = COLOUR_RGB ( '',0.2509803921568627416, 0.2509803921568627416, 0.2509803921568627416 ) ;
#402 = CARTESIAN_POINT ( 'NONE',  ( -0.1194229093516176315, 0.7549703269144265594, -0.3190000000000000058 ) ) ;
#403 =( LENGTH_UNIT ( ) NAMED_UNIT ( * ) SI_UNIT ( .MILLI., .METRE. ) );
#404 = CARTESIAN_POINT ( 'NONE',  ( -0.05246770773874569888, 0.7093311146366076958, -0.3190000000000084435 ) ) ;
#405 = DIRECTION ( 'NONE',  ( -0.0000000000000000000, -0.0000000000000000000, 1.000000000000000000 ) ) ;
#406 = VECTOR ( 'NONE', #3103, 1000.000000000000000 ) ;
#407 = ORIENTED_EDGE ( 'NONE', *, *, #3839, .T. ) ;
#408 = PRESENTATION_STYLE_ASSIGNMENT (( #1152 ) ) ;
#409 = UNCERTAINTY_MEASURE_WITH_UNIT (LENGTH_MEASURE( 1.000000000000000082E-05 ), #4765, 'distance_accuracy_value', 'NONE');
#410 = ADVANCED_FACE ( 'NONE', ( #4705 ), #667, .T. ) ;
#411 = MECHANICAL_DESIGN_GEOMETRIC_PRESENTATION_REPRESENTATION (  '', ( #3343 ), #662 ) ;
#412 = EDGE_CURVE ( 'NONE', #4327, #1689, #717, .T. ) ;
#413 = CARTESIAN_POINT ( 'NONE',  ( -0.1709318845680139753, 0.7861603829292906909, -0.3189999999999999503 ) ) ;
#414 = FILL_AREA_STYLE_COLOUR ( '', #677 ) ;
#415 = PRESENTATION_LAYER_ASSIGNMENT (  '', '', ( #4357 ) ) ;
#416 =( NAMED_UNIT ( * ) PLANE_ANGLE_UNIT ( ) SI_UNIT ( $, .RADIAN. ) );
#417 = FILL_AREA_STYLE ('',( #1565 ) ) ;
#418 = EDGE_CURVE ( 'NONE', #1478, #596, #4379, .T. ) ;
#419 = CARTESIAN_POINT ( 'NONE',  ( 0.1066617270212767560, 0.7745657046524389022, -0.3190000000000000058 ) ) ;
#420 = ORIENTED_EDGE ( 'NONE', *, *, #4261, .T. ) ;
#421 = LINE ( 'NONE', #2307, #247 ) ;
#422 = FACE_OUTER_BOUND ( 'NONE', #1546, .T. ) ;
#423 = DIRECTION ( 'NONE',  ( -1.159574516027277451E-16, 1.000000000000000000, 0.0000000000000000000 ) ) ;
#424 = SURFACE_STYLE_USAGE ( .BOTH. , #3656 ) ;
#425 = CARTESIAN_POINT ( 'NONE',  ( -0.1061262443241115100, 0.7493273036609979787, -0.3189999999999999503 ) ) ;
#426 = VECTOR ( 'NONE', #433, 1000.000000000000000 ) ;
#427 = ORIENTED_EDGE ( 'NONE', *, *, #2323, .T. ) ;
#428 = FILL_AREA_STYLE_COLOUR ( '', #2119 ) ;
#429 = FILL_AREA_STYLE_COLOUR ( '', #1581 ) ;
#430 = CARTESIAN_POINT ( 'NONE',  ( -0.1055509186280244038, 0.7404440223094466145, -0.3190000000000000058 ) ) ;
#431 = PRESENTATION_LAYER_ASSIGNMENT (  '', '', ( #2500 ) ) ;
#432 = ORIENTED_EDGE ( 'NONE', *, *, #2026, .F. ) ;
#433 = DIRECTION ( 'NONE',  ( 0.0000000000000000000, -1.000000000000000000, 0.0000000000000000000 ) ) ;
#434 = CARTESIAN_POINT ( 'NONE',  ( 0.09670473066451382160, 0.7121954813586274247, -0.3190000000000001168 ) ) ;
#435 = SURFACE_STYLE_FILL_AREA ( #1584 ) ;
#436 = VECTOR ( 'NONE', #3036, 1000.000000000000000 ) ;
#437 = PRESENTATION_LAYER_ASSIGNMENT (  '', '', ( #3737 ) ) ;
#438 = ORIENTED_EDGE ( 'NONE', *, *, #412, .F. ) ;
#439 = DIRECTION ( 'NONE',  ( -0.0000000000000000000, -0.0000000000000000000, -1.000000000000000000 ) ) ;
#440 = ORIENTED_EDGE ( 'NONE', *, *, #3086, .F. ) ;
#441 = MECHANICAL_DESIGN_GEOMETRIC_PRESENTATION_REPRESENTATION (  '', ( #1149 ), #686 ) ;
#442 = CARTESIAN_POINT ( 'NONE',  ( -0.06727334798264814064, 0.7983555048805102139, -0.3189999999999999503 ) ) ;
#443 =( NAMED_UNIT ( * ) PLANE_ANGLE_UNIT ( ) SI_UNIT ( $, .RADIAN. ) );
#444 = FILL_AREA_STYLE_COLOUR ( '', #4047 ) ;
#445 = FILL_AREA_STYLE_COLOUR ( '', #2411 ) ;
#446 = ORIENTED_EDGE ( 'NONE', *, *, #4735, .F. ) ;
#447 = EDGE_CURVE ( 'NONE', #3462, #513, #4772, .T. ) ;
#448 = MECHANICAL_DESIGN_GEOMETRIC_PRESENTATION_REPRESENTATION (  '', ( #842 ), #2449 ) ;
#449 = PRESENTATION_LAYER_ASSIGNMENT (  '', '', ( #1915 ) ) ;
#450 = CARTESIAN_POINT ( 'NONE',  ( 0.1087740100548216099, 0.7713730335854142028, -0.3199999999999998401 ) ) ;
#451 =( NAMED_UNIT ( * ) PLANE_ANGLE_UNIT ( ) SI_UNIT ( $, .RADIAN. ) );
#452 = CARTESIAN_POINT ( 'NONE',  ( 0.07716262762710800194, 0.7995750170756320552, -0.3199999999999999512 ) ) ;
#453 = CARTESIAN_POINT ( 'NONE',  ( -0.09544475036136794432, 0.7778834687806426285, -0.3199999999999998956 ) ) ;
#454 = VECTOR ( 'NONE', #2297, 1000.000000000000000 ) ;
#455 = DIRECTION ( 'NONE',  ( 0.0000000000000000000, 1.000000000000000000, 0.0000000000000000000 ) ) ;
#456 = DIRECTION ( 'NONE',  ( -0.0000000000000000000, 0.0000000000000000000, 1.000000000000000000 ) ) ;
#457 = UNCERTAINTY_MEASURE_WITH_UNIT (LENGTH_MEASURE( 1.000000000000000082E-05 ), #4658, 'distance_accuracy_value', 'NONE');
#458 = UNCERTAINTY_MEASURE_WITH_UNIT (LENGTH_MEASURE( 1.000000000000000082E-05 ), #4260, 'distance_accuracy_value', 'NONE');
#459 = DIRECTION ( 'NONE',  ( 0.0000000000000000000, -0.0000000000000000000, -1.000000000000000000 ) ) ;
#460 = EDGE_LOOP ( 'NONE', ( #4420, #336 ) ) ;
#461 = B_SPLINE_CURVE_WITH_KNOTS ( 'NONE', 3,
 ( #138, #1973, #113, #2301, #520, #3045, #1640, #57, #3758, #1663, #1616 ),
 .UNSPECIFIED., .F., .F.,
 ( 4, 1, 1, 1, 1, 1, 1, 1, 4 ),
 ( 0.0000000000000000000, 0.1252796967356274715, 0.2494199707420520495, 0.3733567994928199130, 0.4966812787822865172, 0.6202029157439832296, 0.7450863201614565945, 0.8712691950190979417, 0.9999999999999998890 ),
 .UNSPECIFIED. ) ;
#462 = PRESENTATION_STYLE_ASSIGNMENT (( #1555 ) ) ;
#463 = AXIS2_PLACEMENT_3D ( 'NONE', #3565, #3174, #1428 ) ;
#464 = DIRECTION ( 'NONE',  ( -1.000000000000000000, 0.0000000000000000000, 0.0000000000000000000 ) ) ;
#465 = SURFACE_SIDE_STYLE ('',( #2600 ) ) ;
#466 = CARTESIAN_POINT ( 'NONE',  ( 0.1365566825051567901, 0.7093311146366076958, -0.3199999999999999512 ) ) ;
#467 = AXIS2_PLACEMENT_3D ( 'NONE', #1016, #2931, #4402 ) ;
#468 = EDGE_CURVE ( 'NONE', #1409, #1986, #3580, .T. ) ;
#469 = ORIENTED_EDGE ( 'NONE', *, *, #1523, .T. ) ;
#470 = CARTESIAN_POINT ( 'NONE',  ( -0.1705949936481769014, 0.7841030979518516242, -0.3199999999999999512 ) ) ;
#471 = CARTESIAN_POINT ( 'NONE',  ( 0.8249999999999999556, -0.9350000000000001643, 0.0000000000000000000 ) ) ;
#472 = CARTESIAN_POINT ( 'NONE',  ( 0.06551998791494194341, 0.7096730074539351341, -0.3189999999999997837 ) ) ;
#473 =( GEOMETRIC_REPRESENTATION_CONTEXT ( 3 ) GLOBAL_UNCERTAINTY_ASSIGNED_CONTEXT ( ( #3275 ) ) GLOBAL_UNIT_ASSIGNED_CONTEXT ( ( #2285, #3744, #503 ) ) REPRESENTATION_CONTEXT ( 'NONE', 'WORKASPACE' ) );
#474 = CARTESIAN_POINT ( 'NONE',  ( 0.1106056800769174703, 0.7679704155766360341, -0.3200000000000000622 ) ) ;
#475 =( GEOMETRIC_REPRESENTATION_CONTEXT ( 3 ) GLOBAL_UNCERTAINTY_ASSIGNED_CONTEXT ( ( #4763 ) ) GLOBAL_UNIT_ASSIGNED_CONTEXT ( ( #4349, #1793, #3639 ) ) REPRESENTATION_CONTEXT ( 'NONE', 'WORKASPACE' ) );
#476 = CARTESIAN_POINT ( 'NONE',  ( 0.1200224822177615447, 0.7771561406204635647, -0.3199999999999997846 ) ) ;
#477 = CARTESIAN_POINT ( 'NONE',  ( 0.1091855010627294925, 0.7244248463730988963, -0.3189999999999999503 ) ) ;
#478 = CARTESIAN_POINT ( 'NONE',  ( 0.1209276920853901843, 0.7179454190957792470, -0.3199999999999998956 ) ) ;
#479 = DIRECTION ( 'NONE',  ( 1.000000000000000000, 0.0000000000000000000, 0.0000000000000000000 ) ) ;
#480 = SURFACE_STYLE_FILL_AREA ( #3770 ) ;
#481 = ORIENTED_EDGE ( 'NONE', *, *, #4773, .F. ) ;
#482 =( NAMED_UNIT ( * ) PLANE_ANGLE_UNIT ( ) SI_UNIT ( $, .RADIAN. ) );
#483 = EDGE_CURVE ( 'NONE', #4072, #4550, #4018, .T. ) ;
#484 = FILL_AREA_STYLE_COLOUR ( '', #2163 ) ;
#485 = ORIENTED_EDGE ( 'NONE', *, *, #4348, .F. ) ;
#486 = EDGE_CURVE ( 'NONE', #4709, #3776, #2242, .T. ) ;
#487 =( NAMED_UNIT ( * ) SI_UNIT ( $, .STERADIAN. ) SOLID_ANGLE_UNIT ( ) );
#488 = CARTESIAN_POINT ( 'NONE',  ( -0.1694824172048971789, 0.7796039756080157535, -0.3190000000000000613 ) ) ;
#489 = VECTOR ( 'NONE', #1818, 1000.000000000000000 ) ;
#490 = VERTEX_POINT ( 'NONE', #2527 ) ;
#491 = VERTEX_POINT ( 'NONE', #4475 ) ;
#492 = DIRECTION ( 'NONE',  ( -0.0000000000000000000, 0.0000000000000000000, 1.000000000000000000 ) ) ;
#493 = VECTOR ( 'NONE', #1926, 1000.000000000000000 ) ;
#494 = SURFACE_SIDE_STYLE ('',( #2394 ) ) ;
#495 =( NAMED_UNIT ( * ) PLANE_ANGLE_UNIT ( ) SI_UNIT ( $, .RADIAN. ) );
#496 = PRESENTATION_LAYER_ASSIGNMENT (  '', '', ( #1276 ) ) ;
#497 = SURFACE_STYLE_USAGE ( .BOTH. , #4580 ) ;
#498 = VECTOR ( 'NONE', #405, 1000.000000000000000 ) ;
#499 = CARTESIAN_POINT ( 'NONE',  ( 0.0000000000000000000, 0.5000000000000002220, -0.3999999999999999667 ) ) ;
#500 = DIRECTION ( 'NONE',  ( -1.000000000000000000, 0.0000000000000000000, 0.0000000000000000000 ) ) ;
#501 = CARTESIAN_POINT ( 'NONE',  ( 0.09359158859688185284, 0.7106918912704864866, -0.3199999999999998956 ) ) ;
#502 = CARTESIAN_POINT ( 'NONE',  ( 0.1279276798474859866, 0.7411107457183017111, -0.3190000000000000058 ) ) ;
#503 =( NAMED_UNIT ( * ) SI_UNIT ( $, .STERADIAN. ) SOLID_ANGLE_UNIT ( ) );
#504 = FILL_AREA_STYLE_COLOUR ( '', #2417 ) ;
#505 = FILL_AREA_STYLE ('',( #2312 ) ) ;
#506 = SURFACE_STYLE_FILL_AREA ( #4769 ) ;
#507 = PRESENTATION_LAYER_ASSIGNMENT (  '', '', ( #15 ) ) ;
#508 = CARTESIAN_POINT ( 'NONE',  ( -0.06666359188508712286, 0.7093311146366076958, -0.3189999999999999503 ) ) ;
#509 =( GEOMETRIC_REPRESENTATION_CONTEXT ( 3 ) GLOBAL_UNCERTAINTY_ASSIGNED_CONTEXT ( ( #76 ) ) GLOBAL_UNIT_ASSIGNED_CONTEXT ( ( #403, #1534, #3380 ) ) REPRESENTATION_CONTEXT ( 'NONE', 'WORKASPACE' ) );
#510 = SURFACE_STYLE_USAGE ( .BOTH. , #1610 ) ;
#511 = CARTESIAN_POINT ( 'NONE',  ( -0.07110974189668373135, 0.7094272250792484913, -0.3189999999999998392 ) ) ;
#512 = COLOUR_RGB ( '',1.000000000000000000, 1.000000000000000000, 1.000000000000000000 ) ;
#513 = VERTEX_POINT ( 'NONE', #1440 ) ;
#514 = EDGE_LOOP ( 'NONE', ( #2780, #4102 ) ) ;
#515 = CARTESIAN_POINT ( 'NONE',  ( 0.1365566825051567901, 0.7093311146366076958, -0.3199999999999999512 ) ) ;
#516 = VECTOR ( 'NONE', #4083, 1000.000000000000000 ) ;
#517 = VERTEX_POINT ( 'NONE', #4816 ) ;
#518 = FILL_AREA_STYLE ('',( #3160 ) ) ;
#519 =( NAMED_UNIT ( * ) SI_UNIT ( $, .STERADIAN. ) SOLID_ANGLE_UNIT ( ) );
#520 = CARTESIAN_POINT ( 'NONE',  ( 0.06190095966338304834, 0.7861387197592589748, -0.3199999999999999512 ) ) ;
#521 = PLANE ( 'NONE',  #1831 ) ;
#522 = SURFACE_STYLE_FILL_AREA ( #4183 ) ;
#523 = CARTESIAN_POINT ( 'NONE',  ( 0.09546417188815410626, 0.7842990847241700925, -0.3190000000000000613 ) ) ;
#524 = PRESENTATION_LAYER_ASSIGNMENT (  '', '', ( #602 ) ) ;
#525 = ORIENTED_EDGE ( 'NONE', *, *, #787, .T. ) ;
#526 = CARTESIAN_POINT ( 'NONE',  ( -0.01466282968996519831, 0.7434774561000223603, -0.3199999999999999512 ) ) ;
#527 = PRESENTATION_STYLE_ASSIGNMENT (( #2016 ) ) ;
#528 = CARTESIAN_POINT ( 'NONE',  ( 0.1365566825051567901, 0.6983555048805101251, -0.3189999999999999503 ) ) ;
#529 = PRESENTATION_STYLE_ASSIGNMENT (( #894 ) ) ;
#531 = VERTEX_POINT ( 'NONE', #2551 ) ;
#530 = PRESENTATION_LAYER_ASSIGNMENT (  '', '', ( #3672 ) ) ;
#532 = AXIS2_PLACEMENT_3D ( 'NONE', #1250, #4626, #185 ) ;
#533 = FILL_AREA_STYLE ('',( #1676 ) ) ;
#534 = EDGE_CURVE ( 'NONE', #4381, #3290, #4448, .T. ) ;
#535 = CARTESIAN_POINT ( 'NONE',  ( -0.1138200118922663429, 0.7739660428452636021, -0.3190000000000000058 ) ) ;
#536 = CIRCLE ( 'NONE', #689, 0.1385640646055101566 ) ;
#537 =( GEOMETRIC_REPRESENTATION_CONTEXT ( 3 ) GLOBAL_UNCERTAINTY_ASSIGNED_CONTEXT ( ( #457 ) ) GLOBAL_UNIT_ASSIGNED_CONTEXT ( ( #4658, #3470, #3536 ) ) REPRESENTATION_CONTEXT ( 'NONE', 'WORKASPACE' ) );
#538 = FILL_AREA_STYLE ('',( #3828 ) ) ;
#539 = CARTESIAN_POINT ( 'NONE',  ( -0.07942508406531968712, 0.7107420646921885909, -0.3189999999999998948 ) ) ;
#540 = CARTESIAN_POINT ( 'NONE',  ( 0.08251189653656895717, 0.7994505569364501740, -0.3190000000000000613 ) ) ;
#541 = CARTESIAN_POINT ( 'NONE',  ( -0.1021184399879746241, 0.7289367810425625427, -0.3189999999999999503 ) ) ;
#542 =( NAMED_UNIT ( * ) SI_UNIT ( $, .STERADIAN. ) SOLID_ANGLE_UNIT ( ) );
#543 = CARTESIAN_POINT ( 'NONE',  ( -0.1194213261904847889, 0.7440220469519136515, -0.3189999999999999503 ) ) ;
#544 = PRESENTATION_STYLE_ASSIGNMENT (( #884 ) ) ;
#545 = CARTESIAN_POINT ( 'NONE',  ( 0.07808923191199575176, 0.7081274564962278806, -0.3199999999999999512 ) ) ;
#546 = ADVANCED_FACE ( 'NONE', ( #2268 ), #2569, .T. ) ;
#547 = COLOUR_RGB ( '',1.000000000000000000, 1.000000000000000000, 1.000000000000000000 ) ;
#548 = FACE_BOUND ( 'NONE', #1674, .T. ) ;
#549 = ORIENTED_EDGE ( 'NONE', *, *, #3101, .T. ) ;
#550 = ORIENTED_EDGE ( 'NONE', *, *, #90, .T. ) ;
#551 = EDGE_CURVE ( 'NONE', #4067, #3166, #4089, .T. ) ;
#552 = CARTESIAN_POINT ( 'NONE',  ( -0.1709318845680139753, 0.7861603829292906909, -0.3189999999999999503 ) ) ;
#553 = FACE_OUTER_BOUND ( 'NONE', #1916, .T. ) ;
#554 = CARTESIAN_POINT ( 'NONE',  ( 0.1023723544722396350, 0.7161810600739567656, -0.3200000000000001177 ) ) ;
#555 =( LENGTH_UNIT ( ) NAMED_UNIT ( * ) SI_UNIT ( .MILLI., .METRE. ) );
#556 = CARTESIAN_POINT ( 'NONE',  ( 0.08627576276095517971, 0.6972504213104342430, -0.3190000000000000058 ) ) ;
#557 = EDGE_LOOP ( 'NONE', ( #3013, #61, #3559 ) ) ;
#558 = AXIS2_PLACEMENT_3D ( 'NONE', #4532, #2384, #3848 ) ;
#559 = CARTESIAN_POINT ( 'NONE',  ( 0.05454908624974772607, 0.7139962860480721929, -0.3189999999999998948 ) ) ;
#560 = CARTESIAN_POINT ( 'NONE',  ( -0.1008545549648643957, 0.7882704529490307532, -0.3189999999999999503 ) ) ;
#561 = CARTESIAN_POINT ( 'NONE',  ( -0.07271274095140717320, 0.7982342658140991754, -0.3200000000000000067 ) ) ;
#562 = CARTESIAN_POINT ( 'NONE',  ( 0.1146054629929616486, 0.7472884317097784335, -0.3199999999999999512 ) ) ;
#563 = CARTESIAN_POINT ( 'NONE',  ( -0.1544113052997213020, 0.7373798951244125988, -0.3189999999999999503 ) ) ;
#564 = DIRECTION ( 'NONE',  ( 0.0000000000000000000, 1.000000000000000000, 0.0000000000000000000 ) ) ;
#565 = SURFACE_STYLE_USAGE ( .BOTH. , #494 ) ;
#566 = CARTESIAN_POINT ( 'NONE',  ( -0.1159213025329238062, 0.7286658456659363958, -0.3189999999999998392 ) ) ;
#567 = CARTESIAN_POINT ( 'NONE',  ( 0.05639545737323976154, 0.7129563226883298688, -0.3189999999999999503 ) ) ;
#568 = FILL_AREA_STYLE_COLOUR ( '', #401 ) ;
#569 = ORIENTED_EDGE ( 'NONE', *, *, #1653, .T. ) ;
#570 = ORIENTED_EDGE ( 'NONE', *, *, #1047, .F. ) ;
#571 = EDGE_CURVE ( 'NONE', #4301, #1522, #1477, .T. ) ;
#572 = STYLED_ITEM ( 'NONE', ( #2963 ), #1580 ) ;
#573 = EDGE_CURVE ( 'NONE', #1064, #3483, #3382, .T. ) ;
#574 = ORIENTED_EDGE ( 'NONE', *, *, #3277, .F. ) ;
#575 = DIRECTION ( 'NONE',  ( 0.0000000000000000000, -1.000000000000000000, 0.0000000000000000000 ) ) ;
#576 = FACE_OUTER_BOUND ( 'NONE', #383, .T. ) ;
#577 = PRESENTATION_STYLE_ASSIGNMENT (( #3866 ) ) ;
#578 = CARTESIAN_POINT ( 'NONE',  ( 0.1263183124349424313, 0.7310301268864923818, -0.3189999999999998948 ) ) ;
#579 = SURFACE_STYLE_FILL_AREA ( #3891 ) ;
#580 = ADVANCED_FACE ( 'NONE', ( #1942 ), #2671, .T. ) ;
#581 = COLOUR_RGB ( '',0.2509803921568627416, 0.2509803921568627416, 0.2509803921568627416 ) ;
#582 = PRESENTATION_LAYER_ASSIGNMENT (  '', '', ( #4277 ) ) ;
#583 = CARTESIAN_POINT ( 'NONE',  ( 0.1278913085637976010, 0.7522222582215192244, -0.3189999999999998948 ) ) ;
#584 = SURFACE_SIDE_STYLE ('',( #938 ) ) ;
#585 = CARTESIAN_POINT ( 'NONE',  ( -0.1138200118922663429, 0.7739660428452636021, -0.3200000000000000067 ) ) ;
#586 = COLOUR_RGB ( '',1.000000000000000000, 1.000000000000000000, 1.000000000000000000 ) ;
#587 = B_SPLINE_CURVE_WITH_KNOTS ( 'NONE', 3,
 ( #3435, #3234, #1702, #2863, #3620, #1412, #1750, #4328, #1066, #4722, #961 ),
 .UNSPECIFIED., .F., .F.,
 ( 4, 1, 1, 1, 1, 1, 1, 1, 4 ),
 ( 0.0000000000000000000, 0.1124483899088023486, 0.2265276752126783866, 0.3444019493260284115, 0.4658649724874592279, 0.5916594493521175613, 0.7221684870248873400, 0.8586063875549265756, 1.000000000000000000 ),
 .UNSPECIFIED. ) ;
#588 = CARTESIAN_POINT ( 'NONE',  ( -0.5898099180248681517, 0.6498565917493318578, 0.03900000000000000688 ) ) ;
#589 = UNCERTAINTY_MEASURE_WITH_UNIT (LENGTH_MEASURE( 1.000000000000000082E-05 ), #3015, 'distance_accuracy_value', 'NONE');
#590 = STYLED_ITEM ( 'NONE', ( #3322 ), #2151 ) ;
#591 =( LENGTH_UNIT ( ) NAMED_UNIT ( * ) SI_UNIT ( .MILLI., .METRE. ) );
#592 = CARTESIAN_POINT ( 'NONE',  ( -0.1081833329116200781, 0.7159229679188959805, -0.3200000000000000622 ) ) ;
#593 = CARTESIAN_POINT ( 'NONE',  ( -0.1414920979826481406, 0.6983555048805101251, -0.3189999999999999503 ) ) ;
#594 = DIRECTION ( 'NONE',  ( -0.0000000000000000000, 0.0000000000000000000, 1.000000000000000000 ) ) ;
#595 = STYLED_ITEM ( 'NONE', ( #2062 ), #2401 ) ;
#596 = VERTEX_POINT ( 'NONE', #466 ) ;
#597 = FACE_OUTER_BOUND ( 'NONE', #1933, .T. ) ;
#598 =( LENGTH_UNIT ( ) NAMED_UNIT ( * ) SI_UNIT ( .MILLI., .METRE. ) );
#599 = CARTESIAN_POINT ( 'NONE',  ( -0.8249999999999999556, -0.9350000000000001643, 0.04000000000000000083 ) ) ;
#600 = CARTESIAN_POINT ( 'NONE',  ( 0.05645847967160690095, 0.7019771450832597015, -0.3199999999999999512 ) ) ;
#601 = EDGE_CURVE ( 'NONE', #3640, #517, #1559, .T. ) ;
#602 = STYLED_ITEM ( 'NONE', ( #773 ), #3237 ) ;
#603 = CARTESIAN_POINT ( 'NONE',  ( 0.1245111427209389110, 0.7680524428726963615, -0.3189999999999998948 ) ) ;
#604 = FACE_OUTER_BOUND ( 'NONE', #2785, .T. ) ;
#605 =( NAMED_UNIT ( * ) SI_UNIT ( $, .STERADIAN. ) SOLID_ANGLE_UNIT ( ) );
#606 = VECTOR ( 'NONE', #3901, 1000.000000000000000 ) ;
#607 = AXIS2_PLACEMENT_3D ( 'NONE', #1470, #2922, #4412 ) ;
#608 = CARTESIAN_POINT ( 'NONE',  ( -0.08784535237405158292, 0.7951221534359619314, -0.3200000000000001177 ) ) ;
#609 = CARTESIAN_POINT ( 'NONE',  ( 0.08678563966053357004, 0.7087144677364944911, -0.3199999999999998401 ) ) ;
#610 = PRESENTATION_LAYER_ASSIGNMENT (  '', '', ( #360 ) ) ;
#611 = ORIENTED_EDGE ( 'NONE', *, *, #2420, .T. ) ;
#612 = AXIS2_PLACEMENT_3D ( 'NONE', #1259, #1622, #119 ) ;
#613 = SURFACE_STYLE_FILL_AREA ( #2786 ) ;
#614 = DIRECTION ( 'NONE',  ( -0.0000000000000000000, -0.0000000000000000000, -1.000000000000000000 ) ) ;
#615 = DIRECTION ( 'NONE',  ( -0.0000000000000000000, -0.0000000000000000000, 1.000000000000000000 ) ) ;
#616 = CARTESIAN_POINT ( 'NONE',  ( -0.06911053438928309312, 0.7983145556852518920, -0.3189999999999999503 ) ) ;
#617 = CARTESIAN_POINT ( 'NONE',  ( -0.06815845626591475470, 0.6983901354181256682, -0.3189999999999998948 ) ) ;
#618 =( NAMED_UNIT ( * ) PLANE_ANGLE_UNIT ( ) SI_UNIT ( $, .RADIAN. ) );
#619 =( LENGTH_UNIT ( ) NAMED_UNIT ( * ) SI_UNIT ( .MILLI., .METRE. ) );
#620 = FACE_BOUND ( 'NONE', #2350, .T. ) ;
#621 = UNCERTAINTY_MEASURE_WITH_UNIT (LENGTH_MEASURE( 1.000000000000000082E-05 ), #555, 'distance_accuracy_value', 'NONE');
#622 = VERTEX_POINT ( 'NONE', #3728 ) ;
#623 =( LENGTH_UNIT ( ) NAMED_UNIT ( * ) SI_UNIT ( .MILLI., .METRE. ) );
#624 =( LENGTH_UNIT ( ) NAMED_UNIT ( * ) SI_UNIT ( .MILLI., .METRE. ) );
#625 = CARTESIAN_POINT ( 'NONE',  ( -0.07548476260310219010, 0.7868479945638204853, -0.3200000000000000067 ) ) ;
#626 = PRESENTATION_LAYER_ASSIGNMENT (  '', '', ( #4788 ) ) ;
#627 = SURFACE_SIDE_STYLE ('',( #4712 ) ) ;
#628 = DIRECTION ( 'NONE',  ( 0.0000000000000000000, 1.000000000000000000, 0.0000000000000000000 ) ) ;
#629 = UNCERTAINTY_MEASURE_WITH_UNIT (LENGTH_MEASURE( 1.000000000000000082E-05 ), #2690, 'distance_accuracy_value', 'NONE');
#630 = FILL_AREA_STYLE_COLOUR ( '', #2468 ) ;
#631 = CARTESIAN_POINT ( 'NONE',  ( 0.09736456186057892981, 0.7960246476620810308, -0.3200000000000000067 ) ) ;
#632 = FILL_AREA_STYLE ('',( #4242 ) ) ;
#633 = DIRECTION ( 'NONE',  ( -1.000000000000000000, 0.0000000000000000000, 0.0000000000000000000 ) ) ;
#634 = SURFACE_STYLE_FILL_AREA ( #1319 ) ;
#635 = CIRCLE ( 'NONE', #226, 0.1599999999999999756 ) ;
#636 = ORIENTED_EDGE ( 'NONE', *, *, #3187, .F. ) ;
#637 = EDGE_CURVE ( 'NONE', #3099, #4545, #197, .T. ) ;
#638 =( GEOMETRIC_REPRESENTATION_CONTEXT ( 3 ) GLOBAL_UNCERTAINTY_ASSIGNED_CONTEXT ( ( #1810 ) ) GLOBAL_UNIT_ASSIGNED_CONTEXT ( ( #2093, #207, #254 ) ) REPRESENTATION_CONTEXT ( 'NONE', 'WORKASPACE' ) );
#639 = CARTESIAN_POINT ( 'NONE',  ( 0.07716262762710800194, 0.7995750170756320552, -0.3189999999999999503 ) ) ;
#640 = CARTESIAN_POINT ( 'NONE',  ( -0.1510385918850871423, 0.7264042853683149170, -0.3189999999999999503 ) ) ;
#641 = EDGE_CURVE ( 'NONE', #2059, #2223, #761, .T. ) ;
#642 = CARTESIAN_POINT ( 'NONE',  ( -0.1159213025329238062, 0.7286658456659363958, -0.3199999999999998401 ) ) ;
#643 = DIRECTION ( 'NONE',  ( 1.159574516027277451E-16, -1.000000000000000000, 0.0000000000000000000 ) ) ;
#644 = DIRECTION ( 'NONE',  ( -0.0000000000000000000, -0.0000000000000000000, -1.000000000000000000 ) ) ;
#645 = SURFACE_STYLE_FILL_AREA ( #233 ) ;
#646 = DIRECTION ( 'NONE',  ( -0.3536223923290756077, 0.9353882635801357148, 0.0000000000000000000 ) ) ;
#647 = CARTESIAN_POINT ( 'NONE',  ( 0.07840323454526633429, 0.7885702737109367977, -0.3199999999999998956 ) ) ;
#648 = VERTEX_POINT ( 'NONE', #4120 ) ;
#649 = CARTESIAN_POINT ( 'NONE',  ( 0.0000000000000000000, 0.5000000000000002220, -0.3999999999999999667 ) ) ;
#650 = SURFACE_STYLE_USAGE ( .BOTH. , #2855 ) ;
#651 = DIRECTION ( 'NONE',  ( 1.000000000000000000, -1.224646799147353207E-16, 0.0000000000000000000 ) ) ;
#652 = LINE ( 'NONE', #2037, #1011 ) ;
#653 = STYLED_ITEM ( 'NONE', ( #4728 ), #1557 ) ;
#654 = DIRECTION ( 'NONE',  ( -0.0000000000000000000, -0.0000000000000000000, -1.000000000000000000 ) ) ;
#655 = CARTESIAN_POINT ( 'NONE',  ( -0.6471883114539996873, 0.6498565917493318578, 0.04000000000000000083 ) ) ;
#656 =( LENGTH_UNIT ( ) NAMED_UNIT ( * ) SI_UNIT ( .MILLI., .METRE. ) );
#657 = CARTESIAN_POINT ( 'NONE',  ( -0.1726744721044553843, 0.7795471712526503838, -0.3199999999999999512 ) ) ;
#658 = VECTOR ( 'NONE', #3657, 1000.000000000000000 ) ;
#659 = CARTESIAN_POINT ( 'NONE',  ( 0.1145776810079489755, 0.7458263111402013701, -0.3200000000000000067 ) ) ;
#660 = VECTOR ( 'NONE', #2395, 1000.000000000000000 ) ;
#661 = EDGE_LOOP ( 'NONE', ( #3384, #2983, #420, #3958 ) ) ;
#662 =( GEOMETRIC_REPRESENTATION_CONTEXT ( 3 ) GLOBAL_UNCERTAINTY_ASSIGNED_CONTEXT ( ( #1089 ) ) GLOBAL_UNIT_ASSIGNED_CONTEXT ( ( #2126, #4284, #3355 ) ) REPRESENTATION_CONTEXT ( 'NONE', 'WORKASPACE' ) );
#663 = EDGE_CURVE ( 'NONE', #1401, #1241, #255, .T. ) ;
#664 =( LENGTH_UNIT ( ) NAMED_UNIT ( * ) SI_UNIT ( .MILLI., .METRE. ) );
#665 = DIRECTION ( 'NONE',  ( -0.0000000000000000000, -0.0000000000000000000, -1.000000000000000000 ) ) ;
#666 = CARTESIAN_POINT ( 'NONE',  ( 0.05604871665855791496, 0.7965934724333542105, -0.3199999999999998956 ) ) ;
#667 = PLANE ( 'NONE',  #2951 ) ;
#668 = MECHANICAL_DESIGN_GEOMETRIC_PRESENTATION_REPRESENTATION (  '', ( #2043 ), #1817 ) ;
#669 = FACE_OUTER_BOUND ( 'NONE', #1782, .T. ) ;
#670 = EDGE_LOOP ( 'NONE', ( #948, #549, #4184 ) ) ;
#671 = ORIENTED_EDGE ( 'NONE', *, *, #1205, .F. ) ;
#672 = CARTESIAN_POINT ( 'NONE',  ( -0.1008332127979667120, 0.7090362557772266205, -0.3190000000000000058 ) ) ;
#673 = FILL_AREA_STYLE_COLOUR ( '', #361 ) ;
#674 = DIRECTION ( 'NONE',  ( 0.0000000000000000000, 0.0000000000000000000, 1.000000000000000000 ) ) ;
#675 = CARTESIAN_POINT ( 'NONE',  ( 0.1877761947002787590, 0.7983555048805102139, -0.3199999999999999512 ) ) ;
#676 = PRESENTATION_STYLE_ASSIGNMENT (( #1028 ) ) ;
#677 = COLOUR_RGB ( '',1.000000000000000000, 1.000000000000000000, 1.000000000000000000 ) ;
#678 = CARTESIAN_POINT ( 'NONE',  ( 0.1280200971393031240, 0.7464690719536809516, -0.3200000000000000067 ) ) ;
#679 = SURFACE_STYLE_USAGE ( .BOTH. , #3172 ) ;
#680 = SURFACE_STYLE_FILL_AREA ( #538 ) ;
#681 = EDGE_CURVE ( 'NONE', #1516, #2141, #3181, .T. ) ;
#682 = VERTEX_POINT ( 'NONE', #2410 ) ;
#683 = STYLED_ITEM ( 'NONE', ( #2036 ), #3038 ) ;
#684 = ORIENTED_EDGE ( 'NONE', *, *, #1578, .T. ) ;
#685 = DIRECTION ( 'NONE',  ( 1.000000000000000000, 0.0000000000000000000, -0.0000000000000000000 ) ) ;
#686 =( GEOMETRIC_REPRESENTATION_CONTEXT ( 3 ) GLOBAL_UNCERTAINTY_ASSIGNED_CONTEXT ( ( #2103 ) ) GLOBAL_UNIT_ASSIGNED_CONTEXT ( ( #840, #3139, #946 ) ) REPRESENTATION_CONTEXT ( 'NONE', 'WORKASPACE' ) );
#687 = AXIS2_PLACEMENT_3D ( 'NONE', #1972, #3441, #1273 ) ;
#688 =( NAMED_UNIT ( * ) SI_UNIT ( $, .STERADIAN. ) SOLID_ANGLE_UNIT ( ) );
#689 = AXIS2_PLACEMENT_3D ( 'NONE', #2271, #1561, #3014 ) ;
#690 = CARTESIAN_POINT ( 'NONE',  ( -0.08757950059770501505, 0.7017764232237150290, -0.3199999999999999512 ) ) ;
#691 = SURFACE_STYLE_FILL_AREA ( #1875 ) ;
#692 = CARTESIAN_POINT ( 'NONE',  ( 0.06266233941235833937, 0.6995792852110109816, -0.3189999999999998948 ) ) ;
#693 = DIRECTION ( 'NONE',  ( -0.0000000000000000000, -0.0000000000000000000, -1.000000000000000000 ) ) ;
#694 = ORIENTED_EDGE ( 'NONE', *, *, #3976, .F. ) ;
#695 = CARTESIAN_POINT ( 'NONE',  ( -0.01710185408020908904, 0.7983555048805102139, -0.3189999999999999503 ) ) ;
#696 = ORIENTED_EDGE ( 'NONE', *, *, #3317, .T. ) ;
#697 = CARTESIAN_POINT ( 'NONE',  ( -0.07739567366707993112, 0.6991558500717792723, -0.3190000000000000613 ) ) ;
#698 = EDGE_CURVE ( 'NONE', #709, #3099, #4674, .T. ) ;
#699 = FILL_AREA_STYLE_COLOUR ( '', #766 ) ;
#700 = ORIENTED_EDGE ( 'NONE', *, *, #1703, .T. ) ;
#701 = CARTESIAN_POINT ( 'NONE',  ( 0.1183202840530842709, 0.7141347506140233170, -0.3200000000000000067 ) ) ;
#702 = CARTESIAN_POINT ( 'NONE',  ( 0.1132084277937409345, 0.7603844201663988445, -0.3189999999999999503 ) ) ;
#703 = EDGE_CURVE ( 'NONE', #1729, #3271, #2787, .T. ) ;
#704 = CARTESIAN_POINT ( 'NONE',  ( 0.07040015078305911223, 0.7993463716990236723, -0.3189999999999998392 ) ) ;
#705 = PRESENTATION_STYLE_ASSIGNMENT (( #2515 ) ) ;
#706 = COLOUR_RGB ( '',1.000000000000000000, 1.000000000000000000, 1.000000000000000000 ) ;
#707 = SURFACE_SIDE_STYLE ('',( #680 ) ) ;
#708 =( LENGTH_UNIT ( ) NAMED_UNIT ( * ) SI_UNIT ( .MILLI., .METRE. ) );
#709 = VERTEX_POINT ( 'NONE', #3879 ) ;
#710 = UNCERTAINTY_MEASURE_WITH_UNIT (LENGTH_MEASURE( 1.000000000000000082E-05 ), #4747, 'distance_accuracy_value', 'NONE');
#711 = CARTESIAN_POINT ( 'NONE',  ( -0.1268579516411847130, 0.6983555048805101251, -0.3199999999999999512 ) ) ;
#712 = CARTESIAN_POINT ( 'NONE',  ( 0.5000000000000001110, 1.084202172485504434E-16, -0.3199999999999999512 ) ) ;
#713 = ORIENTED_EDGE ( 'NONE', *, *, #375, .F. ) ;
#714 = STYLED_ITEM ( 'NONE', ( #1413 ), #815 ) ;
#715 = CARTESIAN_POINT ( 'NONE',  ( -0.1510385918850871423, 0.7264042853683149170, -0.3199999999999999512 ) ) ;
#716 =( NAMED_UNIT ( * ) PLANE_ANGLE_UNIT ( ) SI_UNIT ( $, .RADIAN. ) );
#717 = LINE ( 'NONE', #1797, #498 ) ;
#718 = FILL_AREA_STYLE_COLOUR ( '', #3178 ) ;
#719 = VERTEX_POINT ( 'NONE', #4251 ) ;
#720 = SURFACE_SIDE_STYLE ('',( #4003 ) ) ;
#721 = FILL_AREA_STYLE ('',( #673 ) ) ;
#722 = DIRECTION ( 'NONE',  ( 0.0000000000000000000, -0.0000000000000000000, 1.000000000000000000 ) ) ;
#723 = SURFACE_SIDE_STYLE ('',( #3310 ) ) ;
#724 = FILL_AREA_STYLE ('',( #389 ) ) ;
#725 = EDGE_CURVE ( 'NONE', #3233, #2609, #4329, .T. ) ;
#726 = FILL_AREA_STYLE_COLOUR ( '', #3372 ) ;
#727 = CARTESIAN_POINT ( 'NONE',  ( 0.05628589218690770168, 0.7837403269992404553, -0.3199999999999998956 ) ) ;
#728 = DIRECTION ( 'NONE',  ( -0.3635424856527061932, -0.9315776194850602376, 0.0000000000000000000 ) ) ;
#729 = EDGE_CURVE ( 'NONE', #3978, #3803, #2120, .T. ) ;
#730 =( LENGTH_UNIT ( ) NAMED_UNIT ( * ) SI_UNIT ( .MILLI., .METRE. ) );
#731 = FACE_OUTER_BOUND ( 'NONE', #4790, .T. ) ;
#732 = UNCERTAINTY_MEASURE_WITH_UNIT (LENGTH_MEASURE( 1.000000000000000082E-05 ), #1464, 'distance_accuracy_value', 'NONE');
#733 = LINE ( 'NONE', #1191, #658 ) ;
#734 = AXIS2_PLACEMENT_3D ( 'NONE', #3274, #2562, #2162 ) ;
#735 = MECHANICAL_DESIGN_GEOMETRIC_PRESENTATION_REPRESENTATION (  '', ( #2187 ), #3424 ) ;
#736 = ORIENTED_EDGE ( 'NONE', *, *, #1202, .F. ) ;
#737 = PRESENTATION_LAYER_ASSIGNMENT (  '', '', ( #807 ) ) ;
#738 = CARTESIAN_POINT ( 'NONE',  ( -0.1510385918850871423, 0.7264042853683149170, -0.3199999999999999512 ) ) ;
#739 = ORIENTED_EDGE ( 'NONE', *, *, #1410, .T. ) ;
#740 = VECTOR ( 'NONE', #1708, 1000.000000000000000 ) ;
#741 = STYLED_ITEM ( 'NONE', ( #1024 ), #4326 ) ;
#742 = PRESENTATION_STYLE_ASSIGNMENT (( #4403 ) ) ;
#743 =( NAMED_UNIT ( * ) SI_UNIT ( $, .STERADIAN. ) SOLID_ANGLE_UNIT ( ) );
#744 = CARTESIAN_POINT ( 'NONE',  ( 0.09546417188815410626, 0.7842990847241700925, -0.3200000000000000622 ) ) ;
#745 = ORIENTED_EDGE ( 'NONE', *, *, #1488, .F. ) ;
#746 = DIRECTION ( 'NONE',  ( 1.224646799147352714E-16, 1.000000000000000000, 0.0000000000000000000 ) ) ;
#747 = CARTESIAN_POINT ( 'NONE',  ( -0.01466282968996519831, 0.7434774561000223603, -0.3189999999999999503 ) ) ;
#748 = CARTESIAN_POINT ( 'NONE',  ( -0.1709318845680139753, 0.7861603829292906909, -0.3199999999999999512 ) ) ;
#749 = CARTESIAN_POINT ( 'NONE',  ( 0.1145033924649365292, 0.7518409143578778098, -0.3189999999999999503 ) ) ;
#750 = PRESENTATION_LAYER_ASSIGNMENT (  '', '', ( #590 ) ) ;
#751 = FACE_OUTER_BOUND ( 'NONE', #312, .T. ) ;
#752 = FACE_OUTER_BOUND ( 'NONE', #3423, .T. ) ;
#753 = CARTESIAN_POINT ( 'NONE',  ( 0.1145776810079489755, 0.7458263111402013701, -0.3200000000000000067 ) ) ;
#754 = AXIS2_PLACEMENT_3D ( 'NONE', #4207, #4579, #1997 ) ;
#755 = DIRECTION ( 'NONE',  ( -1.000000000000000000, 0.0000000000000000000, 0.0000000000000000000 ) ) ;
#756 = LINE ( 'NONE', #3370, #3947 ) ;
#757 = ORIENTED_EDGE ( 'NONE', *, *, #3468, .T. ) ;
#758 = ORIENTED_EDGE ( 'NONE', *, *, #1995, .F. ) ;
#759 = COLOUR_RGB ( '',1.000000000000000000, 1.000000000000000000, 1.000000000000000000 ) ;
#760 = FILL_AREA_STYLE_COLOUR ( '', #4791 ) ;
#761 = CIRCLE ( 'NONE', #2668, 0.1385640646055101566 ) ;
#762 = CARTESIAN_POINT ( 'NONE',  ( 0.1122409061901976229, 0.7311522810661192917, -0.3189999999999999503 ) ) ;
#763 = CARTESIAN_POINT ( 'NONE',  ( -0.1709318845680139753, 0.7861603829292906909, -0.3189999999999999503 ) ) ;
#764 = PRESENTATION_LAYER_ASSIGNMENT (  '', '', ( #4305 ) ) ;
#765 = CARTESIAN_POINT ( 'NONE',  ( 0.1015004203937319022, 0.7800811187555042325, -0.3200000000000000067 ) ) ;
#766 = COLOUR_RGB ( '',1.000000000000000000, 1.000000000000000000, 1.000000000000000000 ) ;
#767 = ORIENTED_EDGE ( 'NONE', *, *, #2707, .F. ) ;
#768 = AXIS2_PLACEMENT_3D ( 'NONE', #1846, #4382, #333 ) ;
#769 = PRESENTATION_LAYER_ASSIGNMENT (  '', '', ( #3678 ) ) ;
#770 = VERTEX_POINT ( 'NONE', #281 ) ;
#771 = SURFACE_STYLE_USAGE ( .BOTH. , #1179 ) ;
#772 = LINE ( 'NONE', #2535, #3815 ) ;
#773 = PRESENTATION_STYLE_ASSIGNMENT (( #1823 ) ) ;
#774 = CARTESIAN_POINT ( 'NONE',  ( 1.084202172485504434E-16, 2.168404344971008868E-16, -0.3199999999999999512 ) ) ;
#775 = ORIENTED_EDGE ( 'NONE', *, *, #3772, .F. ) ;
#776 = FILL_AREA_STYLE ('',( #4030 ) ) ;
#777 = DIRECTION ( 'NONE',  ( -1.000000000000000000, 0.0000000000000000000, 0.0000000000000000000 ) ) ;
#778 = CARTESIAN_POINT ( 'NONE',  ( 0.1140572647842961057, 0.7388030563685452634, -0.3199999999999998956 ) ) ;
#779 =( NAMED_UNIT ( * ) PLANE_ANGLE_UNIT ( ) SI_UNIT ( $, .RADIAN. ) );
#780 = CARTESIAN_POINT ( 'NONE',  ( -0.1693312748119164268, 0.7791481878073394096, -0.3199999999999999512 ) ) ;
#781 = VERTEX_POINT ( 'NONE', #4698 ) ;
#782 = DIRECTION ( 'NONE',  ( -0.0000000000000000000, 0.0000000000000000000, -1.000000000000000000 ) ) ;
#783 =( LENGTH_UNIT ( ) NAMED_UNIT ( * ) SI_UNIT ( .MILLI., .METRE. ) );
#784 = DIRECTION ( 'NONE',  ( -1.000000000000000000, -1.159574516027277698E-16, 0.0000000000000000000 ) ) ;
#785 = EDGE_CURVE ( 'NONE', #2269, #3438, #2813, .T. ) ;
#786 = CARTESIAN_POINT ( 'NONE',  ( -0.8250000000000001776, 0.9349999999999999423, 0.04000000000000000083 ) ) ;
#787 = EDGE_CURVE ( 'NONE', #332, #3166, #1771, .T. ) ;
#788 = VECTOR ( 'NONE', #4619, 1000.000000000000000 ) ;
#789 = ORIENTED_EDGE ( 'NONE', *, *, #3836, .T. ) ;
#790 = DIRECTION ( 'NONE',  ( 0.0000000000000000000, -0.0000000000000000000, -1.000000000000000000 ) ) ;
#791 = ORIENTED_EDGE ( 'NONE', *, *, #2976, .F. ) ;
#792 = CARTESIAN_POINT ( 'NONE',  ( -0.1709318845680139753, 0.7861603829292906909, -0.3199999999999999512 ) ) ;
#793 =( LENGTH_UNIT ( ) NAMED_UNIT ( * ) SI_UNIT ( .MILLI., .METRE. ) );
#794 = DIRECTION ( 'NONE',  ( 1.000000000000000000, 0.0000000000000000000, 0.0000000000000000000 ) ) ;
#795 = CARTESIAN_POINT ( 'NONE',  ( 0.08864544570961194192, 0.7871128594865786088, -0.3199999999999999512 ) ) ;
#796 = CARTESIAN_POINT ( 'NONE',  ( 0.05628589218690770168, 0.7837403269992404553, -0.3189999999999998948 ) ) ;
#797 = CARTESIAN_POINT ( 'NONE',  ( 0.1133021403599688975, 0.7348623841840782323, -0.3190000000000000058 ) ) ;
#798 = FILL_AREA_STYLE_COLOUR ( '', #3793 ) ;
#799 = UNCERTAINTY_MEASURE_WITH_UNIT (LENGTH_MEASURE( 1.000000000000000082E-05 ), #4229, 'distance_accuracy_value', 'NONE');
#800 = DIRECTION ( 'NONE',  ( 0.0000000000000000000, 0.0000000000000000000, 1.000000000000000000 ) ) ;
#801 = FACE_OUTER_BOUND ( 'NONE', #3781, .T. ) ;
#802 = CARTESIAN_POINT ( 'NONE',  ( 0.05362985323686408207, 0.7821969682951442904, -0.3189999999999999503 ) ) ;
#803 = CARTESIAN_POINT ( 'NONE',  ( -0.1035991890094975082, 0.7325103099770627901, -0.3200000000000000622 ) ) ;
#804 = ORIENTED_EDGE ( 'NONE', *, *, #3254, .F. ) ;
#805 = MECHANICAL_DESIGN_GEOMETRIC_PRESENTATION_REPRESENTATION (  '', ( #3641 ), #3020 ) ;
#806 = UNCERTAINTY_MEASURE_WITH_UNIT (LENGTH_MEASURE( 1.000000000000000082E-05 ), #2604, 'distance_accuracy_value', 'NONE');
#807 = STYLED_ITEM ( 'NONE', ( #3900 ), #4755 ) ;
#808 = PRESENTATION_STYLE_ASSIGNMENT (( #1121 ) ) ;
#809 = EDGE_CURVE ( 'NONE', #1976, #4067, #4304, .T. ) ;
#810 = DIRECTION ( 'NONE',  ( 1.000000000000000000, 0.0000000000000000000, 0.0000000000000000000 ) ) ;
#811 = ORIENTED_EDGE ( 'NONE', *, *, #43, .T. ) ;
#812 = DIRECTION ( 'NONE',  ( 0.9417224702971433992, 0.3363908276654493101, -0.0000000000000000000 ) ) ;
#813 = VERTEX_POINT ( 'NONE', #3598 ) ;
#814 = PRESENTATION_STYLE_ASSIGNMENT (( #3289 ) ) ;
#815 = MANIFOLD_SOLID_BREP ( 'ÇÐ³ý-À­Éì1', #4668 ) ;
#816 = CARTESIAN_POINT ( 'NONE',  ( -0.03905307359240421661, 0.6983555048805101251, -0.3189999999999999503 ) ) ;
#817 = CARTESIAN_POINT ( 'NONE',  ( -0.09796910520399829125, 0.7753525115408675950, -0.3200000000000001177 ) ) ;
#818 = FILL_AREA_STYLE_COLOUR ( '', #1127 ) ;
#819 = CARTESIAN_POINT ( 'NONE',  ( 0.1280200971393031240, 0.7464690719536809516, -0.3189999999999999503 ) ) ;
#820 = AXIS2_PLACEMENT_3D ( 'NONE', #2660, #455, #2254 ) ;
#821 = SPHERICAL_SURFACE ( 'NONE', #2, 0.1599999999999999756 ) ;
#822 = PRESENTATION_STYLE_ASSIGNMENT (( #3850 ) ) ;
#823 = ORIENTED_EDGE ( 'NONE', *, *, #1862, .T. ) ;
#824 = COLOUR_RGB ( '',1.000000000000000000, 1.000000000000000000, 1.000000000000000000 ) ;
#825 = FILL_AREA_STYLE ('',( #429 ) ) ;
#826 = ADVANCED_FACE ( 'NONE', ( #4646 ), #1323, .F. ) ;
#827 = MECHANICAL_DESIGN_GEOMETRIC_PRESENTATION_REPRESENTATION (  '', ( #1826 ), #3819 ) ;
#828 =( GEOMETRIC_REPRESENTATION_CONTEXT ( 3 ) GLOBAL_UNCERTAINTY_ASSIGNED_CONTEXT ( ( #4401 ) ) GLOBAL_UNIT_ASSIGNED_CONTEXT ( ( #1726, #3859, #1683 ) ) REPRESENTATION_CONTEXT ( 'NONE', 'WORKASPACE' ) );
#829 = EDGE_LOOP ( 'NONE', ( #636, #1839, #550, #2259 ) ) ;
#830 = FACE_OUTER_BOUND ( 'NONE', #4268, .T. ) ;
#831 = DIRECTION ( 'NONE',  ( 1.000000000000000000, 0.0000000000000000000, 0.0000000000000000000 ) ) ;
#832 = CARTESIAN_POINT ( 'NONE',  ( 0.05454908624974772607, 0.7139962860480721929, -0.3199999999999998956 ) ) ;
#833 = AXIS2_PLACEMENT_3D ( 'NONE', #1355, #651, #1715 ) ;
#834 = ORIENTED_EDGE ( 'NONE', *, *, #571, .F. ) ;
#835 = EDGE_LOOP ( 'NONE', ( #4358, #3057, #236 ) ) ;
#836 =( NAMED_UNIT ( * ) PLANE_ANGLE_UNIT ( ) SI_UNIT ( $, .RADIAN. ) );
#837 = ORIENTED_EDGE ( 'NONE', *, *, #1763, .T. ) ;
#838 = FACE_OUTER_BOUND ( 'NONE', #2324, .T. ) ;
#839 = VECTOR ( 'NONE', #4578, 1000.000000000000000 ) ;
#840 =( LENGTH_UNIT ( ) NAMED_UNIT ( * ) SI_UNIT ( .MILLI., .METRE. ) );
#841 = EDGE_LOOP ( 'NONE', ( #3117, #23, #3093, #1321 ) ) ;
#842 = STYLED_ITEM ( 'NONE', ( #3688 ), #3760 ) ;
#843 = COLOUR_RGB ( '',1.000000000000000000, 1.000000000000000000, 1.000000000000000000 ) ;
#844 = CARTESIAN_POINT ( 'NONE',  ( -0.8249999999999999556, -0.9350000000000001643, 0.04000000000000000083 ) ) ;
#845 = EDGE_CURVE ( 'NONE', #1986, #1409, #4644, .T. ) ;
#846 = FILL_AREA_STYLE ('',( #3022 ) ) ;
#847 = CARTESIAN_POINT ( 'NONE',  ( -0.03905307359240421661, 0.7983555048805102139, -0.3199999999999999512 ) ) ;
#848 = CARTESIAN_POINT ( 'NONE',  ( 0.1122409061901976229, 0.7311522810661192917, -0.3199999999999999512 ) ) ;
#849 = COLOUR_RGB ( '',0.5019607843137254832, 0.2509803921568627416, 0.2509803921568627416 ) ;
#850 = FILL_AREA_STYLE ('',( #4511 ) ) ;
#851 = CARTESIAN_POINT ( 'NONE',  ( -0.5000000000000000000, 0.6385640646055104064, -0.3199999999999999512 ) ) ;
#852 = EDGE_CURVE ( 'NONE', #3739, #3724, #4809, .T. ) ;
#853 = FACE_OUTER_BOUND ( 'NONE', #2477, .T. ) ;
#854 = B_SPLINE_SURFACE_WITH_KNOTS ( 'NONE', 3, 1, ( 
 ( #62, #3094 ),
 ( #2655, #3048 ),
 ( #3736, #3816 ),
 ( #4526, #4583 ),
 ( #2994, #795 ),
 ( #4482, #2305 ),
 ( #523, #1232 ),
 ( #3467, #1280 ),
 ( #2251, #3444 ),
 ( #3762, #3711 ),
 ( #419, #1894 ),
 ( #1181, #450 ),
 ( #1567, #474 ),
 ( #1950, #3416 ),
 ( #2680, #4158 ),
 ( #1977, #866 ),
 ( #2329, #3912 ),
 ( #3846, #216 ),
 ( #165, #2752 ) ),
 .UNSPECIFIED., .F., .F., .F.,
 ( 4, 1, 1, 1, 1, 1, 1, 1, 1, 1, 1, 1, 1, 1, 1, 1, 4 ),
 ( 2, 2 ),
 ( 0.0000000000000000000, 0.06460397028839230671, 0.1267024139629472634, 0.1867568140356182516, 0.2455056873654378469, 0.3036520244499755772, 0.3615030739706258101, 0.4202402229284676327, 0.4800333407766957383, 0.5406781347755162948, 0.6011918063807820678, 0.6623335024774422708, 0.7247395102972319370, 0.7894677361728867915, 0.8565048600438299742, 0.9263120958391908299, 1.000000000000000000 ),
 ( 0.0000000000000000000, 1.000000000000000000 ),
 .UNSPECIFIED. ) ;
#855 = CARTESIAN_POINT ( 'NONE',  ( -0.08999073531926785052, 0.7151872360932982620, -0.3189999999999999503 ) ) ;
#856 = ORIENTED_EDGE ( 'NONE', *, *, #3329, .T. ) ;
#857 = DIRECTION ( 'NONE',  ( 1.000000000000000000, 1.159574516027277451E-16, 0.0000000000000000000 ) ) ;
#858 = ORIENTED_EDGE ( 'NONE', *, *, #3130, .F. ) ;
#859 = ORIENTED_EDGE ( 'NONE', *, *, #2618, .T. ) ;
#860 = CARTESIAN_POINT ( 'NONE',  ( 0.0000000000000000000, 0.0000000000000000000, -0.3189999999999999503 ) ) ;
#861 = CARTESIAN_POINT ( 'NONE',  ( -0.09227521144395618713, 0.7037401419850215500, -0.3199999999999999512 ) ) ;
#862 = FACE_OUTER_BOUND ( 'NONE', #2442, .T. ) ;
#863 =( NAMED_UNIT ( * ) SI_UNIT ( $, .STERADIAN. ) SOLID_ANGLE_UNIT ( ) );
#864 =( LENGTH_UNIT ( ) NAMED_UNIT ( * ) SI_UNIT ( .MILLI., .METRE. ) );
#865 = ORIENTED_EDGE ( 'NONE', *, *, #3461, .F. ) ;
#866 = CARTESIAN_POINT ( 'NONE',  ( 0.1140283441966910283, 0.7562345586997931690, -0.3200000000000000067 ) ) ;
#867 = VECTOR ( 'NONE', #4015, 1000.000000000000000 ) ;
#868 = DIRECTION ( 'NONE',  ( -0.0000000000000000000, -0.0000000000000000000, -1.000000000000000000 ) ) ;
#869 = LINE ( 'NONE', #3712, #2557 ) ;
#870 = LINE ( 'NONE', #2704, #3892 ) ;
#871 = CARTESIAN_POINT ( 'NONE',  ( 0.1003490162492396143, 0.7004444354571960352, -0.3199999999999997846 ) ) ;
#872 = DIRECTION ( 'NONE',  ( -1.000000000000000000, 0.0000000000000000000, 0.0000000000000000000 ) ) ;
#873 = ORIENTED_EDGE ( 'NONE', *, *, #809, .T. ) ;
#874 = CARTESIAN_POINT ( 'NONE',  ( -0.1194229093516176315, 0.7549703269144265594, -0.3200000000000000067 ) ) ;
#875 = FILL_AREA_STYLE_COLOUR ( '', #4723 ) ;
#876 = CARTESIAN_POINT ( 'NONE',  ( 0.09736456186057892981, 0.7960246476620810308, -0.3189999999999999503 ) ) ;
#877 = CARTESIAN_POINT ( 'NONE',  ( -0.06666359188508712286, 0.7093311146366076958, -0.3189999999999999503 ) ) ;
#878 = VECTOR ( 'NONE', #3910, 1000.000000000000000 ) ;
#879 = VERTEX_POINT ( 'NONE', #738 ) ;
#880 = DIRECTION ( 'NONE',  ( 1.000000000000000000, 0.0000000000000000000, 0.0000000000000000000 ) ) ;
#881 = COLOUR_RGB ( '',1.000000000000000000, 1.000000000000000000, 1.000000000000000000 ) ;
#882 =( NAMED_UNIT ( * ) PLANE_ANGLE_UNIT ( ) SI_UNIT ( $, .RADIAN. ) );
#883 =( LENGTH_UNIT ( ) NAMED_UNIT ( * ) SI_UNIT ( .MILLI., .METRE. ) );
#884 = SURFACE_STYLE_USAGE ( .BOTH. , #1275 ) ;
#885 = MECHANICAL_DESIGN_GEOMETRIC_PRESENTATION_REPRESENTATION (  '', ( #86 ), #1664 ) ;
#886 = CARTESIAN_POINT ( 'NONE',  ( 0.05454908624974772607, 0.7139962860480721929, -0.3199999999999998956 ) ) ;
#887 = ORIENTED_EDGE ( 'NONE', *, *, #2739, .T. ) ;
#888 = EDGE_CURVE ( 'NONE', #230, #2532, #2237, .T. ) ;
#889 = COLOUR_RGB ( '',1.000000000000000000, 1.000000000000000000, 1.000000000000000000 ) ;
#890 = PRESENTATION_STYLE_ASSIGNMENT (( #1924 ) ) ;
#891 = ORIENTED_EDGE ( 'NONE', *, *, #38, .F. ) ;
#892 = DIRECTION ( 'NONE',  ( -1.000000000000000000, -0.0000000000000000000, -0.0000000000000000000 ) ) ;
#893 = SURFACE_STYLE_FILL_AREA ( #2355 ) ;
#894 = SURFACE_STYLE_USAGE ( .BOTH. , #2705 ) ;
#895 = CARTESIAN_POINT ( 'NONE',  ( 0.09123500894750262435, 0.6978872765363279829, -0.3189999999999997837 ) ) ;
#896 = VERTEX_POINT ( 'NONE', #4062 ) ;
#897 = CARTESIAN_POINT ( 'NONE',  ( -0.1046833662116383734, 0.7851822161206432060, -0.3199999999999997846 ) ) ;
#898 = COLOUR_RGB ( '',1.000000000000000000, 1.000000000000000000, 1.000000000000000000 ) ;
#899 = CARTESIAN_POINT ( 'NONE',  ( -0.1195408784704530269, 0.7496131268317296481, -0.3199999999999999512 ) ) ;
#900 = CARTESIAN_POINT ( 'NONE',  ( -0.06817034876224441209, 0.7093636855282865472, -0.3189999999999999503 ) ) ;
#901 = ADVANCED_FACE ( 'NONE', ( #1877 ), #3320, .T. ) ;
#902 = LINE ( 'NONE', #2716, #3034 ) ;
#903 = EDGE_CURVE ( 'NONE', #2603, #1064, #327, .T. ) ;
#904 = CARTESIAN_POINT ( 'NONE',  ( -0.1008332127979667120, 0.7090362557772266205, -0.3200000000000000067 ) ) ;
#905 = CARTESIAN_POINT ( 'NONE',  ( -0.03905307359240421661, 0.7983555048805102139, -0.3189999999999999503 ) ) ;
#906 = ORIENTED_EDGE ( 'NONE', *, *, #1292, .T. ) ;
#907 = DIRECTION ( 'NONE',  ( 1.000000000000000000, 0.0000000000000000000, 0.0000000000000000000 ) ) ;
#908 = MECHANICAL_DESIGN_GEOMETRIC_PRESENTATION_REPRESENTATION (  '', ( #602 ), #278 ) ;
#909 = SURFACE_STYLE_USAGE ( .BOTH. , #194 ) ;
#910 = CARTESIAN_POINT ( 'NONE',  ( 0.09670473066451382160, 0.7121954813586274247, -0.3190000000000001168 ) ) ;
#911 = CARTESIAN_POINT ( 'NONE',  ( 0.1279888422901227230, 0.7446569253839951941, -0.3189999999999998948 ) ) ;
#912 = PLANE ( 'NONE',  #1558 ) ;
#913 = STYLED_ITEM ( 'NONE', ( #3917 ), #3404 ) ;
#914 = COLOUR_RGB ( '',0.2509803921568627416, 0.2509803921568627416, 0.2509803921568627416 ) ;
#915 = DIRECTION ( 'NONE',  ( 1.000000000000000000, 0.0000000000000000000, 0.0000000000000000000 ) ) ;
#916 = DIRECTION ( 'NONE',  ( 1.000000000000000000, 0.0000000000000000000, -0.0000000000000000000 ) ) ;
#917 =( NAMED_UNIT ( * ) SI_UNIT ( $, .STERADIAN. ) SOLID_ANGLE_UNIT ( ) );
#918 = LINE ( 'NONE', #3085, #3503 ) ;
#919 = CARTESIAN_POINT ( 'NONE',  ( -0.01954087847045300405, 0.6983555048805101251, -0.3189999999999999503 ) ) ;
#920 = EDGE_CURVE ( 'NONE', #813, #2532, #1458, .T. ) ;
#921 = EDGE_CURVE ( 'NONE', #79, #230, #4399, .T. ) ;
#922 = LINE ( 'NONE', #3482, #2298 ) ;
#923 = EDGE_CURVE ( 'NONE', #3233, #4695, #1093, .T. ) ;
#924 =( NAMED_UNIT ( * ) SI_UNIT ( $, .STERADIAN. ) SOLID_ANGLE_UNIT ( ) );
#925 = CARTESIAN_POINT ( 'NONE',  ( -0.1175426787189327305, 0.7334991241498139969, -0.3199999999999998956 ) ) ;
#926 = SURFACE_SIDE_STYLE ('',( #645 ) ) ;
#927 = CARTESIAN_POINT ( 'NONE',  ( 0.07570827406258651138, 0.7081587165553516749, -0.3199999999999998956 ) ) ;
#928 = CARTESIAN_POINT ( 'NONE',  ( -0.1195408784704530269, 0.7496131268317296481, -0.3189999999999999503 ) ) ;
#929 = ORIENTED_EDGE ( 'NONE', *, *, #412, .T. ) ;
#930 = FILL_AREA_STYLE ('',( #4338 ) ) ;
#931 = SURFACE_SIDE_STYLE ('',( #893 ) ) ;
#932 = SURFACE_STYLE_FILL_AREA ( #120 ) ;
#933 = CARTESIAN_POINT ( 'NONE',  ( 0.08627576276095517971, 0.6972504213104342430, -0.3190000000000000058 ) ) ;
#934 = CARTESIAN_POINT ( 'NONE',  ( 0.06602900066029454562, 0.6986938002548741533, -0.3200000000000000622 ) ) ;
#935 = ORIENTED_EDGE ( 'NONE', *, *, #322, .T. ) ;
#936 =( GEOMETRIC_REPRESENTATION_CONTEXT ( 3 ) GLOBAL_UNCERTAINTY_ASSIGNED_CONTEXT ( ( #2190 ) ) GLOBAL_UNIT_ASSIGNED_CONTEXT ( ( #305, #1476, #3257 ) ) REPRESENTATION_CONTEXT ( 'NONE', 'WORKASPACE' ) );
#937 = CARTESIAN_POINT ( 'NONE',  ( 0.1100258991789402202, 0.7884478048513483550, -0.3190000000000000613 ) ) ;
#938 = SURFACE_STYLE_FILL_AREA ( #632 ) ;
#939 = FILL_AREA_STYLE ('',( #2836 ) ) ;
#940 =( NAMED_UNIT ( * ) SI_UNIT ( $, .STERADIAN. ) SOLID_ANGLE_UNIT ( ) );
#941 = PRESENTATION_STYLE_ASSIGNMENT (( #1015 ) ) ;
#942 = CARTESIAN_POINT ( 'NONE',  ( -0.1112193879555332943, 0.7198856204286621097, -0.3199999999999998956 ) ) ;
#943 = CARTESIAN_POINT ( 'NONE',  ( -0.1081833329116200781, 0.7159229679188959805, -0.3190000000000000613 ) ) ;
#944 = PRESENTATION_STYLE_ASSIGNMENT (( #4255 ) ) ;
#945 = VECTOR ( 'NONE', #2992, 1000.000000000000000 ) ;
#946 =( NAMED_UNIT ( * ) SI_UNIT ( $, .STERADIAN. ) SOLID_ANGLE_UNIT ( ) );
#947 = ORIENTED_EDGE ( 'NONE', *, *, #1748, .T. ) ;
#948 = ORIENTED_EDGE ( 'NONE', *, *, #3919, .F. ) ;
#949 = ORIENTED_EDGE ( 'NONE', *, *, #1934, .F. ) ;
#950 = PLANE ( 'NONE',  #4192 ) ;
#951 = CARTESIAN_POINT ( 'NONE',  ( -0.5000000000000000000, 0.5000000000000002220, -0.3999999999999999667 ) ) ;
#952 = CARTESIAN_POINT ( 'NONE',  ( 0.1743615605539372837, 0.7093311146366076958, -0.3189999999999999503 ) ) ;
#953 = EDGE_LOOP ( 'NONE', ( #1529, #2359, #873, #1711 ) ) ;
#954 =( GEOMETRIC_REPRESENTATION_CONTEXT ( 3 ) GLOBAL_UNCERTAINTY_ASSIGNED_CONTEXT ( ( #2447 ) ) GLOBAL_UNIT_ASSIGNED_CONTEXT ( ( #2700, #495, #112 ) ) REPRESENTATION_CONTEXT ( 'NONE', 'WORKASPACE' ) );
#955 = CARTESIAN_POINT ( 'NONE',  ( 0.07716262762710800194, 0.7995750170756320552, -0.3189999999999999503 ) ) ;
#956 =( NAMED_UNIT ( * ) PLANE_ANGLE_UNIT ( ) SI_UNIT ( $, .RADIAN. ) );
#957 = CARTESIAN_POINT ( 'NONE',  ( 0.1023723544722396350, 0.7161810600739567656, -0.3200000000000001177 ) ) ;
#958 =( GEOMETRIC_REPRESENTATION_CONTEXT ( 3 ) GLOBAL_UNCERTAINTY_ASSIGNED_CONTEXT ( ( #1154 ) ) GLOBAL_UNIT_ASSIGNED_CONTEXT ( ( #4814, #1884, #3685 ) ) REPRESENTATION_CONTEXT ( 'NONE', 'WORKASPACE' ) );
#959 = EDGE_LOOP ( 'NONE', ( #3807, #3040, #2314, #3154 ) ) ;
#960 = PRESENTATION_LAYER_ASSIGNMENT (  '', '', ( #4756 ) ) ;
#961 = CARTESIAN_POINT ( 'NONE',  ( 0.08114509713930312396, 0.6971359926853881728, -0.3199999999999999512 ) ) ;
#962 = EDGE_CURVE ( 'NONE', #781, #896, #1834, .T. ) ;
#963 = DIRECTION ( 'NONE',  ( -1.000000000000000000, 0.0000000000000000000, 0.0000000000000000000 ) ) ;
#964 = PRESENTATION_LAYER_ASSIGNMENT (  '', '', ( #2494 ) ) ;
#965 = LINE ( 'NONE', #3134, #4464 ) ;
#966 = UNCERTAINTY_MEASURE_WITH_UNIT (LENGTH_MEASURE( 1.000000000000000082E-05 ), #3307, 'distance_accuracy_value', 'NONE');
#967 = COLOUR_RGB ( '',1.000000000000000000, 1.000000000000000000, 1.000000000000000000 ) ;
#968 = CARTESIAN_POINT ( 'NONE',  ( -0.1008545549648643957, 0.7882704529490307532, -0.3189999999999999503 ) ) ;
#969 = DIRECTION ( 'NONE',  ( 0.0000000000000000000, 0.0000000000000000000, 1.000000000000000000 ) ) ;
#970 = CARTESIAN_POINT ( 'NONE',  ( -0.1726744721044553843, 0.7795471712526503838, -0.3189999999999999503 ) ) ;
#971 = VECTOR ( 'NONE', #2225, 1000.000000000000000 ) ;
#972 = ORIENTED_EDGE ( 'NONE', *, *, #4718, .F. ) ;
#973 =( NAMED_UNIT ( * ) SI_UNIT ( $, .STERADIAN. ) SOLID_ANGLE_UNIT ( ) );
#974 = ORIENTED_EDGE ( 'NONE', *, *, #3980, .T. ) ;
#975 = PLANE ( 'NONE',  #2608 ) ;
#976 =( NAMED_UNIT ( * ) SI_UNIT ( $, .STERADIAN. ) SOLID_ANGLE_UNIT ( ) );
#977 = CIRCLE ( 'NONE', #4527, 0.1599999999999999756 ) ;
#978 = EDGE_CURVE ( 'NONE', #770, #4545, #1115, .T. ) ;
#979 = CARTESIAN_POINT ( 'NONE',  ( 0.1224851736990830581, 0.7727459568310716120, -0.3190000000000001168 ) ) ;
#980 = LINE ( 'NONE', #2492, #1354 ) ;
#981 = ORIENTED_EDGE ( 'NONE', *, *, #4252, .T. ) ;
#982 = ADVANCED_FACE ( 'NONE', ( #4493 ), #174, .T. ) ;
#983 = COLOUR_RGB ( '',1.000000000000000000, 1.000000000000000000, 1.000000000000000000 ) ;
#984 = COLOUR_RGB ( '',0.5019607843137254832, 0.5019607843137254832, 0.5019607843137254832 ) ;
#985 = CARTESIAN_POINT ( 'NONE',  ( -0.1716503562225153157, 0.7839731935666472973, -0.3199999999999999512 ) ) ;
#986 = AXIS2_PLACEMENT_3D ( 'NONE', #2915, #2936, #746 ) ;
#987 = ORIENTED_EDGE ( 'NONE', *, *, #3195, .F. ) ;
#988 = ORIENTED_EDGE ( 'NONE', *, *, #729, .T. ) ;
#989 = FILL_AREA_STYLE ('',( #280 ) ) ;
#990 = SURFACE_SIDE_STYLE ('',( #2072 ) ) ;
#991 = PRESENTATION_STYLE_ASSIGNMENT (( #2437 ) ) ;
#992 = CARTESIAN_POINT ( 'NONE',  ( -0.08757950059770501505, 0.7017764232237150290, -0.3189999999999999503 ) ) ;
#993 = CARTESIAN_POINT ( 'NONE',  ( 0.06132793098811421123, 0.7980730627144273504, -0.3189999999999999503 ) ) ;
#994 = LINE ( 'NONE', #4653, #2718 ) ;
#995 = FACE_BOUND ( 'NONE', #3414, .T. ) ;
#996 = UNCERTAINTY_MEASURE_WITH_UNIT (LENGTH_MEASURE( 1.000000000000000082E-05 ), #3743, 'distance_accuracy_value', 'NONE');
#997 = ORIENTED_EDGE ( 'NONE', *, *, #418, .T. ) ;
#998 = SURFACE_STYLE_FILL_AREA ( #2464 ) ;
#999 = CARTESIAN_POINT ( 'NONE',  ( -0.1194213261904847889, 0.7440220469519136515, -0.3189999999999999503 ) ) ;
#1000 = MECHANICAL_DESIGN_GEOMETRIC_PRESENTATION_REPRESENTATION (  '', ( #3473 ), #49 ) ;
#1001 = SURFACE_STYLE_USAGE ( .BOTH. , #627 ) ;
#1002 = CARTESIAN_POINT ( 'NONE',  ( -0.01710185408020908904, 0.7873798951244125321, -0.3199999999999999512 ) ) ;
#1003 = UNCERTAINTY_MEASURE_WITH_UNIT (LENGTH_MEASURE( 1.000000000000000082E-05 ), #2923, 'distance_accuracy_value', 'NONE');
#1004 = CARTESIAN_POINT ( 'NONE',  ( 0.07715071710824157603, 0.6971828400401474113, -0.3200000000000000067 ) ) ;
#1005 = CARTESIAN_POINT ( 'NONE',  ( 0.08251189653656895717, 0.7994505569364501740, -0.3200000000000001177 ) ) ;
#1006 = FACE_OUTER_BOUND ( 'NONE', #4680, .T. ) ;
#1007 = PLANE ( 'NONE',  #2845 ) ;
#1008 = ADVANCED_FACE ( 'NONE', ( #3431 ), #100, .T. ) ;
#1009 =( LENGTH_UNIT ( ) NAMED_UNIT ( * ) SI_UNIT ( .MILLI., .METRE. ) );
#1010 = CARTESIAN_POINT ( 'NONE',  ( -0.1720163346172542129, 0.7820298283687262542, -0.3200000000000000067 ) ) ;
#1011 = VECTOR ( 'NONE', #2779, 1000.000000000000000 ) ;
#1012 = EDGE_LOOP ( 'NONE', ( #4534, #3005, #4051, #2299 ) ) ;
#1013 = ORIENTED_EDGE ( 'NONE', *, *, #1263, .T. ) ;
#1014 = FACE_OUTER_BOUND ( 'NONE', #4505, .T. ) ;
#1015 = SURFACE_STYLE_USAGE ( .BOTH. , #4623 ) ;
#1016 = CARTESIAN_POINT ( 'NONE',  ( -0.1043310323526790151, 0.7853855749234456285, -0.3189999999999999503 ) ) ;
#1017 = CARTESIAN_POINT ( 'NONE',  ( -0.1186960145815371820, 0.7601391270231184771, -0.3189999999999998948 ) ) ;
#1018 = FILL_AREA_STYLE ('',( #1463 ) ) ;
#1019 = SURFACE_STYLE_USAGE ( .BOTH. , #926 ) ;
#1020 = SURFACE_STYLE_USAGE ( .BOTH. , #289 ) ;
#1021 = ORIENTED_EDGE ( 'NONE', *, *, #1553, .T. ) ;
#1022 =( LENGTH_UNIT ( ) NAMED_UNIT ( * ) SI_UNIT ( .MILLI., .METRE. ) );
#1023 = EDGE_LOOP ( 'NONE', ( #2054, #3165, #3074, #4045 ) ) ;
#1024 = PRESENTATION_STYLE_ASSIGNMENT (( #3586 ) ) ;
#1025 =( LENGTH_UNIT ( ) NAMED_UNIT ( * ) SI_UNIT ( .MILLI., .METRE. ) );
#1026 = ORIENTED_EDGE ( 'NONE', *, *, #1786, .T. ) ;
#1027 = CARTESIAN_POINT ( 'NONE',  ( 0.05362985323686408207, 0.7145140414658759376, -0.3199999999999999512 ) ) ;
#1028 = SURFACE_STYLE_USAGE ( .BOTH. , #3170 ) ;
#1029 = EDGE_CURVE ( 'NONE', #4709, #4195, #3498, .T. ) ;
#1030 = PRESENTATION_LAYER_ASSIGNMENT (  '', '', ( #653 ) ) ;
#1031 = FILL_AREA_STYLE ('',( #3204 ) ) ;
#1032 = CARTESIAN_POINT ( 'NONE',  ( -0.6471883114539996873, 0.6498565917493318578, 0.03900000000000000688 ) ) ;
#1033 = FILL_AREA_STYLE_COLOUR ( '', #3043 ) ;
#1034 = AXIS2_PLACEMENT_3D ( 'NONE', #2335, #3797, #459 ) ;
#1035 = AXIS2_PLACEMENT_3D ( 'NONE', #3970, #685, #1770 ) ;
#1036 = VERTEX_POINT ( 'NONE', #4322 ) ;
#1037 = EDGE_CURVE ( 'NONE', #4297, #2141, #3881, .T. ) ;
#1038 = ORIENTED_EDGE ( 'NONE', *, *, #3976, .T. ) ;
#1039 = SURFACE_SIDE_STYLE ('',( #1507 ) ) ;
#1040 = ORIENTED_EDGE ( 'NONE', *, *, #4557, .T. ) ;
#1041 = EDGE_CURVE ( 'NONE', #3438, #3099, #2096, .T. ) ;
#1042 = FILL_AREA_STYLE ('',( #4724 ) ) ;
#1043 = CARTESIAN_POINT ( 'NONE',  ( -0.1195408784704530269, 0.7496131268317296481, -0.3189999999999999503 ) ) ;
#1044 = SURFACE_STYLE_FILL_AREA ( #1018 ) ;
#1045 = LINE ( 'NONE', #2503, #516 ) ;
#1046 = CARTESIAN_POINT ( 'NONE',  ( 0.07715071710824157603, 0.6971828400401474113, -0.3190000000000000058 ) ) ;
#1047 = EDGE_CURVE ( 'NONE', #813, #682, #3129, .T. ) ;
#1048 = VECTOR ( 'NONE', #4571, 1000.000000000000114 ) ;
#1049 = CARTESIAN_POINT ( 'NONE',  ( 0.1146054629929616486, 0.7472884317097784335, -0.3199999999999999512 ) ) ;
#1050 = VERTEX_POINT ( 'NONE', #2117 ) ;
#1051 = PRESENTATION_STYLE_ASSIGNMENT (( #1100 ) ) ;
#1052 = EDGE_LOOP ( 'NONE', ( #8, #4004, #3219 ) ) ;
#1053 = CARTESIAN_POINT ( 'NONE',  ( 0.05932691321872829437, 0.7116800138496722772, -0.3190000000000001168 ) ) ;
#1054 = PLANE ( 'NONE',  #3373 ) ;
#1055 = EDGE_LOOP ( 'NONE', ( #96, #4082, #98, #228 ) ) ;
#1056 = CARTESIAN_POINT ( 'NONE',  ( -0.2024677077387457003, 0.6983555048805101251, -0.3189999999999999503 ) ) ;
#1057 = CARTESIAN_POINT ( 'NONE',  ( 0.1087740100548216099, 0.7713730335854142028, -0.3189999999999998392 ) ) ;
#1058 = SURFACE_STYLE_USAGE ( .BOTH. , #4071 ) ;
#1059 = SURFACE_STYLE_FILL_AREA ( #3988 ) ;
#1060 = CARTESIAN_POINT ( 'NONE',  ( -0.01954087847045300405, 0.7093311146366076958, -0.3199999999999999512 ) ) ;
#1061 = MECHANICAL_DESIGN_GEOMETRIC_PRESENTATION_REPRESENTATION (  '', ( #2896 ), #2336 ) ;
#1062 = CARTESIAN_POINT ( 'NONE',  ( 0.07599308538787305500, 0.7885834532599006463, -0.3190000000000000058 ) ) ;
#1063 =( LENGTH_UNIT ( ) NAMED_UNIT ( * ) SI_UNIT ( .MILLI., .METRE. ) );
#1064 = VERTEX_POINT ( 'NONE', #1699 ) ;
#1065 = EDGE_LOOP ( 'NONE', ( #1799, #2916, #4337 ) ) ;
#1066 = CARTESIAN_POINT ( 'NONE',  ( 0.07715071710824157603, 0.6971828400401474113, -0.3200000000000000067 ) ) ;
#1067 = CARTESIAN_POINT ( 'NONE',  ( -0.01710185408020908904, 0.7983555048805102139, -0.3189999999999999503 ) ) ;
#1068 =( GEOMETRIC_REPRESENTATION_CONTEXT ( 3 ) GLOBAL_UNCERTAINTY_ASSIGNED_CONTEXT ( ( #1706 ) ) GLOBAL_UNIT_ASSIGNED_CONTEXT ( ( #2413, #1638, #924 ) ) REPRESENTATION_CONTEXT ( 'NONE', 'WORKASPACE' ) );
#1069 = UNCERTAINTY_MEASURE_WITH_UNIT (LENGTH_MEASURE( 1.000000000000000082E-05 ), #1207, 'distance_accuracy_value', 'NONE');
#1070 = PLANE ( 'NONE',  #467 ) ;
#1071 =( GEOMETRIC_REPRESENTATION_CONTEXT ( 3 ) GLOBAL_UNCERTAINTY_ASSIGNED_CONTEXT ( ( #799 ) ) GLOBAL_UNIT_ASSIGNED_CONTEXT ( ( #4229, #3924, #209 ) ) REPRESENTATION_CONTEXT ( 'NONE', 'WORKASPACE' ) );
#1072 =( NAMED_UNIT ( * ) PLANE_ANGLE_UNIT ( ) SI_UNIT ( $, .RADIAN. ) );
#1073 = DIRECTION ( 'NONE',  ( 1.000000000000000000, 0.0000000000000000000, -0.0000000000000000000 ) ) ;
#1074 = EDGE_CURVE ( 'NONE', #1516, #4301, #3874, .T. ) ;
#1075 = CARTESIAN_POINT ( 'NONE',  ( 0.1140283441966910283, 0.7562345586997931690, -0.3200000000000000067 ) ) ;
#1076 = B_SPLINE_CURVE_WITH_KNOTS ( 'NONE', 3,
 ( #3928, #2414, #3909, #234, #692, #3138, #2440, #1727, #1046, #1327, #3955 ),
 .UNSPECIFIED., .F., .F.,
 ( 4, 1, 1, 1, 1, 1, 1, 1, 4 ),
 ( 0.0000000000000000000, 0.1124483899088023486, 0.2265276752126783866, 0.3444019493260284115, 0.4658649724874592279, 0.5916594493521175613, 0.7221684870248873400, 0.8586063875549265756, 1.000000000000000000 ),
 .UNSPECIFIED. ) ;
#1077 = EDGE_LOOP ( 'NONE', ( #3571, #865 ) ) ;
#1078 = ADVANCED_FACE ( 'NONE', ( #3108 ), #912, .F. ) ;
#1079 =( NAMED_UNIT ( * ) SI_UNIT ( $, .STERADIAN. ) SOLID_ANGLE_UNIT ( ) );
#1080 = SURFACE_SIDE_STYLE ('',( #58 ) ) ;
#1081 = CARTESIAN_POINT ( 'NONE',  ( 0.0000000000000000000, 0.0000000000000000000, -0.3199999999999999512 ) ) ;
#1082 = VECTOR ( 'NONE', #575, 1000.000000000000000 ) ;
#1083 = ORIENTED_EDGE ( 'NONE', *, *, #1256, .T. ) ;
#1084 = CARTESIAN_POINT ( 'NONE',  ( -0.06864011096914576782, 0.7873505957075032091, -0.3189999999999999503 ) ) ;
#1085 = DIRECTION ( 'NONE',  ( -1.000000000000000000, 0.0000000000000000000, 0.0000000000000000000 ) ) ;
#1086 = CARTESIAN_POINT ( 'NONE',  ( 0.03411765811491286604, 0.6983555048805101251, -0.3189999999999999503 ) ) ;
#1087 = PRESENTATION_LAYER_ASSIGNMENT (  '', '', ( #3308 ) ) ;
#1088 = CARTESIAN_POINT ( 'NONE',  ( -0.08298658729096315689, 0.7850619791134619829, -0.3190000000000001168 ) ) ;
#1089 = UNCERTAINTY_MEASURE_WITH_UNIT (LENGTH_MEASURE( 1.000000000000000082E-05 ), #2126, 'distance_accuracy_value', 'NONE');
#1090 = ORIENTED_EDGE ( 'NONE', *, *, #663, .F. ) ;
#1091 = SURFACE_STYLE_FILL_AREA ( #825 ) ;
#1092 = STYLED_ITEM ( 'NONE', ( #1384 ), #1078 ) ;
#1093 = LINE ( 'NONE', #3659, #3774 ) ;
#1094 = ORIENTED_EDGE ( 'NONE', *, *, #2368, .F. ) ;
#1095 = VECTOR ( 'NONE', #1858, 1000.000000000000000 ) ;
#1096 =( LENGTH_UNIT ( ) NAMED_UNIT ( * ) SI_UNIT ( .MILLI., .METRE. ) );
#1097 = CARTESIAN_POINT ( 'NONE',  ( 0.1023723544722396350, 0.7161810600739567656, -0.3190000000000001168 ) ) ;
#1098 = CARTESIAN_POINT ( 'NONE',  ( 0.02070302396857141153, 0.7544530658561199310, -0.3189999999999999503 ) ) ;
#1099 = ORIENTED_EDGE ( 'NONE', *, *, #1119, .F. ) ;
#1100 = SURFACE_STYLE_USAGE ( .BOTH. , #3605 ) ;
#1101 = CARTESIAN_POINT ( 'NONE',  ( -0.08298658729096315689, 0.7850619791134619829, -0.3200000000000001177 ) ) ;
#1102 = DIRECTION ( 'NONE',  ( -1.000000000000000000, 0.0000000000000000000, 0.0000000000000000000 ) ) ;
#1103 = FILL_AREA_STYLE ('',( #338 ) ) ;
#1104 = CARTESIAN_POINT ( 'NONE',  ( 0.07840323454526633429, 0.7885702737109367977, -0.3189999999999998948 ) ) ;
#1105 = FACE_OUTER_BOUND ( 'NONE', #3693, .T. ) ;
#1106 = ORIENTED_EDGE ( 'NONE', *, *, #1748, .F. ) ;
#1107 = LINE ( 'NONE', #4414, #1704 ) ;
#1108 = CARTESIAN_POINT ( 'NONE',  ( -0.1713944870950825927, 0.7853916455321912071, -0.3189999999999999503 ) ) ;
#1109 = PRESENTATION_LAYER_ASSIGNMENT (  '', '', ( #572 ) ) ;
#1110 = UNCERTAINTY_MEASURE_WITH_UNIT (LENGTH_MEASURE( 1.000000000000000082E-05 ), #4099, 'distance_accuracy_value', 'NONE');
#1111 = SURFACE_STYLE_USAGE ( .BOTH. , #2545 ) ;
#1112 = STYLED_ITEM ( 'NONE', ( #3418 ), #1825 ) ;
#1113 = STYLED_ITEM ( 'NONE', ( #1405 ), #291 ) ;
#1114 = VECTOR ( 'NONE', #2982, 1000.000000000000000 ) ;
#1115 = LINE ( 'NONE', #2565, #4249 ) ;
#1116 = STYLED_ITEM ( 'NONE', ( #705 ), #307 ) ;
#1117 = MECHANICAL_DESIGN_GEOMETRIC_PRESENTATION_REPRESENTATION (  '', ( #1808 ), #954 ) ;
#1118 = DIRECTION ( 'NONE',  ( 0.3222024856061130316, -0.9466707760722533616, 0.0000000000000000000 ) ) ;
#1119 = EDGE_CURVE ( 'NONE', #2140, #2223, #4565, .T. ) ;
#1120 = DIRECTION ( 'NONE',  ( -1.000000000000000000, -0.0000000000000000000, -0.0000000000000000000 ) ) ;
#1121 = SURFACE_STYLE_USAGE ( .BOTH. , #2267 ) ;
#1122 = SURFACE_STYLE_USAGE ( .BOTH. , #1816 ) ;
#1123 = CARTESIAN_POINT ( 'NONE',  ( 0.09857330428802625610, 0.7823507039929585849, -0.3199999999999998401 ) ) ;
#1124 = ORIENTED_EDGE ( 'NONE', *, *, #1644, .F. ) ;
#1125 = FILL_AREA_STYLE ('',( #2531 ) ) ;
#1126 = EDGE_LOOP ( 'NONE', ( #1880, #2379, #3569, #4468 ) ) ;
#1127 = COLOUR_RGB ( '',0.2509803921568627416, 0.2509803921568627416, 0.2509803921568627416 ) ;
#1128 = CARTESIAN_POINT ( 'NONE',  ( -0.2171018540802091001, 0.6983555048805101251, -0.3189999999999999503 ) ) ;
#1129 = CARTESIAN_POINT ( 'NONE',  ( -0.5000000000000000000, 0.5000000000000002220, -0.3199999999999999512 ) ) ;
#1130 = PLANE ( 'NONE',  #1333 ) ;
#1131 = VERTEX_POINT ( 'NONE', #1652 ) ;
#1132 = PLANE ( 'NONE',  #2292 ) ;
#1133 = ORIENTED_EDGE ( 'NONE', *, *, #3004, .F. ) ;
#1134 =( NAMED_UNIT ( * ) SI_UNIT ( $, .STERADIAN. ) SOLID_ANGLE_UNIT ( ) );
#1135 = CARTESIAN_POINT ( 'NONE',  ( 0.09736456186057892981, 0.7960246476620810308, -0.3199999999999999512 ) ) ;
#1136 = PRESENTATION_LAYER_ASSIGNMENT (  '', '', ( #4210 ) ) ;
#1137 = FACE_OUTER_BOUND ( 'NONE', #1812, .T. ) ;
#1138 =( NAMED_UNIT ( * ) SI_UNIT ( $, .STERADIAN. ) SOLID_ANGLE_UNIT ( ) );
#1139 = EDGE_CURVE ( 'NONE', #163, #3567, #3201, .T. ) ;
#1140 = EDGE_CURVE ( 'NONE', #648, #2173, #1262, .T. ) ;
#1141 = VECTOR ( 'NONE', #3721, 1000.000000000000000 ) ;
#1142 = CARTESIAN_POINT ( 'NONE',  ( -0.8250000000000001776, 0.9349999999999999423, 0.0000000000000000000 ) ) ;
#1143 = EDGE_CURVE ( 'NONE', #2456, #531, #635, .T. ) ;
#1144 = CARTESIAN_POINT ( 'NONE',  ( 0.07040015078305911223, 0.7993463716990236723, -0.3199999999999998401 ) ) ;
#1145 = DIRECTION ( 'NONE',  ( 1.000000000000000000, 0.0000000000000000000, 0.0000000000000000000 ) ) ;
#1146 = ORIENTED_EDGE ( 'NONE', *, *, #1491, .F. ) ;
#1147 = SURFACE_SIDE_STYLE ('',( #4118 ) ) ;
#1148 = CARTESIAN_POINT ( 'NONE',  ( 0.1365566825051567901, 0.6983555048805101251, -0.3199999999999999512 ) ) ;
#1149 = STYLED_ITEM ( 'NONE', ( #4232 ), #3401 ) ;
#1150 = STYLED_ITEM ( 'NONE', ( #4651 ), #2039 ) ;
#1151 = EDGE_LOOP ( 'NONE', ( #949, #4086, #2020, #1551, #2150 ) ) ;
#1152 = SURFACE_STYLE_USAGE ( .BOTH. , #24 ) ;
#1153 = CIRCLE ( 'NONE', #1317, 0.1599999999999999756 ) ;
#1154 = UNCERTAINTY_MEASURE_WITH_UNIT (LENGTH_MEASURE( 1.000000000000000082E-05 ), #4814, 'distance_accuracy_value', 'NONE');
#1155 = PRESENTATION_LAYER_ASSIGNMENT (  '', '', ( #3908 ) ) ;
#1156 = ORIENTED_EDGE ( 'NONE', *, *, #2345, .T. ) ;
#1157 =( NAMED_UNIT ( * ) PLANE_ANGLE_UNIT ( ) SI_UNIT ( $, .RADIAN. ) );
#1158 = CARTESIAN_POINT ( 'NONE',  ( 0.05362985323686408207, 0.7956116024414856547, -0.3199999999999999512 ) ) ;
#1159 = FILL_AREA_STYLE ('',( #444 ) ) ;
#1160 = CARTESIAN_POINT ( 'NONE',  ( -0.06727334798264814064, 0.7983555048805102139, -0.3199999999999999512 ) ) ;
#1161 = CARTESIAN_POINT ( 'NONE',  ( 0.07373007527992628263, 0.7995504116256032523, -0.3190000000000000058 ) ) ;
#1162 = CARTESIAN_POINT ( 'NONE',  ( 0.06480870681887501705, 0.7870280198422273665, -0.3189999999999998948 ) ) ;
#1163 = CARTESIAN_POINT ( 'NONE',  ( -0.1020154150594345388, 0.7693587870214406710, -0.3190000000000000058 ) ) ;
#1164 = CARTESIAN_POINT ( 'NONE',  ( -0.1716503562225153157, 0.7839731935666472973, -0.3199999999999999512 ) ) ;
#1165 = DIRECTION ( 'NONE',  ( 1.000000000000000000, 0.0000000000000000000, 0.0000000000000000000 ) ) ;
#1166 = SURFACE_STYLE_FILL_AREA ( #2908 ) ;
#1167 = EDGE_CURVE ( 'NONE', #3081, #2633, #4107, .T. ) ;
#1168 = ORIENTED_EDGE ( 'NONE', *, *, #4650, .F. ) ;
#1169 = ORIENTED_EDGE ( 'NONE', *, *, #245, .T. ) ;
#1170 = SURFACE_STYLE_USAGE ( .BOTH. , #2590 ) ;
#1171 = MECHANICAL_DESIGN_GEOMETRIC_PRESENTATION_REPRESENTATION (  '', ( #3992 ), #3389 ) ;
#1172 = CARTESIAN_POINT ( 'NONE',  ( -0.08320533532835711066, 0.7118771141747565201, -0.3200000000000000622 ) ) ;
#1173 = EDGE_LOOP ( 'NONE', ( #2227, #2935 ) ) ;
#1174 = CARTESIAN_POINT ( 'NONE',  ( -0.1061262443241115100, 0.7493273036609979787, -0.3189999999999999503 ) ) ;
#1175 = CARTESIAN_POINT ( 'NONE',  ( -0.4999999999999997780, -0.4999999999999996669, -0.3999999999999999667 ) ) ;
#1176 = EDGE_LOOP ( 'NONE', ( #4516, #1589, #4577, #2552 ) ) ;
#1177 = DIRECTION ( 'NONE',  ( -1.000000000000000000, -0.0000000000000000000, -0.0000000000000000000 ) ) ;
#1178 = VERTEX_POINT ( 'NONE', #851 ) ;
#1179 = SURFACE_SIDE_STYLE ('',( #56 ) ) ;
#1180 =( NAMED_UNIT ( * ) SI_UNIT ( $, .STERADIAN. ) SOLID_ANGLE_UNIT ( ) );
#1181 = CARTESIAN_POINT ( 'NONE',  ( 0.1087740100548216099, 0.7713730335854142028, -0.3189999999999998392 ) ) ;
#1182 = EDGE_LOOP ( 'NONE', ( #1749, #108, #227 ) ) ;
#1183 = CARTESIAN_POINT ( 'NONE',  ( 0.02070302396857141153, 0.7873798951244125321, -0.3189999999999999503 ) ) ;
#1184 = CARTESIAN_POINT ( 'NONE',  ( 0.07896874532407938130, 0.7995329945742868372, -0.3200000000000000067 ) ) ;
#1185 = CARTESIAN_POINT ( 'NONE',  ( -0.08641963047931669473, 0.7837108865098872945, -0.3189999999999998948 ) ) ;
#1186 = ADVANCED_FACE ( 'NONE', ( #4189 ), #2715, .T. ) ;
#1187 = CARTESIAN_POINT ( 'NONE',  ( -0.5324315245957365050, 0.6498565917493318578, 0.03900000000000000688 ) ) ;
#1188 = CARTESIAN_POINT ( 'NONE',  ( 0.1045176193751271854, 0.7023321432271505405, -0.3190000000000000058 ) ) ;
#1189 =( NAMED_UNIT ( * ) SI_UNIT ( $, .STERADIAN. ) SOLID_ANGLE_UNIT ( ) );
#1190 = UNCERTAINTY_MEASURE_WITH_UNIT (LENGTH_MEASURE( 1.000000000000000082E-05 ), #1022, 'distance_accuracy_value', 'NONE');
#1191 = CARTESIAN_POINT ( 'NONE',  ( 0.1877761947002787590, 0.6983555048805101251, -0.3189999999999999503 ) ) ;
#1192 = EDGE_LOOP ( 'NONE', ( #2572, #2727, #3177, #2625 ) ) ;
#1193 = CARTESIAN_POINT ( 'NONE',  ( -0.01954087847045300405, 0.6983555048805101251, -0.3199999999999999512 ) ) ;
#1194 = PRODUCT_CONTEXT ( 'NONE', #4744, 'mechanical' ) ;
#1195 = CARTESIAN_POINT ( 'NONE',  ( -0.08999073531926785052, 0.7151872360932982620, -0.3199999999999999512 ) ) ;
#1196 = EDGE_CURVE ( 'NONE', #4694, #2699, #3938, .T. ) ;
#1197 = AXIS2_PLACEMENT_3D ( 'NONE', #1595, #3390, #1619 ) ;
#1198 = VECTOR ( 'NONE', #3156, 1000.000000000000000 ) ;
#1199 = CARTESIAN_POINT ( 'NONE',  ( 0.1743615605539372837, 0.7983555048805102139, -0.3189999999999999503 ) ) ;
#1200 = CARTESIAN_POINT ( 'NONE',  ( 1.084202172485504434E-16, -0.4999999999999998890, -0.3199999999999999512 ) ) ;
#1201 = VECTOR ( 'NONE', #2782, 1000.000000000000000 ) ;
#1202 = EDGE_CURVE ( 'NONE', #4209, #79, #3916, .T. ) ;
#1203 = PRESENTATION_LAYER_ASSIGNMENT (  '', '', ( #2877 ) ) ;
#1204 = ORIENTED_EDGE ( 'NONE', *, *, #4257, .F. ) ;
#1205 = EDGE_CURVE ( 'NONE', #2851, #896, #2405, .T. ) ;
#1206 = CARTESIAN_POINT ( 'NONE',  ( -0.1705949936481769014, 0.7841030979518516242, -0.3189999999999999503 ) ) ;
#1207 =( LENGTH_UNIT ( ) NAMED_UNIT ( * ) SI_UNIT ( .MILLI., .METRE. ) );
#1208 = PRESENTATION_LAYER_ASSIGNMENT (  '', '', ( #1436 ) ) ;
#1209 = FACE_OUTER_BOUND ( 'NONE', #835, .T. ) ;
#1210 = CARTESIAN_POINT ( 'NONE',  ( -0.5000000000000000000, 0.3614359353944900932, -0.3199999999999999512 ) ) ;
#1211 = CARTESIAN_POINT ( 'NONE',  ( -0.8250000000000001776, 0.9349999999999999423, 0.04000000000000000083 ) ) ;
#1212 = ORIENTED_EDGE ( 'NONE', *, *, #1196, .F. ) ;
#1213 = PRESENTATION_LAYER_ASSIGNMENT (  '', '', ( #339 ) ) ;
#1214 = DIRECTION ( 'NONE',  ( 0.0000000000000000000, -0.0000000000000000000, -1.000000000000000000 ) ) ;
#1215 = DIRECTION ( 'NONE',  ( 0.0000000000000000000, -1.000000000000000000, 0.0000000000000000000 ) ) ;
#1216 = ORIENTED_EDGE ( 'NONE', *, *, #2976, .T. ) ;
#1217 = CARTESIAN_POINT ( 'NONE',  ( -0.1047035491628230813, 0.7621834783457861473, -0.3190000000000000058 ) ) ;
#1218 = PLANE ( 'NONE',  #1670 ) ;
#1219 = SURFACE_STYLE_USAGE ( .BOTH. , #74 ) ;
#1220 = UNCERTAINTY_MEASURE_WITH_UNIT (LENGTH_MEASURE( 1.000000000000000082E-05 ), #2156, 'distance_accuracy_value', 'NONE');
#1221 = UNCERTAINTY_MEASURE_WITH_UNIT (LENGTH_MEASURE( 1.000000000000000082E-05 ), #4703, 'distance_accuracy_value', 'NONE');
#1222 = ORIENTED_EDGE ( 'NONE', *, *, #4495, .T. ) ;
#1223 = VECTOR ( 'NONE', #3854, 1000.000000000000000 ) ;
#1224 = CARTESIAN_POINT ( 'NONE',  ( -0.01954087847045300405, 0.7093311146366076958, -0.3199999999999999512 ) ) ;
#1225 = ADVANCED_FACE ( 'NONE', ( #2470 ), #4637, .T. ) ;
#1226 = VECTOR ( 'NONE', #2903, 1000.000000000000000 ) ;
#1227 =( GEOMETRIC_REPRESENTATION_CONTEXT ( 3 ) GLOBAL_UNCERTAINTY_ASSIGNED_CONTEXT ( ( #4467 ) ) GLOBAL_UNIT_ASSIGNED_CONTEXT ( ( #4316, #3629, #3265 ) ) REPRESENTATION_CONTEXT ( 'NONE', 'WORKASPACE' ) );
#1228 = FACE_OUTER_BOUND ( 'NONE', #3619, .T. ) ;
#1229 = PLANE ( 'NONE',  #3027 ) ;
#1230 = ORIENTED_EDGE ( 'NONE', *, *, #2086, .T. ) ;
#1231 = AXIS2_PLACEMENT_3D ( 'NONE', #1944, #1177, #4092 ) ;
#1232 = CARTESIAN_POINT ( 'NONE',  ( 0.09546417188815410626, 0.7842990847241700925, -0.3200000000000000622 ) ) ;
#1233 = DIRECTION ( 'NONE',  ( -0.0000000000000000000, 0.0000000000000000000, -1.000000000000000000 ) ) ;
#1234 = CARTESIAN_POINT ( 'NONE',  ( 0.09359158859688185284, 0.7106918912704864866, -0.3189999999999998948 ) ) ;
#1235 = CARTESIAN_POINT ( 'NONE',  ( 0.1209276920853901843, 0.7179454190957792470, -0.3189999999999999503 ) ) ;
#1236 = CARTESIAN_POINT ( 'NONE',  ( 0.08114509713930312396, 0.6971359926853881728, -0.3189999999999999503 ) ) ;
#1237 = VERTEX_POINT ( 'NONE', #3202 ) ;
#1238 = FILL_AREA_STYLE ('',( #504 ) ) ;
#1239 = CARTESIAN_POINT ( 'NONE',  ( -0.06864011096914576782, 0.7873505957075032091, -0.3189999999999999503 ) ) ;
#1240 = CARTESIAN_POINT ( 'NONE',  ( -0.09243256577891895143, 0.7932776509814455368, -0.3199999999999997291 ) ) ;
#1241 = VERTEX_POINT ( 'NONE', #3962 ) ;
#1242 = CARTESIAN_POINT ( 'NONE',  ( 0.5000000000000000000, 0.5000000000000001110, -0.3999999999999999667 ) ) ;
#1243 = CARTESIAN_POINT ( 'NONE',  ( -0.08671777402650647504, 0.7133816762456687277, -0.3189999999999998948 ) ) ;
#1244 = MECHANICAL_DESIGN_GEOMETRIC_PRESENTATION_REPRESENTATION (  '', ( #3691 ), #3922 ) ;
#1245 =( NAMED_UNIT ( * ) PLANE_ANGLE_UNIT ( ) SI_UNIT ( $, .RADIAN. ) );
#1246 = EDGE_CURVE ( 'NONE', #3278, #4457, #2831, .T. ) ;
#1247 = CARTESIAN_POINT ( 'NONE',  ( 0.1877761947002787590, 0.7983555048805102139, -0.3189999999999999503 ) ) ;
#1248 = ORIENTED_EDGE ( 'NONE', *, *, #3251, .F. ) ;
#1249 = ORIENTED_EDGE ( 'NONE', *, *, #2274, .F. ) ;
#1250 = CARTESIAN_POINT ( 'NONE',  ( 0.5000000000000000000, 0.5000000000000001110, -0.3199999999999999512 ) ) ;
#1251 =( NAMED_UNIT ( * ) PLANE_ANGLE_UNIT ( ) SI_UNIT ( $, .RADIAN. ) );
#1252 = SURFACE_STYLE_FILL_AREA ( #2746 ) ;
#1253 =( LENGTH_UNIT ( ) NAMED_UNIT ( * ) SI_UNIT ( .MILLI., .METRE. ) );
#1254 = CARTESIAN_POINT ( 'NONE',  ( 0.1877761947002787590, 0.6983555048805101251, -0.3189999999999999503 ) ) ;
#1255 = VECTOR ( 'NONE', #3513, 1000.000000000000000 ) ;
#1256 = EDGE_CURVE ( 'NONE', #3665, #3645, #1475, .T. ) ;
#1257 = STYLED_ITEM ( 'NONE', ( #941 ), #826 ) ;
#1258 = DIRECTION ( 'NONE',  ( 0.0000000000000000000, -1.000000000000000000, 0.0000000000000000000 ) ) ;
#1259 = CARTESIAN_POINT ( 'NONE',  ( -0.5898099180248681517, 0.6498565917493318578, 0.03900000000000000688 ) ) ;
#1260 = PLANE ( 'NONE',  #3810 ) ;
#1261 = FILL_AREA_STYLE ('',( #3120 ) ) ;
#1262 = LINE ( 'NONE', #1211, #1643 ) ;
#1263 = EDGE_CURVE ( 'NONE', #163, #2710, #652, .T. ) ;
#1264 = CARTESIAN_POINT ( 'NONE',  ( -0.07799515537002030263, 0.7976243702898042631, -0.3199999999999998956 ) ) ;
#1265 = ORIENTED_EDGE ( 'NONE', *, *, #2833, .T. ) ;
#1266 = CARTESIAN_POINT ( 'NONE',  ( -0.1008545549648643957, 0.7882704529490307532, -0.3199999999999999512 ) ) ;
#1267 = CARTESIAN_POINT ( 'NONE',  ( -0.1060246754335968516, 0.7448001661723905320, -0.3189999999999999503 ) ) ;
#1268 = DIRECTION ( 'NONE',  ( -0.0000000000000000000, -0.0000000000000000000, -1.000000000000000000 ) ) ;
#1269 = CARTESIAN_POINT ( 'NONE',  ( -0.09573857799637375265, 0.7198033240857666382, -0.3190000000000000058 ) ) ;
#1270 = ORIENTED_EDGE ( 'NONE', *, *, #1901, .F. ) ;
#1271 = CARTESIAN_POINT ( 'NONE',  ( -0.06666359188508712286, 0.7093311146366076958, -0.3199999999999999512 ) ) ;
#1272 = VECTOR ( 'NONE', #11, 1000.000000000000000 ) ;
#1273 = DIRECTION ( 'NONE',  ( 1.000000000000000000, 0.0000000000000000000, 0.0000000000000000000 ) ) ;
#1274 = LINE ( 'NONE', #3858, #660 ) ;
#1275 = SURFACE_SIDE_STYLE ('',( #1252 ) ) ;
#1276 = STYLED_ITEM ( 'NONE', ( #2977 ), #9 ) ;
#1277 = PLANE ( 'NONE',  #4618 ) ;
#1278 = B_SPLINE_SURFACE_WITH_KNOTS ( 'NONE', 3, 1, ( 
 ( #4031, #2584 ),
 ( #2185, #753 ),
 ( #2207, #4463 ),
 ( #4075, #778 ),
 ( #797, #3713 ),
 ( #2253, #848 ),
 ( #2035, #4586 ),
 ( #477, #1600 ),
 ( #2308, #3023 ),
 ( #3766, #1952 ),
 ( #3419, #554 ),
 ( #1671, #1308 ),
 ( #910, #1570 ),
 ( #1234, #501 ),
 ( #1981, #4162 ),
 ( #4530, #89 ),
 ( #2356, #168 ),
 ( #3791, #4135 ),
 ( #3119, #2754 ) ),
 .UNSPECIFIED., .F., .F., .F.,
 ( 4, 1, 1, 1, 1, 1, 1, 1, 1, 1, 1, 1, 1, 1, 1, 1, 4 ),
 ( 2, 2 ),
 ( 0.0000000000000000000, 0.07377411937406361253, 0.1440791147260406802, 0.2113485183089113262, 0.2760768857398833154, 0.3385209158196765267, 0.3998851166931334800, 0.4602540674652136343, 0.5205889643912484654, 0.5802076845630447233, 0.6386329085525459526, 0.6963645494905241762, 0.7540017746600126136, 0.8128056813744979348, 0.8727544255255601513, 0.9351819969782670938, 1.000000000000000000 ),
 ( 0.0000000000000000000, 1.000000000000000000 ),
 .UNSPECIFIED. ) ;
#1279 = AXIS2_PLACEMENT_3D ( 'NONE', #244, #3149, #3940 ) ;
#1280 = CARTESIAN_POINT ( 'NONE',  ( 0.09857330428802625610, 0.7823507039929585849, -0.3199999999999998401 ) ) ;
#1281 = CARTESIAN_POINT ( 'NONE',  ( 0.07080510485231590601, 0.7882277975556335470, -0.3200000000000001177 ) ) ;
#1282 = AXIS2_PLACEMENT_3D ( 'NONE', #1175, #831, #3323 ) ;
#1283 = FILL_AREA_STYLE ('',( #3097 ) ) ;
#1284 = CARTESIAN_POINT ( 'NONE',  ( 0.1045176193751271854, 0.7023321432271505405, -0.3199999999999999512 ) ) ;
#1285 = CARTESIAN_POINT ( 'NONE',  ( 0.1183202840530842709, 0.7141347506140233170, -0.3190000000000000058 ) ) ;
#1286 = VERTEX_POINT ( 'NONE', #952 ) ;
#1287 = PRESENTATION_STYLE_ASSIGNMENT (( #4193 ) ) ;
#1288 =( NAMED_UNIT ( * ) SI_UNIT ( $, .STERADIAN. ) SOLID_ANGLE_UNIT ( ) );
#1289 = FACE_OUTER_BOUND ( 'NONE', #1312, .T. ) ;
#1290 = COLOUR_RGB ( '',1.000000000000000000, 1.000000000000000000, 1.000000000000000000 ) ;
#1291 = SURFACE_STYLE_FILL_AREA ( #2760 ) ;
#1292 = EDGE_CURVE ( 'NONE', #2418, #2339, #60, .T. ) ;
#1293 = CARTESIAN_POINT ( 'NONE',  ( 0.06694865759577149633, 0.6985232593300186865, -0.3189999999999999503 ) ) ;
#1294 = ADVANCED_FACE ( 'NONE', ( #3292 ), #1130, .T. ) ;
#1295 = DIRECTION ( 'NONE',  ( 0.0000000000000000000, -1.000000000000000000, 0.0000000000000000000 ) ) ;
#1296 = VECTOR ( 'NONE', #3016, 1000.000000000000000 ) ;
#1297 = PRESENTATION_LAYER_ASSIGNMENT (  '', '', ( #1826 ) ) ;
#1298 = ORIENTED_EDGE ( 'NONE', *, *, #4288, .F. ) ;
#1299 = CARTESIAN_POINT ( 'NONE',  ( -0.1186977483272820821, 0.7386188274440410595, -0.3190000000000001168 ) ) ;
#1300 =( NAMED_UNIT ( * ) SI_UNIT ( $, .STERADIAN. ) SOLID_ANGLE_UNIT ( ) );
#1301 = AXIS2_PLACEMENT_3D ( 'NONE', #2857, #2085, #4292 ) ;
#1302 = SURFACE_STYLE_FILL_AREA ( #2724 ) ;
#1303 = CARTESIAN_POINT ( 'NONE',  ( -0.1712558174948432266, 0.7861603829292906909, -0.3189999999999999503 ) ) ;
#1304 = ORIENTED_EDGE ( 'NONE', *, *, #1930, .T. ) ;
#1305 = CARTESIAN_POINT ( 'NONE',  ( -0.1702231448273963388, 0.7822182002061291994, -0.3200000000000000067 ) ) ;
#1306 = DIRECTION ( 'NONE',  ( 0.0000000000000000000, -0.0000000000000000000, -1.000000000000000000 ) ) ;
#1307 = PRESENTATION_STYLE_ASSIGNMENT (( #909 ) ) ;
#1308 = CARTESIAN_POINT ( 'NONE',  ( 0.09964077867825538171, 0.7140087140417044065, -0.3199999999999998401 ) ) ;
#1309 = CARTESIAN_POINT ( 'NONE',  ( 0.09123500894750262435, 0.6978872765363279829, -0.3199999999999997291 ) ) ;
#1310 = DIRECTION ( 'NONE',  ( 1.000000000000000000, -1.224646799147353207E-16, 0.0000000000000000000 ) ) ;
#1312 = EDGE_LOOP ( 'NONE', ( #3, #4302, #3242, #1647 ) ) ;
#1311 = COLOUR_RGB ( '',0.0000000000000000000, 0.0000000000000000000, 0.0000000000000000000 ) ;
#1313 = CIRCLE ( 'NONE', #532, 0.1385640646055101566 ) ;
#1314 = CARTESIAN_POINT ( 'NONE',  ( 0.1137136946511993624, 0.7850304542012244147, -0.3199999999999998956 ) ) ;
#1315 = CARTESIAN_POINT ( 'NONE',  ( -0.06721618334850178178, 0.7873798951244125321, -0.3189999999999999503 ) ) ;
#1316 = CARTESIAN_POINT ( 'NONE',  ( -0.1195408784704530269, 0.7496131268317296481, -0.3199999999999998401 ) ) ;
#1317 = AXIS2_PLACEMENT_3D ( 'NONE', #3855, #3088, #564 ) ;
#1318 = CARTESIAN_POINT ( 'NONE',  ( -0.1081731937674847849, 0.7817484006718592449, -0.3200000000000001177 ) ) ;
#1319 = FILL_AREA_STYLE ('',( #3921 ) ) ;
#1320 = EDGE_CURVE ( 'NONE', #3898, #2269, #3784, .T. ) ;
#1321 = ORIENTED_EDGE ( 'NONE', *, *, #2388, .T. ) ;
#1322 = CARTESIAN_POINT ( 'NONE',  ( 0.08770582634900540853, 0.7987457640973194550, -0.3189999999999998948 ) ) ;
#1323 = PLANE ( 'NONE',  #306 ) ;
#1324 = CARTESIAN_POINT ( 'NONE',  ( -0.07110974189668373135, 0.7094272250792484913, -0.3199999999999998401 ) ) ;
#1325 = SURFACE_STYLE_USAGE ( .BOTH. , #1639 ) ;
#1326 = FILL_AREA_STYLE_COLOUR ( '', #2047 ) ;
#1327 = CARTESIAN_POINT ( 'NONE',  ( 0.07979789777594391287, 0.6971517930664273832, -0.3190000000000000058 ) ) ;
#1328 = STYLED_ITEM ( 'NONE', ( #4664 ), #4076 ) ;
#1329 = SURFACE_SIDE_STYLE ('',( #2078 ) ) ;
#1330 = VERTEX_POINT ( 'NONE', #1160 ) ;
#1331 = DIRECTION ( 'NONE',  ( 0.0000000000000000000, -1.000000000000000000, 0.0000000000000000000 ) ) ;
#1332 = FILL_AREA_STYLE_COLOUR ( '', #4310 ) ;
#1333 = AXIS2_PLACEMENT_3D ( 'NONE', #4754, #4006, #3247 ) ;
#1334 = CARTESIAN_POINT ( 'NONE',  ( 0.1084108522232593991, 0.7046655362666024436, -0.3199999999999999512 ) ) ;
#1335 = ORIENTED_EDGE ( 'NONE', *, *, #4308, .F. ) ;
#1336 = VECTOR ( 'NONE', #2547, 1000.000000000000000 ) ;
#1337 = EDGE_CURVE ( 'NONE', #531, #2546, #3328, .T. ) ;
#1338 = PLANE ( 'NONE',  #463 ) ;
#1339 = CARTESIAN_POINT ( 'NONE',  ( 0.05362985323686408207, 0.7145140414658759376, -0.3189999999999999503 ) ) ;
#1340 = VERTEX_POINT ( 'NONE', #1824 ) ;
#1341 = FACE_OUTER_BOUND ( 'NONE', #1629, .T. ) ;
#1342 = CARTESIAN_POINT ( 'NONE',  ( -0.1712558174948432266, 0.7861603829292906909, -0.3189999999999999503 ) ) ;
#1343 = COLOUR_RGB ( '',0.5019607843137254832, 0.2509803921568627416, 0.2509803921568627416 ) ;
#1344 = CARTESIAN_POINT ( 'NONE',  ( -0.08999073531926785052, 0.7151872360932982620, -0.3199999999999999512 ) ) ;
#1345 = CARTESIAN_POINT ( 'NONE',  ( 0.05362985323686408207, 0.7956116024414856547, -0.3199999999999999512 ) ) ;
#1346 = CARTESIAN_POINT ( 'NONE',  ( -0.09670572916994980839, 0.7061435745512354423, -0.3199999999999999512 ) ) ;
#1347 = PRESENTATION_STYLE_ASSIGNMENT (( #1020 ) ) ;
#1348 = ADVANCED_FACE ( 'NONE', ( #2178 ), #2606, .T. ) ;
#1349 = CARTESIAN_POINT ( 'NONE',  ( -0.1727992626167945411, 0.7791481878073394096, -0.3189999999999999503 ) ) ;
#1350 = VERTEX_POINT ( 'NONE', #85 ) ;
#1351 = ORIENTED_EDGE ( 'NONE', *, *, #2094, .T. ) ;
#1352 = MECHANICAL_DESIGN_GEOMETRIC_PRESENTATION_REPRESENTATION (  '', ( #4190 ), #4665 ) ;
#1353 = EDGE_CURVE ( 'NONE', #2532, #1689, #3735, .T. ) ;
#1354 = VECTOR ( 'NONE', #297, 1000.000000000000000 ) ;
#1355 = CARTESIAN_POINT ( 'NONE',  ( 0.0000000000000000000, 0.5000000000000002220, -0.3999999999999999667 ) ) ;
#1356 = UNCERTAINTY_MEASURE_WITH_UNIT (LENGTH_MEASURE( 1.000000000000000082E-05 ), #1550, 'distance_accuracy_value', 'NONE');
#1357 =( NAMED_UNIT ( * ) PLANE_ANGLE_UNIT ( ) SI_UNIT ( $, .RADIAN. ) );
#1358 =( GEOMETRIC_REPRESENTATION_CONTEXT ( 3 ) GLOBAL_UNCERTAINTY_ASSIGNED_CONTEXT ( ( #2522 ) ) GLOBAL_UNIT_ASSIGNED_CONTEXT ( ( #619, #3189, #4628 ) ) REPRESENTATION_CONTEXT ( 'NONE', 'WORKASPACE' ) );
#1359 = CARTESIAN_POINT ( 'NONE',  ( 0.5000000000000001110, -0.4999999999999998890, -0.3199999999999999512 ) ) ;
#1360 = CARTESIAN_POINT ( 'NONE',  ( -0.05246770773874569888, 0.7873798951244125321, -0.3199999999999998401 ) ) ;
#1361 = CARTESIAN_POINT ( 'NONE',  ( 0.02070302396857141153, 0.7544530658561199310, -0.3189999999999999503 ) ) ;
#1362 = ORIENTED_EDGE ( 'NONE', *, *, #2086, .F. ) ;
#1363 = ORIENTED_EDGE ( 'NONE', *, *, #1435, .T. ) ;
#1364 = SURFACE_STYLE_USAGE ( .BOTH. , #4673 ) ;
#1365 = CARTESIAN_POINT ( 'NONE',  ( -0.1061262443241115100, 0.7493273036609979787, -0.3189999999999999503 ) ) ;
#1366 = CARTESIAN_POINT ( 'NONE',  ( -0.07190986761354127565, 0.6984580082109410615, -0.3199999999999999512 ) ) ;
#1367 = SURFACE_STYLE_USAGE ( .BOTH. , #3624 ) ;
#1368 =( NAMED_UNIT ( * ) SI_UNIT ( $, .STERADIAN. ) SOLID_ANGLE_UNIT ( ) );
#1369 = CARTESIAN_POINT ( 'NONE',  ( -0.1544113052997213020, 0.7373798951244125988, -0.3199999999999999512 ) ) ;
#1370 = FACE_BOUND ( 'NONE', #460, .T. ) ;
#1371 = EDGE_LOOP ( 'NONE', ( #1865, #3019 ) ) ;
#1372 = ORIENTED_EDGE ( 'NONE', *, *, #4127, .T. ) ;
#1373 = ADVANCED_FACE ( 'NONE', ( #2328 ), #1975, .T. ) ;
#1374 = DIRECTION ( 'NONE',  ( -0.0000000000000000000, -0.0000000000000000000, -1.000000000000000000 ) ) ;
#1375 = FACE_OUTER_BOUND ( 'NONE', #277, .T. ) ;
#1376 = DIRECTION ( 'NONE',  ( -0.0000000000000000000, -0.0000000000000000000, -1.000000000000000000 ) ) ;
#1377 = CARTESIAN_POINT ( 'NONE',  ( 0.08114509713930312396, 0.6971359926853881728, -0.3199999999999999512 ) ) ;
#1378 = CARTESIAN_POINT ( 'NONE',  ( -0.01954087847045300405, 0.6983555048805101251, -0.3189999999999999503 ) ) ;
#1379 = STYLED_ITEM ( 'NONE', ( #2605 ), #3335 ) ;
#1380 = SURFACE_STYLE_USAGE ( .BOTH. , #584 ) ;
#1381 = CIRCLE ( 'NONE', #1691, 0.1385640646055101566 ) ;
#1382 = CARTESIAN_POINT ( 'NONE',  ( 0.8249999999999999556, -0.9350000000000001643, 0.04000000000000000083 ) ) ;
#1383 = PRESENTATION_LAYER_ASSIGNMENT (  '', '', ( #3529 ) ) ;
#1384 = PRESENTATION_STYLE_ASSIGNMENT (( #4247 ) ) ;
#1385 = COLOUR_RGB ( '',1.000000000000000000, 1.000000000000000000, 1.000000000000000000 ) ;
#1386 = EDGE_LOOP ( 'NONE', ( #3428, #3931, #4087 ) ) ;
#1387 = LINE ( 'NONE', #711, #2034 ) ;
#1388 = FILL_AREA_STYLE_COLOUR ( '', #2544 ) ;
#1389 = CARTESIAN_POINT ( 'NONE',  ( -0.1061262443241115100, 0.7493273036609979787, -0.3199999999999999512 ) ) ;
#1390 = ADVANCED_FACE ( 'NONE', ( #59 ), #1229, .T. ) ;
#1391 = FILL_AREA_STYLE_COLOUR ( '', #1617 ) ;
#1392 = DIRECTION ( 'NONE',  ( -0.9353882635801357148, -0.3536223923290756077, 0.0000000000000000000 ) ) ;
#1393 = FILL_AREA_STYLE_COLOUR ( '', #889 ) ;
#1394 = CARTESIAN_POINT ( 'NONE',  ( 0.02070302396857141153, 0.7093311146366076958, -0.3199999999999999512 ) ) ;
#1395 = UNCERTAINTY_MEASURE_WITH_UNIT (LENGTH_MEASURE( 1.000000000000000082E-05 ), #3751, 'distance_accuracy_value', 'NONE');
#1396 = ORIENTED_EDGE ( 'NONE', *, *, #1037, .T. ) ;
#1397 = SURFACE_STYLE_USAGE ( .BOTH. , #3932 ) ;
#1398 = CARTESIAN_POINT ( 'NONE',  ( -0.1195408784704530269, 0.7496131268317296481, -0.3189999999999999503 ) ) ;
#1399 = DIRECTION ( 'NONE',  ( 0.9315776194850603487, -0.3635424856527062487, 0.0000000000000000000 ) ) ;
#1400 = FILL_AREA_STYLE_COLOUR ( '', #1827 ) ;
#1401 = VERTEX_POINT ( 'NONE', #1921 ) ;
#1402 = DIRECTION ( 'NONE',  ( 0.0000000000000000000, -1.000000000000000000, 0.0000000000000000000 ) ) ;
#1403 = CARTESIAN_POINT ( 'NONE',  ( -0.4999999999999997780, -0.4999999999999996669, -0.3999999999999999667 ) ) ;
#1404 = CARTESIAN_POINT ( 'NONE',  ( 0.1279765447937868672, 0.7484146230646605558, -0.3189999999999999503 ) ) ;
#1405 = PRESENTATION_STYLE_ASSIGNMENT (( #1380 ) ) ;
#1406 = CARTESIAN_POINT ( 'NONE',  ( -0.1723896154141790205, 0.7804579224113405989, -0.3190000000000000058 ) ) ;
#1407 = EDGE_CURVE ( 'NONE', #263, #300, #2484, .T. ) ;
#1408 = MECHANICAL_DESIGN_GEOMETRIC_PRESENTATION_REPRESENTATION (  '', ( #2856 ), #473 ) ;
#1409 = VERTEX_POINT ( 'NONE', #3092 ) ;
#1410 = EDGE_CURVE ( 'NONE', #3627, #3290, #3070, .T. ) ;
#1411 = EDGE_LOOP ( 'NONE', ( #3305, #4275, #834, #1958, #2330, #4029 ) ) ;
#1412 = CARTESIAN_POINT ( 'NONE',  ( 0.06602900066029454562, 0.6986938002548741533, -0.3200000000000000622 ) ) ;
#1413 = PRESENTATION_STYLE_ASSIGNMENT (( #3549 ) ) ;
#1414 = LINE ( 'NONE', #2866, #3440 ) ;
#1415 = CARTESIAN_POINT ( 'NONE',  ( 0.05861608629199681342, 0.7973753048618875683, -0.3199999999999999512 ) ) ;
#1416 = CARTESIAN_POINT ( 'NONE',  ( -0.5898099180248681517, 0.6498565917493318578, 0.03900000000000000688 ) ) ;
#1417 = CARTESIAN_POINT ( 'NONE',  ( 0.1120724778693037854, 0.7642981525533129039, -0.3200000000000000067 ) ) ;
#1418 = VECTOR ( 'NONE', #3946, 1000.000000000000000 ) ;
#1419 = EDGE_LOOP ( 'NONE', ( #446, #1124, #2057, #3823 ) ) ;
#1420 = CARTESIAN_POINT ( 'NONE',  ( 0.06235762851717500249, 0.7105626077389344264, -0.3189999999999998948 ) ) ;
#1421 = CARTESIAN_POINT ( 'NONE',  ( -0.1001594319094148144, 0.7725000398643500077, -0.3199999999999999512 ) ) ;
#1422 = FILL_AREA_STYLE_COLOUR ( '', #2198 ) ;
#1423 = VERTEX_POINT ( 'NONE', #3217 ) ;
#1424 = CARTESIAN_POINT ( 'NONE',  ( -0.01710185408020908904, 0.7983555048805102139, -0.3189999999999999503 ) ) ;
#1425 = SURFACE_SIDE_STYLE ('',( #4734 ) ) ;
#1426 =( NAMED_UNIT ( * ) SI_UNIT ( $, .STERADIAN. ) SOLID_ANGLE_UNIT ( ) );
#1427 = CARTESIAN_POINT ( 'NONE',  ( -0.05246770773874569888, 0.7873798951244125321, -0.3189999999999999503 ) ) ;
#1428 = DIRECTION ( 'NONE',  ( -0.3390537954853695690, -0.9407669869669987861, 0.0000000000000000000 ) ) ;
#1429 = DIRECTION ( 'NONE',  ( 0.0000000000000000000, -0.0000000000000000000, -1.000000000000000000 ) ) ;
#1430 = CIRCLE ( 'NONE', #2030, 0.1599999999999999756 ) ;
#1431 = AXIS2_PLACEMENT_3D ( 'NONE', #3578, #1392, #2124 ) ;
#1432 = ORIENTED_EDGE ( 'NONE', *, *, #3106, .F. ) ;
#1433 = EDGE_CURVE ( 'NONE', #4014, #1755, #2796, .T. ) ;
#1434 = UNCERTAINTY_MEASURE_WITH_UNIT (LENGTH_MEASURE( 1.000000000000000082E-05 ), #4417, 'distance_accuracy_value', 'NONE');
#1435 = EDGE_CURVE ( 'NONE', #2702, #1516, #2366, .T. ) ;
#1436 = STYLED_ITEM ( 'NONE', ( #3480 ), #4647 ) ;
#1437 = ORIENTED_EDGE ( 'NONE', *, *, #2480, .T. ) ;
#1438 = ADVANCED_FACE ( 'NONE', ( #2749, #3191, #2850, #3116, #2397, #620, #4677, #4604, #4654, #3843, #3861, #1370, #2820, #548, #995 ), #214, .F. ) ;
#1439 = SURFACE_STYLE_USAGE ( .BOTH. , #3950 ) ;
#1440 = CARTESIAN_POINT ( 'NONE',  ( 0.8249999999999997335, 0.9349999999999999423, 0.0000000000000000000 ) ) ;
#1441 = VECTOR ( 'NONE', #1899, 1000.000000000000000 ) ;
#1442 = CARTESIAN_POINT ( 'NONE',  ( 0.1145033924649365292, 0.7518409143578778098, -0.3199999999999999512 ) ) ;
#1443 = ORIENTED_EDGE ( 'NONE', *, *, #176, .T. ) ;
#1444 = FACE_OUTER_BOUND ( 'NONE', #1487, .T. ) ;
#1445 = STYLED_ITEM ( 'NONE', ( #50 ), #2247 ) ;
#1446 =( LENGTH_UNIT ( ) NAMED_UNIT ( * ) SI_UNIT ( .MILLI., .METRE. ) );
#1447 = SURFACE_STYLE_FILL_AREA ( #3331 ) ;
#1448 = CARTESIAN_POINT ( 'NONE',  ( 0.1263183124349424313, 0.7310301268864923818, -0.3199999999999998956 ) ) ;
#1449 = CARTESIAN_POINT ( 'NONE',  ( 0.08494270639143461366, 0.7879521534098058444, -0.3190000000000000613 ) ) ;
#1450 = VECTOR ( 'NONE', #4043, 1000.000000000000000 ) ;
#1451 = CARTESIAN_POINT ( 'NONE',  ( 0.8249999999999999556, -0.9350000000000001643, 0.0000000000000000000 ) ) ;
#1452 =( NAMED_UNIT ( * ) PLANE_ANGLE_UNIT ( ) SI_UNIT ( $, .RADIAN. ) );
#1453 =( GEOMETRIC_REPRESENTATION_CONTEXT ( 3 ) GLOBAL_UNCERTAINTY_ASSIGNED_CONTEXT ( ( #621 ) ) GLOBAL_UNIT_ASSIGNED_CONTEXT ( ( #555, #3561, #976 ) ) REPRESENTATION_CONTEXT ( 'NONE', 'WORKASPACE' ) );
#1454 = UNCERTAINTY_MEASURE_WITH_UNIT (LENGTH_MEASURE( 1.000000000000000082E-05 ), #864, 'distance_accuracy_value', 'NONE');
#1455 = CARTESIAN_POINT ( 'NONE',  ( -0.08964864843200945344, 0.7820667224748073521, -0.3189999999999999503 ) ) ;
#1456 = STYLED_ITEM ( 'NONE', ( #2028 ), #2042 ) ;
#1457 = ORIENTED_EDGE ( 'NONE', *, *, #637, .T. ) ;
#1458 = LINE ( 'NONE', #2909, #1336 ) ;
#1459 = CIRCLE ( 'NONE', #2594, 0.1385640646055101566 ) ;
#1460 = ORIENTED_EDGE ( 'NONE', *, *, #1246, .F. ) ;
#1461 = CARTESIAN_POINT ( 'NONE',  ( -0.1003302889721165297, 0.7256148514934489535, -0.3200000000000000067 ) ) ;
#1462 = MECHANICAL_DESIGN_GEOMETRIC_PRESENTATION_REPRESENTATION (  '', ( #4391 ), #1071 ) ;
#1463 = FILL_AREA_STYLE_COLOUR ( '', #4433 ) ;
#1464 =( LENGTH_UNIT ( ) NAMED_UNIT ( * ) SI_UNIT ( .MILLI., .METRE. ) );
#1465 = ORIENTED_EDGE ( 'NONE', *, *, #3452, .T. ) ;
#1466 = DIRECTION ( 'NONE',  ( 0.0000000000000000000, -0.0000000000000000000, 1.000000000000000000 ) ) ;
#1467 = VERTEX_POINT ( 'NONE', #1687 ) ;
#1468 = LINE ( 'NONE', #2577, #3454 ) ;
#1469 = CARTESIAN_POINT ( 'NONE',  ( 0.1015004203937319022, 0.7800811187555042325, -0.3190000000000000058 ) ) ;
#1470 = CARTESIAN_POINT ( 'NONE',  ( -0.5000000000000000000, 2.168404344971008868E-16, -0.3199999999999999512 ) ) ;
#1471 = VECTOR ( 'NONE', #144, 1000.000000000000000 ) ;
#1472 = CARTESIAN_POINT ( 'NONE',  ( -0.8249999999999999556, -0.9350000000000001643, 0.0000000000000000000 ) ) ;
#1473 = PRESENTATION_LAYER_ASSIGNMENT (  '', '', ( #3533 ) ) ;
#1474 = PRODUCT_RELATED_PRODUCT_CATEGORY ( 'part', '', ( #1922 ) ) ;
#1475 = CIRCLE ( 'NONE', #2159, 0.1599999999999999756 ) ;
#1476 =( NAMED_UNIT ( * ) PLANE_ANGLE_UNIT ( ) SI_UNIT ( $, .RADIAN. ) );
#1477 = B_SPLINE_CURVE_WITH_KNOTS ( 'NONE', 3,
 ( #763, #3324, #1514, #3407, #4518, #488, #4596 ),
 .UNSPECIFIED., .F., .F.,
 ( 4, 1, 1, 1, 4 ),
 ( 0.0000000000000000000, 0.3005411131585124518, 0.5677471464835970316, 0.8000336137369759015, 0.9999999999999998890 ),
 .UNSPECIFIED. ) ;
#1478 = VERTEX_POINT ( 'NONE', #4286 ) ;
#1479 = MECHANICAL_DESIGN_GEOMETRIC_PRESENTATION_REPRESENTATION (  '', ( #2322 ), #3312 ) ;
#1480 =( NAMED_UNIT ( * ) PLANE_ANGLE_UNIT ( ) SI_UNIT ( $, .RADIAN. ) );
#1481 = CARTESIAN_POINT ( 'NONE',  ( 0.02070302396857141153, 0.7434774561000223603, -0.3189999999999999503 ) ) ;
#1482 = LINE ( 'NONE', #1861, #2423 ) ;
#1483 = SURFACE_STYLE_FILL_AREA ( #2601 ) ;
#1484 = SURFACE_STYLE_USAGE ( .BOTH. , #1798 ) ;
#1485 = ORIENTED_EDGE ( 'NONE', *, *, #4281, .F. ) ;
#1486 = LINE ( 'NONE', #1778, #1835 ) ;
#1487 = EDGE_LOOP ( 'NONE', ( #4336, #1886, #2823, #398, #4179, #1769, #1335, #4174, #987, #4510, #4405, #2193 ) ) ;
#1488 = EDGE_CURVE ( 'NONE', #1050, #3978, #3163, .T. ) ;
#1489 = CARTESIAN_POINT ( 'NONE',  ( -0.03905307359240421661, 0.7983555048805102139, -0.3199999999999999512 ) ) ;
#1490 = FACE_OUTER_BOUND ( 'NONE', #661, .T. ) ;
#1491 = EDGE_CURVE ( 'NONE', #2603, #3222, #4706, .T. ) ;
#1492 = DIRECTION ( 'NONE',  ( 0.0000000000000000000, -1.000000000000000000, 0.0000000000000000000 ) ) ;
#1493 = VERTEX_POINT ( 'NONE', #1394 ) ;
#1494 = DIRECTION ( 'NONE',  ( 1.000000000000000000, 0.0000000000000000000, 0.0000000000000000000 ) ) ;
#1495 = CARTESIAN_POINT ( 'NONE',  ( 0.09265103772710363284, 0.7976083739485525514, -0.3199999999999998956 ) ) ;
#1496 = VECTOR ( 'NONE', #1913, 1000.000000000000000 ) ;
#1497 = CARTESIAN_POINT ( 'NONE',  ( -0.09264834787720549469, 0.7801085454596624613, -0.3190000000000000058 ) ) ;
#1498 = LINE ( 'NONE', #2585, #4117 ) ;
#1499 = VECTOR ( 'NONE', #693, 1000.000000000000000 ) ;
#1501 = DIRECTION ( 'NONE',  ( -0.0000000000000000000, -0.0000000000000000000, -1.000000000000000000 ) ) ;
#1500 = B_SPLINE_SURFACE_WITH_KNOTS ( 'NONE', 3, 1, ( 
 ( #3272, #2184 ),
 ( #3695, #4008 ),
 ( #796, #727 ),
 ( #3654, #341 ),
 ( #1868, #2972 ),
 ( #1162, #1829 ),
 ( #2306, #1621 ),
 ( #1568, #1281 ),
 ( #3445, #3789 ),
 ( #2656, #1925 ),
 ( #4508, #2331 ) ),
 .UNSPECIFIED., .F., .F., .F.,
 ( 4, 1, 1, 1, 1, 1, 1, 1, 4 ),
 ( 2, 2 ),
 ( 0.0000000000000000000, 0.1252796967356274715, 0.2494199707420520495, 0.3733567994928199130, 0.4966812787822865172, 0.6202029157439832296, 0.7450863201614565945, 0.8712691950190979417, 0.9999999999999998890 ),
 ( 0.0000000000000000000, 1.000000000000000000 ),
 .UNSPECIFIED. ) ;
#1502 =( GEOMETRIC_REPRESENTATION_CONTEXT ( 3 ) GLOBAL_UNCERTAINTY_ASSIGNED_CONTEXT ( ( #1903 ) ) GLOBAL_UNIT_ASSIGNED_CONTEXT ( ( #2199, #3304, #4449 ) ) REPRESENTATION_CONTEXT ( 'NONE', 'WORKASPACE' ) );
#1503 =( GEOMETRIC_REPRESENTATION_CONTEXT ( 3 ) GLOBAL_UNCERTAINTY_ASSIGNED_CONTEXT ( ( #1434 ) ) GLOBAL_UNIT_ASSIGNED_CONTEXT ( ( #4417, #347, #2563 ) ) REPRESENTATION_CONTEXT ( 'NONE', 'WORKASPACE' ) );
#1504 = CARTESIAN_POINT ( 'NONE',  ( 0.02070302396857141153, 0.7873798951244125321, -0.3189999999999999503 ) ) ;
#1505 = DIRECTION ( 'NONE',  ( -0.0000000000000000000, 0.0000000000000000000, 1.000000000000000000 ) ) ;
#1506 = MECHANICAL_DESIGN_GEOMETRIC_PRESENTATION_REPRESENTATION (  '', ( #3028 ), #3261 ) ;
#1507 = SURFACE_STYLE_FILL_AREA ( #2166 ) ;
#1508 = VERTEX_POINT ( 'NONE', #2376 ) ;
#1509 = VECTOR ( 'NONE', #2219, 1000.000000000000000 ) ;
#1510 =( GEOMETRIC_REPRESENTATION_CONTEXT ( 3 ) GLOBAL_UNCERTAINTY_ASSIGNED_CONTEXT ( ( #4293 ) ) GLOBAL_UNIT_ASSIGNED_CONTEXT ( ( #4333, #286, #2076 ) ) REPRESENTATION_CONTEXT ( 'NONE', 'WORKASPACE' ) );
#1511 = SURFACE_SIDE_STYLE ('',( #506 ) ) ;
#1512 =( NAMED_UNIT ( * ) PLANE_ANGLE_UNIT ( ) SI_UNIT ( $, .RADIAN. ) );
#1513 = PLANE ( 'NONE',  #1811 ) ;
#1514 = CARTESIAN_POINT ( 'NONE',  ( -0.1705949936481769014, 0.7841030979518516242, -0.3189999999999999503 ) ) ;
#1515 = PLANE ( 'NONE',  #734 ) ;
#1516 = VERTEX_POINT ( 'NONE', #162 ) ;
#1517 = FACE_OUTER_BOUND ( 'NONE', #102, .T. ) ;
#1518 =( GEOMETRIC_REPRESENTATION_CONTEXT ( 3 ) GLOBAL_UNCERTAINTY_ASSIGNED_CONTEXT ( ( #1395 ) ) GLOBAL_UNIT_ASSIGNED_CONTEXT ( ( #3751, #2389, #3455 ) ) REPRESENTATION_CONTEXT ( 'NONE', 'WORKASPACE' ) );
#1519 = SURFACE_STYLE_FILL_AREA ( #4387 ) ;
#1520 = CARTESIAN_POINT ( 'NONE',  ( 0.1877761947002787590, 0.6983555048805101251, -0.3199999999999999512 ) ) ;
#1521 =( NAMED_UNIT ( * ) PLANE_ANGLE_UNIT ( ) SI_UNIT ( $, .RADIAN. ) );
#1522 = VERTEX_POINT ( 'NONE', #2102 ) ;
#1523 = EDGE_CURVE ( 'NONE', #3681, #3438, #4069, .T. ) ;
#1524 = PRESENTATION_LAYER_ASSIGNMENT (  '', '', ( #3206 ) ) ;
#1525 = SURFACE_STYLE_FILL_AREA ( #3339 ) ;
#1526 = LINE ( 'NONE', #1472, #4203 ) ;
#1527 = UNCERTAINTY_MEASURE_WITH_UNIT (LENGTH_MEASURE( 1.000000000000000082E-05 ), #1446, 'distance_accuracy_value', 'NONE');
#1528 = DIRECTION ( 'NONE',  ( -1.000000000000000000, -0.0000000000000000000, -0.0000000000000000000 ) ) ;
#1529 = ORIENTED_EDGE ( 'NONE', *, *, #787, .F. ) ;
#1530 = CARTESIAN_POINT ( 'NONE',  ( 0.08114509713930312396, 0.6971359926853881728, -0.3199999999999999512 ) ) ;
#1531 = FILL_AREA_STYLE_COLOUR ( '', #3630 ) ;
#1532 =( GEOMETRIC_REPRESENTATION_CONTEXT ( 3 ) GLOBAL_UNCERTAINTY_ASSIGNED_CONTEXT ( ( #3558 ) ) GLOBAL_UNIT_ASSIGNED_CONTEXT ( ( #3650, #2249, #161 ) ) REPRESENTATION_CONTEXT ( 'NONE', 'WORKASPACE' ) );
#1533 = UNCERTAINTY_MEASURE_WITH_UNIT (LENGTH_MEASURE( 1.000000000000000082E-05 ), #1025, 'distance_accuracy_value', 'NONE');
#1534 =( NAMED_UNIT ( * ) PLANE_ANGLE_UNIT ( ) SI_UNIT ( $, .RADIAN. ) );
#1535 = CARTESIAN_POINT ( 'NONE',  ( 0.08310339905197257349, 0.7082097108057183732, -0.3190000000000000058 ) ) ;
#1536 = DIRECTION ( 'NONE',  ( -1.000000000000000000, 0.0000000000000000000, 0.0000000000000000000 ) ) ;
#1537 =( GEOMETRIC_REPRESENTATION_CONTEXT ( 3 ) GLOBAL_UNCERTAINTY_ASSIGNED_CONTEXT ( ( #4679 ) ) GLOBAL_UNIT_ASSIGNED_CONTEXT ( ( #4616, #3964, #4716 ) ) REPRESENTATION_CONTEXT ( 'NONE', 'WORKASPACE' ) );
#1538 = ORIENTED_EDGE ( 'NONE', *, *, #90, .F. ) ;
#1539 = EDGE_CURVE ( 'NONE', #3081, #2038, #311, .T. ) ;
#1540 = VERTEX_POINT ( 'NONE', #2528 ) ;
#1541 = PLANE ( 'NONE',  #3297 ) ;
#1542 = ORIENTED_EDGE ( 'NONE', *, *, #317, .T. ) ;
#1543 = CARTESIAN_POINT ( 'NONE',  ( -0.1694824172048971789, 0.7796039756080157535, -0.3190000000000000613 ) ) ;
#1544 = SURFACE_SIDE_STYLE ('',( #1519 ) ) ;
#1545 = DIRECTION ( 'NONE',  ( 1.000000000000000000, 0.0000000000000000000, 0.0000000000000000000 ) ) ;
#1546 = EDGE_LOOP ( 'NONE', ( #1577, #3408, #1040, #2399 ) ) ;
#1547 = CARTESIAN_POINT ( 'NONE',  ( -0.1195408784704530269, 0.7496131268317296481, -0.3199999999999999512 ) ) ;
#1548 = LINE ( 'NONE', #2948, #184 ) ;
#1549 = CARTESIAN_POINT ( 'NONE',  ( 0.03411765811491286604, 0.7983555048805102139, -0.3189999999999999503 ) ) ;
#1550 =( LENGTH_UNIT ( ) NAMED_UNIT ( * ) SI_UNIT ( .MILLI., .METRE. ) );
#1551 = ORIENTED_EDGE ( 'NONE', *, *, #2533, .F. ) ;
#1552 = SURFACE_STYLE_USAGE ( .BOTH. , #3374 ) ;
#1553 = EDGE_CURVE ( 'NONE', #2141, #3252, #2934, .T. ) ;
#1554 = VECTOR ( 'NONE', #4559, 1000.000000000000000 ) ;
#1555 = SURFACE_STYLE_USAGE ( .BOTH. , #1608 ) ;
#1556 = ORIENTED_EDGE ( 'NONE', *, *, #2388, .F. ) ;
#1557 = ADVANCED_FACE ( 'NONE', ( #331 ), #1776, .T. ) ;
#1558 = AXIS2_PLACEMENT_3D ( 'NONE', #3000, #4217, #146 ) ;
#1559 = LINE ( 'NONE', #1247, #1496 ) ;
#1560 = ORIENTED_EDGE ( 'NONE', *, *, #2243, .F. ) ;
#1561 = DIRECTION ( 'NONE',  ( 0.0000000000000000000, -0.0000000000000000000, -1.000000000000000000 ) ) ;
#1562 = CARTESIAN_POINT ( 'NONE',  ( -0.1708152763207683444, 0.7854482937004685361, -0.3199999999999999512 ) ) ;
#1563 = CARTESIAN_POINT ( 'NONE',  ( 0.07599994156472592022, 0.7995666826320713128, -0.3200000000000000622 ) ) ;
#1564 =( LENGTH_UNIT ( ) NAMED_UNIT ( * ) SI_UNIT ( .MILLI., .METRE. ) );
#1565 = FILL_AREA_STYLE_COLOUR ( '', #2340 ) ;
#1566 = ORIENTED_EDGE ( 'NONE', *, *, #2191, .F. ) ;
#1567 = CARTESIAN_POINT ( 'NONE',  ( 0.1106056800769174703, 0.7679704155766360341, -0.3190000000000000613 ) ) ;
#1568 = CARTESIAN_POINT ( 'NONE',  ( 0.07080510485231590601, 0.7882277975556335470, -0.3190000000000001168 ) ) ;
#1569 = SURFACE_STYLE_USAGE ( .BOTH. , #3765 ) ;
#1570 = CARTESIAN_POINT ( 'NONE',  ( 0.09670473066451382160, 0.7121954813586274247, -0.3200000000000001177 ) ) ;
#1571 = DIRECTION ( 'NONE',  ( -0.0000000000000000000, -0.0000000000000000000, -1.000000000000000000 ) ) ;
#1572 = UNCERTAINTY_MEASURE_WITH_UNIT (LENGTH_MEASURE( 1.000000000000000082E-05 ), #4016, 'distance_accuracy_value', 'NONE');
#1573 = PLANE ( 'NONE',  #1034 ) ;
#1574 = PRESENTATION_LAYER_ASSIGNMENT (  '', '', ( #3641 ) ) ;
#1575 = FACE_OUTER_BOUND ( 'NONE', #4494, .T. ) ;
#1576 = CARTESIAN_POINT ( 'NONE',  ( -0.1061262443241115100, 0.7493273036609979787, -0.3189999999999999503 ) ) ;
#1577 = ORIENTED_EDGE ( 'NONE', *, *, #1041, .F. ) ;
#1578 = EDGE_CURVE ( 'NONE', #3192, #2810, #1864, .T. ) ;
#1579 =( GEOMETRIC_REPRESENTATION_CONTEXT ( 3 ) GLOBAL_UNCERTAINTY_ASSIGNED_CONTEXT ( ( #40 ) ) GLOBAL_UNIT_ASSIGNED_CONTEXT ( ( #1063, #4785, #1872 ) ) REPRESENTATION_CONTEXT ( 'NONE', 'WORKASPACE' ) );
#1580 = ADVANCED_FACE ( 'NONE', ( #669 ), #1515, .T. ) ;
#1581 = COLOUR_RGB ( '',0.5019607843137254832, 0.2509803921568627416, 0.2509803921568627416 ) ;
#1582 = CARTESIAN_POINT ( 'NONE',  ( -0.1060297690875733889, 0.7538366800454856520, -0.3200000000000000622 ) ) ;
#1583 = CARTESIAN_POINT ( 'NONE',  ( 0.1279765447937868672, 0.7484146230646605558, -0.3189999999999999503 ) ) ;
#1584 = FILL_AREA_STYLE ('',( #2741 ) ) ;
#1585 = EDGE_CURVE ( 'NONE', #3898, #3681, #396, .T. ) ;
#1586 = COLOUR_RGB ( '',1.000000000000000000, 1.000000000000000000, 1.000000000000000000 ) ;
#1587 = AXIS2_PLACEMENT_3D ( 'NONE', #4536, #456, #915 ) ;
#1588 = EDGE_LOOP ( 'NONE', ( #4132, #31, #3584, #3366 ) ) ;
#1589 = ORIENTED_EDGE ( 'NONE', *, *, #4437, .F. ) ;
#1590 = CARTESIAN_POINT ( 'NONE',  ( 0.02070302396857141153, 0.7434774561000223603, -0.3189999999999999503 ) ) ;
#1591 = ORIENTED_EDGE ( 'NONE', *, *, #1029, .T. ) ;
#1592 =( LENGTH_UNIT ( ) NAMED_UNIT ( * ) SI_UNIT ( .MILLI., .METRE. ) );
#1593 =( GEOMETRIC_REPRESENTATION_CONTEXT ( 3 ) GLOBAL_UNCERTAINTY_ASSIGNED_CONTEXT ( ( #4066 ) ) GLOBAL_UNIT_ASSIGNED_CONTEXT ( ( #3011, #1245, #487 ) ) REPRESENTATION_CONTEXT ( 'NONE', 'WORKASPACE' ) );
#1594 = PRESENTATION_STYLE_ASSIGNMENT (( #497 ) ) ;
#1595 = CARTESIAN_POINT ( 'NONE',  ( -0.5898099180248681517, 0.6498565917493318578, 0.04000000000000000083 ) ) ;
#1596 = FILL_AREA_STYLE_COLOUR ( '', #4533 ) ;
#1597 = AXIS2_PLACEMENT_3D ( 'NONE', #70, #45, #782 ) ;
#1598 = LINE ( 'NONE', #3394, #2229 ) ;
#1599 =( LENGTH_UNIT ( ) NAMED_UNIT ( * ) SI_UNIT ( .MILLI., .METRE. ) );
#1600 = CARTESIAN_POINT ( 'NONE',  ( 0.1091855010627294925, 0.7244248463730988963, -0.3199999999999999512 ) ) ;
#1601 = CARTESIAN_POINT ( 'NONE',  ( 0.08114509713930312396, 0.6971359926853881728, -0.3199999999999998956 ) ) ;
#1602 = PRESENTATION_STYLE_ASSIGNMENT (( #2635 ) ) ;
#1603 = EDGE_LOOP ( 'NONE', ( #3122, #4372, #2337, #4451, #134, #1230, #4638, #469, #290, #1457 ) ) ;
#1604 = CARTESIAN_POINT ( 'NONE',  ( -0.1195408784704530269, 0.7496131268317296481, -0.3189999999999999503 ) ) ;
#1605 = VECTOR ( 'NONE', #353, 1000.000000000000000 ) ;
#1606 = ORIENTED_EDGE ( 'NONE', *, *, #2191, .T. ) ;
#1607 = CARTESIAN_POINT ( 'NONE',  ( -0.01466282968996519831, 0.7544530658561199310, -0.3189999999999999503 ) ) ;
#1608 = SURFACE_SIDE_STYLE ('',( #2263 ) ) ;
#1609 = ORIENTED_EDGE ( 'NONE', *, *, #785, .T. ) ;
#1610 = SURFACE_SIDE_STYLE ('',( #2025 ) ) ;
#1611 = CARTESIAN_POINT ( 'NONE',  ( 0.06551998791494194341, 0.7096730074539351341, -0.3199999999999997846 ) ) ;
#1612 = VECTOR ( 'NONE', #3169, 1000.000000000000114 ) ;
#1613 = EDGE_LOOP ( 'NONE', ( #4525, #4262, #2895, #4065 ) ) ;
#1614 = MECHANICAL_DESIGN_GEOMETRIC_PRESENTATION_REPRESENTATION (  '', ( #3672 ), #1914 ) ;
#1615 = FILL_AREA_STYLE ('',( #2327 ) ) ;
#1617 = COLOUR_RGB ( '',0.2509803921568627416, 0.2509803921568627416, 0.2509803921568627416 ) ;
#1616 = CARTESIAN_POINT ( 'NONE',  ( 0.07704829835881529809, 0.7885994073195344845, -0.3199999999999999512 ) ) ;
#1618 = CARTESIAN_POINT ( 'NONE',  ( 0.07219708587848525094, 0.7084795140502376798, -0.3199999999999999512 ) ) ;
#1619 = DIRECTION ( 'NONE',  ( 1.000000000000000000, 0.0000000000000000000, 0.0000000000000000000 ) ) ;
#1620 =( GEOMETRIC_REPRESENTATION_CONTEXT ( 3 ) GLOBAL_UNCERTAINTY_ASSIGNED_CONTEXT ( ( #1190 ) ) GLOBAL_UNIT_ASSIGNED_CONTEXT ( ( #1022, #359, #1820 ) ) REPRESENTATION_CONTEXT ( 'NONE', 'WORKASPACE' ) );
#1621 = CARTESIAN_POINT ( 'NONE',  ( 0.06777157631829339168, 0.7877461364843519886, -0.3199999999999999512 ) ) ;
#1622 = DIRECTION ( 'NONE',  ( -0.0000000000000000000, -0.0000000000000000000, 1.000000000000000000 ) ) ;
#1623 =( NAMED_UNIT ( * ) PLANE_ANGLE_UNIT ( ) SI_UNIT ( $, .RADIAN. ) );
#1624 = CARTESIAN_POINT ( 'NONE',  ( 0.09123500894750262435, 0.6978872765363279829, -0.3189999999999997837 ) ) ;
#1625 = CARTESIAN_POINT ( 'NONE',  ( 0.1272937661174665114, 0.7359371985297461505, -0.3189999999999999503 ) ) ;
#1626 = FILL_AREA_STYLE_COLOUR ( '', #3267 ) ;
#1627 = SURFACE_STYLE_USAGE ( .BOTH. , #3451 ) ;
#1628 = CARTESIAN_POINT ( 'NONE',  ( -0.06911053438928309312, 0.7983145556852518920, -0.3189999999999999503 ) ) ;
#1629 = EDGE_LOOP ( 'NONE', ( #525, #2221, #1396, #1021, #1955, #3995 ) ) ;
#1630 = PLANE ( 'NONE',  #4285 ) ;
#1631 = CARTESIAN_POINT ( 'NONE',  ( -0.06817034876224441209, 0.7093636855282865472, -0.3199999999999999512 ) ) ;
#1632 = ADVANCED_FACE ( 'NONE', ( #3342 ), #345, .T. ) ;
#1633 = CIRCLE ( 'NONE', #2149, 0.1599999999999999756 ) ;
#1634 = FACE_OUTER_BOUND ( 'NONE', #2013, .T. ) ;
#1635 = CARTESIAN_POINT ( 'NONE',  ( -0.08320533532835711066, 0.7118771141747565201, -0.3190000000000000613 ) ) ;
#1636 = COLOUR_RGB ( '',1.000000000000000000, 1.000000000000000000, 1.000000000000000000 ) ;
#1637 = CARTESIAN_POINT ( 'NONE',  ( -0.1194213261904847889, 0.7440220469519136515, -0.3199999999999999512 ) ) ;
#1638 =( NAMED_UNIT ( * ) PLANE_ANGLE_UNIT ( ) SI_UNIT ( $, .RADIAN. ) );
#1639 = SURFACE_SIDE_STYLE ('',( #2723 ) ) ;
#1640 = CARTESIAN_POINT ( 'NONE',  ( 0.06777157631829339168, 0.7877461364843519886, -0.3199999999999999512 ) ) ;
#1641 = FACE_OUTER_BOUND ( 'NONE', #3761, .T. ) ;
#1642 = PRESENTATION_STYLE_ASSIGNMENT (( #4504 ) ) ;
#1643 = VECTOR ( 'NONE', #122, 1000.000000000000000 ) ;
#1644 = EDGE_CURVE ( 'NONE', #3640, #3193, #756, .T. ) ;
#1645 =( NAMED_UNIT ( * ) PLANE_ANGLE_UNIT ( ) SI_UNIT ( $, .RADIAN. ) );
#1646 = EDGE_CURVE ( 'NONE', #1467, #781, #4033, .T. ) ;
#1647 = ORIENTED_EDGE ( 'NONE', *, *, #4470, .T. ) ;
#1648 = CARTESIAN_POINT ( 'NONE',  ( -0.03905307359240421661, 0.6983555048805101251, -0.3189999999999999503 ) ) ;
#1649 = CARTESIAN_POINT ( 'NONE',  ( 0.0000000000000000000, 0.5000000000000002220, -0.3199999999999999512 ) ) ;
#1650 = FACE_OUTER_BOUND ( 'NONE', #3778, .T. ) ;
#1651 = CARTESIAN_POINT ( 'NONE',  ( 0.1153414488895891654, 0.7106117399079157071, -0.3199999999999999512 ) ) ;
#1652 = CARTESIAN_POINT ( 'NONE',  ( 0.5000000000000001110, 9.862304285537162711E-17, -0.5599999999999999423 ) ) ;
#1653 = EDGE_CURVE ( 'NONE', #4556, #3385, #1807, .T. ) ;
#1654 = ORIENTED_EDGE ( 'NONE', *, *, #107, .T. ) ;
#1655 = FACE_OUTER_BOUND ( 'NONE', #2720, .T. ) ;
#1656 = DIRECTION ( 'NONE',  ( 0.0000000000000000000, -0.0000000000000000000, -1.000000000000000000 ) ) ;
#1657 = LINE ( 'NONE', #4169, #3393 ) ;
#1658 = MECHANICAL_DESIGN_GEOMETRIC_PRESENTATION_REPRESENTATION (  '', ( #653 ), #2100 ) ;
#1659 = FILL_AREA_STYLE ('',( #2074 ) ) ;
#1660 = ORIENTED_EDGE ( 'NONE', *, *, #978, .F. ) ;
#1661 = DIRECTION ( 'NONE',  ( 0.0000000000000000000, -0.0000000000000000000, 1.000000000000000000 ) ) ;
#1662 = PRESENTATION_STYLE_ASSIGNMENT (( #1325 ) ) ;
#1663 = CARTESIAN_POINT ( 'NONE',  ( 0.07599308538787305500, 0.7885834532599006463, -0.3200000000000000067 ) ) ;
#1664 =( GEOMETRIC_REPRESENTATION_CONTEXT ( 3 ) GLOBAL_UNCERTAINTY_ASSIGNED_CONTEXT ( ( #301 ) ) GLOBAL_UNIT_ASSIGNED_CONTEXT ( ( #2734, #4168, #2021 ) ) REPRESENTATION_CONTEXT ( 'NONE', 'WORKASPACE' ) );
#1665 = CARTESIAN_POINT ( 'NONE',  ( -0.1716503562225153157, 0.7839731935666472973, -0.3189999999999999503 ) ) ;
#1666 = ORIENTED_EDGE ( 'NONE', *, *, #2979, .T. ) ;
#1667 = CIRCLE ( 'NONE', #1967, 0.1599999999999999756 ) ;
#1668 = CARTESIAN_POINT ( 'NONE',  ( -0.1414920979826481406, 0.6983555048805101251, -0.3189999999999999503 ) ) ;
#1669 =( NAMED_UNIT ( * ) PLANE_ANGLE_UNIT ( ) SI_UNIT ( $, .RADIAN. ) );
#1670 = AXIS2_PLACEMENT_3D ( 'NONE', #4145, #857, #3777 ) ;
#1671 = CARTESIAN_POINT ( 'NONE',  ( 0.09964077867825538171, 0.7140087140417044065, -0.3189999999999998392 ) ) ;
#1672 = CARTESIAN_POINT ( 'NONE',  ( 0.1272937661174665114, 0.7359371985297461505, -0.3199999999999998956 ) ) ;
#1673 = EDGE_CURVE ( 'NONE', #300, #263, #2105, .T. ) ;
#1674 = EDGE_LOOP ( 'NONE', ( #2118, #4732, #3301, #4521, #4325, #684, #2842, #1836, #3450, #3507, #1026, #2840 ) ) ;
#1675 = SURFACE_STYLE_FILL_AREA ( #1031 ) ;
#1676 = FILL_AREA_STYLE_COLOUR ( '', #581 ) ;
#1677 = CARTESIAN_POINT ( 'NONE',  ( -0.09675316455940019544, 0.7909669818089219984, -0.3190000000000000613 ) ) ;
#1678 = CARTESIAN_POINT ( 'NONE',  ( -0.1727992626167945411, 0.7791481878073394096, -0.3199999999999999512 ) ) ;
#1679 = CARTESIAN_POINT ( 'NONE',  ( 0.1272137969952152614, 0.7577899540592326622, -0.3190000000000000058 ) ) ;
#1680 = DIRECTION ( 'NONE',  ( -1.159574516027277451E-16, 1.000000000000000000, -0.0000000000000000000 ) ) ;
#1681 = COLOUR_RGB ( '',1.000000000000000000, 1.000000000000000000, 1.000000000000000000 ) ;
#1682 = SURFACE_SIDE_STYLE ('',( #2352 ) ) ;
#1683 =( NAMED_UNIT ( * ) SI_UNIT ( $, .STERADIAN. ) SOLID_ANGLE_UNIT ( ) );
#1684 = DIRECTION ( 'NONE',  ( 1.000000000000000000, 0.0000000000000000000, 0.0000000000000000000 ) ) ;
#1685 = COLOUR_RGB ( '',1.000000000000000000, 1.000000000000000000, 1.000000000000000000 ) ;
#1686 = DIRECTION ( 'NONE',  ( 1.000000000000000000, 0.0000000000000000000, 0.0000000000000000000 ) ) ;
#1687 = CARTESIAN_POINT ( 'NONE',  ( 0.03411765811491286604, 0.6983555048805101251, -0.3189999999999999503 ) ) ;
#1688 = EDGE_CURVE ( 'NONE', #1522, #1976, #2235, .T. ) ;
#1689 = VERTEX_POINT ( 'NONE', #4078 ) ;
#1690 = CARTESIAN_POINT ( 'NONE',  ( 0.5000000000000000000, 0.5000000000000001110, -0.3199999999999999512 ) ) ;
#1691 = AXIS2_PLACEMENT_3D ( 'NONE', #774, #4801, #1804 ) ;
#1692 = VERTEX_POINT ( 'NONE', #780 ) ;
#1693 =( LENGTH_UNIT ( ) NAMED_UNIT ( * ) SI_UNIT ( .MILLI., .METRE. ) );
#1694 = CARTESIAN_POINT ( 'NONE',  ( 0.1280200971393031240, 0.7464690719536809516, -0.3189999999999999503 ) ) ;
#1695 = PRESENTATION_LAYER_ASSIGNMENT (  '', '', ( #1456 ) ) ;
#1696 = CARTESIAN_POINT ( 'NONE',  ( 0.1280200971393031240, 0.7464690719536809516, -0.3189999999999999503 ) ) ;
#1697 = CARTESIAN_POINT ( 'NONE',  ( -0.5324315245957365050, 0.6498565917493318578, 0.04000000000000000083 ) ) ;
#1698 = SURFACE_STYLE_USAGE ( .BOTH. , #2338 ) ;
#1699 = CARTESIAN_POINT ( 'NONE',  ( -0.2171018540802091001, 0.6983555048805101251, -0.3199999999999999512 ) ) ;
#1700 = EDGE_LOOP ( 'NONE', ( #440, #72, #823 ) ) ;
#1701 = ADVANCED_FACE ( 'NONE', ( #731 ), #2631, .T. ) ;
#1702 = CARTESIAN_POINT ( 'NONE',  ( 0.05645847967160690095, 0.7019771450832597015, -0.3199999999999999512 ) ) ;
#1703 = EDGE_CURVE ( 'NONE', #2798, #1945, #4529, .T. ) ;
#1704 = VECTOR ( 'NONE', #2516, 1000.000000000000000 ) ;
#1705 = CARTESIAN_POINT ( 'NONE',  ( -0.08671777402650647504, 0.7133816762456687277, -0.3199999999999998956 ) ) ;
#1706 = UNCERTAINTY_MEASURE_WITH_UNIT (LENGTH_MEASURE( 1.000000000000000082E-05 ), #2413, 'distance_accuracy_value', 'NONE');
#1707 = PLANE ( 'NONE',  #4671 ) ;
#1708 = DIRECTION ( 'NONE',  ( -0.0000000000000000000, -0.0000000000000000000, -1.000000000000000000 ) ) ;
#1709 = MECHANICAL_DESIGN_GEOMETRIC_PRESENTATION_REPRESENTATION (  '', ( #1328 ), #376 ) ;
#1710 = SURFACE_STYLE_USAGE ( .BOTH. , #1329 ) ;
#1711 = ORIENTED_EDGE ( 'NONE', *, *, #551, .T. ) ;
#1712 = CARTESIAN_POINT ( 'NONE',  ( -0.1708152763207683444, 0.7854482937004685361, -0.3199999999999999512 ) ) ;
#1713 = CARTESIAN_POINT ( 'NONE',  ( 0.1877761947002787590, 0.6983555048805101251, -0.3189999999999999503 ) ) ;
#1714 = STYLED_ITEM ( 'NONE', ( #676 ), #1225 ) ;
#1715 = DIRECTION ( 'NONE',  ( 1.224646799147353207E-16, 1.000000000000000000, 0.0000000000000000000 ) ) ;
#1716 = DIRECTION ( 'NONE',  ( -0.0000000000000000000, -0.0000000000000000000, -1.000000000000000000 ) ) ;
#1717 = AXIS2_PLACEMENT_3D ( 'NONE', #1067, #2524, #3994 ) ;
#1718 = CARTESIAN_POINT ( 'NONE',  ( 0.1272137969952152614, 0.7577899540592326622, -0.3200000000000000622 ) ) ;
#1719 = DIRECTION ( 'NONE',  ( 1.000000000000000000, 0.0000000000000000000, -0.0000000000000000000 ) ) ;
#1720 = CARTESIAN_POINT ( 'NONE',  ( 0.1133021403599688975, 0.7348623841840782323, -0.3200000000000000067 ) ) ;
#1721 = ORIENTED_EDGE ( 'NONE', *, *, #3893, .T. ) ;
#1722 = ORIENTED_EDGE ( 'NONE', *, *, #852, .T. ) ;
#1723 = FILL_AREA_STYLE ('',( #2435 ) ) ;
#1724 = SURFACE_STYLE_FILL_AREA ( #1659 ) ;
#1725 =( LENGTH_UNIT ( ) NAMED_UNIT ( * ) SI_UNIT ( .MILLI., .METRE. ) );
#1726 =( LENGTH_UNIT ( ) NAMED_UNIT ( * ) SI_UNIT ( .MILLI., .METRE. ) );
#1727 = CARTESIAN_POINT ( 'NONE',  ( 0.07327119021512669417, 0.6975001383412887668, -0.3189999999999999503 ) ) ;
#1728 = CARTESIAN_POINT ( 'NONE',  ( 0.07704829835881529809, 0.7885994073195344845, -0.3199999999999999512 ) ) ;
#1729 = VERTEX_POINT ( 'NONE', #816 ) ;
#1730 = UNCERTAINTY_MEASURE_WITH_UNIT (LENGTH_MEASURE( 1.000000000000000082E-05 ), #1253, 'distance_accuracy_value', 'NONE');
#1731 = EDGE_LOOP ( 'NONE', ( #4263, #251, #2743, #997 ) ) ;
#1732 = STYLED_ITEM ( 'NONE', ( #3298 ), #1632 ) ;
#1733 = CARTESIAN_POINT ( 'NONE',  ( -0.4999999999999997780, -0.4999999999999996669, -0.5599999999999999423 ) ) ;
#1734 = ORIENTED_EDGE ( 'NONE', *, *, #923, .T. ) ;
#1735 = SURFACE_STYLE_USAGE ( .BOTH. , #4632 ) ;
#1736 = MECHANICAL_DESIGN_GEOMETRIC_PRESENTATION_REPRESENTATION (  '', ( #1113 ), #4022 ) ;
#1737 = CARTESIAN_POINT ( 'NONE',  ( -0.06721618334850178178, 0.7873798951244125321, -0.3199999999999999512 ) ) ;
#1738 = PRESENTATION_STYLE_ASSIGNMENT (( #1001 ) ) ;
#1739 = DIRECTION ( 'NONE',  ( 0.0000000000000000000, -0.0000000000000000000, -1.000000000000000000 ) ) ;
#1740 = UNCERTAINTY_MEASURE_WITH_UNIT (LENGTH_MEASURE( 1.000000000000000082E-05 ), #1796, 'distance_accuracy_value', 'NONE');
#1741 =( NAMED_UNIT ( * ) SI_UNIT ( $, .STERADIAN. ) SOLID_ANGLE_UNIT ( ) );
#1742 = CIRCLE ( 'NONE', #2795, 0.05737839342913157725 ) ;
#1743 = STYLED_ITEM ( 'NONE', ( #39 ), #4396 ) ;
#1744 = CARTESIAN_POINT ( 'NONE',  ( 0.09736456186057892981, 0.7960246476620810308, -0.3189999999999999503 ) ) ;
#1745 =( NAMED_UNIT ( * ) SI_UNIT ( $, .STERADIAN. ) SOLID_ANGLE_UNIT ( ) );
#1746 = LINE ( 'NONE', #2474, #4035 ) ;
#1747 = DIRECTION ( 'NONE',  ( 0.0000000000000000000, 1.000000000000000000, -4.266884237444730878E-13 ) ) ;
#1748 = EDGE_CURVE ( 'NONE', #4081, #3196, #2657, .T. ) ;
#1749 = ORIENTED_EDGE ( 'NONE', *, *, #3745, .F. ) ;
#1750 = CARTESIAN_POINT ( 'NONE',  ( 0.06955904929159185957, 0.6979821586799648259, -0.3199999999999997291 ) ) ;
#1751 = SURFACE_STYLE_FILL_AREA ( #256 ) ;
#1752 = CARTESIAN_POINT ( 'NONE',  ( -0.08262680944035902253, 0.7002173479173865456, -0.3199999999999998956 ) ) ;
#1753 = DIRECTION ( 'NONE',  ( 0.0000000000000000000, 1.000000000000000000, 0.0000000000000000000 ) ) ;
#1754 = CARTESIAN_POINT ( 'NONE',  ( 0.1743615605539372837, 0.7983555048805102139, -0.3189999999999999503 ) ) ;
#1755 = VERTEX_POINT ( 'NONE', #1547 ) ;
#1756 = CARTESIAN_POINT ( 'NONE',  ( 0.1877761947002787590, 0.7983555048805102139, -0.3189999999999999503 ) ) ;
#1757 = ORIENTED_EDGE ( 'NONE', *, *, #3128, .F. ) ;
#1758 = CARTESIAN_POINT ( 'NONE',  ( -0.1046931279547829857, 0.7122888121920865068, -0.3189999999999997837 ) ) ;
#1759 = EDGE_CURVE ( 'NONE', #1988, #1330, #4104, .T. ) ;
#1760 = SURFACE_STYLE_FILL_AREA ( #2154 ) ;
#1761 = CARTESIAN_POINT ( 'NONE',  ( 0.09123500894750262435, 0.6978872765363279829, -0.3199999999999997846 ) ) ;
#1762 = CARTESIAN_POINT ( 'NONE',  ( 0.07327119021512669417, 0.6975001383412887668, -0.3189999999999999503 ) ) ;
#1763 = EDGE_CURVE ( 'NONE', #3483, #127, #869, .T. ) ;
#1764 = VECTOR ( 'NONE', #628, 1000.000000000000000 ) ;
#1765 =( NAMED_UNIT ( * ) SI_UNIT ( $, .STERADIAN. ) SOLID_ANGLE_UNIT ( ) );
#1766 = CARTESIAN_POINT ( 'NONE',  ( 0.05362985323686408207, 0.7956116024414856547, -0.3189999999999999503 ) ) ;
#1767 =( NAMED_UNIT ( * ) PLANE_ANGLE_UNIT ( ) SI_UNIT ( $, .RADIAN. ) );
#1768 = AXIS2_PLACEMENT_3D ( 'NONE', #3979, #292, #1466 ) ;
#1769 = ORIENTED_EDGE ( 'NONE', *, *, #486, .F. ) ;
#1770 = DIRECTION ( 'NONE',  ( -0.0000000000000000000, 0.0000000000000000000, -1.000000000000000000 ) ) ;
#1771 = LINE ( 'NONE', #181, #4667 ) ;
#1772 = DIRECTION ( 'NONE',  ( -1.000000000000000000, 0.0000000000000000000, -0.0000000000000000000 ) ) ;
#1773 = LINE ( 'NONE', #2460, #2031 ) ;
#1774 = CARTESIAN_POINT ( 'NONE',  ( 0.07040015078305911223, 0.7993463716990236723, -0.3199999999999998401 ) ) ;
#1775 = PLANE ( 'NONE',  #3954 ) ;
#1776 = SPHERICAL_SURFACE ( 'NONE', #4582, 0.1599999999999999756 ) ;
#1777 = ORIENTED_EDGE ( 'NONE', *, *, #1139, .F. ) ;
#1778 = CARTESIAN_POINT ( 'NONE',  ( -0.1646628296899652066, 0.7983555048805102139, -0.3199999999999999512 ) ) ;
#1779 = CARTESIAN_POINT ( 'NONE',  ( -0.06624438456801395869, 0.6983555048805101251, -0.3189999999999999503 ) ) ;
#1780 = CARTESIAN_POINT ( 'NONE',  ( -0.1061262443241115100, 0.7493273036609979787, -0.3199999999999999512 ) ) ;
#1781 = VECTOR ( 'NONE', #10, 1000.000000000000000 ) ;
#1782 = EDGE_LOOP ( 'NONE', ( #2623, #3798, #2887, #1591 ) ) ;
#1783 = CARTESIAN_POINT ( 'NONE',  ( 0.1877761947002787590, 0.6983555048805101251, -0.3199999999999999512 ) ) ;
#1784 = CARTESIAN_POINT ( 'NONE',  ( 0.1146054629929616486, 0.7472884317097784335, -0.3189999999999999503 ) ) ;
#1785 = EDGE_CURVE ( 'NONE', #4301, #3252, #2231, .T. ) ;
#1786 = EDGE_CURVE ( 'NONE', #1340, #1493, #421, .T. ) ;
#1787 = FILL_AREA_STYLE ('',( #726 ) ) ;
#1788 = FACE_BOUND ( 'NONE', #1411, .T. ) ;
#1789 = EDGE_CURVE ( 'NONE', #2270, #2132, #155, .T. ) ;
#1790 = VECTOR ( 'NONE', #3539, 1000.000000000000000 ) ;
#1791 = ORIENTED_EDGE ( 'NONE', *, *, #2169, .F. ) ;
#1792 = CARTESIAN_POINT ( 'NONE',  ( -0.01466282968996519831, 0.7544530658561199310, -0.3189999999999999503 ) ) ;
#1793 =( NAMED_UNIT ( * ) PLANE_ANGLE_UNIT ( ) SI_UNIT ( $, .RADIAN. ) );
#1794 = CARTESIAN_POINT ( 'NONE',  ( -0.1021184399879746241, 0.7289367810425625427, -0.3199999999999999512 ) ) ;
#1795 = FACE_OUTER_BOUND ( 'NONE', #4672, .T. ) ;
#1796 =( LENGTH_UNIT ( ) NAMED_UNIT ( * ) SI_UNIT ( .MILLI., .METRE. ) );
#1797 = CARTESIAN_POINT ( 'NONE',  ( -0.8249999999999999556, -0.9350000000000001643, -3.173872490726019624 ) ) ;
#1798 = SURFACE_SIDE_STYLE ('',( #2912 ) ) ;
#1799 = ORIENTED_EDGE ( 'NONE', *, *, #14, .F. ) ;
#1800 = CARTESIAN_POINT ( 'NONE',  ( -0.1047035491628230813, 0.7621834783457861473, -0.3200000000000000067 ) ) ;
#1801 = CARTESIAN_POINT ( 'NONE',  ( 0.1249234490930584279, 0.7263964153272444157, -0.3200000000000001177 ) ) ;
#1802 = CARTESIAN_POINT ( 'NONE',  ( 0.1140283441966910283, 0.7562345586997931690, -0.3190000000000000058 ) ) ;
#1803 = PRESENTATION_LAYER_ASSIGNMENT (  '', '', ( #3707 ) ) ;
#1804 = DIRECTION ( 'NONE',  ( 1.000000000000000000, 0.0000000000000000000, 0.0000000000000000000 ) ) ;
#1805 = AXIS2_PLACEMENT_3D ( 'NONE', #4114, #1505, #46 ) ;
#1806 = CARTESIAN_POINT ( 'NONE',  ( 0.06777157631829339168, 0.7877461364843519886, -0.3189999999999999503 ) ) ;
#1807 = LINE ( 'NONE', #4371, #2179 ) ;
#1808 = STYLED_ITEM ( 'NONE', ( #1287 ), #4411 ) ;
#1809 = CARTESIAN_POINT ( 'NONE',  ( -0.1001594319094148144, 0.7725000398643500077, -0.3189999999999999503 ) ) ;
#1810 = UNCERTAINTY_MEASURE_WITH_UNIT (LENGTH_MEASURE( 1.000000000000000082E-05 ), #2093, 'distance_accuracy_value', 'NONE');
#1811 = AXIS2_PLACEMENT_3D ( 'NONE', #2197, #379, #2568 ) ;
#1812 = EDGE_LOOP ( 'NONE', ( #438, #1443, #3520, #3378 ) ) ;
#1813 = CARTESIAN_POINT ( 'NONE',  ( -0.2171018540802091001, 0.6983555048805101251, -0.3189999999999999503 ) ) ;
#1814 = ORIENTED_EDGE ( 'NONE', *, *, #4768, .F. ) ;
#1815 = PRESENTATION_STYLE_ASSIGNMENT (( #2145 ) ) ;
#1816 = SURFACE_SIDE_STYLE ('',( #1483 ) ) ;
#1817 =( GEOMETRIC_REPRESENTATION_CONTEXT ( 3 ) GLOBAL_UNCERTAINTY_ASSIGNED_CONTEXT ( ( #4335 ) ) GLOBAL_UNIT_ASSIGNED_CONTEXT ( ( #1009, #1452, #2883 ) ) REPRESENTATION_CONTEXT ( 'NONE', 'WORKASPACE' ) );
#1818 = DIRECTION ( 'NONE',  ( 1.000000000000000000, 0.0000000000000000000, 0.0000000000000000000 ) ) ;
#1819 = VERTEX_POINT ( 'NONE', #4054 ) ;
#1820 =( NAMED_UNIT ( * ) SI_UNIT ( $, .STERADIAN. ) SOLID_ANGLE_UNIT ( ) );
#1821 = MECHANICAL_DESIGN_GEOMETRIC_PRESENTATION_REPRESENTATION (  '', ( #3206 ), #4758 ) ;
#1822 = CARTESIAN_POINT ( 'NONE',  ( -0.09544475036136794432, 0.7778834687806426285, -0.3199999999999998956 ) ) ;
#1823 = SURFACE_STYLE_USAGE ( .BOTH. , #723 ) ;
#1824 = CARTESIAN_POINT ( 'NONE',  ( 0.02070302396857141153, 0.7434774561000223603, -0.3199999999999999512 ) ) ;
#1825 = ADVANCED_FACE ( 'NONE', ( #4440 ), #3368, .F. ) ;
#1826 = STYLED_ITEM ( 'NONE', ( #3284 ), #546 ) ;
#1827 = COLOUR_RGB ( '',1.000000000000000000, 1.000000000000000000, 1.000000000000000000 ) ;
#1828 = DIRECTION ( 'NONE',  ( 1.000000000000000000, 0.0000000000000000000, 0.0000000000000000000 ) ) ;
#1829 = CARTESIAN_POINT ( 'NONE',  ( 0.06480870681887501705, 0.7870280198422273665, -0.3199999999999998956 ) ) ;
#1830 = DIRECTION ( 'NONE',  ( -0.0000000000000000000, -0.0000000000000000000, 1.000000000000000000 ) ) ;
#1831 = AXIS2_PLACEMENT_3D ( 'NONE', #139, #1974, #2652 ) ;
#1832 = ORIENTED_EDGE ( 'NONE', *, *, #2622, .T. ) ;
#1833 = AXIS2_PLACEMENT_3D ( 'NONE', #364, #2881, #4367 ) ;
#1834 = LINE ( 'NONE', #2929, #4409 ) ;
#1835 = VECTOR ( 'NONE', #2573, 1000.000000000000000 ) ;
#1836 = ORIENTED_EDGE ( 'NONE', *, *, #2368, .T. ) ;
#1837 = MECHANICAL_DESIGN_GEOMETRIC_PRESENTATION_REPRESENTATION (  '', ( #3678 ), #537 ) ;
#1838 = ADVANCED_FACE ( 'NONE', ( #553 ), #4610, .T. ) ;
#1839 = ORIENTED_EDGE ( 'NONE', *, *, #1410, .F. ) ;
#1840 = CARTESIAN_POINT ( 'NONE',  ( -0.09817805238565391335, 0.7225774671576368213, -0.3199999999999999512 ) ) ;
#1841 = CARTESIAN_POINT ( 'NONE',  ( -0.8250000000000001776, 0.9349999999999999423, 0.0000000000000000000 ) ) ;
#1842 = CARTESIAN_POINT ( 'NONE',  ( 0.1145776810079489755, 0.7458263111402013701, -0.3190000000000000058 ) ) ;
#1843 = DIRECTION ( 'NONE',  ( 0.0000000000000000000, -1.000000000000000000, 0.0000000000000000000 ) ) ;
#1844 = ADVANCED_FACE ( 'NONE', ( #576 ), #3511, .T. ) ;
#1845 = ORIENTED_EDGE ( 'NONE', *, *, #2890, .T. ) ;
#1846 = CARTESIAN_POINT ( 'NONE',  ( 1.084202172485504434E-16, -0.4999999999999998890, -0.3999999999999999667 ) ) ;
#1847 = DIRECTION ( 'NONE',  ( 0.0000000000000000000, -0.0000000000000000000, 1.000000000000000000 ) ) ;
#1848 = LINE ( 'NONE', #3017, #3667 ) ;
#1849 =( LENGTH_UNIT ( ) NAMED_UNIT ( * ) SI_UNIT ( .MILLI., .METRE. ) );
#1850 = SURFACE_SIDE_STYLE ('',( #3674 ) ) ;
#1851 = SURFACE_STYLE_USAGE ( .BOTH. , #366 ) ;
#1852 = CARTESIAN_POINT ( 'NONE',  ( -0.06721618334850178178, 0.7873798951244125321, -0.3199999999999999512 ) ) ;
#1853 = FILL_AREA_STYLE ('',( #818 ) ) ;
#1854 = DIRECTION ( 'NONE',  ( 0.3363908276654493101, -0.9417224702971433992, 0.0000000000000000000 ) ) ;
#1855 = CARTESIAN_POINT ( 'NONE',  ( 0.5000000000000001110, -0.4999999999999998890, -0.3999999999999999667 ) ) ;
#1856 = PRESENTATION_STYLE_ASSIGNMENT (( #1170 ) ) ;
#1857 =( NAMED_UNIT ( * ) PLANE_ANGLE_UNIT ( ) SI_UNIT ( $, .RADIAN. ) );
#1858 = DIRECTION ( 'NONE',  ( 1.000000000000000000, 0.0000000000000000000, 0.0000000000000000000 ) ) ;
#1859 = PRESENTATION_STYLE_ASSIGNMENT (( #3453 ) ) ;
#1860 = DIRECTION ( 'NONE',  ( 0.0000000000000000000, 0.0000000000000000000, 1.000000000000000000 ) ) ;
#1861 = CARTESIAN_POINT ( 'NONE',  ( -0.01710185408020908904, 0.7983555048805102139, -0.3199999999999999512 ) ) ;
#1862 = EDGE_CURVE ( 'NONE', #4175, #116, #3834, .T. ) ;
#1863 = DIRECTION ( 'NONE',  ( 0.0000000000000000000, -0.0000000000000000000, -1.000000000000000000 ) ) ;
#1864 = LINE ( 'NONE', #2505, #4811 ) ;
#1865 = ORIENTED_EDGE ( 'NONE', *, *, #3546, .F. ) ;
#1866 = DIRECTION ( 'NONE',  ( 0.0000000000000000000, 1.000000000000000000, 0.0000000000000000000 ) ) ;
#1867 = FILL_AREA_STYLE_COLOUR ( '', #282 ) ;
#1868 = CARTESIAN_POINT ( 'NONE',  ( 0.06190095966338304834, 0.7861387197592589748, -0.3189999999999999503 ) ) ;
#1869 = CARTESIAN_POINT ( 'NONE',  ( 0.1060467834612810051, 0.7914298471321078443, -0.3199999999999998401 ) ) ;
#1870 = CARTESIAN_POINT ( 'NONE',  ( -0.1035226680954420553, 0.7659133530266833967, -0.3199999999999998401 ) ) ;
#1871 = CARTESIAN_POINT ( 'NONE',  ( -0.1720163346172542129, 0.7820298283687262542, -0.3190000000000000058 ) ) ;
#1872 =( NAMED_UNIT ( * ) SI_UNIT ( $, .STERADIAN. ) SOLID_ANGLE_UNIT ( ) );
#1873 = AXIS2_PLACEMENT_3D ( 'NONE', #3692, #2158, #2537 ) ;
#1874 = AXIS2_PLACEMENT_3D ( 'NONE', #4394, #1165, #4058 ) ;
#1875 = FILL_AREA_STYLE ('',( #2261 ) ) ;
#1876 = APPLICATION_PROTOCOL_DEFINITION ( 'draft international standard', 'automotive_design', 1998, #4744 ) ;
#1877 = FACE_OUTER_BOUND ( 'NONE', #959, .T. ) ;
#1878 = MECHANICAL_DESIGN_GEOMETRIC_PRESENTATION_REPRESENTATION (  '', ( #252 ), #1510 ) ;
#1879 = ADVANCED_FACE ( 'NONE', ( #4633 ), #2917, .T. ) ;
#1880 = ORIENTED_EDGE ( 'NONE', *, *, #1759, .F. ) ;
#1881 = PRESENTATION_LAYER_ASSIGNMENT (  '', '', ( #1116 ) ) ;
#1882 = ORIENTED_EDGE ( 'NONE', *, *, #1320, .T. ) ;
#1883 = CARTESIAN_POINT ( 'NONE',  ( -0.1195009616810756153, 0.7514258234888281374, -0.3189999999999999503 ) ) ;
#1884 =( NAMED_UNIT ( * ) PLANE_ANGLE_UNIT ( ) SI_UNIT ( $, .RADIAN. ) );
#1885 = CARTESIAN_POINT ( 'NONE',  ( 0.5000000000000001110, 1.084202172485504434E-16, -0.3199999999999999512 ) ) ;
#1886 = ORIENTED_EDGE ( 'NONE', *, *, #1703, .F. ) ;
#1887 =( NAMED_UNIT ( * ) PLANE_ANGLE_UNIT ( ) SI_UNIT ( $, .RADIAN. ) );
#1888 = EDGE_LOOP ( 'NONE', ( #1099, #4512, #2244 ) ) ;
#1889 = VECTOR ( 'NONE', #2999, 1000.000000000000000 ) ;
#1890 = CARTESIAN_POINT ( 'NONE',  ( -0.1708152763207683444, 0.7854482937004685361, -0.3189999999999999503 ) ) ;
#1891 = DIRECTION ( 'NONE',  ( 0.0000000000000000000, 1.000000000000000000, 0.0000000000000000000 ) ) ;
#1892 = CARTESIAN_POINT ( 'NONE',  ( 0.1280200971393031240, 0.7464690719536809516, -0.3199999999999999512 ) ) ;
#1893 = SURFACE_STYLE_USAGE ( .BOTH. , #4131 ) ;
#1894 = CARTESIAN_POINT ( 'NONE',  ( 0.1066617270212767560, 0.7745657046524389022, -0.3200000000000000067 ) ) ;
#1895 = ADVANCED_FACE ( 'NONE', ( #3446 ), #2107, .T. ) ;
#1896 = SPHERICAL_SURFACE ( 'NONE', #4154, 0.1599999999999999756 ) ;
#1897 = CARTESIAN_POINT ( 'NONE',  ( 0.08251189653656895717, 0.7994505569364501740, -0.3200000000000000622 ) ) ;
#1898 = CARTESIAN_POINT ( 'NONE',  ( -0.06721618334850178178, 0.7873798951244125321, -0.3189999999999999503 ) ) ;
#1899 = DIRECTION ( 'NONE',  ( -0.0000000000000000000, -0.0000000000000000000, -1.000000000000000000 ) ) ;
#1900 = SURFACE_STYLE_FILL_AREA ( #3715 ) ;
#1901 = EDGE_CURVE ( 'NONE', #4314, #2609, #3100, .T. ) ;
#1902 = B_SPLINE_CURVE_WITH_KNOTS ( 'NONE', 3,
 ( #2144, #616, #2816, #3282, #4353, #3998, #3238, #3553, #968, #4282, #2792, #4746, #4332, #308, #3212, #1017, #2438, #4701, #1043 ),
 .UNSPECIFIED., .F., .F.,
 ( 4, 1, 1, 1, 1, 1, 1, 1, 1, 1, 1, 1, 1, 1, 1, 1, 4 ),
 ( 0.0000000000000000000, 0.06863117867660104010, 0.1345664660386768630, 0.1983281540108809970, 0.2607897666408450221, 0.3219991514841584745, 0.3827217465030195442, 0.4435374740357291845, 0.5051334294849250117, 0.5662138747646717762, 0.6261058646175461373, 0.6853493221605171382, 0.7449958703477970179, 0.8054158418145624942, 0.8676362663459531444, 0.9323077823023293575, 1.000000000000000000 ),
 .UNSPECIFIED. ) ;
#1903 = UNCERTAINTY_MEASURE_WITH_UNIT (LENGTH_MEASURE( 1.000000000000000082E-05 ), #2199, 'distance_accuracy_value', 'NONE');
#1904 = UNCERTAINTY_MEASURE_WITH_UNIT (LENGTH_MEASURE( 1.000000000000000082E-05 ), #4477, 'distance_accuracy_value', 'NONE');
#1905 = CARTESIAN_POINT ( 'NONE',  ( -0.1055341476674345608, 0.7581547808322036675, -0.3189999999999999503 ) ) ;
#1906 = ORIENTED_EDGE ( 'NONE', *, *, #1263, .F. ) ;
#1907 = AXIS2_PLACEMENT_3D ( 'NONE', #3332, #4410, #362 ) ;
#1908 = FILL_AREA_STYLE ('',( #428 ) ) ;
#1909 = CARTESIAN_POINT ( 'NONE',  ( -0.1055509186280244038, 0.7404440223094466145, -0.3200000000000000067 ) ) ;
#1910 = AXIS2_PLACEMENT_3D ( 'NONE', #844, #3365, #3021 ) ;
#1911 =( NAMED_UNIT ( * ) SI_UNIT ( $, .STERADIAN. ) SOLID_ANGLE_UNIT ( ) );
#1912 = CARTESIAN_POINT ( 'NONE',  ( 0.1091855010627294925, 0.7244248463730988963, -0.3189999999999999503 ) ) ;
#1913 = DIRECTION ( 'NONE',  ( -1.000000000000000000, 0.0000000000000000000, 0.0000000000000000000 ) ) ;
#1914 =( GEOMETRIC_REPRESENTATION_CONTEXT ( 3 ) GLOBAL_UNCERTAINTY_ASSIGNED_CONTEXT ( ( #4110 ) ) GLOBAL_UNIT_ASSIGNED_CONTEXT ( ( #2228, #3248, #1426 ) ) REPRESENTATION_CONTEXT ( 'NONE', 'WORKASPACE' ) );
#1915 = STYLED_ITEM ( 'NONE', ( #4048 ), #1929 ) ;
#1916 = EDGE_LOOP ( 'NONE', ( #891, #1304, #2885 ) ) ;
#1917 = LINE ( 'NONE', #1224, #3748 ) ;
#1918 = DIRECTION ( 'NONE',  ( 1.000000000000000000, 0.0000000000000000000, 0.0000000000000000000 ) ) ;
#1919 = CARTESIAN_POINT ( 'NONE',  ( 0.07716262762710800194, 0.7995750170756320552, -0.3199999999999999512 ) ) ;
#1920 =( NAMED_UNIT ( * ) SI_UNIT ( $, .STERADIAN. ) SOLID_ANGLE_UNIT ( ) );
#1921 = CARTESIAN_POINT ( 'NONE',  ( -0.06666359188508712286, 0.7093311146366076958, -0.3189999999999999503 ) ) ;
#1922 = PRODUCT ( 'WLCSP-9_L1.7-W1.7-R3-C3-P0.50-TL', 'WLCSP-9_L1.7-W1.7-R3-C3-P0.50-TL', '', ( #1194 ) ) ;
#1923 = ORIENTED_EDGE ( 'NONE', *, *, #3956, .F. ) ;
#1924 = SURFACE_STYLE_USAGE ( .BOTH. , #4507 ) ;
#1925 = CARTESIAN_POINT ( 'NONE',  ( 0.07599308538787305500, 0.7885834532599006463, -0.3200000000000000067 ) ) ;
#1926 = DIRECTION ( 'NONE',  ( -0.0000000000000000000, -0.0000000000000000000, -1.000000000000000000 ) ) ;
#1927 = CARTESIAN_POINT ( 'NONE',  ( -0.1001594319094148144, 0.7725000398643500077, -0.3189999999999999503 ) ) ;
#1928 = LINE ( 'NONE', #4416, #3590 ) ;
#1929 = ADVANCED_FACE ( 'NONE', ( #2082 ), #1054, .T. ) ;
#1930 = EDGE_CURVE ( 'NONE', #4775, #1178, #4459, .T. ) ;
#1931 = CARTESIAN_POINT ( 'NONE',  ( 0.05639545737323976154, 0.7129563226883298688, -0.3189999999999999503 ) ) ;
#1932 = CARTESIAN_POINT ( 'NONE',  ( 0.8249999999999999556, -0.9350000000000001643, -0.3199999999999999512 ) ) ;
#1933 = EDGE_LOOP ( 'NONE', ( #1248, #1814, #3945, #1722 ) ) ;
#1934 = EDGE_CURVE ( 'NONE', #1540, #1729, #4096, .T. ) ;
#1935 = LINE ( 'NONE', #2711, #1978 ) ;
#1936 =( GEOMETRIC_REPRESENTATION_CONTEXT ( 3 ) GLOBAL_UNCERTAINTY_ASSIGNED_CONTEXT ( ( #3399 ) ) GLOBAL_UNIT_ASSIGNED_CONTEXT ( ( #664, #2499, #2143 ) ) REPRESENTATION_CONTEXT ( 'NONE', 'WORKASPACE' ) );
#1937 =( LENGTH_UNIT ( ) NAMED_UNIT ( * ) SI_UNIT ( .MILLI., .METRE. ) );
#1938 = ORIENTED_EDGE ( 'NONE', *, *, #2188, .T. ) ;
#1939 = COLOUR_RGB ( '',0.0000000000000000000, 0.0000000000000000000, 0.0000000000000000000 ) ;
#1940 = LINE ( 'NONE', #1841, #3123 ) ;
#1941 = DIRECTION ( 'NONE',  ( 0.0000000000000000000, -1.000000000000000000, 0.0000000000000000000 ) ) ;
#1942 = FACE_OUTER_BOUND ( 'NONE', #4499, .T. ) ;
#1943 = ORIENTED_EDGE ( 'NONE', *, *, #3745, .T. ) ;
#1944 = CARTESIAN_POINT ( 'NONE',  ( 1.084202172485504434E-16, 2.168404344971008868E-16, -0.3999999999999999667 ) ) ;
#1945 = VERTEX_POINT ( 'NONE', #4799 ) ;
#1946 = FILL_AREA_STYLE ('',( #2575 ) ) ;
#1947 = FACE_OUTER_BOUND ( 'NONE', #4165, .T. ) ;
#1948 = CARTESIAN_POINT ( 'NONE',  ( 0.06235762851717500249, 0.7105626077389344264, -0.3189999999999998948 ) ) ;
#1949 =( NAMED_UNIT ( * ) SI_UNIT ( $, .STERADIAN. ) SOLID_ANGLE_UNIT ( ) );
#1950 = CARTESIAN_POINT ( 'NONE',  ( 0.1120724778693037854, 0.7642981525533129039, -0.3190000000000000058 ) ) ;
#1951 = CARTESIAN_POINT ( 'NONE',  ( 0.08770582634900540853, 0.7987457640973194550, -0.3199999999999998956 ) ) ;
#1952 = CARTESIAN_POINT ( 'NONE',  ( 0.1049054093076751265, 0.7186546252849708161, -0.3199999999999998956 ) ) ;
#1953 = CARTESIAN_POINT ( 'NONE',  ( 0.1279276798474859866, 0.7411107457183017111, -0.3199999999999999512 ) ) ;
#1954 = CARTESIAN_POINT ( 'NONE',  ( 0.1003490162492396143, 0.7004444354571960352, -0.3189999999999998392 ) ) ;
#1955 = ORIENTED_EDGE ( 'NONE', *, *, #3595, .T. ) ;
#1956 = SURFACE_SIDE_STYLE ('',( #480 ) ) ;
#1957 = SURFACE_SIDE_STYLE ('',( #3400 ) ) ;
#1958 = ORIENTED_EDGE ( 'NONE', *, *, #1074, .F. ) ;
#1959 = MECHANICAL_DESIGN_GEOMETRIC_PRESENTATION_REPRESENTATION (  '', ( #3105 ), #4738 ) ;
#1960 = CARTESIAN_POINT ( 'NONE',  ( 0.06132793098811421123, 0.7980730627144273504, -0.3199999999999999512 ) ) ;
#1961 = CARTESIAN_POINT ( 'NONE',  ( -0.09817805238565391335, 0.7225774671576368213, -0.3199999999999999512 ) ) ;
#1962 = VERTEX_POINT ( 'NONE', #4453 ) ;
#1963 = EDGE_LOOP ( 'NONE', ( #25, #1906, #2104, #935 ) ) ;
#1964 = AXIS2_PLACEMENT_3D ( 'NONE', #1359, #3918, #3249 ) ;
#1965 = MECHANICAL_DESIGN_GEOMETRIC_PRESENTATION_REPRESENTATION (  '', ( #2256 ), #4427 ) ;
#1966 = CARTESIAN_POINT ( 'NONE',  ( 0.1245111427209389110, 0.7680524428726963615, -0.3189999999999998948 ) ) ;
#1967 = AXIS2_PLACEMENT_3D ( 'NONE', #3581, #2772, #3215 ) ;
#1968 = VECTOR ( 'NONE', #665, 1000.000000000000000 ) ;
#1969 = VERTEX_POINT ( 'NONE', #442 ) ;
#1970 = CARTESIAN_POINT ( 'NONE',  ( -0.1414920979826481406, 0.6983555048805101251, -0.3189999999999999503 ) ) ;
#1971 = EDGE_LOOP ( 'NONE', ( #2602, #2648, #1351, #2821 ) ) ;
#1972 = CARTESIAN_POINT ( 'NONE',  ( -0.5898099180248681517, 0.6498565917493318578, 0.03900000000000000688 ) ) ;
#1973 = CARTESIAN_POINT ( 'NONE',  ( 0.05451789179963997117, 0.7827129855942922543, -0.3200000000000000067 ) ) ;
#1974 = DIRECTION ( 'NONE',  ( 0.9466707760722533616, 0.3222024856061130316, -0.0000000000000000000 ) ) ;
#1975 = PLANE ( 'NONE',  #2174 ) ;
#1976 = VERTEX_POINT ( 'NONE', #4432 ) ;
#1977 = CARTESIAN_POINT ( 'NONE',  ( 0.1140283441966910283, 0.7562345586997931690, -0.3190000000000000058 ) ) ;
#1978 = VECTOR ( 'NONE', #200, 1000.000000000000000 ) ;
#1979 = DIRECTION ( 'NONE',  ( -0.0000000000000000000, -0.0000000000000000000, -1.000000000000000000 ) ) ;
#1980 =( NAMED_UNIT ( * ) PLANE_ANGLE_UNIT ( ) SI_UNIT ( $, .RADIAN. ) );
#1981 = CARTESIAN_POINT ( 'NONE',  ( 0.09028728669164641507, 0.7095294087511759829, -0.3190000000000000058 ) ) ;
#1982 = ADVANCED_FACE ( 'NONE', ( #838 ), #4546, .T. ) ;
#1983 = CARTESIAN_POINT ( 'NONE',  ( 0.1280200971393031240, 0.7464690719536809516, -0.3199999999999998956 ) ) ;
#1984 = CARTESIAN_POINT ( 'NONE',  ( 0.05456819231436299544, 0.7030205067427891530, -0.3189999999999999503 ) ) ;
#1985 = ORIENTED_EDGE ( 'NONE', *, *, #2345, .F. ) ;
#1986 = VERTEX_POINT ( 'NONE', #4478 ) ;
#1987 =( NAMED_UNIT ( * ) SI_UNIT ( $, .STERADIAN. ) SOLID_ANGLE_UNIT ( ) );
#1988 = VERTEX_POINT ( 'NONE', #1489 ) ;
#1989 = SURFACE_STYLE_USAGE ( .BOTH. , #47 ) ;
#1990 = VECTOR ( 'NONE', #2615, 1000.000000000000000 ) ;
#1991 = CARTESIAN_POINT ( 'NONE',  ( 0.07808923191199575176, 0.7081274564962278806, -0.3199999999999999512 ) ) ;
#1992 = MECHANICAL_DESIGN_GEOMETRIC_PRESENTATION_REPRESENTATION (  '', ( #1379 ), #1532 ) ;
#1993 = ADVANCED_FACE ( 'NONE', ( #3044 ), #4023, .F. ) ;
#1994 = CARTESIAN_POINT ( 'NONE',  ( -0.06727334798264814064, 0.7983555048805102139, -0.3189999999999999503 ) ) ;
#1995 = EDGE_CURVE ( 'NONE', #81, #3147, #3089, .T. ) ;
#1996 = SURFACE_SIDE_STYLE ('',( #4152 ) ) ;
#1998 = VECTOR ( 'NONE', #1918, 1000.000000000000000 ) ;
#1997 = DIRECTION ( 'NONE',  ( 0.0000000000000000000, -1.000000000000000000, 0.0000000000000000000 ) ) ;
#1999 = CIRCLE ( 'NONE', #1231, 0.1599999999999999756 ) ;
#2000 =( GEOMETRIC_REPRESENTATION_CONTEXT ( 3 ) GLOBAL_UNCERTAINTY_ASSIGNED_CONTEXT ( ( #2286 ) ) GLOBAL_UNIT_ASSIGNED_CONTEXT ( ( #1599, #4462, #4074 ) ) REPRESENTATION_CONTEXT ( 'NONE', 'WORKASPACE' ) );
#2001 =( NAMED_UNIT ( * ) SI_UNIT ( $, .STERADIAN. ) SOLID_ANGLE_UNIT ( ) );
#2002 = CARTESIAN_POINT ( 'NONE',  ( 0.1153414488895891654, 0.7106117399079157071, -0.3190000000000000058 ) ) ;
#2003 = CARTESIAN_POINT ( 'NONE',  ( -0.08784535237405158292, 0.7951221534359619314, -0.3200000000000000067 ) ) ;
#2004 = SPHERICAL_SURFACE ( 'NONE', #3437, 0.1599999999999999756 ) ;
#2005 = CARTESIAN_POINT ( 'NONE',  ( -0.07942508406531968712, 0.7107420646921885909, -0.3199999999999998956 ) ) ;
#2006 = CARTESIAN_POINT ( 'NONE',  ( -0.07539339755113406982, 0.7099318052405426682, -0.3190000000000000613 ) ) ;
#2007 = CARTESIAN_POINT ( 'NONE',  ( -0.06624438456801395869, 0.6983555048805101251, -0.3200000000000001177 ) ) ;
#2008 = EDGE_CURVE ( 'NONE', #2265, #4122, #3484, .T. ) ;
#2009 = CARTESIAN_POINT ( 'NONE',  ( -0.1194213261904847889, 0.7440220469519136515, -0.3199999999999999512 ) ) ;
#2010 = FILL_AREA_STYLE_COLOUR ( '', #2809 ) ;
#2011 = CARTESIAN_POINT ( 'NONE',  ( -0.1713944870950825927, 0.7853916455321912071, -0.3189999999999999503 ) ) ;
#2012 = PRESENTATION_LAYER_ASSIGNMENT (  '', '', ( #1092 ) ) ;
#2013 = EDGE_LOOP ( 'NONE', ( #736, #1437, #929, #1216 ) ) ;
#2014 = SURFACE_SIDE_STYLE ('',( #3508 ) ) ;
#2015 = LINE ( 'NONE', #1183, #1082 ) ;
#2016 = SURFACE_STYLE_USAGE ( .BOTH. , #931 ) ;
#2017 = PRESENTATION_STYLE_ASSIGNMENT (( #2382 ) ) ;
#2018 =( NAMED_UNIT ( * ) SI_UNIT ( $, .STERADIAN. ) SOLID_ANGLE_UNIT ( ) );
#2019 = DIRECTION ( 'NONE',  ( -1.000000000000000000, -0.0000000000000000000, -0.0000000000000000000 ) ) ;
#2020 = ORIENTED_EDGE ( 'NONE', *, *, #2094, .F. ) ;
#2021 =( NAMED_UNIT ( * ) SI_UNIT ( $, .STERADIAN. ) SOLID_ANGLE_UNIT ( ) );
#2022 = CARTESIAN_POINT ( 'NONE',  ( -0.1112154058583997435, 0.7779929333055577434, -0.3199999999999997846 ) ) ;
#2023 = CARTESIAN_POINT ( 'NONE',  ( -0.07799515537002030263, 0.7976243702898042631, -0.3200000000000000067 ) ) ;
#2024 = CARTESIAN_POINT ( 'NONE',  ( 0.1049054093076751265, 0.7186546252849708161, -0.3199999999999998956 ) ) ;
#2025 = SURFACE_STYLE_FILL_AREA ( #3877 ) ;
#2026 = EDGE_CURVE ( 'NONE', #719, #4707, #1313, .T. ) ;
#2027 = DIRECTION ( 'NONE',  ( -1.000000000000000000, 0.0000000000000000000, 0.0000000000000000000 ) ) ;
#2028 = PRESENTATION_STYLE_ASSIGNMENT (( #565 ) ) ;
#2029 = CARTESIAN_POINT ( 'NONE',  ( -0.1159213025329238062, 0.7286658456659363958, -0.3199999999999998401 ) ) ;
#2030 = AXIS2_PLACEMENT_3D ( 'NONE', #4807, #1528, #800 ) ;
#2031 = VECTOR ( 'NONE', #644, 1000.000000000000000 ) ;
#2032 = ORIENTED_EDGE ( 'NONE', *, *, #3633, .F. ) ;
#2033 = CARTESIAN_POINT ( 'NONE',  ( -0.4999999999999997780, -0.3614359353944895381, -0.3199999999999999512 ) ) ;
#2034 = VECTOR ( 'NONE', #3548, 1000.000000000000114 ) ;
#2035 = CARTESIAN_POINT ( 'NONE',  ( 0.1108570956713038069, 0.7276761804584658266, -0.3189999999999998948 ) ) ;
#2036 = PRESENTATION_STYLE_ASSIGNMENT (( #4266 ) ) ;
#2037 = CARTESIAN_POINT ( 'NONE',  ( 0.08114509713930312396, 0.6971359926853881728, -0.3189999999999999503 ) ) ;
#2038 = VERTEX_POINT ( 'NONE', #4181 ) ;
#2039 = ADVANCED_FACE ( 'NONE', ( #2722 ), #4206, .T. ) ;
#2040 = CARTESIAN_POINT ( 'NONE',  ( 0.1200224822177615447, 0.7771561406204635647, -0.3199999999999998401 ) ) ;
#2041 = DIRECTION ( 'NONE',  ( -0.0000000000000000000, -0.0000000000000000000, 1.000000000000000000 ) ) ;
#2042 = ADVANCED_FACE ( 'NONE', ( #3114 ), #4601, .F. ) ;
#2043 = STYLED_ITEM ( 'NONE', ( #4759 ), #2769 ) ;
#2044 = SURFACE_STYLE_USAGE ( .BOTH. , #129 ) ;
#2045 = ORIENTED_EDGE ( 'NONE', *, *, #324, .T. ) ;
#2046 = DIRECTION ( 'NONE',  ( -0.0000000000000000000, -0.0000000000000000000, -1.000000000000000000 ) ) ;
#2047 = COLOUR_RGB ( '',1.000000000000000000, 1.000000000000000000, 1.000000000000000000 ) ;
#2048 = CARTESIAN_POINT ( 'NONE',  ( -0.06817034876224441209, 0.7093636855282865472, -0.3199999999999999512 ) ) ;
#2049 = SURFACE_STYLE_USAGE ( .BOTH. , #1682 ) ;
#2050 = CARTESIAN_POINT ( 'NONE',  ( -0.1046931279547829857, 0.7122888121920865068, -0.3189999999999997837 ) ) ;
#2051 = SURFACE_SIDE_STYLE ('',( #2771 ) ) ;
#2052 = DIRECTION ( 'NONE',  ( -0.0000000000000000000, -0.0000000000000000000, -1.000000000000000000 ) ) ;
#2053 = DIRECTION ( 'NONE',  ( 1.000000000000000000, 0.0000000000000000000, 0.0000000000000000000 ) ) ;
#2054 = ORIENTED_EDGE ( 'NONE', *, *, #3949, .F. ) ;
#2055 = CARTESIAN_POINT ( 'NONE',  ( 1.084202172485504434E-16, 2.168404344971008868E-16, -0.3999999999999999667 ) ) ;
#2056 = CIRCLE ( 'NONE', #607, 0.1385640646055101566 ) ;
#2057 = ORIENTED_EDGE ( 'NONE', *, *, #601, .T. ) ;
#2058 = PRESENTATION_LAYER_ASSIGNMENT (  '', '', ( #357 ) ) ;
#2059 = VERTEX_POINT ( 'NONE', #4377 ) ;
#2060 = SURFACE_STYLE_FILL_AREA ( #930 ) ;
#2061 = SURFACE_STYLE_FILL_AREA ( #4186 ) ;
#2062 = PRESENTATION_STYLE_ASSIGNMENT (( #650 ) ) ;
#2063 = LINE ( 'NONE', #3631, #3521 ) ;
#2064 = CARTESIAN_POINT ( 'NONE',  ( 0.05948144612006654036, 0.7006897360720404366, -0.3190000000000001168 ) ) ;
#2065 = MECHANICAL_DESIGN_GEOMETRIC_PRESENTATION_REPRESENTATION (  '', ( #360 ), #35 ) ;
#2066 =( GEOMETRIC_REPRESENTATION_CONTEXT ( 3 ) GLOBAL_UNCERTAINTY_ASSIGNED_CONTEXT ( ( #4109 ) ) GLOBAL_UNIT_ASSIGNED_CONTEXT ( ( #598, #1980, #166 ) ) REPRESENTATION_CONTEXT ( 'NONE', 'WORKASPACE' ) );
#2067 = CARTESIAN_POINT ( 'NONE',  ( 0.1060467834612810051, 0.7914298471321078443, -0.3199999999999998956 ) ) ;
#2068 = FILL_AREA_STYLE_COLOUR ( '', #2944 ) ;
#2069 = FACE_OUTER_BOUND ( 'NONE', #4388, .T. ) ;
#2070 = ORIENTED_EDGE ( 'NONE', *, *, #1759, .T. ) ;
#2071 = SURFACE_STYLE_FILL_AREA ( #989 ) ;
#2072 = SURFACE_STYLE_FILL_AREA ( #1723 ) ;
#2073 = COLOUR_RGB ( '',1.000000000000000000, 1.000000000000000000, 1.000000000000000000 ) ;
#2074 = FILL_AREA_STYLE_COLOUR ( '', #849 ) ;
#2075 = LINE ( 'NONE', #1345, #3673 ) ;
#2076 =( NAMED_UNIT ( * ) SI_UNIT ( $, .STERADIAN. ) SOLID_ANGLE_UNIT ( ) );
#2077 = CARTESIAN_POINT ( 'NONE',  ( 0.06420129793619805403, 0.7986083386536153572, -0.3190000000000000058 ) ) ;
#2078 = SURFACE_STYLE_FILL_AREA ( #4233 ) ;
#2079 = VERTEX_POINT ( 'NONE', #3951 ) ;
#2080 =( NAMED_UNIT ( * ) PLANE_ANGLE_UNIT ( ) SI_UNIT ( $, .RADIAN. ) );
#2081 =( NAMED_UNIT ( * ) SI_UNIT ( $, .STERADIAN. ) SOLID_ANGLE_UNIT ( ) );
#2082 = FACE_OUTER_BOUND ( 'NONE', #4046, .T. ) ;
#2083 = CARTESIAN_POINT ( 'NONE',  ( 0.5000000000000001110, -0.4999999999999998890, -0.3999999999999999667 ) ) ;
#2084 = VECTOR ( 'NONE', #3152, 1000.000000000000000 ) ;
#2085 = DIRECTION ( 'NONE',  ( 0.0000000000000000000, 1.000000000000000000, 0.0000000000000000000 ) ) ;
#2086 = EDGE_CURVE ( 'NONE', #2493, #4752, #2075, .T. ) ;
#2087 = CARTESIAN_POINT ( 'NONE',  ( 0.07896874532407938130, 0.7995329945742868372, -0.3190000000000000058 ) ) ;
#2088 = PLANE ( 'NONE',  #1279 ) ;
#2089 = CARTESIAN_POINT ( 'NONE',  ( 0.05628589218690770168, 0.7837403269992404553, -0.3189999999999998948 ) ) ;
#2090 =( LENGTH_UNIT ( ) NAMED_UNIT ( * ) SI_UNIT ( .MILLI., .METRE. ) );
#2091 = ORIENTED_EDGE ( 'NONE', *, *, #4198, .F. ) ;
#2092 = FILL_AREA_STYLE_COLOUR ( '', #2945 ) ;
#2093 =( LENGTH_UNIT ( ) NAMED_UNIT ( * ) SI_UNIT ( .MILLI., .METRE. ) );
#2094 = EDGE_CURVE ( 'NONE', #1969, #4014, #1902, .T. ) ;
#2095 = CARTESIAN_POINT ( 'NONE',  ( -0.1081833329116200781, 0.7159229679188959805, -0.3200000000000000622 ) ) ;
#2096 = B_SPLINE_CURVE_WITH_KNOTS ( 'NONE', 3,
 ( #562, #659, #2839, #3543, #1720, #248, #2475, #3852, #2738, #2024, #957, #178, #3943, #3207, #202, #609, #225, #4669, #2454 ),
 .UNSPECIFIED., .F., .F.,
 ( 4, 1, 1, 1, 1, 1, 1, 1, 1, 1, 1, 1, 1, 1, 1, 1, 4 ),
 ( 0.0000000000000000000, 0.07377411937406361253, 0.1440791147260406802, 0.2113485183089113262, 0.2760768857398833154, 0.3385209158196765267, 0.3998851166931334800, 0.4602540674652136343, 0.5205889643912484654, 0.5802076845630447233, 0.6386329085525459526, 0.6963645494905241762, 0.7540017746600126136, 0.8128056813744979348, 0.8727544255255601513, 0.9351819969782670938, 1.000000000000000000 ),
 .UNSPECIFIED. ) ;
#2097 = SURFACE_STYLE_USAGE ( .BOTH. , #3186 ) ;
#2098 = CARTESIAN_POINT ( 'NONE',  ( -0.03905307359240421661, 0.7983555048805102139, -0.3189999999999999503 ) ) ;
#2099 = FILL_AREA_STYLE ('',( #1326 ) ) ;
#2100 =( GEOMETRIC_REPRESENTATION_CONTEXT ( 3 ) GLOBAL_UNCERTAINTY_ASSIGNED_CONTEXT ( ( #732 ) ) GLOBAL_UNIT_ASSIGNED_CONTEXT ( ( #1464, #3325, #4044 ) ) REPRESENTATION_CONTEXT ( 'NONE', 'WORKASPACE' ) );
#2101 = DIRECTION ( 'NONE',  ( 1.000000000000000000, 0.0000000000000000000, 0.0000000000000000000 ) ) ;
#2102 = CARTESIAN_POINT ( 'NONE',  ( -0.1693312748119164268, 0.7791481878073394096, -0.3189999999999999503 ) ) ;
#2103 = UNCERTAINTY_MEASURE_WITH_UNIT (LENGTH_MEASURE( 1.000000000000000082E-05 ), #840, 'distance_accuracy_value', 'NONE');
#2104 = ORIENTED_EDGE ( 'NONE', *, *, #1139, .T. ) ;
#2105 = CIRCLE ( 'NONE', #2788, 0.05737839342913157725 ) ;
#2106 = CARTESIAN_POINT ( 'NONE',  ( -0.1081833329116200781, 0.7159229679188959805, -0.3190000000000000613 ) ) ;
#2107 = PLANE ( 'NONE',  #3982 ) ;
#2108 =( NAMED_UNIT ( * ) PLANE_ANGLE_UNIT ( ) SI_UNIT ( $, .RADIAN. ) );
#2109 =( GEOMETRIC_REPRESENTATION_CONTEXT ( 3 ) GLOBAL_UNCERTAINTY_ASSIGNED_CONTEXT ( ( #629 ) ) GLOBAL_UNIT_ASSIGNED_CONTEXT ( ( #2690, #4167, #2334 ) ) REPRESENTATION_CONTEXT ( 'NONE', 'WORKASPACE' ) );
#2110 = CARTESIAN_POINT ( 'NONE',  ( 0.08288100329445327596, 0.6971747083938734102, -0.3200000000000000067 ) ) ;
#2111 = UNCERTAINTY_MEASURE_WITH_UNIT (LENGTH_MEASURE( 1.000000000000000082E-05 ), #4657, 'distance_accuracy_value', 'NONE');
#2112 = CARTESIAN_POINT ( 'NONE',  ( 0.07715071710824157603, 0.6971828400401474113, -0.3190000000000000058 ) ) ;
#2113 = SURFACE_SIDE_STYLE ('',( #1675 ) ) ;
#2114 = FACE_OUTER_BOUND ( 'NONE', #2289, .T. ) ;
#2115 = DIRECTION ( 'NONE',  ( 0.0000000000000000000, -0.0000000000000000000, -1.000000000000000000 ) ) ;
#2116 = CARTESIAN_POINT ( 'NONE',  ( 0.07390354495909876031, 0.7885518609145388824, -0.3189999999999998392 ) ) ;
#2117 = CARTESIAN_POINT ( 'NONE',  ( -0.1923495674948432488, 0.7264042853683149170, -0.3189999999999999503 ) ) ;
#2118 = ORIENTED_EDGE ( 'NONE', *, *, #3772, .T. ) ;
#2119 = COLOUR_RGB ( '',1.000000000000000000, 1.000000000000000000, 1.000000000000000000 ) ;
#2120 = LINE ( 'NONE', #640, #4011 ) ;
#2121 = MECHANICAL_DESIGN_GEOMETRIC_PRESENTATION_REPRESENTATION (  '', ( #590 ), #4682 ) ;
#2122 = FACE_OUTER_BOUND ( 'NONE', #1151, .T. ) ;
#2123 =( GEOMETRIC_REPRESENTATION_CONTEXT ( 3 ) GLOBAL_UNCERTAINTY_ASSIGNED_CONTEXT ( ( #1069 ) ) GLOBAL_UNIT_ASSIGNED_CONTEXT ( ( #1207, #443, #1300 ) ) REPRESENTATION_CONTEXT ( 'NONE', 'WORKASPACE' ) );
#2124 = DIRECTION ( 'NONE',  ( 0.3536223923290756077, -0.9353882635801357148, 0.0000000000000000000 ) ) ;
#2125 = CARTESIAN_POINT ( 'NONE',  ( 0.07040015078305911223, 0.7993463716990236723, -0.3189999999999998392 ) ) ;
#2126 =( LENGTH_UNIT ( ) NAMED_UNIT ( * ) SI_UNIT ( .MILLI., .METRE. ) );
#2127 = ADVANCED_FACE ( 'NONE', ( #1795 ), #4309, .F. ) ;
#2128 = CARTESIAN_POINT ( 'NONE',  ( -0.8249999999999999556, -0.9350000000000001643, 0.04000000000000000083 ) ) ;
#2129 = EDGE_LOOP ( 'NONE', ( #758, #4473, #2257, #3009 ) ) ;
#2130 = EDGE_CURVE ( 'NONE', #4540, #1401, #1414, .T. ) ;
#2131 = EDGE_LOOP ( 'NONE', ( #2091, #3264, #2800 ) ) ;
#2132 = VERTEX_POINT ( 'NONE', #3973 ) ;
#2133 = CARTESIAN_POINT ( 'NONE',  ( -0.09227521144395618713, 0.7037401419850215500, -0.3189999999999999503 ) ) ;
#2134 = CARTESIAN_POINT ( 'NONE',  ( -0.1727992626167944856, 0.7791481878073394096, -0.3189999999999999503 ) ) ;
#2135 = CARTESIAN_POINT ( 'NONE',  ( 0.07979789777594391287, 0.6971517930664273832, -0.3200000000000000067 ) ) ;
#2136 = VECTOR ( 'NONE', #4050, 1000.000000000000000 ) ;
#2137 =( LENGTH_UNIT ( ) NAMED_UNIT ( * ) SI_UNIT ( .MILLI., .METRE. ) );
#2138 = VECTOR ( 'NONE', #654, 1000.000000000000000 ) ;
#2139 = SURFACE_SIDE_STYLE ('',( #4736 ) ) ;
#2140 = VERTEX_POINT ( 'NONE', #3623 ) ;
#2141 = VERTEX_POINT ( 'NONE', #3353 ) ;
#2142 = LINE ( 'NONE', #1792, #1198 ) ;
#2143 =( NAMED_UNIT ( * ) SI_UNIT ( $, .STERADIAN. ) SOLID_ANGLE_UNIT ( ) );
#2144 = CARTESIAN_POINT ( 'NONE',  ( -0.06727334798264814064, 0.7983555048805102139, -0.3189999999999999503 ) ) ;
#2145 = SURFACE_STYLE_USAGE ( .BOTH. , #3602 ) ;
#2146 =( LENGTH_UNIT ( ) NAMED_UNIT ( * ) SI_UNIT ( .MILLI., .METRE. ) );
#2147 = DIRECTION ( 'NONE',  ( 1.000000000000000000, 0.0000000000000000000, -0.0000000000000000000 ) ) ;
#2148 = FILL_AREA_STYLE ('',( #3977 ) ) ;
#2149 = AXIS2_PLACEMENT_3D ( 'NONE', #499, #892, #3049 ) ;
#2150 = ORIENTED_EDGE ( 'NONE', *, *, #703, .F. ) ;
#2151 = ADVANCED_FACE ( 'NONE', ( #2645 ), #2196, .T. ) ;
#2152 = LINE ( 'NONE', #3306, #3526 ) ;
#2153 = CARTESIAN_POINT ( 'NONE',  ( 0.07219708587848525094, 0.7084795140502376798, -0.3189999999999999503 ) ) ;
#2154 = FILL_AREA_STYLE ('',( #699 ) ) ;
#2155 = COLOUR_RGB ( '',1.000000000000000000, 1.000000000000000000, 1.000000000000000000 ) ;
#2156 =( LENGTH_UNIT ( ) NAMED_UNIT ( * ) SI_UNIT ( .MILLI., .METRE. ) );
#2157 = CARTESIAN_POINT ( 'NONE',  ( 0.1209276920853901843, 0.7179454190957792470, -0.3199999999999999512 ) ) ;
#2158 = DIRECTION ( 'NONE',  ( 0.0000000000000000000, -0.0000000000000000000, -1.000000000000000000 ) ) ;
#2159 = AXIS2_PLACEMENT_3D ( 'NONE', #4319, #1310, #2756 ) ;
#2160 =( NAMED_UNIT ( * ) PLANE_ANGLE_UNIT ( ) SI_UNIT ( $, .RADIAN. ) );
#2161 = CARTESIAN_POINT ( 'NONE',  ( 0.03411765811491286604, 0.7983555048805102139, -0.3189999999999999503 ) ) ;
#2162 = DIRECTION ( 'NONE',  ( -0.0000000000000000000, 0.0000000000000000000, -1.000000000000000000 ) ) ;
#2163 = COLOUR_RGB ( '',1.000000000000000000, 1.000000000000000000, 1.000000000000000000 ) ;
#2164 = DIRECTION ( 'NONE',  ( 0.0000000000000000000, 1.000000000000000000, 0.0000000000000000000 ) ) ;
#2165 = CARTESIAN_POINT ( 'NONE',  ( 0.05362985323686408207, 0.7821969682951442904, -0.3199999999999999512 ) ) ;
#2166 = FILL_AREA_STYLE ('',( #1531 ) ) ;
#2167 = ORIENTED_EDGE ( 'NONE', *, *, #43, .F. ) ;
#2168 = CARTESIAN_POINT ( 'NONE',  ( -0.1055509186280244038, 0.7404440223094466145, -0.3200000000000000067 ) ) ;
#2169 = EDGE_CURVE ( 'NONE', #517, #1286, #378, .T. ) ;
#2170 =( NAMED_UNIT ( * ) SI_UNIT ( $, .STERADIAN. ) SOLID_ANGLE_UNIT ( ) );
#2171 = DIRECTION ( 'NONE',  ( -0.0000000000000000000, -0.0000000000000000000, -1.000000000000000000 ) ) ;
#2172 = CARTESIAN_POINT ( 'NONE',  ( 0.1066617270212767560, 0.7745657046524389022, -0.3200000000000000067 ) ) ;
#2173 = VERTEX_POINT ( 'NONE', #786 ) ;
#2174 = AXIS2_PLACEMENT_3D ( 'NONE', #3813, #4155, #2725 ) ;
#2175 = SURFACE_SIDE_STYLE ('',( #3198 ) ) ;
#2176 = CARTESIAN_POINT ( 'NONE',  ( -0.1414920979826481406, 0.6983555048805101251, -0.3189999999999999503 ) ) ;
#2177 = ORIENTED_EDGE ( 'NONE', *, *, #2008, .T. ) ;
#2178 = FACE_OUTER_BOUND ( 'NONE', #48, .T. ) ;
#2179 = VECTOR ( 'NONE', #2209, 1000.000000000000000 ) ;
#2180 = AXIS2_PLACEMENT_3D ( 'NONE', #1427, #1719, #3616 ) ;
#2181 = CARTESIAN_POINT ( 'NONE',  ( -0.2024677077387457003, 0.6983555048805101251, -0.3199999999999999512 ) ) ;
#2182 = VECTOR ( 'NONE', #3256, 1000.000000000000000 ) ;
#2183 = ORIENTED_EDGE ( 'NONE', *, *, #483, .T. ) ;
#2184 = CARTESIAN_POINT ( 'NONE',  ( 0.05362985323686408207, 0.7821969682951442904, -0.3199999999999999512 ) ) ;
#2185 = CARTESIAN_POINT ( 'NONE',  ( 0.1145776810079489755, 0.7458263111402013701, -0.3190000000000000058 ) ) ;
#2186 = CARTESIAN_POINT ( 'NONE',  ( -0.1047035491628230813, 0.7621834783457861473, -0.3200000000000000067 ) ) ;
#2187 = STYLED_ITEM ( 'NONE', ( #4567 ), #201 ) ;
#2188 = EDGE_CURVE ( 'NONE', #3911, #1340, #2240, .T. ) ;
#2189 = CARTESIAN_POINT ( 'NONE',  ( -0.09544475036136794432, 0.7778834687806426285, -0.3189999999999998948 ) ) ;
#2190 = UNCERTAINTY_MEASURE_WITH_UNIT (LENGTH_MEASURE( 1.000000000000000082E-05 ), #305, 'distance_accuracy_value', 'NONE');
#2191 = EDGE_CURVE ( 'NONE', #3196, #1962, #3701, .T. ) ;
#2192 = SURFACE_STYLE_USAGE ( .BOTH. , #1039 ) ;
#2193 = ORIENTED_EDGE ( 'NONE', *, *, #4127, .F. ) ;
#2194 = AXIS2_PLACEMENT_3D ( 'NONE', #2161, #3990, #1429 ) ;
#2195 = SURFACE_SIDE_STYLE ('',( #1751 ) ) ;
#2196 = SPHERICAL_SURFACE ( 'NONE', #2432, 0.1599999999999999756 ) ;
#2197 = CARTESIAN_POINT ( 'NONE',  ( -0.8250000000000001776, 0.9349999999999999423, 0.04000000000000000083 ) ) ;
#2198 = COLOUR_RGB ( '',1.000000000000000000, 1.000000000000000000, 1.000000000000000000 ) ;
#2199 =( LENGTH_UNIT ( ) NAMED_UNIT ( * ) SI_UNIT ( .MILLI., .METRE. ) );
#2200 = ORIENTED_EDGE ( 'NONE', *, *, #2766, .T. ) ;
#2201 =( GEOMETRIC_REPRESENTATION_CONTEXT ( 3 ) GLOBAL_UNCERTAINTY_ASSIGNED_CONTEXT ( ( #806 ) ) GLOBAL_UNIT_ASSIGNED_CONTEXT ( ( #2604, #2203, #1180 ) ) REPRESENTATION_CONTEXT ( 'NONE', 'WORKASPACE' ) );
#2202 = DIRECTION ( 'NONE',  ( 0.0000000000000000000, -0.0000000000000000000, 1.000000000000000000 ) ) ;
#2203 =( NAMED_UNIT ( * ) PLANE_ANGLE_UNIT ( ) SI_UNIT ( $, .RADIAN. ) );
#2204 = COLOUR_RGB ( '',1.000000000000000000, 1.000000000000000000, 1.000000000000000000 ) ;
#2205 = CARTESIAN_POINT ( 'NONE',  ( 0.07716262762710800194, 0.7995750170756320552, -0.3189999999999999503 ) ) ;
#2206 = PRESENTATION_STYLE_ASSIGNMENT (( #4439 ) ) ;
#2207 = CARTESIAN_POINT ( 'NONE',  ( 0.1145234234466263601, 0.7429708241608273811, -0.3189999999999999503 ) ) ;
#2208 = DIRECTION ( 'NONE',  ( -0.0000000000000000000, -0.0000000000000000000, -1.000000000000000000 ) ) ;
#2209 = DIRECTION ( 'NONE',  ( -1.000000000000000000, 0.0000000000000000000, 0.0000000000000000000 ) ) ;
#2210 = STYLED_ITEM ( 'NONE', ( #529 ), #3042 ) ;
#2211 = UNCERTAINTY_MEASURE_WITH_UNIT (LENGTH_MEASURE( 1.000000000000000082E-05 ), #2090, 'distance_accuracy_value', 'NONE');
#2212 = CIRCLE ( 'NONE', #1833, 0.1599999999999999756 ) ;
#2213 = PRESENTATION_LAYER_ASSIGNMENT (  '', '', ( #4306 ) ) ;
#2214 = SURFACE_STYLE_USAGE ( .BOTH. , #2592 ) ;
#2215 = PRESENTATION_LAYER_ASSIGNMENT (  '', '', ( #4383 ) ) ;
#2216 = CARTESIAN_POINT ( 'NONE',  ( -0.09675316455940019544, 0.7909669818089219984, -0.3199999999999999512 ) ) ;
#2217 = DIRECTION ( 'NONE',  ( -1.000000000000000000, -0.0000000000000000000, -0.0000000000000000000 ) ) ;
#2218 = CARTESIAN_POINT ( 'NONE',  ( 0.08678563966053357004, 0.7087144677364944911, -0.3189999999999998392 ) ) ;
#2219 = DIRECTION ( 'NONE',  ( 1.000000000000000000, 0.0000000000000000000, 0.0000000000000000000 ) ) ;
#2220 = FILL_AREA_STYLE ('',( #718 ) ) ;
#2221 = ORIENTED_EDGE ( 'NONE', *, *, #260, .T. ) ;
#2222 = CARTESIAN_POINT ( 'NONE',  ( 0.5000000000000000000, 0.5000000000000001110, -0.3999999999999999667 ) ) ;
#2223 = VERTEX_POINT ( 'NONE', #2550 ) ;
#2224 = PRESENTATION_STYLE_ASSIGNMENT (( #771 ) ) ;
#2225 = DIRECTION ( 'NONE',  ( 1.159574516027277451E-16, -1.000000000000000000, 0.0000000000000000000 ) ) ;
#2226 = PLANE ( 'NONE',  #1907 ) ;
#2227 = ORIENTED_EDGE ( 'NONE', *, *, #1862, .F. ) ;
#2228 =( LENGTH_UNIT ( ) NAMED_UNIT ( * ) SI_UNIT ( .MILLI., .METRE. ) );
#2229 = VECTOR ( 'NONE', #4528, 1000.000000000000000 ) ;
#2230 = EDGE_LOOP ( 'NONE', ( #53, #4259 ) ) ;
#2231 = LINE ( 'NONE', #33, #493 ) ;
#2232 = CARTESIAN_POINT ( 'NONE',  ( -0.1020154150594345388, 0.7693587870214406710, -0.3200000000000000067 ) ) ;
#2233 = EDGE_CURVE ( 'NONE', #513, #4469, #1940, .T. ) ;
#2234 = CARTESIAN_POINT ( 'NONE',  ( 0.1743615605539372837, 0.7983555048805102139, -0.3189999999999999503 ) ) ;
#2235 = LINE ( 'NONE', #3677, #3334 ) ;
#2236 = CARTESIAN_POINT ( 'NONE',  ( 0.05861608629199681342, 0.7973753048618875683, -0.3199999999999999512 ) ) ;
#2237 = LINE ( 'NONE', #2593, #229 ) ;
#2238 = ORIENTED_EDGE ( 'NONE', *, *, #4038, .F. ) ;
#2239 = CARTESIAN_POINT ( 'NONE',  ( -0.08303473967100383213, 0.7965660033089232428, -0.3189999999999999503 ) ) ;
#2240 = LINE ( 'NONE', #1481, #1605 ) ;
#2241 = FILL_AREA_STYLE_COLOUR ( '', #2719 ) ;
#2242 = LINE ( 'NONE', #1098, #2348 ) ;
#2243 = EDGE_CURVE ( 'NONE', #3427, #4707, #343, .T. ) ;
#2244 = ORIENTED_EDGE ( 'NONE', *, *, #641, .T. ) ;
#2245 = LINE ( 'NONE', #515, #2517 ) ;
#2246 = UNCERTAINTY_MEASURE_WITH_UNIT (LENGTH_MEASURE( 1.000000000000000082E-05 ), #180, 'distance_accuracy_value', 'NONE');
#2247 = ADVANCED_FACE ( 'NONE', ( #830 ), #4194, .T. ) ;
#2248 = CARTESIAN_POINT ( 'NONE',  ( -0.06624438456801395869, 0.6983555048805101251, -0.3189999999999999503 ) ) ;
#2249 =( NAMED_UNIT ( * ) PLANE_ANGLE_UNIT ( ) SI_UNIT ( $, .RADIAN. ) );
#2250 = CARTESIAN_POINT ( 'NONE',  ( 0.07704829835881529809, 0.7885994073195344845, -0.3189999999999999503 ) ) ;
#2251 = CARTESIAN_POINT ( 'NONE',  ( 0.1015004203937319022, 0.7800811187555042325, -0.3190000000000000058 ) ) ;
#2252 = CARTESIAN_POINT ( 'NONE',  ( 0.1365566825051567901, 0.7093311146366076958, -0.3189999999999999503 ) ) ;
#2253 = CARTESIAN_POINT ( 'NONE',  ( 0.1122409061901976229, 0.7311522810661192917, -0.3189999999999999503 ) ) ;
#2254 = DIRECTION ( 'NONE',  ( 0.0000000000000000000, -0.0000000000000000000, 1.000000000000000000 ) ) ;
#2255 = FILL_AREA_STYLE_COLOUR ( '', #881 ) ;
#2256 = STYLED_ITEM ( 'NONE', ( #2811 ), #4795 ) ;
#2257 = ORIENTED_EDGE ( 'NONE', *, *, #3633, .T. ) ;
#2258 = ORIENTED_EDGE ( 'NONE', *, *, #136, .F. ) ;
#2259 = ORIENTED_EDGE ( 'NONE', *, *, #1644, .T. ) ;
#2260 = CIRCLE ( 'NONE', #171, 0.1385640646055101566 ) ;
#2261 = FILL_AREA_STYLE_COLOUR ( '', #4691 ) ;
#2262 =( LENGTH_UNIT ( ) NAMED_UNIT ( * ) SI_UNIT ( .MILLI., .METRE. ) );
#2263 = SURFACE_STYLE_FILL_AREA ( #3032 ) ;
#2264 = PRESENTATION_LAYER_ASSIGNMENT (  '', '', ( #1808 ) ) ;
#2265 = VERTEX_POINT ( 'NONE', #3696 ) ;
#2266 = AXIS2_PLACEMENT_3D ( 'NONE', #3111, #1295, #3062 ) ;
#2267 = SURFACE_SIDE_STYLE ('',( #3381 ) ) ;
#2268 = FACE_OUTER_BOUND ( 'NONE', #670, .T. ) ;
#2269 = VERTEX_POINT ( 'NONE', #3314 ) ;
#2270 = VERTEX_POINT ( 'NONE', #4009 ) ;
#2271 = CARTESIAN_POINT ( 'NONE',  ( -0.4999999999999997780, -0.4999999999999996669, -0.3199999999999999512 ) ) ;
#2272 = ORIENTED_EDGE ( 'NONE', *, *, #571, .T. ) ;
#2273 = VECTOR ( 'NONE', #4057, 1000.000000000000000 ) ;
#2274 = EDGE_CURVE ( 'NONE', #3385, #2603, #1548, .T. ) ;
#2275 = SURFACE_STYLE_FILL_AREA ( #2375 ) ;
#2276 = LINE ( 'NONE', #2991, #2136 ) ;
#2277 = ADVANCED_FACE ( 'NONE', ( #422 ), #1278, .T. ) ;
#2278 = FILL_AREA_STYLE ('',( #1596 ) ) ;
#2279 = EDGE_LOOP ( 'NONE', ( #1168, #1460, #2045, #1013 ) ) ;
#2280 = CARTESIAN_POINT ( 'NONE',  ( 0.02070302396857141153, 0.7544530658561199310, -0.3199999999999999512 ) ) ;
#2281 = DIRECTION ( 'NONE',  ( 0.3393303772748790248, 0.9406672605435399959, 0.0000000000000000000 ) ) ;
#2282 = CARTESIAN_POINT ( 'NONE',  ( -0.08964864843200945344, 0.7820667224748073521, -0.3189999999999999503 ) ) ;
#2283 = PRESENTATION_LAYER_ASSIGNMENT (  '', '', ( #109 ) ) ;
#2284 = LINE ( 'NONE', #66, #2273 ) ;
#2285 =( LENGTH_UNIT ( ) NAMED_UNIT ( * ) SI_UNIT ( .MILLI., .METRE. ) );
#2286 = UNCERTAINTY_MEASURE_WITH_UNIT (LENGTH_MEASURE( 1.000000000000000082E-05 ), #1599, 'distance_accuracy_value', 'NONE');
#2287 = UNCERTAINTY_MEASURE_WITH_UNIT (LENGTH_MEASURE( 1.000000000000000082E-05 ), #4151, 'distance_accuracy_value', 'NONE');
#2288 = CARTESIAN_POINT ( 'NONE',  ( -0.1923495674948432488, 0.7264042853683149170, -0.3199999999999999512 ) ) ;
#2289 = EDGE_LOOP ( 'NONE', ( #3705, #1133, #54, #789 ) ) ;
#2290 = AXIS2_PLACEMENT_3D ( 'NONE', #4660, #2803, #3890 ) ;
#2291 = CARTESIAN_POINT ( 'NONE',  ( -0.1035991890094975082, 0.7325103099770627901, -0.3190000000000000613 ) ) ;
#2292 = AXIS2_PLACEMENT_3D ( 'NONE', #1081, #340, #1828 ) ;
#2293 = CARTESIAN_POINT ( 'NONE',  ( -0.1060934662658704203, 0.7508593921747511724, -0.3189999999999999503 ) ) ;
#2294 = CARTESIAN_POINT ( 'NONE',  ( 0.09964077867825538171, 0.7140087140417044065, -0.3189999999999998392 ) ) ;
#2295 = PRESENTATION_LAYER_ASSIGNMENT (  '', '', ( #3377 ) ) ;
#2296 = ORIENTED_EDGE ( 'NONE', *, *, #534, .F. ) ;
#2297 = DIRECTION ( 'NONE',  ( -0.0000000000000000000, -0.0000000000000000000, -1.000000000000000000 ) ) ;
#2298 = VECTOR ( 'NONE', #2393, 1000.000000000000000 ) ;
#2299 = ORIENTED_EDGE ( 'NONE', *, *, #3037, .T. ) ;
#2300 = CARTESIAN_POINT ( 'NONE',  ( -0.1693312748119164268, 0.7791481878073394096, -0.3189999999999999503 ) ) ;
#2301 = CARTESIAN_POINT ( 'NONE',  ( 0.05906663534828770351, 0.7850247059418501427, -0.3200000000000000067 ) ) ;
#2302 = LINE ( 'NONE', #3046, #3606 ) ;
#2303 = ORIENTED_EDGE ( 'NONE', *, *, #110, .T. ) ;
#2304 = ADVANCED_FACE ( 'NONE', ( #1650 ), #1260, .T. ) ;
#2305 = CARTESIAN_POINT ( 'NONE',  ( 0.09215392884147403929, 0.7858844877586887989, -0.3199999999999999512 ) ) ;
#2306 = CARTESIAN_POINT ( 'NONE',  ( 0.06777157631829339168, 0.7877461364843519886, -0.3189999999999999503 ) ) ;
#2307 = CARTESIAN_POINT ( 'NONE',  ( 0.02070302396857141153, 0.7434774561000223603, -0.3199999999999999512 ) ) ;
#2308 = CARTESIAN_POINT ( 'NONE',  ( 0.1071868992874154963, 0.7214129612096604749, -0.3189999999999998948 ) ) ;
#2309 = PLANE ( 'NONE',  #820 ) ;
#2310 = CARTESIAN_POINT ( 'NONE',  ( 0.1279276798474859866, 0.7411107457183017111, -0.3190000000000000058 ) ) ;
#2311 = FILL_AREA_STYLE_COLOUR ( '', #328 ) ;
#2312 = FILL_AREA_STYLE_COLOUR ( '', #1586 ) ;
#2313 = VERTEX_POINT ( 'NONE', #1210 ) ;
#2314 = ORIENTED_EDGE ( 'NONE', *, *, #3195, .T. ) ;
#2315 = CARTESIAN_POINT ( 'NONE',  ( 0.06722542307025552999, 0.7990580008272083479, -0.3200000000000000622 ) ) ;
#2316 = AXIS2_PLACEMENT_3D ( 'NONE', #4640, #633, #3895 ) ;
#2317 = CARTESIAN_POINT ( 'NONE',  ( -0.1060246754335968516, 0.7448001661723905320, -0.3199999999999999512 ) ) ;
#2318 = ORIENTED_EDGE ( 'NONE', *, *, #921, .F. ) ;
#2319 = PRESENTATION_LAYER_ASSIGNMENT (  '', '', ( #4796 ) ) ;
#2320 = CARTESIAN_POINT ( 'NONE',  ( 0.1100258991789402202, 0.7884478048513483550, -0.3190000000000000613 ) ) ;
#2321 = DIRECTION ( 'NONE',  ( 0.0000000000000000000, -0.0000000000000000000, 1.000000000000000000 ) ) ;
#2322 = STYLED_ITEM ( 'NONE', ( #462 ), #982 ) ;
#2323 = EDGE_CURVE ( 'NONE', #3222, #3483, #870, .T. ) ;
#2324 = EDGE_LOOP ( 'NONE', ( #44, #2952, #2272, #2521 ) ) ;
#2325 = LINE ( 'NONE', #1994, #204 ) ;
#2326 = CARTESIAN_POINT ( 'NONE',  ( -0.01710185408020908904, 0.7873798951244125321, -0.3189999999999999503 ) ) ;
#2327 = FILL_AREA_STYLE_COLOUR ( '', #4025 ) ;
#2328 = FACE_OUTER_BOUND ( 'NONE', #190, .T. ) ;
#2329 = CARTESIAN_POINT ( 'NONE',  ( 0.1145033924649365292, 0.7518409143578778098, -0.3189999999999999503 ) ) ;
#2330 = ORIENTED_EDGE ( 'NONE', *, *, #1435, .F. ) ;
#2331 = CARTESIAN_POINT ( 'NONE',  ( 0.07704829835881529809, 0.7885994073195344845, -0.3199999999999999512 ) ) ;
#2332 = SURFACE_SIDE_STYLE ('',( #2404 ) ) ;
#2333 = ORIENTED_EDGE ( 'NONE', *, *, #601, .F. ) ;
#2334 =( NAMED_UNIT ( * ) SI_UNIT ( $, .STERADIAN. ) SOLID_ANGLE_UNIT ( ) );
#2335 = CARTESIAN_POINT ( 'NONE',  ( -0.8250000000000001776, 0.9349999999999999423, -3.173872490726019624 ) ) ;
#2336 =( GEOMETRIC_REPRESENTATION_CONTEXT ( 3 ) GLOBAL_UNCERTAINTY_ASSIGNED_CONTEXT ( ( #3638 ) ) GLOBAL_UNIT_ASSIGNED_CONTEXT ( ( #4146, #2647, #3436 ) ) REPRESENTATION_CONTEXT ( 'NONE', 'WORKASPACE' ) );
#2337 = ORIENTED_EDGE ( 'NONE', *, *, #3220, .T. ) ;
#2338 = SURFACE_SIDE_STYLE ('',( #4221 ) ) ;
#2339 = VERTEX_POINT ( 'NONE', #2658 ) ;
#2340 = COLOUR_RGB ( '',1.000000000000000000, 1.000000000000000000, 1.000000000000000000 ) ;
#2341 = CARTESIAN_POINT ( 'NONE',  ( -0.1195009616810756153, 0.7514258234888281374, -0.3199999999999999512 ) ) ;
#2342 = ADVANCED_FACE ( 'NONE', ( #4187 ), #145, .T. ) ;
#2343 = FILL_AREA_STYLE ('',( #875 ) ) ;
#2344 = PRESENTATION_LAYER_ASSIGNMENT (  '', '', ( #1112 ) ) ;
#2345 = EDGE_CURVE ( 'NONE', #4695, #4081, #3225, .T. ) ;
#2346 = CARTESIAN_POINT ( 'NONE',  ( 0.09265103772710363284, 0.7976083739485525514, -0.3189999999999998948 ) ) ;
#2347 = CARTESIAN_POINT ( 'NONE',  ( 0.07219708587848525094, 0.7084795140502376798, -0.3199999999999999512 ) ) ;
#2348 = VECTOR ( 'NONE', #1536, 1000.000000000000000 ) ;
#2349 = MECHANICAL_DESIGN_GEOMETRIC_PRESENTATION_REPRESENTATION (  '', ( #1743 ), #4351 ) ;
#2350 = EDGE_LOOP ( 'NONE', ( #3363, #4683 ) ) ;
#2351 = CARTESIAN_POINT ( 'NONE',  ( -0.05246770773874569888, 0.7093311146366076958, -0.3189999999999999503 ) ) ;
#2352 = SURFACE_STYLE_FILL_AREA ( #210 ) ;
#2353 = ORIENTED_EDGE ( 'NONE', *, *, #4346, .T. ) ;
#2354 = CARTESIAN_POINT ( 'NONE',  ( -0.01710185408020908904, 0.7873798951244125321, -0.3189999999999999503 ) ) ;
#2355 = FILL_AREA_STYLE ('',( #4235 ) ) ;
#2356 = CARTESIAN_POINT ( 'NONE',  ( 0.08310339905197257349, 0.7082097108057183732, -0.3190000000000000058 ) ) ;
#2357 = CARTESIAN_POINT ( 'NONE',  ( 0.1183202840530842709, 0.7141347506140233170, -0.3190000000000000058 ) ) ;
#2358 = CARTESIAN_POINT ( 'NONE',  ( 0.1209276920853901843, 0.7179454190957792470, -0.3189999999999999503 ) ) ;
#2359 = ORIENTED_EDGE ( 'NONE', *, *, #3723, .F. ) ;
#2360 = STYLED_ITEM ( 'NONE', ( #1738 ), #2396 ) ;
#2361 = LINE ( 'NONE', #1032, #4100 ) ;
#2362 = ORIENTED_EDGE ( 'NONE', *, *, #3187, .T. ) ;
#2363 = CARTESIAN_POINT ( 'NONE',  ( -0.1186960145815371820, 0.7601391270231184771, -0.3199999999999997846 ) ) ;
#2364 = VECTOR ( 'NONE', #4454, 1000.000000000000000 ) ;
#2365 = FACE_OUTER_BOUND ( 'NONE', #4156, .T. ) ;
#2366 = B_SPLINE_CURVE_WITH_KNOTS ( 'NONE', 3,
 ( #1349, #970, #4312, #261, #1665, #2011, #1303 ),
 .UNSPECIFIED., .F., .F.,
 ( 4, 1, 1, 1, 4 ),
 ( 0.0000000000000000000, 0.1744817153170560020, 0.3982857591281081522, 0.6738978473986653173, 1.000000000000000000 ),
 .UNSPECIFIED. ) ;
#2367 = CARTESIAN_POINT ( 'NONE',  ( -0.06666359188508712286, 0.7093311146366076958, -0.3199999999999999512 ) ) ;
#2368 = EDGE_CURVE ( 'NONE', #4195, #491, #3588, .T. ) ;
#2369 = DIRECTION ( 'NONE',  ( -0.0000000000000000000, -0.0000000000000000000, -1.000000000000000000 ) ) ;
#2370 = CARTESIAN_POINT ( 'NONE',  ( -0.08671777402650647504, 0.7133816762456687277, -0.3189999999999998948 ) ) ;
#2371 = VECTOR ( 'NONE', #1402, 1000.000000000000000 ) ;
#2372 = CARTESIAN_POINT ( 'NONE',  ( -0.09227521144395618713, 0.7037401419850215500, -0.3199999999999999512 ) ) ;
#2373 = COLOUR_RGB ( '',1.000000000000000000, 1.000000000000000000, 1.000000000000000000 ) ;
#2374 = CARTESIAN_POINT ( 'NONE',  ( -0.1195408784704530269, 0.7496131268317296481, -0.3189999999999999503 ) ) ;
#2375 = FILL_AREA_STYLE ('',( #4502 ) ) ;
#2376 = CARTESIAN_POINT ( 'NONE',  ( 0.0000000000000000000, 0.5000000000000002220, -0.5599999999999999423 ) ) ;
#2377 = AXIS2_PLACEMENT_3D ( 'NONE', #2055, #907, #1331 ) ;
#2378 = AXIS2_PLACEMENT_3D ( 'NONE', #951, #2381, #3491 ) ;
#2379 = ORIENTED_EDGE ( 'NONE', *, *, #4470, .F. ) ;
#2380 = CARTESIAN_POINT ( 'NONE',  ( 0.03411765811491286604, 0.6983555048805101251, -0.3189999999999999503 ) ) ;
#2381 = DIRECTION ( 'NONE',  ( 1.000000000000000000, 0.0000000000000000000, 0.0000000000000000000 ) ) ;
#2382 = SURFACE_STYLE_USAGE ( .BOTH. , #4214 ) ;
#2383 = CARTESIAN_POINT ( 'NONE',  ( 0.1279888422901227230, 0.7446569253839951941, -0.3199999999999998401 ) ) ;
#2384 = DIRECTION ( 'NONE',  ( -1.000000000000000000, -0.0000000000000000000, -0.0000000000000000000 ) ) ;
#2385 = CARTESIAN_POINT ( 'NONE',  ( 0.1365566825051567901, 0.6983555048805101251, -0.3199999999999999512 ) ) ;
#2387 = CARTESIAN_POINT ( 'NONE',  ( -0.5000000000000000000, 0.5000000000000002220, -0.3999999999999999667 ) ) ;
#2386 = PRODUCT_DEFINITION_SHAPE ( 'NONE', 'NONE',  #3173 ) ;
#2388 = EDGE_CURVE ( 'NONE', #2702, #4297, #268, .T. ) ;
#2389 =( NAMED_UNIT ( * ) PLANE_ANGLE_UNIT ( ) SI_UNIT ( $, .RADIAN. ) );
#2390 =( GEOMETRIC_REPRESENTATION_CONTEXT ( 3 ) GLOBAL_UNCERTAINTY_ASSIGNED_CONTEXT ( ( #270 ) ) GLOBAL_UNIT_ASSIGNED_CONTEXT ( ( #3295, #2582, #4461 ) ) REPRESENTATION_CONTEXT ( 'NONE', 'WORKASPACE' ) );
#2391 = DIRECTION ( 'NONE',  ( 0.3222024856061130316, -0.9466707760722533616, 0.0000000000000000000 ) ) ;
#2392 =( GEOMETRIC_REPRESENTATION_CONTEXT ( 3 ) GLOBAL_UNCERTAINTY_ASSIGNED_CONTEXT ( ( #2926 ) ) GLOBAL_UNIT_ASSIGNED_CONTEXT ( ( #3867, #1357, #1741 ) ) REPRESENTATION_CONTEXT ( 'NONE', 'WORKASPACE' ) );
#2393 = DIRECTION ( 'NONE',  ( 1.000000000000000000, 0.0000000000000000000, 0.0000000000000000000 ) ) ;
#2394 = SURFACE_STYLE_FILL_AREA ( #3782 ) ;
#2395 = DIRECTION ( 'NONE',  ( -0.0000000000000000000, -0.0000000000000000000, -1.000000000000000000 ) ) ;
#2396 = ADVANCED_FACE ( 'NONE', ( #3610 ), #4363, .T. ) ;
#2397 = FACE_BOUND ( 'NONE', #2230, .T. ) ;
#2398 = MECHANICAL_DESIGN_GEOMETRIC_PRESENTATION_REPRESENTATION (  '', ( #3164 ), #936 ) ;
#2399 = ORIENTED_EDGE ( 'NONE', *, *, #698, .T. ) ;
#2400 = EDGE_LOOP ( 'NONE', ( #1298, #1757, #1791, #2333, #1538, #804 ) ) ;
#2401 = ADVANCED_FACE ( 'NONE', ( #2828 ), #2467, .T. ) ;
#2402 = FILL_AREA_STYLE_COLOUR ( '', #288 ) ;
#2403 = SURFACE_SIDE_STYLE ('',( #932 ) ) ;
#2404 = SURFACE_STYLE_FILL_AREA ( #850 ) ;
#2405 = LINE ( 'NONE', #4714, #4484 ) ;
#2406 = ORIENTED_EDGE ( 'NONE', *, *, #3839, .F. ) ;
#2407 = CARTESIAN_POINT ( 'NONE',  ( 0.1060467834612810051, 0.7914298471321078443, -0.3189999999999998392 ) ) ;
#2408 = LINE ( 'NONE', #4717, #1201 ) ;
#2409 = FACE_OUTER_BOUND ( 'NONE', #841, .T. ) ;
#2410 = CARTESIAN_POINT ( 'NONE',  ( 0.8249999999999997335, 0.9349999999999999423, -0.3199999999999999512 ) ) ;
#2411 = COLOUR_RGB ( '',1.000000000000000000, 1.000000000000000000, 1.000000000000000000 ) ;
#2412 = CARTESIAN_POINT ( 'NONE',  ( -0.07942508406531968712, 0.7107420646921885909, -0.3199999999999998956 ) ) ;
#2413 =( LENGTH_UNIT ( ) NAMED_UNIT ( * ) SI_UNIT ( .MILLI., .METRE. ) );
#2414 = CARTESIAN_POINT ( 'NONE',  ( 0.05456819231436299544, 0.7030205067427891530, -0.3189999999999999503 ) ) ;
#2415 = DIRECTION ( 'NONE',  ( 1.000000000000000000, 0.0000000000000000000, 0.0000000000000000000 ) ) ;
#2416 = DIRECTION ( 'NONE',  ( -0.0000000000000000000, -0.0000000000000000000, -1.000000000000000000 ) ) ;
#2417 = COLOUR_RGB ( '',1.000000000000000000, 1.000000000000000000, 1.000000000000000000 ) ;
#2418 = VERTEX_POINT ( 'NONE', #2969 ) ;
#2419 = FILL_AREA_STYLE ('',( #2799 ) ) ;
#2420 = EDGE_CURVE ( 'NONE', #770, #3278, #772, .T. ) ;
#2421 = ORIENTED_EDGE ( 'NONE', *, *, #3671, .F. ) ;
#2422 = PRESENTATION_STYLE_ASSIGNMENT (( #1735 ) ) ;
#2423 = VECTOR ( 'NONE', #1941, 1000.000000000000000 ) ;
#2424 = SURFACE_SIDE_STYLE ('',( #4265 ) ) ;
#2425 = CARTESIAN_POINT ( 'NONE',  ( 0.1279888422901227230, 0.7446569253839951941, -0.3199999999999998956 ) ) ;
#2426 = CARTESIAN_POINT ( 'NONE',  ( 0.06266233941235833937, 0.6995792852110109816, -0.3199999999999998956 ) ) ;
#2427 = ADVANCED_FACE ( 'NONE', ( #3708 ), #4024, .T. ) ;
#2428 = CARTESIAN_POINT ( 'NONE',  ( 0.1261021111548696338, 0.7630693536047521430, -0.3189999999999999503 ) ) ;
#2429 = SURFACE_STYLE_FILL_AREA ( #3231 ) ;
#2430 =( LENGTH_UNIT ( ) NAMED_UNIT ( * ) SI_UNIT ( .MILLI., .METRE. ) );
#2431 = CARTESIAN_POINT ( 'NONE',  ( -0.1780774638363066542, 0.7983555048805102139, -0.3199999999999999512 ) ) ;
#2432 = AXIS2_PLACEMENT_3D ( 'NONE', #3663, #4813, #2598 ) ;
#2433 = ORIENTED_EDGE ( 'NONE', *, *, #2890, .F. ) ;
#2434 = SURFACE_SIDE_STYLE ('',( #2071 ) ) ;
#2435 = FILL_AREA_STYLE_COLOUR ( '', #1343 ) ;
#2436 =( GEOMETRIC_REPRESENTATION_CONTEXT ( 3 ) GLOBAL_UNCERTAINTY_ASSIGNED_CONTEXT ( ( #1533 ) ) GLOBAL_UNIT_ASSIGNED_CONTEXT ( ( #1025, #3537, #4291 ) ) REPRESENTATION_CONTEXT ( 'NONE', 'WORKASPACE' ) );
#2437 = SURFACE_STYLE_USAGE ( .BOTH. , #3552 ) ;
#2438 = CARTESIAN_POINT ( 'NONE',  ( -0.1194229093516176315, 0.7549703269144265594, -0.3190000000000000058 ) ) ;
#2439 = CARTESIAN_POINT ( 'NONE',  ( 0.1743615605539372837, 0.7093311146366076958, -0.3189999999999999503 ) ) ;
#2440 = CARTESIAN_POINT ( 'NONE',  ( 0.06955904929159185957, 0.6979821586799648259, -0.3189999999999997282 ) ) ;
#2441 = UNCERTAINTY_MEASURE_WITH_UNIT (LENGTH_MEASURE( 1.000000000000000082E-05 ), #1564, 'distance_accuracy_value', 'NONE');
#2442 = EDGE_LOOP ( 'NONE', ( #4607, #3391, #906 ) ) ;
#2443 = CARTESIAN_POINT ( 'NONE',  ( 0.1877761947002787590, 0.6983555048805101251, -0.3189999999999999503 ) ) ;
#2444 = ORIENTED_EDGE ( 'NONE', *, *, #1029, .F. ) ;
#2445 =( NAMED_UNIT ( * ) PLANE_ANGLE_UNIT ( ) SI_UNIT ( $, .RADIAN. ) );
#2446 = DIRECTION ( 'NONE',  ( -1.000000000000000000, 0.0000000000000000000, 0.0000000000000000000 ) ) ;
#2447 = UNCERTAINTY_MEASURE_WITH_UNIT (LENGTH_MEASURE( 1.000000000000000082E-05 ), #2700, 'distance_accuracy_value', 'NONE');
#2448 = CARTESIAN_POINT ( 'NONE',  ( 0.06955904929159185957, 0.6979821586799648259, -0.3189999999999997282 ) ) ;
#2449 =( GEOMETRIC_REPRESENTATION_CONTEXT ( 3 ) GLOBAL_UNCERTAINTY_ASSIGNED_CONTEXT ( ( #2287 ) ) GLOBAL_UNIT_ASSIGNED_CONTEXT ( ( #4151, #836, #2624 ) ) REPRESENTATION_CONTEXT ( 'NONE', 'WORKASPACE' ) );
#2450 =( GEOMETRIC_REPRESENTATION_CONTEXT ( 3 ) GLOBAL_UNCERTAINTY_ASSIGNED_CONTEXT ( ( #1527 ) ) GLOBAL_UNIT_ASSIGNED_CONTEXT ( ( #1446, #4685, #4386 ) ) REPRESENTATION_CONTEXT ( 'NONE', 'WORKASPACE' ) );
#2451 = CARTESIAN_POINT ( 'NONE',  ( 0.1224851736990830581, 0.7727459568310716120, -0.3200000000000001732 ) ) ;
#2452 = PRESENTATION_STYLE_ASSIGNMENT (( #274 ) ) ;
#2453 = CARTESIAN_POINT ( 'NONE',  ( 0.05451789179963997117, 0.7827129855942922543, -0.3190000000000000058 ) ) ;
#2454 = CARTESIAN_POINT ( 'NONE',  ( 0.07929677396857140459, 0.7081116024414857435, -0.3199999999999999512 ) ) ;
#2455 = ORIENTED_EDGE ( 'NONE', *, *, #1047, .T. ) ;
#2456 = VERTEX_POINT ( 'NONE', #3309 ) ;
#2457 = LINE ( 'NONE', #639, #2182 ) ;
#2458 = COLOUR_RGB ( '',1.000000000000000000, 1.000000000000000000, 1.000000000000000000 ) ;
#2459 = DIRECTION ( 'NONE',  ( 0.0000000000000000000, 0.0000000000000000000, 1.000000000000000000 ) ) ;
#2460 = CARTESIAN_POINT ( 'NONE',  ( -0.01710185408020908904, 0.7983555048805102139, -0.3189999999999999503 ) ) ;
#2461 = EDGE_LOOP ( 'NONE', ( #3179, #3534, #3080 ) ) ;
#2462 = ADVANCED_FACE ( 'NONE', ( #1490 ), #2919, .T. ) ;
#2463 = EDGE_LOOP ( 'NONE', ( #78, #485, #4020, #4093, #142, #3180, #4720, #4234, #1777, #3817 ) ) ;
#2464 = FILL_AREA_STYLE ('',( #4315 ) ) ;
#2465 = CARTESIAN_POINT ( 'NONE',  ( -0.1159213025329238062, 0.7286658456659363958, -0.3189999999999998392 ) ) ;
#2466 = CARTESIAN_POINT ( 'NONE',  ( -0.06864011096914576782, 0.7873505957075032091, -0.3199999999999999512 ) ) ;
#2467 = PLANE ( 'NONE',  #3896 ) ;
#2468 = COLOUR_RGB ( '',1.000000000000000000, 1.000000000000000000, 1.000000000000000000 ) ;
#2469 = LINE ( 'NONE', #1027, #3371 ) ;
#2470 = FACE_OUTER_BOUND ( 'NONE', #1386, .T. ) ;
#2471 = LINE ( 'NONE', #3230, #2138 ) ;
#2472 =( LENGTH_UNIT ( ) NAMED_UNIT ( * ) SI_UNIT ( .MILLI., .METRE. ) );
#2473 = CARTESIAN_POINT ( 'NONE',  ( -0.03905307359240421661, 0.7983555048805102139, -0.3189999999999999503 ) ) ;
#2474 = CARTESIAN_POINT ( 'NONE',  ( 0.03411765811491286604, 0.7983555048805102139, -0.3189999999999999503 ) ) ;
#2475 = CARTESIAN_POINT ( 'NONE',  ( 0.1108570956713038069, 0.7276761804584658266, -0.3199999999999998956 ) ) ;
#2476 = MECHANICAL_DESIGN_GEOMETRIC_PRESENTATION_REPRESENTATION (  '', ( #714 ), #638 ) ;
#2477 = EDGE_LOOP ( 'NONE', ( #3749, #4287, #365, #4655 ) ) ;
#2478 = EDGE_CURVE ( 'NONE', #3739, #3911, #2576, .T. ) ;
#2479 =( LENGTH_UNIT ( ) NAMED_UNIT ( * ) SI_UNIT ( .MILLI., .METRE. ) );
#2480 = EDGE_CURVE ( 'NONE', #4209, #4327, #2939, .T. ) ;
#2481 = SURFACE_STYLE_FILL_AREA ( #1042 ) ;
#2482 = DIRECTION ( 'NONE',  ( 0.0000000000000000000, -1.000000000000000000, 0.0000000000000000000 ) ) ;
#2483 = CARTESIAN_POINT ( 'NONE',  ( 0.05604871665855791496, 0.7965934724333542105, -0.3189999999999998948 ) ) ;
#2484 = CIRCLE ( 'NONE', #1197, 0.05737839342913157725 ) ;
#2485 = CARTESIAN_POINT ( 'NONE',  ( 0.08864544570961194192, 0.7871128594865786088, -0.3199999999999999512 ) ) ;
#2486 = ORIENTED_EDGE ( 'NONE', *, *, #3939, .F. ) ;
#2487 = VECTOR ( 'NONE', #3697, 1000.000000000000000 ) ;
#2488 = COLOUR_RGB ( '',1.000000000000000000, 1.000000000000000000, 1.000000000000000000 ) ;
#2489 = CARTESIAN_POINT ( 'NONE',  ( 1.084202172485504434E-16, 2.168404344971008868E-16, -0.3199999999999999512 ) ) ;
#2490 = PRESENTATION_LAYER_ASSIGNMENT (  '', '', ( #3343 ) ) ;
#2491 = CARTESIAN_POINT ( 'NONE',  ( 0.1278913085637976010, 0.7522222582215192244, -0.3199999999999999512 ) ) ;
#2492 = CARTESIAN_POINT ( 'NONE',  ( -0.1878526162753310635, 0.7373798951244125988, -0.3199999999999999512 ) ) ;
#2493 = VERTEX_POINT ( 'NONE', #1158 ) ;
#2494 = STYLED_ITEM ( 'NONE', ( #3006 ), #2726 ) ;
#2495 =( NAMED_UNIT ( * ) SI_UNIT ( $, .STERADIAN. ) SOLID_ANGLE_UNIT ( ) );
#2496 = PRESENTATION_STYLE_ASSIGNMENT (( #2192 ) ) ;
#2497 = ADVANCED_FACE ( 'NONE', ( #862 ), #4129, .T. ) ;
#2498 = AXIS2_PLACEMENT_3D ( 'NONE', #1713, #3914, #674 ) ;
#2499 =( NAMED_UNIT ( * ) PLANE_ANGLE_UNIT ( ) SI_UNIT ( $, .RADIAN. ) );
#2500 = STYLED_ITEM ( 'NONE', ( #3927 ), #2591 ) ;
#2501 = DIRECTION ( 'NONE',  ( -1.000000000000000000, 0.0000000000000000000, 0.0000000000000000000 ) ) ;
#2502 = SURFACE_STYLE_FILL_AREA ( #4378 ) ;
#2503 = CARTESIAN_POINT ( 'NONE',  ( 0.02070302396857141153, 0.7093311146366076958, -0.3199999999999999512 ) ) ;
#2504 = FILL_AREA_STYLE ('',( #1393 ) ) ;
#2505 = CARTESIAN_POINT ( 'NONE',  ( -0.01710185408020908904, 0.7873798951244125321, -0.3199999999999999512 ) ) ;
#2506 = ORIENTED_EDGE ( 'NONE', *, *, #3277, .T. ) ;
#2507 = CARTESIAN_POINT ( 'NONE',  ( -0.07190986761354127565, 0.6984580082109410615, -0.3189999999999999503 ) ) ;
#2508 = VECTOR ( 'NONE', #4480, 1000.000000000000000 ) ;
#2509 = DIRECTION ( 'NONE',  ( 0.0000000000000000000, -1.000000000000000000, 0.0000000000000000000 ) ) ;
#2510 = ORIENTED_EDGE ( 'NONE', *, *, #2480, .F. ) ;
#2511 = LINE ( 'NONE', #1424, #2371 ) ;
#2512 = CARTESIAN_POINT ( 'NONE',  ( 0.1145708315450171960, 0.7488330408040602126, -0.3189999999999999503 ) ) ;
#2513 = STYLED_ITEM ( 'NONE', ( #890 ), #3574 ) ;
#2514 = CARTESIAN_POINT ( 'NONE',  ( 0.02070302396857141153, 0.7873798951244125321, -0.3199999999999999512 ) ) ;
#2515 = SURFACE_STYLE_USAGE ( .BOTH. , #4368 ) ;
#2516 = DIRECTION ( 'NONE',  ( 1.000000000000000000, 0.0000000000000000000, 0.0000000000000000000 ) ) ;
#2517 = VECTOR ( 'NONE', #55, 1000.000000000000000 ) ;
#2518 = CARTESIAN_POINT ( 'NONE',  ( 0.05906663534828770351, 0.7850247059418501427, -0.3190000000000000058 ) ) ;
#2519 = EDGE_CURVE ( 'NONE', #4752, #3681, #461, .T. ) ;
#2520 = COLOUR_RGB ( '',1.000000000000000000, 1.000000000000000000, 1.000000000000000000 ) ;
#2521 = ORIENTED_EDGE ( 'NONE', *, *, #4243, .T. ) ;
#2522 = UNCERTAINTY_MEASURE_WITH_UNIT (LENGTH_MEASURE( 1.000000000000000082E-05 ), #619, 'distance_accuracy_value', 'NONE');
#2523 = CARTESIAN_POINT ( 'NONE',  ( -0.05246770773874569888, 0.7873798951244125321, -0.3189999999999999503 ) ) ;
#2524 = DIRECTION ( 'NONE',  ( 1.000000000000000000, 0.0000000000000000000, -0.0000000000000000000 ) ) ;
#2525 = DIRECTION ( 'NONE',  ( 0.0000000000000000000, -1.000000000000000000, 0.0000000000000000000 ) ) ;
#2526 = DIRECTION ( 'NONE',  ( -1.000000000000000000, -1.159574516027277451E-16, 0.0000000000000000000 ) ) ;
#2527 = CARTESIAN_POINT ( 'NONE',  ( -0.1268579516411847130, 0.6983555048805101251, -0.3189999999999999503 ) ) ;
#2528 = CARTESIAN_POINT ( 'NONE',  ( -0.06624438456801395869, 0.6983555048805101251, -0.3189999999999999503 ) ) ;
#2529 = PRESENTATION_LAYER_ASSIGNMENT (  '', '', ( #4398 ) ) ;
#2530 = EDGE_LOOP ( 'NONE', ( #325, #28, #4750, #811 ) ) ;
#2531 = FILL_AREA_STYLE_COLOUR ( '', #4624 ) ;
#2532 = VERTEX_POINT ( 'NONE', #471 ) ;
#2533 = EDGE_CURVE ( 'NONE', #3271, #1969, #3733, .T. ) ;
#2534 = CARTESIAN_POINT ( 'NONE',  ( -0.09796910520399829125, 0.7753525115408675950, -0.3200000000000001177 ) ) ;
#2535 = CARTESIAN_POINT ( 'NONE',  ( 0.05362985323686408207, 0.7145140414658759376, -0.3189999999999999503 ) ) ;
#2536 = CARTESIAN_POINT ( 'NONE',  ( 0.05362985323686408207, 0.7035384317097784779, -0.3189999999999999503 ) ) ;
#2537 = DIRECTION ( 'NONE',  ( 1.000000000000000000, 0.0000000000000000000, 0.0000000000000000000 ) ) ;
#2538 = ADVANCED_FACE ( 'NONE', ( #1947 ), #4591, .T. ) ;
#2539 = CARTESIAN_POINT ( 'NONE',  ( 0.05861608629199681342, 0.7973753048618875683, -0.3189999999999999503 ) ) ;
#2540 = SURFACE_STYLE_FILL_AREA ( #776 ) ;
#2541 = CARTESIAN_POINT ( 'NONE',  ( -0.06864011096914576782, 0.7873505957075032091, -0.3199999999999999512 ) ) ;
#2542 = SURFACE_STYLE_FILL_AREA ( #2925 ) ;
#2543 = UNCERTAINTY_MEASURE_WITH_UNIT (LENGTH_MEASURE( 1.000000000000000082E-05 ), #1849, 'distance_accuracy_value', 'NONE');
#2544 = COLOUR_RGB ( '',0.0000000000000000000, 0.0000000000000000000, 0.0000000000000000000 ) ;
#2545 = SURFACE_SIDE_STYLE ('',( #1166 ) ) ;
#2546 = VERTEX_POINT ( 'NONE', #3240 ) ;
#2547 = DIRECTION ( 'NONE',  ( -0.0000000000000000000, -0.0000000000000000000, 1.000000000000000000 ) ) ;
#2548 = ORIENTED_EDGE ( 'NONE', *, *, #3956, .T. ) ;
#2549 = CARTESIAN_POINT ( 'NONE',  ( -0.09573857799637375265, 0.7198033240857666382, -0.3200000000000000067 ) ) ;
#2550 = CARTESIAN_POINT ( 'NONE',  ( 1.084202172485504434E-16, -0.6385640646055100733, -0.3199999999999999512 ) ) ;
#2551 = CARTESIAN_POINT ( 'NONE',  ( 0.5000000000000001110, -0.6385640646055100733, -0.3199999999999999512 ) ) ;
#2552 = ORIENTED_EDGE ( 'NONE', *, *, #4257, .T. ) ;
#2553 = CARTESIAN_POINT ( 'NONE',  ( -0.1020154150594345388, 0.7693587870214406710, -0.3200000000000000067 ) ) ;
#2554 = DIRECTION ( 'NONE',  ( 0.0000000000000000000, 0.0000000000000000000, 1.000000000000000000 ) ) ;
#2555 = CARTESIAN_POINT ( 'NONE',  ( -0.03905307359240421661, 0.7983555048805102139, -0.3189999999999999503 ) ) ;
#2556 = CARTESIAN_POINT ( 'NONE',  ( 0.1042008680436915941, 0.7774620150300933785, -0.3189999999999999503 ) ) ;
#2557 = VECTOR ( 'NONE', #2281, 1000.000000000000114 ) ;
#2558 = AXIS2_PLACEMENT_3D ( 'NONE', #1855, #323, #2164 ) ;
#2559 = FILL_AREA_STYLE ('',( #1867 ) ) ;
#2560 = CARTESIAN_POINT ( 'NONE',  ( -0.1001594319094148144, 0.7725000398643500077, -0.3199999999999999512 ) ) ;
#2561 = CARTESIAN_POINT ( 'NONE',  ( 0.02070302396857141153, 0.7873798951244125321, -0.3189999999999999503 ) ) ;
#2562 = DIRECTION ( 'NONE',  ( 1.000000000000000000, 0.0000000000000000000, -0.0000000000000000000 ) ) ;
#2563 =( NAMED_UNIT ( * ) SI_UNIT ( $, .STERADIAN. ) SOLID_ANGLE_UNIT ( ) );
#2564 = APPLICATION_PROTOCOL_DEFINITION ( 'draft international standard', 'automotive_design', 1998, #4064 ) ;
#2565 = CARTESIAN_POINT ( 'NONE',  ( 0.05362985323686408207, 0.7145140414658759376, -0.3189999999999999503 ) ) ;
#2566 = VECTOR ( 'NONE', #3273, 1000.000000000000000 ) ;
#2567 = PLANE ( 'NONE',  #4159 ) ;
#2568 = DIRECTION ( 'NONE',  ( 0.0000000000000000000, -0.0000000000000000000, -1.000000000000000000 ) ) ;
#2569 = SPHERICAL_SURFACE ( 'NONE', #4215, 0.1599999999999999756 ) ;
#2570 = DIRECTION ( 'NONE',  ( 1.000000000000000000, 0.0000000000000000000, 0.0000000000000000000 ) ) ;
#2571 = ORIENTED_EDGE ( 'NONE', *, *, #903, .T. ) ;
#2572 = ORIENTED_EDGE ( 'NONE', *, *, #1763, .F. ) ;
#2573 = DIRECTION ( 'NONE',  ( -1.000000000000000000, 0.0000000000000000000, 0.0000000000000000000 ) ) ;
#2574 = AXIS2_PLACEMENT_3D ( 'NONE', #2083, #3199, #4686 ) ;
#2575 = FILL_AREA_STYLE_COLOUR ( '', #843 ) ;
#2576 = LINE ( 'NONE', #747, #2364 ) ;
#2577 = CARTESIAN_POINT ( 'NONE',  ( -0.03905307359240421661, 0.6983555048805101251, -0.3199999999999999512 ) ) ;
#2578 = CARTESIAN_POINT ( 'NONE',  ( 0.1120724778693037854, 0.7642981525533129039, -0.3190000000000000058 ) ) ;
#2579 = PRESENTATION_LAYER_ASSIGNMENT (  '', '', ( #4761 ) ) ;
#2580 = ORIENTED_EDGE ( 'NONE', *, *, #1433, .F. ) ;
#2581 = EDGE_LOOP ( 'NONE', ( #2675, #4614 ) ) ;
#2582 =( NAMED_UNIT ( * ) PLANE_ANGLE_UNIT ( ) SI_UNIT ( $, .RADIAN. ) );
#2583 = CARTESIAN_POINT ( 'NONE',  ( 0.1137136946511993624, 0.7850304542012244147, -0.3199999999999998401 ) ) ;
#2584 = CARTESIAN_POINT ( 'NONE',  ( 0.1146054629929616486, 0.7472884317097784335, -0.3199999999999999512 ) ) ;
#2585 = CARTESIAN_POINT ( 'NONE',  ( 0.02070302396857141153, 0.7093311146366076958, -0.3189999999999999503 ) ) ;
#2586 = SURFACE_STYLE_USAGE ( .BOTH. , #4760 ) ;
#2587 = COLOUR_RGB ( '',1.000000000000000000, 1.000000000000000000, 1.000000000000000000 ) ;
#2588 = CARTESIAN_POINT ( 'NONE',  ( -0.8250000000000001776, 0.9349999999999999423, 0.0000000000000000000 ) ) ;
#2589 = MECHANICAL_DESIGN_GEOMETRIC_PRESENTATION_REPRESENTATION (  '', ( #2513 ), #356 ) ;
#2590 = SURFACE_SIDE_STYLE ('',( #691 ) ) ;
#2591 = ADVANCED_FACE ( 'NONE', ( #3603 ), #2794, .T. ) ;
#2592 = SURFACE_SIDE_STYLE ('',( #1091 ) ) ;
#2593 = CARTESIAN_POINT ( 'NONE',  ( 0.8249999999999997335, 0.9349999999999999423, 0.0000000000000000000 ) ) ;
#2594 = AXIS2_PLACEMENT_3D ( 'NONE', #4500, #790, #880 ) ;
#2595 = STYLED_ITEM ( 'NONE', ( #334 ), #1895 ) ;
#2596 = ADVANCED_FACE ( 'NONE', ( #287 ), #3579, .T. ) ;
#2597 = CARTESIAN_POINT ( 'NONE',  ( -0.1194229093516176315, 0.7549703269144265594, -0.3199999999999998956 ) ) ;
#2598 = DIRECTION ( 'NONE',  ( 0.0000000000000000000, -1.000000000000000000, 0.0000000000000000000 ) ) ;
#2599 = B_SPLINE_SURFACE_WITH_KNOTS ( 'NONE', 3, 1, ( 
 ( #13, #1601 ),
 ( #121, #4587 ),
 ( #933, #4636 ),
 ( #1624, #1309 ),
 ( #3492, #4238 ),
 ( #3075, #871 ),
 ( #3472, #1284 ),
 ( #4562, #1334 ),
 ( #4188, #2731 ),
 ( #4163, #1651 ),
 ( #2357, #169 ),
 ( #1235, #478 ),
 ( #3792, #3821 ),
 ( #2755, #4216 ),
 ( #578, #3512 ),
 ( #196, #1672 ),
 ( #502, #1953 ),
 ( #911, #2383 ),
 ( #1694, #1983 ) ),
 .UNSPECIFIED., .F., .F., .F.,
 ( 4, 1, 1, 1, 1, 1, 1, 1, 1, 1, 1, 1, 1, 1, 1, 1, 4 ),
 ( 2, 2 ),
 ( 0.0000000000000000000, 0.06783324845577358431, 0.1326555365079040150, 0.1950508840508278219, 0.2555829330687769407, 0.3147998341472895145, 0.3736004728263743746, 0.4325455953267433595, 0.4924306292835654575, 0.5526712559629696209, 0.6125130441881162513, 0.6726102503570058344, 0.7338383693139461927, 0.7965942385677734494, 0.8614497992905729706, 0.9291989423509054991, 1.000000000000000000 ),
 ( 0.0000000000000000000, 1.000000000000000000 ),
 .UNSPECIFIED. ) ;
#2600 = SURFACE_STYLE_FILL_AREA ( #3727 ) ;
#2601 = FILL_AREA_STYLE ('',( #310 ) ) ;
#2602 = ORIENTED_EDGE ( 'NONE', *, *, #2767, .F. ) ;
#2603 = VERTEX_POINT ( 'NONE', #187 ) ;
#2604 =( LENGTH_UNIT ( ) NAMED_UNIT ( * ) SI_UNIT ( .MILLI., .METRE. ) );
#2605 = PRESENTATION_STYLE_ASSIGNMENT (( #4005 ) ) ;
#2606 = PLANE ( 'NONE',  #3568 ) ;
#2607 = LINE ( 'NONE', #318, #1226 ) ;
#2608 = AXIS2_PLACEMENT_3D ( 'NONE', #3864, #2778, #1306 ) ;
#2609 = VERTEX_POINT ( 'NONE', #4355 ) ;
#2610 = FACE_OUTER_BOUND ( 'NONE', #3439, .T. ) ;
#2611 = DIRECTION ( 'NONE',  ( 1.000000000000000000, 0.0000000000000000000, 0.0000000000000000000 ) ) ;
#2612 = UNCERTAINTY_MEASURE_WITH_UNIT (LENGTH_MEASURE( 1.000000000000000082E-05 ), #143, 'distance_accuracy_value', 'NONE');
#2613 = DIRECTION ( 'NONE',  ( 0.0000000000000000000, -1.000000000000000000, 0.0000000000000000000 ) ) ;
#2614 = ORIENTED_EDGE ( 'NONE', *, *, #447, .F. ) ;
#2615 = DIRECTION ( 'NONE',  ( 0.0000000000000000000, -1.000000000000000000, 0.0000000000000000000 ) ) ;
#2616 = CARTESIAN_POINT ( 'NONE',  ( -0.09817805238565391335, 0.7225774671576368213, -0.3189999999999999503 ) ) ;
#2617 = ORIENTED_EDGE ( 'NONE', *, *, #2834, .F. ) ;
#2618 = EDGE_CURVE ( 'NONE', #1401, #1962, #3031, .T. ) ;
#2619 = CARTESIAN_POINT ( 'NONE',  ( 0.5000000000000000000, 0.5000000000000001110, -0.3999999999999999667 ) ) ;
#2620 = CARTESIAN_POINT ( 'NONE',  ( 0.1133021403599688975, 0.7348623841840782323, -0.3190000000000000058 ) ) ;
#2621 = CARTESIAN_POINT ( 'NONE',  ( -0.5000000000000000000, 2.168404344971008868E-16, -0.3999999999999999667 ) ) ;
#2622 = EDGE_CURVE ( 'NONE', #2777, #3294, #99, .T. ) ;
#2623 = ORIENTED_EDGE ( 'NONE', *, *, #3490, .F. ) ;
#2624 =( NAMED_UNIT ( * ) SI_UNIT ( $, .STERADIAN. ) SOLID_ANGLE_UNIT ( ) );
#2625 = ORIENTED_EDGE ( 'NONE', *, *, #4437, .T. ) ;
#2626 = CARTESIAN_POINT ( 'NONE',  ( -0.06624438456801395869, 0.6983555048805101251, -0.3189999999999999503 ) ) ;
#2627 = DIRECTION ( 'NONE',  ( 0.0000000000000000000, 1.000000000000000000, 0.0000000000000000000 ) ) ;
#2628 = CARTESIAN_POINT ( 'NONE',  ( 0.02070302396857141153, 0.7544530658561199310, -0.3189999999999999503 ) ) ;
#2629 = EDGE_LOOP ( 'NONE', ( #694, #2580, #2353, #2942 ) ) ;
#2630 = SURFACE_STYLE_FILL_AREA ( #846 ) ;
#2631 = PLANE ( 'NONE',  #4424 ) ;
#2632 = CARTESIAN_POINT ( 'NONE',  ( -0.07141872851956725110, 0.7872934215415825498, -0.3199999999999998956 ) ) ;
#2633 = VERTEX_POINT ( 'NONE', #3975 ) ;
#2634 = SURFACE_SIDE_STYLE ('',( #2975 ) ) ;
#2635 = SURFACE_STYLE_USAGE ( .BOTH. , #4588 ) ;
#2636 = VECTOR ( 'NONE', #235, 1000.000000000000000 ) ;
#2637 = PRESENTATION_STYLE_ASSIGNMENT (( #3474 ) ) ;
#2639 = ORIENTED_EDGE ( 'NONE', *, *, #1119, .T. ) ;
#2638 = B_SPLINE_SURFACE_WITH_KNOTS ( 'NONE', 3, 1, ( 
 ( #1696, #678 ),
 ( #1404, #3894 ),
 ( #583, #2491 ),
 ( #3591, #1718 ),
 ( #2428, #3171 ),
 ( #603, #2804 ),
 ( #979, #2451 ),
 ( #4241, #2040 ),
 ( #3148, #4270 ),
 ( #2757, #1314 ),
 ( #937, #3869 ),
 ( #2407, #2067 ),
 ( #2835, #3540 ),
 ( #1744, #631 ),
 ( #3516, #221 ),
 ( #2781, #4689 ),
 ( #4320, #1005 ),
 ( #2087, #273 ),
 ( #955, #4662 ) ),
 .UNSPECIFIED., .F., .F., .F.,
 ( 4, 1, 1, 1, 1, 1, 1, 1, 1, 1, 1, 1, 1, 1, 1, 1, 4 ),
 ( 2, 2 ),
 ( 0.0000000000000000000, 0.07064371857535320376, 0.1382567155089040878, 0.2033641242175798503, 0.2663240938030566052, 0.3279047615429893647, 0.3887377151730923575, 0.4494235281093022505, 0.5108610114593153950, 0.5720793960475144546, 0.6317344287314451412, 0.6911172105788379039, 0.7503600294901705547, 0.8100329005312618680, 0.8713624508287362014, 0.9344271412311534464, 1.000000000000000000 ),
 ( 0.0000000000000000000, 1.000000000000000000 ),
 .UNSPECIFIED. ) ;
#2640 = VECTOR ( 'NONE', #1501, 1000.000000000000000 ) ;
#2641 = PLANE ( 'NONE',  #1597 ) ;
#2642 =( NAMED_UNIT ( * ) SI_UNIT ( $, .STERADIAN. ) SOLID_ANGLE_UNIT ( ) );
#2643 = CARTESIAN_POINT ( 'NONE',  ( -0.09573857799637375265, 0.7198033240857666382, -0.3190000000000000058 ) ) ;
#2644 = VECTOR ( 'NONE', #2843, 1000.000000000000000 ) ;
#2645 = FACE_OUTER_BOUND ( 'NONE', #1052, .T. ) ;
#2646 = CARTESIAN_POINT ( 'NONE',  ( 0.1140572647842961057, 0.7388030563685452634, -0.3189999999999998948 ) ) ;
#2647 =( NAMED_UNIT ( * ) PLANE_ANGLE_UNIT ( ) SI_UNIT ( $, .RADIAN. ) );
#2648 = ORIENTED_EDGE ( 'NONE', *, *, #3856, .F. ) ;
#2649 = ORIENTED_EDGE ( 'NONE', *, *, #381, .T. ) ;
#2650 = DIRECTION ( 'NONE',  ( -0.0000000000000000000, -0.0000000000000000000, -1.000000000000000000 ) ) ;
#2651 = MECHANICAL_DESIGN_GEOMETRIC_PRESENTATION_REPRESENTATION (  '', ( #4756 ), #259 ) ;
#2652 = DIRECTION ( 'NONE',  ( -0.3222024856061130316, 0.9466707760722533616, 0.0000000000000000000 ) ) ;
#2653 = DIRECTION ( 'NONE',  ( 0.0000000000000000000, -0.0000000000000000000, -1.000000000000000000 ) ) ;
#2654 = COLOUR_RGB ( '',1.000000000000000000, 1.000000000000000000, 1.000000000000000000 ) ;
#2655 = CARTESIAN_POINT ( 'NONE',  ( 0.07840323454526633429, 0.7885702737109367977, -0.3189999999999998948 ) ) ;
#2656 = CARTESIAN_POINT ( 'NONE',  ( 0.07599308538787305500, 0.7885834532599006463, -0.3190000000000000058 ) ) ;
#2657 = LINE ( 'NONE', #4486, #1272 ) ;
#2658 = CARTESIAN_POINT ( 'NONE',  ( -0.5000000000000000000, -0.1385640646055099345, -0.3199999999999999512 ) ) ;
#2659 =( GEOMETRIC_REPRESENTATION_CONTEXT ( 3 ) GLOBAL_UNCERTAINTY_ASSIGNED_CONTEXT ( ( #3351 ) ) GLOBAL_UNIT_ASSIGNED_CONTEXT ( ( #1693, #2445, #3889 ) ) REPRESENTATION_CONTEXT ( 'NONE', 'WORKASPACE' ) );
#2660 = CARTESIAN_POINT ( 'NONE',  ( 0.8249999999999999556, -0.9350000000000001643, -3.173872490726019624 ) ) ;
#2661 = CARTESIAN_POINT ( 'NONE',  ( 0.09592663662551005610, 0.6989505280260029929, -0.3190000000000001168 ) ) ;
#2662 = ORIENTED_EDGE ( 'NONE', *, *, #725, .T. ) ;
#2663 = ORIENTED_EDGE ( 'NONE', *, *, #1785, .T. ) ;
#2664 = CIRCLE ( 'NONE', #2290, 0.1599999999999999756 ) ;
#2665 = CARTESIAN_POINT ( 'NONE',  ( 0.05362985323686408207, 0.7956116024414856547, -0.3189999999999999503 ) ) ;
#2666 = CARTESIAN_POINT ( 'NONE',  ( -0.07539339755113406982, 0.7099318052405426682, -0.3190000000000000613 ) ) ;
#2667 = EDGE_CURVE ( 'NONE', #3776, #3739, #2953, .T. ) ;
#2668 = AXIS2_PLACEMENT_3D ( 'NONE', #1200, #2698, #4177 ) ;
#2669 = VECTOR ( 'NONE', #3811, 1000.000000000000000 ) ;
#2670 = CARTESIAN_POINT ( 'NONE',  ( 0.1137136946511993624, 0.7850304542012244147, -0.3189999999999998392 ) ) ;
#2671 = PLANE ( 'NONE',  #242 ) ;
#2672 = AXIS2_PLACEMENT_3D ( 'NONE', #1690, #2776, #237 ) ;
#2673 = ORIENTED_EDGE ( 'NONE', *, *, #1074, .T. ) ;
#2674 = DIRECTION ( 'NONE',  ( 0.0000000000000000000, -1.000000000000000000, 0.0000000000000000000 ) ) ;
#2675 = ORIENTED_EDGE ( 'NONE', *, *, #4407, .F. ) ;
#2676 = SURFACE_STYLE_FILL_AREA ( #4554 ) ;
#2677 = CARTESIAN_POINT ( 'NONE',  ( -0.2024677077387457003, 0.6983555048805101251, -0.3189999999999999503 ) ) ;
#2678 = B_SPLINE_SURFACE_WITH_KNOTS ( 'NONE', 3, 1, ( 
 ( #4299, #2838 ),
 ( #3942, #657 ),
 ( #1406, #2861 ),
 ( #1871, #36 ),
 ( #4784, #1164 ),
 ( #1108, #3676 ),
 ( #4032, #369 ) ),
 .UNSPECIFIED., .F., .F., .F.,
 ( 4, 1, 1, 1, 4 ),
 ( 2, 2 ),
 ( 0.0000000000000000000, 0.1744817153170560020, 0.3982857591281081522, 0.6738978473986653173, 1.000000000000000000 ),
 ( 0.0000000000000000000, 1.000000000000000000 ),
 .UNSPECIFIED. ) ;
#2679 = ORIENTED_EDGE ( 'NONE', *, *, #1037, .F. ) ;
#2680 = CARTESIAN_POINT ( 'NONE',  ( 0.1132084277937409345, 0.7603844201663988445, -0.3189999999999999503 ) ) ;
#2681 = EDGE_CURVE ( 'NONE', #1493, #4116, #1045, .T. ) ;
#2682 = SURFACE_STYLE_USAGE ( .BOTH. , #3740 ) ;
#2683 = CARTESIAN_POINT ( 'NONE',  ( 0.1280200971393031240, 0.7464690719536809516, -0.3199999999999999512 ) ) ;
#2684 =( NAMED_UNIT ( * ) SI_UNIT ( $, .STERADIAN. ) SOLID_ANGLE_UNIT ( ) );
#2685 =( LENGTH_UNIT ( ) NAMED_UNIT ( * ) SI_UNIT ( .MILLI., .METRE. ) );
#2686 = CARTESIAN_POINT ( 'NONE',  ( 0.1231335469430974855, 0.7220318928585136575, -0.3189999999999999503 ) ) ;
#2687 = ADVANCED_FACE ( 'NONE', ( #1575 ), #2641, .T. ) ;
#2688 = VERTEX_POINT ( 'NONE', #1504 ) ;
#2689 = VECTOR ( 'NONE', #1979, 1000.000000000000000 ) ;
#2690 =( LENGTH_UNIT ( ) NAMED_UNIT ( * ) SI_UNIT ( .MILLI., .METRE. ) );
#2691 = CARTESIAN_POINT ( 'NONE',  ( -0.07799515537002030263, 0.7976243702898042631, -0.3190000000000000058 ) ) ;
#2692 = ORIENTED_EDGE ( 'NONE', *, *, #4068, .T. ) ;
#2693 = CARTESIAN_POINT ( 'NONE',  ( -0.09243256577891895143, 0.7932776509814455368, -0.3199999999999998401 ) ) ;
#2694 = MECHANICAL_DESIGN_GEOMETRIC_PRESENTATION_REPRESENTATION (  '', ( #3533 ), #52 ) ;
#2695 = CARTESIAN_POINT ( 'NONE',  ( -0.09300173851110714318, 0.7173358180145555929, -0.3200000000000000622 ) ) ;
#2696 = AXIS2_PLACEMENT_3D ( 'NONE', #1293, #4595, #1747 ) ;
#2697 = DIRECTION ( 'NONE',  ( 0.0000000000000000000, -1.000000000000000000, 0.0000000000000000000 ) ) ;
#2698 = DIRECTION ( 'NONE',  ( 0.0000000000000000000, -0.0000000000000000000, -1.000000000000000000 ) ) ;
#2699 = VERTEX_POINT ( 'NONE', #1193 ) ;
#2700 =( LENGTH_UNIT ( ) NAMED_UNIT ( * ) SI_UNIT ( .MILLI., .METRE. ) );
#2701 = PRESENTATION_STYLE_ASSIGNMENT (( #4553 ) ) ;
#2702 = VERTEX_POINT ( 'NONE', #4142 ) ;
#2703 = DIRECTION ( 'NONE',  ( 0.0000000000000000000, 1.000000000000000000, 0.0000000000000000000 ) ) ;
#2704 = CARTESIAN_POINT ( 'NONE',  ( -0.2024677077387457003, 0.6983555048805101251, -0.3189999999999999503 ) ) ;
#2705 = SURFACE_SIDE_STYLE ('',( #4612 ) ) ;
#2706 = CARTESIAN_POINT ( 'NONE',  ( 0.5000000000000001110, -0.4999999999999998890, -0.3999999999999999667 ) ) ;
#2707 = EDGE_CURVE ( 'NONE', #2132, #2493, #4079, .T. ) ;
#2708 = FACE_BOUND ( 'NONE', #4123, .T. ) ;
#2709 = CARTESIAN_POINT ( 'NONE',  ( -0.09243256577891895143, 0.7932776509814455368, -0.3189999999999998392 ) ) ;
#2710 = VERTEX_POINT ( 'NONE', #1530 ) ;
#2711 = CARTESIAN_POINT ( 'NONE',  ( 0.1365566825051567901, 0.6983555048805101251, -0.3189999999999999503 ) ) ;
#2712 = VECTOR ( 'NONE', #4465, 1000.000000000000000 ) ;
#2713 = PRESENTATION_LAYER_ASSIGNMENT (  '', '', ( #86 ) ) ;
#2714 = AXIS2_PLACEMENT_3D ( 'NONE', #3029, #1214, #4139 ) ;
#2715 = B_SPLINE_SURFACE_WITH_KNOTS ( 'NONE', 3, 1, ( 
 ( #4489, #67 ),
 ( #1984, #3822 ),
 ( #3449, #600 ),
 ( #2064, #4267 ),
 ( #3228, #2426 ),
 ( #4661, #934 ),
 ( #2448, #4239 ),
 ( #1762, #2858 ),
 ( #2112, #1004 ),
 ( #3146, #2135 ),
 ( #4340, #3563 ) ),
 .UNSPECIFIED., .F., .F., .F.,
 ( 4, 1, 1, 1, 1, 1, 1, 1, 4 ),
 ( 2, 2 ),
 ( 0.0000000000000000000, 0.1124483899088023486, 0.2265276752126783866, 0.3444019493260284115, 0.4658649724874592279, 0.5916594493521175613, 0.7221684870248873400, 0.8586063875549265756, 1.000000000000000000 ),
 ( 0.0000000000000000000, 1.000000000000000000 ),
 .UNSPECIFIED. ) ;
#2716 = CARTESIAN_POINT ( 'NONE',  ( -0.1268579516411847130, 0.6983555048805101251, -0.3189999999999999503 ) ) ;
#2717 = CARTESIAN_POINT ( 'NONE',  ( -0.1003302889721165297, 0.7256148514934489535, -0.3190000000000000058 ) ) ;
#2718 = VECTOR ( 'NONE', #2101, 1000.000000000000000 ) ;
#2719 = COLOUR_RGB ( '',0.0000000000000000000, 0.0000000000000000000, 0.0000000000000000000 ) ;
#2720 = EDGE_LOOP ( 'NONE', ( #3661, #2639, #2989 ) ) ;
#2721 = CARTESIAN_POINT ( 'NONE',  ( -0.1186977483272820821, 0.7386188274440410595, -0.3200000000000001177 ) ) ;
#2722 = FACE_OUTER_BOUND ( 'NONE', #1012, .T. ) ;
#2723 = SURFACE_STYLE_FILL_AREA ( #1615 ) ;
#2724 = FILL_AREA_STYLE ('',( #4130 ) ) ;
#2725 = DIRECTION ( 'NONE',  ( 0.0000000000000000000, -0.0000000000000000000, 1.000000000000000000 ) ) ;
#2726 = ADVANCED_FACE ( 'NONE', ( #801 ), #2004, .T. ) ;
#2727 = ORIENTED_EDGE ( 'NONE', *, *, #2323, .F. ) ;
#2728 =( GEOMETRIC_REPRESENTATION_CONTEXT ( 3 ) GLOBAL_UNCERTAINTY_ASSIGNED_CONTEXT ( ( #996 ) ) GLOBAL_UNIT_ASSIGNED_CONTEXT ( ( #3743, #779, #4106 ) ) REPRESENTATION_CONTEXT ( 'NONE', 'WORKASPACE' ) );
#2729 = CARTESIAN_POINT ( 'NONE',  ( -0.1727992626167945411, 0.7791481878073394096, -0.3199999999999999512 ) ) ;
#2730 = SURFACE_STYLE_FILL_AREA ( #1283 ) ;
#2731 = CARTESIAN_POINT ( 'NONE',  ( 0.1120029510904169273, 0.7074629908046349280, -0.3199999999999998956 ) ) ;
#2732 = ORIENTED_EDGE ( 'NONE', *, *, #1934, .T. ) ;
#2733 =( GEOMETRIC_REPRESENTATION_CONTEXT ( 3 ) GLOBAL_UNCERTAINTY_ASSIGNED_CONTEXT ( ( #232 ) ) GLOBAL_UNIT_ASSIGNED_CONTEXT ( ( #1725, #3259, #4675 ) ) REPRESENTATION_CONTEXT ( 'NONE', 'WORKASPACE' ) );
#2734 =( LENGTH_UNIT ( ) NAMED_UNIT ( * ) SI_UNIT ( .MILLI., .METRE. ) );
#2735 = PLANE ( 'NONE',  #2316 ) ;
#2736 = MECHANICAL_DESIGN_GEOMETRIC_PRESENTATION_REPRESENTATION (  '', ( #595 ), #2436 ) ;
#2737 = PRESENTATION_STYLE_ASSIGNMENT (( #2044 ) ) ;
#2738 = CARTESIAN_POINT ( 'NONE',  ( 0.1071868992874154963, 0.7214129612096604749, -0.3199999999999998956 ) ) ;
#2739 = EDGE_CURVE ( 'NONE', #1350, #4381, #1935, .T. ) ;
#2740 = CARTESIAN_POINT ( 'NONE',  ( 0.1060467834612810051, 0.7914298471321078443, -0.3189999999999998392 ) ) ;
#2741 = FILL_AREA_STYLE_COLOUR ( '', #1681 ) ;
#2742 = ADVANCED_FACE ( 'NONE', ( #2069 ), #1630, .T. ) ;
#2743 = ORIENTED_EDGE ( 'NONE', *, *, #3128, .T. ) ;
#2744 = PRESENTATION_LAYER_ASSIGNMENT (  '', '', ( #1149 ) ) ;
#2745 = CARTESIAN_POINT ( 'NONE',  ( -0.1186977483272820821, 0.7386188274440410595, -0.3200000000000001177 ) ) ;
#2747 = MECHANICAL_DESIGN_GEOMETRIC_PRESENTATION_REPRESENTATION (  '', ( #4306 ), #2733 ) ;
#2746 = FILL_AREA_STYLE ('',( #2010 ) ) ;
#2748 = SURFACE_STYLE_USAGE ( .BOTH. , #4208 ) ;
#2749 = FACE_BOUND ( 'NONE', #1603, .T. ) ;
#2750 = CIRCLE ( 'NONE', #2672, 0.1385640646055101566 ) ;
#2751 = EDGE_LOOP ( 'NONE', ( #570, #3326, #2510, #4002 ) ) ;
#2752 = CARTESIAN_POINT ( 'NONE',  ( 0.1146054629929616486, 0.7472884317097784335, -0.3199999999999999512 ) ) ;
#2753 = CARTESIAN_POINT ( 'NONE',  ( -0.1138220939218995836, 0.7241224781309916203, -0.3190000000000001168 ) ) ;
#2754 = CARTESIAN_POINT ( 'NONE',  ( 0.07929677396857140459, 0.7081116024414857435, -0.3199999999999999512 ) ) ;
#2755 = CARTESIAN_POINT ( 'NONE',  ( 0.1249234490930584279, 0.7263964153272444157, -0.3190000000000001168 ) ) ;
#2756 = DIRECTION ( 'NONE',  ( 0.0000000000000000000, 1.000000000000000000, 0.0000000000000000000 ) ) ;
#2757 = CARTESIAN_POINT ( 'NONE',  ( 0.1137136946511993624, 0.7850304542012244147, -0.3189999999999998392 ) ) ;
#2758 = CARTESIAN_POINT ( 'NONE',  ( 1.696920381959850743E-17, 0.6385640646055104064, -0.3199999999999999512 ) ) ;
#2759 =( LENGTH_UNIT ( ) NAMED_UNIT ( * ) SI_UNIT ( .MILLI., .METRE. ) );
#2760 = FILL_AREA_STYLE ('',( #4542 ) ) ;
#2761 = CARTESIAN_POINT ( 'NONE',  ( -0.1713944870950825927, 0.7853916455321912071, -0.3199999999999999512 ) ) ;
#2762 = STYLED_ITEM ( 'NONE', ( #2206 ), #4178 ) ;
#2763 = VECTOR ( 'NONE', #1118, 1000.000000000000000 ) ;
#2764 = CARTESIAN_POINT ( 'NONE',  ( 0.1278913085637976010, 0.7522222582215192244, -0.3189999999999998948 ) ) ;
#2765 = CARTESIAN_POINT ( 'NONE',  ( -0.1060917327220718548, 0.7477890495105987689, -0.3189999999999999503 ) ) ;
#2766 = EDGE_CURVE ( 'NONE', #2079, #1064, #3082, .T. ) ;
#2767 = EDGE_CURVE ( 'NONE', #1330, #1755, #2884, .T. ) ;
#2768 = VECTOR ( 'NONE', #2808, 1000.000000000000000 ) ;
#2769 = ADVANCED_FACE ( 'NONE', ( #2365 ), #2784, .T. ) ;
#2770 = CARTESIAN_POINT ( 'NONE',  ( -0.1195004917501885089, 0.7477243683810946839, -0.3189999999999999503 ) ) ;
#2771 = SURFACE_STYLE_FILL_AREA ( #2099 ) ;
#2772 = DIRECTION ( 'NONE',  ( 1.000000000000000000, -1.224646799147353207E-16, 0.0000000000000000000 ) ) ;
#2773 = CARTESIAN_POINT ( 'NONE',  ( 0.0000000000000000000, 0.0000000000000000000, 0.0000000000000000000 ) ) ;
#2774 = ORIENTED_EDGE ( 'NONE', *, *, #681, .F. ) ;
#2775 = EDGE_LOOP ( 'NONE', ( #858, #1083, #3757 ) ) ;
#2776 = DIRECTION ( 'NONE',  ( 0.0000000000000000000, -0.0000000000000000000, -1.000000000000000000 ) ) ;
#2777 = VERTEX_POINT ( 'NONE', #1766 ) ;
#2778 = DIRECTION ( 'NONE',  ( 0.0000000000000000000, -1.000000000000000000, 0.0000000000000000000 ) ) ;
#2779 = DIRECTION ( 'NONE',  ( -0.0000000000000000000, -0.0000000000000000000, -1.000000000000000000 ) ) ;
#2780 = ORIENTED_EDGE ( 'NONE', *, *, #3609, .F. ) ;
#2781 = CARTESIAN_POINT ( 'NONE',  ( 0.08770582634900540853, 0.7987457640973194550, -0.3189999999999998948 ) ) ;
#2782 = DIRECTION ( 'NONE',  ( 1.000000000000000000, 0.0000000000000000000, 0.0000000000000000000 ) ) ;
#2783 = FILL_AREA_STYLE_COLOUR ( '', #3235 ) ;
#2784 = PLANE ( 'NONE',  #2194 ) ;
#2785 = EDGE_LOOP ( 'NONE', ( #1106, #1985, #2506, #192 ) ) ;
#2786 = FILL_AREA_STYLE ('',( #2092 ) ) ;
#2787 = LINE ( 'NONE', #3211, #1223 ) ;
#2788 = AXIS2_PLACEMENT_3D ( 'NONE', #2906, #4010, #2611 ) ;
#2789 = CIRCLE ( 'NONE', #1, 0.1599999999999999756 ) ;
#2790 = PRESENTATION_LAYER_ASSIGNMENT (  '', '', ( #2256 ) ) ;
#2791 = CARTESIAN_POINT ( 'NONE',  ( -0.07539339755113406982, 0.7099318052405426682, -0.3200000000000000622 ) ) ;
#2792 = CARTESIAN_POINT ( 'NONE',  ( -0.1081731937674847849, 0.7817484006718592449, -0.3190000000000001168 ) ) ;
#2793 = CARTESIAN_POINT ( 'NONE',  ( -0.09227521144395618713, 0.7037401419850215500, -0.3189999999999999503 ) ) ;
#2794 = PLANE ( 'NONE',  #3517 ) ;
#2795 = AXIS2_PLACEMENT_3D ( 'NONE', #1416, #969, #1684 ) ;
#2796 = LINE ( 'NONE', #928, #3872 ) ;
#2797 = MECHANICAL_DESIGN_GEOMETRIC_PRESENTATION_REPRESENTATION (  '', ( #741 ), #3033 ) ;
#2798 = VERTEX_POINT ( 'NONE', #3636 ) ;
#2799 = FILL_AREA_STYLE_COLOUR ( '', #983 ) ;
#2800 = ORIENTED_EDGE ( 'NONE', *, *, #3835, .T. ) ;
#2801 = SURFACE_STYLE_FILL_AREA ( #4264 ) ;
#2802 = FILL_AREA_STYLE ('',( #1332 ) ) ;
#2803 = DIRECTION ( 'NONE',  ( -1.000000000000000000, -0.0000000000000000000, -0.0000000000000000000 ) ) ;
#2804 = CARTESIAN_POINT ( 'NONE',  ( 0.1245111427209389110, 0.7680524428726963615, -0.3199999999999999512 ) ) ;
#2805 = FILL_AREA_STYLE ('',( #2783 ) ) ;
#2806 = PRESENTATION_LAYER_ASSIGNMENT (  '', '', ( #103 ) ) ;
#2807 =( NAMED_UNIT ( * ) SI_UNIT ( $, .STERADIAN. ) SOLID_ANGLE_UNIT ( ) );
#2808 = DIRECTION ( 'NONE',  ( 1.000000000000000000, 0.0000000000000000000, 0.0000000000000000000 ) ) ;
#2809 = COLOUR_RGB ( '',1.000000000000000000, 1.000000000000000000, 1.000000000000000000 ) ;
#2810 = VERTEX_POINT ( 'NONE', #3967 ) ;
#2811 = PRESENTATION_STYLE_ASSIGNMENT (( #1364 ) ) ;
#2812 = EDGE_CURVE ( 'NONE', #3294, #3898, #3804, .T. ) ;
#2813 = LINE ( 'NONE', #4279, #77 ) ;
#2814 =( GEOMETRIC_REPRESENTATION_CONTEXT ( 3 ) GLOBAL_UNCERTAINTY_ASSIGNED_CONTEXT ( ( #1221 ) ) GLOBAL_UNIT_ASSIGNED_CONTEXT ( ( #4703, #618, #1368 ) ) REPRESENTATION_CONTEXT ( 'NONE', 'WORKASPACE' ) );
#2815 = CARTESIAN_POINT ( 'NONE',  ( -0.1510385918850871423, 0.7264042853683149170, -0.3189999999999999503 ) ) ;
#2816 = CARTESIAN_POINT ( 'NONE',  ( -0.07271274095140717320, 0.7982342658140991754, -0.3190000000000000058 ) ) ;
#2817 = PRESENTATION_STYLE_ASSIGNMENT (( #1367 ) ) ;
#2818 = DIRECTION ( 'NONE',  ( -0.0000000000000000000, 0.0000000000000000000, -1.000000000000000000 ) ) ;
#2819 = PRESENTATION_LAYER_ASSIGNMENT (  '', '', ( #2210 ) ) ;
#2820 = FACE_BOUND ( 'NONE', #3756, .T. ) ;
#2821 = ORIENTED_EDGE ( 'NONE', *, *, #1433, .T. ) ;
#2822 = UNCERTAINTY_MEASURE_WITH_UNIT (LENGTH_MEASURE( 1.000000000000000082E-05 ), #730, 'distance_accuracy_value', 'NONE');
#2823 = ORIENTED_EDGE ( 'NONE', *, *, #4622, .F. ) ;
#2824 = LINE ( 'NONE', #384, #4228 ) ;
#2825 = VECTOR ( 'NONE', #3615, 1000.000000000000000 ) ;
#2826 = CARTESIAN_POINT ( 'NONE',  ( -0.1195004917501885089, 0.7477243683810946839, -0.3189999999999999503 ) ) ;
#2827 = CARTESIAN_POINT ( 'NONE',  ( -0.08964864843200945344, 0.7820667224748073521, -0.3199999999999999512 ) ) ;
#2828 = FACE_OUTER_BOUND ( 'NONE', #2129, .T. ) ;
#2829 = CARTESIAN_POINT ( 'NONE',  ( 0.08627576276095517971, 0.6972504213104342430, -0.3200000000000000067 ) ) ;
#2830 = UNCERTAINTY_MEASURE_WITH_UNIT (LENGTH_MEASURE( 1.000000000000000082E-05 ), #624, 'distance_accuracy_value', 'NONE');
#2831 = LINE ( 'NONE', #3121, #304 ) ;
#2832 = VECTOR ( 'NONE', #191, 1000.000000000000000 ) ;
#2833 = EDGE_CURVE ( 'NONE', #2851, #3720, #1746, .T. ) ;
#2834 = EDGE_CURVE ( 'NONE', #2633, #3462, #3594, .T. ) ;
#2835 = CARTESIAN_POINT ( 'NONE',  ( 0.1018243454704651635, 0.7939499220210728403, -0.3190000000000000058 ) ) ;
#2836 = FILL_AREA_STYLE_COLOUR ( '', #2918 ) ;
#2837 = ADVANCED_FACE ( 'NONE', ( #4343 ), #2678, .T. ) ;
#2838 = CARTESIAN_POINT ( 'NONE',  ( -0.1727992626167944856, 0.7791481878073394096, -0.3199999999999999512 ) ) ;
#2839 = CARTESIAN_POINT ( 'NONE',  ( 0.1145234234466263601, 0.7429708241608273811, -0.3199999999999999512 ) ) ;
#2840 = ORIENTED_EDGE ( 'NONE', *, *, #2681, .T. ) ;
#2841 = ORIENTED_EDGE ( 'NONE', *, *, #923, .F. ) ;
#2842 = ORIENTED_EDGE ( 'NONE', *, *, #3490, .T. ) ;
#2843 = DIRECTION ( 'NONE',  ( -1.000000000000000000, 0.0000000000000000000, 0.0000000000000000000 ) ) ;
#2844 = SURFACE_STYLE_FILL_AREA ( #3502 ) ;
#2845 = AXIS2_PLACEMENT_3D ( 'NONE', #2473, #3941, #2115 ) ;
#2846 = FILL_AREA_STYLE_COLOUR ( '', #4144 ) ;
#2847 = FACE_OUTER_BOUND ( 'NONE', #1613, .T. ) ;
#2848 = CARTESIAN_POINT ( 'NONE',  ( 0.06132793098811421123, 0.7980730627144273504, -0.3199999999999999512 ) ) ;
#2849 = SURFACE_STYLE_FILL_AREA ( #2504 ) ;
#2850 = FACE_OUTER_BOUND ( 'NONE', #2751, .T. ) ;
#2851 = VERTEX_POINT ( 'NONE', #1549 ) ;
#2852 = SPHERICAL_SURFACE ( 'NONE', #768, 0.1599999999999999756 ) ;
#2853 =( NAMED_UNIT ( * ) PLANE_ANGLE_UNIT ( ) SI_UNIT ( $, .RADIAN. ) );
#2854 = SURFACE_STYLE_USAGE ( .BOTH. , #2175 ) ;
#2855 = SURFACE_SIDE_STYLE ('',( #4635 ) ) ;
#2856 = STYLED_ITEM ( 'NONE', ( #1602 ), #1186 ) ;
#2857 = CARTESIAN_POINT ( 'NONE',  ( -0.01466282968996519831, 0.7434774561000223603, -0.3189999999999999503 ) ) ;
#2858 = CARTESIAN_POINT ( 'NONE',  ( 0.07327119021512669417, 0.6975001383412887668, -0.3199999999999999512 ) ) ;
#2859 = CARTESIAN_POINT ( 'NONE',  ( 0.1146054629929616486, 0.7472884317097784335, -0.3199999999999999512 ) ) ;
#2860 = EDGE_CURVE ( 'NONE', #896, #1819, #2284, .T. ) ;
#2861 = CARTESIAN_POINT ( 'NONE',  ( -0.1723896154141790205, 0.7804579224113405989, -0.3200000000000000067 ) ) ;
#2862 = ORIENTED_EDGE ( 'NONE', *, *, #3703, .F. ) ;
#2863 = CARTESIAN_POINT ( 'NONE',  ( 0.05948144612006654036, 0.7006897360720404366, -0.3200000000000001177 ) ) ;
#2864 = CARTESIAN_POINT ( 'NONE',  ( -0.1060246754335968516, 0.7448001661723905320, -0.3189999999999999503 ) ) ;
#2865 = CARTESIAN_POINT ( 'NONE',  ( -0.1060246754335968516, 0.7448001661723905320, -0.3199999999999999512 ) ) ;
#2866 = CARTESIAN_POINT ( 'NONE',  ( -0.05246770773874569888, 0.7093311146366076958, -0.3189999999999999503 ) ) ;
#2867 = CARTESIAN_POINT ( 'NONE',  ( -0.06624438456801395869, 0.6983555048805101251, -0.3189999999999999503 ) ) ;
#2868 = CARTESIAN_POINT ( 'NONE',  ( 0.06722542307025552999, 0.7990580008272083479, -0.3200000000000000622 ) ) ;
#2869 = MECHANICAL_DESIGN_GEOMETRIC_PRESENTATION_REPRESENTATION (  '', ( #572 ), #1502 ) ;
#2870 = CARTESIAN_POINT ( 'NONE',  ( 0.1280200971393031240, 0.7464690719536809516, -0.3189999999999999503 ) ) ;
#2871 =( GEOMETRIC_REPRESENTATION_CONTEXT ( 3 ) GLOBAL_UNCERTAINTY_ASSIGNED_CONTEXT ( ( #409 ) ) GLOBAL_UNIT_ASSIGNED_CONTEXT ( ( #4765, #1857, #3679 ) ) REPRESENTATION_CONTEXT ( 'NONE', 'WORKASPACE' ) );
#2872 = ORIENTED_EDGE ( 'NONE', *, *, #2519, .F. ) ;
#2873 = FILL_AREA_STYLE ('',( #4359 ) ) ;
#2874 = ORIENTED_EDGE ( 'NONE', *, *, #4810, .T. ) ;
#2875 = CARTESIAN_POINT ( 'NONE',  ( 0.06879606300030366439, 0.7089623359817408543, -0.3190000000000001723 ) ) ;
#2876 = DIRECTION ( 'NONE',  ( -1.000000000000000000, 0.0000000000000000000, 0.0000000000000000000 ) ) ;
#2877 = STYLED_ITEM ( 'NONE', ( #1662 ), #4450 ) ;
#2878 = SURFACE_STYLE_USAGE ( .BOTH. , #1425 ) ;
#2879 = ADVANCED_FACE ( 'NONE', ( #1137 ), #2309, .F. ) ;
#2880 = COLOUR_RGB ( '',0.2509803921568627416, 0.2509803921568627416, 0.2509803921568627416 ) ;
#2881 = DIRECTION ( 'NONE',  ( -1.000000000000000000, -0.0000000000000000000, -0.0000000000000000000 ) ) ;
#2882 = SURFACE_STYLE_FILL_AREA ( #2805 ) ;
#2883 =( NAMED_UNIT ( * ) SI_UNIT ( $, .STERADIAN. ) SOLID_ANGLE_UNIT ( ) );
#2884 = B_SPLINE_CURVE_WITH_KNOTS ( 'NONE', 3,
 ( #4246, #3151, #561, #2023, #3873, #608, #2693, #224, #1266, #3127, #1318, #177, #585, #3518, #4171, #4197, #874, #2341, #899 ),
 .UNSPECIFIED., .F., .F.,
 ( 4, 1, 1, 1, 1, 1, 1, 1, 1, 1, 1, 1, 1, 1, 1, 1, 4 ),
 ( 0.0000000000000000000, 0.06863117867660104010, 0.1345664660386768630, 0.1983281540108809970, 0.2607897666408450221, 0.3219991514841584745, 0.3827217465030195442, 0.4435374740357291845, 0.5051334294849250117, 0.5662138747646717762, 0.6261058646175461373, 0.6853493221605171382, 0.7449958703477970179, 0.8054158418145624942, 0.8676362663459531444, 0.9323077823023293575, 1.000000000000000000 ),
 .UNSPECIFIED. ) ;
#2885 = ORIENTED_EDGE ( 'NONE', *, *, #3279, .T. ) ;
#2886 = PRESENTATION_LAYER_ASSIGNMENT (  '', '', ( #3806 ) ) ;
#2887 = ORIENTED_EDGE ( 'NONE', *, *, #4308, .T. ) ;
#2888 = CARTESIAN_POINT ( 'NONE',  ( -0.1693312748119164268, 0.7791481878073394096, -0.3199999999999999512 ) ) ;
#2889 = CARTESIAN_POINT ( 'NONE',  ( -0.01466282968996519831, 0.7434774561000223603, -0.3189999999999999503 ) ) ;
#2890 = EDGE_CURVE ( 'NONE', #1036, #263, #4077, .T. ) ;
#2891 = AXIS2_PLACEMENT_3D ( 'NONE', #1128, #387, #722 ) ;
#2892 = PRESENTATION_STYLE_ASSIGNMENT (( #2097 ) ) ;
#2893 = EDGE_CURVE ( 'NONE', #682, #4209, #2949, .T. ) ;
#2894 = CARTESIAN_POINT ( 'NONE',  ( 0.09215392884147403929, 0.7858844877586887989, -0.3199999999999999512 ) ) ;
#2895 = ORIENTED_EDGE ( 'NONE', *, *, #1140, .F. ) ;
#2896 = STYLED_ITEM ( 'NONE', ( #4227 ), #580 ) ;
#2897 = PLANE ( 'NONE',  #284 ) ;
#2898 = ORIENTED_EDGE ( 'NONE', *, *, #729, .F. ) ;
#2899 = VERTEX_POINT ( 'NONE', #3714 ) ;
#2900 = MECHANICAL_DESIGN_GEOMETRIC_PRESENTATION_REPRESENTATION (  '', ( #2210 ), #1453 ) ;
#2901 = CARTESIAN_POINT ( 'NONE',  ( 0.1272937661174665114, 0.7359371985297461505, -0.3199999999999999512 ) ) ;
#2902 = PRESENTATION_LAYER_ASSIGNMENT (  '', '', ( #4699 ) ) ;
#2903 = DIRECTION ( 'NONE',  ( 1.000000000000000000, 0.0000000000000000000, 0.0000000000000000000 ) ) ;
#2904 = CARTESIAN_POINT ( 'NONE',  ( -0.07548476260310219010, 0.7868479945638204853, -0.3190000000000000058 ) ) ;
#2905 = VECTOR ( 'NONE', #439, 1000.000000000000000 ) ;
#2906 = CARTESIAN_POINT ( 'NONE',  ( -0.5898099180248681517, 0.6498565917493318578, 0.04000000000000000083 ) ) ;
#2907 =( GEOMETRIC_REPRESENTATION_CONTEXT ( 3 ) GLOBAL_UNCERTAINTY_ASSIGNED_CONTEXT ( ( #966 ) ) GLOBAL_UNIT_ASSIGNED_CONTEXT ( ( #3307, #4128, #386 ) ) REPRESENTATION_CONTEXT ( 'NONE', 'WORKASPACE' ) );
#2908 = FILL_AREA_STYLE ('',( #371 ) ) ;
#2909 = CARTESIAN_POINT ( 'NONE',  ( 0.8249999999999999556, -0.9350000000000001643, -3.173872490726019624 ) ) ;
#2910 = ORIENTED_EDGE ( 'NONE', *, *, #1585, .F. ) ;
#2911 = CARTESIAN_POINT ( 'NONE',  ( 0.1108570956713038069, 0.7276761804584658266, -0.3189999999999998948 ) ) ;
#2912 = SURFACE_STYLE_FILL_AREA ( #2148 ) ;
#2913 = PRESENTATION_LAYER_ASSIGNMENT (  '', '', ( #3473 ) ) ;
#2914 = ORIENTED_EDGE ( 'NONE', *, *, #3635, .F. ) ;
#2915 = CARTESIAN_POINT ( 'NONE',  ( 1.084202172485504434E-16, -0.4999999999999998890, -0.3999999999999999667 ) ) ;
#2916 = ORIENTED_EDGE ( 'NONE', *, *, #1143, .T. ) ;
#2917 = SPHERICAL_SURFACE ( 'NONE', #4704, 0.1599999999999999756 ) ;
#2918 = COLOUR_RGB ( '',1.000000000000000000, 1.000000000000000000, 1.000000000000000000 ) ;
#2919 = PLANE ( 'NONE',  #106 ) ;
#2920 = ORIENTED_EDGE ( 'NONE', *, *, #637, .F. ) ;
#2921 = FILL_AREA_STYLE ('',( #4070 ) ) ;
#2922 = DIRECTION ( 'NONE',  ( 0.0000000000000000000, -0.0000000000000000000, -1.000000000000000000 ) ) ;
#2923 =( LENGTH_UNIT ( ) NAMED_UNIT ( * ) SI_UNIT ( .MILLI., .METRE. ) );
#2924 = PRESENTATION_STYLE_ASSIGNMENT (( #4488 ) ) ;
#2925 = FILL_AREA_STYLE ('',( #798 ) ) ;
#2926 = UNCERTAINTY_MEASURE_WITH_UNIT (LENGTH_MEASURE( 1.000000000000000082E-05 ), #3867, 'distance_accuracy_value', 'NONE');
#2927 = MECHANICAL_DESIGN_GEOMETRIC_PRESENTATION_REPRESENTATION (  '', ( #1257 ), #475 ) ;
#2928 = LINE ( 'NONE', #2588, #3710 ) ;
#2929 = CARTESIAN_POINT ( 'NONE',  ( 0.03411765811491286604, 0.6983555048805101251, -0.3199999999999999512 ) ) ;
#2930 = EDGE_CURVE ( 'NONE', #2173, #4469, #1928, .T. ) ;
#2931 = DIRECTION ( 'NONE',  ( -2.455105738279236161E-15, 1.101483645958869429E-13, -1.000000000000000000 ) ) ;
#2932 = FILL_AREA_STYLE_COLOUR ( '', #4600 ) ;
#2933 = FILL_AREA_STYLE_COLOUR ( '', #3269 ) ;
#2934 = LINE ( 'NONE', #3664, #489 ) ;
#2935 = ORIENTED_EDGE ( 'NONE', *, *, #3835, .F. ) ;
#2936 = DIRECTION ( 'NONE',  ( 1.000000000000000000, -1.224646799147353207E-16, 0.0000000000000000000 ) ) ;
#2937 = STYLED_ITEM ( 'NONE', ( #1642 ), #1373 ) ;
#2938 = CARTESIAN_POINT ( 'NONE',  ( -0.5000000000000000000, 0.5000000000000002220, -0.3999999999999999667 ) ) ;
#2939 = LINE ( 'NONE', #4049, #971 ) ;
#2940 = CARTESIAN_POINT ( 'NONE',  ( -0.01466282968996519831, 0.7544530658561199310, -0.3199999999999999512 ) ) ;
#2941 = SURFACE_SIDE_STYLE ('',( #7 ) ) ;
#2942 = ORIENTED_EDGE ( 'NONE', *, *, #3433, .T. ) ;
#2943 = COLOUR_RGB ( '',0.5019607843137254832, 0.5019607843137254832, 0.5019607843137254832 ) ;
#2944 = COLOUR_RGB ( '',1.000000000000000000, 1.000000000000000000, 1.000000000000000000 ) ;
#2945 = COLOUR_RGB ( '',0.2509803921568627416, 0.2509803921568627416, 0.2509803921568627416 ) ;
#2946 = DIRECTION ( 'NONE',  ( 0.0000000000000000000, -1.000000000000000000, 0.0000000000000000000 ) ) ;
#2947 = CARTESIAN_POINT ( 'NONE',  ( 0.1100258991789402202, 0.7884478048513483550, -0.3200000000000000622 ) ) ;
#2948 = CARTESIAN_POINT ( 'NONE',  ( -0.1780774638363066542, 0.7983555048805102139, -0.3189999999999999503 ) ) ;
#2949 = LINE ( 'NONE', #3341, #3963 ) ;
#2950 = CARTESIAN_POINT ( 'NONE',  ( 0.07704829835881529809, 0.7885994073195344845, -0.3189999999999999503 ) ) ;
#2951 = AXIS2_PLACEMENT_3D ( 'NONE', #3643, #1073, #330 ) ;
#2952 = ORIENTED_EDGE ( 'NONE', *, *, #1785, .F. ) ;
#2953 = LINE ( 'NONE', #1607, #1990 ) ;
#2954 = LINE ( 'NONE', #802, #1114 ) ;
#2955 = CARTESIAN_POINT ( 'NONE',  ( -0.8250000000000001776, 0.9349999999999999423, 0.0000000000000000000 ) ) ;
#2956 = ORIENTED_EDGE ( 'NONE', *, *, #1901, .T. ) ;
#2957 = VECTOR ( 'NONE', #1830, 1000.000000000000000 ) ;
#2958 = CARTESIAN_POINT ( 'NONE',  ( -0.1159160343213750111, 0.7696358890599325209, -0.3199999999999997291 ) ) ;
#2959 = SURFACE_SIDE_STYLE ('',( #4770 ) ) ;
#2960 = FACE_OUTER_BOUND ( 'NONE', #3357, .T. ) ;
#2961 = CARTESIAN_POINT ( 'NONE',  ( -0.06624438456801395869, 0.6983555048805101251, -0.3199999999999999512 ) ) ;
#2962 = STYLED_ITEM ( 'NONE', ( #2017 ), #2342 ) ;
#2963 = PRESENTATION_STYLE_ASSIGNMENT (( #1484 ) ) ;
#2964 = EDGE_LOOP ( 'NONE', ( #3434, #4091, #4428, #427 ) ) ;
#2965 = FILL_AREA_STYLE_COLOUR ( '', #1385 ) ;
#2966 = PRESENTATION_LAYER_ASSIGNMENT (  '', '', ( #3443 ) ) ;
#2967 = UNCERTAINTY_MEASURE_WITH_UNIT (LENGTH_MEASURE( 1.000000000000000082E-05 ), #2262, 'distance_accuracy_value', 'NONE');
#2968 = DIRECTION ( 'NONE',  ( 0.0000000000000000000, 1.000000000000000000, 0.0000000000000000000 ) ) ;
#2969 = CARTESIAN_POINT ( 'NONE',  ( -0.5000000000000000000, 0.1385640646055103786, -0.3199999999999999512 ) ) ;
#2970 = FACE_OUTER_BOUND ( 'NONE', #4764, .T. ) ;
#2971 = PLANE ( 'NONE',  #1910 ) ;
#2972 = CARTESIAN_POINT ( 'NONE',  ( 0.06190095966338304834, 0.7861387197592589748, -0.3199999999999999512 ) ) ;
#2973 = CARTESIAN_POINT ( 'NONE',  ( 0.02070302396857141153, 0.7093311146366076958, -0.3189999999999999503 ) ) ;
#2974 =( NAMED_UNIT ( * ) SI_UNIT ( $, .STERADIAN. ) SOLID_ANGLE_UNIT ( ) );
#2975 = SURFACE_STYLE_FILL_AREA ( #1853 ) ;
#2976 = EDGE_CURVE ( 'NONE', #1689, #79, #1526, .T. ) ;
#2977 = PRESENTATION_STYLE_ASSIGNMENT (( #1111 ) ) ;
#2978 = ORIENTED_EDGE ( 'NONE', *, *, #385, .F. ) ;
#2979 = EDGE_CURVE ( 'NONE', #2777, #2493, #3315, .T. ) ;
#2980 = AXIS2_PLACEMENT_3D ( 'NONE', #3560, #3194, #3142 ) ;
#2981 = AXIS2_PLACEMENT_3D ( 'NONE', #2326, #159, #1661 ) ;
#2982 = DIRECTION ( 'NONE',  ( -0.0000000000000000000, -0.0000000000000000000, -1.000000000000000000 ) ) ;
#2983 = ORIENTED_EDGE ( 'NONE', *, *, #1646, .F. ) ;
#2984 = COLOUR_RGB ( '',0.5019607843137254832, 0.5019607843137254832, 0.5019607843137254832 ) ;
#2985 = CARTESIAN_POINT ( 'NONE',  ( 0.08058144146969307975, 0.7081447122498739644, -0.3189999999999998948 ) ) ;
#2986 = CARTESIAN_POINT ( 'NONE',  ( 0.8249999999999997335, 0.9349999999999999423, 0.0000000000000000000 ) ) ;
#2987 = ORIENTED_EDGE ( 'NONE', *, *, #2130, .F. ) ;
#2988 = CARTESIAN_POINT ( 'NONE',  ( -0.1693312748119164268, 0.7791481878073394096, -0.3189999999999999503 ) ) ;
#2989 = ORIENTED_EDGE ( 'NONE', *, *, #3609, .T. ) ;
#2990 = CARTESIAN_POINT ( 'NONE',  ( -0.1693312748119164268, 0.7791481878073394096, -0.3199999999999999512 ) ) ;
#2991 = CARTESIAN_POINT ( 'NONE',  ( 0.1365566825051567901, 0.6983555048805101251, -0.3189999999999999503 ) ) ;
#2992 = DIRECTION ( 'NONE',  ( -1.000000000000000000, 0.0000000000000000000, 0.0000000000000000000 ) ) ;
#2993 = ORIENTED_EDGE ( 'NONE', *, *, #2478, .T. ) ;
#2994 = CARTESIAN_POINT ( 'NONE',  ( 0.08864544570961194192, 0.7871128594865786088, -0.3189999999999999503 ) ) ;
#2995 = PRESENTATION_LAYER_ASSIGNMENT (  '', '', ( #2762 ) ) ;
#2996 = DIRECTION ( 'NONE',  ( 1.000000000000000000, 0.0000000000000000000, 0.0000000000000000000 ) ) ;
#2997 = CARTESIAN_POINT ( 'NONE',  ( 0.1018243454704651635, 0.7939499220210728403, -0.3200000000000000067 ) ) ;
#2998 =( NAMED_UNIT ( * ) PLANE_ANGLE_UNIT ( ) SI_UNIT ( $, .RADIAN. ) );
#2999 = DIRECTION ( 'NONE',  ( -0.0000000000000000000, -0.0000000000000000000, -1.000000000000000000 ) ) ;
#3000 = CARTESIAN_POINT ( 'NONE',  ( -0.8250000000000001776, 0.9349999999999999423, 0.04000000000000000083 ) ) ;
#3001 = COLOUR_RGB ( '',1.000000000000000000, 1.000000000000000000, 1.000000000000000000 ) ;
#3002 = UNCERTAINTY_MEASURE_WITH_UNIT (LENGTH_MEASURE( 1.000000000000000082E-05 ), #2430, 'distance_accuracy_value', 'NONE');
#3003 = CARTESIAN_POINT ( 'NONE',  ( -0.1060297690875733889, 0.7538366800454856520, -0.3190000000000000613 ) ) ;
#3004 = EDGE_CURVE ( 'NONE', #517, #2265, #3398, .T. ) ;
#3005 = ORIENTED_EDGE ( 'NONE', *, *, #4224, .F. ) ;
#3006 = PRESENTATION_STYLE_ASSIGNMENT (( #1552 ) ) ;
#3007 = AXIS2_PLACEMENT_3D ( 'NONE', #712, #4742, #1145 ) ;
#3008 = CARTESIAN_POINT ( 'NONE',  ( -0.1061262443241115100, 0.7493273036609979787, -0.3199999999999999512 ) ) ;
#3009 = ORIENTED_EDGE ( 'NONE', *, *, #4605, .T. ) ;
#3010 = CARTESIAN_POINT ( 'NONE',  ( -0.1061262443241115100, 0.7493273036609979787, -0.3199999999999999512 ) ) ;
#3011 =( LENGTH_UNIT ( ) NAMED_UNIT ( * ) SI_UNIT ( .MILLI., .METRE. ) );
#3012 = CARTESIAN_POINT ( 'NONE',  ( 0.06879606300030366439, 0.7089623359817408543, -0.3200000000000001732 ) ) ;
#3013 = ORIENTED_EDGE ( 'NONE', *, *, #3893, .F. ) ;
#3014 = DIRECTION ( 'NONE',  ( 1.000000000000000000, 0.0000000000000000000, 0.0000000000000000000 ) ) ;
#3015 =( LENGTH_UNIT ( ) NAMED_UNIT ( * ) SI_UNIT ( .MILLI., .METRE. ) );
#3016 = DIRECTION ( 'NONE',  ( -1.000000000000000000, 0.0000000000000000000, 0.0000000000000000000 ) ) ;
#3017 = CARTESIAN_POINT ( 'NONE',  ( -0.05246770773874569888, 0.7873798951244125321, -0.3189999999999999503 ) ) ;
#3018 = SURFACE_STYLE_FILL_AREA ( #417 ) ;
#3019 = ORIENTED_EDGE ( 'NONE', *, *, #1292, .F. ) ;
#3020 =( GEOMETRIC_REPRESENTATION_CONTEXT ( 3 ) GLOBAL_UNCERTAINTY_ASSIGNED_CONTEXT ( ( #2543 ) ) GLOBAL_UNIT_ASSIGNED_CONTEXT ( ( #1849, #4390, #4555 ) ) REPRESENTATION_CONTEXT ( 'NONE', 'WORKASPACE' ) );
#3021 = DIRECTION ( 'NONE',  ( 0.0000000000000000000, -0.0000000000000000000, 1.000000000000000000 ) ) ;
#3022 = FILL_AREA_STYLE_COLOUR ( '', #706 ) ;
#3023 = CARTESIAN_POINT ( 'NONE',  ( 0.1071868992874154963, 0.7214129612096604749, -0.3199999999999998956 ) ) ;
#3024 = EDGE_CURVE ( 'NONE', #2798, #1493, #1498, .T. ) ;
#3025 = FACE_OUTER_BOUND ( 'NONE', #1963, .T. ) ;
#3026 = CARTESIAN_POINT ( 'NONE',  ( 0.1263183124349424313, 0.7310301268864923818, -0.3189999999999998948 ) ) ;
#3027 = AXIS2_PLACEMENT_3D ( 'NONE', #2677, #115, #27 ) ;
#3028 = STYLED_ITEM ( 'NONE', ( #3658 ), #3053 ) ;
#3029 = CARTESIAN_POINT ( 'NONE',  ( -0.5000000000000000000, 0.5000000000000002220, -0.3199999999999999512 ) ) ;
#3030 =( GEOMETRIC_REPRESENTATION_CONTEXT ( 3 ) GLOBAL_UNCERTAINTY_ASSIGNED_CONTEXT ( ( #4013 ) ) GLOBAL_UNIT_ASSIGNED_CONTEXT ( ( #4321, #4663, #3205 ) ) REPRESENTATION_CONTEXT ( 'NONE', 'WORKASPACE' ) );
#3031 = LINE ( 'NONE', #372, #4041 ) ;
#3032 = FILL_AREA_STYLE ('',( #484 ) ) ;
#3033 =( GEOMETRIC_REPRESENTATION_CONTEXT ( 3 ) GLOBAL_UNCERTAINTY_ASSIGNED_CONTEXT ( ( #2111 ) ) GLOBAL_UNIT_ASSIGNED_CONTEXT ( ( #4657, #2853, #2081 ) ) REPRESENTATION_CONTEXT ( 'NONE', 'WORKASPACE' ) );
#3034 = VECTOR ( 'NONE', #2369, 1000.000000000000000 ) ;
#3035 = CARTESIAN_POINT ( 'NONE',  ( -0.1055341476674345608, 0.7581547808322036675, -0.3189999999999999503 ) ) ;
#3036 = DIRECTION ( 'NONE',  ( 1.000000000000000000, 0.0000000000000000000, 0.0000000000000000000 ) ) ;
#3037 = EDGE_CURVE ( 'NONE', #2688, #2810, #395, .T. ) ;
#3038 = ADVANCED_FACE ( 'NONE', ( #3025 ), #2599, .T. ) ;
#3039 = UNCERTAINTY_MEASURE_WITH_UNIT (LENGTH_MEASURE( 1.000000000000000082E-05 ), #4804, 'distance_accuracy_value', 'NONE');
#3040 = ORIENTED_EDGE ( 'NONE', *, *, #4495, .F. ) ;
#3041 = ORIENTED_EDGE ( 'NONE', *, *, #978, .T. ) ;
#3042 = ADVANCED_FACE ( 'NONE', ( #91 ), #3145, .T. ) ;
#3043 = COLOUR_RGB ( '',1.000000000000000000, 1.000000000000000000, 1.000000000000000000 ) ;
#3044 = FACE_OUTER_BOUND ( 'NONE', #3732, .T. ) ;
#3045 = CARTESIAN_POINT ( 'NONE',  ( 0.06480870681887501705, 0.7870280198422273665, -0.3199999999999998956 ) ) ;
#3046 = CARTESIAN_POINT ( 'NONE',  ( -0.01710185408020908904, 0.7873798951244125321, -0.3189999999999999503 ) ) ;
#3047 = PRESENTATION_STYLE_ASSIGNMENT (( #1893 ) ) ;
#3048 = CARTESIAN_POINT ( 'NONE',  ( 0.07840323454526633429, 0.7885702737109367977, -0.3199999999999998956 ) ) ;
#3049 = DIRECTION ( 'NONE',  ( 0.0000000000000000000, 0.0000000000000000000, 1.000000000000000000 ) ) ;
#3050 = CARTESIAN_POINT ( 'NONE',  ( 0.1261021111548696338, 0.7630693536047521430, -0.3199999999999999512 ) ) ;
#3051 =( GEOMETRIC_REPRESENTATION_CONTEXT ( 3 ) GLOBAL_UNCERTAINTY_ASSIGNED_CONTEXT ( ( #3725 ) ) GLOBAL_UNIT_ASSIGNED_CONTEXT ( ( #793, #335, #1079 ) ) REPRESENTATION_CONTEXT ( 'NONE', 'WORKASPACE' ) );
#3052 = ORIENTED_EDGE ( 'NONE', *, *, #3532, .F. ) ;
#3053 = ADVANCED_BREP_SHAPE_REPRESENTATION ( 'WLCSP-9_L1.7-W1.7-R3-C3-P0.50-TL', ( #815, #3965, #167 ), #2871 ) ;
#3054 = DIRECTION ( 'NONE',  ( 1.000000000000000000, 0.0000000000000000000, 0.0000000000000000000 ) ) ;
#3055 = DIRECTION ( 'NONE',  ( 1.000000000000000000, -1.224646799147353207E-16, 0.0000000000000000000 ) ) ;
#3056 = CARTESIAN_POINT ( 'NONE',  ( -0.1175435331663085836, 0.7650258028178347214, -0.3200000000000000067 ) ) ;
#3057 = ORIENTED_EDGE ( 'NONE', *, *, #14, .T. ) ;
#3058 =( GEOMETRIC_REPRESENTATION_CONTEXT ( 3 ) GLOBAL_UNCERTAINTY_ASSIGNED_CONTEXT ( ( #3930 ) ) GLOBAL_UNIT_ASSIGNED_CONTEXT ( ( #2685, #3420, #2018 ) ) REPRESENTATION_CONTEXT ( 'NONE', 'WORKASPACE' ) );
#3059 = CARTESIAN_POINT ( 'NONE',  ( -0.07539339755113406982, 0.7099318052405426682, -0.3200000000000000622 ) ) ;
#3060 = CIRCLE ( 'NONE', #2980, 0.1385640646055101566 ) ;
#3061 = AXIS2_PLACEMENT_3D ( 'NONE', #3577, #2526, #643 ) ;
#3062 = DIRECTION ( 'NONE',  ( 0.0000000000000000000, -0.0000000000000000000, -1.000000000000000000 ) ) ;
#3063 = CARTESIAN_POINT ( 'NONE',  ( 0.07570827406258651138, 0.7081587165553516749, -0.3199999999999998956 ) ) ;
#3064 = STYLED_ITEM ( 'NONE', ( #527 ), #1844 ) ;
#3065 = ORIENTED_EDGE ( 'NONE', *, *, #2812, .T. ) ;
#3066 = ORIENTED_EDGE ( 'NONE', *, *, #3683, .F. ) ;
#3067 = DIRECTION ( 'NONE',  ( 1.000000000000000000, 0.0000000000000000000, 0.0000000000000000000 ) ) ;
#3068 = EDGE_CURVE ( 'NONE', #3222, #1050, #4753, .T. ) ;
#3069 = CARTESIAN_POINT ( 'NONE',  ( 0.06879606300030366439, 0.7089623359817408543, -0.3200000000000001732 ) ) ;
#3070 = LINE ( 'NONE', #1254, #3787 ) ;
#3071 =( NAMED_UNIT ( * ) SI_UNIT ( $, .STERADIAN. ) SOLID_ANGLE_UNIT ( ) );
#3072 = CARTESIAN_POINT ( 'NONE',  ( -0.1510385918850871423, 0.7264042853683149170, -0.3189999999999999503 ) ) ;
#3073 = DIRECTION ( 'NONE',  ( 1.000000000000000000, 0.0000000000000000000, 0.0000000000000000000 ) ) ;
#3074 = ORIENTED_EDGE ( 'NONE', *, *, #1202, .T. ) ;
#3075 = CARTESIAN_POINT ( 'NONE',  ( 0.1003490162492396143, 0.7004444354571960352, -0.3189999999999998392 ) ) ;
#3076 = CARTESIAN_POINT ( 'NONE',  ( 0.08288100329445327596, 0.6971747083938734102, -0.3190000000000000058 ) ) ;
#3077 =( GEOMETRIC_REPRESENTATION_CONTEXT ( 3 ) GLOBAL_UNCERTAINTY_ASSIGNED_CONTEXT ( ( #1003 ) ) GLOBAL_UNIT_ASSIGNED_CONTEXT ( ( #2923, #2160, #1134 ) ) REPRESENTATION_CONTEXT ( 'NONE', 'WORKASPACE' ) );
#3078 = FACE_OUTER_BOUND ( 'NONE', #2461, .T. ) ;
#3079 = EDGE_LOOP ( 'NONE', ( #2679, #1556, #1363, #3262 ) ) ;
#3080 = ORIENTED_EDGE ( 'NONE', *, *, #4407, .T. ) ;
#3081 = VERTEX_POINT ( 'NONE', #599 ) ;
#3082 = LINE ( 'NONE', #2431, #1048 ) ;
#3083 = CARTESIAN_POINT ( 'NONE',  ( -0.08671777402650647504, 0.7133816762456687277, -0.3199999999999998956 ) ) ;
#3084 = STYLED_ITEM ( 'NONE', ( #4435 ), #1294 ) ;
#3085 = CARTESIAN_POINT ( 'NONE',  ( 0.02070302396857141153, 0.7434774561000223603, -0.3189999999999999503 ) ) ;
#3086 = EDGE_CURVE ( 'NONE', #1508, #116, #4615, .T. ) ;
#3087 = CARTESIAN_POINT ( 'NONE',  ( -0.08999073531926785052, 0.7151872360932982620, -0.3189999999999999503 ) ) ;
#3088 = DIRECTION ( 'NONE',  ( 1.000000000000000000, -1.224646799147353207E-16, 0.0000000000000000000 ) ) ;
#3089 = LINE ( 'NONE', #111, #839 ) ;
#3090 = CARTESIAN_POINT ( 'NONE',  ( 0.07373007527992628263, 0.7995504116256032523, -0.3200000000000000067 ) ) ;
#3091 = CARTESIAN_POINT ( 'NONE',  ( 0.05932691321872829437, 0.7116800138496722772, -0.3200000000000001177 ) ) ;
#3092 = CARTESIAN_POINT ( 'NONE',  ( 0.5000000000000001110, -0.1385640646055100456, -0.3199999999999999512 ) ) ;
#3093 = ORIENTED_EDGE ( 'NONE', *, *, #4133, .T. ) ;
#3094 = CARTESIAN_POINT ( 'NONE',  ( 0.07704829835881529809, 0.7885994073195344845, -0.3199999999999999512 ) ) ;
#3095 = CARTESIAN_POINT ( 'NONE',  ( 0.1365566825051567901, 0.7093311146366076958, -0.3189999999999999503 ) ) ;
#3096 = SURFACE_STYLE_USAGE ( .BOTH. , #2424 ) ;
#3097 = FILL_AREA_STYLE_COLOUR ( '', #967 ) ;
#3098 = SURFACE_STYLE_FILL_AREA ( #92 ) ;
#3099 = VERTEX_POINT ( 'NONE', #269 ) ;
#3100 = B_SPLINE_CURVE_WITH_KNOTS ( 'NONE', 3,
 ( #1780, #3244, #4731, #4362, #1800, #239, #2553, #1421, #2534, #1822, #4751, #2827, #3587, #1101, #4778, #625, #3984, #2466, #1737 ),
 .UNSPECIFIED., .F., .F.,
 ( 4, 1, 1, 1, 1, 1, 1, 1, 1, 1, 1, 1, 1, 1, 1, 1, 4 ),
 ( 0.0000000000000000000, 0.07430379644281456808, 0.1443936103644170854, 0.2104994961032789491, 0.2735426065034672893, 0.3338247445790724077, 0.3925296724085032829, 0.4500874545995854348, 0.5078206115557873934, 0.5654649127768468508, 0.6231487223336193981, 0.6812971927909354797, 0.7409134981565809186, 0.8018557521958581402, 0.8652412377209434124, 0.9309416570467442531, 1.000000000000000000 ),
 .UNSPECIFIED. ) ;
#3101 = EDGE_CURVE ( 'NONE', #2899, #2339, #2664, .T. ) ;
#3102 = FACE_OUTER_BOUND ( 'NONE', #2400, .T. ) ;
#3103 = DIRECTION ( 'NONE',  ( 1.000000000000000000, -0.0000000000000000000, 0.0000000000000000000 ) ) ;
#3104 = CARTESIAN_POINT ( 'NONE',  ( -0.1195009616810756153, 0.7514258234888281374, -0.3199999999999998401 ) ) ;
#3105 = STYLED_ITEM ( 'NONE', ( #3883 ), #1438 ) ;
#3106 = EDGE_CURVE ( 'NONE', #4545, #4457, #2469, .T. ) ;
#3107 =( NAMED_UNIT ( * ) SI_UNIT ( $, .STERADIAN. ) SOLID_ANGLE_UNIT ( ) );
#3108 = FACE_OUTER_BOUND ( 'NONE', #4678, .T. ) ;
#3109 = PRESENTATION_LAYER_ASSIGNMENT (  '', '', ( #2187 ) ) ;
#3110 = CIRCLE ( 'NONE', #2714, 0.1385640646055101566 ) ;
#3111 = CARTESIAN_POINT ( 'NONE',  ( -0.1646628296899652066, 0.7983555048805102139, -0.3189999999999999503 ) ) ;
#3112 = COLOUR_RGB ( '',1.000000000000000000, 1.000000000000000000, 1.000000000000000000 ) ;
#3113 =( GEOMETRIC_REPRESENTATION_CONTEXT ( 3 ) GLOBAL_UNCERTAINTY_ASSIGNED_CONTEXT ( ( #2246 ) ) GLOBAL_UNIT_ASSIGNED_CONTEXT ( ( #180, #3131, #940 ) ) REPRESENTATION_CONTEXT ( 'NONE', 'WORKASPACE' ) );
#3114 = FACE_OUTER_BOUND ( 'NONE', #4400, .T. ) ;
#3115 = CARTESIAN_POINT ( 'NONE',  ( 0.07929677396857140459, 0.7081116024414857435, -0.3199999999999999512 ) ) ;
#3116 = FACE_BOUND ( 'NONE', #4345, .T. ) ;
#3117 = ORIENTED_EDGE ( 'NONE', *, *, #260, .F. ) ;
#3118 = CARTESIAN_POINT ( 'NONE',  ( 0.07704829835881529809, 0.7885994073195344845, -0.3199999999999999512 ) ) ;
#3119 = CARTESIAN_POINT ( 'NONE',  ( 0.07929677396857140459, 0.7081116024414857435, -0.3189999999999999503 ) ) ;
#3120 = FILL_AREA_STYLE_COLOUR ( '', #1685 ) ;
#3121 = CARTESIAN_POINT ( 'NONE',  ( 0.05362985323686408207, 0.7035384317097784779, -0.3189999999999999503 ) ) ;
#3122 = ORIENTED_EDGE ( 'NONE', *, *, #3106, .T. ) ;
#3123 = VECTOR ( 'NONE', #2217, 1000.000000000000000 ) ;
#3124 = DIRECTION ( 'NONE',  ( 1.000000000000000000, 0.0000000000000000000, 0.0000000000000000000 ) ) ;
#3125 = CARTESIAN_POINT ( 'NONE',  ( -0.07271274095140717320, 0.7982342658140991754, -0.3199999999999998956 ) ) ;
#3126 = MECHANICAL_DESIGN_GEOMETRIC_PRESENTATION_REPRESENTATION (  '', ( #2500 ), #828 ) ;
#3127 = CARTESIAN_POINT ( 'NONE',  ( -0.1046833662116383734, 0.7851822161206432060, -0.3199999999999998956 ) ) ;
#3128 = EDGE_CURVE ( 'NONE', #1286, #1478, #2063, .T. ) ;
#3129 = LINE ( 'NONE', #4223, #788 ) ;
#3130 = EDGE_CURVE ( 'NONE', #3665, #4384, #977, .T. ) ;
#3131 =( NAMED_UNIT ( * ) PLANE_ANGLE_UNIT ( ) SI_UNIT ( $, .RADIAN. ) );
#3132 = CARTESIAN_POINT ( 'NONE',  ( -0.1055509186280244038, 0.7404440223094466145, -0.3190000000000000058 ) ) ;
#3133 = MECHANICAL_DESIGN_GEOMETRIC_PRESENTATION_REPRESENTATION (  '', ( #913 ), #1537 ) ;
#3134 = CARTESIAN_POINT ( 'NONE',  ( 0.8249999999999997335, 0.9349999999999999423, -3.173872490726019624 ) ) ;
#3135 = DIRECTION ( 'NONE',  ( 1.000000000000000000, 0.0000000000000000000, 0.0000000000000000000 ) ) ;
#3137 = PRESENTATION_LAYER_ASSIGNMENT (  '', '', ( #2595 ) ) ;
#3136 = CARTESIAN_POINT ( 'NONE',  ( 0.05861608629199681342, 0.7973753048618875683, -0.3189999999999999503 ) ) ;
#3138 = CARTESIAN_POINT ( 'NONE',  ( 0.06602900066029454562, 0.6986938002548741533, -0.3190000000000000613 ) ) ;
#3139 =( NAMED_UNIT ( * ) PLANE_ANGLE_UNIT ( ) SI_UNIT ( $, .RADIAN. ) );
#3140 = PRESENTATION_LAYER_ASSIGNMENT (  '', '', ( #4391 ) ) ;
#3141 = ORIENTED_EDGE ( 'NONE', *, *, #3254, .T. ) ;
#3142 = DIRECTION ( 'NONE',  ( 1.000000000000000000, 0.0000000000000000000, 0.0000000000000000000 ) ) ;
#3143 =( NAMED_UNIT ( * ) SI_UNIT ( $, .STERADIAN. ) SOLID_ANGLE_UNIT ( ) );
#3144 = DIRECTION ( 'NONE',  ( 0.0000000000000000000, 0.0000000000000000000, 1.000000000000000000 ) ) ;
#3145 = PLANE ( 'NONE',  #1301 ) ;
#3146 = CARTESIAN_POINT ( 'NONE',  ( 0.07979789777594391287, 0.6971517930664273832, -0.3190000000000000058 ) ) ;
#3147 = VERTEX_POINT ( 'NONE', #4339 ) ;
#3148 = CARTESIAN_POINT ( 'NONE',  ( 0.1170830521002650115, 0.7812602715991926461, -0.3190000000000000058 ) ) ;
#3149 = DIRECTION ( 'NONE',  ( -0.0000000000000000000, 0.0000000000000000000, 1.000000000000000000 ) ) ;
#3150 = FACE_OUTER_BOUND ( 'NONE', #1126, .T. ) ;
#3151 = CARTESIAN_POINT ( 'NONE',  ( -0.06911053438928309312, 0.7983145556852518920, -0.3199999999999999512 ) ) ;
#3152 = DIRECTION ( 'NONE',  ( -0.0000000000000000000, -0.0000000000000000000, -1.000000000000000000 ) ) ;
#3153 = VECTOR ( 'NONE', #4584, 1000.000000000000000 ) ;
#3154 = ORIENTED_EDGE ( 'NONE', *, *, #4224, .T. ) ;
#3155 = STYLED_ITEM ( 'NONE', ( #1859 ), #4060 ) ;
#3156 = DIRECTION ( 'NONE',  ( -0.0000000000000000000, -0.0000000000000000000, -1.000000000000000000 ) ) ;
#3157 = CARTESIAN_POINT ( 'NONE',  ( -0.06721618334850178178, 0.7873798951244125321, -0.3189999999999999503 ) ) ;
#3158 = MECHANICAL_DESIGN_GEOMETRIC_PRESENTATION_REPRESENTATION (  '', ( #4796 ), #3479 ) ;
#3159 = CARTESIAN_POINT ( 'NONE',  ( -0.1195004917501885089, 0.7477243683810946839, -0.3199999999999999512 ) ) ;
#3160 = FILL_AREA_STYLE_COLOUR ( '', #4535 ) ;
#3161 = CARTESIAN_POINT ( 'NONE',  ( -0.1008332127979667120, 0.7090362557772266205, -0.3200000000000000067 ) ) ;
#3162 = LINE ( 'NONE', #4676, #4594 ) ;
#3163 = LINE ( 'NONE', #3556, #2636 ) ;
#3164 = STYLED_ITEM ( 'NONE', ( #2496 ), #901 ) ;
#3165 = ORIENTED_EDGE ( 'NONE', *, *, #2893, .T. ) ;
#3166 = VERTEX_POINT ( 'NONE', #3200 ) ;
#3167 = CARTESIAN_POINT ( 'NONE',  ( -0.1693312748119164268, 0.7791481878073394096, -0.3199999999999999512 ) ) ;
#3168 = CARTESIAN_POINT ( 'NONE',  ( -0.1061262443241115100, 0.7493273036609979787, -0.3199999999999999512 ) ) ;
#3169 = DIRECTION ( 'NONE',  ( 0.3393303772748790248, 0.9406672605435399959, 0.0000000000000000000 ) ) ;
#3170 = SURFACE_SIDE_STYLE ('',( #579 ) ) ;
#3171 = CARTESIAN_POINT ( 'NONE',  ( 0.1261021111548696338, 0.7630693536047521430, -0.3200000000000000067 ) ) ;
#3172 = SURFACE_SIDE_STYLE ('',( #2429 ) ) ;
#3173 = PRODUCT_DEFINITION ( 'Î´Öª', '', #3795, #3359 ) ;
#3174 = DIRECTION ( 'NONE',  ( -0.9407669869669987861, 0.3390537954853695690, 0.0000000000000000000 ) ) ;
#3175 = SURFACE_STYLE_USAGE ( .BOTH. , #2139 ) ;
#3176 = CARTESIAN_POINT ( 'NONE',  ( -0.1723896154141790205, 0.7804579224113405989, -0.3200000000000000067 ) ) ;
#3177 = ORIENTED_EDGE ( 'NONE', *, *, #3068, .T. ) ;
#3178 = COLOUR_RGB ( '',1.000000000000000000, 1.000000000000000000, 1.000000000000000000 ) ;
#3179 = ORIENTED_EDGE ( 'NONE', *, *, #1930, .F. ) ;
#3180 = ORIENTED_EDGE ( 'NONE', *, *, #2622, .F. ) ;
#3181 = LINE ( 'NONE', #1342, #606 ) ;
#3182 = PRESENTATION_LAYER_ASSIGNMENT (  '', '', ( #1732 ) ) ;
#3183 = COLOUR_RGB ( '',1.000000000000000000, 1.000000000000000000, 1.000000000000000000 ) ;
#3184 = MECHANICAL_DESIGN_GEOMETRIC_PRESENTATION_REPRESENTATION (  '', ( #807 ), #3336 ) ;
#3185 = CARTESIAN_POINT ( 'NONE',  ( -0.07739567366707993112, 0.6991558500717792723, -0.3200000000000000622 ) ) ;
#3186 = SURFACE_SIDE_STYLE ('',( #4725 ) ) ;
#3187 = EDGE_CURVE ( 'NONE', #3290, #3193, #4733, .T. ) ;
#3188 = VECTOR ( 'NONE', #2171, 1000.000000000000000 ) ;
#3189 =( NAMED_UNIT ( * ) PLANE_ANGLE_UNIT ( ) SI_UNIT ( $, .RADIAN. ) );
#3190 = EDGE_CURVE ( 'NONE', #4631, #622, #4452, .T. ) ;
#3191 = FACE_BOUND ( 'NONE', #3969, .T. ) ;
#3192 = VERTEX_POINT ( 'NONE', #1002 ) ;
#3193 = VERTEX_POINT ( 'NONE', #675 ) ;
#3194 = DIRECTION ( 'NONE',  ( 0.0000000000000000000, -0.0000000000000000000, -1.000000000000000000 ) ) ;
#3195 = EDGE_CURVE ( 'NONE', #3720, #358, #2511, .T. ) ;
#3196 = VERTEX_POINT ( 'NONE', #295 ) ;
#3197 = DIRECTION ( 'NONE',  ( -0.0000000000000000000, 0.0000000000000000000, -1.000000000000000000 ) ) ;
#3198 = SURFACE_STYLE_FILL_AREA ( #721 ) ;
#3199 = DIRECTION ( 'NONE',  ( 1.000000000000000000, 0.0000000000000000000, 0.0000000000000000000 ) ) ;
#3200 = CARTESIAN_POINT ( 'NONE',  ( -0.1878526162753311468, 0.7373798951244125988, -0.3199999999999999512 ) ) ;
#3201 = B_SPLINE_CURVE_WITH_KNOTS ( 'NONE', 3,
 ( #1236, #3076, #556, #895, #2661, #1954, #1188, #3421, #3493, #2002, #1285, #2358, #2686, #4164, #3026, #1625, #2310, #4563, #819 ),
 .UNSPECIFIED., .F., .F.,
 ( 4, 1, 1, 1, 1, 1, 1, 1, 1, 1, 1, 1, 1, 1, 1, 1, 4 ),
 ( 0.0000000000000000000, 0.06783324845577358431, 0.1326555365079040150, 0.1950508840508278219, 0.2555829330687769407, 0.3147998341472895145, 0.3736004728263743746, 0.4325455953267433595, 0.4924306292835654575, 0.5526712559629696209, 0.6125130441881162513, 0.6726102503570058344, 0.7338383693139461927, 0.7965942385677734494, 0.8614497992905729706, 0.9291989423509054991, 1.000000000000000000 ),
 .UNSPECIFIED. ) ;
#3202 = CARTESIAN_POINT ( 'NONE',  ( -0.1646628296899652066, 0.7983555048805102139, -0.3199999999999999512 ) ) ;
#3203 =( GEOMETRIC_REPRESENTATION_CONTEXT ( 3 ) GLOBAL_UNCERTAINTY_ASSIGNED_CONTEXT ( ( #2822 ) ) GLOBAL_UNIT_ASSIGNED_CONTEXT ( ( #730, #4666, #2807 ) ) REPRESENTATION_CONTEXT ( 'NONE', 'WORKASPACE' ) );
#3204 = FILL_AREA_STYLE_COLOUR ( '', #2373 ) ;
#3205 =( NAMED_UNIT ( * ) SI_UNIT ( $, .STERADIAN. ) SOLID_ANGLE_UNIT ( ) );
#3206 = STYLED_ITEM ( 'NONE', ( #4415 ), #2277 ) ;
#3207 = CARTESIAN_POINT ( 'NONE',  ( 0.09359158859688185284, 0.7106918912704864866, -0.3199999999999998956 ) ) ;
#3208 = ORIENTED_EDGE ( 'NONE', *, *, #203, .F. ) ;
#3209 = ORIENTED_EDGE ( 'NONE', *, *, #1167, .F. ) ;
#3210 = CARTESIAN_POINT ( 'NONE',  ( 0.5000000000000000000, 0.3614359353944899822, -0.3199999999999999512 ) ) ;
#3211 = CARTESIAN_POINT ( 'NONE',  ( -0.03905307359240421661, 0.6983555048805101251, -0.3189999999999999503 ) ) ;
#3212 = CARTESIAN_POINT ( 'NONE',  ( -0.1175435331663085836, 0.7650258028178347214, -0.3190000000000001168 ) ) ;
#3213 = LINE ( 'NONE', #2098, #1968 ) ;
#3214 = DIRECTION ( 'NONE',  ( 0.0000000000000000000, -0.0000000000000000000, 1.000000000000000000 ) ) ;
#3215 = DIRECTION ( 'NONE',  ( 0.0000000000000000000, 1.000000000000000000, 0.0000000000000000000 ) ) ;
#3216 = CIRCLE ( 'NONE', #118, 0.1385640646055101566 ) ;
#3217 = CARTESIAN_POINT ( 'NONE',  ( 0.07716262762710800194, 0.7995750170756320552, -0.3189999999999999503 ) ) ;
#3218 = UNCERTAINTY_MEASURE_WITH_UNIT (LENGTH_MEASURE( 1.000000000000000082E-05 ), #151, 'distance_accuracy_value', 'NONE');
#3219 = ORIENTED_EDGE ( 'NONE', *, *, #845, .T. ) ;
#3220 = EDGE_CURVE ( 'NONE', #2710, #2270, #4148, .T. ) ;
#3221 = CARTESIAN_POINT ( 'NONE',  ( 0.8249999999999997335, 0.9349999999999999423, 0.04000000000000000083 ) ) ;
#3222 = VERTEX_POINT ( 'NONE', #388 ) ;
#3223 = CARTESIAN_POINT ( 'NONE',  ( -0.09670572916994980839, 0.7061435745512354423, -0.3189999999999999503 ) ) ;
#3224 = SURFACE_SIDE_STYLE ('',( #1760 ) ) ;
#3225 = LINE ( 'NONE', #4317, #4205 ) ;
#3226 = CARTESIAN_POINT ( 'NONE',  ( 0.1003490162492396143, 0.7004444354571960352, -0.3199999999999998401 ) ) ;
#3227 = UNCERTAINTY_MEASURE_WITH_UNIT (LENGTH_MEASURE( 1.000000000000000082E-05 ), #3541, 'distance_accuracy_value', 'NONE');
#3228 = CARTESIAN_POINT ( 'NONE',  ( 0.06266233941235833937, 0.6995792852110109816, -0.3189999999999998948 ) ) ;
#3229 = VECTOR ( 'NONE', #1374, 1000.000000000000000 ) ;
#3230 = CARTESIAN_POINT ( 'NONE',  ( -0.06624438456801395869, 0.6983555048805101251, -0.3189999999999999503 ) ) ;
#3231 = FILL_AREA_STYLE ('',( #2068 ) ) ;
#3232 =( NAMED_UNIT ( * ) PLANE_ANGLE_UNIT ( ) SI_UNIT ( $, .RADIAN. ) );
#3233 = VERTEX_POINT ( 'NONE', #4800 ) ;
#3234 = CARTESIAN_POINT ( 'NONE',  ( 0.05456819231436299544, 0.7030205067427891530, -0.3199999999999999512 ) ) ;
#3235 = COLOUR_RGB ( '',1.000000000000000000, 1.000000000000000000, 1.000000000000000000 ) ;
#3236 = FACE_OUTER_BOUND ( 'NONE', #953, .T. ) ;
#3237 = ADVANCED_FACE ( 'NONE', ( #3669 ), #2226, .T. ) ;
#3238 = CARTESIAN_POINT ( 'NONE',  ( -0.09243256577891895143, 0.7932776509814455368, -0.3189999999999998392 ) ) ;
#3239 = CARTESIAN_POINT ( 'NONE',  ( -0.07739567366707993112, 0.6991558500717792723, -0.3200000000000000622 ) ) ;
#3240 = CARTESIAN_POINT ( 'NONE',  ( 0.5000000000000001110, -0.3614359353944897602, -0.3199999999999999512 ) ) ;
#3241 = LINE ( 'NONE', #2870, #3716 ) ;
#3242 = ORIENTED_EDGE ( 'NONE', *, *, #703, .T. ) ;
#3243 = CARTESIAN_POINT ( 'NONE',  ( 0.07929677396857140459, 0.7081116024414857435, -0.3189999999999999503 ) ) ;
#3244 = CARTESIAN_POINT ( 'NONE',  ( -0.1060934662658704203, 0.7508593921747511724, -0.3199999999999999512 ) ) ;
#3245 = CARTESIAN_POINT ( 'NONE',  ( 0.02070302396857141153, 0.7544530658561199310, -0.3199999999999999512 ) ) ;
#3246 = MECHANICAL_DESIGN_GEOMETRIC_PRESENTATION_REPRESENTATION (  '', ( #1092 ), #3769 ) ;
#3247 = DIRECTION ( 'NONE',  ( 0.0000000000000000000, -0.0000000000000000000, -1.000000000000000000 ) ) ;
#3248 =( NAMED_UNIT ( * ) PLANE_ANGLE_UNIT ( ) SI_UNIT ( $, .RADIAN. ) );
#3249 = DIRECTION ( 'NONE',  ( 1.000000000000000000, 0.0000000000000000000, 0.0000000000000000000 ) ) ;
#3250 = PRESENTATION_STYLE_ASSIGNMENT (( #3175 ) ) ;
#3251 = EDGE_CURVE ( 'NONE', #491, #3724, #3291, .T. ) ;
#3252 = VERTEX_POINT ( 'NONE', #748 ) ;
#3253 = UNCERTAINTY_MEASURE_WITH_UNIT (LENGTH_MEASURE( 1.000000000000000082E-05 ), #2472, 'distance_accuracy_value', 'NONE');
#3254 = EDGE_CURVE ( 'NONE', #1350, #3627, #2276, .T. ) ;
#3255 = ORIENTED_EDGE ( 'NONE', *, *, #4625, .T. ) ;
#3256 = DIRECTION ( 'NONE',  ( -0.0000000000000000000, -0.0000000000000000000, -1.000000000000000000 ) ) ;
#3257 =( NAMED_UNIT ( * ) SI_UNIT ( $, .STERADIAN. ) SOLID_ANGLE_UNIT ( ) );
#3258 = PRESENTATION_STYLE_ASSIGNMENT (( #283 ) ) ;
#3259 =( NAMED_UNIT ( * ) PLANE_ANGLE_UNIT ( ) SI_UNIT ( $, .RADIAN. ) );
#3260 = DIRECTION ( 'NONE',  ( -1.159574516027277451E-16, 1.000000000000000000, -0.0000000000000000000 ) ) ;
#3261 =( GEOMETRIC_REPRESENTATION_CONTEXT ( 3 ) GLOBAL_UNCERTAINTY_ASSIGNED_CONTEXT ( ( #3689 ) ) GLOBAL_UNIT_ASSIGNED_CONTEXT ( ( #783, #3375, #2642 ) ) REPRESENTATION_CONTEXT ( 'NONE', 'WORKASPACE' ) );
#3262 = ORIENTED_EDGE ( 'NONE', *, *, #681, .T. ) ;
#3263 = DIRECTION ( 'NONE',  ( 0.0000000000000000000, 1.000000000000000000, 0.0000000000000000000 ) ) ;
#3264 = ORIENTED_EDGE ( 'NONE', *, *, #3086, .T. ) ;
#3265 =( NAMED_UNIT ( * ) SI_UNIT ( $, .STERADIAN. ) SOLID_ANGLE_UNIT ( ) );
#3266 = DIRECTION ( 'NONE',  ( 0.0000000000000000000, -1.000000000000000000, 0.0000000000000000000 ) ) ;
#3267 = COLOUR_RGB ( '',1.000000000000000000, 1.000000000000000000, 1.000000000000000000 ) ;
#3268 = PRESENTATION_STYLE_ASSIGNMENT (( #2878 ) ) ;
#3269 = COLOUR_RGB ( '',1.000000000000000000, 1.000000000000000000, 1.000000000000000000 ) ;
#3270 = SURFACE_STYLE_FILL_AREA ( #1787 ) ;
#3271 = VERTEX_POINT ( 'NONE', #2555 ) ;
#3272 = CARTESIAN_POINT ( 'NONE',  ( 0.05362985323686408207, 0.7821969682951442904, -0.3189999999999999503 ) ) ;
#3273 = DIRECTION ( 'NONE',  ( -0.0000000000000000000, -0.0000000000000000000, -1.000000000000000000 ) ) ;
#3274 = CARTESIAN_POINT ( 'NONE',  ( 0.02070302396857141153, 0.7873798951244125321, -0.3189999999999999503 ) ) ;
#3275 = UNCERTAINTY_MEASURE_WITH_UNIT (LENGTH_MEASURE( 1.000000000000000082E-05 ), #2285, 'distance_accuracy_value', 'NONE');
#3276 = CARTESIAN_POINT ( 'NONE',  ( -0.09796910520399829125, 0.7753525115408675950, -0.3190000000000001168 ) ) ;
#3277 = EDGE_CURVE ( 'NONE', #4695, #4540, #1848, .T. ) ;
#3278 = VERTEX_POINT ( 'NONE', #2536 ) ;
#3279 = EDGE_CURVE ( 'NONE', #1178, #2313, #3216, .T. ) ;
#3280 = MECHANICAL_DESIGN_GEOMETRIC_PRESENTATION_REPRESENTATION (  '', ( #103 ), #4519 ) ;
#3281 = FACE_OUTER_BOUND ( 'NONE', #1971, .T. ) ;
#3282 = CARTESIAN_POINT ( 'NONE',  ( -0.07799515537002030263, 0.7976243702898042631, -0.3190000000000000058 ) ) ;
#3283 = FACE_OUTER_BOUND ( 'NONE', #2775, .T. ) ;
#3284 = PRESENTATION_STYLE_ASSIGNMENT (( #1122 ) ) ;
#3285 = SURFACE_STYLE_USAGE ( .BOTH. , #4426 ) ;
#3286 = EDGE_LOOP ( 'NONE', ( #3779, #1090, #2987, #574, #2841 ) ) ;
#3287 =( NAMED_UNIT ( * ) PLANE_ANGLE_UNIT ( ) SI_UNIT ( $, .RADIAN. ) );
#3288 = VECTOR ( 'NONE', #2208, 1000.000000000000000 ) ;
#3289 = SURFACE_STYLE_USAGE ( .BOTH. , #1544 ) ;
#3290 = VERTEX_POINT ( 'NONE', #1520 ) ;
#3291 = LINE ( 'NONE', #2940, #3827 ) ;
#3292 = FACE_OUTER_BOUND ( 'NONE', #1419, .T. ) ;
#3293 = CARTESIAN_POINT ( 'NONE',  ( 0.06420129793619805403, 0.7986083386536153572, -0.3190000000000000058 ) ) ;
#3294 = VERTEX_POINT ( 'NONE', #3388 ) ;
#3295 =( LENGTH_UNIT ( ) NAMED_UNIT ( * ) SI_UNIT ( .MILLI., .METRE. ) );
#3296 = FILL_AREA_STYLE_COLOUR ( '', #824 ) ;
#3297 = AXIS2_PLACEMENT_3D ( 'NONE', #2988, #812, #80 ) ;
#3298 = PRESENTATION_STYLE_ASSIGNMENT (( #2586 ) ) ;
#3299 = AXIS2_PLACEMENT_3D ( 'NONE', #1649, #3865, #3073 ) ;
#3300 = SPHERICAL_SURFACE ( 'NONE', #4191, 0.1599999999999999756 ) ;
#3301 = ORIENTED_EDGE ( 'NONE', *, *, #962, .T. ) ;
#3302 = CARTESIAN_POINT ( 'NONE',  ( 0.09359158859688185284, 0.7106918912704864866, -0.3189999999999998948 ) ) ;
#3303 =( NAMED_UNIT ( * ) PLANE_ANGLE_UNIT ( ) SI_UNIT ( $, .RADIAN. ) );
#3304 =( NAMED_UNIT ( * ) PLANE_ANGLE_UNIT ( ) SI_UNIT ( $, .RADIAN. ) );
#3305 = ORIENTED_EDGE ( 'NONE', *, *, #809, .F. ) ;
#3306 = CARTESIAN_POINT ( 'NONE',  ( -0.1544113052997213020, 0.7373798951244125988, -0.3189999999999999503 ) ) ;
#3307 =( LENGTH_UNIT ( ) NAMED_UNIT ( * ) SI_UNIT ( .MILLI., .METRE. ) );
#3308 = STYLED_ITEM ( 'NONE', ( #4352 ), #4037 ) ;
#3309 = CARTESIAN_POINT ( 'NONE',  ( 0.5000000000000001110, -0.4999999999999998890, -0.5599999999999999423 ) ) ;
#3310 = SURFACE_STYLE_FILL_AREA ( #1103 ) ;
#3311 = SURFACE_STYLE_USAGE ( .BOTH. , #1850 ) ;
#3312 =( GEOMETRIC_REPRESENTATION_CONTEXT ( 3 ) GLOBAL_UNCERTAINTY_ASSIGNED_CONTEXT ( ( #4036 ) ) GLOBAL_UNIT_ASSIGNED_CONTEXT ( ( #1937, #4115, #3829 ) ) REPRESENTATION_CONTEXT ( 'NONE', 'WORKASPACE' ) );
#3313 = CARTESIAN_POINT ( 'NONE',  ( 0.1170830521002650115, 0.7812602715991926461, -0.3200000000000000067 ) ) ;
#3314 = CARTESIAN_POINT ( 'NONE',  ( 0.1146054629929616486, 0.7472884317097784335, -0.3189999999999999503 ) ) ;
#3315 = LINE ( 'NONE', #4805, #1889 ) ;
#3316 = PRESENTATION_LAYER_ASSIGNMENT (  '', '', ( #1257 ) ) ;
#3317 = EDGE_CURVE ( 'NONE', #1945, #4694, #4434, .T. ) ;
#3318 = ORIENTED_EDGE ( 'NONE', *, *, #1523, .F. ) ;
#3319 = DIRECTION ( 'NONE',  ( 1.000000000000000000, 0.0000000000000000000, 0.0000000000000000000 ) ) ;
#3320 = PLANE ( 'NONE',  #1717 ) ;
#3321 = CARTESIAN_POINT ( 'NONE',  ( -0.1186960145815371820, 0.7601391270231184771, -0.3189999999999998948 ) ) ;
#3322 = PRESENTATION_STYLE_ASSIGNMENT (( #3754 ) ) ;
#3323 = DIRECTION ( 'NONE',  ( 0.0000000000000000000, -1.000000000000000000, 0.0000000000000000000 ) ) ;
#3324 = CARTESIAN_POINT ( 'NONE',  ( -0.1708152763207683444, 0.7854482937004685361, -0.3189999999999999503 ) ) ;
#3325 =( NAMED_UNIT ( * ) PLANE_ANGLE_UNIT ( ) SI_UNIT ( $, .RADIAN. ) );
#3326 = ORIENTED_EDGE ( 'NONE', *, *, #176, .F. ) ;
#3327 = SURFACE_STYLE_FILL_AREA ( #2873 ) ;
#3328 = CIRCLE ( 'NONE', #1873, 0.1385640646055101566 ) ;
#3329 = EDGE_CURVE ( 'NONE', #4550, #1988, #1468, .T. ) ;
#3330 = CARTESIAN_POINT ( 'NONE',  ( -0.1694824172048971789, 0.7796039756080157535, -0.3200000000000000622 ) ) ;
#3331 = FILL_AREA_STYLE ('',( #4479 ) ) ;
#3332 = CARTESIAN_POINT ( 'NONE',  ( -0.05246770773874569888, 0.7093311146366076958, -0.3189999999999999503 ) ) ;
#3333 = B_SPLINE_SURFACE_WITH_KNOTS ( 'NONE', 3, 1, ( 
 ( #4455, #3115 ),
 ( #114, #545 ),
 ( #4503, #927 ),
 ( #3486, #1618 ),
 ( #4182, #3069 ),
 ( #472, #3860 ),
 ( #1948, #3506 ),
 ( #3465, #3091 ),
 ( #567, #3759 ),
 ( #3413, #886 ),
 ( #188, #4603 ) ),
 .UNSPECIFIED., .F., .F., .F.,
 ( 4, 1, 1, 1, 1, 1, 1, 1, 4 ),
 ( 2, 2 ),
 ( 0.0000000000000000000, 0.1352946047634291382, 0.2667656579247484894, 0.3948160188358721956, 0.5200516544342458358, 0.6421757029708213826, 0.7626518205584238430, 0.8818340043805024120, 1.000000000000000000 ),
 ( 0.0000000000000000000, 1.000000000000000000 ),
 .UNSPECIFIED. ) ;
#3334 = VECTOR ( 'NONE', #1854, 1000.000000000000227 ) ;
#3335 = ADVANCED_FACE ( 'NONE', ( #2970 ), #3333, .T. ) ;
#3336 =( GEOMETRIC_REPRESENTATION_CONTEXT ( 3 ) GLOBAL_UNCERTAINTY_ASSIGNED_CONTEXT ( ( #4430 ) ) GLOBAL_UNIT_ASSIGNED_CONTEXT ( ( #2479, #253, #2495 ) ) REPRESENTATION_CONTEXT ( 'NONE', 'WORKASPACE' ) );
#3337 = EDGE_LOOP ( 'NONE', ( #4413, #3868, #1734, #1156 ) ) ;
#3338 = MECHANICAL_DESIGN_GEOMETRIC_PRESENTATION_REPRESENTATION (  '', ( #2877 ), #3649 ) ;
#3339 = FILL_AREA_STYLE ('',( #64 ) ) ;
#3340 = CARTESIAN_POINT ( 'NONE',  ( -0.09544475036136794432, 0.7778834687806426285, -0.3189999999999998948 ) ) ;
#3341 = CARTESIAN_POINT ( 'NONE',  ( -0.8250000000000001776, 0.9349999999999999423, -0.3199999999999999512 ) ) ;
#3342 = FACE_OUTER_BOUND ( 'NONE', #3604, .T. ) ;
#3343 = STYLED_ITEM ( 'NONE', ( #1347 ), #410 ) ;
#3344 = MECHANICAL_DESIGN_GEOMETRIC_PRESENTATION_REPRESENTATION (  '', ( #3652 ), #1593 ) ;
#3345 = UNCERTAINTY_MEASURE_WITH_UNIT (LENGTH_MEASURE( 1.000000000000000082E-05 ), #708, 'distance_accuracy_value', 'NONE');
#3346 = CARTESIAN_POINT ( 'NONE',  ( -0.1414920979826481406, 0.6983555048805101251, -0.3199999999999999512 ) ) ;
#3347 = ORIENTED_EDGE ( 'NONE', *, *, #4038, .T. ) ;
#3348 = CARTESIAN_POINT ( 'NONE',  ( 0.8249999999999997335, 0.9349999999999999423, 0.04000000000000000083 ) ) ;
#3349 = ORIENTED_EDGE ( 'NONE', *, *, #1407, .F. ) ;
#3350 = MECHANICAL_DESIGN_GEOMETRIC_PRESENTATION_REPRESENTATION (  '', ( #2494 ), #1518 ) ;
#3351 = UNCERTAINTY_MEASURE_WITH_UNIT (LENGTH_MEASURE( 1.000000000000000082E-05 ), #1693, 'distance_accuracy_value', 'NONE');
#3352 = CARTESIAN_POINT ( 'NONE',  ( -0.07271274095140717320, 0.7982342658140991754, -0.3190000000000000058 ) ) ;
#3353 = CARTESIAN_POINT ( 'NONE',  ( -0.1712558174948432266, 0.7861603829292906909, -0.3199999999999999512 ) ) ;
#3354 = CARTESIAN_POINT ( 'NONE',  ( 0.1145234234466263601, 0.7429708241608273811, -0.3189999999999999503 ) ) ;
#3355 =( NAMED_UNIT ( * ) SI_UNIT ( $, .STERADIAN. ) SOLID_ANGLE_UNIT ( ) );
#3356 = AXIS2_PLACEMENT_3D ( 'NONE', #2619, #1120, #1860 ) ;
#3357 = EDGE_LOOP ( 'NONE', ( #2862, #3397, #569, #1465 ) ) ;
#3358 = MECHANICAL_DESIGN_GEOMETRIC_PRESENTATION_REPRESENTATION (  '', ( #3443 ), #2123 ) ;
#3359 = PRODUCT_DEFINITION_CONTEXT ( 'detailed design', #4064, 'design' ) ;
#3360 = CARTESIAN_POINT ( 'NONE',  ( -0.1702231448273963388, 0.7822182002061291994, -0.3190000000000000058 ) ) ;
#3361 = SURFACE_STYLE_USAGE ( .BOTH. , #4779 ) ;
#3362 = CARTESIAN_POINT ( 'NONE',  ( 0.8249999999999999556, -0.9350000000000001643, 0.0000000000000000000 ) ) ;
#3363 = ORIENTED_EDGE ( 'NONE', *, *, #1337, .F. ) ;
#3364 = ADVANCED_FACE ( 'NONE', ( #1228 ), #521, .T. ) ;
#3365 = DIRECTION ( 'NONE',  ( 0.0000000000000000000, 1.000000000000000000, 0.0000000000000000000 ) ) ;
#3366 = ORIENTED_EDGE ( 'NONE', *, *, #3024, .T. ) ;
#3367 = FILL_AREA_STYLE_COLOUR ( '', #2458 ) ;
#3368 = CYLINDRICAL_SURFACE ( 'NONE', #612, 0.05737839342913157725 ) ;
#3369 = CARTESIAN_POINT ( 'NONE',  ( -0.07933790001302730432, 0.7861162344701115856, -0.3199999999999998401 ) ) ;
#3370 = CARTESIAN_POINT ( 'NONE',  ( 0.1877761947002787590, 0.7983555048805102139, -0.3189999999999999503 ) ) ;
#3371 = VECTOR ( 'NONE', #241, 1000.000000000000000 ) ;
#3372 = COLOUR_RGB ( '',0.2509803921568627416, 0.2509803921568627416, 0.2509803921568627416 ) ;
#3373 = AXIS2_PLACEMENT_3D ( 'NONE', #2248, #2968, #2202 ) ;
#3374 = SURFACE_SIDE_STYLE ('',( #4113 ) ) ;
#3375 =( NAMED_UNIT ( * ) PLANE_ANGLE_UNIT ( ) SI_UNIT ( $, .RADIAN. ) );
#3376 = SURFACE_STYLE_FILL_AREA ( #2343 ) ;
#3377 = STYLED_ITEM ( 'NONE', ( #1051 ), #3686 ) ;
#3378 = ORIENTED_EDGE ( 'NONE', *, *, #1353, .T. ) ;
#3379 = ORIENTED_EDGE ( 'NONE', *, *, #368, .F. ) ;
#3380 =( NAMED_UNIT ( * ) SI_UNIT ( $, .STERADIAN. ) SOLID_ANGLE_UNIT ( ) );
#3381 = SURFACE_STYLE_FILL_AREA ( #4088 ) ;
#3382 = LINE ( 'NONE', #51, #436 ) ;
#3383 = EDGE_CURVE ( 'NONE', #358, #2688, #2302, .T. ) ;
#3384 = ORIENTED_EDGE ( 'NONE', *, *, #962, .F. ) ;
#3385 = VERTEX_POINT ( 'NONE', #3785 ) ;
#3386 =( NAMED_UNIT ( * ) SI_UNIT ( $, .STERADIAN. ) SOLID_ANGLE_UNIT ( ) );
#3387 = CARTESIAN_POINT ( 'NONE',  ( 0.07599994156472592022, 0.7995666826320713128, -0.3190000000000000613 ) ) ;
#3388 = CARTESIAN_POINT ( 'NONE',  ( 0.05362985323686408207, 0.7821969682951442904, -0.3189999999999999503 ) ) ;
#3389 =( GEOMETRIC_REPRESENTATION_CONTEXT ( 3 ) GLOBAL_UNCERTAINTY_ASSIGNED_CONTEXT ( ( #3227 ) ) GLOBAL_UNIT_ASSIGNED_CONTEXT ( ( #3541, #223, #3871 ) ) REPRESENTATION_CONTEXT ( 'NONE', 'WORKASPACE' ) );
#3390 = DIRECTION ( 'NONE',  ( 0.0000000000000000000, 0.0000000000000000000, 1.000000000000000000 ) ) ;
#3391 = ORIENTED_EDGE ( 'NONE', *, *, #3919, .T. ) ;
#3392 = CARTESIAN_POINT ( 'NONE',  ( 0.1280200971393031240, 0.7464690719536809516, -0.3189999999999999503 ) ) ;
#3393 = VECTOR ( 'NONE', #872, 1000.000000000000000 ) ;
#3394 = CARTESIAN_POINT ( 'NONE',  ( -0.1693312748119164268, 0.7791481878073394096, -0.3189999999999999503 ) ) ;
#3395 = CARTESIAN_POINT ( 'NONE',  ( 0.1224851736990830581, 0.7727459568310716120, -0.3200000000000001177 ) ) ;
#3396 = CARTESIAN_POINT ( 'NONE',  ( -0.08298658729096315689, 0.7850619791134619829, -0.3200000000000001177 ) ) ;
#3397 = ORIENTED_EDGE ( 'NONE', *, *, #317, .F. ) ;
#3398 = LINE ( 'NONE', #2234, #1441 ) ;
#3399 = UNCERTAINTY_MEASURE_WITH_UNIT (LENGTH_MEASURE( 1.000000000000000082E-05 ), #664, 'distance_accuracy_value', 'NONE');
#3400 = SURFACE_STYLE_FILL_AREA ( #533 ) ;
#3401 = ADVANCED_FACE ( 'NONE', ( #1641 ), #1277, .F. ) ;
#3402 = VECTOR ( 'NONE', #4766, 1000.000000000000000 ) ;
#3403 = CARTESIAN_POINT ( 'NONE',  ( -0.07110974189668373135, 0.7094272250792484913, -0.3199999999999998401 ) ) ;
#3404 = ADVANCED_FACE ( 'NONE', ( #173 ), #2638, .T. ) ;
#3405 = CARTESIAN_POINT ( 'NONE',  ( -0.1060934662658704203, 0.7508593921747511724, -0.3199999999999999512 ) ) ;
#3406 = SPHERICAL_SURFACE ( 'NONE', #1282, 0.1599999999999999756 ) ;
#3407 = CARTESIAN_POINT ( 'NONE',  ( -0.1702231448273963388, 0.7822182002061291994, -0.3190000000000000058 ) ) ;
#3408 = ORIENTED_EDGE ( 'NONE', *, *, #785, .F. ) ;
#3409 = ORIENTED_EDGE ( 'NONE', *, *, #107, .F. ) ;
#3410 = CARTESIAN_POINT ( 'NONE',  ( 0.07704829835881529809, 0.7885994073195344845, -0.3189999999999999503 ) ) ;
#3411 = DIRECTION ( 'NONE',  ( 1.000000000000000000, -1.224646799147353207E-16, 0.0000000000000000000 ) ) ;
#3412 = CARTESIAN_POINT ( 'NONE',  ( 0.07716262762710800194, 0.7995750170756320552, -0.3189999999999999503 ) ) ;
#3413 = CARTESIAN_POINT ( 'NONE',  ( 0.05454908624974772607, 0.7139962860480721929, -0.3189999999999998948 ) ) ;
#3414 = EDGE_LOOP ( 'NONE', ( #407, #4126, #2362, #4522, #2177, #2692 ) ) ;
#3415 = AXIS2_PLACEMENT_3D ( 'NONE', #3929, #594, #2053 ) ;
#3416 = CARTESIAN_POINT ( 'NONE',  ( 0.1120724778693037854, 0.7642981525533129039, -0.3200000000000000067 ) ) ;
#3417 = CARTESIAN_POINT ( 'NONE',  ( 0.5000000000000001110, -0.4999999999999998890, -0.3999999999999999667 ) ) ;
#3418 = PRESENTATION_STYLE_ASSIGNMENT (( #1569 ) ) ;
#3419 = CARTESIAN_POINT ( 'NONE',  ( 0.1023723544722396350, 0.7161810600739567656, -0.3190000000000001168 ) ) ;
#3420 =( NAMED_UNIT ( * ) PLANE_ANGLE_UNIT ( ) SI_UNIT ( $, .RADIAN. ) );
#3421 = CARTESIAN_POINT ( 'NONE',  ( 0.1084108522232593991, 0.7046655362666024436, -0.3190000000000000058 ) ) ;
#3422 = PRESENTATION_LAYER_ASSIGNMENT (  '', '', ( #4190 ) ) ;
#3423 = EDGE_LOOP ( 'NONE', ( #2978, #757, #4476 ) ) ;
#3424 =( GEOMETRIC_REPRESENTATION_CONTEXT ( 3 ) GLOBAL_UNCERTAINTY_ASSIGNED_CONTEXT ( ( #4373 ) ) GLOBAL_UNIT_ASSIGNED_CONTEXT ( ( #4592, #3771, #1288 ) ) REPRESENTATION_CONTEXT ( 'NONE', 'WORKASPACE' ) );
#3425 = SURFACE_SIDE_STYLE ('',( #3849 ) ) ;
#3426 = CARTESIAN_POINT ( 'NONE',  ( 0.08114509713930312396, 0.6971359926853881728, -0.3189999999999999503 ) ) ;
#3427 = VERTEX_POINT ( 'NONE', #3564 ) ;
#3428 = ORIENTED_EDGE ( 'NONE', *, *, #1256, .F. ) ;
#3429 = VECTOR ( 'NONE', #646, 1000.000000000000114 ) ;
#3430 = CARTESIAN_POINT ( 'NONE',  ( 0.05604871665855791496, 0.7965934724333542105, -0.3199999999999998956 ) ) ;
#3431 = FACE_OUTER_BOUND ( 'NONE', #2463, .T. ) ;
#3432 = ORIENTED_EDGE ( 'NONE', *, *, #1553, .F. ) ;
#3433 = EDGE_CURVE ( 'NONE', #1540, #4072, #2471, .T. ) ;
#3434 = ORIENTED_EDGE ( 'NONE', *, *, #573, .F. ) ;
#3435 = CARTESIAN_POINT ( 'NONE',  ( 0.05362985323686408207, 0.7035384317097784779, -0.3199999999999999512 ) ) ;
#3436 =( NAMED_UNIT ( * ) SI_UNIT ( $, .STERADIAN. ) SOLID_ANGLE_UNIT ( ) );
#3437 = AXIS2_PLACEMENT_3D ( 'NONE', #1242, #3477, #3542 ) ;
#3438 = VERTEX_POINT ( 'NONE', #2859 ) ;
#3439 = EDGE_LOOP ( 'NONE', ( #2872, #4170, #3065, #4150 ) ) ;
#3440 = VECTOR ( 'NONE', #2501, 1000.000000000000000 ) ;
#3441 = DIRECTION ( 'NONE',  ( -0.0000000000000000000, -0.0000000000000000000, 1.000000000000000000 ) ) ;
#3442 =( NAMED_UNIT ( * ) PLANE_ANGLE_UNIT ( ) SI_UNIT ( $, .RADIAN. ) );
#3443 = STYLED_ITEM ( 'NONE', ( #2701 ), #2538 ) ;
#3444 = CARTESIAN_POINT ( 'NONE',  ( 0.1015004203937319022, 0.7800811187555042325, -0.3200000000000000067 ) ) ;
#3445 = CARTESIAN_POINT ( 'NONE',  ( 0.07390354495909876031, 0.7885518609145388824, -0.3189999999999998392 ) ) ;
#3446 = FACE_OUTER_BOUND ( 'NONE', #314, .T. ) ;
#3447 = DIRECTION ( 'NONE',  ( -0.0000000000000000000, -0.0000000000000000000, -1.000000000000000000 ) ) ;
#3448 = MECHANICAL_DESIGN_GEOMETRIC_PRESENTATION_REPRESENTATION (  '', ( #4761 ), #2814 ) ;
#3449 = CARTESIAN_POINT ( 'NONE',  ( 0.05645847967160690095, 0.7019771450832597015, -0.3189999999999999503 ) ) ;
#3450 = ORIENTED_EDGE ( 'NONE', *, *, #3251, .T. ) ;
#3451 = SURFACE_SIDE_STYLE ('',( #4220 ) ) ;
#3452 = EDGE_CURVE ( 'NONE', #3385, #2079, #4341, .T. ) ;
#3453 = SURFACE_STYLE_USAGE ( .BOTH. , #1511 ) ;
#3454 = VECTOR ( 'NONE', #2627, 1000.000000000000000 ) ;
#3455 =( NAMED_UNIT ( * ) SI_UNIT ( $, .STERADIAN. ) SOLID_ANGLE_UNIT ( ) );
#3456 = MECHANICAL_DESIGN_GEOMETRIC_PRESENTATION_REPRESENTATION (  '', ( #4305 ), #4458 ) ;
#3457 = MECHANICAL_DESIGN_GEOMETRIC_PRESENTATION_REPRESENTATION (  '', ( #1915 ), #2907 ) ;
#3458 = ORIENTED_EDGE ( 'NONE', *, *, #698, .F. ) ;
#3459 = CARTESIAN_POINT ( 'NONE',  ( 0.05362985323686408207, 0.7145140414658759376, -0.3200000000000000067 ) ) ;
#3460 = CIRCLE ( 'NONE', #4056, 0.1599999999999999756 ) ;
#3461 = EDGE_CURVE ( 'NONE', #622, #4631, #1381, .T. ) ;
#3462 = VERTEX_POINT ( 'NONE', #1451 ) ;
#3463 = SURFACE_STYLE_USAGE ( .BOTH. , #1996 ) ;
#3464 =( NAMED_UNIT ( * ) SI_UNIT ( $, .STERADIAN. ) SOLID_ANGLE_UNIT ( ) );
#3465 = CARTESIAN_POINT ( 'NONE',  ( 0.05932691321872829437, 0.7116800138496722772, -0.3190000000000001168 ) ) ;
#3466 = ADVANCED_FACE ( 'NONE', ( #751 ), #1132, .F. ) ;
#3467 = CARTESIAN_POINT ( 'NONE',  ( 0.09857330428802625610, 0.7823507039929585849, -0.3189999999999998392 ) ) ;
#3468 = EDGE_CURVE ( 'NONE', #1131, #1409, #2212, .T. ) ;
#3469 = LINE ( 'NONE', #2354, #2689 ) ;
#3470 =( NAMED_UNIT ( * ) PLANE_ANGLE_UNIT ( ) SI_UNIT ( $, .RADIAN. ) );
#3471 = DIRECTION ( 'NONE',  ( 0.0000000000000000000, 1.000000000000000000, 0.0000000000000000000 ) ) ;
#3472 = CARTESIAN_POINT ( 'NONE',  ( 0.1045176193751271854, 0.7023321432271505405, -0.3190000000000000058 ) ) ;
#3473 = STYLED_ITEM ( 'NONE', ( #3764 ), #4200 ) ;
#3474 = SURFACE_STYLE_USAGE ( .BOTH. , #3425 ) ;
#3475 = CARTESIAN_POINT ( 'NONE',  ( 1.084202172485504434E-16, 2.168404344971008868E-16, -0.3999999999999999667 ) ) ;
#3476 =( NAMED_UNIT ( * ) PLANE_ANGLE_UNIT ( ) SI_UNIT ( $, .RADIAN. ) );
#3477 = DIRECTION ( 'NONE',  ( 1.000000000000000000, 0.0000000000000000000, 0.0000000000000000000 ) ) ;
#3478 = CARTESIAN_POINT ( 'NONE',  ( -0.08320533532835711066, 0.7118771141747565201, -0.3190000000000000613 ) ) ;
#3479 =( GEOMETRIC_REPRESENTATION_CONTEXT ( 3 ) GLOBAL_UNCERTAINTY_ASSIGNED_CONTEXT ( ( #2211 ) ) GLOBAL_UNIT_ASSIGNED_CONTEXT ( ( #2090, #4274, #917 ) ) REPRESENTATION_CONTEXT ( 'NONE', 'WORKASPACE' ) );
#3480 = PRESENTATION_STYLE_ASSIGNMENT (( #510 ) ) ;
#3481 = CARTESIAN_POINT ( 'NONE',  ( -0.1035991890094975082, 0.7325103099770627901, -0.3190000000000000613 ) ) ;
#3482 = CARTESIAN_POINT ( 'NONE',  ( -0.1923495674948432488, 0.7264042853683149170, -0.3199999999999999512 ) ) ;
#3483 = VERTEX_POINT ( 'NONE', #2181 ) ;
#3484 = LINE ( 'NONE', #3857, #2669 ) ;
#3485 =( NAMED_UNIT ( * ) PLANE_ANGLE_UNIT ( ) SI_UNIT ( $, .RADIAN. ) );
#3486 = CARTESIAN_POINT ( 'NONE',  ( 0.07219708587848525094, 0.7084795140502376798, -0.3189999999999999503 ) ) ;
#3487 = DIRECTION ( 'NONE',  ( -0.0000000000000000000, -0.0000000000000000000, -1.000000000000000000 ) ) ;
#3488 = ORIENTED_EDGE ( 'NONE', *, *, #1196, .T. ) ;
#3489 = LINE ( 'NONE', #1668, #2832 ) ;
#3490 = EDGE_CURVE ( 'NONE', #2810, #4195, #4028, .T. ) ;
#3491 = DIRECTION ( 'NONE',  ( 0.0000000000000000000, -1.000000000000000000, 0.0000000000000000000 ) ) ;
#3492 = CARTESIAN_POINT ( 'NONE',  ( 0.09592663662551005610, 0.6989505280260029929, -0.3190000000000001168 ) ) ;
#3493 = CARTESIAN_POINT ( 'NONE',  ( 0.1120029510904169273, 0.7074629908046349280, -0.3189999999999999503 ) ) ;
#3494 = EDGE_CURVE ( 'NONE', #1423, #2777, #4218, .T. ) ;
#3495 = CARTESIAN_POINT ( 'NONE',  ( -0.1780774638363066542, 0.7983555048805102139, -0.3189999999999999503 ) ) ;
#3496 = CARTESIAN_POINT ( 'NONE',  ( -0.4999999999999997780, -0.4999999999999996669, -0.3199999999999999512 ) ) ;
#3497 = DIRECTION ( 'NONE',  ( -0.0000000000000000000, 0.0000000000000000000, -1.000000000000000000 ) ) ;
#3498 = LINE ( 'NONE', #1361, #2084 ) ;
#3499 = AXIS2_PLACEMENT_3D ( 'NONE', #2387, #3124, #1215 ) ;
#3500 = PRESENTATION_LAYER_ASSIGNMENT (  '', '', ( #3802 ) ) ;
#3501 = CARTESIAN_POINT ( 'NONE',  ( 0.07716262762710800194, 0.7995750170756320552, -0.3189999999999999503 ) ) ;
#3502 = FILL_AREA_STYLE ('',( #1388 ) ) ;
#3503 = VECTOR ( 'NONE', #2697, 1000.000000000000000 ) ;
#3504 = CARTESIAN_POINT ( 'NONE',  ( -0.08262680944035902253, 0.7002173479173865456, -0.3199999999999998956 ) ) ;
#3505 = CARTESIAN_POINT ( 'NONE',  ( -0.1138220939218995836, 0.7241224781309916203, -0.3190000000000001168 ) ) ;
#3506 = CARTESIAN_POINT ( 'NONE',  ( 0.06235762851717500249, 0.7105626077389344264, -0.3199999999999998956 ) ) ;
#3507 = ORIENTED_EDGE ( 'NONE', *, *, #4281, .T. ) ;
#3508 = SURFACE_STYLE_FILL_AREA ( #2419 ) ;
#3509 = MECHANICAL_DESIGN_GEOMETRIC_PRESENTATION_REPRESENTATION (  '', ( #3806 ), #2728 ) ;
#3510 = SURFACE_SIDE_STYLE ('',( #2801 ) ) ;
#3511 = PLANE ( 'NONE',  #4777 ) ;
#3512 = CARTESIAN_POINT ( 'NONE',  ( 0.1263183124349424313, 0.7310301268864923818, -0.3199999999999998401 ) ) ;
#3513 = DIRECTION ( 'NONE',  ( -0.0000000000000000000, -0.0000000000000000000, 1.000000000000000000 ) ) ;
#3514 = ORIENTED_EDGE ( 'NONE', *, *, #1353, .F. ) ;
#3515 = VECTOR ( 'NONE', #464, 1000.000000000000000 ) ;
#3516 = CARTESIAN_POINT ( 'NONE',  ( 0.09265103772710363284, 0.7976083739485525514, -0.3189999999999998948 ) ) ;
#3517 = AXIS2_PLACEMENT_3D ( 'NONE', #2439, #3907, #212 ) ;
#3518 = CARTESIAN_POINT ( 'NONE',  ( -0.1159160343213750111, 0.7696358890599325209, -0.3199999999999998401 ) ) ;
#3519 = CARTESIAN_POINT ( 'NONE',  ( -0.1712558174948432266, 0.7861603829292906909, -0.3199999999999999512 ) ) ;
#3520 = ORIENTED_EDGE ( 'NONE', *, *, #920, .T. ) ;
#3521 = VECTOR ( 'NONE', #2446, 1000.000000000000000 ) ;
#3522 = CARTESIAN_POINT ( 'NONE',  ( -0.1047306908922186336, 0.7363511859873028698, -0.3189999999999999503 ) ) ;
#3523 =( GEOMETRIC_REPRESENTATION_CONTEXT ( 3 ) GLOBAL_UNCERTAINTY_ASSIGNED_CONTEXT ( ( #41 ) ) GLOBAL_UNIT_ASSIGNED_CONTEXT ( ( #2137, #30, #117 ) ) REPRESENTATION_CONTEXT ( 'NONE', 'WORKASPACE' ) );
#3524 = MECHANICAL_DESIGN_GEOMETRIC_PRESENTATION_REPRESENTATION (  '', ( #357 ), #3750 ) ;
#3525 = CARTESIAN_POINT ( 'NONE',  ( -0.08320533532835711066, 0.7118771141747565201, -0.3200000000000000622 ) ) ;
#3526 = VECTOR ( 'NONE', #4429, 1000.000000000000000 ) ;
#3527 = CARTESIAN_POINT ( 'NONE',  ( -0.1046931279547829857, 0.7122888121920865068, -0.3199999999999997846 ) ) ;
#3529 = STYLED_ITEM ( 'NONE', ( #3840 ), #1993 ) ;
#3528 = CARTESIAN_POINT ( 'NONE',  ( 0.05362985323686408207, 0.7956116024414856547, -0.3199999999999999512 ) ) ;
#3530 = LINE ( 'NONE', #213, #3429 ) ;
#3531 = CARTESIAN_POINT ( 'NONE',  ( -0.2171018540802091001, 0.6983555048805101251, -0.3189999999999999503 ) ) ;
#3532 = EDGE_CURVE ( 'NONE', #2038, #3462, #2607, .T. ) ;
#3533 = STYLED_ITEM ( 'NONE', ( #3258 ), #4034 ) ;
#3534 = ORIENTED_EDGE ( 'NONE', *, *, #38, .T. ) ;
#3535 = SPHERICAL_SURFACE ( 'NONE', #2377, 0.1599999999999999756 ) ;
#3536 =( NAMED_UNIT ( * ) SI_UNIT ( $, .STERADIAN. ) SOLID_ANGLE_UNIT ( ) );
#3537 =( NAMED_UNIT ( * ) PLANE_ANGLE_UNIT ( ) SI_UNIT ( $, .RADIAN. ) );
#3538 = CARTESIAN_POINT ( 'NONE',  ( 0.09592663662551005610, 0.6989505280260029929, -0.3200000000000001177 ) ) ;
#3539 = DIRECTION ( 'NONE',  ( -0.0000000000000000000, -0.0000000000000000000, -1.000000000000000000 ) ) ;
#3540 = CARTESIAN_POINT ( 'NONE',  ( 0.1018243454704651635, 0.7939499220210728403, -0.3200000000000000622 ) ) ;
#3541 =( LENGTH_UNIT ( ) NAMED_UNIT ( * ) SI_UNIT ( .MILLI., .METRE. ) );
#3542 = DIRECTION ( 'NONE',  ( 0.0000000000000000000, -1.000000000000000000, 0.0000000000000000000 ) ) ;
#3543 = CARTESIAN_POINT ( 'NONE',  ( 0.1140572647842961057, 0.7388030563685452634, -0.3199999999999998956 ) ) ;
#3544 = MECHANICAL_DESIGN_GEOMETRIC_PRESENTATION_REPRESENTATION (  '', ( #4398 ), #2390 ) ;
#3545 = ORIENTED_EDGE ( 'NONE', *, *, #2274, .T. ) ;
#3546 = EDGE_CURVE ( 'NONE', #2339, #2418, #2056, .T. ) ;
#3547 = MECHANICAL_DESIGN_GEOMETRIC_PRESENTATION_REPRESENTATION (  '', ( #3308 ), #1936 ) ;
#3548 = DIRECTION ( 'NONE',  ( -0.3536223923290756077, 0.9353882635801357148, 0.0000000000000000000 ) ) ;
#3549 = SURFACE_STYLE_USAGE ( .BOTH. , #990 ) ;
#3550 = ADVANCED_FACE ( 'NONE', ( #1105 ), #2971, .F. ) ;
#3551 = AXIS2_PLACEMENT_3D ( 'NONE', #1403, #4294, #3612 ) ;
#3552 = SURFACE_SIDE_STYLE ('',( #1724 ) ) ;
#3553 = CARTESIAN_POINT ( 'NONE',  ( -0.09675316455940019544, 0.7909669818089219984, -0.3190000000000000613 ) ) ;
#3554 = CARTESIAN_POINT ( 'NONE',  ( 0.05442586558792947282, 0.7959347214045732199, -0.3190000000000000058 ) ) ;
#3555 = DIRECTION ( 'NONE',  ( -0.0000000000000000000, -0.0000000000000000000, -1.000000000000000000 ) ) ;
#3556 = CARTESIAN_POINT ( 'NONE',  ( -0.1923495674948432488, 0.7264042853683149170, -0.3189999999999999503 ) ) ;
#3557 = PRESENTATION_LAYER_ASSIGNMENT (  '', '', ( #2322 ) ) ;
#3558 = UNCERTAINTY_MEASURE_WITH_UNIT (LENGTH_MEASURE( 1.000000000000000082E-05 ), #3650, 'distance_accuracy_value', 'NONE');
#3559 = ORIENTED_EDGE ( 'NONE', *, *, #3461, .T. ) ;
#3560 = CARTESIAN_POINT ( 'NONE',  ( 1.084202172485504434E-16, -0.4999999999999998890, -0.3199999999999999512 ) ) ;
#3561 =( NAMED_UNIT ( * ) PLANE_ANGLE_UNIT ( ) SI_UNIT ( $, .RADIAN. ) );
#3562 = UNCERTAINTY_MEASURE_WITH_UNIT (LENGTH_MEASURE( 1.000000000000000082E-05 ), #883, 'distance_accuracy_value', 'NONE');
#3563 = CARTESIAN_POINT ( 'NONE',  ( 0.08114509713930312396, 0.6971359926853881728, -0.3199999999999999512 ) ) ;
#3564 = CARTESIAN_POINT ( 'NONE',  ( 0.5000000000000000000, 0.5000000000000001110, -0.5599999999999999423 ) ) ;
#3565 = CARTESIAN_POINT ( 'NONE',  ( -0.1878526162753310635, 0.7373798951244125988, -0.3189999999999999503 ) ) ;
#3566 = CARTESIAN_POINT ( 'NONE',  ( 0.06190095966338304834, 0.7861387197592589748, -0.3189999999999999503 ) ) ;
#3567 = VERTEX_POINT ( 'NONE', #3392 ) ;
#3568 = AXIS2_PLACEMENT_3D ( 'NONE', #2628, #3786, #2653 ) ;
#3569 = ORIENTED_EDGE ( 'NONE', *, *, #2533, .T. ) ;
#3570 = B_SPLINE_CURVE_WITH_KNOTS ( 'NONE', 3,
 ( #1271, #2048, #1324, #2791, #2412, #3525, #1705, #1344, #4280, #2549, #1840, #1461, #1794, #4745, #3600, #2168, #2865, #3642, #1389 ),
 .UNSPECIFIED., .F., .F.,
 ( 4, 1, 1, 1, 1, 1, 1, 1, 1, 1, 1, 1, 1, 1, 1, 1, 4 ),
 ( 0.0000000000000000000, 0.07082657255516335015, 0.1381690332797999576, 0.2024753315338420068, 0.2639737544135196123, 0.3233803205980372297, 0.3817976227131847367, 0.4393900745193887181, 0.4969027245459969322, 0.5546621696093696485, 0.6127418784921965234, 0.6715388363911721781, 0.7316557220901982461, 0.7942978116139520761, 0.8594822049793571228, 0.9276813254527892516, 1.000000000000000000 ),
 .UNSPECIFIED. ) ;
#3571 = ORIENTED_EDGE ( 'NONE', *, *, #3190, .F. ) ;
#3572 = DIRECTION ( 'NONE',  ( 0.3363908276654493101, -0.9417224702971433992, 0.0000000000000000000 ) ) ;
#3573 = CARTESIAN_POINT ( 'NONE',  ( 0.07929677396857140459, 0.7081116024414857435, -0.3189999999999999503 ) ) ;
#3574 = ADVANCED_FACE ( 'NONE', ( #3788 ), #854, .T. ) ;
#3575 = MECHANICAL_DESIGN_GEOMETRIC_PRESENTATION_REPRESENTATION (  '', ( #1112 ), #2000 ) ;
#3576 = PRESENTATION_LAYER_ASSIGNMENT (  '', '', ( #4506 ) ) ;
#3577 = CARTESIAN_POINT ( 'NONE',  ( 0.8249999999999997335, 0.9349999999999999423, -3.173872490726019624 ) ) ;
#3578 = CARTESIAN_POINT ( 'NONE',  ( -0.1268579516411847130, 0.6983555048805101251, -0.3189999999999999503 ) ) ;
#3579 = PLANE ( 'NONE',  #3820 ) ;
#3580 = CIRCLE ( 'NONE', #3800, 0.1385640646055101566 ) ;
#3581 = CARTESIAN_POINT ( 'NONE',  ( 0.5000000000000001110, 1.084202172485504434E-16, -0.3999999999999999667 ) ) ;
#3582 = CARTESIAN_POINT ( 'NONE',  ( 0.08106055862028437031, 0.7885131363783500769, -0.3199999999999998956 ) ) ;
#3583 = PRESENTATION_LAYER_ASSIGNMENT (  '', '', ( #1743 ) ) ;
#3584 = ORIENTED_EDGE ( 'NONE', *, *, #4622, .T. ) ;
#3585 = PRESENTATION_STYLE_ASSIGNMENT (( #4289 ) ) ;
#3586 = SURFACE_STYLE_USAGE ( .BOTH. , #3510 ) ;
#3587 = CARTESIAN_POINT ( 'NONE',  ( -0.08641963047931669473, 0.7837108865098872945, -0.3199999999999998956 ) ) ;
#3588 = LINE ( 'NONE', #3245, #4121 ) ;
#3589 = CARTESIAN_POINT ( 'NONE',  ( -0.5000000000000000000, 2.168404344971008868E-16, -0.3199999999999999512 ) ) ;
#3590 = VECTOR ( 'NONE', #344, 1000.000000000000000 ) ;
#3591 = CARTESIAN_POINT ( 'NONE',  ( 0.1272137969952152614, 0.7577899540592326622, -0.3190000000000000058 ) ) ;
#3592 = FILL_AREA_STYLE_COLOUR ( '', #3112 ) ;
#3593 = AXIS2_PLACEMENT_3D ( 'NONE', #3601, #285, #1772 ) ;
#3594 = LINE ( 'NONE', #1382, #2566 ) ;
#3595 = EDGE_CURVE ( 'NONE', #3252, #1692, #3972, .T. ) ;
#3596 = ORIENTED_EDGE ( 'NONE', *, *, #4288, .T. ) ;
#3597 = PLANE ( 'NONE',  #1035 ) ;
#3598 = CARTESIAN_POINT ( 'NONE',  ( 0.8249999999999999556, -0.9350000000000001643, -0.3199999999999999512 ) ) ;
#3599 = COLOUR_RGB ( '',1.000000000000000000, 1.000000000000000000, 1.000000000000000000 ) ;
#3600 = CARTESIAN_POINT ( 'NONE',  ( -0.1047306908922186336, 0.7363511859873028698, -0.3199999999999999512 ) ) ;
#3601 = CARTESIAN_POINT ( 'NONE',  ( 0.0000000000000000000, 0.0000000000000000000, 0.0000000000000000000 ) ) ;
#3602 = SURFACE_SIDE_STYLE ('',( #1044 ) ) ;
#3603 = FACE_OUTER_BOUND ( 'NONE', #1731, .T. ) ;
#3604 = EDGE_LOOP ( 'NONE', ( #2258, #1721, #3814 ) ) ;
#3605 = SURFACE_SIDE_STYLE ('',( #3327 ) ) ;
#3606 = VECTOR ( 'NONE', #1686, 1000.000000000000000 ) ;
#3607 = EDGE_LOOP ( 'NONE', ( #3208, #3887, #1845, #147 ) ) ;
#3608 = CARTESIAN_POINT ( 'NONE',  ( -0.08757950059770501505, 0.7017764232237150290, -0.3189999999999999503 ) ) ;
#3609 = EDGE_CURVE ( 'NONE', #2223, #2059, #3060, .T. ) ;
#3610 = FACE_OUTER_BOUND ( 'NONE', #1065, .T. ) ;
#3611 = CARTESIAN_POINT ( 'NONE',  ( 0.1153414488895891654, 0.7106117399079157071, -0.3200000000000000067 ) ) ;
#3612 = DIRECTION ( 'NONE',  ( 0.0000000000000000000, -1.000000000000000000, 0.0000000000000000000 ) ) ;
#3613 = CIRCLE ( 'NONE', #986, 0.1599999999999999756 ) ;
#3614 = ADVANCED_FACE ( 'NONE', ( #4708 ), #3535, .T. ) ;
#3615 = DIRECTION ( 'NONE',  ( -0.0000000000000000000, -0.0000000000000000000, -1.000000000000000000 ) ) ;
#3616 = DIRECTION ( 'NONE',  ( -0.0000000000000000000, 0.0000000000000000000, -1.000000000000000000 ) ) ;
#3617 = SURFACE_SIDE_STYLE ('',( #2882 ) ) ;
#3618 = ORIENTED_EDGE ( 'NONE', *, *, #3452, .F. ) ;
#3619 = EDGE_LOOP ( 'NONE', ( #2238, #1204, #988, #215 ) ) ;
#3620 = CARTESIAN_POINT ( 'NONE',  ( 0.06266233941235833937, 0.6995792852110109816, -0.3199999999999998956 ) ) ;
#3621 = DIRECTION ( 'NONE',  ( 1.159574516027277451E-16, -1.000000000000000000, 0.0000000000000000000 ) ) ;
#3622 = VECTOR ( 'NONE', #868, 1000.000000000000000 ) ;
#3623 = CARTESIAN_POINT ( 'NONE',  ( 1.084202172485504434E-16, -0.4999999999999998890, -0.5599999999999999423 ) ) ;
#3624 = SURFACE_SIDE_STYLE ('',( #2502 ) ) ;
#3625 = CARTESIAN_POINT ( 'NONE',  ( -0.01710185408020908904, 0.7873798951244125321, -0.3189999999999999503 ) ) ;
#3626 = CARTESIAN_POINT ( 'NONE',  ( 0.1145708315450171960, 0.7488330408040602126, -0.3199999999999999512 ) ) ;
#3627 = VERTEX_POINT ( 'NONE', #2443 ) ;
#3628 = PLANE ( 'NONE',  #1768 ) ;
#3629 =( NAMED_UNIT ( * ) PLANE_ANGLE_UNIT ( ) SI_UNIT ( $, .RADIAN. ) );
#3630 = COLOUR_RGB ( '',1.000000000000000000, 1.000000000000000000, 1.000000000000000000 ) ;
#3631 = CARTESIAN_POINT ( 'NONE',  ( 0.1743615605539372837, 0.7093311146366076958, -0.3189999999999999503 ) ) ;
#3632 = CARTESIAN_POINT ( 'NONE',  ( 0.1066617270212767560, 0.7745657046524389022, -0.3190000000000000058 ) ) ;
#3633 = EDGE_CURVE ( 'NONE', #3803, #490, #3489, .T. ) ;
#3634 = CARTESIAN_POINT ( 'NONE',  ( 0.05442586558792947282, 0.7959347214045732199, -0.3190000000000000058 ) ) ;
#3635 = EDGE_CURVE ( 'NONE', #4707, #719, #2750, .T. ) ;
#3636 = CARTESIAN_POINT ( 'NONE',  ( 0.02070302396857141153, 0.7093311146366076958, -0.3189999999999999503 ) ) ;
#3637 = CARTESIAN_POINT ( 'NONE',  ( -0.1020154150594345388, 0.7693587870214406710, -0.3190000000000000058 ) ) ;
#3638 = UNCERTAINTY_MEASURE_WITH_UNIT (LENGTH_MEASURE( 1.000000000000000082E-05 ), #4146, 'distance_accuracy_value', 'NONE');
#3639 =( NAMED_UNIT ( * ) SI_UNIT ( $, .STERADIAN. ) SOLID_ANGLE_UNIT ( ) );
#3640 = VERTEX_POINT ( 'NONE', #1756 ) ;
#3641 = STYLED_ITEM ( 'NONE', ( #3268 ), #1348 ) ;
#3642 = CARTESIAN_POINT ( 'NONE',  ( -0.1060917327220718548, 0.7477890495105987689, -0.3199999999999999512 ) ) ;
#3643 = CARTESIAN_POINT ( 'NONE',  ( 0.02070302396857141153, 0.7434774561000223603, -0.3189999999999999503 ) ) ;
#3644 = SURFACE_STYLE_FILL_AREA ( #2220 ) ;
#3645 = VERTEX_POINT ( 'NONE', #2033 ) ;
#3646 = DIRECTION ( 'NONE',  ( 1.159574516027277451E-16, -1.000000000000000000, 0.0000000000000000000 ) ) ;
#3647 = CLOSED_SHELL ( 'NONE', ( #4498, #2497, #1838, #3682, #3614, #1879, #4200, #2151, #2726, #1438, #2127, #4647, #2879, #2042, #153, #1557, #4157, #2396, #9, #1632, #4350, #201, #546, #1225, #1895, #2427, #1390, #2596, #3364, #2401, #4472, #4564, #291, #4037, #3878, #1982, #1373, #2837, #4090, #1929, #4076, #4095, #4060, #4450, #4034, #3686, #2247, #982, #3237, #258, #4755, #580, #2462, #2769, #901, #2039, #1580, #1348, #4326, #3042, #410, #4323, #3760, #2742, #1186, #3038, #3404, #2538, #2687, #4178, #3574, #2277, #3335, #1008, #1701, #2304, #2342, #1294, #307, #2591, #4396, #4795, #3466 ) ) ;
#3648 = CARTESIAN_POINT ( 'NONE',  ( -0.1780774638363066542, 0.7983555048805102139, -0.3189999999999999503 ) ) ;
#3649 =( GEOMETRIC_REPRESENTATION_CONTEXT ( 3 ) GLOBAL_UNCERTAINTY_ASSIGNED_CONTEXT ( ( #3562 ) ) GLOBAL_UNIT_ASSIGNED_CONTEXT ( ( #883, #1251, #519 ) ) REPRESENTATION_CONTEXT ( 'NONE', 'WORKASPACE' ) );
#3650 =( LENGTH_UNIT ( ) NAMED_UNIT ( * ) SI_UNIT ( .MILLI., .METRE. ) );
#3651 = CARTESIAN_POINT ( 'NONE',  ( 0.08106055862028437031, 0.7885131363783500769, -0.3189999999999998948 ) ) ;
#3652 = STYLED_ITEM ( 'NONE', ( #808 ), #4564 ) ;
#3653 = PRESENTATION_STYLE_ASSIGNMENT (( #1058 ) ) ;
#3654 = CARTESIAN_POINT ( 'NONE',  ( 0.05906663534828770351, 0.7850247059418501427, -0.3190000000000000058 ) ) ;
#3655 = SURFACE_STYLE_FILL_AREA ( #3675 ) ;
#3656 = SURFACE_SIDE_STYLE ('',( #1900 ) ) ;
#3657 = DIRECTION ( 'NONE',  ( 0.0000000000000000000, 1.000000000000000000, 0.0000000000000000000 ) ) ;
#3658 = PRESENTATION_STYLE_ASSIGNMENT (( #2214 ) ) ;
#3659 = CARTESIAN_POINT ( 'NONE',  ( -0.06721618334850178178, 0.7873798951244125321, -0.3189999999999999503 ) ) ;
#3660 = PRESENTATION_LAYER_ASSIGNMENT (  '', '', ( #2962 ) ) ;
#3661 = ORIENTED_EDGE ( 'NONE', *, *, #3738, .F. ) ;
#3662 = STYLED_ITEM ( 'NONE', ( #544 ), #2497 ) ;
#3663 = CARTESIAN_POINT ( 'NONE',  ( 0.5000000000000001110, 1.084202172485504434E-16, -0.3999999999999999667 ) ) ;
#3664 = CARTESIAN_POINT ( 'NONE',  ( -0.1712558174948432266, 0.7861603829292906909, -0.3199999999999999512 ) ) ;
#3665 = VERTEX_POINT ( 'NONE', #1733 ) ;
#3666 = FACE_OUTER_BOUND ( 'NONE', #3337, .T. ) ;
#3667 = VECTOR ( 'NONE', #6, 1000.000000000000000 ) ;
#3668 = FILL_AREA_STYLE_COLOUR ( '', #984 ) ;
#3669 = FACE_OUTER_BOUND ( 'NONE', #4436, .T. ) ;
#3670 =( LENGTH_UNIT ( ) NAMED_UNIT ( * ) SI_UNIT ( .MILLI., .METRE. ) );
#3671 = EDGE_CURVE ( 'NONE', #648, #513, #4681, .T. ) ;
#3672 = STYLED_ITEM ( 'NONE', ( #3653 ), #3466 ) ;
#3673 = VECTOR ( 'NONE', #2482, 1000.000000000000000 ) ;
#3674 = SURFACE_STYLE_FILL_AREA ( #2559 ) ;
#3675 = FILL_AREA_STYLE ('',( #3296 ) ) ;
#3676 = CARTESIAN_POINT ( 'NONE',  ( -0.1713944870950825927, 0.7853916455321912071, -0.3199999999999999512 ) ) ;
#3677 = CARTESIAN_POINT ( 'NONE',  ( -0.1693312748119164268, 0.7791481878073394096, -0.3189999999999999503 ) ) ;
#3678 = STYLED_ITEM ( 'NONE', ( #1307 ), #1838 ) ;
#3679 =( NAMED_UNIT ( * ) SI_UNIT ( $, .STERADIAN. ) SOLID_ANGLE_UNIT ( ) );
#3680 = ORIENTED_EDGE ( 'NONE', *, *, #3949, .T. ) ;
#3681 = VERTEX_POINT ( 'NONE', #3118 ) ;
#3682 = ADVANCED_FACE ( 'NONE', ( #4608 ), #2852, .T. ) ;
#3683 = EDGE_CURVE ( 'NONE', #2173, #3081, #2824, .T. ) ;
#3684 = FILL_AREA_STYLE ('',( #4244 ) ) ;
#3685 =( NAMED_UNIT ( * ) SI_UNIT ( $, .STERADIAN. ) SOLID_ANGLE_UNIT ( ) );
#3686 = ADVANCED_FACE ( 'NONE', ( #3666 ), #3628, .T. ) ;
#3687 = ORIENTED_EDGE ( 'NONE', *, *, #4625, .F. ) ;
#3688 = PRESENTATION_STYLE_ASSIGNMENT (( #4406 ) ) ;
#3689 = UNCERTAINTY_MEASURE_WITH_UNIT (LENGTH_MEASURE( 1.000000000000000082E-05 ), #783, 'distance_accuracy_value', 'NONE');
#3690 = ORIENTED_EDGE ( 'NONE', *, *, #2767, .T. ) ;
#3691 = STYLED_ITEM ( 'NONE', ( #2452 ), #4090 ) ;
#3692 = CARTESIAN_POINT ( 'NONE',  ( 0.5000000000000001110, -0.4999999999999998890, -0.3199999999999999512 ) ) ;
#3693 = EDGE_LOOP ( 'NONE', ( #4313, #2617, #3209, #3799 ) ) ;
#3694 = PRESENTATION_LAYER_ASSIGNMENT (  '', '', ( #3084 ) ) ;
#3695 = CARTESIAN_POINT ( 'NONE',  ( 0.05451789179963997117, 0.7827129855942922543, -0.3190000000000000058 ) ) ;
#3696 = CARTESIAN_POINT ( 'NONE',  ( 0.1743615605539372837, 0.7983555048805102139, -0.3199999999999999512 ) ) ;
#3697 = DIRECTION ( 'NONE',  ( -0.0000000000000000000, -0.0000000000000000000, -1.000000000000000000 ) ) ;
#3698 = CARTESIAN_POINT ( 'NONE',  ( -0.1047035491628230813, 0.7621834783457861473, -0.3190000000000000058 ) ) ;
#3699 = CARTESIAN_POINT ( 'NONE',  ( 0.05442586558792947282, 0.7959347214045732199, -0.3200000000000000067 ) ) ;
#3700 = CARTESIAN_POINT ( 'NONE',  ( -0.1008545549648643957, 0.7882704529490307532, -0.3199999999999998401 ) ) ;
#3701 = LINE ( 'NONE', #4793, #3515 ) ;
#3702 = CARTESIAN_POINT ( 'NONE',  ( 0.05362985323686408207, 0.7145140414658759376, -0.3200000000000000067 ) ) ;
#3703 = EDGE_CURVE ( 'NONE', #1237, #2079, #1486, .T. ) ;
#3704 = CARTESIAN_POINT ( 'NONE',  ( 0.1365566825051567901, 0.7093311146366076958, -0.3189999999999999503 ) ) ;
#3705 = ORIENTED_EDGE ( 'NONE', *, *, #2008, .F. ) ;
#3706 = FILL_AREA_STYLE ('',( #2965 ) ) ;
#3707 = STYLED_ITEM ( 'NONE', ( #3047 ), #1390 ) ;
#3708 = FACE_OUTER_BOUND ( 'NONE', #2964, .T. ) ;
#3709 =( NAMED_UNIT ( * ) SI_UNIT ( $, .STERADIAN. ) SOLID_ANGLE_UNIT ( ) );
#3710 = VECTOR ( 'NONE', #397, 1000.000000000000000 ) ;
#3711 = CARTESIAN_POINT ( 'NONE',  ( 0.1042008680436915941, 0.7774620150300933785, -0.3199999999999999512 ) ) ;
#3712 = CARTESIAN_POINT ( 'NONE',  ( -0.2024677077387457003, 0.6983555048805101251, -0.3199999999999999512 ) ) ;
#3713 = CARTESIAN_POINT ( 'NONE',  ( 0.1133021403599688975, 0.7348623841840782323, -0.3200000000000000067 ) ) ;
#3714 = CARTESIAN_POINT ( 'NONE',  ( -0.5000000000000000000, 2.070432601039220582E-16, -0.5599999999999999423 ) ) ;
#3715 = FILL_AREA_STYLE ('',( #2255 ) ) ;
#3716 = VECTOR ( 'NONE', #3555, 1000.000000000000000 ) ;
#3717 = PRESENTATION_LAYER_ASSIGNMENT (  '', '', ( #3652 ) ) ;
#3718 = UNCERTAINTY_MEASURE_WITH_UNIT (LENGTH_MEASURE( 1.000000000000000082E-05 ), #623, 'distance_accuracy_value', 'NONE');
#3719 = CARTESIAN_POINT ( 'NONE',  ( -0.1061262443241115100, 0.7493273036609979787, -0.3189999999999999503 ) ) ;
#3720 = VERTEX_POINT ( 'NONE', #695 ) ;
#3721 = DIRECTION ( 'NONE',  ( 0.0000000000000000000, -1.000000000000000000, 0.0000000000000000000 ) ) ;
#3722 = CARTESIAN_POINT ( 'NONE',  ( -0.1047306908922186336, 0.7363511859873028698, -0.3189999999999999503 ) ) ;
#3723 = EDGE_CURVE ( 'NONE', #1976, #332, #2152, .T. ) ;
#3724 = VERTEX_POINT ( 'NONE', #4798 ) ;
#3725 = UNCERTAINTY_MEASURE_WITH_UNIT (LENGTH_MEASURE( 1.000000000000000082E-05 ), #793, 'distance_accuracy_value', 'NONE');
#3726 = FILL_AREA_STYLE ('',( #4422 ) ) ;
#3727 = FILL_AREA_STYLE ('',( #2241 ) ) ;
#3728 = CARTESIAN_POINT ( 'NONE',  ( 1.253894210681489570E-16, 0.1385640646055103786, -0.3199999999999999512 ) ) ;
#3729 = PRESENTATION_LAYER_ASSIGNMENT (  '', '', ( #1445 ) ) ;
#3730 = ORIENTED_EDGE ( 'NONE', *, *, #888, .T. ) ;
#3731 = CARTESIAN_POINT ( 'NONE',  ( 0.1743615605539372837, 0.7093311146366076958, -0.3189999999999999503 ) ) ;
#3732 = EDGE_LOOP ( 'NONE', ( #1923, #3818, #4360, #2433 ) ) ;
#3733 = LINE ( 'NONE', #905, #1296 ) ;
#3734 = CARTESIAN_POINT ( 'NONE',  ( -0.01954087847045300405, 0.7093311146366076958, -0.3189999999999999503 ) ) ;
#3735 = LINE ( 'NONE', #3362, #945 ) ;
#3736 = CARTESIAN_POINT ( 'NONE',  ( 0.08106055862028437031, 0.7885131363783500769, -0.3189999999999998948 ) ) ;
#3737 = STYLED_ITEM ( 'NONE', ( #1594 ), #3364 ) ;
#3738 = EDGE_CURVE ( 'NONE', #2140, #2059, #3613, .T. ) ;
#3739 = VERTEX_POINT ( 'NONE', #313 ) ;
#3740 = SURFACE_SIDE_STYLE ('',( #2630 ) ) ;
#3741 = CARTESIAN_POINT ( 'NONE',  ( 0.1245111427209389110, 0.7680524428726963615, -0.3199999999999998956 ) ) ;
#3742 = CARTESIAN_POINT ( 'NONE',  ( -0.08964864843200945344, 0.7820667224748073521, -0.3199999999999999512 ) ) ;
#3743 =( LENGTH_UNIT ( ) NAMED_UNIT ( * ) SI_UNIT ( .MILLI., .METRE. ) );
#3744 =( NAMED_UNIT ( * ) PLANE_ANGLE_UNIT ( ) SI_UNIT ( $, .RADIAN. ) );
#3745 = EDGE_CURVE ( 'NONE', #3427, #719, #3460, .T. ) ;
#3746 = PLANE ( 'NONE',  #1587 ) ;
#3747 = CARTESIAN_POINT ( 'NONE',  ( -0.07141872851956725110, 0.7872934215415825498, -0.3189999999999998948 ) ) ;
#3748 = VECTOR ( 'NONE', #2674, 1000.000000000000000 ) ;
#3749 = ORIENTED_EDGE ( 'NONE', *, *, #3939, .T. ) ;
#3750 =( GEOMETRIC_REPRESENTATION_CONTEXT ( 3 ) GLOBAL_UNCERTAINTY_ASSIGNED_CONTEXT ( ( #589 ) ) GLOBAL_UNIT_ASSIGNED_CONTEXT ( ( #3015, #1157, #3386 ) ) REPRESENTATION_CONTEXT ( 'NONE', 'WORKASPACE' ) );
#3751 =( LENGTH_UNIT ( ) NAMED_UNIT ( * ) SI_UNIT ( .MILLI., .METRE. ) );
#3752 = CARTESIAN_POINT ( 'NONE',  ( -0.09300173851110714318, 0.7173358180145555929, -0.3190000000000000613 ) ) ;
#3753 = ORIENTED_EDGE ( 'NONE', *, *, #4348, .T. ) ;
#3754 = SURFACE_STYLE_USAGE ( .BOTH. , #1147 ) ;
#3755 = CARTESIAN_POINT ( 'NONE',  ( -0.07942508406531968712, 0.7107420646921885909, -0.3189999999999998948 ) ) ;
#3756 = EDGE_LOOP ( 'NONE', ( #2200, #4515, #837, #974, #3347, #4782, #3884, #391 ) ) ;
#3757 = ORIENTED_EDGE ( 'NONE', *, *, #3897, .T. ) ;
#3758 = CARTESIAN_POINT ( 'NONE',  ( 0.07390354495909876031, 0.7885518609145388824, -0.3199999999999998401 ) ) ;
#3759 = CARTESIAN_POINT ( 'NONE',  ( 0.05639545737323976154, 0.7129563226883298688, -0.3199999999999999512 ) ) ;
#3760 = ADVANCED_FACE ( 'NONE', ( #1444 ), #2897, .F. ) ;
#3761 = EDGE_LOOP ( 'NONE', ( #2614, #3052, #3409, #4211 ) ) ;
#3762 = CARTESIAN_POINT ( 'NONE',  ( 0.1042008680436915941, 0.7774620150300933785, -0.3189999999999999503 ) ) ;
#3763 = PRESENTATION_LAYER_ASSIGNMENT (  '', '', ( #1328 ) ) ;
#3764 = PRESENTATION_STYLE_ASSIGNMENT (( #2682 ) ) ;
#3765 = SURFACE_SIDE_STYLE ('',( #1525 ) ) ;
#3766 = CARTESIAN_POINT ( 'NONE',  ( 0.1049054093076751265, 0.7186546252849708161, -0.3189999999999998948 ) ) ;
#3767 = FILL_AREA_STYLE_COLOUR ( '', #3001 ) ;
#3768 = EDGE_CURVE ( 'NONE', #4540, #3196, #4124, .T. ) ;
#3769 =( GEOMETRIC_REPRESENTATION_CONTEXT ( 3 ) GLOBAL_UNCERTAINTY_ASSIGNED_CONTEXT ( ( #4395 ) ) GLOBAL_UNIT_ASSIGNED_CONTEXT ( ( #4344, #1767, #1765 ) ) REPRESENTATION_CONTEXT ( 'NONE', 'WORKASPACE' ) );
#3770 = FILL_AREA_STYLE ('',( #2311 ) ) ;
#3771 =( NAMED_UNIT ( * ) PLANE_ANGLE_UNIT ( ) SI_UNIT ( $, .RADIAN. ) );
#3772 = EDGE_CURVE ( 'NONE', #4116, #2699, #1917, .T. ) ;
#3773 = CARTESIAN_POINT ( 'NONE',  ( 0.06420129793619805403, 0.7986083386536153572, -0.3200000000000000067 ) ) ;
#3774 = VECTOR ( 'NONE', #349, 1000.000000000000000 ) ;
#3775 = CARTESIAN_POINT ( 'NONE',  ( -0.1060917327220718548, 0.7477890495105987689, -0.3199999999999999512 ) ) ;
#3776 = VERTEX_POINT ( 'NONE', #4180 ) ;
#3777 = DIRECTION ( 'NONE',  ( -1.159574516027277451E-16, 1.000000000000000000, 0.0000000000000000000 ) ) ;
#3778 = EDGE_LOOP ( 'NONE', ( #2296, #158, #3141, #739 ) ) ;
#3779 = ORIENTED_EDGE ( 'NONE', *, *, #110, .F. ) ;
#3780 = SURFACE_STYLE_FILL_AREA ( #3706 ) ;
#3781 = EDGE_LOOP ( 'NONE', ( #1560, #1943, #3862 ) ) ;
#3782 = FILL_AREA_STYLE ('',( #4230 ) ) ;
#3783 = CARTESIAN_POINT ( 'NONE',  ( -0.1112193879555332943, 0.7198856204286621097, -0.3199999999999998956 ) ) ;
#3784 = B_SPLINE_CURVE_WITH_KNOTS ( 'NONE', 3,
 ( #2250, #1104, #3651, #1449, #3985, #4456, #363, #296, #1469, #2556, #3632, #1057, #316, #2578, #702, #1802, #749, #2512, #1784 ),
 .UNSPECIFIED., .F., .F.,
 ( 4, 1, 1, 1, 1, 1, 1, 1, 1, 1, 1, 1, 1, 1, 1, 1, 4 ),
 ( 0.0000000000000000000, 0.06460397028839230671, 0.1267024139629472634, 0.1867568140356182516, 0.2455056873654378469, 0.3036520244499755772, 0.3615030739706258101, 0.4202402229284676327, 0.4800333407766957383, 0.5406781347755162948, 0.6011918063807820678, 0.6623335024774422708, 0.7247395102972319370, 0.7894677361728867915, 0.8565048600438299742, 0.9263120958391908299, 1.000000000000000000 ),
 .UNSPECIFIED. ) ;
#3785 = CARTESIAN_POINT ( 'NONE',  ( -0.1780774638363066542, 0.7983555048805102139, -0.3189999999999999503 ) ) ;
#3786 = DIRECTION ( 'NONE',  ( 0.0000000000000000000, -1.000000000000000000, 0.0000000000000000000 ) ) ;
#3787 = VECTOR ( 'NONE', #3487, 1000.000000000000000 ) ;
#3788 = FACE_OUTER_BOUND ( 'NONE', #4568, .T. ) ;
#3789 = CARTESIAN_POINT ( 'NONE',  ( 0.07390354495909876031, 0.7885518609145388824, -0.3199999999999998401 ) ) ;
#3790 = CARTESIAN_POINT ( 'NONE',  ( 0.1272137969952152614, 0.7577899540592326622, -0.3200000000000000067 ) ) ;
#3791 = CARTESIAN_POINT ( 'NONE',  ( 0.08058144146969307975, 0.7081447122498739644, -0.3189999999999998948 ) ) ;
#3792 = CARTESIAN_POINT ( 'NONE',  ( 0.1231335469430974855, 0.7220318928585136575, -0.3189999999999999503 ) ) ;
#3793 = COLOUR_RGB ( '',1.000000000000000000, 1.000000000000000000, 1.000000000000000000 ) ;
#3794 = PRESENTATION_LAYER_ASSIGNMENT (  '', '', ( #1113 ) ) ;
#3795 = PRODUCT_DEFINITION_FORMATION_WITH_SPECIFIED_SOURCE ( 'ÈÎºÎ', '', #1922, .NOT_KNOWN. ) ;
#3796 = CARTESIAN_POINT ( 'NONE',  ( 0.05362985323686408207, 0.7145140414658759376, -0.3189999999999999503 ) ) ;
#3797 = DIRECTION ( 'NONE',  ( 0.0000000000000000000, -1.000000000000000000, 0.0000000000000000000 ) ) ;
#3798 = ORIENTED_EDGE ( 'NONE', *, *, #3037, .F. ) ;
#3799 = ORIENTED_EDGE ( 'NONE', *, *, #1539, .T. ) ;
#3800 = AXIS2_PLACEMENT_3D ( 'NONE', #1885, #1863, #810 ) ;
#3801 = CARTESIAN_POINT ( 'NONE',  ( -0.1021184399879746241, 0.7289367810425625427, -0.3199999999999999512 ) ) ;
#3802 = STYLED_ITEM ( 'NONE', ( #2637 ), #4350 ) ;
#3803 = VERTEX_POINT ( 'NONE', #1970 ) ;
#3804 = B_SPLINE_CURVE_WITH_KNOTS ( 'NONE', 3,
 ( #4692, #2453, #2089, #2518, #3566, #320, #1806, #4370, #2116, #1062, #3920 ),
 .UNSPECIFIED., .F., .F.,
 ( 4, 1, 1, 1, 1, 1, 1, 1, 4 ),
 ( 0.0000000000000000000, 0.1252796967356274715, 0.2494199707420520495, 0.3733567994928199130, 0.4966812787822865172, 0.6202029157439832296, 0.7450863201614565945, 0.8712691950190979417, 0.9999999999999998890 ),
 .UNSPECIFIED. ) ;
#3805 = CARTESIAN_POINT ( 'NONE',  ( -0.01954087847045300405, 0.7093311146366076958, -0.3189999999999999503 ) ) ;
#3806 = STYLED_ITEM ( 'NONE', ( #2924 ), #2879 ) ;
#3807 = ORIENTED_EDGE ( 'NONE', *, *, #4544, .F. ) ;
#3808 = ORIENTED_EDGE ( 'NONE', *, *, #2130, .T. ) ;
#3809 = LINE ( 'NONE', #3731, #454 ) ;
#3810 = AXIS2_PLACEMENT_3D ( 'NONE', #528, #3471, #4611 ) ;
#3811 = DIRECTION ( 'NONE',  ( 0.0000000000000000000, -1.000000000000000000, 0.0000000000000000000 ) ) ;
#3812 =( NAMED_UNIT ( * ) PLANE_ANGLE_UNIT ( ) SI_UNIT ( $, .RADIAN. ) );
#3813 = CARTESIAN_POINT ( 'NONE',  ( -0.1712558174948432266, 0.7861603829292906909, -0.3189999999999999503 ) ) ;
#3814 = ORIENTED_EDGE ( 'NONE', *, *, #3190, .T. ) ;
#3815 = VECTOR ( 'NONE', #3266, 1000.000000000000000 ) ;
#3816 = CARTESIAN_POINT ( 'NONE',  ( 0.08106055862028437031, 0.7885131363783500769, -0.3199999999999998956 ) ) ;
#3817 = ORIENTED_EDGE ( 'NONE', *, *, #324, .F. ) ;
#3818 = ORIENTED_EDGE ( 'NONE', *, *, #203, .T. ) ;
#3819 =( GEOMETRIC_REPRESENTATION_CONTEXT ( 3 ) GLOBAL_UNCERTAINTY_ASSIGNED_CONTEXT ( ( #710 ) ) GLOBAL_UNIT_ASSIGNED_CONTEXT ( ( #4747, #3303, #743 ) ) REPRESENTATION_CONTEXT ( 'NONE', 'WORKASPACE' ) );
#3820 = AXIS2_PLACEMENT_3D ( 'NONE', #257, #1753, #3214 ) ;
#3821 = CARTESIAN_POINT ( 'NONE',  ( 0.1231335469430974855, 0.7220318928585136575, -0.3199999999999998956 ) ) ;
#3822 = CARTESIAN_POINT ( 'NONE',  ( 0.05456819231436299544, 0.7030205067427891530, -0.3199999999999999512 ) ) ;
#3823 = ORIENTED_EDGE ( 'NONE', *, *, #3004, .T. ) ;
#3824 = CARTESIAN_POINT ( 'NONE',  ( -0.4999999999999997780, -0.6385640646055098513, -0.3199999999999999512 ) ) ;
#3825 = SPHERICAL_SURFACE ( 'NONE', #3499, 0.1599999999999999756 ) ;
#3826 = CARTESIAN_POINT ( 'NONE',  ( -0.1046833662116383734, 0.7851822161206432060, -0.3189999999999998948 ) ) ;
#3827 = VECTOR ( 'NONE', #4780, 1000.000000000000000 ) ;
#3828 = FILL_AREA_STYLE_COLOUR ( '', #1290 ) ;
#3829 =( NAMED_UNIT ( * ) SI_UNIT ( $, .STERADIAN. ) SOLID_ANGLE_UNIT ( ) );
#3830 = MECHANICAL_DESIGN_GEOMETRIC_PRESENTATION_REPRESENTATION (  '', ( #1150 ), #4621 ) ;
#3831 = CARTESIAN_POINT ( 'NONE',  ( 1.084202172485504434E-16, -0.1385640646055099345, -0.3199999999999999512 ) ) ;
#3832 = CARTESIAN_POINT ( 'NONE',  ( -0.09817805238565391335, 0.7225774671576368213, -0.3189999999999999503 ) ) ;
#3833 = VECTOR ( 'NONE', #1680, 1000.000000000000000 ) ;
#3834 = CIRCLE ( 'NONE', #3299, 0.1385640646055101566 ) ;
#3835 = EDGE_CURVE ( 'NONE', #116, #4175, #1459, .T. ) ;
#3836 = EDGE_CURVE ( 'NONE', #1286, #4122, #3809, .T. ) ;
#3837 = CARTESIAN_POINT ( 'NONE',  ( -0.08757950059770501505, 0.7017764232237150290, -0.3199999999999999512 ) ) ;
#3838 = ORIENTED_EDGE ( 'NONE', *, *, #920, .F. ) ;
#3839 = EDGE_CURVE ( 'NONE', #596, #4381, #2245, .T. ) ;
#3840 = PRESENTATION_STYLE_ASSIGNMENT (( #2049 ) ) ;
#3841 = CARTESIAN_POINT ( 'NONE',  ( -0.1195408784704530269, 0.7496131268317296481, -0.3199999999999999512 ) ) ;
#3842 = SURFACE_SIDE_STYLE ('',( #2275 ) ) ;
#3843 = FACE_BOUND ( 'NONE', #2581, .T. ) ;
#3844 = B_SPLINE_SURFACE_WITH_KNOTS ( 'NONE', 3, 1, ( 
 ( #2374, #3841 ),
 ( #2770, #4602 ),
 ( #543, #2009 ),
 ( #1299, #2745 ),
 ( #4231, #925 ),
 ( #566, #2029 ),
 ( #3505, #186 ),
 ( #4254, #3783 ),
 ( #943, #592 ),
 ( #2050, #3527 ),
 ( #211, #3161 ),
 ( #4652, #1346 ),
 ( #2793, #861 ),
 ( #992, #690 ),
 ( #4702, #1752 ),
 ( #4771, #3239 ),
 ( #3906, #3952 ),
 ( #617, #3974 ),
 ( #2867, #309 ) ),
 .UNSPECIFIED., .F., .F., .F.,
 ( 4, 1, 1, 1, 1, 1, 1, 1, 1, 1, 1, 1, 1, 1, 1, 1, 4 ),
 ( 2, 2 ),
 ( 0.0000000000000000000, 0.06806869584499457282, 0.1334274328189550829, 0.1961460338131570114, 0.2570485924493124963, 0.3168826631591622478, 0.3761872086663219372, 0.4359603353635462253, 0.4965352368627262147, 0.5574653434807335106, 0.6176868634101474465, 0.6779436406969060469, 0.7388052848060403521, 0.8009493367665840857, 0.8648146674702263947, 0.9310247810786568268, 1.000000000000000000 ),
 ( 0.0000000000000000000, 1.000000000000000000 ),
 .UNSPECIFIED. ) ;
#3845 = ORIENTED_EDGE ( 'NONE', *, *, #3494, .T. ) ;
#3846 = CARTESIAN_POINT ( 'NONE',  ( 0.1145708315450171960, 0.7488330408040602126, -0.3189999999999999503 ) ) ;
#3847 = LINE ( 'NONE', #3072, #1554 ) ;
#3848 = DIRECTION ( 'NONE',  ( 0.0000000000000000000, 0.0000000000000000000, 1.000000000000000000 ) ) ;
#3849 = SURFACE_STYLE_FILL_AREA ( #1238 ) ;
#3850 = SURFACE_STYLE_USAGE ( .BOTH. , #1957 ) ;
#3851 = CARTESIAN_POINT ( 'NONE',  ( -0.08303473967100383213, 0.7965660033089232428, -0.3199999999999998401 ) ) ;
#3852 = CARTESIAN_POINT ( 'NONE',  ( 0.1091855010627294925, 0.7244248463730988963, -0.3199999999999999512 ) ) ;
#3853 = PRESENTATION_LAYER_ASSIGNMENT (  '', '', ( #2856 ) ) ;
#3854 = DIRECTION ( 'NONE',  ( 0.0000000000000000000, 1.000000000000000000, 0.0000000000000000000 ) ) ;
#3855 = CARTESIAN_POINT ( 'NONE',  ( -0.5000000000000000000, 2.168404344971008868E-16, -0.3999999999999999667 ) ) ;
#3856 = EDGE_CURVE ( 'NONE', #1969, #1330, #2325, .T. ) ;
#3857 = CARTESIAN_POINT ( 'NONE',  ( 0.1743615605539372837, 0.7983555048805102139, -0.3199999999999999512 ) ) ;
#3858 = CARTESIAN_POINT ( 'NONE',  ( -0.1923495674948432488, 0.7264042853683149170, -0.3189999999999999503 ) ) ;
#3859 =( NAMED_UNIT ( * ) PLANE_ANGLE_UNIT ( ) SI_UNIT ( $, .RADIAN. ) );
#3860 = CARTESIAN_POINT ( 'NONE',  ( 0.06551998791494194341, 0.7096730074539351341, -0.3199999999999997846 ) ) ;
#3861 = FACE_BOUND ( 'NONE', #1371, .T. ) ;
#3862 = ORIENTED_EDGE ( 'NONE', *, *, #2026, .T. ) ;
#3863 = CARTESIAN_POINT ( 'NONE',  ( -0.1705949936481769014, 0.7841030979518516242, -0.3199999999999999512 ) ) ;
#3864 = CARTESIAN_POINT ( 'NONE',  ( 0.02070302396857141153, 0.7093311146366076958, -0.3189999999999999503 ) ) ;
#3865 = DIRECTION ( 'NONE',  ( 0.0000000000000000000, -0.0000000000000000000, -1.000000000000000000 ) ) ;
#3866 = SURFACE_STYLE_USAGE ( .BOTH. , #2403 ) ;
#3867 =( LENGTH_UNIT ( ) NAMED_UNIT ( * ) SI_UNIT ( .MILLI., .METRE. ) );
#3868 = ORIENTED_EDGE ( 'NONE', *, *, #725, .F. ) ;
#3869 = CARTESIAN_POINT ( 'NONE',  ( 0.1100258991789402202, 0.7884478048513483550, -0.3200000000000001177 ) ) ;
#3870 = CARTESIAN_POINT ( 'NONE',  ( 0.8249999999999997335, 0.9349999999999999423, 0.0000000000000000000 ) ) ;
#3871 =( NAMED_UNIT ( * ) SI_UNIT ( $, .STERADIAN. ) SOLID_ANGLE_UNIT ( ) );
#3872 = VECTOR ( 'NONE', #2416, 1000.000000000000000 ) ;
#3873 = CARTESIAN_POINT ( 'NONE',  ( -0.08303473967100383213, 0.7965660033089232428, -0.3199999999999999512 ) ) ;
#3874 = LINE ( 'NONE', #276, #2768 ) ;
#3875 = MECHANICAL_DESIGN_GEOMETRIC_PRESENTATION_REPRESENTATION (  '', ( #1276 ), #1503 ) ;
#3876 = MECHANICAL_DESIGN_GEOMETRIC_PRESENTATION_REPRESENTATION (  '', ( #4277 ), #4513 ) ;
#3877 = FILL_AREA_STYLE ('',( #4201 ) ) ;
#3878 = ADVANCED_FACE ( 'NONE', ( #1517 ), #1541, .T. ) ;
#3879 = CARTESIAN_POINT ( 'NONE',  ( 0.07929677396857140459, 0.7081116024414857435, -0.3189999999999999503 ) ) ;
#3880 = CARTESIAN_POINT ( 'NONE',  ( -0.06815845626591475470, 0.6983901354181256682, -0.3199999999999998956 ) ) ;
#3881 = B_SPLINE_CURVE_WITH_KNOTS ( 'NONE', 3,
 ( #1678, #4641, #3176, #1010, #985, #2761, #3519 ),
 .UNSPECIFIED., .F., .F.,
 ( 4, 1, 1, 1, 4 ),
 ( 0.0000000000000000000, 0.1744817153170560020, 0.3982857591281081522, 0.6738978473986653173, 1.000000000000000000 ),
 .UNSPECIFIED. ) ;
#3882 =( LENGTH_UNIT ( ) NAMED_UNIT ( * ) SI_UNIT ( .MILLI., .METRE. ) );
#3883 = PRESENTATION_STYLE_ASSIGNMENT (( #1710 ) ) ;
#3884 = ORIENTED_EDGE ( 'NONE', *, *, #4715, .T. ) ;
#3885 = CARTESIAN_POINT ( 'NONE',  ( -0.1694824172048971789, 0.7796039756080157535, -0.3200000000000000622 ) ) ;
#3886 = MECHANICAL_DESIGN_GEOMETRIC_PRESENTATION_REPRESENTATION (  '', ( #15 ), #3203 ) ;
#3887 = ORIENTED_EDGE ( 'NONE', *, *, #381, .F. ) ;
#3888 = ORIENTED_EDGE ( 'NONE', *, *, #1246, .T. ) ;
#3889 =( NAMED_UNIT ( * ) SI_UNIT ( $, .STERADIAN. ) SOLID_ANGLE_UNIT ( ) );
#3890 = DIRECTION ( 'NONE',  ( 0.0000000000000000000, 0.0000000000000000000, 1.000000000000000000 ) ) ;
#3891 = FILL_AREA_STYLE ('',( #630 ) ) ;
#3892 = VECTOR ( 'NONE', #3447, 1000.000000000000000 ) ;
#3893 = EDGE_CURVE ( 'NONE', #3913, #4631, #1999, .T. ) ;
#3894 = CARTESIAN_POINT ( 'NONE',  ( 0.1279765447937868672, 0.7484146230646605558, -0.3200000000000000067 ) ) ;
#3895 = DIRECTION ( 'NONE',  ( 0.0000000000000000000, 0.0000000000000000000, 1.000000000000000000 ) ) ;
#3896 = AXIS2_PLACEMENT_3D ( 'NONE', #2176, #1891, #1847 ) ;
#3897 = EDGE_CURVE ( 'NONE', #3645, #4384, #536, .T. ) ;
#3898 = VERTEX_POINT ( 'NONE', #3410 ) ;
#3899 =( GEOMETRIC_REPRESENTATION_CONTEXT ( 3 ) GLOBAL_UNCERTAINTY_ASSIGNED_CONTEXT ( ( #1730 ) ) GLOBAL_UNIT_ASSIGNED_CONTEXT ( ( #1253, #3812, #863 ) ) REPRESENTATION_CONTEXT ( 'NONE', 'WORKASPACE' ) );
#3900 = PRESENTATION_STYLE_ASSIGNMENT (( #206 ) ) ;
#3901 = DIRECTION ( 'NONE',  ( -0.0000000000000000000, -0.0000000000000000000, -1.000000000000000000 ) ) ;
#3902 = CARTESIAN_POINT ( 'NONE',  ( 1.084202172485504434E-16, 2.070432601039220582E-16, -0.5599999999999999423 ) ) ;
#3903 = UNCERTAINTY_MEASURE_WITH_UNIT (LENGTH_MEASURE( 1.000000000000000082E-05 ), #3882, 'distance_accuracy_value', 'NONE');
#3904 = MECHANICAL_DESIGN_GEOMETRIC_PRESENTATION_REPRESENTATION (  '', ( #3377 ), #1620 ) ;
#3905 = FILL_AREA_STYLE ('',( #1391 ) ) ;
#3906 = CARTESIAN_POINT ( 'NONE',  ( -0.07190986761354127565, 0.6984580082109410615, -0.3189999999999999503 ) ) ;
#3908 = STYLED_ITEM ( 'NONE', ( #4585 ), #1879 ) ;
#3907 = DIRECTION ( 'NONE',  ( 0.0000000000000000000, -1.000000000000000000, 0.0000000000000000000 ) ) ;
#3909 = CARTESIAN_POINT ( 'NONE',  ( 0.05645847967160690095, 0.7019771450832597015, -0.3189999999999999503 ) ) ;
#3910 = DIRECTION ( 'NONE',  ( 1.000000000000000000, 0.0000000000000000000, 0.0000000000000000000 ) ) ;
#3911 = VERTEX_POINT ( 'NONE', #1590 ) ;
#3912 = CARTESIAN_POINT ( 'NONE',  ( 0.1145033924649365292, 0.7518409143578778098, -0.3199999999999999512 ) ) ;
#3913 = VERTEX_POINT ( 'NONE', #3902 ) ;
#3914 = DIRECTION ( 'NONE',  ( -1.000000000000000000, 0.0000000000000000000, 0.0000000000000000000 ) ) ;
#3915 = DIRECTION ( 'NONE',  ( -1.000000000000000000, -0.0000000000000000000, -0.0000000000000000000 ) ) ;
#3916 = LINE ( 'NONE', #219, #1255 ) ;
#3917 = PRESENTATION_STYLE_ASSIGNMENT (( #4296 ) ) ;
#3918 = DIRECTION ( 'NONE',  ( 0.0000000000000000000, -0.0000000000000000000, -1.000000000000000000 ) ) ;
#3919 = EDGE_CURVE ( 'NONE', #2899, #2418, #1153, .T. ) ;
#3920 = CARTESIAN_POINT ( 'NONE',  ( 0.07704829835881529809, 0.7885994073195344845, -0.3189999999999999503 ) ) ;
#3921 = FILL_AREA_STYLE_COLOUR ( '', #1939 ) ;
#3922 =( GEOMETRIC_REPRESENTATION_CONTEXT ( 3 ) GLOBAL_UNCERTAINTY_ASSIGNED_CONTEXT ( ( #4688 ) ) GLOBAL_UNIT_ASSIGNED_CONTEXT ( ( #656, #3232, #198 ) ) REPRESENTATION_CONTEXT ( 'NONE', 'WORKASPACE' ) );
#3923 = ORIENTED_EDGE ( 'NONE', *, *, #2979, .F. ) ;
#3924 =( NAMED_UNIT ( * ) PLANE_ANGLE_UNIT ( ) SI_UNIT ( $, .RADIAN. ) );
#3925 =( NAMED_UNIT ( * ) SI_UNIT ( $, .STERADIAN. ) SOLID_ANGLE_UNIT ( ) );
#3926 = CARTESIAN_POINT ( 'NONE',  ( -0.8250000000000001776, 0.9349999999999999423, 0.0000000000000000000 ) ) ;
#3927 = PRESENTATION_STYLE_ASSIGNMENT (( #1019 ) ) ;
#3928 = CARTESIAN_POINT ( 'NONE',  ( 0.05362985323686408207, 0.7035384317097784779, -0.3189999999999999503 ) ) ;
#3929 = CARTESIAN_POINT ( 'NONE',  ( 0.0000000000000000000, 0.0000000000000000000, -0.3199999999999999512 ) ) ;
#3930 = UNCERTAINTY_MEASURE_WITH_UNIT (LENGTH_MEASURE( 1.000000000000000082E-05 ), #2685, 'distance_accuracy_value', 'NONE');
#3931 = ORIENTED_EDGE ( 'NONE', *, *, #3130, .T. ) ;
#3932 = SURFACE_SIDE_STYLE ('',( #998 ) ) ;
#3933 = ORIENTED_EDGE ( 'NONE', *, *, #4715, .F. ) ;
#3934 = CARTESIAN_POINT ( 'NONE',  ( -0.1112193879555332943, 0.7198856204286621097, -0.3189999999999998948 ) ) ;
#3935 = FILL_AREA_STYLE ('',( #1400 ) ) ;
#3936 = CARTESIAN_POINT ( 'NONE',  ( 0.1084108522232593991, 0.7046655362666024436, -0.3200000000000000067 ) ) ;
#3937 = UNCERTAINTY_MEASURE_WITH_UNIT (LENGTH_MEASURE( 1.000000000000000082E-05 ), #4103, 'distance_accuracy_value', 'NONE');
#3938 = LINE ( 'NONE', #1378, #1790 ) ;
#3939 = EDGE_CURVE ( 'NONE', #2633, #648, #4576, .T. ) ;
#3940 = DIRECTION ( 'NONE',  ( 1.000000000000000000, 0.0000000000000000000, 0.0000000000000000000 ) ) ;
#3941 = DIRECTION ( 'NONE',  ( 0.0000000000000000000, -1.000000000000000000, 0.0000000000000000000 ) ) ;
#3942 = CARTESIAN_POINT ( 'NONE',  ( -0.1726744721044553843, 0.7795471712526503838, -0.3189999999999999503 ) ) ;
#3943 = CARTESIAN_POINT ( 'NONE',  ( 0.09670473066451382160, 0.7121954813586274247, -0.3200000000000001177 ) ) ;
#3944 = ORIENTED_EDGE ( 'NONE', *, *, #2681, .F. ) ;
#3945 = ORIENTED_EDGE ( 'NONE', *, *, #2667, .T. ) ;
#3946 = DIRECTION ( 'NONE',  ( -0.0000000000000000000, -0.0000000000000000000, -1.000000000000000000 ) ) ;
#3947 = VECTOR ( 'NONE', #321, 1000.000000000000000 ) ;
#3948 = CIRCLE ( 'NONE', #2558, 0.1599999999999999756 ) ;
#3949 = EDGE_CURVE ( 'NONE', #682, #230, #965, .T. ) ;
#3950 = SURFACE_SIDE_STYLE ('',( #2481 ) ) ;
#3951 = CARTESIAN_POINT ( 'NONE',  ( -0.1780774638363066542, 0.7983555048805102139, -0.3199999999999999512 ) ) ;
#3952 = CARTESIAN_POINT ( 'NONE',  ( -0.07190986761354127565, 0.6984580082109410615, -0.3199999999999999512 ) ) ;
#3953 = CARTESIAN_POINT ( 'NONE',  ( 0.06722542307025552999, 0.7990580008272083479, -0.3190000000000000613 ) ) ;
#3954 = AXIS2_PLACEMENT_3D ( 'NONE', #1754, #2147, #2818 ) ;
#3955 = CARTESIAN_POINT ( 'NONE',  ( 0.08114509713930312396, 0.6971359926853881728, -0.3189999999999999503 ) ) ;
#3956 = EDGE_CURVE ( 'NONE', #4757, #1036, #3986, .T. ) ;
#3957 = VECTOR ( 'NONE', #1268, 1000.000000000000000 ) ;
#3958 = ORIENTED_EDGE ( 'NONE', *, *, #1205, .T. ) ;
#3959 = CARTESIAN_POINT ( 'NONE',  ( -0.1175426787189327305, 0.7334991241498139969, -0.3189999999999998948 ) ) ;
#3960 = DIRECTION ( 'NONE',  ( 1.000000000000000000, 0.0000000000000000000, 0.0000000000000000000 ) ) ;
#3961 = CARTESIAN_POINT ( 'NONE',  ( 0.1120029510904169273, 0.7074629908046349280, -0.3199999999999999512 ) ) ;
#3962 = CARTESIAN_POINT ( 'NONE',  ( -0.1061262443241115100, 0.7493273036609979787, -0.3189999999999999503 ) ) ;
#3963 = VECTOR ( 'NONE', #755, 1000.000000000000000 ) ;
#3964 =( NAMED_UNIT ( * ) PLANE_ANGLE_UNIT ( ) SI_UNIT ( $, .RADIAN. ) );
#3965 = MANIFOLD_SOLID_BREP ( 'ÇÐ³ý-À­Éì3', #3647 ) ;
#3966 = MECHANICAL_DESIGN_GEOMETRIC_PRESENTATION_REPRESENTATION (  '', ( #1445 ), #509 ) ;
#3967 = CARTESIAN_POINT ( 'NONE',  ( 0.02070302396857141153, 0.7873798951244125321, -0.3199999999999999512 ) ) ;
#3968 = PRESENTATION_LAYER_ASSIGNMENT (  '', '', ( #595 ) ) ;
#3969 = EDGE_LOOP ( 'NONE', ( #2183, #856, #2070, #3690, #1038 ) ) ;
#3970 = CARTESIAN_POINT ( 'NONE',  ( -0.01954087847045300405, 0.7093311146366076958, -0.3189999999999999503 ) ) ;
#3971 = AXIS2_PLACEMENT_3D ( 'NONE', #2489, #1739, #4687 ) ;
#3972 = B_SPLINE_CURVE_WITH_KNOTS ( 'NONE', 3,
 ( #4656, #1712, #3863, #1305, #264, #3885, #3167 ),
 .UNSPECIFIED., .F., .F.,
 ( 4, 1, 1, 1, 4 ),
 ( 0.0000000000000000000, 0.3005411131585124518, 0.5677471464835970316, 0.8000336137369759015, 0.9999999999999998890 ),
 .UNSPECIFIED. ) ;
#3973 = CARTESIAN_POINT ( 'NONE',  ( 0.07716262762710800194, 0.7995750170756320552, -0.3199999999999999512 ) ) ;
#3974 = CARTESIAN_POINT ( 'NONE',  ( -0.06815845626591475470, 0.6983901354181256682, -0.3199999999999998956 ) ) ;
#3975 = CARTESIAN_POINT ( 'NONE',  ( 0.8249999999999999556, -0.9350000000000001643, 0.04000000000000000083 ) ) ;
#3976 = EDGE_CURVE ( 'NONE', #1755, #4072, #4739, .T. ) ;
#3977 = FILL_AREA_STYLE_COLOUR ( '', #164 ) ;
#3978 = VERTEX_POINT ( 'NONE', #2815 ) ;
#3979 = CARTESIAN_POINT ( 'NONE',  ( -0.06721618334850178178, 0.7873798951244125321, -0.3189999999999999503 ) ) ;
#3980 = EDGE_CURVE ( 'NONE', #127, #879, #922, .T. ) ;
#3981 = PRESENTATION_LAYER_ASSIGNMENT (  '', '', ( #913 ) ) ;
#3982 = AXIS2_PLACEMENT_3D ( 'NONE', #3648, #1399, #294 ) ;
#3983 = CARTESIAN_POINT ( 'NONE',  ( 0.07570827406258651138, 0.7081587165553516749, -0.3189999999999998948 ) ) ;
#3984 = CARTESIAN_POINT ( 'NONE',  ( -0.07141872851956725110, 0.7872934215415825498, -0.3199999999999998956 ) ) ;
#3985 = CARTESIAN_POINT ( 'NONE',  ( 0.08864544570961194192, 0.7871128594865786088, -0.3189999999999999503 ) ) ;
#3986 = CIRCLE ( 'NONE', #208, 0.05737839342913157725 ) ;
#3987 = CARTESIAN_POINT ( 'NONE',  ( 0.07599994156472592022, 0.7995666826320713128, -0.3190000000000000613 ) ) ;
#3988 = FILL_AREA_STYLE ('',( #3592 ) ) ;
#3989 = CARTESIAN_POINT ( 'NONE',  ( -0.1878526162753310635, 0.7373798951244125988, -0.3189999999999999503 ) ) ;
#3990 = DIRECTION ( 'NONE',  ( 0.0000000000000000000, -1.000000000000000000, 0.0000000000000000000 ) ) ;
#3991 = ORIENTED_EDGE ( 'NONE', *, *, #1646, .T. ) ;
#3992 = STYLED_ITEM ( 'NONE', ( #298 ), #4095 ) ;
#3993 = CARTESIAN_POINT ( 'NONE',  ( 0.02070302396857141153, 0.7544530658561199310, -0.3189999999999999503 ) ) ;
#3994 = DIRECTION ( 'NONE',  ( -0.0000000000000000000, 0.0000000000000000000, -1.000000000000000000 ) ) ;
#3995 = ORIENTED_EDGE ( 'NONE', *, *, #4718, .T. ) ;
#3996 = MECHANICAL_DESIGN_GEOMETRIC_PRESENTATION_REPRESENTATION (  '', ( #3155 ), #220 ) ;
#3997 = LINE ( 'NONE', #715, #2763 ) ;
#3998 = CARTESIAN_POINT ( 'NONE',  ( -0.08784535237405158292, 0.7951221534359619314, -0.3190000000000001168 ) ) ;
#3999 = PLANE ( 'NONE',  #1431 ) ;
#4000 = CARTESIAN_POINT ( 'NONE',  ( 0.08494270639143461366, 0.7879521534098058444, -0.3200000000000000622 ) ) ;
#4001 = MECHANICAL_DESIGN_GEOMETRIC_PRESENTATION_REPRESENTATION (  '', ( #3084 ), #4248 ) ;
#4002 = ORIENTED_EDGE ( 'NONE', *, *, #2893, .F. ) ;
#4003 = SURFACE_STYLE_FILL_AREA ( #1125 ) ;
#4004 = ORIENTED_EDGE ( 'NONE', *, *, #385, .T. ) ;
#4005 = SURFACE_STYLE_USAGE ( .BOTH. , #1080 ) ;
#4006 = DIRECTION ( 'NONE',  ( 0.0000000000000000000, -1.000000000000000000, 0.0000000000000000000 ) ) ;
#4007 = CARTESIAN_POINT ( 'NONE',  ( 0.05362985323686408207, 0.7956116024414856547, -0.3189999999999999503 ) ) ;
#4008 = CARTESIAN_POINT ( 'NONE',  ( 0.05451789179963997117, 0.7827129855942922543, -0.3200000000000000067 ) ) ;
#4009 = CARTESIAN_POINT ( 'NONE',  ( 0.1280200971393031240, 0.7464690719536809516, -0.3199999999999999512 ) ) ;
#4010 = DIRECTION ( 'NONE',  ( 0.0000000000000000000, 0.0000000000000000000, 1.000000000000000000 ) ) ;
#4011 = VECTOR ( 'NONE', #2391, 1000.000000000000000 ) ;
#4012 = CARTESIAN_POINT ( 'NONE',  ( -0.07933790001302730432, 0.7861162344701115856, -0.3189999999999998392 ) ) ;
#4013 = UNCERTAINTY_MEASURE_WITH_UNIT (LENGTH_MEASURE( 1.000000000000000082E-05 ), #4321, 'distance_accuracy_value', 'NONE');
#4014 = VERTEX_POINT ( 'NONE', #183 ) ;
#4015 = DIRECTION ( 'NONE',  ( -0.0000000000000000000, -0.0000000000000000000, -1.000000000000000000 ) ) ;
#4016 =( LENGTH_UNIT ( ) NAMED_UNIT ( * ) SI_UNIT ( .MILLI., .METRE. ) );
#4017 = EDGE_CURVE ( 'NONE', #1962, #4314, #3570, .T. ) ;
#4018 = LINE ( 'NONE', #2961, #4431 ) ;
#4019 = CIRCLE ( 'NONE', #1964, 0.1385640646055101566 ) ;
#4020 = ORIENTED_EDGE ( 'NONE', *, *, #4557, .F. ) ;
#4021 = DIRECTION ( 'NONE',  ( 1.000000000000000000, -1.224646799147353207E-16, 0.0000000000000000000 ) ) ;
#4022 =( GEOMETRIC_REPRESENTATION_CONTEXT ( 3 ) GLOBAL_UNCERTAINTY_ASSIGNED_CONTEXT ( ( #3253 ) ) GLOBAL_UNIT_ASSIGNED_CONTEXT ( ( #2472, #956, #1745 ) ) REPRESENTATION_CONTEXT ( 'NONE', 'WORKASPACE' ) );
#4023 = CYLINDRICAL_SURFACE ( 'NONE', #687, 0.05737839342913157725 ) ;
#4024 = PLANE ( 'NONE',  #2891 ) ;
#4025 = COLOUR_RGB ( '',1.000000000000000000, 1.000000000000000000, 1.000000000000000000 ) ;
#4026 = DIRECTION ( 'NONE',  ( 0.0000000000000000000, -0.0000000000000000000, -1.000000000000000000 ) ) ;
#4027 = SURFACE_STYLE_USAGE ( .BOTH. , #2941 ) ;
#4028 = LINE ( 'NONE', #2514, #199 ) ;
#4029 = ORIENTED_EDGE ( 'NONE', *, *, #4133, .F. ) ;
#4030 = FILL_AREA_STYLE_COLOUR ( '', #2155 ) ;
#4031 = CARTESIAN_POINT ( 'NONE',  ( 0.1146054629929616486, 0.7472884317097784335, -0.3189999999999999503 ) ) ;
#4032 = CARTESIAN_POINT ( 'NONE',  ( -0.1712558174948432266, 0.7861603829292906909, -0.3189999999999999503 ) ) ;
#4033 = LINE ( 'NONE', #1086, #2712 ) ;
#4034 = ADVANCED_FACE ( 'NONE', ( #4792, #2122 ), #1070, .T. ) ;
#4035 = VECTOR ( 'NONE', #1085, 1000.000000000000000 ) ;
#4036 = UNCERTAINTY_MEASURE_WITH_UNIT (LENGTH_MEASURE( 1.000000000000000082E-05 ), #1937, 'distance_accuracy_value', 'NONE');
#4037 = ADVANCED_FACE ( 'NONE', ( #3236 ), #2567, .T. ) ;
#4038 = EDGE_CURVE ( 'NONE', #879, #81, #3997, .T. ) ;
#4039 = COLOUR_RGB ( '',1.000000000000000000, 1.000000000000000000, 1.000000000000000000 ) ;
#4040 = CARTESIAN_POINT ( 'NONE',  ( -0.06727334798264814064, 0.7983555048805102139, -0.3189999999999999503 ) ) ;
#4041 = VECTOR ( 'NONE', #4061, 1000.000000000000000 ) ;
#4042 = FILL_AREA_STYLE ('',( #2932 ) ) ;
#4043 = DIRECTION ( 'NONE',  ( -0.0000000000000000000, -0.0000000000000000000, -1.000000000000000000 ) ) ;
#4044 =( NAMED_UNIT ( * ) SI_UNIT ( $, .STERADIAN. ) SOLID_ANGLE_UNIT ( ) );
#4045 = ORIENTED_EDGE ( 'NONE', *, *, #921, .T. ) ;
#4046 = EDGE_LOOP ( 'NONE', ( #4141, #4643, #2732, #981 ) ) ;
#4047 = COLOUR_RGB ( '',1.000000000000000000, 1.000000000000000000, 1.000000000000000000 ) ;
#4048 = PRESENTATION_STYLE_ASSIGNMENT (( #4711 ) ) ;
#4049 = CARTESIAN_POINT ( 'NONE',  ( -0.8249999999999999556, -0.9350000000000001643, -0.3199999999999999512 ) ) ;
#4050 = DIRECTION ( 'NONE',  ( 1.000000000000000000, 0.0000000000000000000, 0.0000000000000000000 ) ) ;
#4051 = ORIENTED_EDGE ( 'NONE', *, *, #3383, .T. ) ;
#4052 = MECHANICAL_DESIGN_GEOMETRIC_PRESENTATION_REPRESENTATION (  '', ( #3529 ), #1068 ) ;
#4053 = CARTESIAN_POINT ( 'NONE',  ( 0.06132793098811421123, 0.7980730627144273504, -0.3189999999999999503 ) ) ;
#4054 = CARTESIAN_POINT ( 'NONE',  ( -0.01710185408020908904, 0.7983555048805102139, -0.3199999999999999512 ) ) ;
#4055 = CARTESIAN_POINT ( 'NONE',  ( -0.08298658729096315689, 0.7850619791134619829, -0.3190000000000001168 ) ) ;
#4056 = AXIS2_PLACEMENT_3D ( 'NONE', #2222, #4021, #3263 ) ;
#4057 = DIRECTION ( 'NONE',  ( -1.000000000000000000, 0.0000000000000000000, 0.0000000000000000000 ) ) ;
#4058 = DIRECTION ( 'NONE',  ( 0.0000000000000000000, -1.000000000000000000, 0.0000000000000000000 ) ) ;
#4059 = CARTESIAN_POINT ( 'NONE',  ( -0.1060934662658704203, 0.7508593921747511724, -0.3189999999999999503 ) ) ;
#4060 = ADVANCED_FACE ( 'NONE', ( #3281 ), #131, .T. ) ;
#4061 = DIRECTION ( 'NONE',  ( -0.0000000000000000000, -0.0000000000000000000, -1.000000000000000000 ) ) ;
#4062 = CARTESIAN_POINT ( 'NONE',  ( 0.03411765811491286604, 0.7983555048805102139, -0.3199999999999999512 ) ) ;
#4063 = CARTESIAN_POINT ( 'NONE',  ( -0.06727334798264814064, 0.7983555048805102139, -0.3199999999999998401 ) ) ;
#4064 = APPLICATION_CONTEXT ( 'automotive_design' ) ;
#4065 = ORIENTED_EDGE ( 'NONE', *, *, #3671, .T. ) ;
#4066 = UNCERTAINTY_MEASURE_WITH_UNIT (LENGTH_MEASURE( 1.000000000000000082E-05 ), #3011, 'distance_accuracy_value', 'NONE');
#4067 = VERTEX_POINT ( 'NONE', #4538 ) ;
#4068 = EDGE_CURVE ( 'NONE', #4122, #596, #1657, .T. ) ;
#4069 = B_SPLINE_CURVE_WITH_KNOTS ( 'NONE', 3,
 ( #1728, #647, #3582, #4000, #2485, #2894, #744, #1123, #765, #4774, #2172, #4404, #4380, #1417, #4748, #1075, #1442, #3626, #1049 ),
 .UNSPECIFIED., .F., .F.,
 ( 4, 1, 1, 1, 1, 1, 1, 1, 1, 1, 1, 1, 1, 1, 1, 1, 4 ),
 ( 0.0000000000000000000, 0.06460397028839230671, 0.1267024139629472634, 0.1867568140356182516, 0.2455056873654378469, 0.3036520244499755772, 0.3615030739706258101, 0.4202402229284676327, 0.4800333407766957383, 0.5406781347755162948, 0.6011918063807820678, 0.6623335024774422708, 0.7247395102972319370, 0.7894677361728867915, 0.8565048600438299742, 0.9263120958391908299, 1.000000000000000000 ),
 .UNSPECIFIED. ) ;
#4070 = FILL_AREA_STYLE_COLOUR ( '', #4269 ) ;
#4071 = SURFACE_SIDE_STYLE ('',( #3270 ) ) ;
#4072 = VERTEX_POINT ( 'NONE', #4593 ) ;
#4073 = CARTESIAN_POINT ( 'NONE',  ( 0.5000000000000001110, 1.084202172485504434E-16, -0.3999999999999999667 ) ) ;
#4074 =( NAMED_UNIT ( * ) SI_UNIT ( $, .STERADIAN. ) SOLID_ANGLE_UNIT ( ) );
#4075 = CARTESIAN_POINT ( 'NONE',  ( 0.1140572647842961057, 0.7388030563685452634, -0.3189999999999998948 ) ) ;
#4076 = ADVANCED_FACE ( 'NONE', ( #1289 ), #2735, .T. ) ;
#4077 = LINE ( 'NONE', #1187, #2957 ) ;
#4078 = CARTESIAN_POINT ( 'NONE',  ( -0.8249999999999999556, -0.9350000000000001643, 0.0000000000000000000 ) ) ;
#4079 = B_SPLINE_CURVE_WITH_KNOTS ( 'NONE', 3,
 ( #4808, #18, #4443, #1144, #2315, #3773, #1960, #2236, #3430, #3699, #399 ),
 .UNSPECIFIED., .F., .F.,
 ( 4, 1, 1, 1, 1, 1, 1, 1, 4 ),
 ( 0.0000000000000000000, 0.1451868664724696167, 0.2834426109197299426, 0.4165243659288284106, 0.5431811235350820777, 0.6651530826377123340, 0.7813602063127149666, 0.8927566556418078392, 0.9999999999999998890 ),
 .UNSPECIFIED. ) ;
#4080 = CARTESIAN_POINT ( 'NONE',  ( 0.0000000000000000000, 0.5000000000000002220, -0.3999999999999999667 ) ) ;
#4081 = VERTEX_POINT ( 'NONE', #1360 ) ;
#4082 = ORIENTED_EDGE ( 'NONE', *, *, #322, .F. ) ;
#4083 = DIRECTION ( 'NONE',  ( -1.000000000000000000, 0.0000000000000000000, 0.0000000000000000000 ) ) ;
#4084 =( NAMED_UNIT ( * ) PLANE_ANGLE_UNIT ( ) SI_UNIT ( $, .RADIAN. ) );
#4085 = CARTESIAN_POINT ( 'NONE',  ( -0.1003302889721165297, 0.7256148514934489535, -0.3190000000000000058 ) ) ;
#4086 = ORIENTED_EDGE ( 'NONE', *, *, #4346, .F. ) ;
#4087 = ORIENTED_EDGE ( 'NONE', *, *, #172, .T. ) ;
#4088 = FILL_AREA_STYLE ('',( #2933 ) ) ;
#4089 = LINE ( 'NONE', #4425, #1450 ) ;
#4090 = ADVANCED_FACE ( 'NONE', ( #2409 ), #1338, .T. ) ;
#4091 = ORIENTED_EDGE ( 'NONE', *, *, #903, .F. ) ;
#4092 = DIRECTION ( 'NONE',  ( 0.0000000000000000000, 0.0000000000000000000, 1.000000000000000000 ) ) ;
#4093 = ORIENTED_EDGE ( 'NONE', *, *, #1320, .F. ) ;
#4094 = PRESENTATION_LAYER_ASSIGNMENT (  '', '', ( #2937 ) ) ;
#4095 = ADVANCED_FACE ( 'NONE', ( #3150 ), #1007, .T. ) ;
#4096 = LINE ( 'NONE', #2626, #1998 ) ;
#4097 = PRESENTATION_STYLE_ASSIGNMENT (( #3361 ) ) ;
#4098 = PRESENTATION_LAYER_ASSIGNMENT (  '', '', ( #3028 ) ) ;
#4099 =( LENGTH_UNIT ( ) NAMED_UNIT ( * ) SI_UNIT ( .MILLI., .METRE. ) );
#4100 = VECTOR ( 'NONE', #2041, 1000.000000000000000 ) ;
#4101 = SURFACE_STYLE_FILL_AREA ( #2278 ) ;
#4102 = ORIENTED_EDGE ( 'NONE', *, *, #641, .F. ) ;
#4103 =( LENGTH_UNIT ( ) NAMED_UNIT ( * ) SI_UNIT ( .MILLI., .METRE. ) );
#4104 = LINE ( 'NONE', #847, #4590 ) ;
#4105 = CARTESIAN_POINT ( 'NONE',  ( -0.09796910520399829125, 0.7753525115408675950, -0.3190000000000001168 ) ) ;
#4106 =( NAMED_UNIT ( * ) SI_UNIT ( $, .STERADIAN. ) SOLID_ANGLE_UNIT ( ) );
#4107 = LINE ( 'NONE', #170, #4642 ) ;
#4108 = SURFACE_STYLE_FILL_AREA ( #4219 ) ;
#4109 = UNCERTAINTY_MEASURE_WITH_UNIT (LENGTH_MEASURE( 1.000000000000000082E-05 ), #598, 'distance_accuracy_value', 'NONE');
#4110 = UNCERTAINTY_MEASURE_WITH_UNIT (LENGTH_MEASURE( 1.000000000000000082E-05 ), #2228, 'distance_accuracy_value', 'NONE');
#4111 = CARTESIAN_POINT ( 'NONE',  ( -0.1035226680954420553, 0.7659133530266833967, -0.3189999999999998392 ) ) ;
#4112 = ORIENTED_EDGE ( 'NONE', *, *, #418, .F. ) ;
#4113 = SURFACE_STYLE_FILL_AREA ( #1908 ) ;
#4114 = CARTESIAN_POINT ( 'NONE',  ( 0.0000000000000000000, 0.0000000000000000000, -0.3199999999999999512 ) ) ;
#4115 =( NAMED_UNIT ( * ) PLANE_ANGLE_UNIT ( ) SI_UNIT ( $, .RADIAN. ) );
#4116 = VERTEX_POINT ( 'NONE', #1060 ) ;
#4117 = VECTOR ( 'NONE', #1571, 1000.000000000000000 ) ;
#4118 = SURFACE_STYLE_FILL_AREA ( #3726 ) ;
#4119 = CARTESIAN_POINT ( 'NONE',  ( -0.1646628296899652066, 0.7983555048805102139, -0.3189999999999999503 ) ) ;
#4120 = CARTESIAN_POINT ( 'NONE',  ( 0.8249999999999997335, 0.9349999999999999423, 0.04000000000000000083 ) ) ;
#4121 = VECTOR ( 'NONE', #2876, 1000.000000000000000 ) ;
#4122 = VERTEX_POINT ( 'NONE', #319 ) ;
#4123 = EDGE_LOOP ( 'NONE', ( #3349, #4721 ) ) ;
#4124 = LINE ( 'NONE', #2351, #2905 ) ;
#4125 = PRESENTATION_LAYER_ASSIGNMENT (  '', '', ( #3662 ) ) ;
#4126 = ORIENTED_EDGE ( 'NONE', *, *, #534, .T. ) ;
#4127 = EDGE_CURVE ( 'NONE', #4694, #1467, #1107, .T. ) ;
#4128 =( NAMED_UNIT ( * ) PLANE_ANGLE_UNIT ( ) SI_UNIT ( $, .RADIAN. ) );
#4129 = SPHERICAL_SURFACE ( 'NONE', #754, 0.1599999999999999756 ) ;
#4130 = FILL_AREA_STYLE_COLOUR ( '', #1311 ) ;
#4131 = SURFACE_SIDE_STYLE ('',( #3018 ) ) ;
#4132 = ORIENTED_EDGE ( 'NONE', *, *, #1786, .F. ) ;
#4133 = EDGE_CURVE ( 'NONE', #4067, #2702, #392, .T. ) ;
#4134 = DIRECTION ( 'NONE',  ( 1.000000000000000000, 0.0000000000000000000, -0.0000000000000000000 ) ) ;
#4135 = CARTESIAN_POINT ( 'NONE',  ( 0.08058144146969307975, 0.7081447122498739644, -0.3199999999999998956 ) ) ;
#4136 = DIRECTION ( 'NONE',  ( 0.0000000000000000000, 0.0000000000000000000, 1.000000000000000000 ) ) ;
#4137 = PRESENTATION_LAYER_ASSIGNMENT (  '', '', ( #2513 ) ) ;
#4138 = MECHANICAL_DESIGN_GEOMETRIC_PRESENTATION_REPRESENTATION (  '', ( #2595 ), #1227 ) ;
#4139 = DIRECTION ( 'NONE',  ( 1.000000000000000000, 0.0000000000000000000, 0.0000000000000000000 ) ) ;
#4140 = COLOUR_RGB ( '',1.000000000000000000, 1.000000000000000000, 1.000000000000000000 ) ;
#4141 = ORIENTED_EDGE ( 'NONE', *, *, #483, .F. ) ;
#4142 = CARTESIAN_POINT ( 'NONE',  ( -0.1727992626167945411, 0.7791481878073394096, -0.3189999999999999503 ) ) ;
#4143 = CARTESIAN_POINT ( 'NONE',  ( -0.1003302889721165297, 0.7256148514934489535, -0.3200000000000000067 ) ) ;
#4144 = COLOUR_RGB ( '',1.000000000000000000, 1.000000000000000000, 1.000000000000000000 ) ;
#4145 = CARTESIAN_POINT ( 'NONE',  ( -0.8249999999999999556, -0.9350000000000001643, -3.173872490726019624 ) ) ;
#4146 =( LENGTH_UNIT ( ) NAMED_UNIT ( * ) SI_UNIT ( .MILLI., .METRE. ) );
#4147 = UNCERTAINTY_MEASURE_WITH_UNIT (LENGTH_MEASURE( 1.000000000000000082E-05 ), #1096, 'distance_accuracy_value', 'NONE');
#4148 = B_SPLINE_CURVE_WITH_KNOTS ( 'NONE', 3,
 ( #1377, #2110, #2829, #1761, #3538, #3226, #4318, #3936, #3961, #3611, #701, #2157, #315, #1801, #1448, #2901, #4389, #2425, #1892 ),
 .UNSPECIFIED., .F., .F.,
 ( 4, 1, 1, 1, 1, 1, 1, 1, 1, 1, 1, 1, 1, 1, 1, 1, 4 ),
 ( 0.0000000000000000000, 0.06783324845577358431, 0.1326555365079040150, 0.1950508840508278219, 0.2555829330687769407, 0.3147998341472895145, 0.3736004728263743746, 0.4325455953267433595, 0.4924306292835654575, 0.5526712559629696209, 0.6125130441881162513, 0.6726102503570058344, 0.7338383693139461927, 0.7965942385677734494, 0.8614497992905729706, 0.9291989423509054991, 1.000000000000000000 ),
 .UNSPECIFIED. ) ;
#4149 = ORIENTED_EDGE ( 'NONE', *, *, #447, .T. ) ;
#4150 = ORIENTED_EDGE ( 'NONE', *, *, #1585, .T. ) ;
#4151 =( LENGTH_UNIT ( ) NAMED_UNIT ( * ) SI_UNIT ( .MILLI., .METRE. ) );
#4152 = SURFACE_STYLE_FILL_AREA ( #518 ) ;
#4153 = CARTESIAN_POINT ( 'NONE',  ( 0.07373007527992628263, 0.7995504116256032523, -0.3190000000000000058 ) ) ;
#4154 = AXIS2_PLACEMENT_3D ( 'NONE', #4073, #1494, #2946 ) ;
#4155 = DIRECTION ( 'NONE',  ( 0.0000000000000000000, 1.000000000000000000, 0.0000000000000000000 ) ) ;
#4156 = EDGE_LOOP ( 'NONE', ( #4630, #671, #1265, #1222 ) ) ;
#4157 = ADVANCED_FACE ( 'NONE', ( #752 ), #1896, .T. ) ;
#4158 = CARTESIAN_POINT ( 'NONE',  ( 0.1132084277937409345, 0.7603844201663988445, -0.3199999999999999512 ) ) ;
#4159 = AXIS2_PLACEMENT_3D ( 'NONE', #4376, #2525, #352 ) ;
#4160 = LINE ( 'NONE', #1648, #3622 ) ;
#4161 = CARTESIAN_POINT ( 'NONE',  ( 0.1279765447937868672, 0.7484146230646605558, -0.3199999999999999512 ) ) ;
#4162 = CARTESIAN_POINT ( 'NONE',  ( 0.09028728669164641507, 0.7095294087511759829, -0.3200000000000000067 ) ) ;
#4163 = CARTESIAN_POINT ( 'NONE',  ( 0.1153414488895891654, 0.7106117399079157071, -0.3190000000000000058 ) ) ;
#4164 = CARTESIAN_POINT ( 'NONE',  ( 0.1249234490930584279, 0.7263964153272444157, -0.3190000000000001168 ) ) ;
#4165 = EDGE_LOOP ( 'NONE', ( #767, #481, #3845, #1666 ) ) ;
#4166 = AXIS2_PLACEMENT_3D ( 'NONE', #3589, #271, #794 ) ;
#4167 =( NAMED_UNIT ( * ) PLANE_ANGLE_UNIT ( ) SI_UNIT ( $, .RADIAN. ) );
#4168 =( NAMED_UNIT ( * ) PLANE_ANGLE_UNIT ( ) SI_UNIT ( $, .RADIAN. ) );
#4169 = CARTESIAN_POINT ( 'NONE',  ( 0.1743615605539372837, 0.7093311146366076958, -0.3199999999999999512 ) ) ;
#4170 = ORIENTED_EDGE ( 'NONE', *, *, #4810, .F. ) ;
#4171 = CARTESIAN_POINT ( 'NONE',  ( -0.1175435331663085836, 0.7650258028178347214, -0.3200000000000001177 ) ) ;
#4172 = PRESENTATION_LAYER_ASSIGNMENT (  '', '', ( #3164 ) ) ;
#4173 = CARTESIAN_POINT ( 'NONE',  ( -0.1047306908922186336, 0.7363511859873028698, -0.3199999999999999512 ) ) ;
#4174 = ORIENTED_EDGE ( 'NONE', *, *, #3383, .F. ) ;
#4175 = VERTEX_POINT ( 'NONE', #4392 ) ;
#4176 = CARTESIAN_POINT ( 'NONE',  ( 0.1224851736990830581, 0.7727459568310716120, -0.3190000000000001168 ) ) ;
#4177 = DIRECTION ( 'NONE',  ( 1.000000000000000000, 0.0000000000000000000, 0.0000000000000000000 ) ) ;
#4178 = ADVANCED_FACE ( 'NONE', ( #2610 ), #1500, .T. ) ;
#4179 = ORIENTED_EDGE ( 'NONE', *, *, #2667, .F. ) ;
#4180 = CARTESIAN_POINT ( 'NONE',  ( -0.01466282968996519831, 0.7544530658561199310, -0.3189999999999999503 ) ) ;
#4181 = CARTESIAN_POINT ( 'NONE',  ( -0.8249999999999999556, -0.9350000000000001643, 0.0000000000000000000 ) ) ;
#4182 = CARTESIAN_POINT ( 'NONE',  ( 0.06879606300030366439, 0.7089623359817408543, -0.3190000000000001723 ) ) ;
#4183 = FILL_AREA_STYLE ('',( #445 ) ) ;
#4184 = ORIENTED_EDGE ( 'NONE', *, *, #3546, .T. ) ;
#4185 = LINE ( 'NONE', #526, #1471 ) ;
#4186 = FILL_AREA_STYLE ('',( #2402 ) ) ;
#4187 = FACE_OUTER_BOUND ( 'NONE', #829, .T. ) ;
#4188 = CARTESIAN_POINT ( 'NONE',  ( 0.1120029510904169273, 0.7074629908046349280, -0.3189999999999999503 ) ) ;
#4189 = FACE_OUTER_BOUND ( 'NONE', #2279, .T. ) ;
#4190 = STYLED_ITEM ( 'NONE', ( #37 ), #1701 ) ;
#4191 = AXIS2_PLACEMENT_3D ( 'NONE', #4080, #4490, #2613 ) ;
#4192 = AXIS2_PLACEMENT_3D ( 'NONE', #4710, #238, #3197 ) ;
#4193 = SURFACE_STYLE_USAGE ( .BOTH. , #1956 ) ;
#4194 = B_SPLINE_SURFACE_WITH_KNOTS ( 'NONE', 3, 1, ( 
 ( #1174, #3010 ),
 ( #2293, #3405 ),
 ( #73, #1582 ),
 ( #3035, #4517 ),
 ( #1217, #2186 ),
 ( #34, #1870 ),
 ( #1163, #2232 ),
 ( #1927, #2560 ),
 ( #4105, #817 ),
 ( #3340, #453 ),
 ( #1497, #12 ),
 ( #2282, #3742 ),
 ( #1185, #65 ),
 ( #4055, #3396 ),
 ( #367, #3369 ),
 ( #2904, #4393 ),
 ( #4487, #2632 ),
 ( #1084, #2541 ),
 ( #1898, #1852 ) ),
 .UNSPECIFIED., .F., .F., .F.,
 ( 4, 1, 1, 1, 1, 1, 1, 1, 1, 1, 1, 1, 1, 1, 1, 1, 4 ),
 ( 2, 2 ),
 ( 0.0000000000000000000, 0.07430379644281456808, 0.1443936103644170854, 0.2104994961032789491, 0.2735426065034672893, 0.3338247445790724077, 0.3925296724085032829, 0.4500874545995854348, 0.5078206115557873934, 0.5654649127768468508, 0.6231487223336193981, 0.6812971927909354797, 0.7409134981565809186, 0.8018557521958581402, 0.8652412377209434124, 0.9309416570467442531, 1.000000000000000000 ),
 ( 0.0000000000000000000, 1.000000000000000000 ),
 .UNSPECIFIED. ) ;
#4195 = VERTEX_POINT ( 'NONE', #2280 ) ;
#4196 = MECHANICAL_DESIGN_GEOMETRIC_PRESENTATION_REPRESENTATION (  '', ( #1116 ), #1358 ) ;
#4197 = CARTESIAN_POINT ( 'NONE',  ( -0.1186960145815371820, 0.7601391270231184771, -0.3199999999999998956 ) ) ;
#4198 = EDGE_CURVE ( 'NONE', #1508, #4175, #1633, .T. ) ;
#4199 = PRESENTATION_LAYER_ASSIGNMENT (  '', '', ( #741 ) ) ;
#4200 = ADVANCED_FACE ( 'NONE', ( #1209 ), #4213, .T. ) ;
#4201 = FILL_AREA_STYLE_COLOUR ( '', #2880 ) ;
#4202 = CARTESIAN_POINT ( 'NONE',  ( 0.06235762851717500249, 0.7105626077389344264, -0.3199999999999998956 ) ) ;
#4203 = VECTOR ( 'NONE', #423, 1000.000000000000000 ) ;
#4204 = CARTESIAN_POINT ( 'NONE',  ( -0.1138220939218995836, 0.7241224781309916203, -0.3200000000000001177 ) ) ;
#4205 = VECTOR ( 'NONE', #195, 1000.000000000000000 ) ;
#4206 = PLANE ( 'NONE',  #2981 ) ;
#4207 = CARTESIAN_POINT ( 'NONE',  ( -0.5000000000000000000, 2.168404344971008868E-16, -0.3999999999999999667 ) ) ;
#4208 = SURFACE_SIDE_STYLE ('',( #1302 ) ) ;
#4209 = VERTEX_POINT ( 'NONE', #87 ) ;
#4210 = STYLED_ITEM ( 'NONE', ( #814 ), #2462 ) ;
#4211 = ORIENTED_EDGE ( 'NONE', *, *, #2233, .F. ) ;
#4212 = PRESENTATION_STYLE_ASSIGNMENT (( #1397 ) ) ;
#4213 = SPHERICAL_SURFACE ( 'NONE', #4324, 0.1599999999999999756 ) ;
#4214 = SURFACE_SIDE_STYLE ('',( #2730 ) ) ;
#4215 = AXIS2_PLACEMENT_3D ( 'NONE', #2621, #355, #1843 ) ;
#4216 = CARTESIAN_POINT ( 'NONE',  ( 0.1249234490930584279, 0.7263964153272444157, -0.3200000000000000622 ) ) ;
#4217 = DIRECTION ( 'NONE',  ( 1.000000000000000000, 1.159574516027277698E-16, -0.0000000000000000000 ) ) ;
#4218 = B_SPLINE_CURVE_WITH_KNOTS ( 'NONE', 3,
 ( #2205, #3987, #1161, #704, #390, #3293, #4053, #2539, #4781, #3634, #4007 ),
 .UNSPECIFIED., .F., .F.,
 ( 4, 1, 1, 1, 1, 1, 1, 1, 4 ),
 ( 0.0000000000000000000, 0.1451868664724696167, 0.2834426109197299426, 0.4165243659288284106, 0.5431811235350820777, 0.6651530826377123340, 0.7813602063127149666, 0.8927566556418078392, 0.9999999999999998890 ),
 .UNSPECIFIED. ) ;
#4219 = FILL_AREA_STYLE ('',( #1626 ) ) ;
#4220 = SURFACE_STYLE_FILL_AREA ( #505 ) ;
#4221 = SURFACE_STYLE_FILL_AREA ( #3684 ) ;
#4222 = MECHANICAL_DESIGN_GEOMETRIC_PRESENTATION_REPRESENTATION (  '', ( #3737 ), #3899 ) ;
#4223 = CARTESIAN_POINT ( 'NONE',  ( 0.8249999999999997335, 0.9349999999999999423, -0.3199999999999999512 ) ) ;
#4224 = EDGE_CURVE ( 'NONE', #358, #3192, #3469, .T. ) ;
#4225 = PRESENTATION_LAYER_ASSIGNMENT (  '', '', ( #1150 ) ) ;
#4226 = CARTESIAN_POINT ( 'NONE',  ( 0.1018243454704651635, 0.7939499220210728403, -0.3190000000000000058 ) ) ;
#4227 = PRESENTATION_STYLE_ASSIGNMENT (( #1219 ) ) ;
#4228 = VECTOR ( 'NONE', #3646, 1000.000000000000000 ) ;
#4229 =( LENGTH_UNIT ( ) NAMED_UNIT ( * ) SI_UNIT ( .MILLI., .METRE. ) );
#4230 = FILL_AREA_STYLE_COLOUR ( '', #914 ) ;
#4231 = CARTESIAN_POINT ( 'NONE',  ( -0.1175426787189327305, 0.7334991241498139969, -0.3189999999999998948 ) ) ;
#4232 = PRESENTATION_STYLE_ASSIGNMENT (( #2748 ) ) ;
#4233 = FILL_AREA_STYLE ('',( #568 ) ) ;
#4234 = ORIENTED_EDGE ( 'NONE', *, *, #4589, .F. ) ;
#4235 = FILL_AREA_STYLE_COLOUR ( '', #2984 ) ;
#4236 = PRESENTATION_LAYER_ASSIGNMENT (  '', '', ( #3992 ) ) ;
#4237 = FILL_AREA_STYLE_COLOUR ( '', #4039 ) ;
#4238 = CARTESIAN_POINT ( 'NONE',  ( 0.09592663662551005610, 0.6989505280260029929, -0.3200000000000000622 ) ) ;
#4239 = CARTESIAN_POINT ( 'NONE',  ( 0.06955904929159185957, 0.6979821586799648259, -0.3199999999999997291 ) ) ;
#4240 = MECHANICAL_DESIGN_GEOMETRIC_PRESENTATION_REPRESENTATION (  '', ( #2762 ), #3077 ) ;
#4241 = CARTESIAN_POINT ( 'NONE',  ( 0.1200224822177615447, 0.7771561406204635647, -0.3189999999999997837 ) ) ;
#4242 = FILL_AREA_STYLE_COLOUR ( '', #3183 ) ;
#4243 = EDGE_CURVE ( 'NONE', #1522, #1692, #1598, .T. ) ;
#4244 = FILL_AREA_STYLE_COLOUR ( '', #1636 ) ;
#4245 = B_SPLINE_CURVE_WITH_KNOTS ( 'NONE', 3,
 ( #425, #4059, #3003, #1905, #3698, #4111, #3637, #1809, #3276, #2189, #4762, #1455, #4397, #1088, #4012, #4537, #3747, #1239, #1315 ),
 .UNSPECIFIED., .F., .F.,
 ( 4, 1, 1, 1, 1, 1, 1, 1, 1, 1, 1, 1, 1, 1, 1, 1, 4 ),
 ( 0.0000000000000000000, 0.07430379644281456808, 0.1443936103644170854, 0.2104994961032789491, 0.2735426065034672893, 0.3338247445790724077, 0.3925296724085032829, 0.4500874545995854348, 0.5078206115557873934, 0.5654649127768468508, 0.6231487223336193981, 0.6812971927909354797, 0.7409134981565809186, 0.8018557521958581402, 0.8652412377209434124, 0.9309416570467442531, 1.000000000000000000 ),
 .UNSPECIFIED. ) ;
#4246 = CARTESIAN_POINT ( 'NONE',  ( -0.06727334798264814064, 0.7983555048805102139, -0.3199999999999999512 ) ) ;
#4247 = SURFACE_STYLE_USAGE ( .BOTH. , #4693 ) ;
#4248 =( GEOMETRIC_REPRESENTATION_CONTEXT ( 3 ) GLOBAL_UNCERTAINTY_ASSIGNED_CONTEXT ( ( #4786 ) ) GLOBAL_UNIT_ASSIGNED_CONTEXT ( ( #3670, #1521, #4365 ) ) REPRESENTATION_CONTEXT ( 'NONE', 'WORKASPACE' ) );
#4249 = VECTOR ( 'NONE', #374, 1000.000000000000000 ) ;
#4250 = CARTESIAN_POINT ( 'NONE',  ( 0.1280200971393031240, 0.7464690719536809516, -0.3189999999999999503 ) ) ;
#4251 = CARTESIAN_POINT ( 'NONE',  ( 0.5000000000000000000, 0.6385640646055102954, -0.3199999999999999512 ) ) ;
#4252 = EDGE_CURVE ( 'NONE', #1729, #4550, #4160, .T. ) ;
#4253 = CARTESIAN_POINT ( 'NONE',  ( -0.1195408784704530269, 0.7496131268317296481, -0.3199999999999999512 ) ) ;
#4254 = CARTESIAN_POINT ( 'NONE',  ( -0.1112193879555332943, 0.7198856204286621097, -0.3189999999999998948 ) ) ;
#4255 = SURFACE_STYLE_USAGE ( .BOTH. , #2051 ) ;
#4256 = DIRECTION ( 'NONE',  ( -0.0000000000000000000, 0.0000000000000000000, 1.000000000000000000 ) ) ;
#4257 = EDGE_CURVE ( 'NONE', #3978, #879, #3847, .T. ) ;
#4258 =( LENGTH_UNIT ( ) NAMED_UNIT ( * ) SI_UNIT ( .MILLI., .METRE. ) );
#4259 = ORIENTED_EDGE ( 'NONE', *, *, #845, .F. ) ;
#4260 =( LENGTH_UNIT ( ) NAMED_UNIT ( * ) SI_UNIT ( .MILLI., .METRE. ) );
#4261 = EDGE_CURVE ( 'NONE', #1467, #2851, #63, .T. ) ;
#4262 = ORIENTED_EDGE ( 'NONE', *, *, #2930, .F. ) ;
#4263 = ORIENTED_EDGE ( 'NONE', *, *, #4068, .F. ) ;
#4264 = FILL_AREA_STYLE ('',( #217 ) ) ;
#4265 = SURFACE_STYLE_FILL_AREA ( #2802 ) ;
#4266 = SURFACE_STYLE_USAGE ( .BOTH. , #2332 ) ;
#4267 = CARTESIAN_POINT ( 'NONE',  ( 0.05948144612006654036, 0.7006897360720404366, -0.3200000000000001177 ) ) ;
#4268 = EDGE_LOOP ( 'NONE', ( #1270, #2167, #2303, #2662 ) ) ;
#4269 = COLOUR_RGB ( '',1.000000000000000000, 1.000000000000000000, 1.000000000000000000 ) ;
#4270 = CARTESIAN_POINT ( 'NONE',  ( 0.1170830521002650115, 0.7812602715991926461, -0.3200000000000000622 ) ) ;
#4271 = SURFACE_STYLE_USAGE ( .BOTH. , #3617 ) ;
#4272 = MECHANICAL_DESIGN_GEOMETRIC_PRESENTATION_REPRESENTATION (  '', ( #1732 ), #1579 ) ;
#4273 =( NAMED_UNIT ( * ) PLANE_ANGLE_UNIT ( ) SI_UNIT ( $, .RADIAN. ) );
#4274 =( NAMED_UNIT ( * ) PLANE_ANGLE_UNIT ( ) SI_UNIT ( $, .RADIAN. ) );
#4275 = ORIENTED_EDGE ( 'NONE', *, *, #1688, .F. ) ;
#4276 = MECHANICAL_DESIGN_GEOMETRIC_PRESENTATION_REPRESENTATION (  '', ( #4506 ), #3030 ) ;
#4277 = STYLED_ITEM ( 'NONE', ( #2817 ), #4498 ) ;
#4278 = LINE ( 'NONE', #2888, #4749 ) ;
#4279 = CARTESIAN_POINT ( 'NONE',  ( 0.1146054629929616486, 0.7472884317097784335, -0.3189999999999999503 ) ) ;
#4280 = CARTESIAN_POINT ( 'NONE',  ( -0.09300173851110714318, 0.7173358180145555929, -0.3200000000000000622 ) ) ;
#4281 = EDGE_CURVE ( 'NONE', #3724, #1340, #4185, .T. ) ;
#4282 = CARTESIAN_POINT ( 'NONE',  ( -0.1046833662116383734, 0.7851822161206432060, -0.3189999999999998948 ) ) ;
#4283 = FILL_AREA_STYLE_COLOUR ( '', #20 ) ;
#4284 =( NAMED_UNIT ( * ) PLANE_ANGLE_UNIT ( ) SI_UNIT ( $, .RADIAN. ) );
#4285 = AXIS2_PLACEMENT_3D ( 'NONE', #1339, #916, #3497 ) ;
#4286 = CARTESIAN_POINT ( 'NONE',  ( 0.1365566825051567901, 0.7093311146366076958, -0.3189999999999999503 ) ) ;
#4287 = ORIENTED_EDGE ( 'NONE', *, *, #1140, .T. ) ;
#4288 = EDGE_CURVE ( 'NONE', #1478, #1350, #4485, .T. ) ;
#4289 = SURFACE_STYLE_USAGE ( .BOTH. , #2014 ) ;
#4290 = VECTOR ( 'NONE', #1376, 1000.000000000000000 ) ;
#4291 =( NAMED_UNIT ( * ) SI_UNIT ( $, .STERADIAN. ) SOLID_ANGLE_UNIT ( ) );
#4292 = DIRECTION ( 'NONE',  ( 0.0000000000000000000, -0.0000000000000000000, 1.000000000000000000 ) ) ;
#4293 = UNCERTAINTY_MEASURE_WITH_UNIT (LENGTH_MEASURE( 1.000000000000000082E-05 ), #4333, 'distance_accuracy_value', 'NONE');
#4294 = DIRECTION ( 'NONE',  ( 1.000000000000000000, 0.0000000000000000000, 0.0000000000000000000 ) ) ;
#4295 = MECHANICAL_DESIGN_GEOMETRIC_PRESENTATION_REPRESENTATION (  '', ( #2962 ), #4442 ) ;
#4296 = SURFACE_STYLE_USAGE ( .BOTH. , #2113 ) ;
#4297 = VERTEX_POINT ( 'NONE', #2729 ) ;
#4298 =( NAMED_UNIT ( * ) PLANE_ANGLE_UNIT ( ) SI_UNIT ( $, .RADIAN. ) );
#4299 = CARTESIAN_POINT ( 'NONE',  ( -0.1727992626167944856, 0.7791481878073394096, -0.3189999999999999503 ) ) ;
#4300 = PRESENTATION_STYLE_ASSIGNMENT (( #1989 ) ) ;
#4301 = VERTEX_POINT ( 'NONE', #552 ) ;
#4302 = ORIENTED_EDGE ( 'NONE', *, *, #4252, .F. ) ;
#4303 = MECHANICAL_DESIGN_GEOMETRIC_PRESENTATION_REPRESENTATION (  '', ( #683 ), #3058 ) ;
#4304 = LINE ( 'NONE', #563, #156 ) ;
#4305 = STYLED_ITEM ( 'NONE', ( #3585 ), #3614 ) ;
#4306 = STYLED_ITEM ( 'NONE', ( #2892 ), #2127 ) ;
#4307 = CARTESIAN_POINT ( 'NONE',  ( -0.1175426787189327305, 0.7334991241498139969, -0.3199999999999998956 ) ) ;
#4308 = EDGE_CURVE ( 'NONE', #2688, #4709, #2015, .T. ) ;
#4309 = PLANE ( 'NONE',  #3593 ) ;
#4310 = COLOUR_RGB ( '',1.000000000000000000, 1.000000000000000000, 1.000000000000000000 ) ;
#4311 = LINE ( 'NONE', #593, #740 ) ;
#4312 = CARTESIAN_POINT ( 'NONE',  ( -0.1723896154141790205, 0.7804579224113405989, -0.3190000000000000058 ) ) ;
#4313 = ORIENTED_EDGE ( 'NONE', *, *, #3532, .T. ) ;
#4314 = VERTEX_POINT ( 'NONE', #3168 ) ;
#4315 = FILL_AREA_STYLE_COLOUR ( '', #2520 ) ;
#4316 =( LENGTH_UNIT ( ) NAMED_UNIT ( * ) SI_UNIT ( .MILLI., .METRE. ) );
#4317 = CARTESIAN_POINT ( 'NONE',  ( -0.05246770773874569888, 0.7873798951244125321, -0.3189999999999999503 ) ) ;
#4318 = CARTESIAN_POINT ( 'NONE',  ( 0.1045176193751271854, 0.7023321432271505405, -0.3200000000000000067 ) ) ;
#4319 = CARTESIAN_POINT ( 'NONE',  ( -0.4999999999999997780, -0.4999999999999996669, -0.3999999999999999667 ) ) ;
#4320 = CARTESIAN_POINT ( 'NONE',  ( 0.08251189653656895717, 0.7994505569364501740, -0.3190000000000000613 ) ) ;
#4321 =( LENGTH_UNIT ( ) NAMED_UNIT ( * ) SI_UNIT ( .MILLI., .METRE. ) );
#4322 = CARTESIAN_POINT ( 'NONE',  ( -0.5324315245957365050, 0.6498565917493318578, 0.03900000000000000688 ) ) ;
#4323 = ADVANCED_FACE ( 'NONE', ( #1375 ), #975, .T. ) ;
#4324 = AXIS2_PLACEMENT_3D ( 'NONE', #3417, #2996, #1258 ) ;
#4325 = ORIENTED_EDGE ( 'NONE', *, *, #4544, .T. ) ;
#4326 = ADVANCED_FACE ( 'NONE', ( #597 ), #950, .T. ) ;
#4327 = VERTEX_POINT ( 'NONE', #4684 ) ;
#4328 = CARTESIAN_POINT ( 'NONE',  ( 0.07327119021512669417, 0.6975001383412887668, -0.3199999999999999512 ) ) ;
#4329 = LINE ( 'NONE', #3157, #1418 ) ;
#4330 = COLOUR_RGB ( '',1.000000000000000000, 1.000000000000000000, 1.000000000000000000 ) ;
#4331 = B_SPLINE_CURVE_WITH_KNOTS ( 'NONE', 3,
 ( #3243, #4361, #3983, #2153, #2875, #4730, #1420, #1053, #1931, #559, #3796 ),
 .UNSPECIFIED., .F., .F.,
 ( 4, 1, 1, 1, 1, 1, 1, 1, 4 ),
 ( 0.0000000000000000000, 0.1352946047634291382, 0.2667656579247484894, 0.3948160188358721956, 0.5200516544342458358, 0.6421757029708213826, 0.7626518205584238430, 0.8818340043805024120, 1.000000000000000000 ),
 .UNSPECIFIED. ) ;
#4332 = CARTESIAN_POINT ( 'NONE',  ( -0.1138200118922663429, 0.7739660428452636021, -0.3190000000000000058 ) ) ;
#4333 =( LENGTH_UNIT ( ) NAMED_UNIT ( * ) SI_UNIT ( .MILLI., .METRE. ) );
#4334 = CARTESIAN_POINT ( 'NONE',  ( 0.05442586558792947282, 0.7959347214045732199, -0.3200000000000000067 ) ) ;
#4335 = UNCERTAINTY_MEASURE_WITH_UNIT (LENGTH_MEASURE( 1.000000000000000082E-05 ), #1009, 'distance_accuracy_value', 'NONE');
#4336 = ORIENTED_EDGE ( 'NONE', *, *, #3317, .F. ) ;
#4337 = ORIENTED_EDGE ( 'NONE', *, *, #1337, .T. ) ;
#4338 = FILL_AREA_STYLE_COLOUR ( '', #2073 ) ;
#4339 = CARTESIAN_POINT ( 'NONE',  ( -0.1268579516411847130, 0.6983555048805101251, -0.3199999999999999512 ) ) ;
#4340 = CARTESIAN_POINT ( 'NONE',  ( 0.08114509713930312396, 0.6971359926853881728, -0.3189999999999999503 ) ) ;
#4341 = LINE ( 'NONE', #3495, #2825 ) ;
#4342 = SURFACE_SIDE_STYLE ('',( #246 ) ) ;
#4343 = FACE_OUTER_BOUND ( 'NONE', #3079, .T. ) ;
#4344 =( LENGTH_UNIT ( ) NAMED_UNIT ( * ) SI_UNIT ( .MILLI., .METRE. ) );
#4345 = EDGE_LOOP ( 'NONE', ( #2914, #432 ) ) ;
#4346 = EDGE_CURVE ( 'NONE', #4014, #1540, #101, .T. ) ;
#4347 =( GEOMETRIC_REPRESENTATION_CONTEXT ( 3 ) GLOBAL_UNCERTAINTY_ASSIGNED_CONTEXT ( ( #1110 ) ) GLOBAL_UNIT_ASSIGNED_CONTEXT ( ( #4099, #4524, #1949 ) ) REPRESENTATION_CONTEXT ( 'NONE', 'WORKASPACE' ) );
#4348 = EDGE_CURVE ( 'NONE', #709, #770, #4331, .T. ) ;
#4349 =( LENGTH_UNIT ( ) NAMED_UNIT ( * ) SI_UNIT ( .MILLI., .METRE. ) );
#4350 = ADVANCED_FACE ( 'NONE', ( #1655 ), #821, .T. ) ;
#4351 =( GEOMETRIC_REPRESENTATION_CONTEXT ( 3 ) GLOBAL_UNCERTAINTY_ASSIGNED_CONTEXT ( ( #1356 ) ) GLOBAL_UNIT_ASSIGNED_CONTEXT ( ( #1550, #4566, #1189 ) ) REPRESENTATION_CONTEXT ( 'NONE', 'WORKASPACE' ) );
#4352 = PRESENTATION_STYLE_ASSIGNMENT (( #1439 ) ) ;
#4353 = CARTESIAN_POINT ( 'NONE',  ( -0.08303473967100383213, 0.7965660033089232428, -0.3189999999999999503 ) ) ;
#4354 = FILL_AREA_STYLE_COLOUR ( '', #2488 ) ;
#4355 = CARTESIAN_POINT ( 'NONE',  ( -0.06721618334850178178, 0.7873798951244125321, -0.3199999999999999512 ) ) ;
#4356 = CARTESIAN_POINT ( 'NONE',  ( 0.5000000000000000000, 0.5000000000000001110, -0.3999999999999999667 ) ) ;
#4357 = STYLED_ITEM ( 'NONE', ( #742 ), #4520 ) ;
#4358 = ORIENTED_EDGE ( 'NONE', *, *, #1143, .F. ) ;
#4359 = FILL_AREA_STYLE_COLOUR ( '', #4140 ) ;
#4360 = ORIENTED_EDGE ( 'NONE', *, *, #1673, .T. ) ;
#4361 = CARTESIAN_POINT ( 'NONE',  ( 0.07808923191199575176, 0.7081274564962278806, -0.3189999999999999503 ) ) ;
#4362 = CARTESIAN_POINT ( 'NONE',  ( -0.1055341476674345608, 0.7581547808322036675, -0.3199999999999999512 ) ) ;
#4363 = SPHERICAL_SURFACE ( 'NONE', #2574, 0.1599999999999999756 ) ;
#4364 = DIRECTION ( 'NONE',  ( 0.0000000000000000000, 0.0000000000000000000, 1.000000000000000000 ) ) ;
#4365 =( NAMED_UNIT ( * ) SI_UNIT ( $, .STERADIAN. ) SOLID_ANGLE_UNIT ( ) );
#4366 = MECHANICAL_DESIGN_GEOMETRIC_PRESENTATION_REPRESENTATION (  '', ( #339 ), #4597 ) ;
#4367 = DIRECTION ( 'NONE',  ( 0.0000000000000000000, 0.0000000000000000000, 1.000000000000000000 ) ) ;
#4368 = SURFACE_SIDE_STYLE ('',( #1059 ) ) ;
#4369 = SURFACE_SIDE_STYLE ('',( #2540 ) ) ;
#4370 = CARTESIAN_POINT ( 'NONE',  ( 0.07080510485231590601, 0.7882277975556335470, -0.3190000000000001168 ) ) ;
#4371 = CARTESIAN_POINT ( 'NONE',  ( -0.1646628296899652066, 0.7983555048805102139, -0.3189999999999999503 ) ) ;
#4372 = ORIENTED_EDGE ( 'NONE', *, *, #4650, .T. ) ;
#4373 = UNCERTAINTY_MEASURE_WITH_UNIT (LENGTH_MEASURE( 1.000000000000000082E-05 ), #4592, 'distance_accuracy_value', 'NONE');
#4374 = PLANE ( 'NONE',  #1805 ) ;
#4375 = PRESENTATION_LAYER_ASSIGNMENT (  '', '', ( #2896 ) ) ;
#4376 = CARTESIAN_POINT ( 'NONE',  ( -0.1544113052997213020, 0.7373798951244125988, -0.3189999999999999503 ) ) ;
#4377 = CARTESIAN_POINT ( 'NONE',  ( 1.253894210681489570E-16, -0.3614359353944897602, -0.3199999999999999512 ) ) ;
#4378 = FILL_AREA_STYLE ('',( #4354 ) ) ;
#4379 = LINE ( 'NONE', #3704, #3188 ) ;
#4380 = CARTESIAN_POINT ( 'NONE',  ( 0.1106056800769174703, 0.7679704155766360341, -0.3200000000000000622 ) ) ;
#4381 = VERTEX_POINT ( 'NONE', #2385 ) ;
#4382 = DIRECTION ( 'NONE',  ( 1.000000000000000000, 0.0000000000000000000, 0.0000000000000000000 ) ) ;
#4383 = STYLED_ITEM ( 'NONE', ( #4212 ), #3682 ) ;
#4384 = VERTEX_POINT ( 'NONE', #3824 ) ;
#4385 = MECHANICAL_DESIGN_GEOMETRIC_PRESENTATION_REPRESENTATION (  '', ( #1456 ), #29 ) ;
#4386 =( NAMED_UNIT ( * ) SI_UNIT ( $, .STERADIAN. ) SOLID_ANGLE_UNIT ( ) );
#4387 = FILL_AREA_STYLE ('',( #414 ) ) ;
#4388 = EDGE_LOOP ( 'NONE', ( #1432, #1660, #611, #3888 ) ) ;
#4389 = CARTESIAN_POINT ( 'NONE',  ( 0.1279276798474859866, 0.7411107457183017111, -0.3200000000000000067 ) ) ;
#4390 =( NAMED_UNIT ( * ) PLANE_ANGLE_UNIT ( ) SI_UNIT ( $, .RADIAN. ) );
#4391 = STYLED_ITEM ( 'NONE', ( #991 ), #3965 ) ;
#4392 = CARTESIAN_POINT ( 'NONE',  ( 0.0000000000000000000, 0.3614359353944900932, -0.3199999999999999512 ) ) ;
#4393 = CARTESIAN_POINT ( 'NONE',  ( -0.07548476260310219010, 0.7868479945638204853, -0.3200000000000000067 ) ) ;
#4394 = CARTESIAN_POINT ( 'NONE',  ( 1.084202172485504434E-16, 2.168404344971008868E-16, -0.3999999999999999667 ) ) ;
#4395 = UNCERTAINTY_MEASURE_WITH_UNIT (LENGTH_MEASURE( 1.000000000000000082E-05 ), #4344, 'distance_accuracy_value', 'NONE');
#4396 = ADVANCED_FACE ( 'NONE', ( #3102 ), #3746, .F. ) ;
#4397 = CARTESIAN_POINT ( 'NONE',  ( -0.08641963047931669473, 0.7837108865098872945, -0.3189999999999998948 ) ) ;
#4398 = STYLED_ITEM ( 'NONE', ( #32 ), #4157 ) ;
#4399 = LINE ( 'NONE', #2955, #1095 ) ;
#4400 = EDGE_LOOP ( 'NONE', ( #3838, #2455, #3680, #3730 ) ) ;
#4401 = UNCERTAINTY_MEASURE_WITH_UNIT (LENGTH_MEASURE( 1.000000000000000082E-05 ), #1726, 'distance_accuracy_value', 'NONE');
#4402 = DIRECTION ( 'NONE',  ( 0.0000000000000000000, 1.000000000000000000, 1.101483645958869429E-13 ) ) ;
#4403 = SURFACE_STYLE_USAGE ( .BOTH. , #465 ) ;
#4404 = CARTESIAN_POINT ( 'NONE',  ( 0.1087740100548216099, 0.7713730335854142028, -0.3199999999999998401 ) ) ;
#4405 = ORIENTED_EDGE ( 'NONE', *, *, #4261, .F. ) ;
#4406 = SURFACE_STYLE_USAGE ( .BOTH. , #720 ) ;
#4407 = EDGE_CURVE ( 'NONE', #2313, #1178, #3110, .T. ) ;
#4408 = CARTESIAN_POINT ( 'NONE',  ( 0.03411765811491286604, 0.6983555048805101251, -0.3189999999999999503 ) ) ;
#4409 = VECTOR ( 'NONE', #4419, 1000.000000000000000 ) ;
#4410 = DIRECTION ( 'NONE',  ( 0.0000000000000000000, -1.000000000000000000, 0.0000000000000000000 ) ) ;
#4411 = ADVANCED_FACE ( 'NONE', ( #2708, #853 ), #1707, .T. ) ;
#4412 = DIRECTION ( 'NONE',  ( 1.000000000000000000, 0.0000000000000000000, 0.0000000000000000000 ) ) ;
#4413 = ORIENTED_EDGE ( 'NONE', *, *, #245, .F. ) ;
#4414 = CARTESIAN_POINT ( 'NONE',  ( -0.01954087847045300405, 0.6983555048805101251, -0.3189999999999999503 ) ) ;
#4415 = PRESENTATION_STYLE_ASSIGNMENT (( #394 ) ) ;
#4416 = CARTESIAN_POINT ( 'NONE',  ( -0.8250000000000001776, 0.9349999999999999423, 0.04000000000000000083 ) ) ;
#4417 =( LENGTH_UNIT ( ) NAMED_UNIT ( * ) SI_UNIT ( .MILLI., .METRE. ) );
#4418 =( NAMED_UNIT ( * ) SI_UNIT ( $, .STERADIAN. ) SOLID_ANGLE_UNIT ( ) );
#4419 = DIRECTION ( 'NONE',  ( 0.0000000000000000000, 1.000000000000000000, 0.0000000000000000000 ) ) ;
#4420 = ORIENTED_EDGE ( 'NONE', *, *, #172, .F. ) ;
#4421 =( GEOMETRIC_REPRESENTATION_CONTEXT ( 3 ) GLOBAL_UNCERTAINTY_ASSIGNED_CONTEXT ( ( #1454 ) ) GLOBAL_UNIT_ASSIGNED_CONTEXT ( ( #864, #3442, #3709 ) ) REPRESENTATION_CONTEXT ( 'NONE', 'WORKASPACE' ) );
#4422 = FILL_AREA_STYLE_COLOUR ( '', #2654 ) ;
#4423 = CARTESIAN_POINT ( 'NONE',  ( 0.1146054629929616486, 0.7472884317097784335, -0.3189999999999999503 ) ) ;
#4424 = AXIS2_PLACEMENT_3D ( 'NONE', #2252, #4134, #1233 ) ;
#4425 = CARTESIAN_POINT ( 'NONE',  ( -0.1878526162753310635, 0.7373798951244125988, -0.3189999999999999503 ) ) ;
#4426 = SURFACE_SIDE_STYLE ('',( #3644 ) ) ;
#4427 =( GEOMETRIC_REPRESENTATION_CONTEXT ( 3 ) GLOBAL_UNCERTAINTY_ASSIGNED_CONTEXT ( ( #2967 ) ) GLOBAL_UNIT_ASSIGNED_CONTEXT ( ( #2262, #4084, #4418 ) ) REPRESENTATION_CONTEXT ( 'NONE', 'WORKASPACE' ) );
#4428 = ORIENTED_EDGE ( 'NONE', *, *, #1491, .T. ) ;
#4429 = DIRECTION ( 'NONE',  ( -0.0000000000000000000, -0.0000000000000000000, -1.000000000000000000 ) ) ;
#4430 = UNCERTAINTY_MEASURE_WITH_UNIT (LENGTH_MEASURE( 1.000000000000000082E-05 ), #2479, 'distance_accuracy_value', 'NONE');
#4431 = VECTOR ( 'NONE', #22, 1000.000000000000000 ) ;
#4432 = CARTESIAN_POINT ( 'NONE',  ( -0.1544113052997213020, 0.7373798951244125988, -0.3189999999999999503 ) ) ;
#4433 = COLOUR_RGB ( '',1.000000000000000000, 1.000000000000000000, 1.000000000000000000 ) ;
#4434 = LINE ( 'NONE', #3734, #2508 ) ;
#4435 = PRESENTATION_STYLE_ASSIGNMENT (( #4027 ) ) ;
#4436 = EDGE_LOOP ( 'NONE', ( #1566, #205, #3808, #859 ) ) ;
#4437 = EDGE_CURVE ( 'NONE', #1050, #127, #1274, .T. ) ;
#4438 = PRESENTATION_STYLE_ASSIGNMENT (( #3311 ) ) ;
#4439 = SURFACE_STYLE_USAGE ( .BOTH. , #4369 ) ;
#4440 = FACE_OUTER_BOUND ( 'NONE', #3607, .T. ) ;
#4441 = ORIENTED_EDGE ( 'NONE', *, *, #368, .T. ) ;
#4442 =( GEOMETRIC_REPRESENTATION_CONTEXT ( 3 ) GLOBAL_UNCERTAINTY_ASSIGNED_CONTEXT ( ( #1220 ) ) GLOBAL_UNIT_ASSIGNED_CONTEXT ( ( #2156, #2108, #240 ) ) REPRESENTATION_CONTEXT ( 'NONE', 'WORKASPACE' ) );
#4443 = CARTESIAN_POINT ( 'NONE',  ( 0.07373007527992628263, 0.7995504116256032523, -0.3200000000000000067 ) ) ;
#4444 = MECHANICAL_DESIGN_GEOMETRIC_PRESENTATION_REPRESENTATION (  '', ( #109 ), #2201 ) ;
#4445 = CARTESIAN_POINT ( 'NONE',  ( -0.1175435331663085836, 0.7650258028178347214, -0.3190000000000001168 ) ) ;
#4446 = SURFACE_STYLE_USAGE ( .BOTH. , #2959 ) ;
#4447 = CARTESIAN_POINT ( 'NONE',  ( 0.1071868992874154963, 0.7214129612096604749, -0.3189999999999998948 ) ) ;
#4448 = LINE ( 'NONE', #1148, #1509 ) ;
#4449 =( NAMED_UNIT ( * ) SI_UNIT ( $, .STERADIAN. ) SOLID_ANGLE_UNIT ( ) );
#4450 = ADVANCED_FACE ( 'NONE', ( #160 ), #3844, .T. ) ;
#4451 = ORIENTED_EDGE ( 'NONE', *, *, #1789, .T. ) ;
#4452 = CIRCLE ( 'NONE', #3971, 0.1385640646055101566 ) ;
#4453 = CARTESIAN_POINT ( 'NONE',  ( -0.06666359188508712286, 0.7093311146366076958, -0.3199999999999999512 ) ) ;
#4454 = DIRECTION ( 'NONE',  ( 1.000000000000000000, 0.0000000000000000000, 0.0000000000000000000 ) ) ;
#4455 = CARTESIAN_POINT ( 'NONE',  ( 0.07929677396857140459, 0.7081116024414857435, -0.3189999999999999503 ) ) ;
#4456 = CARTESIAN_POINT ( 'NONE',  ( 0.09215392884147403929, 0.7858844877586887989, -0.3189999999999999503 ) ) ;
#4457 = VERTEX_POINT ( 'NONE', #4726 ) ;
#4458 =( GEOMETRIC_REPRESENTATION_CONTEXT ( 3 ) GLOBAL_UNCERTAINTY_ASSIGNED_CONTEXT ( ( #3718 ) ) GLOBAL_UNIT_ASSIGNED_CONTEXT ( ( #623, #2080, #973 ) ) REPRESENTATION_CONTEXT ( 'NONE', 'WORKASPACE' ) );
#4459 = CIRCLE ( 'NONE', #124, 0.1599999999999999756 ) ;
#4460 = ORIENTED_EDGE ( 'NONE', *, *, #2834, .T. ) ;
#4461 =( NAMED_UNIT ( * ) SI_UNIT ( $, .STERADIAN. ) SOLID_ANGLE_UNIT ( ) );
#4462 =( NAMED_UNIT ( * ) PLANE_ANGLE_UNIT ( ) SI_UNIT ( $, .RADIAN. ) );
#4463 = CARTESIAN_POINT ( 'NONE',  ( 0.1145234234466263601, 0.7429708241608273811, -0.3199999999999999512 ) ) ;
#4464 = VECTOR ( 'NONE', #615, 1000.000000000000000 ) ;
#4465 = DIRECTION ( 'NONE',  ( -0.0000000000000000000, -0.0000000000000000000, -1.000000000000000000 ) ) ;
#4466 = PRESENTATION_LAYER_ASSIGNMENT (  '', '', ( #3064 ) ) ;
#4467 = UNCERTAINTY_MEASURE_WITH_UNIT (LENGTH_MEASURE( 1.000000000000000082E-05 ), #4316, 'distance_accuracy_value', 'NONE');
#4468 = ORIENTED_EDGE ( 'NONE', *, *, #3856, .T. ) ;
#4469 = VERTEX_POINT ( 'NONE', #3926 ) ;
#4470 = EDGE_CURVE ( 'NONE', #3271, #1988, #3213, .T. ) ;
#4471 = ORIENTED_EDGE ( 'NONE', *, *, #4017, .T. ) ;
#4472 = ADVANCED_FACE ( 'NONE', ( #329 ), #3999, .T. ) ;
#4473 = ORIENTED_EDGE ( 'NONE', *, *, #348, .F. ) ;
#4474 = CARTESIAN_POINT ( 'NONE',  ( 0.07929677396857140459, 0.7081116024414857435, -0.3189999999999999503 ) ) ;
#4475 = CARTESIAN_POINT ( 'NONE',  ( -0.01466282968996519831, 0.7544530658561199310, -0.3199999999999999512 ) ) ;
#4476 = ORIENTED_EDGE ( 'NONE', *, *, #468, .T. ) ;
#4477 =( LENGTH_UNIT ( ) NAMED_UNIT ( * ) SI_UNIT ( .MILLI., .METRE. ) );
#4478 = CARTESIAN_POINT ( 'NONE',  ( 0.5000000000000001110, 0.1385640646055102676, -0.3199999999999999512 ) ) ;
#4479 = FILL_AREA_STYLE_COLOUR ( '', #512 ) ;
#4480 = DIRECTION ( 'NONE',  ( 0.0000000000000000000, -1.000000000000000000, 0.0000000000000000000 ) ) ;
#4481 = PRESENTATION_LAYER_ASSIGNMENT (  '', '', ( #1714 ) ) ;
#4482 = CARTESIAN_POINT ( 'NONE',  ( 0.09215392884147403929, 0.7858844877586887989, -0.3189999999999999503 ) ) ;
#4483 = PRESENTATION_LAYER_ASSIGNMENT (  '', '', ( #714 ) ) ;
#4484 = VECTOR ( 'NONE', #1716, 1000.000000000000000 ) ;
#4485 = LINE ( 'NONE', #3095, #3153 ) ;
#4486 = CARTESIAN_POINT ( 'NONE',  ( -0.05246770773874569888, 0.7873798951244125321, -0.3199999999999999512 ) ) ;
#4487 = CARTESIAN_POINT ( 'NONE',  ( -0.07141872851956725110, 0.7872934215415825498, -0.3189999999999998948 ) ) ;
#4488 = SURFACE_STYLE_USAGE ( .BOTH. , #2634 ) ;
#4489 = CARTESIAN_POINT ( 'NONE',  ( 0.05362985323686408207, 0.7035384317097784779, -0.3189999999999999503 ) ) ;
#4490 = DIRECTION ( 'NONE',  ( 1.000000000000000000, 0.0000000000000000000, 0.0000000000000000000 ) ) ;
#4491 = ORIENTED_EDGE ( 'NONE', *, *, #888, .F. ) ;
#4492 =( NAMED_UNIT ( * ) SI_UNIT ( $, .STERADIAN. ) SOLID_ANGLE_UNIT ( ) );
#4493 = FACE_OUTER_BOUND ( 'NONE', #2530, .T. ) ;
#4494 = EDGE_LOOP ( 'NONE', ( #1362, #3923, #1832, #2874 ) ) ;
#4495 = EDGE_CURVE ( 'NONE', #3720, #1819, #1773, .T. ) ;
#4496 = PLANE ( 'NONE',  #2266 ) ;
#4497 = CARTESIAN_POINT ( 'NONE',  ( 0.05639545737323976154, 0.7129563226883298688, -0.3199999999999999512 ) ) ;
#4498 = ADVANCED_FACE ( 'NONE', ( #3283 ), #3406, .T. ) ;
#4499 = EDGE_LOOP ( 'NONE', ( #713, #1212, #1372, #3991 ) ) ;
#4500 = CARTESIAN_POINT ( 'NONE',  ( 0.0000000000000000000, 0.5000000000000002220, -0.3199999999999999512 ) ) ;
#4501 = MECHANICAL_DESIGN_GEOMETRIC_PRESENTATION_REPRESENTATION (  '', ( #2937 ), #4421 ) ;
#4502 = FILL_AREA_STYLE_COLOUR ( '', #2204 ) ;
#4503 = CARTESIAN_POINT ( 'NONE',  ( 0.07570827406258651138, 0.7081587165553516749, -0.3189999999999998948 ) ) ;
#4504 = SURFACE_STYLE_USAGE ( .BOTH. , #141 ) ;
#4505 = EDGE_LOOP ( 'NONE', ( #775, #3687, #696, #3488 ) ) ;
#4506 = STYLED_ITEM ( 'NONE', ( #4690 ), #258 ) ;
#4507 = SURFACE_SIDE_STYLE ('',( #4101 ) ) ;
#4508 = CARTESIAN_POINT ( 'NONE',  ( 0.07704829835881529809, 0.7885994073195344845, -0.3189999999999999503 ) ) ;
#4509 = MECHANICAL_DESIGN_GEOMETRIC_PRESENTATION_REPRESENTATION (  '', ( #3802 ), #2109 ) ;
#4510 = ORIENTED_EDGE ( 'NONE', *, *, #2833, .F. ) ;
#4511 = FILL_AREA_STYLE_COLOUR ( '', #4767 ) ;
#4512 = ORIENTED_EDGE ( 'NONE', *, *, #3738, .T. ) ;
#4513 =( GEOMETRIC_REPRESENTATION_CONTEXT ( 3 ) GLOBAL_UNCERTAINTY_ASSIGNED_CONTEXT ( ( #1740 ) ) GLOBAL_UNIT_ASSIGNED_CONTEXT ( ( #1796, #716, #2170 ) ) REPRESENTATION_CONTEXT ( 'NONE', 'WORKASPACE' ) );
#4514 = UNCERTAINTY_MEASURE_WITH_UNIT (LENGTH_MEASURE( 1.000000000000000082E-05 ), #2759, 'distance_accuracy_value', 'NONE');
#4515 = ORIENTED_EDGE ( 'NONE', *, *, #573, .T. ) ;
#4516 = ORIENTED_EDGE ( 'NONE', *, *, #3980, .F. ) ;
#4517 = CARTESIAN_POINT ( 'NONE',  ( -0.1055341476674345608, 0.7581547808322036675, -0.3199999999999999512 ) ) ;
#4518 = CARTESIAN_POINT ( 'NONE',  ( -0.1698091307684822526, 0.7805892190837921962, -0.3189999999999998948 ) ) ;
#4519 =( GEOMETRIC_REPRESENTATION_CONTEXT ( 3 ) GLOBAL_UNCERTAINTY_ASSIGNED_CONTEXT ( ( #4549 ) ) GLOBAL_UNIT_ASSIGNED_CONTEXT ( ( #4561, #1623, #2684 ) ) REPRESENTATION_CONTEXT ( 'NONE', 'WORKASPACE' ) );
#4520 = ADVANCED_FACE ( 'NONE', ( #2847 ), #1513, .F. ) ;
#4521 = ORIENTED_EDGE ( 'NONE', *, *, #2860, .T. ) ;
#4522 = ORIENTED_EDGE ( 'NONE', *, *, #4735, .T. ) ;
#4523 = CARTESIAN_POINT ( 'NONE',  ( -0.1702231448273963388, 0.7822182002061291994, -0.3200000000000000067 ) ) ;
#4524 =( NAMED_UNIT ( * ) PLANE_ANGLE_UNIT ( ) SI_UNIT ( $, .RADIAN. ) );
#4525 = ORIENTED_EDGE ( 'NONE', *, *, #2233, .T. ) ;
#4526 = CARTESIAN_POINT ( 'NONE',  ( 0.08494270639143461366, 0.7879521534098058444, -0.3190000000000000613 ) ) ;
#4527 = AXIS2_PLACEMENT_3D ( 'NONE', #4713, #3915, #4364 ) ;
#4528 = DIRECTION ( 'NONE',  ( -0.0000000000000000000, -0.0000000000000000000, -1.000000000000000000 ) ) ;
#4529 = LINE ( 'NONE', #2973, #4815 ) ;
#4530 = CARTESIAN_POINT ( 'NONE',  ( 0.08678563966053357004, 0.7087144677364944911, -0.3189999999999998392 ) ) ;
#4531 = VECTOR ( 'NONE', #2046, 1000.000000000000000 ) ;
#4532 = CARTESIAN_POINT ( 'NONE',  ( 1.084202172485504434E-16, -0.4999999999999998890, -0.3999999999999999667 ) ) ;
#4534 = ORIENTED_EDGE ( 'NONE', *, *, #1578, .F. ) ;
#4533 = COLOUR_RGB ( '',1.000000000000000000, 1.000000000000000000, 1.000000000000000000 ) ;
#4535 = COLOUR_RGB ( '',1.000000000000000000, 1.000000000000000000, 1.000000000000000000 ) ;
#4536 = CARTESIAN_POINT ( 'NONE',  ( 0.0000000000000000000, 0.0000000000000000000, -0.3189999999999999503 ) ) ;
#4537 = CARTESIAN_POINT ( 'NONE',  ( -0.07548476260310219010, 0.7868479945638204853, -0.3190000000000000058 ) ) ;
#4538 = CARTESIAN_POINT ( 'NONE',  ( -0.1878526162753310635, 0.7373798951244125988, -0.3189999999999999503 ) ) ;
#4539 = PRESENTATION_LAYER_ASSIGNMENT (  '', '', ( #842 ) ) ;
#4540 = VERTEX_POINT ( 'NONE', #404 ) ;
#4541 = MECHANICAL_DESIGN_GEOMETRIC_PRESENTATION_REPRESENTATION (  '', ( #3064 ), #2066 ) ;
#4542 = FILL_AREA_STYLE_COLOUR ( '', #898 ) ;
#4543 = CARTESIAN_POINT ( 'NONE',  ( -0.07110974189668373135, 0.7094272250792484913, -0.3189999999999998392 ) ) ;
#4544 = EDGE_CURVE ( 'NONE', #1819, #3192, #1482, .T. ) ;
#4545 = VERTEX_POINT ( 'NONE', #3702 ) ;
#4546 = B_SPLINE_SURFACE_WITH_KNOTS ( 'NONE', 3, 1, ( 
 ( #413, #792 ),
 ( #1890, #1562 ),
 ( #1206, #470 ),
 ( #3360, #4523 ),
 ( #82, #26 ),
 ( #1543, #3330 ),
 ( #2300, #2990 ) ),
 .UNSPECIFIED., .F., .F., .F.,
 ( 4, 1, 1, 1, 4 ),
 ( 2, 2 ),
 ( 0.0000000000000000000, 0.3005411131585124518, 0.5677471464835970316, 0.8000336137369759015, 0.9999999999999998890 ),
 ( 0.0000000000000000000, 1.000000000000000000 ),
 .UNSPECIFIED. ) ;
#4547 = CARTESIAN_POINT ( 'NONE',  ( 0.1261021111548696338, 0.7630693536047521430, -0.3189999999999999503 ) ) ;
#4548 = DIRECTION ( 'NONE',  ( 0.0000000000000000000, 1.000000000000000000, 0.0000000000000000000 ) ) ;
#4549 = UNCERTAINTY_MEASURE_WITH_UNIT (LENGTH_MEASURE( 1.000000000000000082E-05 ), #4561, 'distance_accuracy_value', 'NONE');
#4550 = VERTEX_POINT ( 'NONE', #354 ) ;
#4551 =( NAMED_UNIT ( * ) SI_UNIT ( $, .STERADIAN. ) SOLID_ANGLE_UNIT ( ) );
#4552 = CARTESIAN_POINT ( 'NONE',  ( 0.0000000000000000000, 0.0000000000000000000, 0.04000000000000000083 ) ) ;
#4553 = SURFACE_STYLE_USAGE ( .BOTH. , #3842 ) ;
#4554 = FILL_AREA_STYLE ('',( #84 ) ) ;
#4555 =( NAMED_UNIT ( * ) SI_UNIT ( $, .STERADIAN. ) SOLID_ANGLE_UNIT ( ) );
#4556 = VERTEX_POINT ( 'NONE', #4119 ) ;
#4557 = EDGE_CURVE ( 'NONE', #2269, #709, #337, .T. ) ;
#4558 = COLOUR_RGB ( '',1.000000000000000000, 1.000000000000000000, 1.000000000000000000 ) ;
#4559 = DIRECTION ( 'NONE',  ( -0.0000000000000000000, -0.0000000000000000000, -1.000000000000000000 ) ) ;
#4560 = CARTESIAN_POINT ( 'NONE',  ( -0.5898099180248681517, 0.6498565917493318578, 0.03900000000000000688 ) ) ;
#4561 =( LENGTH_UNIT ( ) NAMED_UNIT ( * ) SI_UNIT ( .MILLI., .METRE. ) );
#4562 = CARTESIAN_POINT ( 'NONE',  ( 0.1084108522232593991, 0.7046655362666024436, -0.3190000000000000058 ) ) ;
#4563 = CARTESIAN_POINT ( 'NONE',  ( 0.1279888422901227230, 0.7446569253839951941, -0.3189999999999998948 ) ) ;
#4564 = ADVANCED_FACE ( 'NONE', ( #2960 ), #4496, .T. ) ;
#4565 = CIRCLE ( 'NONE', #558, 0.1599999999999999756 ) ;
#4566 =( NAMED_UNIT ( * ) PLANE_ANGLE_UNIT ( ) SI_UNIT ( $, .RADIAN. ) );
#4567 = PRESENTATION_STYLE_ASSIGNMENT (( #1627 ) ) ;
#4568 = EDGE_LOOP ( 'NONE', ( #3318, #2910, #1882, #1609 ) ) ;
#4569 = CARTESIAN_POINT ( 'NONE',  ( -0.06911053438928309312, 0.7983145556852518920, -0.3199999999999998401 ) ) ;
#4570 = ORIENTED_EDGE ( 'NONE', *, *, #4605, .F. ) ;
#4571 = DIRECTION ( 'NONE',  ( -0.3635424856527061932, -0.9315776194850602376, 0.0000000000000000000 ) ) ;
#4572 = CARTESIAN_POINT ( 'NONE',  ( -0.09573857799637375265, 0.7198033240857666382, -0.3200000000000000067 ) ) ;
#4573 = CARTESIAN_POINT ( 'NONE',  ( 0.1200224822177615447, 0.7771561406204635647, -0.3189999999999997837 ) ) ;
#4574 = CARTESIAN_POINT ( 'NONE',  ( -0.09300173851110714318, 0.7173358180145555929, -0.3190000000000000613 ) ) ;
#4575 = ORIENTED_EDGE ( 'NONE', *, *, #1539, .F. ) ;
#4576 = LINE ( 'NONE', #4599, #3833 ) ;
#4577 = ORIENTED_EDGE ( 'NONE', *, *, #1488, .T. ) ;
#4578 = DIRECTION ( 'NONE',  ( 1.000000000000000000, 0.0000000000000000000, 0.0000000000000000000 ) ) ;
#4579 = DIRECTION ( 'NONE',  ( 1.000000000000000000, 0.0000000000000000000, 0.0000000000000000000 ) ) ;
#4580 = SURFACE_SIDE_STYLE ('',( #2676 ) ) ;
#4581 = ORIENTED_EDGE ( 'NONE', *, *, #1688, .T. ) ;
#4582 = AXIS2_PLACEMENT_3D ( 'NONE', #4356, #2570, #380 ) ;
#4583 = CARTESIAN_POINT ( 'NONE',  ( 0.08494270639143461366, 0.7879521534098058444, -0.3200000000000000622 ) ) ;
#4584 = DIRECTION ( 'NONE',  ( 0.0000000000000000000, -1.000000000000000000, 0.0000000000000000000 ) ) ;
#4585 = PRESENTATION_STYLE_ASSIGNMENT (( #3096 ) ) ;
#4586 = CARTESIAN_POINT ( 'NONE',  ( 0.1108570956713038069, 0.7276761804584658266, -0.3199999999999998956 ) ) ;
#4587 = CARTESIAN_POINT ( 'NONE',  ( 0.08288100329445327596, 0.6971747083938734102, -0.3199999999999999512 ) ) ;
#4588 = SURFACE_SIDE_STYLE ('',( #3098 ) ) ;
#4589 = EDGE_CURVE ( 'NONE', #3567, #1423, #279, .T. ) ;
#4590 = VECTOR ( 'NONE', #500, 1000.000000000000000 ) ;
#4592 =( LENGTH_UNIT ( ) NAMED_UNIT ( * ) SI_UNIT ( .MILLI., .METRE. ) );
#4591 = B_SPLINE_SURFACE_WITH_KNOTS ( 'NONE', 3, 1, ( 
 ( #3412, #1919 ),
 ( #3387, #1563 ),
 ( #4153, #3090 ),
 ( #2125, #1774 ),
 ( #3953, #2868 ),
 ( #2077, #4727 ),
 ( #993, #2848 ),
 ( #3136, #1415 ),
 ( #2483, #666 ),
 ( #3554, #4334 ),
 ( #4627, #3528 ) ),
 .UNSPECIFIED., .F., .F., .F.,
 ( 4, 1, 1, 1, 1, 1, 1, 1, 4 ),
 ( 2, 2 ),
 ( 0.0000000000000000000, 0.1451868664724696167, 0.2834426109197299426, 0.4165243659288284106, 0.5431811235350820777, 0.6651530826377123340, 0.7813602063127149666, 0.8927566556418078392, 0.9999999999999998890 ),
 ( 0.0000000000000000000, 1.000000000000000000 ),
 .UNSPECIFIED. ) ;
#4593 = CARTESIAN_POINT ( 'NONE',  ( -0.06624438456801395869, 0.6983555048805101251, -0.3200000000000001177 ) ) ;
#4594 = VECTOR ( 'NONE', #2052, 1000.000000000000000 ) ;
#4595 = DIRECTION ( 'NONE',  ( -2.355146375994615261E-13, -4.266884237444730878E-13, -1.000000000000000000 ) ) ;
#4596 = CARTESIAN_POINT ( 'NONE',  ( -0.1693312748119164268, 0.7791481878073394096, -0.3189999999999999503 ) ) ;
#4597 =( GEOMETRIC_REPRESENTATION_CONTEXT ( 3 ) GLOBAL_UNCERTAINTY_ASSIGNED_CONTEXT ( ( #3218 ) ) GLOBAL_UNIT_ASSIGNED_CONTEXT ( ( #151, #4273, #3107 ) ) REPRESENTATION_CONTEXT ( 'NONE', 'WORKASPACE' ) );
#4598 = ORIENTED_EDGE ( 'NONE', *, *, #3723, .T. ) ;
#4599 = CARTESIAN_POINT ( 'NONE',  ( 0.8249999999999997335, 0.9349999999999999423, 0.04000000000000000083 ) ) ;
#4600 = COLOUR_RGB ( '',1.000000000000000000, 1.000000000000000000, 1.000000000000000000 ) ;
#4601 = PLANE ( 'NONE',  #3061 ) ;
#4602 = CARTESIAN_POINT ( 'NONE',  ( -0.1195004917501885089, 0.7477243683810946839, -0.3199999999999999512 ) ) ;
#4603 = CARTESIAN_POINT ( 'NONE',  ( 0.05362985323686408207, 0.7145140414658759376, -0.3199999999999999512 ) ) ;
#4604 = FACE_BOUND ( 'NONE', #1077, .T. ) ;
#4605 = EDGE_CURVE ( 'NONE', #490, #3147, #902, .T. ) ;
#4606 = MECHANICAL_DESIGN_GEOMETRIC_PRESENTATION_REPRESENTATION (  '', ( #3662 ), #272 ) ;
#4607 = ORIENTED_EDGE ( 'NONE', *, *, #3101, .F. ) ;
#4608 = FACE_OUTER_BOUND ( 'NONE', #1888, .T. ) ;
#4609 = CARTESIAN_POINT ( 'NONE',  ( -0.08262680944035902253, 0.7002173479173865456, -0.3189999999999998948 ) ) ;
#4610 = SPHERICAL_SURFACE ( 'NONE', #2378, 0.1599999999999999756 ) ;
#4611 = DIRECTION ( 'NONE',  ( 0.0000000000000000000, -0.0000000000000000000, 1.000000000000000000 ) ) ;
#4612 = SURFACE_STYLE_FILL_AREA ( #1261 ) ;
#4613 = DIRECTION ( 'NONE',  ( -0.0000000000000000000, -0.0000000000000000000, -1.000000000000000000 ) ) ;
#4614 = ORIENTED_EDGE ( 'NONE', *, *, #3279, .F. ) ;
#4615 = CIRCLE ( 'NONE', #833, 0.1599999999999999756 ) ;
#4616 =( LENGTH_UNIT ( ) NAMED_UNIT ( * ) SI_UNIT ( .MILLI., .METRE. ) );
#4617 = CARTESIAN_POINT ( 'NONE',  ( -0.1159160343213750111, 0.7696358890599325209, -0.3189999999999998392 ) ) ;
#4618 = AXIS2_PLACEMENT_3D ( 'NONE', #2773, #4256, #2415 ) ;
#4619 = DIRECTION ( 'NONE',  ( -1.159574516027277451E-16, 1.000000000000000000, 0.0000000000000000000 ) ) ;
#4620 = MECHANICAL_DESIGN_GEOMETRIC_PRESENTATION_REPRESENTATION (  '', ( #4699 ), #3523 ) ;
#4621 =( GEOMETRIC_REPRESENTATION_CONTEXT ( 3 ) GLOBAL_UNCERTAINTY_ASSIGNED_CONTEXT ( ( #4649 ) ) GLOBAL_UNIT_ASSIGNED_CONTEXT ( ( #591, #882, #542 ) ) REPRESENTATION_CONTEXT ( 'NONE', 'WORKASPACE' ) );
#4622 = EDGE_CURVE ( 'NONE', #3911, #2798, #918, .T. ) ;
#4623 = SURFACE_SIDE_STYLE ('',( #2844 ) ) ;
#4624 = COLOUR_RGB ( '',1.000000000000000000, 1.000000000000000000, 1.000000000000000000 ) ;
#4625 = EDGE_CURVE ( 'NONE', #1945, #4116, #104, .T. ) ;
#4626 = DIRECTION ( 'NONE',  ( 0.0000000000000000000, -0.0000000000000000000, -1.000000000000000000 ) ) ;
#4627 = CARTESIAN_POINT ( 'NONE',  ( 0.05362985323686408207, 0.7956116024414856547, -0.3189999999999999503 ) ) ;
#4628 =( NAMED_UNIT ( * ) SI_UNIT ( $, .STERADIAN. ) SOLID_ANGLE_UNIT ( ) );
#4629 =( NAMED_UNIT ( * ) PLANE_ANGLE_UNIT ( ) SI_UNIT ( $, .RADIAN. ) );
#4630 = ORIENTED_EDGE ( 'NONE', *, *, #2860, .F. ) ;
#4631 = VERTEX_POINT ( 'NONE', #3831 ) ;
#4632 = SURFACE_SIDE_STYLE ('',( #2060 ) ) ;
#4633 = FACE_OUTER_BOUND ( 'NONE', #2131, .T. ) ;
#4634 = VECTOR ( 'NONE', #2703, 1000.000000000000000 ) ;
#4635 = SURFACE_STYLE_FILL_AREA ( #3935 ) ;
#4636 = CARTESIAN_POINT ( 'NONE',  ( 0.08627576276095517971, 0.6972504213104342430, -0.3199999999999999512 ) ) ;
#4637 = SPHERICAL_SURFACE ( 'NONE', #3551, 0.1599999999999999756 ) ;
#4638 = ORIENTED_EDGE ( 'NONE', *, *, #2519, .T. ) ;
#4639 = PRESENTATION_LAYER_ASSIGNMENT (  '', '', ( #3155 ) ) ;
#4640 = CARTESIAN_POINT ( 'NONE',  ( -0.03905307359240421661, 0.6983555048805101251, -0.3189999999999999503 ) ) ;
#4641 = CARTESIAN_POINT ( 'NONE',  ( -0.1726744721044553843, 0.7795471712526503838, -0.3199999999999999512 ) ) ;
#4642 = VECTOR ( 'NONE', #479, 1000.000000000000000 ) ;
#4643 = ORIENTED_EDGE ( 'NONE', *, *, #3433, .F. ) ;
#4644 = CIRCLE ( 'NONE', #3007, 0.1385640646055101566 ) ;
#4645 = LINE ( 'NONE', #231, #2644 ) ;
#4646 = FACE_OUTER_BOUND ( 'NONE', #4797, .T. ) ;
#4647 = ADVANCED_FACE ( 'NONE', ( #1634 ), #1218, .F. ) ;
#4648 = CARTESIAN_POINT ( 'NONE',  ( -0.1046931279547829857, 0.7122888121920865068, -0.3199999999999997846 ) ) ;
#4649 = UNCERTAINTY_MEASURE_WITH_UNIT (LENGTH_MEASURE( 1.000000000000000082E-05 ), #591, 'distance_accuracy_value', 'NONE');
#4650 = EDGE_CURVE ( 'NONE', #4457, #2710, #587, .T. ) ;
#4651 = PRESENTATION_STYLE_ASSIGNMENT (( #3463 ) ) ;
#4652 = CARTESIAN_POINT ( 'NONE',  ( -0.09670572916994980839, 0.7061435745512354423, -0.3189999999999999503 ) ) ;
#4653 = CARTESIAN_POINT ( 'NONE',  ( -0.01954087847045300405, 0.6983555048805101251, -0.3199999999999999512 ) ) ;
#4654 = FACE_BOUND ( 'NONE', #514, .T. ) ;
#4655 = ORIENTED_EDGE ( 'NONE', *, *, #1167, .T. ) ;
#4656 = CARTESIAN_POINT ( 'NONE',  ( -0.1709318845680139753, 0.7861603829292906909, -0.3199999999999999512 ) ) ;
#4657 =( LENGTH_UNIT ( ) NAMED_UNIT ( * ) SI_UNIT ( .MILLI., .METRE. ) );
#4658 =( LENGTH_UNIT ( ) NAMED_UNIT ( * ) SI_UNIT ( .MILLI., .METRE. ) );
#4659 = FILL_AREA_STYLE ('',( #1422 ) ) ;
#4660 = CARTESIAN_POINT ( 'NONE',  ( -0.5000000000000000000, 2.168404344971008868E-16, -0.3999999999999999667 ) ) ;
#4661 = CARTESIAN_POINT ( 'NONE',  ( 0.06602900066029454562, 0.6986938002548741533, -0.3190000000000000613 ) ) ;
#4662 = CARTESIAN_POINT ( 'NONE',  ( 0.07716262762710800194, 0.7995750170756320552, -0.3200000000000000067 ) ) ;
#4663 =( NAMED_UNIT ( * ) PLANE_ANGLE_UNIT ( ) SI_UNIT ( $, .RADIAN. ) );
#4664 = PRESENTATION_STYLE_ASSIGNMENT (( #1698 ) ) ;
#4665 =( GEOMETRIC_REPRESENTATION_CONTEXT ( 3 ) GLOBAL_UNCERTAINTY_ASSIGNED_CONTEXT ( ( #3345 ) ) GLOBAL_UNIT_ASSIGNED_CONTEXT ( ( #708, #4806, #1138 ) ) REPRESENTATION_CONTEXT ( 'NONE', 'WORKASPACE' ) );
#4666 =( NAMED_UNIT ( * ) PLANE_ANGLE_UNIT ( ) SI_UNIT ( $, .RADIAN. ) );
#4667 = VECTOR ( 'NONE', #963, 1000.000000000000000 ) ;
#4668 = CLOSED_SHELL ( 'NONE', ( #1993, #826, #4520, #1078, #3550, #4411, #3401, #1825, #1844 ) ) ;
#4669 = CARTESIAN_POINT ( 'NONE',  ( 0.08058144146969307975, 0.7081447122498739644, -0.3199999999999998956 ) ) ;
#4670 = ORIENTED_EDGE ( 'NONE', *, *, #1653, .F. ) ;
#4671 = AXIS2_PLACEMENT_3D ( 'NONE', #4552, #137, #3135 ) ;
#4672 = EDGE_LOOP ( 'NONE', ( #2318, #791, #3514, #4491 ) ) ;
#4673 = SURFACE_SIDE_STYLE ('',( #613 ) ) ;
#4674 = LINE ( 'NONE', #3573, #4531 ) ;
#4675 =( NAMED_UNIT ( * ) SI_UNIT ( $, .STERADIAN. ) SOLID_ANGLE_UNIT ( ) );
#4676 = CARTESIAN_POINT ( 'NONE',  ( -0.1646628296899652066, 0.7983555048805102139, -0.3189999999999999503 ) ) ;
#4677 = FACE_BOUND ( 'NONE', #1173, .T. ) ;
#4678 = EDGE_LOOP ( 'NONE', ( #1654, #4575, #3066, #4737 ) ) ;
#4679 = UNCERTAINTY_MEASURE_WITH_UNIT (LENGTH_MEASURE( 1.000000000000000082E-05 ), #4616, 'distance_accuracy_value', 'NONE');
#4680 = EDGE_LOOP ( 'NONE', ( #1249, #4670, #3379, #2032, #2898, #745, #193, #1146 ) ) ;
#4681 = LINE ( 'NONE', #3221, #3229 ) ;
#4682 =( GEOMETRIC_REPRESENTATION_CONTEXT ( 3 ) GLOBAL_UNCERTAINTY_ASSIGNED_CONTEXT ( ( #4147 ) ) GLOBAL_UNIT_ASSIGNED_CONTEXT ( ( #1096, #1512, #1911 ) ) REPRESENTATION_CONTEXT ( 'NONE', 'WORKASPACE' ) );
#4683 = ORIENTED_EDGE ( 'NONE', *, *, #265, .F. ) ;
#4684 = CARTESIAN_POINT ( 'NONE',  ( -0.8249999999999999556, -0.9350000000000001643, -0.3199999999999999512 ) ) ;
#4685 =( NAMED_UNIT ( * ) PLANE_ANGLE_UNIT ( ) SI_UNIT ( $, .RADIAN. ) );
#4686 = DIRECTION ( 'NONE',  ( 0.0000000000000000000, -1.000000000000000000, 0.0000000000000000000 ) ) ;
#4687 = DIRECTION ( 'NONE',  ( 1.000000000000000000, 0.0000000000000000000, 0.0000000000000000000 ) ) ;
#4688 = UNCERTAINTY_MEASURE_WITH_UNIT (LENGTH_MEASURE( 1.000000000000000082E-05 ), #656, 'distance_accuracy_value', 'NONE');
#4689 = CARTESIAN_POINT ( 'NONE',  ( 0.08770582634900540853, 0.7987457640973194550, -0.3199999999999999512 ) ) ;
#4690 = PRESENTATION_STYLE_ASSIGNMENT (( #679 ) ) ;
#4691 = COLOUR_RGB ( '',1.000000000000000000, 1.000000000000000000, 1.000000000000000000 ) ;
#4692 = CARTESIAN_POINT ( 'NONE',  ( 0.05362985323686408207, 0.7821969682951442904, -0.3189999999999999503 ) ) ;
#4693 = SURFACE_SIDE_STYLE ('',( #634 ) ) ;
#4694 = VERTEX_POINT ( 'NONE', #4697 ) ;
#4695 = VERTEX_POINT ( 'NONE', #2523 ) ;
#4696 = PRESENTATION_LAYER_ASSIGNMENT (  '', '', ( #1379 ) ) ;
#4697 = CARTESIAN_POINT ( 'NONE',  ( -0.01954087847045300405, 0.6983555048805101251, -0.3189999999999999503 ) ) ;
#4698 = CARTESIAN_POINT ( 'NONE',  ( 0.03411765811491286604, 0.6983555048805101251, -0.3199999999999999512 ) ) ;
#4699 = STYLED_ITEM ( 'NONE', ( #4438 ), #3550 ) ;
#4700 = MECHANICAL_DESIGN_GEOMETRIC_PRESENTATION_REPRESENTATION (  '', ( #4383 ), #4776 ) ;
#4701 = CARTESIAN_POINT ( 'NONE',  ( -0.1195009616810756153, 0.7514258234888281374, -0.3189999999999999503 ) ) ;
#4702 = CARTESIAN_POINT ( 'NONE',  ( -0.08262680944035902253, 0.7002173479173865456, -0.3189999999999998948 ) ) ;
#4704 = AXIS2_PLACEMENT_3D ( 'NONE', #649, #3960, #2509 ) ;
#4703 =( LENGTH_UNIT ( ) NAMED_UNIT ( * ) SI_UNIT ( .MILLI., .METRE. ) );
#4705 = FACE_OUTER_BOUND ( 'NONE', #1588, .T. ) ;
#4706 = LINE ( 'NONE', #3531, #878 ) ;
#4707 = VERTEX_POINT ( 'NONE', #3210 ) ;
#4708 = FACE_OUTER_BOUND ( 'NONE', #557, .T. ) ;
#4709 = VERTEX_POINT ( 'NONE', #3993 ) ;
#4710 = CARTESIAN_POINT ( 'NONE',  ( -0.01466282968996519831, 0.7544530658561199310, -0.3189999999999999503 ) ) ;
#4711 = SURFACE_STYLE_USAGE ( .BOTH. , #3224 ) ;
#4712 = SURFACE_STYLE_FILL_AREA ( #4659 ) ;
#4713 = CARTESIAN_POINT ( 'NONE',  ( -0.4999999999999997780, -0.4999999999999996669, -0.3999999999999999667 ) ) ;
#4714 = CARTESIAN_POINT ( 'NONE',  ( 0.03411765811491286604, 0.7983555048805102139, -0.3189999999999999503 ) ) ;
#4715 = EDGE_CURVE ( 'NONE', #3147, #1237, #1387, .T. ) ;
#4716 =( NAMED_UNIT ( * ) SI_UNIT ( $, .STERADIAN. ) SOLID_ANGLE_UNIT ( ) );
#4717 = CARTESIAN_POINT ( 'NONE',  ( -0.06721618334850178178, 0.7873798951244125321, -0.3199999999999999512 ) ) ;
#4718 = EDGE_CURVE ( 'NONE', #1692, #332, #4278, .T. ) ;
#4719 =( GEOMETRIC_REPRESENTATION_CONTEXT ( 3 ) GLOBAL_UNCERTAINTY_ASSIGNED_CONTEXT ( ( #2830 ) ) GLOBAL_UNIT_ASSIGNED_CONTEXT ( ( #624, #1669, #3143 ) ) REPRESENTATION_CONTEXT ( 'NONE', 'WORKASPACE' ) );
#4720 = ORIENTED_EDGE ( 'NONE', *, *, #3494, .F. ) ;
#4721 = ORIENTED_EDGE ( 'NONE', *, *, #1673, .F. ) ;
#4722 = CARTESIAN_POINT ( 'NONE',  ( 0.07979789777594391287, 0.6971517930664273832, -0.3200000000000000067 ) ) ;
#4723 = COLOUR_RGB ( '',1.000000000000000000, 1.000000000000000000, 1.000000000000000000 ) ;
#4724 = FILL_AREA_STYLE_COLOUR ( '', #4558 ) ;
#4725 = SURFACE_STYLE_FILL_AREA ( #3905 ) ;
#4726 = CARTESIAN_POINT ( 'NONE',  ( 0.05362985323686408207, 0.7035384317097784779, -0.3199999999999999512 ) ) ;
#4727 = CARTESIAN_POINT ( 'NONE',  ( 0.06420129793619805403, 0.7986083386536153572, -0.3200000000000000067 ) ) ;
#4728 = PRESENTATION_STYLE_ASSIGNMENT (( #3285 ) ) ;
#4729 = ORIENTED_EDGE ( 'NONE', *, *, #852, .F. ) ;
#4730 = CARTESIAN_POINT ( 'NONE',  ( 0.06551998791494194341, 0.7096730074539351341, -0.3189999999999997837 ) ) ;
#4731 = CARTESIAN_POINT ( 'NONE',  ( -0.1060297690875733889, 0.7538366800454856520, -0.3200000000000000622 ) ) ;
#4732 = ORIENTED_EDGE ( 'NONE', *, *, #375, .T. ) ;
#4733 = LINE ( 'NONE', #1783, #1764 ) ;
#4734 = SURFACE_STYLE_FILL_AREA ( #2921 ) ;
#4735 = EDGE_CURVE ( 'NONE', #3193, #2265, #4645, .T. ) ;
#4736 = SURFACE_STYLE_FILL_AREA ( #275 ) ;
#4737 = ORIENTED_EDGE ( 'NONE', *, *, #2930, .T. ) ;
#4738 =( GEOMETRIC_REPRESENTATION_CONTEXT ( 3 ) GLOBAL_UNCERTAINTY_ASSIGNED_CONTEXT ( ( #370 ) ) GLOBAL_UNIT_ASSIGNED_CONTEXT ( ( #4258, #4629, #189 ) ) REPRESENTATION_CONTEXT ( 'NONE', 'WORKASPACE' ) );
#4739 = B_SPLINE_CURVE_WITH_KNOTS ( 'NONE', 3,
 ( #4253, #3159, #1637, #2721, #4307, #642, #4204, #942, #2095, #4648, #904, #135, #2372, #3837, #3504, #3185, #1366, #3880, #2007 ),
 .UNSPECIFIED., .F., .F.,
 ( 4, 1, 1, 1, 1, 1, 1, 1, 1, 1, 1, 1, 1, 1, 1, 1, 4 ),
 ( 0.0000000000000000000, 0.06806869584499457282, 0.1334274328189550829, 0.1961460338131570114, 0.2570485924493124963, 0.3168826631591622478, 0.3761872086663219372, 0.4359603353635462253, 0.4965352368627262147, 0.5574653434807335106, 0.6176868634101474465, 0.6779436406969060469, 0.7388052848060403521, 0.8009493367665840857, 0.8648146674702263947, 0.9310247810786568268, 1.000000000000000000 ),
 .UNSPECIFIED. ) ;
#4740 = EDGE_LOOP ( 'NONE', ( #1485, #4729, #2993, #1938 ) ) ;
#4741 = CARTESIAN_POINT ( 'NONE',  ( -0.5000000000000000000, 0.5000000000000002220, -0.5599999999999999423 ) ) ;
#4742 = DIRECTION ( 'NONE',  ( 0.0000000000000000000, -0.0000000000000000000, -1.000000000000000000 ) ) ;
#4743 = UNCERTAINTY_MEASURE_WITH_UNIT (LENGTH_MEASURE( 1.000000000000000082E-05 ), #1592, 'distance_accuracy_value', 'NONE');
#4744 = APPLICATION_CONTEXT ( 'automotive_design' ) ;
#4745 = CARTESIAN_POINT ( 'NONE',  ( -0.1035991890094975082, 0.7325103099770627901, -0.3200000000000000622 ) ) ;
#4746 = CARTESIAN_POINT ( 'NONE',  ( -0.1112154058583997435, 0.7779929333055577434, -0.3189999999999998948 ) ) ;
#4747 =( LENGTH_UNIT ( ) NAMED_UNIT ( * ) SI_UNIT ( .MILLI., .METRE. ) );
#4748 = CARTESIAN_POINT ( 'NONE',  ( 0.1132084277937409345, 0.7603844201663988445, -0.3199999999999999512 ) ) ;
#4749 = VECTOR ( 'NONE', #3572, 1000.000000000000227 ) ;
#4750 = ORIENTED_EDGE ( 'NONE', *, *, #663, .T. ) ;
#4751 = CARTESIAN_POINT ( 'NONE',  ( -0.09264834787720549469, 0.7801085454596624613, -0.3200000000000000067 ) ) ;
#4752 = VERTEX_POINT ( 'NONE', #2165 ) ;
#4753 = LINE ( 'NONE', #1056, #1612 ) ;
#4754 = CARTESIAN_POINT ( 'NONE',  ( 0.1877761947002787590, 0.7983555048805102139, -0.3189999999999999503 ) ) ;
#4755 = ADVANCED_FACE ( 'NONE', ( #1014 ), #3597, .T. ) ;
#4756 = STYLED_ITEM ( 'NONE', ( #1856 ), #2687 ) ;
#4757 = VERTEX_POINT ( 'NONE', #303 ) ;
#4758 =( GEOMETRIC_REPRESENTATION_CONTEXT ( 3 ) GLOBAL_UNCERTAINTY_ASSIGNED_CONTEXT ( ( #3039 ) ) GLOBAL_UNIT_ASSIGNED_CONTEXT ( ( #4804, #2998, #2974 ) ) REPRESENTATION_CONTEXT ( 'NONE', 'WORKASPACE' ) );
#4759 = PRESENTATION_STYLE_ASSIGNMENT (( #299 ) ) ;
#4760 = SURFACE_SIDE_STYLE ('',( #2542 ) ) ;
#4761 = STYLED_ITEM ( 'NONE', ( #944 ), #2596 ) ;
#4762 = CARTESIAN_POINT ( 'NONE',  ( -0.09264834787720549469, 0.7801085454596624613, -0.3190000000000000058 ) ) ;
#4763 = UNCERTAINTY_MEASURE_WITH_UNIT (LENGTH_MEASURE( 1.000000000000000082E-05 ), #4349, 'distance_accuracy_value', 'NONE');
#4764 = EDGE_LOOP ( 'NONE', ( #2920, #3458, #3753, #3041 ) ) ;
#4765 =( LENGTH_UNIT ( ) NAMED_UNIT ( * ) SI_UNIT ( .MILLI., .METRE. ) );
#4766 = DIRECTION ( 'NONE',  ( -0.0000000000000000000, -0.0000000000000000000, -1.000000000000000000 ) ) ;
#4767 = COLOUR_RGB ( '',1.000000000000000000, 1.000000000000000000, 1.000000000000000000 ) ;
#4768 = EDGE_CURVE ( 'NONE', #3776, #491, #2142, .T. ) ;
#4769 = FILL_AREA_STYLE ('',( #760 ) ) ;
#4770 = SURFACE_STYLE_FILL_AREA ( #4042 ) ;
#4771 = CARTESIAN_POINT ( 'NONE',  ( -0.07739567366707993112, 0.6991558500717792723, -0.3190000000000000613 ) ) ;
#4772 = LINE ( 'NONE', #2986, #250 ) ;
#4773 = EDGE_CURVE ( 'NONE', #1423, #2132, #2457, .T. ) ;
#4774 = CARTESIAN_POINT ( 'NONE',  ( 0.1042008680436915941, 0.7774620150300933785, -0.3199999999999999512 ) ) ;
#4775 = VERTEX_POINT ( 'NONE', #4741 ) ;
#4776 =( GEOMETRIC_REPRESENTATION_CONTEXT ( 3 ) GLOBAL_UNCERTAINTY_ASSIGNED_CONTEXT ( ( #458 ) ) GLOBAL_UNIT_ASSIGNED_CONTEXT ( ( #4260, #3287, #4 ) ) REPRESENTATION_CONTEXT ( 'NONE', 'WORKASPACE' ) );
#4777 = AXIS2_PLACEMENT_3D ( 'NONE', #4560, #3144, #218 ) ;
#4778 = CARTESIAN_POINT ( 'NONE',  ( -0.07933790001302730432, 0.7861162344701115856, -0.3199999999999998401 ) ) ;
#4779 = SURFACE_SIDE_STYLE ('',( #1447 ) ) ;
#4780 = DIRECTION ( 'NONE',  ( 0.0000000000000000000, -1.000000000000000000, 0.0000000000000000000 ) ) ;
#4781 = CARTESIAN_POINT ( 'NONE',  ( 0.05604871665855791496, 0.7965934724333542105, -0.3189999999999998948 ) ) ;
#4782 = ORIENTED_EDGE ( 'NONE', *, *, #1995, .T. ) ;
#4783 = FILL_AREA_STYLE ('',( #3367 ) ) ;
#4784 = CARTESIAN_POINT ( 'NONE',  ( -0.1716503562225153157, 0.7839731935666472973, -0.3189999999999999503 ) ) ;
#4785 =( NAMED_UNIT ( * ) PLANE_ANGLE_UNIT ( ) SI_UNIT ( $, .RADIAN. ) );
#4786 = UNCERTAINTY_MEASURE_WITH_UNIT (LENGTH_MEASURE( 1.000000000000000082E-05 ), #3670, 'distance_accuracy_value', 'NONE');
#4787 = LINE ( 'NONE', #3719, #2640 ) ;
#4788 = STYLED_ITEM ( 'NONE', ( #2422 ), #4323 ) ;
#4789 = DIRECTION ( 'NONE',  ( 1.159574516027277698E-16, -1.000000000000000000, 0.0000000000000000000 ) ) ;
#4790 = EDGE_LOOP ( 'NONE', ( #2406, #4112, #3596, #887 ) ) ;
#4791 = COLOUR_RGB ( '',1.000000000000000000, 1.000000000000000000, 1.000000000000000000 ) ;
#4792 = FACE_BOUND ( 'NONE', #3286, .T. ) ;
#4793 = CARTESIAN_POINT ( 'NONE',  ( -0.05246770773874569888, 0.7093311146366076958, -0.3199999999999999512 ) ) ;
#4794 = CARTESIAN_POINT ( 'NONE',  ( 0.09028728669164641507, 0.7095294087511759829, -0.3190000000000000058 ) ) ;
#4795 = ADVANCED_FACE ( 'NONE', ( #1341 ), #4374, .F. ) ;
#4796 = STYLED_ITEM ( 'NONE', ( #4300 ), #1008 ) ;
#4797 = EDGE_LOOP ( 'NONE', ( #4149, #2421, #2486, #4460 ) ) ;
#4798 = CARTESIAN_POINT ( 'NONE',  ( -0.01466282968996519831, 0.7434774561000223603, -0.3199999999999999512 ) ) ;
#4799 = CARTESIAN_POINT ( 'NONE',  ( -0.01954087847045300405, 0.7093311146366076958, -0.3189999999999999503 ) ) ;
#4800 = CARTESIAN_POINT ( 'NONE',  ( -0.06721618334850178178, 0.7873798951244125321, -0.3189999999999999503 ) ) ;
#4801 = DIRECTION ( 'NONE',  ( 0.0000000000000000000, -0.0000000000000000000, -1.000000000000000000 ) ) ;
#4802 = SURFACE_STYLE_FILL_AREA ( #4783 ) ;
#4803 = DIRECTION ( 'NONE',  ( 0.0000000000000000000, -1.000000000000000000, 0.0000000000000000000 ) ) ;
#4804 =( LENGTH_UNIT ( ) NAMED_UNIT ( * ) SI_UNIT ( .MILLI., .METRE. ) );
#4805 = CARTESIAN_POINT ( 'NONE',  ( 0.05362985323686408207, 0.7956116024414856547, -0.3189999999999999503 ) ) ;
#4806 =( NAMED_UNIT ( * ) PLANE_ANGLE_UNIT ( ) SI_UNIT ( $, .RADIAN. ) );
#4807 = CARTESIAN_POINT ( 'NONE',  ( -0.5000000000000000000, 0.5000000000000002220, -0.3999999999999999667 ) ) ;
#4808 = CARTESIAN_POINT ( 'NONE',  ( 0.07716262762710800194, 0.7995750170756320552, -0.3199999999999999512 ) ) ;
#4809 = LINE ( 'NONE', #2889, #867 ) ;
#4810 = EDGE_CURVE ( 'NONE', #3294, #4752, #2954, .T. ) ;
#4811 = VECTOR ( 'NONE', #4817, 1000.000000000000000 ) ;
#4812 = CARTESIAN_POINT ( 'NONE',  ( -0.1081731937674847849, 0.7817484006718592449, -0.3190000000000001168 ) ) ;
#4813 = DIRECTION ( 'NONE',  ( 1.000000000000000000, 0.0000000000000000000, 0.0000000000000000000 ) ) ;
#4814 =( LENGTH_UNIT ( ) NAMED_UNIT ( * ) SI_UNIT ( .MILLI., .METRE. ) );
#4815 = VECTOR ( 'NONE', #777, 1000.000000000000000 ) ;
#4816 = CARTESIAN_POINT ( 'NONE',  ( 0.1743615605539372837, 0.7983555048805102139, -0.3189999999999999503 ) ) ;
#4817 = DIRECTION ( 'NONE',  ( 1.000000000000000000, 0.0000000000000000000, 0.0000000000000000000 ) ) ;
ENDSEC;
END-ISO-10303-21;
